   kprobe   npf
 60 19
  1.150799E-04  2.426279E-04  8.004459E-04  2.103779E-03
  3.639730E-03 -3.653463E-03  1.151923E-04  2.431618E-04
  8.045385E-04  2.117752E-03  3.665653E-03  1.859158E-02
  1.869082E-02  1.939926E-04  4.040591E-04  1.307980E-03
  1.944726E-04  4.053404E-04  1.314386E-03
  1.321927E-04  2.849765E-04  9.770736E-04  2.579774E-03
  4.334651E-03 -3.687343E-03  9.857797E-05  2.056133E-04
  6.673519E-04  1.742330E-03  2.999749E-03  2.382028E-02
  1.498652E-02  2.275201E-04  4.792151E-04  1.578347E-03
  1.648962E-04  3.416993E-04  1.100483E-03
  1.477146E-04  3.526091E-04  1.438572E-03  3.687429E-03
  4.989191E-03 -3.855970E-03  7.359113E-05  1.521594E-04
  4.894969E-04  1.260747E-03  2.092179E-03  4.208121E-02
  1.049216E-02  2.839415E-04  6.282962E-04  2.255565E-03
  1.228382E-04  2.536417E-04  8.184175E-04
  5.268128E-05  2.754341E-04  2.439597E-03  4.865985E-03
  4.147797E-03 -3.854170E-03  5.330758E-05  1.100595E-04
  3.566386E-04  9.083381E-04  1.443924E-03  1.719920E-01
  7.319510E-03  2.597009E-04  7.113256E-04  3.565008E-03
  8.960517E-05  1.851238E-04  6.040678E-04
 -2.460350E-04 -2.882441E-04  4.338442E-03  4.836577E-03
  3.124822E-03 -3.186340E-03  4.191891E-05  8.664602E-05
  2.836494E-04  7.176245E-04  1.109137E-03  1.583487E-01
  5.643045E-03  6.849179E-06  4.154468E-04  5.612473E-03
  7.102455E-05  1.469776E-04  4.848067E-04
 -6.312440E-04 -1.701855E-03  1.080542E-03  4.040876E-03
  2.661554E-03  2.916192E-03  3.810512E-05  7.830247E-05
  2.500107E-04  6.276346E-04  9.792775E-04  9.127070E-02
  5.178872E-03 -1.055843E-03 -2.377471E-03 -2.229779E-04
  6.360907E-05  1.310185E-04  4.234284E-04
 -1.297406E-04 -3.706231E-04 -1.205280E-02  2.331870E-03
  1.517301E-03  4.143448E-03  1.930197E-05  3.932273E-05
  1.200509E-04  3.038844E-04  5.021982E-04  5.250049E-02
  2.723158E-03 -5.057676E-04 -1.331212E-03 -1.041367E-02
  3.126314E-05  6.386634E-05  1.978252E-04
 -5.542728E-05 -1.418945E-04 -2.247657E-03  4.111618E-03
  1.771445E-03  2.676570E-03  1.981324E-05  4.066060E-05
  1.283695E-04  3.309348E-04  5.416187E-04  2.475451E-02
  2.767200E-03 -2.326841E-04 -5.774931E-04 -5.372700E-03
  3.265984E-05  6.712764E-05  2.138497E-04
  3.354430E-05  7.145894E-05  1.499496E-04  4.131625E-03
  1.033434E-03  1.892631E-03  4.347146E-06  8.341590E-06
  1.640645E-05  5.259954E-05  1.535006E-04  1.570590E-02
  8.226389E-04 -4.393337E-06 -2.822000E-05 -9.122994E-04
  5.356254E-06  1.005558E-05  1.577413E-05
  3.323235E-06  3.437342E-06 -1.216033E-04  3.204034E-03
  1.695368E-03  1.427780E-03  8.732954E-06  1.753969E-05
  4.796474E-05  1.432856E-04  3.125683E-04  7.474135E-03
  1.446638E-03 -2.909764E-05 -7.394422E-05 -6.311133E-04
  1.282774E-05  2.564714E-05  6.834031E-05
  2.010410E-05  4.139612E-05  1.022617E-04  1.806173E-03
  1.550976E-03  1.092461E-03 -1.349259E-06 -3.762231E-06
 -2.991661E-05 -4.927409E-05  7.684598E-05  6.252600E-03
  2.609435E-04  1.637506E-05  2.921439E-05 -5.030078E-05
 -5.620545E-06 -1.327535E-05 -7.290902E-05
  8.622687E-06  1.612686E-05 -2.352691E-06  8.239784E-04
  1.752182E-03  1.049441E-03  1.859226E-06  2.877349E-06
 -8.929525E-06  1.714978E-05  2.208510E-04  4.182859E-03
  7.725675E-04 -8.463852E-07 -7.339195E-06 -1.640817E-04
 -5.093090E-07 -2.771045E-06 -4.066857E-05
  9.680476E-07 -1.978205E-07 -5.664272E-05  2.894847E-04
  1.418177E-03  9.766551E-04  5.470201E-06  1.045798E-05
  1.677158E-05  1.030767E-04  3.973451E-04  2.482675E-03
  1.333643E-03 -1.117062E-05 -2.842356E-05 -2.119309E-04
  5.431343E-06  9.588201E-06 -4.063011E-07
  8.874935E-06  1.726802E-05  2.722168E-05  3.273154E-04
  1.143771E-03  8.976901E-04 -1.966724E-06 -5.564902E-06
 -4.833867E-05 -4.287918E-05  3.343835E-04  2.649782E-03
  6.506497E-04  7.146744E-06  1.190677E-05 -2.634396E-05
 -9.307688E-06 -2.205241E-05 -1.259429E-04
  2.643552E-06  4.007818E-06 -1.923059E-05  9.252002E-05
  7.051702E-04  9.127709E-04  2.587187E-06  3.888350E-06
 -1.964967E-05  9.086246E-05  7.018578E-04  1.538118E-03
  1.529114E-03 -2.565721E-06 -8.339463E-06 -8.923471E-05
 -2.658164E-06 -8.533060E-06 -8.986975E-05
  9.810510E-05  2.045548E-04  6.635016E-04  1.731555E-03
  2.979484E-03 -3.688528E-03  1.325388E-04  2.860736E-04
  9.832050E-04  2.597119E-03  4.356620E-03  1.488736E-02
  2.400821E-02  1.640584E-04  3.399030E-04  1.094425E-03
  2.284217E-04  4.814235E-04  1.587645E-03
  7.284321E-05  1.505822E-04  4.843400E-04  1.246734E-03
  2.065592E-03 -3.860650E-03  1.469522E-04  3.534903E-04
  1.460498E-03  3.733420E-03  4.985977E-03  1.036803E-02
  4.324204E-02  1.215915E-04  2.510484E-04  8.101410E-04
  2.850016E-04  6.328622E-04  2.286508E-03
  5.374026E-05  1.109543E-04  3.594636E-04  9.158255E-04
  1.457422E-03 -3.876729E-03  6.064880E-05  2.874944E-04
  2.403089E-03  4.845326E-03  4.182953E-03  7.384853E-03
  1.621810E-01  9.031485E-05  1.865853E-04  6.086653E-04
  2.661406E-04  7.182067E-04  3.522268E-03
  4.158211E-05  8.595479E-05  2.814930E-04  7.120217E-04
  1.099522E-03 -3.162357E-03 -2.591731E-04 -3.189360E-04
  4.444055E-03  4.815101E-03  3.092570E-03  5.594410E-03
  1.503675E-01  7.047418E-05  1.458483E-04  4.812625E-04
 -5.092697E-06  3.998065E-04  5.721203E-03
  3.761796E-05  7.728055E-05  2.464453E-04  6.185466E-04
  9.659007E-04  3.102346E-03 -6.286072E-04 -1.708237E-03
  8.780553E-04  3.968487E-03  2.623420E-03  5.116077E-03
  9.049388E-02  6.274853E-05  1.292167E-04  4.171658E-04
 -1.074532E-03 -2.442906E-03 -5.322316E-04
  1.908759E-05  3.887099E-05  1.184569E-04  2.996667E-04
  4.956798E-04  4.213859E-03 -1.307650E-04 -3.764115E-04
 -1.230157E-02  2.264155E-03  1.493045E-03  2.694850E-03
  5.319043E-02  3.088438E-05  6.307146E-05  1.950514E-04
 -5.163103E-04 -1.364228E-03 -1.053458E-02
  1.969956E-05  4.034891E-05  1.262349E-04  3.241445E-04
  5.328757E-04  2.971276E-03 -6.672581E-05 -1.746843E-04
 -3.509057E-03  3.661878E-03  1.726934E-03  2.761671E-03
  3.046349E-02  3.231166E-05  6.630260E-05  2.095975E-04
 -2.779164E-04 -6.991837E-04 -6.689614E-03
  1.942698E-05  4.002580E-05  1.287209E-04  3.346835E-04
  5.422888E-04  2.120182E-03 -3.515463E-05 -8.672315E-05
 -9.346764E-04  4.543741E-03  1.769669E-03  2.691324E-03
  1.529793E-02  3.234608E-05  6.670415E-05  2.158264E-04
 -1.533948E-04 -3.709346E-04 -3.064444E-03
  3.398856E-07  1.787119E-08 -1.164906E-05 -1.669515E-05
  5.442426E-05  1.535439E-03  4.708657E-05  1.037126E-04
  4.438586E-04  3.398006E-03  8.099312E-04  3.073497E-04
  1.249519E-02 -1.595489E-06 -4.405031E-06 -3.331618E-05
  4.084010E-05  8.002015E-05 -5.340474E-05
  3.721697E-06  7.008043E-06  1.061847E-05  4.831076E-05
  1.805053E-04  1.319897E-03  1.717688E-05  3.479765E-05
  5.206200E-05  3.006524E-03  1.450203E-03  8.206645E-04
  7.873258E-03  3.885036E-06  6.877828E-06  2.115375E-06
  7.732467E-07 -6.981415E-06 -2.939105E-04
 -1.234295E-06 -3.527040E-06 -2.920843E-05 -4.722577E-05
  8.122995E-05  1.094957E-03  1.959187E-05  4.023666E-05
  9.635711E-05  1.775939E-03  1.572268E-03  2.789752E-04
  6.200720E-03 -5.439518E-06 -1.290630E-05 -7.181224E-05
  1.544365E-05  2.715828E-05 -5.905632E-05
  2.334360E-06  3.873131E-06 -5.527753E-06  2.730803E-05
  2.395734E-04  1.046831E-03  7.519352E-06  1.372533E-05
 -1.184056E-05  7.555343E-04  1.746594E-03  8.411718E-04
  3.998097E-03  2.938901E-07 -1.096746E-06 -3.507144E-05
 -2.608727E-06 -1.107455E-05 -1.764128E-04
  5.733616E-06  1.101392E-05  1.874180E-05  1.090377E-04
  4.077395E-04  9.755412E-04  5.139711E-07 -1.176554E-06
 -6.037910E-05  2.697453E-04  1.403112E-03  1.370436E-03
  2.410860E-03  5.886358E-06  1.054280E-05  2.886655E-06
 -1.192068E-05 -3.000978E-05 -2.173348E-04
 -1.969911E-06 -5.581005E-06 -4.862708E-05 -4.239451E-05
  3.406558E-04  8.973416E-04  8.803406E-06  1.711868E-05
  2.685107E-05  3.215213E-04  1.131676E-03  6.595737E-04
  2.625544E-03 -9.362954E-06 -2.218868E-05 -1.268614E-04
  7.091077E-06  1.180698E-05 -2.615080E-05
 -1.524207E-04 -4.466422E-04 -1.232255E-02  2.106724E-03
  1.462166E-03  4.462979E-03  1.913231E-05  3.893166E-05
  1.182352E-04  2.983187E-04  4.932844E-04  5.709956E-02
  2.701939E-03 -5.798778E-04 -1.541043E-03 -1.055904E-02
  3.090622E-05  6.307656E-05  1.945276E-04
 -8.294659E-05 -2.214868E-04 -5.475548E-03  3.242125E-03
  1.688062E-03  3.275189E-03  1.982114E-05  4.053635E-05
  1.259517E-04  3.220294E-04  5.301721E-04  3.668074E-02
  2.783726E-03 -3.343723E-04 -8.510420E-04 -8.051527E-03
  3.239756E-05  6.639617E-05  2.087075E-04
 -4.881443E-05 -1.233576E-04 -1.699070E-03  4.376404E-03
  1.789340E-03  2.487326E-03  1.978485E-05  4.065260E-05
  1.290849E-04  3.337183E-04  5.447355E-04  2.133139E-02
  2.756906E-03 -2.053795E-04 -5.052070E-04 -4.535028E-03
  3.271407E-05  6.730886E-05  2.154645E-04
  3.358081E-05  7.153441E-05  1.476897E-04  4.122172E-03
  1.033969E-03  1.902528E-03  4.374308E-06  8.396777E-06
  1.657592E-05  5.297006E-05  1.539985E-04  1.582798E-02
  8.261398E-04 -5.047213E-06 -2.993906E-05 -9.366609E-04
  5.401569E-06  1.014833E-05  1.606953E-05
  1.311535E-05  2.471287E-05 -6.686433E-05  4.944723E-03
  1.451781E-03  1.639821E-03  6.789365E-06  1.343490E-05
  3.345146E-05  1.007771E-04  2.389732E-04  1.097216E-02
  1.173608E-03 -2.326181E-05 -6.507867E-05 -7.652426E-04
  9.463986E-06  1.858983E-05  4.398242E-05
  2.362840E-06  1.379829E-06 -1.263603E-04  2.963529E-03
  1.716829E-03  1.402875E-03  8.929033E-06  1.795424E-05
  4.942306E-05  1.478769E-04  3.211815E-04  7.100211E-03
  1.475782E-03 -2.956801E-05 -7.456887E-05 -6.177276E-04
  1.316028E-05  2.634415E-05  7.070848E-05
  1.973597E-05  4.058427E-05  9.870441E-05  1.787033E-03
  1.557542E-03  1.093775E-03 -1.187945E-06 -3.424204E-06
 -2.874861E-05 -4.603394E-05  8.219948E-05  6.207898E-03
  2.829322E-04  1.570737E-05  2.776900E-05 -5.597313E-05
 -5.342246E-06 -1.269388E-05 -7.092425E-05
  8.632977E-06  1.616199E-05 -1.771644E-06  8.195282E-04
  1.742922E-03  1.047101E-03  1.848604E-06  2.854315E-06
 -9.041762E-06  1.717318E-05  2.219039E-04  4.164210E-03
  7.731604E-04 -7.378979E-07 -7.073389E-06 -1.621570E-04
 -5.375149E-07 -2.832944E-06 -4.095653E-05
  8.842554E-07 -3.792908E-07 -5.736034E-05  2.860947E-04
  1.414504E-03  9.767703E-04  5.514178E-06  1.054931E-05
  1.706096E-05  1.041773E-04  3.999798E-04  2.469583E-03
  1.341233E-03 -1.130860E-05 -2.871670E-05 -2.129685E-04
  5.499178E-06  9.727431E-06  6.212022E-09
  8.597551E-06  1.666928E-05  2.485182E-05  3.191529E-04
  1.134990E-03  8.988566E-04 -1.745919E-06 -5.097766E-06
 -4.666318E-05 -3.767415E-05  3.432362E-04  2.614647E-03
  6.812980E-04  6.643618E-06  1.083234E-05 -3.036846E-05
 -8.924907E-06 -2.124815E-05 -1.231452E-04
  2.553159E-06  3.819807E-06 -1.983044E-05  9.045602E-05
  6.998095E-04  9.115580E-04  2.716843E-06  4.169453E-06
 -1.851765E-05  9.472545E-05  7.061351E-04  1.523323E-03
  1.545209E-03 -2.710492E-06 -8.637661E-06 -9.014509E-05
 -2.420364E-06 -8.023446E-06 -8.793302E-05
 -1.608900E-06 -4.811878E-06 -4.573681E-05 -3.425924E-05
  3.512814E-04  8.995665E-04  8.387496E-06  1.621719E-05
  2.313514E-05  3.113131E-04  1.124835E-03  7.041765E-04
  2.582132E-03 -8.708095E-06 -2.080086E-05 -1.217765E-04
  6.291375E-06  1.008694E-05 -3.294877E-05
  6.188293E-06  1.198329E-05  2.240751E-05  1.188435E-04
  4.200452E-04  9.762420E-04 -1.370824E-07 -2.591160E-06
 -6.630929E-05  2.532340E-04  1.394071E-03  1.424434E-03
  2.342383E-03  6.724446E-06  1.232071E-05  9.464313E-06
 -1.315869E-05 -3.267782E-05 -2.279991E-04
  2.294162E-06  3.786115E-06 -5.877698E-06  2.639728E-05
  2.386707E-04  1.048077E-03  7.577003E-06  1.384563E-05
 -1.152913E-05  7.614393E-04  1.747928E-03  8.368749E-04
  4.013281E-03  2.163195E-07 -1.263322E-06 -3.571881E-05
 -2.540673E-06 -1.094287E-05 -1.763381E-04
 -1.039284E-06 -3.118361E-06 -2.778155E-05 -4.352230E-05
  8.666662E-05  1.101409E-03  1.922388E-05  3.940703E-05
  9.192261E-05  1.780472E-03  1.582365E-03  3.040961E-04
  6.199093E-03 -5.096591E-06 -1.218857E-05 -6.931800E-05
  1.457540E-05  2.521528E-05 -6.881116E-05
  3.730825E-06  7.029535E-06  1.074844E-05  4.846197E-05
  1.799265E-04  1.325581E-03  1.749019E-05  3.551041E-05
  5.533613E-05  3.047400E-03  1.439750E-03  8.198440E-04
  7.960318E-03  3.913034E-06  6.941176E-06  2.432189E-06
  1.016348E-06 -6.507687E-06 -2.952620E-04
  1.678561E-07 -3.409314E-07 -1.287127E-05 -1.990454E-05
  4.944616E-05  1.536393E-03  4.815155E-05  1.062147E-04
  4.615150E-04  3.355196E-03  7.944076E-04  2.844128E-04
  1.256759E-02 -1.892479E-06 -5.023850E-06 -3.541805E-05
  4.260742E-05  8.400607E-05 -3.617022E-05
  1.945186E-05  4.007452E-05  1.288340E-04  3.350380E-04
  5.432279E-04  2.119500E-03 -3.573359E-05 -8.817667E-05
 -9.501413E-04  4.580828E-03  1.776759E-03  2.695845E-03
  1.528455E-02  3.237911E-05  6.676851E-05  2.159619E-04
 -1.541666E-04 -3.727076E-04 -3.066527E-03
  1.960251E-05  4.015235E-05  1.256339E-04  3.228772E-04
  5.313571E-04  2.925795E-03 -6.454445E-05 -1.686446E-04
 -3.265173E-03  3.729998E-03  1.731185E-03  2.749548E-03
  2.962206E-02  3.214908E-05  6.597077E-05  2.085399E-04
 -2.693440E-04 -6.762600E-04 -6.427965E-03
  1.913591E-05  3.896613E-05  1.186941E-04  3.002672E-04
  4.969466E-04  4.203315E-03 -1.332556E-04 -3.831087E-04
 -1.196327E-02  2.265163E-03  1.498398E-03  2.702577E-03
  5.355522E-02  3.095405E-05  6.320865E-05  1.953917E-04
 -5.173520E-04 -1.364234E-03 -1.039078E-02
  3.779446E-05  7.763467E-05  2.474502E-04  6.209644E-04
  9.699313E-04  3.076524E-03 -6.321418E-04 -1.706364E-03
  8.319947E-04  3.965741E-03  2.631687E-03  5.141344E-03
  9.211116E-02  6.302441E-05  1.297731E-04  4.187851E-04
 -1.069011E-03 -2.415682E-03 -5.343485E-04
  4.128361E-05  8.534690E-05  2.796563E-04  7.073500E-04
  1.091526E-03 -3.126842E-03 -2.695786E-04 -3.483330E-04
  4.516609E-03  4.804770E-03  3.068693E-03  5.551256E-03
  1.449207E-01  6.999428E-05  1.448692E-04  4.782685E-04
 -1.796824E-05  3.759777E-04  5.787131E-03
  5.370200E-05  1.109033E-04  3.596281E-04  9.168922E-04
  1.459906E-03 -3.884005E-03  6.481748E-05  2.922105E-04
  2.380869E-03  4.845291E-03  4.203337E-03  7.380927E-03
  1.575183E-01  9.029236E-05  1.865722E-04  6.090251E-04
  2.687635E-04  7.192960E-04  3.496063E-03
  7.336534E-05  1.517016E-04  4.882368E-04  1.257830E-03
  2.087166E-03 -3.831470E-03  1.442131E-04  3.461521E-04
  1.431809E-03  3.695630E-03  5.002347E-03  1.045507E-02
  4.169868E-02  1.224904E-04  2.529406E-04  8.164747E-04
  2.795318E-04  6.203263E-04  2.245736E-03
  9.820452E-05  2.047771E-04  6.643945E-04  1.734395E-03
  2.985578E-03 -3.679625E-03  1.313348E-04  2.836968E-04
  9.779200E-04  2.589770E-03  4.354249E-03  1.490504E-02
  2.380272E-02  1.642422E-04  3.403007E-04  1.095885E-03
  2.266852E-04  4.780231E-04  1.579811E-03
  1.145332E-04  2.416654E-04  7.991859E-04  2.103854E-03
  3.643360E-03 -3.649903E-03  1.152522E-04  2.432292E-04
  8.043299E-04  2.116714E-03  3.663691E-03  1.853507E-02
  1.868536E-02  1.933075E-04  4.028341E-04  1.306145E-03
  1.945160E-04  4.053761E-04  1.314072E-03
  1.311699E-04  2.830307E-04  9.735072E-04  2.576981E-03
  4.338603E-03 -3.677972E-03  9.838431E-05  2.052421E-04
  6.666246E-04  1.741555E-03  3.000209E-03  2.366564E-02
  1.495561E-02  2.261240E-04  4.765658E-04  1.573142E-03
  1.646296E-04  3.411895E-04  1.099444E-03
  1.443692E-04  3.463798E-04  1.431134E-03  3.692282E-03
  5.000140E-03 -3.832803E-03  7.348666E-05  1.519436E-04
  4.888806E-04  1.259287E-03  2.089581E-03  4.168477E-02
  1.047348E-02  2.796534E-04  6.204550E-04  2.244723E-03
  1.226748E-04  2.533088E-04  8.174786E-04
  6.574821E-05  2.920857E-04  2.359782E-03  4.837870E-03
  4.220414E-03 -3.877208E-03  5.392461E-05  1.113609E-04
  3.610464E-04  9.205948E-04  1.466493E-03  1.537966E-01
  7.414117E-03  2.680990E-04  7.156129E-04  3.469280E-03
  9.065424E-05  1.873147E-04  6.113309E-04
 -2.723450E-04 -3.546351E-04  4.542856E-03  4.799267E-03
  3.060797E-03 -3.124146E-03  4.119883E-05  8.517309E-05
  2.791167E-04  7.059535E-04  1.089137E-03  1.430559E-01
  5.539036E-03 -2.016741E-05  3.737068E-04  5.814958E-03
  6.985592E-05  1.445856E-04  4.773821E-04
 -6.264028E-04 -1.685363E-03  9.257502E-04  4.016809E-03
  2.648520E-03  2.963618E-03  3.794829E-05  7.797202E-05
  2.488389E-04  6.246389E-04  9.749032E-04  9.125680E-02
  5.158864E-03 -1.053639E-03 -2.376628E-03 -4.131004E-04
  6.332887E-05  1.304301E-04  4.213576E-04
   kprobe   ncam
 60 110
 -5.794197E-04 -5.591089E-04 -5.223521E-04 -4.725234E-04
 -4.137691E-04 -3.503431E-04 -2.860682E-04 -2.240110E-04
 -1.663613E-04 -1.144750E-04 -6.900701E-05 -3.007912E-05
  2.555461E-06  2.937291E-05  5.097185E-05  6.799701E-05
  8.108682E-05  9.084265E-05  9.781099E-05  1.024772E-04
  1.054885E-04  1.205880E-04  1.477504E-04  1.762056E-04
  1.990440E-04  2.302965E-04  2.593787E-04  3.057217E-04
  3.624040E-04  4.409619E-04  5.156227E-04  6.037726E-04
  7.166020E-04  8.302599E-04  9.574853E-04  1.068467E-03
  1.247625E-03  1.440161E-03  1.572560E-03  1.756782E-03
  1.939034E-03  2.181190E-03  2.468013E-03  2.708093E-03
  3.046448E-03  3.450875E-03  3.935927E-03  4.495249E-03
  5.173003E-03  5.984755E-03  7.030357E-03  8.093357E-03
  9.162323E-03  1.005562E-02  1.055791E-02 -5.813091E-04
 -5.646003E-04 -5.309513E-04 -4.835140E-04 -4.263353E-04
 -3.636864E-04 -2.994961E-04 -2.369798E-04 -1.784904E-04
 -1.255303E-04 -7.887582E-05 -3.873937E-05 -4.937144E-06
  2.296853E-05  4.555502E-05  6.345843E-05  7.731719E-05
  8.773806E-05  9.527605E-05  1.004262E-04  1.038902E-04
  1.193502E-04  1.465768E-04  1.752148E-04  1.981612E-04
  2.296170E-04  2.588752E-04  3.052994E-04  3.621517E-04
  4.409896E-04  5.159889E-04  6.045678E-04  7.179367E-04
  8.324682E-04  9.606133E-04  1.072538E-03  1.253469E-03
  1.448372E-03  1.582353E-03  1.769271E-03  1.954567E-03
  2.201192E-03  2.494010E-03  2.739660E-03  3.086656E-03
  3.502357E-03  4.001856E-03  4.579238E-03  5.279241E-03
  6.116251E-03  7.188338E-03  8.266539E-03  9.327322E-03
  1.017694E-02  1.060235E-02
 -4.964312E-04 -5.395802E-04 -5.681199E-04 -5.793824E-04
 -5.722664E-04 -5.474532E-04 -5.072762E-04 -4.552671E-04
 -3.955409E-04 -3.321827E-04 -2.687740E-04 -2.081268E-04
 -1.522003E-04 -1.021656E-04 -5.854234E-05 -2.136243E-05
  9.674711E-06  3.507079E-05  5.543243E-05  7.139814E-05
  8.483280E-05  1.099871E-04  1.423612E-04  1.788559E-04
  2.072993E-04  2.474181E-04  2.844468E-04  3.393762E-04
  4.082340E-04  5.050085E-04  5.989285E-04  7.111276E-04
  8.560788E-04  1.009515E-03  1.182853E-03  1.338713E-03
  1.599346E-03  1.891583E-03  2.102208E-03  2.406055E-03
  2.716398E-03  3.146600E-03  3.699156E-03  4.174020E-03
  4.870391E-03  5.713298E-03  6.697029E-03  7.798981E-03
  8.938281E-03  9.933685E-03  1.061441E-02  1.074455E-02
  1.033537E-02  9.515541E-03  8.490372E-03 -4.423985E-04
 -3.816357E-04 -3.181344E-04 -2.553042E-04 -1.957482E-04
 -1.412278E-04 -9.274472E-05 -5.068966E-05 -1.500581E-05
  1.466181E-05  3.884322E-05  5.815416E-05  7.322964E-05
  8.468507E-05  9.309018E-05  9.895767E-05  1.027384E-04
  1.048222E-04  1.055416E-04  1.051772E-04  1.037710E-04
  1.135247E-04  1.361195E-04  1.589025E-04  1.775327E-04
  2.026448E-04  2.261509E-04  2.649828E-04  3.118926E-04
  3.764140E-04  4.370580E-04  5.081652E-04  5.986014E-04
  6.874132E-04  7.861708E-04  8.708875E-04  1.004978E-03
  1.145612E-03  1.239854E-03  1.368218E-03  1.492600E-03
  1.653418E-03  1.834845E-03  1.983004E-03  2.184475E-03
  2.417367E-03  2.688418E-03  2.985670E-03  3.337739E-03
  3.757697E-03  4.314286E-03  4.919727E-03  5.645544E-03
  6.498520E-03  7.459049E-03
 -1.125497E-04 -1.638802E-04 -2.209281E-04 -2.823723E-04
 -3.460811E-04 -4.090714E-04 -4.676236E-04 -5.175921E-04
 -5.549160E-04 -5.762448E-04 -5.795427E-04 -5.644861E-04
 -5.325277E-04 -4.866103E-04 -4.306156E-04 -3.687272E-04
 -3.048649E-04 -2.422992E-04 -1.834698E-04 -1.299759E-04
 -7.744229E-05 -2.128568E-05  1.343991E-05  6.734164E-05
  1.067484E-04  1.700448E-04  2.282290E-04  2.926574E-04
  3.833157E-04  5.188133E-04  6.629880E-04  8.440610E-04
  1.086880E-03  1.402908E-03  1.777910E-03  2.160207E-03
  2.897904E-03  3.843565E-03  4.695053E-03  5.993927E-03
  7.283755E-03  8.949400E-03  1.090896E-02  1.176523E-02
  1.216367E-02  1.171458E-02  1.066819E-02  9.466860E-03
  8.210693E-03  7.069426E-03  6.016787E-03  5.234211E-03
  4.592969E-03  4.067799E-03  3.634901E-03 -6.757407E-05
 -2.906972E-05  3.208618E-06  2.973216E-05  5.109313E-05
  6.792788E-05  8.086831E-05  9.050903E-05  9.739091E-05
  1.019938E-04  1.047352E-04  1.059738E-04  1.060125E-04
  1.051062E-04  1.034666E-04  1.012688E-04  9.865582E-05
  9.574481E-05  9.263007E-05  8.938735E-05  8.567773E-05
  9.078530E-05  1.070552E-04  1.229179E-04  1.361363E-04
  1.537357E-04  1.703146E-04  1.985147E-04  2.322036E-04
  2.781787E-04  3.209248E-04  3.706455E-04  4.333215E-04
  4.934937E-04  5.597160E-04  6.155461E-04  7.021014E-04
  7.906323E-04  8.482142E-04  9.250192E-04  9.977656E-04
  1.089010E-03  1.186812E-03  1.264374E-03  1.365580E-03
  1.477606E-03  1.602139E-03  1.729424E-03  1.872049E-03
  2.032862E-03  2.233536E-03  2.437108E-03  2.671896E-03
  2.945013E-03  3.265413E-03
  8.431228E-05  7.226728E-05  5.647507E-05  3.630984E-05
  1.113163E-05 -1.966897E-05 -5.660110E-05 -9.997623E-05
 -1.497784E-04 -2.055118E-04 -2.660333E-04 -3.294151E-04
 -3.928783E-04 -4.528646E-04 -5.053008E-04 -5.460602E-04
 -5.715743E-04 -5.794543E-04 -5.689476E-04 -5.410893E-04
 -4.925601E-04 -4.697554E-04 -5.220406E-04 -5.276502E-04
 -5.336325E-04 -4.999853E-04 -4.579558E-04 -5.120998E-04
 -5.418256E-04 -5.647605E-04 -5.216664E-04 -4.366174E-04
 -3.883951E-04  8.954467E-04  4.062898E-03  1.255817E-02
  2.152274E-02  1.880179E-02  1.655580E-02  1.280487E-02
  1.037378E-02  8.302186E-03  6.612456E-03  5.792628E-03
  4.994552E-03  4.382296E-03  3.900471E-03  3.490578E-03
  3.152959E-03  2.870419E-03  2.606822E-03  2.395842E-03
  2.212357E-03  2.051246E-03  1.908563E-03  9.319319E-05
  9.943725E-05  1.035101E-04  1.058146E-04  1.066955E-04
  1.064444E-04  1.053053E-04  1.034802E-04  1.011362E-04
  9.840984E-05  9.541197E-05  9.223229E-05  8.894232E-05
  8.559928E-05  8.224801E-05  7.892339E-05  7.565237E-05
  7.245502E-05  6.934643E-05  6.633697E-05  6.309290E-05
  6.628457E-05  7.779913E-05  8.894401E-05  9.828802E-05
  1.107149E-04  1.224497E-04  1.424490E-04  1.662538E-04
  1.985984E-04  2.285226E-04  2.631240E-04  3.063518E-04
  3.476403E-04  3.925103E-04  4.299915E-04  4.874291E-04
  5.455831E-04  5.823034E-04  6.310974E-04  6.768870E-04
  7.333145E-04  7.919098E-04  8.378106E-04  8.963986E-04
  9.598114E-04  1.028580E-03  1.096197E-03  1.169650E-03
  1.249674E-03  1.345470E-03  1.437670E-03  1.539086E-03
  1.651151E-03  1.775612E-03
  1.052438E-04  1.047902E-04  1.030437E-04  9.968517E-05
  9.433889E-05  8.656913E-05  7.587877E-05  6.171067E-05
  4.345953E-05  2.049170E-05 -7.817311E-06 -4.202636E-05
 -8.254222E-05 -1.295070E-04 -1.826534E-04 -2.411432E-04
 -3.034096E-04 -3.670540E-04 -4.288481E-04 -4.849039E-04
 -5.357330E-04 -6.570370E-04 -8.428664E-04 -1.054011E-03
 -1.229075E-03 -1.473176E-03 -1.706399E-03 -2.198182E-03
 -2.929114E-03 -4.317068E-03 -6.224189E-03 -9.472240E-03
 -1.327670E-02 -1.617142E-02  5.121217E-03  6.405424E-03
  5.728246E-03  5.255099E-03  4.456226E-03  3.985486E-03
  3.714459E-03  3.395210E-03  3.010958E-03  2.815284E-03
  2.593817E-03  2.403734E-03  2.238275E-03  2.078091E-03
  1.936691E-03  1.810777E-03  1.686024E-03  1.579955E-03
  1.483828E-03  1.396270E-03  1.316162E-03  1.046737E-04
  1.033042E-04  1.013210E-04  9.887704E-05  9.609707E-05
  9.308218E-05  8.991388E-05  8.665732E-05  8.336420E-05
  8.007493E-05  7.682109E-05  7.362660E-05  7.050944E-05
  6.748272E-05  6.455591E-05  6.173483E-05  5.902315E-05
  5.642258E-05  5.393306E-05  5.155363E-05  4.901677E-05
  5.149516E-05  6.043514E-05  6.911690E-05  7.639560E-05
  8.610301E-05  9.527321E-05  1.107851E-04  1.292421E-04
  1.542657E-04  1.773746E-04  2.039943E-04  2.370214E-04
  2.686354E-04  3.026302E-04  3.309062E-04  3.739894E-04
  4.175185E-04  4.443345E-04  4.801198E-04  5.136513E-04
  5.545992E-04  5.963059E-04  6.289123E-04  6.701154E-04
  7.143322E-04  7.618346E-04  8.077130E-04  8.569848E-04
  9.099867E-04  9.724437E-04  1.031318E-03  1.094935E-03
  1.163849E-03  1.238712E-03
  1.536765E-04  1.622150E-04  1.709785E-04  1.798860E-04
  1.888284E-04  1.976611E-04  2.061973E-04  2.141988E-04
  2.213673E-04  2.273346E-04  2.316533E-04  2.337899E-04
  2.331204E-04  2.289333E-04  2.204424E-04  2.068145E-04
  1.872177E-04  1.608954E-04  1.272681E-04  8.606341E-05
  3.115933E-05 -4.991902E-05 -1.064649E-04 -2.147168E-04
 -2.989479E-04 -4.623955E-04 -6.288351E-04 -6.971060E-04
 -7.499387E-04 -6.080726E-04 -1.766050E-04  8.731515E-04
  2.548847E-03  3.915503E-03  4.492911E-03  4.582769E-03
  4.396479E-03  4.205087E-03  3.811429E-03  3.523370E-03
  3.331286E-03  3.094881E-03  2.806216E-03  2.645548E-03
  2.458689E-03  2.291644E-03  2.141438E-03  1.996686E-03
  1.865665E-03  1.746581E-03  1.626862E-03  1.524809E-03
  1.431196E-03  1.345104E-03  1.265746E-03  1.454209E-04
  1.374877E-04  1.299021E-04  1.226779E-04  1.158207E-04
  1.093289E-04  1.031963E-04  9.741323E-05  9.196736E-05
  8.684461E-05  8.203014E-05  7.750814E-05  7.326292E-05
  6.927885E-05  6.554057E-05  6.203316E-05  5.874235E-05
  5.565444E-05  5.275648E-05  5.003615E-05  4.718600E-05
  4.906591E-05  5.727016E-05  6.507483E-05  7.167126E-05
  8.037382E-05  8.860968E-05  1.029154E-04  1.198688E-04
  1.428722E-04  1.640881E-04  1.886223E-04  2.193737E-04
  2.483607E-04  2.800884E-04  3.065076E-04  3.468776E-04
  3.873101E-04  4.134008E-04  4.474947E-04  4.791444E-04
  5.180724E-04  5.588522E-04  5.903769E-04  6.304801E-04
  6.734951E-04  7.196535E-04  7.649586E-04  8.135844E-04
  8.658192E-04  9.273442E-04  9.856910E-04  1.048541E-03
  1.116331E-03  1.189554E-03
  1.003263E-04  1.069910E-04  1.140061E-04  1.213574E-04
  1.290201E-04  1.369559E-04  1.451108E-04  1.534108E-04
  1.617593E-04  1.700321E-04  1.780741E-04  1.856953E-04
  1.926678E-04  1.987234E-04  2.035546E-04  2.068161E-04
  2.081329E-04  2.071116E-04  2.033581E-04  1.965022E-04
  1.847537E-04  1.868874E-04  2.187196E-04  2.422887E-04
  2.648775E-04  2.883894E-04  3.131194E-04  4.122385E-04
  5.522735E-04  7.998578E-04  1.082552E-03  1.459736E-03
  1.904434E-03  2.328170E-03  2.568445E-03  2.660934E-03
  2.653091E-03  2.610252E-03  2.404155E-03  2.245923E-03
  2.133641E-03  1.985826E-03  1.797643E-03  1.690418E-03
  1.564309E-03  1.450366E-03  1.347170E-03  1.248569E-03
  1.159244E-03  1.078082E-03  9.967180E-04  9.279856E-04
  8.651251E-04  8.075119E-04  7.546046E-04  9.401827E-05
  8.806606E-05  8.246434E-05  7.720367E-05  7.227243E-05
  6.765659E-05  6.334121E-05  5.931081E-05  5.554944E-05
  5.204112E-05  4.877040E-05  4.572219E-05  4.288189E-05
  4.023538E-05  3.776981E-05  3.547233E-05  3.333143E-05
  3.133582E-05  2.947541E-05  2.774033E-05  2.593495E-05
  2.666269E-05  3.093216E-05  3.487672E-05  3.824535E-05
  4.261540E-05  4.675951E-05  5.426331E-05  6.311874E-05
  7.517895E-05  8.631148E-05  9.930233E-05  1.159004E-04
  1.312495E-04  1.485785E-04  1.630892E-04  1.854573E-04
  2.077120E-04  2.230622E-04  2.426566E-04  2.607097E-04
  2.832315E-04  3.077567E-04  3.265510E-04  3.507482E-04
  3.768229E-04  4.049310E-04  4.331316E-04  4.635466E-04
  4.963754E-04  5.352980E-04  5.726706E-04  6.131152E-04
  6.569369E-04  7.044794E-04
  7.584858E-05  7.945735E-05  8.310822E-05  8.677160E-05
  9.041184E-05  9.398585E-05  9.744308E-05  1.007249E-04
  1.037636E-04  1.064829E-04  1.087979E-04  1.106154E-04
  1.118354E-04  1.123524E-04  1.120582E-04  1.108455E-04
  1.086113E-04  1.052628E-04  1.007222E-04  9.493362E-05
  8.693495E-05  8.494503E-05  9.713993E-05  1.044594E-04
  1.119418E-04  1.181922E-04  1.248811E-04  1.606267E-04
  2.090130E-04  2.931475E-04  3.879079E-04  5.207685E-04
  7.090886E-04  8.976070E-04  1.085684E-03  1.220115E-03
  1.373901E-03  1.498166E-03  1.475201E-03  1.473256E-03
  1.472796E-03  1.444029E-03  1.363293E-03  1.317017E-03
  1.253526E-03  1.191405E-03  1.131267E-03  1.066205E-03
  1.005078E-03  9.477388E-04  8.882770E-04  8.357961E-04
  7.868899E-04  7.412957E-04  6.987685E-04  7.230577E-05
  6.884805E-05  6.548972E-05  6.224212E-05  5.911274E-05
  5.610695E-05  5.322780E-05  5.047630E-05  4.785225E-05
  4.535413E-05  4.297946E-05  4.072527E-05  3.858773E-05
  3.656276E-05  3.464603E-05  3.283289E-05  3.111893E-05
  2.949934E-05  2.796942E-05  2.652486E-05  2.500255E-05
  2.597565E-05  3.030754E-05  3.440946E-05  3.787982E-05
  4.244244E-05  4.676091E-05  5.433775E-05  6.332186E-05
  7.554742E-05  8.685075E-05  9.998156E-05  1.165599E-04
  1.321682E-04  1.494216E-04  1.638441E-04  1.859871E-04
  2.082280E-04  2.227622E-04  2.417228E-04  2.593571E-04
  2.811339E-04  3.040344E-04  3.217584E-04  3.443336E-04
  3.685804E-04  3.946365E-04  4.201531E-04  4.475240E-04
  4.769053E-04  5.114560E-04  5.440505E-04  5.790576E-04
  6.166900E-04  6.571830E-04
  4.443890E-05  4.720041E-05  5.003069E-05  5.291329E-05
  5.582857E-05  5.875294E-05  6.165869E-05  6.451381E-05
  6.728249E-05  6.992403E-05  7.239459E-05  7.464639E-05
  7.662882E-05  7.828962E-05  7.957580E-05  8.043497E-05
  8.081699E-05  8.067606E-05  7.997245E-05  7.867412E-05
  7.648780E-05  8.199142E-05  9.781736E-05  1.131728E-04
  1.262067E-04  1.433971E-04  1.600279E-04  1.930650E-04
  2.351334E-04  2.980113E-04  3.615708E-04  4.402920E-04
  5.393045E-04  6.413987E-04  7.365957E-04  8.066374E-04
  8.909222E-04  9.651947E-04  9.530095E-04  9.535801E-04
  9.544028E-04  9.357819E-04  8.801248E-04  8.464686E-04
  7.992908E-04  7.518783E-04  7.050223E-04  6.550302E-04
  6.077164E-04  5.631604E-04  5.170523E-04  4.770251E-04
  4.399059E-04  4.055231E-04  3.737018E-04  4.175919E-05
  3.917137E-05  3.668297E-05  3.429944E-05  3.202411E-05
  2.985871E-05  2.780360E-05  2.585804E-05  2.402018E-05
  2.228769E-05  2.065739E-05  1.912575E-05  1.768912E-05
  1.634311E-05  1.508381E-05  1.390674E-05  1.280766E-05
  1.178243E-05  1.082691E-05  9.936868E-06  9.013113E-06
  8.877912E-06  1.005979E-05  1.098258E-05  1.181969E-05
  1.279178E-05  1.372473E-05  1.589877E-05  1.842254E-05
  2.195280E-05  2.525252E-05  2.931351E-05  3.502640E-05
  3.992685E-05  4.630516E-05  5.180722E-05  6.064340E-05
  6.933594E-05  7.672395E-05  8.561630E-05  9.369940E-05
  1.042589E-04  1.169355E-04  1.265101E-04  1.392077E-04
  1.530860E-04  1.682581E-04  1.841137E-04  2.013920E-04
  2.202278E-04  2.428247E-04  2.648750E-04  2.888803E-04
  3.150244E-04  3.435090E-04
  4.277799E-05  4.432079E-05  4.579649E-05  4.718610E-05
  4.846961E-05  4.962620E-05  5.063391E-05  5.147084E-05
  5.211478E-05  5.254430E-05  5.273902E-05  5.267976E-05
  5.235014E-05  5.173625E-05  5.082766E-05  4.961773E-05
  4.810425E-05  4.628975E-05  4.418163E-05  4.179224E-05
  3.880386E-05  3.905869E-05  4.507165E-05  4.974542E-05
  5.397078E-05  5.866745E-05  6.324366E-05  7.643789E-05
  9.303868E-05  1.189649E-04  1.459199E-04  1.819797E-04
  2.344657E-04  2.860937E-04  3.480795E-04  4.003455E-04
  4.783238E-04  5.558645E-04  5.876116E-04  6.300721E-04
  6.671610E-04  6.998607E-04  7.064359E-04  7.114930E-04
  7.084936E-04  7.003969E-04  6.878800E-04  6.651087E-04
  6.402874E-04  6.140387E-04  5.836541E-04  5.538103E-04
  5.243420E-04  4.954992E-04  4.674720E-04  4.118549E-05
  3.955931E-05  3.791387E-05  3.626208E-05  3.461551E-05
  3.298411E-05  3.137647E-05  2.979979E-05  2.826034E-05
  2.676284E-05  2.531130E-05  2.390876E-05  2.255760E-05
  2.125910E-05  2.001423E-05  1.882348E-05  1.768663E-05
  1.660310E-05  1.557221E-05  1.459283E-05  1.355554E-05
  1.379739E-05  1.592702E-05  1.781374E-05  1.944460E-05
  2.149895E-05  2.345078E-05  2.726669E-05  3.177206E-05
  3.800573E-05  4.383074E-05  5.080494E-05  6.009177E-05
  6.856627E-05  7.867839E-05  8.730154E-05  1.008931E-04
  1.145498E-04  1.245876E-04  1.372597E-04  1.489964E-04
  1.638884E-04  1.804030E-04  1.930803E-04  2.094702E-04
  2.271855E-04  2.463332E-04  2.653652E-04  2.857774E-04
  3.076578E-04  3.333133E-04  3.573610E-04  3.829308E-04
  4.100722E-04  4.388231E-04
  3.143891E-05  3.296821E-05  3.444922E-05  3.586675E-05
  3.720467E-05  3.844679E-05  3.957664E-05  4.057790E-05
  4.143480E-05  4.213246E-05  4.265736E-05  4.299735E-05
  4.314230E-05  4.308435E-05  4.281800E-05  4.234071E-05
  4.165263E-05  4.075706E-05  3.965994E-05  3.837022E-05
  3.671145E-05  3.863771E-05  4.554619E-05  5.200716E-05
  5.749174E-05  6.455002E-05  7.128464E-05  8.467185E-05
  1.012249E-04  1.253650E-04  1.492307E-04  1.789502E-04
  2.187359E-04  2.585659E-04  3.029084E-04  3.399167E-04
  3.948903E-04  4.505995E-04  4.727183E-04  5.039562E-04
  5.321414E-04  5.578629E-04  5.640156E-04  5.687506E-04
  5.670654E-04  5.608234E-04  5.503281E-04  5.305385E-04
  5.082077E-04  4.838986E-04  4.551036E-04  4.265528E-04
  3.979418E-04  3.696147E-04  3.418513E-04  2.987608E-05
  2.829296E-05  2.670235E-05  2.511557E-05  2.354273E-05
  2.199286E-05  2.047396E-05  1.899259E-05  1.755440E-05
  1.616393E-05  1.482489E-05  1.354008E-05  1.231137E-05
  1.114016E-05  1.002698E-05  8.971977E-06  7.974799E-06
  7.034676E-06  6.150378E-06  5.320731E-06  4.454094E-06
  3.843835E-06  4.007500E-06  3.829877E-06  3.771689E-06
  3.472046E-06  3.208379E-06  3.692556E-06  4.190726E-06
  5.071512E-06  5.984624E-06  7.492898E-06  1.049770E-05
  1.256241E-05  1.661210E-05  2.035859E-05  2.689644E-05
  3.330394E-05  4.043199E-05  4.853816E-05  5.585243E-05
  6.592191E-05  7.904147E-05  8.885797E-05  1.021394E-04
  1.167760E-04  1.328876E-04  1.499357E-04  1.684563E-04
  1.885408E-04  2.124302E-04  2.353765E-04  2.599103E-04
  2.860505E-04  3.137920E-04
  3.401575E-05  3.503360E-05  3.595117E-05  3.675567E-05
  3.743479E-05  3.797695E-05  3.837173E-05  3.860993E-05
  3.868409E-05  3.858819E-05  3.831835E-05  3.787291E-05
  3.725250E-05  3.645962E-05  3.549954E-05  3.437925E-05
  3.310811E-05  3.169717E-05  3.015927E-05  2.850845E-05
  2.654460E-05  2.691798E-05  3.111230E-05  3.456575E-05
  3.761120E-05  4.118278E-05  4.460665E-05  5.300594E-05
  6.330365E-05  7.870128E-05  9.414249E-05  1.141945E-04
  1.430854E-04  1.708594E-04  2.053738E-04  2.353367E-04
  2.825132E-04  3.312535E-04  3.590510E-04  3.951823E-04
  4.282450E-04  4.643656E-04  4.893612E-04  5.073763E-04
  5.236927E-04  5.360699E-04  5.442795E-04  5.420605E-04
  5.359319E-04  5.261982E-04  5.112388E-04  4.927366E-04
  4.722642E-04  4.502800E-04  4.272132E-04  3.291086E-05
  3.173190E-05  3.049189E-05  2.920350E-05  2.787863E-05
  2.652862E-05  2.516442E-05  2.379555E-05  2.243104E-05
  2.107892E-05  1.974625E-05  1.843929E-05  1.716335E-05
  1.592286E-05  1.472155E-05  1.356255E-05  1.244805E-05
  1.137971E-05  1.035857E-05  9.385502E-06  8.352705E-06
  7.976290E-06  8.883563E-06  9.429740E-06  9.975963E-06
  1.047889E-05  1.097256E-05  1.276804E-05  1.484270E-05
  1.789918E-05  2.085899E-05  2.477988E-05  3.086764E-05
  3.593442E-05  4.331561E-05  4.988897E-05  6.082336E-05
  7.179897E-05  8.169271E-05  9.355689E-05  1.044589E-04
  1.188848E-04  1.361392E-04  1.492116E-04  1.664235E-04
  1.851265E-04  2.054166E-04  2.258796E-04  2.476975E-04
  2.708844E-04  2.977392E-04  3.224623E-04  3.481341E-04
  3.746101E-04  4.016983E-04
  3.375543E-05  3.418082E-05  3.448113E-05  3.464948E-05
  3.467998E-05  3.456830E-05  3.431170E-05  3.390900E-05
  3.336072E-05  3.266918E-05  3.183853E-05  3.087434E-05
  2.978397E-05  2.857626E-05  2.726121E-05  2.585008E-05
  2.435481E-05  2.278811E-05  2.116315E-05  1.949334E-05
  1.758612E-05  1.703166E-05  1.918291E-05  2.052601E-05
  2.183409E-05  2.302759E-05  2.419751E-05  2.879790E-05
  3.436960E-05  4.303719E-05  5.191083E-05  6.407898E-05
  8.308794E-05  1.004608E-04  1.244847E-04  1.459348E-04
  1.810928E-04  2.176303E-04  2.433882E-04  2.756133E-04
  3.053342E-04  3.408128E-04  3.728315E-04  3.962071E-04
  4.219758E-04  4.458179E-04  4.672687E-04  4.803328E-04
  4.899965E-04  4.961511E-04  4.982904E-04  4.944029E-04
  4.873952E-04  4.775532E-04  4.652004E-04  3.321311E-05
  3.256284E-05  3.181407E-05  3.097708E-05  3.006217E-05
  2.908002E-05  2.804095E-05  2.695528E-05  2.583281E-05
  2.468320E-05  2.351525E-05  2.233738E-05  2.115725E-05
  1.998187E-05  1.881754E-05  1.766987E-05  1.654366E-05
  1.544332E-05  1.437242E-05  1.333385E-05  1.221214E-05
  1.216257E-05  1.388221E-05  1.525341E-05  1.647918E-05
  1.790672E-05  1.927130E-05  2.249169E-05  2.629410E-05
  3.172936E-05  3.693142E-05  4.346830E-05  5.280803E-05
  6.115023E-05  7.199223E-05  8.147337E-05  9.685107E-05
  1.124995E-04  1.247734E-04  1.400610E-04  1.542727E-04
  1.725025E-04  1.927248E-04  2.081639E-04  2.279125E-04
  2.489862E-04  2.714044E-04  2.927483E-04  3.148942E-04
  3.377307E-04  3.631452E-04  3.850902E-04  4.068207E-04
  4.280442E-04  4.484282E-04
  3.141069E-05  3.191538E-05  3.229705E-05  3.255138E-05
  3.267560E-05  3.266799E-05  3.252867E-05  3.225914E-05
  3.186251E-05  3.134305E-05  3.070662E-05  2.995993E-05
  2.911099E-05  2.816867E-05  2.714228E-05  2.604196E-05
  2.487806E-05  2.366104E-05  2.240132E-05  2.110928E-05
  1.963596E-05  1.993490E-05  2.302315E-05  2.562859E-05
  2.790645E-05  3.064497E-05  3.325568E-05  3.914564E-05
  4.624861E-05  5.656572E-05  6.664549E-05  7.941069E-05
  9.749457E-05  1.144908E-04  1.357581E-04  1.543184E-04
  1.840532E-04  2.149010E-04  2.354019E-04  2.618254E-04
  2.864982E-04  3.161019E-04  3.432260E-04  3.635685E-04
  3.866848E-04  4.088956E-04  4.297910E-04  4.439497E-04
  4.555549E-04  4.643182E-04  4.698673E-04  4.693357E-04
  4.655342E-04  4.585375E-04  4.484959E-04  3.078879E-05
  3.005640E-05  2.922141E-05  2.829262E-05  2.727953E-05
  2.619186E-05  2.504012E-05  2.383473E-05  2.258597E-05
  2.130426E-05  1.999953E-05  1.868126E-05  1.735840E-05
  1.603949E-05  1.473209E-05  1.344337E-05  1.217947E-05
  1.094596E-05  9.747553E-06  8.588328E-06  7.340601E-06
  6.541472E-06  6.983569E-06  6.902248E-06  6.964868E-06
  6.697863E-06  6.471899E-06  7.604008E-06  8.879318E-06
  1.103801E-05  1.329804E-05  1.677235E-05  2.310843E-05
  2.809057E-05  3.659670E-05  4.443685E-05  5.795143E-05
  7.171283E-05  8.489273E-05  1.005200E-04  1.149206E-04
  1.340916E-04  1.568211E-04  1.739061E-04  1.960538E-04
  2.196963E-04  2.448006E-04  2.689513E-04  2.937467E-04
  3.189715E-04  3.465683E-04  3.699163E-04  3.924085E-04
  4.136693E-04  4.333094E-04
  3.262793E-05  3.249920E-05  3.224060E-05  3.185482E-05
  3.134650E-05  3.072109E-05  2.998553E-05  2.914758E-05
  2.821587E-05  2.720016E-05  2.611010E-05  2.495600E-05
  2.374842E-05  2.249768E-05  2.121416E-05  1.990761E-05
  1.858769E-05  1.726335E-05  1.594305E-05  1.463444E-05
  1.319135E-05  1.280070E-05  1.441088E-05  1.547440E-05
  1.648997E-05  1.748854E-05  1.845738E-05  2.169706E-05
  2.553794E-05  3.130222E-05  3.701944E-05  4.465031E-05
  5.639457E-05  6.676892E-05  8.129770E-05  9.428018E-05
  1.157853E-04  1.379715E-04  1.556386E-04  1.775130E-04
  1.978702E-04  2.237560E-04  2.513083E-04  2.720552E-04
  2.976494E-04  3.239648E-04  3.507586E-04  3.738685E-04
  3.961369E-04  4.171841E-04  4.379764E-04  4.526399E-04
  4.646683E-04  4.737746E-04  4.797275E-04  3.262522E-05
  3.249115E-05  3.222714E-05  3.183633E-05  3.132294E-05
  3.069286E-05  2.995279E-05  2.911068E-05  2.817530E-05
  2.715607E-05  2.606295E-05  2.490623E-05  2.369642E-05
  2.244385E-05  2.115867E-05  1.985112E-05  1.853051E-05
  1.720583E-05  1.588542E-05  1.457709E-05  1.313455E-05
  1.273824E-05  1.433579E-05  1.538602E-05  1.639080E-05
  1.737452E-05  1.832932E-05  2.154673E-05  2.536017E-05
  3.108675E-05  3.676813E-05  4.435752E-05  5.605085E-05
  6.637239E-05  8.084760E-05  9.378541E-05  1.152240E-04
  1.373401E-04  1.549797E-04  1.768117E-04  1.971283E-04
  2.229735E-04  2.505106E-04  2.712455E-04  2.968378E-04
  3.231608E-04  3.499732E-04  3.731255E-04  3.954498E-04
  4.165667E-04  4.374519E-04  4.522168E-04  4.643569E-04
  4.735831E-04  4.796627E-04
 -4.342933E-04 -3.729332E-04 -3.093328E-04 -2.468018E-04
 -1.878306E-04 -1.340719E-04 -8.643718E-05 -4.524751E-05
 -1.039864E-05  1.849482E-05  4.197935E-05  6.067634E-05
  7.522128E-05  8.622435E-05  9.424888E-05  9.979948E-05
  1.033189E-04  1.051893E-04  1.057362E-04  1.052337E-04
  1.037067E-04  1.133121E-04  1.357781E-04  1.584025E-04
  1.769145E-04  2.018545E-04  2.252045E-04  2.638259E-04
  3.104628E-04  3.745941E-04  4.348504E-04  5.054895E-04
  5.953172E-04  6.834550E-04  7.814524E-04  8.654739E-04
  9.983848E-04  1.137667E-03  1.230957E-03  1.357922E-03
  1.480859E-03  1.639675E-03  1.818604E-03  1.964590E-03
  2.162878E-03  2.391815E-03  2.657939E-03  2.949253E-03
  3.293829E-03  3.704378E-03  4.248016E-03  4.838990E-03
  5.548201E-03  6.384331E-03  7.332238E-03 -4.894781E-04
 -5.343278E-04 -5.650238E-04 -5.787261E-04 -5.741059E-04
 -5.516069E-04 -5.133611E-04 -4.627706E-04 -4.039061E-04
 -3.408821E-04 -2.773641E-04 -2.162713E-04 -1.596750E-04
 -1.088435E-04 -6.437487E-05 -2.635752E-05  5.470798E-06
  3.159037E-05  5.259632E-05  6.912543E-05  8.309723E-05
  1.087037E-04  1.411976E-04  1.779697E-04  2.065911E-04
  2.470275E-04  2.843378E-04  3.394698E-04  4.086723E-04
  5.059975E-04  6.005525E-04  7.135676E-04  8.596129E-04
  1.014625E-03  1.189773E-03  1.347493E-03  1.611677E-03
  1.908532E-03  2.122853E-03  2.432625E-03  2.749497E-03
  3.189519E-03  3.756521E-03  4.244160E-03  4.959863E-03
  5.825059E-03  6.830251E-03  7.949161E-03  9.088369E-03
  1.005587E-02  1.067404E-02  1.073349E-02  1.026042E-02
  9.399898E-03  8.360427E-03
 -5.657359E-05 -1.969133E-05  1.105905E-05  3.619066E-05
  5.631509E-05  7.207328E-05  8.409075E-05  9.295078E-05
  9.918034E-05  1.032434E-04  1.055430E-04  1.064227E-04
  1.061735E-04  1.050385E-04  1.032195E-04  1.008830E-04
  9.816528E-05  9.517666E-05  9.200663E-05  8.872671E-05
  8.499234E-05  8.999653E-05  1.060855E-04  1.217588E-04
  1.348262E-04  1.522189E-04  1.686058E-04  1.964983E-04
  2.298106E-04  2.752625E-04  3.175103E-04  3.666409E-04
  4.285583E-04  4.879679E-04  5.533329E-04  6.084158E-04
  6.937670E-04  7.810079E-04  8.377132E-04  9.133052E-04
  9.848576E-04  1.074535E-03  1.170545E-03  1.246624E-03
  1.345793E-03  1.455435E-03  1.577164E-03  1.701361E-03
  1.840303E-03  1.996690E-03  2.191433E-03  2.388486E-03
  2.615229E-03  2.878353E-03  3.186290E-03 -9.990441E-05
 -1.496761E-04 -2.054016E-04 -2.659501E-04 -3.294034E-04
 -3.929905E-04 -4.531556E-04 -5.058149E-04 -5.468234E-04
 -5.725829E-04 -5.806705E-04 -5.703011E-04 -5.424896E-04
 -4.998420E-04 -4.460627E-04 -3.853180E-04 -3.216407E-04
 -2.584927E-04 -1.985323E-04 -1.435689E-04 -8.919984E-05
 -3.185373E-05  2.196306E-06  5.643817E-05  9.599461E-05
  1.601480E-04  2.191748E-04  2.831520E-04  3.740127E-04
  5.104331E-04  6.565868E-04  8.408052E-04  1.088449E-03
  1.415596E-03  1.805349E-03  2.206238E-03  2.987490E-03
  3.995927E-03  4.916934E-03  6.316212E-03  7.681403E-03
  9.391913E-03  1.131236E-02  1.203654E-02  1.222247E-02
  1.158000E-02  1.041741E-02  9.169119E-03  7.922376E-03
  6.817096E-03  5.809981E-03  5.064161E-03  4.453857E-03
  3.953548E-03  3.540265E-03
  9.111740E-05  9.791089E-05  1.024372E-04  1.051127E-04
  1.062943E-04  1.062844E-04  1.053365E-04  1.036614E-04
  1.014332E-04  9.879468E-05  9.586187E-05  9.272845E-05
  8.946990E-05  8.614626E-05  8.280485E-05  7.948260E-05
  7.620811E-05  7.300264E-05  6.988240E-05  6.685900E-05
  6.359693E-05  6.682283E-05  7.843657E-05  8.967835E-05
  9.910284E-05  1.116364E-04  1.234715E-04  1.436427E-04
  1.676537E-04  2.002813E-04  2.304703E-04  2.653825E-04
  3.090077E-04  3.506786E-04  3.959777E-04  4.338244E-04
  4.918360E-04  5.505826E-04  5.877016E-04  6.370272E-04
  6.833238E-04  7.403963E-04  7.996993E-04  8.461648E-04
  9.054993E-04  9.697473E-04  1.039456E-03  1.108046E-03
  1.182600E-03  1.263878E-03  1.361253E-03  1.455067E-03
  1.558355E-03  1.672607E-03  1.799647E-03  8.157779E-05
  6.875201E-05  5.204585E-05  3.082725E-05  4.457937E-06
 -2.765747E-05 -6.599613E-05 -1.108115E-04 -1.620001E-04
 -2.189407E-04 -2.803320E-04 -3.440635E-04 -4.071721E-04
 -4.659513E-04 -5.162602E-04 -5.540245E-04 -5.758675E-04
 -5.797113E-04 -5.651861E-04 -5.337006E-04 -4.819329E-04
 -4.543580E-04 -5.010015E-04 -5.004879E-04 -5.018036E-04
 -4.625264E-04 -4.158980E-04 -4.591758E-04 -4.748270E-04
 -4.749855E-04 -4.082586E-04 -2.886652E-04 -1.639528E-04
  1.089106E-03  3.908162E-03  1.073593E-02  2.035578E-02
  1.869339E-02  1.697055E-02  1.333691E-02  1.081876E-02
  8.638004E-03  6.859128E-03  5.989727E-03  5.146570E-03
  4.501865E-03  3.996504E-03  3.569108E-03  3.218158E-03
  2.925335E-03  2.652962E-03  2.435621E-03  2.247005E-03
  2.081707E-03  1.935567E-03
  1.043086E-04  1.028347E-04  1.007745E-04  9.827570E-05
  9.545890E-05  9.242159E-05  8.924241E-05  8.598407E-05
  8.269629E-05  7.941780E-05  7.617877E-05  7.300214E-05
  6.990515E-05  6.689999E-05  6.399543E-05  6.119718E-05
  5.850849E-05  5.593065E-05  5.346358E-05  5.110607E-05
  4.859301E-05  5.105263E-05  5.991742E-05  6.852773E-05
  7.574624E-05  8.537454E-05  9.447002E-05  1.098505E-04
  1.281513E-04  1.529614E-04  1.758723E-04  2.022606E-04
  2.349930E-04  2.663289E-04  3.000122E-04  3.280259E-04
  3.707024E-04  4.138196E-04  4.403590E-04  4.757828E-04
  5.089756E-04  5.494991E-04  5.907481E-04  6.229968E-04
  6.637364E-04  7.074467E-04  7.543944E-04  7.997139E-04
  8.483724E-04  9.006991E-04  9.623372E-04  1.020410E-03
  1.083135E-03  1.151053E-03  1.224796E-03  1.050164E-04
  1.047401E-04  1.032190E-04  1.001422E-04  9.514399E-05
  8.779859E-05  7.761845E-05  6.405579E-05  4.651152E-05
  2.435345E-05 -3.049342E-06 -3.627266E-05 -7.575854E-05
 -1.217054E-04 -1.739272E-04 -2.316937E-04 -2.935703E-04
 -3.572982E-04 -4.197745E-04 -4.771903E-04 -5.303399E-04
 -6.550553E-04 -8.430126E-04 -1.059607E-03 -1.239487E-03
 -1.493938E-03 -1.738988E-03 -2.242746E-03 -2.994373E-03
 -4.415679E-03 -6.352350E-03 -9.532101E-03 -1.267616E-02
 -1.301514E-02  4.733345E-03  5.967946E-03  5.464190E-03
  5.064577E-03  4.320265E-03  3.880197E-03  3.625475E-03
  3.321937E-03  2.952421E-03  2.763790E-03  2.549488E-03
  2.365045E-03  2.204124E-03  2.047871E-03  1.909721E-03
  1.786527E-03  1.664306E-03  1.560248E-03  1.465857E-03
  1.379811E-03  1.301030E-03
  1.453676E-04  1.373196E-04  1.296407E-04  1.223415E-04
  1.154244E-04  1.088857E-04  1.027170E-04  9.690684E-05
  9.144143E-05  8.630544E-05  8.148281E-05  7.695701E-05
  7.271150E-05  6.873004E-05  6.499667E-05  6.149615E-05
  5.821369E-05  5.513530E-05  5.224784E-05  4.953863E-05
  4.670148E-05  4.854194E-05  5.664586E-05  6.434794E-05
  7.085987E-05  7.944681E-05  8.757381E-05  1.017079E-04
  1.184550E-04  1.411801E-04  1.621385E-04  1.863802E-04
  2.167806E-04  2.454176E-04  2.767894E-04  3.029151E-04
  3.428438E-04  3.828212E-04  4.086738E-04  4.424270E-04
  4.737492E-04  5.122895E-04  5.527167E-04  5.839557E-04
  6.237102E-04  6.663541E-04  7.121171E-04  7.570701E-04
  8.053225E-04  8.571605E-04  9.182265E-04  9.761632E-04
  1.038575E-03  1.105896E-03  1.178613E-03  1.537635E-04
  1.624723E-04  1.714414E-04  1.805959E-04  1.898336E-04
  1.990180E-04  2.079708E-04  2.164639E-04  2.242092E-04
  2.308495E-04  2.359485E-04  2.389826E-04  2.393360E-04
  2.363016E-04  2.290916E-04  2.168622E-04  1.987585E-04
  1.739840E-04  1.418999E-04  1.021515E-04  4.864697E-05
 -2.862126E-05 -7.914018E-05 -1.801439E-04 -2.581340E-04
 -4.120158E-04 -5.684732E-04 -6.182017E-04 -6.436511E-04
 -4.573572E-04  1.671573E-05  1.086580E-03  2.704979E-03
  4.007940E-03  4.525200E-03  4.588978E-03  4.384637E-03
  4.184260E-03  3.792241E-03  3.503649E-03  3.310834E-03
  3.074508E-03  2.787373E-03  2.627251E-03  2.441176E-03
  2.274810E-03  2.125206E-03  1.981240E-03  1.850911E-03
  1.732444E-03  1.613356E-03  1.511891E-03  1.418814E-03
  1.333217E-03  1.254318E-03
  9.424651E-05  8.821380E-05  8.254375E-05  7.722558E-05
  7.224589E-05  6.758978E-05  6.324107E-05  5.918321E-05
  5.539958E-05  5.187363E-05  4.858899E-05  4.553006E-05
  4.268164E-05  4.002968E-05  3.756040E-05  3.526096E-05
  3.311929E-05  3.112431E-05  2.926533E-05  2.753258E-05
  2.573056E-05  2.643878E-05  3.066373E-05  3.456210E-05
  3.789309E-05  4.221106E-05  4.630621E-05  5.373383E-05
  6.249733E-05  7.443312E-05  8.545020E-05  9.830939E-05
  1.147498E-04  1.299394E-04  1.471072E-04  1.614843E-04
  1.836510E-04  2.056953E-04  2.209394E-04  2.403784E-04
  2.582801E-04  2.806234E-04  3.049913E-04  3.236564E-04
  3.476973E-04  3.736064E-04  4.015376E-04  4.295871E-04
  4.598433E-04  4.925049E-04  5.312377E-04  5.684487E-04
  6.087245E-04  6.523696E-04  6.997262E-04  1.006490E-04
  1.074239E-04  1.145669E-04  1.220660E-04  1.298987E-04
  1.380289E-04  1.464047E-04  1.549543E-04  1.635827E-04
  1.721667E-04  1.805514E-04  1.885459E-04  1.959195E-04
  2.023992E-04  2.076696E-04  2.113751E-04  2.131260E-04
  2.125104E-04  2.091122E-04  2.025362E-04  1.909777E-04
  1.940028E-04  2.275857E-04  2.530447E-04  2.772746E-04
  3.031192E-04  3.302500E-04  4.344751E-04  5.817935E-04
  8.412959E-04  1.136525E-03  1.526871E-03  1.977754E-03
  2.404631E-03  2.632663E-03  2.712686E-03  2.686853E-03
  2.630576E-03  2.417608E-03  2.253302E-03  2.136945E-03
  1.985710E-03  1.795648E-03  1.687310E-03  1.560293E-03
  1.445700E-03  1.342044E-03  1.243302E-03  1.153901E-03
  1.072712E-03  9.913747E-04  9.227368E-04  8.599815E-04
  8.024817E-04  7.496935E-04
  7.748543E-05  7.348302E-05  6.962774E-05  6.592778E-05
  6.238804E-05  5.901070E-05  5.579599E-05  5.274222E-05
  4.984605E-05  4.710364E-05  4.450992E-05  4.205951E-05
  3.974641E-05  3.756485E-05  3.550824E-05  3.357063E-05
  3.174577E-05  3.002761E-05  2.841029E-05  2.688803E-05
  2.528935E-05  2.619974E-05  3.052273E-05  3.458974E-05
  3.803892E-05  4.255752E-05  4.683624E-05  5.440753E-05
  6.337441E-05  7.558038E-05  8.686228E-05  9.998610E-05
  1.166129E-04  1.321933E-04  1.495195E-04  1.640127E-04
  1.862943E-04  2.086225E-04  2.234396E-04  2.426546E-04
  2.604832E-04  2.825685E-04  3.060296E-04  3.241414E-04
  3.472868E-04  3.721776E-04  3.989591E-04  4.253763E-04
  4.537682E-04  4.843065E-04  5.203200E-04  5.544844E-04
  5.912787E-04  6.309470E-04  6.737629E-04  8.162250E-05
  8.587746E-05  9.022746E-05  9.464331E-05  9.908847E-05
  1.035172E-04  1.078746E-04  1.120951E-04  1.161012E-04
  1.198035E-04  1.231000E-04  1.258761E-04  1.280061E-04
  1.293541E-04  1.297771E-04  1.291289E-04  1.272654E-04
  1.240508E-04  1.193663E-04  1.131179E-04  1.041917E-04
  1.026051E-04  1.179360E-04  1.276688E-04  1.374134E-04
  1.460768E-04  1.552568E-04  2.004687E-04  2.621787E-04
  3.698008E-04  4.915050E-04  6.611206E-04  8.954693E-04
  1.130043E-03  1.347683E-03  1.493893E-03  1.644173E-03
  1.756179E-03  1.701322E-03  1.671810E-03  1.650381E-03
  1.596279E-03  1.488912E-03  1.427368E-03  1.347385E-03
  1.271212E-03  1.199102E-03  1.124191E-03  1.054685E-03
  9.901924E-04  9.240694E-04  8.665325E-04  8.132656E-04
  7.638998E-04  7.181020E-04
  6.053725E-05  5.813018E-05  5.574713E-05  5.340132E-05
  5.110320E-05  4.886156E-05  4.668288E-05  4.457221E-05
  4.253322E-05  4.056831E-05  3.867889E-05  3.686553E-05
  3.512800E-05  3.346570E-05  3.187730E-05  3.036121E-05
  2.891571E-05  2.753854E-05  2.622760E-05  2.498031E-05
  2.365594E-05  2.472229E-05  2.893647E-05  3.297977E-05
  3.638418E-05  4.089271E-05  4.515599E-05  5.250728E-05
  6.124542E-05  7.312714E-05  8.411922E-05  9.685080E-05
  1.128065E-04  1.279768E-04  1.445315E-04  1.583470E-04
  1.794917E-04  2.008294E-04  2.143055E-04  2.321156E-04
  2.487602E-04  2.691660E-04  2.901288E-04  3.064393E-04
  3.270471E-04  3.491029E-04  3.727185E-04  3.954390E-04
  4.196801E-04  4.455551E-04  4.757437E-04  5.038075E-04
  5.337121E-04  5.655888E-04  5.995769E-04  6.295263E-05
  6.535743E-05  6.772962E-05  7.004335E-05  7.226926E-05
  7.437366E-05  7.631911E-05  7.806375E-05  7.956193E-05
  8.076416E-05  8.161799E-05  8.206844E-05  8.205922E-05
  8.153422E-05  8.043871E-05  7.872175E-05  7.633835E-05
  7.325144E-05  6.943503E-05  6.487635E-05  5.889330E-05
  5.691234E-05  6.457564E-05  6.880777E-05  7.327834E-05
  7.668394E-05  8.038793E-05  1.023616E-04  1.315879E-04
  1.818565E-04  2.377957E-04  3.165396E-04  4.319715E-04
  5.465245E-04  6.730423E-04  7.712511E-04  8.999065E-04
  1.015077E-03  1.031411E-03  1.062853E-03  1.089345E-03
  1.098850E-03  1.066268E-03  1.048218E-03  1.017164E-03
  9.838445E-04  9.491488E-04  9.064184E-04  8.647484E-04
  8.243805E-04  7.810975E-04  7.413111E-04  7.035150E-04
  6.676658E-04  6.337039E-04
  3.120706E-05  2.905429E-05  2.699058E-05  2.501922E-05
  2.314247E-05  2.136126E-05  1.967502E-05  1.808307E-05
  1.658335E-05  1.517362E-05  1.385114E-05  1.261271E-05
  1.145486E-05  1.037405E-05  9.366751E-06  8.429210E-06
  7.557854E-06  6.748707E-06  5.998450E-06  5.303415E-06
  4.586671E-06  4.197238E-06  4.548619E-06  4.650877E-06
  4.803433E-06  4.852805E-06  4.914782E-06  5.656605E-06
  6.474134E-06  7.702484E-06  8.883218E-06  1.052678E-05
  1.329583E-05  1.534620E-05  1.874776E-05  2.179506E-05
  2.693564E-05  3.189369E-05  3.713014E-05  4.309258E-05
  4.842312E-05  5.568056E-05  6.513244E-05  7.217253E-05
  8.171581E-05  9.223838E-05  1.038371E-04  1.163248E-04
  1.300142E-04  1.450201E-04  1.631481E-04  1.810443E-04
  2.005939E-04  2.219471E-04  2.452678E-04  3.344370E-05
  3.575709E-05  3.813816E-05  4.057542E-05  4.305489E-05
  4.555981E-05  4.807043E-05  5.056430E-05  5.301593E-05
  5.539631E-05  5.767441E-05  5.981638E-05  6.178614E-05
  6.354627E-05  6.505846E-05  6.628464E-05  6.718757E-05
  6.773228E-05  6.788712E-05  6.762512E-05  6.681069E-05
  7.323820E-05  8.821178E-05  1.036072E-04  1.164309E-04
  1.340272E-04  1.509264E-04  1.803352E-04  2.173381E-04
  2.706337E-04  3.229049E-04  3.848693E-04  4.583289E-04
  5.350292E-04  6.019496E-04  6.504667E-04  7.078508E-04
  7.594820E-04  7.472769E-04  7.453524E-04  7.445250E-04
  7.289095E-04  6.847231E-04  6.577623E-04  6.199002E-04
  5.815823E-04  5.434325E-04  5.026931E-04  4.639038E-04
  4.271843E-04  3.890402E-04  3.559329E-04  3.251639E-04
  2.966222E-04  2.701869E-04
  3.514075E-05  3.343467E-05  3.173462E-05  3.005146E-05
  2.839445E-05  2.677140E-05  2.518906E-05  2.365282E-05
  2.216691E-05  2.073480E-05  1.935881E-05  1.804064E-05
  1.678122E-05  1.558087E-05  1.443947E-05  1.335638E-05
  1.233052E-05  1.136085E-05  1.044563E-05  9.583312E-06
  8.677855E-06  8.517984E-06  9.636051E-06  1.048199E-05
  1.125648E-05  1.213146E-05  1.297251E-05  1.505961E-05
  1.748852E-05  2.092941E-05  2.417977E-05  2.824884E-05
  3.409868E-05  3.912521E-05  4.581604E-05  5.164238E-05
  6.109114E-05  7.048802E-05  7.847991E-05  8.815324E-05
  9.700982E-05  1.085942E-04  1.223447E-04  1.327746E-04
  1.465368E-04  1.615446E-04  1.779077E-04  1.947082E-04
  2.128732E-04  2.325014E-04  2.557575E-04  2.779542E-04
  3.017414E-04  3.271905E-04  3.543640E-04  3.684077E-05
  3.852078E-05  4.016602E-05  4.175949E-05  4.328346E-05
  4.471871E-05  4.604515E-05  4.724216E-05  4.828862E-05
  4.916362E-05  4.984655E-05  5.031795E-05  5.055977E-05
  5.055596E-05  5.029343E-05  4.976167E-05  4.895398E-05
  4.786753E-05  4.650362E-05  4.486799E-05  4.272597E-05
  4.462132E-05  5.245168E-05  5.955948E-05  6.566761E-05
  7.335734E-05  8.074675E-05  9.663052E-05  1.164851E-04
  1.461059E-04  1.759295E-04  2.137774E-04  2.651067E-04
  3.166290E-04  3.735952E-04  4.204299E-04  4.880994E-04
  5.550329E-04  5.768085E-04  6.085944E-04  6.366079E-04
  6.586998E-04  6.555901E-04  6.542731E-04  6.445060E-04
  6.304655E-04  6.127919E-04  5.866214E-04  5.590701E-04
  5.306877E-04  4.986582E-04  4.681834E-04  4.384604E-04
  4.096881E-04  3.820099E-04
  3.012655E-05  2.854794E-05  2.696001E-05  2.537409E-05
  2.380060E-05  2.224885E-05  2.072665E-05  1.924108E-05
  1.779760E-05  1.640124E-05  1.505561E-05  1.376366E-05
  1.252753E-05  1.134853E-05  1.022735E-05  9.164385E-06
  8.159087E-06  7.210769E-06  6.318550E-06  5.480949E-06
  4.605680E-06  4.001814E-06  4.192225E-06  4.039696E-06
  4.002851E-06  3.730901E-06  3.493455E-06  4.024813E-06
  4.579236E-06  5.537462E-06  6.523273E-06  8.117295E-06
  1.123304E-05  1.340294E-05  1.757272E-05  2.142128E-05
  2.811901E-05  3.469027E-05  4.192792E-05  5.017769E-05
  5.762769E-05  6.786617E-05  8.116190E-05  9.111609E-05
  1.045713E-04  1.193938E-04  1.357038E-04  1.529371E-04
  1.716508E-04  1.919359E-04  2.160494E-04  2.391875E-04
  2.639111E-04  2.902356E-04  3.181512E-04  3.168282E-05
  3.320343E-05  3.467351E-05  3.607771E-05  3.740002E-05
  3.862405E-05  3.973328E-05  4.071185E-05  4.154383E-05
  4.221461E-05  4.271069E-05  4.302043E-05  4.313386E-05
  4.304353E-05  4.274442E-05  4.223431E-05  4.151375E-05
  4.058656E-05  3.945895E-05  3.814032E-05  3.645171E-05
  3.830743E-05  4.512304E-05  5.146953E-05  5.686354E-05
  6.378414E-05  7.038826E-05  8.361501E-05  9.996681E-05
  1.238420E-04  1.474646E-04  1.769391E-04  2.165302E-04
  2.561097E-04  3.003932E-04  3.374234E-04  3.925806E-04
  4.485297E-04  4.711617E-04  5.029463E-04  5.316297E-04
  5.580490E-04  5.650311E-04  5.703262E-04  5.692963E-04
  5.636607E-04  5.537095E-04  5.343258E-04  5.123185E-04
  4.882534E-04  4.596347E-04  4.311485E-04  4.025465E-04
  3.741811E-04  3.463419E-04
  3.318401E-05  3.205380E-05  3.085776E-05  2.960839E-05
  2.831783E-05  2.699744E-05  2.565814E-05  2.430987E-05
  2.296175E-05  2.162207E-05  2.029831E-05  1.899674E-05
  1.772311E-05  1.648228E-05  1.527821E-05  1.411415E-05
  1.299252E-05  1.191549E-05  1.088441E-05  9.899986E-06
  8.853380E-06  8.516898E-06  9.527404E-06  1.017825E-05
  1.081075E-05  1.143122E-05  1.203556E-05  1.401059E-05
  1.630197E-05  1.965447E-05  2.289120E-05  2.713214E-05
  3.361337E-05  3.907355E-05  4.686643E-05  5.378366E-05
  6.524082E-05  7.676164E-05  8.693994E-05  9.921068E-05
  1.105040E-04  1.253864E-04  1.430243E-04  1.564035E-04
  1.739652E-04  1.930160E-04  2.136470E-04  2.343384E-04
  2.563507E-04  2.796875E-04  3.066304E-04  3.313075E-04
  3.568418E-04  3.830722E-04  4.097900E-04  3.423557E-05
  3.519551E-05  3.605119E-05  3.679009E-05  3.740042E-05
  3.787126E-05  3.819273E-05  3.835652E-05  3.835575E-05
  3.818554E-05  3.784284E-05  3.732678E-05  3.663872E-05
  3.578223E-05  3.476325E-05  3.358943E-05  3.227068E-05
  3.081860E-05  2.924628E-05  2.756818E-05  2.558204E-05
  2.581660E-05  2.976147E-05  3.294099E-05  3.576427E-05
  3.901992E-05  4.214486E-05  5.009493E-05  5.983348E-05
  7.445521E-05  8.915365E-05  1.083536E-04  1.362674E-04
  1.629711E-04  1.965566E-04  2.258158E-04  2.721130E-04
  3.199954E-04  3.480313E-04  3.842756E-04  4.174678E-04
  4.541334E-04  4.804770E-04  4.994688E-04  5.172177E-04
  5.311669E-04  5.410488E-04  5.405426E-04  5.360841E-04
  5.279411E-04  5.145961E-04  4.973753E-04  4.780239E-04
  4.569966E-04  4.347265E-04
  3.329031E-05  3.266533E-05  3.194026E-05  3.112512E-05
  3.023030E-05  2.926623E-05  2.824331E-05  2.717183E-05
  2.606165E-05  2.492245E-05  2.376316E-05  2.259219E-05
  2.141731E-05  2.024562E-05  1.908372E-05  1.793702E-05
  1.681084E-05  1.570923E-05  1.463616E-05  1.359461E-05
  1.246859E-05  1.244318E-05  1.421867E-05  1.564776E-05
  1.692097E-05  1.841390E-05  1.984012E-05  2.315697E-05
  2.707644E-05  3.267103E-05  3.802194E-05  4.472923E-05
  5.427415E-05  6.282558E-05  7.387872E-05  8.353453E-05
  9.917341E-05  1.150954E-04  1.274935E-04  1.429669E-04
  1.573592E-04  1.757899E-04  1.961526E-04  2.117064E-04
  2.315711E-04  2.527489E-04  2.752554E-04  2.966169E-04
  3.187504E-04  3.415383E-04  3.668455E-04  3.886189E-04
  4.101231E-04  4.310606E-04  4.510930E-04  3.380587E-05
  3.420310E-05  3.447423E-05  3.461244E-05  3.461236E-05
  3.446973E-05  3.418229E-05  3.374907E-05  3.317101E-05
  3.245067E-05  3.159239E-05  3.060226E-05  2.948778E-05
  2.825808E-05  2.692316E-05  2.549466E-05  2.398448E-05
  2.240552E-05  2.077091E-05  1.909395E-05  1.718180E-05
  1.657452E-05  1.862569E-05  1.986050E-05  2.108064E-05
  2.214998E-05  2.320265E-05  2.762547E-05  3.297801E-05
  4.134312E-05  4.992929E-05  6.176753E-05  8.039116E-05
  9.734968E-05  1.209924E-04  1.421416E-04  1.768895E-04
  2.130070E-04  2.387405E-04  2.708649E-04  3.004943E-04
  3.359881E-04  3.683143E-04  3.919180E-04  4.180766E-04
  4.423882E-04  4.643828E-04  4.780806E-04  4.884097E-04
  4.952467E-04  4.981375E-04  4.949081E-04  4.885222E-04
  4.792555E-04  4.674249E-04
  3.082848E-05  3.010717E-05  2.928228E-05  2.836251E-05
  2.735726E-05  2.627646E-05  2.513029E-05  2.392912E-05
  2.268348E-05  2.140366E-05  2.009971E-05  1.878097E-05
  1.745682E-05  1.613559E-05  1.482507E-05  1.353242E-05
  1.226399E-05  1.102537E-05  9.821524E-06  8.656340E-06
  7.401758E-06  6.600276E-06  7.049427E-06  6.971970E-06
  7.038645E-06  6.774685E-06  6.551606E-06  7.699309E-06
  8.993484E-06  1.118221E-05  1.347347E-05  1.699178E-05
  2.339908E-05  2.844572E-05  3.704513E-05  4.497021E-05
  5.862786E-05  7.254050E-05  8.583526E-05  1.016076E-04
  1.161445E-04  1.354851E-04  1.583796E-04  1.755872E-04
  1.978758E-04  2.216519E-04  2.468777E-04  2.711008E-04
  2.959410E-04  3.211765E-04  3.487356E-04  3.719871E-04
  3.943341E-04  4.153988E-04  4.347913E-04  3.143872E-05
  3.193088E-05  3.229966E-05  3.254091E-05  3.265184E-05
  3.263114E-05  3.247902E-05  3.219722E-05  3.178898E-05
  3.125874E-05  3.061239E-05  2.985705E-05  2.900070E-05
  2.805216E-05  2.702084E-05  2.591700E-05  2.475094E-05
  2.353303E-05  2.227373E-05  2.098322E-05  1.951312E-05
  1.980285E-05  2.286558E-05  2.544642E-05  2.770375E-05
  3.041542E-05  3.300050E-05  3.884096E-05  4.588226E-05
  5.610865E-05  6.609791E-05  7.874990E-05  9.668113E-05
  1.135211E-04  1.346130E-04  1.530249E-04  1.825350E-04
  2.131474E-04  2.335594E-04  2.598542E-04  2.844099E-04
  3.139167E-04  3.410626E-04  3.614300E-04  3.846368E-04
  4.069893E-04  4.280797E-04  4.425120E-04  4.544336E-04
  4.635491E-04  4.695172E-04  4.693815E-04  4.659730E-04
  4.593562E-04  4.496698E-04
  1.044053E-04  1.116764E-04  1.193751E-04  1.274946E-04
  1.360168E-04  1.449102E-04  1.541260E-04  1.635940E-04
  1.732183E-04  1.828719E-04  1.923914E-04  2.015718E-04
  2.101607E-04  2.178558E-04  2.243008E-04  2.290886E-04
  2.317656E-04  2.318446E-04  2.288243E-04  2.222188E-04
  2.100341E-04  2.139016E-04  2.514921E-04  2.802376E-04
  3.076120E-04  3.370107E-04  3.679979E-04  4.874138E-04
  6.577706E-04  9.600146E-04  1.305011E-03  1.756057E-03
  2.253421E-03  2.713133E-03  2.914956E-03  2.959220E-03
  2.874768E-03  2.772861E-03  2.530437E-03  2.341191E-03
  2.208076E-03  2.041326E-03  1.839782E-03  1.724863E-03
  1.591480E-03  1.471745E-03  1.363896E-03  1.262107E-03
  1.170130E-03  1.086750E-03  1.003388E-03  9.332604E-04
  8.692033E-04  8.105625E-04  7.567719E-04  9.756075E-05
  9.113527E-05  8.511696E-05  7.949008E-05  7.423751E-05
  6.934029E-05  6.477862E-05  6.053316E-05  5.658388E-05
  5.291206E-05  4.949882E-05  4.632666E-05  4.337866E-05
  4.063888E-05  3.809232E-05  3.572488E-05  3.352343E-05
  3.147579E-05  2.957055E-05  2.779705E-05  2.595508E-05
  2.664009E-05  3.087814E-05  3.477833E-05  3.811442E-05
  4.243268E-05  4.652939E-05  5.398384E-05  6.277423E-05
  7.474676E-05  8.579455E-05  9.869442E-05  1.152044E-04
  1.304284E-04  1.476695E-04  1.621081E-04  1.843752E-04
  2.064935E-04  2.218679E-04  2.414289E-04  2.594229E-04
  2.819002E-04  3.064935E-04  3.253097E-04  3.495663E-04
  3.757101E-04  4.038961E-04  4.322618E-04  4.628667E-04
  4.959126E-04  5.351183E-04  5.728345E-04  6.136703E-04
  6.579357E-04  7.059791E-04
  8.762870E-05  9.254563E-05  9.761573E-05  1.028109E-04
  1.080944E-04  1.134191E-04  1.187264E-04  1.239442E-04
  1.289857E-04  1.337480E-04  1.381113E-04  1.419380E-04
  1.450737E-04  1.473481E-04  1.485777E-04  1.485705E-04
  1.471322E-04  1.440745E-04  1.392258E-04  1.324439E-04
  1.224314E-04  1.210711E-04  1.396135E-04  1.516501E-04
  1.636278E-04  1.744957E-04  1.860107E-04  2.417961E-04
  3.187113E-04  4.539155E-04  6.078625E-04  8.217090E-04
  1.109913E-03  1.397184E-03  1.643016E-03  1.795990E-03
  1.931737E-03  2.021296E-03  1.928936E-03  1.867370E-03
  1.822335E-03  1.741413E-03  1.607778E-03  1.531364E-03
  1.435714E-03  1.346414E-03  1.263277E-03  1.179475E-03
  1.102445E-03  1.031555E-03  9.594928E-04  8.974590E-04
  8.403077E-04  7.875735E-04  7.388448E-04  8.288538E-05
  7.833009E-05  7.397206E-05  6.981615E-05  6.586403E-05
  6.211464E-05  5.856452E-05  5.520898E-05  5.204187E-05
  4.905618E-05  4.624441E-05  4.359876E-05  4.111110E-05
  3.877329E-05  3.657716E-05  3.451488E-05  3.257882E-05
  3.076134E-05  2.905555E-05  2.745447E-05  2.577761E-05
  2.664664E-05  3.100631E-05  3.508694E-05  3.855436E-05
  4.308439E-05  4.737556E-05  5.501827E-05  6.406065E-05
  7.637120E-05  8.774555E-05  1.009887E-04  1.178081E-04
  1.335094E-04  1.510468E-04  1.657217E-04  1.883014E-04
  2.108826E-04  2.260405E-04  2.456072E-04  2.637257E-04
  2.862198E-04  3.102966E-04  3.288448E-04  3.526055E-04
  3.781780E-04  4.057143E-04  4.330243E-04  4.624145E-04
  4.940698E-04  5.314758E-04  5.671086E-04  6.055579E-04
  6.470949E-04  6.920243E-04
  7.185712E-05  7.505557E-05  7.826625E-05  8.146012E-05
  8.460259E-05  8.765334E-05  9.056526E-05  9.328471E-05
  9.575083E-05  9.789622E-05  9.964675E-05  1.009226E-04
  1.016391E-04  1.017089E-04  1.010438E-04  9.955792E-05
  9.717127E-05  9.381340E-05  8.942834E-05  8.397899E-05
  7.659655E-05  7.443660E-05  8.482044E-05  9.078212E-05
  9.698289E-05  1.018942E-04  1.071990E-04  1.375619E-04
  1.784469E-04  2.494570E-04  3.292604E-04  4.416128E-04
  6.033551E-04  7.649775E-04  9.330160E-04  1.057162E-03
  1.207123E-03  1.333265E-03  1.327159E-03  1.339785E-03
  1.350756E-03  1.336848E-03  1.273091E-03  1.236651E-03
  1.184094E-03  1.131465E-03  1.079543E-03  1.021442E-03
  9.662944E-04  9.141052E-04  8.594838E-04  8.107304E-04
  7.650567E-04  7.222733E-04  6.821962E-04  6.869486E-05
  6.558830E-05  6.255323E-05  5.960174E-05  5.674310E-05
  5.398409E-05  5.132922E-05  4.878141E-05  4.634169E-05
  4.401035E-05  4.178625E-05  3.966772E-05  3.765235E-05
  3.573729E-05  3.391930E-05  3.219487E-05  3.056030E-05
  2.901185E-05  2.754565E-05  2.615795E-05  2.469227E-05
  2.570054E-05  3.001610E-05  3.411958E-05  3.758598E-05
  4.215386E-05  4.647579E-05  5.401789E-05  6.296793E-05
  7.514453E-05  8.640508E-05  9.947459E-05  1.159387E-04
  1.314873E-04  1.486077E-04  1.629125E-04  1.848553E-04
  2.069284E-04  2.212058E-04  2.399052E-04  2.573236E-04
  2.787882E-04  3.012049E-04  3.185830E-04  3.406662E-04
  3.643625E-04  3.898018E-04  4.145870E-04  4.411341E-04
  4.695874E-04  5.029741E-04  5.343396E-04  5.679548E-04
  6.040076E-04  6.427054E-04
  4.462463E-05  4.740212E-05  5.024932E-05  5.315016E-05
  5.608486E-05  5.902957E-05  6.195666E-05  6.483388E-05
  6.762543E-05  7.029025E-05  7.278407E-05  7.505886E-05
  7.706359E-05  7.874534E-05  8.005049E-05  8.092596E-05
  8.132104E-05  8.118903E-05  8.048930E-05  7.918947E-05
  7.699368E-05  8.253826E-05  9.847595E-05  1.139403E-04
  1.270685E-04  1.443841E-04  1.611393E-04  1.944451E-04
  2.368685E-04  3.002997E-04  3.644348E-04  4.438642E-04
  5.436905E-04  6.466202E-04  7.423759E-04  8.127011E-04
  8.970808E-04  9.713052E-04  9.585746E-04  9.586802E-04
  9.591400E-04  9.400355E-04  8.838045E-04  8.498153E-04
  8.022616E-04  7.545202E-04  7.073763E-04  6.571334E-04
  6.096020E-04  5.648560E-04  5.185674E-04  4.783976E-04
  4.411530E-04  4.066600E-04  3.747412E-04  4.193025E-05
  3.932883E-05  3.682777E-05  3.443271E-05  3.214666E-05
  2.997140E-05  2.790734E-05  2.595373E-05  2.410833E-05
  2.236907E-05  2.073258E-05  1.919534E-05  1.775344E-05
  1.640278E-05  1.513916E-05  1.395816E-05  1.285559E-05
  1.182710E-05  1.086852E-05  9.975921E-06  9.049329E-06
  8.914902E-06  1.010257E-05  1.103061E-05  1.187226E-05
  1.285017E-05  1.378870E-05  1.597286E-05  1.850838E-05
  2.205449E-05  2.536854E-05  2.944631E-05  3.518027E-05
  4.009992E-05  4.649966E-05  5.201962E-05  6.088274E-05
  6.960175E-05  7.700861E-05  8.592475E-05  9.402900E-05
  1.046155E-04  1.173227E-04  1.269204E-04  1.396482E-04
  1.535596E-04  1.687674E-04  1.846609E-04  2.019807E-04
  2.208620E-04  2.435146E-04  2.656202E-04  2.896876E-04
  3.159007E-04  3.444624E-04
  4.484694E-05  4.699239E-05  4.912205E-05  5.121591E-05
  5.325120E-05  5.520268E-05  5.704333E-05  5.874342E-05
  6.027217E-05  6.159714E-05  6.268534E-05  6.350390E-05
  6.402066E-05  6.420520E-05  6.402987E-05  6.347073E-05
  6.250854E-05  6.113019E-05  5.932852E-05  5.710421E-05
  5.412172E-05  5.606139E-05  6.570620E-05  7.414448E-05
  8.150153E-05  9.049541E-05  9.920642E-05  1.198069E-04
  1.458915E-04  1.858392E-04  2.269218E-04  2.801889E-04
  3.534736E-04  4.273517E-04  5.082319E-04  5.734583E-04
  6.643180E-04  7.512529E-04  7.712617E-04  8.030577E-04
  8.301263E-04  8.452647E-04  8.256184E-04  8.138071E-04
  7.901086E-04  7.625749E-04  7.322133E-04  6.940110E-04
  6.558442E-04  6.182084E-04  5.774458E-04  5.401872E-04
  5.047065E-04  4.710605E-04  4.392630E-04  4.270374E-05
  4.057797E-05  3.848308E-05  3.643005E-05  3.442809E-05
  3.248463E-05  3.060522E-05  2.879444E-05  2.705520E-05
  2.538957E-05  2.379865E-05  2.228264E-05  2.084113E-05
  1.947294E-05  1.817698E-05  1.695117E-05  1.579342E-05
  1.470152E-05  1.367284E-05  1.270489E-05  1.168948E-05
  1.174546E-05  1.346110E-05  1.491699E-05  1.619586E-05
  1.776431E-05  1.925918E-05  2.236076E-05  2.599961E-05
  3.105283E-05  3.577352E-05  4.148094E-05  4.923663E-05
  5.614959E-05  6.467317E-05  7.197403E-05  8.356736E-05
  9.511744E-05  1.041390E-04  1.153003E-04  1.255585E-04
  1.387417E-04  1.538910E-04  1.654427E-04  1.805595E-04
  1.969950E-04  2.148678E-04  2.330747E-04  2.527711E-04
  2.740807E-04  2.993801E-04  3.236049E-04  3.497061E-04
  3.778169E-04  4.080748E-04
  4.245540E-05  4.392600E-05  4.532442E-05  4.663181E-05
  4.782887E-05  4.889511E-05  4.980968E-05  5.055151E-05
  5.109971E-05  5.143406E-05  5.153560E-05  5.138699E-05
  5.097331E-05  5.028245E-05  4.930569E-05  4.803798E-05
  4.647896E-05  4.463225E-05  4.250658E-05  4.011504E-05
  3.714328E-05  3.723887E-05  4.287720E-05  4.717254E-05
  5.108140E-05  5.535148E-05  5.951766E-05  7.194906E-05
  8.757690E-05  1.120587E-04  1.375538E-04  1.718102E-04
  2.220316E-04  2.712598E-04  3.310117E-04  3.816263E-04
  4.576673E-04  5.335493E-04  5.660316E-04  6.090657E-04
  6.467613E-04  6.809054E-04  6.901376E-04  6.969600E-04
  6.962661E-04  6.904373E-04  6.800907E-04  6.593111E-04
  6.362666E-04  6.115789E-04  5.826614E-04  5.539081E-04
  5.253471E-04  4.972487E-04  4.698230E-04  4.092959E-05
  3.936461E-05  3.777485E-05  3.617346E-05  3.457205E-05
  3.298065E-05  3.140830E-05  2.986247E-05  2.834953E-05
  2.687478E-05  2.544250E-05  2.405596E-05  2.271773E-05
  2.142967E-05  2.019282E-05  1.900804E-05  1.787519E-05
  1.679413E-05  1.576420E-05  1.478464E-05  1.374587E-05
  1.400745E-05  1.618003E-05  1.811153E-05  1.977882E-05
  2.188353E-05  2.388264E-05  2.777314E-05  3.236911E-05
  3.872718E-05  4.466917E-05  5.177885E-05  6.123081E-05
  6.987439E-05  8.016061E-05  8.892964E-05  1.027429E-04
  1.166347E-04  1.267865E-04  1.396277E-04  1.515306E-04
  1.666141E-04  1.832778E-04  1.960778E-04  2.126033E-04
  2.304518E-04  2.497277E-04  2.688297E-04  2.892916E-04
  3.111970E-04  3.368358E-04  3.607965E-04  3.862230E-04
  4.131531E-04  4.416102E-04
  3.157496E-05  3.309105E-05  3.455747E-05  3.595900E-05
  3.727973E-05  3.850344E-05  3.961390E-05  4.059479E-05
  4.143062E-05  4.210689E-05  4.260983E-05  4.292785E-05
  4.305100E-05  4.297160E-05  4.268459E-05  4.218722E-05
  4.148027E-05  4.056701E-05  3.945359E-05  3.814920E-05
  3.647598E-05  3.835569E-05  4.519352E-05  5.157203E-05
  5.699109E-05  6.395274E-05  7.059597E-05  8.386133E-05
  1.002630E-04  1.242001E-04  1.478768E-04  1.773928E-04
  2.169749E-04  2.565673E-04  3.007529E-04  3.376604E-04
  3.925516E-04  4.481933E-04  4.705022E-04  5.019205E-04
  5.302759E-04  5.562999E-04  5.629366E-04  5.680133E-04
  5.667811E-04  5.610044E-04  5.509740E-04  5.316134E-04
  5.096791E-04  4.857275E-04  4.572733E-04  4.289703E-04
  4.005625E-04  3.723966E-04  3.447564E-04  3.002387E-05
  2.845132E-05  2.686973E-05  2.529061E-05  2.372414E-05
  2.217942E-05  2.066444E-05  1.918590E-05  1.774954E-05
  1.636005E-05  1.502102E-05  1.373550E-05  1.250536E-05
  1.133222E-05  1.021650E-05  9.158600E-06  8.157982E-06
  7.214147E-06  6.325907E-06  5.491999E-06  4.620475E-06
  4.023326E-06  4.221131E-06  4.078062E-06  4.048497E-06
  3.787727E-06  3.560844E-06  4.103896E-06  4.672834E-06
  5.649803E-06  6.652575E-06  8.263342E-06  1.139259E-05
  1.358145E-05  1.775910E-05  2.161179E-05  2.830982E-05
  3.488341E-05  4.209760E-05  5.032668E-05  5.775923E-05
  6.796681E-05  8.120546E-05  9.111768E-05  1.045110E-04
  1.192614E-04  1.354886E-04  1.526252E-04  1.712297E-04
  1.913923E-04  2.153549E-04  2.383414E-04  2.628991E-04
  2.890436E-04  3.167655E-04
  3.394999E-05  3.496090E-05  3.587163E-05  3.666935E-05
  3.734191E-05  3.787783E-05  3.826684E-05  3.849980E-05
  3.856924E-05  3.846960E-05  3.819687E-05  3.774961E-05
  3.712831E-05  3.633571E-05  3.537695E-05  3.425919E-05
  3.299162E-05  3.158538E-05  3.005319E-05  2.840901E-05
  2.645350E-05  2.682830E-05  3.101009E-05  3.445536E-05
  3.749292E-05  4.105734E-05  4.447427E-05  5.284483E-05
  6.310642E-05  7.844531E-05  9.382395E-05  1.137881E-04
  1.425416E-04  1.701818E-04  2.045188E-04  2.343244E-04
  2.812507E-04  3.297302E-04  3.573933E-04  3.933541E-04
  4.262668E-04  4.622480E-04  4.872110E-04  5.052150E-04
  5.215717E-04  5.340311E-04  5.423631E-04  5.403218E-04
  5.343918E-04  5.248687E-04  5.101471E-04  4.918580E-04
  4.715857E-04  4.497848E-04  4.268818E-04  3.285171E-05
  3.167932E-05  3.044556E-05  2.916297E-05  2.784362E-05
  2.649871E-05  2.513920E-05  2.377443E-05  2.241370E-05
  2.106484E-05  1.973504E-05  1.843045E-05  1.715648E-05
  1.591763E-05  1.471769E-05  1.355967E-05  1.244574E-05
  1.137787E-05  1.035702E-05  9.383912E-06  8.351061E-06
  7.973961E-06  8.880631E-06  9.425801E-06  9.971204E-06
  1.047277E-05  1.096517E-05  1.276030E-05  1.483458E-05
  1.789155E-05  2.085277E-05  2.477665E-05  3.087132E-05
  3.594454E-05  4.333675E-05  4.992073E-05  6.087359E-05
  7.186967E-05  8.177848E-05  9.366192E-05  1.045826E-04
  1.190312E-04  1.363049E-04  1.493918E-04  1.666186E-04
  1.853335E-04  2.056317E-04  2.260912E-04  2.478975E-04
  2.710626E-04  2.978786E-04  3.225474E-04  3.481473E-04
  3.745317E-04  4.015066E-04
  3.377779E-05  3.419728E-05  3.449154E-05  3.465357E-05
  3.467765E-05  3.455945E-05  3.429651E-05  3.388751E-05
  3.333293E-05  3.263551E-05  3.179909E-05  3.082953E-05
  2.973412E-05  2.852184E-05  2.720268E-05  2.578783E-05
  2.428945E-05  2.272009E-05  2.109304E-05  1.942154E-05
  1.751320E-05  1.694860E-05  1.908152E-05  2.040448E-05
  2.169632E-05  2.286687E-05  2.401485E-05  2.858261E-05
  3.411399E-05  4.272594E-05  5.154679E-05  6.365471E-05
  8.259394E-05  9.989157E-05  1.238472E-04  1.452436E-04
  1.803287E-04  2.167908E-04  2.425448E-04  2.747509E-04
  3.044540E-04  3.399330E-04  3.720055E-04  3.954208E-04
  4.212604E-04  4.451901E-04  4.667464E-04  4.799378E-04
  4.897398E-04  4.960406E-04  4.983468E-04  4.946093E-04
  4.877470E-04  4.780423E-04  4.658162E-04  3.324092E-05
  3.259577E-05  3.185175E-05  3.101925E-05  3.010825E-05
  2.912958E-05  2.809352E-05  2.701028E-05  2.588995E-05
  2.474189E-05  2.357514E-05  2.239804E-05  2.121828E-05
  2.004291E-05  1.887826E-05  1.772991E-05  1.660282E-05
  1.550138E-05  1.442916E-05  1.338903E-05  1.226539E-05
  1.221944E-05  1.394968E-05  1.533116E-05  1.656561E-05
  1.800460E-05  1.938008E-05  2.261922E-05  2.644428E-05
  3.191117E-05  3.714336E-05  4.371576E-05  5.310124E-05
  6.148859E-05  7.238067E-05  8.190406E-05  9.734760E-05
  1.130648E-04  1.253768E-04  1.407173E-04  1.549798E-04
  1.732686E-04  1.935391E-04  2.090161E-04  2.288054E-04
  2.499171E-04  2.723695E-04  2.937290E-04  3.158820E-04
  3.387153E-04  3.641118E-04  3.860190E-04  4.076975E-04
  4.288528E-04  4.491514E-04
  3.147468E-05  3.196163E-05  3.232520E-05  3.256119E-05
  3.266692E-05  3.264096E-05  3.248348E-05  3.219620E-05
  3.178232E-05  3.124637E-05  3.059411E-05  2.983259E-05
  2.896977E-05  2.801464E-05  2.697667E-05  2.586586E-05
  2.469264E-05  2.346752E-05  2.220099E-05  2.090320E-05
  1.942488E-05  1.969293E-05  2.272649E-05  2.527116E-05
  2.750005E-05  3.016849E-05  3.271323E-05  3.850950E-05
  4.549770E-05  5.566006E-05  6.559577E-05  7.820123E-05
  9.610835E-05  1.129115E-04  1.340132E-04  1.524448E-04
  1.820070E-04  2.126744E-04  2.331711E-04  2.595507E-04
  2.841779E-04  3.137768E-04  3.410210E-04  3.614499E-04
  3.847209E-04  4.071248E-04  4.282524E-04  4.427021E-04
  4.546287E-04  4.637395E-04  4.696954E-04  4.695471E-04
  4.661302E-04  4.595129E-04  4.498381E-04  3.086992E-05
  3.015401E-05  2.933474E-05  2.842069E-05  2.742121E-05
  2.634634E-05  2.520601E-05  2.401092E-05  2.277133E-05
  2.149761E-05  2.019947E-05  1.888676E-05  1.756834E-05
  1.625276E-05  1.494768E-05  1.366023E-05  1.239670E-05
  1.116273E-05  9.963087E-06  8.801918E-06  7.551339E-06
  6.772906E-06  7.261493E-06  7.228609E-06  7.331056E-06
  7.119076E-06  6.944827E-06  8.157337E-06  9.530255E-06
  1.182160E-05  1.420568E-05  1.782166E-05  2.432711E-05
  2.948293E-05  3.816190E-05  4.614399E-05  5.986927E-05
  7.385136E-05  8.712302E-05  1.028915E-04  1.174292E-04
  1.367472E-04  1.595641E-04  1.767208E-04  1.989317E-04
  2.226220E-04  2.477550E-04  2.718743E-04  2.966102E-04
  3.217444E-04  3.491978E-04  3.723626E-04  3.946348E-04
  4.156392E-04  4.349868E-04
  3.255940E-05  3.242253E-05  3.215627E-05  3.176372E-05
  3.124912E-05  3.061814E-05  2.987774E-05  2.903589E-05
  2.810096E-05  2.708272E-05  2.599095E-05  2.483580E-05
  2.362786E-05  2.237736E-05  2.109457E-05  1.978932E-05
  1.847124E-05  1.714915E-05  1.583145E-05  1.452571E-05
  1.308622E-05  1.268815E-05  1.427739E-05  1.532012E-05
  1.631842E-05  1.729383E-05  1.824089E-05  2.144359E-05
  2.523965E-05  3.094201E-05  3.660055E-05  4.416229E-05
  5.581855E-05  6.610547E-05  8.053863E-05  9.343983E-05
  1.148191E-04  1.368731E-04  1.544675E-04  1.762404E-04
  1.965005E-04  2.222738E-04  2.497352E-04  2.704116E-04
  2.959310E-04  3.221791E-04  3.489149E-04  3.720043E-04
  3.942702E-04  4.153361E-04  4.361790E-04  4.509250E-04
  4.630620E-04  4.723030E-04  4.784156E-04  3.256532E-05
  3.244028E-05  3.218564E-05  3.180452E-05  3.130096E-05
  3.068063E-05  2.995038E-05  2.911794E-05  2.819208E-05
  2.718200E-05  2.609772E-05  2.494936E-05  2.374729E-05
  2.250202E-05  2.122367E-05  1.992217E-05  1.860704E-05
  1.728726E-05  1.597115E-05  1.466640E-05  1.322721E-05
  1.284602E-05  1.446871E-05  1.554743E-05  1.657496E-05
  1.759154E-05  1.857721E-05  2.183765E-05  2.570399E-05
  3.150145E-05  3.724894E-05  4.491124E-05  5.668361E-05
  6.709318E-05  8.164137E-05  9.463521E-05  1.161473E-04
  1.383411E-04  1.559742E-04  1.778175E-04  1.981466E-04
  2.239818E-04  2.514454E-04  2.721263E-04  2.976262E-04
  3.238364E-04  3.505133E-04  3.734995E-04  3.956395E-04
  4.165561E-04  4.372062E-04  4.517489E-04  4.636658E-04
  4.726723E-04  4.785403E-04
  3.094494E-05  3.024369E-05  2.943818E-05  2.853682E-05
  2.754898E-05  2.648443E-05  2.535334E-05  2.416606E-05
  2.293307E-05  2.166465E-05  2.037068E-05  1.906088E-05
  1.774429E-05  1.642940E-05  1.512404E-05  1.383548E-05
  1.257004E-05  1.133334E-05  1.013041E-05  8.965401E-06
  7.709885E-06  6.943309E-06  7.463968E-06  7.463026E-06
  7.591879E-06  7.415585E-06  7.274924E-06  8.544491E-06
  9.986274E-06  1.237320E-05  1.484791E-05  1.857094E-05
  2.521208E-05  3.050334E-05  3.932935E-05  4.743613E-05
  6.135322E-05  7.553675E-05  8.891549E-05  1.048344E-04
  1.195162E-04  1.389993E-04  1.619449E-04  1.792015E-04
  2.015160E-04  2.252989E-04  2.505091E-04  2.746488E-04
  2.993773E-04  3.244716E-04  3.518344E-04  3.748584E-04
  3.969468E-04  4.177229E-04  4.367980E-04  3.153417E-05
  3.200491E-05  3.235177E-05  3.257081E-05  3.265936E-05
  3.261608E-05  3.244171E-05  3.213782E-05  3.170786E-05
  3.115651E-05  3.048977E-05  2.971472E-05  2.883957E-05
  2.787322E-05  2.682518E-05  2.570575E-05  2.452520E-05
  2.329403E-05  2.202268E-05  2.072139E-05  1.924069E-05
  1.948434E-05  2.247217E-05  2.496717E-05  2.715578E-05
  2.976758E-05  3.225888E-05  3.797439E-05  4.486310E-05
  5.488857E-05  6.469423E-05  7.715070E-05  9.488325E-05
  1.114989E-04  1.324252E-04  1.507165E-04  1.800822E-04
  2.105444E-04  2.310110E-04  2.573201E-04  2.818800E-04
  3.114502E-04  3.387977E-04  3.593044E-04  3.827281E-04
  4.053294E-04  4.267015E-04  4.414619E-04  4.537334E-04
  4.632187E-04  4.696107E-04  4.698689E-04  4.668545E-04
  4.606276E-04  4.513225E-04
  3.340352E-05  3.280532E-05  3.210594E-05  3.131523E-05
  3.044327E-05  2.950068E-05  2.849769E-05  2.744450E-05
  2.635106E-05  2.522703E-05  2.408121E-05  2.292216E-05
  2.175770E-05  2.059484E-05  1.944035E-05  1.829974E-05
  1.717819E-05  1.608015E-05  1.500935E-05  1.396907E-05
  1.284320E-05  1.286198E-05  1.472568E-05  1.624995E-05
  1.760033E-05  1.920242E-05  2.073115E-05  2.419726E-05
  2.829763E-05  3.413412E-05  3.970802E-05  4.666235E-05
  5.648585E-05  6.533047E-05  7.664980E-05  8.651774E-05
  1.024580E-04  1.186951E-04  1.311834E-04  1.468224E-04
  1.613796E-04  1.799706E-04  2.003852E-04  2.159919E-04
  2.358825E-04  2.570647E-04  2.795505E-04  3.008128E-04
  3.228145E-04  3.454359E-04  3.705113E-04  3.920138E-04
  4.132080E-04  4.337949E-04  4.534379E-04  3.389110E-05
  3.425952E-05  3.450100E-05  3.460901E-05  3.457823E-05
  3.440488E-05  3.408653E-05  3.362264E-05  3.301425E-05
  3.226419E-05  3.137694E-05  3.035878E-05  2.921728E-05
  2.796178E-05  2.660252E-05  2.515110E-05  2.361966E-05
  2.202110E-05  2.036861E-05  1.867564E-05  1.674770E-05
  1.606842E-05  1.800120E-05  1.910070E-05  2.021265E-05
  2.112450E-05  2.202890E-05  2.625347E-05  3.136378E-05
  3.940965E-05  4.770422E-05  5.923217E-05  7.754192E-05
  9.414713E-05  1.175336E-04  1.384992E-04  1.730341E-04
  2.089335E-04  2.347662E-04  2.669293E-04  2.965817E-04
  3.321906E-04  3.648358E-04  3.886568E-04  4.151444E-04
  4.398257E-04  4.622299E-04  4.763942E-04  4.872125E-04
  4.945571E-04  4.980203E-04  4.953127E-04  4.894417E-04
  4.806764E-04  4.693283E-04
  3.321086E-05  3.207632E-05  3.087602E-05  2.962258E-05
  2.832797E-05  2.700396E-05  2.566099E-05  2.430940E-05
  2.295807E-05  2.161543E-05  2.028880E-05  1.898471E-05
  1.770883E-05  1.646578E-05  1.525972E-05  1.409384E-05
  1.297072E-05  1.189229E-05  1.085985E-05  9.874341E-06
  8.826705E-06  8.485781E-06  9.489034E-06  1.013144E-05
  1.075724E-05  1.136813E-05  1.196337E-05  1.392631E-05
  1.620276E-05  1.953567E-05  2.275445E-05  2.697601E-05
  3.343716E-05  3.887490E-05  4.664994E-05  5.355365E-05
  6.499338E-05  7.649527E-05  8.667480E-05  9.894137E-05
  1.102301E-04  1.251116E-04  1.427611E-04  1.561479E-04
  1.737234E-04  1.927911E-04  2.134426E-04  2.341614E-04
  2.562050E-04  2.795770E-04  3.065637E-04  3.312865E-04
  3.568704E-04  3.831550E-04  4.099317E-04  3.426693E-05
  3.523153E-05  3.609182E-05  3.683534E-05  3.745016E-05
  3.792553E-05  3.825144E-05  3.841939E-05  3.842264E-05
  3.825612E-05  3.791683E-05  3.740372E-05  3.671832E-05
  3.586395E-05  3.484649E-05  3.367374E-05  3.235550E-05
  3.090344E-05  2.933048E-05  2.765128E-05  2.566322E-05
  2.590437E-05  2.986639E-05  3.306283E-05  3.590023E-05
  3.917484E-05  4.231755E-05  5.030004E-05  6.007905E-05
  7.475895E-05  8.951496E-05  1.087856E-04  1.367914E-04
  1.635901E-04  1.972761E-04  2.266173E-04  2.730312E-04
  3.210300E-04  3.490911E-04  3.853770E-04  4.186039E-04
  4.552825E-04  4.815795E-04  5.005376E-04  5.182265E-04
  5.321059E-04  5.419100E-04  5.413156E-04  5.367685E-04
  5.285388E-04  5.151008E-04  4.977987E-04  4.783702E-04
  4.572707E-04  4.349322E-04
  3.039516E-05  2.881820E-05  2.723089E-05  2.564476E-05
  2.407030E-05  2.251676E-05  2.099222E-05  1.950373E-05
  1.805689E-05  1.665660E-05  1.530676E-05  1.401032E-05
  1.276930E-05  1.158519E-05  1.045892E-05  9.390456E-06
  8.379710E-06  7.425869E-06  6.528089E-06  5.684763E-06
  4.803319E-06  4.214611E-06  4.445085E-06  4.333311E-06
  4.330182E-06  4.104304E-06  3.910285E-06  4.510517E-06
  5.147481E-06  6.217210E-06  7.305985E-06  9.016968E-06
  1.227303E-05  1.458240E-05  1.889350E-05  2.285824E-05
  2.972971E-05  3.647934E-05  4.380774E-05  5.218792E-05
  5.976255E-05  7.014632E-05  8.356871E-05  9.362466E-05
  1.072010E-04  1.221486E-04  1.385884E-04  1.559291E-04
  1.747511E-04  1.951451E-04  2.193752E-04  2.426048E-04
  2.674161E-04  2.938233E-04  3.218151E-04  3.194897E-05
  3.346592E-05  3.493115E-05  3.632934E-05  3.764434E-05
  3.885979E-05  3.995912E-05  4.092630E-05  4.174548E-05
  4.240216E-05  4.288287E-05  4.317568E-05  4.327104E-05
  4.316136E-05  4.284177E-05  4.231014E-05  4.156722E-05
  4.061670E-05  3.946536E-05  3.812249E-05  3.640642E-05
  3.821871E-05  4.499496E-05  5.128385E-05  5.663441E-05
  6.348318E-05  7.002031E-05  8.319607E-05  9.948728E-05
  1.233036E-04  1.468895E-04  1.763656E-04  2.160514E-04
  2.556937E-04  3.001728E-04  3.373958E-04  3.928957E-04
  4.491930E-04  4.721282E-04  5.042515E-04  5.332310E-04
  5.600029E-04  5.673188E-04  5.728441E-04  5.720695E-04
  5.666695E-04  5.569324E-04  5.376993E-04  5.158181E-04
  4.918545E-04  4.633171E-04  4.348653E-04  4.062783E-04
  3.779109E-04  3.500544E-04
  3.516026E-05  3.344563E-05  3.173835E-05  3.004915E-05
  2.838719E-05  2.676030E-05  2.517494E-05  2.363641E-05
  2.214908E-05  2.071607E-05  1.933968E-05  1.802164E-05
  1.676261E-05  1.556302E-05  1.442262E-05  1.334073E-05
  1.231632E-05  1.134804E-05  1.043433E-05  9.573600E-06
  8.669889E-06  8.511588E-06  9.629755E-06  1.047665E-05
  1.125177E-05  1.212826E-05  1.297068E-05  1.505707E-05
  1.748512E-05  2.092420E-05  2.417200E-05  2.823639E-05
  3.407616E-05  3.909493E-05  4.577097E-05  5.158325E-05
  6.100680E-05  7.037775E-05  7.834379E-05  8.798639E-05
  9.681399E-05  1.083593E-04  1.220625E-04  1.324563E-04
  1.461709E-04  1.611268E-04  1.774329E-04  1.941781E-04
  2.122849E-04  2.318521E-04  2.550398E-04  2.771782E-04
  3.009080E-04  3.263030E-04  3.534280E-04  3.687019E-05
  3.856184E-05  4.021995E-05  4.182811E-05  4.336821E-05
  4.482116E-05  4.616686E-05  4.738452E-05  4.845279E-05
  4.935054E-05  5.005705E-05  5.055230E-05  5.081795E-05
  5.083778E-05  5.059778E-05  5.008733E-05  4.929893E-05
  4.822942E-05  4.687958E-05  4.525475E-05  4.312056E-05
  4.506976E-05  5.300202E-05  6.022034E-05  6.641966E-05
  7.423868E-05  8.175248E-05  9.784126E-05  1.179585E-04
  1.479593E-04  1.781587E-04  2.164460E-04  2.682636E-04
  3.203175E-04  3.776613E-04  4.247188E-04  4.925249E-04
  5.594963E-04  5.808331E-04  6.121914E-04  6.398203E-04
  6.613373E-04  6.574992E-04  6.557220E-04  6.454254E-04
  6.309148E-04  6.128357E-04  5.863550E-04  5.585597E-04
  5.299913E-04  4.978185E-04  4.672681E-04  4.375031E-04
  4.087154E-04  3.810431E-04
  3.095480E-05  2.879672E-05  2.672946E-05  2.475613E-05
  2.287912E-05  2.109857E-05  1.941443E-05  1.782520E-05
  1.632920E-05  1.492384E-05  1.360602E-05  1.237281E-05
  1.122060E-05  1.014570E-05  9.144518E-06  8.213178E-06
  7.347976E-06  6.545196E-06  5.801168E-06  5.112545E-06
  4.402580E-06  4.000616E-06  4.315938E-06  4.381869E-06
  4.504485E-06  4.513122E-06  4.536639E-06  5.216070E-06
  5.958933E-06  7.086016E-06  8.172928E-06  9.709152E-06
  1.234739E-05  1.426896E-05  1.753685E-05  2.047315E-05
  2.544587E-05  3.023211E-05  3.537349E-05  4.120342E-05
  4.640798E-05  5.351531E-05  6.282674E-05  6.975545E-05
  7.916248E-05  8.954127E-05  1.009884E-04  1.133418E-04
  1.268917E-04  1.417523E-04  1.597178E-04  1.774742E-04
  1.968812E-04  2.180906E-04  2.412659E-04  3.319886E-05
  3.552201E-05  3.791530E-05  4.036778E-05  4.286534E-05
  4.539158E-05  4.792706E-05  5.044950E-05  5.293310E-05
  5.534970E-05  5.766773E-05  5.985336E-05  6.187041E-05
  6.368119E-05  6.524686E-05  6.652894E-05  6.748945E-05
  6.809278E-05  6.830648E-05  6.810235E-05  6.735033E-05
  7.392652E-05  8.909563E-05  1.047362E-04  1.177551E-04
  1.356528E-04  1.528407E-04  1.825941E-04  2.200281E-04
  2.738747E-04  3.266284E-04  3.890177E-04  4.626460E-04
  5.395925E-04  6.061823E-04  6.542428E-04  7.106541E-04
  7.612640E-04  7.480670E-04  7.451425E-04  7.435051E-04
  7.269947E-04  6.820640E-04  6.546472E-04  6.163436E-04
  5.776754E-04  5.392555E-04  4.983819E-04  4.595110E-04
  4.227526E-04  3.846117E-04  3.515562E-04  3.208578E-04
  2.924012E-04  2.660618E-04
  6.067670E-05  5.826619E-05  5.587901E-05  5.352853E-05
  5.122546E-05  4.897859E-05  4.679446E-05  4.467833E-05
  4.263383E-05  4.066345E-05  3.876862E-05  3.695000E-05
  3.520737E-05  3.354018E-05  3.194697E-05  3.042631E-05
  2.897643E-05  2.759514E-05  2.628013E-05  2.502917E-05
  2.370080E-05  2.476716E-05  2.898795E-05  3.303653E-05
  3.644584E-05  4.096017E-05  4.522899E-05  5.259199E-05
  6.134395E-05  7.324504E-05  8.425523E-05  9.700881E-05
  1.129948E-04  1.281923E-04  1.447806E-04  1.586254E-04
  1.798168E-04  2.012010E-04  2.147145E-04  2.325705E-04
  2.492576E-04  2.697184E-04  2.907451E-04  3.071044E-04
  3.277767E-04  3.499028E-04  3.735953E-04  3.963948E-04
  4.207216E-04  4.466899E-04  4.769902E-04  5.051613E-04
  5.351825E-04  5.671851E-04  6.013101E-04  6.309478E-05
  6.550125E-05  6.787392E-05  7.018669E-05  7.240996E-05
  7.450990E-05  7.644862E-05  7.818414E-05  7.967042E-05
  8.085793E-05  8.169381E-05  8.212307E-05  8.208930E-05
  8.153632E-05  8.040959E-05  7.865839E-05  7.623803E-05
  7.311208E-05  6.925518E-05  6.465537E-05  5.862680E-05
  5.655125E-05  6.410023E-05  6.818183E-05  7.253196E-05
  7.574562E-05  7.926256E-05  1.010223E-04  1.299775E-04
  1.799082E-04  2.355675E-04  3.141204E-04  4.296605E-04
  5.443007E-04  6.714205E-04  7.702592E-04  8.999913E-04
  1.016184E-03  1.033126E-03  1.065174E-03  1.092116E-03
  1.102000E-03  1.069541E-03  1.051549E-03  1.020482E-03
  9.871025E-04  9.523116E-04  9.094269E-04  8.675948E-04
  8.270627E-04  7.835982E-04  7.436429E-04  7.056858E-04
  6.696842E-04  6.355785E-04
  7.670695E-05  7.277759E-05  6.898838E-05  6.534810E-05
  6.186229E-05  5.853348E-05  5.536251E-05  5.234788E-05
  4.948704E-05  4.677621E-05  4.421092E-05  4.178594E-05
  3.949583E-05  3.733466E-05  3.529661E-05  3.337554E-05
  3.156558E-05  2.986084E-05  2.825555E-05  2.674422E-05
  2.515654E-05  2.606500E-05  3.036776E-05  3.441645E-05
  3.784971E-05  4.234792E-05  4.660725E-05  5.414310E-05
  6.306869E-05  7.521916E-05  8.645054E-05  9.951642E-05
  1.160704E-04  1.315852E-04  1.488384E-04  1.632714E-04
  1.854620E-04  2.077031E-04  2.224568E-04  2.415941E-04
  2.593536E-04  2.813526E-04  3.047139E-04  3.227514E-04
  3.457996E-04  3.705856E-04  3.972543E-04  4.235510E-04
  4.518111E-04  4.822050E-04  5.180434E-04  5.520300E-04
  5.886265E-04  6.280748E-04  6.706450E-04  8.076381E-05
  8.493068E-05  8.918442E-05  9.349549E-05  9.782712E-05
  1.021339E-04  1.063612E-04  1.104439E-04  1.143058E-04
  1.178588E-04  1.210034E-04  1.236281E-04  1.256106E-04
  1.268197E-04  1.271178E-04  1.263653E-04  1.244249E-04
  1.211685E-04  1.164849E-04  1.102877E-04  1.014869E-04
  9.981241E-05  1.146230E-04  1.239360E-04  1.332859E-04
  1.415031E-04  1.502128E-04  1.937727E-04  2.531371E-04
  3.566570E-04  4.737104E-04  6.372003E-04  8.644995E-04
  1.092200E-03  1.306631E-03  1.452411E-03  1.605298E-03
  1.720842E-03  1.671225E-03  1.646203E-03  1.628053E-03
  1.577582E-03  1.473637E-03  1.414009E-03  1.336002E-03
  1.261455E-03  1.190686E-03  1.116830E-03  1.048204E-03
  9.844520E-04  9.190083E-04  8.619819E-04  8.091543E-04
  7.601685E-04  7.147011E-04
  9.459803E-05  8.854682E-05  8.285797E-05  7.752110E-05
  7.252314E-05  6.784920E-05  6.348333E-05  5.940924E-05
  5.561003E-05  5.206918E-05  4.877072E-05  4.569867E-05
  4.283803E-05  4.017442E-05  3.769448E-05  3.538510E-05
  3.323417E-05  3.123047E-05  2.936358E-05  2.762328E-05
  2.581360E-05  2.652180E-05  3.075848E-05  3.466672E-05
  3.800627E-05  4.233483E-05  4.644020E-05  5.388902E-05
  6.267708E-05  7.464687E-05  8.569516E-05  9.859209E-05
  1.150835E-04  1.303178E-04  1.475410E-04  1.619652E-04
  1.842066E-04  2.063239E-04  2.216277E-04  2.411392E-04
  2.591067E-04  2.815354E-04  3.060054E-04  3.247476E-04
  3.488910E-04  3.749125E-04  4.029668E-04  4.311464E-04
  4.615455E-04  4.943645E-04  5.332881E-04  5.706890E-04
  6.111748E-04  6.550523E-04  7.026679E-04  1.010185E-04
  1.078101E-04  1.149681E-04  1.224797E-04  1.303211E-04
  1.384555E-04  1.468292E-04  1.553689E-04  1.639776E-04
  1.725300E-04  1.808690E-04  1.888009E-04  1.960925E-04
  2.024683E-04  2.076105E-04  2.111619E-04  2.127321E-04
  2.119101E-04  2.082821E-04  2.014576E-04  1.896083E-04
  1.920520E-04  2.249551E-04  2.494621E-04  2.729090E-04
  2.974371E-04  3.232222E-04  4.259335E-04  5.713225E-04
  8.287083E-04  1.122848E-03  1.514361E-03  1.971116E-03
  2.404129E-03  2.639684E-03  2.724190E-03  2.701993E-03
  2.647338E-03  2.432976E-03  2.267663E-03  2.150520E-03
  1.998085E-03  1.806419E-03  1.697193E-03  1.569152E-03
  1.453660E-03  1.349212E-03  1.249746E-03  1.159711E-03
  1.077964E-03  9.960860E-04  9.270095E-04  8.638647E-04
  8.060173E-04  7.529184E-04
  1.466590E-04  1.385139E-04  1.307438E-04  1.233595E-04
  1.163634E-04  1.097514E-04  1.035152E-04  9.764273E-05
  9.212004E-05  8.693147E-05  8.206056E-05  7.749046E-05
  7.320443E-05  6.918577E-05  6.541835E-05  6.188657E-05
  5.857549E-05  5.547087E-05  5.255923E-05  4.982795E-05
  4.696817E-05  4.881100E-05  5.695477E-05  6.469186E-05
  7.123437E-05  7.985967E-05  8.802327E-05  1.022280E-04
  1.190578E-04  1.418954E-04  1.629574E-04  1.873210E-04
  2.178805E-04  2.466594E-04  2.781982E-04  3.044637E-04
  3.446098E-04  3.847990E-04  4.108126E-04  4.447636E-04
  4.762646E-04  5.150320E-04  5.557214E-04  5.871580E-04
  6.271710E-04  6.700951E-04  7.161609E-04  7.614295E-04
  8.100249E-04  8.622357E-04  9.237487E-04  9.821252E-04
  1.045018E-03  1.112864E-03  1.186157E-03  1.551577E-04
  1.639740E-04  1.730543E-04  1.823221E-04  1.916723E-04
  2.009650E-04  2.100171E-04  2.185938E-04  2.263985E-04
  2.330630E-04  2.381372E-04  2.410804E-04  2.412568E-04
  2.379361E-04  2.303054E-04  2.174962E-04  1.986320E-04
  1.729044E-04  1.396780E-04  9.862601E-05  4.354469E-05
 -3.665158E-05 -9.054173E-05 -1.966002E-04 -2.789997E-04
 -4.407082E-04 -6.058314E-04 -6.682380E-04 -7.128544E-04
 -5.520683E-04 -8.552762E-05  1.042902E-03  2.796373E-03
  4.177158E-03  4.674275E-03  4.708481E-03  4.468292E-03
  4.247027E-03  3.843284E-03  3.545533E-03  3.346943E-03
  3.105211E-03  2.813537E-03  2.650856E-03  2.462131E-03
  2.293538E-03  2.142040E-03  1.996481E-03  1.864759E-03
  1.745065E-03  1.624791E-03  1.522375E-03  1.428445E-03
  1.342081E-03  1.262490E-03
  1.034549E-04  1.019554E-04  9.988604E-05  9.739088E-05
  9.458735E-05  9.157047E-05  8.841695E-05  8.518784E-05
  8.193162E-05  7.868610E-05  7.548071E-05  7.233774E-05
  6.927394E-05  6.630128E-05  6.342839E-05  6.066061E-05
  5.800115E-05  5.545110E-05  5.301062E-05  5.067831E-05
  4.819195E-05  5.063904E-05  5.943672E-05  6.798492E-05
  7.515058E-05  8.471030E-05  9.374094E-05  1.090036E-04
  1.271651E-04  1.517850E-04  1.745198E-04  2.007019E-04
  2.331688E-04  2.642590E-04  2.976625E-04  3.254403E-04
  3.677506E-04  4.105016E-04  4.367837E-04  4.718784E-04
  5.047665E-04  5.449058E-04  5.857295E-04  6.176500E-04
  6.579622E-04  7.012064E-04  7.476451E-04  7.924449E-04
  8.405339E-04  8.922354E-04  9.531172E-04  1.010446E-03
  1.072348E-03  1.139349E-03  1.212070E-03  1.042090E-04
  1.040058E-04  1.025909E-04  9.966130E-05  9.486004E-05
  8.777185E-05  7.792070E-05  6.477044E-05  4.773389E-05
  2.618954E-05 -4.859629E-07 -3.286867E-05 -7.140922E-05
 -1.163305E-04 -1.674911E-04 -2.242308E-04 -2.852117E-04
 -3.482940E-04 -4.105062E-04 -4.681601E-04 -5.222690E-04
 -6.481178E-04 -8.357202E-04 -1.054051E-03 -1.235556E-03
 -1.495058E-03 -1.746474E-03 -2.252098E-03 -3.006862E-03
 -4.422536E-03 -6.325279E-03 -9.333986E-03 -1.191368E-02
 -1.096800E-02  4.218390E-03  5.582084E-03  5.239346E-03
  4.905843E-03  4.202859E-03  3.788457E-03  3.548010E-03
  3.257901E-03  2.900442E-03  2.717852E-03  2.509697E-03
  2.330176E-03  2.173263E-03  2.020435E-03  1.885156E-03
  1.764396E-03  1.644459E-03  1.542215E-03  1.449404E-03
  1.364744E-03  1.287188E-03
  8.719449E-05  9.448284E-05  9.945081E-05  1.025175E-04
  1.040434E-04  1.043352E-04  1.036505E-04  1.022047E-04
  1.001756E-04  9.770963E-05  9.492622E-05  9.192213E-05
  8.877541E-05  8.554845E-05  8.229038E-05  7.904035E-05
  7.582799E-05  7.267640E-05  6.960267E-05  6.661934E-05
  6.339600E-05  6.664595E-05  7.825044E-05  8.949338E-05
  9.891516E-05  1.114508E-04  1.232867E-04  1.434382E-04
  1.674305E-04  2.000339E-04  2.302043E-04  2.650926E-04
  3.086752E-04  3.503345E-04  3.955961E-04  4.334142E-04
  4.913840E-04  5.501176E-04  5.871693E-04  6.364509E-04
  6.827298E-04  7.397748E-04  7.989974E-04  8.454285E-04
  9.047149E-04  9.689273E-04  1.038618E-03  1.107167E-03
  1.181701E-03  1.262989E-03  1.360419E-03  1.454306E-03
  1.557739E-03  1.672238E-03  1.799663E-03  7.710603E-05
  6.367944E-05  4.632701E-05  2.442934E-05 -2.630648E-06
 -3.541525E-05 -7.435524E-05 -1.196418E-04 -1.710909E-04
 -2.279891E-04 -2.889378E-04 -3.517374E-04 -4.133679E-04
 -4.701219E-04 -5.179331E-04 -5.528856E-04 -5.718300E-04
 -5.729494E-04 -5.561169E-04 -5.229214E-04 -4.700483E-04
 -4.403440E-04 -4.834836E-04 -4.800093E-04 -4.791142E-04
 -4.378664E-04 -3.899212E-04 -4.279645E-04 -4.378723E-04
 -4.301267E-04 -3.579398E-04 -2.336861E-04 -1.030216E-04
  1.073837E-03  3.603476E-03  9.730267E-03  1.993491E-02
  1.883350E-02  1.737693E-02  1.373323E-02  1.111184E-02
  8.830481E-03  6.977009E-03  6.073752E-03  5.202358E-03
  4.539573E-03  4.022478E-03  3.586739E-03  3.230144E-03
  2.933471E-03  2.658206E-03  2.438958E-03  2.249027E-03
  2.082824E-03  1.936071E-03
 -6.394284E-05 -2.622677E-05  5.381661E-06  3.134746E-05
  5.225183E-05  6.871902E-05  8.136731E-05  9.077931E-05
  9.748453E-05  1.019531E-04  1.045948E-04  1.057605E-04
  1.057479E-04  1.048073E-04  1.031466E-04  1.009376E-04
  9.832119E-05  9.541239E-05  9.230405E-05  8.907068E-05
  8.537407E-05  9.046475E-05  1.066777E-04  1.224875E-04
  1.356621E-04  1.532050E-04  1.697311E-04  1.978330E-04
  2.314052E-04  2.772185E-04  3.198129E-04  3.693517E-04
  4.317837E-04  4.917323E-04  5.576826E-04  6.132772E-04
  6.994529E-04  7.876005E-04  8.448687E-04  9.212788E-04
  9.936566E-04  1.084410E-03  1.181597E-03  1.258677E-03
  1.359215E-03  1.470473E-03  1.594126E-03  1.720411E-03
  1.861870E-03  2.021324E-03  2.220235E-03  2.421905E-03
  2.654458E-03  2.924968E-03  3.242369E-03 -1.080144E-04
 -1.583409E-04 -2.143194E-04 -2.746893E-04 -3.374034E-04
 -3.995924E-04 -4.576614E-04 -5.075865E-04 -5.453940E-04
 -5.677625E-04 -5.726073E-04 -5.594808E-04 -5.296594E-04
 -4.858897E-04 -4.318789E-04 -3.716823E-04 -3.091496E-04
 -2.475351E-04 -1.893036E-04 -1.361058E-04 -8.361709E-05
 -2.804141E-05  5.335235E-06  5.810575E-05  9.661075E-05
  1.589160E-04  2.162378E-04  2.785709E-04  3.668282E-04
  4.989926E-04  6.401794E-04  8.175877E-04  1.054804E-03
  1.367937E-03  1.738303E-03  2.117966E-03  2.855542E-03
  3.812615E-03  4.674457E-03  6.005845E-03  7.338719E-03
  9.062683E-03  1.107982E-02  1.194064E-02  1.230819E-02
  1.180316E-02  1.070145E-02  9.459120E-03  8.179359E-03
  7.028628E-03  5.974924E-03  5.194961E-03  4.557877E-03
  4.037125E-03  3.608344E-03
 -4.318085E-04 -3.709877E-04 -3.078844E-04 -2.457809E-04
 -1.871566E-04 -1.336645E-04 -8.622492E-05 -4.517022E-05
 -1.040898E-05  1.843277E-05  4.189193E-05  6.058147E-05
  7.513077E-05  8.614588E-05  9.418612E-05  9.975438E-05
  1.032914E-04  1.051788E-04  1.057410E-04  1.052525E-04
  1.037388E-04  1.133644E-04  1.358512E-04  1.585021E-04
  1.770346E-04  2.020055E-04  2.253843E-04  2.640424E-04
  3.107267E-04  3.749246E-04  4.352466E-04  5.059625E-04
  5.958821E-04  6.841312E-04  7.822395E-04  8.663610E-04
  9.994375E-04  1.138927E-03  1.232313E-03  1.359455E-03
  1.482594E-03  1.641685E-03  1.820899E-03  1.967170E-03
  2.165877E-03  2.395375E-03  2.662264E-03  2.954505E-03
  3.300380E-03  3.712772E-03  4.259336E-03  4.854069E-03
  5.568549E-03  6.411732E-03  7.368242E-03 -4.864582E-04
 -5.308369E-04 -5.611933E-04 -5.747470E-04 -5.702051E-04
 -5.480158E-04 -5.102801E-04 -4.603452E-04 -4.022104E-04
 -3.399246E-04 -2.770982E-04 -2.166121E-04 -1.605184E-04
 -1.100807E-04 -6.590168E-05 -2.808231E-05  3.625937E-06
  2.968904E-05  5.068767E-05  6.724663E-05  8.128335E-05
  1.067838E-04  1.389336E-04  1.754002E-04  2.037685E-04
  2.438953E-04  2.809202E-04  3.354721E-04  4.039906E-04
  5.003619E-04  5.940252E-04  7.059500E-04  8.504503E-04
  1.004159E-03  1.177562E-03  1.333759E-03  1.595467E-03
  1.890062E-03  2.101937E-03  2.409023E-03  2.723757E-03
  3.161096E-03  3.724341E-03  4.210077E-03  4.924264E-03
  5.790344E-03  6.800533E-03  7.928866E-03  9.083748E-03
  1.007122E-02  1.071071E-02  1.078416E-02  1.031655E-02
  9.453199E-03  8.405709E-03
 -5.763717E-04 -5.574191E-04 -5.220955E-04 -4.736375E-04
 -4.160751E-04 -3.535897E-04 -2.899780E-04 -2.283176E-04
 -1.708351E-04 -1.189335E-04 -7.331667E-05 -3.415069E-05
 -1.224577E-06  2.591023E-05  4.783263E-05  6.517359E-05
  7.856284E-05  8.859674E-05  9.581935E-05  1.007153E-04
  1.039561E-04  1.191637E-04  1.461955E-04  1.745861E-04
  1.973515E-04  2.285418E-04  2.575607E-04  3.036687E-04
  3.601049E-04  4.383400E-04  5.127319E-04  6.005652E-04
  7.129387E-04  8.263648E-04  9.532157E-04  1.063934E-03
  1.242772E-03  1.435272E-03  1.567381E-03  1.751601E-03
  1.934126E-03  2.176820E-03  2.464365E-03  2.705476E-03
  3.045689E-03  3.452983E-03  3.942227E-03  4.507149E-03
  5.192414E-03  6.013241E-03  7.068669E-03  8.137051E-03
  9.202491E-03  1.008081E-02  1.056184E-02 -5.771128E-04
 -5.595635E-04 -5.254254E-04 -4.778369E-04 -4.207900E-04
 -3.584792E-04 -2.947543E-04 -2.327648E-04 -1.748116E-04
 -1.223651E-04 -7.618130E-05 -3.646466E-05 -3.028238E-06
  2.456280E-05  4.688189E-05  6.455991E-05  7.822962E-05
  8.849262E-05  9.589952E-05  1.009406E-04  1.043045E-04
  1.196928E-04  1.469205E-04  1.755374E-04  1.984756E-04
  2.299102E-04  2.591523E-04  3.055896E-04  3.624442E-04
  4.412770E-04  5.162584E-04  6.048107E-04  7.181449E-04
  8.325882E-04  9.606418E-04  1.072465E-03  1.253193E-03
  1.447821E-03  1.581606E-03  1.768200E-03  1.953142E-03
  2.199258E-03  2.491396E-03  2.736455E-03  3.082577E-03
  3.497219E-03  3.995461E-03  4.571354E-03  5.269567E-03
  6.104367E-03  7.173270E-03  8.247673E-03  9.304787E-03
  1.015440E-02  1.058851E-02
 -4.917576E-04 -5.345335E-04 -5.629455E-04 -5.743684E-04
 -5.677012E-04 -5.435881E-04 -5.042870E-04 -4.532395E-04
 -3.944713E-04 -3.319940E-04 -2.693420E-04 -2.093026E-04
 -1.538332E-04 -1.041152E-04 -6.068779E-05 -2.360524E-05
  7.411355E-06  3.284413E-05  5.328286E-05  6.935243E-05
  8.292245E-05  1.080455E-04  1.401223E-04  1.763815E-04
  2.046223E-04  2.445115E-04  2.813275E-04  3.357601E-04
  4.040499E-04  5.000432E-04  5.932525E-04  7.045867E-04
  8.482935E-04  1.000802E-03  1.172828E-03  1.327593E-03
  1.586533E-03  1.877494E-03  2.086448E-03  2.388830E-03
  2.698371E-03  3.127893E-03  3.679602E-03  4.155174E-03
  4.854039E-03  5.702657E-03  6.696488E-03  7.812686E-03
  8.970022E-03  9.982882E-03  1.067532E-02  1.080624E-02
  1.038819E-02  9.553860E-03  8.513582E-03 -4.382756E-04
 -3.781633E-04 -3.153428E-04 -2.531660E-04 -1.942000E-04
 -1.401860E-04 -9.211975E-05 -5.039559E-05 -1.496518E-05
  1.451412E-05  3.856220E-05  5.778277E-05  7.280205E-05
  8.422660E-05  9.262012E-05  9.848992E-05  1.022825E-04
  1.043847E-04  1.051267E-04  1.047875E-04  1.034106E-04
  1.131616E-04  1.357030E-04  1.584437E-04  1.770367E-04
  2.021059E-04  2.255720E-04  2.643123E-04  3.111169E-04
  3.754931E-04  4.360037E-04  5.069489E-04  5.971545E-04
  6.857828E-04  7.842892E-04  8.687908E-04  1.002536E-03
  1.142860E-03  1.236762E-03  1.364755E-03  1.488829E-03
  1.649232E-03  1.830050E-03  1.977790E-03  2.178687E-03
  2.410990E-03  2.681477E-03  2.978103E-03  3.329662E-03
  3.749394E-03  4.306364E-03  4.913053E-03  5.641805E-03
  6.500318E-03  7.469823E-03
 -1.081876E-04 -1.586803E-04 -2.148472E-04 -2.754189E-04
 -3.383360E-04 -4.007103E-04 -4.589270E-04 -5.089418E-04
 -5.467639E-04 -5.690648E-04 -5.737638E-04 -5.604291E-04
 -5.303613E-04 -4.863347E-04 -4.320810E-04 -3.716743E-04
 -3.089741E-04 -2.472381E-04 -1.889277E-04 -1.356867E-04
 -8.318478E-05 -2.756442E-05  5.909617E-06  5.874989E-05
  9.730867E-05  1.596590E-04  2.170146E-04  2.794793E-04
  3.678773E-04  5.002294E-04  6.415638E-04  8.191487E-04
  1.056666E-03  1.369742E-03  1.740132E-03  2.119573E-03
  2.856089E-03  3.810397E-03  4.669463E-03  5.994611E-03
  7.320145E-03  9.034821E-03  1.104360E-02  1.190556E-02
  1.228132E-02  1.178909E-02  1.069961E-02  9.466218E-03
  8.191398E-03  7.042433E-03  5.988609E-03  5.207773E-03
  4.569489E-03  4.047493E-03  3.617549E-03 -6.397479E-05
 -2.614377E-05  5.554625E-06  3.158804E-05  5.254112E-05
  6.904090E-05  8.170900E-05  9.113021E-05  9.783691E-05
  1.023012E-04  1.049340E-04  1.060879E-04  1.060615E-04
  1.051056E-04  1.034290E-04  1.012038E-04  9.857149E-05
  9.564715E-05  9.252361E-05  8.927583E-05  8.556392E-05
  9.065698E-05  1.068988E-04  1.227337E-04  1.359300E-04
  1.535001E-04  1.700519E-04  1.982048E-04  2.318366E-04
  2.777318E-04  3.204018E-04  3.700306E-04  4.325830E-04
  4.926377E-04  5.587174E-04  6.144219E-04  7.007715E-04
  7.890890E-04  8.464977E-04  9.230786E-04  9.956113E-04
  1.086567E-03  1.184005E-03  1.261275E-03  1.362071E-03
  1.473617E-03  1.597592E-03  1.724232E-03  1.866095E-03
  2.026004E-03  2.225489E-03  2.427760E-03  2.660999E-03
  2.932288E-03  3.250566E-03
  7.649717E-05  6.282181E-05  4.517861E-05  2.294799E-05
 -4.483930E-06 -3.767205E-05 -7.703137E-05 -1.227285E-04
 -1.745458E-04 -2.317232E-04 -2.928071E-04 -3.555400E-04
 -4.168523E-04 -4.730052E-04 -5.199377E-04 -5.537831E-04
 -5.714846E-04 -5.713495E-04 -5.533787E-04 -5.192700E-04
 -4.657250E-04 -4.349531E-04 -4.765511E-04 -4.717169E-04
 -4.698152E-04 -4.276753E-04 -3.791666E-04 -4.147385E-04
 -4.218003E-04 -4.097895E-04 -3.341234E-04 -2.056785E-04
 -6.571148E-05  1.077963E-03  3.468334E-03  9.137253E-03
  1.947563E-02  1.879323E-02  1.754759E-02  1.396441E-02
  1.130950E-02  8.980618E-03  7.087085E-03  6.161620E-03
  5.270166E-03  4.593077E-03  4.065676E-03  3.622286E-03
  3.259877E-03  2.958718E-03  2.679613E-03  2.457568E-03
  2.265369E-03  2.097302E-03  1.948997E-03  8.679462E-05
  9.425634E-05  9.936591E-05  1.025464E-04  1.041623E-04
  1.045243E-04  1.038929E-04  1.024866E-04  1.004857E-04
  9.803870E-05  9.526675E-05  9.226817E-05  8.912234E-05
  8.589253E-05  8.262896E-05  7.937106E-05  7.614943E-05
  7.298746E-05  6.990255E-05  6.690776E-05  6.367101E-05
  6.693539E-05  7.859071E-05  8.988221E-05  9.934471E-05
  1.119339E-04  1.238203E-04  1.440601E-04  1.681579E-04
  2.009059E-04  2.312111E-04  2.662575E-04  3.100432E-04
  3.518951E-04  3.973741E-04  4.353771E-04  4.936360E-04
  5.526652E-04  5.899193E-04  6.394669E-04  6.859970E-04
  7.433614E-04  8.029362E-04  8.496455E-04  9.092984E-04
  9.739181E-04  1.044063E-03  1.113083E-03  1.188145E-03
  1.270029E-03  1.368202E-03  1.462844E-03  1.567145E-03
  1.682649E-03  1.811248E-03
  1.040996E-04  1.039317E-04  1.025622E-04  9.969043E-05
  9.496141E-05  8.796226E-05  7.821881E-05  6.519730E-05
  4.831148E-05  2.694114E-05  4.606910E-07 -3.170930E-05
 -7.002742E-05 -1.147281E-04 -1.656887E-04 -2.222726E-04
 -2.831705E-04 -3.462735E-04 -4.086386E-04 -4.665941E-04
 -5.212139E-04 -6.478297E-04 -8.359379E-04 -1.055511E-03
 -1.238115E-03 -1.499958E-03 -1.754048E-03 -2.262482E-03
 -3.022096E-03 -4.445747E-03 -6.356074E-03 -9.352360E-03
 -1.176947E-02 -1.016063E-02  4.157595E-03  5.491193E-03
  5.180139E-03  4.861987E-03  4.171196E-03  3.763672E-03
  3.526918E-03  3.240407E-03  2.886358E-03  2.705409E-03
  2.498933E-03  2.320741E-03  2.164904E-03  2.013012E-03
  1.878510E-03  1.758404E-03  1.639080E-03  1.537323E-03
  1.444935E-03  1.360645E-03  1.283414E-03  1.033189E-04
  1.018000E-04  9.971721E-05  9.721311E-05  9.440433E-05
  9.138534E-05  8.823198E-05  8.500496E-05  8.175211E-05
  7.851116E-05  7.531092E-05  7.217373E-05  6.911605E-05
  6.614979E-05  6.328323E-05  6.052187E-05  5.786867E-05
  5.532492E-05  5.289050E-05  5.056399E-05  4.808396E-05
  5.052660E-05  5.930530E-05  6.783564E-05  7.498621E-05
  8.452615E-05  9.353801E-05  1.087675E-04  1.268898E-04
  1.514560E-04  1.741410E-04  2.002649E-04  2.326576E-04
  2.636781E-04  2.970032E-04  3.247152E-04  3.669233E-04
  4.095712E-04  4.357836E-04  4.707875E-04  5.035907E-04
  5.436239E-04  5.843324E-04  6.161632E-04  6.563594E-04
  6.994768E-04  7.457769E-04  7.904370E-04  8.383730E-04
  8.899063E-04  9.505846E-04  1.007715E-03  1.069395E-03
  1.136151E-03  1.208595E-03
  1.538043E-04  1.624054E-04  1.712423E-04  1.802353E-04
  1.892766E-04  1.982231E-04  2.068892E-04  2.150379E-04
  2.223717E-04  2.285225E-04  2.330425E-04  2.353962E-04
  2.349566E-04  2.310075E-04  2.227559E-04  2.093603E-04
  1.899792E-04  1.638463E-04  1.303747E-04  8.928803E-05
  3.447598E-05 -4.611454E-05 -1.018438E-04 -2.092450E-04
 -2.928579E-04 -4.555263E-04 -6.214266E-04 -6.900374E-04
 -7.448370E-04 -6.076509E-04 -1.764424E-04  8.994254E-04
  2.626727E-03  4.011868E-03  4.554615E-03  4.619067E-03
  4.410065E-03  4.207594E-03  3.811757E-03  3.521414E-03
  3.327884E-03  3.090617E-03  2.801962E-03  2.641184E-03
  2.454320E-03  2.287291E-03  2.137116E-03  1.992502E-03
  1.861606E-03  1.742635E-03  1.623039E-03  1.521116E-03
  1.427622E-03  1.341641E-03  1.262388E-03  1.454954E-04
  1.375171E-04  1.298937E-04  1.226381E-04  1.157547E-04
  1.092414E-04  1.030913E-04  9.729416E-05  9.183708E-05
  8.670572E-05  8.188457E-05  7.735773E-05  7.310923E-05
  6.912310E-05  6.538378E-05  6.187627E-05  5.858609E-05
  5.549941E-05  5.260311E-05  4.988492E-05  4.703747E-05
  4.890369E-05  5.707592E-05  6.484744E-05  7.141666E-05
  8.008171E-05  8.828225E-05  1.025334E-04  1.194211E-04
  1.423358E-04  1.634696E-04  1.879111E-04  2.185521E-04
  2.474277E-04  2.790439E-04  3.053714E-04  3.456041E-04
  3.858938E-04  4.119140E-04  4.459043E-04  4.774534E-04
  5.162635E-04  5.569408E-04  5.883811E-04  6.283825E-04
  6.712898E-04  7.173334E-04  7.625403E-04  8.110623E-04
  8.631877E-04  9.245872E-04  9.828251E-04  1.045560E-03
  1.113227E-03  1.186318E-03
