  ktime
 9999
  time [S], zpp
  3.50000017  0.0483913903 1
  3.50100017  0.0347712557 2
  3.50200017  0.00789579317 3
  3.50300017 -0.0135315783 4
  3.50420017 -0.0324575101 5
  3.50564017 -0.054282835 6
  3.50736817 -0.079689584 7
  3.50944177 -0.112262738 8
  3.51193009 -0.148422183 9
  3.51491607 -0.188521399 10
  3.51849925 -0.233376247 11
  3.52279907 -0.250064693 12
  3.52795886 -0.206690268 13
  3.53415059 -0.281423685 14
  3.54158068 -0.382946741 15
  3.55049679 -0.493593287 16
  3.56049679 -0.634038332 17
  3.57049679 -0.745644308 18
  3.58049679 -0.843458577 19
  3.59049679 -0.94245259 20
  3.60049679 -1.01750473 21
  3.61049679 -1.10402038 22
  3.62049679 -1.075343 23
  3.63049679 -1.07052774 24
  3.64049679 -1.0305404 25
  3.65049679 -1.01252221 26
  3.66049679 -0.973119239 27
  3.67049679 -0.929786375 28
  3.68049679 -0.89675383 29
  3.69049679 -0.829994286 30
  3.70049679 -0.793591986 31
  3.7104968 -0.727525284 32
  3.7204968 -0.720789909 33
  3.7304968 -0.700559905 34
  3.7404968 -0.713352299 35
  3.7504968 -0.684921256 36
  3.7604968 -0.665949284 37
  3.7704968 -0.674691884 38
  3.7804968 -0.658790846 39
  3.7904968 -0.660920908 40
  3.8004968 -0.680173229 41
  3.8104968 -0.662409645 42
  3.8204968 -0.690857528 43
  3.8304968 -0.680055276 44
  3.8404968 -0.7095273 45
  3.8504968 -0.755567799 46
  3.8604968 -0.705864549 47
  3.8704968 -0.724678148 48
  3.8804968 -0.751042757 49
  3.8904968 -0.80064916 50
  3.9004968 -0.745810138 51
  3.9104968 -0.789172581 52
  3.9204968 -0.847733305 53
  3.93049681 -0.794873879 54
  3.94049681 -0.784657876 55
  3.95049681 -0.781989074 56
  3.96049681 -0.800312975 57
  3.97049681 -0.807044103 58
  3.98049681 -0.77938747 59
  3.99049681 -0.720836127 60
  4.00049681 -0.660656892 61
  4.01049681 -0.592450553 62
  4.02049681 -0.513250257 63
  4.03049681 -0.461836216 64
  4.04049681 -0.46497301 65
  4.05049681 -0.478966304 66
  4.06049681 -0.493635169 67
  4.07049681 -0.496492761 68
  4.08049681 -0.434966444 69
  4.09049681 -0.369811522 70
  4.10049681 -0.343627725 71
  4.11049681 -0.331938288 72
  4.12049681 -0.324175474 73
  4.13049681 -0.278266476 74
  4.14049682 -0.196498945 75
  4.15049682 -0.135508648 76
  4.16049682 -0.149317916 77
  4.17049682 -0.161670807 78
  4.18049682 -0.13979562 79
  4.19049682 -0.0897923349 80
  4.20049682 -0.0485573479 81
  4.21049682 -0.00403158865 82
  4.22049682  0.0512578735 83
  4.23049682  0.11086733 84
  4.24049682  0.17984493 85
  4.25049682  0.265923434 86
  4.26049682  0.31468161 87
  4.27049682  0.359012868 88
  4.28049682  0.447209307 89
  4.29049682  0.534560098 90
  4.30049682  0.617796186 91
  4.31049682  0.704229521 92
  4.32049682  0.763158051 93
  4.33049682  0.822791406 94
  4.34049682  0.882447906 95
  4.35049683  0.950416069 96
  4.36049683  1.01776493 97
  4.37049683  1.09289916 98
  4.38049683  1.17499622 99
  4.39049683  1.27647782 100
  4.40049683  1.36590037 101
  4.41049683  1.42823227 102
  4.42049683  1.48655508 103
  4.43049683  1.59597436 104
  4.44049683  1.71979111 105
  4.45049683  1.80287173 106
  4.46049683  1.86597846 107
  4.47049683  1.96005982 108
  4.48049683  2.04216083 109
  4.49049683  2.14014211 110
  4.50049683  2.2458307 111
  4.51049683  2.36480896 112
  4.52049683  2.48244997 113
  4.53049683  2.59571045 114
  4.54049683  2.71756127 115
  4.55049683  2.85765172 116
  4.56049684  3.01727507 117
  4.57049684  3.17353946 118
  4.58049684  3.31860891 119
  4.59049684  3.45324787 120
  4.60049684  3.59759596 121
  4.61049684  3.74648212 122
  4.62049684  3.88317996 123
  4.63049684  4.0379807 124
  4.64049684  4.19715238 125
  4.65049684  4.34403754 126
  4.66049684  4.4646159 127
  4.67049684  4.54923282 128
  4.68049684  4.61695124 129
  4.69049684  4.69712157 130
  4.70049684  4.79075218 131
  4.71049684  4.89193681 132
  4.72049684  5.00282357 133
  4.73049684  5.13095098 134
  4.74049684  5.28174756 135
  4.75049684  5.39186621 136
  4.76049684  5.53157656 137
  4.77049685  5.67013063 138
  4.78049685  5.81349549 139
  4.79049685  5.93564251 140
  4.80049685  6.05844172 141
  4.81049685  6.17603013 142
  4.82049685  6.30135833 143
  4.83049685  6.41374515 144
  4.84049685  6.54236347 145
  4.85049685  6.67061664 146
  4.86049685  6.80509947 147
  4.87049685  6.96227931 148
  4.88049685  7.12916557 149
  4.89049685  7.23326073 150
  4.90049685  7.31717798 151
  4.91049685  7.3923189 152
  4.92049685  7.45568587 153
  4.93049685  7.51834887 154
  4.94049685  7.59380758 155
  4.95049685  7.72506683 156
  4.96049685  7.86594591 157
  4.97049685  8.02464087 158
  4.98049686  8.18126802 159
  4.99049686  8.36313794 160
  5.00049686  8.53973688 161
  5.01049686  8.64809858 162
  5.02049686  8.75636914 163
  5.03049686  8.85720948 164
  5.04049686  8.97383052 165
  5.05049686  9.12499198 166
  5.06049686  9.28135536 167
  5.07049686  9.41579838 168
  5.08049686  9.52322813 169
  5.09049686  9.62699115 170
  5.10049686  9.7329083 171
  5.11049686  9.84906863 172
  5.12049686  9.97135321 173
  5.13049686  10.1023307 174
  5.14049686  10.257486 175
  5.15049686  10.4230373 176
  5.16049686  10.537783 177
  5.17049686  10.6557131 178
  5.18049686  10.8043258 179
  5.19049687  10.973827 180
  5.20049687  11.1061252 181
  5.21049687  11.2076319 182
  5.22049687  11.3048129 183
  5.23049687  11.4265999 184
  5.24049687  11.531357 185
  5.25049687  11.6419977 186
  5.26049687  11.7601484 187
  5.27049687  11.8812698 188
  5.28049687  12.0296778 189
  5.29049687  12.1423673 190
  5.30049687  12.2485607 191
  5.31049687  12.3502634 192
  5.32049687  12.4388005 193
  5.33049687  12.5137278 194
  5.34049687  12.5745862 195
  5.35049687  12.6418837 196
  5.36049687  12.7321958 197
  5.37049687  12.8438468 198
  5.38049687  12.9421657 199
  5.39049687  12.9930797 200
  5.40049688  13.0197993 201
  5.41049688  13.0358294 202
  5.42049688  13.0504133 203
  5.43049688  13.0647301 204
  5.44049688  13.0806019 205
  5.45049688  13.0929563 206
  5.46049688  13.1005916 207
  5.47049688  13.1137227 208
  5.48049688  13.1757108 209
  5.49049688  13.2574685 210
  5.50049688  13.3116745 211
  5.51049688  13.3630524 212
  5.52049688  13.4223243 213
  5.53049688  13.5012889 214
  5.54049688  13.5908835 215
  5.55049688  13.6844699 216
  5.56049688  13.7749723 217
  5.57049688  13.8611866 218
  5.58049688  13.9565611 219
  5.59049688  14.0725041 220
  5.60049688  14.2134809 221
  5.61049689  14.3535291 222
  5.62049689  14.4796696 223
  5.63049689  14.5961241 224
  5.64049689  14.7188298 225
  5.65049689  14.774648 226
  5.66049689  14.8377538 227
  5.67049689  14.9215125 228
  5.68049689  15.0045131 229
  5.69049689  15.1057522 230
  5.70049689  15.2208362 231
  5.71049689  15.3286118 232
  5.72049689  15.4000869 233
  5.73049689  15.4581203 234
  5.74049689  15.5228099 235
  5.75049689  15.5922949 236
  5.76049689  15.6591697 237
  5.77049689  15.7476559 238
  5.78049689  15.866664 239
  5.79049689  15.9924974 240
  5.80049689  16.0802 241
  5.81049689  16.1529001 242
  5.8204969  16.2223298 243
  5.8304969  16.2946774 244
  5.8404969  16.3689862 245
  5.8504969  16.4594684 246
  5.8604969  16.5588108 247
  5.8704969  16.660143 248
  5.8804969  16.7579866 249
  5.8904969  16.8589559 250
  5.9004969  16.9721692 251
  5.9104969  17.0825027 252
  5.9204969  17.1539087 253
  5.9304969  17.2232922 254
  5.9404969  17.2917709 255
  5.9504969  17.3741692 256
  5.9604969  17.4720465 257
  5.9704969  17.563719 258
  5.9804969  17.6265506 259
  5.9904969  17.6913093 260
  6.0004969  17.7508398 261
  6.0104969  17.8193803 262
  6.0204969  17.8901944 263
  6.03049691  17.9447208 264
  6.04049691  17.9834082 265
  6.05049691  18.0296063 266
  6.06049691  18.0843839 267
  6.07049691  18.1733258 268
  6.08049691  18.2893726 269
  6.09049691  18.3953719 270
  6.10049691  18.4503053 271
  6.11049691  18.5069217 272
  6.12049691  18.6004507 273
  6.13049691  18.7281543 274
  6.14049691  18.8516917 275
  6.15049691  18.9365717 276
  6.16049691  18.9965569 277
  6.17049691  19.0630094 278
  6.18049691  19.1298157 279
  6.19049691  19.200911 280
  6.20049691  19.2869647 281
  6.21049691  19.3936953 282
  6.22049691  19.4907151 283
  6.23049691  19.5745763 284
  6.24049692  19.6499803 285
  6.25049692  19.7204937 286
  6.26049692  19.8049128 287
  6.27049692  19.9081869 288
  6.28049692  19.9878311 289
  6.29049692  20.0252663 290
  6.30049692  20.0311499 291
  6.31049692  20.0306561 292
  6.32049692  20.0536417 293
  6.33049692  20.1091079 294
  6.34049692  20.1807272 295
  6.35049692  20.2453824 296
  6.36049692  20.2704852 297
  6.37049692  20.2642433 298
  6.38049692  20.2296388 299
  6.39049692  20.2067932 300
  6.40049692  20.2273537 301
  6.41049692  20.2628168 302
  6.42049692  20.3060656 303
  6.43049692  20.3379751 304
  6.44049692  20.3285047 305
  6.45049693  20.2980435 306
  6.46049693  20.2612545 307
  6.47049693  20.2615885 308
  6.48049693  20.3084097 309
  6.49049693  20.3821934 310
  6.50049693  20.4466645 311
  6.51049693  20.4956953 312
  6.52049693  20.4969816 313
  6.53049693  20.5044808 314
  6.54049693  20.5164372 315
  6.55049693  20.5628405 316
  6.56049693  20.6418069 317
  6.57049693  20.7278209 318
  6.58049693  20.7782074 319
  6.59049693  20.8226719 320
  6.60049693  20.8709143 321
  6.61049693  20.924912 322
  6.62049693  20.9645274 323
  6.63049693  20.9838237 324
  6.64049693  21.0105665 325
  6.65049693  21.0692527 326
  6.66049694  21.1575154 327
  6.67049694  21.2635928 328
  6.68049694  21.3819405 329
  6.69049694  21.5008701 330
  6.70049694  21.6105399 331
  6.71049694  21.6804591 332
  6.72049694  21.7061042 333
  6.73049694  21.7122307 334
  6.74049694  21.7073889 335
  6.75049694  21.7003455 336
  6.76049694  21.696265 337
  6.77049694  21.7388148 338
  6.78049694  21.8117284 339
  6.79049694  21.8817853 340
  6.80049694  21.921498 341
  6.81049694  21.9566964 342
  6.82049694  22.0121238 343
  6.83049694  22.109641 344
  6.84049694  22.2422527 345
  6.85049694  22.3714173 346
  6.86049694  22.4595375 347
  6.87049695  22.5402201 348
  6.88049695  22.6255073 349
  6.89049695  22.7320046 350
  6.90049695  22.8579859 351
  6.91049695  22.9485556 352
  6.92049695  22.9961571 353
  6.93049695  23.0422161 354
  6.94049695  23.0965163 355
  6.95049695  23.1476431 356
  6.96049695  23.1967333 357
  6.97049695  23.2435525 358
  6.98049695  23.2982321 359
  6.99049695  23.347027 360
  7.00049695  23.3804556 361
  7.01049695  23.4192511 362
  7.02049695  23.4746014 363
  7.03049695  23.5439823 364
  7.04049695  23.6007812 365
  7.05049695  23.6263035 366
  7.06049695  23.6667209 367
  7.07049695  23.7358215 368
  7.08049696  23.8176628 369
  7.09049696  23.8676994 370
  7.10049696  23.8741355 371
  7.11049696  23.868766 372
  7.12049696  23.8648075 373
  7.13049696  23.8855311 374
  7.14049696  23.9452444 375
  7.15049696  24.0341998 376
  7.16049696  24.1265745 377
  7.17049696  24.1702177 378
  7.18049696  24.1942598 379
  7.19049696  24.234585 380
  7.20049696  24.2953115 381
  7.21049696  24.3460243 382
  7.22049696  24.3912165 383
  7.23049696  24.451861 384
  7.24049696  24.5055925 385
  7.25049696  24.5187123 386
  7.26049696  24.5308854 387
  7.27049696  24.569056 388
  7.28049696  24.6196359 389
  7.29049697  24.6724172 390
  7.30049697  24.7455849 391
  7.31049697  24.8414249 392
  7.32049697  24.9499591 393
  7.33049697  25.0472348 394
  7.34049697  25.0792927 395
  7.35049697  25.1103651 396
  7.36049697  25.1781263 397
  7.37049697  25.2983106 398
  7.38049697  25.447195 399
  7.39049697  25.5587949 400
  7.40049697  25.5977224 401
  7.41049697  25.6257471 402
  7.42049697  25.6765666 403
  7.43049697  25.7575179 404
  7.44049697  25.8441502 405
  7.45049697  25.9058912 406
  7.46049697  25.9532634 407
  7.47049697  25.9946991 408
  7.48049697  26.0470754 409
  7.49049697  26.1027796 410
  7.50049698  26.1540343 411
  7.51049698  26.1946299 412
  7.52049698  26.2447099 413
  7.53049698  26.3005733 414
  7.54049698  26.3478584 415
  7.55049698  26.3827282 416
  7.56049698  26.4188126 417
  7.57049698  26.4584322 418
  7.58049698  26.5085392 419
  7.59049698  26.5916672 420
  7.60049698  26.6843045 421
  7.61049698  26.7536351 422
  7.62049698  26.8272136 423
  7.63049698  26.8932082 424
  7.64049698  26.9537593 425
  7.65049698  27.0067232 426
  7.66049698  27.0665551 427
  7.67049698  27.1188088 428
  7.68049698  27.1588535 429
  7.69049698  27.1839676 430
  7.70049698  27.19277 431
  7.71049698  27.2159615 432
  7.72049699  27.2919778 433
  7.73049699  27.3786499 434
  7.74049699  27.424215 435
  7.75049699  27.4114788 436
  7.76049699  27.4014425 437
  7.77049699  27.4364708 438
  7.78049699  27.5231735 439
  7.79049699  27.6163379 440
  7.80049699  27.6970433 441
  7.81049699  27.7510242 442
  7.82049699  27.7763263 443
  7.83049699  27.772382 444
  7.84049699  27.7748874 445
  7.85049699  27.8132555 446
  7.86049699  27.8797634 447
  7.87049699  27.9543482 448
  7.88049699  28.0264869 449
  7.89049699  28.0948073 450
  7.90049699  28.1537714 451
  7.91049699  28.2118602 452
  7.92049699  28.2732881 453
  7.930497  28.3486776 454
  7.940497  28.4391969 455
  7.950497  28.5311003 456
  7.960497  28.6149184 457
  7.970497  28.6788932 458
  7.980497  28.7242859 459
  7.990497  28.760948 460
  8.000497  28.7907814 461
  8.010497  28.7936177 462
  8.020497  28.779786 463
  8.030497  28.7477191 464
  8.040497  28.7024332 465
  8.050497  28.6686933 466
  8.060497  28.6662644 467
  8.070497  28.7025109 468
  8.080497  28.749494 469
  8.090497  28.7696571 470
  8.100497  28.7516196 471
  8.110497  28.7108009 472
  8.120497  28.6678051 473
  8.130497  28.650764 474
  8.14049701  28.6666429 475
  8.15049701  28.6872656 476
  8.16049701  28.675389 477
  8.17049701  28.6204935 478
  8.18049701  28.573174 479
  8.19049701  28.6028273 480
  8.20049701  28.7015529 481
  8.21049701  28.8035783 482
  8.22049701  28.848839 483
  8.23049701  28.8652789 484
  8.24049701  28.8588871 485
  8.25049701  28.8449893 486
  8.26049701  28.857809 487
  8.27049701  28.9338967 488
  8.28049701  29.0433502 489
  8.29049701  29.1568409 490
  8.30049701  29.2260246 491
  8.31049701  29.2263921 492
  8.32049701  29.2180064 493
  8.33049701  29.2341521 494
  8.34049701  29.2740301 495
  8.35049702  29.3014897 496
  8.36049702  29.2675741 497
  8.37049702  29.2296343 498
  8.38049702  29.1992048 499
  8.39049702  29.1906842 500
  8.40049702  29.2238511 501
  8.41049702  29.2698201 502
  8.42049702  29.2922618 503
  8.43049702  29.2715186 504
  8.44049702  29.2127788 505
  8.45049702  29.1410846 506
  8.46049702  29.1114331 507
  8.47049702  29.1192618 508
  8.48049702  29.1132691 509
  8.49049702  29.0639056 510
  8.50049702  28.9931532 511
  8.51049702  28.8997306 512
  8.52049702  28.8124361 513
  8.53049702  28.7519093 514
  8.54049702  28.6997535 515
  8.55049702  28.6344987 516
  8.56049703  28.550584 517
  8.57049703  28.4674727 518
  8.58049703  28.3872073 519
  8.59049703  28.2971032 520
  8.60049703  28.1918228 521
  8.61049703  28.0814266 522
  8.62049703  27.9897815 523
  8.63049703  27.8945536 524
  8.64049703  27.7744903 525
  8.65049703  27.6467496 526
  8.66049703  27.5428561 527
  8.67049703  27.4602841 528
  8.68049703  27.3780487 529
  8.69049703  27.286743 530
  8.70049703  27.179691 531
  8.71049703  27.0598722 532
  8.72049703  26.9620629 533
  8.73049703  26.9159987 534
  8.74049703  26.8683743 535
  8.75049703  26.834276 536
  8.76049703  26.8124086 537
  8.77049704  26.7709708 538
  8.78049704  26.6853157 539
  8.79049704  26.5629266 540
  8.80049704  26.4538386 541
  8.81049704  26.4056017 542
  8.82049704  26.3687775 543
  8.83049704  26.3228213 544
  8.84049704  26.261461 545
  8.85049704  26.2109836 546
  8.86049704  26.2128377 547
  8.87049704  26.2396455 548
  8.88049704  26.2704891 549
  8.89049704  26.2719987 550
  8.90049704  26.2291692 551
  8.91049704  26.1632398 552
  8.92049704  26.1275172 553
  8.93049704  26.1582266 554
  8.94049704  26.1979608 555
  8.95049704  26.230066 556
  8.96049704  26.2502183 557
  8.97049704  26.2507596 558
  8.98049705  26.2334476 559
  8.99049705  26.2097164 560
  9.00049705  26.2149965 561
  9.01049705  26.2591504 562
  9.02049705  26.3210028 563
  9.03049705  26.3825801 564
  9.04049705  26.4450472 565
  9.05049705  26.4982888 566
  9.06049705  26.5133165 567
  9.07049705  26.4864349 568
  9.08049705  26.4351378 569
  9.09049705  26.3828637 570
  9.10049705  26.3659034 571
  9.11049705  26.3522893 572
  9.12049705  26.3361833 573
  9.13049705  26.3558176 574
  9.14049705  26.4022005 575
  9.15049705  26.43897 576
  9.16049705  26.4469548 577
  9.17049705  26.4589992 578
  9.18049705  26.4784809 579
  9.19049706  26.469404 580
  9.20049706  26.4101029 581
  9.21049706  26.3304723 582
  9.22049706  26.2577562 583
  9.23049706  26.2180374 584
  9.24049706  26.1683957 585
  9.25049706  26.0710942 586
  9.26049706  25.9155308 587
  9.27049706  25.7284422 588
  9.28049706  25.6036224 589
  9.29049706  25.5011871 590
  9.30049706  25.5578905 591
  9.31049706  25.6091773 592
  9.32049706  25.5473406 593
  9.33049706  25.4413022 594
  9.34049706  25.3075258 595
  9.35049706  25.1593662 596
  9.36049706  25.0654958 597
  9.37049706  25.0613391 598
  9.38049706  25.0498513 599
  9.39049706  24.9825967 600
  9.40049707  24.8594667 601
  9.41049707  24.7164777 602
  9.42049707  24.6482361 603
  9.43049707  24.5764923 604
  9.44049707  24.4918627 605
  9.45049707  24.4286449 606
  9.46049707  24.3991797 607
  9.47049707  24.3784557 608
  9.48049707  24.349157 609
  9.49049707  24.3168916 610
  9.50049707  24.3077685 611
  9.51049707  24.3184441 612
  9.52049707  24.3318701 613
  9.53049707  24.3043355 614
  9.54049707  24.2460884 615
  9.55049707  24.1836474 616
  9.56049707  24.1240179 617
  9.57049707  24.0981175 618
  9.58049707  24.1367445 619
  9.59049707  24.2043301 620
  9.60049707  24.2702233 621
  9.61049708  24.2876651 622
  9.62049708  24.2523736 623
  9.63049708  24.1915206 624
  9.64049708  24.1625782 625
  9.65049708  24.1568906 626
  9.66049708  24.1841793 627
  9.67049708  24.2603604 628
  9.68049708  24.3694279 629
  9.69049708  24.4903129 630
  9.70049708  24.6094123 631
  9.71049708  24.6829156 632
  9.72049708  24.6666667 633
  9.73049708  24.6211023 634
  9.74049708  24.5440644 635
  9.75049708  24.4390584 636
  9.76049708  24.3604292 637
  9.77049708  24.3933704 638
  9.78049708  24.4381497 639
  9.79049708  24.4478836 640
  9.80049708  24.3900794 641
  9.81049708  24.2738959 642
  9.82049709  24.1555959 643
  9.83049709  24.1922863 644
  9.84049709  24.2362994 645
  9.85049709  24.2424808 646
  9.86049709  24.1922317 647
  9.87049709  24.0887387 648
  9.88049709  23.9652557 649
  9.89049709  23.9407266 650
  9.90049709  23.9330064 651
  9.91049709  23.9292424 652
  9.92049709  23.9167773 653
  9.93049709  23.8753018 654
  9.94049709  23.8000052 655
  9.95049709  23.6917351 656
  9.96049709  23.5891899 657
  9.97049709  23.6276201 658
  9.98049709  23.6967391 659
  9.99049709  23.7853076 660
  10.0004971  23.8630826 661
  10.0104971  23.9051176 662
  10.0204971  23.953147 663
  10.0304971  24.0324729 664
  10.0404971  24.121581 665
  10.0504971  24.1953852 666
  10.0604971  24.2787152 667
  10.0704971  24.392745 668
  10.0804971  24.533221 669
  10.0904971  24.6500247 670
  10.1004971  24.6439169 671
  10.1104971  24.6270332 672
  10.1204971  24.6370888 673
  10.1304971  24.7055861 674
  10.1404971  24.8194572 675
  10.1504971  24.946598 676
  10.1604971  25.0331616 677
  10.1704971  25.0792786 678
  10.1804971  25.122766 679
  10.1904971  25.1617774 680
  10.2004971  25.1733634 681
  10.2104971  25.1816012 682
  10.2204971  25.2395284 683
  10.2304971  25.3581494 684
  10.2404971  25.4781078 685
  10.2504971  25.4487515 686
  10.2604971  25.3988849 687
  10.2704971  25.3374403 688
  10.2804971  25.3071092 689
  10.2904971  25.3498997 690
  10.3004971  25.4289922 691
  10.3104971  25.51431 692
  10.3204971  25.5104847 693
  10.3304971  25.4907171 694
  10.3404971  25.4551571 695
  10.3504971  25.4002519 696
  10.3604971  25.3484883 697
  10.3704971  25.4077733 698
  10.3804971  25.4873279 699
  10.3904971  25.4953556 700
  10.4004971  25.4337957 701
  10.4104971  25.3226146 702
  10.4204971  25.1819416 703
  10.4304971  25.105234 704
  10.4404971  25.0924126 705
  10.4504971  25.0814819 706
  10.4604971  25.0569396 707
  10.4704971  25.0247209 708
  10.4804971  25.0015338 709
  10.4904971  25.0538218 710
  10.5004971  25.1482069 711
  10.5104971  25.2790324 712
  10.5204971  25.4304117 713
  10.5304971  25.572115 714
  10.5404971  25.676043 715
  10.5504971  25.6593443 716
  10.5604971  25.6989497 717
  10.5704971  25.6965767 718
  10.5804971  25.7173707 719
  10.5904971  25.7441682 720
  10.6004971  25.749183 721
  10.6104971  25.8012172 722
  10.6204971  25.8484131 723
  10.6304971  25.8949375 724
  10.6404971  25.955032 725
  10.6504971  25.9915777 726
  10.6604971  25.9888174 727
  10.6704971  25.8927028 728
  10.6804971  25.8276795 729
  10.6904971  25.8457166 730
  10.7004971  25.7902948 731
  10.7104971  25.7929965 732
  10.7204971  25.8399109 733
  10.7304971  25.9015553 734
  10.7404971  25.9115199 735
  10.7504971  25.9263837 736
  10.7604971  25.9485476 737
  10.7704971  25.9598426 738
  10.7804971  25.9880256 739
  10.7904971  26.0784303 740
  10.8004971  26.1122065 741
  10.8104971  26.1793571 742
  10.8204971  26.2474043 743
  10.8304971  26.2605562 744
  10.8404971  26.2710013 745
  10.8504971  26.296304 746
  10.8604971  26.3310807 747
  10.8704971  26.363617 748
  10.8804971  26.4094678 749
  10.8904971  26.4938424 750
  10.9004971  26.5640693 751
  10.9104971  26.6074135 752
  10.9204971  26.6658955 753
  10.9304971  26.7166514 754
  10.9404971  26.7287751 755
  10.9504971  26.6787727 756
  10.9604971  26.6590179 757
  10.9704971  26.6421834 758
  10.9804971  26.7178267 759
  10.9904971  26.891884 760
  11.0004971  26.5241936 761
  11.0104971  26.4464228 762
  11.0204971  26.6817218 763
  11.0304971  26.7552496 764
  11.0404971  26.4839158 765
  11.0504971  26.2199923 766
  11.0604971  26.0513711 767
  11.0704971  26.1440354 768
  11.0804971  25.7139967 769
  11.0904971  26.0810248 770
  11.1004971  25.0379816 771
  11.1104971  26.0393786 772
  11.1204971  25.6540113 773
  11.1304971  26.1504252 774
  11.1404971  26.4175727 775
  11.1504971  26.4159558 776
  11.1604971  26.3295685 777
  11.1704971  26.2700376 778
  11.1804971  26.1694952 779
  11.1904972  26.0583936 780
  11.2004972  25.9615506 781
  11.2104972  26.6135736 782
  11.2204972  26.2965121 783
  11.2304972  26.382473 784
  11.2404972  26.3576445 785
  11.2504972  26.264424 786
  11.2604972  26.4313944 787
  11.2704972  26.6408977 788
  11.2804972  26.6224844 789
  11.2904972  26.4904768 790
  11.3004972  26.4336819 791
  11.3104972  26.457906 792
  11.3204972  26.3605212 793
  11.3304972  26.2284878 794
  11.3404972  26.2280224 795
  11.3504972  26.2743966 796
  11.3604972  26.0723515 797
  11.3704972  25.9741751 798
  11.3804972  26.134581 799
  11.3904972  26.1982819 800
  11.4004972  25.9829501 801
  11.4104972  25.6929351 802
  11.4204972  25.6622493 803
  11.4304972  25.7333549 804
  11.4404972  25.6539968 805
  11.4504972  25.5454046 806
  11.4604972  25.6461633 807
  11.4704972  25.8741258 808
  11.4804972  25.9315786 809
  11.4904972  25.8196109 810
  11.5004972  25.8017726 811
  11.5104972  25.923516 812
  11.5204972  26.0783261 813
  11.5304972  26.1309991 814
  11.5404972  25.8870674 815
  11.5504972  25.8868686 816
  11.5604972  25.9801159 817
  11.5704972  25.780633 818
  11.5804972  25.7321245 819
  11.5904972  25.7979246 820
  11.6004972  25.7964301 821
  11.6104972  25.8632213 822
  11.6204972  25.8407655 823
  11.6304972  25.8643226 824
  11.6404972  25.8982626 825
  11.6504972  26.0368396 826
  11.6604972  26.2725124 827
  11.6704972  26.4867272 828
  11.6804972  26.6856652 829
  11.6904972  26.7149779 830
  11.7004972  26.8214717 831
  11.7104972  26.8933636 832
  11.7204972  26.9923761 833
  11.7304972  26.7809607 834
  11.7404972  26.9198652 835
  11.7504972  27.1427102 836
  11.7604972  27.1993852 837
  11.7704972  27.0786593 838
  11.7804972  26.9394007 839
  11.7904972  27.119415 840
  11.8004972  27.4525309 841
  11.8104972  27.7332078 842
  11.8204972  27.6654959 843
  11.8304972  27.8145825 844
  11.8404972  28.0572018 845
  11.8504972  28.2538708 846
  11.8604972  28.4804793 847
  11.8704972  28.7404074 848
  11.8804972  28.8743884 849
  11.8904972  29.0987928 850
  11.9004972  29.2684481 851
  11.9104972  29.5419094 852
  11.9204972  29.8200652 853
  11.9304972  29.8462998 854
  11.9404972  30.012601 855
  11.9504972  29.7048942 856
  11.9604972  29.7151819 857
  11.9704972  29.864939 858
  11.9804972  30.0900361 859
  11.9904972  30.4117472 860
  12.0004972  30.7002185 861
  12.0104972  30.6952516 862
  12.0204972  30.9062506 863
  12.0304972  31.0189086 864
  12.0404972  31.343281 865
  12.0504972  31.6132187 866
  12.0604972  31.6303624 867
  12.0704972  31.7606216 868
  12.0804972  31.9625276 869
  12.0904972  32.168629 870
  12.1004972  32.2302016 871
  12.1104972  32.3625784 872
  12.1204972  32.4566626 873
  12.1304972  32.6387684 874
  12.1404972  32.830239 875
  12.1504972  33.0048481 876
  12.1604972  33.2097448 877
  12.1704972  33.5074016 878
  12.1804972  33.8956073 879
  12.1904972  34.11519 880
  12.2004972  34.2643219 881
  12.2104972  34.1820168 882
  12.2204972  34.1562814 883
  12.2304972  34.2844012 884
  12.2404972  34.3887107 885
  12.2504972  34.5100058 886
  12.2604972  34.6489053 887
  12.2704972  34.821445 888
  12.2804972  35.0160312 889
  12.2904972  35.1952342 890
  12.3004972  35.3546323 891
  12.3104972  35.6346011 892
  12.3204972  35.9489316 893
  12.3304972  36.1303342 894
  12.3404972  36.3276555 895
  12.3504972  36.8508241 896
  12.3604972  37.285735 897
  12.3704972  37.4436122 898
  12.3804972  37.5326602 899
  12.3904972  37.5813523 900
  12.4004972  37.7702257 901
  12.4104972  38.183451 902
  12.4204972  38.6111603 903
  12.4304972  38.7531846 904
  12.4404972  38.9431436 905
  12.4504972  39.2028674 906
  12.4604972  39.6028445 907
  12.4704972  39.8314939 908
  12.4804972  40.0634672 909
  12.4904972  40.411882 910
  12.5004972  40.7819761 911
  12.5104972  40.7025863 912
  12.5204972  40.8500442 913
  12.5304972  41.0150742 914
  12.5404972  41.4743924 915
  12.5504972  41.4749241 916
  12.5604972  41.3894999 917
  12.5704972  41.8375612 918
  12.5804972  42.2070364 919
  12.5904972  42.2228228 920
  12.6004972  42.1710962 921
  12.6104972  42.3342825 922
  12.6204972  42.7057664 923
  12.6304972  42.8810377 924
  12.6404972  42.7560867 925
  12.6504972  42.8035088 926
  12.6604972  42.830497 927
  12.6704972  43.1202875 928
  12.6804972  43.4347811 929
  12.6904972  43.5486536 930
  12.7004972  43.4990923 931
  12.7104972  43.5187851 932
  12.7204972  43.7121577 933
  12.7304972  44.1381587 934
  12.7404972  44.3530376 935
  12.7504972  44.461767 936
  12.7604972  44.7486847 937
  12.7704972  45.0391873 938
  12.7804972  45.3369668 939
  12.7904972  45.4924289 940
  12.8004972  45.633823 941
  12.8104972  45.8479844 942
  12.8204972  46.3134637 943
  12.8304972  46.429007 944
  12.8404972  46.3594232 945
  12.8504972  46.566749 946
  12.8604972  46.8394116 947
  12.8704972  46.834046 948
  12.8804972  46.8197768 949
  12.8904972  47.0462728 950
  12.9004972  47.3251952 951
  12.9104972  47.5149141 952
  12.9204972  47.7599328 953
  12.9304972  47.8805068 954
  12.9404972  47.9709814 955
  12.9504972  48.0299991 956
  12.9604972  48.0632487 957
  12.9704972  48.0454166 958
  12.9804972  48.0008598 959
  12.9904972  48.3015593 960
  13.0004972  48.5394012 961
  13.0104972  48.6840991 962
  13.0204972  48.7038972 963
  13.0304972  49.1831131 964
  13.0404972  49.3015065 965
  13.0504972  49.4238727 966
  13.0604972  49.530303 967
  13.0704972  49.6268418 968
  13.0804972  49.7560588 969
  13.0904972  49.9409543 970
  13.1004972  49.9875462 971
  13.1104972  50.0724454 972
  13.1204972  50.3539442 973
  13.1304972  50.4748749 974
  13.1404972  50.955762 975
  13.1504972  51.1194792 976
  13.1604972  51.0731274 977
  13.1704972  50.9857526 978
  13.1804972  50.991232 979
  13.1904972  51.0777237 980
  13.2004972  51.1742703 981
  13.2104972  51.3920009 982
  13.2204972  51.4816099 983
  13.2304972  51.4088727 984
  13.2404972  51.3877041 985
  13.2504972  51.4832184 986
  13.2604972  51.603344 987
  13.2704972  51.657591 988
  13.2804972  51.7218911 989
  13.2904973  51.4952187 990
  13.3004973  51.4453183 991
  13.3104973  51.6259784 992
  13.3204973  51.5783431 993
  13.3304973  51.4286985 994
  13.3404973  51.4500363 995
  13.3504973  51.6159548 996
  13.3604973  51.7644783 997
  13.3704973  51.7156339 998
  13.3804973  51.7310318 999
  13.3904973  51.8929073 1000
  13.4004973  52.0894153 1001
  13.4104973  52.2284695 1002
  13.4204973  52.1804742 1003
  13.4304973  52.1906134 1004
  13.4404973  52.293332 1005
  13.4504973  52.3730844 1006
  13.4604973  52.4872315 1007
  13.4704973  52.5958884 1008
  13.4804973  52.7442996 1009
  13.4904973  52.9439366 1010
  13.5004973  53.0756859 1011
  13.5104973  53.133215 1012
  13.5204973  53.2121171 1013
  13.5304973  53.3278878 1014
  13.5404973  53.458004 1015
  13.5504973  53.5096182 1016
  13.5604973  53.7275809 1017
  13.5704973  53.782726 1018
  13.5804973  53.8521516 1019
  13.5904973  54.0995689 1020
  13.6004973  54.4254969 1021
  13.6104973  54.5199519 1022
  13.6204973  54.3938151 1023
  13.6304973  54.115588 1024
  13.6404973  54.0007181 1025
  13.6504973  54.1448412 1026
  13.6604973  54.4101358 1027
  13.6704973  54.5864695 1028
  13.6804973  54.6292051 1029
  13.6904973  54.5574641 1030
  13.7004973  54.4528495 1031
  13.7104973  54.3777244 1032
  13.7204973  54.34866 1033
  13.7304973  54.5733632 1034
  13.7404973  54.7766586 1035
  13.7504973  54.9034739 1036
  13.7604973  55.002619 1037
  13.7704973  54.9570704 1038
  13.7804973  54.9744194 1039
  13.7904973  55.0145434 1040
  13.8004973  55.0947351 1041
  13.8104973  55.1138843 1042
  13.8204973  55.1351265 1043
  13.8304973  55.2529319 1044
  13.8404973  55.3606826 1045
  13.8504973  55.4265536 1046
  13.8604973  55.4165907 1047
  13.8704973  55.2862148 1048
  13.8804973  55.1012397 1049
  13.8904973  55.08205 1050
  13.9004973  55.3287471 1051
  13.9104973  55.6857247 1052
  13.9204973  55.7910515 1053
  13.9304973  55.657599 1054
  13.9404973  55.5977631 1055
  13.9504973  55.7507579 1056
  13.9604973  56.048314 1057
  13.9704973  56.3337043 1058
  13.9804973  56.3764172 1059
  13.9904973  56.3262899 1060
  14.0004973  56.3621304 1061
  14.0104973  56.6028416 1062
  14.0204973  56.7840226 1063
  14.0304973  56.9159795 1064
  14.0404973  56.958609 1065
  14.0504973  56.8800207 1066
  14.0604973  56.8389286 1067
  14.0704973  56.9406664 1068
  14.0804973  57.0290982 1069
  14.0904973  57.0387899 1070
  14.1004973  57.0525098 1071
  14.1104973  57.1312379 1072
  14.1204973  57.1931077 1073
  14.1304973  57.1789303 1074
  14.1404973  57.2179362 1075
  14.1504973  57.2707051 1076
  14.1604973  57.2317221 1077
  14.1704973  57.2290103 1078
  14.1804973  57.2713237 1079
  14.1904973  57.2377693 1080
  14.2004973  57.2244102 1081
  14.2104973  57.2673834 1082
  14.2204973  57.1649208 1083
  14.2304973  57.1484354 1084
  14.2404973  57.2611232 1085
  14.2504973  57.2810821 1086
  14.2604973  57.059869 1087
  14.2704973  57.1573073 1088
  14.2804973  57.5625704 1089
  14.2904973  57.8439455 1090
  14.3004973  57.9181687 1091
  14.3104973  57.9536589 1092
  14.3204973  57.993873 1093
  14.3304973  58.1780347 1094
  14.3404973  58.3505159 1095
  14.3504973  58.4608207 1096
  14.3604973  58.45742 1097
  14.3704973  58.4821557 1098
  14.3804973  58.5300875 1099
  14.3904973  58.6781627 1100
  14.4004973  58.5677005 1101
  14.4104973  58.3852503 1102
  14.4204973  58.3099564 1103
  14.4304973  58.3766021 1104
  14.4404973  58.6543574 1105
  14.4504973  58.6989564 1106
  14.4604973  58.6155223 1107
  14.4704973  58.5248155 1108
  14.4804973  58.5392061 1109
  14.4904973  58.7561671 1110
  14.5004973  58.825121 1111
  14.5104973  58.8623952 1112
  14.5204973  58.9874539 1113
  14.5304973  59.125904 1114
  14.5404973  59.1862724 1115
  14.5504973  59.2996104 1116
  14.5604973  59.3808442 1117
  14.5704973  59.3285191 1118
  14.5804973  59.4095687 1119
  14.5904973  59.4896787 1120
  14.6004973  59.4969702 1121
  14.6104973  59.5137475 1122
  14.6204973  59.598995 1123
  14.6304973  59.6001387 1124
  14.6404973  59.5102741 1125
  14.6504973  59.334875 1126
  14.6604973  59.2511284 1127
  14.6704973  59.3211486 1128
  14.6804973  59.4686057 1129
  14.6904973  59.4947287 1130
  14.7004973  59.4458645 1131
  14.7104973  59.552715 1132
  14.7204973  59.7235597 1133
  14.7304973  59.6767168 1134
  14.7404973  59.6101432 1135
  14.7504973  59.5466594 1136
  14.7604973  59.5050048 1137
  14.7704973  59.399867 1138
  14.7804973  59.2554839 1139
  14.7904973  59.1412799 1140
  14.8004973  59.1061945 1141
  14.8104973  59.2158746 1142
  14.8204973  59.3830748 1143
  14.8304973  59.4489183 1144
  14.8404973  59.3929405 1145
  14.8504973  59.2338538 1146
  14.8604973  59.1419352 1147
  14.8704973  59.1952243 1148
  14.8804973  59.2801936 1149
  14.8904973  59.2762336 1150
  14.9004973  59.2664516 1151
  14.9104973  59.2581001 1152
  14.9204973  59.2710175 1153
  14.9304973  59.334176 1154
  14.9404973  59.2933888 1155
  14.9504973  59.2186413 1156
  14.9604973  59.1066763 1157
  14.9704973  58.9832451 1158
  14.9804973  58.9154132 1159
  14.9904973  58.9200829 1160
  15.0004973  58.8897123 1161
  15.0104973  58.7871178 1162
  15.0204973  58.6813681 1163
  15.0304973  58.6410114 1164
  15.0404973  58.7410833 1165
  15.0504973  58.8403507 1166
  15.0604973  58.8706743 1167
  15.0704973  58.9113933 1168
  15.0804973  58.99012 1169
  15.0904973  59.2048794 1170
  15.1004973  59.5215489 1171
  15.1104973  59.626455 1172
  15.1204973  59.6848552 1173
  15.1304973  59.7946039 1174
  15.1404973  59.8156192 1175
  15.1504973  59.8481792 1176
  15.1604973  60.0216158 1177
  15.1704973  60.2428546 1178
  15.1804973  60.3075053 1179
  15.1904973  60.2831317 1180
  15.2004973  60.2127558 1181
  15.2104973  60.1968503 1182
  15.2204973  60.3383488 1183
  15.2304973  60.4663686 1184
  15.2404973  60.3894178 1185
  15.2504973  60.0581144 1186
  15.2604973  59.9481317 1187
  15.2704973  60.0627143 1188
  15.2804973  60.119314 1189
  15.2904973  60.0425638 1190
  15.3004973  60.0305333 1191
  15.3104973  60.1867846 1192
  15.3204973  60.1751182 1193
  15.3304973  59.8445467 1194
  15.3404973  59.6178607 1195
  15.3504973  59.6751802 1196
  15.3604973  59.8691866 1197
  15.3704973  59.9672204 1198
  15.3804973  60.1643315 1199
  15.3904973  60.1591519 1200
  15.4004974  60.1795146 1201
  15.4104974  60.2047622 1202
  15.4204974  60.0599662 1203
  15.4304974  59.957975 1204
  15.4404974  59.9126669 1205
  15.4504974  59.7237582 1206
  15.4604974  59.5934629 1207
  15.4704974  59.3918623 1208
  15.4804974  59.2068775 1209
  15.4904974  59.0663476 1210
  15.5004974  59.1093433 1211
  15.5104974  59.2638187 1212
  15.5204974  59.2913734 1213
  15.5304974  59.1050844 1214
  15.5404974  58.8073166 1215
  15.5504974  58.7357618 1216
  15.5604974  58.7552052 1217
  15.5704974  58.8909227 1218
  15.5804974  58.9477456 1219
  15.5904974  58.8799903 1220
  15.6004974  58.7085045 1221
  15.6104974  58.8722244 1222
  15.6204974  59.0674836 1223
  15.6304974  59.0290269 1224
  15.6404974  58.7617582 1225
  15.6504974  58.6072012 1226
  15.6604974  58.611506 1227
  15.6704974  58.7239681 1228
  15.6804974  58.8035825 1229
  15.6904974  58.8309744 1230
  15.7004974  58.8390562 1231
  15.7104974  58.9387053 1232
  15.7204974  58.9687966 1233
  15.7304974  58.9376694 1234
  15.7404974  58.9216058 1235
  15.7504974  58.8456999 1236
  15.7604974  58.8228207 1237
  15.7704974  59.0115215 1238
  15.7804974  59.1290543 1239
  15.7904974  58.9526731 1240
  15.8004974  58.7816245 1241
  15.8104974  58.7588775 1242
  15.8204974  58.9108514 1243
  15.8304974  59.1332135 1244
  15.8404974  59.3470411 1245
  15.8504974  59.5412772 1246
  15.8604974  59.5801902 1247
  15.8704974  59.4912634 1248
  15.8804974  59.4660325 1249
  15.8904974  59.5119412 1250
  15.9004974  59.542247 1251
  15.9104974  59.3436417 1252
  15.9204974  59.2343542 1253
  15.9304974  59.0100191 1254
  15.9404974  58.9695254 1255
  15.9504974  59.0051885 1256
  15.9604974  59.1024847 1257
  15.9704974  59.2247634 1258
  15.9804974  59.24904 1259
  15.9904974  59.1519309 1260
  16.0004974  59.0142495 1261
  16.0104974  59.0500271 1262
  16.0204974  59.0972794 1263
  16.0304974  59.1459 1264
  16.0404974  59.1267971 1265
  16.0504974  59.0606405 1266
  16.0604974  58.9672259 1267
  16.0704974  58.7935884 1268
  16.0804974  58.6356459 1269
  16.0904974  58.5490263 1270
  16.1004974  58.4188486 1271
  16.1104974  58.3928241 1272
  16.1204974  58.5589339 1273
  16.1304974  58.8032381 1274
  16.1404974  58.9631104 1275
  16.1504974  59.0913147 1276
  16.1604974  59.2467275 1277
  16.1704974  59.5001727 1278
  16.1804974  59.6281065 1279
  16.1904974  59.6391107 1280
  16.2004974  59.6432045 1281
  16.2104974  59.6188055 1282
  16.2204974  59.6529683 1283
  16.2304974  59.7685467 1284
  16.2404974  59.8881647 1285
  16.2504974  59.895482 1286
  16.2604974  59.9848239 1287
  16.2704974  60.0620318 1288
  16.2804974  60.0460617 1289
  16.2904974  59.9812868 1290
  16.3004974  59.8178493 1291
  16.3104974  59.7146155 1292
  16.3204974  59.7021764 1293
  16.3304974  59.8117523 1294
  16.3404974  59.9639385 1295
  16.3504974  60.1293591 1296
  16.3604974  60.1961333 1297
  16.3704974  60.2756068 1298
  16.3804974  60.5538488 1299
  16.3904974  60.7817824 1300
  16.4004974  60.8168947 1301
  16.4104974  60.7023682 1302
  16.4204974  60.5940323 1303
  16.4304974  60.5493275 1304
  16.4404974  60.6197949 1305
  16.4504974  60.6824825 1306
  16.4604974  60.6294904 1307
  16.4704974  60.5681493 1308
  16.4804974  60.4925734 1309
  16.4904974  60.4401384 1310
  16.5004974  60.3908628 1311
  16.5104974  60.3063557 1312
  16.5204974  60.3315432 1313
  16.5304974  60.6115968 1314
  16.5404974  60.6468766 1315
  16.5504974  60.6007197 1316
  16.5604974  60.5240365 1317
  16.5704974  60.3799382 1318
  16.5804974  60.244912 1319
  16.5904974  60.1485259 1320
  16.6004974  60.0820024 1321
  16.6104974  60.1281801 1322
  16.6204974  60.2364958 1323
  16.6304974  60.2026191 1324
  16.6404974  60.1070847 1325
  16.6504974  60.0177328 1326
  16.6604974  60.0889039 1327
  16.6704974  60.1365035 1328
  16.6804974  60.0622924 1329
  16.6904974  60.0536496 1330
  16.7004974  60.2158265 1331
  16.7104974  60.2917312 1332
  16.7204974  60.5698492 1333
  16.7304974  60.6844093 1334
  16.7404974  60.7768521 1335
  16.7504974  60.9284839 1336
  16.7604974  60.9922845 1337
  16.7704974  60.7910471 1338
  16.7804974  60.6826601 1339
  16.7904974  60.4921772 1340
  16.8004974  60.5017503 1341
  16.8104974  60.6204321 1342
  16.8204974  60.5656929 1343
  16.8304974  60.3667411 1344
  16.8404974  60.2592255 1345
  16.8504974  60.2053838 1346
  16.8604974  60.091461 1347
  16.8704974  60.015738 1348
  16.8804974  60.0256437 1349
  16.8904974  60.0315141 1350
  16.9004974  59.8731024 1351
  16.9104974  59.8028157 1352
  16.9204974  59.8627195 1353
  16.9304974  59.9333456 1354
  16.9404974  60.055762 1355
  16.9504974  60.2210804 1356
  16.9604974  60.3208282 1357
  16.9704974  60.3889676 1358
  16.9804974  60.3995544 1359
  16.9904974  60.4149034 1360
  17.0004974  60.4839835 1361
  17.0104974  60.7101818 1362
  17.0204974  60.8431015 1363
  17.0304974  60.8649144 1364
  17.0404974  60.9090254 1365
  17.0504974  60.92793 1366
  17.0604974  60.8457622 1367
  17.0704974  60.7481945 1368
  17.0804974  60.8166027 1369
  17.0904974  60.8801953 1370
  17.1004974  60.8868846 1371
  17.1104974  60.9165134 1372
  17.1204974  60.9363152 1373
  17.1304974  60.8307242 1374
  17.1404974  60.7448481 1375
  17.1504974  60.8329101 1376
  17.1604974  60.9353643 1377
  17.1704974  61.0716969 1378
  17.1804974  61.0969251 1379
  17.1904974  61.0289327 1380
  17.2004974  60.946978 1381
  17.2104974  60.8290462 1382
  17.2204974  60.685543 1383
  17.2304974  60.6795103 1384
  17.2404974  60.6390858 1385
  17.2504974  60.4880022 1386
  17.2604974  60.3849379 1387
  17.2704974  60.3821377 1388
  17.2804974  60.2824905 1389
  17.2904974  60.2384365 1390
  17.3004974  60.3397883 1391
  17.3104974  60.4076399 1392
  17.3204974  60.3898091 1393
  17.3304974  60.3144247 1394
  17.3404974  60.3218199 1395
  17.3504974  60.3900551 1396
  17.3604974  60.4012369 1397
  17.3704974  60.4088847 1398
  17.3804974  60.4422055 1399
  17.3904974  60.6526713 1400
  17.4004974  60.7571968 1401
  17.4104974  60.6460813 1402
  17.4204974  60.6128357 1403
  17.4304974  60.6855946 1404
  17.4404974  60.8043709 1405
  17.4504974  60.88853 1406
  17.4604974  60.9734842 1407
  17.4704974  61.018591 1408
  17.4804974  61.0826015 1409
  17.4904974  61.0876004 1410
  17.5004974  60.7845589 1411
  17.5104975  60.664435 1412
  17.5204975  60.6588817 1413
  17.5304975  60.6760843 1414
  17.5404975  60.6349131 1415
  17.5504975  60.4883652 1416
  17.5604975  60.2629211 1417
  17.5704975  60.2207139 1418
  17.5804975  60.2607233 1419
  17.5904975  60.2962892 1420
  17.6004975  60.2853607 1421
  17.6104975  60.2823007 1422
  17.6204975  60.3421088 1423
  17.6304975  60.3039459 1424
  17.6404975  60.2822665 1425
  17.6504975  60.3435912 1426
  17.6604975  60.3652086 1427
  17.6704975  60.3366525 1428
  17.6804975  60.2820189 1429
  17.6904975  60.1189607 1430
  17.7004975  59.9573905 1431
  17.7104975  59.8998669 1432
  17.7204975  59.850474 1433
  17.7304975  59.8326405 1434
  17.7404975  59.8178317 1435
  17.7504975  59.7649652 1436
  17.7604975  59.4956935 1437
  17.7704975  59.3535961 1438
  17.7804975  59.430959 1439
  17.7904975  59.5092173 1440
  17.8004975  59.5803905 1441
  17.8104975  59.7031283 1442
  17.8204975  59.7203496 1443
  17.8304975  59.6012309 1444
  17.8404975  59.4394666 1445
  17.8504975  59.3853806 1446
  17.8604975  59.3977822 1447
  17.8704975  59.4123958 1448
  17.8804975  59.3886649 1449
  17.8904975  59.1996803 1450
  17.9004975  59.1168496 1451
  17.9104975  59.2967177 1452
  17.9204975  59.5462719 1453
  17.9304975  59.611069 1454
  17.9404975  59.4643869 1455
  17.9504975  59.2687272 1456
  17.9604975  59.2061021 1457
  17.9704975  59.1846348 1458
  17.9804975  59.0276221 1459
  17.9904975  58.8999915 1460
  18.0004975  58.8595494 1461
  18.0104975  58.8486673 1462
  18.0204975  58.8721207 1463
  18.0304975  59.0037933 1464
  18.0404975  59.1695106 1465
  18.0504975  59.3274535 1466
  18.0604975  59.5844882 1467
  18.0704975  59.8217 1468
  18.0804975  59.9816831 1469
  18.0904975  60.0369933 1470
  18.1004975  60.0573553 1471
  18.1104975  60.0719285 1472
  18.1204975  60.0706404 1473
  18.1304975  60.0638737 1474
  18.1404975  60.0716772 1475
  18.1504975  60.1633289 1476
  18.1604975  60.1510008 1477
  18.1704975  60.1417827 1478
  18.1804975  60.1681693 1479
  18.1904975  60.1741684 1480
  18.2004975  60.2131374 1481
  18.2104975  60.2486257 1482
  18.2204975  60.2224146 1483
  18.2304975  60.2234841 1484
  18.2404975  60.2717777 1485
  18.2504975  60.364022 1486
  18.2604975  60.3455244 1487
  18.2704975  60.2429059 1488
  18.2804975  60.2132898 1489
  18.2904975  60.2076975 1490
  18.3004975  60.1860674 1491
  18.3104975  60.1578013 1492
  18.3204975  60.14253 1493
  18.3304975  60.1311612 1494
  18.3404975  60.1309639 1495
  18.3504975  60.0638571 1496
  18.3604975  60.001978 1497
  18.3704975  59.9332028 1498
  18.3804975  59.7908876 1499
  18.3904975  59.7775026 1500
  18.4004975  59.9965794 1501
  18.4104975  60.0379841 1502
  18.4204975  60.2550443 1503
  18.4304975  60.2209294 1504
  18.4404975  60.0961816 1505
  18.4504975  60.0811443 1506
  18.4604975  60.1185092 1507
  18.4704975  60.1417925 1508
  18.4804975  60.1851554 1509
  18.4904975  60.1971789 1510
  18.5004975  60.1592833 1511
  18.5104975  60.1330728 1512
  18.5204975  60.1424398 1513
  18.5304975  60.0814574 1514
  18.5404975  59.914194 1515
  18.5504975  59.8264245 1516
  18.5604975  59.6109069 1517
  18.5704975  59.5669192 1518
  18.5804975  59.5759645 1519
  18.5904975  59.585957 1520
  18.6004975  59.5508029 1521
  18.6104975  59.3933976 1522
  18.6204975  59.1925322 1523
  18.6304975  59.1084412 1524
  18.6404975  59.2019181 1525
  18.6504975  59.3899549 1526
  18.6604975  59.3753474 1527
  18.6704975  59.2061333 1528
  18.6804975  59.1359259 1529
  18.6904975  59.1753367 1530
  18.7004975  59.2038 1531
  18.7104975  59.2112473 1532
  18.7204975  59.2173486 1533
  18.7304975  59.2083296 1534
  18.7404975  59.2172215 1535
  18.7504975  59.1809332 1536
  18.7604975  59.0405785 1537
  18.7704975  58.9658519 1538
  18.7804975  59.0686971 1539
  18.7904975  59.0868342 1540
  18.8004975  58.9601148 1541
  18.8104975  58.6989633 1542
  18.8204975  58.5933564 1543
  18.8304975  58.6132396 1544
  18.8404975  58.6248391 1545
  18.8504975  58.6304335 1546
  18.8604975  58.76475 1547
  18.8704975  58.9510526 1548
  18.8804975  59.0459351 1549
  18.8904975  58.9788974 1550
  18.9004975  58.9186811 1551
  18.9104975  58.9029768 1552
  18.9204975  58.972224 1553
  18.9304975  59.0789863 1554
  18.9404975  59.0892405 1555
  18.9504975  59.0837052 1556
  18.9604975  59.034244 1557
  18.9704975  58.8297343 1558
  18.9804975  58.6579608 1559
  18.9904975  58.5676128 1560
  19.0004975  58.6203745 1561
  19.0104975  58.7029427 1562
  19.0204975  58.6721318 1563
  19.0304975  58.5221207 1564
  19.0404975  58.4765542 1565
  19.0504975  58.6375799 1566
  19.0604975  58.8014064 1567
  19.0704975  58.7796173 1568
  19.0804975  58.7511128 1569
  19.0904975  58.7105546 1570
  19.1004975  58.6261283 1571
  19.1104975  58.5972379 1572
  19.1204975  58.6175953 1573
  19.1304975  58.7723668 1574
  19.1404975  58.8636897 1575
  19.1504975  58.8556745 1576
  19.1604975  58.9135191 1577
  19.1704975  58.9564757 1578
  19.1804975  58.9365051 1579
  19.1904975  58.8860368 1580
  19.2004975  58.7804693 1581
  19.2104975  58.696156 1582
  19.2204975  58.5898415 1583
  19.2304975  58.4915565 1584
  19.2404975  58.4655209 1585
  19.2504975  58.5301377 1586
  19.2604975  58.6427117 1587
  19.2704975  58.8378969 1588
  19.2804975  59.0227899 1589
  19.2904975  59.2196632 1590
  19.3004975  59.3978332 1591
  19.3104975  59.5271939 1592
  19.3204975  59.5981166 1593
  19.3304975  59.7180996 1594
  19.3404975  59.8216358 1595
  19.3504975  59.7473674 1596
  19.3604975  59.7138299 1597
  19.3704975  59.8017731 1598
  19.3804975  59.8000641 1599
  19.3904975  59.8122553 1600
  19.4004975  59.8610745 1601
  19.4104975  59.9255778 1602
  19.4204975  59.8944846 1603
  19.4304975  59.831939 1604
  19.4404975  59.6775063 1605
  19.4504975  59.6359128 1606
  19.4604975  59.7505869 1607
  19.4704975  59.8022226 1608
  19.4804975  59.7134493 1609
  19.4904975  59.4468898 1610
  19.5004975  59.2973794 1611
  19.5104975  59.2669741 1612
  19.5204975  59.2799527 1613
  19.5304975  59.3031997 1614
  19.5404975  59.3848549 1615
  19.5504975  59.4384575 1616
  19.5604975  59.4016224 1617
  19.5704975  59.369598 1618
  19.5804975  59.3381072 1619
  19.5904975  59.2337197 1620
  19.6004975  59.1493421 1621
  19.6104976  59.233952 1622
  19.6204976  59.4482835 1623
  19.6304976  59.6954695 1624
  19.6404976  59.8548151 1625
  19.6504976  60.0237273 1626
  19.6604976  60.08812 1627
  19.6704976  60.0790343 1628
  19.6804976  60.1792176 1629
  19.6904976  60.2006376 1630
  19.7004976  60.1770712 1631
  19.7104976  60.1349275 1632
  19.7204976  60.0838281 1633
  19.7304976  60.0315731 1634
  19.7404976  59.9103371 1635
  19.7504976  59.6786326 1636
  19.7604976  59.5041672 1637
  19.7704976  59.3695005 1638
  19.7804976  59.3409792 1639
  19.7904976  59.2557166 1640
  19.8004976  59.1719426 1641
  19.8104976  59.2312869 1642
  19.8204976  59.3485258 1643
  19.8304976  59.3868264 1644
  19.8404976  59.3701028 1645
  19.8504976  59.4071254 1646
  19.8604976  59.4254926 1647
  19.8704976  59.3620218 1648
  19.8804976  59.2445227 1649
  19.8904976  59.1820404 1650
  19.9004976  59.1294305 1651
  19.9104976  58.9675755 1652
  19.9204976  58.811305 1653
  19.9304976  58.7938758 1654
  19.9404976  58.8280776 1655
  19.9504976  58.8042557 1656
  19.9604976  58.7170691 1657
  19.9704976  58.6194684 1658
  19.9804976  58.4700016 1659
  19.9904976  58.2926214 1660
  20.0004976  58.1776787 1661
  20.0104976  58.163555 1662
  20.0204976  58.172463 1663
  20.0304976  58.0925161 1664
  20.0404976  58.0406465 1665
  20.0504976  58.0587586 1666
  20.0604976  58.0440446 1667
  20.0704976  58.1424872 1668
  20.0804976  58.3635573 1669
  20.0904976  58.4693874 1670
  20.1004976  58.3615953 1671
  20.1104976  58.185131 1672
  20.1204976  58.1939162 1673
  20.1304976  58.1624628 1674
  20.1404976  58.2391879 1675
  20.1504976  58.4621388 1676
  20.1604976  58.5763716 1677
  20.1704976  58.5184802 1678
  20.1804976  58.4788198 1679
  20.1904976  58.5399063 1680
  20.2004976  58.6877942 1681
  20.2104976  58.7089406 1682
  20.2204976  58.7071192 1683
  20.2304976  58.6705185 1684
  20.2404976  58.4981266 1685
  20.2504976  58.3843776 1686
  20.2604976  58.3866889 1687
  20.2704976  58.4839618 1688
  20.2804976  58.4901835 1689
  20.2904976  58.4368455 1690
  20.3004976  58.4219256 1691
  20.3104976  58.5576419 1692
  20.3204976  58.5941103 1693
  20.3304976  58.5290882 1694
  20.3404976  58.4914427 1695
  20.3504976  58.4642645 1696
  20.3604976  58.4110396 1697
  20.3704976  58.3904274 1698
  20.3804976  58.2737017 1699
  20.3904976  58.119961 1700
  20.4004976  58.0267405 1701
  20.4104976  57.8847188 1702
  20.4204976  57.8855531 1703
  20.4304976  58.0279302 1704
  20.4404976  58.1726392 1705
  20.4504976  58.3228287 1706
  20.4604976  58.420154 1707
  20.4704976  58.4219 1708
  20.4804976  58.4662872 1709
  20.4904976  58.5843587 1710
  20.5004976  58.7079703 1711
  20.5104976  58.8445625 1712
  20.5204976  58.9457998 1713
  20.5304976  58.9993238 1714
  20.5404976  59.122559 1715
  20.5504976  59.2259546 1716
  20.5604976  59.2667906 1717
  20.5704976  59.2441662 1718
  20.5804976  59.1819392 1719
  20.5904976  59.0963663 1720
  20.6004976  59.0870469 1721
  20.6104976  59.1088656 1722
  20.6204976  59.203256 1723
  20.6304976  59.3486204 1724
  20.6404976  59.4890566 1725
  20.6504976  59.6417879 1726
  20.6604976  59.6788206 1727
  20.6704976  59.687844 1728
  20.6804976  59.7565744 1729
  20.6904976  59.7211218 1730
  20.7004976  59.6314236 1731
  20.7104976  59.3612227 1732
  20.7204976  59.145351 1733
  20.7304976  58.9932606 1734
  20.7404976  58.903488 1735
  20.7504976  58.9309001 1736
  20.7604976  59.0684997 1737
  20.7704976  59.1383272 1738
  20.7804976  59.1856966 1739
  20.7904976  59.3469546 1740
  20.8004976  59.5636684 1741
  20.8104976  59.731465 1742
  20.8204976  59.8030105 1743
  20.8304976  59.8966726 1744
  20.8404976  59.8792607 1745
  20.8504976  59.8197855 1746
  20.8604976  59.8127911 1747
  20.8704976  59.9249274 1748
  20.8804976  60.0553037 1749
  20.8904976  60.0025152 1750
  20.9004976  59.9266522 1751
  20.9104976  59.7118332 1752
  20.9204976  59.611651 1753
  20.9304976  59.5314596 1754
  20.9404976  59.3683414 1755
  20.9504976  59.1547257 1756
  20.9604976  59.0752393 1757
  20.9704976  59.0413154 1758
  20.9804976  58.8523838 1759
  20.9904976  58.7633566 1760
  21.0004976  58.5363686 1761
  21.0104976  58.410533 1762
  21.0204976  58.2898078 1763
  21.0304976  58.2399113 1764
  21.0404976  58.093435 1765
  21.0504976  57.9822629 1766
  21.0604976  57.8049792 1767
  21.0704976  57.7273751 1768
  21.0804976  57.470983 1769
  21.0904976  57.3608908 1770
  21.1004976  57.2389561 1771
  21.1104976  57.0460929 1772
  21.1204976  56.996998 1773
  21.1304976  57.0475439 1774
  21.1404976  57.1365589 1775
  21.1504976  57.1344719 1776
  21.1604976  57.1655906 1777
  21.1704976  57.2479816 1778
  21.1804976  57.3467583 1779
  21.1904976  57.4299756 1780
  21.2004976  57.4924666 1781
  21.2104976  57.6398679 1782
  21.2204976  57.8160451 1783
  21.2304976  57.8482275 1784
  21.2404976  57.9185626 1785
  21.2504976  58.0528609 1786
  21.2604976  58.2075928 1787
  21.2704976  58.2081073 1788
  21.2804976  58.450866 1789
  21.2904976  58.657831 1790
  21.3004976  58.6380574 1791
  21.3104976  58.5479971 1792
  21.3204976  58.4983086 1793
  21.3304976  58.4989435 1794
  21.3404976  58.5394093 1795
  21.3504976  58.5212259 1796
  21.3604976  58.3984118 1797
  21.3704976  58.3801406 1798
  21.3804976  58.4386313 1799
  21.3904976  58.5188584 1800
  21.4004976  58.6685988 1801
  21.4104976  58.7915544 1802
  21.4204976  58.9166131 1803
  21.4304976  59.0388166 1804
  21.4404976  59.1528284 1805
  21.4504976  59.1496907 1806
  21.4604976  59.1874705 1807
  21.4704976  59.2871169 1808
  21.4804976  59.3452555 1809
  21.4904976  59.4029777 1810
  21.5004976  59.5435716 1811
  21.5104976  59.5932268 1812
  21.5204976  59.6060415 1813
  21.5304976  59.626038 1814
  21.5404976  59.6438669 1815
  21.5504976  59.657088 1816
  21.5604976  59.5934727 1817
  21.5704976  59.5452832 1818
  21.5804976  59.5865201 1819
  21.5904976  59.5781199 1820
  21.6004976  59.4789603 1821
  21.6104976  59.4058627 1822
  21.6204976  59.3377108 1823
  21.6304976  59.248078 1824
  21.6404976  59.2193525 1825
  21.6504976  59.2577223 1826
  21.6604976  59.2809768 1827
  21.6704976  59.3440222 1828
  21.6804976  59.3605915 1829
  21.6904976  59.2585549 1830
  21.7004976  59.1745774 1831
  21.7104976  59.1875986 1832
  21.7204977  59.2467578 1833
  21.7304977  59.3446658 1834
  21.7404977  59.3355209 1835
  21.7504977  59.2705428 1836
  21.7604977  59.2402341 1837
  21.7704977  59.3536148 1838
  21.7804977  59.3990788 1839
  21.7904977  59.6373501 1840
  21.8004977  59.7228383 1841
  21.8104977  59.7549023 1842
  21.8204977  59.8218222 1843
  21.8304977  59.8544921 1844
  21.8404977  59.9745239 1845
  21.8504977  60.1856718 1846
  21.8604977  60.402968 1847
  21.8704977  60.4804581 1848
  21.8804977  60.4911562 1849
  21.8904977  60.5421124 1850
  21.9004977  60.5008364 1851
  21.9104977  60.4175106 1852
  21.9204977  60.3705004 1853
  21.9304977  60.3509324 1854
  21.9404977  60.3570263 1855
  21.9504977  60.3576065 1856
  21.9604977  60.3087025 1857
  21.9704977  60.1690979 1858
  21.9804977  60.0203637 1859
  21.9904977  59.9775123 1860
  22.0004977  59.9672744 1861
  22.0104977  59.9429158 1862
  22.0204977  59.939525 1863
  22.0304977  59.9406252 1864
  22.0404977  59.8842656 1865
  22.0504977  59.7168371 1866
  22.0604977  59.5045864 1867
  22.0704977  59.338008 1868
  22.0804977  59.288267 1869
  22.0904977  59.4035304 1870
  22.1004977  59.5102516 1871
  22.1104977  59.6029607 1872
  22.1204977  59.6253197 1873
  22.1304977  59.5881183 1874
  22.1404977  59.5667954 1875
  22.1504977  59.5693931 1876
  22.1604977  59.6117844 1877
  22.1704977  59.6240998 1878
  22.1804977  59.6854893 1879
  22.1904977  59.7665195 1880
  22.2004977  59.9119152 1881
  22.2104977  60.1398329 1882
  22.2204977  60.2378639 1883
  22.2304977  60.1820701 1884
  22.2404977  60.1601873 1885
  22.2504977  60.1727921 1886
  22.2604977  60.3499407 1887
  22.2704977  60.4781982 1888
  22.2804977  60.4398332 1889
  22.2904977  60.387265 1890
  22.3004977  60.2929344 1891
  22.3104977  60.1530271 1892
  22.3204977  60.132833 1893
  22.3304977  60.1400227 1894
  22.3404977  60.1038083 1895
  22.3504977  59.9448567 1896
  22.3604977  59.7168219 1897
  22.3704977  59.6080599 1898
  22.3804977  59.5304376 1899
  22.3904977  59.4064729 1900
  22.4004977  59.3199158 1901
  22.4104977  59.2947573 1902
  22.4204977  59.3406323 1903
  22.4304977  59.3469839 1904
  22.4404977  59.3191811 1905
  22.4504977  59.3831865 1906
  22.4604977  59.4965247 1907
  22.4704977  59.6293026 1908
  22.4804977  59.7227731 1909
  22.4904977  59.7090548 1910
  22.5004977  59.7205195 1911
  22.5104977  59.7614757 1912
  22.5204977  59.8814235 1913
  22.5304977  60.1223997 1914
  22.5404977  60.3019678 1915
  22.5504977  60.3772506 1916
  22.5604977  60.4400556 1917
  22.5704977  60.5516969 1918
  22.5804977  60.728957 1919
  22.5904977  60.8973012 1920
  22.6004977  61.0031696 1921
  22.6104977  61.0675486 1922
  22.6204977  61.1366661 1923
  22.6304977  61.1201753 1924
  22.6404977  61.0052141 1925
  22.6504977  60.9080552 1926
  22.6604977  60.674041 1927
  22.6704977  60.5848403 1928
  22.6804977  60.5001753 1929
  22.6904977  60.3597396 1930
  22.7004977  60.2804465 1931
  22.7104977  60.2606353 1932
  22.7204977  60.2348344 1933
  22.7304977  60.1396116 1934
  22.7404977  60.0817656 1935
  22.7504977  60.1589473 1936
  22.7604977  60.259304 1937
  22.7704977  60.2561741 1938
  22.7804977  60.2118261 1939
  22.7904977  60.2696907 1940
  22.8004977  60.3482735 1941
  22.8104977  60.349551 1942
  22.8204977  60.3470435 1943
  22.8304977  60.415809 1944
  22.8404977  60.5182182 1945
  22.8504977  60.5589425 1946
  22.8604977  60.5234981 1947
  22.8704977  60.4470729 1948
  22.8804977  60.3407222 1949
  22.8904977  60.2920994 1950
  22.9004977  60.2680184 1951
  22.9104977  60.2404797 1952
  22.9204977  60.2266691 1953
  22.9304977  60.2329389 1954
  22.9404977  60.2429798 1955
  22.9504977  60.3204872 1956
  22.9604977  60.4784043 1957
  22.9704977  60.563908 1958
  22.9804977  60.5078998 1959
  22.9904977  60.4993076 1960
  23.0004977  60.5583417 1961
  23.0104977  60.7487758 1962
  23.0204977  60.8964778 1963
  23.0304977  60.9915937 1964
  23.0404977  61.1386978 1965
  23.0504977  61.1152565 1966
  23.0604977  61.1101639 1967
  23.0704977  61.2248772 1968
  23.0804977  61.2586216 1969
  23.0904977  61.2355969 1970
  23.1004977  61.3767403 1971
  23.1104977  61.4239118 1972
  23.1204977  61.3315118 1973
  23.1304977  61.1498757 1974
  23.1404977  60.9542013 1975
  23.1504977  60.8704015 1976
  23.1604977  60.8612251 1977
  23.1704977  60.8427613 1978
  23.1804977  60.7231313 1979
  23.1904977  60.626123 1980
  23.2004977  60.532747 1981
  23.2104977  60.4001938 1982
  23.2204977  60.2414495 1983
  23.2304977  60.2118262 1984
  23.2404977  60.288449 1985
  23.2504977  60.2778362 1986
  23.2604977  60.2571377 1987
  23.2704977  60.283262 1988
  23.2804977  60.2566913 1989
  23.2904977  60.1854811 1990
  23.3004977  60.0422624 1991
  23.3104977  60.0113828 1992
  23.3204977  60.0017061 1993
  23.3304977  60.0025786 1994
  23.3404977  60.0881275 1995
  23.3504977  60.2047398 1996
  23.3604977  60.2932983 1997
  23.3704977  60.4031401 1998
  23.3804977  60.495138 1999
  23.3904977  60.5859891 2000
  23.4004977  60.6824137 2001
  23.4104977  60.6601073 2002
  23.4204977  60.7839036 2003
  23.4304977  60.9075767 2004
  23.4404977  61.0327128 2005
  23.4504977  61.1527787 2006
  23.4604977  61.3188275 2007
  23.4704977  61.3606432 2008
  23.4804977  61.2846257 2009
  23.4904977  61.2544709 2010
  23.5004977  61.3704397 2011
  23.5104977  61.4510804 2012
  23.5204977  61.4015393 2013
  23.5304977  61.3254249 2014
  23.5404977  61.2831755 2015
  23.5504977  61.2635289 2016
  23.5604977  61.1946987 2017
  23.5704977  61.0995269 2018
  23.5804977  61.0884992 2019
  23.5904977  61.0990645 2020
  23.6004977  61.1717591 2021
  23.6104977  61.1382543 2022
  23.6204977  61.0880967 2023
  23.6304977  61.0523091 2024
  23.6404977  61.1668283 2025
  23.6504977  61.2372502 2026
  23.6604977  61.1779826 2027
  23.6704977  61.133711 2028
  23.6804977  61.1702485 2029
  23.6904977  61.3726627 2030
  23.7004977  61.4774583 2031
  23.7104977  61.4552004 2032
  23.7204977  61.4499669 2033
  23.7304977  61.4105336 2034
  23.7404977  61.3242056 2035
  23.7504977  61.2902622 2036
  23.7604977  61.2902459 2037
  23.7704977  61.3164301 2038
  23.7804977  61.2913734 2039
  23.7904977  61.251985 2040
  23.8004977  61.2193541 2041
  23.8104977  61.2950655 2042
  23.8204978  61.4086581 2043
  23.8304978  61.4250457 2044
  23.8404978  61.3623368 2045
  23.8504978  61.2767505 2046
  23.8604978  61.232218 2047
  23.8704978  61.2134939 2048
  23.8804978  61.165302 2049
  23.8904978  61.0293898 2050
  23.9004978  60.9636111 2051
  23.9104978  61.0479881 2052
  23.9204978  61.1410174 2053
  23.9304978  61.1007011 2054
  23.9404978  61.0981127 2055
  23.9504978  61.0913128 2056
  23.9604978  61.0469773 2057
  23.9704978  60.9616744 2058
  23.9804978  60.9322378 2059
  23.9904978  60.9302208 2060
  24.0004978  60.9048732 2061
  24.0104978  60.8284605 2062
  24.0204978  60.7713064 2063
  24.0304978  60.7637037 2064
  24.0404978  60.7741882 2065
  24.0504978  60.8711012 2066
  24.0604978  60.9531586 2067
  24.0704978  60.907178 2068
  24.0804978  60.8664799 2069
  24.0904978  60.8531268 2070
  24.1004978  60.8432751 2071
  24.1104978  60.8434338 2072
  24.1204978  60.8477797 2073
  24.1304978  60.916433 2074
  24.1404978  61.177203 2075
  24.1504978  61.3315375 2076
  24.1604978  61.3478776 2077
  24.1704978  61.3565979 2078
  24.1804978  61.2704563 2079
  24.1904978  61.1856448 2080
  24.2004978  61.1689861 2081
  24.2104978  61.2459747 2082
  24.2204978  61.2616193 2083
  24.2304978  61.3563948 2084
  24.2404978  61.2620282 2085
  24.2504978  61.125586 2086
  24.2604978  61.0351631 2087
  24.2704978  60.9679672 2088
  24.2804978  60.9141231 2089
  24.2904978  60.8688602 2090
  24.3004978  60.8719453 2091
  24.3104978  60.8254396 2092
  24.3204978  60.7055943 2093
  24.3304978  60.6639245 2094
  24.3404978  60.6197834 2095
  24.3504978  60.571785 2096
  24.3604978  60.4727281 2097
  24.3704978  60.3192063 2098
  24.3804978  60.2780897 2099
  24.3904978  59.9580462 2100
  24.4004978  59.8071368 2101
  24.4104978  59.7989264 2102
  24.4204978  59.8309405 2103
  24.4304978  59.9197398 2104
  24.4404978  60.0483094 2105
  24.4504978  60.1526231 2106
  24.4604978  60.1854879 2107
  24.4704978  60.1728289 2108
  24.4804978  60.1357394 2109
  24.4904978  60.0971205 2110
  24.5004978  60.0495667 2111
  24.5104978  60.1324211 2112
  24.5204978  60.2359633 2113
  24.5304978  60.27134 2114
  24.5404978  60.3687586 2115
  24.5504978  60.44535 2116
  24.5604978  60.546315 2117
  24.5704978  60.6227205 2118
  24.5804978  60.6707178 2119
  24.5904978  60.789156 2120
  24.6004978  60.9227908 2121
  24.6104978  60.9493146 2122
  24.6204978  61.0290392 2123
  24.6304978  61.2883963 2124
  24.6404978  61.5110269 2125
  24.6504978  61.6563299 2126
  24.6604978  61.6366373 2127
  24.6704978  61.6094123 2128
  24.6804978  61.6474647 2129
  24.6904978  61.689702 2130
  24.7004978  61.6350853 2131
  24.7104978  61.4380502 2132
  24.7204978  61.1843226 2133
  24.7304978  61.1199939 2134
  24.7404978  61.0621779 2135
  24.7504978  61.0364532 2136
  24.7604978  61.0222997 2137
  24.7704978  61.0195189 2138
  24.7804978  60.9663677 2139
  24.7904978  60.8639138 2140
  24.8004978  60.7509581 2141
  24.8104978  60.6953367 2142
  24.8204978  60.684408 2143
  24.8304978  60.7516198 2144
  24.8404978  60.7916173 2145
  24.8504978  60.7575806 2146
  24.8604978  60.7522547 2147
  24.8704978  60.7658867 2148
  24.8804978  60.8049046 2149
  24.8904978  60.8551876 2150
  24.9004978  60.8602513 2151
  24.9104978  60.9216131 2152
  24.9204978  60.9711341 2153
  24.9304978  60.9236574 2154
  24.9404978  60.919032 2155
  24.9504978  60.933266 2156
  24.9604978  60.9278518 2157
  24.9704978  60.9082147 2158
  24.9804978  60.8533009 2159
  24.9904978  60.7475969 2160
  25.0004978  60.689267 2161
  25.0104978  60.6725754 2162
  25.0204978  60.6920262 2163
  25.0304978  60.8019379 2164
  25.0404978  60.8355203 2165
  25.0504978  60.855433 2166
  25.0604978  60.9605877 2167
  25.0704978  61.104777 2168
  25.0804978  61.1875578 2169
  25.0904978  61.2868291 2170
  25.1004978  61.358189 2171
  25.1104978  61.3860625 2172
  25.1204978  61.4562625 2173
  25.1304978  61.626737 2174
  25.1404978  61.776545 2175
  25.1504978  61.8709972 2176
  25.1604978  61.82663 2177
  25.1704978  61.8743606 2178
  25.1804978  61.9336753 2179
  25.1904978  61.9528717 2180
  25.2004978  61.9220026 2181
  25.2104978  61.9234613 2182
  25.2204978  61.992892 2183
  25.2304978  62.0581996 2184
  25.2404978  62.0281913 2185
  25.2504978  61.9691306 2186
  25.2604978  61.9342753 2187
  25.2704978  62.0247025 2188
  25.2804978  62.1867075 2189
  25.2904978  62.1632331 2190
  25.3004978  62.1409323 2191
  25.3104978  62.026104 2192
  25.3204978  61.9033197 2193
  25.3304978  61.9126765 2194
  25.3404978  61.8490549 2195
  25.3504978  61.7664455 2196
  25.3604978  61.638097 2197
  25.3704978  61.4561242 2198
  25.3804978  61.4153699 2199
  25.3904978  61.4274779 2200
  25.4004978  61.423519 2201
  25.4104978  61.3435742 2202
  25.4204978  61.3006069 2203
  25.4304978  61.283635 2204
  25.4404978  61.2256702 2205
  25.4504978  61.0976417 2206
  25.4604978  61.0744952 2207
  25.4704978  61.0484301 2208
  25.4804978  60.997064 2209
  25.4904978  60.889981 2210
  25.5004978  60.8699057 2211
  25.5104978  60.9148127 2212
  25.5204978  60.9611687 2213
  25.5304978  60.936317 2214
  25.5404978  60.9291766 2215
  25.5504978  60.8480749 2216
  25.5604978  60.8016478 2217
  25.5704978  60.8231233 2218
  25.5804978  60.8241349 2219
  25.5904978  60.6779672 2220
  25.6004978  60.6817311 2221
  25.6104978  60.7195353 2222
  25.6204978  60.7307521 2223
  25.6304978  60.7129166 2224
  25.6404978  60.5174217 2225
  25.6504978  60.5275271 2226
  25.6604978  60.5304651 2227
  25.6704978  60.4912511 2228
  25.6804978  60.4226676 2229
  25.6904978  60.2436921 2230
  25.7004978  60.1189053 2231
  25.7104978  60.211826 2232
  25.7204978  60.2761384 2233
  25.7304978  60.3083058 2234
  25.7404978  60.2623954 2235
  25.7504978  60.2070987 2236
  25.7604978  60.1983674 2237
  25.7704978  60.294456 2238
  25.7804978  60.5170271 2239
  25.7904978  60.5977893 2240
  25.8004978  60.5919248 2241
  25.8104978  60.5548957 2242
  25.8204978  60.5148046 2243
  25.8304978  60.3554026 2244
  25.8404978  60.207295 2245
  25.8504978  60.0942533 2246
  25.8604978  60.1200775 2247
  25.8704978  60.1354699 2248
  25.8804978  60.1801191 2249
  25.8904978  60.2277174 2250
  25.9004978  60.245779 2251
  25.9104978  60.2555636 2252
  25.9204978  60.2591984 2253
  25.9304979  60.4007109 2254
  25.9404979  60.4830966 2255
  25.9504979  60.505885 2256
  25.9604979  60.5174397 2257
  25.9704979  60.4782782 2258
  25.9804979  60.4845989 2259
  25.9904979  60.3157237 2260
  26.0004979  60.2472041 2261
  26.0104979  60.2274273 2262
  26.0204979  60.2350874 2263
  26.0304979  60.250811 2264
  26.0404979  60.2351015 2265
  26.0504979  60.2121594 2266
  26.0604979  60.1969494 2267
  26.0704979  60.1679914 2268
  26.0804979  60.0474932 2269
  26.0904979  59.9316906 2270
  26.1004979  59.790467 2271
  26.1104979  59.7192685 2272
  26.1204979  59.724971 2273
  26.1304979  59.6833573 2274
  26.1404979  59.7433063 2275
  26.1504979  59.8196807 2276
  26.1604979  59.9429336 2277
  26.1704979  60.0126565 2278
  26.1804979  60.0112965 2279
  26.1904979  60.0396184 2280
  26.2004979  60.1871098 2281
  26.2104979  60.202971 2282
  26.2204979  60.1460136 2283
  26.2304979  60.1444262 2284
  26.2404979  60.115185 2285
  26.2504979  60.0532696 2286
  26.2604979  59.9578224 2287
  26.2704979  59.7681241 2288
  26.2804979  59.5959292 2289
  26.2904979  59.3841808 2290
  26.3004979  59.2715376 2291
  26.3104979  59.165631 2292
  26.3204979  59.0723889 2293
  26.3304979  58.9991323 2294
  26.3404979  58.9207349 2295
  26.3504979  58.5862601 2296
  26.3604979  58.5149745 2297
  26.3704979  58.4740343 2298
  26.3804979  58.4364489 2299
  26.3904979  58.5083488 2300
  26.4004979  58.6181152 2301
  26.4104979  58.9054815 2302
  26.4204979  58.8333432 2303
  26.4304979  58.7237787 2304
  26.4404979  58.7023445 2305
  26.4504979  58.6551596 2306
  26.4604979  58.6272495 2307
  26.4704979  58.6349785 2308
  26.4804979  58.611937 2309
  26.4904979  58.6123618 2310
  26.5004979  58.6186521 2311
  26.5104979  58.6032224 2312
  26.5204979  58.5752856 2313
  26.5304979  58.6102812 2314
  26.5404979  58.634702 2315
  26.5504979  58.6249932 2316
  26.5604979  58.7505944 2317
  26.5704979  58.6895049 2318
  26.5804979  58.7347246 2319
  26.5904979  58.7109048 2320
  26.6004979  58.7575782 2321
  26.6104979  58.7543919 2322
  26.6204979  58.7381876 2323
  26.6304979  58.6808804 2324
  26.6404979  58.4443396 2325
  26.6504979  58.437438 2326
  26.6604979  58.3749579 2327
  26.6704979  58.3448424 2328
  26.6804979  58.3819993 2329
  26.6904979  58.4217753 2330
  26.7004979  58.4401506 2331
  26.7104979  58.4513939 2332
  26.7204979  58.4706865 2333
  26.7304979  58.5214987 2334
  26.7404979  58.5656594 2335
  26.7504979  58.5515001 2336
  26.7604979  58.5215374 2337
  26.7704979  58.4668538 2338
  26.7804979  58.4461124 2339
  26.7904979  58.2675868 2340
  26.8004979  58.2037381 2341
  26.8104979  58.2052126 2342
  26.8204979  58.223538 2343
  26.8304979  58.218217 2344
  26.8404979  58.2468231 2345
  26.8504979  58.2761174 2346
  26.8604979  58.3120839 2347
  26.8704979  58.3855359 2348
  26.8804979  58.835105 2349
  26.8904979  58.9061051 2350
  26.9004979  58.9597606 2351
  26.9104979  59.242908 2352
  26.9204979  59.5873975 2353
  26.9304979  59.6491441 2354
  26.9404979  59.7079514 2355
  26.9504979  59.7464372 2356
  26.9604979  59.811326 2357
  26.9704979  59.8404275 2358
  26.9804979  59.8191093 2359
  26.9904979  59.7892491 2360
  27.0004979  59.6722687 2361
  27.0104979  59.659629 2362
  27.0204979  59.6775382 2363
  27.0304979  58.8815295 2364
  27.0404979  58.8237662 2365
  27.0504979  58.8495741 2366
  27.0604979  58.835595 2367
  27.0704979  58.771657 2368
  27.0804979  58.7071285 2369
  27.0904979  58.6740152 2370
  27.1004979  58.6839531 2371
  27.1104979  58.9296699 2372
  27.1204979  59.0987559 2373
  27.1304979  59.1793579 2374
  27.1404979  59.2353551 2375
  27.1504979  59.3355553 2376
  27.1604979  59.7085367 2377
  27.1704979  59.7752135 2378
  27.1804979  59.8543133 2379
  27.1904979  59.9907508 2380
  27.2004979  60.0506493 2381
  27.2104979  60.0804762 2382
  27.2204979  60.2369803 2383
  27.2304979  60.7715275 2384
  27.2404979  60.9492246 2385
  27.2504979  60.9672223 2386
  27.2604979  61.0058235 2387
  27.2704979  61.0537252 2388
  27.2804979  61.094663 2389
  27.2904979  61.1810068 2390
  27.3004979  61.3603721 2391
  27.3104979  61.4071779 2392
  27.3204979  61.4032029 2393
  27.3304979  61.3792797 2394
  27.3404979  61.3889685 2395
  27.3504979  61.3534506 2396
  27.3604979  61.3286574 2397
  27.3704979  61.3089946 2398
  27.3804979  61.1478146 2399
  27.3904979  61.1866435 2400
  27.4004979  60.9965201 2401
  27.4104979  61.0460802 2402
  27.4204979  60.9778751 2403
  27.4304979  60.9200497 2404
  27.4404979  60.9094279 2405
  27.4504979  60.9684529 2406
  27.4604979  61.0167719 2407
  27.4704979  61.0201667 2408
  27.4804979  61.012798 2409
  27.4904979  61.0200917 2410
  27.5004979  61.0076443 2411
  27.5104979  61.0146422 2412
  27.5204979  61.1000045 2413
  27.5304979  61.1803926 2414
  27.5404979  61.1979618 2415
  27.5504979  61.2458263 2416
  27.5604979  61.4116132 2417
  27.5704979  61.3268182 2418
  27.5804979  61.3423735 2419
  27.5904979  61.3504284 2420
  27.6004979  61.376049 2421
  27.6104979  61.4213352 2422
  27.6204979  61.4506879 2423
  27.6304979  61.5345516 2424
  27.6404979  61.6283747 2425
  27.6504979  61.6315033 2426
  27.6604979  61.619473 2427
  27.6704979  61.6105664 2428
  27.6804979  61.6027462 2429
  27.6904979  61.6133601 2430
  27.7004979  61.6416665 2431
  27.7104979  61.6717001 2432
  27.7204979  61.683703 2433
  27.7304979  61.6850596 2434
  27.7404979  61.8458962 2435
  27.7504979  61.8814004 2436
  27.7604979  61.8598418 2437
  27.7704979  61.8191225 2438
  27.7804979  61.7751013 2439
  27.7904979  61.6109108 2440
  27.8004979  61.5239258 2441
  27.8104979  61.4511138 2442
  27.8204979  61.2010747 2443
  27.8304979  61.1247418 2444
  27.8404979  61.1211304 2445
  27.8504979  61.1108588 2446
  27.8604979  60.9099325 2447
  27.8704979  60.7869624 2448
  27.8804979  60.7413838 2449
  27.8904979  60.6989651 2450
  27.9004979  60.6326469 2451
  27.9104979  60.591902 2452
  27.9204979  60.5674367 2453
  27.9304979  60.5425378 2454
  27.9404979  60.5154112 2455
  27.9504979  60.5080663 2456
  27.9604979  60.5174112 2457
  27.9704979  60.5439436 2458
  27.9804979  60.5769208 2459
  27.9904979  60.6746545 2460
  28.0004979  60.7038046 2461
  28.0104979  60.7632411 2462
  28.0204979  60.8042907 2463
  28.030498  60.824613 2464
  28.040498  60.8594016 2465
  28.050498  60.9918462 2466
  28.060498  61.1042457 2467
  28.070498  61.1634214 2468
  28.080498  61.162966 2469
  28.090498  61.1781756 2470
  28.100498  61.1918 2471
  28.110498  61.2149478 2472
  28.120498  61.4494057 2473
  28.130498  61.4742735 2474
  28.140498  61.4568543 2475
  28.150498  61.4494472 2476
  28.160498  61.427852 2477
  28.170498  61.03882 2478
  28.180498  61.0111026 2479
  28.190498  61.016822 2480
  28.200498  60.969086 2481
  28.210498  60.9266316 2482
  28.220498  60.8150094 2483
  28.230498  60.8421842 2484
  28.240498  60.8392941 2485
  28.250498  60.8421847 2486
  28.260498  60.7827793 2487
  28.270498  60.7309277 2488
  28.280498  60.5687676 2489
  28.290498  60.5232596 2490
  28.300498  60.5671498 2491
  28.310498  60.642344 2492
  28.320498  61.0293437 2493
  28.330498  61.0515793 2494
  28.340498  61.0984037 2495
  28.350498  61.1470346 2496
  28.360498  61.2640368 2497
  28.370498  61.4779294 2498
  28.380498  61.494838 2499
  28.390498  61.6473203 2500
  28.400498  61.7188209 2501
  28.410498  61.7408224 2502
  28.420498  61.7577007 2503
  28.430498  61.790973 2504
  28.440498  61.81014 2505
  28.450498  61.8331162 2506
  28.460498  61.8684797 2507
  28.470498  61.8860218 2508
  28.480498  61.8991179 2509
  28.490498  61.925105 2510
  28.500498  62.0265608 2511
  28.510498  62.1246189 2512
  28.520498  62.1376004 2513
  28.530498  62.1654482 2514
  28.540498  62.174737 2515
  28.550498  62.1920179 2516
  28.560498  62.231005 2517
  28.570498  62.2429589 2518
  28.580498  62.2468943 2519
  28.590498  62.2570837 2520
  28.600498  62.2565646 2521
  28.610498  62.2315215 2522
  28.620498  62.1799005 2523
  28.630498  62.1413692 2524
  28.640498  62.1058293 2525
  28.650498  62.0389679 2526
  28.660498  61.9390553 2527
  28.670498  61.8231718 2528
  28.680498  61.2114895 2529
  28.690498  61.3024341 2530
  28.700498  61.3311185 2531
  28.710498  61.3079708 2532
  28.720498  61.3044543 2533
  28.730498  61.3101101 2534
  28.740498  61.2787273 2535
  28.750498  61.2163538 2536
  28.760498  61.1889437 2537
  28.770498  61.1813301 2538
  28.780498  61.171654 2539
  28.790498  61.2533288 2540
  28.800498  61.3101367 2541
  28.810498  61.360247 2542
  28.820498  61.4931589 2543
  28.830498  61.5199202 2544
  28.840498  61.5680716 2545
  28.850498  61.819265 2546
  28.860498  61.8146275 2547
  28.870498  61.9224456 2548
  28.880498  62.0739904 2549
  28.890498  62.0521208 2550
  28.900498  62.0464077 2551
  28.910498  62.0498872 2552
  28.920498  62.1005615 2553
  28.930498  62.1675304 2554
  28.940498  62.1759089 2555
  28.950498  62.1859089 2556
  28.960498  62.2045989 2557
  28.970498  62.2333514 2558
  28.980498  62.217353 2559
  28.990498  62.2159448 2560
  29.000498  62.2313033 2561
  29.010498  62.2356062 2562
  29.020498  62.2304865 2563
  29.030498  62.2845161 2564
  29.040498  62.4208885 2565
  29.050498  62.5336889 2566
  29.060498  62.704028 2567
  29.070498  62.7406096 2568
  29.080498  62.7565471 2569
  29.090498  62.8193461 2570
  29.100498  62.9846925 2571
  29.110498  63.0632946 2572
  29.120498  63.1309506 2573
  29.130498  63.0924545 2574
  29.140498  63.1387562 2575
  29.150498  63.1392352 2576
  29.160498  63.1475487 2577
  29.170498  63.1692417 2578
  29.180498  63.186516 2579
  29.190498  63.177919 2580
  29.200498  63.1309535 2581
  29.210498  63.2141623 2582
  29.220498  63.248591 2583
  29.230498  63.1940681 2584
  29.240498  63.1342633 2585
  29.250498  63.2101833 2586
  29.260498  63.0723021 2587
  29.270498  63.0310251 2588
  29.280498  63.0569219 2589
  29.290498  63.0650476 2590
  29.300498  63.098197 2591
  29.310498  63.094351 2592
  29.320498  63.0430646 2593
  29.330498  63.0283545 2594
  29.340498  63.0260183 2595
  29.350498  63.0745317 2596
  29.360498  63.1123099 2597
  29.370498  63.1713201 2598
  29.380498  63.2136861 2599
  29.390498  63.247736 2600
  29.400498  63.275366 2601
  29.410498  63.2920643 2602
  29.420498  63.3042568 2603
  29.430498  63.3206404 2604
  29.440498  63.5875742 2605
  29.450498  63.6556302 2606
  29.460498  63.7061844 2607
  29.470498  63.9487464 2608
  29.480498  63.9451131 2609
  29.490498  63.9942999 2610
  29.500498  63.9741557 2611
  29.510498  63.9816501 2612
  29.520498  63.9649712 2613
  29.530498  63.9485403 2614
  29.540498  63.6060909 2615
  29.550498  63.6625395 2616
  29.560498  63.6824406 2617
  29.570498  63.6513173 2618
  29.580498  63.5376851 2619
  29.590498  63.5117645 2620
  29.600498  63.4828897 2621
  29.610498  63.463675 2622
  29.620498  63.4584298 2623
  29.630498  63.4648188 2624
  29.640498  63.4801972 2625
  29.650498  63.524701 2626
  29.660498  63.5763914 2627
  29.670498  63.5891521 2628
  29.680498  63.5983261 2629
  29.690498  63.6078415 2630
  29.700498  63.6274105 2631
  29.710498  63.6844567 2632
  29.720498  63.7641484 2633
  29.730498  63.8449787 2634
  29.740498  63.8570208 2635
  29.750498  63.8725389 2636
  29.760498  63.8790687 2637
  29.770498  63.8764572 2638
  29.780498  63.881029 2639
  29.790498  63.8875342 2640
  29.800498  63.8939697 2641
  29.810498  63.9068909 2642
  29.820498  64.0150226 2643
  29.830498  64.3316831 2644
  29.840498  64.3774617 2645
  29.850498  64.3972161 2646
  29.860498  64.4223677 2647
  29.870498  64.9722498 2648
  29.880498  64.6939343 2649
  29.890498  64.7600478 2650
  29.900498  64.7870149 2651
  29.910498  64.8048656 2652
  29.920498  64.8209919 2653
  29.930498  64.8360882 2654
  29.940498  64.8447464 2655
  29.950498  64.8782727 2656
  29.960498  64.8807706 2657
  29.970498  64.9071062 2658
  29.980498  64.910775 2659
  29.990498  64.9196256 2660
  30.000498  64.9283824 2661
  30.010498  64.9175463 2662
  30.020498  64.8879227 2663
  30.030498  64.8888618 2664
  30.040498  64.8845033 2665
  30.050498  64.8967192 2666
  30.060498  64.8919153 2667
  30.070498  64.8341275 2668
  30.080498  64.8427408 2669
  30.090498  64.7357061 2670
  30.100498  64.9149926 2671
  30.110498  64.7166199 2672
  30.120498  64.8696544 2673
  30.130498  64.8636023 2674
  30.1404981  64.866158 2675
  30.1504981  64.8700485 2676
  30.1604981  64.8165625 2677
  30.1704981  64.8549418 2678
  30.1804981  64.8647997 2679
  30.1904981  64.8615702 2680
  30.2004981  64.8526515 2681
  30.2104981  64.8447564 2682
  30.2204981  64.8319809 2683
  30.2304981  64.8295642 2684
  30.2404981  64.8317516 2685
  30.2504981  64.7996292 2686
  30.2604981  64.6507123 2687
  30.2704981  64.0148784 2688
  30.2804981  63.6425243 2689
  30.2904981  64.1613189 2690
  30.3004981  64.1695848 2691
  30.3104981  64.2068779 2692
  30.3204981  64.2077191 2693
  30.3304981  64.1930124 2694
  30.3404981  64.3789219 2695
  30.3504981  64.6991389 2696
  30.3604981  64.7199704 2697
  30.3704981  64.727314 2698
  30.3804981  64.7542823 2699
  30.3904981  64.7422433 2700
  30.4004981  64.7419563 2701
  30.4104981  64.7575385 2702
  30.4204981  64.7996796 2703
  30.4304981  64.7767083 2704
  30.4404981  64.7907086 2705
  30.4504981  64.8423655 2706
  30.4604981  65.0003106 2707
  30.4704981  64.9840865 2708
  30.4804981  65.1479393 2709
  30.4904981  64.9843501 2710
  30.5004981  65.1056943 2711
  30.5104981  65.2642103 2712
  30.5204981  65.3266122 2713
  30.5304981  65.4313993 2714
  30.5404981  65.4077458 2715
  30.5504981  65.4047746 2716
  30.5604981  65.6980869 2717
  30.5704981  65.7054177 2718
  30.5804981  65.787355 2719
  30.5904981  65.8369401 2720
  30.6004981  65.9163539 2721
  30.6104981  65.86093 2722
  30.6204981  65.9011072 2723
  30.6304981  65.9059239 2724
  30.6404981  65.9476524 2725
  30.6504981  65.9636154 2726
  30.6604981  65.979377 2727
  30.6704981  66.0197622 2728
  30.6804981  66.0349973 2729
  30.6904981  66.0565667 2730
  30.7004981  66.4151503 2731
  30.7104981  66.4629996 2732
  30.7204981  66.5111146 2733
  30.7304981  66.5336232 2734
  30.7404981  66.532704 2735
  30.7504981  66.548776 2736
  30.7604981  66.5709677 2737
  30.7704981  66.592486 2738
  30.7804981  66.6272913 2739
  30.7904981  66.6600381 2740
  30.8004981  66.7095899 2741
  30.8104981  66.7996336 2742
  30.8204981  66.8436378 2743
  30.8304981  66.8558234 2744
  30.8404981  66.8751922 2745
  30.8504981  66.9005122 2746
  30.8604981  66.9213287 2747
  30.8704981  67.137419 2748
  30.8804981  67.1357555 2749
  30.8904981  67.1102963 2750
  30.9004981  67.1227774 2751
  30.9104981  67.125003 2752
  30.9204981  67.1306303 2753
  30.9304981  67.1026611 2754
  30.9404981  66.9427345 2755
  30.9504981  67.1023556 2756
  30.9604981  66.893499 2757
  30.9704981  66.9209043 2758
  30.9804981  66.9078236 2759
  30.9904981  66.8342587 2760
  31.0004981  66.8292002 2761
  31.0104981  66.5900657 2762
  31.0204981  66.515209 2763
  31.0304981  66.4604409 2764
  31.0404981  66.4461861 2765
  31.0504981  66.4640635 2766
  31.0604981  66.4711873 2767
  31.0704981  66.4587296 2768
  31.0804981  66.4433964 2769
  31.0904981  66.4457098 2770
  31.1004981  66.4432647 2771
  31.1104981  66.4215621 2772
  31.1204981  66.3764278 2773
  31.1304981  66.3848725 2774
  31.1404981  66.3896981 2775
  31.1504981  66.3384197 2776
  31.1604981  66.356799 2777
  31.1704981  66.373071 2778
  31.1804981  66.3393262 2779
  31.1904981  66.3321019 2780
  31.2004981  66.3347589 2781
  31.2104981  66.3358526 2782
  31.2204981  66.3242877 2783
  31.2304981  66.2405502 2784
  31.2404981  66.2427046 2785
  31.2504981  66.2118989 2786
  31.2604981  66.1778022 2787
  31.2704981  66.1931537 2788
  31.2804981  66.2053599 2789
  31.2904981  66.2157476 2790
  31.3004981  66.2180337 2791
  31.3104981  66.21673 2792
  31.3204981  66.2021686 2793
  31.3304981  66.1874147 2794
  31.3404981  66.1749017 2795
  31.3504981  66.2060365 2796
  31.3604981  66.2231807 2797
  31.3704981  66.2217192 2798
  31.3804981  66.2117094 2799
  31.3904981  66.1984122 2800
  31.4004981  66.1462178 2801
  31.4104981  66.0266898 2802
  31.4204981  66.0309993 2803
  31.4304981  65.8585567 2804
  31.4404981  65.5777082 2805
  31.4504981  65.3700075 2806
  31.4604981  65.3217787 2807
  31.4704981  65.3057138 2808
  31.4804981  65.2856022 2809
  31.4904981  65.2429858 2810
  31.5004981  65.1480398 2811
  31.5104981  65.0978276 2812
  31.5204981  65.1003242 2813
  31.5304981  65.1149972 2814
  31.5404981  65.166813 2815
  31.5504981  65.1875473 2816
  31.5604981  65.2134624 2817
  31.5704981  65.2738713 2818
  31.5804981  65.3147756 2819
  31.5904981  65.6174858 2820
  31.6004981  65.9495287 2821
  31.6104981  65.8942557 2822
  31.6204981  65.874079 2823
  31.6304981  65.8702118 2824
  31.6404981  65.9305711 2825
  31.6504981  66.0243989 2826
  31.6604981  66.0280997 2827
  31.6704981  66.1799825 2828
  31.6804981  66.5215862 2829
  31.6904981  66.5741814 2830
  31.7004981  66.5662915 2831
  31.7104981  66.5865401 2832
  31.7204981  66.6383688 2833
  31.7304981  66.6143175 2834
  31.7404981  66.6025582 2835
  31.7504981  66.6284222 2836
  31.7604981  66.695053 2837
  31.7704981  66.7195934 2838
  31.7804981  66.7260297 2839
  31.7904981  66.7508085 2840
  31.8004981  66.7567331 2841
  31.8104981  66.7768981 2842
  31.8204981  66.7747615 2843
  31.8304981  66.8023705 2844
  31.8404981  66.9495059 2845
  31.8504981  66.9443205 2846
  31.8604981  66.9561089 2847
  31.8704981  67.0573824 2848
  31.8804981  67.2924595 2849
  31.8904981  67.5588192 2850
  31.9004981  67.6023458 2851
  31.9104981  67.6162767 2852
  31.9204981  67.6436966 2853
  31.9304981  67.6705455 2854
  31.9404981  67.6994089 2855
  31.9504981  67.7179917 2856
  31.9604981  67.7184093 2857
  31.9704981  67.7267718 2858
  31.9804981  67.7181369 2859
  31.9904981  67.6358908 2860
  32.0004981  67.6360582 2861
  32.0104981  67.6492124 2862
  32.0204981  67.638876 2863
  32.0304981  67.6086498 2864
  32.0404981  67.5997934 2865
  32.0504981  67.5827242 2866
  32.0604981  67.5446874 2867
  32.0704981  67.5610618 2868
  32.0804981  67.583456 2869
  32.0904981  67.5943194 2870
  32.1004981  67.5889048 2871
  32.1104981  67.5943207 2872
  32.1204981  67.5916125 2873
  32.1304981  67.6054782 2874
  32.1404981  67.6175977 2875
  32.1504981  67.5215294 2876
  32.1604981  67.2151142 2877
  32.1704981  67.2491196 2878
  32.1804981  67.2388108 2879
  32.1904981  67.2751837 2880
  32.2004981  67.2735979 2881
  32.2104981  67.2581973 2882
  32.2204981  67.1841032 2883
  32.2304981  67.1895413 2884
  32.2404982  67.1594525 2885
  32.2504982  67.1607466 2886
  32.2604982  67.1812075 2887
  32.2704982  67.176991 2888
  32.2804982  67.1454381 2889
  32.2904982  67.0906306 2890
  32.3004982  67.0670097 2891
  32.3104982  66.8999389 2892
  32.3204982  66.6681297 2893
  32.3304982  66.6958579 2894
  32.3404982  66.7050467 2895
  32.3504982  66.7013949 2896
  32.3604982  66.685726 2897
  32.3704982  66.67124 2898
  32.3804982  66.6517209 2899
  32.3904982  66.4967863 2900
  32.4004982  66.4938912 2901
  32.4104982  66.4951623 2902
  32.4204982  66.500665 2903
  32.4304982  66.5278132 2904
  32.4404982  66.6347975 2905
  32.4504982  66.6625586 2906
  32.4604982  66.6617891 2907
  32.4704982  66.6431201 2908
  32.4804982  66.6433143 2909
  32.4904982  66.6874113 2910
  32.5004982  66.7906579 2911
  32.5104982  66.9867343 2912
  32.5204982  66.9121708 2913
  32.5304982  66.8666791 2914
  32.5404982  66.8452141 2915
  32.5504982  66.8056474 2916
  32.5604982  66.8312236 2917
  32.5704982  66.8079199 2918
  32.5804982  66.7813484 2919
  32.5904982  66.7963101 2920
  32.6004982  66.7853001 2921
  32.6104982  66.7384482 2922
  32.6204982  66.6140734 2923
  32.6304982  66.5675962 2924
  32.6404982  66.4687959 2925
  32.6504982  66.2075563 2926
  32.6604982  66.1015624 2927
  32.6704982  66.0200901 2928
  32.6804982  66.0719734 2929
  32.6904982  66.076126 2930
  32.7004982  66.0650902 2931
  32.7104982  66.0597108 2932
  32.7204982  66.0540153 2933
  32.7304982  66.0459584 2934
  32.7404982  66.0410804 2935
  32.7504982  66.0316813 2936
  32.7604982  66.0254399 2937
  32.7704982  66.0275881 2938
  32.7804982  66.0143861 2939
  32.7904982  66.0255361 2940
  32.8004982  66.0248311 2941
  32.8104982  66.0173968 2942
  32.8204982  65.992541 2943
  32.8304982  65.7454633 2944
  32.8404982  65.8298413 2945
  32.8504982  65.7408927 2946
  32.8604982  65.6736296 2947
  32.8704982  65.5177515 2948
  32.8804982  65.1776885 2949
  32.8904982  65.2181501 2950
  32.9004982  64.8084982 2951
  32.9104982  64.7865938 2952
  32.9204982  64.7382707 2953
  32.9304982  64.6731549 2954
  32.9404982  64.6687485 2955
  32.9504982  64.6655607 2956
  32.9604982  64.6487222 2957
  32.9704982  64.6283191 2958
  32.9804982  64.6195967 2959
  32.9904982  64.626129 2960
  33.0004982  64.6959793 2961
  33.0104982  64.7378216 2962
  33.0204982  64.7438775 2963
  33.0304982  64.7500941 2964
  33.0404982  65.0126294 2965
  33.0504982  65.0816595 2966
  33.0604982  65.0732538 2967
  33.0704982  65.0599651 2968
  33.0804982  65.028501 2969
  33.0904982  65.0009401 2970
  33.1004982  65.0024613 2971
  33.1104982  65.147058 2972
  33.1204982  65.4525693 2973
  33.1304982  65.6756262 2974
  33.1404982  65.4622179 2975
  33.1504982  65.5877358 2976
  33.1604982  65.5071851 2977
  33.1704982  65.4894983 2978
  33.1804982  65.4788235 2979
  33.1904982  65.4756158 2980
  33.2004982  65.4570794 2981
  33.2104982  65.4462606 2982
  33.2204982  65.3732403 2983
  33.2304982  65.3294446 2984
  33.2404982  65.40085 2985
  33.2504982  65.4067269 2986
  33.2604982  65.3213849 2987
  33.2704982  65.2637075 2988
  33.2804982  65.0711427 2989
  33.2904982  65.0065652 2990
  33.3004982  64.9845158 2991
  33.3104982  64.8949654 2992
  33.3204982  64.294238 2993
  33.3304982  64.1371514 2994
  33.3404982  64.1405127 2995
  33.3504982  64.0926562 2996
  33.3604982  64.0736187 2997
  33.3704982  64.0170643 2998
  33.3804982  63.9135262 2999
  33.3904982  63.9408937 3000
  33.4004982  63.9185358 3001
  33.4104982  63.8989697 3002
  33.4204982  63.8828587 3003
  33.4304982  63.8861807 3004
  33.4404982  63.8880217 3005
  33.4504982  63.9035697 3006
  33.4604982  63.947722 3007
  33.4704982  64.1003161 3008
  33.4804982  64.0445164 3009
  33.4904982  64.0272772 3010
  33.5004982  64.0199588 3011
  33.5104982  64.0525853 3012
  33.5204982  64.036577 3013
  33.5304982  64.0705502 3014
  33.5404982  64.0801071 3015
  33.5504982  64.1000595 3016
  33.5604982  64.1305224 3017
  33.5704982  64.4999133 3018
  33.5804982  64.5502469 3019
  33.5904982  64.5202824 3020
  33.6004982  64.5038291 3021
  33.6104982  64.5509925 3022
  33.6204982  65.0818223 3023
  33.6304982  65.2285375 3024
  33.6404982  65.0634645 3025
  33.6504982  65.4388879 3026
  33.6604982  65.0825172 3027
  33.6704982  65.3216726 3028
  33.6804982  65.238684 3029
  33.6904982  65.2344909 3030
  33.7004982  65.2466111 3031
  33.7104982  65.2481736 3032
  33.7204982  65.2471267 3033
  33.7304982  65.2415425 3034
  33.7404982  65.2368458 3035
  33.7504982  65.2376804 3036
  33.7604982  65.2370918 3037
  33.7704982  65.2326279 3038
  33.7804982  65.2098146 3039
  33.7904982  65.2450812 3040
  33.8004982  65.2613877 3041
  33.8104982  65.2663538 3042
  33.8204982  65.2763942 3043
  33.8304982  65.2886076 3044
  33.8404982  65.2966063 3045
  33.8504982  65.3190106 3046
  33.8604982  65.3405821 3047
  33.8704982  65.349735 3048
  33.8804982  65.3617881 3049
  33.8904982  65.3674133 3050
  33.9004982  65.3731374 3051
  33.9104982  65.3751097 3052
  33.9204982  65.3788093 3053
  33.9304982  65.3467812 3054
  33.9404982  65.3929722 3055
  33.9504982  65.2951443 3056
  33.9604982  65.2051035 3057
  33.9704982  65.1488954 3058
  33.9804982  65.0782602 3059
  33.9904982  65.1078599 3060
  34.0004982  65.1223774 3061
  34.0104982  65.1432414 3062
  34.0204982  65.1497967 3063
  34.0304982  65.1437863 3064
  34.0404982  65.1409995 3065
  34.0504982  65.144827 3066
  34.0604982  65.1286264 3067
  34.0704982  65.1402885 3068
  34.0804982  65.164451 3069
  34.0904982  65.1773577 3070
  34.1004982  65.1827033 3071
  34.1104982  65.1973578 3072
  34.1204982  65.230014 3073
  34.1304982  65.286407 3074
  34.1404982  65.2985357 3075
  34.1504982  65.3011721 3076
  34.1604982  65.2988349 3077
  34.1704982  65.2923856 3078
  34.1804982  65.2911941 3079
  34.1904982  65.2981452 3080
  34.2004982  65.3023012 3081
  34.2104982  65.3011434 3082
  34.2204982  65.3080877 3083
  34.2304982  65.3115682 3084
  34.2404982  65.31311 3085
  34.2504982  65.3126559 3086
  34.2604982  65.3102385 3087
  34.2704982  65.3444973 3088
  34.2804982  65.2942729 3089
  34.2904982  65.4110798 3090
  34.3004982  65.4411205 3091
  34.3104982  65.4398196 3092
  34.3204982  65.44549 3093
  34.3304982  65.4544839 3094
  34.3404982  65.4641736 3095
  34.3504983  65.4552921 3096
  34.3604983  65.4693047 3097
  34.3704983  65.488182 3098
  34.3804983  65.5158085 3099
  34.3904983  65.5497782 3100
  34.4004983  65.9300364 3101
  34.4104983  65.8670735 3102
  34.4204983  65.8695918 3103
  34.4304983  65.8960009 3104
  34.4404983  66.0481597 3105
  34.4504983  66.0337813 3106
  34.4604983  66.0394615 3107
  34.4704983  66.0494194 3108
  34.4804983  66.0459627 3109
  34.4904983  66.0466031 3110
  34.5004983  66.0354214 3111
  34.5104983  66.0336631 3112
  34.5204983  66.027185 3113
  34.5304983  66.0488015 3114
  34.5404983  66.0705413 3115
  34.5504983  66.081281 3116
  34.5604983  66.0830162 3117
  34.5704983  66.0837436 3118
  34.5804983  66.0849955 3119
  34.5904983  66.0818572 3120
  34.6004983  66.0692064 3121
  34.6104983  66.052512 3122
  34.6204983  66.0855251 3123
  34.6304983  65.9413687 3124
  34.6404983  65.9467924 3125
  34.6504983  65.9319964 3126
  34.6604983  65.9412031 3127
  34.6704983  65.9445372 3128
  34.6804983  65.9062369 3129
  34.6904983  65.8889039 3130
  34.7004983  65.4859764 3131
  34.7104983  65.3214049 3132
  34.7204983  65.3145758 3133
  34.7304983  65.3410488 3134
  34.7404983  65.3464191 3135
  34.7504983  65.2669098 3136
  34.7604983  64.9441406 3137
  34.7704983  64.7798388 3138
  34.7804983  64.6864215 3139
  34.7904983  64.6597096 3140
  34.8004983  64.6382943 3141
  34.8104983  64.6339774 3142
  34.8204983  64.5681225 3143
  34.8304983  64.5576442 3144
  34.8404983  64.591939 3145
  34.8504983  64.6026637 3146
  34.8604983  64.6032221 3147
  34.8704983  64.6031172 3148
  34.8804983  64.6005554 3149
  34.8904983  64.5945832 3150
  34.9004983  64.6014066 3151
  34.9104983  64.7031164 3152
  34.9204983  64.7432645 3153
  34.9304983  64.7699017 3154
  34.9404983  64.7969322 3155
  34.9504983  64.8017862 3156
  34.9604983  64.8242626 3157
  34.9704983  64.8149222 3158
  34.9804983  64.8175014 3159
  34.9904983  65.073046 3160
  35.0004983  65.0091762 3161
  35.0104983  64.986565 3162
  35.0204983  64.9656084 3163
  35.0304983  64.9178552 3164
  35.0404983  64.861939 3165
  35.0504983  64.6036806 3166
  35.0604983  64.4894356 3167
  35.0704983  64.3376984 3168
  35.0804983  64.0371677 3169
  35.0904983  63.7407953 3170
  35.1004983  63.8641027 3171
  35.1104983  63.792899 3172
  35.1204983  63.7072133 3173
  35.1304983  63.3442133 3174
  35.1404983  63.1383186 3175
  35.1504983  63.1153097 3176
  35.1604983  63.1070753 3177
  35.1704983  63.1005826 3178
  35.1804983  63.0353238 3179
  35.1904983  62.8626597 3180
  35.2004983  62.8084243 3181
  35.2104983  62.7967324 3182
  35.2204983  62.7899685 3183
  35.2304983  62.7729728 3184
  35.2404983  62.7578101 3185
  35.2504983  62.7436649 3186
  35.2604983  62.7254509 3187
  35.2704983  62.7490556 3188
  35.2804983  62.7662525 3189
  35.2904983  62.7326043 3190
  35.3004983  62.7328363 3191
  35.3104983  62.7560438 3192
  35.3204983  62.7739307 3193
  35.3304983  62.8080003 3194
  35.3404983  62.8884699 3195
  35.3504983  62.8951244 3196
  35.3604983  62.9048126 3197
  35.3704983  62.96662 3198
  35.3804983  63.1478351 3199
  35.3904983  63.2888189 3200
  35.4004983  63.2639585 3201
  35.4104983  63.3685136 3202
  35.4204983  63.3917433 3203
  35.4304983  63.4266751 3204
  35.4404983  63.4224188 3205
  35.4504983  63.849393 3206
  35.4604983  63.8107952 3207
  35.4704983  63.8452924 3208
  35.4804983  63.8829221 3209
  35.4904983  63.8792669 3210
  35.5004983  63.9000057 3211
  35.5104983  63.9153247 3212
  35.5204983  63.9104813 3213
  35.5304983  63.9577057 3214
  35.5404983  63.9781747 3215
  35.5504983  64.4502659 3216
  35.5604983  64.5441841 3217
  35.5704983  64.5415199 3218
  35.5804983  64.5402273 3219
  35.5904983  64.4736372 3220
  35.6004983  64.4672885 3221
  35.6104983  64.466526 3222
  35.6204983  64.4633911 3223
  35.6304983  64.4737636 3224
  35.6404983  64.4905214 3225
  35.6504983  64.498942 3226
  35.6604983  64.4916586 3227
  35.6704983  64.4340873 3228
  35.6804983  64.4096614 3229
  35.6904983  64.4126609 3230
  35.7004983  64.3906917 3231
  35.7104983  64.3175372 3232
  35.7204983  63.8782195 3233
  35.7304983  63.8793744 3234
  35.7404983  63.8898916 3235
  35.7504983  63.9231637 3236
  35.7604983  63.9208579 3237
  35.7704983  63.940023 3238
  35.7804983  63.9849661 3239
  35.7904983  64.0763 3240
  35.8004983  64.1103217 3241
  35.8104983  64.1813443 3242
  35.8204983  64.2422286 3243
  35.8304983  64.394987 3244
  35.8404983  64.7302152 3245
  35.8504983  65.0913676 3246
  35.8604983  65.1588734 3247
  35.8704983  65.1910701 3248
  35.8804983  65.2478701 3249
  35.8904983  65.2401865 3250
  35.9004983  65.3182931 3251
  35.9104983  65.4225448 3252
  35.9204983  66.044534 3253
  35.9304983  66.6132826 3254
  35.9404983  66.6553969 3255
  35.9504983  66.678923 3256
  35.9604983  66.7083787 3257
  35.9704983  66.8670849 3258
  35.9804983  66.837101 3259
  35.9904983  66.9097851 3260
  36.0004983  66.9618841 3261
  36.0104983  66.967479 3262
  36.0204983  66.9968885 3263
  36.0304983  67.0116398 3264
  36.0404983  67.0318519 3265
  36.0504983  67.0292705 3266
  36.0604983  66.7949469 3267
  36.0704983  66.7756111 3268
  36.0804983  66.7933427 3269
  36.0904983  66.7394469 3270
  36.1004983  66.7464587 3271
  36.1104983  66.7183494 3272
  36.1204983  66.7433769 3273
  36.1304983  66.7246604 3274
  36.1404983  66.7351707 3275
  36.1504983  66.7527367 3276
  36.1604983  66.7584734 3277
  36.1704983  66.7287953 3278
  36.1804983  66.7086553 3279
  36.1904983  66.7142293 3280
  36.2004983  66.7312304 3281
  36.2104983  66.7514016 3282
  36.2204983  66.7708675 3283
  36.2304983  66.7820598 3284
  36.2404983  66.7993949 3285
  36.2504983  66.8049877 3286
  36.2604983  66.6138233 3287
  36.2704983  66.5583173 3288
  36.2804983  66.5554182 3289
  36.2904983  66.5997457 3290
  36.3004983  66.6128524 3291
  36.3104983  66.6081602 3292
  36.3204983  66.6175794 3293
  36.3304983  66.6377537 3294
  36.3404983  66.6376466 3295
  36.3504983  66.6353136 3296
  36.3604983  66.6273534 3297
  36.3704983  66.4271586 3298
  36.3804983  66.4627003 3299
  36.3904983  66.4854954 3300
  36.4004983  66.4879794 3301
  36.4104983  66.4865726 3302
  36.4204983  66.4831804 3303
  36.4304983  66.4894425 3304
  36.4404983  66.5103888 3305
  36.4504984  66.5171203 3306
  36.4604984  66.5215685 3307
  36.4704984  66.4277768 3308
  36.4804984  66.3799497 3309
  36.4904984  66.3788784 3310
  36.5004984  66.3843099 3311
  36.5104984  66.3961319 3312
  36.5204984  66.4253879 3313
  36.5304984  66.4426918 3314
  36.5404984  66.5026524 3315
  36.5504984  66.5428541 3316
  36.5604984  66.7089773 3317
  36.5704984  66.7421535 3318
  36.5804984  66.7475247 3319
  36.5904984  66.7498538 3320
  36.6004984  66.7832875 3321
  36.6104984  66.9876705 3322
  36.6204984  67.4994751 3323
  36.6304984  67.6979328 3324
  36.6404984  67.8801996 3325
  36.6504984  67.8811547 3326
  36.6604984  67.9166215 3327
  36.6704984  67.9326403 3328
  36.6804984  67.9581292 3329
  36.6904984  67.9865953 3330
  36.7004984  68.00074 3331
  36.7104984  68.0160705 3332
  36.7204984  68.0267917 3333
  36.7304984  68.0551045 3334
  36.7404984  68.0860124 3335
  36.7504984  68.1213924 3336
  36.7604984  68.1148422 3337
  36.7704984  67.8554156 3338
  36.7804984  67.7952789 3339
  36.7904984  67.840757 3340
  36.8004984  67.8745834 3341
  36.8104984  67.891682 3342
  36.8204984  67.8291561 3343
  36.8304984  67.757641 3344
  36.8404984  67.7800397 3345
  36.8504984  67.7903658 3346
  36.8604984  67.8107417 3347
  36.8704984  67.7400015 3348
  36.8804984  67.7514132 3349
  36.8904984  67.7601005 3350
  36.9004984  67.7794039 3351
  36.9104984  67.7988645 3352
  36.9204984  67.8052642 3353
  36.9304984  67.8134836 3354
  36.9404984  67.8246549 3355
  36.9504984  67.8390515 3356
  36.9604984  67.8629706 3357
  36.9704984  67.9046647 3358
  36.9804984  67.9384163 3359
  36.9904984  67.9793923 3360
  37.0004984  67.9729359 3361
  37.0104984  67.9867318 3362
  37.0204984  68.0097394 3363
  37.0304984  68.0468469 3364
  37.0404984  68.2424243 3365
  37.0504984  68.4412629 3366
  37.0604984  68.4885885 3367
  37.0704984  68.5132585 3368
  37.0804984  68.5385667 3369
  37.0904984  68.5438592 3370
  37.1004984  68.7944451 3371
  37.1104984  68.5134337 3372
  37.1204984  68.5314566 3373
  37.1304984  68.525293 3374
  37.1404984  68.5166977 3375
  37.1504984  68.4983952 3376
  37.1604984  68.1298626 3377
  37.1704984  68.0244319 3378
  37.1804984  68.1049674 3379
  37.1904984  68.0623115 3380
  37.2004984  68.0446017 3381
  37.2104984  68.0257233 3382
  37.2204984  68.0506089 3383
  37.2304984  68.04944 3384
  37.2404984  68.0493025 3385
  37.2504984  68.0448446 3386
  37.2604984  68.0168236 3387
  37.2704984  68.008447 3388
  37.2804984  67.9852129 3389
  37.2904984  67.984063 3390
  37.3004984  67.9765932 3391
  37.3104984  67.9277098 3392
  37.3204984  67.8423054 3393
  37.3304984  67.8884508 3394
  37.3404984  67.8306263 3395
  37.3504984  67.4408526 3396
  37.3604984  67.3550035 3397
  37.3704984  67.3650174 3398
  37.3804984  67.3562158 3399
  37.3904984  67.2433342 3400
  37.4004984  67.1566376 3401
  37.4104984  66.9990968 3402
  37.4204984  66.9885438 3403
  37.4304984  66.7911115 3404
  37.4404984  66.780043 3405
  37.4504984  66.7537727 3406
  37.4604984  66.7322668 3407
  37.4704984  66.7200126 3408
  37.4804984  66.7052575 3409
  37.4904984  66.6968145 3410
  37.5004984  66.6840523 3411
  37.5104984  66.6828307 3412
  37.5204984  66.6939368 3413
  37.5304984  66.6993304 3414
  37.5404984  66.6966441 3415
  37.5504984  66.7211809 3416
  37.5604984  66.6914842 3417
  37.5704984  66.6731424 3418
  37.5804984  66.6763059 3419
  37.5904984  66.6713185 3420
  37.6004984  66.6621963 3421
  37.6104984  66.6760196 3422
  37.6204984  66.7759175 3423
  37.6304984  66.8173107 3424
  37.6404984  66.8133585 3425
  37.6504984  66.7998051 3426
  37.6604984  66.7920271 3427
  37.6704984  66.782807 3428
  37.6804984  66.7727057 3429
  37.6904984  66.7678425 3430
  37.7004984  66.761253 3431
  37.7104984  66.7664181 3432
  37.7204984  66.7641935 3433
  37.7304984  66.7502469 3434
  37.7404984  66.7349442 3435
  37.7504984  66.669567 3436
  37.7604984  66.5620986 3437
  37.7704984  66.405756 3438
  37.7804984  66.2618645 3439
  37.7904984  66.234567 3440
  37.8004984  66.2531554 3441
  37.8104984  66.205378 3442
  37.8204984  65.8541186 3443
  37.8304984  65.4056454 3444
  37.8404984  65.2735639 3445
  37.8504984  65.3403488 3446
  37.8604984  65.3773827 3447
  37.8704984  65.3703914 3448
  37.8804984  65.3547415 3449
  37.8904984  65.3450588 3450
  37.9004984  65.3560824 3451
  37.9104984  65.3665204 3452
  37.9204984  65.3963701 3453
  37.9304984  65.4001812 3454
  37.9404984  65.4099294 3455
  37.9504984  65.4300399 3456
  37.9604984  65.448345 3457
  37.9704984  65.5147246 3458
  37.9804984  65.4879472 3459
  37.9904984  65.479829 3460
  38.0004984  65.4647468 3461
  38.0104984  65.4617654 3462
  38.0204984  65.4570213 3463
  38.0304984  65.4422762 3464
  38.0404984  65.4295187 3465
  38.0504984  65.4180753 3466
  38.0604984  65.3998434 3467
  38.0704984  65.3878044 3468
  38.0804984  65.3841063 3469
  38.0904984  65.382366 3470
  38.1004984  65.3765932 3471
  38.1104984  65.3671032 3472
  38.1204984  65.3602388 3473
  38.1304984  65.3313441 3474
  38.1404984  65.2751098 3475
  38.1504984  65.2582865 3476
  38.1604984  65.2130446 3477
  38.1704984  65.2047256 3478
  38.1804984  65.1975148 3479
  38.1904984  65.1669019 3480
  38.2004984  65.1603646 3481
  38.2104984  65.1505159 3482
  38.2204984  65.13086 3483
  38.2304984  65.0632778 3484
  38.2404984  65.0340314 3485
  38.2504984  65.0463288 3486
  38.2604984  65.0482258 3487
  38.2704984  65.0383473 3488
  38.2804984  65.0206026 3489
  38.2904984  65.0127508 3490
  38.3004984  65.0063085 3491
  38.3104984  64.987127 3492
  38.3204984  64.9667696 3493
  38.3304984  64.955972 3494
  38.3404984  64.9396541 3495
  38.3504984  64.9060589 3496
  38.3604984  64.7895999 3497
  38.3704984  64.7433813 3498
  38.3804984  64.6017451 3499
  38.3904984  64.5485211 3500
  38.4004984  64.476184 3501
  38.4104984  64.3492155 3502
  38.4204984  64.0506758 3503
  38.4304984  63.9339407 3504
  38.4404984  63.865063 3505
  38.4504984  63.8351295 3506
  38.4604984  63.7593025 3507
  38.4704984  63.6873008 3508
  38.4804984  63.5542292 3509
  38.4904984  63.5036184 3510
  38.5004984  63.43263 3511
  38.5104984  63.1406593 3512
  38.5204984  62.8981931 3513
  38.5304984  62.237682 3514
  38.5404984  62.2770944 3515
  38.5504984  62.1905438 3516
  38.5604985  62.1146341 3517
  38.5704985  62.0867631 3518
  38.5804985  62.0750345 3519
  38.5904985  62.0634056 3520
  38.6004985  62.0883153 3521
  38.6104985  62.0985561 3522
  38.6204985  62.1362859 3523
  38.6304985  62.4131071 3524
  38.6404985  62.8943015 3525
  38.6504985  62.9891157 3526
  38.6604985  63.0810391 3527
  38.6704985  63.1517578 3528
  38.6804985  63.2707285 3529
  38.6904985  63.5752432 3530
  38.7004985  63.643896 3531
  38.7104985  63.6431931 3532
  38.7204985  63.6223705 3533
  38.7304985  63.56036 3534
  38.7404985  63.517782 3535
  38.7504985  63.4806639 3536
  38.7604985  63.4055832 3537
  38.7704985  63.231664 3538
  38.7804985  63.0608779 3539
  38.7904985  63.0621648 3540
  38.8004985  63.0315883 3541
  38.8104985  63.0101276 3542
  38.8204985  62.9858685 3543
  38.8304985  62.9675956 3544
  38.8404985  62.9402549 3545
  38.8504985  62.9092292 3546
  38.8604985  62.8968616 3547
  38.8704985  62.9075506 3548
  38.8804985  63.0747991 3549
  38.8904985  63.1279281 3550
  38.9004985  63.1254771 3551
  38.9104985  63.2022409 3552
  38.9204985  63.4209587 3553
  38.9304985  63.4091087 3554
  38.9404985  63.7473804 3555
  38.9504985  64.0134089 3556
  38.9604985  64.0994082 3557
  38.9704985  64.0800553 3558
  38.9804985  64.5200555 3559
  38.9904985  64.7543637 3560
  39.0004985  64.823089 3561
  39.0104985  65.3285244 3562
  39.0204985  65.4751561 3563
  39.0304985  65.5159224 3564
  39.0404985  65.7578529 3565
  39.0504985  65.9976126 3566
  39.0604985  65.9542438 3567
  39.0704985  65.9755554 3568
  39.0804985  66.0083581 3569
  39.0904985  66.0307782 3570
  39.1004985  66.0370596 3571
  39.1104985  66.053225 3572
  39.1204985  65.9842424 3573
  39.1304985  66.0366353 3574
  39.1404985  66.0591651 3575
  39.1504985  66.0796165 3576
  39.1604985  66.0324436 3577
  39.1704985  65.9798227 3578
  39.1804985  65.8931258 3579
  39.1904985  65.1838247 3580
  39.2004985  65.3534498 3581
  39.2104985  64.832675 3582
  39.2204985  64.7645229 3583
  39.2304985  64.7432075 3584
  39.2404985  64.7846038 3585
  39.2504985  64.8071927 3586
  39.2604985  64.8296693 3587
  39.2704985  64.8449853 3588
  39.2804985  64.8652238 3589
  39.2904985  64.9120549 3590
  39.3004985  64.9270399 3591
  39.3104985  64.9395781 3592
  39.3204985  64.9702077 3593
  39.3304985  64.9843913 3594
  39.3404985  65.0066784 3595
  39.3504985  65.1445625 3596
  39.3604985  65.175776 3597
  39.3704985  65.2053415 3598
  39.3804985  65.2161949 3599
  39.3904985  65.274271 3600
  39.4004985  65.3394308 3601
  39.4104985  65.5917589 3602
  39.4204985  65.6158331 3603
  39.4304985  65.6157641 3604
  39.4404985  65.6208582 3605
  39.4504985  65.7086305 3606
  39.4604985  65.7421082 3607
  39.4704985  66.5011114 3608
  39.4804985  66.3641921 3609
  39.4904985  66.4286747 3610
  39.5004985  66.9413176 3611
  39.5104985  66.9772524 3612
  39.5204985  67.0376558 3613
  39.5304985  66.9988322 3614
  39.5404985  67.0072087 3615
  39.5504985  67.0360607 3616
  39.5604985  67.059703 3617
  39.5704985  67.1175946 3618
  39.5804985  67.1190868 3619
  39.5904985  67.1325001 3620
  39.6004985  67.1464868 3621
  39.6104985  67.163746 3622
  39.6204985  67.1710951 3623
  39.6304985  67.1769378 3624
  39.6404985  67.1820803 3625
  39.6504985  67.1889108 3626
  39.6604985  67.211385 3627
  39.6704985  67.2028792 3628
  39.6804985  67.0804894 3629
  39.6904985  66.8908503 3630
  39.7004985  66.9321537 3631
  39.7104985  66.9461551 3632
  39.7204985  66.5961491 3633
  39.7304985  66.5865399 3634
  39.7404985  66.5962487 3635
  39.7504985  66.5181445 3636
  39.7604985  66.5294661 3637
  39.7704985  66.3929799 3638
  39.7804985  65.8508362 3639
  39.7904985  65.8191545 3640
  39.8004985  65.8658935 3641
  39.8104985  65.8822362 3642
  39.8204985  65.8883658 3643
  39.8304985  65.8930914 3644
  39.8404985  65.8705199 3645
  39.8504985  65.8676452 3646
  39.8604985  65.8472476 3647
  39.8704985  65.7777465 3648
  39.8804985  65.75656 3649
  39.8904985  65.7782745 3650
  39.9004985  65.8025767 3651
  39.9104985  65.8143542 3652
  39.9204985  65.8121181 3653
  39.9304985  65.8109303 3654
  39.9404985  65.8061628 3655
  39.9504985  65.8027238 3656
  39.9604985  65.7984136 3657
  39.9704985  65.7928212 3658
  39.9804985  65.7983007 3659
  39.9904985  65.801183 3660
  40.0004985  65.8045417 3661
  40.0104985  65.8070574 3662
  40.0204985  65.8041738 3663
  40.0304985  65.7953087 3664
  40.0404985  65.7802027 3665
  40.0504985  65.73649 3666
  40.0604985  65.7439022 3667
  40.0704985  65.7474676 3668
  40.0804985  65.7495225 3669
  40.0904985  65.7435783 3670
  40.1004985  65.737182 3671
  40.1104985  65.7419995 3672
  40.1204985  65.7431361 3673
  40.1304985  65.7491384 3674
  40.1404985  65.7543246 3675
  40.1504985  65.7634169 3676
  40.1604985  65.7784341 3677
  40.1704985  65.8043812 3678
  40.1804985  65.8128563 3679
  40.1904985  65.8092 3680
  40.2004985  65.808781 3681
  40.2104985  65.8182891 3682
  40.2204985  65.86021 3683
  40.2304985  65.8256982 3684
  40.2404985  65.8098645 3685
  40.2504985  65.7976476 3686
  40.2604985  65.7873233 3687
  40.2704985  65.7837309 3688
  40.2804985  65.7933639 3689
  40.2904985  65.7923157 3690
  40.3004985  65.7915087 3691
  40.3104985  65.7967047 3692
  40.3204985  65.8009885 3693
  40.3304985  65.7977892 3694
  40.3404985  65.8006229 3695
  40.3504985  65.8128993 3696
  40.3604985  65.8268872 3697
  40.3704985  65.8561606 3698
  40.3804985  65.870512 3699
  40.3904985  65.8770698 3700
  40.4004985  65.8919233 3701
  40.4104985  65.9409889 3702
  40.4204985  65.9170419 3703
  40.4304985  65.9488132 3704
  40.4404985  65.9891214 3705
  40.4504985  66.1493944 3706
  40.4604985  66.1861828 3707
  40.4704985  66.234211 3708
  40.4804985  66.2498861 3709
  40.4904985  66.2634338 3710
  40.5004985  66.4477667 3711
  40.5104985  66.7562675 3712
  40.5204985  66.9371485 3713
  40.5304985  66.931904 3714
  40.5404985  66.9555372 3715
  40.5504985  66.9821738 3716
  40.5604985  66.7061981 3717
  40.5704985  66.65613 3718
  40.5804985  66.6146165 3719
  40.5904985  66.4455036 3720
  40.6004985  66.0662743 3721
  40.6104985  65.9240393 3722
  40.6204985  65.7127799 3723
  40.6304985  65.6800629 3724
  40.6404985  65.6995208 3725
  40.6504985  65.7508933 3726
  40.6604986  65.7541556 3727
  40.6704986  65.6808115 3728
  40.6804986  65.6622645 3729
  40.6904986  65.6906262 3730
  40.7004986  65.6962743 3731
  40.7104986  65.8033843 3732
  40.7204986  65.8120906 3733
  40.7304986  65.9769524 3734
  40.7404986  66.4607553 3735
  40.7504986  66.5893967 3736
  40.7604986  66.7150971 3737
  40.7704986  66.7202561 3738
  40.7804986  66.7474003 3739
  40.7904986  66.8643095 3740
  40.8004986  67.105229 3741
  40.8104986  67.4308665 3742
  40.8204986  67.4110103 3743
  40.8304986  67.4095019 3744
  40.8404986  67.40993 3745
  40.8504986  67.424454 3746
  40.8604986  67.4387381 3747
  40.8704986  67.5015321 3748
  40.8804986  67.5592918 3749
  40.8904986  67.7508731 3750
  40.9004986  67.7442214 3751
  40.9104986  67.7180223 3752
  40.9204986  67.7251118 3753
  40.9304986  67.7150697 3754
  40.9404986  67.7157109 3755
  40.9504986  67.7281193 3756
  40.9604986  67.7390592 3757
  40.9704986  67.7486724 3758
  40.9804986  67.7502035 3759
  40.9904986  67.6332728 3760
  41.0004986  67.6277236 3761
  41.0104986  67.6163984 3762
  41.0204986  67.0700653 3763
  41.0304986  67.0688132 3764
  41.0404986  67.0777244 3765
  41.0504986  66.9569085 3766
  41.0604986  66.7615735 3767
  41.0704986  66.5122128 3768
  41.0804986  66.0561162 3769
  41.0904986  66.0096546 3770
  41.1004986  65.9985289 3771
  41.1104986  65.9959392 3772
  41.1204986  65.9999095 3773
  41.1304986  65.9865165 3774
  41.1404986  65.9532112 3775
  41.1504986  65.7858925 3776
  41.1604986  65.5743292 3777
  41.1704986  65.6264144 3778
  41.1804986  65.6636663 3779
  41.1904986  65.8048459 3780
  41.2004986  65.8170677 3781
  41.2104986  66.0954434 3782
  41.2204986  66.9312569 3783
  41.2304986  66.8247608 3784
  41.2404986  66.8149922 3785
  41.2504986  66.8898813 3786
  41.2604986  67.5739611 3787
  41.2704986  67.8827267 3788
  41.2804986  67.9170817 3789
  41.2904986  67.8995387 3790
  41.3004986  67.8998297 3791
  41.3104986  67.9253627 3792
  41.3204986  67.9599277 3793
  41.3304986  67.9783937 3794
  41.3404986  67.9969874 3795
  41.3504986  68.0824791 3796
  41.3604986  68.0876853 3797
  41.3704986  68.0979475 3798
  41.3804986  68.118927 3799
  41.3904986  68.1322741 3800
  41.4004986  68.1450729 3801
  41.4104986  68.1572118 3802
  41.4204986  68.1699587 3803
  41.4304986  68.203422 3804
  41.4404986  68.1956206 3805
  41.4504986  68.2041905 3806
  41.4604986  68.2210454 3807
  41.4704986  68.2194931 3808
  41.4804986  68.2244525 3809
  41.4904986  68.2197761 3810
  41.5004986  68.183833 3811
  41.5104986  68.0298519 3812
  41.5204986  67.9468589 3813
  41.5304986  67.8936968 3814
  41.5404986  67.9037251 3815
  41.5504986  67.9139238 3816
  41.5604986  67.9167793 3817
  41.5704986  67.93749 3818
  41.5804986  67.9573713 3819
  41.5904986  67.9582645 3820
  41.6004986  67.9267048 3821
  41.6104986  67.7145205 3822
  41.6204986  67.4923175 3823
  41.6304986  67.3478785 3824
  41.6404986  67.2544641 3825
  41.6504986  67.2998371 3826
  41.6604986  67.314285 3827
  41.6704986  67.3119445 3828
  41.6804986  67.3196271 3829
  41.6904986  67.3063813 3830
  41.7004986  67.2925515 3831
  41.7104986  67.2920236 3832
  41.7204986  67.2855911 3833
  41.7304986  67.2796965 3834
  41.7404986  67.282728 3835
  41.7504986  67.2491608 3836
  41.7604986  67.2250037 3837
  41.7704986  67.2525125 3838
  41.7804986  67.2535861 3839
  41.7904986  67.2483688 3840
  41.8004986  67.2401761 3841
  41.8104986  67.2246213 3842
  41.8204986  67.2203294 3843
  41.8304986  67.2127265 3844
  41.8404986  66.7781636 3845
  41.8504986  66.7445551 3846
  41.8604986  66.7350873 3847
  41.8704986  66.7308298 3848
  41.8804986  66.7197057 3849
  41.8904986  66.7078655 3850
  41.9004986  66.6887181 3851
  41.9104986  66.6510766 3852
  41.9204986  66.6231437 3853
  41.9304986  66.5830538 3854
  41.9404986  66.5544907 3855
  41.9504986  66.5405496 3856
  41.9604986  66.4328521 3857
  41.9704986  66.4758121 3858
  41.9804986  66.4431985 3859
  41.9904986  66.42917 3860
  42.0004986  66.4127921 3861
  42.0104986  66.3878033 3862
  42.0204986  66.3736341 3863
  42.0304986  65.6335684 3864
  42.0404986  65.6657741 3865
  42.0504986  65.654887 3866
  42.0604986  65.6507379 3867
  42.0704986  65.6208298 3868
  42.0804986  65.5431693 3869
  42.0904986  65.5022504 3870
  42.1004986  65.4435861 3871
  42.1104986  65.4349697 3872
  42.1204986  65.3776933 3873
  42.1304986  65.1856238 3874
  42.1404986  65.1115827 3875
  42.1504986  65.0767331 3876
  42.1604986  64.9936393 3877
  42.1704986  64.7374854 3878
  42.1804986  64.6161363 3879
  42.1904986  64.6328261 3880
  42.2004986  64.5887291 3881
  42.2104986  64.3808781 3882
  42.2204986  64.4952172 3883
  42.2304986  64.4949346 3884
  42.2404986  64.4871545 3885
  42.2504986  64.4680262 3886
  42.2604986  64.4288871 3887
  42.2704986  64.385826 3888
  42.2804986  64.3408913 3889
  42.2904986  64.2920409 3890
  42.3004986  64.2734897 3891
  42.3104986  64.2615521 3892
  42.3204986  64.2382482 3893
  42.3304986  64.2164972 3894
  42.3404986  64.201438 3895
  42.3504986  64.1443627 3896
  42.3604986  64.1109698 3897
  42.3704986  64.0909059 3898
  42.3804986  64.0498178 3899
  42.3904986  64.0492077 3900
  42.4004986  64.0289099 3901
  42.4104986  63.981701 3902
  42.4204986  63.9293237 3903
  42.4304986  63.8478975 3904
  42.4404986  63.6183354 3905
  42.4504986  63.4846376 3906
  42.4604986  63.4616877 3907
  42.4704986  63.4453666 3908
  42.4804986  63.4182083 3909
  42.4904986  63.3332499 3910
  42.5004986  63.2009 3911
  42.5104986  63.1356529 3912
  42.5204986  63.1210335 3913
  42.5304986  63.1259824 3914
  42.5404986  63.1462364 3915
  42.5504986  63.2058882 3916
  42.5604986  63.2404249 3917
  42.5704986  63.2573144 3918
  42.5804986  63.3117954 3919
  42.5904986  63.508696 3920
  42.6004986  63.6558056 3921
  42.6104986  63.7641401 3922
  42.6204986  64.3370538 3923
  42.6304986  64.5947889 3924
  42.6404986  64.8030929 3925
  42.6504986  64.8011169 3926
  42.6604986  64.8738445 3927
  42.6704986  65.0476563 3928
  42.6804986  65.1168291 3929
  42.6904986  65.2727243 3930
  42.7004986  65.2914245 3931
  42.7104986  65.3393545 3932
  42.7204986  65.5790693 3933
  42.7304986  65.8364356 3934
  42.7404986  65.9457362 3935
  42.7504986  65.9744252 3936
  42.7604986  66.0705694 3937
  42.7704987  66.224747 3938
  42.7804987  66.337956 3939
  42.7904987  66.3622964 3940
  42.8004987  66.3743631 3941
  42.8104987  66.3003846 3942
  42.8204987  66.2623023 3943
  42.8304987  66.2373896 3944
  42.8404987  66.1238909 3945
  42.8504987  66.1182935 3946
  42.8604987  66.1324573 3947
  42.8704987  66.1569746 3948
  42.8804987  66.1904097 3949
  42.8904987  66.1980868 3950
  42.9004987  66.2125917 3951
  42.9104987  66.2291303 3952
  42.9204987  66.2457645 3953
  42.9304987  66.2612408 3954
  42.9404987  66.287027 3955
  42.9504987  66.3056019 3956
  42.9604987  66.3308208 3957
  42.9704987  66.3607398 3958
  42.9804987  66.3806943 3959
  42.9904987  66.4144802 3960
  43.0004987  66.4486481 3961
  43.0104987  66.469039 3962
  43.0204987  66.4880553 3963
  43.0304987  66.5043144 3964
  43.0404987  66.51155 3965
  43.0504987  66.5236772 3966
  43.0604987  66.5416003 3967
  43.0704987  66.5467185 3968
  43.0804987  66.5555203 3969
  43.0904987  66.5614145 3970
  43.1004987  66.5612634 3971
  43.1104987  66.5474077 3972
  43.1204987  66.5259544 3973
  43.1304987  66.4919328 3974
  43.1404987  66.5838398 3975
  43.1504987  66.5824299 3976
  43.1604987  66.5715934 3977
  43.1704987  66.5699226 3978
  43.1804987  66.5831628 3979
  43.1904987  66.5863184 3980
  43.2004987  66.5882618 3981
  43.2104987  66.5965237 3982
  43.2204987  66.6284891 3983
  43.2304987  66.6376905 3984
  43.2404987  66.6395847 3985
  43.2504987  66.6391068 3986
  43.2604987  66.6430431 3987
  43.2704987  66.6420642 3988
  43.2804987  66.6471101 3989
  43.2904987  66.6523667 3990
  43.3004987  66.6437707 3991
  43.3104987  66.5967693 3992
  43.3204987  66.4680525 3993
  43.3304987  65.7146114 3994
  43.3404987  65.2351625 3995
  43.3504987  65.277148 3996
  43.3604987  65.3726788 3997
  43.3704987  65.4022164 3998
  43.3804987  65.3914644 3999
  43.3904987  65.3763601 4000
  43.4004987  65.3476476 4001
  43.4104987  65.2994949 4002
  43.4204987  65.2727387 4003
  43.4304987  65.2641822 4004
  43.4404987  65.2701004 4005
  43.4504987  65.3176338 4006
  43.4604987  65.6409873 4007
  43.4704987  65.718823 4008
  43.4804987  65.803515 4009
  43.4904987  65.8494532 4010
  43.5004987  65.9076972 4011
  43.5104987  65.9389595 4012
  43.5204987  65.9648985 4013
  43.5304987  65.9825416 4014
  43.5404987  66.019728 4015
  43.5504987  66.5979279 4016
  43.5604987  66.679289 4017
  43.5704987  66.8102576 4018
  43.5804987  66.8132915 4019
  43.5904987  66.805185 4020
  43.6004987  66.8089219 4021
  43.6104987  66.852291 4022
  43.6204987  66.8239448 4023
  43.6304987  66.8343679 4024
  43.6404987  66.7352273 4025
  43.6504987  66.7505281 4026
  43.6604987  66.7166457 4027
  43.6704987  66.7154872 4028
  43.6804987  66.3772958 4029
  43.6904987  65.7305988 4030
  43.7004987  65.233064 4031
  43.7104987  65.2462455 4032
  43.7204987  65.2256637 4033
  43.7304987  65.2029225 4034
  43.7404987  65.1429806 4035
  43.7504987  65.106383 4036
  43.7604987  65.0644089 4037
  43.7704987  65.0664122 4038
  43.7804987  65.0805315 4039
  43.7904987  65.092501 4040
  43.8004987  65.0962566 4041
  43.8104987  65.1127459 4042
  43.8204987  65.1268669 4043
  43.8304987  65.1409842 4044
  43.8404987  65.1951818 4045
  43.8504987  65.2231243 4046
  43.8604987  65.2278148 4047
  43.8704987  65.2388873 4048
  43.8804987  65.2603134 4049
  43.8904987  65.3008938 4050
  43.9004987  65.3431317 4051
  43.9104987  65.3594442 4052
  43.9204987  65.3854731 4053
  43.9304987  65.4013251 4054
  43.9404987  65.4078414 4055
  43.9504987  65.4254103 4056
  43.9604987  65.4409038 4057
  43.9704987  65.4480063 4058
  43.9804987  65.8756291 4059
  43.9904987  66.0097969 4060
  44.0004987  65.9762032 4061
  44.0104987  65.9813663 4062
  44.0204987  66.0122395 4063
  44.0304987  66.1380458 4064
  44.0404987  66.1968006 4065
  44.0504987  66.8184933 4066
  44.0604987  66.9095046 4067
  44.0704987  67.0861916 4068
  44.0804987  67.1428678 4069
  44.0904987  67.2481518 4070
  44.1004987  67.4139557 4071
  44.1104987  67.403245 4072
  44.1204987  67.4365251 4073
  44.1304987  67.3996957 4074
  44.1404987  67.3810863 4075
  44.1504987  67.1371286 4076
  44.1604987  66.4752292 4077
  44.1704987  66.651132 4078
  44.1804987  66.4979836 4079
  44.1904987  66.4260194 4080
  44.2004987  66.0160444 4081
  44.2104987  65.5447995 4082
  44.2204987  65.5868763 4083
  44.2304987  65.5633872 4084
  44.2404987  65.5502695 4085
  44.2504987  65.5387717 4086
  44.2604987  65.5643576 4087
  44.2704987  65.649736 4088
  44.2804987  65.7643154 4089
  44.2904987  66.0529224 4090
  44.3004987  66.11072 4091
  44.3104987  66.2608997 4092
  44.3204987  66.2381181 4093
  44.3304987  66.3012897 4094
  44.3404987  66.2931286 4095
  44.3504987  66.9232534 4096
  44.3604987  67.06832 4097
  44.3704987  67.2047197 4098
  44.3804987  67.2676068 4099
  44.3904987  67.3057651 4100
  44.4004987  67.3401513 4101
  44.4104987  67.346827 4102
  44.4204987  67.3646475 4103
  44.4304987  67.5258375 4104
  44.4404987  67.5230422 4105
  44.4504987  67.5406773 4106
  44.4604987  67.5473533 4107
  44.4704987  67.5407897 4108
  44.4804987  67.5456247 4109
  44.4904987  67.5441556 4110
  44.5004987  67.5280724 4111
  44.5104987  67.4818087 4112
  44.5204987  67.4580057 4113
  44.5304987  67.4675617 4114
  44.5404987  67.4942889 4115
  44.5504987  67.5099407 4116
  44.5604987  67.5531905 4117
  44.5704987  67.5774918 4118
  44.5804987  67.609275 4119
  44.5904987  67.6187957 4120
  44.6004987  67.6457629 4121
  44.6104987  67.9508009 4122
  44.6204987  68.0583683 4123
  44.6304987  68.1007227 4124
  44.6404987  68.1602668 4125
  44.6504987  68.1520498 4126
  44.6604987  68.1474368 4127
  44.6704987  68.1943692 4128
  44.6804987  68.2155892 4129
  44.6904987  68.3256321 4130
  44.7004987  68.3688084 4131
  44.7104987  68.381598 4132
  44.7204987  68.3873382 4133
  44.7304987  68.3784284 4134
  44.7404987  68.3808737 4135
  44.7504987  68.3483433 4136
  44.7604987  68.3414754 4137
  44.7704987  68.3544143 4138
  44.7804987  68.3333492 4139
  44.7904987  68.2267297 4140
  44.8004987  68.072496 4141
  44.8104987  68.0085001 4142
  44.8204987  68.0025024 4143
  44.8304987  68.021562 4144
  44.8404987  68.0176719 4145
  44.8504987  68.0134006 4146
  44.8604987  68.0340633 4147
  44.8704987  68.0500861 4148
  44.8804988  68.0647904 4149
  44.8904988  68.0804205 4150
  44.9004988  68.0965417 4151
  44.9104988  68.0858012 4152
  44.9204988  68.0906332 4153
  44.9304988  68.1139315 4154
  44.9404988  68.1145078 4155
  44.9504988  68.118032 4156
  44.9604988  68.1320184 4157
  44.9704988  68.1482398 4158
  44.9804988  68.1463695 4159
  44.9904988  68.1467634 4160
  45.0004988  68.1595674 4161
  45.0104988  68.1365228 4162
  45.0204988  68.102488 4163
  45.0304988  68.0919335 4164
  45.0404988  68.0941784 4165
  45.0504988  68.0767188 4166
  45.0604988  68.0601755 4167
  45.0704988  67.9697162 4168
  45.0804988  67.7630245 4169
  45.0904988  67.1110913 4170
  45.1004988  67.1301541 4171
  45.1104988  67.1506821 4172
  45.1204988  67.0869537 4173
  45.1304988  66.6831169 4174
  45.1404988  66.5406427 4175
  45.1504988  66.5520869 4176
  45.1604988  66.070646 4177
  45.1704988  66.0373989 4178
  45.1804988  65.9689893 4179
  45.1904988  65.9521777 4180
  45.2004988  65.9521834 4181
  45.2104988  66.012566 4182
  45.2204988  66.0622137 4183
  45.2304988  66.0602771 4184
  45.2404988  66.0544699 4185
  45.2504988  66.0501193 4186
  45.2604988  66.0446508 4187
  45.2704988  66.0160185 4188
  45.2804988  66.0129524 4189
  45.2904988  66.008469 4190
  45.3004988  66.0084997 4191
  45.3104988  66.012834 4192
  45.3204988  66.0143929 4193
  45.3304988  66.3573531 4194
  45.3404988  66.3111749 4195
  45.3504988  66.2845866 4196
  45.3604988  66.2757221 4197
  45.3704988  66.2563312 4198
  45.3804988  66.2323545 4199
  45.3904988  66.1847803 4200
  45.4004988  66.132206 4201
  45.4104988  66.1103253 4202
  45.4204988  65.6189303 4203
  45.4304988  65.6784892 4204
  45.4404988  65.7044187 4205
  45.4504988  65.686015 4206
  45.4604988  65.6619271 4207
  45.4704988  65.6382746 4208
  45.4804988  65.5881676 4209
  45.4904988  65.5716833 4210
  45.5004988  65.5748559 4211
  45.5104988  65.5989668 4212
  45.5204988  65.6245107 4213
  45.5304988  65.7195248 4214
  45.5404988  65.9988124 4215
  45.5504988  65.9743258 4216
  45.5604988  65.9523275 4217
  45.5704988  65.9627049 4218
  45.5804988  65.9607566 4219
  45.5904988  65.962865 4220
  45.6004988  65.9771886 4221
  45.6104988  65.9839456 4222
  45.6204988  65.9873601 4223
  45.6304988  65.988503 4224
  45.6404988  65.9904568 4225
  45.6504988  65.9783848 4226
  45.6604988  65.9773408 4227
  45.6704988  65.9543633 4228
  45.6804988  65.9375154 4229
  45.6904988  65.9056972 4230
  45.7004988  65.8543394 4231
  45.7104988  65.857639 4232
  45.7204988  65.8677812 4233
  45.7304988  65.8650062 4234
  45.7404988  65.8340017 4235
  45.7504988  65.8389044 4236
  45.7604988  65.8361224 4237
  45.7704988  65.8341437 4238
  45.7804988  65.8389052 4239
  45.7904988  65.8537926 4240
  45.8004988  65.8566146 4241
  45.8104988  65.9041114 4242
  45.8204988  65.9755845 4243
  45.8304988  66.0121458 4244
  45.8404988  66.1266299 4245
  45.8504988  66.3617415 4246
  45.8604988  66.3710962 4247
  45.8704988  66.6122277 4248
  45.8804988  66.898168 4249
  45.8904988  67.0751945 4250
  45.9004988  67.2552219 4251
  45.9104988  67.3793816 4252
  45.9204988  67.528954 4253
  45.9304988  67.8323973 4254
  45.9404988  67.7671449 4255
  45.9504988  67.7506479 4256
  45.9604988  67.7618842 4257
  45.9704988  67.7903154 4258
  45.9804988  67.8668368 4259
  45.9904988  67.8816486 4260
  46.0004988  67.8819916 4261
  46.0104988  67.8671197 4262
  46.0204988  67.8493777 4263
  46.0304988  67.8316789 4264
  46.0404988  67.7359642 4265
  46.0504988  67.7229067 4266
  46.0604988  67.6538284 4267
  46.0704988  67.4245553 4268
  46.0804988  67.4283009 4269
  46.0904988  67.4346429 4270
  46.1004988  67.4108497 4271
  46.1104988  66.7543933 4272
  46.1204988  66.8359364 4273
  46.1304988  66.6580826 4274
  46.1404988  66.3474379 4275
  46.1504988  66.1347049 4276
  46.1604988  66.1204335 4277
  46.1704988  65.8286661 4278
  46.1804988  65.7789926 4279
  46.1904988  65.7182676 4280
  46.2004988  65.6733565 4281
  46.2104988  65.6657409 4282
  46.2204988  65.6854546 4283
  46.2304988  65.6958133 4284
  46.2404988  65.6940043 4285
  46.2504988  65.6791254 4286
  46.2604988  65.6747223 4287
  46.2704988  65.7276066 4288
  46.2804988  65.7391537 4289
  46.2904988  65.7311989 4290
  46.3004988  65.8376354 4291
  46.3104988  66.3247972 4292
  46.3204988  66.3013158 4293
  46.3304988  66.3028839 4294
  46.3404988  66.2731807 4295
  46.3504988  66.4414674 4296
  46.3604988  67.031389 4297
  46.3704988  67.2652584 4298
  46.3804988  67.3779524 4299
  46.3904988  67.3776491 4300
  46.4004988  67.6441512 4301
  46.4104988  67.5938294 4302
  46.4204988  67.5779054 4303
  46.4304988  67.56274 4304
  46.4404988  67.5231819 4305
  46.4504988  67.4026666 4306
  46.4604988  67.366008 4307
  46.4704988  67.3119171 4308
  46.4804988  67.2474474 4309
  46.4904988  67.2129588 4310
  46.5004988  67.0935816 4311
  46.5104988  67.0438351 4312
  46.5204988  67.0342978 4313
  46.5304988  66.7318571 4314
  46.5404988  66.2005334 4315
  46.5504988  65.8923932 4316
  46.5604988  65.5905303 4317
  46.5704988  65.5525964 4318
  46.5804988  65.5395163 4319
  46.5904988  65.516183 4320
  46.6004988  65.4992274 4321
  46.6104988  65.4870394 4322
  46.6204988  65.4795491 4323
  46.6304988  65.5342964 4324
  46.6404988  65.5475507 4325
  46.6504988  65.5494198 4326
  46.6604988  65.5433531 4327
  46.6704988  65.5325288 4328
  46.6804988  65.5251311 4329
  46.6904988  65.528928 4330
  46.7004988  65.5386591 4331
  46.7104988  65.5408801 4332
  46.7204988  65.5383174 4333
  46.7304988  65.5412595 4334
  46.7404988  65.5637776 4335
  46.7504988  65.7011637 4336
  46.7604988  65.6998511 4337
  46.7704988  65.6967991 4338
  46.7804988  65.7076098 4339
  46.7904988  65.7058358 4340
  46.8004988  65.6911653 4341
  46.8104988  65.678579 4342
  46.8204988  65.6716666 4343
  46.8304988  65.6661112 4344
  46.8404988  65.6606336 4345
  46.8504988  65.6579534 4346
  46.8604988  65.6526149 4347
  46.8704988  65.6497965 4348
  46.8804988  65.6525508 4349
  46.8904988  65.6452135 4350
  46.9004988  65.641208 4351
  46.9104988  65.6411412 4352
  46.9204988  65.6416115 4353
  46.9304988  65.6427466 4354
  46.9404988  65.7450588 4355
  46.9504988  65.7222562 4356
  46.9604988  65.7339084 4357
  46.9704988  65.7878319 4358
  46.9804989  65.8070016 4359
  46.9904989  65.8723207 4360
  47.0004989  65.8522081 4361
  47.0104989  65.8602113 4362
  47.0204989  65.9683569 4363
  47.0304989  66.1039809 4364
  47.0404989  66.150072 4365
  47.0504989  66.1906716 4366
  47.0604989  66.1801774 4367
  47.0704989  66.2046791 4368
  47.0804989  66.6341535 4369
  47.0904989  66.5445846 4370
  47.1004989  66.5309102 4371
  47.1104989  66.5427998 4372
  47.1204989  66.5671778 4373
  47.1304989  66.5912695 4374
  47.1404989  66.6084047 4375
  47.1504989  66.6054607 4376
  47.1604989  66.5929073 4377
  47.1704989  66.5946783 4378
  47.1804989  66.6100872 4379
  47.1904989  66.5397679 4380
  47.2004989  66.7821449 4381
  47.2104989  66.5479713 4382
  47.2204989  66.6517698 4383
  47.2304989  66.6532846 4384
  47.2404989  66.4553468 4385
  47.2504989  66.4262387 4386
  47.2604989  66.4097346 4387
  47.2704989  66.4233164 4388
  47.2804989  66.4247683 4389
  47.2904989  66.4230904 4390
  47.3004989  66.4252888 4391
  47.3104989  66.3701871 4392
  47.3204989  66.3975736 4393
  47.3304989  66.3924252 4394
  47.3404989  66.3564251 4395
  47.3504989  66.3233156 4396
  47.3604989  66.2450313 4397
  47.3704989  65.4580532 4398
  47.3804989  65.5093821 4399
  47.3904989  65.5122475 4400
  47.4004989  65.5057682 4401
  47.4104989  65.4947621 4402
  47.4204989  65.5511145 4403
  47.4304989  65.7961776 4404
  47.4404989  65.7967543 4405
  47.4504989  65.7837426 4406
  47.4604989  65.8122134 4407
  47.4704989  65.8650057 4408
  47.4804989  66.153301 4409
  47.4904989  66.2759327 4410
  47.5004989  66.2472269 4411
  47.5104989  66.3138733 4412
  47.5204989  66.3590735 4413
  47.5304989  66.3721712 4414
  47.5404989  66.3838066 4415
  47.5504989  67.1974971 4416
  47.5604989  67.2070866 4417
  47.5704989  67.1784415 4418
  47.5804989  67.1370644 4419
  47.5904989  67.0851473 4420
  47.6004989  67.0901295 4421
  47.6104989  67.1056155 4422
  47.6204989  67.1011672 4423
  47.6304989  67.0669041 4424
  47.6404989  67.0242009 4425
  47.6504989  66.7308317 4426
  47.6604989  66.1804826 4427
  47.6704989  65.9367522 4428
  47.6804989  65.561199 4429
  47.6904989  65.5989909 4430
  47.7004989  65.6026554 4431
  47.7104989  65.6037135 4432
  47.7204989  65.6301148 4433
  47.7304989  65.7947831 4434
  47.7404989  65.7682189 4435
  47.7504989  65.7563723 4436
  47.7604989  65.8664687 4437
  47.7704989  65.8469901 4438
  47.7804989  65.9433923 4439
  47.7904989  66.0580266 4440
  47.8004989  66.1600136 4441
  47.8104989  66.1434921 4442
  47.8204989  66.1548197 4443
  47.8304989  66.1898654 4444
  47.8404989  66.2851933 4445
  47.8504989  66.3214566 4446
  47.8604989  67.1518813 4447
  47.8704989  67.1639262 4448
  47.8804989  67.1602884 4449
  47.8904989  67.1499968 4450
  47.9004989  67.1391769 4451
  47.9104989  67.1405089 4452
  47.9204989  67.2227705 4453
  47.9304989  67.2496052 4454
  47.9404989  67.2416618 4455
  47.9504989  67.2936984 4456
  47.9604989  67.3237749 4457
  47.9704989  67.3197427 4458
  47.9804989  67.3424622 4459
  47.9904989  67.339944 4460
  48.0004989  67.3470916 4461
  48.0104989  67.3567092 4462
  48.0204989  67.357664 4463
  48.0304989  67.3606449 4464
  48.0404989  67.3649061 4465
  48.0504989  67.3783358 4466
  48.0604989  67.3964118 4467
  48.0704989  67.436307 4468
  48.0804989  67.5033194 4469
  48.0904989  67.5019118 4470
  48.1004989  67.5431508 4471
  48.1104989  67.5625877 4472
  48.1204989  67.6393169 4473
  48.1304989  67.6926854 4474
  48.1404989  67.7112635 4475
  48.1504989  67.9012137 4476
  48.1604989  67.8956188 4477
  48.1704989  67.9003896 4478
  48.1804989  67.9560472 4479
  48.1904989  67.9314943 4480
  48.2004989  67.9558691 4481
  48.2104989  67.9766389 4482
  48.2204989  68.0074502 4483
  48.2304989  68.0082039 4484
  48.2404989  68.0301733 4485
  48.2504989  68.0347406 4486
  48.2604989  68.0307222 4487
  48.2704989  68.0308291 4488
  48.2804989  68.0363968 4489
  48.2904989  68.0467131 4490
  48.3004989  68.0449594 4491
  48.3104989  68.0295833 4492
  48.3204989  68.0251013 4493
  48.3304989  67.7641347 4494
  48.3404989  67.7891842 4495
  48.3504989  67.7431726 4496
  48.3604989  67.72409 4497
  48.3704989  67.5920175 4498
  48.3804989  66.5730095 4499
  48.3904989  65.9970714 4500
  48.4004989  66.0466025 4501
  48.4104989  66.1252049 4502
  48.4204989  66.3375464 4503
  48.4304989  66.3611887 4504
  48.4404989  66.3749144 4505
  48.4504989  66.536255 4506
  48.4604989  66.6015675 4507
  48.4704989  66.7554406 4508
  48.4804989  66.7944718 4509
  48.4904989  66.8678652 4510
  48.5004989  66.8316107 4511
  48.5104989  67.1652307 4512
  48.5204989  67.2912937 4513
  48.5304989  67.2760498 4514
  48.5404989  67.2409015 4515
  48.5504989  67.2254111 4516
  48.5604989  67.200158 4517
  48.5704989  67.1808011 4518
  48.5804989  67.1526933 4519
  48.5904989  67.1101869 4520
  48.6004989  67.0331695 4521
  48.6104989  66.8521097 4522
  48.6204989  65.8850559 4523
  48.6304989  65.7389098 4524
  48.6404989  65.8032548 4525
  48.6504989  65.8389098 4526
  48.6604989  65.8134223 4527
  48.6704989  65.7808016 4528
  48.6804989  65.7551481 4529
  48.6904989  65.7211016 4530
  48.7004989  65.6832477 4531
  48.7104989  65.6728329 4532
  48.7204989  65.6682701 4533
  48.7304989  65.6587322 4534
  48.7404989  65.6497422 4535
  48.7504989  65.6505881 4536
  48.7604989  65.6517848 4537
  48.7704989  65.7914879 4538
  48.7804989  65.8460346 4539
  48.7904989  65.8251157 4540
  48.8004989  65.8114585 4541
  48.8104989  65.7945695 4542
  48.8204989  65.7521833 4543
  48.8304989  65.7391566 4544
  48.8404989  65.7020471 4545
  48.8504989  65.7121407 4546
  48.8604989  65.7214267 4547
  48.8704989  65.7147955 4548
  48.8804989  65.6993199 4549
  48.8904989  65.6839883 4550
  48.9004989  65.6811975 4551
  48.9104989  65.682769 4552
  48.9204989  65.6858095 4553
  48.9304989  65.6902974 4554
  48.9404989  65.7140911 4555
  48.9504989  65.9541409 4556
  48.9604989  65.9650662 4557
  48.9704989  65.9649837 4558
  48.9804989  66.0000284 4559
  48.9904989  66.0803688 4560
  49.0004989  66.1711542 4561
  49.0104989  66.1954816 4562
  49.0204989  66.1895723 4563
  49.0304989  66.2601209 4564
  49.0404989  66.2776212 4565
  49.0504989  66.3151059 4566
  49.0604989  66.3698745 4567
  49.0704989  66.3670126 4568
  49.0804989  66.3635252 4569
  49.090499  66.3729324 4570
  49.100499  66.3752463 4571
  49.110499  66.3662042 4572
  49.120499  66.3664965 4573
  49.130499  66.3647199 4574
  49.140499  66.3390737 4575
  49.150499  66.2720065 4576
  49.160499  66.2003444 4577
  49.170499  66.0799795 4578
  49.180499  66.0680953 4579
  49.190499  66.0607213 4580
  49.200499  66.0274113 4581
  49.210499  65.8170825 4582
  49.220499  65.7827001 4583
  49.230499  65.4533031 4584
  49.240499  65.3842033 4585
  49.250499  65.416166 4586
  49.260499  65.383399 4587
  49.270499  65.3814617 4588
  49.280499  65.3307319 4589
  49.290499  65.2973894 4590
  49.300499  65.283144 4591
  49.310499  65.2035552 4592
  49.320499  65.0942471 4593
  49.330499  65.1392981 4594
  49.340499  65.0366562 4595
  49.350499  65.1237628 4596
  49.360499  65.1023294 4597
  49.370499  64.7780441 4598
  49.380499  64.8161926 4599
  49.390499  64.7926675 4600
  49.400499  64.7856447 4601
  49.410499  64.7867438 4602
  49.420499  64.7871267 4603
  49.430499  64.7819324 4604
  49.440499  64.7708037 4605
  49.450499  64.7652545 4606
  49.460499  64.7596679 4607
  49.470499  64.7577994 4608
  49.480499  64.7455674 4609
  49.490499  64.7865226 4610
  49.500499  64.884373 4611
  49.510499  65.0240678 4612
  49.520499  65.3536609 4613
  49.530499  65.323763 4614
  49.540499  65.289139 4615
  49.550499  65.2604967 4616
  49.560499  65.2311679 4617
  49.570499  65.1999778 4618
  49.580499  65.2059461 4619
  49.590499  65.2111109 4620
  49.600499  65.2028935 4621
  49.610499  65.1807699 4622
  49.620499  65.1639743 4623
  49.630499  65.1569049 4624
  49.640499  65.1423567 4625
  49.650499  65.1294744 4626
  49.660499  65.1189279 4627
  49.670499  65.1046639 4628
  49.680499  65.0889312 4629
  49.690499  65.0661697 4630
  49.700499  65.0468395 4631
  49.710499  65.0405497 4632
  49.720499  65.040995 4633
  49.730499  65.0375821 4634
  49.740499  65.029484 4635
  49.750499  65.031303 4636
  49.760499  65.0287357 4637
  49.770499  65.0271659 4638
  49.780499  65.0250517 4639
  49.790499  65.0239431 4640
  49.800499  65.0344532 4641
  49.810499  65.0377193 4642
  49.820499  65.053368 4643
  49.830499  65.1829714 4644
  49.840499  65.1713335 4645
  49.850499  65.174456 4646
  49.860499  65.1787018 4647
  49.870499  65.1712439 4648
  49.880499  65.1709194 4649
  49.890499  65.1702182 4650
  49.900499  65.1666083 4651
  49.910499  65.1552993 4652
  49.920499  65.1512765 4653
  49.930499  65.1385145 4654
  49.940499  65.0987912 4655
  49.950499  65.0729634 4656
  49.960499  65.0648948 4657
  49.970499  65.0864406 4658
  49.980499  65.0939272 4659
  49.990499  65.0884032 4660
  50.000499  65.0737677 4661
  50.010499  65.0903784 4662
  50.020499  65.0881889 4663
  50.030499  65.0752841 4664
  50.040499  65.0724823 4665
  50.050499  65.0640958 4666
  50.060499  65.0538013 4667
  50.070499  65.0538682 4668
  50.080499  65.0535802 4669
  50.090499  65.0485013 4670
  50.100499  65.0502485 4671
  50.110499  65.0302006 4672
  50.120499  65.0496745 4673
  50.130499  65.0517455 4674
  50.140499  65.0205886 4675
  50.150499  65.0075826 4676
  50.160499  65.0014276 4677
  50.170499  64.9013953 4678
  50.180499  64.9039035 4679
  50.190499  64.9063587 4680
  50.200499  64.9078294 4681
  50.210499  64.9161755 4682
  50.220499  64.9219262 4683
  50.230499  64.9203027 4684
  50.240499  64.9241534 4685
  50.250499  64.9259202 4686
  50.260499  64.9269891 4687
  50.270499  64.9315091 4688
  50.280499  64.9451755 4689
  50.290499  64.9833972 4690
  50.300499  65.0275616 4691
  50.310499  65.1497696 4692
  50.320499  65.1973888 4693
  50.330499  65.2399193 4694
  50.340499  65.2962002 4695
  50.350499  65.3567565 4696
  50.360499  65.3606182 4697
  50.370499  65.3909412 4698
  50.380499  65.3543502 4699
  50.390499  65.3269059 4700
  50.400499  65.3385247 4701
  50.410499  65.365522 4702
  50.420499  65.3815726 4703
  50.430499  65.3843672 4704
  50.440499  65.3823499 4705
  50.450499  65.3675159 4706
  50.460499  65.3738999 4707
  50.470499  65.3831539 4708
  50.480499  65.3919416 4709
  50.490499  65.3989943 4710
  50.500499  65.4128984 4711
  50.510499  65.4323996 4712
  50.520499  65.5211222 4713
  50.530499  65.694504 4714
  50.540499  65.8725812 4715
  50.550499  66.2369093 4716
  50.560499  66.2365044 4717
  50.570499  66.2637267 4718
  50.580499  66.2980172 4719
  50.590499  66.3281026 4720
  50.600499  66.703043 4721
  50.610499  66.6184296 4722
  50.620499  66.660226 4723
  50.630499  66.6816541 4724
  50.640499  66.6915339 4725
  50.650499  66.7093233 4726
  50.660499  66.7206246 4727
  50.670499  66.7011261 4728
  50.680499  66.697147 4729
  50.690499  66.6035868 4730
  50.700499  66.9269406 4731
  50.710499  66.5391944 4732
  50.720499  66.6120023 4733
  50.730499  66.5936909 4734
  50.740499  66.4697393 4735
  50.750499  66.421444 4736
  50.760499  66.4041166 4737
  50.770499  66.353627 4738
  50.780499  64.8775534 4739
  50.790499  65.0841517 4740
  50.800499  64.9146205 4741
  50.810499  65.1168039 4742
  50.820499  64.8834012 4743
  50.830499  65.1241739 4744
  50.840499  65.1800639 4745
  50.850499  65.4362078 4746
  50.860499  65.3757331 4747
  50.870499  65.3965298 4748
  50.880499  65.4423578 4749
  50.890499  65.529522 4750
  50.900499  65.6445643 4751
  50.910499  65.9623376 4752
  50.920499  66.0540933 4753
  50.930499  66.0682097 4754
  50.940499  66.0796081 4755
  50.950499  66.1345792 4756
  50.960499  66.5016219 4757
  50.970499  66.5233298 4758
  50.980499  66.546055 4759
  50.990499  66.5787685 4760
  51.000499  66.5801472 4761
  51.010499  66.5528097 4762
  51.020499  66.5197586 4763
  51.030499  66.5146554 4764
  51.040499  66.4744625 4765
  51.050499  66.4226828 4766
  51.060499  66.4326351 4767
  51.070499  66.4165824 4768
  51.080499  66.3979139 4769
  51.090499  66.415091 4770
  51.100499  66.3962943 4771
  51.110499  66.3755974 4772
  51.120499  66.3432297 4773
  51.130499  66.3235176 4774
  51.140499  66.1744992 4775
  51.150499  66.1734206 4776
  51.160499  66.1849491 4777
  51.170499  66.2044023 4778
  51.180499  66.2163058 4779
  51.1904991  66.2205277 4780
  51.2004991  66.245947 4781
  51.2104991  66.2712325 4782
  51.2204991  66.2624936 4783
  51.2304991  66.2825241 4784
  51.2404991  66.3549035 4785
  51.2504991  66.4195949 4786
  51.2604991  66.4393483 4787
  51.2704991  66.4805305 4788
  51.2804991  66.8069178 4789
  51.2904991  67.1326783 4790
  51.3004991  67.3363649 4791
  51.3104991  67.3491242 4792
  51.3204991  67.3535826 4793
  51.3304991  67.35298 4794
  51.3404991  67.3639206 4795
  51.3504991  67.3800909 4796
  51.3604991  67.398545 4797
  51.3704991  67.4213761 4798
  51.3804991  67.4403405 4799
  51.3904991  67.4601038 4800
  51.4004991  67.4777834 4801
  51.4104991  67.5023392 4802
  51.4204991  67.5113168 4803
  51.4304991  67.5371868 4804
  51.4404991  67.5653435 4805
  51.4504991  67.6383174 4806
  51.4604991  67.8194018 4807
  51.4704991  67.8232043 4808
  51.4804991  67.8879777 4809
  51.4904991  67.9330182 4810
  51.5004991  68.0258929 4811
  51.5104991  68.1075182 4812
  51.5204991  68.1435169 4813
  51.5304991  68.1867934 4814
  51.5404991  68.2290067 4815
  51.5504991  68.5138356 4816
  51.5604991  68.7284976 4817
  51.5704991  68.7412054 4818
  51.5804991  68.768456 4819
  51.5904991  68.7779021 4820
  51.6004991  68.8401119 4821
  51.6104991  68.8703324 4822
  51.6204991  68.9187902 4823
  51.6304991  68.9342214 4824
  51.6404991  68.9499767 4825
  51.6504991  68.9797155 4826
  51.6604991  69.0369923 4827
  51.6704991  69.056489 4828
  51.6804991  69.0891814 4829
  51.6904991  69.1278416 4830
  51.7004991  69.1680473 4831
  51.7104991  69.1946902 4832
  51.7204991  69.2088024 4833
  51.7304991  69.2280702 4834
  51.7404991  69.2388152 4835
  51.7504991  69.2362958 4836
  51.7604991  69.2470283 4837
  51.7704991  69.2790606 4838
  51.7804991  69.2864077 4839
  51.7904991  69.2979921 4840
  51.8004991  69.260995 4841
  51.8104991  69.2489452 4842
  51.8204991  69.2458974 4843
  51.8304991  69.2327995 4844
  51.8404991  69.1961215 4845
  51.8504991  69.0503768 4846
  51.8604991  68.9553959 4847
  51.8704991  69.0487778 4848
  51.8804991  68.9812846 4849
  51.8904991  68.8838032 4850
  51.9004991  68.7187166 4851
  51.9104991  68.6698136 4852
  51.9204991  68.6663752 4853
  51.9304991  68.6519854 4854
  51.9404991  68.657215 4855
  51.9504991  68.4102396 4856
  51.9604991  68.4381362 4857
  51.9704991  68.4720634 4858
  51.9804991  68.4306482 4859
  51.9904991  68.2444603 4860
  52.0004991  68.2009678 4861
  52.0104991  67.9045022 4862
  52.0204991  67.7790306 4863
  52.0304991  66.5214923 4864
  52.0404991  66.3920395 4865
  52.0504991  66.686974 4866
  52.0604991  66.8750175 4867
  52.0704991  66.9086141 4868
  52.0804991  66.8704324 4869
  52.0904991  66.858968 4870
  52.1004991  66.935814 4871
  52.1104991  67.1375137 4872
  52.1204991  67.1176946 4873
  52.1304991  67.4070452 4874
  52.1404991  67.8904682 4875
  52.1504991  68.1613526 4876
  52.1604991  68.4365413 4877
  52.1704991  68.7876686 4878
  52.1804991  68.8236824 4879
  52.1904991  68.8971818 4880
  52.2004991  68.9545966 4881
  52.2104991  69.1927817 4882
  52.2204991  69.1590118 4883
  52.2304991  69.2089734 4884
  52.2404991  69.2780862 4885
  52.2504991  69.2963177 4886
  52.2604991  69.3707877 4887
  52.2704991  69.3967213 4888
  52.2804991  69.4315665 4889
  52.2904991  69.4117293 4890
  52.3004991  69.4156827 4891
  52.3104991  69.4126169 4892
  52.3204991  69.3783446 4893
  52.3304991  69.3752519 4894
  52.3404991  69.3921001 4895
  52.3504991  69.3937662 4896
  52.3604991  69.3849804 4897
  52.3704991  69.4134783 4898
  52.3804991  69.3701436 4899
  52.3904991  68.9897661 4900
  52.4004991  69.2732514 4901
  52.4104991  68.8710205 4902
  52.4204991  68.7578212 4903
  52.4304991  68.7757138 4904
  52.4404991  68.7261441 4905
  52.4504991  68.7154299 4906
  52.4604991  68.5012778 4907
  52.4704991  68.5534114 4908
  52.4804991  68.5084471 4909
  52.4904991  68.3710331 4910
  52.5004991  68.371765 4911
  52.5104991  68.2733565 4912
  52.5204991  68.198483 4913
  52.5304991  68.1839187 4914
  52.5404991  68.134648 4915
  52.5504991  68.1640886 4916
  52.5604991  68.15697 4917
  52.5704991  68.1614823 4918
  52.5804991  68.1550258 4919
  52.5904991  68.1392544 4920
  52.6004991  68.1331109 4921
  52.6104991  68.0835368 4922
  52.6204991  68.0531012 4923
  52.6304991  66.4445456 4924
  52.6404991  66.4857002 4925
  52.6504991  66.5641105 4926
  52.6604991  66.6032573 4927
  52.6704991  66.6562365 4928
  52.6804991  66.8645804 4929
  52.6904991  66.8276745 4930
  52.7004991  66.7855093 4931
  52.7104991  66.7832055 4932
  52.7204991  66.8347189 4933
  52.7304991  66.9892741 4934
  52.7404991  67.1663666 4935
  52.7504991  67.4666788 4936
  52.7604991  67.3285228 4937
  52.7704991  67.6499773 4938
  52.7804991  67.6380437 4939
  52.7904991  67.6316967 4940
  52.8004991  67.616498 4941
  52.8104991  67.6033321 4942
  52.8204991  67.5919387 4943
  52.8304991  67.5910569 4944
  52.8404991  67.5823862 4945
  52.8504991  67.5374866 4946
  52.8604991  67.4805095 4947
  52.8704991  67.4085148 4948
  52.8804991  67.3577685 4949
  52.8904991  65.9216174 4950
  52.9004991  65.9337782 4951
  52.9104991  66.0107112 4952
  52.9204991  66.0240622 4953
  52.9304991  66.0109218 4954
  52.9404991  65.9745902 4955
  52.9504991  66.0126082 4956
  52.9604991  66.036234 4957
  52.9704991  66.1933145 4958
  52.9804991  66.2004833 4959
  52.9904991  66.2020742 4960
  53.0004991  66.1981309 4961
  53.0104991  66.4136882 4962
  53.0204991  66.3891866 4963
  53.0304991  66.3917609 4964
  53.0404991  66.3881016 4965
  53.0504991  66.6444731 4966
  53.0604991  66.6266933 4967
  53.0704991  66.6756757 4968
  53.0804991  66.9450824 4969
  53.0904991  67.1248818 4970
  53.1004991  67.1639066 4971
  53.1104991  67.1510568 4972
  53.1204991  67.144838 4973
  53.1304991  67.133736 4974
  53.1404991  67.1401034 4975
  53.1504991  67.1419443 4976
  53.1604991  67.0649175 4977
  53.1704991  67.0032011 4978
  53.1804991  66.9812222 4979
  53.1904991  66.9373211 4980
  53.2004991  66.8500163 4981
  53.2104991  65.6964645 4982
  53.2204991  65.7394308 4983
  53.2304991  65.7038516 4984
  53.2404991  65.6738778 4985
  53.2504991  65.6608275 4986
  53.2604991  65.6701103 4987
  53.2704991  65.6984187 4988
  53.2804991  65.9007715 4989
  53.2904991  65.9479844 4990
  53.3004992  65.9300256 4991
  53.3104992  65.9206577 4992
  53.3204992  66.0088584 4993
  53.3304992  65.9902586 4994
  53.3404992  65.9956539 4995
  53.3504992  66.1261096 4996
  53.3604992  66.1837063 4997
  53.3704992  66.3589037 4998
  53.3804992  66.3197914 4999
  53.3904992  66.3259857 5000
  53.4004992  66.3500575 5001
  53.4104992  67.0822644 5002
  53.4204992  67.2877163 5003
  53.4304992  67.3874247 5004
  53.4404992  67.3915063 5005
  53.4504992  67.4196609 5006
  53.4604992  67.525163 5007
  53.4704992  67.9457264 5008
  53.4804992  67.9910118 5009
  53.4904992  67.9358165 5010
  53.5004992  67.9397131 5011
  53.5104992  67.977813 5012
  53.5204992  67.9989118 5013
  53.5304992  67.9824267 5014
  53.5404992  67.9609201 5015
  53.5504992  67.9619884 5016
  53.5604992  67.9664049 5017
  53.5704992  67.9633621 5018
  53.5804992  67.9769278 5019
  53.5904992  67.9695817 5020
  53.6004992  67.9357301 5021
  53.6104992  67.8715927 5022
  53.6204992  67.4771573 5023
  53.6304992  67.4736845 5024
  53.6404992  67.4606911 5025
  53.6504992  67.2937033 5026
  53.6604992  66.5006248 5027
  53.6704992  66.4224921 5028
  53.6804992  65.847574 5029
  53.6904992  65.7851452 5030
  53.7004992  65.832574 5031
  53.7104992  65.9051182 5032
  53.7204992  66.073145 5033
  53.7304992  66.0949262 5034
  53.7404992  66.1140392 5035
  53.7504992  66.075068 5036
  53.7604992  66.0469682 5037
  53.7704992  66.0498128 5038
  53.7804992  66.1605342 5039
  53.7904992  66.1333839 5040
  53.8004992  66.1216448 5041
  53.8104992  66.1364356 5042
  53.8204992  66.1280701 5043
  53.8304992  66.2199571 5044
  53.8404992  66.2442323 5045
  53.8504992  66.3207678 5046
  53.8604992  66.3160881 5047
  53.8704992  66.359165 5048
  53.8804992  66.3978554 5049
  53.8904992  66.5071023 5050
  53.9004992  66.5253938 5051
  53.9104992  66.5179259 5052
  53.9204992  66.5149875 5053
  53.9304992  66.5315743 5054
  53.9404992  66.5741137 5055
  53.9504992  67.6210718 5056
  53.9604992  67.5299591 5057
  53.9704992  67.5102819 5058
  53.9804992  67.5125264 5059
  53.9904992  67.524011 5060
  54.0004992  67.534693 5061
  54.0104992  67.5167936 5062
  54.0204992  67.4853557 5063
  54.0304992  67.4536606 5064
  54.0404992  67.3896493 5065
  54.0504992  67.3762732 5066
  54.0604992  67.3435821 5067
  54.0704992  67.334072 5068
  54.0804992  67.3050363 5069
  54.0904992  67.212551 5070
  54.1004992  67.1384556 5071
  54.1104992  67.1493908 5072
  54.1204992  66.9948841 5073
  54.1304992  67.0121488 5074
  54.1404992  66.9914818 5075
  54.1504992  66.806236 5076
  54.1604992  65.5681185 5077
  54.1704992  65.4547199 5078
  54.1804992  65.9757502 5079
  54.1904992  66.053315 5080
  54.2004992  66.0690673 5081
  54.2104992  65.9920883 5082
  54.2204992  65.9648077 5083
  54.2304992  65.9538884 5084
  54.2404992  65.9636591 5085
  54.2504992  65.9609334 5086
  54.2604992  65.9451012 5087
  54.2704992  65.9367352 5088
  54.2804992  65.9381353 5089
  54.2904992  65.9403384 5090
  54.3004992  65.9283771 5091
  54.3104992  65.9260969 5092
  54.3204992  65.925862 5093
  54.3304992  65.9533695 5094
  54.3404992  65.9982621 5095
  54.3504992  65.9768035 5096
  54.3604992  65.9667691 5097
  54.3704992  65.9685171 5098
  54.3804992  65.9851929 5099
  54.3904992  65.9633212 5100
  54.4004992  65.957683 5101
  54.4104992  65.9511705 5102
  54.4204992  65.9406764 5103
  54.4304992  65.9363514 5104
  54.4404992  65.9295757 5105
  54.4504992  65.9306787 5106
  54.4604992  65.9269884 5107
  54.4704992  65.9255984 5108
  54.4804992  65.9273396 5109
  54.4904992  65.93264 5110
  54.5004992  65.9551918 5111
  54.5104992  65.9595913 5112
  54.5204992  65.97667 5113
  54.5304992  65.9920194 5114
  54.5404992  65.9904292 5115
  54.5504992  65.9798126 5116
  54.5604992  65.9744299 5117
  54.5704992  65.9679846 5118
  54.5804992  65.9358186 5119
  54.5904992  65.9100078 5120
  54.6004992  65.8990234 5121
  54.6104992  65.8955424 5122
  54.6204992  65.8707056 5123
  54.6304992  65.8484123 5124
  54.6404992  65.7790351 5125
  54.6504992  65.7822921 5126
  54.6604992  65.7904448 5127
  54.6704992  65.7782728 5128
  54.6804992  65.7271168 5129
  54.6904992  65.6733431 5130
  54.7004992  65.6732469 5131
  54.7104992  65.6597246 5132
  54.7204992  65.4577125 5133
  54.7304992  65.4044714 5134
  54.7404992  65.3606825 5135
  54.7504992  65.3693549 5136
  54.7604992  65.3284798 5137
  54.7704992  65.1772077 5138
  54.7804992  64.5138264 5139
  54.7904992  64.5195274 5140
  54.8004992  64.5355059 5141
  54.8104992  64.5395952 5142
  54.8204992  64.543345 5143
  54.8304992  64.5288908 5144
  54.8404992  64.5031476 5145
  54.8504992  64.4834494 5146
  54.8604992  64.4378472 5147
  54.8704992  64.4146299 5148
  54.8804992  64.3809954 5149
  54.8904992  64.4231077 5150
  54.9004992  64.4328788 5151
  54.9104992  64.4242606 5152
  54.9204992  64.4308924 5153
  54.9304992  64.4381585 5154
  54.9404992  64.4550518 5155
  54.9504992  64.7355368 5156
  54.9604992  65.3499058 5157
  54.9704992  65.2361972 5158
  54.9804992  65.2079005 5159
  54.9904992  65.2088431 5160
  55.0004992  65.2111926 5161
  55.0104992  65.2335136 5162
  55.0204992  65.2314597 5163
  55.0304992  65.2259117 5164
  55.0404992  65.2204912 5165
  55.0504992  65.2636895 5166
  55.0604992  65.2441095 5167
  55.0704992  65.2337972 5168
  55.0804992  65.2199718 5169
  55.0904992  65.1977271 5170
  55.1004992  65.1760254 5171
  55.1104992  65.1386037 5172
  55.1204992  65.1162125 5173
  55.1304992  65.0917381 5174
  55.1404992  64.9139645 5175
  55.1504992  64.8998895 5176
  55.1604992  64.8877739 5177
  55.1704992  64.8624307 5178
  55.1804992  64.8497523 5179
  55.1904992  64.7914083 5180
  55.2004992  64.7939455 5181
  55.2104992  64.8038407 5182
  55.2204992  64.5613712 5183
  55.2304992  64.3785616 5184
  55.2404992  64.3663703 5185
  55.2504992  64.3564106 5186
  55.2604992  64.2863471 5187
  55.2704992  64.2337811 5188
  55.2804992  64.2522479 5189
  55.2904992  64.2633162 5190
  55.3004992  64.261791 5191
  55.3104992  64.2620895 5192
  55.3204992  64.2592682 5193
  55.3304992  64.2555516 5194
  55.3404992  64.2526082 5195
  55.3504992  64.2564467 5196
  55.3604992  64.2371099 5197
  55.3704992  64.3063332 5198
  55.3804992  64.3058336 5199
  55.3904992  64.2985206 5200
  55.4004993  64.4453274 5201
  55.4104993  64.9833486 5202
  55.4204993  64.9580554 5203
  55.4304993  65.0231859 5204
  55.4404993  65.0168913 5205
  55.4504993  65.0500252 5206
  55.4604993  65.1861505 5207
  55.4704993  65.1278762 5208
  55.4804993  65.1907867 5209
  55.4904993  65.1982001 5210
  55.5004993  65.2203402 5211
  55.5104993  65.4082829 5212
  55.5204993  65.5453339 5213
  55.5304993  65.6536597 5214
  55.5404993  66.1455732 5215
  55.5504993  66.2747747 5216
  55.5604993  66.3784133 5217
  55.5704993  66.3695142 5218
  55.5804993  66.3626234 5219
  55.5904993  66.3361642 5220
  55.6004993  66.3129653 5221
  55.6104993  66.3326738 5222
  55.6204993  66.3327406 5223
  55.6304993  66.3364548 5224
  55.6404993  66.0540547 5225
  55.6504993  66.1499627 5226
  55.6604993  66.0353135 5227
  55.6704993  66.0107989 5228
  55.6804993  65.994717 5229
  55.6904993  65.9246951 5230
  55.7004993  65.8564498 5231
  55.7104993  65.7563655 5232
  55.7204993  65.7467969 5233
  55.7304993  65.7446497 5234
  55.7404993  64.9924472 5235
  55.7504993  64.9637937 5236
  55.7604993  64.9576261 5237
  55.7704993  64.9486721 5238
  55.7804993  64.9464164 5239
  55.7904993  64.9305094 5240
  55.8004993  64.9248906 5241
  55.8104993  64.9011896 5242
  55.8204993  64.8924363 5243
  55.8304993  64.8957052 5244
  55.8404993  64.8974041 5245
  55.8504993  64.89156 5246
  55.8604993  64.8905491 5247
  55.8704993  64.8991357 5248
  55.8804993  64.9088977 5249
  55.8904993  64.9229488 5250
  55.9004993  64.9142208 5251
  55.9104993  64.8997282 5252
  55.9204993  64.9010998 5253
  55.9304993  64.9131492 5254
  55.9404993  64.9304208 5255
  55.9504993  65.0691077 5256
  55.9604993  65.0703536 5257
  55.9704993  65.1153397 5258
  55.9804993  65.1952512 5259
  55.9904993  65.2423042 5260
  56.0004993  65.2010652 5261
  56.0104993  65.2321182 5262
  56.0204993  65.3929937 5263
  56.0304993  65.4510463 5264
  56.0404993  65.557158 5265
  56.0504993  65.542059 5266
  56.0604993  65.7622552 5267
  56.0704993  65.8976931 5268
  56.0804993  66.4403051 5269
  56.0904993  66.5823417 5270
  56.1004993  66.7352233 5271
  56.1104993  66.7435345 5272
  56.1204993  66.8592683 5273
  56.1304993  66.8603993 5274
  56.1404993  66.889736 5275
  56.1504993  66.9293496 5276
  56.1604993  66.9223483 5277
  56.1704993  66.918043 5278
  56.1804993  66.8988055 5279
  56.1904993  66.8399305 5280
  56.2004993  66.7237237 5281
  56.2104993  66.422968 5282
  56.2204993  66.4871793 5283
  56.2304993  66.3675612 5284
  56.2404993  66.2794965 5285
  56.2504993  66.0994953 5286
  56.2604993  64.7035352 5287
  56.2704993  64.9894702 5288
  56.2804993  64.9525459 5289
  56.2904993  65.2445567 5290
  56.3004993  65.3112518 5291
  56.3104993  65.3191381 5292
  56.3204993  65.3444174 5293
  56.3304993  65.3469351 5294
  56.3404993  65.3423744 5295
  56.3504993  65.3397073 5296
  56.3604993  65.3526588 5297
  56.3704993  65.3634946 5298
  56.3804993  65.3804 5299
  56.3904993  65.3958862 5300
  56.4004993  65.4128384 5301
  56.4104993  65.4240331 5302
  56.4204993  65.4463827 5303
  56.4304993  65.5039539 5304
  56.4404993  65.5302023 5305
  56.4504993  65.5516121 5306
  56.4604993  65.5871609 5307
  56.4704993  65.6342058 5308
  56.4804993  65.5946337 5309
  56.4904993  65.5822489 5310
  56.5004993  65.5840442 5311
  56.5104993  65.5863899 5312
  56.5204993  65.6012549 5313
  56.5304993  65.6279823 5314
  56.5404993  65.8583753 5315
  56.5504993  65.8415277 5316
  56.5604993  65.8473853 5317
  56.5704993  65.850999 5318
  56.5804993  65.8591997 5319
  56.5904993  66.0645315 5320
  56.6004993  66.1643355 5321
  56.6104993  66.1290971 5322
  56.6204993  66.1342304 5323
  56.6304993  66.1251093 5324
  56.6404993  66.1147818 5325
  56.6504993  66.2482327 5326
  56.6604993  66.3944335 5327
  56.6704993  66.4157296 5328
  56.6804993  66.3716012 5329
  56.6904993  66.3088736 5330
  56.7004993  66.2444947 5331
  56.7104993  66.2133096 5332
  56.7204993  66.1583089 5333
  56.7304993  66.1034594 5334
  56.7404993  66.043657 5335
  56.7504993  65.9078762 5336
  56.7604993  64.6839724 5337
  56.7704993  65.041941 5338
  56.7804993  64.8713088 5339
  56.7904993  65.0208572 5340
  56.8004993  64.9161309 5341
  56.8104993  64.8967931 5342
  56.8204993  64.826409 5343
  56.8304993  64.7545912 5344
  56.8404993  64.7478012 5345
  56.8504993  64.7177909 5346
  56.8604993  64.7026792 5347
  56.8704993  64.4415304 5348
  56.8804993  64.4260669 5349
  56.8904993  64.4102646 5350
  56.9004993  64.3299863 5351
  56.9104993  63.9961598 5352
  56.9204993  63.9508002 5353
  56.9304993  63.9341844 5354
  56.9404993  63.8962225 5355
  56.9504993  63.7993126 5356
  56.9604993  63.7907788 5357
  56.9704993  63.773049 5358
  56.9804993  63.7617302 5359
  56.9904993  63.7397684 5360
  57.0004993  63.7250908 5361
  57.0104993  63.7145843 5362
  57.0204993  63.6948244 5363
  57.0304993  63.684643 5364
  57.0404993  63.721951 5365
  57.0504993  63.7553297 5366
  57.0604993  63.7470982 5367
  57.0704993  63.7257061 5368
  57.0804993  63.7291074 5369
  57.0904993  63.6925444 5370
  57.1004993  63.6507126 5371
  57.1104993  63.6285206 5372
  57.1204993  63.645625 5373
  57.1304993  63.7166001 5374
  57.1404993  63.9008539 5375
  57.1504993  63.8618632 5376
  57.1604993  64.3839132 5377
  57.1704993  64.4483957 5378
  57.1804993  64.5533731 5379
  57.1904993  64.944685 5380
  57.2004993  64.9410985 5381
  57.2104993  64.9318995 5382
  57.2204993  64.9471653 5383
  57.2304993  65.0301858 5384
  57.2404993  64.9948668 5385
  57.2504993  64.999506 5386
  57.2604993  65.2690517 5387
  57.2704993  65.4599085 5388
  57.2804993  65.4203505 5389
  57.2904993  65.5241507 5390
  57.3004993  65.5325206 5391
  57.3104993  65.5399568 5392
  57.3204993  66.3048743 5393
  57.3304993  66.1385799 5394
  57.3404993  66.1334681 5395
  57.3504993  66.1389155 5396
  57.3604993  66.1508332 5397
  57.3704993  66.1715533 5398
  57.3804993  66.190385 5399
  57.3904993  66.1906358 5400
  57.4004993  66.1962203 5401
  57.4104993  66.1761216 5402
  57.4204993  66.1605825 5403
  57.4304993  66.1637076 5404
  57.4404993  66.1794983 5405
  57.4504993  66.1832113 5406
  57.4604993  66.1982269 5407
  57.4704993  66.1933933 5408
  57.4804993  66.1672294 5409
  57.4904993  66.1873324 5410
  57.5004993  66.1014099 5411
  57.5104994  66.3203086 5412
  57.5204994  66.3097871 5413
  57.5304994  66.3180405 5414
  57.5404994  66.3371073 5415
  57.5504994  66.3526912 5416
  57.5604994  66.3774173 5417
  57.5704994  66.3966078 5418
  57.5804994  66.4026457 5419
  57.5904994  66.3487038 5420
  57.6004994  66.1992442 5421
  57.6104994  66.0557801 5422
  57.6204994  66.0081002 5423
  57.6304994  65.9884605 5424
  57.6404994  65.8069229 5425
  57.6504994  64.7969354 5426
  57.6604994  64.9362381 5427
  57.6704994  65.1934718 5428
  57.6804994  65.1922343 5429
  57.6904994  65.1833464 5430
  57.7004994  65.1742057 5431
  57.7104994  65.2115041 5432
  57.7204994  65.2595194 5433
  57.7304994  65.3094995 5434
  57.7404994  65.3676952 5435
  57.7504994  65.3736927 5436
  57.7604994  65.4049176 5437
  57.7704994  65.4104789 5438
  57.7804994  65.4377192 5439
  57.7904994  65.5234792 5440
  57.8004994  65.7467433 5441
  57.8104994  65.840544 5442
  57.8204994  65.8529712 5443
  57.8304994  66.2375639 5444
  57.8404994  66.6203905 5445
  57.8504994  66.7622866 5446
  57.8604994  66.673035 5447
  57.8704994  66.6492401 5448
  57.8804994  66.6301807 5449
  57.8904994  66.6258909 5450
  57.9004994  66.6355138 5451
  57.9104994  66.6354058 5452
  57.9204994  66.6185044 5453
  57.9304994  66.5024698 5454
  57.9404994  66.255808 5455
  57.9504994  66.4542564 5456
  57.9604994  66.2686664 5457
  57.9704994  66.0971212 5458
  57.9804994  66.1161886 5459
  57.9904994  66.0205698 5460
  58.0004994  65.0371215 5461
  58.0104994  65.0985549 5462
  58.0204994  65.1617292 5463
  58.0304994  65.2988054 5464
  58.0404994  65.3629301 5465
  58.0504994  65.4388362 5466
  58.0604994  65.5042767 5467
  58.0704994  65.5254331 5468
  58.0804994  65.5795633 5469
  58.0904994  65.5701299 5470
  58.1004994  66.0751865 5471
  58.1104994  66.3070943 5472
  58.1204994  67.2269777 5473
  58.1304994  67.4713259 5474
  58.1404994  67.4969286 5475
  58.1504994  67.5473891 5476
  58.1604994  67.5937915 5477
  58.1704994  67.6703238 5478
  58.1804994  67.7970259 5479
  58.1904994  67.9309974 5480
  58.2004994  67.9848704 5481
  58.2104994  68.3347287 5482
  58.2204994  68.3860669 5483
  58.2304994  68.3731914 5484
  58.2404994  68.3825487 5485
  58.2504994  68.403234 5486
  58.2604994  68.427007 5487
  58.2704994  68.455921 5488
  58.2804994  68.485069 5489
  58.2904994  68.5169545 5490
  58.3004994  68.5493655 5491
  58.3104994  68.5762363 5492
  58.3204994  68.5825877 5493
  58.3304994  68.5460977 5494
  58.3404994  68.5520221 5495
  58.3504994  68.503475 5496
  58.3604994  68.3141012 5497
  58.3704994  68.1838303 5498
  58.3804994  68.2382271 5499
  58.3904994  68.2262858 5500
  58.4004994  68.0849468 5501
  58.4104994  67.7412424 5502
  58.4204994  67.7281587 5503
  58.4304994  67.6389412 5504
  58.4404994  67.2074157 5505
  58.4504994  66.5220219 5506
  58.4604994  65.8178729 5507
  58.4704994  65.8582208 5508
  58.4804994  65.8596819 5509
  58.4904994  65.8723652 5510
  58.5004994  65.8008974 5511
  58.5104994  65.7589827 5512
  58.5204994  65.7060958 5513
  58.5304994  65.7070234 5514
  58.5404994  65.7297546 5515
  58.5504994  65.7632141 5516
  58.5604994  65.7799544 5517
  58.5704994  65.9384392 5518
  58.5804994  65.9983303 5519
  58.5904994  66.0009206 5520
  58.6004994  66.0026837 5521
  58.6104994  65.9874302 5522
  58.6204994  65.985533 5523
  58.6304994  66.0593138 5524
  58.6404994  66.1129808 5525
  58.6504994  66.352749 5526
  58.6604994  66.3462094 5527
  58.6704994  66.3544924 5528
  58.6804994  66.3443842 5529
  58.6904994  66.3371739 5530
  58.7004994  66.3289384 5531
  58.7104994  66.31717 5532
  58.7204994  66.3053686 5533
  58.7304994  66.2968273 5534
  58.7404994  66.2959494 5535
  58.7504994  66.3171619 5536
  58.7604994  66.3013393 5537
  58.7704994  66.5058774 5538
  58.7804994  66.4700857 5539
  58.7904994  66.4453878 5540
  58.8004994  66.4080719 5541
  58.8104994  66.3881645 5542
  58.8204994  66.3610805 5543
  58.8304994  66.3211172 5544
  58.8404994  66.2673646 5545
  58.8504994  66.2253499 5546
  58.8604994  66.1875423 5547
  58.8704994  66.1204104 5548
  58.8804994  65.2143351 5549
  58.8904994  65.1092542 5550
  58.9004994  65.1489824 5551
  58.9104994  65.1487264 5552
  58.9204994  65.0787682 5553
  58.9304994  65.0950448 5554
  58.9404994  64.7107506 5555
  58.9504994  64.6288553 5556
  58.9604994  64.5907223 5557
  58.9704994  64.5471711 5558
  58.9804994  64.460389 5559
  58.9904994  64.4655691 5560
  59.0004994  64.4541064 5561
  59.0104994  64.4313091 5562
  59.0204994  64.3832512 5563
  59.0304994  64.3850228 5564
  59.0404994  64.3862708 5565
  59.0504994  64.3777493 5566
  59.0604994  64.369975 5567
  59.0704994  64.366356 5568
  59.0804994  64.3477753 5569
  59.0904994  64.3385765 5570
  59.1004994  64.3303876 5571
  59.1104994  64.3236111 5572
  59.1204994  64.3289023 5573
  59.1304994  64.3450935 5574
  59.1404994  64.4218261 5575
  59.1504994  64.4066284 5576
  59.1604994  64.4066455 5577
  59.1704994  64.5878756 5578
  59.1804994  64.7189107 5579
  59.1904994  64.7663737 5580
  59.2004994  64.9374694 5581
  59.2104994  65.2470537 5582
  59.2204994  65.249435 5583
  59.2304994  65.2170551 5584
  59.2404994  65.2365619 5585
  59.2504994  65.291099 5586
  59.2604994  65.2797547 5587
  59.2704994  65.2810741 5588
  59.2804994  65.3489613 5589
  59.2904994  65.3883988 5590
  59.3004994  65.4035325 5591
  59.3104994  65.4023558 5592
  59.3204994  65.57398 5593
  59.3304994  65.5764548 5594
  59.3404994  65.7044504 5595
  59.3504994  65.7887095 5596
  59.3604994  65.7850932 5597
  59.3704994  65.7878444 5598
  59.3804994  65.8038529 5599
  59.3904994  65.8201253 5600
  59.4004994  65.8281685 5601
  59.4104994  65.8403138 5602
  59.4204994  65.877038 5603
  59.4304994  66.2805645 5604
  59.4404994  66.4641904 5605
  59.4504994  66.5805727 5606
  59.4604994  66.5649548 5607
  59.4704994  66.5636503 5608
  59.4804994  66.5717244 5609
  59.4904994  66.5831721 5610
  59.5004994  66.5884994 5611
  59.5104994  66.5775877 5612
  59.5204994  66.4555503 5613
  59.5304994  66.4198427 5614
  59.5404994  66.212067 5615
  59.5504994  66.2576986 5616
  59.5604994  66.0570946 5617
  59.5704994  65.9586864 5618
  59.5804994  65.9265039 5619
  59.5904994  65.9486954 5620
  59.6004994  65.9298213 5621
  59.6104995  65.8831059 5622
  59.6204995  65.1785496 5623
  59.6304995  65.170227 5624
  59.6404995  65.1586009 5625
  59.6504995  65.1553077 5626
  59.6604995  65.1532978 5627
  59.6704995  65.1637711 5628
  59.6804995  65.1729281 5629
  59.6904995  65.1750055 5630
  59.7004995  65.1681912 5631
  59.7104995  65.2362318 5632
  59.7204995  65.3866945 5633
  59.7304995  65.4978003 5634
  59.7404995  65.4561212 5635
  59.7504995  65.5429769 5636
  59.7604995  65.9270996 5637
  59.7704995  66.0061093 5638
  59.7804995  66.4877103 5639
  59.7904995  66.7189168 5640
  59.8004995  66.8496604 5641
  59.8104995  66.8357935 5642
  59.8204995  66.8480908 5643
  59.8304995  66.9850243 5644
  59.8404995  67.2479385 5645
  59.8504995  67.2447497 5646
  59.8604995  67.2798678 5647
  59.8704995  67.329126 5648
  59.8804995  67.3673988 5649
  59.8904995  67.5574347 5650
  59.9004995  67.6032666 5651
  59.9104995  67.6702512 5652
  59.9204995  67.7071702 5653
  59.9304995  67.8802945 5654
  59.9404995  68.2393862 5655
  59.9504995  68.3156662 5656
  59.9604995  68.2893197 5657
  59.9704995  68.3052702 5658
  59.9804995  68.3139012 5659
  59.9904995  68.3381725 5660
  60.0004995  68.3727203 5661
  60.0104995  68.4009979 5662
  60.0204995  68.4125481 5663
  60.0304995  68.420428 5664
  60.0404995  68.4391618 5665
  60.0504995  68.4346672 5666
  60.0604995  68.3879304 5667
  60.0704995  68.4094171 5668
  60.0804995  68.3928888 5669
  60.0904995  68.4082155 5670
  60.1004995  68.4123407 5671
  60.1104995  68.36175 5672
  60.1204995  68.1925974 5673
  60.1304995  68.1426424 5674
  60.1404995  68.1590665 5675
  60.1504995  68.0751981 5676
  60.1604995  68.0481736 5677
  60.1704995  67.6365541 5678
  60.1804995  67.5539588 5679
  60.1904995  67.5000947 5680
  60.2004995  67.4927093 5681
  60.2104995  67.147478 5682
  60.2204995  67.2433502 5683
  60.2304995  67.2209944 5684
  60.2404995  67.0599878 5685
  60.2504995  66.9483102 5686
  60.2604995  66.7726777 5687
  60.2704995  66.0959453 5688
  60.2804995  66.0647437 5689
  60.2904995  66.0465992 5690
  60.3004995  66.0724634 5691
  60.3104995  66.1224236 5692
  60.3204995  66.0992655 5693
  60.3304995  66.1986458 5694
  60.3404995  66.3044826 5695
  60.3504995  66.4439671 5696
  60.3604995  66.5245018 5697
  60.3704995  66.5171203 5698
  60.3804995  66.5262499 5699
  60.3904995  66.7213536 5700
  60.4004995  66.7434201 5701
  60.4104995  66.7440145 5702
  60.4204995  66.9140638 5703
  60.4304995  67.3758345 5704
  60.4404995  67.5778116 5705
  60.4504995  67.7333539 5706
  60.4604995  67.6738082 5707
  60.4704995  67.517378 5708
  60.4804995  67.3854132 5709
  60.4904995  67.1467539 5710
  60.5004995  66.2076277 5711
  60.5104995  65.5716764 5712
  60.5204995  65.6220832 5713
  60.5304995  65.5864668 5714
  60.5404995  65.5846035 5715
  60.5504995  65.6042252 5716
  60.5604995  65.5935554 5717
  60.5704995  65.5644721 5718
  60.5804995  65.5396284 5719
  60.5904995  65.5082873 5720
  60.6004995  65.4924452 5721
  60.6104995  65.6013992 5722
  60.6204995  65.62844 5723
  60.6304995  65.6243887 5724
  60.6404995  65.5811044 5725
  60.6504995  65.5821877 5726
  60.6604995  65.5883343 5727
  60.6704995  65.587356 5728
  60.6804995  65.5729764 5729
  60.6904995  65.5622662 5730
  60.7004995  65.5388216 5731
  60.7104995  65.5042094 5732
  60.7204995  65.4540813 5733
  60.7304995  65.4458289 5734
  60.7404995  65.4445877 5735
  60.7504995  65.4362145 5736
  60.7604995  65.3875212 5737
  60.7704995  65.3815321 5738
  60.7804995  65.364341 5739
  60.7904995  65.2932918 5740
  60.8004995  64.5567916 5741
  60.8104995  64.6816443 5742
  60.8204995  64.5283778 5743
  60.8304995  64.5333457 5744
  60.8404995  64.531863 5745
  60.8504995  64.5305138 5746
  60.8604995  64.5447143 5747
  60.8704995  64.6048891 5748
  60.8804995  64.6088047 5749
  60.8904995  64.5967248 5750
  60.9004995  64.5948892 5751
  60.9104995  64.5984243 5752
  60.9204995  64.6044689 5753
  60.9304995  64.7551092 5754
  60.9404995  65.2289035 5755
  60.9504995  65.4011478 5756
  60.9604995  65.4252515 5757
  60.9704995  65.4364178 5758
  60.9804995  65.4656324 5759
  60.9904995  65.5172004 5760
  61.0004995  65.5479547 5761
  61.0104995  65.5846708 5762
  61.0204995  65.7463683 5763
  61.0304995  65.7199548 5764
  61.0404995  65.6825188 5765
  61.0504995  65.9437868 5766
  61.0604995  66.1908705 5767
  61.0704995  66.1349641 5768
  61.0804995  66.4927758 5769
  61.0904995  66.6016985 5770
  61.1004995  66.8395829 5771
  61.1104995  66.9605831 5772
  61.1204995  66.9760819 5773
  61.1304995  67.0115919 5774
  61.1404995  67.0183022 5775
  61.1504995  67.0384909 5776
  61.1604995  67.0712609 5777
  61.1704995  67.0819469 5778
  61.1804995  67.0553271 5779
  61.1904995  67.0393534 5780
  61.2004995  67.0366756 5781
  61.2104995  67.0419865 5782
  61.2204995  67.0520528 5783
  61.2304995  67.0386908 5784
  61.2404995  66.7050182 5785
  61.2504995  66.6927446 5786
  61.2604995  66.6093012 5787
  61.2704995  66.5591108 5788
  61.2804995  65.2070388 5789
  61.2904995  65.1795361 5790
  61.3004995  65.5246613 5791
  61.3104995  65.6077273 5792
  61.3204995  65.8056156 5793
  61.3304995  65.7610454 5794
  61.3404995  65.9171977 5795
  61.3504995  65.9677222 5796
  61.3604995  66.0995367 5797
  61.3704995  66.2513231 5798
  61.3804995  66.2837222 5799
  61.3904995  67.0313822 5800
  61.4004995  67.2884936 5801
  61.4104995  67.2650188 5802
  61.4204995  67.406161 5803
  61.4304995  67.4532973 5804
  61.4404995  67.4821923 5805
  61.4504995  67.4896936 5806
  61.4604995  67.4694024 5807
  61.4704995  67.4686181 5808
  61.4804995  67.4715397 5809
  61.4904995  67.3941062 5810
  61.5004995  67.3469753 5811
  61.5104995  67.1441841 5812
  61.5204995  66.9504406 5813
  61.5304995  66.6806474 5814
  61.5404995  66.2339328 5815
  61.5504995  66.0243986 5816
  61.5604995  66.0084657 5817
  61.5704995  65.8209697 5818
  61.5804995  65.3850851 5819
  61.5904995  65.6542717 5820
  61.6004995  65.7801199 5821
  61.6104995  65.9023289 5822
  61.6204995  65.9217878 5823
  61.6304995  65.9436216 5824
  61.6404995  66.0857079 5825
  61.6504995  66.0977576 5826
  61.6604995  66.1529325 5827
  61.6704995  66.2132077 5828
  61.6804995  66.696638 5829
  61.6904995  67.0981582 5830
  61.7004995  67.4228202 5831
  61.7104995  67.3986379 5832
  61.7204996  67.4152055 5833
  61.7304996  67.4480865 5834
  61.7404996  67.4515329 5835
  61.7504996  67.4670503 5836
  61.7604996  67.4881606 5837
  61.7704996  67.4769611 5838
  61.7804996  67.4673891 5839
  61.7904996  67.4629674 5840
  61.8004996  67.4238669 5841
  61.8104996  67.4281968 5842
  61.8204996  67.4363742 5843
  61.8304996  67.4226642 5844
  61.8404996  67.3909609 5845
  61.8504996  67.2416315 5846
  61.8604996  67.2285958 5847
  61.8704996  67.2453245 5848
  61.8804996  67.2363313 5849
  61.8904996  67.1186212 5850
  61.9004996  66.9171554 5851
  61.9104996  66.9660923 5852
  61.9204996  66.9777265 5853
  61.9304996  66.9948548 5854
  61.9404996  66.8969689 5855
  61.9504996  66.9359524 5856
  61.9604996  66.9252684 5857
  61.9704996  66.8156132 5858
  61.9804996  66.7357594 5859
  61.9904996  66.7191853 5860
  62.0004996  66.6588752 5861
  62.0104996  66.6070095 5862
  62.0204996  65.1650727 5863
  62.0304996  65.3563987 5864
  62.0404996  65.7478256 5865
  62.0504996  65.7404719 5866
  62.0604996  65.7165659 5867
  62.0704996  65.7198653 5868
  62.0804996  65.6800427 5869
  62.0904996  65.5737638 5870
  62.1004996  65.5755371 5871
  62.1104996  65.5963012 5872
  62.1204996  65.565937 5873
  62.1304996  65.5201577 5874
  62.1404996  65.544202 5875
  62.1504996  65.4374451 5876
  62.1604996  65.0572809 5877
  62.1704996  64.7676517 5878
  62.1804996  64.7591829 5879
  62.1904996  64.7519195 5880
  62.2004996  64.7787901 5881
  62.2104996  64.7545941 5882
  62.2204996  64.7481749 5883
  62.2304996  64.8234915 5884
  62.2404996  64.8602675 5885
  62.2504996  64.8410781 5886
  62.2604996  65.1999082 5887
  62.2704996  65.2304752 5888
  62.2804996  65.3034047 5889
  62.2904996  65.5079943 5890
  62.3004996  65.5285404 5891
  62.3104996  65.5337692 5892
  62.3204996  65.5468641 5893
  62.3304996  65.5032193 5894
  62.3404996  65.5331905 5895
  62.3504996  65.570543 5896
  62.3604996  65.5518611 5897
  62.3704996  65.5557298 5898
  62.3804996  65.5674135 5899
  62.3904996  65.555211 5900
  62.4004996  65.5701325 5901
  62.4104996  65.6302005 5902
  62.4204996  65.6340365 5903
  62.4304996  65.5999932 5904
  62.4404996  65.6413083 5905
  62.4504996  65.6676614 5906
  62.4604996  65.7703921 5907
  62.4704996  66.0230193 5908
  62.4804996  66.0561677 5909
  62.4904996  66.0376912 5910
  62.5004996  66.0377268 5911
  62.5104996  66.0372822 5912
  62.5204996  66.0321355 5913
  62.5304996  66.0208877 5914
  62.5404996  65.9897117 5915
  62.5504996  65.9681987 5916
  62.5604996  65.9452356 5917
  62.5704996  65.9362406 5918
  62.5804996  65.9531216 5919
  62.5904996  65.9611225 5920
  62.6004996  65.9588076 5921
  62.6104996  65.9498625 5922
  62.6204996  65.9305084 5923
  62.6304996  65.917993 5924
  62.6404996  65.9049555 5925
  62.6504996  65.8580161 5926
  62.6604996  65.7374964 5927
  62.6704996  65.7518633 5928
  62.6804996  65.758257 5929
  62.6904996  65.7504576 5930
  62.7004996  65.6585009 5931
  62.7104996  65.6209867 5932
  62.7204996  65.4542597 5933
  62.7304996  65.4828705 5934
  62.7404996  65.4823514 5935
  62.7504996  65.468185 5936
  62.7604996  65.4633222 5937
  62.7704996  65.4658031 5938
  62.7804996  65.4634763 5939
  62.7904996  65.4644194 5940
  62.8004996  65.4764757 5941
  62.8104996  65.5204989 5942
  62.8204996  65.5760167 5943
  62.8304996  65.644457 5944
  62.8404996  65.8759814 5945
  62.8504996  65.8465297 5946
  62.8604996  65.9269571 5947
  62.8704996  66.0698876 5948
  62.8804996  66.4587157 5949
  62.8904996  66.8394778 5950
  62.9004996  66.9215339 5951
  62.9104996  66.8798086 5952
  62.9204996  66.8455206 5953
  62.9304996  66.8626844 5954
  62.9404996  66.8349751 5955
  62.9504996  66.7818814 5956
  62.9604996  66.6684628 5957
  62.9704996  66.4633461 5958
  62.9804996  66.5690282 5959
  62.9904996  66.4617534 5960
  63.0004996  66.4361718 5961
  63.0104996  66.4348755 5962
  63.0204996  66.4231236 5963
  63.0304996  66.0226732 5964
  63.0404996  64.7496791 5965
  63.0504996  65.0095622 5966
  63.0604996  64.8516649 5967
  63.0704996  64.9579286 5968
  63.0804996  64.8391366 5969
  63.0904996  64.9177611 5970
  63.1004996  65.1099186 5971
  63.1104996  65.0921308 5972
  63.1204996  65.2895214 5973
  63.1304996  65.3270779 5974
  63.1404996  65.3562777 5975
  63.1504996  65.3736105 5976
  63.1604996  65.5558379 5977
  63.1704996  65.646501 5978
  63.1804996  65.9414381 5979
  63.1904996  65.9957195 5980
  63.2004996  66.0533684 5981
  63.2104996  67.3789268 5982
  63.2204996  67.4858669 5983
  63.2304996  67.6290339 5984
  63.2404996  67.6339592 5985
  63.2504996  67.6180012 5986
  63.2604996  67.6173656 5987
  63.2704996  67.6331369 5988
  63.2804996  67.6530734 5989
  63.2904996  67.6748324 5990
  63.3004996  67.6858706 5991
  63.3104996  67.7954438 5992
  63.3204996  67.8489555 5993
  63.3304996  67.839728 5994
  63.3404996  67.8236647 5995
  63.3504996  67.8484357 5996
  63.3604996  67.8534524 5997
  63.3704996  67.8514553 5998
  63.3804996  67.8619858 5999
  63.3904996  67.8455481 6000
  63.4004996  67.8489714 6001
  63.4104996  67.8612971 6002
  63.4204996  67.8209713 6003
  63.4304996  67.817863 6004
  63.4404996  67.7974627 6005
  63.4504996  67.7182171 6006
  63.4604996  67.7134589 6007
  63.4704996  67.5851946 6008
  63.4804996  67.4487943 6009
  63.4904996  67.3482544 6010
  63.5004996  67.3988837 6011
  63.5104996  67.4375444 6012
  63.5204996  67.4627632 6013
  63.5304996  67.4789416 6014
  63.5404996  67.475539 6015
  63.5504996  67.4687016 6016
  63.5604996  67.4515672 6017
  63.5704996  67.4378898 6018
  63.5804996  67.4435606 6019
  63.5904996  67.4657786 6020
  63.6004996  67.4992917 6021
  63.6104996  67.5393626 6022
  63.6204996  67.5509488 6023
  63.6304996  67.5579014 6024
  63.6404996  67.5550879 6025
  63.6504996  67.5302304 6026
  63.6604996  67.5215619 6027
  63.6704996  67.5286498 6028
  63.6804996  67.5343688 6029
  63.6904996  67.5353238 6030
  63.7004996  67.4922364 6031
  63.7104996  67.2919934 6032
  63.7204996  67.3142226 6033
  63.7304996  67.2395793 6034
  63.7404996  67.3006088 6035
  63.7504996  67.2962523 6036
  63.7604996  67.2858794 6037
  63.7704996  67.1999927 6038
  63.7804996  67.2114608 6039
  63.7904996  67.2083699 6040
  63.8004996  67.1973708 6041
  63.8104996  67.1988731 6042
  63.8204997  67.1996331 6043
  63.8304997  67.1950499 6044
  63.8404997  67.1862655 6045
  63.8504997  67.1845126 6046
  63.8604997  67.1620511 6047
  63.8704997  67.1504186 6048
  63.8804997  67.1594818 6049
  63.8904997  67.1706847 6050
  63.9004997  67.1740583 6051
  63.9104997  67.1918811 6052
  63.9204997  67.2050256 6053
  63.9304997  67.2546307 6054
  63.9404997  66.9667687 6055
  63.9504997  67.071914 6056
  63.9604997  67.2709709 6057
  63.9704997  67.47813 6058
  63.9804997  67.6460335 6059
  63.9904997  67.725313 6060
  64.0004997  67.7395756 6061
  64.0104997  68.0958687 6062
  64.0204997  68.2244642 6063
  64.0304997  68.4222204 6064
  64.0404997  68.4860797 6065
  64.0504997  68.4898842 6066
  64.0604997  68.499173 6067
  64.0704997  68.7631115 6068
  64.0804997  69.0631949 6069
  64.0904997  69.0692281 6070
  64.1004997  69.0574985 6071
  64.1104997  69.0589653 6072
  64.1204997  69.0617578 6073
  64.1304997  69.0856566 6074
  64.1404997  69.1047457 6075
  64.1504997  69.1259928 6076
  64.1604997  69.1583538 6077
  64.1704997  69.1808104 6078
  64.1804997  69.2081324 6079
  64.1904997  69.3195153 6080
  64.2004997  69.2754769 6081
  64.2104997  69.3062335 6082
  64.2204997  69.3249485 6083
  64.2304997  69.3289375 6084
  64.2404997  69.3168327 6085
  64.2504997  69.3302905 6086
  64.2604997  69.352665 6087
  64.2704997  69.3767848 6088
  64.2804997  69.3553654 6089
  64.2904997  69.3128754 6090
  64.3004997  69.2536606 6091
  64.3104997  69.2368116 6092
  64.3204997  69.2472217 6093
  64.3304997  69.0217418 6094
  64.3404997  69.0378424 6095
  64.3504997  69.0404448 6096
  64.3604997  68.9831839 6097
  64.3704997  68.7114415 6098
  64.3804997  68.8702353 6099
  64.3904997  68.4932559 6100
  64.4004997  68.6680494 6101
  64.4104997  68.6729653 6102
  64.4204997  68.5972602 6103
  64.4304997  68.5626743 6104
  64.4404997  68.5149551 6105
  64.4504997  68.5071698 6106
  64.4604997  68.1641751 6107
  64.4704997  68.1170475 6108
  64.4804997  68.1222742 6109
  64.4904997  68.0726733 6110
  64.5004997  68.0451882 6111
  64.5104997  67.9450152 6112
  64.5204997  67.9697731 6113
  64.5304997  67.9637314 6114
  64.5404997  67.9095652 6115
  64.5504997  67.7163969 6116
  64.5604997  67.2800499 6117
  64.5704997  67.1521248 6118
  64.5804997  67.0224685 6119
  64.5904997  67.0290707 6120
  64.6004997  66.9976629 6121
  64.6104997  66.9804127 6122
  64.6204997  66.9589597 6123
  64.6304997  66.9387007 6124
  64.6404997  66.9082595 6125
  64.6504997  66.8889579 6126
  64.6604997  66.9306008 6127
  64.6704997  67.0331892 6128
  64.6804997  67.0154997 6129
  64.6904997  67.0015952 6130
  64.7004997  67.1644245 6131
  64.7104997  67.1510874 6132
  64.7204997  67.1375031 6133
  64.7304997  67.1423595 6134
  64.7404997  67.1308524 6135
  64.7504997  67.1220233 6136
  64.7604997  67.2319959 6137
  64.7704997  67.5054976 6138
  64.7804997  67.6849634 6139
  64.7904997  67.6886821 6140
  64.8004997  67.6768542 6141
  64.8104997  67.6719991 6142
  64.8204997  67.6596663 6143
  64.8304997  67.8329319 6144
  64.8404997  67.9426498 6145
  64.8504997  67.9788141 6146
  64.8604997  67.9606722 6147
  64.8704997  67.8689275 6148
  64.8804997  67.8132216 6149
  64.8904997  67.7513414 6150
  64.9004997  67.7688991 6151
  64.9104997  67.7784375 6152
  64.9204997  67.7649022 6153
  64.9304997  67.6933613 6154
  64.9404997  67.6198995 6155
  64.9504997  67.5244522 6156
  64.9604997  67.4381497 6157
  64.9704997  67.1011573 6158
  64.9804997  65.8796938 6159
  64.9904997  65.6068144 6160
  65.0004997  65.7642587 6161
  65.0104997  66.2849933 6162
  65.0204997  66.2614546 6163
  65.0304997  66.2136881 6164
  65.0404997  66.1996509 6165
  65.0504997  66.179311 6166
  65.0604997  66.1753229 6167
  65.0704997  66.1857678 6168
  65.0804997  66.1623488 6169
  65.0904997  66.2964755 6170
  65.1004997  66.5935445 6171
  65.1104997  66.6497444 6172
  65.1204997  66.469999 6173
  65.1304997  66.4907668 6174
  65.1404997  66.4932766 6175
  65.1504997  66.483758 6176
  65.1604997  66.494677 6177
  65.1704997  66.4991988 6178
  65.1804997  66.5147807 6179
  65.1904997  66.4955206 6180
  65.2004997  66.5465734 6181
  65.2104997  66.8191935 6182
  65.2204997  67.2200702 6183
  65.2304997  67.20898 6184
  65.2404997  67.4491561 6185
  65.2504997  67.5437991 6186
  65.2604997  67.5263693 6187
  65.2704997  67.5218926 6188
  65.2804997  67.5337158 6189
  65.2904997  67.561933 6190
  65.3004997  67.5827744 6191
  65.3104997  67.6192777 6192
  65.3204997  67.6222743 6193
  65.3304997  67.9533885 6194
  65.3404997  67.9006871 6195
  65.3504997  67.8869806 6196
  65.3604997  67.8664472 6197
  65.3704997  67.8670944 6198
  65.3804997  67.8656769 6199
  65.3904997  67.8477576 6200
  65.4004997  67.8059253 6201
  65.4104997  67.7870115 6202
  65.4204997  67.7833702 6203
  65.4304997  67.7799059 6204
  65.4404997  67.7707982 6205
  65.4504997  67.7219055 6206
  65.4604997  67.7087973 6207
  65.4704997  67.4814275 6208
  65.4804997  67.4433018 6209
  65.4904997  67.427319 6210
  65.5004997  67.4186309 6211
  65.5104997  67.4222633 6212
  65.5204997  67.3423202 6213
  65.5304997  67.2435516 6214
  65.5404997  67.2673614 6215
  65.5504997  67.2654675 6216
  65.5604997  67.2647145 6217
  65.5704997  67.2576069 6218
  65.5804997  67.2432908 6219
  65.5904997  67.0992773 6220
  65.6004997  67.114532 6221
  65.6104997  67.1017478 6222
  65.6204997  66.8818594 6223
  65.6304997  66.9346585 6224
  65.6404997  66.6143871 6225
  65.6504997  66.3491899 6226
  65.6604997  66.3201171 6227
  65.6704997  66.3015225 6228
  65.6804997  66.3063514 6229
  65.6904997  66.2833391 6230
  65.7004997  66.2876926 6231
  65.7104997  66.3599354 6232
  65.7204997  66.34715 6233
  65.7304997  66.3485088 6234
  65.7404997  66.3557868 6235
  65.7504997  66.3924465 6236
  65.7604997  66.6341861 6237
  65.7704997  66.6390119 6238
  65.7804997  66.7260073 6239
  65.7904997  66.9123678 6240
  65.8004997  67.2147009 6241
  65.8104997  67.289888 6242
  65.8204997  67.2611332 6243
  65.8304997  67.1661516 6244
  65.8404997  67.1289385 6245
  65.8504997  67.0888439 6246
  65.8604997  66.9307677 6247
  65.8704997  67.0246453 6248
  65.8804997  67.0193695 6249
  65.8904997  66.9058489 6250
  65.9004997  66.5613584 6251
  65.9104997  66.5672891 6252
  65.9204997  65.9596714 6253
  65.9304998  65.8075639 6254
  65.9404998  65.7947197 6255
  65.9504998  65.7673016 6256
  65.9604998  65.6871184 6257
  65.9704998  65.6966206 6258
  65.9804998  65.6870795 6259
  65.9904998  65.7104174 6260
  66.0004998  65.7370642 6261
  66.0104998  65.7319692 6262
  66.0204998  65.8188751 6263
  66.0304998  65.7832904 6264
  66.0404998  65.8175807 6265
  66.0504998  65.8720334 6266
  66.0604998  66.0786547 6267
  66.0704998  66.5407316 6268
  66.0804998  66.5150114 6269
  66.0904998  66.488308 6270
  66.1004998  66.8028789 6271
  66.1104998  67.5035784 6272
  66.1204998  67.580725 6273
  66.1304998  67.5655282 6274
  66.1404998  67.5448148 6275
  66.1504998  67.5510479 6276
  66.1604998  67.5326614 6277
  66.1704998  67.5604289 6278
  66.1804998  67.5346857 6279
  66.1904998  67.5154468 6280
  66.2004998  67.4954123 6281
  66.2104998  67.5007814 6282
  66.2204998  67.5202489 6283
  66.2304998  67.5183308 6284
  66.2404998  67.496804 6285
  66.2504998  67.4927165 6286
  66.2604998  67.5167914 6287
  66.2704998  67.2822409 6288
  66.2804998  67.2449828 6289
  66.2904998  67.2648079 6290
  66.3004998  67.1793521 6291
  66.3104998  67.1706456 6292
  66.3204998  67.1758638 6293
  66.3304998  67.1742309 6294
  66.3404998  67.060769 6295
  66.3504998  67.0944207 6296
  66.3604998  67.0748689 6297
  66.3704998  67.070388 6298
  66.3804998  67.0288379 6299
  66.3904998  67.036599 6300
  66.4004998  66.7862268 6301
  66.4104998  66.8842652 6302
  66.4204998  66.8381014 6303
  66.4304998  66.8462053 6304
  66.4404998  66.7557183 6305
  66.4504998  66.7133317 6306
  66.4604998  66.1672623 6307
  66.4704998  66.0455279 6308
  66.4804998  66.1018199 6309
  66.4904998  66.1300453 6310
  66.5004998  66.1091447 6311
  66.5104998  66.077179 6312
  66.5204998  66.0666736 6313
  66.5304998  66.0927479 6314
  66.5404998  66.0949363 6315
  66.5504998  66.1216308 6316
  66.5604998  66.1279401 6317
  66.5704998  66.1512125 6318
  66.5804998  66.1494898 6319
  66.5904998  66.2729188 6320
  66.6004998  66.3045739 6321
  66.6104998  66.5731167 6322
  66.6204998  66.7535741 6323
  66.6304998  67.0495741 6324
  66.6404998  67.2784412 6325
  66.6504998  67.3392029 6326
  66.6604998  67.312057 6327
  66.6704998  67.2821274 6328
  66.6804998  67.2464889 6329
  66.6904998  67.2056939 6330
  66.7004998  67.1396078 6331
  66.7104998  67.0748868 6332
  66.7204998  67.0905505 6333
  66.7304998  67.046719 6334
  66.7404998  66.8579271 6335
  66.7504998  66.9568609 6336
  66.7604998  66.70782 6337
  66.7704998  66.6572416 6338
  66.7804998  66.5832034 6339
  66.7904998  66.60106 6340
  66.8004998  66.6015379 6341
  66.8104998  66.5567491 6342
  66.8204998  65.7895387 6343
  66.8304998  65.795049 6344
  66.8404998  65.8047589 6345
  66.8504998  65.8738297 6346
  66.8604998  65.9736459 6347
  66.8704998  65.9231172 6348
  66.8804998  65.949936 6349
  66.8904998  65.9993972 6350
  66.9004998  66.1725219 6351
  66.9104998  66.5672686 6352
  66.9204998  66.4893863 6353
  66.9304998  66.6905312 6354
  66.9404998  66.9407341 6355
  66.9504998  67.4729799 6356
  66.9604998  67.7080949 6357
  66.9704998  67.733077 6358
  66.9804998  67.7544706 6359
  66.9904998  67.7563319 6360
  67.0004998  67.8037855 6361
  67.0104998  67.958382 6362
  67.0204998  67.9628177 6363
  67.0304998  67.969472 6364
  67.0404998  67.9799736 6365
  67.0504998  67.9851126 6366
  67.0604998  68.0023512 6367
  67.0704998  68.0498941 6368
  67.0804998  68.050111 6369
  67.0904998  68.0556759 6370
  67.1004998  68.0750106 6371
  67.1104998  68.0909791 6372
  67.1204998  68.2992311 6373
  67.1304998  68.3882332 6374
  67.1404998  68.4672441 6375
  67.1504998  68.4519083 6376
  67.1604998  68.4683364 6377
  67.1704998  68.4620718 6378
  67.1804998  68.4870686 6379
  67.1904998  68.4828909 6380
  67.2004998  68.4001813 6381
  67.2104998  68.2582011 6382
  67.2204998  68.1997022 6383
  67.2304998  68.2556832 6384
  67.2404998  68.2893352 6385
  67.2504998  68.2987846 6386
  67.2604998  68.2897168 6387
  67.2704998  68.298569 6388
  67.2804998  68.3177885 6389
  67.2904998  68.3159803 6390
  67.3004998  68.3243874 6391
  67.3104998  68.3167332 6392
  67.3204998  68.3247509 6393
  67.3304998  68.340673 6394
  67.3404998  68.0414626 6395
  67.3504998  68.0247271 6396
  67.3604998  68.048179 6397
  67.3704998  68.0486864 6398
  67.3804998  68.0523032 6399
  67.3904998  68.0493521 6400
  67.4004998  67.9930446 6401
  67.4104998  68.0208822 6402
  67.4204998  67.8251794 6403
  67.4304998  67.8492225 6404
  67.4404998  67.8533198 6405
  67.4504998  67.8595382 6406
  67.4604998  67.8559275 6407
  67.4704998  67.8538366 6408
  67.4804998  67.7767788 6409
  67.4904998  67.6621568 6410
  67.5004998  67.6598513 6411
  67.5104998  67.6670417 6412
  67.5204998  67.7155056 6413
  67.5304998  67.7046391 6414
  67.5404998  67.6505062 6415
  67.5504998  67.6587226 6416
  67.5604998  67.7006361 6417
  67.5704998  67.6919821 6418
  67.5804998  67.7065393 6419
  67.5904998  67.7170256 6420
  67.6004998  67.7582983 6421
  67.6104998  67.8336582 6422
  67.6204998  67.8300179 6423
  67.6304998  67.8145053 6424
  67.6404998  67.8137418 6425
  67.6504998  67.8041345 6426
  67.6604998  67.7968751 6427
  67.6704998  67.7907683 6428
  67.6804998  67.7862435 6429
  67.6904998  67.7790475 6430
  67.7004998  67.7838924 6431
  67.7104998  67.7875611 6432
  67.7204998  67.8008732 6433
  67.7304998  67.7961394 6434
  67.7404998  67.7900954 6435
  67.7504998  67.7904874 6436
  67.7604998  67.8222488 6437
  67.7704998  67.8476377 6438
  67.7804998  67.8635822 6439
  67.7904998  67.8336996 6440
  67.8004998  67.8122635 6441
  67.8104998  67.7989863 6442
  67.8204998  67.7603424 6443
  67.8304998  67.7658496 6444
  67.8404998  67.7651255 6445
  67.8504998  67.7639818 6446
  67.8604998  67.7480353 6447
  67.8704998  67.7074239 6448
  67.8804998  67.7221227 6449
  67.8904998  67.702801 6450
  67.9004998  67.6882678 6451
  67.9104998  67.6721022 6452
  67.9204998  67.6389401 6453
  67.9304998  67.6146473 6454
  67.9404998  67.6196056 6455
  67.9504998  67.6166086 6456
  67.9604998  67.6071096 6457
  67.9704998  67.3497101 6458
  67.9804998  66.5457649 6459
  67.9904998  66.6770873 6460
  68.0004998  66.7329328 6461
  68.0088332  66.7536107 6462
  68.0157776  66.7061238 6463
  68.0215647  66.6928188 6464
  68.0263872  66.6905212 6465
  68.030406  66.7195073 6466
  68.0337549  66.7393125 6467
  68.0365458  66.7267448 6468
  68.0388714  66.7717558 6469
  68.0408095  66.7603298 6470
  68.0424246  66.7898214 6471
  68.0437704  66.7907205 6472
  68.044892  66.7760894 6473
  68.045892  66.8108041 6474
  68.046892  67.021253 6475
  68.047892  66.9188658 6476
  68.048892  66.9586512 6477
  68.049892  67.0121091 6478
  68.050892  66.9695312 6479
  68.051892  66.9615802 6480
  68.052892  66.9595304 6481
  68.053892  67.031754 6482
  68.054892  66.9836372 6483
  68.055892  66.9967418 6484
  68.056892  66.9992271 6485
  68.057892  66.9959728 6486
  68.058892  66.9918359 6487
  68.059892  66.9865849 6488
  68.060892  66.9842081 6489
  68.061892  67.012184 6490
  68.062892  67.0137534 6491
  68.063892  67.0100036 6492
  68.064892  67.0052797 6493
  68.065892  67.0058683 6494
  68.066892  66.9652576 6495
  68.067892  66.9941896 6496
  68.068892  66.9985126 6497
  68.069892  66.9941869 6498
  68.070892  66.9904765 6499
  68.071892  66.9889754 6500
  68.072892  66.9576717 6501
  68.073892  66.9558702 6502
  68.074892  66.9522726 6503
  68.075892  66.949932 6504
  68.076892  66.948461 6505
  68.077892  66.9370989 6506
  68.078892  66.9174216 6507
  68.079892  66.9391477 6508
  68.080892  66.9437704 6509
  68.081892  66.9442137 6510
  68.082892  66.9437983 6511
  68.083892  66.9217607 6512
  68.084892  66.9187708 6513
  68.085892  66.9389302 6514
  68.086892  66.9445163 6515
  68.087892  66.9468504 6516
  68.088892  66.9488302 6517
  68.089892  66.9481173 6518
  68.090892  66.9457413 6519
  68.091892  66.9448481 6520
  68.092892  66.9455656 6521
  68.093892  66.9465174 6522
  68.094892  66.9162879 6523
  68.095892  66.9374642 6524
  68.096892  66.9902619 6525
  68.097892  66.9800134 6526
  68.098892  66.9935595 6527
  68.099892  66.9792714 6528
  68.100892  66.9879692 6529
  68.101892  66.9824924 6530
  68.102892  66.9789832 6531
  68.103892  66.9799312 6532
  68.104892  66.9504007 6533
  68.105892  66.9194932 6534
  68.106892  66.9567731 6535
  68.107892  66.8965878 6536
  68.108892  66.9667972 6537
  68.109892  66.8782575 6538
  68.110892  66.8661203 6539
  68.111892  66.8552772 6540
  68.112892  66.8377229 6541
  68.113892  66.8446355 6542
  68.114892  66.8601057 6543
  68.115892  66.8457423 6544
  68.116892  66.8395333 6545
  68.117892  66.8481035 6546
  68.118892  66.8406374 6547
  68.119892  66.8367199 6548
  68.120892  66.8359707 6549
  68.121892  66.8365629 6550
  68.122892  66.8378501 6551
  68.123892  66.8378354 6552
  68.124892  66.8345044 6553
  68.125892  66.834901 6554
  68.126892  66.8378046 6555
  68.127892  66.8390701 6556
  68.128892  66.8395597 6557
  68.129892  66.8395429 6558
  68.130892  66.8367694 6559
  68.131892  66.8368371 6560
  68.132892  66.8371195 6561
  68.133892  66.8354961 6562
  68.134892  66.8333738 6563
  68.135892  66.8225906 6564
  68.136892  66.8326819 6565
  68.137892  66.8363347 6566
  68.138892  66.8371205 6567
  68.139892  66.8375492 6568
  68.140892  66.8366508 6569
  68.141892  66.8360646 6570
  68.142892  66.8340278 6571
  68.143892  66.833444 6572
  68.144892  66.8340217 6573
  68.145892  66.8337743 6574
  68.146892  66.8351199 6575
  68.147892  66.8379083 6576
  68.148892  66.8414512 6577
  68.149892  66.842512 6578
  68.150892  66.8430108 6579
  68.151892  66.8441884 6580
  68.152892  66.8454251 6581
  68.153892  66.8459106 6582
  68.154892  66.8470185 6583
  68.155892  66.8483814 6584
  68.156892  66.8487391 6585
  68.157892  66.849098 6586
  68.158892  66.8506522 6587
  68.159892  66.8542859 6588
  68.160892  66.8585445 6589
  68.161892  66.8627706 6590
  68.162892  66.9083443 6591
  68.163892  66.9194178 6592
  68.164892  66.9195912 6593
  68.165892  66.921082 6594
  68.166892  66.9183639 6595
  68.167892  66.9166244 6596
  68.168892  66.9167029 6597
  68.169892  66.9178278 6598
  68.170892  66.9194563 6599
  68.171892  66.9211394 6600
  68.172892  66.9217707 6601
  68.173892  66.9215367 6602
  68.174892  66.9204247 6603
  68.175892  66.9202953 6604
  68.176892  66.9220449 6605
  68.177892  66.9215759 6606
  68.178892  66.9203845 6607
  68.179892  66.9204166 6608
  68.180892  66.9195315 6609
  68.181892  66.923578 6610
  68.182892  66.9230949 6611
  68.183892  66.9177107 6612
  68.184892  66.9162884 6613
  68.185892  66.9187689 6614
  68.186892  66.9175643 6615
  68.187892  66.9163462 6616
  68.188892  66.9158583 6617
  68.189892  66.9160407 6618
  68.190892  66.9140702 6619
  68.191892  66.911518 6620
  68.192892  66.9110504 6621
  68.193892  66.9121511 6622
  68.194892  66.9123781 6623
  68.195892  66.9136233 6624
  68.196892  66.9157677 6625
  68.197892  66.9157874 6626
  68.198892  66.9134208 6627
  68.199892  66.9100124 6628
  68.200892  66.9085542 6629
  68.201892  66.9093058 6630
  68.202892  66.9102001 6631
  68.203892  66.9087501 6632
  68.204892  66.9049129 6633
  68.205892  66.8678785 6634
  68.206892  66.865606 6635
  68.207892  66.8635036 6636
  68.208892  66.865835 6637
  68.209892  66.8687579 6638
  68.210892  66.8665493 6639
  68.211892  66.8647678 6640
  68.212892  66.8614374 6641
  68.213892  66.8611173 6642
  68.214892  66.8626372 6643
  68.215892  66.8654047 6644
  68.216892  66.8661509 6645
  68.217892  66.8680234 6646
  68.218892  66.87114 6647
  68.219892  66.8780952 6648
  68.220892  66.8829241 6649
  68.221892  66.8868906 6650
  68.222892  66.8891627 6651
  68.223892  66.8896729 6652
  68.224892  66.8887036 6653
  68.225892  66.8922112 6654
  68.226892  66.8917639 6655
  68.227892  66.8932043 6656
  68.228892  66.8919948 6657
  68.229892  66.895355 6658
  68.230892  66.8918648 6659
  68.231892  66.8904351 6660
  68.232892  66.8887066 6661
  68.233892  66.8917751 6662
  68.234892  66.8938025 6663
  68.235892  66.8915637 6664
  68.236892  66.8864969 6665
  68.237892  66.8851137 6666
  68.238892  66.8858387 6667
  68.239892  66.887762 6668
  68.240892  66.8882581 6669
  68.241892  66.8879295 6670
  68.242892  66.8885877 6671
  68.243892  66.8905047 6672
  68.244892  66.890832 6673
  68.245892  66.8889839 6674
  68.246892  66.8892336 6675
  68.247892  66.8912929 6676
  68.248892  66.8918511 6677
  68.249892  66.8915114 6678
  68.250892  66.8928489 6679
  68.251892  66.8956491 6680
  68.252892  66.900852 6681
  68.253892  66.9034411 6682
  68.254892  66.9018045 6683
  68.255892  66.8998922 6684
  68.256892  66.9011745 6685
  68.257892  66.9013878 6686
  68.258892  66.8965445 6687
  68.259892  66.89365 6688
  68.260892  66.8945624 6689
  68.261892  66.8978921 6690
  68.262892  66.9052666 6691
  68.263892  66.9293855 6692
  68.264892  66.9155774 6693
  68.265892  66.9229138 6694
  68.266892  66.9255953 6695
  68.267892  66.9249758 6696
  68.268892  66.924654 6697
  68.269892  66.9230038 6698
  68.270892  66.9196436 6699
  68.271892  66.9184824 6700
  68.272892  66.9189411 6701
  68.273892  66.9199798 6702
  68.274892  66.9210904 6703
  68.275892  66.9223007 6704
  68.276892  66.9220277 6705
  68.277892  66.9020884 6706
  68.278892  66.9181969 6707
  68.279892  66.9183172 6708
  68.280892  66.902751 6709
  68.281892  66.9092083 6710
  68.282892  66.912064 6711
  68.283892  66.9072388 6712
  68.284892  66.9031017 6713
  68.285892  66.9008858 6714
  68.286892  66.9000474 6715
  68.287892  66.8992161 6716
  68.288892  66.9017871 6717
  68.289892  66.9037549 6718
  68.290892  66.9031204 6719
  68.291892  66.9030956 6720
  68.292892  66.9040781 6721
  68.293892  66.9061791 6722
  68.294892  66.9093026 6723
  68.295892  66.9105146 6724
  68.296892  66.9091036 6725
  68.297892  66.9093797 6726
  68.298892  66.9117929 6727
  68.299892  66.9133885 6728
  68.300892  66.9180672 6729
  68.301892  66.9385643 6730
  68.302892  66.9229503 6731
  68.303892  66.9286734 6732
  68.304892  66.9324463 6733
  68.305892  66.9264576 6734
  68.306892  66.9252992 6735
  68.307892  66.9265296 6736
  68.308892  66.9271792 6737
  68.309892  66.927778 6738
  68.310892  66.9276976 6739
  68.311892  66.9290349 6740
  68.312892  66.9652702 6741
  68.313892  66.972461 6742
  68.314892  66.9704978 6743
  68.315892  66.9680784 6744
  68.316892  66.9684216 6745
  68.317892  66.9711785 6746
  68.318892  66.9721703 6747
  68.319892  66.9725544 6748
  68.320892  66.9732229 6749
  68.321892  66.973049 6750
  68.322892  66.9728298 6751
  68.323892  66.9746854 6752
  68.324892  66.9757693 6753
  68.325892  66.967226 6754
  68.326892  66.9595412 6755
  68.327892  66.9558875 6756
  68.328892  66.9542052 6757
  68.329892  66.954429 6758
  68.330892  66.9572617 6759
  68.331892  66.9576605 6760
  68.332892  66.9570351 6761
  68.333892  66.9563592 6762
  68.334892  66.9559128 6763
  68.335892  66.9585484 6764
  68.336892  66.9648443 6765
  68.337892  66.9635264 6766
  68.338892  66.9638405 6767
  68.339892  66.9637568 6768
  68.340892  66.9617392 6769
  68.341892  66.9581202 6770
  68.342892  66.9540924 6771
  68.343892  66.9496743 6772
  68.344892  66.9472966 6773
  68.345892  66.920912 6774
  68.346892  66.9015132 6775
  68.347892  66.9074032 6776
  68.348892  66.9054456 6777
  68.349892  66.903256 6778
  68.350892  66.9026663 6779
  68.351892  66.901915 6780
  68.352892  66.9004288 6781
  68.353892  66.8981031 6782
  68.354892  66.8969636 6783
  68.355892  66.8970465 6784
  68.356892  66.8964761 6785
  68.357892  66.8975614 6786
  68.358892  66.9000286 6787
  68.359892  66.902986 6788
  68.360892  66.9055025 6789
  68.361892  66.9087322 6790
  68.362892  66.9134047 6791
  68.363892  66.9171006 6792
  68.364892  66.9158304 6793
  68.365892  66.9153037 6794
  68.366892  66.9163758 6795
  68.367892  66.9171508 6796
  68.368892  66.9157687 6797
  68.369892  66.9148151 6798
  68.370892  66.9155473 6799
  68.371892  66.9159094 6800
  68.372892  66.9163038 6801
  68.373892  66.9184313 6802
  68.374892  66.9209963 6803
  68.375892  66.9208151 6804
  68.376892  66.918869 6805
  68.377892  66.9168946 6806
  68.378892  66.914902 6807
  68.379892  66.9144698 6808
  68.380892  66.9119719 6809
  68.381892  66.9095812 6810
  68.382892  66.9057537 6811
  68.383892  66.8975006 6812
  68.384892  66.894684 6813
  68.385892  66.8944722 6814
  68.386892  66.8931685 6815
  68.387892  66.8891337 6816
  68.388892  66.8877191 6817
  68.389892  66.8878533 6818
  68.390892  66.8765985 6819
  68.391892  66.8991554 6820
  68.392892  66.8304083 6821
  68.393892  66.8678147 6822
  68.394892  66.8681209 6823
  68.395892  66.8666471 6824
  68.396892  66.868792 6825
  68.397892  66.8485607 6826
  68.398892  66.9134156 6827
  68.399892  66.7699295 6828
  68.400892  66.9372054 6829
  68.401892  66.5646688 6830
  68.402892  66.7596663 6831
  68.403892  66.7897115 6832
  68.404892  66.7774701 6833
  68.405892  66.7724143 6834
  68.406892  66.7730253 6835
  68.407892  66.7845001 6836
  68.408892  66.7875319 6837
  68.409892  66.7925196 6838
  68.410892  66.7932536 6839
  68.411892  66.7936799 6840
  68.412892  66.7944694 6841
  68.413892  66.7932678 6842
  68.414892  66.7944825 6843
  68.415892  66.7971332 6844
  68.416892  66.7972436 6845
  68.417892  66.7950215 6846
  68.418892  66.7935916 6847
  68.419892  66.7956989 6848
  68.420892  66.7966142 6849
  68.421892  66.7950932 6850
  68.422892  66.7955338 6851
  68.423892  66.7984967 6852
  68.424892  66.7990561 6853
  68.425892  66.799218 6854
  68.426892  66.7998869 6855
  68.427892  66.8001712 6856
  68.428892  66.7990856 6857
  68.429892  66.7970974 6858
  68.430892  66.7976511 6859
  68.431892  66.7973938 6860
  68.432892  66.7969414 6861
  68.433892  66.7983081 6862
  68.434892  66.7996285 6863
  68.435892  66.7988301 6864
  68.436892  66.7963659 6865
  68.437892  66.7934057 6866
  68.438892  66.7923928 6867
  68.439892  66.7939609 6868
  68.440892  66.7933673 6869
  68.441892  66.7928206 6870
  68.442892  66.7937089 6871
  68.443892  66.7923456 6872
  68.444892  66.7889892 6873
  68.445892  66.7867428 6874
  68.446892  66.7864296 6875
  68.447892  66.7850529 6876
  68.448892  66.7819275 6877
  68.449892  66.7797261 6878
  68.450892  66.7713614 6879
  68.451892  66.7763227 6880
  68.452892  66.7763403 6881
  68.453892  66.7764527 6882
  68.454892  66.7755815 6883
  68.455892  66.7747714 6884
  68.456892  66.7746388 6885
  68.457892  66.7756938 6886
  68.458892  66.7750414 6887
  68.459892  66.7736085 6888
  68.460892  66.7751721 6889
  68.461892  66.7746757 6890
  68.462892  66.7734259 6891
  68.463892  66.7736504 6892
  68.464892  66.7751895 6893
  68.465892  66.775162 6894
  68.466892  66.7752227 6895
  68.467892  66.7743378 6896
  68.468892  66.7612922 6897
  68.469892  66.7665806 6898
  68.470892  66.7682691 6899
  68.471892  66.7682613 6900
  68.472892  66.7670771 6901
  68.473892  66.7663992 6902
  68.474892  66.7656393 6903
  68.475892  66.7655084 6904
  68.476892  66.7640311 6905
  68.477892  66.7615755 6906
  68.478892  66.7469414 6907
  68.479892  66.7442818 6908
  68.480892  66.7526816 6909
  68.481892  66.7533343 6910
  68.482892  66.7532729 6911
  68.483892  66.752496 6912
  68.484892  66.7504387 6913
  68.485892  66.7470317 6914
  68.486892  66.7480726 6915
  68.487892  66.7516936 6916
  68.488892  66.7533804 6917
  68.489892  66.752637 6918
  68.490892  66.7505587 6919
  68.491892  66.7497009 6920
  68.492892  66.7366357 6921
  68.493892  66.7336893 6922
  68.494892  66.7342139 6923
  68.495892  66.7320672 6924
  68.496892  66.7281386 6925
  68.497892  66.7235085 6926
  68.498892  66.73019 6927
  68.499892  66.7167421 6928
  68.500892  66.7126267 6929
  68.501892  66.7096774 6930
  68.502892  66.7069025 6931
  68.503892  66.7032326 6932
  68.504892  66.6999136 6933
  68.505892  66.6959701 6934
  68.506892  66.6933638 6935
  68.507892  66.6922717 6936
  68.508892  66.6894296 6937
  68.509892  66.6864601 6938
  68.510892  66.6858543 6939
  68.511892  66.6867924 6940
  68.512892  66.6680585 6941
  68.513892  66.6716554 6942
  68.514892  66.6700949 6943
  68.515892  66.6672898 6944
  68.516892  66.666102 6945
  68.517892  66.6640099 6946
  68.518892  66.6606469 6947
  68.519892  66.657479 6948
  68.520892  66.6546492 6949
  68.521892  66.6519708 6950
  68.522892  66.6781642 6951
  68.523892  66.6672134 6952
  68.524892  66.654552 6953
  68.525892  66.6686134 6954
  68.526892  66.6480507 6955
  68.527892  66.6425401 6956
  68.528892  66.6411865 6957
  68.529892  66.6413724 6958
  68.530892  66.6577852 6959
  68.531892  66.6393602 6960
  68.532892  66.6336779 6961
  68.533892  66.6337782 6962
  68.534892  66.6337993 6963
  68.535892  66.6323493 6964
  68.536892  66.6324008 6965
  68.537892  66.6320718 6966
  68.538892  66.6326212 6967
  68.539892  66.632196 6968
  68.540892  66.6320714 6969
  68.541892  66.6341859 6970
  68.542892  66.6381265 6971
  68.543892  66.6383928 6972
  68.544892  66.6374446 6973
  68.545892  66.6359557 6974
  68.546892  66.6350369 6975
  68.547892  66.6507073 6976
  68.548892  66.656385 6977
  68.549892  66.6343265 6978
  68.550892  66.6305506 6979
  68.551892  66.6305087 6980
  68.552892  66.6307835 6981
  68.553892  66.6305174 6982
  68.554892  66.6286379 6983
  68.555892  66.6256662 6984
  68.556892  66.623129 6985
  68.557892  66.6237186 6986
  68.558892  66.6257306 6987
  68.559892  66.6412016 6988
  68.560892  66.6475588 6989
  68.561892  66.6262632 6990
  68.562892  66.6218192 6991
  68.563892  66.6204999 6992
  68.564892  66.6196962 6993
  68.565892  66.620035 6994
  68.566892  66.622303 6995
  68.567892  66.6221751 6996
  68.568892  66.624209 6997
  68.569892  66.6271465 6998
  68.570892  66.6286362 6999
  68.571892  66.630647 7000
  68.572892  66.6330614 7001
  68.573892  66.6341884 7002
  68.574892  66.6366173 7003
  68.575892  66.6375751 7004
  68.576892  66.6372585 7005
  68.577892  66.637995 7006
  68.578892  66.6375999 7007
  68.579892  66.6379667 7008
  68.580892  66.6389448 7009
  68.581892  66.63985 7010
  68.582892  66.6401518 7011
  68.583892  66.6424656 7012
  68.584892  66.6422719 7013
  68.585892  66.6411626 7014
  68.586892  66.6533646 7015
  68.587892  66.6680586 7016
  68.588892  66.6761899 7017
  68.589892  66.6714655 7018
  68.590892  66.6656601 7019
  68.591892  66.6622237 7020
  68.592892  66.6629434 7021
  68.593892  66.660755 7022
  68.594892  66.6507673 7023
  68.595892  66.6491002 7024
  68.596892  66.6495971 7025
  68.597892  66.6450805 7026
  68.598892  66.6410994 7027
  68.599892  66.6457149 7028
  68.600892  66.6372721 7029
  68.601892  66.6348381 7030
  68.602892  66.6327228 7031
  68.603892  66.6386936 7032
  68.604892  66.6146351 7033
  68.605892  66.624994 7034
  68.606892  66.628649 7035
  68.607892  66.6270721 7036
  68.608892  66.6266721 7037
  68.609892  66.6093066 7038
  68.610892  66.6049392 7039
  68.611892  66.6039667 7040
  68.612892  66.6023194 7041
  68.613892  66.6001801 7042
  68.614892  66.6002351 7043
  68.615892  66.5990355 7044
  68.616892  66.5953241 7045
  68.617892  66.5932901 7046
  68.618892  66.5951412 7047
  68.619892  66.595167 7048
  68.620892  66.5939615 7049
  68.621892  66.5917719 7050
  68.622892  66.5880001 7051
  68.623892  66.5858474 7052
  68.624892  66.5850784 7053
  68.625892  66.583684 7054
  68.626892  66.5831417 7055
  68.627892  66.5830248 7056
  68.628892  66.5824089 7057
  68.629892  66.5831561 7058
  68.630892  66.5857088 7059
  68.631892  66.5849985 7060
  68.632892  66.5841361 7061
  68.633892  66.5856139 7062
  68.634892  66.586842 7063
  68.635892  66.5878632 7064
  68.636892  66.5893401 7065
  68.637892  66.5919955 7066
  68.638892  66.5931098 7067
  68.639892  66.5917383 7068
  68.640892  66.5988705 7069
  68.641892  66.6017548 7070
  68.642892  66.6009114 7071
  68.643892  66.5870368 7072
  68.644892  66.5822489 7073
  68.645892  66.5821629 7074
  68.646892  66.5832034 7075
  68.647892  66.5823655 7076
  68.648892  66.5816883 7077
  68.649892  66.5818332 7078
  68.650892  66.5822539 7079
  68.651892  66.5811418 7080
  68.652892  66.5797485 7081
  68.653892  66.5806039 7082
  68.654892  66.5797507 7083
  68.655892  66.5795593 7084
  68.656892  66.5880428 7085
  68.657892  66.5916795 7086
  68.658892  66.5927701 7087
  68.659892  66.5936531 7088
  68.660892  66.594908 7089
  68.661892  66.5944861 7090
  68.662892  66.5919621 7091
  68.663892  66.5889936 7092
  68.664892  66.5885876 7093
  68.665892  66.5896023 7094
  68.666892  66.5911288 7095
  68.667892  66.5925607 7096
  68.668892  66.5930024 7097
  68.669892  66.5915524 7098
  68.670892  66.5908409 7099
  68.671892  66.5923948 7100
  68.672892  66.5940384 7101
  68.673892  66.59592 7102
  68.674892  66.5966415 7103
  68.675892  66.597326 7104
  68.676892  66.5925506 7105
  68.677892  66.5954009 7106
  68.678892  66.5964398 7107
  68.679892  66.595968 7108
  68.680892  66.5959731 7109
  68.681892  66.5995427 7110
  68.682892  66.6032337 7111
  68.683892  66.6378128 7112
  68.684892  66.6569334 7113
  68.685892  66.6583581 7114
  68.686892  66.6596061 7115
  68.687892  66.66272 7116
  68.688892  66.6654545 7117
  68.689892  66.6656111 7118
  68.690892  66.6665192 7119
  68.691892  66.6697297 7120
  68.692892  66.6731559 7121
  68.693892  66.6772542 7122
  68.694892  66.679092 7123
  68.695892  66.6803915 7124
  68.696892  66.6821311 7125
  68.697892  66.6816794 7126
  68.698892  66.6786971 7127
  68.699892  66.679308 7128
  68.700892  66.6788984 7129
  68.701892  66.6798886 7130
  68.702892  66.682415 7131
  68.703892  66.6848989 7132
  68.704892  66.6875468 7133
  68.705892  66.69864 7134
  68.706892  66.6973157 7135
  68.707892  66.6969601 7136
  68.708892  66.7007864 7137
  68.709892  66.7040297 7138
  68.710892  66.7072079 7139
  68.711892  66.7092599 7140
  68.712892  66.7075438 7141
  68.713892  66.7067971 7142
  68.714892  66.70982 7143
  68.715892  66.7131302 7144
  68.716892  66.7128005 7145
  68.717892  66.7099353 7146
  68.718892  66.7050706 7147
  68.719892  66.7003961 7148
  68.720892  66.699739 7149
  68.721892  66.6987495 7150
  68.722892  66.696546 7151
  68.723892  66.6937961 7152
  68.724892  66.6942287 7153
  68.725892  66.6912644 7154
  68.726892  66.6897063 7155
  68.727892  66.6680025 7156
  68.728892  66.6629555 7157
  68.729892  66.657021 7158
  68.730892  66.6587448 7159
  68.731892  66.6544588 7160
  68.732892  66.6576525 7161
  68.733892  66.6564728 7162
  68.734892  66.6559756 7163
  68.735892  66.6548126 7164
  68.736892  66.6565729 7165
  68.737892  66.6598959 7166
  68.738892  66.6698218 7167
  68.739892  66.6710017 7168
  68.740892  66.6760099 7169
  68.741892  66.6753722 7170
  68.742892  66.6968097 7171
  68.743892  66.6911684 7172
  68.744892  66.6827064 7173
  68.745892  66.6948197 7174
  68.746892  66.7256452 7175
  68.747892  66.9547587 7176
  68.748892  67.1497557 7177
  68.749892  66.9536886 7178
  68.750892  67.5458378 7179
  68.751892  67.2862015 7180
  68.752892  67.3105609 7181
  68.753892  67.2915226 7182
  68.754892  67.2923242 7183
  68.755892  67.2136821 7184
  68.756892  67.0487127 7185
  68.757892  67.2914878 7186
  68.758892  66.884393 7187
  68.759892  66.9714798 7188
  68.760892  66.9627671 7189
  68.761892  66.9652608 7190
  68.762892  66.9547959 7191
  68.763892  66.9561534 7192
  68.764892  66.952541 7193
  68.765892  66.9461945 7194
  68.766892  66.926786 7195
  68.767892  66.9277067 7196
  68.768892  66.9227913 7197
  68.769892  66.9163684 7198
  68.770892  66.9100495 7199
  68.771892  66.8267928 7200
  68.772892  66.8184491 7201
  68.773892  66.7550211 7202
  68.774892  66.7646203 7203
  68.775892  66.4524362 7204
  68.776892  66.4006786 7205
  68.777892  66.3624094 7206
  68.778892  66.3284011 7207
  68.779892  66.4025795 7208
  68.780892  66.4536881 7209
  68.781892  66.4179339 7210
  68.782892  66.4080129 7211
  68.783892  66.4177585 7212
  68.784892  66.4207703 7213
  68.785892  66.464934 7214
  68.786892  66.4916552 7215
  68.787892  66.4773799 7216
  68.788892  66.4822217 7217
  68.789892  66.4867067 7218
  68.790892  66.4910977 7219
  68.791892  66.494668 7220
  68.792892  66.4981058 7221
  68.793892  66.5304716 7222
  68.794892  66.5227178 7223
  68.795892  66.523435 7224
  68.796892  66.527792 7225
  68.797892  66.5323867 7226
  68.798892  66.5362694 7227
  68.799892  66.5395151 7228
  68.800892  66.5410518 7229
  68.801892  66.5446606 7230
  68.802892  66.5583849 7231
  68.803892  66.5456485 7232
  68.804892  66.5467944 7233
  68.805892  66.5474618 7234
  68.806892  66.5470927 7235
  68.807892  66.5468062 7236
  68.808892  66.540732 7237
  68.809892  66.5377739 7238
  68.810892  66.5364869 7239
  68.811892  66.5354984 7240
  68.812892  66.5354994 7241
  68.813892  66.534312 7242
  68.814892  66.5317976 7243
  68.815892  66.5309288 7244
  68.816892  66.5360112 7245
  68.817892  66.5177965 7246
  68.818892  66.5280313 7247
  68.819892  66.5286882 7248
  68.820892  66.5247967 7249
  68.821892  66.5223552 7250
  68.822892  66.5225351 7251
  68.823892  66.51865 7252
  68.824892  66.5185346 7253
  68.825892  66.5185175 7254
  68.826892  66.5176755 7255
  68.827892  66.5173056 7256
  68.828892  66.518676 7257
  68.829892  66.5186557 7258
  68.830892  66.5158706 7259
  68.831892  66.5121208 7260
  68.832892  66.5082834 7261
  68.833892  66.5152337 7262
  68.834892  66.5025425 7263
  68.835892  66.5071421 7264
  68.836892  66.5071081 7265
  68.837892  66.5028772 7266
  68.838892  66.4981122 7267
  68.839892  66.4938863 7268
  68.840892  66.4911058 7269
  68.841892  66.4896086 7270
  68.842892  66.4892798 7271
  68.843892  66.4869235 7272
  68.844892  66.4853797 7273
  68.845892  66.4828017 7274
  68.846892  66.4779525 7275
  68.847892  66.47498 7276
  68.848892  66.4740505 7277
  68.849892  66.4713939 7278
  68.850892  66.4671344 7279
  68.851892  66.4649578 7280
  68.852892  66.4654182 7281
  68.853892  66.4638252 7282
  68.854892  66.4606647 7283
  68.855892  66.4528346 7284
  68.856892  66.4554482 7285
  68.857892  66.4489952 7286
  68.858892  66.4475555 7287
  68.859892  66.4391724 7288
  68.860892  66.438171 7289
  68.861892  66.4290193 7290
  68.862892  66.4224097 7291
  68.863892  66.4249 7292
  68.864892  66.4185579 7293
  68.865892  66.4199015 7294
  68.866892  66.4142591 7295
  68.867892  66.4042298 7296
  68.868892  66.3699955 7297
  68.869892  66.3384869 7298
  68.870892  66.3383046 7299
  68.871892  66.3401901 7300
  68.872892  66.3383604 7301
  68.873892  66.3425658 7302
  68.874892  66.3447314 7303
  68.875892  66.3467615 7304
  68.876892  66.3481514 7305
  68.877892  66.344759 7306
  68.878892  66.3467499 7307
  68.879892  66.347283 7308
  68.880892  66.3457567 7309
  68.881892  66.3466894 7310
  68.882892  66.3517422 7311
  68.883892  66.3570768 7312
  68.884892  66.3716228 7313
  68.8858921  66.3738787 7314
  68.8868921  66.3762344 7315
  68.8878921  66.4325345 7316
  68.8888921  66.441973 7317
  68.8898921  66.4420561 7318
  68.8908921  66.4441767 7319
  68.8918921  66.4464267 7320
  68.8928921  66.4476054 7321
  68.8938921  66.4495177 7322
  68.8948921  66.4516808 7323
  68.8958921  66.4540147 7324
  68.8968921  66.4555551 7325
  68.8978921  66.4647972 7326
  68.8988921  66.4552749 7327
  68.8998921  66.4591983 7328
  68.9008921  66.4601753 7329
  68.9018921  66.4597112 7330
  68.9028921  66.4595208 7331
  68.9038921  66.4588553 7332
  68.9048921  66.4613524 7333
  68.9058921  66.4626952 7334
  68.9068921  66.4612196 7335
  68.9078921  66.4594288 7336
  68.9088921  66.4578938 7337
  68.9098921  66.4579365 7338
  68.9108921  66.4589218 7339
  68.9118921  66.4587644 7340
  68.9128921  66.458993 7341
  68.9138921  66.4668559 7342
  68.9148921  66.4676834 7343
  68.9158921  66.4662192 7344
  68.9168921  66.4681174 7345
  68.9178921  66.471435 7346
  68.9188921  66.4717491 7347
  68.9198921  66.4702971 7348
  68.9208921  66.470885 7349
  68.9218921  66.4717969 7350
  68.9228921  66.4744094 7351
  68.9238921  66.4750946 7352
  68.9248921  66.4735511 7353
  68.9258921  66.4723092 7354
  68.9268921  66.4728742 7355
  68.9278921  66.47512 7356
  68.9288921  66.4753082 7357
  68.9298921  66.4728532 7358
  68.9308921  66.471445 7359
  68.9318921  66.4649135 7360
  68.9328921  66.4651357 7361
  68.9338921  66.4659125 7362
  68.9348921  66.4675128 7363
  68.9358921  66.4659293 7364
  68.9368921  66.4624583 7365
  68.9378921  66.4601636 7366
  68.9388921  66.4577706 7367
  68.9398921  66.4544129 7368
  68.9408921  66.4516193 7369
  68.9418921  66.4498036 7370
  68.9428921  66.4539515 7371
  68.9438921  66.4543953 7372
  68.9448921  66.4536107 7373
  68.9458921  66.4465432 7374
  68.9468921  66.4432548 7375
  68.9478921  66.4440456 7376
  68.9488921  66.4465658 7377
  68.9498921  66.4498453 7378
  68.9508921  66.4506466 7379
  68.9518921  66.4509526 7380
  68.9528921  66.4516655 7381
  68.9538921  66.4506831 7382
  68.9548921  66.4507614 7383
  68.9558921  66.4526933 7384
  68.9568921  66.4542388 7385
  68.9578921  66.4545818 7386
  68.9588921  66.4551319 7387
  68.9598921  66.4570142 7388
  68.9608921  66.4588959 7389
  68.9618921  66.4621987 7390
  68.9628921  66.4753392 7391
  68.9638921  66.4746934 7392
  68.9648921  66.474895 7393
  68.9658921  66.4763044 7394
  68.9668921  66.4812873 7395
  68.9678921  66.4813695 7396
  68.9688921  66.5026576 7397
  68.9698921  66.5047488 7398
  68.9708921  66.4930122 7399
  68.9718921  66.5048377 7400
  68.9728921  66.6679057 7401
  68.9738921  66.8368273 7402
  68.9748921  67.0117235 7403
  68.9758921  67.258753 7404
  68.9768921  66.9572695 7405
  68.9778921  67.2427373 7406
  68.9788921  66.8036694 7407
  68.9798921  67.0506947 7408
  68.9808921  67.0574056 7409
  68.9818921  67.0507862 7410
  68.9828921  66.9929497 7411
  68.9838921  66.8915246 7412
  68.9848921  66.8483001 7413
  68.9858921  66.75278 7414
  68.9868921  66.7469748 7415
  68.9878921  66.7484113 7416
  68.9888921  66.7369149 7417
  68.9898921  66.7357987 7418
  68.9908921  66.7262575 7419
  68.9918921  66.6932987 7420
  68.9928921  66.7566005 7421
  68.9938921  66.7010391 7422
  68.9948921  66.7493049 7423
  68.9958921  66.6932315 7424
  68.9968921  66.7523504 7425
  68.9978921  66.690944 7426
  68.9988921  66.7403096 7427
  68.9998921  66.6848808 7428
  69.0008921  66.7289872 7429
  69.0018921  66.6491139 7430
  69.0028921  66.6997908 7431
  69.0038921  66.6132437 7432
  69.0048921  66.6873082 7433
  69.0058921  66.6468825 7434
  69.0068921  66.6911145 7435
  69.0078921  66.6369038 7436
  69.0088921  66.6839342 7437
  69.0098921  66.630959 7438
  69.0108921  66.6303421 7439
  69.0118921  66.6351079 7440
  69.0128921  66.633952 7441
  69.0138921  66.6340908 7442
  69.0148921  66.6336375 7443
  69.0158921  66.6312863 7444
  69.0168921  66.6255608 7445
  69.0178921  66.6259663 7446
  69.0188921  66.6269821 7447
  69.0198921  66.6437518 7448
  69.0208921  66.6272859 7449
  69.0218921  66.6237247 7450
  69.0228921  66.6229491 7451
  69.0238921  66.620907 7452
  69.0248921  66.619337 7453
  69.0258921  66.6350047 7454
  69.0268921  66.614878 7455
  69.0278921  66.6285304 7456
  69.0288921  66.6090822 7457
  69.0298921  66.6039676 7458
  69.0308921  66.5199533 7459
  69.0318921  66.4409232 7460
  69.0328921  65.9065167 7461
  69.0338921  65.9533961 7462
  69.0348921  66.0703151 7463
  69.0358921  66.0499921 7464
  69.0368921  66.1165433 7465
  69.0378921  66.2448944 7466
  69.0388921  66.2492467 7467
  69.0398921  66.2776789 7468
  69.0408921  66.3651761 7469
  69.0418921  66.3308857 7470
  69.0428921  66.3233532 7471
  69.0438921  66.3330294 7472
  69.0448921  66.3459046 7473
  69.0458921  66.3531703 7474
  69.0468921  66.3664331 7475
  69.0478921  66.4247196 7476
  69.0488921  66.4478291 7477
  69.0498921  66.4383994 7478
  69.0508921  66.4447238 7479
  69.0518921  66.4544013 7480
  69.0528921  66.4575052 7481
  69.0538921  66.4876365 7482
  69.0548921  66.5166074 7483
  69.0558921  66.507794 7484
  69.0568921  66.5093156 7485
  69.0578921  67.2531328 7486
  69.0588921  67.2111093 7487
  69.0598921  67.2115273 7488
  69.0608921  67.2073769 7489
  69.0618921  67.0996415 7490
  69.0628921  67.0598316 7491
  69.0638921  67.0341809 7492
  69.0648921  67.0169874 7493
  69.0658921  66.9316206 7494
  69.0668921  67.188081 7495
  69.0678921  66.6318529 7496
  69.0688921  66.9256051 7497
  69.0698921  66.9543465 7498
  69.0708921  66.8726243 7499
  69.0718921  66.8474282 7500
  69.0728921  66.8338091 7501
  69.0738921  66.8318165 7502
  69.0748921  66.7847894 7503
  69.0758921  66.6865401 7504
  69.0768921  66.6073529 7505
  69.0778921  66.6651905 7506
  69.0788921  66.6300173 7507
  69.0798921  66.6288654 7508
  69.0808921  66.6261881 7509
  69.0818921  66.6209373 7510
  69.0828921  66.6179918 7511
  69.0838921  66.6175773 7512
  69.0848921  66.6154037 7513
  69.0858921  66.6111595 7514
  69.0868921  66.6086376 7515
  69.0878921  66.6064997 7516
  69.0888921  66.6039501 7517
  69.0898921  66.6014877 7518
  69.0908921  66.6000423 7519
  69.0918921  66.5789354 7520
  69.0928921  66.5729283 7521
  69.0938921  66.5727322 7522
  69.0948921  66.5725147 7523
  69.0958921  66.5731789 7524
  69.0968921  66.5866133 7525
  69.0978921  66.5918491 7526
  69.0988921  66.5760552 7527
  69.0998921  66.5734376 7528
  69.1008921  66.5942842 7529
  69.1018921  66.583643 7530
  69.1028921  66.5798858 7531
  69.1038921  66.5763487 7532
  69.1048921  66.5759178 7533
  69.1058921  66.5767915 7534
  69.1068921  66.5784964 7535
  69.1078921  66.5797027 7536
  69.1088921  66.5777798 7537
  69.1098921  66.5743697 7538
  69.1108921  66.5720665 7539
  69.1118921  66.5807593 7540
  69.1128921  66.5833504 7541
  69.1138921  66.5682008 7542
  69.1148921  66.5637206 7543
  69.1158921  66.5631411 7544
  69.1168921  66.5623117 7545
  69.1178921  66.5618968 7546
  69.1188921  66.5622733 7547
  69.1198921  66.5641204 7548
  69.1208921  66.5636014 7549
  69.1218921  66.5613756 7550
  69.1228921  66.5597999 7551
  69.1238921  66.559362 7552
  69.1248921  66.5415581 7553
  69.1258921  66.5662388 7554
  69.1268921  66.5579219 7555
  69.1278921  66.5389062 7556
  69.1288921  66.5624834 7557
  69.1298921  66.5363777 7558
  69.1308921  66.5402171 7559
  69.1318921  66.5620069 7560
  69.1328921  66.5542738 7561
  69.1338921  66.5348188 7562
  69.1348921  66.5601487 7563
  69.1358921  66.5528121 7564
  69.1368921  66.551288 7565
  69.1378921  66.5527709 7566
  69.1388921  66.5524356 7567
  69.1398921  66.5510086 7568
  69.1408921  66.548962 7569
  69.1418921  66.5469974 7570
  69.1428921  66.5471577 7571
  69.1438921  66.5475959 7572
  69.1448921  66.5487812 7573
  69.1458921  66.5508898 7574
  69.1468921  66.5501063 7575
  69.1478921  66.5478387 7576
  69.1488921  66.5463749 7577
  69.1498921  66.5463557 7578
  69.1508921  66.5461759 7579
  69.1518921  66.5456103 7580
  69.1528921  66.5609327 7581
  69.1538921  66.5637576 7582
  69.1548921  66.5629611 7583
  69.1558921  66.5354116 7584
  69.1568921  66.5444654 7585
  69.1578921  66.5488969 7586
  69.1588921  66.5482981 7587
  69.1598921  66.517276 7588
  69.1608921  66.5279003 7589
  69.1618921  66.5156154 7590
  69.1628921  66.5102842 7591
  69.1638921  66.5106707 7592
  69.1648921  66.5099757 7593
  69.1658921  66.5091653 7594
  69.1668921  66.5081912 7595
  69.1678921  66.507465 7596
  69.1688921  66.509128 7597
  69.1698921  66.5091208 7598
  69.1708921  66.5081464 7599
  69.1718921  66.5084419 7600
  69.1728921  66.5109031 7601
  69.1738921  66.51191 7602
  69.1748921  66.5204079 7603
  69.1758921  66.5264014 7604
  69.1768921  66.5258111 7605
  69.1778921  66.5228907 7606
  69.1788921  66.5202092 7607
  69.1798921  66.5186783 7608
  69.1808921  66.4730873 7609
  69.1818921  66.4596412 7610
  69.1828921  66.4609518 7611
  69.1838921  66.4614489 7612
  69.1848921  66.4601096 7613
  69.1858921  66.4576087 7614
  69.1868921  66.4545891 7615
  69.1878921  66.4518 7616
  69.1888921  66.4506948 7617
  69.1898921  66.4517022 7618
  69.1908921  66.4517683 7619
  69.1918921  66.452493 7620
  69.1928921  66.4521946 7621
  69.1938921  66.4494934 7622
  69.1948921  66.4483041 7623
  69.1958921  66.4482517 7624
  69.1968921  66.4496512 7625
  69.1978921  66.4496295 7626
  69.1988921  66.4477743 7627
  69.1998921  66.4471427 7628
  69.2008921  66.4473645 7629
  69.2018921  66.4487078 7630
  69.2028921  66.4497334 7631
  69.2038921  66.4498979 7632
  69.2048921  66.4484957 7633
  69.2058921  66.4479498 7634
  69.2068921  66.448109 7635
  69.2078921  66.4464299 7636
  69.2088921  66.4430629 7637
  69.2098921  66.4520366 7638
  69.2108921  66.455329 7639
  69.2118921  66.4534429 7640
  69.2128921  66.450342 7641
  69.2138921  66.4485487 7642
  69.2148921  66.4467738 7643
  69.2158921  66.4464125 7644
  69.2168921  66.4473946 7645
  69.2178921  66.448177 7646
  69.2188921  66.4472133 7647
  69.2198921  66.4454838 7648
  69.2208921  66.4445474 7649
  69.2218921  66.4442868 7650
  69.2228921  66.4438108 7651
  69.2238921  66.4437252 7652
  69.2248921  66.4448667 7653
  69.2258921  66.4445579 7654
  69.2268921  66.4421045 7655
  69.2278921  66.441125 7656
  69.2288921  66.4406508 7657
  69.2298921  66.4399478 7658
  69.2308921  66.439228 7659
  69.2318921  66.4398535 7660
  69.2328921  66.4405074 7661
  69.2338921  66.4416183 7662
  69.2348921  66.4425206 7663
  69.2358921  66.4427158 7664
  69.2368921  66.4349858 7665
  69.2378921  66.4339501 7666
  69.2388921  66.4378917 7667
  69.2398921  66.4414143 7668
  69.2408921  66.4441107 7669
  69.2418921  66.4455285 7670
  69.2428921  66.454927 7671
  69.2438921  66.4545892 7672
  69.2448921  66.4596391 7673
  69.2458921  66.467865 7674
  69.2468921  66.4578706 7675
  69.2478921  66.46651 7676
  69.2488921  66.4823725 7677
  69.2498921  66.4812545 7678
  69.2508921  66.4786482 7679
  69.2518921  66.4776391 7680
  69.2528921  66.4802273 7681
  69.2538921  66.4984761 7682
  69.2548921  66.5017531 7683
  69.2558921  66.5002788 7684
  69.2568921  66.5101243 7685
  69.2578921  66.5051445 7686
  69.2588921  66.5088211 7687
  69.2598921  66.507721 7688
  69.2608921  66.5062541 7689
  69.2618921  66.5067302 7690
  69.2628921  66.5056856 7691
  69.2638921  66.5044243 7692
  69.2648921  66.5044739 7693
  69.2658921  66.5052826 7694
  69.2668921  66.5039896 7695
  69.2678921  66.5017088 7696
  69.2688921  66.5005168 7697
  69.2698921  66.5004934 7698
  69.2708921  66.4995779 7699
  69.2718921  66.4964179 7700
  69.2728921  66.4925445 7701
  69.2738921  66.4888752 7702
  69.2748921  66.4850731 7703
  69.2758921  66.4799367 7704
  69.2768921  66.4753421 7705
  69.2778921  66.4733233 7706
  69.2788921  66.4740975 7707
  69.2798921  66.4730627 7708
  69.2808921  66.4686879 7709
  69.2818921  66.4634401 7710
  69.2828921  66.4537905 7711
  69.2838921  66.4502755 7712
  69.2848921  66.4475174 7713
  69.2858921  66.454786 7714
  69.2868921  66.4427741 7715
  69.2878921  66.4474717 7716
  69.2888921  66.4466044 7717
  69.2898921  66.4471459 7718
  69.2908921  66.4454566 7719
  69.2918921  66.4428107 7720
  69.2928921  66.4417219 7721
  69.2938921  66.4404317 7722
  69.2948921  66.4403745 7723
  69.2958921  66.4404346 7724
  69.2968921  66.4411692 7725
  69.2978921  66.4438038 7726
  69.2988921  66.4462007 7727
  69.2998921  66.4464097 7728
  69.3008921  66.4474157 7729
  69.3018921  66.4544083 7730
  69.3028921  66.4592738 7731
  69.3038921  66.4616629 7732
  69.3048921  66.4634163 7733
  69.3058921  66.463491 7734
  69.3068921  66.46183 7735
  69.3078921  66.4604957 7736
  69.3088921  66.4599032 7737
  69.3098921  66.4613727 7738
  69.3108921  66.4643765 7739
  69.3118921  66.467444 7740
  69.3128921  66.4657738 7741
  69.3138921  66.466978 7742
  69.3148921  66.4652514 7743
  69.3158921  66.4648243 7744
  69.3168921  66.4626749 7745
  69.3178921  66.4634825 7746
  69.3188921  66.4659063 7747
  69.3198921  66.4660093 7748
  69.3208921  66.4654737 7749
  69.3218921  66.4640999 7750
  69.3228921  66.4625594 7751
  69.3238921  66.4615721 7752
  69.3248921  66.4601101 7753
  69.3258921  66.4592559 7754
  69.3268921  66.4589487 7755
  69.3278921  66.4593493 7756
  69.3288921  66.4579434 7757
  69.3298921  66.4568404 7758
  69.3308921  66.4568651 7759
  69.3318921  66.4557022 7760
  69.3328921  66.4537155 7761
  69.3338921  66.4513364 7762
  69.3348921  66.4474956 7763
  69.3358921  66.4453972 7764
  69.3368921  66.4439828 7765
  69.3378921  66.4401751 7766
  69.3388921  66.4397606 7767
  69.3398921  66.4369767 7768
  69.3408921  66.4324013 7769
  69.3418921  66.4286436 7770
  69.3428921  66.4268174 7771
  69.3438921  66.4162423 7772
  69.3448921  66.4114735 7773
  69.3458921  66.4024383 7774
  69.3468921  66.4022945 7775
  69.3478921  66.3988565 7776
  69.3488921  66.3968565 7777
  69.3498921  66.3927211 7778
  69.3508921  66.3893513 7779
  69.3518921  66.3947564 7780
  69.3528921  66.3836956 7781
  69.3538921  66.3626873 7782
  69.3548921  66.3641907 7783
  69.3558921  66.3696497 7784
  69.3568921  66.3657812 7785
  69.3578921  66.3670026 7786
  69.3588921  66.3692311 7787
  69.3598921  66.3680113 7788
  69.3608921  66.3646414 7789
  69.3618921  66.3152313 7790
  69.3628921  66.3058859 7791
  69.3638921  66.3077942 7792
  69.3648921  66.3091051 7793
  69.3658921  66.3088396 7794
  69.3668921  66.3063617 7795
  69.3678921  66.3036596 7796
  69.3688921  66.3021324 7797
  69.3698921  66.2988693 7798
  69.3708921  66.2960688 7799
  69.3718921  66.2948254 7800
  69.3728921  66.2942819 7801
  69.3738921  66.2921839 7802
  69.3748921  66.2910618 7803
  69.3758921  66.2912403 7804
  69.3768921  66.2901573 7805
  69.3778921  66.2867888 7806
  69.3788921  66.2829752 7807
  69.3798921  66.2792018 7808
  69.3808921  66.2647371 7809
  69.3818921  66.2502694 7810
  69.3828921  66.2079471 7811
  69.3838921  66.2311435 7812
  69.3848921  65.7209976 7813
  69.3858921  65.6945891 7814
  69.3868921  65.7168101 7815
  69.3878921  65.7250162 7816
  69.3888921  65.7330591 7817
  69.3898921  65.7362548 7818
  69.3908921  65.7395651 7819
  69.3918921  65.7440897 7820
  69.3928921  65.7499796 7821
  69.3938921  65.9885775 7822
  69.3948921  66.0078969 7823
  69.3958921  66.0411925 7824
  69.3968921  66.0461984 7825
  69.3978921  66.1571423 7826
  69.3988921  66.1648695 7827
  69.3998921  66.4601998 7828
  69.4008921  66.1961931 7829
  69.4018921  66.7222449 7830
  69.4028921  66.6711646 7831
  69.4038921  66.7475414 7832
  69.4048921  66.7313276 7833
  69.4058921  66.6821818 7834
  69.4068921  66.6876994 7835
  69.4078921  66.6440987 7836
  69.4088921  66.5633611 7837
  69.4098921  66.4822022 7838
  69.4108921  66.3385372 7839
  69.4118921  66.2971602 7840
  69.4128921  65.9657653 7841
  69.4138921  65.8007513 7842
  69.4148921  65.8368854 7843
  69.4158921  65.8854586 7844
  69.4168921  65.8900938 7845
  69.4178921  65.8850517 7846
  69.4188921  65.8925802 7847
  69.4198921  65.9094957 7848
  69.4208921  66.0036172 7849
  69.4218921  66.0212668 7850
  69.4228921  66.024564 7851
  69.4238921  66.0283514 7852
  69.4248921  66.0385538 7853
  69.4258921  66.0370601 7854
  69.4268921  66.1778707 7855
  69.4278921  66.3348911 7856
  69.4288921  66.0188746 7857
  69.4298921  66.6250031 7858
  69.4308921  66.6781595 7859
  69.4318921  66.7280674 7860
  69.4328921  66.7542031 7861
  69.4338921  66.7432593 7862
  69.4348921  66.7415232 7863
  69.4358921  66.7258276 7864
  69.4368921  66.691125 7865
  69.4378921  66.6569676 7866
  69.4388921  66.4242238 7867
  69.4398921  66.5083988 7868
  69.4408921  66.3528117 7869
  69.4418921  66.3463462 7870
  69.4428921  66.312351 7871
  69.4438921  65.8454885 7872
  69.4448921  65.7262106 7873
  69.4458921  65.7669318 7874
  69.4468921  65.7742386 7875
  69.4478921  65.7716408 7876
  69.4488921  65.8036757 7877
  69.4498921  65.7973502 7878
  69.4508921  65.8201154 7879
  69.4518921  65.9900332 7880
  69.4528921  66.0014199 7881
  69.4538921  66.0001985 7882
  69.4548921  66.005594 7883
  69.4558921  66.0134614 7884
  69.4568921  66.0190902 7885
  69.4578921  66.0233176 7886
  69.4588921  66.1679847 7887
  69.4598921  66.3096562 7888
  69.4608921  66.007141 7889
  69.4618921  66.5889451 7890
  69.4628921  66.4352041 7891
  69.4638921  66.6260804 7892
  69.4648921  66.7182532 7893
  69.4658921  66.6492392 7894
  69.4668921  66.683232 7895
  69.4678921  66.6863221 7896
  69.4688921  66.6688501 7897
  69.4698921  66.6702173 7898
  69.4708921  66.5979087 7899
  69.4718921  66.3564443 7900
  69.4728921  66.3996451 7901
  69.4738921  66.2575509 7902
  69.4748921  65.8064864 7903
  69.4758921  65.759074 7904
  69.4768921  65.7501345 7905
  69.4778921  65.7874894 7906
  69.4788921  65.787674 7907
  69.4798921  65.8010721 7908
  69.4808921  65.7964739 7909
  69.4818921  65.7961652 7910
  69.4828921  65.8034114 7911
  69.4838921  65.9795356 7912
  69.4848921  65.9774854 7913
  69.4858921  65.9753468 7914
  69.4868921  65.9747092 7915
  69.4878921  65.9761957 7916
  69.4888921  65.9767519 7917
  69.4898921  65.9769497 7918
  69.4908921  65.97605 7919
  69.4918921  65.9770805 7920
  69.4928921  65.9799818 7921
  69.4938921  65.9826383 7922
  69.4948921  65.9843572 7923
  69.4958921  65.9863919 7924
  69.4968921  65.9872462 7925
  69.4978921  65.9877625 7926
  69.4988921  65.9852786 7927
  69.4998921  65.9844603 7928
  69.5008921  65.9863048 7929
  69.5018921  65.9923233 7930
  69.5028921  65.9971574 7931
  69.5038921  66.035464 7932
  69.5048921  66.1233316 7933
  69.5058921  66.2089541 7934
  69.5068921  66.133931 7935
  69.5078921  66.1152131 7936
  69.5088921  66.1141742 7937
  69.5098921  66.1114552 7938
  69.5108921  66.1093347 7939
  69.5118921  66.1065788 7940
  69.5128921  66.1041362 7941
  69.5138921  66.1032088 7942
  69.5148921  66.1029549 7943
  69.5158921  66.1020208 7944
  69.5168921  66.0991782 7945
  69.5178921  66.0996883 7946
  69.5188921  66.0997956 7947
  69.5198921  66.1010838 7948
  69.5208921  66.1014463 7949
  69.5218921  66.1018338 7950
  69.5228921  66.103647 7951
  69.5238921  66.1034027 7952
  69.5248921  66.1018969 7953
  69.5258921  66.1030652 7954
  69.5268921  66.1058276 7955
  69.5278921  66.1083742 7956
  69.5288921  66.1104466 7957
  69.5298921  66.1172276 7958
  69.5308921  66.1159559 7959
  69.5318921  66.114815 7960
  69.5328921  66.1173154 7961
  69.5338921  66.125831 7962
  69.5348921  66.1249927 7963
  69.5358921  66.1289006 7964
  69.5368921  66.1260365 7965
  69.5378921  66.1244151 7966
  69.5388921  66.1231364 7967
  69.5398921  66.1240079 7968
  69.5408921  66.1260378 7969
  69.5418921  66.1258808 7970
  69.5428921  66.1243795 7971
  69.5438921  66.124441 7972
  69.5448921  66.1248713 7973
  69.5458921  66.1231037 7974
  69.5468921  66.1200487 7975
  69.5478921  66.1224976 7976
  69.5488921  66.1187712 7977
  69.5498921  66.1161896 7978
  69.5508921  66.1171157 7979
  69.5518921  66.11724 7980
  69.5528921  66.1133996 7981
  69.5538921  66.1109139 7982
  69.5548921  66.1108957 7983
  69.5558921  66.1089462 7984
  69.5568921  66.1072229 7985
  69.5578921  66.1057109 7986
  69.5588921  66.1050758 7987
  69.5598921  66.1043236 7988
  69.5608921  66.101823 7989
  69.5618921  66.1008473 7990
  69.5628921  66.1023071 7991
  69.5638921  66.1015105 7992
  69.5648921  66.1000603 7993
  69.5658921  66.098232 7994
  69.5668921  66.0959846 7995
  69.5678921  66.0927941 7996
  69.5688921  66.0848832 7997
  69.5698921  66.0863614 7998
  69.5708921  66.0873291 7999
  69.5718921  66.089 8000
  69.5728921  66.0886158 8001
  69.5738921  66.0871484 8002
  69.5748921  66.1116942 8003
  69.5758921  66.0796204 8004
  69.5768921  66.060564 8005
  69.5778921  66.0561373 8006
  69.5788921  66.0605733 8007
  69.5798921  66.0636132 8008
  69.5808921  66.0625735 8009
  69.5818921  66.0642022 8010
  69.5828921  66.0670509 8011
  69.5838921  66.0674711 8012
  69.5848921  66.0672962 8013
  69.5858921  66.0663278 8014
  69.5868921  66.064323 8015
  69.5878921  66.0623694 8016
  69.5888921  66.0606397 8017
  69.5898921  66.0616011 8018
  69.5908921  66.0634733 8019
  69.5918921  66.0641749 8020
  69.5928921  66.0656828 8021
  69.5938921  66.0668756 8022
  69.5948921  66.0671087 8023
  69.5958921  66.0674287 8024
  69.5968921  66.0679654 8025
  69.5978921  66.0705085 8026
  69.5988921  66.0731895 8027
  69.5998921  66.0963747 8028
  69.6008921  66.1010665 8029
  69.6018921  66.0958764 8030
  69.6028921  66.0996542 8031
  69.6038921  66.1037804 8032
  69.6048921  66.1126508 8033
  69.6058921  66.1068756 8034
  69.6068921  66.1257737 8035
  69.6078921  66.1127016 8036
  69.6088921  66.1263863 8037
  69.6098921  66.1672612 8038
  69.6108921  66.1735842 8039
  69.6118921  66.1745218 8040
  69.6128921  66.1772414 8041
  69.6138921  66.1809682 8042
  69.6148921  66.1850293 8043
  69.6158921  66.1878782 8044
  69.6168921  66.1905355 8045
  69.6178921  66.19227 8046
  69.6188921  66.1930274 8047
  69.6198921  66.1925884 8048
  69.6208921  66.1895634 8049
  69.6218921  66.1865013 8050
  69.6228921  66.1857123 8051
  69.6238921  66.1868968 8052
  69.6248921  66.1880617 8053
  69.6258921  66.1849288 8054
  69.6268921  66.1819161 8055
  69.6278921  66.182356 8056
  69.6288921  66.1854981 8057
  69.6298921  66.1889618 8058
  69.6308921  66.1922712 8059
  69.6318921  66.193996 8060
  69.6328921  66.1934384 8061
  69.6338921  66.1936288 8062
  69.6348921  66.1939931 8063
  69.6358921  66.195342 8064
  69.6368921  66.1952377 8065
  69.6378921  66.1909025 8066
  69.6388921  66.1802448 8067
  69.6398921  66.188721 8068
  69.6408921  66.1841512 8069
  69.6418921  66.1714547 8070
  69.6428921  66.1831774 8071
  69.6438921  66.1852521 8072
  69.6448921  66.1860672 8073
  69.6458921  66.1855365 8074
  69.6468921  66.1836074 8075
  69.6478921  66.1805492 8076
  69.6488921  66.1782963 8077
  69.6498921  66.1788056 8078
  69.6508921  66.1780714 8079
  69.6518921  66.1763799 8080
  69.6528921  66.1773286 8081
  69.6538921  66.1792054 8082
  69.6548921  66.1794391 8083
  69.6558921  66.1789331 8084
  69.6568921  66.1792893 8085
  69.6578921  66.1703889 8086
  69.6588921  66.1690584 8087
  69.6598921  66.1698124 8088
  69.6608921  66.1705476 8089
  69.6618921  66.171234 8090
  69.6628921  66.1733309 8091
  69.6638921  66.1765221 8092
  69.6648921  66.1952354 8093
  69.6658921  66.1983473 8094
  69.6668921  66.1993941 8095
  69.6678921  66.2027752 8096
  69.6688921  66.2063946 8097
  69.6698921  66.2074714 8098
  69.6708921  66.2063415 8099
  69.6718921  66.2063235 8100
  69.6728921  66.2090262 8101
  69.6738921  66.2127205 8102
  69.6748921  66.21553 8103
  69.6758921  66.2160619 8104
  69.6768921  66.215171 8105
  69.6778921  66.2064399 8106
  69.6788921  66.1826408 8107
  69.6798921  66.2307563 8108
  69.6808921  66.2029607 8109
  69.6818921  66.2207674 8110
  69.6828921  66.2242353 8111
  69.6838921  66.2239121 8112
  69.6848921  66.2259159 8113
  69.6858921  66.228892 8114
  69.6868921  66.2291966 8115
  69.6878921  66.2288103 8116
  69.6888921  66.2289517 8117
  69.6898921  66.2292191 8118
  69.6908921  66.2284778 8119
  69.6918921  66.2122835 8120
  69.6928921  66.2054605 8121
  69.6938921  66.2310859 8122
  69.6948921  66.2354052 8123
  69.6958921  66.2362929 8124
  69.6968921  66.2374628 8125
  69.6978921  66.2367531 8126
  69.6988921  66.2372133 8127
  69.6998921  66.2403984 8128
  69.7008921  66.2423833 8129
  69.7018921  66.2444276 8130
  69.7028921  66.2469011 8131
  69.7038921  66.2479026 8132
  69.7048921  66.2481624 8133
  69.7058921  66.2473359 8134
  69.7068921  66.245592 8135
  69.7078921  66.2461781 8136
  69.7088921  66.2482136 8137
  69.7098921  66.2508993 8138
  69.7108921  66.2517131 8139
  69.7118921  66.2530498 8140
  69.7128921  66.2427589 8141
  69.7138921  66.2550399 8142
  69.7148921  66.2587185 8143
  69.7158921  66.2595174 8144
  69.7168921  66.260798 8145
  69.7178921  66.2603463 8146
  69.7188921  66.2585076 8147
  69.7198921  66.2591489 8148
  69.7208921  66.2613582 8149
  69.7218921  66.2621985 8150
  69.7228921  66.2509936 8151
  69.7238921  66.2449116 8152
  69.7248921  66.2455683 8153
  69.7258921  66.2464398 8154
  69.7268921  66.2460801 8155
  69.7278921  66.2474768 8156
  69.7288921  66.2496077 8157
  69.7298921  66.2782185 8158
  69.7308921  66.2931053 8159
  69.7318921  66.2936041 8160
  69.7328921  66.2954201 8161
  69.7338921  66.297045 8162
  69.7348921  66.2993294 8163
  69.7358921  66.3019008 8164
  69.7368921  66.3029197 8165
  69.7378921  66.3024275 8166
  69.7388921  66.3013603 8167
  69.7398921  66.2989389 8168
  69.7408921  66.2872717 8169
  69.7418921  66.2827367 8170
  69.7428921  66.2847042 8171
  69.7438921  66.2861261 8172
  69.7448921  66.2875519 8173
  69.7458921  66.6631269 8174
  69.7468921  66.9011745 8175
  69.7478921  66.9081045 8176
  69.7488921  66.9277282 8177
  69.7498921  66.7911438 8178
  69.7508921  66.7872364 8179
  69.7518921  66.7580982 8180
  69.7528921  66.7830815 8181
  69.7538921  66.7511217 8182
  69.7548921  66.5889786 8183
  69.7558921  66.6320975 8184
  69.7568921  66.4639848 8185
  69.7578921  66.4328889 8186
  69.7588921  66.3921251 8187
  69.7598921  66.2874245 8188
  69.7608921  66.1445238 8189
  69.7618921  66.1346635 8190
  69.7628921  66.1254386 8191
  69.7638921  66.1386819 8192
  69.7648921  66.1198522 8193
  69.7658921  66.1073488 8194
  69.7668921  66.1183368 8195
  69.7678921  66.097921 8196
  69.7688921  66.1422914 8197
  69.7698921  66.1355414 8198
  69.7708921  66.118002 8199
  69.7718921  66.143594 8200
  69.7728921  66.1346742 8201
  69.7738921  66.1353474 8202
  69.7748921  66.1338223 8203
  69.7758921  66.1439317 8204
  69.7768921  66.1376369 8205
  69.7778921  66.176823 8206
  69.7788921  66.1924577 8207
  69.7798921  66.1911285 8208
  69.7808921  66.1911039 8209
  69.7818921  66.1914774 8210
  69.7828921  66.1928209 8211
  69.7838921  66.1925143 8212
  69.7848921  66.1987451 8213
  69.7858921  66.2067254 8214
  69.7868921  66.2169916 8215
  69.7878921  66.2113105 8216
  69.7888921  66.2130154 8217
  69.7898921  66.2421123 8218
  69.7908921  66.2470057 8219
  69.7918921  66.2463954 8220
  69.7928921  66.2514317 8221
  69.7938921  66.2545182 8222
  69.7948921  66.2514731 8223
  69.7958921  66.2410209 8224
  69.7968921  66.256158 8225
  69.7978921  66.261246 8226
  69.7988921  66.2630448 8227
  69.7998921  66.2625544 8228
  69.8008921  66.2626069 8229
  69.8018921  66.2649082 8230
  69.8028921  66.2499543 8231
  69.8038921  66.2690328 8232
  69.8048921  66.2726079 8233
  69.8058921  66.2711943 8234
  69.8068921  66.2705609 8235
  69.8078921  66.2727591 8236
  69.8088921  66.2570553 8237
  69.8098921  66.2719244 8238
  69.8108921  66.2595389 8239
  69.8118921  66.2750365 8240
  69.8128921  66.2771049 8241
  69.8138921  66.274683 8242
  69.8148921  66.2728563 8243
  69.8158921  66.2715347 8244
  69.8168921  66.2731398 8245
  69.8178921  66.2753069 8246
  69.8188921  66.2786569 8247
  69.8198921  66.2813366 8248
  69.8208921  66.2820457 8249
  69.8218921  66.2807817 8250
  69.8228921  66.2809435 8251
  69.8238921  66.2844067 8252
  69.8248921  66.3351219 8253
  69.8258921  66.3347541 8254
  69.8268921  66.3115694 8255
  69.8278921  66.3189422 8256
  69.8288921  66.3299377 8257
  69.8298921  66.3126591 8258
  69.8308921  66.3210463 8259
  69.8318921  66.3002575 8260
  69.8328921  66.347731 8261
  69.8338921  66.3196082 8262
  69.8348921  66.3514241 8263
  69.8358921  66.3384341 8264
  69.8368921  66.3227105 8265
  69.8378921  66.3307495 8266
  69.8388921  66.3110288 8267
  69.8398921  66.298827 8268
  69.8408921  66.3555389 8269
  69.8418921  66.32403 8270
  69.8428921  66.3307387 8271
  69.8438921  66.3262079 8272
  69.8448921  66.3325351 8273
  69.8458921  66.3225022 8274
  69.8468921  66.3374977 8275
  69.8478921  66.3377101 8276
  69.8488921  66.3371585 8277
  69.8498921  66.3376645 8278
  69.8508921  66.3380267 8279
  69.8518921  66.3378579 8280
  69.8528921  66.3373318 8281
  69.8538921  66.3370457 8282
  69.8548921  66.336358 8283
  69.8558921  66.3339104 8284
  69.8568921  66.3193191 8285
  69.8578921  66.3306178 8286
  69.8588921  66.329473 8287
  69.8598921  66.3283738 8288
  69.8608921  66.3300932 8289
  69.8618921  66.3296216 8290
  69.8628921  66.3277146 8291
  69.8638921  66.3261477 8292
  69.8648921  66.325753 8293
  69.8658921  66.3128554 8294
  69.8668921  66.3257319 8295
  69.8678921  66.3321087 8296
  69.8688921  66.3144507 8297
  69.8698921  66.3186728 8298
  69.8708921  66.3272852 8299
  69.8718921  66.3192578 8300
  69.8728921  66.3271756 8301
  69.8738921  66.3200278 8302
  69.8748921  66.3271293 8303
  69.8758921  66.3204459 8304
  69.8768921  66.3262064 8305
  69.8778921  66.318145 8306
  69.8788921  66.3254883 8307
  69.8798921  66.3179248 8308
  69.8808921  66.3232631 8309
  69.8818921  66.3188353 8310
  69.8828921  66.3110226 8311
  69.8838921  66.3180899 8312
  69.8848921  66.3122032 8313
  69.8858921  66.3186028 8314
  69.8868921  66.3099504 8315
  69.8878921  66.3178526 8316
  69.8888921  66.3093551 8317
  69.8898921  66.3095267 8318
  69.8908921  66.3032037 8319
  69.8918921  66.3070734 8320
  69.8928921  66.3043588 8321
  69.8938921  66.3088198 8322
  69.8948921  66.3056097 8323
  69.8958921  66.3069304 8324
  69.8968921  66.3017518 8325
  69.8978921  66.3040026 8326
  69.8988921  66.3004732 8327
  69.8998921  66.2953793 8328
  69.9008921  66.2959674 8329
  69.9018921  66.2884185 8330
  69.9028921  66.2922818 8331
  69.9038921  66.2859023 8332
  69.9048921  66.2735675 8333
  69.9058921  66.2679393 8334
  69.9068921  66.2880155 8335
  69.9078921  66.2872433 8336
  69.9088921  66.2881923 8337
  69.9098921  66.2919832 8338
  69.9108921  66.2853667 8339
  69.9118921  66.2483128 8340
  69.9128921  66.2506451 8341
  69.9138921  66.240612 8342
  69.9148921  66.2431716 8343
  69.9158921  66.2407846 8344
  69.9168921  66.237452 8345
  69.9178921  66.2351627 8346
  69.9188921  66.2310591 8347
  69.9198921  66.2280032 8348
  69.9208921  66.2178735 8349
  69.9218921  66.1975744 8350
  69.9228921  66.232366 8351
  69.9238921  66.2273706 8352
  69.9248921  66.2139308 8353
  69.9258921  66.1998552 8354
  69.9268921  66.220429 8355
  69.9278921  66.1859229 8356
  69.9288921  66.1853511 8357
  69.9298921  66.1748798 8358
  69.9308921  66.1779627 8359
  69.9318921  66.1751984 8360
  69.9328921  66.1723818 8361
  69.9338921  66.1725161 8362
  69.9348921  66.1778282 8363
  69.9358921  66.1868943 8364
  69.9368921  66.1815638 8365
  69.9378921  66.1642098 8366
  69.9388921  66.1677109 8367
  69.9398921  66.1684435 8368
  69.9408921  66.1622585 8369
  69.9418921  66.1603737 8370
  69.9428921  66.1624152 8371
  69.9438921  66.1570438 8372
  69.9448921  66.1637376 8373
  69.9458921  66.1674023 8374
  69.9468921  66.1605562 8375
  69.9478921  66.166367 8376
  69.9488921  66.1631596 8377
  69.9498921  66.1596269 8378
  69.9508921  66.1672648 8379
  69.9518921  66.1669269 8380
  69.9528921  66.1652191 8381
  69.9538921  66.1729761 8382
  69.9548921  66.1739616 8383
  69.9558921  66.1712661 8384
  69.9568921  66.1824842 8385
  69.9578921  66.1839042 8386
  69.9588921  66.1762906 8387
  69.9598921  66.1842422 8388
  69.9608921  66.2095858 8389
  69.9618921  66.1982876 8390
  69.9628921  66.1875462 8391
  69.9638921  66.1871059 8392
  69.9648921  66.1863897 8393
  69.9658921  66.184677 8394
  69.9668921  66.1942046 8395
  69.9678921  66.1839202 8396
  69.9688921  66.1820221 8397
  69.9698921  66.1892476 8398
  69.9708921  66.1856803 8399
  69.9718921  66.208476 8400
  69.9728921  66.1955952 8401
  69.9738921  66.1819072 8402
  69.9748921  66.1837468 8403
  69.9758921  66.1830467 8404
  69.9768921  66.1761261 8405
  69.9778921  66.1877975 8406
  69.9788921  66.1755598 8407
  69.9798921  66.1676307 8408
  69.9808921  66.17745 8409
  69.9818921  66.1700171 8410
  69.9828921  66.1671016 8411
  69.9838921  66.1638171 8412
  69.9848921  66.1606159 8413
  69.9858921  66.1598613 8414
  69.9868921  66.1598598 8415
  69.9878921  66.1576274 8416
  69.9888921  66.153333 8417
  69.9898921  66.1506532 8418
  69.9908921  66.1475156 8419
  69.9918921  66.1495357 8420
  69.9928921  66.136484 8421
  69.9938921  66.1375725 8422
  69.9948921  66.137908 8423
  69.9958921  66.1374569 8424
  69.9968921  66.1361189 8425
  69.9978921  66.1357203 8426
  69.9988921  66.1369119 8427
  69.9998921  66.1379629 8428
  70.0008921  66.136741 8429
  70.0018921  66.2387476 8430
  70.0028921  66.4109566 8431
  70.0038921  66.9183278 8432
  70.0048921  67.9844397 8433
  70.0058921  68.6763247 8434
  70.0068921  69.2844301 8435
  70.0078921  70.7657639 8436
  70.0088921  71.6870956 8437
  70.0098921  73.2542289 8438
  70.0108921  74.3722022 8439
  70.0118921  75.6670582 8440
  70.0128921  77.5822551 8441
  70.0138921  79.5189789 8442
  70.0148921  82.0827697 8443
  70.0158921  84.3690389 8444
  70.0168921  86.5579774 8445
  70.0178921  90.4886674 8446
  70.0188921  93.0392791 8447
  70.0198921  96.0566721 8448
  70.0208921  98.8097932 8449
  70.0218921  101.357995 8450
  70.0228921  103.432654 8451
  70.0238921  106.052363 8452
  70.0248921  108.513525 8453
  70.0258921  110.910646 8454
  70.0268921  113.137656 8455
  70.0278921  115.41716 8456
  70.0288921  117.20216 8457
  70.0298921  119.875028 8458
  70.0308921  121.632146 8459
  70.0318921  123.388279 8460
  70.0328921  125.860333 8461
  70.0338921  127.858135 8462
  70.0348921  129.504914 8463
  70.0358921  131.161274 8464
  70.0368921  132.754282 8465
  70.0378921  134.560901 8466
  70.0388921  136.355524 8467
  70.0398921  138.160681 8468
  70.0408921  139.712905 8469
  70.0418921  141.749091 8470
  70.0428921  143.566786 8471
  70.0438921  145.318333 8472
  70.0448921  147.037483 8473
  70.0458921  148.41905 8474
  70.0468921  150.079955 8475
  70.0478921  151.283135 8476
  70.0488921  153.164905 8477
  70.0498921  154.741497 8478
  70.0508921  156.247432 8479
  70.0518921  157.744621 8480
  70.0528921  159.28782 8481
  70.0538921  161.167846 8482
  70.0548921  163.26806 8483
  70.0558921  165.205898 8484
  70.0568921  167.628484 8485
  70.0578921  168.602244 8486
  70.0588921  170.551546 8487
  70.0598921  173.695967 8488
  70.0608921  174.864074 8489
  70.0618921  175.915226 8490
  70.0628921  176.136898 8491
  70.0638921  177.358733 8492
  70.0648921  179.526974 8493
  70.0658921  181.912466 8494
  70.0668921  183.449782 8495
  70.0678921  185.861451 8496
  70.0688921  186.743182 8497
  70.0698921  187.680781 8498
  70.0708921  189.481104 8499
  70.0718921  191.176437 8500
  70.0728921  192.615409 8501
  70.0738921  194.184061 8502
  70.0748921  195.723143 8503
  70.0758921  196.674664 8504
  70.0768921  198.714984 8505
  70.0778921  199.251268 8506
  70.0788921  199.594832 8507
  70.0798921  201.01328 8508
  70.0808921  203.004253 8509
  70.0818921  205.05894 8510
  70.0828921  205.763863 8511
  70.0838921  207.124348 8512
  70.0848921  208.956721 8513
  70.0858921  210.13156 8514
  70.0868921  210.362578 8515
  70.0878921  212.12687 8516
  70.0888921  214.396616 8517
  70.0898921  214.573701 8518
  70.0908921  215.307215 8519
  70.0918921  215.688467 8520
  70.0928921  218.138182 8521
  70.0938921  219.039858 8522
  70.0948921  220.682192 8523
  70.0958921  221.491344 8524
  70.0968921  221.788812 8525
  70.0978921  223.085176 8526
  70.0988921  224.406532 8527
  70.0998921  224.798763 8528
  70.1008921  225.266761 8529
  70.1018921  225.7296 8530
  70.1028921  228.200491 8531
  70.1038921  229.677562 8532
  70.1048921  230.087719 8533
  70.1058921  230.770341 8534
  70.1068921  232.16854 8535
  70.1078921  233.665006 8536
  70.1088921  235.035717 8537
  70.1098921  236.590228 8538
  70.1108921  236.514917 8539
  70.1118921  237.526999 8540
  70.1128921  238.423359 8541
  70.1138921  239.826394 8542
  70.1148921  241.156157 8543
  70.1158921  240.186612 8544
  70.1168921  241.416597 8545
  70.1178921  243.975697 8546
  70.1188921  245.89305 8547
  70.1198921  247.68971 8548
  70.1208921  248.05 8549
  70.1218921  250.04096 8550
  70.1228921  249.538448 8551
  70.1238921  251.336583 8552
  70.1248921  252.409761 8553
  70.1258921  254.864758 8554
  70.1268921  253.905338 8555
  70.1278921  255.716303 8556
  70.1288921  258.898776 8557
  70.1298921  261.44088 8558
  70.1308921  263.111249 8559
  70.1318921  266.425315 8560
  70.1328921  267.746013 8561
  70.1338921  271.604146 8562
  70.1348921  276.031816 8563
  70.1358921  277.524687 8564
  70.1368921  281.868667 8565
  70.1378921  287.472723 8566
  70.1388921  286.877149 8567
