100 -0.0050251 0.015075 0.025126 0.035176 0.045226 0.055276 0.065327 0.075377 0.085427 0.095477 0.10553 0.11558 0.12563 0.13568 0.14573 0.15578 0.16583 0.17588 0.18593 0.19598 0.20603 0.21608 0.22613 0.23618 0.24623 0.25628 0.26633 0.27638 0.28643 0.29648 0.30653 0.31658 0.32663 0.33668 0.34673 0.35678 0.36683 0.37688 0.38693 0.39698 0.40704 0.41709 0.42714 0.43719 0.44724 0.45729 0.46734 0.47739 0.48744 0.49749 0.50754 0.51759 0.52764 0.53769 0.54774 0.55779 0.56784 0.57789 0.58794 0.59799 0.60804 0.61809 0.62814 0.63819 0.64824 0.65829 0.66834 0.67839 0.68844 0.69849 0.70854 0.71859 0.72864 0.73869 0.74874 0.75879 0.76884 0.77889 0.78894 0.79899 0.80905 0.8191 0.82915 0.8392 0.84925 0.8593 0.86935 0.8794 0.88945 0.8995 0.90955 0.9196 0.92965 0.9397 0.94975 0.9598 0.96985 0.9799 0.98995 1 
3.4 0.17899 0.18368 0.18583 0.18542 0.18504 0.18479 0.18452 0.18414 0.18382 0.18365 0.18354 0.18344 0.18335 0.18332 0.18334 0.1834 0.18349 0.18361 0.18376 0.18395 0.18416 0.18441 0.18469 0.185 0.18534 0.18572 0.18614 0.18659 0.18709 0.18763 0.18821 0.18884 0.18951 0.19023 0.19098 0.19176 0.19257 0.19341 0.19426 0.19511 0.19595 0.19677 0.19756 0.19829 0.19896 0.19955 0.20003 0.2004 0.20063 0.20072 0.20064 0.20038 0.19992 0.19925 0.19836 0.19726 0.19594 0.19442 0.19269 0.19076 0.18861 0.18626 0.18371 0.18097 0.17804 0.17495 0.17169 0.16829 0.16476 0.16112 0.15735 0.15347 0.14949 0.14542 0.14126 0.13704 0.13277 0.12844 0.12405 0.11958 0.11504 0.11043 0.10573 0.10095 0.096074 0.091105 0.086032 0.080857 0.075582 0.070217 0.064792 0.05932 0.053809 0.048289 0.042788 0.037336 0.031973 0.026754 0.02173 0.019286 
4 0.19845 0.20365 0.20598 0.20541 0.20492 0.20462 0.20425 0.20374 0.20334 0.20316 0.20309 0.20304 0.20304 0.20313 0.20333 0.2036 0.20395 0.20436 0.20484 0.2054 0.20602 0.20672 0.20747 0.20829 0.20917 0.21009 0.21106 0.21207 0.21311 0.21417 0.21525 0.21632 0.21738 0.21842 0.21942 0.22037 0.22125 0.22205 0.22276 0.22337 0.22387 0.22424 0.22447 0.22456 0.2245 0.22428 0.22391 0.22336 0.22266 0.22178 0.22073 0.21952 0.21814 0.21659 0.21489 0.21303 0.21101 0.20884 0.20653 0.20408 0.20149 0.19877 0.19593 0.19296 0.18987 0.18665 0.18331 0.17986 0.17629 0.1726 0.16882 0.16495 0.16098 0.1569 0.15271 0.14843 0.14403 0.13955 0.135 0.13038 0.12565 0.12081 0.11585 0.11078 0.10558 0.10024 0.09475 0.089121 0.083329 0.077386 0.071327 0.065174 0.058947 0.052671 0.046395 0.040159 0.034021 0.028053 0.022336 0.019565 
4.5 0.21846 0.22406 0.22648 0.22575 0.22521 0.22489 0.22441 0.22381 0.22341 0.22333 0.22341 0.22352 0.22371 0.22406 0.22455 0.22515 0.22584 0.22663 0.22751 0.22847 0.2295 0.2306 0.23174 0.23293 0.23415 0.23539 0.23663 0.23787 0.2391 0.2403 0.24147 0.24257 0.2436 0.24456 0.24543 0.2462 0.24686 0.2474 0.24781 0.24809 0.24822 0.24821 0.24804 0.24771 0.24721 0.24655 0.24575 0.24479 0.24359 0.24208 0.24038 0.23867 0.23705 0.23531 0.23319 0.23064 0.22784 0.22494 0.22195 0.2188 0.21544 0.21188 0.20815 0.20425 0.20019 0.19596 0.19157 0.18702 0.18232 0.17748 0.17252 0.16744 0.16227 0.15702 0.15169 0.1463 0.14086 0.13538 0.1299 0.12443 0.11896 0.1135 0.10804 0.10258 0.097096 0.09158 0.086002 0.080323 0.07446 0.068334 0.061858 0.054938 0.04753 0.039709 0.031749 0.02413 0.017444 0.012187 0.008509 0.0070618 
5 0.24044 0.24622 0.24827 0.2469 0.24608 0.24576 0.24522 0.24448 0.24403 0.24405 0.24429 0.24458 0.24498 0.24557 0.24634 0.24724 0.24823 0.24933 0.25052 0.25179 0.25313 0.25451 0.25592 0.25733 0.25874 0.26015 0.26156 0.26297 0.26434 0.26562 0.26679 0.26782 0.26871 0.26948 0.2701 0.27058 0.2709 0.27109 0.2712 0.27124 0.27113 0.27082 0.27027 0.26949 0.26845 0.26715 0.26556 0.26369 0.26154 0.25913 0.25645 0.25353 0.25036 0.24696 0.24333 0.23947 0.2354 0.23113 0.22668 0.22205 0.21726 0.21232 0.20725 0.20207 0.19677 0.19138 0.18591 0.18035 0.17471 0.169 0.16322 0.15737 0.15149 0.14558 0.13966 0.13372 0.12778 0.12186 0.11601 0.11022 0.10452 0.098912 0.093393 0.087966 0.082626 0.07737 0.07219 0.067078 0.062014 0.056998 0.052042 0.047147 0.042311 0.037543 0.03286 0.028278 0.023826 0.019546 0.015481 0.013518 
5.5 0.26183 0.26777 0.26972 0.26815 0.26731 0.26693 0.26616 0.2652 0.26472 0.26485 0.26518 0.26546 0.26582 0.26652 0.26761 0.2689 0.27012 0.27122 0.27229 0.27349 0.27498 0.27682 0.27885 0.28084 0.28262 0.28424 0.28576 0.28723 0.28862 0.28991 0.29107 0.29209 0.29294 0.2936 0.29404 0.29427 0.29426 0.294 0.29349 0.29271 0.29164 0.29028 0.28863 0.28669 0.28444 0.2819 0.27905 0.27591 0.27248 0.26877 0.26478 0.26054 0.25604 0.25132 0.24638 0.24123 0.2359 0.2304 0.22475 0.21898 0.21309 0.20711 0.20107 0.19496 0.18883 0.18268 0.17653 0.1704 0.16428 0.15819 0.15213 0.14611 0.14014 0.13425 0.12842 0.12265 0.11696 0.11134 0.10584 0.10047 0.095212 0.09007 0.085026 0.08007 0.075185 0.070361 0.065583 0.060841 0.056117 0.051417 0.046771 0.042197 0.037709 0.033328 0.02908 0.024977 0.021035 0.017278 0.013728 0.012016 
6 0.28504 0.29074 0.29188 0.28945 0.28822 0.28751 0.28606 0.28438 0.28367 0.28424 0.28534 0.28628 0.28704 0.28792 0.28911 0.29054 0.29211 0.29376 0.29549 0.29729 0.29913 0.30099 0.30283 0.30464 0.30639 0.30805 0.30961 0.31103 0.3123 0.31337 0.31424 0.31488 0.31528 0.3154 0.31524 0.31477 0.31398 0.31287 0.31142 0.30963 0.3075 0.30503 0.30221 0.29905 0.29557 0.29177 0.28765 0.28325 0.27856 0.27361 0.26842 0.263 0.25738 0.25158 0.24561 0.2395 0.23327 0.22694 0.22053 0.21406 0.20755 0.20101 0.19448 0.18795 0.18145 0.175 0.16862 0.16231 0.15607 0.14991 0.14384 0.13787 0.132 0.12624 0.12059 0.11502 0.10954 0.10414 0.098842 0.093654 0.088564 0.083576 0.078686 0.073899 0.069212 0.064625 0.060131 0.055729 0.0514 0.047143 0.042974 0.03889 0.034882 0.030954 0.027118 0.023381 0.019763 0.01629 0.012992 0.011399 
6.5 0.30607 0.31172 0.3126 0.30999 0.30888 0.30842 0.30731 0.30608 0.30562 0.30596 0.30659 0.30728 0.30819 0.30942 0.31089 0.31252 0.31426 0.3161 0.31803 0.32 0.32198 0.32394 0.32583 0.32764 0.32933 0.33087 0.33224 0.3334 0.33432 0.33497 0.33534 0.33541 0.33515 0.33454 0.33358 0.33225 0.33053 0.32844 0.32595 0.32308 0.31984 0.31623 0.31226 0.30795 0.30332 0.29837 0.29313 0.28762 0.28187 0.27589 0.26971 0.26335 0.25685 0.25021 0.24347 0.23664 0.22976 0.22283 0.21588 0.20892 0.20198 0.19507 0.18821 0.18141 0.17468 0.16806 0.16155 0.15516 0.1489 0.14278 0.1368 0.13095 0.12524 0.11966 0.1142 0.10883 0.10357 0.098382 0.093299 0.088308 0.083392 0.078545 0.073765 0.069058 0.064429 0.059889 0.055447 0.051113 0.046884 0.042771 0.038793 0.034951 0.031232 0.027637 0.024168 0.020821 0.017606 0.01454 0.011639 0.01024 
7 0.33077 0.33598 0.33585 0.33231 0.33081 0.33008 0.32861 0.32708 0.32655 0.32693 0.32762 0.32841 0.32944 0.33082 0.33247 0.33425 0.33614 0.3381 0.34013 0.34216 0.34416 0.34609 0.3479 0.34957 0.35105 0.35232 0.35334 0.35408 0.35451 0.3546 0.35433 0.3537 0.35267 0.35123 0.34939 0.34713 0.34444 0.34134 0.33782 0.3339 0.32958 0.3249 0.31986 0.31449 0.3088 0.30283 0.2966 0.29013 0.28345 0.2766 0.26959 0.26245 0.25522 0.2479 0.24054 0.23315 0.22576 0.21839 0.21105 0.20376 0.19653 0.18939 0.18234 0.17541 0.1686 0.16194 0.15544 0.14906 0.14282 0.13672 0.13075 0.12493 0.11926 0.11374 0.10838 0.10317 0.098085 0.093137 0.088337 0.083669 0.079101 0.074606 0.070156 0.065727 0.061295 0.056852 0.052398 0.047956 0.043559 0.039257 0.035117 0.031181 0.027472 0.024003 0.020774 0.017767 0.014966 0.012358 0.0099287 0.0087638 
7.5 0.35579 0.36047 0.35925 0.35477 0.35291 0.35195 0.3501 0.34827 0.34763 0.34801 0.34872 0.34953 0.35063 0.3521 0.35384 0.3557 0.35764 0.35964 0.36167 0.36367 0.36558 0.36736 0.36897 0.37038 0.37154 0.37242 0.37298 0.37318 0.37302 0.37245 0.37147 0.37006 0.3682 0.36589 0.36313 0.35991 0.35625 0.35215 0.34763 0.34269 0.33736 0.33166 0.32562 0.31927 0.31264 0.30575 0.29863 0.29131 0.28382 0.2762 0.26847 0.26067 0.25282 0.24495 0.23709 0.22927 0.2215 0.21381 0.2062 0.1987 0.1913 0.18402 0.17687 0.16985 0.16297 0.15626 0.14971 0.14333 0.1371 0.13104 0.12514 0.1194 0.11383 0.10843 0.10319 0.098091 0.093134 0.088313 0.083648 0.079131 0.074737 0.070458 0.066287 0.062223 0.058257 0.054386 0.0506 0.046893 0.043261 0.039701 0.036223 0.032822 0.029493 0.026241 0.023069 0.019986 0.017006 0.014149 0.011435 0.010122 
8 0.38125 0.38527 0.38281 0.37736 0.37514 0.37394 0.37168 0.36954 0.36877 0.36912 0.36979 0.37057 0.37168 0.37318 0.37493 0.37679 0.37871 0.38066 0.3826 0.38447 0.38621 0.38776 0.38908 0.39014 0.39089 0.39129 0.39131 0.39093 0.39011 0.38883 0.38709 0.38486 0.38215 0.37895 0.37527 0.37112 0.36651 0.36145 0.35596 0.35007 0.34379 0.33716 0.33021 0.32297 0.31548 0.30775 0.2998 0.29171 0.28356 0.27542 0.26728 0.25911 0.25088 0.24263 0.2344 0.22624 0.21818 0.21022 0.20239 0.19469 0.18714 0.17975 0.17253 0.16547 0.1586 0.15192 0.14543 0.13913 0.13301 0.12706 0.1213 0.11571 0.1103 0.10507 0.10002 0.095115 0.090364 0.085753 0.081297 0.076977 0.072757 0.068618 0.064546 0.060531 0.056566 0.052653 0.04879 0.044994 0.041279 0.037661 0.034164 0.03079 0.027542 0.024421 0.021422 0.018547 0.015798 0.013182 0.010708 0.0095133 
8.5 0.4072 0.41064 0.40726 0.40118 0.39865 0.39697 0.39413 0.39163 0.39075 0.39102 0.39159 0.3923 0.39337 0.39484 0.39654 0.39833 0.40015 0.40198 0.40376 0.40542 0.40689 0.40812 0.40909 0.40976 0.40998 0.40968 0.40888 0.40775 0.4063 0.40446 0.40211 0.39918 0.39558 0.39136 0.38667 0.38161 0.37613 0.37018 0.36378 0.35698 0.34984 0.34241 0.33472 0.32679 0.31864 0.3103 0.30181 0.2932 0.28453 0.27582 0.2671 0.2584 0.24975 0.24117 0.23268 0.22431 0.21607 0.20798 0.20005 0.19228 0.18469 0.1773 0.17009 0.16306 0.15619 0.14953 0.14311 0.13697 0.13107 0.12534 0.11974 0.11426 0.10892 0.10377 0.098807 0.094002 0.089347 0.084836 0.080488 0.076296 0.072233 0.068291 0.064459 0.06072 0.057046 0.053401 0.049727 0.045973 0.042094 0.038069 0.033925 0.029729 0.025595 0.02167 0.018086 0.01493 0.012224 0.0099277 0.0079629 0.0070569 
9 0.43458 0.43689 0.43168 0.42435 0.42167 0.42011 0.41696 0.41385 0.41238 0.41221 0.41252 0.41322 0.4144 0.41591 0.41752 0.41913 0.42078 0.42244 0.42402 0.42543 0.42657 0.4274 0.42788 0.42802 0.42775 0.42704 0.42583 0.42412 0.42188 0.41911 0.41579 0.41193 0.40754 0.40264 0.39722 0.39133 0.38497 0.37819 0.37101 0.36348 0.35562 0.34746 0.33905 0.33042 0.32162 0.31268 0.30365 0.29455 0.28543 0.27632 0.26723 0.25821 0.24926 0.24043 0.23172 0.22316 0.21475 0.20652 0.19846 0.19059 0.18293 0.17547 0.16823 0.1612 0.15438 0.14778 0.14139 0.1352 0.12921 0.1234 0.11777 0.11232 0.10703 0.10191 0.096952 0.092132 0.087448 0.082897 0.078499 0.074246 0.070115 0.066102 0.062202 0.058411 0.054722 0.051128 0.047614 0.044174 0.040808 0.037508 0.034281 0.031119 0.028021 0.024993 0.022041 0.019176 0.016413 0.013769 0.01126 0.010047 
9.5 0.4611 0.46248 0.45593 0.44763 0.44432 0.44198 0.4382 0.43499 0.43376 0.43378 0.43404 0.43445 0.43528 0.43653 0.43797 0.43945 0.44092 0.44232 0.44359 0.44463 0.4454 0.44583 0.44589 0.44554 0.44472 0.44341 0.44157 0.43919 0.43626 0.43278 0.42873 0.42413 0.41899 0.41333 0.40715 0.40051 0.39342 0.38591 0.37803 0.3698 0.36127 0.35248 0.34345 0.33425 0.32489 0.31543 0.3059 0.29634 0.28678 0.27727 0.26783 0.25848 0.24927 0.24019 0.23128 0.22254 0.21397 0.2056 0.19742 0.18945 0.18169 0.17415 0.16682 0.15973 0.15286 0.14622 0.1398 0.1336 0.12759 0.12179 0.11618 0.11076 0.10551 0.10043 0.095494 0.090708 0.08606 0.081544 0.07716 0.072891 0.068725 0.064654 0.060676 0.056787 0.052988 0.049281 0.045658 0.042129 0.03871 0.035405 0.032214 0.029132 0.02616 0.023297 0.020538 0.017889 0.015356 0.012943 0.010658 0.0095536 
10 0.49137 0.49066 0.48134 0.47111 0.46712 0.46461 0.46048 0.45684 0.45532 0.45511 0.45515 0.45538 0.45606 0.45717 0.45845 0.45974 0.46099 0.46214 0.4631 0.46382 0.46423 0.46426 0.46387 0.46303 0.46169 0.45983 0.4574 0.4544 0.45083 0.44668 0.44194 0.43663 0.43076 0.42435 0.41744 0.41005 0.40221 0.39397 0.38534 0.37637 0.36708 0.35749 0.34766 0.33767 0.32762 0.31758 0.3076 0.29765 0.28774 0.27789 0.26812 0.25846 0.24895 0.2396 0.23044 0.22148 0.21273 0.20421 0.19591 0.18785 0.18002 0.17242 0.16507 0.15795 0.15108 0.14443 0.13801 0.13182 0.12586 0.12011 0.11457 0.10922 0.10403 0.098997 0.094103 0.089364 0.084769 0.080293 0.07593 0.071669 0.067507 0.063437 0.059451 0.055542 0.051698 0.047916 0.0442 0.040559 0.037022 0.033608 0.03033 0.027205 0.024249 0.02146 0.018837 0.016374 0.014065 0.011901 0.0098726 0.0088978 
10.5 0.51614 0.51477 0.50548 0.49585 0.49181 0.48829 0.48306 0.47891 0.47721 0.47677 0.47652 0.4765 0.47699 0.4779 0.47895 0.47998 0.48094 0.48179 0.48243 0.48278 0.48278 0.48238 0.4815 0.48014 0.47823 0.47575 0.47268 0.469 0.46471 0.45979 0.45426 0.44813 0.44142 0.43415 0.42637 0.41811 0.40942 0.40034 0.39093 0.38124 0.37133 0.36124 0.35098 0.3406 0.33014 0.31962 0.30911 0.29864 0.28825 0.27797 0.26783 0.25787 0.24809 0.23853 0.22919 0.22007 0.21119 0.20255 0.19416 0.18604 0.17819 0.17062 0.16332 0.1563 0.14953 0.14298 0.13664 0.13051 0.12458 0.11886 0.11333 0.10801 0.10286 0.097879 0.093056 0.088395 0.083881 0.07947 0.075146 0.070891 0.066698 0.062567 0.058498 0.054503 0.050589 0.046776 0.043083 0.039529 0.036135 0.032904 0.02983 0.026911 0.02414 0.021504 0.018999 0.016623 0.014373 0.012247 0.010247 0.0092833 
11 0.54446 0.54166 0.53061 0.51993 0.51549 0.51155 0.5058 0.50125 0.49923 0.49844 0.49782 0.49751 0.49775 0.4984 0.49916 0.49988 0.50052 0.50101 0.50127 0.50119 0.50073 0.49981 0.49839 0.49642 0.49386 0.49069 0.48692 0.48243 0.47712 0.47104 0.46459 0.45798 0.45101 0.44328 0.43472 0.4256 0.41617 0.40646 0.39643 0.38608 0.37549 0.36472 0.35383 0.34288 0.33191 0.32094 0.31004 0.29922 0.28853 0.278 0.26766 0.25752 0.2476 0.23791 0.22848 0.21929 0.21037 0.20172 0.19334 0.18523 0.17741 0.16984 0.16254 0.15551 0.14872 0.14217 0.13585 0.12974 0.12385 0.11816 0.11267 0.10738 0.10227 0.097343 0.092591 0.088028 0.083641 0.079392 0.075257 0.071203 0.067196 0.063201 0.059183 0.055122 0.051006 0.046857 0.042717 0.038645 0.034713 0.030979 0.027485 0.02426 0.021313 0.018636 0.016212 0.014021 0.012039 0.010239 0.0085962 0.007815 
11.5 0.57299 0.56868 0.55573 0.54394 0.53895 0.53435 0.5279 0.52288 0.52056 0.51944 0.51848 0.51785 0.5178 0.51814 0.51856 0.51895 0.51922 0.51926 0.51895 0.51825 0.51718 0.51573 0.51382 0.51134 0.50821 0.50441 0.49994 0.49481 0.48903 0.48261 0.47555 0.4679 0.45968 0.45095 0.44174 0.43208 0.42202 0.41162 0.40092 0.38999 0.37886 0.3676 0.35625 0.34486 0.3335 0.32221 0.311 0.29991 0.28897 0.27823 0.2677 0.25732 0.24705 0.23705 0.22751 0.21845 0.20968 0.20097 0.19234 0.18395 0.1759 0.16819 0.16076 0.15359 0.14666 0.13996 0.13348 0.12721 0.12114 0.11529 0.10964 0.10419 0.098909 0.093804 0.08887 0.08413 0.079588 0.075228 0.071048 0.067043 0.063204 0.059524 0.055995 0.052606 0.04932 0.046088 0.042833 0.039452 0.035838 0.031883 0.027514 0.022736 0.017688 0.012662 0.0080669 0.0043067 0.0016343 6.8222e-05 -0.00058384 -0.00071589 
12 0.60213 0.59602 0.58093 0.56804 0.56264 0.55745 0.55027 0.54468 0.54184 0.54009 0.53846 0.53724 0.53667 0.53657 0.53666 0.53678 0.5368 0.53655 0.53594 0.53492 0.53344 0.53143 0.52885 0.52566 0.52183 0.51735 0.5122 0.50637 0.49989 0.49276 0.48501 0.47668 0.46778 0.45837 0.44849 0.4382 0.42753 0.41654 0.40529 0.39381 0.38217 0.37041 0.35857 0.34671 0.33487 0.3231 0.31142 0.29989 0.28855 0.27743 0.26654 0.25591 0.24554 0.23542 0.22555 0.21593 0.20657 0.19747 0.18865 0.18011 0.17186 0.1639 0.15621 0.14882 0.1417 0.13483 0.12821 0.12184 0.1157 0.10977 0.10406 0.098543 0.093211 0.088066 0.083098 0.078316 0.073717 0.069286 0.06502 0.060915 0.056971 0.053183 0.049545 0.046052 0.042691 0.03946 0.036363 0.033404 0.030577 0.027878 0.025301 0.022843 0.020498 0.018267 0.016161 0.014189 0.012363 0.01068 0.0091345 0.0083996 
12.5 0.62867 0.6211 0.60444 0.5907 0.58448 0.57811 0.57011 0.56424 0.56119 0.55915 0.55734 0.55612 0.55548 0.55508 0.55474 0.55444 0.55402 0.5533 0.55218 0.55062 0.54859 0.54602 0.54285 0.53907 0.53464 0.52954 0.52376 0.5173 0.51017 0.50239 0.49399 0.48499 0.47544 0.46539 0.45487 0.44393 0.43264 0.42104 0.40919 0.39715 0.38494 0.37263 0.36027 0.34791 0.33559 0.32336 0.31124 0.29928 0.2875 0.27593 0.2646 0.25352 0.2427 0.23216 0.22191 0.21196 0.20231 0.19297 0.18394 0.17523 0.16683 0.15874 0.15095 0.14346 0.13627 0.12934 0.12268 0.11627 0.11011 0.10419 0.098487 0.092987 0.087679 0.082559 0.077612 0.072837 0.06823 0.063781 0.059494 0.055368 0.051406 0.047613 0.043988 0.040532 0.037238 0.034108 0.031152 0.028367 0.025743 0.023272 0.02095 0.018767 0.01672 0.014812 0.013049 0.011436 0.0099779 0.0086606 0.0074716 0.0069125 
13 0.65532 0.64634 0.62788 0.61301 0.60617 0.59912 0.59041 0.58411 0.58089 0.57869 0.5766 0.57501 0.57402 0.57323 0.57234 0.57132 0.5702 0.56895 0.56744 0.56552 0.5631 0.56006 0.55637 0.55201 0.54697 0.54124 0.53481 0.52768 0.51988 0.51143 0.50234 0.49265 0.48241 0.47167 0.46045 0.44881 0.43682 0.42452 0.41198 0.39924 0.38634 0.37333 0.36029 0.34726 0.33428 0.3214 0.30866 0.29611 0.28376 0.27165 0.25981 0.24827 0.23703 0.22612 0.21556 0.20534 0.19549 0.186 0.1769 0.16816 0.15981 0.15184 0.14424 0.137 0.13012 0.12358 0.11736 0.11146 0.10587 0.10058 0.095557 0.090792 0.086276 0.082005 0.077956 0.074114 0.070463 0.06698 0.06365 0.06045 0.057359 0.054357 0.051421 0.048533 0.045672 0.042832 0.040028 0.037258 0.034517 0.031807 0.029136 0.026509 0.023941 0.021458 0.019093 0.016878 0.014834 0.012963 0.011259 0.010452 
13.5 0.68259 0.67239 0.65242 0.63664 0.62937 0.62179 0.61241 0.6055 0.60174 0.59903 0.59643 0.59436 0.59293 0.5918 0.59065 0.58941 0.58803 0.58636 0.58425 0.5816 0.57842 0.57473 0.57047 0.56556 0.55992 0.55354 0.54643 0.53859 0.53006 0.52085 0.51098 0.50049 0.48943 0.47784 0.46577 0.45327 0.44042 0.42727 0.41387 0.4003 0.38659 0.37282 0.35906 0.34538 0.33181 0.31843 0.30529 0.29242 0.27986 0.26765 0.25582 0.2444 0.23339 0.22282 0.21268 0.20299 0.19372 0.1849 0.1765 0.16852 0.16095 0.15378 0.14698 0.14054 0.13444 0.12865 0.12315 0.11794 0.11298 0.10827 0.10378 0.099469 0.09534 0.091385 0.087575 0.083899 0.080342 0.076879 0.073499 0.070185 0.06692 0.063689 0.060477 0.057269 0.054047 0.05081 0.047575 0.044347 0.041126 0.037919 0.034734 0.031583 0.028485 0.025474 0.022596 0.01989 0.01739 0.015104 0.013022 0.012038 
14 0.71058 0.69914 0.67763 0.66085 0.65303 0.64483 0.63472 0.62718 0.62293 0.61973 0.61665 0.61412 0.61227 0.61073 0.60918 0.60752 0.60565 0.6035 0.60097 0.59794 0.59424 0.58976 0.58456 0.57879 0.57243 0.56537 0.55751 0.54886 0.53946 0.52936 0.51858 0.50716 0.49516 0.48264 0.46965 0.45627 0.44258 0.42864 0.41453 0.40032 0.38608 0.37188 0.3578 0.34391 0.33025 0.31688 0.30386 0.2912 0.27895 0.26712 0.25574 0.24481 0.23433 0.22431 0.21474 0.20561 0.1969 0.18861 0.18072 0.17321 0.16607 0.15928 0.15282 0.14667 0.14081 0.1352 0.12984 0.1247 0.11979 0.11508 0.11053 0.10613 0.10189 0.097777 0.093786 0.089903 0.086115 0.082399 0.078746 0.075138 0.071566 0.068018 0.064478 0.060941 0.057391 0.053833 0.05029 0.046766 0.043268 0.0398 0.036372 0.032991 0.02968 0.026469 0.023401 0.020524 0.017869 0.015447 0.013247 0.012207 
14.5 0.73907 0.72639 0.70332 0.68552 0.67712 0.66825 0.65737 0.64919 0.64442 0.64073 0.63716 0.63415 0.63184 0.62982 0.62779 0.62564 0.62329 0.62061 0.61746 0.61373 0.60934 0.60424 0.59843 0.59192 0.58465 0.57659 0.56774 0.55814 0.5478 0.53675 0.52504 0.51271 0.49983 0.48649 0.47274 0.45868 0.44439 0.42996 0.41545 0.40094 0.38651 0.37222 0.35814 0.34433 0.33083 0.31769 0.30494 0.2926 0.28069 0.26922 0.2582 0.24763 0.23751 0.22783 0.21857 0.20971 0.20126 0.19319 0.18549 0.17814 0.17112 0.16442 0.158 0.15187 0.146 0.14038 0.13497 0.12978 0.12478 0.11995 0.11528 0.11076 0.10637 0.10213 0.097996 0.093953 0.089993 0.086111 0.082316 0.078595 0.07492 0.071257 0.067577 0.063872 0.060135 0.056387 0.052658 0.048958 0.045288 0.041638 0.038014 0.034439 0.03097 0.027666 0.024587 0.021763 0.019187 0.016811 0.014571 0.013486 
15 0.76822 0.75429 0.72969 0.71087 0.70182 0.69222 0.68053 0.6717 0.6664 0.66218 0.65807 0.65454 0.65171 0.64917 0.64659 0.64386 0.6409 0.63758 0.63377 0.62935 0.62425 0.6184 0.61175 0.60431 0.59608 0.58706 0.57725 0.56669 0.55542 0.54348 0.53093 0.51781 0.50422 0.49024 0.47593 0.46141 0.44675 0.43204 0.41732 0.40269 0.38821 0.37395 0.35995 0.34628 0.33296 0.32003 0.3075 0.29541 0.28375 0.27253 0.26176 0.25141 0.24149 0.23199 0.22289 0.21418 0.20586 0.19789 0.19028 0.183 0.17604 0.16938 0.163 0.15688 0.151 0.14534 0.13989 0.13463 0.12957 0.12467 0.11993 0.11532 0.11084 0.1065 0.10226 0.098126 0.094079 0.0901 0.08618 0.082308 0.078468 0.074648 0.070836 0.06702 0.063182 0.059329 0.055477 0.051634 0.047812 0.044012 0.040243 0.036519 0.03286 0.029297 0.025879 0.022658 0.019674 0.01694 0.014449 0.013271 
15.5 0.79876 0.78327 0.75659 0.73638 0.72675 0.71661 0.70416 0.69459 0.68869 0.68392 0.67924 0.67513 0.67173 0.66861 0.66542 0.66206 0.65843 0.6544 0.64981 0.64456 0.6386 0.63188 0.62435 0.61601 0.60687 0.59696 0.58628 0.57485 0.56274 0.55 0.53672 0.52296 0.50881 0.49434 0.47965 0.46481 0.44992 0.43504 0.42023 0.40556 0.3911 0.3769 0.363 0.34945 0.33627 0.32349 0.31112 0.29919 0.28769 0.27664 0.26601 0.2558 0.24601 0.23662 0.22763 0.21902 0.21076 0.20286 0.19528 0.18802 0.18106 0.17439 0.16799 0.16184 0.15591 0.1502 0.14469 0.13936 0.13422 0.12923 0.12439 0.11968 0.11509 0.11063 0.10628 0.10202 0.097848 0.093737 0.089683 0.085668 0.081682 0.077712 0.07374 0.069759 0.065752 0.061725 0.057698 0.053685 0.049697 0.045739 0.041821 0.037955 0.034158 0.030457 0.026901 0.023541 0.02042 0.017551 0.014931 0.01369 
16 0.82783 0.81151 0.784 0.76326 0.75288 0.74164 0.72818 0.71792 0.71144 0.70605 0.70071 0.69596 0.69192 0.68813 0.68425 0.68015 0.67575 0.6709 0.66546 0.65933 0.65248 0.64487 0.63645 0.62723 0.61721 0.60644 0.59495 0.58275 0.56992 0.55651 0.54263 0.52835 0.51374 0.4989 0.48389 0.46882 0.45375 0.43875 0.42388 0.40918 0.39474 0.38059 0.36677 0.35331 0.34024 0.32757 0.31532 0.30351 0.29213 0.28117 0.27064 0.26053 0.25082 0.2415 0.23255 0.22397 0.21574 0.20785 0.20027 0.19299 0.18601 0.17931 0.17286 0.16663 0.16063 0.15483 0.14922 0.14379 0.13854 0.13344 0.12847 0.12362 0.11891 0.11431 0.10982 0.10541 0.10109 0.09683 0.092625 0.08846 0.084326 0.080206 0.076089 0.071964 0.067815 0.063648 0.059482 0.055328 0.0512 0.047102 0.043043 0.039036 0.035099 0.031265 0.027584 0.024108 0.020882 0.017916 0.015209 0.013927 
16.5 0.85932 0.84151 0.81202 0.78994 0.77892 0.76702 0.7527 0.74161 0.73442 0.72833 0.72229 0.71682 0.71207 0.70755 0.7029 0.69801 0.69279 0.6871 0.6808 0.67382 0.6661 0.65761 0.64833 0.63826 0.62739 0.61576 0.60342 0.59049 0.57702 0.56307 0.54869 0.53397 0.519 0.50387 0.48864 0.47339 0.45819 0.4431 0.42817 0.41346 0.39903 0.38491 0.37114 0.35774 0.34474 0.33214 0.31997 0.30822 0.2969 0.286 0.27552 0.26544 0.25575 0.24644 0.23749 0.2289 0.22064 0.21271 0.20508 0.19775 0.1907 0.18392 0.17738 0.17106 0.16496 0.15906 0.15335 0.14781 0.14244 0.13723 0.13214 0.12718 0.12234 0.11762 0.11302 0.1085 0.10406 0.099685 0.09537 0.091099 0.08686 0.082643 0.07843 0.074212 0.069971 0.06571 0.061449 0.057194 0.052957 0.048743 0.044559 0.040415 0.036335 0.032353 0.028519 0.024894 0.021521 0.01842 0.015588 0.014246 
17 0.89029 0.87136 0.84045 0.81739 0.80567 0.79288 0.77756 0.76561 0.75766 0.75082 0.74398 0.73774 0.7322 0.72689 0.72142 0.71568 0.70959 0.70299 0.69577 0.68786 0.67923 0.66985 0.6597 0.64882 0.6372 0.62488 0.61192 0.5984 0.5844 0.56995 0.55512 0.54002 0.52472 0.50932 0.49387 0.47844 0.46311 0.44793 0.43295 0.41821 0.40377 0.38966 0.3759 0.36253 0.34956 0.337 0.32485 0.31313 0.30183 0.29095 0.28047 0.27039 0.2607 0.25137 0.24239 0.23376 0.22546 0.21748 0.2098 0.20239 0.19527 0.1884 0.18178 0.17537 0.16916 0.16316 0.15734 0.1517 0.14621 0.14088 0.13568 0.1306 0.12565 0.12082 0.1161 0.11147 0.10692 0.10244 0.098021 0.093642 0.089296 0.084969 0.080646 0.076312 0.071956 0.067578 0.063195 0.058816 0.054453 0.050113 0.045801 0.04153 0.03732 0.033205 0.029245 0.025495 0.022 0.018784 0.015849 0.014459 
17.5 0.92191 0.90179 0.86938 0.84526 0.83275 0.81901 0.80265 0.7898 0.78105 0.77337 0.76568 0.75859 0.75221 0.74603 0.73968 0.73305 0.72605 0.71853 0.71039 0.70159 0.69209 0.68187 0.67092 0.65927 0.64693 0.63395 0.62038 0.60631 0.59181 0.57692 0.56171 0.54627 0.53069 0.51505 0.4994 0.48383 0.46837 0.45309 0.43804 0.42326 0.4088 0.39467 0.38091 0.36754 0.35458 0.34202 0.32988 0.31817 0.30687 0.29598 0.2855 0.2754 0.26568 0.25632 0.24731 0.23864 0.23029 0.22225 0.21451 0.20704 0.19985 0.19291 0.1862 0.17971 0.17342 0.16732 0.16142 0.15568 0.1501 0.14467 0.13937 0.1342 0.12915 0.12422 0.11941 0.11468 0.11003 0.10546 0.10094 0.096466 0.092026 0.087604 0.083185 0.078756 0.074297 0.069812 0.065314 0.060813 0.056321 0.051842 0.047384 0.04296 0.038595 0.034324 0.030205 0.026301 0.022661 0.01931 0.01625 0.0148 
18 0.95358 0.93233 0.89852 0.87342 0.86007 0.84526 0.8278 0.81402 0.8044 0.79583 0.78722 0.77923 0.77196 0.76488 0.75762 0.75007 0.74215 0.73371 0.72467 0.715 0.70466 0.69364 0.68192 0.66955 0.65654 0.64294 0.62882 0.61425 0.59929 0.58398 0.56842 0.55268 0.53685 0.52099 0.50517 0.48945 0.47388 0.45851 0.4434 0.42857 0.41407 0.39992 0.38615 0.37278 0.35981 0.34725 0.33511 0.32339 0.31209 0.3012 0.2907 0.28059 0.27085 0.26147 0.25242 0.24372 0.23533 0.22725 0.21946 0.21194 0.20469 0.19769 0.19091 0.18435 0.17799 0.17182 0.16583 0.16 0.15434 0.14882 0.14343 0.13815 0.133 0.12798 0.12306 0.11823 0.11348 0.10878 0.10415 0.099559 0.095002 0.090464 0.085932 0.081396 0.076837 0.072259 0.067673 0.063087 0.058512 0.053948 0.049392 0.044857 0.040369 0.035962 0.031689 0.02762 0.023812 0.020292 0.017061 0.015526 
18.5 0.98613 0.96365 0.92813 0.90174 0.88754 0.87179 0.8532 0.83837 0.82782 0.81832 0.80876 0.79982 0.79161 0.7836 0.7754 0.76691 0.75806 0.74872 0.73881 0.72829 0.71713 0.70533 0.69289 0.67983 0.66619 0.652 0.63734 0.62229 0.60691 0.59124 0.57535 0.55933 0.54326 0.52721 0.51122 0.49536 0.47968 0.46424 0.44905 0.43414 0.41961 0.40554 0.39181 0.37815 0.36456 0.35166 0.34 0.32925 0.31853 0.30744 0.2964 0.28596 0.27618 0.26685 0.25782 0.24907 0.24064 0.23252 0.2247 0.21714 0.20985 0.20279 0.19596 0.18933 0.18291 0.17668 0.17062 0.16471 0.15895 0.15335 0.14786 0.1425 0.13727 0.13215 0.12714 0.12221 0.11735 0.11255 0.10779 0.10308 0.098393 0.093715 0.089024 0.084311 0.07956 0.074781 0.069983 0.065177 0.060389 0.055631 0.050899 0.046206 0.041587 0.037063 0.032673 0.028479 0.024539 0.020877 0.017505 0.015903 
19 1.0193 0.99558 0.95828 0.93054 0.91541 0.89864 0.87889 0.86297 0.85143 0.84095 0.83039 0.82046 0.81128 0.8023 0.79314 0.78369 0.77391 0.76368 0.7529 0.74154 0.72959 0.71704 0.70388 0.69016 0.67591 0.66116 0.64599 0.63049 0.6147 0.59868 0.58248 0.56619 0.54989 0.53364 0.51749 0.50149 0.48569 0.47015 0.4549 0.43998 0.42541 0.41122 0.39742 0.38402 0.37105 0.35851 0.34639 0.33468 0.32338 0.31247 0.30196 0.29182 0.28205 0.27263 0.26353 0.25476 0.2463 0.23814 0.23025 0.22263 0.21525 0.20812 0.20121 0.19449 0.18797 0.18163 0.17547 0.16946 0.16361 0.1579 0.15232 0.14685 0.14149 0.13626 0.13113 0.12608 0.12112 0.11622 0.11137 0.10656 0.10179 0.097017 0.092241 0.087452 0.082619 0.077743 0.072838 0.067907 0.062972 0.058041 0.053109 0.048189 0.043314 0.038523 0.033875 0.029441 0.025288 0.021447 0.017928 0.016258 
19.5 1.0523 1.0273 0.98833 0.95935 0.94329 0.92541 0.90443 0.8874 0.87485 0.86335 0.85177 0.84084 0.83068 0.82073 0.81061 0.80023 0.78953 0.77842 0.7668 0.75464 0.74193 0.72866 0.71484 0.7005 0.68567 0.67041 0.65477 0.63884 0.62269 0.60634 0.58986 0.57333 0.55683 0.54041 0.52413 0.50802 0.49214 0.47653 0.46124 0.44628 0.43169 0.41748 0.40366 0.39026 0.37728 0.36473 0.3526 0.34089 0.32958 0.31866 0.30814 0.29798 0.28819 0.27874 0.26961 0.26081 0.25231 0.2441 0.23617 0.2285 0.22108 0.21389 0.20692 0.20015 0.19357 0.18717 0.18095 0.17488 0.16897 0.1632 0.15755 0.15202 0.1466 0.14129 0.13609 0.13097 0.12593 0.12094 0.11601 0.11111 0.10624 0.10137 0.096485 0.091571 0.086605 0.081588 0.076519 0.071407 0.066276 0.061134 0.055979 0.05082 0.045692 0.040639 0.035721 0.031017 0.0266 0.022509 0.018756 0.016972 
20 1.0852 1.059 1.0182 0.98792 0.97092 0.95193 0.92971 0.91156 0.89799 0.88546 0.87285 0.86091 0.84977 0.83886 0.8278 0.81651 0.80495 0.79299 0.78056 0.76762 0.75419 0.74024 0.72578 0.71086 0.6955 0.67975 0.66369 0.64738 0.63088 0.61424 0.59751 0.58076 0.56408 0.54751 0.53109 0.51489 0.49893 0.48326 0.46791 0.45292 0.4383 0.42407 0.41024 0.39683 0.38384 0.37128 0.35915 0.34744 0.33612 0.3252 0.31467 0.3045 0.2947 0.28523 0.27608 0.26725 0.25872 0.25047 0.24249 0.23476 0.22728 0.22003 0.21298 0.20613 0.19945 0.19295 0.1866 0.18041 0.17436 0.16845 0.16264 0.15694 0.15134 0.14584 0.14043 0.1351 0.12984 0.12464 0.11949 0.11436 0.10927 0.10418 0.099081 0.093961 0.088796 0.083589 0.078332 0.073032 0.067722 0.062408 0.057089 0.051773 0.046495 0.041302 0.036253 0.031427 0.026899 0.022709 0.01887 0.017047 
20.5 1.1174 1.0896 1.0467 1.0147 0.9968 0.97684 0.95351 0.93431 0.91979 0.90635 0.89281 0.87997 0.86794 0.85616 0.84426 0.83218 0.81986 0.80721 0.79411 0.78051 0.76644 0.75189 0.73689 0.72148 0.70568 0.68951 0.67306 0.65642 0.63966 0.6228 0.60586 0.58894 0.57209 0.55538 0.53885 0.52254 0.50651 0.49078 0.47537 0.46031 0.44564 0.43137 0.4175 0.40403 0.39099 0.37837 0.3662 0.35443 0.34306 0.33208 0.32148 0.31125 0.30136 0.29181 0.28258 0.27364 0.26501 0.25665 0.24855 0.2407 0.23308 0.22569 0.21849 0.21149 0.20467 0.19801 0.1915 0.18513 0.17892 0.17283 0.16685 0.16098 0.15521 0.14953 0.14393 0.13843 0.13301 0.12766 0.12235 0.11708 0.11184 0.10663 0.10141 0.09619 0.090936 0.085647 0.080307 0.074927 0.069532 0.064125 0.058712 0.053292 0.047895 0.042577 0.037397 0.032434 0.027766 0.023437 0.019466 0.017581 
21 1.1469 1.1177 1.0727 1.0395 1.0207 0.99972 0.97539 0.95533 0.94001 0.92572 0.91135 0.89771 0.88492 0.87241 0.8598 0.84704 0.83408 0.82082 0.80713 0.793 0.77849 0.76358 0.74799 0.73157 0.7149 0.69885 0.68327 0.66709 0.64985 0.63221 0.61486 0.59782 0.58091 0.56409 0.54744 0.53103 0.5149 0.49908 0.48361 0.46851 0.45367 0.43907 0.42487 0.41137 0.39862 0.38632 0.37418 0.36216 0.35045 0.3392 0.32841 0.31803 0.30799 0.29829 0.2889 0.27983 0.27105 0.26255 0.25431 0.24631 0.23853 0.23097 0.2236 0.21643 0.20945 0.20262 0.19595 0.18943 0.18305 0.17679 0.17065 0.16463 0.15871 0.15287 0.14712 0.14146 0.13589 0.13038 0.12494 0.11954 0.11417 0.10883 0.10351 0.09818 0.092833 0.08746 0.082042 0.076586 0.071107 0.065607 0.060095 0.054572 0.049063 0.043626 0.038324 0.033237 0.028444 0.023997 0.019918 0.017981 
21.5 1.1741 1.1435 1.0968 1.0621 1.0424 1.0205 0.99537 0.97456 0.95854 0.94363 0.92864 0.91434 0.90088 0.8877 0.87444 0.86109 0.84756 0.83377 0.81961 0.80505 0.79011 0.77479 0.75907 0.74296 0.72653 0.7099 0.69309 0.67609 0.65896 0.64175 0.62454 0.60738 0.59031 0.5734 0.55668 0.5402 0.52399 0.50807 0.4925 0.47728 0.46242 0.44792 0.43381 0.42011 0.40684 0.39397 0.38149 0.3694 0.35771 0.34639 0.33546 0.32488 0.31466 0.30477 0.29519 0.28591 0.27693 0.26824 0.2598 0.2516 0.24364 0.2359 0.22837 0.22104 0.21389 0.2069 0.20007 0.19339 0.18686 0.18045 0.17416 0.16799 0.16193 0.15595 0.15007 0.14428 0.13856 0.13293 0.12737 0.12185 0.11637 0.11093 0.10551 0.1001 0.094672 0.089222 0.083729 0.078202 0.072644 0.067055 0.061457 0.055857 0.050282 0.044796 0.039467 0.034361 0.029533 0.025013 0.020822 0.018822 
22 1.1988 1.1671 1.1188 1.0831 1.0625 1.0398 1.0138 0.99234 0.97568 0.96012 0.94453 0.92971 0.91579 0.90218 0.88848 0.8746 0.86057 0.84632 0.83176 0.81687 0.80164 0.78605 0.7701 0.7538 0.73723 0.72045 0.70348 0.68634 0.66909 0.65178 0.6345 0.61728 0.60017 0.58321 0.56644 0.5499 0.53362 0.51762 0.50194 0.48659 0.4716 0.45696 0.4427 0.42883 0.41535 0.40227 0.38957 0.37726 0.36533 0.35378 0.3426 0.33179 0.32132 0.31118 0.30137 0.29187 0.28267 0.27376 0.2651 0.25669 0.24853 0.24059 0.23287 0.22535 0.21801 0.21086 0.20387 0.19704 0.19034 0.18377 0.17733 0.17101 0.1648 0.15868 0.15266 0.14672 0.14086 0.13508 0.12938 0.12375 0.11816 0.1126 0.10707 0.10154 0.096011 0.090461 0.084883 0.079277 0.073628 0.067939 0.062235 0.056524 0.050824 0.045191 0.039704 0.034437 0.029472 0.02486 0.020628 0.018622 
22.5 1.2214 1.1889 1.1392 1.1024 1.0811 1.0577 1.031 1.0089 0.99162 0.97551 0.95938 0.94405 0.92966 0.91561 0.90155 0.88743 0.87315 0.8586 0.84372 0.82849 0.81297 0.79716 0.78102 0.76457 0.74786 0.73099 0.71399 0.69684 0.67955 0.66218 0.64485 0.62758 0.61043 0.59342 0.5766 0.56 0.54364 0.52755 0.51176 0.49628 0.48114 0.46633 0.45188 0.43781 0.42412 0.41081 0.39786 0.38529 0.37309 0.36126 0.3498 0.3387 0.32795 0.31754 0.30745 0.29767 0.28821 0.27903 0.27012 0.26146 0.25305 0.24488 0.23692 0.22916 0.2216 0.21422 0.20703 0.19999 0.19309 0.18633 0.17969 0.17317 0.16677 0.16047 0.15428 0.14817 0.14213 0.13617 0.1303 0.12451 0.11878 0.1131 0.10746 0.10184 0.096234 0.090631 0.08502 0.079396 0.073734 0.068032 0.062305 0.056563 0.050833 0.045175 0.03967 0.034396 0.029435 0.024833 0.020619 0.018624 
23 1.2419 1.2088 1.158 1.1202 1.0983 1.0742 1.0469 1.0242 1.0065 0.98987 0.97328 0.95752 0.94271 0.92829 0.91387 0.89941 0.8849 0.87021 0.85523 0.83988 0.82419 0.80816 0.79182 0.77523 0.75843 0.74152 0.7245 0.70734 0.69007 0.67273 0.6554 0.63811 0.62093 0.60389 0.58703 0.57036 0.55393 0.53775 0.52184 0.50623 0.49092 0.47593 0.46128 0.44699 0.43307 0.4195 0.40628 0.39341 0.38091 0.36876 0.35698 0.34555 0.33447 0.32372 0.3133 0.3032 0.29341 0.28391 0.27469 0.26574 0.25704 0.24858 0.24035 0.23233 0.22452 0.21691 0.20948 0.20223 0.19513 0.18818 0.18137 0.17467 0.16811 0.16167 0.15535 0.14911 0.14297 0.1369 0.13093 0.12503 0.11922 0.11347 0.10777 0.10211 0.096475 0.090861 0.085257 0.07966 0.074042 0.068398 0.062738 0.057061 0.051395 0.045792 0.040315 0.035046 0.030067 0.025421 0.021146 0.019118 
23.5 1.2606 1.2269 1.1752 1.1367 1.1142 1.0895 1.0617 1.0385 1.0203 1.0033 0.98631 0.97017 0.95502 0.94027 0.92555 0.91083 0.89608 0.88118 0.86607 0.85072 0.83503 0.81895 0.80257 0.78588 0.76897 0.752 0.73497 0.71783 0.70059 0.6833 0.66602 0.64875 0.63156 0.6145 0.5976 0.58088 0.56437 0.54809 0.53206 0.51631 0.50083 0.48564 0.47076 0.45622 0.44203 0.42818 0.41466 0.40147 0.38863 0.37613 0.36399 0.3522 0.34075 0.32964 0.31886 0.30841 0.29828 0.28845 0.27891 0.26966 0.26068 0.25194 0.24346 0.2352 0.22717 0.21934 0.21172 0.20429 0.19703 0.18994 0.18299 0.17618 0.16951 0.16297 0.15655 0.15024 0.14403 0.1379 0.13187 0.12593 0.12007 0.1143 0.10859 0.10293 0.097302 0.091699 0.086114 0.08054 0.074945 0.069322 0.063666 0.057979 0.052294 0.046651 0.041122 0.035799 0.030747 0.026018 0.021662 0.019591 
24 1.2786 1.2441 1.1915 1.1524 1.1294 1.1041 1.0758 1.0522 1.0336 1.0162 0.99883 0.98236 0.96689 0.95185 0.93688 0.92194 0.90699 0.89194 0.87669 0.86122 0.84549 0.82948 0.8132 0.79651 0.77954 0.76254 0.74551 0.72839 0.71117 0.6939 0.67664 0.65941 0.64225 0.62518 0.60822 0.59143 0.57483 0.55844 0.54227 0.52635 0.51067 0.49526 0.48013 0.46532 0.45084 0.43668 0.42283 0.40931 0.39611 0.38325 0.37075 0.35859 0.34679 0.33532 0.32419 0.31341 0.30296 0.29282 0.283 0.27347 0.26423 0.25526 0.24655 0.23809 0.22987 0.22187 0.21409 0.2065 0.19912 0.19191 0.18485 0.17795 0.17118 0.16456 0.15806 0.15168 0.1454 0.13922 0.13313 0.12711 0.12119 0.11536 0.10959 0.10386 0.098172 0.092508 0.08686 0.081224 0.075574 0.069899 0.064188 0.058444 0.052706 0.047017 0.041446 0.036079 0.03099 0.026226 0.02183 0.019741 
24.5 1.2961 1.2609 1.2073 1.1675 1.144 1.1183 1.0895 1.0655 1.0465 1.0287 1.0111 0.99427 0.97852 0.96322 0.94802 0.93288 0.91776 0.90255 0.88715 0.87148 0.85553 0.83941 0.82325 0.80695 0.79041 0.77362 0.75656 0.73931 0.722 0.70469 0.68741 0.67018 0.65302 0.63591 0.61888 0.60201 0.58529 0.56875 0.55241 0.53629 0.52039 0.50473 0.48932 0.47422 0.45943 0.44494 0.43076 0.41689 0.40334 0.39013 0.37727 0.36477 0.35261 0.34081 0.32937 0.31827 0.30752 0.29711 0.28702 0.27723 0.26776 0.25856 0.24965 0.24099 0.23259 0.22442 0.21647 0.20874 0.20121 0.19387 0.1867 0.17968 0.17281 0.16608 0.15949 0.15302 0.14667 0.14042 0.13426 0.12819 0.12221 0.11633 0.11052 0.10475 0.099009 0.093299 0.087608 0.081928 0.076234 0.070517 0.064756 0.058953 0.053153 0.047399 0.041761 0.036326 0.031168 0.026341 0.021891 0.019776 
25 1.3132 1.2772 1.2227 1.1822 1.1583 1.1322 1.1028 1.0784 1.0591 1.041 1.023 1.006 0.98996 0.97442 0.95901 0.94367 0.92838 0.91303 0.89757 0.88195 0.86615 0.85014 0.83398 0.81761 0.80101 0.78421 0.76717 0.75001 0.73281 0.71556 0.69831 0.68108 0.66388 0.64671 0.62959 0.61259 0.59573 0.57902 0.56248 0.54613 0.52998 0.51404 0.49835 0.48293 0.46781 0.453 0.43848 0.42427 0.41038 0.39682 0.38362 0.37078 0.3583 0.34618 0.33443 0.32304 0.312 0.30132 0.29097 0.28095 0.27124 0.26185 0.25274 0.2439 0.23532 0.22699 0.2189 0.21103 0.20337 0.19591 0.18863 0.18151 0.17455 0.16773 0.16104 0.1545 0.14808 0.14176 0.13554 0.1294 0.12337 0.11744 0.11157 0.10575 0.099972 0.094219 0.088484 0.082757 0.077019 0.071255 0.065439 0.05958 0.053724 0.047913 0.042218 0.036726 0.031513 0.026628 0.022117 0.019972 
25.5 1.3298 1.2932 1.2377 1.1965 1.1723 1.1457 1.1159 1.0911 1.0714 1.053 1.0348 1.0175 1.0012 0.9855 0.9699 0.95443 0.93903 0.92364 0.90817 0.89257 0.87678 0.86075 0.84457 0.82824 0.81176 0.79503 0.77803 0.76089 0.74371 0.72649 0.70924 0.69199 0.67476 0.65751 0.6403 0.62317 0.60613 0.58922 0.57246 0.55587 0.53947 0.52325 0.50725 0.49151 0.47607 0.46093 0.44607 0.43152 0.41729 0.4034 0.38987 0.37671 0.36391 0.35148 0.33943 0.32775 0.31645 0.30551 0.29493 0.28468 0.27477 0.26517 0.25588 0.24687 0.23813 0.22965 0.22143 0.21343 0.20567 0.1981 0.19072 0.18351 0.17646 0.16957 0.16281 0.1562 0.14972 0.14334 0.13706 0.13087 0.12478 0.11879 0.11287 0.107 0.10118 0.095395 0.089626 0.083866 0.078088 0.072271 0.066376 0.060406 0.054415 0.048457 0.042618 0.037 0.031684 0.026724 0.022162 0.019995 
26 1.346 1.3088 1.2524 1.2107 1.186 1.159 1.1288 1.1036 1.0836 1.065 1.0464 1.0288 1.0124 0.99652 0.9808 0.96521 0.94975 0.9343 0.91881 0.9032 0.88741 0.8714 0.85524 0.839 0.82264 0.80601 0.78905 0.77193 0.75476 0.73753 0.72026 0.70296 0.68566 0.66834 0.65101 0.63373 0.61651 0.59939 0.5824 0.56554 0.54885 0.53234 0.51605 0.50002 0.48426 0.46877 0.45357 0.43868 0.42411 0.4099 0.39604 0.38256 0.36945 0.35673 0.34439 0.33245 0.32089 0.30971 0.2989 0.28843 0.27832 0.26853 0.25907 0.24989 0.241 0.23239 0.22403 0.21591 0.20803 0.20035 0.19287 0.18557 0.17844 0.17145 0.16461 0.15792 0.15136 0.14491 0.13855 0.13229 0.12612 0.12004 0.11404 0.10809 0.10218 0.09631 0.090462 0.084627 0.078786 0.07292 0.066994 0.06101 0.055017 0.049062 0.043214 0.037563 0.03219 0.027149 0.022493 0.020277 
26.5 1.3617 1.3239 1.2668 1.2245 1.1994 1.172 1.1414 1.1158 1.0956 1.0766 1.0578 1.04 1.0234 1.0074 0.99158 0.97591 0.96039 0.94491 0.9294 0.9138 0.89802 0.88204 0.86593 0.84978 0.83355 0.81702 0.8001 0.78299 0.76581 0.74856 0.73125 0.71388 0.69647 0.67902 0.66154 0.64407 0.62664 0.6093 0.59207 0.57495 0.558 0.54126 0.52474 0.50843 0.49235 0.47653 0.46099 0.44577 0.43089 0.41634 0.40217 0.38838 0.37497 0.36196 0.34935 0.33714 0.32534 0.31392 0.30289 0.29221 0.2819 0.27193 0.26229 0.25295 0.2439 0.23513 0.22663 0.21838 0.21036 0.20255 0.19494 0.18752 0.18026 0.17316 0.16621 0.1594 0.15273 0.14616 0.1397 0.13334 0.12707 0.12089 0.1148 0.10878 0.1028 0.096875 0.090982 0.085111 0.079242 0.073353 0.067406 0.061401 0.055382 0.049397 0.043516 0.037829 0.032414 0.027331 0.022629 0.02039 
27 1.3739 1.3382 1.2815 1.2382 1.2127 1.1848 1.1538 1.1279 1.1073 1.0881 1.0691 1.0511 1.0344 1.0182 1.0023 0.9866 0.97103 0.95554 0.94002 0.92444 0.9087 0.89278 0.87672 0.86065 0.84449 0.82801 0.81117 0.79411 0.77693 0.75963 0.74225 0.72479 0.70728 0.68972 0.67212 0.6545 0.63689 0.61934 0.60187 0.58448 0.56722 0.55016 0.5333 0.51666 0.50024 0.48409 0.46824 0.45271 0.43751 0.42267 0.40821 0.39412 0.38043 0.36715 0.35426 0.3418 0.32974 0.31809 0.30682 0.29593 0.28541 0.27525 0.26542 0.25591 0.2467 0.23778 0.22913 0.22075 0.2126 0.20467 0.19696 0.18944 0.1821 0.17491 0.16788 0.16101 0.15427 0.14765 0.14114 0.13473 0.12841 0.12219 0.11605 0.10998 0.10396 0.097972 0.09202 0.08609 0.080158 0.074201 0.068183 0.062101 0.056001 0.049932 0.043961 0.038183 0.032685 0.027522 0.022749 0.020477 
27.5 1.3738 1.349 1.2977 1.2532 1.2262 1.1976 1.166 1.1398 1.119 1.0995 1.0803 1.0622 1.0453 1.029 1.013 0.99727 0.98168 0.96619 0.95069 0.93513 0.91944 0.90356 0.88756 0.87153 0.85542 0.83901 0.82224 0.80525 0.78807 0.77072 0.75327 0.73573 0.7181 0.70041 0.68267 0.66487 0.64705 0.62926 0.61153 0.59386 0.57632 0.55895 0.54179 0.52483 0.5081 0.49162 0.47545 0.4596 0.44409 0.42894 0.41418 0.3998 0.38582 0.37226 0.35911 0.34639 0.3341 0.32221 0.31073 0.29963 0.28892 0.27857 0.26857 0.2589 0.24955 0.24049 0.23172 0.22321 0.21495 0.20692 0.19911 0.1915 0.18407 0.1768 0.1697 0.16274 0.15593 0.14924 0.14266 0.13618 0.1298 0.12351 0.11731 0.11118 0.10509 0.099046 0.093034 0.087043 0.081054 0.075041 0.068972 0.062836 0.056674 0.050547 0.044516 0.038673 0.033106 0.027872 0.023026 0.020718 
28 1.3738 1.3585 1.3127 1.2679 1.2398 1.2105 1.1782 1.1516 1.1305 1.1108 1.0914 1.0731 1.0561 1.0398 1.0237 1.0079 0.99234 0.97685 0.96138 0.94586 0.93022 0.91438 0.89842 0.88245 0.86638 0.85003 0.83334 0.81641 0.79923 0.78182 0.76429 0.74664 0.72889 0.71106 0.69315 0.67517 0.65713 0.6391 0.6211 0.60316 0.58532 0.56766 0.55019 0.53292 0.51587 0.49908 0.48258 0.46642 0.45061 0.43516 0.4201 0.40543 0.39118 0.37734 0.36394 0.35098 0.33845 0.32634 0.31465 0.30336 0.29246 0.28194 0.27179 0.26197 0.25247 0.24328 0.23438 0.22576 0.21739 0.20925 0.20133 0.19363 0.1861 0.17875 0.17156 0.16452 0.15762 0.15084 0.14419 0.13763 0.13117 0.1248 0.11853 0.11233 0.10617 0.10005 0.093959 0.087883 0.081803 0.075696 0.069533 0.063306 0.057056 0.050848 0.044749 0.038846 0.033227 0.027949 0.023062 0.020734 
28.5 1.3738 1.3671 1.3269 1.2822 1.2532 1.2232 1.1904 1.1633 1.1419 1.1221 1.1024 1.084 1.0669 1.0505 1.0344 1.0186 1.003 0.98752 0.97186 0.9561 0.9405 0.92511 0.90966 0.89386 0.87766 0.86116 0.84444 0.82756 0.81038 0.7929 0.77528 0.75753 0.73965 0.72165 0.70356 0.68538 0.66712 0.64886 0.6306 0.61238 0.59426 0.57629 0.55851 0.54093 0.52357 0.50647 0.48967 0.47319 0.45707 0.44134 0.42599 0.41104 0.39652 0.38242 0.36877 0.35557 0.34281 0.33049 0.31859 0.30711 0.29603 0.28534 0.27502 0.26505 0.25541 0.24608 0.23706 0.22831 0.21982 0.21157 0.20355 0.19575 0.18813 0.18068 0.1734 0.16627 0.15928 0.15242 0.14568 0.13904 0.1325 0.12605 0.1197 0.11343 0.10722 0.10105 0.094924 0.088823 0.082727 0.076609 0.070425 0.064146 0.057797 0.051443 0.045158 0.039065 0.033285 0.027898 0.022956 0.020613 
29 1.3744 1.3727 1.34 1.2973 1.2668 1.236 1.2026 1.1751 1.1534 1.1333 1.1135 1.0949 1.0777 1.0612 1.045 1.0291 1.0135 0.99794 0.98234 0.96676 0.95132 0.93603 0.92063 0.90491 0.88881 0.8724 0.85575 0.83886 0.8216 0.80402 0.78629 0.76841 0.75038 0.73221 0.71393 0.69554 0.67707 0.65856 0.64004 0.62153 0.60312 0.58486 0.56679 0.54891 0.53124 0.51383 0.49672 0.47994 0.46353 0.4475 0.43187 0.41665 0.40186 0.38751 0.37361 0.36017 0.34718 0.33465 0.32254 0.31087 0.2996 0.28874 0.27826 0.26813 0.25834 0.24888 0.23972 0.23085 0.22224 0.21388 0.20576 0.19785 0.19014 0.1826 0.17523 0.16802 0.16095 0.15402 0.14721 0.14051 0.1339 0.12737 0.12095 0.11461 0.10832 0.10207 0.095865 0.08968 0.083499 0.077299 0.071044 0.064716 0.058352 0.052019 0.045784 0.039735 0.033966 0.028536 0.023501 0.0211 
29.5 1.3748 1.3739 1.3508 1.313 1.2808 1.249 1.2148 1.1867 1.1647 1.1444 1.1244 1.1057 1.0883 1.0718 1.0556 1.0397 1.0241 1.0087 0.99328 0.97779 0.96234 0.94694 0.93145 0.9157 0.89963 0.88333 0.86679 0.84998 0.83272 0.81507 0.79724 0.77922 0.76102 0.74268 0.7242 0.70561 0.68691 0.66816 0.64937 0.63059 0.61189 0.59334 0.57497 0.55679 0.53883 0.52112 0.50371 0.48665 0.46994 0.45363 0.43772 0.42223 0.40718 0.39258 0.37844 0.36476 0.35156 0.33881 0.3265 0.31463 0.30319 0.29215 0.2815 0.27122 0.26129 0.25169 0.2424 0.2334 0.22468 0.2162 0.20796 0.19995 0.19213 0.18449 0.17703 0.16972 0.16255 0.15553 0.14863 0.14185 0.13516 0.12855 0.12206 0.11565 0.1093 0.103 0.09674 0.090505 0.08427 0.078005 0.071672 0.065254 0.058786 0.052346 0.046014 0.039884 0.034047 0.028565 0.023488 0.021068 
30 1.3751 1.3747 1.3606 1.328 1.2948 1.262 1.2271 1.1985 1.1761 1.1555 1.1353 1.1165 1.099 1.0824 1.0662 1.0504 1.0348 1.0195 1.0041 0.98869 0.97326 0.95788 0.94241 0.92667 0.91064 0.89435 0.87783 0.86102 0.84375 0.82608 0.80817 0.79001 0.77166 0.75313 0.73444 0.71562 0.6967 0.67771 0.65867 0.63961 0.62063 0.6018 0.58314 0.56466 0.5464 0.52839 0.51069 0.49333 0.47634 0.45975 0.44357 0.42781 0.41251 0.39765 0.38327 0.36936 0.35593 0.34296 0.33045 0.31839 0.30676 0.29554 0.28473 0.27429 0.26421 0.25447 0.24504 0.23592 0.22708 0.21849 0.21015 0.20203 0.19412 0.18641 0.17886 0.17148 0.16424 0.15715 0.1502 0.14336 0.13662 0.12996 0.12341 0.11695 0.11055 0.10421 0.097906 0.091637 0.085378 0.079099 0.072763 0.066341 0.059863 0.0534 0.047018 0.040811 0.034874 0.029267 0.024054 0.021567 
30.5 1.3724 1.3756 1.3667 1.3418 1.3103 1.2752 1.2393 1.2101 1.1874 1.1666 1.1462 1.1272 1.1097 1.093 1.0768 1.061 1.0455 1.0302 1.0149 0.99955 0.98417 0.96883 0.95338 0.93766 0.92164 0.90536 0.88882 0.87197 0.85468 0.83699 0.819 0.80072 0.78219 0.76348 0.74459 0.72556 0.70641 0.68719 0.6679 0.64857 0.62931 0.61019 0.59125 0.57248 0.55392 0.53562 0.51764 0.49999 0.48272 0.46585 0.4494 0.43338 0.41782 0.40272 0.3881 0.37397 0.36032 0.34715 0.33444 0.32218 0.31037 0.29899 0.28802 0.27743 0.26721 0.25734 0.24779 0.23855 0.22959 0.22089 0.21244 0.20422 0.19621 0.18839 0.18074 0.17325 0.16591 0.15872 0.15167 0.14473 0.13789 0.13114 0.12449 0.11793 0.11144 0.105 0.09861 0.092257 0.085919 0.079567 0.073164 0.066683 0.060149 0.053633 0.047204 0.040951 0.03497 0.029324 0.024074 0.021572 
31 1.3678 1.3761 1.3741 1.3545 1.3245 1.2884 1.2517 1.2219 1.1987 1.1776 1.157 1.1379 1.1203 1.1036 1.0874 1.0716 1.0562 1.0409 1.0257 1.0104 0.99503 0.97974 0.96432 0.94863 0.93261 0.91632 0.89976 0.88286 0.86553 0.84781 0.82975 0.81133 0.79265 0.77375 0.75466 0.73541 0.71605 0.69659 0.67704 0.65745 0.63792 0.61853 0.5993 0.58024 0.5614 0.54281 0.52454 0.50662 0.48907 0.47193 0.45521 0.43894 0.42313 0.40779 0.39293 0.37857 0.36471 0.35132 0.33841 0.32596 0.31397 0.30241 0.29127 0.28052 0.27015 0.26012 0.25043 0.24106 0.23197 0.22314 0.21457 0.20623 0.19811 0.19018 0.18242 0.17483 0.16739 0.1601 0.15294 0.1459 0.13896 0.13212 0.12537 0.11871 0.11213 0.10561 0.099139 0.092713 0.086308 0.079897 0.073441 0.066915 0.060344 0.053794 0.047337 0.04106 0.03506 0.029391 0.024114 0.021598 
31.5 1.365 1.3767 1.3781 1.3661 1.3395 1.3017 1.2641 1.2336 1.21 1.1886 1.1678 1.1486 1.1309 1.1142 1.098 1.0822 1.0668 1.0516 1.0364 1.0212 1.0059 0.99065 0.97526 0.95958 0.94357 0.92726 0.91066 0.89372 0.87635 0.8586 0.84047 0.82191 0.80306 0.78397 0.76468 0.74522 0.72563 0.70595 0.68616 0.66631 0.64651 0.62684 0.60733 0.588 0.56887 0.55002 0.53146 0.51325 0.49543 0.47801 0.46103 0.44451 0.42845 0.41287 0.39777 0.38317 0.36908 0.35548 0.34236 0.32971 0.31752 0.30578 0.29446 0.28355 0.27301 0.26284 0.25301 0.2435 0.23428 0.22535 0.21666 0.20822 0.2 0.19198 0.18414 0.17647 0.16896 0.16159 0.15436 0.14726 0.14026 0.13335 0.12654 0.11982 0.11317 0.10658 0.10004 0.093551 0.08709 0.080634 0.07414 0.067578 0.060956 0.054339 0.047796 0.041415 0.035296 0.029511 0.024143 0.021588 
32 1.3637 1.3766 1.3793 1.3737 1.3549 1.3172 1.2768 1.2455 1.2214 1.1997 1.1787 1.1593 1.1415 1.1248 1.1086 1.0928 1.0775 1.0623 1.0472 1.032 1.0168 1.0015 0.9862 0.97055 0.95454 0.93821 0.92157 0.90457 0.88716 0.86937 0.85115 0.83247 0.81345 0.79418 0.77469 0.75503 0.73522 0.71531 0.69527 0.67516 0.65509 0.63515 0.61537 0.59576 0.57637 0.55724 0.53841 0.51993 0.50182 0.48414 0.4669 0.45011 0.4338 0.41796 0.40262 0.3878 0.37348 0.35967 0.34634 0.33349 0.32112 0.30921 0.29772 0.28665 0.27597 0.26566 0.25571 0.24608 0.23677 0.22773 0.21896 0.21044 0.20214 0.19406 0.18616 0.17844 0.17088 0.16346 0.15619 0.14905 0.14201 0.13506 0.12821 0.12144 0.11473 0.10807 0.10146 0.094867 0.088283 0.08168 0.075026 0.068303 0.061529 0.054777 0.048127 0.041671 0.0355 0.029676 0.024269 0.021692 
32.5 1.3592 1.3746 1.3808 1.3776 1.3676 1.3341 1.2908 1.2579 1.2329 1.2108 1.1895 1.17 1.1521 1.1353 1.1194 1.1039 1.0877 1.0706 1.055 1.0424 1.03 1.0148 0.99763 0.98096 0.96516 0.94918 0.9325 0.91533 0.89786 0.88007 0.86178 0.84296 0.82377 0.80432 0.78464 0.76476 0.74473 0.72458 0.70431 0.68395 0.66362 0.64341 0.62336 0.6035 0.58383 0.56442 0.54532 0.52657 0.5082 0.49024 0.47273 0.45569 0.43913 0.42306 0.40748 0.39243 0.37791 0.36389 0.35037 0.33734 0.32479 0.31271 0.30107 0.28985 0.27902 0.26858 0.25849 0.24875 0.23931 0.23016 0.22128 0.21264 0.20423 0.19604 0.18805 0.18024 0.17258 0.16508 0.15773 0.15051 0.1434 0.13639 0.12949 0.12267 0.11594 0.10928 0.10266 0.096075 0.089499 0.082894 0.076226 0.069466 0.062618 0.055763 0.048991 0.042401 0.036103 0.030165 0.024652 0.022026 
33 1.3593 1.3752 1.3817 1.3785 1.3745 1.3505 1.3077 1.2711 1.245 1.2221 1.2005 1.1808 1.1628 1.1459 1.1296 1.1137 1.098 1.0828 1.068 1.0535 1.0389 1.0239 1.0085 0.99264 0.9765 0.96005 0.94328 0.92614 0.90863 0.89075 0.87236 0.85342 0.83407 0.81444 0.79455 0.77447 0.75421 0.73383 0.71331 0.69272 0.67215 0.65168 0.63135 0.6112 0.59126 0.57158 0.5522 0.53317 0.51453 0.49631 0.47855 0.46125 0.44445 0.42813 0.41233 0.39705 0.38231 0.36808 0.35436 0.34113 0.3284 0.31614 0.30434 0.29296 0.28198 0.27139 0.26116 0.25127 0.2417 0.23241 0.22339 0.21462 0.20608 0.19776 0.18964 0.18169 0.17391 0.16627 0.15878 0.15144 0.14421 0.13709 0.13007 0.12314 0.11631 0.10956 0.10288 0.096252 0.089652 0.083045 0.076391 0.069659 0.062852 0.056036 0.049295 0.042722 0.036409 0.030432 0.024862 0.022201 
33.5 1.3546 1.3728 1.3819 1.3805 1.3783 1.3635 1.3253 1.2856 1.2576 1.2337 1.2116 1.1915 1.1733 1.1564 1.1401 1.1243 1.1089 1.0937 1.0789 1.0642 1.0495 1.0345 1.0191 1.0034 0.98732 0.97089 0.95409 0.93689 0.9193 0.90131 0.88281 0.86376 0.8443 0.8245 0.80442 0.78412 0.76364 0.74302 0.72228 0.70144 0.68062 0.65989 0.6393 0.61889 0.59868 0.57874 0.55909 0.53981 0.5209 0.50242 0.4844 0.46686 0.44981 0.43325 0.41721 0.4017 0.38674 0.37229 0.35836 0.34493 0.33199 0.31954 0.30755 0.29599 0.28484 0.27409 0.26371 0.25368 0.24397 0.23455 0.22542 0.21654 0.20791 0.1995 0.1913 0.18329 0.17544 0.16775 0.16022 0.15284 0.14557 0.13842 0.13138 0.12442 0.11756 0.11079 0.10409 0.097432 0.090803 0.084165 0.077472 0.070694 0.063829 0.056947 0.050128 0.043459 0.037047 0.030966 0.025289 0.022577 
34 1.353 1.372 1.3823 1.3819 1.3798 1.3737 1.3426 1.3009 1.2708 1.2458 1.2229 1.2024 1.184 1.167 1.1507 1.1349 1.1196 1.1045 1.0896 1.0749 1.0602 1.0452 1.0298 1.0141 0.9981 0.98168 0.96486 0.9476 0.92993 0.91184 0.89323 0.87409 0.85452 0.83457 0.81428 0.79377 0.77308 0.75224 0.73126 0.71019 0.68912 0.66813 0.64729 0.62662 0.60615 0.58594 0.56603 0.54648 0.52731 0.50857 0.49029 0.4725 0.45519 0.43839 0.4221 0.40637 0.39117 0.37651 0.36237 0.34875 0.33563 0.32301 0.31086 0.29915 0.28787 0.27699 0.2665 0.25637 0.24657 0.23708 0.22788 0.21893 0.21023 0.20177 0.19352 0.18546 0.17756 0.16982 0.16224 0.15479 0.14746 0.14024 0.13312 0.12607 0.11912 0.11226 0.10546 0.098706 0.091984 0.085256 0.078476 0.071616 0.064667 0.057692 0.050781 0.044021 0.037512 0.03133 0.025557 0.022798 
34.5 1.3521 1.3717 1.3828 1.3828 1.3808 1.3785 1.3577 1.3189 1.285 1.2583 1.2344 1.2134 1.1948 1.1776 1.1613 1.1455 1.1302 1.1151 1.1002 1.0856 1.0709 1.0559 1.0405 1.0249 1.0088 0.9924 0.97554 0.95823 0.94048 0.92229 0.90358 0.88434 0.86467 0.84457 0.82409 0.80337 0.78247 0.7614 0.74019 0.71889 0.69758 0.67634 0.65524 0.63431 0.61358 0.5931 0.57293 0.55311 0.53368 0.51468 0.49614 0.47809 0.46055 0.44351 0.427 0.41105 0.39565 0.38079 0.36646 0.35266 0.33937 0.32659 0.31429 0.30244 0.29103 0.28003 0.26942 0.25917 0.24926 0.23965 0.23034 0.22128 0.21247 0.20389 0.19552 0.18734 0.17933 0.17148 0.16378 0.15622 0.14879 0.14147 0.13425 0.1271 0.12006 0.11311 0.10622 0.099379 0.092573 0.085765 0.078911 0.071984 0.064977 0.057947 0.050986 0.044181 0.03763 0.031409 0.025597 0.02282 
35 1.349 1.3699 1.3828 1.384 1.3827 1.3806 1.3694 1.3372 1.3003 1.2716 1.2465 1.2247 1.2057 1.1883 1.1719 1.1561 1.1408 1.1257 1.1108 1.0962 1.0815 1.0666 1.0512 1.0356 1.0195 1.0031 0.98618 0.96881 0.95098 0.93269 0.91389 0.89456 0.87474 0.85446 0.83387 0.81303 0.79158 0.76951 0.74769 0.72691 0.70667 0.68583 0.6641 0.64224 0.62094 0.60023 0.57987 0.5598 0.54008 0.52081 0.50203 0.48374 0.46596 0.44869 0.43196 0.41579 0.40019 0.38513 0.37061 0.35662 0.34315 0.3302 0.31774 0.30573 0.29417 0.28303 0.27228 0.2619 0.25186 0.24213 0.2327 0.22354 0.21463 0.20595 0.19748 0.18921 0.1811 0.17315 0.16535 0.15769 0.15016 0.14275 0.13542 0.12818 0.12104 0.11398 0.10697 0.10001 0.093071 0.086117 0.079116 0.072047 0.064912 0.057775 0.050732 0.043872 0.037293 0.031066 0.025264 0.022497 
35.5 1.3497 1.3707 1.3834 1.3845 1.3833 1.3813 1.3787 1.3545 1.3165 1.2854 1.2589 1.2363 1.2169 1.1991 1.1821 1.1658 1.1506 1.1362 1.122 1.1073 1.0923 1.0772 1.0619 1.0462 1.0302 1.0137 0.99674 0.9793 0.96139 0.94299 0.92406 0.90462 0.88471 0.86426 0.84339 0.82227 0.80092 0.7794 0.75778 0.73616 0.71453 0.69286 0.67124 0.64976 0.6285 0.6075 0.5868 0.56645 0.5465 0.52699 0.50795 0.48941 0.47138 0.45388 0.43692 0.42053 0.40471 0.38944 0.37472 0.36052 0.34686 0.33372 0.32107 0.30888 0.29714 0.28583 0.27491 0.26438 0.25419 0.24432 0.23474 0.22544 0.21639 0.20759 0.199 0.19061 0.18241 0.17437 0.16648 0.15874 0.15114 0.14365 0.13627 0.12898 0.12179 0.11469 0.10767 0.10071 0.093775 0.08684 0.079849 0.072766 0.065579 0.058347 0.051182 0.044198 0.037507 0.031194 0.025334 0.022541 
36 1.3502 1.3716 1.3847 1.3859 1.3842 1.382 1.3798 1.3682 1.337 1.3009 1.2722 1.2482 1.2279 1.2096 1.1922 1.176 1.1609 1.1467 1.1327 1.1182 1.1032 1.0881 1.0727 1.0569 1.0408 1.0243 1.0073 0.98977 0.97176 0.95325 0.93423 0.91472 0.89472 0.87416 0.85313 0.83184 0.8103 0.78856 0.76671 0.74483 0.72291 0.70096 0.67909 0.65737 0.63586 0.61462 0.59368 0.57309 0.5529 0.53314 0.51385 0.49506 0.47679 0.45905 0.44186 0.42523 0.40917 0.39368 0.37873 0.36433 0.35046 0.33712 0.32427 0.3119 0.29999 0.28852 0.27745 0.26676 0.25643 0.24642 0.23672 0.2273 0.21814 0.20923 0.20054 0.19206 0.18376 0.17563 0.16766 0.15984 0.15217 0.14461 0.13717 0.12982 0.12257 0.11543 0.10837 0.10137 0.09442 0.087468 0.080477 0.073418 0.066275 0.059096 0.051975 0.045006 0.038283 0.031888 0.025907 0.023047 
36.5 1.3509 1.3724 1.3854 1.3865 1.3849 1.383 1.3809 1.3791 1.3554 1.317 1.2861 1.2606 1.2394 1.2207 1.2033 1.187 1.1718 1.1572 1.1429 1.1284 1.1136 1.0986 1.0833 1.0676 1.0515 1.0349 1.0178 1.0002 0.98211 0.96351 0.9444 0.92481 0.90472 0.88403 0.86283 0.84136 0.81962 0.79765 0.77557 0.75345 0.7313 0.70912 0.687 0.66502 0.64326 0.62177 0.60057 0.57973 0.55928 0.53927 0.51973 0.50069 0.48217 0.46418 0.44674 0.42987 0.41358 0.39787 0.38271 0.36809 0.35402 0.34049 0.32746 0.31493 0.30285 0.29122 0.28001 0.2692 0.25874 0.24862 0.23882 0.2293 0.22005 0.21106 0.20229 0.19373 0.18537 0.17718 0.16916 0.16128 0.15355 0.14595 0.13846 0.13106 0.12377 0.11657 0.10946 0.10242 0.095427 0.088434 0.0814 0.074294 0.067103 0.059873 0.05269 0.045646 0.038838 0.032349 0.026268 0.023359 
37 1.3513 1.3731 1.3862 1.3873 1.3858 1.3839 1.3821 1.3828 1.3692 1.337 1.3026 1.274 1.2515 1.2322 1.2145 1.198 1.1826 1.1679 1.1534 1.1389 1.1241 1.1092 1.0939 1.0782 1.0621 1.0455 1.0283 1.0107 0.99252 0.97382 0.95462 0.93492 0.91471 0.89389 0.87256 0.85091 0.82897 0.80679 0.78448 0.76212 0.73973 0.71732 0.69496 0.67273 0.65072 0.62896 0.60751 0.58641 0.5657 0.54542 0.52563 0.50633 0.48756 0.46932 0.45165 0.43455 0.41804 0.40211 0.38674 0.37193 0.35768 0.34398 0.3308 0.31812 0.30592 0.29418 0.28287 0.27196 0.26143 0.25125 0.24139 0.23182 0.22254 0.21351 0.20471 0.19612 0.18773 0.1795 0.17143 0.1635 0.15571 0.14805 0.14048 0.133 0.12561 0.11831 0.11109 0.10394 0.096828 0.089715 0.082557 0.075323 0.068003 0.06064 0.053322 0.04615 0.039221 0.032618 0.026438 0.023482 
37.5 1.3522 1.3742 1.3875 1.3886 1.3871 1.3851 1.3835 1.3816 1.381 1.3578 1.3187 1.2885 1.2644 1.244 1.2257 1.2088 1.1932 1.1784 1.1639 1.1494 1.1346 1.1197 1.1044 1.0887 1.0726 1.056 1.0388 1.0211 1.0028 0.98406 0.96476 0.94493 0.92459 0.90364 0.88219 0.86039 0.83824 0.81584 0.79331 0.77072 0.74811 0.72546 0.70286 0.68039 0.65812 0.6361 0.61439 0.59303 0.57207 0.55154 0.5315 0.51195 0.49294 0.47447 0.45657 0.43926 0.42255 0.40642 0.39088 0.3759 0.36149 0.34764 0.33432 0.32151 0.30918 0.29731 0.28588 0.27487 0.26422 0.25393 0.24396 0.23429 0.22489 0.21575 0.20685 0.19815 0.18965 0.18132 0.17314 0.16511 0.15721 0.14944 0.14177 0.13418 0.12668 0.11927 0.11194 0.10468 0.09747 0.09026 0.083009 0.075692 0.068297 0.06086 0.053472 0.046237 0.039252 0.032604 0.026384 0.02341 
38 1.3524 1.3746 1.3881 1.3893 1.3878 1.386 1.3845 1.3833 1.3826 1.3721 1.3413 1.3053 1.2771 1.2543 1.2358 1.2203 1.2056 1.1903 1.1748 1.1597 1.145 1.1301 1.1149 1.0992 1.083 1.0664 1.0492 1.0314 1.0131 0.99424 0.97483 0.95489 0.9344 0.91332 0.89175 0.8698 0.84746 0.82485 0.8021 0.77929 0.75645 0.73357 0.71072 0.68799 0.66545 0.64318 0.62121 0.59957 0.57829 0.55744 0.53715 0.51751 0.49844 0.47981 0.46159 0.44395 0.42702 0.4108 0.39518 0.38006 0.36544 0.35137 0.33785 0.32485 0.31236 0.30032 0.28874 0.27756 0.26676 0.25631 0.2462 0.23639 0.22686 0.21759 0.20857 0.19976 0.19116 0.18273 0.17448 0.16637 0.15842 0.15062 0.14292 0.13532 0.12782 0.12041 0.11309 0.10584 0.098621 0.091401 0.084131 0.076781 0.069338 0.061841 0.05438 0.047059 0.039974 0.033213 0.026876 0.023843 
38.5 1.3526 1.375 1.3887 1.39 1.3886 1.3868 1.3854 1.3842 1.3823 1.384 1.362 1.3222 1.2921 1.2681 1.2483 1.2314 1.2159 1.2007 1.1856 1.1706 1.1557 1.1406 1.1253 1.1096 1.0935 1.0768 1.0596 1.0418 1.0234 1.0044 0.98488 0.96482 0.9442 0.923 0.90131 0.87921 0.85669 0.83386 0.81088 0.78784 0.76476 0.74165 0.71857 0.6956 0.67281 0.65029 0.62807 0.60621 0.58476 0.56376 0.54325 0.52324 0.50379 0.48491 0.46661 0.44891 0.43179 0.41526 0.39932 0.38397 0.3692 0.35499 0.34132 0.32818 0.31553 0.30335 0.29163 0.28033 0.26941 0.25885 0.24863 0.23872 0.22909 0.21974 0.21062 0.20173 0.19304 0.18454 0.1762 0.16802 0.16 0.15212 0.14435 0.13668 0.12911 0.12163 0.11424 0.10692 0.099643 0.092362 0.085033 0.077625 0.070114 0.062523 0.054929 0.047443 0.040183 0.033271 0.026833 0.023765 
39 1.3521 1.3738 1.3865 1.3883 1.3897 1.3906 1.3895 1.3869 1.3846 1.3821 1.3737 1.3442 1.3084 1.2838 1.2635 1.2445 1.2268 1.2109 1.196 1.1812 1.1663 1.1512 1.1358 1.1201 1.1039 1.0872 1.0699 1.052 1.0336 1.0145 0.99491 0.97472 0.95397 0.93265 0.91084 0.88858 0.86586 0.84283 0.81965 0.79639 0.77308 0.74975 0.72645 0.70325 0.68023 0.65747 0.63501 0.61292 0.59124 0.57001 0.54926 0.52901 0.50932 0.49021 0.47168 0.45375 0.43641 0.41968 0.40354 0.388 0.37305 0.35866 0.34483 0.33154 0.31874 0.30644 0.29458 0.28315 0.27212 0.26145 0.25112 0.2411 0.23138 0.22193 0.21272 0.20373 0.19496 0.18637 0.17795 0.16968 0.16158 0.15361 0.14576 0.138 0.13034 0.12276 0.11527 0.10786 0.10048 0.093097 0.085669 0.078164 0.070571 0.062922 0.055303 0.047821 0.040578 0.033662 0.027175 0.02407 
39.5 1.3522 1.3748 1.3883 1.3895 1.3886 1.3877 1.3867 1.3855 1.3847 1.3839 1.3856 1.3668 1.3304 1.3002 1.276 1.256 1.2384 1.2222 1.2068 1.1917 1.1767 1.1616 1.1463 1.1305 1.1143 1.0976 1.0802 1.0623 1.0437 1.0246 1.0049 0.98454 0.96366 0.94221 0.92029 0.8979 0.87499 0.85175 0.82835 0.80488 0.78137 0.75782 0.73431 0.71088 0.68762 0.66463 0.64194 0.61961 0.59768 0.57621 0.55523 0.53475 0.51482 0.49548 0.47674 0.45859 0.44105 0.42411 0.40778 0.39205 0.37692 0.36236 0.34836 0.3349 0.32195 0.3095 0.2975 0.28594 0.27478 0.26398 0.25353 0.24339 0.23355 0.22397 0.21464 0.20553 0.19663 0.18792 0.17937 0.17096 0.16272 0.15461 0.14661 0.13873 0.13094 0.12324 0.11565 0.10813 0.10066 0.093166 0.085603 0.077928 0.070138 0.062281 0.054478 0.04688 0.039605 0.032741 0.026363 0.023321 
40 1.3519 1.3749 1.3887 1.3901 1.3894 1.3884 1.3875 1.3867 1.3857 1.3846 1.3827 1.3813 1.3577 1.3197 1.2917 1.2693 1.2504 1.2335 1.2177 1.2025 1.1873 1.1722 1.1567 1.141 1.1247 1.1079 1.0905 1.0725 1.0539 1.0347 1.0148 0.99438 0.97336 0.95179 0.92975 0.9072 0.88411 0.86068 0.83707 0.81339 0.78966 0.7659 0.74216 0.71851 0.69502 0.67179 0.64886 0.62629 0.60413 0.58243 0.5612 0.5405 0.52034 0.50077 0.48181 0.46344 0.44568 0.42853 0.41198 0.39605 0.38071 0.36595 0.35175 0.3381 0.32496 0.31232 0.30014 0.2884 0.27705 0.26609 0.25547 0.24517 0.23517 0.22545 0.21598 0.20675 0.19774 0.18891 0.18027 0.17179 0.16347 0.15531 0.14727 0.13935 0.13153 0.12382 0.11621 0.10871 0.10126 0.093832 0.086363 0.078826 0.071206 0.063523 0.055857 0.048322 0.04101 0.034011 0.027435 0.024284 
40.5 1.3528 1.376 1.3899 1.3913 1.3906 1.3897 1.389 1.3881 1.387 1.3859 1.385 1.3836 1.3749 1.3455 1.3096 1.2838 1.2631 1.2453 1.2289 1.2133 1.198 1.1827 1.1672 1.1514 1.1351 1.1182 1.1008 1.0827 1.064 1.0447 1.0247 1.0042 0.98304 0.96135 0.9392 0.91651 0.89325 0.86963 0.84583 0.82194 0.79801 0.77403 0.75008 0.72621 0.70249 0.67903 0.65587 0.63307 0.61068 0.58874 0.56728 0.54634 0.52595 0.50615 0.48695 0.46836 0.45037 0.43299 0.41623 0.40008 0.38454 0.36959 0.35521 0.34139 0.3281 0.31531 0.30301 0.29115 0.27972 0.26867 0.25799 0.24765 0.23762 0.22788 0.2184 0.20917 0.20016 0.19135 0.18272 0.17424 0.16592 0.15773 0.14967 0.1417 0.13382 0.12601 0.1183 0.11068 0.10309 0.095505 0.087871 0.080157 0.072356 0.06449 0.05664 0.048926 0.041447 0.034299 0.027591 0.024376 
41 1.354 1.3772 1.3912 1.3926 1.3919 1.3911 1.3905 1.3895 1.3884 1.387 1.3857 1.384 1.3865 1.3684 1.3308 1.3006 1.2771 1.2576 1.2404 1.2243 1.2087 1.1933 1.1776 1.1617 1.1454 1.1285 1.111 1.0928 1.0741 1.0546 1.0346 1.0139 0.99264 0.97084 0.94858 0.92575 0.90233 0.87853 0.85453 0.83044 0.8063 0.78212 0.75796 0.73386 0.70992 0.68623 0.66283 0.63979 0.61716 0.59498 0.57328 0.5521 0.53147 0.51144 0.49201 0.4732 0.455 0.43742 0.42047 0.40414 0.38842 0.37331 0.35878 0.34481 0.33137 0.31845 0.30602 0.29404 0.28248 0.27131 0.2605 0.25003 0.23986 0.22998 0.22035 0.21097 0.2018 0.19282 0.18402 0.17538 0.16689 0.15853 0.15029 0.14216 0.13411 0.12615 0.11831 0.11056 0.10288 0.095231 0.08756 0.079841 0.072063 0.064239 0.056442 0.04878 0.041348 0.034237 0.027552 0.024349 
41.5 1.354 1.3776 1.392 1.3936 1.3929 1.3921 1.3914 1.3905 1.3894 1.3881 1.3869 1.3857 1.3837 1.3833 1.3602 1.3215 1.2934 1.2712 1.2525 1.2356 1.2196 1.2039 1.1881 1.1721 1.1557 1.1387 1.1211 1.1029 1.0841 1.0646 1.0444 1.0236 1.0022 0.98032 0.95792 0.93494 0.91137 0.8874 0.86322 0.83893 0.81459 0.7902 0.76582 0.7415 0.71734 0.69342 0.6698 0.64652 0.62365 0.60123 0.5793 0.55789 0.53703 0.51678 0.49713 0.47809 0.45968 0.44189 0.42472 0.40813 0.39211 0.37667 0.36189 0.34781 0.33438 0.3215 0.30905 0.29695 0.2852 0.27381 0.26279 0.25213 0.24181 0.23179 0.22204 0.21254 0.20326 0.19419 0.18531 0.1766 0.16805 0.15964 0.15137 0.1432 0.13514 0.12716 0.1193 0.11155 0.10385 0.096174 0.088472 0.080714 0.072886 0.065 0.057129 0.049383 0.041861 0.034648 0.027861 0.024609 
42 1.3552 1.379 1.3933 1.3947 1.3941 1.3934 1.3928 1.3918 1.3906 1.3894 1.3883 1.3872 1.3863 1.3847 1.3784 1.3503 1.3131 1.2868 1.2657 1.2475 1.2308 1.2147 1.1987 1.1825 1.166 1.1489 1.1313 1.113 1.0941 1.0745 1.0542 1.0333 1.0117 0.98959 0.96709 0.94411 0.92049 0.89634 0.87189 0.84739 0.82291 0.79839 0.77381 0.74926 0.72484 0.70067 0.6768 0.6533 0.63019 0.60753 0.58534 0.56369 0.5426 0.52211 0.50224 0.48298 0.46435 0.44635 0.42899 0.41226 0.39616 0.38067 0.36577 0.35145 0.33769 0.32444 0.31169 0.29941 0.28755 0.27611 0.26505 0.25433 0.24393 0.23384 0.22401 0.21443 0.20509 0.19596 0.18702 0.17825 0.16964 0.16119 0.15287 0.14466 0.13655 0.12853 0.12062 0.1128 0.10503 0.097268 0.089468 0.081605 0.073669 0.065672 0.057688 0.049833 0.0422 0.034889 0.028016 0.024721 
42.5 1.3562 1.3801 1.3945 1.3959 1.3953 1.3946 1.394 1.3931 1.3919 1.3908 1.3896 1.3884 1.3871 1.3859 1.3881 1.3736 1.3379 1.3052 1.2806 1.2604 1.2425 1.2258 1.2094 1.193 1.1763 1.1591 1.1414 1.123 1.104 1.0843 1.0639 1.0428 1.0211 0.99888 0.97611 0.95283 0.92912 0.90513 0.88082 0.85622 0.83144 0.80659 0.78173 0.75696 0.73233 0.70793 0.68382 0.66006 0.63671 0.61381 0.5914 0.56951 0.54818 0.52746 0.50737 0.48789 0.46905 0.45084 0.43327 0.41634 0.40005 0.38437 0.36929 0.3548 0.34087 0.32746 0.31456 0.30214 0.29015 0.27858 0.26738 0.25654 0.24603 0.23581 0.22586 0.21616 0.20669 0.19744 0.18837 0.17948 0.17074 0.16215 0.1537 0.14536 0.13713 0.12899 0.12096 0.11304 0.10517 0.097327 0.089441 0.081471 0.073392 0.065231 0.057083 0.049096 0.041406 0.034111 0.027311 0.024066 
43 1.3569 1.381 1.3957 1.3972 1.3966 1.3959 1.3952 1.3944 1.3932 1.392 1.3909 1.3898 1.3885 1.3872 1.3857 1.3879 1.3678 1.3286 1.2985 1.2749 1.2552 1.2374 1.2204 1.2036 1.1867 1.1693 1.1515 1.1331 1.1139 1.0941 1.0736 1.0525 1.0307 1.0084 0.98553 0.96211 0.93822 0.91401 0.88945 0.86459 0.83959 0.81453 0.78951 0.76456 0.73974 0.71514 0.6908 0.6668 0.64322 0.62009 0.59745 0.57533 0.55377 0.53282 0.51248 0.49278 0.47372 0.45529 0.43751 0.42037 0.40386 0.38797 0.37269 0.358 0.34388 0.33028 0.31719 0.30458 0.29241 0.28066 0.26929 0.25828 0.2476 0.23723 0.22714 0.21732 0.20773 0.19837 0.18921 0.18024 0.17145 0.16281 0.15432 0.14597 0.13773 0.12959 0.12158 0.11367 0.10584 0.098034 0.090198 0.082301 0.074328 0.066291 0.058257 0.050332 0.042618 0.035215 0.028243 0.024898 
43.5 1.3577 1.3821 1.3969 1.3984 1.3978 1.3971 1.3965 1.3956 1.3945 1.3933 1.3922 1.391 1.3898 1.3888 1.3877 1.3858 1.3852 1.3612 1.3211 1.2922 1.2693 1.2497 1.2318 1.2144 1.1972 1.1796 1.1616 1.1431 1.1239 1.1039 1.0833 1.0621 1.0402 1.0178 0.99481 0.97125 0.94722 0.92286 0.89811 0.87304 0.84784 0.82258 0.79734 0.77219 0.74717 0.72236 0.69781 0.67359 0.64978 0.62641 0.60353 0.58117 0.55938 0.53819 0.51762 0.49768 0.47838 0.45973 0.44172 0.42435 0.40763 0.39154 0.37606 0.36117 0.34686 0.3331 0.31986 0.30711 0.29482 0.28296 0.27151 0.26041 0.24966 0.23922 0.22907 0.2192 0.20956 0.20015 0.19095 0.18193 0.17308 0.16438 0.15584 0.14742 0.13911 0.1309 0.12281 0.11481 0.10687 0.098948 0.090971 0.082917 0.07478 0.066587 0.058409 0.05037 0.042577 0.035117 0.028109 0.024751 
44 1.3584 1.3831 1.3981 1.3998 1.3992 1.3984 1.3978 1.397 1.3958 1.3947 1.3936 1.3924 1.3913 1.3902 1.3892 1.3884 1.3874 1.3817 1.3529 1.3139 1.286 1.2636 1.244 1.2258 1.208 1.1901 1.1719 1.1532 1.1338 1.1138 1.0931 1.0718 1.0498 1.0272 1.0041 0.98035 0.95618 0.93167 0.90676 0.88151 0.85612 0.83067 0.80523 0.77985 0.75462 0.72958 0.70479 0.68034 0.65629 0.63269 0.60957 0.58696 0.56493 0.54349 0.52268 0.50251 0.48298 0.4641 0.44587 0.42829 0.41137 0.39508 0.37942 0.36436 0.34989 0.33597 0.32258 0.30968 0.29726 0.28527 0.27368 0.26247 0.25159 0.24104 0.23078 0.22078 0.21104 0.20152 0.1922 0.18307 0.17411 0.16531 0.15666 0.14813 0.13972 0.13142 0.12324 0.11517 0.10719 0.099237 0.091267 0.083242 0.075146 0.06699 0.058832 0.050785 0.042952 0.035433 0.028352 0.024954 
44.5 1.3596 1.3844 1.3995 1.4011 1.4005 1.3998 1.3992 1.3984 1.3972 1.3961 1.395 1.3939 1.3927 1.3916 1.3904 1.3894 1.3886 1.3891 1.378 1.344 1.3068 1.2798 1.2576 1.2378 1.2191 1.2008 1.1822 1.1633 1.1438 1.1236 1.1028 1.0814 1.0593 1.0366 1.0133 0.98942 0.96513 0.94049 0.91542 0.88997 0.86437 0.83871 0.81306 0.78748 0.76204 0.73678 0.71176 0.68707 0.66279 0.63894 0.61558 0.59274 0.57046 0.54879 0.52775 0.50734 0.48759 0.46848 0.45004 0.43226 0.41513 0.39865 0.3828 0.36756 0.35291 0.33883 0.32528 0.31224 0.29968 0.28756 0.27585 0.26452 0.25354 0.24289 0.23254 0.22247 0.21265 0.20306 0.19369 0.18451 0.1755 0.16664 0.15793 0.14936 0.14089 0.13252 0.12428 0.11614 0.10809 0.10007 0.092029 0.083938 0.075777 0.067558 0.059333 0.051215 0.04331 0.035715 0.028558 0.025122 
45 1.361 1.386 1.4009 1.4024 1.4017 1.4011 1.4006 1.3997 1.3986 1.3975 1.3964 1.3953 1.3941 1.393 1.3918 1.3907 1.3896 1.3889 1.3919 1.3739 1.3337 1.2996 1.2733 1.2511 1.231 1.2118 1.1928 1.1735 1.1538 1.1335 1.1125 1.091 1.0687 1.0459 1.0225 0.99847 0.97405 0.94929 0.92406 0.89843 0.87263 0.84676 0.8209 0.7951 0.76945 0.74397 0.71872 0.69379 0.66927 0.64519 0.62158 0.5985 0.57598 0.55408 0.5328 0.51216 0.49218 0.47286 0.45421 0.43622 0.41889 0.40221 0.38617 0.37076 0.35595 0.34171 0.32801 0.31484 0.30214 0.2899 0.27807 0.26662 0.25553 0.24478 0.23433 0.22416 0.21425 0.20457 0.19512 0.18585 0.17677 0.16784 0.15907 0.15043 0.14191 0.1335 0.1252 0.11702 0.10891 0.10084 0.092742 0.08459 0.076364 0.068082 0.059793 0.051608 0.043636 0.035971 0.028744 0.025275 
45.5 1.3621 1.3873 1.4025 1.404 1.4033 1.4026 1.4021 1.4013 1.4002 1.399 1.3979 1.3968 1.3956 1.3945 1.3934 1.3923 1.3913 1.3901 1.3885 1.3913 1.3687 1.3251 1.2927 1.2665 1.2442 1.2236 1.2038 1.1841 1.164 1.1435 1.1224 1.1006 1.0783 1.0553 1.0317 1.0074 0.98285 0.95797 0.93264 0.90688 0.88091 0.85484 0.82877 0.80277 0.7769 0.75119 0.72571 0.70055 0.67578 0.65146 0.6276 0.60426 0.58148 0.55933 0.53783 0.51698 0.49678 0.47725 0.45838 0.4402 0.42269 0.40582 0.3896 0.37401 0.35903 0.34463 0.33079 0.31748 0.30466 0.2923 0.28036 0.26882 0.25764 0.24681 0.23628 0.22603 0.21605 0.2063 0.19677 0.18744 0.17829 0.1693 0.16045 0.15175 0.14314 0.13464 0.12625 0.11795 0.10974 0.10156 0.093359 0.085096 0.076757 0.068356 0.059942 0.051634 0.043557 0.035819 0.02855 0.025067 
46 1.3643 1.3895 1.4043 1.4054 1.4046 1.4041 1.4036 1.4028 1.4017 1.4005 1.3995 1.3983 1.3972 1.396 1.3949 1.3938 1.3928 1.3918 1.3908 1.3889 1.3882 1.3621 1.318 1.2855 1.2593 1.2366 1.2156 1.1951 1.1745 1.1537 1.1323 1.1104 1.0878 1.0646 1.0408 1.0164 0.99158 0.96656 0.94113 0.91525 0.88912 0.86286 0.83658 0.81038 0.7843 0.75837 0.73266 0.70726 0.68225 0.65766 0.63354 0.60991 0.58686 0.56447 0.54276 0.52171 0.50132 0.48158 0.4625 0.44411 0.42638 0.40931 0.3929 0.37713 0.36199 0.34745 0.33348 0.32004 0.30709 0.2946 0.28252 0.27085 0.25955 0.2486 0.23798 0.22764 0.21757 0.20774 0.19813 0.18873 0.17952 0.17047 0.16158 0.15284 0.14421 0.1357 0.12731 0.11903 0.11083 0.10267 0.094491 0.086245 0.077915 0.069514 0.061082 0.052729 0.044569 0.036699 0.029259 0.025682 
46.5 1.366 1.3912 1.4062 1.4072 1.4063 1.4056 1.4052 1.4044 1.4032 1.4021 1.401 1.3999 1.3988 1.3976 1.3964 1.3953 1.3942 1.3933 1.3926 1.3918 1.3901 1.3847 1.354 1.3098 1.2776 1.2514 1.2283 1.2066 1.1854 1.164 1.1422 1.1196 1.0961 1.0722 1.0486 1.0252 1.0014 0.97648 0.95057 0.92411 0.89754 0.87097 0.84445 0.81801 0.7917 0.76554 0.73959 0.71394 0.68867 0.66384 0.63948 0.61561 0.59231 0.56968 0.54774 0.52649 0.50588 0.48593 0.46667 0.4481 0.4302 0.41293 0.39632 0.38037 0.36508 0.35041 0.33632 0.32276 0.3097 0.29709 0.28493 0.27317 0.26179 0.25075 0.24005 0.22966 0.21952 0.20962 0.19991 0.19039 0.18106 0.17192 0.16297 0.15418 0.1455 0.13693 0.12847 0.12009 0.11178 0.10348 0.095127 0.086691 0.078179 0.069629 0.061093 0.052672 0.044471 0.036576 0.029117 0.025532 
47 1.3687 1.3939 1.4084 1.4088 1.4078 1.4073 1.4069 1.406 1.4049 1.4037 1.4027 1.4016 1.4004 1.3992 1.398 1.3969 1.3958 1.3947 1.3937 1.3929 1.3931 1.3929 1.381 1.3434 1.3004 1.2693 1.2431 1.2194 1.1968 1.1746 1.1522 1.1295 1.1062 1.0824 1.0585 1.0343 1.0097 0.98451 0.95869 0.93242 0.90589 0.87919 0.85244 0.82574 0.79916 0.77274 0.74655 0.72065 0.69513 0.67004 0.64542 0.62134 0.59785 0.57501 0.55285 0.53135 0.51051 0.49036 0.47089 0.45212 0.43402 0.41661 0.39986 0.38378 0.36834 0.3535 0.33924 0.32553 0.31233 0.29961 0.28734 0.27549 0.26402 0.2529 0.2421 0.2316 0.22136 0.21137 0.20162 0.19207 0.18271 0.17352 0.16447 0.15557 0.14678 0.1381 0.12954 0.12109 0.11272 0.1044 0.096056 0.087655 0.079177 0.070635 0.062057 0.053545 0.045214 0.037167 0.029546 0.02588 
47.5 1.3702 1.3956 1.4102 1.4107 1.4095 1.409 1.4085 1.4076 1.4064 1.4053 1.4042 1.4031 1.4019 1.4007 1.3995 1.3984 1.3972 1.3962 1.3952 1.3941 1.3931 1.3922 1.397 1.3762 1.3297 1.2915 1.2604 1.2336 1.2092 1.1859 1.1629 1.1397 1.116 1.0919 1.0677 1.0432 1.0184 0.99307 0.96711 0.94073 0.91407 0.8872 0.86025 0.83335 0.80655 0.77993 0.75352 0.72741 0.70167 0.67634 0.65147 0.62711 0.60337 0.5803 0.55793 0.53623 0.5152 0.49484 0.47518 0.45622 0.43796 0.42036 0.40345 0.38721 0.37162 0.35664 0.34225 0.32842 0.31509 0.30224 0.28985 0.27789 0.26631 0.25509 0.2442 0.2336 0.22328 0.21321 0.20337 0.19374 0.1843 0.17504 0.16592 0.15694 0.14808 0.13934 0.13071 0.12218 0.11375 0.10536 0.096936 0.088458 0.079904 0.071276 0.062608 0.053997 0.045562 0.03741 0.029687 0.025973 
48 1.3616 1.3895 1.4082 1.4123 1.4122 1.4109 1.4098 1.4089 1.4079 1.4067 1.4056 1.4044 1.4032 1.4019 1.4007 1.3995 1.3984 1.3973 1.3962 1.3953 1.3943 1.3932 1.3917 1.3938 1.368 1.3189 1.2811 1.2498 1.2225 1.1974 1.1732 1.1498 1.1268 1.1037 1.0796 1.0543 1.0283 1.002 0.97547 0.94881 0.92192 0.89478 0.86756 0.84037 0.81329 0.78637 0.75968 0.73334 0.70747 0.68216 0.65743 0.63324 0.60954 0.58632 0.56362 0.54151 0.52005 0.49933 0.47938 0.46022 0.44182 0.42414 0.40714 0.39078 0.37503 0.35989 0.34532 0.33131 0.31782 0.30484 0.29232 0.28022 0.26851 0.25717 0.24615 0.23544 0.22502 0.21486 0.20494 0.19524 0.18574 0.1764 0.1672 0.15814 0.14919 0.14037 0.13167 0.12307 0.11457 0.10613 0.097661 0.089137 0.080528 0.071847 0.063107 0.054394 0.045831 0.037536 0.02969 0.025924 
48.5 1.3672 1.3941 1.4107 1.4129 1.4125 1.4121 1.4116 1.4107 1.4095 1.4083 1.4072 1.406 1.4047 1.4035 1.4022 1.401 1.3998 1.3987 1.3976 1.3966 1.3957 1.395 1.3941 1.3921 1.3889 1.3578 1.3079 1.2701 1.239 1.2116 1.1862 1.1617 1.1373 1.1127 1.0879 1.0627 1.037 1.0109 0.98426 0.95733 0.93015 0.90276 0.87534 0.84799 0.82076 0.79373 0.76696 0.7405 0.71439 0.68869 0.66348 0.63881 0.61473 0.59128 0.56846 0.54631 0.52484 0.50408 0.48403 0.46469 0.44606 0.42812 0.41086 0.39429 0.37837 0.36308 0.34839 0.33426 0.32066 0.30756 0.29492 0.28271 0.27092 0.25948 0.24839 0.23761 0.2271 0.21686 0.20686 0.19708 0.18749 0.17807 0.16881 0.15967 0.15067 0.14178 0.13299 0.1243 0.11569 0.10713 0.098556 0.089923 0.081224 0.072473 0.063678 0.054933 0.046358 0.03805 0.030161 0.026362 
49 1.3701 1.3968 1.413 1.4147 1.414 1.4135 1.4131 1.4123 1.4112 1.41 1.4088 1.4076 1.4064 1.4051 1.4038 1.4026 1.4013 1.4002 1.3991 1.398 1.3969 1.3959 1.3952 1.3953 1.396 1.3832 1.3422 1.2947 1.2585 1.2275 1.1995 1.1732 1.1478 1.1227 1.0975 1.0719 1.0459 1.0195 0.99273 0.96567 0.93834 0.91078 0.88318 0.85564 0.82822 0.80097 0.77397 0.74727 0.72092 0.695 0.66956 0.64464 0.6203 0.59661 0.57359 0.55126 0.52961 0.50867 0.48845 0.46895 0.45015 0.43204 0.41462 0.39788 0.3818 0.36636 0.35152 0.33725 0.32352 0.31028 0.29751 0.28517 0.27323 0.26166 0.25043 0.2395 0.22884 0.21844 0.20827 0.19831 0.18856 0.17898 0.16957 0.1603 0.15115 0.14212 0.13319 0.12433 0.11555 0.1068 0.098022 0.089205 0.08035 0.071484 0.062638 0.0539 0.045382 0.037173 0.029411 0.025681 
49.5 1.3731 1.3999 1.4154 1.4163 1.4155 1.4153 1.415 1.414 1.4128 1.4117 1.4106 1.4093 1.408 1.4067 1.4055 1.4042 1.4029 1.4017 1.4006 1.3994 1.3984 1.3973 1.3963 1.3954 1.3947 1.3971 1.3753 1.3261 1.2816 1.2457 1.2144 1.1859 1.1591 1.1332 1.1075 1.0815 1.0551 1.0284 1.0014 0.97413 0.94659 0.91882 0.891 0.86325 0.83561 0.80816 0.78094 0.75401 0.72744 0.7013 0.67563 0.65048 0.6259 0.602 0.57881 0.55632 0.53449 0.51334 0.4929 0.47319 0.4542 0.43591 0.4183 0.40137 0.3851 0.36947 0.35444 0.34 0.3261 0.31271 0.29977 0.28727 0.27517 0.26344 0.25204 0.24096 0.23018 0.21966 0.20938 0.19932 0.18945 0.17976 0.17023 0.16086 0.15164 0.14257 0.13361 0.12474 0.11597 0.10726 0.098526 0.089712 0.080773 0.071714 0.062601 0.053601 0.044899 0.036624 0.028895 0.025202 
50 1.3691 1.3974 1.4163 1.4199 1.4193 1.4177 1.4166 1.4158 1.4148 1.4136 1.4123 1.4111 1.4098 1.4085 1.4072 1.4059 1.4046 1.4034 1.4021 1.401 1.3999 1.3989 1.398 1.397 1.3959 1.3941 1.3939 1.3638 1.3103 1.2679 1.2321 1.2006 1.1718 1.1445 1.1178 1.0911 1.0643 1.0373 1.0101 0.98264 0.95492 0.92694 0.89889 0.8709 0.84304 0.81536 0.78793 0.7608 0.73402 0.70764 0.68173 0.65635 0.63157 0.60746 0.58404 0.56131 0.53926 0.51791 0.49727 0.47735 0.45814 0.43962 0.4218 0.40467 0.3882 0.37237 0.35713 0.34247 0.32835 0.31475 0.30161 0.28893 0.27665 0.26475 0.2532 0.24196 0.23102 0.22034 0.20993 0.19974 0.18978 0.18001 0.17041 0.16097 0.15169 0.14254 0.13353 0.12463 0.11585 0.10714 0.098431 0.08969 0.080907 0.072097 0.06328 0.05454 0.045991 0.037724 0.029882 0.026112 
50.5 1.373 1.4009 1.4186 1.4213 1.4206 1.4195 1.4187 1.4178 1.4167 1.4154 1.4142 1.4129 1.4116 1.4103 1.4089 1.4076 1.4063 1.405 1.4037 1.4025 1.4013 1.4002 1.3992 1.3982 1.3976 1.3973 1.3961 1.386 1.3457 1.2925 1.2519 1.2179 1.1872 1.158 1.1295 1.1016 1.074 1.0466 1.019 0.99126 0.96329 0.93507 0.9068 0.87858 0.85046 0.8225 0.79477 0.76735 0.74028 0.71369 0.68768 0.66229 0.6375 0.61329 0.58968 0.56668 0.54434 0.52269 0.50177 0.48158 0.46211 0.44335 0.4253 0.40794 0.39125 0.37521 0.35977 0.34493 0.33063 0.31686 0.30358 0.29076 0.27836 0.26636 0.2547 0.24337 0.23235 0.22163 0.2112 0.20102 0.19106 0.18129 0.17167 0.1622 0.15288 0.1437 0.13465 0.12572 0.11689 0.1081 0.099262 0.090351 0.081368 0.072356 0.063361 0.054486 0.045853 0.037548 0.029708 0.025944 
51 1.3751 1.403 1.4207 1.4233 1.4225 1.4213 1.4205 1.4197 1.4186 1.4173 1.416 1.4147 1.4134 1.412 1.4106 1.4093 1.4079 1.4065 1.4052 1.404 1.4028 1.4016 1.4005 1.3995 1.3984 1.397 1.3957 1.3986 1.3758 1.3245 1.2778 1.2382 1.203 1.1712 1.1415 1.1127 1.0844 1.0562 1.0282 1.0001 0.97177 0.94327 0.91474 0.88628 0.85793 0.82978 0.80191 0.77436 0.74716 0.72037 0.69409 0.66836 0.64321 0.61867 0.59476 0.57153 0.54898 0.52714 0.50602 0.48562 0.46593 0.44695 0.42868 0.41111 0.39423 0.37799 0.36237 0.34735 0.33289 0.31896 0.30553 0.29257 0.28003 0.26789 0.25612 0.24468 0.23355 0.22271 0.21212 0.20178 0.19166 0.18173 0.17199 0.16241 0.15299 0.14373 0.13461 0.12562 0.11677 0.108 0.099241 0.090447 0.081605 0.072724 0.063826 0.054989 0.046326 0.037947 0.030007 0.02619 
51.5 1.3771 1.4052 1.423 1.4255 1.4246 1.4233 1.4225 1.4217 1.4205 1.4192 1.4179 1.4166 1.4153 1.4139 1.4124 1.411 1.4096 1.4082 1.4069 1.4055 1.4043 1.4031 1.4017 1.4001 1.3984 1.3971 1.3964 1.3954 1.3956 1.3637 1.3064 1.2604 1.2213 1.1867 1.1548 1.1245 1.0951 1.0663 1.0376 1.009 0.98039 0.9516 0.92282 0.89412 0.86554 0.83717 0.80907 0.78129 0.75384 0.7268 0.70027 0.67428 0.64888 0.62409 0.59993 0.57645 0.55365 0.53156 0.5102 0.48957 0.46966 0.45046 0.43198 0.4142 0.39711 0.38067 0.36486 0.34965 0.33501 0.32091 0.30732 0.2942 0.28151 0.26923 0.25731 0.24574 0.23448 0.22352 0.21282 0.20238 0.19217 0.18216 0.17234 0.16269 0.1532 0.14387 0.13468 0.12562 0.11669 0.10785 0.09903 0.090192 0.081325 0.072439 0.063552 0.054741 0.046115 0.037772 0.029864 0.026061 
52 1.3788 1.4071 1.4251 1.4277 1.4266 1.4252 1.4244 1.4236 1.4224 1.4211 1.4198 1.4185 1.4171 1.4157 1.4142 1.4128 1.4113 1.4098 1.4084 1.4072 1.4057 1.4033 1.4006 1.3991 1.3996 1.4004 1.4 1.3987 1.3978 1.3861 1.343 1.2873 1.2425 1.2039 1.1694 1.1373 1.1067 1.0768 1.0474 1.0183 0.98923 0.96011 0.93103 0.90203 0.87318 0.84456 0.81621 0.78819 0.7605 0.73321 0.70642 0.68019 0.65453 0.62948 0.60506 0.58132 0.55826 0.53593 0.51432 0.49345 0.4733 0.45386 0.43515 0.41716 0.39986 0.38322 0.36721 0.35181 0.337 0.32274 0.30899 0.29573 0.28291 0.2705 0.25848 0.24681 0.23548 0.22444 0.21369 0.20319 0.19293 0.18289 0.17304 0.16336 0.15384 0.14449 0.13528 0.1262 0.11725 0.10837 0.09951 0.090623 0.081703 0.072767 0.063832 0.054976 0.046306 0.037919 0.029967 0.026142 
52.5 1.3806 1.4091 1.4272 1.4297 1.4287 1.4273 1.4264 1.4256 1.4244 1.4231 1.4217 1.4204 1.419 1.4175 1.416 1.4144 1.413 1.4117 1.4099 1.407 1.4038 1.4025 1.4034 1.404 1.4028 1.4008 1.3994 1.3987 1.3981 1.4029 1.3746 1.3157 1.2665 1.2239 1.1861 1.1515 1.1191 1.0881 1.0578 1.028 0.99836 0.96882 0.93941 0.91011 0.88095 0.85203 0.8234 0.79511 0.76716 0.73962 0.71257 0.68607 0.66015 0.63484 0.61016 0.58616 0.56285 0.54026 0.51841 0.49729 0.4769 0.45724 0.43831 0.4201 0.4026 0.38578 0.36961 0.35405 0.3391 0.32471 0.31085 0.29749 0.28458 0.27211 0.26002 0.2483 0.23691 0.22583 0.21505 0.20452 0.19424 0.18417 0.17429 0.16457 0.155 0.14558 0.13629 0.12712 0.11807 0.1091 0.10014 0.091152 0.082124 0.07306 0.063983 0.054987 0.046202 0.037747 0.029775 0.02595 
53 1.3825 1.4113 1.4296 1.4322 1.431 1.4293 1.4284 1.4277 1.4265 1.4251 1.4237 1.4224 1.4209 1.4193 1.4179 1.4166 1.4144 1.4108 1.4074 1.4067 1.4081 1.4083 1.4063 1.404 1.4029 1.4024 1.4017 1.4007 1.3995 1.3974 1.3925 1.355 1.2952 1.2464 1.2044 1.1671 1.1327 1.1001 1.0687 1.0381 1.0078 0.97779 0.94797 0.9183 0.8888 0.85957 0.83064 0.80206 0.77382 0.746 0.71867 0.69189 0.66572 0.64015 0.61521 0.59094 0.56738 0.54453 0.52243 0.50108 0.48047 0.46061 0.44148 0.42308 0.4054 0.38841 0.37208 0.35638 0.3413 0.32678 0.3128 0.29932 0.28631 0.27374 0.26156 0.24974 0.23826 0.2271 0.21623 0.20561 0.19524 0.1851 0.17515 0.16536 0.15575 0.14628 0.13694 0.1277 0.11856 0.10948 0.10041 0.091325 0.082228 0.073147 0.064098 0.055159 0.046417 0.037961 0.029953 0.026103 
53.5 1.3844 1.4133 1.4318 1.4343 1.4331 1.4315 1.4305 1.4297 1.4285 1.4271 1.4257 1.4242 1.4229 1.4212 1.4186 1.4153 1.4127 1.4121 1.4126 1.4121 1.4102 1.4082 1.4069 1.4058 1.4047 1.4035 1.4023 1.4013 1.4007 1.4012 1.4064 1.3811 1.3227 1.2696 1.2246 1.1843 1.1475 1.1131 1.0804 1.0487 1.0176 0.987 0.95669 0.92659 0.8967 0.86712 0.83786 0.80896 0.78044 0.75234 0.72473 0.69767 0.6712 0.64535 0.62015 0.59564 0.57183 0.54875 0.52641 0.50483 0.484 0.46393 0.4446 0.42602 0.40815 0.39098 0.37448 0.35863 0.34339 0.32873 0.31461 0.30099 0.28784 0.27512 0.26281 0.25087 0.23927 0.22798 0.21698 0.20624 0.19575 0.1855 0.17545 0.16558 0.15591 0.14642 0.13708 0.12787 0.11876 0.10968 0.10054 0.091304 0.081975 0.072614 0.063301 0.054187 0.045396 0.037006 0.029137 0.025367 
54 1.3851 1.4133 1.4303 1.4327 1.434 1.4353 1.4349 1.4326 1.4303 1.4288 1.4275 1.4259 1.424 1.4221 1.42 1.4179 1.416 1.4146 1.4136 1.4125 1.4111 1.4097 1.4084 1.4071 1.4058 1.4047 1.4037 1.4028 1.4017 1.4005 1.3988 1.3977 1.3627 1.3005 1.2488 1.2039 1.1639 1.1273 1.093 1.06 1.0281 0.99669 0.96578 0.93517 0.90482 0.87483 0.84522 0.81597 0.78713 0.75872 0.73083 0.70349 0.67674 0.65062 0.62514 0.60036 0.57629 0.55296 0.53038 0.50856 0.48751 0.46721 0.44767 0.42888 0.41082 0.39345 0.37677 0.36073 0.34531 0.33048 0.31622 0.30247 0.28921 0.2764 0.26401 0.252 0.24036 0.22904 0.21804 0.20731 0.19684 0.18661 0.17659 0.16676 0.15711 0.14764 0.13834 0.12918 0.12015 0.1112 0.10226 0.09329 0.08427 0.075203 0.066094 0.05701 0.048059 0.039352 0.031059 0.027062 
54.5 1.3861 1.4153 1.4339 1.4368 1.4366 1.4361 1.4355 1.4342 1.4325 1.4308 1.4289 1.4269 1.4248 1.4227 1.421 1.4198 1.4187 1.4174 1.4159 1.4142 1.4126 1.4111 1.4097 1.4084 1.4071 1.4059 1.4047 1.4037 1.4029 1.4027 1.4034 1.4026 1.385 1.334 1.2732 1.2245 1.1816 1.1427 1.1064 1.0721 1.0389 1.0067 0.97511 0.94391 0.91305 0.88263 0.85261 0.823 0.79382 0.7651 0.7369 0.70927 0.68224 0.65584 0.6301 0.60505 0.58072 0.55715 0.53433 0.51228 0.49101 0.47051 0.45078 0.43181 0.41358 0.39607 0.37924 0.36308 0.34755 0.33262 0.31826 0.30443 0.29108 0.27818 0.2657 0.2536 0.24185 0.23042 0.21929 0.20844 0.19783 0.18746 0.17729 0.1673 0.15749 0.14787 0.13841 0.12911 0.11995 0.11088 0.10185 0.092806 0.083738 0.074648 0.065542 0.056481 0.047569 0.038914 0.030681 0.026716 
55 1.3887 1.4181 1.4366 1.4383 1.4358 1.4343 1.4357 1.4371 1.4348 1.4301 1.4276 1.4284 1.4289 1.4271 1.4242 1.4222 1.4208 1.4193 1.4175 1.4158 1.4141 1.4126 1.4112 1.4097 1.4084 1.4072 1.4061 1.4051 1.4041 1.4029 1.4018 1.4003 1.4007 1.3664 1.3027 1.2488 1.2016 1.1595 1.1209 1.0848 1.0504 1.0172 0.98479 0.95292 0.92148 0.89055 0.8601 0.8301 0.80055 0.77149 0.74297 0.71503 0.68772 0.66105 0.63503 0.60973 0.58516 0.56134 0.53829 0.51602 0.49454 0.47384 0.45392 0.43477 0.41638 0.39871 0.38174 0.36544 0.34979 0.33474 0.32027 0.30634 0.29291 0.27995 0.26742 0.25528 0.2435 0.23205 0.2209 0.21003 0.19941 0.18902 0.17881 0.16877 0.15889 0.14915 0.13956 0.13009 0.12075 0.11148 0.10224 0.092992 0.083739 0.074489 0.065251 0.056089 0.047104 0.038413 0.030185 0.026233 
55.5 1.3899 1.4193 1.4376 1.4398 1.4385 1.4372 1.4365 1.4358 1.4348 1.4337 1.4326 1.4313 1.4297 1.428 1.4262 1.4244 1.4225 1.4208 1.419 1.4173 1.4156 1.414 1.4125 1.411 1.4096 1.4083 1.4071 1.4059 1.405 1.4043 1.404 1.4043 1.403 1.3872 1.3369 1.2737 1.2224 1.1773 1.1364 1.0984 1.0625 1.0281 0.9948 0.96216 0.93007 0.89853 0.86745 0.8369 0.807 0.77777 0.74911 0.72094 0.69328 0.66623 0.63987 0.61427 0.58943 0.56537 0.54208 0.5196 0.49791 0.47702 0.45692 0.43759 0.41903 0.4012 0.38407 0.36763 0.35183 0.33665 0.32205 0.30799 0.29444 0.28136 0.26872 0.25647 0.24459 0.23305 0.22182 0.21088 0.20021 0.18979 0.17957 0.16955 0.1597 0.15001 0.14048 0.13108 0.1218 0.11259 0.10339 0.094161 0.084913 0.075636 0.066344 0.057105 0.048021 0.039207 0.030832 0.026801 
56 1.3912 1.4208 1.4394 1.4418 1.4408 1.4396 1.4389 1.4381 1.4369 1.4356 1.4343 1.4329 1.4314 1.4297 1.4279 1.4261 1.4243 1.4224 1.4206 1.4188 1.4171 1.4154 1.4138 1.4123 1.4109 1.4095 1.4083 1.4072 1.4062 1.4051 1.4041 1.403 1.4017 1.4027 1.3681 1.3025 1.2467 1.1975 1.1534 1.1131 1.0754 1.0397 1.0052 0.97163 0.93872 0.90654 0.87501 0.84412 0.81388 0.78429 0.75526 0.72676 0.69884 0.67156 0.64496 0.61909 0.59398 0.56964 0.54611 0.52338 0.50147 0.48037 0.46007 0.44057 0.42184 0.40387 0.38661 0.37005 0.35415 0.33888 0.3242 0.31008 0.29649 0.28337 0.27071 0.25845 0.24657 0.23505 0.22384 0.21292 0.20228 0.19188 0.18169 0.17168 0.16186 0.15219 0.14268 0.13331 0.12405 0.11484 0.10563 0.096382 0.08707 0.077702 0.068284 0.058874 0.049577 0.040515 0.03187 0.027702 
56.5 1.3931 1.4229 1.4416 1.4438 1.4428 1.4418 1.4412 1.4403 1.439 1.4376 1.4362 1.4347 1.4331 1.4314 1.4296 1.4278 1.4259 1.4241 1.4222 1.4204 1.4186 1.4169 1.4152 1.4137 1.4122 1.4108 1.4095 1.4083 1.4071 1.4062 1.4055 1.4053 1.4056 1.4046 1.388 1.3362 1.2716 1.2184 1.1714 1.1287 1.0892 1.0519 1.0162 0.9817 0.94806 0.91528 0.88319 0.85174 0.82096 0.79087 0.7614 0.73251 0.70425 0.67668 0.64983 0.62373 0.59841 0.57388 0.55015 0.52724 0.50515 0.48388 0.46343 0.44378 0.42495 0.40688 0.38955 0.37291 0.35693 0.3416 0.32688 0.31272 0.29909 0.28594 0.27324 0.26095 0.24904 0.23746 0.2262 0.21522 0.20452 0.19404 0.18377 0.17366 0.16372 0.15393 0.14429 0.13479 0.1254 0.11606 0.10672 0.097347 0.087932 0.078492 0.069014 0.059537 0.05016 0.040991 0.032222 0.027989 
57 1.3947 1.4247 1.4436 1.4461 1.4451 1.4439 1.4433 1.4424 1.441 1.4396 1.4381 1.4366 1.4349 1.4331 1.4313 1.4295 1.4276 1.4257 1.4238 1.4219 1.4201 1.4183 1.4166 1.415 1.4135 1.412 1.4107 1.4095 1.4084 1.4074 1.4064 1.4053 1.4042 1.4029 1.403 1.3669 1.2998 1.2424 1.1915 1.1458 1.1039 1.0649 1.0278 0.99219 0.95765 0.9241 0.89135 0.85934 0.82807 0.79751 0.76761 0.73834 0.70975 0.68187 0.65475 0.62842 0.60289 0.57812 0.55404 0.53073 0.50839 0.48715 0.46692 0.44746 0.42858 0.41029 0.39269 0.37583 0.35971 0.34427 0.32944 0.31516 0.30139 0.2881 0.27524 0.26277 0.25067 0.23891 0.22745 0.21627 0.20535 0.19466 0.18419 0.1739 0.16379 0.15386 0.14408 0.13445 0.12495 0.11552 0.1061 0.096672 0.087208 0.07772 0.068216 0.058739 0.049391 0.040291 0.031617 0.027438 
57.5 1.3966 1.4269 1.4459 1.4484 1.4474 1.4462 1.4454 1.4445 1.4432 1.4416 1.4401 1.4386 1.4368 1.435 1.4332 1.4313 1.4294 1.4274 1.4255 1.4236 1.4217 1.4199 1.4182 1.4165 1.4149 1.4134 1.412 1.4107 1.4095 1.4084 1.4075 1.4068 1.4065 1.4064 1.4088 1.3871 1.3291 1.2663 1.2119 1.1635 1.1194 1.0786 1.04 1.0032 0.96764 0.93325 0.89978 0.86714 0.83531 0.80428 0.77398 0.74434 0.7154 0.68721 0.65979 0.63317 0.60738 0.58244 0.55835 0.53511 0.51274 0.49122 0.47053 0.45065 0.43155 0.41322 0.39561 0.3787 0.36245 0.34685 0.33184 0.31741 0.30351 0.2901 0.27713 0.26459 0.25242 0.24061 0.22913 0.21795 0.20705 0.1964 0.18598 0.17576 0.16572 0.15586 0.14617 0.13662 0.12718 0.11778 0.10838 0.098924 0.089403 0.079813 0.070157 0.060487 0.050908 0.041546 0.032596 0.028276 
58 1.3987 1.429 1.4483 1.4508 1.4497 1.4484 1.4477 1.4467 1.4453 1.4438 1.4422 1.4406 1.4388 1.437 1.4351 1.4331 1.4312 1.4292 1.4272 1.4253 1.4234 1.4215 1.4197 1.418 1.4163 1.4148 1.4133 1.412 1.4108 1.4097 1.4088 1.4078 1.4067 1.4055 1.4038 1.4014 1.3622 1.2939 1.2352 1.1831 1.1361 1.093 1.0528 1.0146 0.97802 0.94271 0.90845 0.87514 0.84273 0.8112 0.78046 0.75047 0.72124 0.69278 0.66512 0.63828 0.61228 0.58713 0.56283 0.53938 0.51679 0.49506 0.47418 0.45411 0.43485 0.41636 0.39862 0.38161 0.36527 0.34959 0.33451 0.32002 0.30605 0.29258 0.27955 0.26693 0.25469 0.2428 0.23122 0.21993 0.2089 0.19811 0.18753 0.17713 0.16689 0.15681 0.1469 0.13715 0.12754 0.11801 0.10849 0.098929 0.089287 0.079591 0.06989 0.060254 0.050714 0.041316 0.032232 0.027822 
58.5 1.4006 1.4312 1.4505 1.4531 1.452 1.4507 1.4499 1.4489 1.4474 1.4458 1.4442 1.4425 1.4408 1.4389 1.4369 1.4349 1.4329 1.4309 1.4289 1.4269 1.4249 1.423 1.4212 1.4194 1.4177 1.4161 1.4146 1.4132 1.4119 1.4107 1.4095 1.4085 1.4077 1.4075 1.4081 1.4099 1.384 1.3216 1.2573 1.2026 1.1534 1.1082 1.0661 1.0263 0.98825 0.9519 0.91705 0.88347 0.85084 0.81894 0.7877 0.75718 0.72748 0.69863 0.67063 0.6435 0.61724 0.59185 0.56733 0.54367 0.52089 0.49898 0.47793 0.4577 0.43827 0.41964 0.40176 0.38459 0.36812 0.35229 0.33709 0.32246 0.30836 0.29475 0.28159 0.26884 0.25647 0.24445 0.23274 0.22132 0.21017 0.19925 0.18855 0.17803 0.16769 0.15752 0.14751 0.13766 0.12793 0.11828 0.10865 0.099008 0.08933 0.079627 0.069903 0.060192 0.050587 0.041215 0.032265 0.027948 
59 1.4027 1.4334 1.4528 1.4552 1.4541 1.4528 1.452 1.4509 1.4494 1.4478 1.4462 1.4445 1.4426 1.4407 1.4387 1.4367 1.4346 1.4326 1.4305 1.4284 1.4264 1.4245 1.4226 1.4207 1.419 1.4173 1.4158 1.4143 1.413 1.4118 1.4107 1.4099 1.4091 1.4082 1.4071 1.4054 1.3988 1.3549 1.2853 1.2255 1.1723 1.1244 1.0803 1.039 0.99989 0.96256 0.92668 0.89208 0.85858 0.82605 0.79439 0.76358 0.73362 0.70451 0.67625 0.64886 0.62235 0.59672 0.57197 0.5481 0.52512 0.50301 0.48176 0.46135 0.44174 0.42293 0.40487 0.38754 0.3709 0.35492 0.33955 0.32477 0.31053 0.29679 0.2835 0.27064 0.25817 0.24606 0.23428 0.2228 0.21161 0.20066 0.18994 0.17943 0.1691 0.15894 0.14896 0.13914 0.12944 0.1198 0.11017 0.10052 0.090809 0.081047 0.071234 0.061406 0.051653 0.042106 0.032965 0.028549 
59.5 1.405 1.4358 1.4552 1.4575 1.4562 1.455 1.4542 1.4531 1.4516 1.4499 1.4482 1.4465 1.4446 1.4426 1.4406 1.4385 1.4364 1.4343 1.4322 1.4301 1.428 1.426 1.424 1.4222 1.4204 1.4187 1.4171 1.4156 1.4142 1.4129 1.4117 1.4106 1.4096 1.4086 1.4079 1.4075 1.4124 1.379 1.3088 1.2472 1.1918 1.1416 1.0954 1.0524 1.0119 0.97335 0.93645 0.901 0.8668 0.83368 0.80152 0.77028 0.73995 0.71051 0.68195 0.6543 0.62754 0.60167 0.57668 0.55259 0.52938 0.50707 0.48563 0.46503 0.44526 0.42628 0.40806 0.39058 0.3738 0.35768 0.34219 0.3273 0.31295 0.29911 0.28574 0.27279 0.26024 0.24806 0.23621 0.22466 0.2134 0.20239 0.19162 0.18106 0.17068 0.16049 0.15048 0.14063 0.13089 0.1212 0.11151 0.10178 0.091961 0.082067 0.072106 0.062121 0.052216 0.042529 0.033262 0.028787 
60 1.4071 1.4381 1.4576 1.4599 1.4586 1.4573 1.4565 1.4554 1.4538 1.4521 1.4504 1.4486 1.4467 1.4447 1.4426 1.4405 1.4384 1.4362 1.434 1.4319 1.4298 1.4277 1.4257 1.4238 1.4219 1.4202 1.4185 1.417 1.4155 1.4142 1.413 1.412 1.4113 1.4107 1.4101 1.4094 1.4075 1.3935 1.3424 1.2725 1.2125 1.1588 1.1099 1.065 1.0235 0.98474 0.94747 0.91123 0.87599 0.84189 0.80898 0.77721 0.74646 0.71666 0.68778 0.65982 0.63278 0.60665 0.58143 0.55711 0.5337 0.51119 0.48957 0.4688 0.44886 0.42972 0.41136 0.39374 0.37682 0.36058 0.34498 0.32998 0.31554 0.30162 0.28816 0.27513 0.26249 0.25021 0.23825 0.22659 0.21521 0.20407 0.19315 0.18242 0.17187 0.16148 0.15126 0.14118 0.1312 0.12128 0.11138 0.10147 0.091531 0.081579 0.071618 0.061673 0.051824 0.04219 0.032965 0.02851 
60.5 1.4096 1.4408 1.4601 1.4622 1.4609 1.4596 1.4588 1.4577 1.456 1.4543 1.4526 1.4508 1.4488 1.4467 1.4446 1.4424 1.4403 1.4381 1.4358 1.4336 1.4315 1.4294 1.4273 1.4253 1.4234 1.4216 1.4199 1.4184 1.4169 1.4156 1.4144 1.4132 1.4122 1.4111 1.4099 1.4088 1.4073 1.4069 1.3683 1.2968 1.2343 1.1781 1.1272 1.0804 1.037 0.99623 0.95741 0.92024 0.88451 0.85006 0.81677 0.78454 0.75333 0.72308 0.69381 0.66551 0.63818 0.6118 0.58634 0.5618 0.53817 0.51546 0.49365 0.47271 0.4526 0.4333 0.41478 0.39701 0.37995 0.36357 0.34782 0.33269 0.31812 0.30408 0.29051 0.27739 0.26466 0.25229 0.24026 0.22854 0.21709 0.20589 0.19492 0.18415 0.17355 0.16312 0.15286 0.14275 0.13272 0.12272 0.11267 0.10256 0.092348 0.082083 0.071822 0.061626 0.051598 0.041857 0.032589 0.028128 
61 1.4108 1.4423 1.4622 1.4647 1.4634 1.4619 1.461 1.4599 1.4582 1.4564 1.4546 1.4528 1.4508 1.4487 1.4465 1.4443 1.4421 1.4398 1.4376 1.4353 1.4331 1.4309 1.4288 1.4268 1.4249 1.423 1.4213 1.4196 1.4181 1.4167 1.4153 1.4141 1.4129 1.4119 1.4112 1.4112 1.4124 1.4185 1.3879 1.3185 1.2541 1.1967 1.1441 1.0957 1.0508 1.0085 0.96842 0.9302 0.89361 0.85846 0.82457 0.79184 0.7602 0.72958 0.69997 0.67135 0.64371 0.61704 0.59131 0.56653 0.54269 0.51976 0.49775 0.4766 0.4563 0.43681 0.41811 0.40015 0.38292 0.36636 0.35045 0.33514 0.32039 0.30615 0.29238 0.27904 0.26611 0.25354 0.24132 0.22941 0.21779 0.20644 0.19532 0.18443 0.17373 0.16322 0.15291 0.14277 0.13275 0.1228 0.11289 0.10296 0.092974 0.082938 0.072867 0.062778 0.052752 0.042916 0.03348 0.028921 
61.5 1.4133 1.4448 1.4646 1.4669 1.4655 1.464 1.4632 1.462 1.4603 1.4585 1.4567 1.4548 1.4527 1.4505 1.4483 1.4461 1.4438 1.4415 1.4392 1.4369 1.4346 1.4324 1.4302 1.4282 1.4262 1.4243 1.4225 1.4208 1.4192 1.4177 1.4164 1.4152 1.4142 1.4134 1.4126 1.4117 1.4106 1.4088 1.4004 1.3535 1.2811 1.2184 1.1625 1.1119 1.0653 1.0216 0.98019 0.94084 0.9033 0.86734 0.83278 0.79948 0.76736 0.73632 0.70632 0.67736 0.64941 0.62244 0.59643 0.57138 0.54727 0.52409 0.50182 0.48043 0.4599 0.44019 0.42129 0.40316 0.38577 0.36907 0.35303 0.33759 0.32271 0.30835 0.29448 0.28105 0.26803 0.2554 0.24311 0.23115 0.21948 0.20809 0.19694 0.18603 0.17531 0.16478 0.15445 0.14429 0.13425 0.12428 0.11432 0.10435 0.094307 0.084201 0.074043 0.063838 0.053666 0.043666 0.034053 0.029399 
62 1.4155 1.4472 1.467 1.4691 1.4677 1.4663 1.4654 1.4642 1.4624 1.4606 1.4587 1.4568 1.4547 1.4525 1.4502 1.4479 1.4456 1.4433 1.4409 1.4386 1.4362 1.434 1.4318 1.4296 1.4276 1.4256 1.4238 1.422 1.4204 1.4189 1.4175 1.4163 1.4151 1.414 1.4129 1.4119 1.411 1.4101 1.413 1.3766 1.3036 1.2394 1.1814 1.1286 1.08 1.0346 0.9919 0.95149 0.91308 0.87638 0.84118 0.80732 0.77468 0.74318 0.71278 0.68345 0.65515 0.62786 0.60156 0.57624 0.55188 0.52847 0.50599 0.48441 0.46369 0.44381 0.42472 0.40641 0.38884 0.37198 0.35577 0.34018 0.32517 0.31068 0.29668 0.28314 0.27001 0.25726 0.24485 0.23276 0.22095 0.20941 0.1981 0.187 0.17609 0.16535 0.1548 0.14443 0.1342 0.12403 0.1139 0.10378 0.093623 0.083446 0.073258 0.06307 0.052952 0.04302 0.033489 0.028883 
62.5 1.4176 1.4495 1.4694 1.4716 1.47 1.4686 1.4677 1.4665 1.4647 1.4628 1.4609 1.4589 1.4568 1.4545 1.4522 1.4499 1.4475 1.4451 1.4427 1.4403 1.438 1.4356 1.4334 1.4312 1.4291 1.4271 1.4252 1.4234 1.4217 1.4201 1.4187 1.4174 1.4162 1.4151 1.4142 1.4138 1.4139 1.4147 1.4141 1.3917 1.3311 1.2603 1.2 1.1454 1.0952 1.0483 1.0043 0.96278 0.92337 0.88582 0.84989 0.81541 0.78223 0.75025 0.71942 0.6897 0.66105 0.63345 0.60685 0.58125 0.55662 0.53296 0.51025 0.48845 0.46752 0.44743 0.42816 0.40967 0.39192 0.37487 0.35849 0.34275 0.32759 0.31297 0.29886 0.28521 0.27199 0.25916 0.24669 0.23455 0.22271 0.21113 0.1998 0.18869 0.17777 0.16701 0.15643 0.14601 0.1357 0.12546 0.11524 0.10501 0.094742 0.084443 0.074122 0.063795 0.053531 0.043452 0.033781 0.02911 
63 1.4195 1.4517 1.4718 1.4741 1.4726 1.471 1.47 1.4688 1.467 1.465 1.4631 1.4611 1.4589 1.4566 1.4543 1.4519 1.4495 1.447 1.4446 1.4421 1.4397 1.4373 1.435 1.4328 1.4306 1.4286 1.4266 1.4248 1.423 1.4214 1.42 1.4187 1.4174 1.4159 1.4144 1.4131 1.4123 1.4114 1.4097 1.4051 1.3612 1.2871 1.2222 1.1638 1.111 1.0623 1.0169 0.97418 0.93382 0.89542 0.85876 0.82363 0.78988 0.75737 0.726 0.69574 0.6666 0.63861 0.61181 0.58616 0.56154 0.53781 0.51491 0.49284 0.47162 0.45124 0.43172 0.41299 0.39504 0.37781 0.36127 0.34537 0.33005 0.31529 0.30103 0.28725 0.2739 0.26095 0.24836 0.23611 0.22416 0.2125 0.20109 0.18992 0.17895 0.16817 0.15759 0.14719 0.13692 0.12672 0.11655 0.10635 0.096105 0.085802 0.075435 0.065026 0.054641 0.044404 0.034545 0.029772 
63.5 1.4222 1.4544 1.4744 1.4764 1.4748 1.4733 1.4724 1.4711 1.4692 1.4673 1.4653 1.4632 1.461 1.4587 1.4563 1.4539 1.4514 1.4489 1.4464 1.4439 1.4414 1.439 1.4366 1.4344 1.4322 1.4301 1.428 1.4261 1.4243 1.4226 1.421 1.4194 1.4177 1.4161 1.4146 1.4136 1.4131 1.4129 1.4128 1.4174 1.3819 1.3078 1.242 1.1822 1.1276 1.0771 1.0302 0.98618 0.94471 0.90537 0.86789 0.83206 0.79771 0.76471 0.73296 0.70243 0.67305 0.64477 0.61757 0.59143 0.56632 0.54219 0.519 0.49675 0.47539 0.4549 0.43524 0.41637 0.39827 0.38089 0.3642 0.34816 0.33272 0.31786 0.3035 0.28962 0.27616 0.2631 0.25041 0.23805 0.226 0.21422 0.2027 0.1914 0.18032 0.16942 0.15871 0.14817 0.13775 0.12738 0.11702 0.10663 0.096182 0.085675 0.075136 0.064596 0.054137 0.043879 0.034045 0.029295 
64 1.4244 1.4568 1.4769 1.4788 1.4771 1.4756 1.4747 1.4733 1.4714 1.4694 1.4674 1.4653 1.4631 1.4607 1.4582 1.4558 1.4532 1.4507 1.4481 1.4456 1.4431 1.4406 1.4382 1.4358 1.4336 1.4314 1.4293 1.4273 1.4253 1.4233 1.4212 1.4192 1.4176 1.4168 1.4165 1.4164 1.4161 1.4159 1.4155 1.4137 1.3954 1.3384 1.2647 1.2012 1.1442 1.092 1.0437 0.99848 0.95594 0.91567 0.87739 0.84086 0.8059 0.77235 0.74012 0.70914 0.67934 0.65069 0.62316 0.5967 0.57129 0.54688 0.52344 0.50094 0.47935 0.45865 0.43879 0.41973 0.40145 0.3839 0.36704 0.35082 0.33521 0.32016 0.30563 0.29158 0.27796 0.26475 0.25191 0.2394 0.2272 0.21529 0.20363 0.1922 0.18098 0.16995 0.15912 0.14847 0.13795 0.12752 0.11711 0.1067 0.096265 0.085799 0.075305 0.064805 0.054363 0.044093 0.034222 0.029446 
64.5 1.4264 1.4591 1.4793 1.4813 1.4796 1.478 1.477 1.4756 1.4737 1.4717 1.4696 1.4675 1.4652 1.4628 1.4603 1.4578 1.4552 1.4526 1.45 1.4474 1.4448 1.4423 1.4398 1.4374 1.435 1.4327 1.4305 1.4282 1.4256 1.423 1.4211 1.4204 1.4204 1.4198 1.4186 1.4172 1.4161 1.4152 1.4142 1.4127 1.4078 1.3631 1.2883 1.2223 1.1626 1.1082 1.058 1.0113 0.96757 0.92629 0.88716 0.84991 0.8143 0.78019 0.74745 0.71602 0.68581 0.65678 0.62889 0.60211 0.57641 0.55172 0.52802 0.50527 0.48345 0.46251 0.44243 0.42315 0.40465 0.3869 0.36984 0.35345 0.33767 0.32245 0.30776 0.29355 0.27979 0.26645 0.25348 0.24086 0.22854 0.2165 0.20473 0.1932 0.18188 0.17077 0.15986 0.14914 0.13855 0.12803 0.11753 0.10701 0.096462 0.0859 0.075326 0.064766 0.054283 0.043989 0.0341 0.029317 
65 1.4241 1.458 1.4805 1.4844 1.4832 1.481 1.4794 1.478 1.4761 1.474 1.4719 1.4697 1.4674 1.4649 1.4624 1.4598 1.4572 1.4546 1.4519 1.4492 1.4466 1.444 1.4414 1.4389 1.4364 1.4338 1.4311 1.4286 1.4266 1.4251 1.424 1.4228 1.4214 1.4201 1.4189 1.4178 1.4168 1.416 1.4154 1.415 1.4196 1.3836 1.3085 1.2415 1.1804 1.1244 1.0727 1.0247 0.97971 0.93735 0.89729 0.85925 0.82296 0.78824 0.75498 0.72307 0.69243 0.66299 0.63473 0.60762 0.58161 0.55662 0.53263 0.50961 0.48753 0.46635 0.44602 0.42653 0.40782 0.38985 0.3726 0.356 0.34003 0.32463 0.30975 0.29537 0.28143 0.2679 0.25477 0.242 0.22955 0.2174 0.20552 0.19389 0.18247 0.17125 0.16025 0.14947 0.13887 0.12839 0.11794 0.10749 0.096988 0.086448 0.075848 0.06518 0.054478 0.043881 0.033744 0.028873 
65.5 1.4285 1.4619 1.4835 1.4866 1.4851 1.4831 1.4818 1.4804 1.4785 1.4764 1.4742 1.472 1.4696 1.4671 1.4645 1.4619 1.4592 1.4565 1.4538 1.451 1.4483 1.4456 1.443 1.44 1.4367 1.4336 1.4315 1.4305 1.4294 1.4277 1.4256 1.4238 1.4224 1.4213 1.4201 1.4192 1.4185 1.4182 1.4181 1.4183 1.4175 1.397 1.337 1.2629 1.1988 1.1407 1.0875 1.0382 0.99208 0.94871 0.90775 0.8689 0.83191 0.79657 0.76274 0.73031 0.6992 0.66934 0.6407 0.61324 0.58688 0.56157 0.53728 0.51397 0.49161 0.47016 0.44958 0.42984 0.41089 0.39271 0.37526 0.35847 0.34232 0.32676 0.31173 0.29721 0.28315 0.26953 0.2563 0.24343 0.23088 0.21863 0.20666 0.19494 0.18345 0.17216 0.16109 0.15021 0.13949 0.12888 0.11831 0.10775 0.097192 0.086624 0.076043 0.065454 0.054907 0.044511 0.034497 0.029648 
66 1.4311 1.4646 1.4863 1.4893 1.4876 1.4855 1.4841 1.4828 1.4809 1.4787 1.4765 1.4742 1.4718 1.4693 1.4666 1.4639 1.4612 1.4584 1.4556 1.4529 1.45 1.4467 1.4428 1.4395 1.4376 1.4366 1.4352 1.4329 1.4304 1.4284 1.4268 1.4253 1.4239 1.4225 1.4214 1.4205 1.4196 1.4188 1.4178 1.4168 1.4153 1.4088 1.3621 1.2863 1.2195 1.1588 1.1034 1.0523 1.0048 0.96028 0.91835 0.87866 0.84094 0.80496 0.77056 0.73762 0.70603 0.67573 0.64669 0.61885 0.59215 0.56652 0.54191 0.51831 0.49567 0.47395 0.45313 0.43315 0.41399 0.3956 0.37793 0.36096 0.34463 0.32889 0.3137 0.29902 0.28481 0.27105 0.25768 0.24468 0.23202 0.21967 0.2076 0.19578 0.1842 0.17284 0.1617 0.15075 0.13997 0.12929 0.11865 0.10802 0.097387 0.086751 0.076109 0.065466 0.054869 0.044425 0.034375 0.029512 
66.5 1.4334 1.4671 1.4888 1.4918 1.4901 1.4879 1.4865 1.4851 1.4832 1.481 1.4788 1.4765 1.474 1.4714 1.4687 1.4659 1.4631 1.4602 1.4573 1.4543 1.4512 1.4481 1.445 1.4422 1.4398 1.4378 1.4359 1.4339 1.4319 1.43 1.4282 1.4265 1.425 1.4237 1.4224 1.4213 1.4202 1.4192 1.4183 1.4177 1.417 1.4204 1.3827 1.3064 1.2384 1.1763 1.1194 1.0669 1.018 0.97224 0.92921 0.88855 0.84996 0.8132 0.77812 0.74465 0.71272 0.68221 0.65297 0.62484 0.59776 0.57172 0.54673 0.52277 0.4998 0.47779 0.45668 0.43644 0.41703 0.3984 0.38053 0.36336 0.34684 0.33092 0.31557 0.30073 0.28639 0.27249 0.25902 0.24592 0.23318 0.22075 0.20861 0.19675 0.18513 0.17374 0.16257 0.1516 0.14081 0.13012 0.11946 0.10881 0.098132 0.08743 0.076697 0.065954 0.055262 0.044736 0.03461 0.029711 
67 1.4357 1.4696 1.4915 1.4946 1.4927 1.4904 1.4889 1.4875 1.4856 1.4833 1.481 1.4787 1.4761 1.4734 1.4707 1.4681 1.465 1.4608 1.4562 1.453 1.452 1.4513 1.4488 1.4452 1.4421 1.4398 1.4377 1.4354 1.4332 1.4312 1.4294 1.4277 1.4262 1.4248 1.4235 1.4223 1.4214 1.4208 1.4206 1.421 1.4213 1.4208 1.3966 1.3326 1.2581 1.1934 1.1348 1.0811 1.0311 0.98427 0.94031 0.89882 0.8595 0.82212 0.78648 0.75245 0.71991 0.68878 0.65894 0.63031 0.60285 0.5765 0.55124 0.52702 0.50381 0.48154 0.46019 0.43971 0.42006 0.40123 0.38316 0.3658 0.3491 0.33301 0.3175 0.30251 0.28802 0.274 0.26038 0.24714 0.23427 0.22171 0.20947 0.19749 0.18578 0.1743 0.16305 0.15201 0.14114 0.13037 0.11964 0.10893 0.098218 0.087514 0.076808 0.066101 0.055426 0.044886 0.034721 0.029796 
67.5 1.438 1.472 1.4941 1.4972 1.4953 1.4929 1.4914 1.49 1.488 1.4857 1.4833 1.4809 1.4782 1.4755 1.4726 1.4695 1.4662 1.4629 1.4596 1.4567 1.4541 1.4516 1.4492 1.4466 1.4441 1.4415 1.4391 1.4368 1.4346 1.4326 1.4307 1.429 1.4274 1.426 1.4248 1.4237 1.4229 1.4221 1.4214 1.4205 1.4196 1.418 1.4081 1.3579 1.2815 1.214 1.1526 1.0966 1.0448 0.99666 0.9516 0.90919 0.86908 0.83099 0.79472 0.76008 0.72697 0.69533 0.66503 0.636 0.60816 0.58145 0.55586 0.53131 0.50779 0.48525 0.46363 0.44291 0.42303 0.40396 0.38569 0.36814 0.35128 0.33506 0.31939 0.30423 0.28954 0.27533 0.26156 0.24822 0.23527 0.22266 0.21036 0.19833 0.18657 0.17506 0.16379 0.15275 0.1419 0.13115 0.12042 0.10968 0.098917 0.08814 0.077347 0.066551 0.055804 0.0452 0.03497 0.030013 
68 1.4388 1.4727 1.4944 1.4978 1.4972 1.4962 1.4952 1.4932 1.4905 1.4879 1.4855 1.4829 1.4801 1.477 1.4738 1.4705 1.4672 1.4644 1.4619 1.4595 1.4568 1.4539 1.451 1.4482 1.4455 1.443 1.4405 1.4382 1.436 1.4339 1.432 1.4302 1.4286 1.4272 1.4259 1.4247 1.4236 1.4226 1.4216 1.4207 1.4199 1.4189 1.4196 1.3791 1.3019 1.2331 1.1702 1.1126 1.0594 1.0098 0.96351 0.92004 0.879 0.8401 0.80311 0.76785 0.73419 0.70202 0.67123 0.64174 0.61348 0.5864 0.56044 0.53556 0.51172 0.48887 0.46697 0.44599 0.42588 0.4066 0.38812 0.37037 0.35331 0.33691 0.32111 0.30587 0.29114 0.27689 0.26307 0.24964 0.23659 0.22387 0.21147 0.19935 0.1875 0.1759 0.16456 0.15345 0.14254 0.13176 0.12104 0.11032 0.099598 0.088857 0.078076 0.067248 0.056416 0.045681 0.035296 0.030257 
68.5 1.4414 1.4757 1.4979 1.5011 1.4997 1.4979 1.4967 1.4952 1.4929 1.4899 1.4862 1.4824 1.4794 1.4778 1.4766 1.4743 1.471 1.4675 1.4644 1.4615 1.4586 1.4555 1.4526 1.4498 1.4471 1.4445 1.442 1.4396 1.4374 1.4353 1.4333 1.4315 1.4298 1.4283 1.4269 1.4256 1.4245 1.4235 1.4227 1.4222 1.4224 1.4231 1.4296 1.3959 1.3202 1.2505 1.1867 1.1279 1.0735 1.0228 0.97535 0.93052 0.88808 0.84819 0.81094 0.77586 0.74225 0.70966 0.67812 0.64783 0.61893 0.59134 0.56493 0.53958 0.51531 0.49214 0.4701 0.44911 0.42905 0.40977 0.3912 0.37328 0.35599 0.33935 0.32332 0.30788 0.29297 0.27857 0.2646 0.25104 0.23785 0.225 0.21246 0.2002 0.1882 0.17646 0.16496 0.1537 0.14265 0.13175 0.12091 0.11012 0.099332 0.088554 0.07776 0.066946 0.056139 0.045437 0.035095 0.03008 
69 1.4437 1.478 1.5 1.5027 1.5008 1.4983 1.4961 1.494 1.4924 1.4916 1.4903 1.4876 1.4843 1.4812 1.4785 1.4756 1.4726 1.4695 1.4664 1.4634 1.4603 1.4573 1.4543 1.4515 1.4487 1.446 1.4435 1.4411 1.4388 1.4366 1.4346 1.4327 1.431 1.4295 1.4281 1.4269 1.4259 1.4251 1.4246 1.4243 1.4238 1.4231 1.4216 1.4065 1.3508 1.2738 1.2059 1.1443 1.0878 1.0357 0.98714 0.9417 0.89892 0.85849 0.82017 0.78373 0.74895 0.71572 0.68393 0.65352 0.62442 0.59656 0.56989 0.54436 0.51992 0.49654 0.47417 0.45274 0.43222 0.41255 0.3937 0.37562 0.35824 0.34153 0.32545 0.30995 0.29498 0.28051 0.26648 0.25287 0.23964 0.22675 0.21418 0.20188 0.18985 0.17807 0.16652 0.1552 0.14408 0.13309 0.12216 0.11125 0.10034 0.089409 0.078445 0.067454 0.056474 0.045625 0.035182 0.030128 
69.5 1.4453 1.4798 1.5019 1.5047 1.5028 1.5006 1.4992 1.4977 1.4958 1.4936 1.4913 1.489 1.4863 1.4835 1.4806 1.4776 1.4745 1.4714 1.4683 1.4652 1.4621 1.459 1.456 1.4531 1.4503 1.4476 1.445 1.4425 1.4401 1.4379 1.4359 1.434 1.4323 1.4307 1.4293 1.4281 1.4271 1.4261 1.4253 1.4244 1.4236 1.4227 1.4214 1.4177 1.3726 1.2945 1.2251 1.1618 1.1036 1.0498 0.99985 0.95318 0.90935 0.86802 0.82892 0.79178 0.75638 0.72259 0.69033 0.65949 0.63 0.60179 0.57479 0.54895 0.52422 0.50055 0.47793 0.45628 0.43554 0.41567 0.39661 0.37832 0.36076 0.34388 0.32763 0.31197 0.29684 0.2822 0.268 0.25422 0.24082 0.22776 0.21502 0.20257 0.19038 0.17843 0.16671 0.15522 0.14392 0.13277 0.1217 0.11069 0.099732 0.088817 0.077925 0.067045 0.056188 0.045441 0.035054 0.030018 
70 1.4471 1.4818 1.5042 1.5072 1.5053 1.5032 1.5018 1.5003 1.4982 1.4959 1.4935 1.491 1.4883 1.4855 1.4826 1.4796 1.4764 1.4733 1.4702 1.467 1.4639 1.4608 1.4577 1.4548 1.4519 1.4491 1.4465 1.444 1.4416 1.4393 1.4373 1.4353 1.4336 1.432 1.4305 1.4292 1.428 1.4269 1.426 1.4251 1.4244 1.4241 1.4239 1.4286 1.3912 1.3129 1.2427 1.1783 1.1188 1.0637 1.0123 0.9645 0.91988 0.87798 0.83825 0.80035 0.76418 0.72972 0.69691 0.6656 0.6357 0.6071 0.57975 0.5536 0.52855 0.50458 0.48166 0.45974 0.43876 0.41866 0.39939 0.38089 0.36313 0.34605 0.32962 0.31378 0.2985 0.28372 0.26941 0.25553 0.24205 0.22892 0.21614 0.20366 0.19147 0.17955 0.16788 0.15643 0.14518 0.13405 0.12297 0.11192 0.10089 0.08988 0.078884 0.067893 0.056908 0.046025 0.035498 0.030385 
70.5 1.4492 1.4842 1.5067 1.5097 1.5078 1.5056 1.5042 1.5027 1.5006 1.4982 1.4957 1.4932 1.4905 1.4876 1.4846 1.4816 1.4784 1.4752 1.4721 1.4689 1.4657 1.4625 1.4594 1.4564 1.4535 1.4507 1.448 1.4455 1.443 1.4408 1.4386 1.4367 1.4349 1.4332 1.4317 1.4303 1.4291 1.4282 1.4274 1.427 1.4269 1.4273 1.4281 1.4274 1.4033 1.3383 1.2614 1.1945 1.1334 1.0771 1.0248 0.97617 0.93064 0.88782 0.84731 0.80881 0.77211 0.73714 0.70379 0.67195 0.64156 0.61252 0.58478 0.55826 0.53289 0.50863 0.48542 0.46324 0.44201 0.42169 0.40221 0.38353 0.36559 0.34836 0.33178 0.3158 0.30039 0.28549 0.27107 0.25707 0.24347 0.23024 0.21734 0.20474 0.19243 0.18039 0.1686 0.15705 0.14571 0.13448 0.12325 0.11195 0.10057 0.089161 0.07777 0.06649 0.055393 0.044571 0.034233 0.029242 
71 1.4514 1.4864 1.5091 1.5121 1.5102 1.508 1.5066 1.505 1.5028 1.5004 1.4979 1.4953 1.4925 1.4896 1.4866 1.4835 1.4803 1.4771 1.4739 1.4706 1.4674 1.4642 1.4611 1.458 1.4551 1.4522 1.4495 1.4469 1.4444 1.4421 1.4399 1.4379 1.4361 1.4344 1.4329 1.4315 1.4304 1.4295 1.4288 1.4281 1.4275 1.4268 1.4259 1.4245 1.414 1.3622 1.2839 1.2143 1.1507 1.0923 1.0384 0.98839 0.94166 0.89778 0.85637 0.81711 0.7798 0.7443 0.71047 0.6782 0.64739 0.61796 0.58984 0.56295 0.53724 0.51267 0.48919 0.46673 0.44524 0.42465 0.40493 0.38601 0.36786 0.35042 0.33364 0.31747 0.30186 0.28677 0.27215 0.25797 0.24419 0.23077 0.21768 0.20489 0.19239 0.18017 0.1682 0.15648 0.14499 0.13367 0.12245 0.1113 0.10021 0.089182 0.078193 0.06723 0.056296 0.045467 0.035001 0.029926 
71.5 1.4537 1.4889 1.5116 1.5145 1.5126 1.5103 1.5089 1.5073 1.5051 1.5026 1.5001 1.4974 1.4946 1.4917 1.4886 1.4854 1.4822 1.479 1.4757 1.4724 1.4692 1.4659 1.4627 1.4596 1.4566 1.4537 1.451 1.4483 1.4458 1.4434 1.4412 1.4392 1.4373 1.4356 1.4341 1.4327 1.4315 1.4305 1.4295 1.4286 1.4277 1.4269 1.4261 1.4251 1.4247 1.3821 1.3028 1.2316 1.1662 1.1066 1.052 1.0015 0.95387 0.90875 0.8661 0.82584 0.78776 0.75163 0.71723 0.68444 0.65316 0.6233 0.59478 0.56753 0.54147 0.51657 0.49277 0.47001 0.44824 0.42739 0.4074 0.38823 0.36983 0.35215 0.33515 0.31876 0.30296 0.2877 0.27293 0.25863 0.24474 0.23124 0.2181 0.20528 0.19278 0.18057 0.16863 0.15694 0.14547 0.13416 0.12291 0.11168 0.10048 0.089351 0.078261 0.067225 0.056252 0.045408 0.034937 0.029863 
72 1.4557 1.4911 1.514 1.5171 1.5151 1.5127 1.5112 1.5096 1.5074 1.5048 1.5023 1.4996 1.4967 1.4937 1.4907 1.4875 1.4842 1.4809 1.4776 1.4743 1.471 1.4677 1.4645 1.4613 1.4583 1.4553 1.4525 1.4498 1.4473 1.4449 1.4426 1.4406 1.4387 1.4369 1.4353 1.4339 1.4326 1.4314 1.4304 1.4295 1.4288 1.4283 1.4283 1.4287 1.435 1.3986 1.3197 1.2485 1.1826 1.1219 1.0657 1.0134 0.96461 0.91877 0.87558 0.83474 0.79601 0.75921 0.72422 0.69088 0.65909 0.62877 0.59983 0.5722 0.54578 0.52052 0.49638 0.47331 0.45125 0.43014 0.40994 0.39057 0.37198 0.35414 0.33698 0.32047 0.30459 0.28927 0.27447 0.26015 0.24627 0.2328 0.21971 0.20696 0.19454 0.18242 0.1706 0.15904 0.1477 0.13651 0.12535 0.11419 0.10302 0.091811 0.080516 0.069115 0.057661 0.04634 0.035509 0.030293 
72.5 1.4577 1.4933 1.5164 1.5194 1.5174 1.515 1.5135 1.5118 1.5095 1.507 1.5044 1.5016 1.4988 1.4957 1.4926 1.4894 1.4861 1.4827 1.4794 1.476 1.4727 1.4693 1.4661 1.4629 1.4598 1.4568 1.454 1.4512 1.4487 1.4462 1.4439 1.4418 1.4399 1.4381 1.4364 1.435 1.4337 1.4326 1.4317 1.4311 1.4307 1.4307 1.4309 1.4308 1.4295 1.4084 1.3464 1.2685 1.2001 1.1376 1.0801 1.0264 0.97633 0.9294 0.88529 0.84365 0.80421 0.76679 0.73121 0.69734 0.66507 0.63429 0.60491 0.57687 0.55009 0.52452 0.50011 0.47679 0.45451 0.4332 0.41281 0.39329 0.37458 0.35663 0.33939 0.32281 0.30683 0.29142 0.27651 0.26207 0.24807 0.23446 0.22121 0.20829 0.19567 0.18335 0.17129 0.1595 0.14794 0.13656 0.12525 0.114 0.10278 0.091597 0.080421 0.069236 0.058033 0.046886 0.036069 0.030814 
73 1.4601 1.4958 1.5188 1.5218 1.5197 1.5173 1.5157 1.5141 1.5118 1.5092 1.5065 1.5038 1.5009 1.4978 1.4946 1.4913 1.488 1.4846 1.4812 1.4778 1.4744 1.471 1.4678 1.4645 1.4614 1.4584 1.4555 1.4527 1.4501 1.4476 1.4453 1.4431 1.4412 1.4393 1.4377 1.4362 1.435 1.4339 1.433 1.4323 1.4318 1.4312 1.4302 1.4287 1.4269 1.4186 1.3692 1.2907 1.2198 1.1543 1.0944 1.0392 0.98801 0.94011 0.89509 0.85263 0.81247 0.77439 0.73823 0.70383 0.67108 0.63987 0.61011 0.5817 0.55459 0.52871 0.50401 0.48045 0.45795 0.43644 0.41587 0.39616 0.37727 0.35915 0.34175 0.32502 0.30891 0.29336 0.27835 0.26382 0.24972 0.23603 0.2227 0.20969 0.19698 0.18456 0.1724 0.16048 0.14879 0.13725 0.12579 0.11436 0.10298 0.091655 0.080352 0.069065 0.057803 0.046625 0.035802 0.030551 
73.5 1.4623 1.498 1.5211 1.5241 1.522 1.5196 1.518 1.5163 1.514 1.5113 1.5087 1.5059 1.5029 1.4998 1.4966 1.4933 1.4899 1.4865 1.4831 1.4796 1.4762 1.4728 1.4694 1.4662 1.463 1.4599 1.457 1.4542 1.4515 1.449 1.4467 1.4445 1.4425 1.4406 1.439 1.4375 1.4362 1.435 1.434 1.433 1.432 1.4311 1.4302 1.4294 1.4284 1.4296 1.3883 1.3084 1.2365 1.1703 1.1093 1.0527 1.0002 0.95111 0.90507 0.86172 0.82078 0.78201 0.74522 0.71025 0.67698 0.64529 0.61512 0.58638 0.55902 0.53295 0.50806 0.48427 0.46154 0.43979 0.41898 0.39904 0.37992 0.36158 0.34396 0.32703 0.31072 0.29499 0.2798 0.26511 0.25087 0.23705 0.22361 0.21053 0.19777 0.18533 0.17317 0.16128 0.14964 0.13817 0.12675 0.11534 0.10391 0.092481 0.081033 0.069595 0.058185 0.046886 0.035971 0.030679 
74 1.4642 1.4998 1.5229 1.526 1.5238 1.5214 1.5198 1.5181 1.5157 1.513 1.5103 1.5075 1.5045 1.5014 1.4981 1.4948 1.4913 1.4879 1.4844 1.4809 1.4775 1.474 1.4706 1.4673 1.4641 1.461 1.458 1.4552 1.4525 1.4499 1.4476 1.4453 1.4433 1.4414 1.4397 1.4381 1.4367 1.4355 1.4343 1.4331 1.4317 1.4305 1.4301 1.4312 1.4329 1.4406 1.4043 1.3242 1.2517 1.1847 1.1228 1.0653 1.0117 0.96168 0.91474 0.87056 0.82886 0.78941 0.75202 0.71652 0.68279 0.65068 0.62011 0.59098 0.56323 0.53677 0.51153 0.48744 0.46443 0.44245 0.42144 0.40134 0.3821 0.36366 0.34599 0.32901 0.3127 0.29699 0.28184 0.2672 0.25305 0.23933 0.22601 0.21304 0.20041 0.18811 0.17613 0.16444 0.15301 0.14176 0.13056 0.11933 0.10802 0.096617 0.085072 0.073383 0.061555 0.049694 0.038132 0.032505 
74.5 1.4662 1.5017 1.5248 1.5278 1.5257 1.5232 1.5216 1.5198 1.5174 1.5147 1.512 1.5091 1.5061 1.5029 1.4997 1.4963 1.4928 1.4893 1.4858 1.4823 1.4788 1.4753 1.4719 1.4686 1.4653 1.4622 1.4591 1.4563 1.4535 1.4509 1.4485 1.4463 1.4442 1.4422 1.4404 1.4388 1.4373 1.436 1.4348 1.4339 1.4333 1.4328 1.4326 1.4324 1.4321 1.4309 1.4124 1.3522 1.2727 1.2022 1.1376 1.0783 1.0234 0.9723 0.92447 0.87951 0.83711 0.79701 0.75902 0.72298 0.68875 0.65621 0.62523 0.59573 0.56765 0.54093 0.51548 0.49122 0.46807 0.44599 0.42493 0.40482 0.38561 0.36723 0.34963 0.33276 0.31657 0.30102 0.28604 0.27157 0.25758 0.24401 0.23081 0.21793 0.20534 0.19301 0.18094 0.16909 0.15743 0.14591 0.13449 0.12309 0.11169 0.10025 0.088617 0.076718 0.064532 0.05217 0.040013 0.034077 
75 1.4687 1.5039 1.5268 1.5296 1.5274 1.5249 1.5234 1.5216 1.5192 1.5165 1.5137 1.5108 1.5078 1.5046 1.5012 1.4978 1.4943 1.4908 1.4873 1.4837 1.4801 1.4766 1.4731 1.4698 1.4665 1.4633 1.4603 1.4573 1.4546 1.4519 1.4495 1.4472 1.445 1.443 1.4412 1.4395 1.4379 1.4364 1.435 1.434 1.4333 1.4331 1.4329 1.4325 1.4318 1.4306 1.4224 1.3718 1.2916 1.2197 1.1536 1.0926 1.0362 0.98376 0.93479 0.88886 0.84562 0.80483 0.76623 0.72966 0.69497 0.66203 0.63072 0.60096 0.57268 0.54578 0.5202 0.49586 0.47268 0.4506 0.42956 0.40948 0.39032 0.37199 0.35445 0.33763 0.32145 0.30588 0.29084 0.2763 0.2622 0.24849 0.23513 0.22208 0.2093 0.19676 0.18444 0.17232 0.16035 0.14845 0.13653 0.12454 0.11248 0.10037 0.088185 0.075918 0.063566 0.051229 0.039313 0.03356 
75.5 1.4099 1.4658 1.5062 1.5149 1.5155 1.5225 1.5342 1.5385 1.5373 1.5372 1.5369 1.5329 1.5248 1.5146 1.5049 1.497 1.4906 1.4851 1.48 1.4758 1.473 1.4724 1.4738 1.4754 1.4755 1.4731 1.4695 1.4655 1.4613 1.4569 1.4523 1.4476 1.4433 1.4398 1.4372 1.4352 1.4335 1.4324 1.4319 1.4321 1.4325 1.4328 1.4327 1.4317 1.4299 1.4268 1.4182 1.3709 1.2947 1.2252 1.1601 1.0994 1.0429 0.98987 0.93996 0.89297 0.84868 0.80711 0.76834 0.73201 0.69771 0.6652 0.63422 0.60465 0.57669 0.55023 0.52497 0.50089 0.47795 0.45612 0.43528 0.41531 0.39612 0.37769 0.36001 0.34307 0.32678 0.31103 0.29572 0.28081 0.26623 0.25192 0.23786 0.2241 0.21066 0.19753 0.1848 0.1728 0.16294 0.14523 0.1273 0.11857 0.10985 0.099556 0.087481 0.07503 0.062412 0.049612 0.036941 0.030732 
76 1.351 1.4276 1.4855 1.5001 1.5036 1.5201 1.545 1.5554 1.5553 1.5579 1.56 1.5551 1.5419 1.5246 1.5085 1.4961 1.487 1.4793 1.4728 1.4679 1.4658 1.4683 1.4744 1.4811 1.4844 1.4829 1.4788 1.4737 1.4681 1.4619 1.455 1.4479 1.4416 1.4367 1.4333 1.4309 1.4292 1.4284 1.4288 1.4302 1.4317 1.4326 1.4325 1.4309 1.4279 1.423 1.4141 1.37 1.2979 1.2306 1.1666 1.1062 1.0496 0.99597 0.94514 0.89708 0.85174 0.80938 0.77044 0.73436 0.70045 0.66838 0.63772 0.60833 0.58071 0.55467 0.52974 0.50593 0.48323 0.46165 0.44101 0.42114 0.40193 0.38339 0.36558 0.34851 0.33211 0.31618 0.30059 0.28531 0.27026 0.25535 0.2406 0.22612 0.21201 0.1983 0.18516 0.17328 0.16553 0.14201 0.11807 0.1126 0.10723 0.098738 0.086776 0.074142 0.061259 0.047996 0.034568 0.027904 
76.5 1.2922 1.3894 1.4649 1.4853 1.4917 1.5177 1.5558 1.5723 1.5734 1.5787 1.5832 1.5772 1.5589 1.5347 1.5121 1.4953 1.4833 1.4736 1.4656 1.46 1.4587 1.4641 1.4751 1.4867 1.4933 1.4928 1.4881 1.4819 1.4749 1.4669 1.4578 1.4483 1.4398 1.4335 1.4293 1.4266 1.4249 1.4245 1.4257 1.4283 1.4308 1.4324 1.4323 1.4301 1.4259 1.4193 1.4099 1.3691 1.301 1.236 1.173 1.113 1.0562 1.0021 0.95032 0.90119 0.85479 0.81166 0.77255 0.7367 0.70318 0.67155 0.64122 0.61202 0.58473 0.55911 0.5345 0.51097 0.4885 0.46718 0.44674 0.42697 0.40774 0.38908 0.37114 0.35395 0.33744 0.32133 0.30547 0.28982 0.27429 0.25879 0.24333 0.22815 0.21337 0.19906 0.18552 0.17375 0.16812 0.13879 0.10884 0.10663 0.1046 0.097921 0.086072 0.073254 0.060105 0.046379 0.032196 0.025077 
77 1.2463 1.3595 1.4488 1.4741 1.4832 1.517 1.5656 1.5869 1.589 1.5963 1.6026 1.5955 1.5731 1.5431 1.5154 1.495 1.4807 1.4694 1.4603 1.4543 1.4536 1.4614 1.4762 1.4917 1.5009 1.5009 1.4958 1.4887 1.4804 1.4709 1.4601 1.4486 1.4384 1.4308 1.426 1.4229 1.4211 1.4209 1.4228 1.4262 1.4295 1.4314 1.4313 1.4286 1.4236 1.4156 1.406 1.3678 1.303 1.24 1.178 1.1184 1.0617 1.0072 0.95476 0.90483 0.85761 0.81388 0.77461 0.73893 0.70571 0.6744 0.64431 0.61525 0.58817 0.56281 0.53841 0.51505 0.49271 0.47151 0.45115 0.43136 0.41205 0.39324 0.37511 0.35772 0.34103 0.32473 0.30862 0.29266 0.27678 0.26087 0.24496 0.22932 0.21411 0.19942 0.18566 0.17402 0.16976 0.13686 0.10322 0.1035 0.10451 0.099533 0.087606 0.07437 0.060748 0.046327 0.031019 0.023211 
77.5 1.2447 1.3577 1.4481 1.4754 1.4864 1.522 1.5719 1.5938 1.5962 1.6034 1.6091 1.6008 1.5771 1.5461 1.5174 1.4965 1.482 1.4706 1.4616 1.4559 1.4556 1.4638 1.4788 1.4944 1.5036 1.5035 1.4982 1.4907 1.4819 1.4719 1.4606 1.4487 1.438 1.4299 1.4247 1.4213 1.4192 1.4187 1.4202 1.4233 1.4263 1.4281 1.4278 1.425 1.42 1.4121 1.4026 1.3649 1.3009 1.239 1.1779 1.1192 1.0629 1.0088 0.95666 0.90685 0.85961 0.81586 0.77652 0.74077 0.70753 0.67615 0.64597 0.61693 0.58963 0.56396 0.53939 0.51587 0.49331 0.47178 0.45102 0.43087 0.41128 0.39215 0.37362 0.35577 0.33871 0.32216 0.30587 0.28983 0.27402 0.25836 0.24283 0.22761 0.21273 0.19839 0.18503 0.17356 0.16817 0.13931 0.10997 0.11006 0.11307 0.10944 0.096778 0.08233 0.067526 0.051612 0.033927 0.024632 
78 1.2431 1.3559 1.4473 1.4766 1.4897 1.5271 1.5782 1.6007 1.6033 1.6105 1.6156 1.6062 1.5812 1.5491 1.5195 1.498 1.4832 1.4718 1.4629 1.4575 1.4576 1.4662 1.4814 1.4971 1.5062 1.5062 1.5006 1.4927 1.4834 1.4729 1.4611 1.4488 1.4375 1.429 1.4234 1.4197 1.4172 1.4165 1.4177 1.4204 1.4231 1.4247 1.4242 1.4213 1.4165 1.4086 1.3993 1.3621 1.2989 1.2379 1.1779 1.1199 1.0642 1.0104 0.95856 0.90887 0.8616 0.81784 0.77843 0.7426 0.70935 0.67789 0.64763 0.61861 0.59109 0.5651 0.54037 0.5167 0.49391 0.47205 0.4509 0.43038 0.41052 0.39107 0.37213 0.35383 0.33639 0.31959 0.30311 0.287 0.27126 0.25584 0.24071 0.22589 0.21135 0.19736 0.18441 0.1731 0.16659 0.14176 0.11672 0.11663 0.12164 0.11934 0.10595 0.090289 0.074304 0.056897 0.036835 0.026052 
78.5 1.2415 1.3541 1.4466 1.4778 1.4929 1.5321 1.5845 1.6077 1.6104 1.6176 1.6221 1.6115 1.5853 1.5521 1.5216 1.4994 1.4845 1.473 1.4642 1.4591 1.4595 1.4685 1.4841 1.4998 1.5089 1.5088 1.503 1.4947 1.4849 1.4739 1.4617 1.4488 1.4371 1.4282 1.4221 1.418 1.4153 1.4143 1.4152 1.4175 1.42 1.4213 1.4207 1.4177 1.4129 1.4052 1.396 1.3592 1.2969 1.2368 1.1778 1.1206 1.0654 1.012 0.96047 0.91089 0.8636 0.81982 0.78034 0.74444 0.71116 0.67963 0.6493 0.62029 0.59256 0.56624 0.54135 0.51753 0.49451 0.47232 0.45078 0.42989 0.40975 0.38998 0.37065 0.35188 0.33406 0.31702 0.30036 0.28418 0.2685 0.25332 0.23858 0.22418 0.20997 0.19633 0.18379 0.17264 0.165 0.14421 0.12346 0.1232 0.13021 0.12925 0.11512 0.098248 0.081082 0.062182 0.039743 0.027473 
79 1.242 1.3546 1.4478 1.4801 1.4964 1.5366 1.5898 1.6135 1.6163 1.6233 1.6274 1.6161 1.5891 1.5552 1.5241 1.5015 1.4862 1.4747 1.4659 1.4609 1.4614 1.4705 1.4862 1.502 1.5112 1.511 1.5051 1.4965 1.4863 1.4749 1.4622 1.4489 1.4368 1.4274 1.421 1.4166 1.4135 1.4122 1.4128 1.4148 1.417 1.4182 1.4174 1.4143 1.4095 1.4019 1.3926 1.3563 1.2949 1.2357 1.1775 1.1211 1.0663 1.0132 0.96192 0.91243 0.86514 0.82133 0.78178 0.74579 0.71243 0.68079 0.65036 0.62131 0.59339 0.56683 0.54171 0.51769 0.49446 0.472 0.45016 0.429 0.40858 0.38855 0.36897 0.34998 0.33195 0.31478 0.29807 0.28186 0.26625 0.25129 0.23683 0.22273 0.20886 0.19556 0.18335 0.17234 0.16389 0.14605 0.12835 0.12791 0.13693 0.13764 0.12315 0.10535 0.087385 0.067505 0.043027 0.029322 
79.5 1.2451 1.358 1.4512 1.4838 1.5002 1.5403 1.5939 1.6181 1.6207 1.6272 1.6311 1.6197 1.5925 1.5585 1.5271 1.5042 1.4887 1.4769 1.4679 1.4629 1.4633 1.4722 1.4879 1.5037 1.5129 1.5127 1.5068 1.498 1.4876 1.4759 1.4628 1.4491 1.4365 1.4268 1.4202 1.4154 1.4119 1.4102 1.4106 1.4124 1.4144 1.4154 1.4144 1.4112 1.4063 1.3986 1.3893 1.3533 1.2929 1.2346 1.1771 1.1212 1.0669 1.014 0.96284 0.91337 0.86612 0.82226 0.78265 0.74656 0.71303 0.68124 0.65072 0.62151 0.59347 0.56673 0.54134 0.51707 0.49363 0.47096 0.44896 0.42761 0.40694 0.38672 0.36707 0.34811 0.3301 0.31294 0.29632 0.28016 0.26462 0.24983 0.23553 0.22162 0.20807 0.19511 0.18313 0.17223 0.16334 0.14715 0.13098 0.1304 0.14144 0.14422 0.12979 0.11141 0.093116 0.072873 0.046763 0.031687 
80 1.2482 1.3613 1.4546 1.4874 1.504 1.5441 1.5981 1.6227 1.6251 1.6311 1.6348 1.6232 1.596 1.5618 1.5302 1.5069 1.4911 1.4791 1.47 1.4648 1.4651 1.4738 1.4895 1.5054 1.5146 1.5144 1.5084 1.4995 1.4888 1.4769 1.4634 1.4493 1.4363 1.4262 1.4193 1.4142 1.4102 1.4083 1.4084 1.41 1.4118 1.4126 1.4115 1.4082 1.4032 1.3954 1.3859 1.3503 1.291 1.2335 1.1766 1.1213 1.0674 1.0148 0.96377 0.91432 0.86709 0.8232 0.78352 0.74733 0.71364 0.6817 0.65107 0.62171 0.59354 0.56664 0.54098 0.51645 0.49279 0.46992 0.44776 0.42623 0.4053 0.3849 0.36517 0.34624 0.32824 0.31109 0.29457 0.27846 0.26298 0.24837 0.23423 0.22051 0.20728 0.19466 0.18291 0.17212 0.16279 0.14825 0.13362 0.13289 0.14595 0.15079 0.13644 0.11747 0.098847 0.078241 0.050499 0.034053 
80.5 1.2514 1.3647 1.4581 1.4911 1.5077 1.5478 1.6022 1.6272 1.6294 1.6351 1.6385 1.6268 1.5994 1.565 1.5333 1.5096 1.4935 1.4814 1.4721 1.4668 1.4669 1.4755 1.4911 1.507 1.5162 1.5161 1.5101 1.501 1.4901 1.4779 1.464 1.4494 1.4361 1.4256 1.4185 1.413 1.4086 1.4063 1.4063 1.4076 1.4092 1.4098 1.4086 1.4051 1.4001 1.3922 1.3825 1.3474 1.289 1.2323 1.1761 1.1214 1.0679 1.0156 0.96469 0.91527 0.86807 0.82413 0.78439 0.74811 0.71424 0.68215 0.65142 0.62192 0.59362 0.56654 0.54061 0.51582 0.49196 0.46888 0.44656 0.42485 0.40366 0.38307 0.36327 0.34438 0.32639 0.30924 0.29283 0.27676 0.26134 0.24691 0.23293 0.21939 0.20649 0.19421 0.18269 0.17202 0.16225 0.14935 0.13626 0.13537 0.15047 0.15737 0.14308 0.12353 0.10458 0.083608 0.054236 0.036418 
81 1.2522 1.3667 1.4608 1.4941 1.5111 1.5513 1.6056 1.6306 1.633 1.6391 1.6427 1.6309 1.6034 1.5688 1.5366 1.5122 1.4956 1.4832 1.4738 1.4682 1.4679 1.4764 1.4924 1.5086 1.5179 1.5178 1.5117 1.5025 1.4915 1.4789 1.4646 1.4495 1.4357 1.4249 1.4174 1.4116 1.407 1.4044 1.4041 1.4054 1.4068 1.4073 1.406 1.4025 1.3974 1.3896 1.3798 1.3449 1.2874 1.2314 1.1756 1.1212 1.068 1.0158 0.96486 0.91536 0.86808 0.82408 0.7843 0.74796 0.71397 0.68177 0.65096 0.62137 0.59301 0.56586 0.53981 0.51493 0.49097 0.46779 0.44538 0.42356 0.40222 0.38153 0.36165 0.34272 0.32475 0.30767 0.29134 0.27539 0.26011 0.2458 0.23195 0.21856 0.20585 0.19373 0.18231 0.17176 0.16185 0.1502 0.13818 0.13726 0.15439 0.16378 0.15005 0.13015 0.11107 0.090063 0.059356 0.040244 
81.5 1.2519 1.3681 1.4631 1.4968 1.5143 1.5546 1.6085 1.6334 1.6363 1.6431 1.647 1.6352 1.6076 1.5728 1.54 1.5147 1.4974 1.4849 1.4752 1.4692 1.4685 1.477 1.4935 1.51 1.5194 1.5194 1.5133 1.5041 1.4928 1.4799 1.4651 1.4495 1.4353 1.4242 1.4163 1.4102 1.4053 1.4026 1.4021 1.4031 1.4045 1.4049 1.4035 1.4 1.3951 1.3873 1.3773 1.3428 1.2859 1.2305 1.1751 1.1209 1.0678 1.0157 0.96468 0.91504 0.86763 0.82358 0.78377 0.74738 0.7133 0.68099 0.65012 0.62046 0.59208 0.56491 0.53881 0.51391 0.4899 0.46669 0.44423 0.42231 0.40088 0.38013 0.36016 0.34116 0.32322 0.30623 0.28999 0.27418 0.25908 0.24485 0.23112 0.21786 0.20527 0.19324 0.18186 0.17144 0.16152 0.15094 0.13975 0.13886 0.15805 0.1701 0.15717 0.13704 0.11793 0.097027 0.065127 0.044756 
82 1.2516 1.3695 1.4654 1.4994 1.5175 1.5579 1.6115 1.6361 1.6396 1.6471 1.6513 1.6395 1.6119 1.5769 1.5434 1.5172 1.4993 1.4865 1.4767 1.4703 1.469 1.4776 1.4946 1.5115 1.521 1.5211 1.5149 1.5056 1.4941 1.4809 1.4656 1.4495 1.4349 1.4234 1.4152 1.4088 1.4037 1.4007 1.4 1.4009 1.4022 1.4025 1.4011 1.3975 1.3927 1.385 1.3749 1.3406 1.2844 1.2296 1.1747 1.1206 1.0677 1.0156 0.96449 0.91472 0.86719 0.82307 0.78324 0.7468 0.71263 0.68021 0.64929 0.61956 0.59115 0.56396 0.53781 0.51289 0.48884 0.46558 0.44307 0.42106 0.39954 0.37872 0.35867 0.3396 0.32168 0.30478 0.28863 0.27297 0.25804 0.2439 0.23029 0.21716 0.20468 0.19274 0.18141 0.17112 0.1612 0.15167 0.14133 0.14047 0.16171 0.17643 0.16429 0.14393 0.12478 0.10399 0.070897 0.049268 
82.5 1.2514 1.3709 1.4677 1.5021 1.5206 1.5612 1.6145 1.6389 1.6428 1.6511 1.6557 1.6438 1.6161 1.5809 1.5468 1.5197 1.5012 1.4882 1.4782 1.4714 1.4696 1.4782 1.4958 1.513 1.5225 1.5227 1.5166 1.5072 1.4954 1.4818 1.4661 1.4495 1.4345 1.4227 1.4141 1.4074 1.4021 1.3988 1.3979 1.3987 1.3999 1.4001 1.3986 1.3951 1.3903 1.3826 1.3725 1.3385 1.2829 1.2287 1.1742 1.1204 1.0675 1.0155 0.96431 0.91441 0.86674 0.82256 0.78271 0.74622 0.71195 0.67943 0.64845 0.61866 0.59022 0.56301 0.53681 0.51186 0.48778 0.46448 0.44191 0.41982 0.3982 0.37732 0.35718 0.33804 0.32015 0.30333 0.28727 0.27176 0.257 0.24296 0.22946 0.21645 0.2041 0.19225 0.18096 0.17079 0.16087 0.15241 0.1429 0.14207 0.16536 0.18276 0.1714 0.15082 0.13164 0.11095 0.076667 0.05378 
83 1.2483 1.3703 1.4684 1.5031 1.5219 1.5629 1.6167 1.6418 1.6465 1.6555 1.6604 1.6483 1.62 1.5841 1.5499 1.5229 1.5038 1.4896 1.4785 1.471 1.4692 1.4781 1.4964 1.5142 1.5242 1.5243 1.518 1.5086 1.4966 1.4826 1.4664 1.4493 1.4338 1.4216 1.4128 1.4059 1.4004 1.3969 1.3957 1.3964 1.3977 1.3981 1.3967 1.3931 1.3882 1.3804 1.37 1.3363 1.2815 1.2278 1.1737 1.1201 1.0673 1.0151 0.96359 0.91345 0.86565 0.82146 0.78153 0.74499 0.71077 0.6783 0.64727 0.6174 0.58892 0.56166 0.5355 0.51058 0.48655 0.4633 0.4407 0.41858 0.39693 0.37599 0.35587 0.33678 0.31894 0.30221 0.28623 0.27081 0.25614 0.24219 0.22879 0.21588 0.20362 0.1919 0.18077 0.17073 0.16094 0.15316 0.14422 0.14365 0.16883 0.18904 0.17878 0.15801 0.1388 0.11831 0.083373 0.059672 
83.5 1.2449 1.3694 1.469 1.504 1.523 1.5644 1.6188 1.6446 1.6502 1.6598 1.6651 1.6528 1.6238 1.5873 1.553 1.5262 1.5066 1.4911 1.4787 1.4706 1.4687 1.478 1.4969 1.5155 1.5258 1.5259 1.5195 1.5099 1.4978 1.4834 1.4666 1.4491 1.433 1.4204 1.4113 1.4043 1.3988 1.395 1.3935 1.3941 1.3955 1.3962 1.3948 1.3912 1.3862 1.3782 1.3676 1.3342 1.2801 1.2269 1.1731 1.1198 1.0671 1.0147 0.96283 0.91243 0.86449 0.8203 0.78029 0.7437 0.70953 0.67712 0.64605 0.6161 0.58758 0.56028 0.53416 0.50928 0.4853 0.4621 0.43949 0.41734 0.39566 0.37466 0.35457 0.33555 0.31776 0.30112 0.28521 0.26989 0.25531 0.24144 0.22813 0.21532 0.20316 0.19155 0.1806 0.1707 0.16105 0.15391 0.1455 0.14524 0.17228 0.19531 0.18617 0.16523 0.146 0.12571 0.090173 0.065701 
84 1.2415 1.3686 1.4696 1.5048 1.524 1.5659 1.6209 1.6475 1.6538 1.6642 1.6698 1.6573 1.6276 1.5904 1.5561 1.5295 1.5093 1.4925 1.4788 1.4701 1.4682 1.478 1.4975 1.5167 1.5274 1.5275 1.521 1.5113 1.499 1.4842 1.4669 1.4488 1.4323 1.4192 1.4099 1.4028 1.3971 1.3931 1.3913 1.3918 1.3934 1.3942 1.3929 1.3892 1.3841 1.3761 1.3652 1.332 1.2787 1.226 1.1726 1.1196 1.0669 1.0142 0.96206 0.9114 0.86333 0.81913 0.77905 0.74241 0.70829 0.67595 0.64483 0.6148 0.58623 0.55889 0.53283 0.50797 0.48406 0.46091 0.43827 0.41611 0.39439 0.37334 0.35328 0.33432 0.31658 0.30002 0.2842 0.26897 0.25447 0.24069 0.22748 0.21476 0.20269 0.19121 0.18044 0.17067 0.16116 0.15466 0.14679 0.14682 0.17572 0.20158 0.19357 0.17246 0.1532 0.13311 0.096973 0.071731 
84.5 1.2379 1.3676 1.4701 1.5056 1.525 1.5672 1.623 1.6504 1.6576 1.6687 1.6746 1.6617 1.6314 1.5935 1.559 1.5326 1.5119 1.4939 1.4791 1.4697 1.4677 1.4777 1.4978 1.5179 1.529 1.5291 1.5224 1.5127 1.5002 1.4849 1.4671 1.4485 1.4314 1.418 1.4085 1.4012 1.3953 1.3911 1.3891 1.3896 1.3913 1.3923 1.391 1.3872 1.382 1.3739 1.3628 1.3299 1.2774 1.2251 1.1721 1.1193 1.0666 1.0137 0.96123 0.91032 0.86212 0.81792 0.77775 0.74105 0.70697 0.67469 0.64354 0.61344 0.58485 0.55749 0.53149 0.50668 0.48282 0.45973 0.43709 0.4149 0.39315 0.37204 0.352 0.3331 0.31543 0.29896 0.28323 0.26809 0.25366 0.23998 0.22686 0.21424 0.20226 0.19091 0.1803 0.17066 0.16128 0.1554 0.14806 0.14839 0.17918 0.20784 0.2009 0.17957 0.16026 0.14042 0.10386 0.077972 
85 1.2325 1.3654 1.47 1.5057 1.5251 1.5679 1.6246 1.6532 1.6615 1.6733 1.6794 1.6661 1.6349 1.5962 1.5613 1.5348 1.5137 1.4952 1.4799 1.4701 1.4672 1.4765 1.4972 1.5185 1.5304 1.5304 1.5237 1.5139 1.5012 1.4855 1.4671 1.4478 1.4303 1.4166 1.4068 1.3992 1.3932 1.389 1.3872 1.3879 1.3897 1.3906 1.3891 1.3851 1.38 1.3719 1.3608 1.3284 1.2764 1.2245 1.1717 1.1191 1.0663 1.0129 0.96001 0.90883 0.86056 0.81636 0.7761 0.73926 0.70511 0.67291 0.64182 0.61175 0.58324 0.55599 0.53014 0.50545 0.48167 0.45866 0.43609 0.41391 0.39211 0.37094 0.35088 0.332 0.31443 0.29809 0.28248 0.26745 0.25309 0.23949 0.22644 0.21393 0.20205 0.19081 0.18035 0.17082 0.16154 0.15609 0.14918 0.14988 0.18271 0.21398 0.20779 0.18601 0.16646 0.14719 0.11129 0.08556 
85.5 1.2271 1.3633 1.4699 1.5058 1.5251 1.5686 1.6263 1.656 1.6655 1.678 1.6842 1.6704 1.6385 1.5989 1.5636 1.5369 1.5155 1.4964 1.4808 1.4706 1.4666 1.4752 1.4966 1.5192 1.5318 1.5318 1.5249 1.5152 1.5022 1.486 1.467 1.4472 1.4292 1.4152 1.405 1.3972 1.3911 1.3869 1.3853 1.3863 1.3881 1.3889 1.3872 1.383 1.378 1.3699 1.3589 1.3269 1.2755 1.2239 1.1713 1.1188 1.0659 1.0121 0.95879 0.90734 0.859 0.81481 0.77444 0.73746 0.70325 0.67113 0.64011 0.61005 0.58162 0.55449 0.52879 0.50423 0.48051 0.45759 0.43509 0.41291 0.39107 0.36984 0.34976 0.3309 0.31343 0.29721 0.28174 0.26681 0.25252 0.23899 0.22602 0.21363 0.20184 0.19071 0.18039 0.17099 0.1618 0.15679 0.1503 0.15136 0.18623 0.22013 0.21469 0.19245 0.17265 0.15395 0.11873 0.093147 
86 1.2217 1.3611 1.4698 1.5059 1.5252 1.5692 1.628 1.6588 1.6694 1.6827 1.6891 1.6747 1.642 1.6016 1.5658 1.539 1.5173 1.4976 1.4816 1.471 1.4661 1.474 1.4959 1.5199 1.5332 1.5332 1.5262 1.5164 1.5032 1.4865 1.467 1.4466 1.4281 1.4138 1.4033 1.3952 1.389 1.3848 1.3834 1.3846 1.3865 1.3872 1.3852 1.3809 1.3759 1.3679 1.3569 1.3254 1.2745 1.2233 1.1708 1.1186 1.0655 1.0113 0.95758 0.90586 0.85743 0.81326 0.77279 0.73567 0.70139 0.66935 0.63839 0.60835 0.58001 0.553 0.52745 0.50301 0.47935 0.45652 0.43408 0.41192 0.39003 0.36874 0.34864 0.3298 0.31243 0.29634 0.281 0.26617 0.25195 0.2385 0.22561 0.21333 0.20163 0.19061 0.18044 0.17115 0.16205 0.15748 0.15142 0.15285 0.18976 0.22627 0.22159 0.19889 0.17885 0.16072 0.12616 0.10073 
86.5 1.2156 1.3583 1.4692 1.5058 1.5254 1.57 1.6297 1.6616 1.6733 1.6874 1.6939 1.6791 1.6457 1.6045 1.568 1.5409 1.519 1.4987 1.4818 1.4706 1.4654 1.4734 1.4959 1.5205 1.5343 1.5344 1.5276 1.5177 1.5042 1.4871 1.467 1.4459 1.427 1.4124 1.4016 1.3932 1.3868 1.3826 1.3814 1.3828 1.3848 1.3855 1.3836 1.3793 1.3741 1.3659 1.355 1.3241 1.2739 1.2229 1.1707 1.1185 1.0652 1.0106 0.95644 0.90442 0.85586 0.81156 0.77094 0.73373 0.69946 0.66754 0.63669 0.60673 0.5785 0.5516 0.52617 0.50183 0.47824 0.45547 0.4331 0.41096 0.38908 0.36778 0.3477 0.32889 0.31157 0.29558 0.28036 0.26563 0.25149 0.23811 0.22529 0.21308 0.20145 0.19051 0.18041 0.17118 0.16211 0.15784 0.15207 0.15386 0.19287 0.23216 0.22857 0.20557 0.18519 0.16762 0.13407 0.10909 
87 1.2083 1.3544 1.4678 1.5055 1.5258 1.5711 1.6314 1.6643 1.6772 1.692 1.6986 1.6836 1.6497 1.6078 1.5699 1.5422 1.5206 1.4993 1.4809 1.469 1.4645 1.4739 1.4968 1.521 1.5348 1.5355 1.5292 1.5192 1.5053 1.4879 1.4671 1.4453 1.4259 1.4109 1.3999 1.3913 1.3846 1.3804 1.3791 1.3806 1.3829 1.384 1.3825 1.3783 1.3728 1.364 1.3531 1.323 1.2736 1.223 1.1708 1.1186 1.0651 1.0101 0.95546 0.90306 0.85428 0.80961 0.76875 0.73155 0.69738 0.66568 0.63504 0.60523 0.57716 0.55038 0.52503 0.50073 0.47719 0.45448 0.43216 0.41009 0.38828 0.36707 0.34708 0.3283 0.31098 0.29504 0.27991 0.26527 0.25122 0.2379 0.22515 0.21293 0.20132 0.1904 0.18024 0.17098 0.16181 0.15761 0.1519 0.15404 0.19523 0.23762 0.2357 0.21267 0.19181 0.17476 0.14283 0.11878 
87.5 1.2009 1.3504 1.4663 1.5051 1.5263 1.5723 1.6332 1.667 1.681 1.6966 1.7034 1.6881 1.6537 1.6111 1.5719 1.5436 1.5221 1.5 1.48 1.4674 1.4635 1.4744 1.4978 1.5215 1.5353 1.5365 1.5308 1.5207 1.5063 1.4886 1.4672 1.4447 1.4248 1.4093 1.3982 1.3893 1.3825 1.3781 1.3769 1.3785 1.3809 1.3825 1.3814 1.3773 1.3715 1.3621 1.3513 1.322 1.2734 1.2232 1.171 1.1187 1.0649 1.0096 0.95448 0.9017 0.85269 0.80766 0.76656 0.72938 0.69531 0.66382 0.63339 0.60373 0.57583 0.54917 0.52388 0.49963 0.47614 0.45349 0.43121 0.40922 0.38748 0.36636 0.34647 0.32771 0.31038 0.2945 0.27947 0.26492 0.25095 0.23769 0.225 0.21278 0.20118 0.1903 0.18007 0.17079 0.16152 0.15738 0.15173 0.15421 0.19759 0.24308 0.24283 0.21976 0.19842 0.1819 0.15159 0.12848 
88 1.1935 1.3465 1.4649 1.5047 1.5267 1.5734 1.6349 1.6697 1.6848 1.7012 1.7081 1.6925 1.6577 1.6144 1.5739 1.5449 1.5237 1.5007 1.4791 1.4658 1.4626 1.4749 1.4987 1.522 1.5358 1.5376 1.5324 1.5222 1.5074 1.4893 1.4673 1.4441 1.4237 1.4078 1.3965 1.3874 1.3803 1.3759 1.3746 1.3763 1.379 1.381 1.3803 1.3764 1.3702 1.3602 1.3494 1.321 1.2732 1.2233 1.1712 1.1188 1.0647 1.0091 0.9535 0.90034 0.85111 0.80571 0.76437 0.7272 0.69324 0.66196 0.63174 0.60224 0.5745 0.54795 0.52273 0.49853 0.4751 0.4525 0.43026 0.40835 0.38669 0.36565 0.34585 0.32713 0.30978 0.29396 0.27902 0.26456 0.25069 0.23748 0.22486 0.21264 0.20105 0.1902 0.17991 0.17059 0.16122 0.15715 0.15156 0.15438 0.19995 0.24854 0.24996 0.22686 0.20503 0.18904 0.16035 0.13818 
88.5 1.1887 1.3437 1.4633 1.504 1.5271 1.5748 1.6369 1.6724 1.6884 1.7053 1.7125 1.6969 1.6616 1.6175 1.5755 1.5451 1.5234 1.5009 1.4793 1.4651 1.4617 1.4746 1.4991 1.5232 1.5374 1.5391 1.5337 1.5232 1.508 1.4896 1.4671 1.4434 1.4225 1.4063 1.3948 1.3855 1.3782 1.3738 1.3726 1.3744 1.3771 1.3791 1.3784 1.3745 1.3686 1.3587 1.3481 1.3201 1.2729 1.2233 1.1712 1.1188 1.0646 1.0086 0.95257 0.89896 0.84954 0.80402 0.76252 0.7253 0.69134 0.66015 0.63004 0.60067 0.57308 0.54666 0.52158 0.49747 0.47407 0.45149 0.42926 0.40746 0.38594 0.36501 0.34534 0.3266 0.30924 0.29348 0.27859 0.26418 0.25035 0.2372 0.22459 0.21236 0.20076 0.18989 0.17955 0.17014 0.16054 0.15646 0.15087 0.15385 0.20191 0.2538 0.25641 0.23341 0.21151 0.19549 0.16741 0.14576 
89 1.1857 1.3417 1.4615 1.5029 1.5277 1.5764 1.6389 1.675 1.6917 1.7091 1.7167 1.7012 1.6654 1.6204 1.577 1.5445 1.5218 1.5007 1.4802 1.465 1.4608 1.4737 1.4989 1.5248 1.5399 1.5409 1.5346 1.524 1.5084 1.4894 1.4668 1.4426 1.4213 1.4049 1.393 1.3835 1.3763 1.3717 1.3708 1.3728 1.3753 1.3769 1.3758 1.3721 1.3669 1.3575 1.3472 1.3194 1.2726 1.2233 1.1712 1.1188 1.0645 1.0082 0.95166 0.89756 0.84798 0.8025 0.76091 0.72361 0.68958 0.65837 0.62831 0.59905 0.57161 0.54532 0.52043 0.49644 0.47307 0.45045 0.42822 0.40657 0.38522 0.36441 0.34489 0.3261 0.30872 0.29305 0.27817 0.26377 0.24995 0.23686 0.22423 0.212 0.20037 0.18945 0.17906 0.16951 0.1596 0.15547 0.14982 0.15282 0.2036 0.25893 0.2624 0.23959 0.2179 0.20147 0.1733 0.15188 
89.5 1.1827 1.3396 1.4598 1.5019 1.5282 1.578 1.641 1.6776 1.695 1.7128 1.7209 1.7055 1.6692 1.6233 1.5785 1.5438 1.5202 1.5005 1.4812 1.4649 1.4598 1.4728 1.4988 1.5264 1.5424 1.5427 1.5356 1.5248 1.5088 1.4893 1.4664 1.4419 1.4201 1.4035 1.3912 1.3816 1.3743 1.3697 1.3691 1.3711 1.3734 1.3747 1.3733 1.3697 1.3651 1.3564 1.3463 1.3186 1.2722 1.2233 1.1712 1.1189 1.0645 1.0077 0.95075 0.89615 0.84643 0.80099 0.7593 0.72191 0.68781 0.65659 0.62658 0.59743 0.57013 0.54398 0.51928 0.49541 0.47206 0.44941 0.42718 0.40567 0.38451 0.36382 0.34445 0.32561 0.3082 0.29261 0.27775 0.26337 0.24956 0.23652 0.22387 0.21165 0.19998 0.189 0.17856 0.16888 0.15866 0.15448 0.14876 0.15179 0.20529 0.26406 0.26839 0.24576 0.22429 0.20744 0.17919 0.15799 
90 1.1796 1.3376 1.458 1.5009 1.5288 1.5796 1.643 1.6803 1.6983 1.7166 1.7251 1.7098 1.673 1.6262 1.58 1.5432 1.5185 1.5003 1.4821 1.4648 1.4589 1.4719 1.4987 1.5281 1.5449 1.5445 1.5366 1.5255 1.5092 1.4892 1.466 1.4411 1.4189 1.4021 1.3895 1.3796 1.3723 1.3677 1.3673 1.3695 1.3716 1.3725 1.3707 1.3673 1.3634 1.3552 1.3454 1.3179 1.2719 1.2232 1.1712 1.1189 1.0644 1.0073 0.94985 0.89475 0.84487 0.79947 0.75769 0.72021 0.68604 0.65481 0.62485 0.59582 0.56865 0.54264 0.51812 0.49439 0.47105 0.44837 0.42614 0.40478 0.38379 0.36322 0.344 0.32512 0.30769 0.29218 0.27733 0.26297 0.24917 0.23617 0.22351 0.21129 0.19959 0.18856 0.17807 0.16826 0.15772 0.15348 0.14771 0.15076 0.20698 0.26918 0.27438 0.25194 0.23068 0.21341 0.18507 0.16411 
90.5 1.1782 1.3367 1.4582 1.5016 1.5296 1.581 1.645 1.683 1.7016 1.7203 1.7287 1.7125 1.6746 1.627 1.5805 1.5432 1.5174 1.4983 1.4809 1.4657 1.4612 1.474 1.5008 1.5299 1.5457 1.5446 1.5366 1.5254 1.509 1.4888 1.4653 1.4402 1.4179 1.4008 1.388 1.378 1.3706 1.366 1.3655 1.3677 1.3697 1.3706 1.3689 1.3654 1.3612 1.3529 1.3435 1.3166 1.2711 1.2228 1.1709 1.1186 1.0639 1.0066 0.94909 0.89396 0.84396 0.7984 0.75644 0.71875 0.68444 0.65318 0.62327 0.59438 0.56734 0.54145 0.51705 0.49337 0.47015 0.44769 0.42557 0.40417 0.3831 0.36245 0.34321 0.32439 0.30705 0.29165 0.27686 0.26251 0.24874 0.23572 0.223 0.21075 0.19899 0.18783 0.17723 0.16731 0.15637 0.15202 0.14628 0.14964 0.20841 0.27382 0.28015 0.25771 0.23642 0.21891 0.19042 0.1695 
91 1.177 1.3361 1.4588 1.5027 1.5306 1.5823 1.647 1.6858 1.705 1.724 1.7321 1.7149 1.6757 1.6273 1.5809 1.5434 1.5163 1.4959 1.4793 1.4669 1.4641 1.4769 1.5034 1.5319 1.5461 1.5443 1.5364 1.525 1.5087 1.4883 1.4645 1.4393 1.4169 1.3996 1.3865 1.3764 1.369 1.3644 1.3638 1.3659 1.3678 1.3687 1.3673 1.3635 1.359 1.3504 1.3414 1.3151 1.2701 1.2223 1.1704 1.1181 1.0632 1.0058 0.94838 0.89329 0.84318 0.79742 0.75527 0.71734 0.68287 0.65159 0.62171 0.59298 0.56607 0.54029 0.51599 0.49235 0.46928 0.44708 0.42511 0.40363 0.38242 0.36164 0.34234 0.32361 0.30638 0.2911 0.27638 0.26204 0.24831 0.23523 0.22247 0.21017 0.19836 0.18705 0.17632 0.1663 0.15492 0.15045 0.14478 0.14851 0.20978 0.27835 0.28588 0.2634 0.24201 0.2243 0.19564 0.17474 
91.5 1.1759 1.3354 1.4593 1.5038 1.5316 1.5836 1.6491 1.6885 1.7084 1.7277 1.7356 1.7173 1.6768 1.6277 1.5812 1.5436 1.5152 1.4935 1.4776 1.4681 1.4671 1.4797 1.506 1.5338 1.5465 1.5441 1.5362 1.5246 1.5084 1.4879 1.4637 1.4384 1.4159 1.3983 1.3851 1.3748 1.3674 1.3628 1.3621 1.364 1.3659 1.3669 1.3656 1.3617 1.3567 1.3479 1.3393 1.3137 1.2692 1.2217 1.17 1.1177 1.0626 1.0051 0.94766 0.89263 0.84241 0.79645 0.75411 0.71592 0.6813 0.64999 0.62016 0.59158 0.5648 0.53912 0.51494 0.49133 0.4684 0.44648 0.42465 0.4031 0.38174 0.36083 0.34147 0.32283 0.30572 0.29054 0.27589 0.26156 0.24788 0.23475 0.22194 0.2096 0.19772 0.18626 0.1754 0.16528 0.15347 0.14888 0.14327 0.14737 0.21115 0.28288 0.29161 0.26909 0.2476 0.22969 0.20087 0.17997 
92 1.1751 1.335 1.4599 1.5048 1.5326 1.585 1.6511 1.6913 1.7117 1.7312 1.7388 1.7195 1.6778 1.6281 1.5816 1.5438 1.5143 1.4912 1.476 1.4692 1.4699 1.4824 1.5086 1.5357 1.5469 1.5439 1.536 1.5242 1.5081 1.4874 1.4629 1.4375 1.4149 1.3971 1.3837 1.3733 1.3657 1.3612 1.3604 1.3622 1.364 1.365 1.3639 1.3599 1.3544 1.3454 1.3372 1.3122 1.2682 1.2212 1.1696 1.1172 1.062 1.0043 0.94695 0.89199 0.84167 0.79551 0.75297 0.71455 0.67976 0.64842 0.61863 0.59019 0.56354 0.53796 0.51388 0.49032 0.46753 0.44586 0.42417 0.40255 0.38106 0.36003 0.34061 0.32207 0.30506 0.28999 0.27541 0.26109 0.24744 0.23426 0.2214 0.20901 0.19706 0.18546 0.17446 0.16425 0.15201 0.1473 0.14177 0.14627 0.21261 0.28754 0.29744 0.27485 0.25322 0.23508 0.20608 0.18518 
92.5 1.1827 1.3387 1.4605 1.5052 1.5344 1.5877 1.6537 1.694 1.7138 1.7319 1.7381 1.7186 1.678 1.6294 1.5832 1.5452 1.5154 1.4918 1.4756 1.4678 1.4697 1.4845 1.5104 1.5353 1.5462 1.5442 1.5366 1.5247 1.5085 1.4874 1.4626 1.4371 1.4142 1.3965 1.3831 1.3723 1.3644 1.3598 1.359 1.3607 1.3621 1.3626 1.3611 1.3572 1.3521 1.3432 1.3351 1.3098 1.2659 1.2193 1.1679 1.1158 1.0608 1.0035 0.94655 0.89178 0.84155 0.7953 0.75258 0.71392 0.67886 0.64731 0.61749 0.58912 0.56252 0.53693 0.51284 0.48938 0.4666 0.4449 0.42326 0.40173 0.38035 0.35945 0.34014 0.32158 0.30458 0.28953 0.27491 0.26057 0.24685 0.23358 0.22069 0.20815 0.19605 0.18435 0.17321 0.16289 0.15021 0.14561 0.14041 0.14576 0.21603 0.29477 0.3054 0.28213 0.25948 0.24052 0.21097 0.1898 
93 1.1903 1.3424 1.4611 1.5055 1.5362 1.5904 1.6563 1.6966 1.7159 1.7325 1.7374 1.7177 1.6781 1.6307 1.5848 1.5467 1.5164 1.4924 1.4752 1.4665 1.4696 1.4866 1.5122 1.5349 1.5455 1.5445 1.5371 1.5252 1.5088 1.4873 1.4622 1.4367 1.4135 1.3958 1.3826 1.3714 1.363 1.3583 1.3576 1.3592 1.3601 1.3601 1.3582 1.3545 1.3498 1.341 1.3331 1.3075 1.2636 1.2174 1.1662 1.1144 1.0596 1.0027 0.94614 0.89156 0.84144 0.79509 0.75218 0.7133 0.67795 0.6462 0.61635 0.58804 0.56151 0.53589 0.51179 0.48844 0.46568 0.44394 0.42235 0.40092 0.37964 0.35887 0.33967 0.3211 0.3041 0.28906 0.27441 0.26006 0.24626 0.2329 0.21997 0.2073 0.19503 0.18323 0.17195 0.16153 0.1484 0.14392 0.13905 0.14526 0.21945 0.30201 0.31336 0.28942 0.26575 0.24596 0.21586 0.19441 
93.5 1.1979 1.3461 1.4617 1.5059 1.538 1.5931 1.659 1.6993 1.718 1.7331 1.7367 1.7168 1.6783 1.632 1.5864 1.5481 1.5175 1.493 1.4747 1.4651 1.4694 1.4887 1.514 1.5345 1.5448 1.5447 1.5376 1.5258 1.5092 1.4872 1.4619 1.4363 1.4128 1.3952 1.3821 1.3704 1.3616 1.3568 1.3562 1.3577 1.3582 1.3576 1.3554 1.3519 1.3475 1.3388 1.331 1.3052 1.2613 1.2155 1.1645 1.113 1.0584 1.0019 0.94574 0.89135 0.84132 0.79487 0.75179 0.71267 0.67705 0.64509 0.61522 0.58696 0.56049 0.53485 0.51075 0.4875 0.46476 0.44299 0.42145 0.40011 0.37894 0.35829 0.33919 0.32061 0.30362 0.28859 0.27391 0.25955 0.24567 0.23222 0.21926 0.20644 0.19402 0.18212 0.17069 0.16017 0.1466 0.14222 0.13769 0.14476 0.22286 0.30924 0.32132 0.29671 0.27201 0.2514 0.22076 0.19903 
94 1.2051 1.35 1.4631 1.5072 1.5404 1.5957 1.6607 1.7008 1.7193 1.7335 1.7362 1.7162 1.6785 1.6331 1.588 1.5497 1.5188 1.4939 1.4747 1.4641 1.4689 1.4896 1.5149 1.5342 1.5442 1.5448 1.538 1.5262 1.5096 1.4874 1.4618 1.436 1.4122 1.3946 1.3816 1.3695 1.3603 1.3554 1.3548 1.3561 1.3562 1.3553 1.3527 1.3493 1.3452 1.3364 1.3287 1.3026 1.2588 1.2134 1.1626 1.1115 1.0572 1.0011 0.94535 0.89122 0.84133 0.7948 0.75154 0.71222 0.67635 0.64419 0.61422 0.58593 0.55948 0.53382 0.50973 0.48654 0.46385 0.4421 0.42061 0.39934 0.37825 0.35767 0.33861 0.32001 0.30302 0.28801 0.27332 0.25895 0.245 0.23143 0.2184 0.20543 0.19288 0.18088 0.16927 0.15862 0.14454 0.14016 0.13585 0.14366 0.22561 0.31598 0.32907 0.30402 0.27871 0.25765 0.22677 0.20499 
94.5 1.2113 1.3545 1.4665 1.511 1.5445 1.5979 1.66 1.699 1.7183 1.7334 1.7363 1.7161 1.6785 1.6337 1.5893 1.5514 1.5207 1.4955 1.4758 1.4642 1.4674 1.4875 1.5138 1.5343 1.544 1.5441 1.5378 1.5265 1.51 1.488 1.4625 1.4363 1.412 1.3942 1.381 1.3687 1.3593 1.3541 1.3533 1.3542 1.354 1.3531 1.3505 1.3471 1.3427 1.3335 1.3256 1.2996 1.2559 1.2108 1.1603 1.1095 1.0557 1.0002 0.945 0.8913 0.84165 0.79511 0.75171 0.71223 0.67619 0.64383 0.61357 0.58503 0.55847 0.53282 0.50879 0.48556 0.46296 0.4414 0.41995 0.39869 0.37761 0.35695 0.33772 0.3191 0.30211 0.28711 0.27247 0.25815 0.24412 0.23035 0.21714 0.20401 0.19141 0.17933 0.16743 0.15656 0.14182 0.13711 0.13272 0.14097 0.22658 0.32139 0.33623 0.31139 0.28658 0.26601 0.23577 0.2145 
95 1.2176 1.3589 1.4699 1.5149 1.5485 1.6002 1.6594 1.6973 1.7174 1.7332 1.7363 1.7159 1.6785 1.6343 1.5906 1.5531 1.5225 1.4972 1.4769 1.4643 1.466 1.4854 1.5127 1.5344 1.5438 1.5434 1.5377 1.5268 1.5104 1.4886 1.4631 1.4365 1.4118 1.3938 1.3804 1.3679 1.3582 1.3528 1.3518 1.3523 1.3518 1.3509 1.3484 1.3448 1.3402 1.3306 1.3225 1.2965 1.253 1.2082 1.158 1.1076 1.0542 0.99925 0.94465 0.89138 0.84198 0.79543 0.75187 0.71224 0.67604 0.64347 0.61292 0.58412 0.55746 0.53181 0.50784 0.48458 0.46207 0.4407 0.41929 0.39804 0.37697 0.35624 0.33683 0.31819 0.30121 0.28621 0.27163 0.25735 0.24323 0.22928 0.21588 0.20259 0.18993 0.17778 0.16559 0.1545 0.13909 0.13407 0.12958 0.13828 0.22755 0.3268 0.34339 0.31876 0.29446 0.27438 0.24477 0.22402 
95.5 1.2239 1.3634 1.4733 1.5187 1.5526 1.6025 1.6587 1.6956 1.7164 1.733 1.7363 1.7158 1.6785 1.6348 1.5919 1.5548 1.5244 1.4988 1.4781 1.4643 1.4645 1.4832 1.5115 1.5344 1.5436 1.5427 1.5375 1.5271 1.5108 1.4893 1.4637 1.4367 1.4116 1.3934 1.3798 1.3671 1.3572 1.3515 1.3503 1.3504 1.3496 1.3487 1.3462 1.3426 1.3376 1.3277 1.3195 1.2934 1.2501 1.2056 1.1556 1.1057 1.0528 0.99833 0.9443 0.89147 0.8423 0.79574 0.75203 0.71225 0.67588 0.64311 0.61227 0.58322 0.55645 0.53081 0.5069 0.4836 0.46118 0.44 0.41863 0.39739 0.37634 0.35553 0.33594 0.31728 0.3003 0.28532 0.27078 0.25656 0.24235 0.2282 0.21461 0.20116 0.18846 0.17622 0.16375 0.15244 0.13637 0.13103 0.12645 0.13559 0.22852 0.33222 0.35055 0.32613 0.30233 0.28274 0.25376 0.23354 
96 1.2286 1.3676 1.4772 1.5229 1.5566 1.6045 1.658 1.6941 1.7159 1.7331 1.7365 1.7162 1.679 1.6357 1.5932 1.5564 1.5262 1.5004 1.479 1.4645 1.4638 1.4819 1.5105 1.5341 1.5435 1.5426 1.5376 1.5276 1.5116 1.49 1.4643 1.4371 1.4123 1.3936 1.3792 1.3665 1.3563 1.3503 1.3493 1.3491 1.3478 1.3469 1.3444 1.3405 1.3352 1.3253 1.317 1.2906 1.2476 1.2035 1.1538 1.1044 1.0516 0.99779 0.94433 0.89182 0.84286 0.79603 0.75236 0.71252 0.67595 0.64306 0.61197 0.58275 0.55596 0.53041 0.50624 0.48278 0.4607 0.43945 0.41815 0.39714 0.37576 0.35483 0.33535 0.3165 0.29944 0.28443 0.26994 0.2557 0.2414 0.22712 0.21327 0.19972 0.18679 0.17407 0.16117 0.14955 0.1325 0.12671 0.12164 0.1306 0.2273 0.33604 0.35626 0.33188 0.30884 0.2908 0.26493 0.24689 
96.5 1.2317 1.3714 1.4816 1.5275 1.5603 1.6061 1.6574 1.693 1.7158 1.7335 1.737 1.717 1.6801 1.6369 1.5945 1.5579 1.5278 1.5018 1.4797 1.4647 1.4636 1.4813 1.5097 1.5334 1.5435 1.543 1.5378 1.5282 1.5126 1.491 1.4648 1.4378 1.414 1.3946 1.3787 1.3662 1.3557 1.3491 1.3487 1.3483 1.3464 1.3455 1.3431 1.3385 1.3328 1.3234 1.315 1.288 1.2455 1.2017 1.1525 1.1038 1.0506 0.99761 0.94474 0.89245 0.84366 0.79632 0.75284 0.71305 0.67623 0.64331 0.61204 0.58274 0.55601 0.53063 0.50586 0.48211 0.46063 0.43906 0.41783 0.39728 0.37523 0.35414 0.33505 0.31586 0.29863 0.28355 0.26911 0.2548 0.24038 0.22603 0.21186 0.19825 0.18493 0.17133 0.15785 0.14584 0.1275 0.12114 0.11514 0.12332 0.22389 0.33827 0.3605 0.33602 0.314 0.29856 0.27827 0.26406 
97 1.2349 1.3752 1.4859 1.532 1.5641 1.6077 1.6567 1.6919 1.7158 1.7338 1.7374 1.7179 1.6811 1.638 1.5958 1.5594 1.5295 1.5032 1.4804 1.4649 1.4635 1.4808 1.5089 1.5327 1.5435 1.5435 1.5381 1.5288 1.5137 1.492 1.4653 1.4385 1.4158 1.3956 1.3781 1.3658 1.3551 1.348 1.3481 1.3476 1.345 1.3441 1.3417 1.3365 1.3305 1.3214 1.313 1.2855 1.2435 1.2 1.1512 1.1031 1.0497 0.99744 0.94515 0.89308 0.84446 0.7966 0.75333 0.71358 0.67652 0.64356 0.6121 0.58272 0.55606 0.53085 0.50548 0.48145 0.46055 0.43866 0.41752 0.39742 0.37471 0.35345 0.33476 0.31522 0.29783 0.28268 0.26827 0.25389 0.23936 0.22494 0.21044 0.19679 0.18306 0.16858 0.15453 0.14213 0.1225 0.11557 0.10865 0.11604 0.22048 0.3405 0.36475 0.34016 0.31916 0.30631 0.2916 0.28123 
97.5 1.2381 1.379 1.4903 1.5366 1.5678 1.6094 1.656 1.6907 1.7157 1.7341 1.7378 1.7187 1.6822 1.6392 1.5972 1.5609 1.5311 1.5046 1.4811 1.4651 1.4634 1.4802 1.508 1.5321 1.5436 1.5439 1.5383 1.5294 1.5148 1.4929 1.4658 1.4392 1.4175 1.3966 1.3775 1.3654 1.3544 1.3468 1.3475 1.3468 1.3437 1.3427 1.3404 1.3345 1.3281 1.3195 1.311 1.2829 1.2414 1.1982 1.1499 1.1025 1.0487 0.99726 0.94556 0.8937 0.84525 0.79689 0.75382 0.71411 0.67681 0.64381 0.61216 0.5827 0.5561 0.53107 0.5051 0.48078 0.46048 0.43827 0.4172 0.39756 0.37419 0.35277 0.33446 0.31458 0.29702 0.2818 0.26744 0.25298 0.23835 0.22384 0.20903 0.19532 0.1812 0.16584 0.15121 0.13841 0.11749 0.11 0.10215 0.10876 0.21707 0.34274 0.369 0.34429 0.32432 0.31407 0.30494 0.2984 
98 1.238 1.382 1.4919 1.5356 1.568 1.6108 1.6564 1.6904 1.716 1.735 1.739 1.7206 1.6845 1.6409 1.598 1.5616 1.5318 1.5051 1.4814 1.465 1.463 1.4794 1.5071 1.5315 1.5438 1.5449 1.5397 1.5308 1.5164 1.4948 1.4667 1.4395 1.4183 1.3973 1.3775 1.365 1.3541 1.3464 1.3466 1.346 1.343 1.3414 1.3391 1.3335 1.3265 1.3175 1.3096 1.2816 1.24 1.1969 1.1493 1.1021 1.0493 0.99913 0.9457 0.89413 0.8461 0.79715 0.75573 0.7153 0.67697 0.64453 0.61222 0.583 0.55737 0.53136 0.50497 0.48168 0.46051 0.438 0.41791 0.39746 0.3742 0.35303 0.33388 0.3148 0.29711 0.28113 0.26704 0.25209 0.23749 0.22272 0.20789 0.19389 0.17842 0.16256 0.14759 0.13323 0.11003 0.10237 0.093791 0.098394 0.21061 0.34455 0.37847 0.3586 0.34039 0.33231 0.32706 0.32303 
98.5 1.2366 1.3846 1.4924 1.5325 1.5668 1.6122 1.6571 1.6903 1.7165 1.7361 1.7403 1.7227 1.6872 1.6427 1.5987 1.5619 1.5321 1.5054 1.4816 1.4649 1.4625 1.4786 1.5061 1.531 1.5441 1.5461 1.5416 1.5325 1.5182 1.497 1.4679 1.4396 1.4188 1.398 1.3778 1.3646 1.3539 1.3462 1.3457 1.3452 1.3425 1.3401 1.3379 1.3329 1.3252 1.3155 1.3086 1.2808 1.2388 1.1957 1.1489 1.1019 1.0503 1.0018 0.94573 0.89448 0.84696 0.7974 0.75818 0.71672 0.67709 0.64542 0.61227 0.58343 0.5591 0.53167 0.50494 0.48315 0.46057 0.43779 0.419 0.39726 0.37441 0.35365 0.33319 0.31534 0.29753 0.28053 0.26682 0.25119 0.2367 0.22158 0.20686 0.19247 0.1753 0.15907 0.14385 0.12749 0.10164 0.093964 0.084737 0.086883 0.20301 0.3462 0.38988 0.3767 0.36052 0.35445 0.35245 0.35044 
99 1.2353 1.3873 1.4929 1.5295 1.5656 1.6136 1.6579 1.6902 1.717 1.7373 1.7417 1.7249 1.6899 1.6446 1.5994 1.5622 1.5324 1.5057 1.4818 1.4647 1.4619 1.4777 1.5052 1.5305 1.5444 1.5473 1.5435 1.5342 1.5199 1.4993 1.469 1.4398 1.4192 1.3986 1.378 1.3642 1.3537 1.3461 1.3448 1.3444 1.3421 1.3388 1.3366 1.3322 1.3239 1.3135 1.3075 1.28 1.2376 1.1946 1.1485 1.1017 1.0514 1.0044 0.94576 0.89483 0.84782 0.79766 0.76064 0.71815 0.67721 0.64632 0.61232 0.58386 0.56082 0.53199 0.50491 0.48462 0.46063 0.43757 0.42008 0.39707 0.37463 0.35427 0.3325 0.31588 0.29796 0.27993 0.26659 0.2503 0.2359 0.22044 0.20583 0.19105 0.17219 0.15559 0.14011 0.12175 0.093257 0.085563 0.075682 0.075372 0.19542 0.34786 0.40129 0.39479 0.38064 0.3766 0.37784 0.37785 
99.5 1.234 1.39 1.4935 1.5264 1.5645 1.6149 1.6587 1.6901 1.7175 1.7384 1.7431 1.7271 1.6926 1.6465 1.6001 1.5626 1.5328 1.506 1.482 1.4646 1.4614 1.4769 1.5042 1.53 1.5447 1.5485 1.5454 1.5359 1.5217 1.5015 1.4702 1.4399 1.4197 1.3993 1.3782 1.3637 1.3535 1.3459 1.3439 1.3436 1.3416 1.3375 1.3354 1.3315 1.3226 1.3115 1.3065 1.2792 1.2365 1.1934 1.1481 1.1014 1.0525 1.007 0.9458 0.89519 0.84867 0.79791 0.76309 0.71958 0.67733 0.64721 0.61237 0.58429 0.56254 0.5323 0.50489 0.4861 0.4607 0.43735 0.42117 0.39687 0.37484 0.35489 0.33181 0.31642 0.29838 0.27933 0.26636 0.24941 0.23511 0.2193 0.20479 0.18963 0.16907 0.15211 0.13637 0.11601 0.084873 0.077161 0.066628 0.063862 0.18782 0.34952 0.4127 0.41289 0.40077 0.39874 0.40322 0.40526 
100 1.2188 1.3809 1.4907 1.5269 1.5656 1.6164 1.6606 1.6923 1.7203 1.7417 1.746 1.7286 1.6929 1.6468 1.6011 1.5636 1.5331 1.5057 1.4813 1.4635 1.4606 1.4772 1.5057 1.5318 1.5459 1.5493 1.5463 1.5369 1.5223 1.5013 1.4708 1.4413 1.4197 1.3984 1.3779 1.3647 1.3557 1.3465 1.3432 1.344 1.3415 1.3367 1.335 1.3311 1.3213 1.3103 1.3068 1.2798 1.2359 1.1944 1.1485 1.1021 1.054 1.0068 0.94846 0.89668 0.84943 0.80134 0.76281 0.7197 0.6798 0.64683 0.61356 0.58665 0.56128 0.53223 0.50615 0.48607 0.46292 0.43986 0.42144 0.39736 0.37541 0.35511 0.33238 0.31631 0.29802 0.27891 0.26662 0.24984 0.23328 0.21837 0.20287 0.18565 0.16755 0.14978 0.1298 0.11132 0.081978 0.070521 0.05983 0.056821 0.17836 0.34603 0.42074 0.42823 0.41926 0.41784 0.41851 0.41698 
100.5 1.2029 1.3713 1.4879 1.5276 1.5668 1.6178 1.6626 1.6947 1.7232 1.7451 1.749 1.7301 1.693 1.6471 1.6022 1.5647 1.5335 1.5054 1.4806 1.4624 1.4598 1.4776 1.5072 1.5336 1.5473 1.5502 1.5471 1.5379 1.5227 1.5009 1.4715 1.4427 1.4197 1.3974 1.3776 1.3658 1.358 1.3471 1.3424 1.3444 1.3414 1.3359 1.3345 1.3308 1.3201 1.3091 1.3072 1.2805 1.2354 1.1955 1.1488 1.1028 1.0556 1.0065 0.95125 0.89822 0.85018 0.80493 0.7624 0.71976 0.68238 0.64639 0.6148 0.58911 0.55987 0.53213 0.50747 0.48596 0.46525 0.44249 0.42167 0.39787 0.376 0.35531 0.333 0.31617 0.29763 0.27849 0.2669 0.25033 0.23141 0.21744 0.20091 0.18155 0.16611 0.14751 0.1231 0.10669 0.079344 0.063964 0.053141 0.049993 0.16882 0.3423 0.42862 0.44344 0.43768 0.43679 0.43332 0.42795 
101 1.187 1.3616 1.485 1.5283 1.5681 1.6192 1.6646 1.6971 1.7262 1.7485 1.7521 1.7316 1.6931 1.6474 1.6033 1.5658 1.5339 1.5052 1.4798 1.4613 1.459 1.478 1.5088 1.5355 1.5486 1.5511 1.5479 1.5389 1.5232 1.5006 1.4722 1.4441 1.4197 1.3964 1.3773 1.3668 1.3604 1.3477 1.3417 1.3449 1.3413 1.3351 1.3341 1.3304 1.3189 1.3079 1.3076 1.2811 1.2349 1.1966 1.1492 1.1036 1.0571 1.0062 0.95404 0.89976 0.85093 0.80851 0.76199 0.71982 0.68497 0.64595 0.61605 0.59156 0.55847 0.53204 0.50879 0.48586 0.46758 0.44513 0.42191 0.39839 0.37659 0.35551 0.33362 0.31602 0.29723 0.27808 0.26719 0.25083 0.22954 0.21652 0.19895 0.17745 0.16466 0.14523 0.1164 0.10205 0.07671 0.057407 0.046451 0.043166 0.15927 0.33856 0.4365 0.45866 0.45609 0.45574 0.44813 0.43892 
101.5 1.175 1.3541 1.4827 1.529 1.5695 1.6208 1.6665 1.6994 1.7289 1.7515 1.7549 1.7334 1.6939 1.6482 1.6045 1.5668 1.5341 1.5049 1.4793 1.4607 1.4586 1.4784 1.5101 1.5371 1.5499 1.5519 1.5486 1.5396 1.5234 1.5003 1.4729 1.4453 1.4196 1.396 1.3774 1.3674 1.3619 1.348 1.341 1.3449 1.3409 1.3344 1.3335 1.3296 1.3177 1.3068 1.3075 1.2813 1.2344 1.1972 1.1494 1.1042 1.0582 1.0056 0.95614 0.90107 0.85159 0.81127 0.76182 0.71989 0.68675 0.64551 0.61695 0.59326 0.55723 0.53201 0.50979 0.48562 0.46922 0.44693 0.42191 0.39875 0.37691 0.35548 0.33403 0.31588 0.29678 0.27762 0.26706 0.25058 0.22786 0.21544 0.19652 0.17373 0.16286 0.14235 0.11039 0.097935 0.074127 0.051562 0.04056 0.037531 0.15234 0.33723 0.44496 0.4731 0.47282 0.47223 0.46039 0.44764 
102 1.1801 1.3559 1.4828 1.5301 1.5715 1.6227 1.6683 1.7013 1.7306 1.7531 1.757 1.7366 1.6975 1.6511 1.6061 1.5672 1.534 1.5049 1.4801 1.4623 1.4603 1.4794 1.5105 1.5377 1.551 1.5529 1.5488 1.5392 1.5225 1.5 1.474 1.4451 1.4191 1.3982 1.3787 1.3662 1.3596 1.3464 1.3402 1.3429 1.3394 1.3343 1.3321 1.327 1.3168 1.3064 1.3052 1.2791 1.2339 1.1959 1.1487 1.1045 1.057 1.0043 0.95517 0.9013 0.85185 0.81035 0.76268 0.72005 0.68496 0.6451 0.61634 0.59156 0.55677 0.53222 0.50934 0.48477 0.46779 0.445 0.4209 0.39842 0.37602 0.35445 0.33345 0.31575 0.29607 0.27698 0.26513 0.24705 0.22704 0.21367 0.192 0.17173 0.15946 0.13671 0.10744 0.09616 0.071773 0.048888 0.038229 0.037208 0.15705 0.34661 0.45602 0.48412 0.48205 0.47778 0.46135 0.44632 
102.5 1.1851 1.3576 1.483 1.5311 1.5736 1.6247 1.6701 1.7032 1.7323 1.7546 1.7592 1.7399 1.7012 1.6541 1.6078 1.5676 1.5338 1.5049 1.4808 1.4639 1.4619 1.4804 1.5109 1.5383 1.5522 1.554 1.5491 1.5388 1.5215 1.4997 1.475 1.4449 1.4186 1.4004 1.3801 1.365 1.3574 1.3449 1.3394 1.341 1.3379 1.3342 1.3307 1.3245 1.3159 1.306 1.3028 1.277 1.2334 1.1947 1.1481 1.1048 1.0559 1.003 0.9542 0.90153 0.85212 0.80943 0.76354 0.7202 0.68317 0.64468 0.61574 0.58987 0.55631 0.53244 0.5089 0.48392 0.46635 0.44308 0.41989 0.39809 0.37513 0.35342 0.33287 0.31562 0.29537 0.27634 0.2632 0.24351 0.22622 0.2119 0.18748 0.16973 0.15605 0.13107 0.10449 0.094385 0.069419 0.046214 0.035898 0.036886 0.16176 0.35599 0.46709 0.49513 0.49127 0.48332 0.4623 0.445 
103 1.1901 1.3594 1.4832 1.5322 1.5756 1.6267 1.6719 1.7051 1.734 1.7562 1.7613 1.7431 1.7048 1.6571 1.6094 1.568 1.5336 1.5049 1.4816 1.4655 1.4636 1.4813 1.5113 1.5389 1.5533 1.555 1.5493 1.5383 1.5206 1.4994 1.476 1.4447 1.4181 1.4026 1.3814 1.3637 1.3552 1.3434 1.3387 1.3391 1.3364 1.3341 1.3293 1.3219 1.3151 1.3056 1.3004 1.2748 1.233 1.1934 1.1475 1.1052 1.0547 1.0017 0.95322 0.90176 0.85239 0.80851 0.7644 0.72036 0.68138 0.64427 0.61513 0.58817 0.55585 0.53266 0.50845 0.48307 0.46492 0.44115 0.41888 0.39776 0.37424 0.35239 0.33229 0.31548 0.29467 0.2757 0.26128 0.23997 0.2254 0.21013 0.18297 0.16774 0.15265 0.12543 0.10154 0.09261 0.067065 0.04354 0.033567 0.036564 0.16647 0.36537 0.47815 0.50615 0.50049 0.48887 0.46325 0.44368 
103.5 1.1956 1.3621 1.4846 1.534 1.5779 1.6285 1.6734 1.7066 1.7354 1.7575 1.763 1.7455 1.7075 1.6593 1.6108 1.5687 1.5341 1.5055 1.4827 1.4671 1.4651 1.4819 1.5111 1.5385 1.5534 1.5552 1.5496 1.5389 1.5208 1.4992 1.4764 1.4451 1.418 1.4031 1.3821 1.3632 1.3534 1.3424 1.338 1.3372 1.335 1.3332 1.3277 1.32 1.314 1.3048 1.2986 1.273 1.232 1.1918 1.1465 1.1045 1.0534 1.001 0.95232 0.90161 0.85239 0.80801 0.76479 0.7199 0.68058 0.64398 0.61417 0.58673 0.55515 0.53267 0.50806 0.48233 0.46346 0.43969 0.41789 0.39682 0.37357 0.3514 0.33137 0.31457 0.29327 0.27472 0.25925 0.23716 0.22367 0.20748 0.17996 0.16555 0.14907 0.12159 0.099157 0.090582 0.065152 0.04231 0.033338 0.038227 0.17256 0.37474 0.48752 0.51466 0.50712 0.49266 0.46368 0.44232 
104 1.2015 1.3661 1.4877 1.537 1.5804 1.6302 1.6744 1.7075 1.7363 1.7583 1.764 1.7467 1.7089 1.6606 1.612 1.5699 1.5356 1.5072 1.4845 1.4689 1.4663 1.4821 1.5101 1.5369 1.5521 1.5544 1.5499 1.5409 1.5228 1.4992 1.4757 1.4462 1.4184 1.4012 1.3817 1.3636 1.3523 1.3423 1.3376 1.3355 1.3336 1.3313 1.3259 1.3192 1.3127 1.3032 1.2976 1.2716 1.2303 1.1898 1.1449 1.1026 1.052 1.0011 0.95152 0.90089 0.852 0.8081 0.76452 0.71858 0.68117 0.64388 0.61269 0.58565 0.55411 0.53238 0.50776 0.48173 0.46196 0.43889 0.41691 0.39499 0.37322 0.35049 0.32997 0.31255 0.29087 0.27325 0.25708 0.23539 0.22065 0.20356 0.17913 0.16309 0.14524 0.12033 0.097595 0.088192 0.063871 0.043154 0.036125 0.042739 0.18062 0.3841 0.49447 0.51957 0.51004 0.49395 0.46335 0.44089 
104.5 1.2075 1.3701 1.4908 1.54 1.583 1.6318 1.6754 1.7084 1.7372 1.7592 1.765 1.7479 1.7103 1.6619 1.6131 1.5711 1.5371 1.5088 1.4862 1.4706 1.4676 1.4822 1.509 1.5353 1.5508 1.5535 1.5502 1.543 1.5248 1.4991 1.475 1.4472 1.4187 1.3992 1.3813 1.3641 1.3512 1.3422 1.3372 1.3338 1.3321 1.3293 1.3241 1.3184 1.3114 1.3017 1.2965 1.2702 1.2286 1.1879 1.1434 1.1007 1.0506 1.0012 0.95071 0.90018 0.85162 0.8082 0.76425 0.71726 0.68177 0.64378 0.61122 0.58458 0.55307 0.53209 0.50746 0.48113 0.46047 0.4381 0.41593 0.39316 0.37286 0.34958 0.32856 0.31053 0.28847 0.27178 0.25492 0.23361 0.21763 0.19965 0.1783 0.16063 0.1414 0.11907 0.096033 0.085802 0.062591 0.043998 0.038912 0.047251 0.18868 0.39345 0.50142 0.52448 0.51296 0.49523 0.46301 0.43946 
105 1.2135 1.3741 1.4939 1.543 1.5855 1.6335 1.6764 1.7093 1.7381 1.7601 1.766 1.7491 1.7116 1.6632 1.6142 1.5723 1.5386 1.5104 1.4879 1.4724 1.4689 1.4824 1.5079 1.5336 1.5494 1.5527 1.5506 1.545 1.5268 1.499 1.4743 1.4483 1.4191 1.3973 1.381 1.3645 1.3501 1.342 1.3368 1.332 1.3307 1.3274 1.3223 1.3176 1.3101 1.3002 1.2955 1.2688 1.2269 1.1859 1.1419 1.0988 1.0491 1.0012 0.94991 0.89947 0.85123 0.80829 0.76398 0.71594 0.68237 0.64368 0.60974 0.5835 0.55203 0.5318 0.50715 0.48054 0.45897 0.4373 0.41495 0.39133 0.37251 0.34867 0.32716 0.30851 0.28607 0.27031 0.25275 0.23184 0.2146 0.19573 0.17747 0.15818 0.13757 0.1178 0.094471 0.083411 0.061311 0.044842 0.0417 0.051764 0.19674 0.4028 0.50837 0.52938 0.51588 0.49651 0.46268 0.43803 
105.5 1.2187 1.3782 1.4974 1.546 1.5877 1.6349 1.6773 1.7101 1.7387 1.7606 1.7666 1.7499 1.7127 1.6646 1.6157 1.5739 1.5403 1.512 1.4892 1.4732 1.4691 1.4822 1.5075 1.5329 1.5489 1.5526 1.5505 1.5451 1.5274 1.5 1.4746 1.4484 1.4197 1.3968 1.3803 1.3646 1.3494 1.3415 1.3362 1.331 1.3296 1.3258 1.3208 1.3165 1.3087 1.2989 1.2943 1.2674 1.2253 1.1842 1.1406 1.0974 1.0483 1.0011 0.94877 0.89888 0.85101 0.80779 0.76373 0.71592 0.68294 0.64368 0.60884 0.58255 0.55147 0.53156 0.50663 0.47994 0.45826 0.43628 0.41425 0.39048 0.37114 0.34763 0.32568 0.30684 0.2849 0.26824 0.25071 0.23037 0.21204 0.19328 0.17579 0.15602 0.13536 0.11617 0.093546 0.083072 0.061651 0.046613 0.044906 0.056212 0.20332 0.40986 0.51377 0.53335 0.51833 0.49762 0.46265 0.4374 
106 1.2237 1.3824 1.501 1.549 1.5897 1.636 1.6782 1.7108 1.7391 1.7608 1.7669 1.7505 1.7137 1.666 1.6175 1.5758 1.5421 1.5136 1.4901 1.4733 1.4687 1.4819 1.5074 1.5327 1.5489 1.5529 1.5501 1.5441 1.5273 1.5016 1.4753 1.4479 1.4205 1.397 1.3796 1.3643 1.3489 1.3406 1.3356 1.3303 1.3286 1.3245 1.3195 1.3152 1.3072 1.2976 1.2932 1.2659 1.2238 1.1828 1.1394 1.0962 1.0479 1.0008 0.94744 0.89838 0.85088 0.80696 0.76351 0.71663 0.68351 0.64372 0.60828 0.58166 0.55119 0.53134 0.50599 0.47935 0.45798 0.43513 0.4137 0.39019 0.3692 0.34652 0.32416 0.30536 0.28443 0.26583 0.24875 0.22908 0.20973 0.19166 0.17364 0.15402 0.13409 0.11434 0.092983 0.083897 0.06291 0.048911 0.048351 0.060623 0.20906 0.41563 0.51829 0.53677 0.52052 0.49863 0.46278 0.43723 
106.5 1.2286 1.3866 1.5046 1.5519 1.5916 1.6372 1.679 1.7114 1.7395 1.7611 1.7672 1.7511 1.7147 1.6674 1.6193 1.5777 1.5439 1.5151 1.4911 1.4735 1.4684 1.4816 1.5073 1.5325 1.5489 1.5532 1.5498 1.5431 1.5272 1.5033 1.4761 1.4473 1.4213 1.3973 1.3788 1.3641 1.3484 1.3398 1.3349 1.3296 1.3276 1.3232 1.3182 1.3139 1.3057 1.2964 1.292 1.2645 1.2223 1.1814 1.1382 1.0949 1.0474 1.0006 0.9461 0.89787 0.85075 0.80612 0.76329 0.71734 0.68407 0.64377 0.60771 0.58077 0.5509 0.53113 0.50535 0.47875 0.45771 0.43398 0.41315 0.38989 0.36726 0.3454 0.32263 0.30387 0.28397 0.26341 0.24679 0.22779 0.20742 0.19004 0.17148 0.15203 0.13282 0.1125 0.092419 0.084723 0.06417 0.051208 0.051795 0.065035 0.2148 0.4214 0.52282 0.54019 0.52271 0.49963 0.46292 0.43706 
107 1.2335 1.3908 1.5082 1.5549 1.5936 1.6384 1.6799 1.7121 1.7399 1.7614 1.7675 1.7517 1.7157 1.6688 1.621 1.5795 1.5456 1.5167 1.4921 1.4737 1.468 1.4812 1.5072 1.5324 1.5488 1.5536 1.5494 1.5421 1.527 1.5049 1.4769 1.4468 1.422 1.3975 1.378 1.3639 1.348 1.3389 1.3342 1.3289 1.3266 1.3219 1.3169 1.3126 1.3043 1.2952 1.2908 1.263 1.2208 1.1799 1.137 1.0937 1.047 1.0003 0.94477 0.89737 0.85062 0.80528 0.76306 0.71805 0.68463 0.64382 0.60714 0.57988 0.55062 0.53091 0.50471 0.47816 0.45743 0.43283 0.4126 0.38959 0.36531 0.34429 0.32111 0.30239 0.2835 0.261 0.24482 0.2265 0.20511 0.18842 0.16933 0.15004 0.13155 0.11066 0.091855 0.085548 0.06543 0.053506 0.055239 0.069446 0.22054 0.42716 0.52734 0.54361 0.5249 0.50064 0.46306 0.43689 
107.5 1.2376 1.3945 1.5114 1.5576 1.5956 1.6397 1.6806 1.7125 1.7402 1.7616 1.7679 1.7524 1.7167 1.6703 1.6229 1.5813 1.547 1.5176 1.4928 1.4741 1.4682 1.4811 1.507 1.532 1.5481 1.5531 1.5502 1.5433 1.5273 1.5045 1.4773 1.4476 1.4221 1.398 1.3784 1.3633 1.3479 1.3389 1.3334 1.3278 1.3256 1.3211 1.3159 1.3113 1.3034 1.2942 1.2891 1.2614 1.2195 1.1788 1.1357 1.0926 1.046 0.99978 0.94468 0.89702 0.85058 0.80462 0.76262 0.71822 0.68398 0.64384 0.60713 0.5802 0.55099 0.52924 0.504 0.47785 0.45684 0.43256 0.41142 0.38882 0.36414 0.34343 0.32032 0.3005 0.28197 0.25932 0.24329 0.22525 0.20331 0.18689 0.1684 0.14861 0.13042 0.11078 0.092438 0.086583 0.067209 0.055965 0.058422 0.073286 0.22472 0.43153 0.53119 0.54602 0.52592 0.50093 0.46315 0.43694 
108 1.2417 1.3981 1.5146 1.5602 1.5976 1.6409 1.6812 1.7129 1.7405 1.7619 1.7683 1.753 1.7178 1.6719 1.6248 1.5831 1.5483 1.5185 1.4935 1.4746 1.4684 1.4811 1.5068 1.5316 1.5473 1.5525 1.5511 1.5449 1.5277 1.5037 1.4776 1.4485 1.4219 1.3986 1.379 1.3627 1.3478 1.3389 1.3326 1.3267 1.3245 1.3203 1.3149 1.31 1.3025 1.2931 1.2873 1.2597 1.2182 1.1777 1.1344 1.0915 1.045 0.99916 0.94479 0.8967 0.85054 0.80398 0.76215 0.7183 0.68313 0.64387 0.60722 0.58072 0.55146 0.52734 0.50328 0.47759 0.45619 0.43243 0.41015 0.38797 0.36309 0.34261 0.31964 0.29855 0.28027 0.25776 0.24182 0.22401 0.20158 0.18538 0.16765 0.14727 0.12931 0.1112 0.0932 0.08765 0.069069 0.05845 0.061564 0.077037 0.22866 0.43568 0.53493 0.54828 0.52676 0.5011 0.46323 0.43702 
108.5 1.2458 1.4018 1.5177 1.5628 1.5995 1.6421 1.6819 1.7132 1.7408 1.7622 1.7687 1.7536 1.7189 1.6735 1.6267 1.5849 1.5495 1.5193 1.4941 1.4752 1.4687 1.4811 1.5066 1.5313 1.5465 1.5519 1.552 1.5464 1.528 1.503 1.4779 1.4495 1.4218 1.3992 1.3795 1.3621 1.3478 1.339 1.3318 1.3255 1.3234 1.3195 1.3139 1.3087 1.3017 1.2921 1.2856 1.2581 1.217 1.1766 1.1331 1.0905 1.0439 0.99855 0.94489 0.89638 0.85051 0.80334 0.76168 0.71839 0.68228 0.64389 0.6073 0.58123 0.55193 0.52544 0.50255 0.47733 0.45555 0.43229 0.40888 0.38712 0.36204 0.34179 0.31896 0.2966 0.27858 0.2562 0.24035 0.22276 0.19985 0.18387 0.1669 0.14592 0.1282 0.11162 0.093962 0.088718 0.070929 0.060934 0.064706 0.080787 0.23259 0.43983 0.53867 0.55053 0.5276 0.50127 0.46332 0.4371 
109 1.2499 1.4054 1.5208 1.5654 1.6015 1.6434 1.6825 1.7136 1.7411 1.7626 1.7691 1.7543 1.72 1.675 1.6285 1.5866 1.5509 1.5203 1.4949 1.4757 1.4689 1.4811 1.5064 1.5309 1.5457 1.5513 1.5528 1.5479 1.5285 1.5024 1.4782 1.4504 1.4218 1.3997 1.38 1.3615 1.3477 1.3389 1.3309 1.3244 1.3224 1.3187 1.3129 1.3074 1.3009 1.2911 1.2838 1.2565 1.2157 1.1755 1.1318 1.0894 1.0429 0.99792 0.94487 0.89606 0.85044 0.80273 0.7613 0.71846 0.68146 0.64388 0.60741 0.58163 0.55226 0.5238 0.50184 0.47701 0.45491 0.43204 0.4077 0.38626 0.361 0.34093 0.31818 0.29477 0.27695 0.25464 0.23894 0.22156 0.19814 0.18247 0.16624 0.14461 0.12725 0.11214 0.0947 0.089784 0.072788 0.063385 0.067785 0.084452 0.23645 0.44384 0.54226 0.55273 0.5285 0.50153 0.46345 0.4372 
109.5 1.2542 1.4089 1.5236 1.5679 1.6034 1.6445 1.6831 1.714 1.7415 1.7631 1.7698 1.755 1.7207 1.6757 1.6294 1.588 1.5529 1.5222 1.4961 1.4764 1.4692 1.4809 1.5058 1.5304 1.5452 1.5508 1.5525 1.5487 1.5299 1.5027 1.4778 1.4508 1.4223 1.3993 1.3794 1.3612 1.3473 1.3375 1.3299 1.324 1.3216 1.3176 1.3117 1.3064 1.2997 1.2897 1.2827 1.2553 1.2145 1.1741 1.1306 1.0884 1.0424 0.9972 0.94369 0.89572 0.84998 0.8024 0.7618 0.71841 0.68092 0.64349 0.60765 0.58094 0.55132 0.52468 0.50126 0.47608 0.45424 0.43062 0.40743 0.38524 0.35996 0.33968 0.31644 0.29415 0.27594 0.25306 0.23807 0.22078 0.19657 0.18209 0.16636 0.14364 0.12785 0.11359 0.095207 0.09084 0.074637 0.065506 0.070252 0.087287 0.23953 0.44657 0.54435 0.55443 0.52992 0.50263 0.46404 0.43751 
110 1.2584 1.4124 1.5265 1.5703 1.6052 1.6456 1.6836 1.7143 1.7419 1.7637 1.7705 1.7557 1.7214 1.6765 1.6303 1.5894 1.5548 1.5241 1.4974 1.4771 1.4694 1.4807 1.5053 1.5299 1.5448 1.5503 1.5521 1.5495 1.5313 1.503 1.4774 1.4513 1.4228 1.399 1.3788 1.3609 1.3468 1.3362 1.3289 1.3236 1.3208 1.3165 1.3105 1.3054 1.2986 1.2884 1.2816 1.2541 1.2132 1.1727 1.1293 1.0874 1.0419 0.99649 0.94251 0.89539 0.84952 0.80207 0.7623 0.71835 0.68038 0.6431 0.60789 0.58024 0.55037 0.52556 0.50068 0.47515 0.45357 0.42921 0.40716 0.38423 0.35893 0.33843 0.3147 0.29354 0.27493 0.25148 0.23719 0.21999 0.195 0.18171 0.16648 0.14267 0.12845 0.11504 0.095714 0.091896 0.076486 0.067626 0.072718 0.090122 0.24261 0.44931 0.54645 0.55612 0.53134 0.50373 0.46462 0.43783 
110.5 1.2627 1.4158 1.5293 1.5727 1.6071 1.6467 1.6842 1.7147 1.7423 1.7643 1.7711 1.7564 1.7221 1.6772 1.6311 1.5907 1.5568 1.526 1.4987 1.4778 1.4696 1.4805 1.5048 1.5294 1.5444 1.5498 1.5518 1.5502 1.5327 1.5033 1.477 1.4517 1.4232 1.3987 1.3782 1.3606 1.3464 1.3348 1.3279 1.3231 1.32 1.3154 1.3092 1.3044 1.2975 1.287 1.2806 1.2529 1.2119 1.1714 1.1281 1.0865 1.0414 0.99577 0.94132 0.89506 0.84906 0.80174 0.7628 0.7183 0.67983 0.64271 0.60813 0.57955 0.54942 0.52644 0.50009 0.47423 0.4529 0.4278 0.40689 0.38321 0.35789 0.33718 0.31295 0.29293 0.27392 0.2499 0.23632 0.21921 0.19343 0.18133 0.1666 0.1417 0.12905 0.11649 0.096221 0.092952 0.078335 0.069747 0.075185 0.092957 0.24569 0.45204 0.54855 0.55782 0.53277 0.50482 0.46521 0.43814 
111 1.2673 1.4194 1.5322 1.5752 1.609 1.6479 1.6848 1.715 1.7428 1.7649 1.7718 1.757 1.7228 1.678 1.6322 1.5922 1.5585 1.5277 1.5001 1.4787 1.47 1.4803 1.5043 1.5289 1.5439 1.5493 1.5514 1.5508 1.534 1.5037 1.4768 1.4522 1.4238 1.3986 1.3779 1.3605 1.3461 1.3339 1.3272 1.3225 1.319 1.3144 1.3082 1.3033 1.2963 1.2858 1.2794 1.2517 1.2106 1.1699 1.1268 1.0855 1.0406 0.99478 0.94025 0.89457 0.84871 0.80152 0.76291 0.71828 0.67948 0.64243 0.60835 0.57892 0.54866 0.52681 0.49941 0.47342 0.45218 0.42661 0.40648 0.38225 0.35685 0.33591 0.31142 0.29207 0.27284 0.24872 0.23525 0.21813 0.19249 0.18083 0.16609 0.14146 0.12971 0.11722 0.097119 0.094322 0.079988 0.071829 0.07749 0.095465 0.24907 0.45547 0.55102 0.55992 0.5347 0.5062 0.46554 0.43785 
111.5 1.2727 1.4233 1.535 1.5776 1.611 1.6492 1.6854 1.7154 1.7432 1.7655 1.7724 1.7574 1.7232 1.679 1.6337 1.5937 1.5598 1.529 1.5016 1.4803 1.4709 1.4802 1.5037 1.5284 1.5435 1.5489 1.551 1.5507 1.535 1.5044 1.4769 1.4526 1.4244 1.3988 1.378 1.3607 1.3459 1.3336 1.3271 1.3215 1.3175 1.3137 1.3075 1.302 1.2949 1.2847 1.2783 1.2505 1.2091 1.1683 1.1254 1.0845 1.0392 0.99324 0.93943 0.89374 0.84862 0.80156 0.76216 0.71833 0.67952 0.64237 0.60855 0.57845 0.5483 0.52608 0.49851 0.47285 0.45138 0.42593 0.40578 0.3814 0.35579 0.3346 0.31033 0.29069 0.2716 0.24839 0.23379 0.21639 0.1929 0.18008 0.16422 0.14278 0.13049 0.11639 0.098851 0.096362 0.081223 0.073829 0.079451 0.097277 0.2531 0.46037 0.55431 0.5629 0.5377 0.50819 0.46531 0.43629 
112 1.2781 1.4271 1.5378 1.5799 1.613 1.6505 1.686 1.7158 1.7436 1.766 1.7731 1.7578 1.7236 1.68 1.6352 1.5953 1.5612 1.5303 1.5031 1.4818 1.4717 1.48 1.5031 1.528 1.5431 1.5485 1.5505 1.5507 1.536 1.505 1.477 1.453 1.4249 1.3991 1.3782 1.3609 1.3457 1.3334 1.327 1.3206 1.316 1.3131 1.3068 1.3007 1.2935 1.2836 1.2772 1.2492 1.2077 1.1667 1.124 1.0835 1.0378 0.99169 0.9386 0.89292 0.84853 0.80159 0.76141 0.71839 0.67956 0.64231 0.60875 0.57797 0.54794 0.52535 0.49762 0.47229 0.45057 0.42525 0.40508 0.38055 0.35473 0.33328 0.30924 0.28931 0.27036 0.24805 0.23233 0.21465 0.1933 0.17933 0.16236 0.1441 0.13128 0.11556 0.10058 0.098401 0.082458 0.075828 0.081413 0.099089 0.25712 0.46528 0.5576 0.56588 0.54071 0.51018 0.46509 0.43472 
112.5 1.2834 1.431 1.5406 1.5823 1.615 1.6518 1.6867 1.7162 1.7441 1.7666 1.7737 1.7582 1.724 1.6809 1.6367 1.5968 1.5625 1.5317 1.5047 1.4833 1.4726 1.4799 1.5025 1.5275 1.5426 1.5481 1.5501 1.5507 1.537 1.5057 1.4772 1.4534 1.4255 1.3993 1.3784 1.3611 1.3455 1.3332 1.3269 1.3196 1.3145 1.3124 1.3062 1.2994 1.2922 1.2825 1.276 1.248 1.2062 1.1651 1.1226 1.0825 1.0365 0.99014 0.93778 0.89209 0.84843 0.80162 0.76066 0.71844 0.67961 0.64225 0.60894 0.5775 0.54758 0.52461 0.49672 0.47172 0.44977 0.42457 0.40438 0.3797 0.35367 0.33196 0.30815 0.28793 0.26913 0.24772 0.23087 0.21291 0.1937 0.17858 0.1605 0.14542 0.13207 0.11473 0.10231 0.10044 0.083694 0.077827 0.083374 0.1009 0.26115 0.47019 0.56089 0.56886 0.54372 0.51216 0.46486 0.43316 
113 1.2893 1.4352 1.5436 1.5849 1.617 1.6532 1.6874 1.7166 1.7444 1.7671 1.7741 1.7583 1.7241 1.6816 1.638 1.5983 1.5639 1.5331 1.5062 1.4849 1.4737 1.4801 1.502 1.5269 1.542 1.5475 1.5495 1.5505 1.5374 1.5061 1.4777 1.4538 1.4253 1.3996 1.3787 1.3612 1.3455 1.3329 1.3264 1.319 1.3135 1.3114 1.3054 1.2982 1.291 1.2815 1.2746 1.2465 1.2046 1.1635 1.1212 1.081 1.035 0.98878 0.937 0.89154 0.84783 0.80136 0.76026 0.71803 0.67965 0.64228 0.60879 0.5774 0.5472 0.52377 0.49627 0.47101 0.44875 0.42399 0.40316 0.37849 0.353 0.3307 0.30698 0.28685 0.26774 0.24712 0.2299 0.2117 0.1938 0.17806 0.15985 0.14624 0.13244 0.11526 0.10394 0.10165 0.084716 0.079613 0.085467 0.10318 0.26519 0.47488 0.56409 0.57115 0.54569 0.51331 0.46434 0.43168 
113.5 1.2956 1.4396 1.5469 1.5877 1.6191 1.6545 1.6881 1.717 1.7447 1.7675 1.7743 1.758 1.7239 1.6821 1.6391 1.5997 1.5654 1.5346 1.5079 1.4865 1.4749 1.4805 1.5016 1.526 1.5412 1.5467 1.5488 1.55 1.5372 1.5062 1.4786 1.4542 1.4244 1.3998 1.3793 1.3611 1.3456 1.3325 1.3255 1.3188 1.3128 1.3102 1.3045 1.2971 1.29 1.2807 1.2731 1.2447 1.203 1.1618 1.1197 1.0792 1.0333 0.98757 0.93625 0.8912 0.84679 0.80085 0.76015 0.71725 0.67968 0.64237 0.60834 0.57763 0.5468 0.52284 0.49619 0.47018 0.44756 0.42348 0.40153 0.37699 0.35267 0.32949 0.30574 0.286 0.26622 0.2463 0.22933 0.21091 0.19367 0.17773 0.16023 0.14664 0.13248 0.11693 0.10548 0.10218 0.085562 0.081223 0.087668 0.10585 0.26923 0.47938 0.56722 0.57287 0.54679 0.51377 0.46357 0.43027 
114 1.3018 1.444 1.5501 1.5904 1.6212 1.6558 1.6888 1.7175 1.745 1.7678 1.7745 1.7577 1.7237 1.6826 1.6402 1.6011 1.5669 1.5362 1.5095 1.4881 1.4762 1.4809 1.5012 1.5252 1.5404 1.5459 1.5481 1.5496 1.5371 1.5063 1.4796 1.4546 1.4235 1.4 1.3799 1.361 1.3458 1.332 1.3247 1.3185 1.3122 1.309 1.3037 1.296 1.289 1.2799 1.2715 1.2429 1.2014 1.1602 1.1182 1.0774 1.0317 0.98635 0.93551 0.89086 0.84576 0.80034 0.76004 0.71646 0.67972 0.64246 0.60789 0.57785 0.54641 0.52191 0.4961 0.46934 0.44637 0.42298 0.39989 0.37548 0.35233 0.32827 0.30451 0.28515 0.2647 0.24547 0.22877 0.21012 0.19353 0.1774 0.1606 0.14705 0.13251 0.1186 0.10702 0.10271 0.086408 0.082832 0.08987 0.10852 0.27328 0.48389 0.57034 0.57459 0.54789 0.51423 0.4628 0.42887 
114.5 1.3081 1.4484 1.5534 1.5932 1.6233 1.6571 1.6896 1.7179 1.7453 1.7682 1.7747 1.7575 1.7235 1.683 1.6413 1.6025 1.5685 1.5377 1.5111 1.4897 1.4774 1.4813 1.5008 1.5244 1.5396 1.5452 1.5474 1.5492 1.537 1.5064 1.4805 1.455 1.4226 1.4002 1.3804 1.3609 1.3459 1.3316 1.3238 1.3183 1.3115 1.3078 1.3028 1.2948 1.288 1.279 1.2699 1.2411 1.1997 1.1585 1.1166 1.0755 1.0301 0.98514 0.93476 0.89053 0.84472 0.79983 0.75994 0.71567 0.67975 0.64255 0.60745 0.57808 0.54601 0.52098 0.49602 0.46851 0.44518 0.42247 0.39826 0.37398 0.35199 0.32706 0.30327 0.28431 0.26319 0.24465 0.22821 0.20934 0.1934 0.17707 0.16097 0.14745 0.13255 0.12026 0.10856 0.10323 0.087253 0.084441 0.092071 0.11119 0.27732 0.48839 0.57347 0.57632 0.54899 0.51469 0.46203 0.42746 
115 1.315 1.4533 1.5568 1.5959 1.6252 1.6581 1.6899 1.7181 1.7457 1.7686 1.7747 1.7568 1.7228 1.683 1.6421 1.6038 1.5699 1.5394 1.5131 1.4913 1.4785 1.482 1.5011 1.5237 1.5383 1.5446 1.548 1.5482 1.5356 1.5074 1.4805 1.4543 1.4232 1.4001 1.3807 1.361 1.3454 1.3319 1.3233 1.3174 1.3111 1.3067 1.3017 1.2939 1.2868 1.278 1.2682 1.239 1.1979 1.1566 1.1148 1.0737 1.0282 0.98365 0.93414 0.88997 0.84413 0.79935 0.75933 0.71568 0.67957 0.64227 0.60759 0.57763 0.54556 0.52059 0.49514 0.46793 0.44463 0.42127 0.39756 0.37331 0.35067 0.32619 0.30222 0.28348 0.26254 0.24377 0.22741 0.20857 0.19351 0.17721 0.16144 0.1479 0.13318 0.12149 0.10937 0.10451 0.088901 0.086317 0.094445 0.11419 0.28151 0.49266 0.57635 0.57792 0.54956 0.51428 0.46076 0.42585 
115.5 1.322 1.4584 1.5604 1.5986 1.627 1.659 1.6902 1.7183 1.746 1.7691 1.7747 1.756 1.7219 1.6829 1.6428 1.605 1.5712 1.5411 1.5151 1.4928 1.4794 1.4828 1.5015 1.523 1.5367 1.5442 1.5489 1.5471 1.5339 1.5088 1.4803 1.4533 1.4243 1.3999 1.3808 1.3611 1.3447 1.3324 1.3228 1.3164 1.3109 1.3056 1.3005 1.2929 1.2855 1.2769 1.2665 1.2369 1.1959 1.1545 1.1128 1.0719 1.0263 0.98208 0.93356 0.88935 0.84367 0.79889 0.75858 0.71592 0.67933 0.64188 0.60791 0.57698 0.5451 0.52036 0.49403 0.46743 0.44426 0.41986 0.39714 0.37289 0.34906 0.32543 0.30121 0.28265 0.26215 0.24288 0.22653 0.20781 0.1937 0.17749 0.16193 0.14837 0.134 0.12258 0.10996 0.10601 0.090781 0.088269 0.096868 0.11728 0.28573 0.49685 0.57915 0.5795 0.54997 0.51361 0.45935 0.42418 
116 1.3291 1.4634 1.5639 1.6014 1.6289 1.66 1.6905 1.7185 1.7464 1.7695 1.7747 1.7553 1.7211 1.6827 1.6435 1.6062 1.5726 1.5429 1.5172 1.4944 1.4803 1.4836 1.502 1.5223 1.5352 1.5437 1.5499 1.546 1.5322 1.5101 1.4801 1.4523 1.4254 1.3997 1.3809 1.3613 1.344 1.3329 1.3224 1.3154 1.3106 1.3044 1.2993 1.2919 1.2843 1.2758 1.2648 1.2347 1.194 1.1525 1.1108 1.07 1.0243 0.98051 0.93298 0.88873 0.84321 0.79842 0.75782 0.71616 0.67908 0.64149 0.60822 0.57634 0.54465 0.52012 0.49293 0.46693 0.4439 0.41845 0.39671 0.37246 0.34746 0.32466 0.30021 0.28183 0.26175 0.242 0.22565 0.20704 0.19389 0.17777 0.16243 0.14884 0.13481 0.12368 0.11054 0.10751 0.092661 0.090222 0.099291 0.12037 0.28996 0.50104 0.58195 0.58107 0.55038 0.51295 0.45794 0.42251 
116.5 1.3362 1.4685 1.5674 1.6041 1.6308 1.6609 1.6908 1.7186 1.7467 1.77 1.7747 1.7545 1.7202 1.6826 1.6442 1.6075 1.5739 1.5446 1.5192 1.4959 1.4813 1.4844 1.5024 1.5216 1.5336 1.5433 1.5508 1.5449 1.5305 1.5114 1.4799 1.4513 1.4264 1.3995 1.381 1.3615 1.3433 1.3334 1.322 1.3145 1.3104 1.3033 1.2981 1.291 1.283 1.2747 1.2631 1.2326 1.1921 1.1504 1.1088 1.0682 1.0224 0.97894 0.93239 0.88811 0.84275 0.79796 0.75707 0.7164 0.67883 0.6411 0.60854 0.57569 0.54419 0.51989 0.49182 0.46643 0.44353 0.41704 0.39629 0.37203 0.34585 0.3239 0.29921 0.28101 0.26136 0.24111 0.22478 0.20628 0.19407 0.17804 0.16293 0.1493 0.13562 0.12477 0.11114 0.10901 0.09454 0.092174 0.10171 0.12346 0.29418 0.50524 0.58475 0.58265 0.55079 0.51229 0.45653 0.42084 
117 1.3429 1.4734 1.5706 1.6062 1.6322 1.6619 1.6915 1.719 1.7468 1.7698 1.7741 1.7537 1.7196 1.6825 1.6448 1.6084 1.5751 1.5459 1.5202 1.4969 1.4824 1.4851 1.5021 1.5224 1.5363 1.5435 1.5486 1.5433 1.5291 1.5101 1.48 1.4514 1.4262 1.3999 1.381 1.3616 1.3436 1.3332 1.3218 1.3142 1.3097 1.3026 1.2971 1.29 1.2819 1.2732 1.2614 1.2305 1.1898 1.1484 1.1068 1.0663 1.0206 0.9775 0.93142 0.8872 0.84213 0.79766 0.75659 0.71634 0.67823 0.64084 0.60874 0.57521 0.54429 0.519 0.49089 0.46594 0.44219 0.41678 0.39528 0.37067 0.34561 0.3229 0.299 0.28054 0.26025 0.2411 0.22463 0.20587 0.19404 0.17847 0.16315 0.14991 0.13607 0.12562 0.11282 0.11002 0.0957 0.093994 0.10383 0.12572 0.2973 0.50859 0.58698 0.58384 0.55102 0.5121 0.45598 0.41979 
117.5 1.3496 1.4783 1.5739 1.6083 1.6337 1.663 1.6921 1.7194 1.747 1.7696 1.7736 1.7529 1.7189 1.6824 1.6453 1.6093 1.5763 1.5472 1.5213 1.4978 1.4835 1.4858 1.5018 1.5232 1.5389 1.5438 1.5463 1.5418 1.5277 1.5088 1.48 1.4514 1.4261 1.4002 1.3809 1.3616 1.344 1.333 1.3216 1.3139 1.309 1.3019 1.2961 1.289 1.2808 1.2717 1.2598 1.2283 1.1876 1.1463 1.1049 1.0644 1.0188 0.97606 0.93044 0.88629 0.84151 0.79736 0.7561 0.71628 0.67763 0.64059 0.60895 0.57472 0.54438 0.51812 0.48995 0.46545 0.44084 0.41651 0.39427 0.36931 0.34537 0.32189 0.29879 0.28008 0.25914 0.24109 0.22449 0.20545 0.194 0.17889 0.16338 0.15051 0.13651 0.12647 0.1145 0.11103 0.096861 0.095815 0.10596 0.12798 0.30043 0.51194 0.58922 0.58502 0.55124 0.51192 0.45542 0.41875 
118 1.3564 1.4833 1.5771 1.6104 1.6351 1.664 1.6928 1.7197 1.7471 1.7694 1.773 1.7521 1.7182 1.6822 1.6459 1.6103 1.5775 1.5485 1.5223 1.4988 1.4846 1.4866 1.5014 1.524 1.5415 1.544 1.5441 1.5402 1.5263 1.5075 1.48 1.4515 1.4259 1.4005 1.3808 1.3616 1.3443 1.3328 1.3214 1.3136 1.3084 1.3012 1.2951 1.2879 1.2797 1.2702 1.2581 1.2262 1.1853 1.1443 1.1029 1.0625 1.0171 0.97463 0.92946 0.88538 0.84089 0.79707 0.75562 0.71622 0.67702 0.64034 0.60916 0.57423 0.54448 0.51723 0.48902 0.46497 0.4395 0.41624 0.39326 0.36795 0.34513 0.32089 0.29859 0.27961 0.25802 0.24108 0.22434 0.20504 0.19397 0.17931 0.16361 0.15112 0.13696 0.12732 0.11618 0.11204 0.098021 0.097635 0.10808 0.13024 0.30356 0.5153 0.59145 0.58621 0.55146 0.51173 0.45487 0.4177 
118.5 1.3625 1.4879 1.5802 1.6126 1.6366 1.665 1.6933 1.72 1.7471 1.7691 1.7724 1.7514 1.7176 1.6822 1.6465 1.6112 1.5786 1.5497 1.5232 1.4997 1.4856 1.4873 1.5018 1.5253 1.5434 1.5438 1.5422 1.5387 1.5251 1.5063 1.4799 1.4515 1.4257 1.4009 1.3809 1.3617 1.3447 1.3326 1.3212 1.3134 1.3077 1.3005 1.2942 1.2869 1.2786 1.2688 1.2563 1.224 1.1831 1.1423 1.101 1.0606 1.0153 0.97319 0.92843 0.88445 0.84021 0.79671 0.75513 0.71603 0.67657 0.64014 0.60913 0.5739 0.5445 0.51639 0.48838 0.46438 0.4383 0.41581 0.39225 0.36687 0.34469 0.32004 0.29825 0.27903 0.2572 0.24092 0.22418 0.20487 0.19394 0.17968 0.16391 0.15172 0.13761 0.1282 0.11775 0.11308 0.099058 0.099409 0.11016 0.13247 0.30671 0.51871 0.59377 0.58756 0.55193 0.51175 0.4544 0.41674 
119 1.3667 1.4914 1.5832 1.615 1.6382 1.6658 1.6936 1.7198 1.7467 1.7686 1.7718 1.7508 1.7173 1.6823 1.6469 1.6119 1.5796 1.5506 1.5237 1.5002 1.4864 1.4883 1.5042 1.5279 1.543 1.5425 1.5415 1.5374 1.5242 1.5056 1.4792 1.4514 1.4255 1.4014 1.3813 1.3617 1.3449 1.3324 1.3209 1.3132 1.307 1.2998 1.2935 1.2859 1.2775 1.2676 1.2544 1.2217 1.1808 1.1401 1.0992 1.0588 1.0136 0.97173 0.9272 0.88347 0.83935 0.79617 0.75463 0.71542 0.6766 0.64009 0.60831 0.57407 0.54426 0.51572 0.48873 0.46349 0.43756 0.41481 0.39127 0.36669 0.34356 0.3197 0.29748 0.2781 0.25733 0.2403 0.22398 0.20548 0.19392 0.17986 0.16443 0.15231 0.13896 0.12914 0.11895 0.11423 0.099684 0.10103 0.11211 0.13458 0.30994 0.52229 0.5964 0.58947 0.55324 0.51241 0.45422 0.41606 
119.5 1.371 1.495 1.5861 1.6173 1.6398 1.6665 1.6938 1.7197 1.7463 1.7681 1.7712 1.7502 1.717 1.6824 1.6474 1.6127 1.5807 1.5514 1.5242 1.5007 1.4872 1.4893 1.5066 1.5305 1.5425 1.5412 1.5408 1.5361 1.5232 1.5048 1.4786 1.4513 1.4254 1.4018 1.3818 1.3617 1.3452 1.3322 1.3206 1.3131 1.3063 1.2991 1.2929 1.2849 1.2765 1.2664 1.2524 1.2194 1.1785 1.138 1.0974 1.057 1.0119 0.97027 0.92597 0.88248 0.83848 0.79563 0.75413 0.71481 0.67664 0.64005 0.6075 0.57425 0.54402 0.51505 0.48908 0.46259 0.43682 0.41382 0.39029 0.36651 0.34243 0.31936 0.29672 0.27716 0.25746 0.23968 0.22377 0.20609 0.1939 0.18005 0.16496 0.1529 0.14031 0.13008 0.12016 0.11538 0.10031 0.10264 0.11406 0.13669 0.31317 0.52587 0.59904 0.59138 0.55455 0.51308 0.45405 0.41538 
120 1.3752 1.4985 1.5891 1.6197 1.6413 1.6673 1.694 1.7196 1.746 1.7676 1.7706 1.7496 1.7166 1.6825 1.6478 1.6135 1.5817 1.5523 1.5247 1.5013 1.488 1.4903 1.509 1.5331 1.5421 1.5399 1.5402 1.5348 1.5223 1.504 1.4779 1.4511 1.4252 1.4022 1.3822 1.3617 1.3455 1.332 1.3203 1.313 1.3056 1.2984 1.2922 1.2839 1.2755 1.2652 1.2504 1.217 1.1763 1.1359 1.0956 1.0552 1.0102 0.96881 0.92474 0.8815 0.83761 0.79508 0.75363 0.7142 0.67667 0.64001 0.60668 0.57442 0.54377 0.51437 0.48944 0.46169 0.43607 0.41282 0.3893 0.36633 0.34131 0.31903 0.29595 0.27623 0.25759 0.23905 0.22357 0.20671 0.19389 0.18023 0.16549 0.15349 0.14167 0.13103 0.12136 0.11652 0.10093 0.10426 0.11601 0.1388 0.31641 0.52945 0.60167 0.59329 0.55586 0.51375 0.45388 0.4147 
120.5 1.3787 1.5013 1.5915 1.6217 1.6427 1.6682 1.6945 1.7196 1.7456 1.7669 1.7699 1.7491 1.7165 1.6826 1.6481 1.6141 1.5825 1.553 1.5255 1.5022 1.489 1.4914 1.5106 1.5347 1.542 1.5389 1.5393 1.5338 1.5214 1.5033 1.4774 1.4509 1.4251 1.4024 1.3825 1.3618 1.3456 1.3319 1.3201 1.3126 1.3051 1.2977 1.2913 1.283 1.2745 1.264 1.2486 1.2148 1.174 1.1337 1.0938 1.0534 1.0086 0.9674 0.92352 0.88049 0.83678 0.79445 0.75316 0.71371 0.67652 0.6399 0.60603 0.57425 0.54355 0.51382 0.48928 0.46111 0.43536 0.41213 0.38862 0.36572 0.34056 0.31853 0.29527 0.27563 0.25751 0.23863 0.22349 0.20731 0.19388 0.18046 0.16623 0.15401 0.14284 0.13216 0.12231 0.11768 0.10208 0.1059 0.11787 0.14089 0.31932 0.53248 0.60389 0.59495 0.55716 0.51441 0.45367 0.41413 
121 1.3813 1.5033 1.5931 1.6232 1.644 1.6692 1.6952 1.7199 1.7452 1.7659 1.769 1.7489 1.7167 1.6827 1.6482 1.6144 1.5828 1.5536 1.5265 1.5035 1.4904 1.4926 1.5113 1.535 1.5425 1.5385 1.5382 1.5331 1.5206 1.5025 1.4771 1.4507 1.4249 1.4022 1.3825 1.3619 1.3455 1.332 1.32 1.312 1.3047 1.2972 1.2902 1.2821 1.2736 1.2626 1.247 1.2127 1.1717 1.1317 1.0919 1.0517 1.007 0.96604 0.92231 0.87946 0.83598 0.79373 0.75273 0.71338 0.67614 0.63971 0.60556 0.57367 0.54335 0.51342 0.48851 0.46092 0.43467 0.41179 0.38828 0.3646 0.34026 0.31784 0.29471 0.27542 0.25718 0.23845 0.22356 0.20791 0.19388 0.18074 0.16723 0.15445 0.1438 0.13351 0.12296 0.11885 0.10384 0.10755 0.11963 0.14298 0.32187 0.53484 0.60562 0.5963 0.55844 0.51507 0.45343 0.41368 
121.5 1.3839 1.5052 1.5948 1.6248 1.6453 1.6702 1.696 1.7202 1.7448 1.765 1.7681 1.7486 1.7169 1.6828 1.6484 1.6147 1.5832 1.5541 1.5275 1.5049 1.4917 1.4939 1.512 1.5353 1.543 1.538 1.537 1.5325 1.5197 1.5017 1.4768 1.4505 1.4246 1.402 1.3826 1.3621 1.3454 1.3321 1.3199 1.3114 1.3043 1.2967 1.289 1.2812 1.2727 1.2613 1.2455 1.2105 1.1694 1.1296 1.09 1.0499 1.0054 0.96468 0.9211 0.87843 0.83518 0.793 0.7523 0.71304 0.67577 0.63952 0.6051 0.57309 0.54314 0.51301 0.48774 0.46072 0.43399 0.41144 0.38794 0.36348 0.33995 0.31716 0.29415 0.27521 0.25684 0.23828 0.22363 0.20851 0.19389 0.18102 0.16824 0.15489 0.14476 0.13486 0.12362 0.12001 0.10561 0.10921 0.1214 0.14506 0.32442 0.53721 0.60736 0.59765 0.55972 0.51573 0.45318 0.41323 
122 1.3865 1.5072 1.5964 1.6263 1.6465 1.6713 1.6968 1.7205 1.7444 1.764 1.7672 1.7484 1.7171 1.6829 1.6485 1.6151 1.5836 1.5547 1.5285 1.5062 1.4931 1.4951 1.5127 1.5357 1.5435 1.5375 1.5359 1.5318 1.5189 1.5009 1.4765 1.4502 1.4244 1.4018 1.3826 1.3623 1.3453 1.3322 1.3199 1.3108 1.3039 1.2962 1.2879 1.2804 1.2718 1.2599 1.2439 1.2084 1.1671 1.1275 1.0882 1.0482 1.0039 0.96333 0.91989 0.8774 0.83438 0.79228 0.75187 0.7127 0.67539 0.63933 0.60464 0.57251 0.54294 0.51261 0.48697 0.46052 0.4333 0.4111 0.38761 0.36236 0.33965 0.31647 0.29358 0.275 0.25651 0.2381 0.22371 0.2091 0.19389 0.18131 0.16924 0.15533 0.14573 0.13622 0.12427 0.12118 0.10737 0.11087 0.12316 0.14714 0.32696 0.53958 0.60909 0.599 0.56101 0.51638 0.45294 0.41279 
122.5 1.3891 1.5092 1.5981 1.6277 1.6478 1.6723 1.6975 1.7207 1.7439 1.7632 1.7664 1.748 1.7171 1.683 1.6486 1.6154 1.5841 1.5554 1.5295 1.5074 1.4944 1.4963 1.513 1.5354 1.5439 1.5374 1.5352 1.5312 1.5182 1.5003 1.4761 1.4499 1.4243 1.4017 1.3826 1.3624 1.3453 1.332 1.3197 1.3106 1.3033 1.2955 1.2872 1.2795 1.2708 1.2589 1.2422 1.206 1.165 1.1255 1.0862 1.0464 1.0022 0.96191 0.91866 0.87628 0.83354 0.79152 0.75134 0.71222 0.67485 0.63892 0.60432 0.57215 0.54244 0.51238 0.48635 0.45985 0.433 0.41054 0.38717 0.36183 0.33921 0.3162 0.29328 0.2748 0.25634 0.23819 0.22386 0.20937 0.19428 0.18176 0.16966 0.15646 0.14678 0.13722 0.12567 0.1223 0.1088 0.11248 0.12488 0.14904 0.32931 0.54177 0.61055 0.59998 0.56175 0.51672 0.45262 0.41217 
123 1.3917 1.5112 1.5997 1.6291 1.649 1.6733 1.6981 1.7209 1.7435 1.7625 1.7658 1.7476 1.717 1.6831 1.6488 1.6158 1.5847 1.5563 1.5304 1.5084 1.4958 1.4975 1.5129 1.535 1.5443 1.5375 1.5345 1.5307 1.5176 1.4997 1.4756 1.4496 1.4241 1.4017 1.3826 1.3625 1.3454 1.3316 1.3195 1.3106 1.3026 1.2948 1.2867 1.2785 1.2698 1.2581 1.2404 1.2035 1.163 1.1236 1.0842 1.0447 1.0005 0.96046 0.91742 0.87511 0.83268 0.79074 0.75076 0.71167 0.67424 0.63842 0.60407 0.57189 0.54181 0.51224 0.48579 0.45895 0.43289 0.40988 0.38668 0.36156 0.33871 0.31611 0.29309 0.27461 0.25624 0.23841 0.22405 0.20948 0.19485 0.18229 0.16982 0.15793 0.14789 0.13807 0.12741 0.12339 0.11007 0.11407 0.12657 0.15087 0.33157 0.54389 0.61189 0.60079 0.56225 0.51691 0.45228 0.41147 
123.5 1.3942 1.5132 1.6013 1.6305 1.6502 1.6743 1.6988 1.721 1.7431 1.7617 1.7652 1.7473 1.7169 1.6832 1.6489 1.6161 1.5854 1.5571 1.5313 1.5095 1.4972 1.4987 1.5129 1.5346 1.5447 1.5375 1.5339 1.5301 1.517 1.4991 1.4752 1.4493 1.424 1.4017 1.3826 1.3625 1.3455 1.3312 1.3193 1.3106 1.302 1.2941 1.2862 1.2776 1.2688 1.2573 1.2387 1.2011 1.161 1.1217 1.0822 1.043 0.99884 0.95901 0.91617 0.87394 0.83181 0.78997 0.75018 0.71112 0.67362 0.63791 0.60381 0.57163 0.54118 0.5121 0.48524 0.45806 0.43277 0.40922 0.3862 0.3613 0.33821 0.31602 0.2929 0.27442 0.25615 0.23863 0.22424 0.2096 0.19542 0.18283 0.16999 0.15939 0.14899 0.13892 0.12915 0.12449 0.11134 0.11566 0.12827 0.15269 0.33383 0.546 0.61323 0.6016 0.56275 0.5171 0.45193 0.41077 
124 1.3968 1.5153 1.603 1.6319 1.6515 1.6754 1.6994 1.7211 1.7427 1.761 1.7646 1.7469 1.7168 1.6833 1.6491 1.6165 1.586 1.558 1.5322 1.5105 1.4986 1.4999 1.5129 1.5341 1.5451 1.5376 1.5333 1.5295 1.5164 1.4985 1.4748 1.449 1.4239 1.4017 1.3825 1.3626 1.3456 1.3308 1.3191 1.3106 1.3013 1.2933 1.2857 1.2767 1.2678 1.2565 1.2369 1.1986 1.159 1.1197 1.0802 1.0412 0.99714 0.95756 0.91492 0.87276 0.83095 0.78919 0.7496 0.71058 0.67301 0.6374 0.60356 0.57136 0.54054 0.51196 0.48468 0.45717 0.43266 0.40856 0.38571 0.36104 0.33771 0.31593 0.2927 0.27423 0.25605 0.23885 0.22442 0.20971 0.19599 0.18336 0.17015 0.16085 0.15009 0.13977 0.1309 0.12558 0.11261 0.11725 0.12996 0.15451 0.33609 0.54811 0.61456 0.60241 0.56326 0.51729 0.45158 0.41007 
124.5 1.3993 1.5172 1.6045 1.6334 1.6527 1.6763 1.7 1.7213 1.7424 1.7603 1.7638 1.7464 1.7165 1.6833 1.6494 1.6168 1.5866 1.5588 1.533 1.5115 1.4997 1.5008 1.513 1.5333 1.5448 1.5383 1.5333 1.5286 1.5156 1.4978 1.4744 1.4489 1.4237 1.4018 1.3825 1.3626 1.3457 1.3306 1.319 1.3103 1.3008 1.2929 1.2848 1.2759 1.2667 1.2562 1.235 1.1963 1.1573 1.1177 1.0781 1.039 0.99597 0.95584 0.91358 0.87138 0.82989 0.7881 0.74852 0.71006 0.67275 0.63733 0.60317 0.57103 0.54029 0.51154 0.48416 0.45681 0.43216 0.408 0.38506 0.36075 0.33728 0.31552 0.29279 0.27402 0.25632 0.23916 0.22455 0.21004 0.19628 0.18383 0.17099 0.16132 0.15099 0.14062 0.13171 0.12681 0.11372 0.11929 0.1327 0.15706 0.33368 0.5459 0.61694 0.60438 0.5646 0.5183 0.45217 0.4103 
125 1.4019 1.5192 1.6061 1.6348 1.6539 1.6772 1.7006 1.7214 1.742 1.7595 1.7631 1.7459 1.7162 1.6833 1.6497 1.6172 1.5872 1.5596 1.5339 1.5126 1.5009 1.5017 1.513 1.5324 1.5444 1.5391 1.5333 1.5277 1.5148 1.4972 1.4741 1.4488 1.4235 1.4018 1.3824 1.3626 1.3458 1.3304 1.3189 1.31 1.3003 1.2925 1.2838 1.275 1.2655 1.2559 1.233 1.1942 1.1556 1.1157 1.0761 1.0367 0.99484 0.9541 0.91222 0.86997 0.82881 0.78698 0.7474 0.70954 0.67253 0.6373 0.60276 0.57069 0.54008 0.51111 0.48365 0.4565 0.43162 0.40746 0.3844 0.36046 0.33685 0.31507 0.29291 0.27381 0.25661 0.23948 0.22468 0.21038 0.19654 0.18429 0.17189 0.1617 0.15186 0.14147 0.13245 0.12804 0.11481 0.12138 0.13553 0.15968 0.33083 0.54327 0.61941 0.60646 0.56603 0.51939 0.45285 0.41062 
125.5 1.4045 1.5212 1.6077 1.6362 1.6551 1.6782 1.7012 1.7216 1.7416 1.7588 1.7624 1.7455 1.7159 1.6833 1.6499 1.6175 1.5878 1.5604 1.5347 1.5136 1.502 1.5026 1.5131 1.5315 1.5441 1.5399 1.5333 1.5268 1.5141 1.4965 1.4737 1.4487 1.4234 1.4019 1.3823 1.3625 1.3458 1.3301 1.3187 1.3097 1.2998 1.2921 1.2828 1.2742 1.2644 1.2556 1.2311 1.192 1.154 1.1137 1.074 1.0343 0.99371 0.95237 0.91086 0.86856 0.82773 0.78586 0.74628 0.70902 0.67231 0.63727 0.60235 0.57035 0.53986 0.51067 0.48313 0.45619 0.43108 0.40691 0.38373 0.36017 0.33642 0.31463 0.29303 0.2736 0.25691 0.23979 0.2248 0.21073 0.1968 0.18475 0.17279 0.16208 0.15274 0.14233 0.13318 0.12928 0.1159 0.12347 0.13837 0.16229 0.32798 0.54064 0.62188 0.60854 0.56746 0.52048 0.45354 0.41094 
126 1.4071 1.5232 1.6093 1.6376 1.6563 1.6791 1.7018 1.7217 1.7413 1.7581 1.7616 1.745 1.7157 1.6834 1.6502 1.6179 1.5884 1.5611 1.5355 1.5147 1.5031 1.5035 1.5133 1.5308 1.5438 1.5404 1.5333 1.5259 1.5133 1.4958 1.4733 1.4485 1.4232 1.402 1.3822 1.3625 1.3459 1.3299 1.3186 1.3094 1.2993 1.2916 1.2819 1.2734 1.2633 1.2551 1.2292 1.1898 1.1523 1.1117 1.072 1.0321 0.9925 0.95063 0.90946 0.86716 0.82662 0.78475 0.74521 0.70849 0.67204 0.63716 0.60195 0.57001 0.53961 0.51024 0.48264 0.45585 0.43057 0.4064 0.38314 0.35989 0.336 0.31423 0.29311 0.27342 0.25714 0.24008 0.22496 0.21108 0.19712 0.18525 0.17365 0.16257 0.15363 0.14323 0.13403 0.13053 0.11708 0.12558 0.14117 0.16474 0.3243 0.5373 0.62466 0.61128 0.56951 0.52206 0.45462 0.41166 
126.5 1.4098 1.5252 1.6108 1.6389 1.6575 1.6801 1.7024 1.7219 1.7408 1.7571 1.7608 1.7445 1.7155 1.6834 1.6507 1.6184 1.5888 1.5615 1.5363 1.5157 1.504 1.5041 1.5141 1.5318 1.5437 1.5391 1.5324 1.5257 1.5128 1.495 1.4724 1.4479 1.4232 1.402 1.3822 1.3625 1.346 1.3299 1.3183 1.3091 1.2988 1.2909 1.2812 1.2725 1.262 1.2537 1.2276 1.188 1.1504 1.1097 1.07 1.0302 0.99073 0.9489 0.90782 0.86578 0.82532 0.7837 0.74451 0.70789 0.67148 0.63661 0.60155 0.56959 0.53912 0.50992 0.48228 0.45535 0.43026 0.40606 0.38299 0.35973 0.33565 0.3141 0.29296 0.27344 0.257 0.24018 0.22538 0.21141 0.19777 0.18598 0.17421 0.16372 0.1546 0.14442 0.13567 0.13187 0.11885 0.1278 0.14374 0.16611 0.31546 0.52961 0.62934 0.61809 0.57537 0.52663 0.45818 0.41482 
127 1.4125 1.5273 1.6124 1.6401 1.6586 1.6811 1.7031 1.722 1.7402 1.7562 1.76 1.744 1.7153 1.6835 1.6511 1.6189 1.5891 1.5619 1.5371 1.5168 1.5048 1.5047 1.5149 1.5327 1.5436 1.5378 1.5316 1.5255 1.5122 1.4942 1.4715 1.4473 1.4231 1.402 1.3823 1.3625 1.3461 1.3299 1.318 1.3087 1.2983 1.2901 1.2805 1.2716 1.2607 1.2523 1.2261 1.1861 1.1484 1.1078 1.0681 1.0284 0.98896 0.94717 0.90618 0.8644 0.82401 0.78265 0.74381 0.70729 0.67092 0.63606 0.60116 0.56918 0.53864 0.5096 0.48192 0.45485 0.42994 0.40572 0.38284 0.35956 0.3353 0.31398 0.29282 0.27345 0.25686 0.24028 0.22579 0.21175 0.19842 0.18672 0.17477 0.16487 0.15556 0.14561 0.13731 0.13321 0.12062 0.13002 0.14632 0.16748 0.30662 0.52191 0.63403 0.6249 0.58123 0.53121 0.46175 0.41798 
127.5 1.4152 1.5293 1.6139 1.6414 1.6598 1.6821 1.7037 1.7221 1.7397 1.7553 1.7592 1.7435 1.7151 1.6835 1.6515 1.6195 1.5895 1.5622 1.5378 1.5179 1.5057 1.5053 1.5157 1.5336 1.5435 1.5365 1.5308 1.5253 1.5117 1.4934 1.4706 1.4468 1.423 1.402 1.3823 1.3625 1.3462 1.3299 1.3177 1.3083 1.2977 1.2893 1.2798 1.2707 1.2594 1.2509 1.2245 1.1843 1.1465 1.1058 1.0662 1.0265 0.9872 0.94544 0.90454 0.86302 0.8227 0.78159 0.74312 0.70669 0.67036 0.63551 0.60076 0.56877 0.53816 0.50928 0.48156 0.45435 0.42963 0.40539 0.38269 0.3594 0.33495 0.31385 0.29268 0.27347 0.25671 0.24037 0.2262 0.21209 0.19907 0.18745 0.17533 0.16602 0.15653 0.1468 0.13894 0.13455 0.12239 0.13224 0.14889 0.16885 0.29778 0.51422 0.63871 0.63171 0.5871 0.53579 0.46531 0.42115 
128 1.4179 1.5314 1.6155 1.6428 1.6609 1.6831 1.7044 1.7223 1.7393 1.7545 1.7585 1.7432 1.715 1.6835 1.6515 1.6196 1.5898 1.5627 1.5386 1.5189 1.5066 1.5062 1.5168 1.5348 1.5432 1.5353 1.5298 1.5245 1.5108 1.4926 1.47 1.4464 1.4229 1.402 1.3824 1.3626 1.3462 1.3299 1.3175 1.308 1.2973 1.2887 1.2791 1.2698 1.2582 1.2494 1.2227 1.1823 1.1445 1.1039 1.0643 1.0247 0.98546 0.94383 0.90305 0.86176 0.82158 0.78069 0.74249 0.7061 0.6697 0.63487 0.60016 0.56822 0.53768 0.5089 0.48124 0.45392 0.42932 0.40509 0.38247 0.35919 0.33481 0.31382 0.29268 0.27367 0.25667 0.2405 0.22653 0.21263 0.20007 0.18862 0.17644 0.1669 0.15727 0.14779 0.14012 0.1358 0.12384 0.13408 0.1509 0.16986 0.29227 0.50889 0.64145 0.63683 0.59179 0.53936 0.46789 0.42335 
128.5 1.4204 1.5334 1.6171 1.6442 1.6621 1.6841 1.7051 1.7226 1.7392 1.7539 1.7579 1.7431 1.715 1.6832 1.6508 1.6192 1.5901 1.5634 1.5395 1.5199 1.5077 1.5073 1.5186 1.5362 1.5426 1.5342 1.5286 1.5226 1.5095 1.492 1.4697 1.4463 1.4227 1.4019 1.3826 1.3627 1.3461 1.33 1.3174 1.3077 1.2971 1.2883 1.2785 1.269 1.257 1.2476 1.2204 1.18 1.1425 1.102 1.0624 1.0229 0.98377 0.94241 0.90182 0.86069 0.82078 0.78004 0.742 0.70551 0.66889 0.63409 0.5992 0.56745 0.5372 0.50843 0.48098 0.45361 0.42901 0.40488 0.38212 0.3589 0.33503 0.31397 0.29295 0.27418 0.25678 0.24067 0.22672 0.21352 0.20168 0.19055 0.17851 0.16729 0.15762 0.14841 0.14049 0.13691 0.12474 0.13529 0.15193 0.17025 0.29254 0.50765 0.64084 0.63903 0.59446 0.54116 0.46878 0.42389 
129 1.423 1.5354 1.6187 1.6455 1.6633 1.685 1.7058 1.7229 1.739 1.7534 1.7574 1.743 1.7151 1.683 1.6501 1.6188 1.5904 1.5641 1.5404 1.5209 1.5088 1.5084 1.5204 1.5376 1.5421 1.5331 1.5274 1.5208 1.5081 1.4913 1.4693 1.4462 1.4224 1.4017 1.3828 1.3628 1.3461 1.3301 1.3173 1.3075 1.2969 1.288 1.2779 1.2682 1.2559 1.2457 1.2181 1.1777 1.1404 1.1001 1.0606 1.0212 0.98207 0.941 0.90059 0.85962 0.81999 0.77939 0.74151 0.70493 0.66808 0.63331 0.59825 0.56669 0.53673 0.50795 0.48072 0.45331 0.42871 0.40466 0.38178 0.3586 0.33525 0.31411 0.29321 0.27469 0.2569 0.24084 0.2269 0.2144 0.20329 0.19247 0.18059 0.16769 0.15796 0.14903 0.14087 0.13801 0.12565 0.13649 0.15296 0.17063 0.29281 0.50642 0.64023 0.64123 0.59713 0.54297 0.46966 0.42443 
129.5 1.4255 1.5374 1.6204 1.6469 1.6644 1.686 1.7065 1.7232 1.7388 1.7528 1.7569 1.7429 1.7152 1.6828 1.6494 1.6183 1.5906 1.5648 1.5413 1.5219 1.5099 1.5096 1.5221 1.539 1.5415 1.532 1.5262 1.5189 1.5068 1.4907 1.469 1.4461 1.4222 1.4016 1.3831 1.3628 1.3461 1.3302 1.3172 1.3072 1.2967 1.2876 1.2774 1.2674 1.2547 1.2439 1.2159 1.1755 1.1384 1.0982 1.0588 1.0195 0.98038 0.93958 0.89937 0.85856 0.81919 0.77873 0.74102 0.70435 0.66726 0.63253 0.59729 0.56592 0.53626 0.50748 0.48046 0.453 0.42841 0.40445 0.38143 0.35831 0.33547 0.31426 0.29348 0.2752 0.25702 0.24102 0.22708 0.21529 0.2049 0.1944 0.18266 0.16808 0.1583 0.14965 0.14124 0.13912 0.12655 0.13769 0.15399 0.17102 0.29308 0.50518 0.63961 0.64343 0.5998 0.54478 0.47055 0.42497 
130 1.4272 1.5388 1.6216 1.648 1.6654 1.6868 1.707 1.7232 1.7385 1.7521 1.7562 1.7424 1.7152 1.6834 1.6503 1.6188 1.5905 1.5646 1.5416 1.5226 1.5108 1.5104 1.5228 1.5393 1.5414 1.5317 1.526 1.5186 1.5059 1.4894 1.4679 1.4457 1.4221 1.4016 1.3831 1.3629 1.346 1.3301 1.3169 1.3067 1.2962 1.2869 1.2766 1.2665 1.2535 1.2424 1.2141 1.1736 1.1366 1.0964 1.0571 1.0178 0.9787 0.93806 0.89803 0.85734 0.8181 0.77787 0.74023 0.70363 0.66662 0.63191 0.59677 0.5655 0.53594 0.50717 0.48014 0.45262 0.42807 0.40424 0.38125 0.35817 0.33564 0.31432 0.29372 0.27551 0.25736 0.2416 0.22755 0.21573 0.20556 0.19498 0.18354 0.16918 0.15939 0.15091 0.14233 0.14015 0.12729 0.13912 0.15598 0.17292 0.29538 0.50663 0.63967 0.64351 0.60041 0.54557 0.47122 0.42557 
130.5 1.4282 1.5398 1.6225 1.6489 1.6663 1.6875 1.7072 1.7231 1.738 1.7514 1.7552 1.7416 1.7152 1.6846 1.6523 1.6199 1.5901 1.5638 1.5415 1.5233 1.5116 1.5111 1.5228 1.539 1.5414 1.5318 1.5266 1.5194 1.5053 1.4875 1.4663 1.4449 1.4221 1.4017 1.3829 1.3628 1.346 1.3299 1.3164 1.3061 1.2953 1.286 1.2757 1.2654 1.2522 1.2411 1.2127 1.1721 1.1351 1.0948 1.0555 1.0161 0.97702 0.93646 0.89663 0.85602 0.81682 0.77685 0.73923 0.70283 0.6661 0.63139 0.59653 0.56532 0.53572 0.50699 0.47978 0.4522 0.42771 0.40404 0.38117 0.35812 0.33578 0.31434 0.29394 0.27567 0.25786 0.24245 0.22822 0.21585 0.20558 0.19465 0.18361 0.17075 0.16099 0.15262 0.14392 0.14112 0.12792 0.1407 0.15863 0.17586 0.29906 0.50992 0.64018 0.64216 0.59962 0.54568 0.47174 0.42621 
131 1.4293 1.5408 1.6234 1.6498 1.6672 1.6882 1.7075 1.7229 1.7376 1.7508 1.7543 1.7407 1.7151 1.6858 1.6543 1.621 1.5897 1.563 1.5414 1.5239 1.5125 1.5117 1.5227 1.5386 1.5415 1.532 1.5272 1.5202 1.5047 1.4857 1.4646 1.4441 1.4221 1.4017 1.3827 1.3628 1.346 1.3297 1.316 1.3055 1.2945 1.2852 1.2749 1.2643 1.251 1.2398 1.2113 1.1706 1.1335 1.0931 1.0538 1.0145 0.97535 0.93486 0.89522 0.8547 0.81554 0.77584 0.73823 0.70202 0.66557 0.63087 0.5963 0.56514 0.5355 0.5068 0.47942 0.45177 0.42735 0.40384 0.38109 0.35808 0.33592 0.31435 0.29416 0.27583 0.25837 0.24331 0.2289 0.21598 0.2056 0.19432 0.18368 0.17232 0.16259 0.15432 0.1455 0.1421 0.12854 0.14228 0.16127 0.17881 0.30274 0.51321 0.64069 0.64081 0.59882 0.54578 0.47226 0.42684 
131.5 1.4303 1.5418 1.6243 1.6507 1.6681 1.6888 1.7077 1.7228 1.7372 1.7501 1.7534 1.7399 1.7151 1.6871 1.6563 1.6221 1.5893 1.5622 1.5413 1.5246 1.5133 1.5123 1.5227 1.5382 1.5415 1.5322 1.5278 1.5209 1.5041 1.4838 1.4629 1.4433 1.4221 1.4018 1.3826 1.3628 1.346 1.3295 1.3156 1.3049 1.2937 1.2843 1.274 1.2633 1.2497 1.2385 1.2098 1.1692 1.132 1.0915 1.0522 1.0128 0.97367 0.93327 0.89382 0.85338 0.81426 0.77482 0.73723 0.70122 0.66505 0.63035 0.59607 0.56496 0.53529 0.50662 0.47905 0.45135 0.42699 0.40365 0.38101 0.35803 0.33606 0.31437 0.29438 0.27599 0.25887 0.24416 0.22957 0.21611 0.20563 0.19398 0.18375 0.17389 0.16418 0.15602 0.14708 0.14307 0.12917 0.14387 0.16392 0.18175 0.30642 0.5165 0.6412 0.63946 0.59803 0.54589 0.47278 0.42748 
132 1.4305 1.5422 1.6253 1.652 1.6689 1.6891 1.7078 1.7227 1.7368 1.7496 1.7529 1.7394 1.7146 1.6867 1.6562 1.6226 1.5902 1.5632 1.5419 1.5251 1.514 1.5128 1.5224 1.5376 1.5415 1.5321 1.5271 1.5202 1.5037 1.4838 1.4627 1.443 1.4219 1.4015 1.3824 1.3627 1.3459 1.3293 1.3151 1.3042 1.2929 1.2835 1.273 1.2621 1.2488 1.238 1.2094 1.1679 1.1296 1.0889 1.0503 1.0112 0.97209 0.93167 0.89234 0.85214 0.81318 0.77384 0.73631 0.70042 0.66435 0.62978 0.59566 0.56453 0.53492 0.50633 0.47876 0.45121 0.42684 0.40343 0.38093 0.35797 0.33618 0.31454 0.29454 0.27624 0.25932 0.24465 0.23028 0.2168 0.20613 0.1946 0.18441 0.17474 0.16507 0.15697 0.14793 0.14359 0.12954 0.14545 0.16655 0.1844 0.3091 0.51742 0.63997 0.63809 0.59756 0.54644 0.47418 0.42925 
132.5 1.4305 1.5424 1.6263 1.6533 1.6697 1.6893 1.7078 1.7227 1.7365 1.7491 1.7524 1.739 1.7141 1.686 1.6556 1.6229 1.5915 1.5645 1.5428 1.5256 1.5145 1.5133 1.5221 1.5369 1.5414 1.532 1.5262 1.5191 1.5034 1.484 1.4628 1.4427 1.4215 1.4011 1.3821 1.3625 1.3457 1.329 1.3147 1.3034 1.2921 1.2827 1.2719 1.261 1.2479 1.2376 1.2092 1.1666 1.127 1.0862 1.0483 1.0096 0.97054 0.93007 0.89086 0.85091 0.81214 0.77287 0.7354 0.69963 0.66362 0.6292 0.59521 0.56404 0.53452 0.50601 0.47849 0.45112 0.42674 0.40322 0.38084 0.35792 0.3363 0.31474 0.2947 0.27652 0.25976 0.24505 0.231 0.21761 0.20674 0.19543 0.18519 0.17544 0.16581 0.15775 0.14862 0.144 0.12986 0.14703 0.16918 0.18699 0.31158 0.51783 0.63836 0.63673 0.59717 0.5471 0.47577 0.43127 
133 1.4305 1.5426 1.6272 1.6546 1.6705 1.6896 1.7079 1.7226 1.7362 1.7487 1.7519 1.7385 1.7135 1.6854 1.6551 1.6232 1.5927 1.5659 1.5436 1.5261 1.5151 1.5138 1.5218 1.5362 1.5413 1.5319 1.5253 1.518 1.503 1.4843 1.4628 1.4424 1.4212 1.4007 1.3819 1.3624 1.3456 1.3288 1.3143 1.3027 1.2913 1.2819 1.2709 1.2598 1.247 1.2372 1.209 1.1654 1.1244 1.0835 1.0463 1.0081 0.96898 0.92848 0.88937 0.84969 0.81109 0.7719 0.7345 0.69884 0.66289 0.62863 0.59476 0.56355 0.53411 0.5057 0.47822 0.45104 0.42664 0.403 0.38076 0.35786 0.33642 0.31494 0.29485 0.27679 0.2602 0.24546 0.23171 0.21843 0.20735 0.19626 0.18597 0.17613 0.16655 0.15854 0.1493 0.14442 0.13018 0.14862 0.17181 0.18958 0.31405 0.51824 0.63675 0.63536 0.59677 0.54775 0.47736 0.43329 
133.5 1.4307 1.5429 1.6282 1.6559 1.6713 1.6898 1.7079 1.7225 1.7359 1.7482 1.7515 1.738 1.713 1.6846 1.6545 1.6234 1.594 1.5673 1.5444 1.5266 1.5157 1.5142 1.5215 1.5355 1.5412 1.5319 1.5244 1.5169 1.5026 1.4846 1.4629 1.4421 1.4208 1.4004 1.3817 1.3623 1.3454 1.3286 1.3139 1.302 1.2905 1.2811 1.2698 1.2587 1.2461 1.2367 1.2086 1.1641 1.1219 1.0809 1.0443 1.0065 0.96741 0.92689 0.88789 0.84846 0.81005 0.77092 0.73359 0.69805 0.66217 0.62805 0.59431 0.56307 0.53371 0.50538 0.47795 0.45095 0.42653 0.40279 0.38067 0.35781 0.33654 0.31513 0.29502 0.27707 0.26064 0.24587 0.23242 0.21923 0.20797 0.19708 0.18674 0.17682 0.16729 0.15932 0.14999 0.14484 0.13051 0.15023 0.17448 0.19221 0.31652 0.51862 0.6351 0.63394 0.59629 0.54835 0.47894 0.43531 
134 1.434 1.5451 1.629 1.6561 1.6717 1.6904 1.7083 1.7226 1.7357 1.7479 1.751 1.7376 1.7125 1.6833 1.6527 1.6229 1.5954 1.5693 1.5456 1.5272 1.5162 1.5146 1.5216 1.5353 1.5409 1.5316 1.5239 1.5163 1.502 1.4839 1.4624 1.4419 1.4208 1.4003 1.3815 1.362 1.345 1.3281 1.3134 1.3015 1.2899 1.2803 1.2689 1.2579 1.2448 1.2339 1.2053 1.1621 1.1217 1.0809 1.0434 1.0048 0.96563 0.92539 0.88654 0.84721 0.80889 0.76986 0.73266 0.69724 0.66155 0.6275 0.59377 0.56261 0.53331 0.50503 0.47768 0.45074 0.42641 0.40272 0.38066 0.35785 0.33654 0.31515 0.29534 0.27755 0.26115 0.2464 0.23297 0.2199 0.20863 0.19776 0.18736 0.17749 0.16805 0.16004 0.15067 0.14539 0.13106 0.15239 0.178 0.19553 0.31907 0.51838 0.63249 0.63138 0.59439 0.54792 0.48032 0.43736 
134.5 1.4373 1.5474 1.6299 1.6563 1.6721 1.691 1.7087 1.7226 1.7356 1.7476 1.7506 1.7372 1.7119 1.682 1.6509 1.6224 1.5968 1.5712 1.5468 1.5277 1.5166 1.5151 1.5217 1.535 1.5406 1.5314 1.5235 1.5158 1.5013 1.4832 1.462 1.4416 1.4208 1.4003 1.3813 1.3616 1.3445 1.3276 1.313 1.3011 1.2893 1.2794 1.268 1.2571 1.2435 1.2312 1.2019 1.1602 1.1214 1.0809 1.0425 1.0032 0.96385 0.92389 0.88518 0.84595 0.80773 0.76881 0.73174 0.69644 0.66094 0.62696 0.59324 0.56214 0.53291 0.50467 0.47742 0.45053 0.42629 0.40266 0.38064 0.35789 0.33654 0.31517 0.29566 0.27803 0.26165 0.24692 0.23352 0.22056 0.2093 0.19844 0.18798 0.17815 0.16881 0.16075 0.15136 0.14594 0.13162 0.15455 0.18153 0.19886 0.32162 0.51815 0.62989 0.62882 0.59248 0.5475 0.4817 0.43942 
135 1.4405 1.5496 1.6308 1.6564 1.6725 1.6916 1.709 1.7227 1.7354 1.7473 1.7502 1.7368 1.7114 1.6807 1.6492 1.6219 1.5983 1.5732 1.5479 1.5282 1.5171 1.5155 1.5218 1.5347 1.5404 1.5312 1.5231 1.5153 1.5006 1.4825 1.4615 1.4414 1.4207 1.4003 1.381 1.3613 1.3441 1.3271 1.3126 1.3007 1.2887 1.2786 1.2671 1.2563 1.2422 1.2284 1.1986 1.1582 1.1211 1.0809 1.0416 1.0016 0.96207 0.92239 0.88383 0.8447 0.80657 0.76775 0.73081 0.69564 0.66033 0.62641 0.5927 0.56168 0.53251 0.50432 0.47715 0.45032 0.42617 0.4026 0.38063 0.35792 0.33653 0.31519 0.29598 0.27851 0.26216 0.24745 0.23408 0.22123 0.20996 0.19912 0.1886 0.17881 0.16957 0.16147 0.15204 0.14648 0.13218 0.15672 0.18505 0.20218 0.32416 0.51791 0.62728 0.62627 0.59057 0.54707 0.48308 0.44147 
135.5 1.4435 1.5517 1.6317 1.6567 1.6729 1.6922 1.7093 1.7227 1.7351 1.7469 1.7496 1.7363 1.7109 1.6799 1.6482 1.6217 1.5992 1.5746 1.5488 1.5287 1.5176 1.5159 1.5219 1.5345 1.54 1.5308 1.5226 1.5146 1.4999 1.4819 1.4612 1.4411 1.4206 1.4002 1.3808 1.361 1.3436 1.3266 1.3122 1.3002 1.2881 1.2778 1.2662 1.2554 1.241 1.2263 1.196 1.1563 1.1203 1.0802 1.0404 0.99997 0.9604 0.92091 0.88245 0.84342 0.80538 0.7667 0.72987 0.69482 0.65969 0.62582 0.59216 0.56123 0.53212 0.50394 0.47687 0.45014 0.42606 0.40255 0.38062 0.35797 0.33661 0.31529 0.29633 0.27899 0.26265 0.24798 0.23465 0.22189 0.21059 0.19976 0.18924 0.1795 0.1703 0.16211 0.15266 0.14701 0.13286 0.15916 0.18904 0.20579 0.32599 0.51619 0.62401 0.62448 0.59017 0.54825 0.48592 0.44494 
136 1.4458 1.5533 1.6326 1.6574 1.6735 1.6926 1.7095 1.7226 1.7348 1.7463 1.7488 1.7354 1.7104 1.6803 1.6494 1.6223 1.5988 1.5741 1.5489 1.5293 1.5183 1.5165 1.5223 1.5345 1.5394 1.5299 1.5218 1.5137 1.4993 1.4817 1.4611 1.441 1.4203 1.3999 1.3806 1.3606 1.3431 1.3262 1.3118 1.2999 1.2876 1.277 1.2654 1.2543 1.24 1.2255 1.1951 1.1549 1.1179 1.0778 1.0386 0.9985 0.95905 0.91948 0.88104 0.84209 0.80412 0.76565 0.72892 0.69396 0.65898 0.62516 0.59161 0.56081 0.53175 0.50349 0.47654 0.45005 0.42596 0.40257 0.38063 0.35805 0.33689 0.31559 0.29676 0.27946 0.2631 0.24853 0.23527 0.22255 0.21111 0.20026 0.18992 0.18029 0.17095 0.16258 0.15309 0.14749 0.13388 0.16235 0.19423 0.21016 0.32593 0.51058 0.619 0.6247 0.59372 0.55361 0.49261 0.45208 
136.5 1.448 1.555 1.6336 1.658 1.674 1.693 1.7097 1.7226 1.7345 1.7457 1.7481 1.7345 1.7099 1.6808 1.6505 1.6229 1.5985 1.5737 1.5491 1.5299 1.519 1.517 1.5226 1.5345 1.5388 1.5291 1.521 1.5127 1.4986 1.4815 1.461 1.4409 1.42 1.3996 1.3804 1.3601 1.3425 1.3257 1.3114 1.2995 1.287 1.2763 1.2646 1.2533 1.2391 1.2248 1.1943 1.1534 1.1156 1.0755 1.0368 0.99703 0.95769 0.91805 0.87962 0.84077 0.80286 0.76461 0.72797 0.6931 0.65827 0.6245 0.59106 0.56038 0.53138 0.50304 0.4762 0.44996 0.42586 0.40258 0.38064 0.35812 0.33716 0.3159 0.29719 0.27993 0.26355 0.24907 0.23589 0.2232 0.21164 0.20075 0.1906 0.18108 0.1716 0.16305 0.15353 0.14796 0.1349 0.16553 0.19942 0.21452 0.32587 0.50497 0.61399 0.62492 0.59727 0.55897 0.49929 0.45923 
137 1.4503 1.5566 1.6345 1.6586 1.6746 1.6935 1.7099 1.7225 1.7342 1.7451 1.7473 1.7337 1.7094 1.6813 1.6517 1.6235 1.5981 1.5733 1.5492 1.5304 1.5197 1.5176 1.523 1.5345 1.5382 1.5283 1.5202 1.5118 1.4979 1.4813 1.4609 1.4408 1.4197 1.3992 1.3802 1.3597 1.3419 1.3253 1.311 1.2991 1.2865 1.2756 1.2637 1.2522 1.2381 1.2241 1.1934 1.152 1.1133 1.0731 1.0349 0.99556 0.95633 0.91662 0.8782 0.83944 0.8016 0.76357 0.72702 0.69224 0.65757 0.62384 0.59051 0.55995 0.53101 0.50259 0.47587 0.44987 0.42577 0.4026 0.38066 0.35819 0.33744 0.31621 0.29762 0.2804 0.264 0.24961 0.23651 0.22385 0.21216 0.20125 0.19127 0.18187 0.17226 0.16351 0.15396 0.14844 0.13592 0.16871 0.20461 0.21889 0.32581 0.49936 0.60898 0.62514 0.60082 0.56433 0.50597 0.46638 
137.5 1.4513 1.5573 1.6353 1.6594 1.6753 1.6938 1.71 1.7224 1.7339 1.7445 1.7466 1.733 1.709 1.6815 1.6524 1.6239 1.598 1.5731 1.5494 1.5309 1.5203 1.518 1.5232 1.5344 1.5376 1.5276 1.5194 1.5108 1.4973 1.481 1.4608 1.4407 1.4195 1.3989 1.3799 1.3593 1.3414 1.3248 1.3105 1.2986 1.2859 1.2749 1.2628 1.2512 1.2372 1.223 1.192 1.1503 1.1113 1.0711 1.0333 0.99407 0.95488 0.91516 0.87682 0.83812 0.80036 0.76256 0.72614 0.6914 0.65678 0.62316 0.58996 0.5595 0.53064 0.50223 0.47559 0.44971 0.42564 0.40258 0.38069 0.35826 0.33769 0.31652 0.29802 0.28089 0.26447 0.25012 0.23711 0.2245 0.21272 0.20182 0.19194 0.18262 0.17302 0.16425 0.15473 0.14914 0.13678 0.17093 0.20796 0.22141 0.32534 0.49521 0.60536 0.62524 0.60332 0.56807 0.51077 0.47168 
138 1.4509 1.5573 1.636 1.6605 1.676 1.6941 1.71 1.7222 1.7334 1.7438 1.7459 1.7325 1.7087 1.6816 1.6527 1.6243 1.5982 1.5732 1.5496 1.5312 1.5207 1.5184 1.5234 1.5341 1.5371 1.527 1.5184 1.5099 1.4965 1.4806 1.4608 1.4406 1.4194 1.3987 1.3795 1.3589 1.3409 1.3243 1.3099 1.2981 1.2853 1.2741 1.2619 1.2502 1.2364 1.2216 1.1901 1.1486 1.1096 1.0695 1.0317 0.99255 0.95335 0.91367 0.87546 0.8368 0.79915 0.7616 0.72533 0.69058 0.65592 0.62244 0.58941 0.55903 0.53026 0.50197 0.47538 0.44949 0.42547 0.40253 0.38075 0.35833 0.33794 0.31685 0.29838 0.2814 0.26495 0.25061 0.2377 0.22514 0.21333 0.20246 0.19259 0.18333 0.17389 0.16525 0.15581 0.15005 0.1375 0.1722 0.20949 0.22213 0.32447 0.4925 0.60309 0.62521 0.60479 0.57023 0.51372 0.47518 
138.5 1.4506 1.5572 1.6366 1.6616 1.6768 1.6943 1.71 1.722 1.733 1.7431 1.7452 1.732 1.7085 1.6816 1.6529 1.6247 1.5983 1.5732 1.5498 1.5316 1.5211 1.5187 1.5235 1.5339 1.5365 1.5264 1.5175 1.509 1.4958 1.4802 1.4607 1.4406 1.4194 1.3984 1.3792 1.3585 1.3405 1.3238 1.3093 1.2976 1.2847 1.2733 1.261 1.2493 1.2355 1.2202 1.1882 1.1468 1.108 1.0679 1.0301 0.99104 0.95182 0.91217 0.8741 0.83549 0.79794 0.76064 0.72452 0.68975 0.65505 0.62173 0.58887 0.55856 0.52989 0.50171 0.47516 0.44927 0.42531 0.40249 0.3808 0.3584 0.33818 0.31718 0.29874 0.2819 0.26543 0.25109 0.23829 0.22578 0.21393 0.20309 0.19324 0.18405 0.17476 0.16626 0.1569 0.15097 0.13822 0.17347 0.21102 0.22284 0.3236 0.48978 0.60082 0.62519 0.60625 0.57239 0.51668 0.47867 
139 1.4503 1.5571 1.6373 1.6627 1.6776 1.6946 1.71 1.7218 1.7325 1.7425 1.7445 1.7315 1.7082 1.6816 1.6532 1.625 1.5985 1.5733 1.55 1.5319 1.5216 1.5191 1.5237 1.5336 1.536 1.5258 1.5166 1.508 1.4951 1.4798 1.4606 1.4406 1.4193 1.3981 1.3788 1.3581 1.34 1.3232 1.3087 1.297 1.2841 1.2725 1.2601 1.2483 1.2347 1.2188 1.1863 1.1451 1.1063 1.0663 1.0286 0.98953 0.95029 0.91068 0.87274 0.83417 0.79673 0.75968 0.72371 0.68893 0.65419 0.62101 0.58832 0.55809 0.52951 0.50144 0.47494 0.44905 0.42515 0.40244 0.38086 0.35847 0.33842 0.3175 0.2991 0.2824 0.26592 0.25157 0.23887 0.22643 0.21453 0.20373 0.19389 0.18476 0.17563 0.16726 0.15799 0.15189 0.13894 0.17475 0.21256 0.22356 0.32273 0.48707 0.59855 0.62516 0.60772 0.57455 0.51963 0.48216 
139.5 1.4512 1.5578 1.6379 1.6634 1.678 1.6947 1.7099 1.7216 1.7322 1.7419 1.7439 1.731 1.708 1.6816 1.6534 1.6252 1.5988 1.5734 1.5501 1.5322 1.522 1.5196 1.5239 1.5334 1.5354 1.5249 1.5156 1.507 1.4945 1.4795 1.4605 1.4406 1.4191 1.3978 1.3784 1.3577 1.3396 1.3228 1.3082 1.2964 1.2834 1.2718 1.2594 1.2476 1.234 1.2174 1.1843 1.1432 1.1046 1.0646 1.027 0.98801 0.94886 0.90928 0.87144 0.83294 0.79562 0.75867 0.72282 0.68809 0.65341 0.6203 0.58777 0.55767 0.52912 0.50118 0.47469 0.44889 0.4251 0.40237 0.38094 0.35861 0.33862 0.31787 0.29952 0.28286 0.26642 0.25211 0.23934 0.22689 0.21516 0.20446 0.19452 0.18537 0.17635 0.16798 0.15869 0.15252 0.1397 0.17678 0.21583 0.22583 0.31999 0.4789 0.59245 0.62575 0.61251 0.58098 0.52715 0.4903 
140 1.4525 1.5587 1.6386 1.6639 1.6783 1.6948 1.7098 1.7213 1.7318 1.7415 1.7433 1.7305 1.7077 1.6816 1.6534 1.6254 1.5991 1.5736 1.5501 1.5324 1.5225 1.52 1.5241 1.5332 1.5348 1.524 1.5145 1.506 1.4939 1.4793 1.4605 1.4406 1.4189 1.3975 1.3781 1.3574 1.3392 1.3223 1.3076 1.2958 1.2828 1.2711 1.2587 1.2469 1.2333 1.216 1.1822 1.1414 1.1028 1.063 1.0253 0.9865 0.94747 0.90792 0.87015 0.83175 0.79454 0.75764 0.72191 0.68725 0.65265 0.61959 0.58721 0.55726 0.52873 0.50091 0.47443 0.44876 0.42509 0.40229 0.38103 0.35878 0.33879 0.31826 0.29995 0.2833 0.26692 0.25267 0.23977 0.22729 0.2158 0.20523 0.19514 0.18594 0.17702 0.16859 0.15925 0.15305 0.14049 0.1791 0.21974 0.22869 0.31656 0.46874 0.58494 0.62657 0.61853 0.58898 0.53636 0.50016 
140.5 1.4539 1.5597 1.6393 1.6644 1.6785 1.6948 1.7097 1.7211 1.7315 1.741 1.7427 1.7301 1.7074 1.6815 1.6535 1.6255 1.5994 1.5738 1.5501 1.5326 1.523 1.5205 1.5242 1.533 1.5342 1.523 1.5134 1.505 1.4933 1.4791 1.4605 1.4406 1.4187 1.3972 1.3777 1.357 1.3389 1.3219 1.3071 1.2951 1.2821 1.2704 1.258 1.2462 1.2327 1.2147 1.1802 1.1395 1.101 1.0613 1.0237 0.98499 0.94607 0.90657 0.86887 0.83055 0.79345 0.75661 0.721 0.68641 0.6519 0.61889 0.58665 0.55686 0.52834 0.50064 0.47417 0.44862 0.42508 0.40222 0.38113 0.35894 0.33897 0.31864 0.30038 0.28375 0.26743 0.25323 0.2402 0.2277 0.21644 0.206 0.19577 0.18651 0.17769 0.1692 0.15982 0.15358 0.14127 0.18142 0.22366 0.23154 0.31313 0.45858 0.57743 0.62738 0.62455 0.59697 0.54558 0.51001 
141 1.4552 1.5607 1.64 1.6649 1.6788 1.6949 1.7096 1.7208 1.7311 1.7405 1.7422 1.7296 1.7071 1.6815 1.6536 1.6257 1.5997 1.5739 1.5501 1.5328 1.5235 1.521 1.5244 1.5329 1.5336 1.5221 1.5124 1.504 1.4927 1.4788 1.4605 1.4406 1.4186 1.3969 1.3774 1.3566 1.3385 1.3214 1.3065 1.2945 1.2814 1.2698 1.2574 1.2455 1.2321 1.2133 1.1782 1.1376 1.0993 1.0596 1.0221 0.98348 0.94468 0.90521 0.86758 0.82936 0.79237 0.75558 0.72009 0.68558 0.65114 0.61818 0.5861 0.55646 0.52794 0.50037 0.4739 0.44849 0.42508 0.40214 0.38122 0.35911 0.33915 0.31903 0.30081 0.28419 0.26793 0.25379 0.24063 0.2281 0.21708 0.20677 0.19639 0.18707 0.17836 0.16981 0.16038 0.15411 0.14206 0.18374 0.22757 0.23439 0.30971 0.44842 0.56992 0.62819 0.63057 0.60497 0.55479 0.51986 
141.5 1.456 1.5613 1.6404 1.6651 1.679 1.6949 1.7094 1.7205 1.7307 1.7401 1.7417 1.7292 1.7069 1.6814 1.6537 1.626 1.5999 1.5742 1.5504 1.533 1.5236 1.521 1.5241 1.5324 1.5331 1.5216 1.5119 1.5034 1.4921 1.4785 1.4603 1.4403 1.4183 1.3967 1.3771 1.3562 1.338 1.321 1.306 1.2939 1.2808 1.2692 1.2568 1.245 1.2318 1.212 1.1759 1.1356 1.0974 1.058 1.0205 0.98194 0.94319 0.90379 0.86624 0.82808 0.79127 0.75465 0.71925 0.68487 0.65051 0.61766 0.58565 0.55605 0.52761 0.50006 0.47374 0.44838 0.42508 0.40228 0.3813 0.35932 0.33945 0.31933 0.30133 0.28478 0.26839 0.25423 0.24131 0.22891 0.21762 0.20723 0.19716 0.18795 0.17907 0.17063 0.16157 0.15531 0.14288 0.18421 0.22727 0.23337 0.30694 0.4438 0.5673 0.62962 0.63409 0.60853 0.55958 0.52609 
142 1.4568 1.562 1.6408 1.6654 1.6792 1.695 1.7093 1.7203 1.7304 1.7396 1.7412 1.7288 1.7066 1.6813 1.6539 1.6263 1.6002 1.5745 1.5507 1.5333 1.5238 1.5209 1.5238 1.5319 1.5326 1.5211 1.5114 1.5029 1.4915 1.4783 1.4601 1.44 1.4181 1.3965 1.3767 1.3557 1.3375 1.3205 1.3055 1.2934 1.2803 1.2687 1.2563 1.2446 1.2315 1.2107 1.1737 1.1336 1.0956 1.0563 1.0189 0.98041 0.9417 0.90238 0.86489 0.82679 0.79016 0.75372 0.71843 0.68417 0.64988 0.61715 0.58521 0.55564 0.52728 0.49974 0.47359 0.44828 0.42509 0.40244 0.38138 0.35954 0.33976 0.31964 0.30185 0.28537 0.26885 0.25466 0.24201 0.22974 0.21816 0.20767 0.19794 0.18884 0.17978 0.17146 0.16279 0.15654 0.14371 0.18459 0.22679 0.23219 0.30421 0.43942 0.56488 0.63106 0.6375 0.6119 0.56419 0.53217 
142.5 1.4576 1.5626 1.6412 1.6656 1.6793 1.695 1.7092 1.72 1.73 1.7392 1.7408 1.7284 1.7064 1.6811 1.654 1.6266 1.6005 1.5748 1.551 1.5335 1.5239 1.5209 1.5235 1.5314 1.5321 1.5207 1.5109 1.5023 1.4909 1.478 1.4599 1.4397 1.4179 1.3962 1.3764 1.3553 1.337 1.32 1.3051 1.2928 1.2797 1.2681 1.2557 1.2442 1.2312 1.2093 1.1714 1.1316 1.0938 1.0546 1.0173 0.97887 0.94021 0.90096 0.86354 0.8255 0.78905 0.75279 0.7176 0.68348 0.64924 0.61664 0.58477 0.55523 0.52695 0.49943 0.47343 0.44817 0.42509 0.40259 0.38147 0.35976 0.34007 0.31994 0.30237 0.28596 0.2693 0.2551 0.2427 0.23058 0.2187 0.20812 0.19871 0.18973 0.18049 0.17228 0.16402 0.15777 0.14453 0.18498 0.22631 0.23101 0.30148 0.43504 0.56245 0.63251 0.64092 0.61527 0.56879 0.53825 
143 1.4584 1.5632 1.6416 1.6659 1.6795 1.6951 1.7091 1.7197 1.7296 1.7388 1.7403 1.728 1.7061 1.681 1.6542 1.6269 1.6008 1.5751 1.5513 1.5337 1.524 1.5208 1.5232 1.5309 1.5316 1.5202 1.5104 1.5017 1.4903 1.4776 1.4596 1.4395 1.4177 1.396 1.3761 1.3549 1.3365 1.3196 1.3046 1.2923 1.2792 1.2676 1.2552 1.2436 1.2309 1.2079 1.1692 1.1297 1.0919 1.053 1.0157 0.97735 0.9387 0.89956 0.86221 0.82425 0.78797 0.75184 0.71676 0.68275 0.6486 0.6161 0.58432 0.55483 0.52661 0.49913 0.47326 0.44807 0.42508 0.4027 0.38156 0.35996 0.34038 0.32027 0.30287 0.2865 0.26977 0.25558 0.24333 0.23132 0.21928 0.20865 0.19945 0.19055 0.1812 0.17308 0.16514 0.1589 0.14533 0.18549 0.22614 0.23007 0.2987 0.43048 0.55993 0.63392 0.64446 0.61916 0.57357 0.54395 
143.5 1.459 1.5636 1.6418 1.6661 1.6796 1.695 1.7089 1.7195 1.7292 1.7384 1.74 1.7277 1.706 1.681 1.6542 1.6271 1.601 1.5752 1.5513 1.5338 1.5241 1.5208 1.523 1.5305 1.5312 1.52 1.5099 1.5009 1.4898 1.4772 1.4593 1.4393 1.4176 1.3957 1.3758 1.3547 1.3361 1.3191 1.3041 1.2918 1.2788 1.267 1.2549 1.2425 1.2303 1.206 1.1671 1.1282 1.0899 1.0515 1.0139 0.97589 0.93713 0.89822 0.86097 0.8232 0.787 0.75086 0.71588 0.68188 0.64789 0.61543 0.58385 0.55446 0.52622 0.49889 0.47305 0.44796 0.425 0.40265 0.38171 0.36013 0.34066 0.32071 0.30327 0.28682 0.2703 0.25623 0.24369 0.2317 0.22006 0.20953 0.20002 0.19108 0.18186 0.17375 0.16583 0.1596 0.14601 0.1865 0.2273 0.2302 0.29574 0.42513 0.55695 0.63516 0.64857 0.62533 0.57911 0.54799 
144 1.4596 1.5639 1.642 1.6662 1.6796 1.695 1.7088 1.7192 1.7289 1.738 1.7396 1.7275 1.7058 1.6809 1.6543 1.6273 1.6012 1.5753 1.5513 1.5338 1.5241 1.5209 1.5229 1.53 1.5309 1.5198 1.5094 1.5002 1.4892 1.4768 1.459 1.439 1.4175 1.3954 1.3755 1.3544 1.3358 1.3187 1.3037 1.2914 1.2784 1.2664 1.2546 1.2415 1.2297 1.2041 1.165 1.1268 1.0878 1.05 1.0122 0.97442 0.93557 0.89688 0.85973 0.82214 0.78603 0.74987 0.71499 0.68102 0.64718 0.61476 0.58337 0.55408 0.52583 0.49865 0.47283 0.44785 0.42491 0.4026 0.38187 0.36029 0.34093 0.32114 0.30367 0.28714 0.27083 0.25688 0.24404 0.23208 0.22084 0.21042 0.20059 0.19161 0.18253 0.17442 0.16652 0.16029 0.14668 0.18751 0.22847 0.23034 0.29278 0.41978 0.55398 0.63639 0.65268 0.6315 0.58465 0.55203 
144.5 1.4601 1.5643 1.6423 1.6664 1.6797 1.6949 1.7086 1.7189 1.7285 1.7376 1.7393 1.7272 1.7056 1.6809 1.6544 1.6274 1.6015 1.5754 1.5514 1.5338 1.5242 1.5209 1.5227 1.5296 1.5305 1.5195 1.5089 1.4994 1.4886 1.4764 1.4586 1.4388 1.4173 1.3952 1.3752 1.3542 1.3354 1.3182 1.3032 1.2909 1.2779 1.2658 1.2543 1.2404 1.2291 1.2022 1.1629 1.1254 1.0858 1.0485 1.0104 0.97296 0.934 0.89554 0.85848 0.82108 0.78506 0.74888 0.71411 0.68016 0.64647 0.6141 0.5829 0.55371 0.52545 0.49841 0.47261 0.44774 0.42482 0.40255 0.38202 0.36045 0.34121 0.32157 0.30407 0.28747 0.27136 0.25753 0.24439 0.23246 0.22162 0.2113 0.20115 0.19213 0.1832 0.17508 0.16721 0.16099 0.14736 0.18852 0.22963 0.23047 0.28982 0.41444 0.551 0.63763 0.65679 0.63766 0.59019 0.55607 
145 1.4606 1.5646 1.6424 1.6665 1.6798 1.6948 1.7084 1.7187 1.7282 1.7372 1.7389 1.7269 1.7054 1.6809 1.6544 1.6276 1.6017 1.5756 1.5514 1.5339 1.5243 1.5209 1.5226 1.5293 1.5301 1.5192 1.5082 1.4987 1.488 1.476 1.4584 1.4386 1.4171 1.3949 1.3749 1.3539 1.3351 1.3178 1.3027 1.2904 1.2775 1.2652 1.2538 1.2394 1.2283 1.2006 1.1611 1.1239 1.084 1.047 1.0088 0.97148 0.93251 0.89425 0.85723 0.81996 0.78404 0.74792 0.71325 0.67934 0.64578 0.61349 0.58243 0.55333 0.52509 0.49816 0.47245 0.44766 0.42478 0.40259 0.3822 0.36065 0.34149 0.32196 0.30449 0.28789 0.27185 0.25806 0.24486 0.23298 0.22231 0.21203 0.20173 0.19267 0.18383 0.17578 0.16795 0.16175 0.14809 0.1895 0.23078 0.23073 0.28682 0.40861 0.54771 0.63923 0.6613 0.64331 0.59607 0.56195 
145.5 1.4609 1.5648 1.6425 1.6665 1.6797 1.6947 1.7082 1.7185 1.7279 1.7369 1.7386 1.7266 1.7052 1.6808 1.6545 1.6278 1.6018 1.5757 1.5515 1.5339 1.5243 1.5209 1.5226 1.5292 1.5298 1.5186 1.5075 1.498 1.4874 1.4755 1.4582 1.4384 1.4166 1.3946 1.3745 1.3535 1.3347 1.3173 1.3021 1.2898 1.2769 1.2645 1.253 1.2384 1.2271 1.1993 1.1597 1.1224 1.0825 1.0456 1.0073 0.96997 0.93114 0.89302 0.85597 0.81873 0.78296 0.74699 0.71242 0.67858 0.64513 0.61297 0.58195 0.55294 0.52477 0.4979 0.47237 0.44764 0.42479 0.40277 0.38244 0.3609 0.34176 0.32228 0.30494 0.28845 0.27227 0.25844 0.24549 0.2337 0.22287 0.21255 0.20233 0.19321 0.18443 0.17651 0.16875 0.16258 0.1489 0.19044 0.2319 0.23117 0.28377 0.4021 0.54398 0.64136 0.66638 0.64823 0.60243 0.57043 
146 1.4611 1.565 1.6426 1.6665 1.6796 1.6946 1.7081 1.7183 1.7277 1.7365 1.7382 1.7263 1.705 1.6807 1.6546 1.6279 1.6019 1.5758 1.5516 1.534 1.5243 1.5209 1.5225 1.529 1.5294 1.518 1.5067 1.4973 1.4868 1.475 1.458 1.4381 1.4162 1.3943 1.3742 1.3531 1.3344 1.3169 1.3016 1.2893 1.2764 1.2639 1.2523 1.2375 1.2259 1.198 1.1583 1.1208 1.0809 1.0441 1.0059 0.96847 0.92977 0.89178 0.85471 0.8175 0.78187 0.74606 0.71159 0.67781 0.64448 0.61245 0.58147 0.55255 0.52444 0.49764 0.47228 0.44761 0.4248 0.40294 0.38267 0.36115 0.34202 0.3226 0.30538 0.28901 0.2727 0.25881 0.24612 0.23442 0.22344 0.21306 0.20293 0.19375 0.18503 0.17724 0.16955 0.16341 0.14971 0.19138 0.23301 0.23161 0.28071 0.39559 0.54025 0.64349 0.67146 0.65315 0.60879 0.57891 
146.5 1.4614 1.5652 1.6426 1.6665 1.6796 1.6945 1.7079 1.7181 1.7275 1.7362 1.7379 1.726 1.7048 1.6807 1.6547 1.628 1.602 1.5759 1.5517 1.534 1.5244 1.5209 1.5225 1.5288 1.5291 1.5174 1.5059 1.4966 1.4861 1.4746 1.4578 1.4379 1.4158 1.394 1.3738 1.3527 1.3341 1.3164 1.301 1.2888 1.2758 1.2633 1.2515 1.2365 1.2248 1.1967 1.1568 1.1193 1.0794 1.0427 1.0044 0.96697 0.92839 0.89055 0.85345 0.81627 0.78079 0.74512 0.71077 0.67705 0.64382 0.61193 0.58099 0.55216 0.52412 0.49737 0.47219 0.44759 0.42481 0.40312 0.3829 0.3614 0.34229 0.32292 0.30583 0.28958 0.27313 0.25919 0.24675 0.23515 0.224 0.21357 0.20353 0.19429 0.18563 0.17797 0.17035 0.16424 0.15052 0.19232 0.23413 0.23205 0.27766 0.38908 0.53651 0.64562 0.67654 0.65806 0.61515 0.58739 
147 1.4616 1.5653 1.6426 1.6664 1.6795 1.6944 1.7077 1.7178 1.7272 1.7358 1.7375 1.7257 1.7046 1.6807 1.6548 1.6282 1.6021 1.5759 1.5517 1.534 1.5244 1.5209 1.5224 1.5287 1.5287 1.5167 1.5052 1.4959 1.4856 1.4743 1.4577 1.4378 1.4155 1.3937 1.3734 1.3523 1.3337 1.3159 1.3005 1.2882 1.2751 1.2625 1.2506 1.2355 1.2236 1.1954 1.1555 1.1179 1.078 1.0413 1.003 0.96553 0.92706 0.88931 0.85226 0.81519 0.77981 0.74423 0.70995 0.67634 0.64318 0.61145 0.58058 0.55173 0.52384 0.49722 0.47209 0.44757 0.42492 0.40321 0.38309 0.36165 0.34253 0.32331 0.30623 0.29 0.27358 0.2597 0.24724 0.2356 0.22459 0.21427 0.20416 0.19485 0.18625 0.17861 0.1709 0.16476 0.15118 0.19351 0.23576 0.23283 0.27546 0.38433 0.53375 0.64694 0.68028 0.66255 0.62042 0.59342 
147.5 1.4617 1.5653 1.6426 1.6664 1.6794 1.6942 1.7075 1.7175 1.7268 1.7354 1.7371 1.7253 1.7044 1.6807 1.6549 1.6283 1.6022 1.576 1.5518 1.534 1.5244 1.5209 1.5224 1.5285 1.5281 1.516 1.5045 1.4952 1.4852 1.4742 1.4577 1.4377 1.4153 1.3932 1.3729 1.3519 1.3332 1.3154 1.3001 1.2877 1.2744 1.2616 1.2496 1.2345 1.2225 1.1941 1.1542 1.1167 1.0767 1.0398 1.0015 0.96412 0.92575 0.88805 0.85111 0.81419 0.77888 0.74335 0.70914 0.67564 0.64255 0.61099 0.5802 0.55128 0.52358 0.49713 0.47198 0.44756 0.42508 0.40326 0.38326 0.36189 0.34275 0.32374 0.30659 0.29034 0.27406 0.26029 0.24765 0.23589 0.2252 0.21508 0.2048 0.19541 0.18689 0.17921 0.17132 0.16511 0.15177 0.19483 0.23768 0.23382 0.27373 0.38056 0.53152 0.64782 0.68326 0.66679 0.62506 0.59808 
148 1.4619 1.5654 1.6426 1.6663 1.6793 1.6941 1.7073 1.7173 1.7264 1.735 1.7367 1.7249 1.7042 1.6808 1.655 1.6285 1.6023 1.576 1.5518 1.5339 1.5244 1.5209 1.5223 1.5283 1.5276 1.5154 1.5038 1.4944 1.4847 1.474 1.4577 1.4376 1.415 1.3928 1.3724 1.3514 1.3327 1.3149 1.2996 1.2872 1.2737 1.2607 1.2486 1.2334 1.2213 1.1928 1.1528 1.1154 1.0754 1.0384 1 0.96271 0.92444 0.88679 0.84996 0.81319 0.77796 0.74247 0.70832 0.67495 0.64192 0.61054 0.57983 0.55083 0.52333 0.49704 0.47187 0.44755 0.42525 0.40331 0.38343 0.36213 0.34297 0.32416 0.30696 0.29068 0.27453 0.26087 0.24807 0.23619 0.2258 0.21588 0.20544 0.19597 0.18753 0.1798 0.17174 0.16546 0.15236 0.19615 0.2396 0.2348 0.272 0.3768 0.52929 0.64869 0.68625 0.67103 0.62971 0.60275 
148.5 1.462 1.5654 1.6426 1.6662 1.6792 1.694 1.7071 1.717 1.7261 1.7346 1.7363 1.7245 1.704 1.6808 1.6551 1.6286 1.6024 1.5761 1.5518 1.5339 1.5244 1.5209 1.5222 1.5282 1.5271 1.5147 1.5031 1.4937 1.4843 1.4739 1.4577 1.4375 1.4148 1.3923 1.372 1.351 1.3322 1.3144 1.2991 1.2867 1.273 1.2598 1.2476 1.2324 1.2202 1.1915 1.1515 1.1142 1.0741 1.0369 0.99859 0.96131 0.92313 0.88553 0.84881 0.81219 0.77704 0.74159 0.70751 0.67425 0.64129 0.61008 0.57945 0.55039 0.52307 0.49695 0.47176 0.44753 0.42542 0.40336 0.3836 0.36237 0.3432 0.32459 0.30733 0.29102 0.27501 0.26146 0.24848 0.23649 0.22641 0.21668 0.20609 0.19653 0.18817 0.1804 0.17216 0.16581 0.15294 0.19747 0.24152 0.23578 0.27028 0.37303 0.52706 0.64957 0.68923 0.67527 0.63435 0.60741 
149 1.4621 1.5655 1.6425 1.6661 1.6791 1.6938 1.7068 1.7167 1.7257 1.7342 1.7359 1.7242 1.7038 1.6807 1.6552 1.6288 1.6026 1.5761 1.5518 1.5339 1.5245 1.5209 1.5218 1.5274 1.5266 1.5146 1.5028 1.4931 1.4838 1.4736 1.4574 1.4373 1.4146 1.3921 1.3717 1.3506 1.3317 1.3138 1.2986 1.286 1.2723 1.259 1.2467 1.2314 1.2191 1.1903 1.1502 1.1128 1.0728 1.0356 0.99735 0.96004 0.92185 0.88435 0.8477 0.81116 0.77608 0.74069 0.70674 0.67357 0.64067 0.60952 0.57894 0.55012 0.52283 0.49675 0.47176 0.44748 0.42544 0.40355 0.38373 0.36266 0.34359 0.32493 0.30773 0.29146 0.27546 0.26195 0.24915 0.23725 0.22692 0.21705 0.20666 0.19721 0.18876 0.18098 0.17285 0.16657 0.15364 0.19834 0.24247 0.23584 0.26729 0.36747 0.52346 0.65029 0.69345 0.68157 0.64108 0.61393 
149.5 1.4623 1.5656 1.6424 1.6659 1.6789 1.6936 1.7066 1.7163 1.7252 1.7339 1.7357 1.724 1.7036 1.6806 1.6553 1.6289 1.6027 1.5762 1.5518 1.5339 1.5245 1.5208 1.5214 1.5266 1.5262 1.5145 1.5024 1.4926 1.4833 1.4732 1.4571 1.4371 1.4144 1.3919 1.3714 1.3501 1.3311 1.3132 1.298 1.2854 1.2716 1.2583 1.2458 1.2304 1.218 1.1891 1.1489 1.1115 1.0714 1.0344 0.99614 0.95879 0.92058 0.88318 0.84659 0.81013 0.77513 0.73979 0.70599 0.67289 0.64006 0.60895 0.57842 0.54987 0.52259 0.49653 0.47178 0.44742 0.42543 0.40376 0.38386 0.36296 0.34401 0.32525 0.30814 0.29192 0.27591 0.26243 0.24987 0.23808 0.22741 0.21735 0.20722 0.19791 0.18935 0.18155 0.17358 0.16738 0.15436 0.19915 0.24327 0.23576 0.26411 0.36163 0.51965 0.65099 0.69786 0.68818 0.64813 0.62072 
150 1.4625 1.5656 1.6424 1.6658 1.6787 1.6933 1.7063 1.7159 1.7248 1.7336 1.7354 1.7238 1.7034 1.6805 1.6553 1.6291 1.6029 1.5763 1.5518 1.5339 1.5245 1.5207 1.5209 1.5258 1.5258 1.5145 1.5021 1.492 1.4829 1.4729 1.4568 1.4369 1.4142 1.3917 1.3711 1.3497 1.3306 1.3126 1.2974 1.2848 1.2708 1.2576 1.245 1.2294 1.217 1.1879 1.1476 1.1101 1.07 1.0331 0.99494 0.95755 0.9193 0.88201 0.84548 0.8091 0.77417 0.73889 0.70523 0.67222 0.63944 0.60838 0.57789 0.54963 0.52235 0.49631 0.4718 0.44736 0.42543 0.40397 0.38398 0.36326 0.34444 0.32557 0.30854 0.29238 0.27636 0.2629 0.25058 0.2389 0.2279 0.21765 0.20778 0.19861 0.18993 0.18212 0.17432 0.16819 0.15508 0.19995 0.24407 0.23568 0.26094 0.3558 0.51584 0.65169 0.70226 0.69478 0.65518 0.62752 
150.5 1.4626 1.5657 1.6423 1.6656 1.6785 1.6931 1.706 1.7156 1.7244 1.7332 1.7351 1.7235 1.7033 1.6804 1.6555 1.6293 1.603 1.5763 1.5518 1.5339 1.5245 1.5206 1.5205 1.5251 1.5254 1.5144 1.5017 1.4914 1.4824 1.4726 1.4566 1.4367 1.414 1.3915 1.3708 1.3492 1.3301 1.312 1.2968 1.2841 1.2701 1.2569 1.2441 1.2285 1.2159 1.1866 1.1464 1.1088 1.0687 1.0318 0.99373 0.95631 0.91804 0.88085 0.84438 0.80807 0.77322 0.73801 0.70447 0.67154 0.63884 0.60783 0.57739 0.54939 0.52212 0.49611 0.4718 0.44731 0.42543 0.40417 0.38412 0.36354 0.34485 0.3259 0.30896 0.29285 0.27681 0.26338 0.25127 0.23971 0.22841 0.21799 0.20835 0.19931 0.19053 0.1827 0.17505 0.16899 0.15576 0.20069 0.2448 0.23561 0.25811 0.35062 0.51257 0.65254 0.70647 0.70093 0.66165 0.63373 
151 1.4627 1.5657 1.6422 1.6655 1.6784 1.693 1.7058 1.7153 1.7242 1.733 1.7348 1.7233 1.7033 1.681 1.6563 1.6298 1.6027 1.5756 1.5512 1.5337 1.5245 1.5205 1.5203 1.5248 1.5251 1.514 1.5012 1.4909 1.4819 1.4721 1.4563 1.4364 1.4137 1.3912 1.3704 1.3488 1.3297 1.3114 1.2962 1.2835 1.2694 1.2561 1.2433 1.2276 1.2147 1.1853 1.145 1.1075 1.0675 1.0306 0.99246 0.95513 0.91696 0.87981 0.84336 0.80707 0.77229 0.73723 0.70378 0.67086 0.6383 0.60747 0.57709 0.54909 0.52203 0.49605 0.4717 0.44741 0.42547 0.40429 0.38439 0.36376 0.34521 0.32632 0.30943 0.29336 0.27729 0.26385 0.2518 0.24031 0.22907 0.21867 0.20898 0.19999 0.19125 0.18339 0.17583 0.16967 0.1561 0.20085 0.24487 0.23574 0.25854 0.35165 0.51434 0.65483 0.7088 0.70276 0.66273 0.63445 
151.5 1.4628 1.5658 1.6422 1.6654 1.6783 1.6928 1.7056 1.7151 1.724 1.7328 1.7345 1.723 1.7033 1.6815 1.6572 1.6303 1.6025 1.575 1.5507 1.5335 1.5244 1.5203 1.5201 1.5246 1.5247 1.5135 1.5007 1.4904 1.4814 1.4716 1.456 1.4361 1.4133 1.3908 1.3699 1.3483 1.3293 1.3109 1.2956 1.2828 1.2688 1.2554 1.2424 1.2267 1.2136 1.184 1.1437 1.1062 1.0663 1.0293 0.99119 0.95396 0.91587 0.87877 0.84233 0.80607 0.77136 0.73646 0.70309 0.67018 0.63776 0.60712 0.57679 0.54879 0.52195 0.49599 0.47159 0.44751 0.42551 0.40441 0.38466 0.36397 0.34557 0.32674 0.30989 0.29388 0.27777 0.26432 0.25233 0.2409 0.22973 0.21935 0.20961 0.20068 0.19197 0.18407 0.17661 0.17034 0.15644 0.20101 0.24494 0.23586 0.25898 0.35269 0.51611 0.65711 0.71114 0.70459 0.66381 0.63517 
152 1.4629 1.5658 1.6421 1.6653 1.6781 1.6926 1.7054 1.7149 1.7238 1.7326 1.7343 1.7227 1.7034 1.6821 1.658 1.6309 1.6022 1.5743 1.5502 1.5334 1.5244 1.5201 1.5198 1.5244 1.5244 1.513 1.5002 1.4899 1.4808 1.4712 1.4557 1.4358 1.4129 1.3905 1.3695 1.3479 1.3289 1.3104 1.2949 1.2821 1.2681 1.2546 1.2415 1.2258 1.2125 1.1826 1.1424 1.1049 1.0651 1.0281 0.98993 0.95279 0.91479 0.87772 0.8413 0.80506 0.77043 0.73568 0.70239 0.66951 0.63722 0.60676 0.57649 0.5485 0.52186 0.49594 0.47148 0.4476 0.42555 0.40454 0.38493 0.36418 0.34593 0.32715 0.31036 0.2944 0.27825 0.26479 0.25285 0.2415 0.23038 0.22004 0.21023 0.20137 0.19269 0.18475 0.17738 0.17101 0.15679 0.20117 0.24501 0.23598 0.25942 0.35372 0.51788 0.6594 0.71348 0.70641 0.66489 0.63588 
152.5 1.463 1.5658 1.6421 1.6652 1.678 1.6925 1.7052 1.7147 1.7236 1.7323 1.7339 1.7225 1.7033 1.6823 1.6585 1.6312 1.6022 1.574 1.5499 1.5333 1.5243 1.52 1.5196 1.5241 1.524 1.5126 1.4999 1.4895 1.4803 1.4707 1.4554 1.4356 1.4126 1.3901 1.3691 1.3475 1.3284 1.3099 1.2943 1.2814 1.2674 1.2539 1.2407 1.225 1.2113 1.1812 1.141 1.1036 1.0639 1.0268 0.98868 0.95162 0.91368 0.87666 0.84029 0.80411 0.76953 0.73489 0.70168 0.66886 0.63671 0.60636 0.57618 0.54822 0.52171 0.49585 0.4714 0.44768 0.42564 0.40469 0.38517 0.36442 0.34628 0.32757 0.31081 0.29489 0.27876 0.2653 0.25337 0.24206 0.23099 0.22066 0.21088 0.20208 0.19335 0.18537 0.17808 0.17165 0.15724 0.20154 0.24535 0.23636 0.26002 0.35467 0.5192 0.66095 0.71499 0.70761 0.66574 0.6366 
153 1.4631 1.5658 1.642 1.6651 1.6779 1.6923 1.7051 1.7146 1.7233 1.7319 1.7336 1.7222 1.7029 1.6819 1.6583 1.6313 1.6026 1.5745 1.5502 1.5333 1.5241 1.5197 1.5192 1.5236 1.5236 1.5124 1.4997 1.4893 1.4799 1.4703 1.455 1.4353 1.4123 1.3897 1.3687 1.3471 1.3278 1.3094 1.2937 1.2808 1.2668 1.2532 1.2401 1.2243 1.2103 1.1797 1.1395 1.1022 1.0626 1.0256 0.98748 0.95047 0.91254 0.87557 0.83932 0.80325 0.76872 0.73408 0.70092 0.66825 0.63627 0.60586 0.57583 0.54798 0.52141 0.49573 0.47137 0.44774 0.42584 0.40492 0.38538 0.36469 0.34663 0.32798 0.31119 0.29533 0.27931 0.26587 0.25385 0.24255 0.23149 0.22115 0.21157 0.20284 0.19391 0.18586 0.17862 0.17222 0.15791 0.20234 0.24623 0.23731 0.26096 0.35543 0.51961 0.66095 0.71478 0.70749 0.6661 0.63732 
153.5 1.4632 1.5658 1.6419 1.665 1.6777 1.6922 1.705 1.7145 1.723 1.7315 1.7332 1.7219 1.7026 1.6814 1.658 1.6313 1.6029 1.5749 1.5506 1.5334 1.5239 1.5195 1.5189 1.5231 1.5232 1.5122 1.4996 1.489 1.4794 1.4698 1.4546 1.435 1.412 1.3892 1.3684 1.3466 1.3273 1.3088 1.2932 1.2802 1.2661 1.2525 1.2395 1.2237 1.2092 1.1782 1.1381 1.1008 1.0613 1.0244 0.98627 0.94932 0.91141 0.87448 0.83834 0.80238 0.76791 0.73326 0.70016 0.66765 0.63582 0.60536 0.57548 0.54774 0.52112 0.4956 0.47134 0.44779 0.42605 0.40515 0.38559 0.36496 0.34697 0.32839 0.31158 0.29578 0.27987 0.26644 0.25434 0.24303 0.232 0.22164 0.21226 0.20359 0.19446 0.18635 0.17915 0.1728 0.15859 0.20314 0.24712 0.23825 0.2619 0.3562 0.52001 0.66095 0.71457 0.70737 0.66647 0.63804 
154 1.4633 1.5657 1.6418 1.6649 1.6776 1.6921 1.7048 1.7144 1.7228 1.7311 1.7328 1.7217 1.7022 1.681 1.6578 1.6314 1.6033 1.5754 1.5509 1.5334 1.5237 1.5192 1.5186 1.5226 1.5228 1.512 1.4995 1.4887 1.479 1.4694 1.4543 1.4347 1.4117 1.3888 1.368 1.3462 1.3267 1.3083 1.2926 1.2796 1.2654 1.2518 1.2388 1.223 1.2081 1.1767 1.1366 1.0995 1.06 1.0231 0.98506 0.94818 0.91027 0.87339 0.83736 0.80152 0.76709 0.73245 0.6994 0.66705 0.63537 0.60487 0.57514 0.54749 0.52083 0.49547 0.47131 0.44784 0.42625 0.40538 0.3858 0.36523 0.34732 0.3288 0.31197 0.29622 0.28042 0.26702 0.25483 0.24351 0.23251 0.22214 0.21295 0.20435 0.19501 0.18683 0.17969 0.17337 0.15927 0.20394 0.24801 0.2392 0.26283 0.35697 0.52042 0.66094 0.71436 0.70725 0.66684 0.63876 
154.5 1.4634 1.5658 1.6418 1.6648 1.6775 1.692 1.7047 1.7141 1.7225 1.7307 1.7324 1.7213 1.7019 1.6807 1.6577 1.6315 1.6036 1.5758 1.5511 1.5334 1.5235 1.5189 1.5183 1.5223 1.5224 1.5116 1.4992 1.4886 1.4789 1.4693 1.4538 1.434 1.4111 1.3883 1.3676 1.3458 1.3262 1.3078 1.292 1.279 1.2648 1.2511 1.2382 1.2225 1.207 1.1751 1.1351 1.0981 1.0587 1.0218 0.98385 0.94704 0.90919 0.87238 0.8364 0.80058 0.76628 0.73176 0.69875 0.66649 0.63489 0.60442 0.57482 0.54727 0.5206 0.49536 0.47127 0.44785 0.42641 0.40553 0.38602 0.36557 0.34764 0.3292 0.31235 0.29666 0.28095 0.26757 0.25536 0.24405 0.23306 0.22271 0.21357 0.20499 0.19565 0.18749 0.18032 0.17403 0.16 0.20472 0.24887 0.24012 0.26382 0.35795 0.52126 0.6615 0.71458 0.70726 0.66682 0.63879 
155 1.4635 1.5659 1.6418 1.6647 1.6774 1.6918 1.7044 1.7138 1.7221 1.7303 1.7319 1.7208 1.7015 1.6806 1.6577 1.6317 1.6039 1.5761 1.5512 1.5333 1.5233 1.5187 1.5179 1.522 1.5221 1.5111 1.4988 1.4885 1.4792 1.4694 1.4533 1.4329 1.4102 1.3878 1.3671 1.3452 1.3258 1.3074 1.2914 1.2784 1.2642 1.2505 1.2377 1.2222 1.206 1.1734 1.1336 1.0966 1.0573 1.0206 0.98265 0.94592 0.90815 0.87144 0.83545 0.79957 0.76547 0.73118 0.6982 0.66597 0.63439 0.60403 0.57453 0.54706 0.52043 0.49525 0.47124 0.44781 0.42654 0.40562 0.38626 0.36595 0.34794 0.32959 0.31271 0.29709 0.28146 0.26811 0.25593 0.24462 0.23365 0.22335 0.21415 0.20552 0.19635 0.18828 0.18103 0.17475 0.16077 0.2055 0.24971 0.24104 0.26484 0.35912 0.52247 0.6625 0.71516 0.70738 0.6665 0.63824 
155.5 1.4637 1.566 1.6418 1.6646 1.6773 1.6917 1.7042 1.7134 1.7218 1.7298 1.7314 1.7203 1.7012 1.6805 1.6578 1.6319 1.6042 1.5764 1.5513 1.5331 1.5231 1.5184 1.5176 1.5218 1.5218 1.5106 1.4984 1.4885 1.4795 1.4695 1.4528 1.4319 1.4094 1.3874 1.3666 1.3447 1.3253 1.3069 1.2909 1.2778 1.2636 1.2499 1.2372 1.2218 1.205 1.1717 1.1321 1.0952 1.056 1.0193 0.98144 0.94479 0.90711 0.87051 0.8345 0.79856 0.76466 0.73059 0.69764 0.66546 0.63389 0.60363 0.57424 0.54685 0.52025 0.49515 0.47121 0.44778 0.42668 0.4057 0.38649 0.36634 0.34824 0.32998 0.31307 0.29752 0.28197 0.26864 0.2565 0.2452 0.23425 0.22398 0.21472 0.20606 0.19704 0.18906 0.18174 0.17547 0.16155 0.20627 0.25056 0.24195 0.26586 0.36029 0.52368 0.6635 0.71573 0.70749 0.66617 0.63769 
156 1.4638 1.5661 1.6418 1.6645 1.6772 1.6915 1.704 1.7131 1.7214 1.7294 1.7309 1.7198 1.7008 1.6803 1.6578 1.6321 1.6045 1.5768 1.5515 1.533 1.5228 1.5181 1.5173 1.5216 1.5215 1.5101 1.4979 1.4885 1.4797 1.4697 1.4523 1.4308 1.4085 1.3869 1.3662 1.3442 1.3249 1.3064 1.2903 1.2773 1.263 1.2493 1.2366 1.2215 1.204 1.1701 1.1306 1.0938 1.0547 1.018 0.98023 0.94367 0.90607 0.86957 0.83355 0.79754 0.76386 0.73001 0.69709 0.66494 0.6334 0.60324 0.57396 0.54665 0.52008 0.49505 0.47118 0.44775 0.42681 0.40578 0.38673 0.36673 0.34855 0.33037 0.31344 0.29795 0.28248 0.26918 0.25707 0.24577 0.23484 0.22462 0.2153 0.2066 0.19774 0.18985 0.18245 0.1762 0.16232 0.20705 0.2514 0.24287 0.26688 0.36145 0.52489 0.6645 0.71631 0.70761 0.66584 0.63714 
156.5 1.464 1.5662 1.6418 1.6644 1.677 1.6913 1.7036 1.7127 1.7211 1.7291 1.7305 1.7194 1.7006 1.6803 1.6578 1.6322 1.6046 1.5769 1.5516 1.5331 1.5227 1.5179 1.517 1.5213 1.5211 1.5097 1.4976 1.4882 1.4795 1.4693 1.4519 1.4303 1.408 1.3865 1.3658 1.3438 1.3244 1.3059 1.2898 1.2767 1.2625 1.2488 1.2363 1.2213 1.203 1.1684 1.1291 1.0927 1.0537 1.0168 0.97876 0.94214 0.90475 0.86846 0.83256 0.79669 0.76307 0.72926 0.69646 0.66444 0.63299 0.60292 0.5737 0.54638 0.51993 0.49502 0.47114 0.44778 0.42687 0.40594 0.38695 0.367 0.3489 0.33072 0.31388 0.29845 0.28296 0.2697 0.25768 0.24638 0.23542 0.22528 0.21599 0.20727 0.19843 0.19055 0.18329 0.17706 0.16311 0.20793 0.25237 0.24386 0.26782 0.36229 0.52562 0.66514 0.71682 0.70786 0.66583 0.63705 
157 1.4642 1.5663 1.6418 1.6643 1.6768 1.691 1.7033 1.7123 1.7207 1.7288 1.7302 1.7191 1.7004 1.6802 1.6579 1.6322 1.6047 1.5769 1.5517 1.5331 1.5226 1.5176 1.5167 1.521 1.5208 1.5093 1.4972 1.4878 1.4791 1.4689 1.4514 1.4299 1.4076 1.3862 1.3654 1.3433 1.3238 1.3054 1.2894 1.2762 1.2621 1.2485 1.2359 1.2211 1.2021 1.1666 1.1277 1.0916 1.0527 1.0156 0.97721 0.9405 0.90334 0.8673 0.83158 0.79588 0.76228 0.72846 0.69582 0.66395 0.63261 0.60264 0.57344 0.54609 0.51979 0.49502 0.47111 0.44782 0.42691 0.40611 0.38717 0.36724 0.34926 0.33106 0.31436 0.29897 0.28342 0.27023 0.2583 0.247 0.236 0.22595 0.21672 0.20798 0.19911 0.19122 0.18415 0.17796 0.16391 0.20884 0.25337 0.24488 0.26875 0.36303 0.52621 0.66567 0.71731 0.70814 0.66591 0.63709 
157.5 1.4645 1.5665 1.6417 1.6642 1.6767 1.6907 1.703 1.7119 1.7204 1.7285 1.7298 1.7188 1.7002 1.6802 1.6579 1.6323 1.6048 1.5769 1.5518 1.5331 1.5225 1.5174 1.5164 1.5207 1.5204 1.5089 1.4968 1.4875 1.4787 1.4684 1.451 1.4296 1.4072 1.3858 1.3651 1.3429 1.3233 1.3049 1.2889 1.2757 1.2616 1.2481 1.2356 1.221 1.2012 1.1649 1.1263 1.0905 1.0518 1.0144 0.97566 0.93887 0.90193 0.86614 0.83059 0.79507 0.7615 0.72766 0.69517 0.66346 0.63222 0.60235 0.57319 0.5458 0.51964 0.49501 0.47107 0.44787 0.42694 0.40628 0.38739 0.36748 0.34963 0.3314 0.31483 0.2995 0.28389 0.27075 0.25892 0.24761 0.23658 0.22661 0.21745 0.20869 0.1998 0.1919 0.18502 0.17886 0.16471 0.20976 0.25438 0.2459 0.26967 0.36378 0.52679 0.66619 0.7178 0.70842 0.66599 0.63713 
158 1.4647 1.5666 1.6417 1.6641 1.6765 1.6905 1.7026 1.7115 1.72 1.7282 1.7294 1.7184 1.7 1.6801 1.6579 1.6324 1.6048 1.5769 1.5519 1.5332 1.5223 1.5172 1.5161 1.5203 1.5201 1.5085 1.4965 1.4871 1.4783 1.4679 1.4506 1.4292 1.4068 1.3854 1.3648 1.3425 1.3228 1.3044 1.2884 1.2752 1.2612 1.2478 1.2352 1.2208 1.2002 1.1632 1.1249 1.0895 1.0508 1.0133 0.97411 0.93723 0.90053 0.86498 0.8296 0.79426 0.76071 0.72685 0.69453 0.66297 0.63184 0.60206 0.57294 0.54552 0.5195 0.495 0.47104 0.44791 0.42698 0.40645 0.38761 0.36771 0.35 0.33173 0.3153 0.30002 0.28436 0.27127 0.25954 0.24823 0.23716 0.22728 0.21817 0.2094 0.20048 0.19257 0.18589 0.17976 0.16551 0.21067 0.25538 0.24692 0.27059 0.36452 0.52738 0.66672 0.71828 0.7087 0.66607 0.63717 
158.5 1.465 1.5667 1.6417 1.6639 1.6762 1.6901 1.7022 1.711 1.7196 1.7279 1.7293 1.7183 1.6998 1.68 1.658 1.6325 1.6049 1.5771 1.5519 1.5331 1.5222 1.517 1.5159 1.5201 1.5197 1.5082 1.4961 1.4866 1.4777 1.4674 1.4501 1.4287 1.4064 1.385 1.3644 1.3421 1.3223 1.3039 1.2881 1.2749 1.2608 1.2477 1.2345 1.221 1.199 1.1613 1.1238 1.0874 1.0494 1.0117 0.97294 0.93616 0.89964 0.86409 0.8287 0.79341 0.75988 0.72621 0.6939 0.66243 0.63135 0.60166 0.57271 0.54546 0.51946 0.49486 0.47107 0.44813 0.42725 0.40675 0.38793 0.36808 0.35036 0.33213 0.31576 0.30054 0.28499 0.27194 0.26009 0.24873 0.23793 0.22813 0.21875 0.20992 0.20135 0.19357 0.18661 0.18044 0.16642 0.21162 0.25629 0.24784 0.27155 0.36546 0.52817 0.66721 0.71847 0.70878 0.66611 0.63714 
159 1.4652 1.5668 1.6416 1.6638 1.6759 1.6897 1.7017 1.7106 1.7192 1.7277 1.7292 1.7181 1.6996 1.6799 1.658 1.6325 1.6051 1.5772 1.5519 1.5331 1.522 1.5167 1.5158 1.5198 1.5194 1.508 1.4958 1.4861 1.4771 1.4668 1.4496 1.4282 1.4059 1.3846 1.364 1.3417 1.3218 1.3035 1.2877 1.2746 1.2604 1.2477 1.2337 1.2212 1.1977 1.1594 1.1226 1.0854 1.0479 1.0101 0.97177 0.93509 0.89874 0.8632 0.8278 0.79255 0.75906 0.72557 0.69326 0.66188 0.63087 0.60126 0.57248 0.54539 0.51942 0.49472 0.4711 0.44834 0.42751 0.40704 0.38824 0.36845 0.35071 0.33253 0.31623 0.30107 0.28562 0.27261 0.26065 0.24924 0.23869 0.22898 0.21932 0.21044 0.20221 0.19457 0.18734 0.18112 0.16733 0.21257 0.2572 0.24876 0.27251 0.3664 0.52895 0.66771 0.71865 0.70886 0.66614 0.63711 
159.5 1.4654 1.5669 1.6416 1.6636 1.6756 1.6893 1.7012 1.7101 1.7188 1.7275 1.7291 1.7179 1.6995 1.6798 1.658 1.6326 1.6052 1.5773 1.5519 1.533 1.5218 1.5165 1.5156 1.5195 1.5191 1.5077 1.4954 1.4855 1.4765 1.4662 1.449 1.4277 1.4055 1.3842 1.3636 1.3413 1.3213 1.303 1.2873 1.2743 1.26 1.2476 1.2329 1.2213 1.1965 1.1574 1.1215 1.0834 1.0465 1.0085 0.9706 0.93402 0.89785 0.86231 0.82689 0.7917 0.75823 0.72492 0.69263 0.66133 0.63038 0.60087 0.57225 0.54533 0.51938 0.49458 0.47113 0.44856 0.42777 0.40734 0.38855 0.36882 0.35107 0.33292 0.31669 0.30159 0.28625 0.27328 0.26121 0.24975 0.23945 0.22982 0.21989 0.21096 0.20307 0.19557 0.18806 0.18179 0.16824 0.21353 0.2581 0.24968 0.27347 0.36733 0.52973 0.6682 0.71883 0.70894 0.66618 0.63708 
160 1.4656 1.567 1.6415 1.6634 1.6753 1.689 1.7008 1.7096 1.7184 1.7272 1.7289 1.7177 1.6993 1.6797 1.658 1.6327 1.6053 1.5774 1.5519 1.533 1.5217 1.5163 1.5154 1.5192 1.5188 1.5074 1.495 1.4851 1.476 1.4657 1.4486 1.4273 1.4051 1.3838 1.3632 1.3409 1.3209 1.3026 1.2869 1.274 1.2596 1.2475 1.2322 1.2213 1.1953 1.1557 1.1203 1.0815 1.0451 1.007 0.96943 0.93294 0.89693 0.86141 0.82599 0.79087 0.75745 0.72426 0.69202 0.6608 0.62991 0.6005 0.57201 0.54523 0.51934 0.49448 0.47117 0.44872 0.42801 0.40761 0.38884 0.36919 0.35144 0.33334 0.31715 0.30209 0.28685 0.27392 0.2618 0.25032 0.24015 0.23057 0.22052 0.21159 0.20389 0.19648 0.18883 0.18254 0.16913 0.21442 0.25895 0.25055 0.27439 0.36829 0.53063 0.66891 0.71928 0.70922 0.66631 0.63712 
160.5 1.4657 1.5671 1.6414 1.6632 1.6751 1.6887 1.7005 1.7093 1.7179 1.7267 1.7285 1.7174 1.6991 1.6797 1.6581 1.633 1.6054 1.5774 1.5518 1.5328 1.5215 1.5159 1.5149 1.5189 1.5183 1.5069 1.4946 1.4848 1.4757 1.4652 1.4481 1.427 1.4048 1.3835 1.3629 1.3406 1.3206 1.3023 1.2866 1.2736 1.2592 1.247 1.2316 1.2204 1.1943 1.1546 1.119 1.0801 1.0436 1.0058 0.96827 0.93186 0.89594 0.86049 0.82509 0.79012 0.75679 0.72356 0.69146 0.66031 0.62947 0.60027 0.57171 0.545 0.5193 0.49448 0.47124 0.44872 0.42815 0.4078 0.38906 0.36957 0.35184 0.33384 0.31755 0.30252 0.28736 0.27445 0.26252 0.25113 0.24068 0.23098 0.22133 0.21253 0.20455 0.19709 0.18973 0.1835 0.16993 0.21512 0.2596 0.25123 0.27519 0.36932 0.53193 0.67034 0.72059 0.71013 0.66676 0.63738 
161 1.4659 1.5671 1.6413 1.6629 1.6748 1.6883 1.7001 1.7089 1.7175 1.7262 1.7281 1.7171 1.6989 1.6797 1.6583 1.6332 1.6056 1.5773 1.5517 1.5327 1.5213 1.5156 1.5145 1.5185 1.5179 1.5063 1.4942 1.4846 1.4755 1.4648 1.4477 1.4267 1.4045 1.3832 1.3626 1.3403 1.3202 1.302 1.2862 1.2732 1.2588 1.2465 1.231 1.2196 1.1932 1.1535 1.1177 1.0786 1.0422 1.0045 0.96711 0.93078 0.89495 0.85957 0.82419 0.78937 0.75613 0.72285 0.6909 0.65983 0.62903 0.60003 0.57141 0.54477 0.51927 0.49449 0.47132 0.44871 0.42829 0.40799 0.38929 0.36995 0.35224 0.33434 0.31796 0.30295 0.28786 0.27498 0.26325 0.25193 0.2412 0.23139 0.22214 0.21348 0.20521 0.19771 0.19063 0.18447 0.17074 0.21582 0.26026 0.25191 0.27599 0.37035 0.53322 0.67177 0.72191 0.71104 0.66721 0.63764 
161.5 1.466 1.5672 1.6412 1.6627 1.6745 1.688 1.6998 1.7086 1.717 1.7257 1.7278 1.7168 1.6987 1.6796 1.6584 1.6335 1.6057 1.5773 1.5517 1.5326 1.521 1.5152 1.5141 1.5182 1.5175 1.5057 1.4938 1.4844 1.4752 1.4644 1.4472 1.4265 1.4042 1.3829 1.3624 1.3399 1.3199 1.3017 1.2859 1.2728 1.2584 1.246 1.2304 1.2187 1.1922 1.1523 1.1165 1.0772 1.0408 1.0032 0.96595 0.9297 0.89396 0.85865 0.82329 0.78863 0.75547 0.72215 0.69034 0.65934 0.62859 0.59979 0.57111 0.54454 0.51923 0.4945 0.47139 0.44871 0.42843 0.40818 0.38951 0.37033 0.35265 0.33484 0.31837 0.30338 0.28837 0.27551 0.26397 0.25273 0.24173 0.2318 0.22294 0.21443 0.20587 0.19833 0.19153 0.18544 0.17155 0.21652 0.26091 0.2526 0.27679 0.37137 0.53452 0.6732 0.72322 0.71195 0.66766 0.63791 
162 1.4661 1.5672 1.6411 1.6625 1.6742 1.6877 1.6994 1.7082 1.7166 1.7253 1.7275 1.7166 1.6985 1.6796 1.6584 1.6336 1.6058 1.5773 1.5516 1.5324 1.5208 1.5149 1.5137 1.5179 1.517 1.5052 1.4933 1.4841 1.475 1.464 1.4467 1.4261 1.4039 1.3827 1.3621 1.3395 1.3196 1.3014 1.2855 1.2724 1.2579 1.2455 1.2297 1.2179 1.1912 1.1512 1.1152 1.0759 1.0395 1.002 0.9648 0.92861 0.89294 0.85771 0.82241 0.78787 0.75479 0.72151 0.68981 0.65887 0.62821 0.59954 0.57085 0.54434 0.51916 0.49452 0.47148 0.4488 0.42859 0.40839 0.38979 0.37066 0.35302 0.33532 0.31883 0.30383 0.28882 0.27599 0.26462 0.25347 0.24231 0.23234 0.22367 0.21524 0.20656 0.19899 0.19228 0.18621 0.17229 0.21725 0.26163 0.25334 0.27759 0.37231 0.53557 0.67425 0.72404 0.71239 0.66768 0.63771 
162.5 1.4662 1.5672 1.641 1.6622 1.6739 1.6872 1.6989 1.7078 1.7163 1.725 1.7272 1.7165 1.6984 1.6795 1.6583 1.6335 1.6059 1.5774 1.5516 1.5323 1.5206 1.5146 1.5134 1.5176 1.5166 1.5048 1.493 1.4838 1.4748 1.4636 1.4462 1.4255 1.4036 1.3824 1.3618 1.3391 1.3192 1.3011 1.2852 1.2719 1.2573 1.2448 1.2289 1.217 1.1903 1.1501 1.1141 1.0748 1.0383 1.0008 0.96367 0.92752 0.8919 0.85675 0.82155 0.78709 0.7541 0.72094 0.68931 0.65842 0.6279 0.59926 0.57063 0.5442 0.51905 0.49455 0.47158 0.44902 0.42876 0.40861 0.39013 0.37092 0.35336 0.33577 0.31935 0.30431 0.28921 0.27643 0.26519 0.25411 0.24298 0.23302 0.2243 0.2159 0.20729 0.1997 0.19286 0.18674 0.17296 0.218 0.26243 0.25415 0.27841 0.37313 0.53635 0.67484 0.72429 0.71229 0.66718 0.63698 
163 1.4664 1.5672 1.6408 1.662 1.6736 1.6868 1.6985 1.7073 1.716 1.7247 1.727 1.7164 1.6982 1.6794 1.6583 1.6335 1.6059 1.5775 1.5517 1.5322 1.5203 1.5143 1.5131 1.5172 1.5161 1.5044 1.4926 1.4834 1.4746 1.4632 1.4456 1.425 1.4033 1.3822 1.3615 1.3387 1.3188 1.3007 1.2848 1.2715 1.2568 1.2442 1.2281 1.2161 1.1893 1.149 1.113 1.0737 1.0372 0.99961 0.96254 0.92643 0.89085 0.85579 0.82069 0.78631 0.7534 0.72037 0.68881 0.65796 0.62758 0.59899 0.57042 0.54405 0.51894 0.49459 0.47168 0.44924 0.42892 0.40884 0.39048 0.37119 0.3537 0.33622 0.31988 0.30479 0.28961 0.27687 0.26575 0.25476 0.24364 0.23371 0.22494 0.21656 0.20801 0.20041 0.19344 0.18727 0.17363 0.21874 0.26323 0.25497 0.27923 0.37395 0.53713 0.67543 0.72453 0.71218 0.66668 0.63625 
163.5 1.4665 1.5672 1.6407 1.6618 1.6732 1.6864 1.698 1.7069 1.7157 1.7244 1.7268 1.7163 1.6981 1.6793 1.6582 1.6334 1.606 1.5776 1.5517 1.532 1.5201 1.514 1.5128 1.5169 1.5157 1.5039 1.4922 1.4831 1.4743 1.4629 1.445 1.4245 1.403 1.382 1.3612 1.3383 1.3185 1.3004 1.2844 1.271 1.2562 1.2436 1.2274 1.2153 1.1884 1.1479 1.1118 1.0726 1.036 0.99841 0.96141 0.92534 0.8898 0.85483 0.81984 0.78554 0.7527 0.7198 0.68831 0.65751 0.62727 0.59871 0.5702 0.54391 0.51883 0.49463 0.47178 0.44946 0.42909 0.40906 0.39083 0.37145 0.35404 0.33667 0.32041 0.30527 0.29 0.27731 0.26632 0.2554 0.24431 0.2344 0.22557 0.21721 0.20874 0.20113 0.19403 0.1878 0.1743 0.21949 0.26403 0.25578 0.28005 0.37478 0.5379 0.67602 0.72477 0.71208 0.66618 0.63551 
164 1.4665 1.5672 1.6405 1.6615 1.6729 1.686 1.6975 1.7065 1.7153 1.7242 1.7266 1.7162 1.6981 1.6793 1.6582 1.6334 1.606 1.5777 1.5517 1.532 1.5199 1.5137 1.5125 1.5165 1.5153 1.5035 1.4917 1.4827 1.4739 1.4625 1.4446 1.4241 1.4027 1.3816 1.3608 1.3379 1.3181 1.3 1.284 1.2705 1.2556 1.2429 1.2266 1.2144 1.1874 1.1469 1.1107 1.0715 1.0349 0.99731 0.96037 0.92435 0.88883 0.8539 0.81905 0.78482 0.75203 0.71926 0.68786 0.65713 0.62688 0.59836 0.57 0.54377 0.51873 0.49465 0.47189 0.4495 0.42919 0.4093 0.39107 0.37185 0.35443 0.33695 0.32093 0.30588 0.2906 0.27792 0.26682 0.25592 0.24501 0.23516 0.22616 0.21774 0.2095 0.202 0.19474 0.18847 0.17506 0.22023 0.26471 0.2564 0.28063 0.37535 0.5385 0.67663 0.72533 0.71245 0.66628 0.63548 
164.5 1.4666 1.5671 1.6403 1.6612 1.6725 1.6856 1.6971 1.706 1.715 1.724 1.7265 1.7161 1.6981 1.6793 1.6581 1.6334 1.6061 1.5777 1.5518 1.532 1.5198 1.5135 1.5122 1.5162 1.515 1.5031 1.4913 1.4822 1.4734 1.4621 1.4442 1.4238 1.4024 1.3812 1.3603 1.3375 1.3177 1.2996 1.2835 1.2699 1.255 1.2422 1.2258 1.2136 1.1864 1.1459 1.1097 1.0704 1.0338 0.99626 0.95938 0.9234 0.88789 0.85298 0.81831 0.78413 0.75138 0.71874 0.68745 0.65678 0.62646 0.59798 0.5698 0.54363 0.51862 0.49467 0.472 0.44946 0.42927 0.40955 0.39125 0.37231 0.35486 0.33716 0.32146 0.30656 0.2913 0.2786 0.26729 0.25639 0.24573 0.23596 0.22672 0.21821 0.21027 0.20294 0.19551 0.1892 0.17587 0.22097 0.26532 0.25694 0.28111 0.37581 0.53902 0.67727 0.72603 0.71303 0.66666 0.63577 
165 1.4666 1.5671 1.6401 1.6609 1.6721 1.6851 1.6966 1.7056 1.7146 1.7238 1.7263 1.716 1.6981 1.6793 1.6581 1.6335 1.6061 1.5778 1.5519 1.532 1.5196 1.5132 1.5118 1.5158 1.5147 1.5028 1.4908 1.4817 1.4729 1.4618 1.4439 1.4234 1.402 1.3808 1.3599 1.3371 1.3173 1.2992 1.283 1.2694 1.2544 1.2415 1.2251 1.2127 1.1854 1.1448 1.1086 1.0693 1.0327 0.99521 0.95839 0.92246 0.88696 0.85206 0.81756 0.78344 0.75072 0.71822 0.68703 0.65643 0.62604 0.5976 0.5696 0.54349 0.51852 0.49469 0.47211 0.44942 0.42934 0.4098 0.39143 0.37278 0.35528 0.33738 0.32198 0.30723 0.29199 0.27929 0.26776 0.25685 0.24645 0.23676 0.22728 0.21869 0.21104 0.20388 0.19628 0.18993 0.17668 0.2217 0.26593 0.25747 0.28159 0.37627 0.53953 0.6779 0.72673 0.71362 0.66704 0.63605 
165.5 1.4666 1.567 1.6399 1.6605 1.6718 1.6847 1.6961 1.7051 1.7143 1.7236 1.7262 1.7158 1.6981 1.6793 1.6581 1.6335 1.6061 1.5778 1.552 1.532 1.5195 1.513 1.5115 1.5154 1.5144 1.5024 1.4903 1.4812 1.4723 1.4614 1.4435 1.4231 1.4017 1.3804 1.3595 1.3366 1.3169 1.2988 1.2824 1.2688 1.2539 1.2408 1.2243 1.2119 1.1844 1.1438 1.1075 1.0682 1.0316 0.99416 0.95739 0.92151 0.88602 0.85114 0.81682 0.78276 0.75007 0.7177 0.68662 0.65608 0.62561 0.59721 0.5694 0.54335 0.51841 0.4947 0.47222 0.44939 0.42941 0.41005 0.39162 0.37324 0.35571 0.33759 0.32251 0.3079 0.29269 0.27998 0.26823 0.25731 0.24717 0.23756 0.22785 0.21916 0.21181 0.20482 0.19705 0.19066 0.17749 0.22244 0.26655 0.25801 0.28207 0.37673 0.54005 0.67853 0.72742 0.7142 0.66742 0.63633 
166 1.4668 1.5671 1.6398 1.6602 1.6713 1.6841 1.6955 1.7045 1.7139 1.7235 1.7262 1.7159 1.6981 1.6792 1.658 1.6335 1.606 1.5777 1.5519 1.5319 1.5193 1.5127 1.5113 1.5152 1.514 1.5019 1.4899 1.4808 1.4719 1.4609 1.4432 1.4228 1.4013 1.3801 1.3592 1.3363 1.3165 1.2982 1.2819 1.2682 1.2532 1.24 1.2235 1.2111 1.1834 1.1428 1.1065 1.0673 1.0307 0.99318 0.95642 0.92058 0.88513 0.85032 0.81605 0.78198 0.74945 0.71711 0.68605 0.65564 0.62534 0.59705 0.5692 0.54326 0.51836 0.49463 0.47223 0.44962 0.42972 0.41026 0.39189 0.37355 0.356 0.33806 0.32292 0.30824 0.29316 0.28053 0.26886 0.25795 0.24787 0.23832 0.22858 0.21985 0.21256 0.2056 0.19771 0.19137 0.1783 0.2232 0.26732 0.25885 0.28282 0.3772 0.54016 0.67832 0.72697 0.71374 0.66726 0.6364 
166.5 1.4671 1.5672 1.6396 1.6599 1.6708 1.6835 1.6948 1.7039 1.7136 1.7235 1.7263 1.7159 1.698 1.6791 1.658 1.6334 1.6059 1.5776 1.5518 1.5317 1.519 1.5124 1.5111 1.515 1.5137 1.5014 1.4895 1.4804 1.4715 1.4605 1.4429 1.4225 1.4008 1.3798 1.359 1.336 1.3161 1.2976 1.2812 1.2677 1.2525 1.2393 1.2228 1.2102 1.1824 1.1417 1.1054 1.0663 1.0298 0.9922 0.95545 0.91965 0.88423 0.84951 0.81527 0.78119 0.74884 0.71651 0.68548 0.6552 0.62508 0.5969 0.56901 0.54318 0.51832 0.49454 0.47224 0.44987 0.43004 0.41046 0.39217 0.37386 0.35628 0.33856 0.32331 0.30856 0.2936 0.28106 0.26952 0.25859 0.24856 0.23907 0.22934 0.22056 0.21331 0.20637 0.19837 0.19208 0.17911 0.22396 0.26811 0.25971 0.28359 0.37767 0.54024 0.67802 0.72642 0.71317 0.66704 0.63644 
167 1.4673 1.5673 1.6395 1.6595 1.6704 1.6829 1.6941 1.7033 1.7132 1.7234 1.7263 1.716 1.698 1.679 1.658 1.6334 1.6058 1.5775 1.5517 1.5316 1.5188 1.5122 1.5109 1.5148 1.5133 1.5009 1.4891 1.4801 1.471 1.46 1.4427 1.4222 1.4003 1.3794 1.3588 1.3356 1.3157 1.2971 1.2806 1.2671 1.2519 1.2385 1.222 1.2094 1.1814 1.1407 1.1044 1.0653 1.0289 0.99123 0.95448 0.91872 0.88334 0.8487 0.8145 0.7804 0.74823 0.71591 0.68491 0.65475 0.62482 0.59675 0.56882 0.54309 0.51827 0.49445 0.47225 0.45013 0.43036 0.41067 0.39245 0.37416 0.35656 0.33906 0.3237 0.30887 0.29405 0.2816 0.27017 0.25924 0.24925 0.23982 0.23009 0.22127 0.21407 0.20713 0.19903 0.19279 0.17991 0.22472 0.2689 0.26058 0.28436 0.37814 0.54032 0.67773 0.72586 0.7126 0.66682 0.63648 
167.5 1.4675 1.5673 1.6393 1.6592 1.6699 1.6824 1.6935 1.7027 1.7128 1.7233 1.7264 1.716 1.6979 1.6789 1.6579 1.6333 1.6057 1.5775 1.5516 1.5314 1.5186 1.5119 1.5107 1.5145 1.5129 1.5005 1.4888 1.4797 1.4706 1.4596 1.4423 1.4219 1.3999 1.3791 1.3585 1.3353 1.3153 1.2965 1.28 1.2665 1.2512 1.2378 1.2213 1.2085 1.1804 1.1396 1.1033 1.0643 1.028 0.99025 0.95351 0.91779 0.88245 0.84787 0.81373 0.77964 0.74762 0.71533 0.68435 0.65431 0.62455 0.59658 0.56864 0.543 0.51823 0.4944 0.47225 0.45036 0.43066 0.41088 0.39275 0.37447 0.35686 0.33955 0.32411 0.30923 0.29451 0.28213 0.27083 0.2599 0.24991 0.24053 0.23083 0.22199 0.21479 0.20786 0.19971 0.19353 0.1807 0.22545 0.26964 0.26138 0.28508 0.37861 0.54049 0.67763 0.72554 0.71224 0.66667 0.63648 
168 1.4673 1.5671 1.639 1.6588 1.6695 1.6819 1.693 1.7022 1.7125 1.7231 1.7263 1.716 1.6979 1.6789 1.6579 1.6332 1.6057 1.5774 1.5514 1.5313 1.5185 1.5117 1.5103 1.514 1.5124 1.5003 1.4885 1.4792 1.4701 1.4592 1.4419 1.4215 1.3997 1.379 1.3583 1.3349 1.3148 1.2961 1.2795 1.266 1.2506 1.2373 1.2207 1.2075 1.1792 1.1386 1.1023 1.0632 1.0269 0.98929 0.95252 0.91691 0.88156 0.84696 0.81298 0.77905 0.74701 0.71487 0.68392 0.6539 0.6242 0.59627 0.56853 0.54289 0.51821 0.49453 0.47228 0.45042 0.4308 0.41117 0.39316 0.37481 0.3573 0.33996 0.32456 0.30983 0.29504 0.28265 0.27148 0.26062 0.25042 0.24097 0.23152 0.22281 0.21539 0.20835 0.2006 0.19446 0.18136 0.22601 0.2701 0.26176 0.28543 0.37909 0.54127 0.67869 0.72664 0.71311 0.6669 0.63626 
168.5 1.4672 1.5669 1.6387 1.6585 1.6691 1.6815 1.6925 1.7018 1.7122 1.7228 1.7263 1.716 1.6978 1.6789 1.6578 1.6331 1.6056 1.5773 1.5513 1.5311 1.5183 1.5116 1.51 1.5135 1.512 1.5 1.4882 1.4787 1.4697 1.4588 1.4415 1.4212 1.3995 1.3788 1.3581 1.3345 1.3143 1.2957 1.279 1.2654 1.2501 1.2367 1.22 1.2064 1.178 1.1375 1.1013 1.0622 1.0259 0.98833 0.95154 0.91602 0.88068 0.84605 0.81224 0.77846 0.7464 0.71442 0.68349 0.65348 0.62385 0.59595 0.56843 0.54279 0.51819 0.49466 0.47231 0.45048 0.43094 0.41145 0.39358 0.37516 0.35773 0.34038 0.32502 0.31044 0.29558 0.28317 0.27214 0.26134 0.25092 0.24141 0.2322 0.22363 0.21599 0.20883 0.20148 0.19539 0.18202 0.22658 0.27056 0.26213 0.28579 0.37956 0.54205 0.67975 0.72774 0.71398 0.66712 0.63603 
169 1.467 1.5666 1.6384 1.6581 1.6687 1.681 1.6921 1.7014 1.7119 1.7226 1.7262 1.716 1.6978 1.6788 1.6577 1.633 1.6056 1.5772 1.5511 1.531 1.5182 1.5114 1.5096 1.513 1.5115 1.4998 1.4879 1.4782 1.4693 1.4585 1.4411 1.4208 1.3993 1.3787 1.3579 1.3341 1.3138 1.2952 1.2785 1.2648 1.2495 1.2361 1.2194 1.2054 1.1768 1.1365 1.1003 1.0611 1.0248 0.98736 0.95056 0.91514 0.87979 0.84514 0.81149 0.77787 0.74579 0.71397 0.68306 0.65306 0.6235 0.59564 0.56832 0.54268 0.51817 0.49479 0.47234 0.45053 0.43108 0.41174 0.394 0.3755 0.35817 0.3408 0.32547 0.31104 0.29611 0.28369 0.27279 0.26207 0.25142 0.24184 0.23288 0.22444 0.21658 0.20932 0.20237 0.19631 0.18268 0.22714 0.27102 0.26251 0.28614 0.38004 0.54282 0.68081 0.72884 0.71485 0.66735 0.6358 
169.5 1.4668 1.5664 1.6381 1.6578 1.6683 1.6806 1.6917 1.701 1.7115 1.7224 1.7261 1.7159 1.6978 1.6788 1.6576 1.6329 1.6056 1.5772 1.551 1.5308 1.518 1.5111 1.5093 1.5126 1.5111 1.4994 1.4875 1.4778 1.4688 1.4581 1.4409 1.4208 1.399 1.3781 1.3573 1.3337 1.3134 1.2948 1.2781 1.2643 1.249 1.2356 1.2189 1.2045 1.1756 1.1354 1.0992 1.06 1.0238 0.98638 0.94961 0.91423 0.87893 0.84432 0.81076 0.77724 0.74521 0.71348 0.68263 0.65272 0.62317 0.59536 0.5682 0.54259 0.51816 0.49487 0.47241 0.45062 0.43128 0.41204 0.39436 0.37584 0.35859 0.34126 0.32596 0.31162 0.29666 0.28425 0.27338 0.2627 0.252 0.24238 0.23354 0.22518 0.21722 0.20991 0.20316 0.19712 0.18335 0.22772 0.27148 0.2629 0.28657 0.38067 0.54372 0.68189 0.72988 0.71561 0.66742 0.63542 
170 1.4666 1.5661 1.6377 1.6574 1.6679 1.6802 1.6913 1.7007 1.7113 1.7222 1.7259 1.7158 1.6977 1.6787 1.6575 1.6328 1.6056 1.5772 1.5509 1.5306 1.5178 1.5109 1.509 1.5123 1.5107 1.4989 1.487 1.4773 1.4683 1.4579 1.4413 1.4213 1.3986 1.3769 1.3562 1.3333 1.3131 1.2943 1.2776 1.2638 1.2484 1.2351 1.2185 1.2038 1.1744 1.1342 1.0981 1.0589 1.0227 0.98535 0.94873 0.9133 0.8781 0.84366 0.81007 0.77655 0.74467 0.71291 0.68219 0.65249 0.62286 0.59513 0.56806 0.54253 0.51815 0.49486 0.47255 0.45077 0.43159 0.41235 0.39462 0.3762 0.359 0.34179 0.32649 0.31216 0.29723 0.28487 0.27388 0.26317 0.25269 0.24307 0.23416 0.22579 0.21791 0.21067 0.20379 0.19771 0.18405 0.22833 0.27196 0.26331 0.28714 0.38156 0.54483 0.68301 0.73082 0.71616 0.66724 0.63476 
170.5 1.4665 1.5658 1.6374 1.6571 1.6675 1.6798 1.691 1.7004 1.711 1.722 1.7257 1.7156 1.6977 1.6786 1.6573 1.6327 1.6056 1.5772 1.5509 1.5305 1.5175 1.5106 1.5087 1.512 1.5103 1.4984 1.4865 1.4769 1.4678 1.4576 1.4417 1.4218 1.3983 1.3756 1.3552 1.3329 1.3128 1.2939 1.2771 1.2633 1.2479 1.2345 1.218 1.2031 1.1733 1.1331 1.097 1.0579 1.0216 0.98433 0.94784 0.91237 0.87728 0.843 0.80937 0.77585 0.74414 0.71235 0.68175 0.65226 0.62255 0.59491 0.56792 0.54247 0.51815 0.49485 0.47269 0.45091 0.4319 0.41267 0.39488 0.37655 0.3594 0.34232 0.32702 0.3127 0.2978 0.2855 0.27437 0.26365 0.25339 0.24377 0.23477 0.2264 0.2186 0.21144 0.20441 0.19831 0.18474 0.22894 0.27243 0.26372 0.28771 0.38245 0.54594 0.68413 0.73176 0.71672 0.66706 0.6341 
171 1.4663 1.5655 1.637 1.6567 1.6672 1.6794 1.6906 1.7001 1.7107 1.7218 1.7255 1.7155 1.6976 1.6785 1.6572 1.6326 1.6056 1.5772 1.5508 1.5303 1.5173 1.5103 1.5084 1.5117 1.51 1.4979 1.4861 1.4764 1.4673 1.4574 1.4421 1.4223 1.3979 1.3743 1.3541 1.3325 1.3125 1.2935 1.2766 1.2627 1.2474 1.234 1.2176 1.2024 1.1721 1.132 1.0959 1.0568 1.0205 0.9833 0.94695 0.91144 0.87645 0.84235 0.80867 0.77516 0.7436 0.71179 0.68132 0.65204 0.62225 0.59468 0.56777 0.54242 0.51815 0.49483 0.47283 0.45105 0.43221 0.41299 0.39513 0.3769 0.35981 0.34286 0.32755 0.31324 0.29837 0.28612 0.27487 0.26412 0.25408 0.24446 0.23539 0.22701 0.2193 0.21221 0.20504 0.19891 0.18543 0.22955 0.27291 0.26412 0.28827 0.38334 0.54705 0.68525 0.7327 0.71728 0.66688 0.63343 
171.5 1.4662 1.5653 1.6367 1.6564 1.6668 1.679 1.6902 1.6997 1.7104 1.7216 1.7254 1.7154 1.6975 1.6784 1.6571 1.6326 1.6055 1.5772 1.5508 1.5302 1.5171 1.51 1.5081 1.5113 1.5095 1.4975 1.4857 1.476 1.467 1.4571 1.4418 1.422 1.3975 1.3739 1.3536 1.3321 1.3121 1.293 1.2761 1.2622 1.247 1.2336 1.2172 1.2016 1.1708 1.1307 1.0948 1.0558 1.0195 0.98238 0.94607 0.91056 0.87569 0.84166 0.80798 0.7745 0.74301 0.71129 0.68091 0.65171 0.622 0.59447 0.56762 0.54233 0.51808 0.49481 0.47291 0.45129 0.43244 0.41326 0.39548 0.37724 0.3602 0.34327 0.32793 0.31366 0.29888 0.28668 0.27543 0.2647 0.25472 0.24512 0.23598 0.22759 0.22001 0.21295 0.20567 0.19949 0.18605 0.23015 0.27349 0.26472 0.28892 0.38405 0.5478 0.68597 0.73323 0.71757 0.66716 0.63382 
172 1.4661 1.5652 1.6365 1.656 1.6664 1.6786 1.6897 1.6993 1.7101 1.7214 1.7254 1.7154 1.6975 1.6783 1.6571 1.6325 1.6053 1.5771 1.5508 1.5301 1.517 1.5098 1.5077 1.5108 1.5091 1.4972 1.4853 1.4756 1.4667 1.4568 1.4411 1.4211 1.3972 1.374 1.3535 1.3317 1.3116 1.2924 1.2756 1.2617 1.2466 1.2333 1.2169 1.2007 1.1694 1.1294 1.0936 1.0548 1.0187 0.98155 0.9452 0.90972 0.87498 0.84095 0.80731 0.77387 0.74238 0.71085 0.68051 0.65132 0.62179 0.59427 0.56748 0.54222 0.51796 0.49477 0.47296 0.4516 0.43261 0.41349 0.39589 0.37757 0.36059 0.34361 0.32823 0.31402 0.29935 0.2872 0.27604 0.26535 0.25532 0.24575 0.23655 0.22816 0.22074 0.21368 0.2063 0.20006 0.1866 0.23073 0.27414 0.26545 0.28962 0.38464 0.5483 0.68642 0.73349 0.71768 0.66776 0.63491 
172.5 1.4661 1.565 1.6362 1.6557 1.6661 1.6782 1.6892 1.6988 1.7098 1.7213 1.7253 1.7154 1.6974 1.6783 1.657 1.6324 1.6051 1.577 1.5508 1.53 1.5168 1.5095 1.5073 1.5103 1.5087 1.4969 1.485 1.4753 1.4664 1.4564 1.4403 1.4203 1.3969 1.374 1.3534 1.3314 1.311 1.2919 1.2751 1.2612 1.2462 1.233 1.2166 1.1998 1.1679 1.1281 1.0924 1.0538 1.0178 0.98071 0.94432 0.90888 0.87426 0.84024 0.80664 0.77323 0.74175 0.7104 0.68012 0.65092 0.62158 0.59407 0.56733 0.54211 0.51785 0.49474 0.47302 0.4519 0.43279 0.41372 0.3963 0.3779 0.36098 0.34395 0.32852 0.31437 0.29983 0.28773 0.27666 0.26599 0.25592 0.24639 0.23712 0.22873 0.22146 0.21441 0.20693 0.20063 0.18716 0.23132 0.2748 0.26617 0.29032 0.38522 0.5488 0.68686 0.73375 0.71779 0.66836 0.636 
173 1.466 1.5649 1.6359 1.6554 1.6657 1.6778 1.6887 1.6983 1.7095 1.7211 1.7252 1.7154 1.6974 1.6782 1.657 1.6323 1.6049 1.5769 1.5508 1.53 1.5166 1.5093 1.5069 1.5098 1.5082 1.4965 1.4846 1.4749 1.4661 1.4561 1.4396 1.4194 1.3966 1.3741 1.3534 1.331 1.3105 1.2913 1.2746 1.2606 1.2459 1.2327 1.2162 1.1989 1.1665 1.1268 1.0913 1.0528 1.0169 0.97987 0.94345 0.90803 0.87355 0.83953 0.80597 0.7726 0.74112 0.70995 0.67973 0.65053 0.62138 0.59386 0.56718 0.542 0.51773 0.49471 0.47307 0.45221 0.43296 0.41395 0.39671 0.37823 0.36137 0.34429 0.32882 0.31473 0.3003 0.28825 0.27727 0.26664 0.25652 0.24702 0.2377 0.22931 0.22219 0.21514 0.20755 0.2012 0.18772 0.23191 0.27546 0.2669 0.29102 0.38581 0.54929 0.68731 0.73402 0.71789 0.66896 0.63709 
173.5 1.466 1.5648 1.6357 1.655 1.6653 1.6773 1.6882 1.6979 1.7092 1.721 1.7252 1.7153 1.6973 1.6781 1.6569 1.6322 1.6048 1.5768 1.5507 1.5299 1.5165 1.509 1.5064 1.5092 1.5078 1.4962 1.4843 1.4747 1.4658 1.4556 1.439 1.4189 1.3962 1.374 1.3532 1.3306 1.3102 1.291 1.2742 1.2603 1.2456 1.2324 1.2161 1.1981 1.165 1.1254 1.0901 1.0518 1.0158 0.97886 0.94256 0.90722 0.87277 0.83875 0.80529 0.77208 0.74066 0.7095 0.67935 0.65017 0.6211 0.59371 0.56705 0.54195 0.51777 0.49476 0.47317 0.45236 0.43321 0.4142 0.39699 0.37859 0.36181 0.34483 0.32935 0.31523 0.30082 0.28881 0.27788 0.26729 0.25709 0.24757 0.23836 0.23 0.22276 0.21568 0.20818 0.20186 0.18837 0.23253 0.27607 0.26754 0.29164 0.38634 0.54969 0.68745 0.73381 0.71745 0.66837 0.63644 
174 1.4659 1.5647 1.6355 1.6547 1.6649 1.6768 1.6877 1.6975 1.7089 1.7209 1.7252 1.7153 1.6971 1.6779 1.6567 1.632 1.6047 1.5767 1.5506 1.5298 1.5164 1.5086 1.5059 1.5086 1.5073 1.4958 1.484 1.4745 1.4656 1.455 1.4385 1.4185 1.3958 1.3739 1.353 1.3302 1.3099 1.2907 1.2739 1.26 1.2453 1.2322 1.2159 1.1972 1.1635 1.1241 1.0889 1.0507 1.0147 0.97781 0.94167 0.90641 0.87197 0.83797 0.8046 0.77158 0.74024 0.70904 0.67898 0.64983 0.62081 0.59357 0.56693 0.54191 0.51784 0.49483 0.47329 0.45249 0.43346 0.41445 0.39724 0.37896 0.36227 0.34541 0.32993 0.31576 0.30134 0.28938 0.2785 0.26794 0.25765 0.24809 0.23904 0.23073 0.2233 0.21617 0.20881 0.20254 0.18904 0.23315 0.27667 0.26816 0.29224 0.38686 0.55006 0.68752 0.73351 0.71689 0.66754 0.63542 
174.5 1.4659 1.5646 1.6352 1.6543 1.6645 1.6763 1.6872 1.6971 1.7085 1.7207 1.7252 1.7152 1.697 1.6778 1.6566 1.6318 1.6046 1.5767 1.5506 1.5297 1.5163 1.5083 1.5054 1.508 1.5068 1.4955 1.4836 1.4743 1.4653 1.4544 1.438 1.4181 1.3954 1.3737 1.3528 1.3298 1.3097 1.2904 1.2735 1.2597 1.245 1.232 1.2158 1.1963 1.1619 1.1228 1.0877 1.0496 1.0137 0.97677 0.94078 0.90561 0.87117 0.83718 0.80392 0.77108 0.73982 0.70859 0.6786 0.64949 0.62051 0.59342 0.5668 0.54187 0.51791 0.49489 0.47341 0.45261 0.43372 0.4147 0.3975 0.37933 0.36272 0.346 0.33052 0.3163 0.30187 0.28995 0.27911 0.26859 0.25821 0.24862 0.23972 0.23146 0.22384 0.21666 0.20944 0.20322 0.1897 0.23378 0.27727 0.26878 0.29284 0.38738 0.55043 0.6876 0.7332 0.71633 0.66671 0.6344 
175 1.4658 1.5645 1.635 1.654 1.664 1.6758 1.6867 1.6967 1.7082 1.7206 1.7252 1.7152 1.6969 1.6776 1.6564 1.6317 1.6044 1.5766 1.5505 1.5297 1.5161 1.508 1.5049 1.5075 1.5063 1.4952 1.4833 1.4741 1.465 1.4539 1.4375 1.4177 1.395 1.3736 1.3526 1.3295 1.3094 1.2901 1.2732 1.2594 1.2448 1.2318 1.2157 1.1954 1.1604 1.1215 1.0865 1.0485 1.0126 0.97573 0.93988 0.9048 0.87037 0.8364 0.80325 0.77058 0.7394 0.70813 0.67823 0.64914 0.62022 0.59328 0.56668 0.54183 0.51798 0.49496 0.47353 0.45273 0.43397 0.41495 0.39775 0.37971 0.36316 0.34657 0.3311 0.31683 0.30239 0.29051 0.27972 0.26924 0.25877 0.24914 0.24039 0.23217 0.22439 0.21716 0.21007 0.20389 0.19037 0.2344 0.27786 0.2694 0.29343 0.3879 0.5508 0.68767 0.73291 0.71581 0.66594 0.63346 
175.5 1.4656 1.5642 1.6347 1.6537 1.6638 1.6756 1.6865 1.6965 1.7081 1.7204 1.7249 1.715 1.6969 1.6776 1.6564 1.6317 1.6045 1.5766 1.5504 1.5295 1.5158 1.5076 1.5047 1.5075 1.5059 1.4944 1.4827 1.4736 1.4645 1.4535 1.4372 1.4173 1.3946 1.3732 1.3522 1.3292 1.3091 1.2897 1.2728 1.2591 1.2447 1.2312 1.2164 1.1943 1.1584 1.1204 1.0848 1.0475 1.0114 0.97487 0.93891 0.90396 0.86957 0.83574 0.80273 0.77001 0.7389 0.70759 0.67776 0.64881 0.62005 0.59323 0.56662 0.54176 0.51796 0.49505 0.47368 0.45284 0.43412 0.41527 0.39798 0.38015 0.3635 0.34681 0.33163 0.31733 0.30292 0.29101 0.28026 0.26977 0.2592 0.24964 0.24092 0.23269 0.225 0.21781 0.21063 0.2044 0.19094 0.23496 0.27837 0.26985 0.29394 0.3884 0.55103 0.68757 0.73278 0.71599 0.66639 0.63396 
176 1.4654 1.5639 1.6345 1.6534 1.6635 1.6753 1.6863 1.6963 1.7079 1.7202 1.7247 1.7148 1.6968 1.6776 1.6563 1.6317 1.6045 1.5766 1.5503 1.5293 1.5156 1.5072 1.5046 1.5075 1.5054 1.4936 1.4821 1.4731 1.4641 1.4532 1.4368 1.417 1.3943 1.3728 1.3518 1.3289 1.3087 1.2893 1.2725 1.2587 1.2447 1.2305 1.2171 1.1933 1.1564 1.1193 1.083 1.0466 1.0103 0.97402 0.93794 0.90313 0.86877 0.83508 0.80222 0.76945 0.7384 0.70705 0.6773 0.64848 0.61987 0.59318 0.56655 0.54169 0.51794 0.49514 0.47383 0.45295 0.43427 0.41558 0.3982 0.38059 0.36383 0.34706 0.33216 0.31783 0.30345 0.29151 0.28081 0.2703 0.25964 0.25014 0.24145 0.2332 0.22562 0.21845 0.21118 0.20491 0.19151 0.23553 0.27888 0.27031 0.29444 0.38891 0.55126 0.68747 0.73264 0.71617 0.66684 0.63447 
176.5 1.4652 1.5637 1.6342 1.6532 1.6632 1.6751 1.686 1.6961 1.7078 1.72 1.7244 1.7146 1.6968 1.6776 1.6562 1.6317 1.6045 1.5766 1.5502 1.5292 1.5153 1.5069 1.5044 1.5075 1.505 1.4928 1.4815 1.4726 1.4637 1.4528 1.4365 1.4166 1.3939 1.3724 1.3515 1.3286 1.3083 1.2889 1.2722 1.2583 1.2446 1.2298 1.2178 1.1922 1.1544 1.1182 1.0813 1.0457 1.0092 0.97317 0.93697 0.90229 0.86796 0.83442 0.80171 0.76889 0.7379 0.70651 0.67684 0.64815 0.61969 0.59313 0.56649 0.54161 0.51792 0.49523 0.47399 0.45306 0.43442 0.41589 0.39843 0.38103 0.36417 0.34731 0.3327 0.31833 0.30397 0.292 0.28136 0.27083 0.26007 0.25065 0.24198 0.23372 0.22624 0.2191 0.21174 0.20542 0.19208 0.23609 0.27939 0.27077 0.29494 0.38941 0.5515 0.68738 0.73251 0.71634 0.66729 0.63498 
177 1.465 1.5634 1.6339 1.6529 1.6629 1.6748 1.6858 1.6959 1.7076 1.7198 1.7242 1.7144 1.6967 1.6775 1.6561 1.6316 1.6045 1.5765 1.5501 1.529 1.515 1.5065 1.5042 1.5074 1.5046 1.4922 1.481 1.4721 1.4633 1.4525 1.4361 1.4163 1.3936 1.372 1.3512 1.3283 1.308 1.2885 1.2719 1.2579 1.2445 1.2292 1.2181 1.1912 1.1527 1.1171 1.0797 1.0447 1.0081 0.97228 0.93603 0.90145 0.86716 0.83375 0.80116 0.76832 0.73743 0.70604 0.67643 0.64783 0.61951 0.59303 0.56639 0.54157 0.51792 0.49532 0.47415 0.45321 0.43462 0.41622 0.3987 0.38141 0.36453 0.34761 0.3332 0.31886 0.30451 0.29252 0.28188 0.27134 0.26056 0.25118 0.24255 0.23427 0.22681 0.21968 0.21228 0.20595 0.19265 0.23666 0.27993 0.27124 0.29543 0.38992 0.55188 0.68761 0.73267 0.7167 0.66782 0.63547 
177.5 1.4647 1.5631 1.6336 1.6526 1.6626 1.6745 1.6856 1.6956 1.7073 1.7195 1.724 1.7142 1.6965 1.6774 1.6561 1.6315 1.6043 1.5764 1.55 1.5289 1.5147 1.5063 1.5039 1.5068 1.5042 1.4919 1.4806 1.4717 1.4628 1.4521 1.4358 1.4159 1.3934 1.3718 1.351 1.3281 1.3077 1.2882 1.2716 1.2577 1.2441 1.2288 1.2176 1.1904 1.1517 1.116 1.0786 1.0437 1.0071 0.97131 0.93515 0.9006 0.86634 0.83304 0.80049 0.76777 0.73701 0.70575 0.67618 0.64755 0.61932 0.5928 0.56619 0.54159 0.51797 0.49541 0.47433 0.45348 0.43495 0.4166 0.39906 0.38162 0.36497 0.34806 0.33364 0.31945 0.3051 0.2931 0.28232 0.27181 0.26118 0.25182 0.2432 0.23493 0.22727 0.22009 0.21279 0.2065 0.1932 0.23724 0.28051 0.27176 0.29587 0.39042 0.55265 0.68869 0.73357 0.71753 0.66858 0.63594 
178 1.4644 1.5627 1.6332 1.6523 1.6624 1.6743 1.6853 1.6954 1.7069 1.7192 1.7238 1.714 1.6963 1.6773 1.656 1.6313 1.6041 1.5762 1.55 1.5288 1.5145 1.5061 1.5035 1.5063 1.5038 1.4916 1.4802 1.4712 1.4624 1.4517 1.4354 1.4156 1.3931 1.3715 1.3509 1.328 1.3074 1.2879 1.2713 1.2574 1.2438 1.2283 1.217 1.1896 1.1507 1.115 1.0775 1.0426 1.0061 0.97035 0.93428 0.89976 0.86552 0.83232 0.79983 0.76721 0.7366 0.70545 0.67592 0.64726 0.61912 0.59257 0.56599 0.54162 0.51802 0.4955 0.47452 0.45375 0.43528 0.41698 0.39942 0.38183 0.36541 0.3485 0.33407 0.32004 0.30568 0.29368 0.28276 0.27228 0.2618 0.25245 0.24385 0.23559 0.22773 0.22049 0.21329 0.20705 0.19375 0.23782 0.2811 0.27227 0.29632 0.39093 0.55342 0.68977 0.73447 0.71835 0.66934 0.6364 
178.5 1.4642 1.5624 1.6329 1.652 1.6621 1.674 1.6851 1.6951 1.7066 1.719 1.7236 1.7138 1.6962 1.6772 1.656 1.6312 1.6039 1.576 1.5499 1.5286 1.5142 1.5059 1.5032 1.5058 1.5034 1.4913 1.4798 1.4708 1.4619 1.4512 1.435 1.4153 1.3929 1.3713 1.3507 1.3278 1.3071 1.2876 1.2709 1.2572 1.2435 1.2278 1.2164 1.1888 1.1498 1.1139 1.0764 1.0416 1.0051 0.96938 0.9334 0.89891 0.86469 0.83161 0.79916 0.76666 0.73618 0.70516 0.67567 0.64698 0.61893 0.59233 0.56579 0.54165 0.51808 0.49558 0.4747 0.45403 0.43561 0.41736 0.39978 0.38204 0.36584 0.34895 0.33451 0.32063 0.30626 0.29426 0.28321 0.27276 0.26242 0.25308 0.24449 0.23625 0.22819 0.22089 0.2138 0.20761 0.19431 0.23841 0.28169 0.27278 0.29677 0.39144 0.55419 0.69085 0.73537 0.71918 0.67009 0.63686 
179 1.4639 1.5621 1.6325 1.6517 1.6618 1.6737 1.6848 1.6948 1.7064 1.7187 1.7233 1.7136 1.696 1.6771 1.6559 1.6311 1.6038 1.5759 1.5497 1.5284 1.5139 1.5056 1.5028 1.5054 1.5029 1.4908 1.4793 1.4704 1.4615 1.4508 1.4347 1.415 1.3927 1.371 1.3505 1.3276 1.3068 1.2872 1.2706 1.2568 1.2431 1.2274 1.2158 1.188 1.1489 1.1129 1.0754 1.0406 1.0041 0.96845 0.93251 0.89808 0.86393 0.83092 0.79851 0.7661 0.73571 0.70478 0.67536 0.64672 0.61869 0.59213 0.56572 0.54165 0.51812 0.49568 0.47485 0.45426 0.43588 0.41763 0.40012 0.38236 0.36627 0.34941 0.33497 0.32115 0.30674 0.29478 0.28376 0.27332 0.26302 0.25368 0.24506 0.23681 0.2287 0.22139 0.21437 0.20819 0.19486 0.23893 0.28217 0.27324 0.2972 0.39191 0.55482 0.69159 0.73585 0.71938 0.67017 0.63682 
179.5 1.4635 1.5617 1.6322 1.6513 1.6615 1.6735 1.6846 1.6946 1.7061 1.7185 1.723 1.7133 1.6958 1.6769 1.6558 1.6309 1.6037 1.5758 1.5496 1.5283 1.5137 1.5052 1.5025 1.5051 1.5025 1.4901 1.4787 1.47 1.4612 1.4504 1.4344 1.4148 1.3925 1.3708 1.3502 1.3274 1.3065 1.2869 1.2704 1.2564 1.2426 1.2268 1.2151 1.1872 1.148 1.1121 1.0745 1.0396 1.0032 0.96756 0.93159 0.89727 0.86322 0.83025 0.79788 0.76553 0.7352 0.70432 0.675 0.64648 0.61841 0.59195 0.56576 0.54164 0.51815 0.49579 0.47498 0.45445 0.43608 0.41781 0.40043 0.38279 0.36669 0.34988 0.33545 0.32161 0.30713 0.29525 0.28441 0.27397 0.26362 0.25425 0.24555 0.23728 0.22927 0.22197 0.21499 0.2088 0.19541 0.23941 0.28255 0.27365 0.29763 0.39235 0.55532 0.69202 0.73591 0.71897 0.66959 0.63629 
180 1.4632 1.5613 1.6318 1.651 1.6611 1.6732 1.6844 1.6944 1.7059 1.7182 1.7228 1.713 1.6956 1.6768 1.6557 1.6308 1.6036 1.5757 1.5494 1.5281 1.5134 1.5049 1.5022 1.5049 1.5021 1.4894 1.4781 1.4696 1.4608 1.4501 1.434 1.4146 1.3922 1.3705 1.35 1.3271 1.3062 1.2866 1.2701 1.256 1.242 1.2263 1.2144 1.1863 1.1472 1.1112 1.0736 1.0387 1.0022 0.96667 0.93068 0.89646 0.86251 0.82959 0.79726 0.76495 0.73468 0.70386 0.67464 0.64623 0.61813 0.59177 0.5658 0.54163 0.51819 0.4959 0.4751 0.45465 0.43629 0.41798 0.40075 0.38321 0.36711 0.35035 0.33594 0.32207 0.30752 0.29573 0.28506 0.27462 0.26422 0.25483 0.24605 0.23775 0.22984 0.22255 0.21561 0.20942 0.19597 0.23989 0.28293 0.27406 0.29805 0.39279 0.55581 0.69244 0.73598 0.71857 0.66902 0.63575 
180.5 1.4629 1.5609 1.6314 1.6506 1.6608 1.6729 1.6841 1.6942 1.7057 1.718 1.7225 1.7128 1.6954 1.6766 1.6555 1.6307 1.6036 1.5756 1.5492 1.5279 1.5132 1.5045 1.5018 1.5047 1.5017 1.4888 1.4775 1.4692 1.4605 1.4497 1.4337 1.4144 1.392 1.3702 1.3497 1.3269 1.3059 1.2863 1.2698 1.2556 1.2415 1.2258 1.2137 1.1854 1.1463 1.1103 1.0727 1.0377 1.0013 0.96578 0.92977 0.89566 0.8618 0.82892 0.79663 0.76438 0.73417 0.7034 0.67429 0.64599 0.61785 0.5916 0.56584 0.54161 0.51822 0.49601 0.47523 0.45484 0.4365 0.41816 0.40106 0.38364 0.36753 0.35083 0.33642 0.32253 0.30791 0.2962 0.28571 0.27528 0.26482 0.2554 0.24654 0.23822 0.2304 0.22313 0.21623 0.21003 0.19652 0.24036 0.28331 0.27446 0.29847 0.39323 0.55631 0.69287 0.73605 0.71816 0.66844 0.63522 
181 1.4626 1.5606 1.6311 1.6503 1.6606 1.6727 1.6839 1.6939 1.7054 1.7177 1.7222 1.7125 1.6951 1.6764 1.6554 1.631 1.604 1.5757 1.5488 1.5274 1.5129 1.5043 1.5015 1.5041 1.5012 1.4884 1.477 1.4686 1.46 1.4492 1.4333 1.4141 1.3919 1.3701 1.3495 1.3266 1.3056 1.286 1.2695 1.2551 1.241 1.2252 1.2129 1.1846 1.1455 1.1095 1.0719 1.0369 1.0004 0.96495 0.92896 0.8949 0.86105 0.8282 0.79606 0.76393 0.73375 0.703 0.67394 0.64575 0.61769 0.59148 0.56577 0.54162 0.51828 0.49613 0.47538 0.45501 0.4367 0.41848 0.40148 0.38406 0.36794 0.35124 0.33687 0.32305 0.30844 0.29674 0.2862 0.27575 0.2654 0.25601 0.24708 0.23872 0.23093 0.22368 0.2168 0.21061 0.19707 0.24084 0.28373 0.27491 0.29893 0.39372 0.55695 0.6937 0.73705 0.71928 0.66937 0.63591 
181.5 1.4623 1.5603 1.6308 1.6501 1.6603 1.6724 1.6837 1.6937 1.7052 1.7175 1.722 1.7123 1.6949 1.6761 1.6553 1.6314 1.6047 1.5759 1.5483 1.5267 1.5126 1.5042 1.501 1.5034 1.5005 1.4881 1.4766 1.468 1.4594 1.4488 1.4329 1.4138 1.3917 1.37 1.3493 1.3264 1.3053 1.2856 1.2691 1.2546 1.2405 1.2246 1.2122 1.1838 1.1447 1.1087 1.0712 1.0361 0.99956 0.96414 0.92819 0.89416 0.86028 0.82745 0.79551 0.76351 0.73337 0.70261 0.67361 0.64551 0.61757 0.59139 0.56568 0.54163 0.51836 0.49626 0.47554 0.45517 0.4369 0.41885 0.40194 0.38448 0.36835 0.35164 0.3373 0.32359 0.30902 0.29729 0.28664 0.27617 0.26598 0.25662 0.24764 0.23924 0.23145 0.22422 0.21736 0.21118 0.19762 0.24131 0.28417 0.27537 0.29939 0.39424 0.55765 0.69469 0.73839 0.72096 0.67084 0.63704 
182 1.4621 1.56 1.6305 1.6498 1.6601 1.6722 1.6835 1.6934 1.7049 1.7172 1.7217 1.7121 1.6947 1.6759 1.6552 1.6318 1.6053 1.576 1.5478 1.5261 1.5123 1.5041 1.5006 1.5027 1.4999 1.4877 1.4763 1.4673 1.4589 1.4484 1.4325 1.4135 1.3916 1.3699 1.3492 1.3261 1.3049 1.2853 1.2687 1.2541 1.2399 1.224 1.2115 1.183 1.1439 1.108 1.0704 1.0353 0.99871 0.96334 0.92743 0.89343 0.85951 0.8267 0.79496 0.76309 0.73298 0.70222 0.67327 0.64526 0.61744 0.5913 0.56558 0.54164 0.51843 0.49638 0.4757 0.45532 0.4371 0.41922 0.4024 0.3849 0.36877 0.35203 0.33773 0.32412 0.3096 0.29785 0.28708 0.27658 0.26655 0.25724 0.24821 0.23976 0.23197 0.22476 0.21791 0.21175 0.19817 0.24178 0.28461 0.27583 0.29986 0.39476 0.55834 0.69567 0.73973 0.72264 0.67231 0.63816 
182.5 1.4618 1.5597 1.6302 1.6495 1.6598 1.672 1.6832 1.6932 1.7047 1.717 1.7215 1.7119 1.6944 1.6756 1.6551 1.6322 1.606 1.5762 1.5473 1.5254 1.512 1.5039 1.5002 1.502 1.4993 1.4874 1.4759 1.4667 1.4583 1.4479 1.432 1.4133 1.3915 1.3698 1.349 1.3259 1.3046 1.285 1.2683 1.2536 1.2394 1.2235 1.2107 1.1822 1.1432 1.1072 1.0697 1.0345 0.99786 0.96253 0.92666 0.89269 0.85875 0.82596 0.79442 0.76268 0.7326 0.70183 0.67293 0.64502 0.61732 0.59121 0.56548 0.54165 0.5185 0.49651 0.47586 0.45548 0.4373 0.41959 0.40286 0.38532 0.36918 0.35243 0.33815 0.32466 0.31017 0.2984 0.28751 0.27699 0.26713 0.25786 0.24877 0.24028 0.23249 0.22531 0.21847 0.21231 0.19872 0.24225 0.28506 0.2763 0.30032 0.39527 0.55903 0.69666 0.74106 0.72432 0.67378 0.63929 
183 1.4621 1.5598 1.6299 1.6491 1.6595 1.6718 1.6831 1.693 1.7044 1.7166 1.7211 1.7116 1.6941 1.6755 1.655 1.6319 1.6055 1.576 1.5476 1.5256 1.5118 1.5034 1.4997 1.5015 1.4986 1.4865 1.4753 1.4665 1.4582 1.4478 1.4317 1.4128 1.3912 1.3696 1.3487 1.3256 1.3043 1.2845 1.2678 1.2532 1.2389 1.2229 1.2101 1.1814 1.1424 1.1064 1.0688 1.0336 0.997 0.96178 0.92594 0.89198 0.85816 0.82545 0.79392 0.76221 0.73218 0.7015 0.67263 0.64477 0.61716 0.59108 0.56534 0.54159 0.51852 0.49658 0.47604 0.45579 0.43763 0.41991 0.40315 0.3857 0.36956 0.35278 0.33863 0.32516 0.31059 0.29888 0.28801 0.27761 0.26767 0.25833 0.24939 0.24084 0.2331 0.22591 0.21905 0.21291 0.19934 0.24284 0.28561 0.2768 0.30092 0.39611 0.56008 0.69773 0.7419 0.7246 0.6732 0.63822 
183.5 1.4624 1.5598 1.6297 1.6487 1.6592 1.6716 1.6829 1.6928 1.7041 1.7162 1.7208 1.7113 1.6939 1.6754 1.6549 1.6316 1.6051 1.5759 1.548 1.5259 1.5116 1.5028 1.4992 1.5011 1.4979 1.4856 1.4747 1.4664 1.4581 1.4477 1.4315 1.4124 1.3909 1.3694 1.3485 1.3252 1.304 1.2841 1.2674 1.2527 1.2383 1.2223 1.2094 1.1806 1.1416 1.1056 1.068 1.0327 0.99613 0.96102 0.92523 0.89127 0.85758 0.82496 0.79343 0.76173 0.73176 0.70117 0.67233 0.64452 0.617 0.59095 0.5652 0.54152 0.51854 0.49664 0.47623 0.45611 0.43796 0.42022 0.40343 0.38607 0.36995 0.35312 0.33911 0.32567 0.311 0.29937 0.28851 0.27823 0.26822 0.25881 0.25 0.24141 0.2337 0.22652 0.21963 0.2135 0.19996 0.24344 0.28617 0.27731 0.30153 0.39696 0.56114 0.6988 0.74271 0.72484 0.67254 0.63706 
184 1.4626 1.5599 1.6294 1.6483 1.6588 1.6713 1.6827 1.6926 1.7039 1.7158 1.7204 1.711 1.6936 1.6752 1.6548 1.6313 1.6046 1.5757 1.5483 1.5262 1.5114 1.5023 1.4987 1.5007 1.4972 1.4847 1.4742 1.4662 1.458 1.4476 1.4312 1.412 1.3906 1.3692 1.3482 1.3249 1.3036 1.2837 1.2669 1.2523 1.2377 1.2217 1.2087 1.1798 1.1409 1.1048 1.0671 1.0318 0.99527 0.96027 0.92451 0.89056 0.857 0.82447 0.79294 0.76125 0.73134 0.70083 0.67203 0.64427 0.61684 0.59082 0.56507 0.54146 0.51856 0.49671 0.47642 0.45642 0.43829 0.42053 0.40371 0.38645 0.37033 0.35347 0.33959 0.32617 0.31141 0.29985 0.289 0.27884 0.26876 0.25928 0.25062 0.24198 0.23431 0.22713 0.22021 0.2141 0.20059 0.24403 0.28673 0.27782 0.30213 0.39782 0.56221 0.69988 0.74352 0.72507 0.67188 0.6359 
184.5 1.4627 1.5598 1.6292 1.648 1.6585 1.6711 1.6825 1.6924 1.7036 1.7154 1.7201 1.7106 1.6933 1.6751 1.6548 1.631 1.6042 1.5756 1.5485 1.5263 1.5112 1.5017 1.4982 1.5003 1.4965 1.4839 1.4736 1.466 1.4578 1.4474 1.4309 1.4116 1.3903 1.369 1.348 1.3246 1.3033 1.2833 1.2664 1.2519 1.2372 1.2211 1.208 1.179 1.1401 1.104 1.0663 1.0309 0.99443 0.95953 0.9238 0.88987 0.85642 0.82397 0.79244 0.76077 0.73092 0.70049 0.67174 0.64403 0.61668 0.5907 0.56496 0.54142 0.5186 0.49681 0.4766 0.4567 0.4386 0.42083 0.404 0.38682 0.37071 0.35385 0.34006 0.32665 0.31184 0.30032 0.2895 0.27943 0.2693 0.25978 0.25121 0.24255 0.23489 0.22768 0.22077 0.21467 0.20117 0.2446 0.28726 0.27831 0.30268 0.39851 0.56299 0.70062 0.74402 0.72513 0.67134 0.63508 
185 1.4622 1.5594 1.6289 1.6478 1.6584 1.671 1.6824 1.6923 1.7034 1.7151 1.7196 1.7103 1.693 1.6749 1.6546 1.6308 1.6041 1.5756 1.5484 1.5261 1.5109 1.5014 1.4979 1.5 1.4962 1.4833 1.473 1.4654 1.4573 1.4469 1.4306 1.4114 1.39 1.3688 1.3477 1.3242 1.303 1.2829 1.266 1.2513 1.2366 1.2205 1.2072 1.1781 1.1392 1.1031 1.0654 1.0301 0.9937 0.95881 0.92314 0.88925 0.85581 0.82341 0.79188 0.76028 0.73046 0.70012 0.67148 0.64383 0.61652 0.5906 0.56499 0.54154 0.51874 0.49702 0.47676 0.45679 0.43882 0.42111 0.40437 0.38716 0.37109 0.35437 0.34047 0.32701 0.31234 0.30078 0.28999 0.27987 0.26982 0.26037 0.2517 0.24312 0.23534 0.22804 0.22125 0.21516 0.20156 0.24501 0.28769 0.27873 0.30299 0.39853 0.56261 0.69993 0.74321 0.72442 0.67134 0.63566 
185.5 1.4617 1.559 1.6287 1.6476 1.6582 1.6708 1.6822 1.6921 1.7032 1.7148 1.7192 1.7099 1.6928 1.6747 1.6544 1.6305 1.604 1.5756 1.5483 1.526 1.5106 1.501 1.4975 1.4998 1.4959 1.4827 1.4724 1.4649 1.4568 1.4465 1.4304 1.4112 1.3898 1.3685 1.3474 1.3239 1.3026 1.2825 1.2656 1.2508 1.2361 1.22 1.2065 1.1772 1.1382 1.1022 1.0646 1.0294 0.99297 0.95809 0.92247 0.88863 0.85521 0.82285 0.79132 0.75978 0.73001 0.69975 0.67123 0.64363 0.61636 0.5905 0.56503 0.54166 0.51888 0.49724 0.47691 0.45689 0.43904 0.42139 0.40474 0.3875 0.37146 0.35488 0.34089 0.32738 0.31285 0.30123 0.29049 0.28031 0.27034 0.26097 0.25219 0.24368 0.23578 0.2284 0.22172 0.21564 0.20194 0.24542 0.28812 0.27915 0.3033 0.39855 0.56223 0.69924 0.74241 0.72371 0.67135 0.63624 
186 1.4612 1.5586 1.6284 1.6475 1.6581 1.6707 1.6821 1.6919 1.703 1.7145 1.7188 1.7096 1.6925 1.6745 1.6543 1.6303 1.6039 1.5757 1.5482 1.5258 1.5103 1.5006 1.4971 1.4995 1.4956 1.4822 1.4718 1.4644 1.4563 1.446 1.4301 1.4111 1.3895 1.3683 1.3471 1.3235 1.3023 1.2821 1.2652 1.2503 1.2355 1.2194 1.2057 1.1763 1.1373 1.1012 1.0637 1.0286 0.99224 0.95737 0.9218 0.88801 0.85461 0.8223 0.79077 0.75928 0.72955 0.69938 0.67097 0.64343 0.6162 0.59041 0.56506 0.54178 0.51902 0.49745 0.47707 0.45699 0.43926 0.42167 0.4051 0.38784 0.37184 0.3554 0.34131 0.32775 0.31335 0.30169 0.29098 0.28076 0.27086 0.26156 0.25268 0.24425 0.23623 0.22876 0.22219 0.21612 0.20233 0.24584 0.28855 0.27957 0.30361 0.39857 0.56185 0.69855 0.7416 0.723 0.67135 0.63682 
186.5 1.4607 1.5583 1.6282 1.6473 1.6579 1.6705 1.6819 1.6917 1.7027 1.7142 1.7184 1.7092 1.6922 1.6743 1.6541 1.6302 1.6038 1.5756 1.5481 1.5256 1.5101 1.5003 1.4967 1.4991 1.4951 1.4817 1.4713 1.4638 1.4558 1.4455 1.4298 1.4109 1.3893 1.3681 1.3469 1.3232 1.3019 1.2818 1.2647 1.2498 1.2351 1.2189 1.205 1.1754 1.1364 1.1003 1.0629 1.0278 0.99152 0.95667 0.92113 0.88738 0.85398 0.82172 0.79025 0.75883 0.72913 0.69906 0.67075 0.64325 0.61608 0.59035 0.56511 0.54182 0.51911 0.4976 0.47719 0.45715 0.43949 0.42193 0.40542 0.38821 0.37221 0.35583 0.34171 0.32811 0.31387 0.30219 0.2915 0.28126 0.27136 0.26212 0.25316 0.24477 0.23674 0.22924 0.22268 0.2166 0.2028 0.24633 0.28905 0.28006 0.30402 0.3988 0.56185 0.69834 0.74126 0.72265 0.67123 0.63689 
187 1.4605 1.5582 1.6281 1.6471 1.6577 1.6703 1.6816 1.6914 1.7024 1.7139 1.7181 1.7088 1.6919 1.674 1.6539 1.6301 1.6036 1.5753 1.548 1.5256 1.51 1.5 1.4963 1.4985 1.4945 1.4813 1.4708 1.4633 1.4553 1.4451 1.4293 1.4107 1.3893 1.368 1.3468 1.323 1.3015 1.2814 1.2643 1.2494 1.2347 1.2186 1.2043 1.1744 1.1356 1.0995 1.0621 1.0271 0.99082 0.95599 0.92047 0.88674 0.85333 0.82111 0.78978 0.75846 0.72877 0.69881 0.67058 0.64312 0.616 0.59036 0.56517 0.54178 0.51916 0.49767 0.47727 0.4574 0.43973 0.42217 0.40565 0.38864 0.37258 0.35613 0.34209 0.32845 0.31441 0.30277 0.29205 0.28184 0.27186 0.26263 0.25365 0.24524 0.23735 0.2299 0.22317 0.21706 0.20338 0.24694 0.28967 0.28066 0.30459 0.39935 0.56238 0.69881 0.74157 0.7228 0.67095 0.63624 
187.5 1.4603 1.558 1.628 1.647 1.6575 1.6701 1.6814 1.6911 1.702 1.7136 1.7178 1.7084 1.6915 1.6738 1.6537 1.6301 1.6035 1.5751 1.5478 1.5255 1.5098 1.4997 1.4959 1.4979 1.4939 1.4809 1.4703 1.4627 1.4548 1.4446 1.4289 1.4105 1.3892 1.3678 1.3467 1.3228 1.3011 1.2811 1.2639 1.2489 1.2344 1.2183 1.2037 1.1734 1.1347 1.0986 1.0613 1.0263 0.99011 0.95531 0.9198 0.8861 0.85268 0.8205 0.78931 0.75809 0.72841 0.69857 0.6704 0.64298 0.61592 0.59037 0.56523 0.54173 0.5192 0.49774 0.47735 0.45764 0.43997 0.42241 0.40588 0.38906 0.37295 0.35644 0.34248 0.32879 0.31496 0.30334 0.2926 0.28242 0.27235 0.26314 0.25414 0.2457 0.23796 0.23056 0.22366 0.21752 0.20396 0.24755 0.29028 0.28125 0.30516 0.39989 0.56292 0.69928 0.74188 0.72296 0.67067 0.6356 
188 1.46 1.5578 1.6279 1.6468 1.6573 1.6699 1.6812 1.6908 1.7017 1.7133 1.7175 1.708 1.6911 1.6735 1.6535 1.6301 1.6033 1.5748 1.5477 1.5254 1.5097 1.4994 1.4955 1.4973 1.4934 1.4805 1.4698 1.4622 1.4543 1.4441 1.4285 1.4103 1.3892 1.3677 1.3465 1.3226 1.3008 1.2807 1.2635 1.2485 1.234 1.2179 1.203 1.1725 1.1338 1.0978 1.0605 1.0256 0.98941 0.95463 0.91914 0.88546 0.85203 0.81989 0.78885 0.75772 0.72804 0.69832 0.67022 0.64285 0.61584 0.59038 0.56529 0.54169 0.51924 0.49781 0.47743 0.45789 0.44022 0.42264 0.40612 0.38948 0.37332 0.35675 0.34287 0.32913 0.31551 0.30392 0.29315 0.283 0.27284 0.26364 0.25462 0.24616 0.23856 0.23121 0.22416 0.21799 0.20454 0.24816 0.2909 0.28184 0.30572 0.40044 0.56346 0.69975 0.74219 0.72311 0.67038 0.63495 
188.5 1.4603 1.558 1.6278 1.6466 1.6571 1.6697 1.681 1.6905 1.7015 1.7129 1.7171 1.7076 1.6908 1.6733 1.6533 1.6299 1.6032 1.5747 1.5476 1.5253 1.5095 1.4991 1.495 1.4966 1.4927 1.48 1.4694 1.4617 1.4539 1.4438 1.4281 1.41 1.389 1.3675 1.3463 1.3224 1.3004 1.2804 1.2631 1.2482 1.2337 1.2176 1.2024 1.1715 1.1329 1.0969 1.0597 1.0248 0.98863 0.95397 0.91855 0.88488 0.85142 0.81933 0.78836 0.75728 0.72772 0.698 0.66994 0.64262 0.61567 0.59037 0.56523 0.54169 0.51935 0.49794 0.47764 0.45811 0.44045 0.42292 0.40641 0.38979 0.37375 0.35718 0.34323 0.32956 0.31595 0.30441 0.29368 0.28351 0.27333 0.26414 0.25515 0.24668 0.23908 0.23173 0.2246 0.21839 0.205 0.24857 0.29123 0.28211 0.30597 0.40067 0.56365 0.69986 0.74223 0.72315 0.6703 0.63475 
189 1.4609 1.5582 1.6276 1.6463 1.6569 1.6696 1.6808 1.6904 1.7012 1.7126 1.7166 1.7072 1.6905 1.673 1.6531 1.6297 1.6031 1.5747 1.5476 1.5252 1.5093 1.4988 1.4945 1.4959 1.492 1.4794 1.469 1.4614 1.4536 1.4435 1.4278 1.4095 1.3887 1.3672 1.3459 1.3221 1.3002 1.28 1.2628 1.2479 1.2333 1.2173 1.2018 1.1704 1.1319 1.096 1.0589 1.0239 0.98781 0.9533 0.918 0.88434 0.85084 0.8188 0.78787 0.75678 0.72742 0.69763 0.6696 0.64233 0.61545 0.59034 0.56511 0.54171 0.51949 0.49809 0.47792 0.45831 0.44068 0.42322 0.40674 0.39004 0.37422 0.35768 0.34358 0.33003 0.31634 0.30485 0.2942 0.28398 0.2738 0.26463 0.25569 0.24724 0.23955 0.23218 0.22503 0.21875 0.20539 0.24887 0.29139 0.2822 0.30603 0.40072 0.56364 0.69977 0.74213 0.72311 0.67033 0.6348 
189.5 1.4616 1.5585 1.6275 1.646 1.6566 1.6694 1.6806 1.6902 1.701 1.7122 1.7162 1.7067 1.6901 1.6728 1.6529 1.6295 1.603 1.5746 1.5475 1.5252 1.5092 1.4985 1.4939 1.4951 1.4913 1.4789 1.4686 1.461 1.4532 1.4432 1.4276 1.4091 1.3884 1.3669 1.3455 1.3219 1.2999 1.2796 1.2625 1.2476 1.2329 1.217 1.2011 1.1694 1.1309 1.0951 1.0581 1.0231 0.98698 0.95264 0.91744 0.8838 0.85025 0.81828 0.78738 0.75629 0.72711 0.69727 0.66925 0.64205 0.61522 0.59031 0.56499 0.54174 0.51963 0.49825 0.4782 0.45851 0.44091 0.42352 0.40706 0.39029 0.37468 0.35819 0.34393 0.33051 0.31674 0.3053 0.29472 0.28445 0.27428 0.26513 0.25623 0.2478 0.24001 0.23263 0.22545 0.21912 0.20578 0.24917 0.29156 0.28229 0.30609 0.40077 0.56363 0.69969 0.74202 0.72308 0.67036 0.63485 
190 1.4622 1.5588 1.6274 1.6457 1.6564 1.6692 1.6805 1.69 1.7007 1.7119 1.7157 1.7063 1.6898 1.6726 1.6527 1.6293 1.6029 1.5746 1.5475 1.5251 1.509 1.4983 1.4933 1.4944 1.4906 1.4784 1.4682 1.4606 1.4528 1.4429 1.4273 1.4087 1.388 1.3667 1.3452 1.3216 1.2996 1.2792 1.2622 1.2474 1.2326 1.2167 1.2005 1.1684 1.1299 1.0942 1.0573 1.0223 0.98616 0.95198 0.91689 0.88326 0.84967 0.81775 0.78688 0.7558 0.72681 0.6969 0.66891 0.64177 0.615 0.59029 0.56487 0.54176 0.51978 0.4984 0.47848 0.45871 0.44114 0.42382 0.40739 0.39055 0.37515 0.35869 0.34428 0.33099 0.31713 0.30574 0.29524 0.28493 0.27476 0.26562 0.25677 0.24836 0.24048 0.23308 0.22587 0.21948 0.20616 0.24948 0.29173 0.28238 0.30616 0.40083 0.56362 0.6996 0.74192 0.72305 0.67039 0.6349 
190.5 1.463 1.5593 1.6273 1.6454 1.6562 1.6691 1.6803 1.6897 1.7003 1.7114 1.7153 1.7059 1.6894 1.6723 1.6525 1.6291 1.6028 1.5746 1.5474 1.5248 1.5087 1.4979 1.493 1.494 1.4901 1.4778 1.4676 1.46 1.4524 1.4426 1.427 1.4085 1.3878 1.3665 1.345 1.3213 1.2994 1.279 1.2619 1.2471 1.2324 1.2167 1.1998 1.1672 1.1288 1.0933 1.0565 1.0215 0.98541 0.95122 0.91617 0.88262 0.84912 0.81726 0.78643 0.75544 0.72642 0.69654 0.66867 0.64165 0.61495 0.59021 0.56488 0.54181 0.51991 0.49862 0.4787 0.45892 0.44133 0.42409 0.4077 0.391 0.37546 0.35906 0.34474 0.33129 0.31763 0.30628 0.29569 0.28539 0.27532 0.26616 0.25723 0.2488 0.24093 0.23353 0.22633 0.21998 0.20665 0.24992 0.29215 0.2828 0.30661 0.40137 0.56429 0.7003 0.74249 0.72334 0.67038 0.63474 
191 1.4639 1.5597 1.6273 1.6451 1.656 1.669 1.6801 1.6894 1.6999 1.711 1.7149 1.7055 1.689 1.672 1.6523 1.6291 1.6027 1.5745 1.5473 1.5246 1.5083 1.4975 1.4927 1.4937 1.4897 1.4772 1.467 1.4594 1.4519 1.4423 1.4267 1.4083 1.3876 1.3663 1.3448 1.321 1.2992 1.2788 1.2616 1.2468 1.2323 1.2166 1.1992 1.166 1.1278 1.0925 1.0556 1.0207 0.98467 0.95045 0.91543 0.88196 0.84858 0.81679 0.78598 0.75509 0.72601 0.69618 0.66844 0.64156 0.61493 0.59014 0.56491 0.54186 0.52005 0.49885 0.47891 0.45913 0.44152 0.42436 0.408 0.39149 0.37575 0.35941 0.34521 0.33157 0.31815 0.30683 0.29614 0.28584 0.27589 0.2667 0.25768 0.24923 0.24138 0.23397 0.2268 0.22049 0.20714 0.25039 0.29262 0.28326 0.30711 0.40198 0.56505 0.70113 0.74315 0.72369 0.67036 0.63455 
191.5 1.4647 1.5602 1.6272 1.6448 1.6559 1.6689 1.6799 1.689 1.6994 1.7105 1.7145 1.7051 1.6887 1.6717 1.6522 1.629 1.6026 1.5745 1.5472 1.5244 1.508 1.4972 1.4924 1.4934 1.4892 1.4766 1.4663 1.4588 1.4515 1.442 1.4265 1.4081 1.3874 1.3661 1.3446 1.3207 1.2989 1.2787 1.2613 1.2465 1.2321 1.2166 1.1985 1.1647 1.1268 1.0916 1.0548 1.0198 0.98393 0.94968 0.91469 0.88131 0.84804 0.81631 0.78553 0.75474 0.7256 0.69583 0.66822 0.64147 0.61491 0.59006 0.56494 0.54192 0.52018 0.49907 0.47912 0.45935 0.44171 0.42463 0.40831 0.39197 0.37605 0.35976 0.34567 0.33185 0.31866 0.30738 0.29659 0.2863 0.27645 0.26725 0.25813 0.24966 0.24182 0.23441 0.22727 0.22101 0.20764 0.25086 0.29308 0.28373 0.30762 0.40259 0.56582 0.70195 0.74382 0.72403 0.67034 0.63437 
192 1.4655 1.5607 1.6272 1.6446 1.6557 1.6688 1.6797 1.6887 1.699 1.7101 1.7141 1.7047 1.6883 1.6714 1.652 1.6289 1.6026 1.5744 1.5471 1.5241 1.5077 1.4968 1.4921 1.493 1.4888 1.476 1.4657 1.4582 1.451 1.4416 1.4262 1.4079 1.3871 1.3659 1.3444 1.3203 1.2987 1.2785 1.261 1.2462 1.232 1.2166 1.1978 1.1635 1.1257 1.0907 1.0539 1.019 0.9832 0.94893 0.91395 0.88067 0.8475 0.81583 0.78508 0.75438 0.72521 0.69549 0.668 0.64138 0.61489 0.58999 0.56498 0.54197 0.52029 0.49928 0.47932 0.45957 0.44191 0.4249 0.40862 0.39243 0.37635 0.36012 0.34614 0.33215 0.31917 0.30792 0.29703 0.28676 0.277 0.26778 0.25858 0.2501 0.24227 0.23485 0.22774 0.22151 0.20812 0.25131 0.29353 0.28418 0.3081 0.40317 0.56654 0.70273 0.74447 0.72441 0.67039 0.63424 
192.5 1.4657 1.5607 1.6271 1.6445 1.6556 1.6687 1.6796 1.6885 1.6987 1.7096 1.7135 1.7041 1.6879 1.671 1.6517 1.6287 1.6025 1.5743 1.547 1.524 1.5075 1.4966 1.4918 1.4927 1.4884 1.4755 1.4651 1.4578 1.4506 1.4411 1.4257 1.4076 1.3868 1.3657 1.3442 1.3201 1.2985 1.2782 1.2609 1.2461 1.2319 1.2166 1.1972 1.1622 1.1246 1.0896 1.053 1.0182 0.98249 0.94828 0.91331 0.88017 0.84704 0.81539 0.78467 0.75402 0.72497 0.69537 0.66787 0.64123 0.61485 0.58992 0.56507 0.5421 0.52025 0.49931 0.47945 0.45984 0.44225 0.42524 0.40899 0.3926 0.37673 0.36055 0.34655 0.33267 0.31957 0.30829 0.29746 0.28729 0.27736 0.26817 0.25909 0.25059 0.24275 0.2353 0.22814 0.22187 0.20852 0.25167 0.29385 0.2845 0.30838 0.40341 0.56681 0.70311 0.74499 0.72509 0.67101 0.63472 
193 1.4658 1.5608 1.6271 1.6444 1.6555 1.6685 1.6794 1.6884 1.6984 1.7092 1.7129 1.7036 1.6876 1.6707 1.6514 1.6285 1.6024 1.5742 1.5468 1.5238 1.5073 1.4964 1.4914 1.4924 1.488 1.4749 1.4645 1.4574 1.4502 1.4406 1.4253 1.4072 1.3865 1.3655 1.344 1.3199 1.2983 1.278 1.2607 1.2461 1.2319 1.2167 1.1965 1.1608 1.1234 1.0886 1.0521 1.0174 0.98179 0.94763 0.91266 0.87968 0.84658 0.81494 0.78426 0.75366 0.72473 0.69525 0.66773 0.64108 0.61481 0.58986 0.56515 0.54223 0.52021 0.49933 0.47959 0.46011 0.44259 0.42559 0.40937 0.39277 0.37712 0.36098 0.34696 0.3332 0.31997 0.30867 0.29789 0.28782 0.27772 0.26856 0.25959 0.25109 0.24323 0.23574 0.22854 0.22224 0.20891 0.25203 0.29416 0.28483 0.30867 0.40366 0.56707 0.70349 0.74551 0.72577 0.67162 0.63519 
193.5 1.466 1.5608 1.627 1.6443 1.6554 1.6684 1.6792 1.6882 1.6981 1.7087 1.7124 1.7031 1.6872 1.6703 1.6511 1.6284 1.6022 1.5741 1.5467 1.5237 1.5072 1.4962 1.4911 1.492 1.4876 1.4743 1.464 1.4571 1.4498 1.4401 1.4248 1.4068 1.3862 1.3653 1.3438 1.3197 1.2982 1.2777 1.2606 1.246 1.2318 1.2167 1.1958 1.1595 1.1223 1.0875 1.0512 1.0166 0.98108 0.94699 0.91201 0.87918 0.84612 0.8145 0.78384 0.7533 0.72449 0.69513 0.6676 0.64093 0.61478 0.58979 0.56523 0.54236 0.52017 0.49936 0.47972 0.46038 0.44293 0.42593 0.40975 0.39295 0.37751 0.36141 0.34737 0.33372 0.32037 0.30904 0.29832 0.28835 0.27808 0.26895 0.26009 0.25158 0.24371 0.23619 0.22895 0.22261 0.20931 0.25239 0.29448 0.28515 0.30896 0.4039 0.56734 0.70387 0.74603 0.72645 0.67224 0.63567 
194 1.465 1.5602 1.6269 1.6445 1.6554 1.6682 1.679 1.6879 1.6977 1.7082 1.7118 1.7026 1.6868 1.6699 1.6508 1.6282 1.6021 1.5739 1.5466 1.5236 1.507 1.4959 1.4908 1.4915 1.4871 1.4738 1.4635 1.4566 1.4494 1.4396 1.4244 1.4065 1.3858 1.3651 1.3436 1.3195 1.298 1.2775 1.2604 1.2461 1.2316 1.2169 1.1951 1.1581 1.1213 1.0864 1.0504 1.0157 0.98032 0.94629 0.9114 0.87866 0.84564 0.81404 0.78341 0.75295 0.72423 0.69499 0.66747 0.64079 0.61472 0.58975 0.5653 0.54248 0.52023 0.49946 0.47987 0.46062 0.44324 0.42623 0.41012 0.3932 0.37787 0.36183 0.3478 0.33425 0.32074 0.30941 0.29877 0.28884 0.27848 0.26936 0.26054 0.252 0.24413 0.23658 0.22936 0.22306 0.20978 0.25283 0.29488 0.28555 0.3093 0.4042 0.56764 0.70422 0.74642 0.72685 0.67263 0.63604 
194.5 1.4617 1.558 1.6266 1.6452 1.6558 1.668 1.6786 1.6876 1.6973 1.7077 1.7112 1.7021 1.6862 1.6695 1.6505 1.6279 1.6018 1.5738 1.5465 1.5237 1.5071 1.4957 1.4903 1.4908 1.4865 1.4735 1.4632 1.4562 1.4489 1.4392 1.424 1.4061 1.3856 1.3649 1.3436 1.3193 1.2977 1.2776 1.2603 1.2464 1.2311 1.2175 1.1946 1.1566 1.1205 1.0852 1.0497 1.0146 0.97945 0.94549 0.91089 0.87808 0.8451 0.81355 0.78295 0.7526 0.72391 0.69479 0.66735 0.64068 0.61462 0.58975 0.56531 0.5426 0.52048 0.49968 0.48006 0.4608 0.44348 0.42644 0.41047 0.3936 0.37818 0.36222 0.34826 0.33478 0.32103 0.30974 0.29926 0.28926 0.27897 0.26981 0.26088 0.25229 0.24441 0.23688 0.22981 0.2237 0.21042 0.25343 0.29545 0.28608 0.30977 0.40459 0.568 0.70453 0.74655 0.72668 0.67255 0.63619 
195 1.4583 1.5559 1.6264 1.646 1.6562 1.6678 1.6783 1.6872 1.697 1.7071 1.7106 1.7016 1.6857 1.669 1.6502 1.6276 1.6016 1.5736 1.5464 1.5238 1.5071 1.4955 1.4898 1.49 1.4858 1.4732 1.4629 1.4557 1.4484 1.4387 1.4236 1.4058 1.3853 1.3648 1.3437 1.3192 1.2974 1.2776 1.2602 1.2467 1.2305 1.2181 1.194 1.1551 1.1198 1.084 1.049 1.0135 0.97859 0.94469 0.91038 0.8775 0.84456 0.81306 0.78248 0.75226 0.72359 0.69459 0.66724 0.64056 0.61453 0.58976 0.56533 0.54271 0.52072 0.49991 0.48025 0.46097 0.44373 0.42665 0.41082 0.39401 0.37848 0.36261 0.34873 0.33532 0.32133 0.31008 0.29974 0.28968 0.27946 0.27025 0.26121 0.25257 0.2447 0.23717 0.23026 0.22433 0.21106 0.25404 0.29602 0.28661 0.31023 0.40498 0.56837 0.70484 0.74667 0.72651 0.67247 0.63635 
195.5 1.4549 1.5538 1.6261 1.6467 1.6566 1.6676 1.6779 1.6869 1.6966 1.7066 1.71 1.701 1.6851 1.6686 1.6499 1.6273 1.6013 1.5735 1.5464 1.5239 1.5071 1.4952 1.4893 1.4893 1.4851 1.4729 1.4626 1.4552 1.4479 1.4382 1.4232 1.4055 1.385 1.3646 1.3437 1.319 1.2971 1.2777 1.2601 1.247 1.23 1.2186 1.1934 1.1536 1.119 1.0827 1.0483 1.0124 0.97772 0.94389 0.90987 0.87692 0.84402 0.81257 0.78202 0.75191 0.72327 0.6944 0.66712 0.64044 0.61443 0.58976 0.56535 0.54283 0.52097 0.50013 0.48044 0.46115 0.44398 0.42686 0.41117 0.39442 0.37879 0.36299 0.34919 0.33585 0.32163 0.31042 0.30023 0.2901 0.27995 0.2707 0.26155 0.25286 0.24498 0.23747 0.2307 0.22496 0.2117 0.25465 0.29659 0.28715 0.31069 0.40538 0.56874 0.70515 0.7468 0.72633 0.67239 0.6365 
196 1.4552 1.5539 1.6261 1.6465 1.6564 1.6674 1.6776 1.6865 1.6961 1.7061 1.7095 1.7005 1.6846 1.6682 1.6497 1.6271 1.6012 1.5734 1.5463 1.5237 1.507 1.495 1.4889 1.4889 1.4846 1.4723 1.4621 1.4547 1.4474 1.4378 1.4228 1.4053 1.385 1.3646 1.3435 1.3187 1.2969 1.2775 1.26 1.247 1.2295 1.2186 1.1928 1.1525 1.1182 1.0817 1.0475 1.0114 0.97693 0.94316 0.90933 0.87637 0.84337 0.81197 0.78155 0.75156 0.723 0.69419 0.66695 0.64036 0.61431 0.58975 0.5654 0.54289 0.52113 0.50026 0.48056 0.46135 0.44422 0.4271 0.41143 0.39478 0.37915 0.36332 0.34959 0.33628 0.32196 0.31077 0.30065 0.29052 0.28044 0.27116 0.26192 0.25322 0.24532 0.23782 0.23112 0.22543 0.2122 0.25512 0.297 0.28754 0.3111 0.40586 0.5694 0.70594 0.7475 0.72677 0.67246 0.63636 
196.5 1.4584 1.5559 1.6262 1.6456 1.6557 1.6672 1.6775 1.6862 1.6957 1.7056 1.709 1.6999 1.6842 1.6679 1.6495 1.627 1.6013 1.5733 1.5461 1.5234 1.5067 1.4948 1.4888 1.4888 1.4843 1.4716 1.4614 1.4542 1.4469 1.4374 1.4225 1.4051 1.3851 1.3647 1.3432 1.3182 1.2966 1.2773 1.2598 1.2467 1.2291 1.2181 1.1921 1.1519 1.1174 1.0808 1.0466 1.0106 0.97619 0.94248 0.90878 0.87585 0.84264 0.81128 0.78109 0.7512 0.72278 0.69396 0.66674 0.6403 0.61419 0.58974 0.56546 0.54292 0.52121 0.5003 0.48062 0.46156 0.44445 0.42736 0.41162 0.39511 0.37956 0.36359 0.34994 0.33663 0.32233 0.31113 0.30101 0.29093 0.28093 0.27163 0.26232 0.25363 0.24571 0.23821 0.23152 0.22576 0.21258 0.25547 0.29727 0.28782 0.31145 0.40642 0.5703 0.70711 0.74867 0.7277 0.67265 0.63598 
197 1.4616 1.5579 1.6263 1.6446 1.6551 1.6671 1.6773 1.6858 1.6952 1.7052 1.7085 1.6994 1.6837 1.6676 1.6492 1.627 1.6013 1.5733 1.546 1.5232 1.5064 1.4946 1.4886 1.4887 1.4839 1.4709 1.4607 1.4536 1.4465 1.437 1.4222 1.405 1.3852 1.3648 1.3429 1.3178 1.2962 1.277 1.2596 1.2465 1.2288 1.2176 1.1915 1.1512 1.1165 1.0798 1.0458 1.0098 0.97545 0.9418 0.90822 0.87532 0.84191 0.8106 0.78062 0.75084 0.72257 0.69373 0.66653 0.64024 0.61406 0.58973 0.56553 0.54294 0.52129 0.50035 0.48069 0.46177 0.44468 0.42762 0.41181 0.39544 0.37996 0.36386 0.35029 0.33698 0.3227 0.31149 0.30138 0.29134 0.28141 0.2721 0.26271 0.25404 0.2461 0.23861 0.23192 0.22609 0.21296 0.25582 0.29755 0.2881 0.31181 0.40698 0.5712 0.70828 0.74983 0.72863 0.67283 0.6356 
197.5 1.4648 1.5599 1.6263 1.6437 1.6544 1.6669 1.6771 1.6855 1.6947 1.7047 1.708 1.6988 1.6832 1.6673 1.649 1.6269 1.6013 1.5733 1.5459 1.5229 1.5062 1.4944 1.4884 1.4886 1.4835 1.4702 1.46 1.4531 1.446 1.4366 1.4219 1.4049 1.3854 1.3649 1.3425 1.3173 1.2959 1.2767 1.2594 1.2462 1.2284 1.217 1.1908 1.1505 1.1156 1.0789 1.0449 1.009 0.97472 0.94112 0.90767 0.87479 0.84118 0.80992 0.78016 0.75049 0.72235 0.6935 0.66632 0.64018 0.61394 0.58972 0.5656 0.54296 0.52138 0.50039 0.48076 0.46198 0.44491 0.42787 0.412 0.39577 0.38037 0.36413 0.35064 0.33733 0.32307 0.31186 0.30175 0.29176 0.2819 0.27257 0.26311 0.25445 0.24649 0.23901 0.23232 0.22642 0.21334 0.25618 0.29782 0.28838 0.31216 0.40753 0.5721 0.70945 0.751 0.72957 0.67302 0.63521 
198 1.4612 1.5574 1.6263 1.6449 1.6547 1.6663 1.6767 1.6853 1.6943 1.7041 1.7075 1.6983 1.6828 1.667 1.6488 1.6267 1.6011 1.5732 1.5457 1.5227 1.5059 1.4941 1.4881 1.4882 1.4831 1.4698 1.4595 1.4526 1.4456 1.4362 1.4215 1.4045 1.3851 1.3647 1.3423 1.3171 1.2957 1.2765 1.2591 1.2458 1.228 1.2165 1.1903 1.1498 1.1149 1.0782 1.0442 1.0082 0.97395 0.94045 0.90702 0.87419 0.84069 0.80951 0.77978 0.75013 0.72207 0.69329 0.66615 0.64007 0.61385 0.58967 0.56555 0.543 0.5215 0.50048 0.48092 0.46222 0.44514 0.42816 0.41226 0.39604 0.38067 0.36439 0.35088 0.33759 0.32334 0.3122 0.30208 0.2921 0.28223 0.27288 0.26355 0.25492 0.2468 0.23942 0.23247 0.22695 0.21426 0.25635 0.2978 0.28848 0.3124 0.40786 0.57233 0.70955 0.75104 0.72961 0.67321 0.63554 
198.5 1.4558 1.5537 1.6262 1.6468 1.6553 1.6656 1.6762 1.685 1.6939 1.7036 1.7069 1.6978 1.6824 1.6666 1.6485 1.6265 1.6009 1.573 1.5456 1.5225 1.5056 1.4937 1.4877 1.4878 1.4827 1.4693 1.459 1.4522 1.4453 1.4358 1.421 1.404 1.3848 1.3643 1.342 1.317 1.2956 1.2764 1.2588 1.2454 1.2275 1.2161 1.1897 1.1492 1.1143 1.0775 1.0435 1.0074 0.97318 0.93978 0.90634 0.87356 0.84028 0.80919 0.77943 0.74978 0.72178 0.69309 0.666 0.63996 0.61378 0.5896 0.56546 0.54304 0.52164 0.50059 0.4811 0.46246 0.44538 0.42845 0.41255 0.39629 0.38094 0.36463 0.35108 0.33783 0.32359 0.31254 0.30241 0.29241 0.28252 0.27313 0.264 0.25541 0.24708 0.23982 0.23254 0.22755 0.21533 0.25647 0.2977 0.28853 0.31262 0.40812 0.57238 0.70936 0.75077 0.72941 0.6734 0.63607 
199 1.4504 1.55 1.6262 1.6486 1.6559 1.665 1.6757 1.6848 1.6935 1.703 1.7064 1.6974 1.682 1.6663 1.6483 1.6263 1.6007 1.5728 1.5455 1.5224 1.5053 1.4933 1.4873 1.4873 1.4822 1.4689 1.4586 1.4518 1.4449 1.4354 1.4205 1.4036 1.3844 1.364 1.3418 1.3168 1.2954 1.2762 1.2585 1.2451 1.227 1.2156 1.1892 1.1485 1.1136 1.0768 1.0428 1.0067 0.97241 0.93912 0.90566 0.87294 0.83987 0.80886 0.77908 0.74942 0.72149 0.69288 0.66585 0.63984 0.61371 0.58954 0.56537 0.54308 0.52177 0.50069 0.48129 0.4627 0.44561 0.42874 0.41284 0.39655 0.38121 0.36488 0.35128 0.33807 0.32383 0.31288 0.30274 0.29273 0.28281 0.27339 0.26445 0.25589 0.24737 0.24023 0.23262 0.22814 0.2164 0.25659 0.2976 0.28859 0.31283 0.40838 0.57242 0.70918 0.7505 0.72921 0.67359 0.63659 
199.5 1.445 1.5464 1.6261 1.6504 1.6564 1.6643 1.6752 1.6846 1.6931 1.7025 1.7059 1.6969 1.6815 1.666 1.648 1.6261 1.6005 1.5726 1.5453 1.5222 1.505 1.4929 1.4869 1.4869 1.4818 1.4685 1.4581 1.4514 1.4446 1.435 1.4201 1.4032 1.384 1.3636 1.3415 1.3166 1.2952 1.276 1.2583 1.2447 1.2265 1.2151 1.1887 1.1478 1.113 1.0761 1.0421 1.0059 0.97164 0.93845 0.90498 0.87231 0.83945 0.80854 0.77874 0.74907 0.72119 0.69267 0.6657 0.63972 0.61364 0.58948 0.56529 0.54312 0.52191 0.5008 0.48148 0.46294 0.44585 0.42903 0.41313 0.3968 0.38148 0.36512 0.35149 0.3383 0.32409 0.31322 0.30307 0.29305 0.28309 0.27365 0.2649 0.25638 0.24766 0.24063 0.2327 0.22872 0.21746 0.25671 0.2975 0.28865 0.31305 0.40864 0.57248 0.709 0.75024 0.72902 0.67378 0.63711 
200 1.4463 1.5473 1.6257 1.6494 1.656 1.6643 1.675 1.6841 1.6928 1.7022 1.7056 1.6966 1.6812 1.6656 1.6477 1.6259 1.6003 1.5724 1.5451 1.522 1.5047 1.4925 1.4865 1.4866 1.4814 1.4681 1.4578 1.4511 1.4442 1.4347 1.4199 1.4028 1.3833 1.3628 1.3413 1.317 1.2954 1.2758 1.2579 1.2443 1.2261 1.2146 1.1881 1.1472 1.1123 1.0754 1.0413 1.0052 0.97099 0.9376 0.90418 0.87168 0.83899 0.80824 0.77849 0.74886 0.72091 0.69244 0.66554 0.63951 0.61353 0.58947 0.56526 0.54308 0.52196 0.50095 0.48172 0.46312 0.44596 0.42929 0.41336 0.39717 0.38169 0.36544 0.35195 0.3385 0.32473 0.31377 0.30331 0.2933 0.28341 0.27406 0.26519 0.25669 0.24809 0.24088 0.23332 0.22873 0.21689 0.25707 0.2981 0.28919 0.3136 0.40929 0.57328 0.70977 0.75069 0.72906 0.6736 0.63688 
200.5 1.4476 1.5482 1.6253 1.6483 1.6555 1.6643 1.6747 1.6837 1.6924 1.7019 1.7053 1.6963 1.6808 1.6652 1.6474 1.6257 1.6001 1.5722 1.5449 1.5217 1.5044 1.4922 1.4862 1.4862 1.481 1.4677 1.4574 1.4507 1.4438 1.4343 1.4197 1.4024 1.3826 1.3621 1.3411 1.3173 1.2955 1.2756 1.2575 1.2439 1.2257 1.214 1.1876 1.1466 1.1116 1.0747 1.0405 1.0046 0.97035 0.93676 0.90338 0.87105 0.83853 0.80794 0.77825 0.74865 0.72063 0.69221 0.66538 0.6393 0.61342 0.58945 0.56523 0.54305 0.52201 0.5011 0.48195 0.4633 0.44607 0.42954 0.41359 0.39754 0.38189 0.36576 0.35241 0.33869 0.32537 0.31433 0.30355 0.29354 0.28374 0.27447 0.26548 0.25701 0.24852 0.24113 0.23394 0.22874 0.21633 0.25744 0.2987 0.28972 0.31415 0.40994 0.57409 0.71053 0.75115 0.7291 0.67341 0.63666 
201 1.4489 1.5491 1.625 1.6472 1.6551 1.6642 1.6745 1.6832 1.6921 1.7016 1.705 1.696 1.6805 1.6648 1.6471 1.6255 1.5999 1.5719 1.5447 1.5215 1.5041 1.4919 1.4859 1.4858 1.4806 1.4673 1.4571 1.4504 1.4434 1.434 1.4194 1.402 1.3819 1.3613 1.3409 1.3176 1.2957 1.2753 1.2571 1.2436 1.2253 1.2135 1.187 1.146 1.111 1.074 1.0397 1.0039 0.96971 0.93591 0.90258 0.87042 0.83808 0.80765 0.77801 0.74844 0.72035 0.69198 0.66522 0.63909 0.61331 0.58944 0.5652 0.54302 0.52205 0.50125 0.48219 0.46349 0.44617 0.4298 0.41383 0.3979 0.3821 0.36608 0.35286 0.33889 0.32602 0.31488 0.30379 0.29379 0.28406 0.27488 0.26578 0.25732 0.24895 0.24137 0.23456 0.22875 0.21577 0.2578 0.2993 0.29026 0.3147 0.41059 0.57489 0.7113 0.75161 0.72914 0.67323 0.63644 
201.5 1.4495 1.5495 1.6247 1.6465 1.6547 1.6641 1.6742 1.6828 1.6917 1.7013 1.7046 1.6957 1.6801 1.6644 1.6468 1.6252 1.5996 1.5717 1.5445 1.5212 1.5038 1.4916 1.4856 1.4855 1.4803 1.4669 1.4567 1.4501 1.443 1.4337 1.4192 1.4017 1.3812 1.3606 1.3407 1.3178 1.2958 1.2751 1.2567 1.2432 1.2249 1.2129 1.1864 1.1454 1.1103 1.0734 1.0389 1.0032 0.96908 0.93515 0.90185 0.86979 0.83762 0.80734 0.77773 0.74821 0.72009 0.69175 0.66505 0.63892 0.6132 0.58941 0.56518 0.54301 0.52208 0.50139 0.4824 0.46365 0.44632 0.43005 0.41407 0.39825 0.38231 0.36638 0.35329 0.33911 0.32653 0.31536 0.30405 0.29406 0.28438 0.27527 0.2661 0.25764 0.24937 0.24165 0.23511 0.22884 0.21543 0.25817 0.29986 0.29076 0.31519 0.41115 0.57556 0.71194 0.75202 0.72917 0.673 0.63614 
202 1.4477 1.548 1.6247 1.6473 1.6546 1.6633 1.6737 1.6826 1.6914 1.701 1.7042 1.6952 1.6798 1.6642 1.6465 1.6248 1.5994 1.5716 1.5443 1.521 1.5035 1.4913 1.4852 1.485 1.4799 1.4668 1.4566 1.4497 1.4426 1.4333 1.419 1.4015 1.3806 1.3601 1.3404 1.3176 1.2956 1.2747 1.2563 1.2429 1.2245 1.2124 1.1857 1.1447 1.1096 1.0727 1.0383 1.0026 0.9685 0.93467 0.9013 0.86917 0.83718 0.80698 0.77737 0.74789 0.71988 0.69153 0.66489 0.63888 0.61311 0.58931 0.56523 0.54306 0.52205 0.50147 0.48253 0.46375 0.44662 0.43031 0.41433 0.39853 0.38253 0.36661 0.35359 0.33945 0.32662 0.31559 0.30434 0.29442 0.28471 0.27559 0.26655 0.25799 0.24977 0.24203 0.2354 0.2292 0.21583 0.25856 0.30027 0.29113 0.3155 0.41138 0.57577 0.71217 0.75224 0.72917 0.67263 0.6356 
202.5 1.4458 1.5465 1.6247 1.648 1.6544 1.6626 1.6733 1.6824 1.6912 1.7006 1.7039 1.6948 1.6795 1.664 1.6462 1.6245 1.5992 1.5715 1.5441 1.5207 1.5032 1.4909 1.4848 1.4845 1.4796 1.4667 1.4564 1.4494 1.4422 1.433 1.4188 1.4012 1.38 1.3595 1.3401 1.3175 1.2954 1.2743 1.256 1.2425 1.224 1.2118 1.185 1.1439 1.1089 1.072 1.0377 1.0021 0.96793 0.93419 0.90075 0.86856 0.83674 0.80662 0.777 0.74758 0.71967 0.69131 0.66472 0.63884 0.61302 0.58921 0.56527 0.54311 0.52202 0.50154 0.48266 0.46385 0.44691 0.43056 0.4146 0.39881 0.38275 0.36684 0.35389 0.33979 0.3267 0.31582 0.30464 0.29478 0.28505 0.27592 0.26699 0.25834 0.25017 0.2424 0.23569 0.22956 0.21622 0.25895 0.30068 0.2915 0.31581 0.41162 0.57598 0.7124 0.75246 0.72918 0.67226 0.63506 
203 1.444 1.5451 1.6247 1.6487 1.6543 1.6619 1.6728 1.6822 1.6909 1.7003 1.7035 1.6944 1.6792 1.6637 1.6459 1.6241 1.5989 1.5714 1.5439 1.5205 1.503 1.4906 1.4844 1.484 1.4792 1.4666 1.4562 1.449 1.4419 1.4326 1.4186 1.401 1.3795 1.359 1.3398 1.3173 1.2953 1.274 1.2556 1.2422 1.2236 1.2112 1.1843 1.1432 1.1082 1.0713 1.037 1.0015 0.96735 0.93371 0.9002 0.86794 0.83629 0.80626 0.77663 0.74727 0.71946 0.69109 0.66456 0.6388 0.61292 0.58911 0.56531 0.54316 0.52198 0.50162 0.48279 0.46395 0.4472 0.43081 0.41486 0.39909 0.38298 0.36707 0.35419 0.34013 0.32679 0.31605 0.30493 0.29513 0.28538 0.27625 0.26743 0.25869 0.25057 0.24278 0.23598 0.22992 0.21662 0.25934 0.3011 0.29187 0.31612 0.41186 0.57619 0.71263 0.75269 0.72918 0.67189 0.63452 
203.5 1.4454 1.5458 1.6244 1.648 1.6537 1.6616 1.6726 1.6818 1.6906 1.7 1.7032 1.694 1.6788 1.6635 1.6456 1.6238 1.5986 1.5711 1.5436 1.5202 1.5027 1.4904 1.484 1.4836 1.4789 1.4662 1.4559 1.4487 1.4416 1.4323 1.4182 1.4008 1.3795 1.3591 1.3395 1.3166 1.2947 1.2736 1.2553 1.2418 1.2232 1.2107 1.1836 1.1426 1.1076 1.0707 1.0364 1.0009 0.96677 0.93315 0.89964 0.86741 0.83584 0.80583 0.77622 0.74691 0.71921 0.69088 0.6644 0.63875 0.61287 0.58908 0.56539 0.54324 0.52204 0.50174 0.48291 0.46411 0.44747 0.431 0.41512 0.39934 0.38328 0.36744 0.35443 0.34042 0.32703 0.31632 0.30529 0.2955 0.28574 0.27662 0.26783 0.25907 0.25094 0.24315 0.23629 0.23031 0.21713 0.25975 0.30144 0.29222 0.3165 0.4123 0.57668 0.71319 0.75325 0.72962 0.67209 0.63457 
204 1.4504 1.5491 1.6239 1.6455 1.6527 1.6619 1.6725 1.6814 1.6902 1.6997 1.7029 1.6938 1.6785 1.6631 1.6454 1.6236 1.5983 1.5707 1.5432 1.5199 1.5025 1.4902 1.4837 1.4833 1.4785 1.4657 1.4554 1.4485 1.4413 1.4318 1.4176 1.4005 1.3801 1.3598 1.3392 1.3154 1.2936 1.2732 1.2552 1.2414 1.2228 1.2101 1.1829 1.142 1.107 1.0701 1.0359 1.0003 0.96619 0.93251 0.89907 0.86698 0.83537 0.80532 0.77577 0.74651 0.71891 0.69068 0.66424 0.6387 0.61288 0.58914 0.56551 0.54336 0.52219 0.50189 0.48302 0.46433 0.4477 0.43113 0.41535 0.39955 0.38369 0.36797 0.35459 0.34067 0.32747 0.31665 0.30573 0.29588 0.28613 0.27704 0.26818 0.25949 0.25128 0.2435 0.23662 0.23075 0.21776 0.26018 0.30171 0.29256 0.31698 0.41297 0.57751 0.71412 0.7542 0.73058 0.67293 0.6353 
204.5 1.4555 1.5524 1.6234 1.643 1.6516 1.6621 1.6725 1.6809 1.6898 1.6994 1.7026 1.6935 1.6782 1.6627 1.6451 1.6234 1.5979 1.5702 1.5429 1.5196 1.5023 1.4899 1.4834 1.483 1.4781 1.4652 1.455 1.4482 1.4411 1.4314 1.417 1.4002 1.3807 1.3606 1.3389 1.3141 1.2925 1.2728 1.255 1.241 1.2223 1.2096 1.1822 1.1414 1.1065 1.0695 1.0353 0.9997 0.96562 0.93187 0.89849 0.86656 0.8349 0.80481 0.77531 0.74611 0.71861 0.69048 0.66408 0.63864 0.61288 0.5892 0.56564 0.54347 0.52235 0.50204 0.48313 0.46455 0.44794 0.43125 0.41559 0.39976 0.38409 0.3685 0.35476 0.34092 0.32791 0.31697 0.30616 0.29626 0.28651 0.27746 0.26853 0.25991 0.25161 0.24386 0.23695 0.23118 0.21839 0.26061 0.30198 0.29289 0.31746 0.41364 0.57833 0.71505 0.75515 0.73153 0.67378 0.63604 
205 1.4606 1.5556 1.6228 1.6405 1.6506 1.6624 1.6724 1.6804 1.6894 1.6991 1.7023 1.6932 1.6779 1.6624 1.6448 1.6232 1.5976 1.5698 1.5425 1.5193 1.5021 1.4897 1.4831 1.4827 1.4777 1.4647 1.4545 1.448 1.4409 1.431 1.4164 1.3999 1.3813 1.3614 1.3386 1.3129 1.2914 1.2725 1.2549 1.2406 1.2219 1.2091 1.1815 1.1408 1.1059 1.069 1.0347 0.99912 0.96505 0.93123 0.89792 0.86613 0.83443 0.8043 0.77486 0.74571 0.71832 0.69028 0.66393 0.63858 0.61289 0.58926 0.56576 0.54359 0.5225 0.5022 0.48324 0.46478 0.44818 0.43137 0.41583 0.39997 0.3845 0.36904 0.35493 0.34117 0.32835 0.31729 0.30659 0.29664 0.2869 0.27788 0.26888 0.26033 0.25195 0.24422 0.23727 0.23161 0.21902 0.26104 0.30225 0.29322 0.31794 0.41431 0.57916 0.71598 0.7561 0.73248 0.67463 0.63678 
205.5 1.4645 1.5582 1.6222 1.6382 1.6497 1.6627 1.6723 1.6799 1.689 1.6987 1.702 1.6929 1.6776 1.6621 1.6445 1.6229 1.5973 1.5694 1.5422 1.5189 1.5018 1.4895 1.483 1.4825 1.4773 1.4643 1.4542 1.4476 1.4405 1.4307 1.416 1.3995 1.3809 1.3609 1.3381 1.3126 1.2911 1.2721 1.2545 1.2402 1.2215 1.2085 1.1808 1.1401 1.1052 1.0683 1.0342 0.99856 0.96451 0.93074 0.8975 0.86576 0.83405 0.80395 0.77452 0.74542 0.71807 0.69004 0.66373 0.63844 0.61286 0.58927 0.56577 0.54369 0.52262 0.50234 0.48342 0.46492 0.44832 0.43161 0.41611 0.40022 0.38484 0.36928 0.35515 0.34154 0.32858 0.31753 0.30695 0.29701 0.28728 0.27824 0.26922 0.26067 0.25234 0.24463 0.23769 0.23199 0.21936 0.26141 0.30261 0.29357 0.31821 0.41446 0.57917 0.71584 0.75576 0.73208 0.67414 0.6362 
206 1.4678 1.5605 1.6215 1.636 1.6489 1.6629 1.6722 1.6795 1.6886 1.6984 1.7017 1.6926 1.6773 1.6618 1.6442 1.6225 1.597 1.5692 1.5419 1.5186 1.5015 1.4893 1.4828 1.4823 1.477 1.464 1.4539 1.4472 1.4401 1.4304 1.4159 1.3991 1.38 1.36 1.3377 1.3127 1.2912 1.2718 1.2541 1.2398 1.2212 1.2079 1.18 1.1394 1.1046 1.0677 1.0336 0.99801 0.96399 0.93031 0.89715 0.86542 0.83372 0.80368 0.77425 0.74518 0.71784 0.68978 0.66352 0.63826 0.61283 0.58926 0.56573 0.54378 0.52273 0.50247 0.48364 0.46502 0.44842 0.43189 0.41641 0.40048 0.38516 0.36939 0.3554 0.34197 0.32871 0.31773 0.30728 0.29737 0.28765 0.27856 0.26955 0.26098 0.25275 0.24506 0.23815 0.23234 0.21959 0.26175 0.30302 0.29392 0.31839 0.41437 0.57883 0.7152 0.75486 0.73106 0.67306 0.63505 
206.5 1.4711 1.5627 1.6208 1.6338 1.6481 1.6632 1.6721 1.6791 1.6883 1.6981 1.7014 1.6923 1.677 1.6615 1.6439 1.6221 1.5967 1.5689 1.5416 1.5183 1.5012 1.4891 1.4827 1.482 1.4766 1.4637 1.4536 1.4467 1.4397 1.43 1.4157 1.3987 1.3792 1.359 1.3372 1.3128 1.2913 1.2715 1.2536 1.2394 1.2208 1.2074 1.1792 1.1387 1.1039 1.067 1.033 0.99746 0.96346 0.92988 0.8968 0.86507 0.83338 0.80341 0.77397 0.74494 0.71761 0.68952 0.6633 0.63809 0.6128 0.58925 0.56568 0.54387 0.52284 0.5026 0.48385 0.46512 0.44852 0.43217 0.4167 0.40074 0.38547 0.36951 0.35564 0.3424 0.32884 0.31793 0.3076 0.29772 0.28803 0.27889 0.26987 0.26129 0.25317 0.2455 0.2386 0.23269 0.21981 0.2621 0.30342 0.29428 0.31857 0.41428 0.57848 0.71457 0.75395 0.73005 0.67198 0.63389 
207 1.4744 1.565 1.6201 1.6316 1.6473 1.6635 1.672 1.6787 1.6879 1.6978 1.7011 1.692 1.6766 1.6613 1.6435 1.6218 1.5964 1.5686 1.5413 1.518 1.5009 1.4889 1.4825 1.4818 1.4762 1.4634 1.4533 1.4463 1.4393 1.4297 1.4155 1.3983 1.3783 1.3581 1.3367 1.3129 1.2914 1.2712 1.2532 1.239 1.2204 1.2068 1.1785 1.1381 1.1032 1.0664 1.0325 0.99691 0.96294 0.92945 0.89645 0.86473 0.83305 0.80314 0.77369 0.7447 0.71738 0.68926 0.66309 0.63791 0.61277 0.58924 0.56564 0.54396 0.52294 0.50273 0.48406 0.46522 0.44862 0.43245 0.417 0.401 0.38578 0.36962 0.35589 0.34284 0.32898 0.31813 0.30793 0.29808 0.2884 0.27921 0.2702 0.2616 0.25358 0.24594 0.23906 0.23304 0.22003 0.26245 0.30382 0.29463 0.31874 0.4142 0.57814 0.71394 0.75304 0.72903 0.67089 0.63274 
207.5 1.4714 1.5627 1.6201 1.6328 1.6474 1.6627 1.6715 1.6785 1.6877 1.6974 1.7007 1.6917 1.6764 1.6609 1.6433 1.6215 1.5961 1.5683 1.5411 1.5178 1.5006 1.4885 1.4821 1.4815 1.4759 1.463 1.4529 1.446 1.439 1.4295 1.4151 1.3979 1.378 1.3578 1.3365 1.3127 1.2911 1.2709 1.2528 1.2387 1.2202 1.2062 1.1776 1.1373 1.1025 1.0658 1.0319 0.99633 0.96239 0.92898 0.89598 0.86427 0.83258 0.80274 0.77344 0.7445 0.7172 0.68917 0.66301 0.63782 0.61266 0.58915 0.5656 0.54395 0.52298 0.5028 0.48418 0.46541 0.44884 0.43269 0.41722 0.40117 0.38601 0.3699 0.35605 0.34297 0.32929 0.31854 0.30847 0.29863 0.28885 0.27963 0.27051 0.26194 0.25394 0.24626 0.23946 0.23343 0.2203 0.26264 0.30397 0.29477 0.31895 0.41452 0.57854 0.71441 0.75353 0.72948 0.67124 0.63302 
208 1.4679 1.5601 1.6202 1.6342 1.6475 1.6619 1.671 1.6783 1.6874 1.6971 1.7004 1.6914 1.6761 1.6605 1.643 1.6212 1.5957 1.568 1.5408 1.5176 1.5002 1.488 1.4817 1.4812 1.4756 1.4625 1.4525 1.4457 1.4387 1.4293 1.4148 1.3976 1.3777 1.3575 1.3363 1.3125 1.2908 1.2706 1.2525 1.2385 1.22 1.2057 1.1767 1.1365 1.1019 1.0652 1.0314 0.99575 0.96183 0.9285 0.8955 0.86381 0.83211 0.80234 0.77319 0.74431 0.71703 0.68909 0.66294 0.63773 0.61255 0.58906 0.56556 0.54394 0.523 0.50287 0.4843 0.46561 0.44907 0.43292 0.41744 0.40134 0.38624 0.3702 0.35621 0.34308 0.32962 0.31897 0.30903 0.29919 0.28932 0.28005 0.27082 0.26229 0.25429 0.24658 0.23986 0.23381 0.22059 0.26282 0.30409 0.29489 0.31916 0.41488 0.57902 0.71498 0.75415 0.73007 0.67171 0.63343 
208.5 1.4643 1.5575 1.6202 1.6356 1.6476 1.661 1.6705 1.6781 1.6871 1.6968 1.7 1.6911 1.6758 1.6602 1.6427 1.6209 1.5954 1.5677 1.5406 1.5174 1.4998 1.4875 1.4813 1.4808 1.4753 1.4621 1.4522 1.4454 1.4384 1.429 1.4144 1.3972 1.3774 1.3572 1.3362 1.3122 1.2905 1.2703 1.2522 1.2382 1.2198 1.2052 1.1759 1.1357 1.1012 1.0647 1.0309 0.99516 0.96127 0.92802 0.89501 0.86334 0.83163 0.80194 0.77294 0.74411 0.71686 0.68901 0.66288 0.63764 0.61243 0.58897 0.56553 0.54392 0.52303 0.50293 0.48442 0.46582 0.4493 0.43316 0.41766 0.4015 0.38647 0.3705 0.35636 0.34318 0.32995 0.3194 0.30958 0.29975 0.28978 0.28048 0.27112 0.26263 0.25465 0.24689 0.24026 0.2342 0.22087 0.263 0.30422 0.29501 0.31938 0.41525 0.5795 0.71555 0.75477 0.73065 0.67218 0.63384 
209 1.4615 1.5553 1.6202 1.6367 1.6476 1.6603 1.6701 1.6779 1.6869 1.6965 1.6996 1.6908 1.6756 1.6598 1.6424 1.6206 1.595 1.5674 1.5404 1.5172 1.4995 1.4871 1.481 1.4805 1.475 1.4617 1.4518 1.4451 1.4381 1.4287 1.414 1.3968 1.3771 1.3569 1.336 1.312 1.2902 1.27 1.2519 1.238 1.2196 1.2046 1.175 1.1349 1.1005 1.0641 1.0303 0.99457 0.96072 0.92755 0.89454 0.86289 0.83119 0.80155 0.77269 0.74391 0.71667 0.68891 0.66281 0.63755 0.61233 0.5889 0.5655 0.54392 0.52306 0.50301 0.48455 0.46601 0.44952 0.43339 0.41788 0.4017 0.3867 0.37079 0.35658 0.34335 0.33029 0.31982 0.3101 0.30025 0.29021 0.28088 0.27144 0.26298 0.255 0.24721 0.24064 0.23457 0.22116 0.26321 0.30437 0.29516 0.3196 0.41559 0.57995 0.71609 0.75535 0.7312 0.67263 0.63424 
209.5 1.4625 1.5561 1.6197 1.6356 1.6472 1.6603 1.6698 1.6775 1.6866 1.6962 1.6994 1.6905 1.6753 1.6596 1.6421 1.6203 1.5948 1.5671 1.5401 1.5169 1.4992 1.4869 1.4808 1.4803 1.4747 1.4614 1.4514 1.4445 1.4375 1.4282 1.4136 1.3965 1.3768 1.3565 1.3355 1.3115 1.2898 1.2697 1.2516 1.2378 1.2197 1.2042 1.1741 1.1341 1.0998 1.0634 1.0297 0.99398 0.96022 0.92711 0.8941 0.86253 0.83092 0.80127 0.77236 0.74361 0.7164 0.68869 0.66273 0.63747 0.61233 0.58898 0.5655 0.54393 0.52313 0.50316 0.48475 0.46616 0.44968 0.43356 0.41806 0.40207 0.38695 0.37103 0.35715 0.3439 0.33064 0.32014 0.31036 0.30042 0.29044 0.28117 0.27183 0.26336 0.25532 0.24758 0.24094 0.23485 0.22152 0.26357 0.30468 0.29552 0.31991 0.41581 0.58022 0.71646 0.75572 0.73152 0.67296 0.63459 
210 1.4635 1.5569 1.6192 1.6344 1.6467 1.6602 1.6696 1.6772 1.6863 1.6959 1.6991 1.6902 1.675 1.6593 1.6418 1.6201 1.5946 1.5669 1.5399 1.5166 1.499 1.4867 1.4806 1.4801 1.4745 1.4612 1.4511 1.444 1.4369 1.4278 1.4132 1.3963 1.3765 1.3562 1.3351 1.3111 1.2895 1.2694 1.2513 1.2377 1.2197 1.2037 1.1732 1.1333 1.0991 1.0628 1.0291 0.99339 0.95972 0.92667 0.89365 0.86217 0.83065 0.80098 0.77203 0.74331 0.71614 0.68847 0.66264 0.63739 0.61233 0.58905 0.56549 0.54395 0.5232 0.50332 0.48495 0.4663 0.44984 0.43374 0.41825 0.40245 0.3872 0.37126 0.35772 0.34444 0.33098 0.32046 0.31062 0.3006 0.29067 0.28146 0.27222 0.26373 0.25564 0.24794 0.24125 0.23513 0.22188 0.26393 0.305 0.29588 0.32021 0.41604 0.5805 0.71683 0.75609 0.73184 0.67329 0.63494 
210.5 1.4645 1.5577 1.6188 1.6333 1.6463 1.6602 1.6693 1.6768 1.686 1.6956 1.6988 1.6899 1.6747 1.6591 1.6414 1.6198 1.5943 1.5666 1.5396 1.5163 1.4987 1.4865 1.4804 1.4799 1.4742 1.461 1.4507 1.4434 1.4364 1.4273 1.4128 1.396 1.3761 1.3558 1.3347 1.3107 1.2891 1.2691 1.251 1.2376 1.2197 1.2032 1.1723 1.1325 1.0983 1.0621 1.0284 0.9928 0.95921 0.92623 0.89321 0.86181 0.83037 0.8007 0.7717 0.74302 0.71587 0.68825 0.66256 0.63731 0.61233 0.58913 0.56549 0.54397 0.52326 0.50347 0.48515 0.46645 0.45001 0.43392 0.41843 0.40282 0.38744 0.3715 0.35828 0.34498 0.33133 0.32078 0.31089 0.30077 0.29091 0.28174 0.27261 0.26411 0.25596 0.24831 0.24155 0.2354 0.22225 0.26429 0.30531 0.29624 0.32052 0.41626 0.58078 0.7172 0.75647 0.73215 0.67362 0.63529 
211 1.4644 1.5576 1.6184 1.6328 1.646 1.66 1.669 1.6765 1.6857 1.6953 1.6985 1.6896 1.6744 1.6588 1.6411 1.6195 1.594 1.5663 1.5393 1.516 1.4985 1.4863 1.4801 1.4796 1.4739 1.4608 1.4504 1.443 1.436 1.4268 1.4125 1.3956 1.3758 1.3554 1.3344 1.3103 1.2888 1.2688 1.2508 1.2374 1.2197 1.2027 1.1713 1.1316 1.0975 1.0614 1.0278 0.99222 0.9587 0.92576 0.89275 0.86141 0.83007 0.80041 0.77138 0.74272 0.71562 0.68803 0.66242 0.63723 0.61231 0.58915 0.56552 0.54403 0.52336 0.5036 0.4853 0.46656 0.45015 0.43407 0.41863 0.40316 0.38767 0.37179 0.35873 0.34536 0.33172 0.32111 0.31116 0.30104 0.29119 0.28205 0.27298 0.26448 0.25629 0.24866 0.24187 0.23571 0.22261 0.26465 0.30565 0.29658 0.32083 0.41654 0.58107 0.71747 0.7566 0.73211 0.67348 0.63513 
211.5 1.4624 1.556 1.6183 1.6334 1.6459 1.6594 1.6687 1.6762 1.6854 1.6951 1.6982 1.6892 1.674 1.6585 1.6408 1.6192 1.5937 1.566 1.5389 1.5158 1.4983 1.486 1.4797 1.479 1.4735 1.4606 1.4502 1.4428 1.4358 1.4266 1.4122 1.3953 1.3754 1.3551 1.3341 1.3101 1.2886 1.2687 1.2508 1.2373 1.2197 1.2022 1.1702 1.1307 1.0967 1.0607 1.0272 0.99163 0.95818 0.92526 0.89226 0.86095 0.82972 0.80013 0.77109 0.74243 0.71539 0.68781 0.66217 0.63713 0.61224 0.58907 0.5656 0.54415 0.5235 0.50371 0.48536 0.46664 0.45028 0.43419 0.41885 0.40343 0.38786 0.37219 0.35896 0.34546 0.33216 0.32146 0.31145 0.30146 0.29156 0.28239 0.27331 0.26484 0.25661 0.24898 0.2422 0.23608 0.22299 0.26504 0.30603 0.29688 0.32114 0.4169 0.58138 0.71755 0.75635 0.73147 0.67255 0.63412 
212 1.4604 1.5543 1.6181 1.634 1.6458 1.6588 1.6683 1.676 1.6851 1.6948 1.6978 1.6889 1.6737 1.6582 1.6405 1.6189 1.5934 1.5657 1.5386 1.5155 1.498 1.4857 1.4793 1.4784 1.4731 1.4604 1.45 1.4426 1.4356 1.4263 1.4119 1.3949 1.375 1.3549 1.3338 1.3098 1.2884 1.2686 1.2508 1.2372 1.2197 1.2017 1.1691 1.1297 1.0959 1.06 1.0265 0.99105 0.95765 0.92475 0.89178 0.86048 0.82936 0.79985 0.77079 0.74213 0.71516 0.68759 0.66193 0.63702 0.61217 0.589 0.56568 0.54427 0.52364 0.50381 0.48542 0.46672 0.4504 0.43431 0.41906 0.40371 0.38805 0.37258 0.35919 0.34556 0.3326 0.3218 0.31174 0.30189 0.29193 0.28273 0.27364 0.26519 0.25693 0.2493 0.24253 0.23644 0.22337 0.26542 0.30642 0.29719 0.32145 0.41727 0.5817 0.71764 0.7561 0.73083 0.67162 0.6331 
212.5 1.4584 1.5527 1.6179 1.6346 1.6456 1.6582 1.6679 1.6758 1.6848 1.6945 1.6975 1.6885 1.6733 1.6578 1.6402 1.6186 1.5931 1.5654 1.5382 1.5152 1.4978 1.4854 1.4789 1.4778 1.4726 1.4603 1.4499 1.4424 1.4354 1.4261 1.4117 1.3945 1.3745 1.3546 1.3336 1.3096 1.2882 1.2686 1.2508 1.2371 1.2198 1.2012 1.168 1.1288 1.0951 1.0594 1.0259 0.99047 0.95712 0.92424 0.89129 0.86002 0.829 0.79957 0.77049 0.74184 0.71494 0.68738 0.66169 0.63692 0.61211 0.58892 0.56576 0.54439 0.52379 0.50392 0.48549 0.4668 0.45053 0.43443 0.41928 0.40399 0.38824 0.37298 0.35943 0.34567 0.33304 0.32215 0.31203 0.30232 0.2923 0.28306 0.27397 0.26555 0.25726 0.24962 0.24287 0.23681 0.22375 0.2658 0.3068 0.2975 0.32176 0.41763 0.58202 0.71772 0.75584 0.73019 0.67069 0.63209 
213 1.4577 1.552 1.6177 1.6346 1.6454 1.6578 1.6676 1.6755 1.6846 1.6942 1.6972 1.6882 1.673 1.6575 1.6399 1.6182 1.5928 1.5651 1.5379 1.5149 1.4975 1.4851 1.4785 1.4775 1.4723 1.4599 1.4495 1.4421 1.4352 1.4258 1.4114 1.3942 1.3743 1.3544 1.3333 1.3093 1.288 1.2684 1.2507 1.237 1.2198 1.2007 1.167 1.1278 1.0943 1.0586 1.0252 0.98986 0.95657 0.92374 0.89082 0.85962 0.82869 0.79927 0.77025 0.74162 0.71474 0.68723 0.66152 0.63685 0.61207 0.58887 0.5658 0.54444 0.52393 0.50409 0.48561 0.46699 0.45072 0.43464 0.41953 0.40419 0.38855 0.3733 0.35966 0.34594 0.33338 0.32245 0.31227 0.30264 0.29263 0.28342 0.2743 0.26586 0.2576 0.24993 0.2432 0.23716 0.22409 0.26609 0.30705 0.29774 0.32204 0.41793 0.58223 0.71779 0.75576 0.72999 0.67035 0.63167 
213.5 1.4577 1.5519 1.6174 1.6342 1.645 1.6575 1.6674 1.6753 1.6843 1.6939 1.6968 1.6878 1.6727 1.6572 1.6396 1.6179 1.5924 1.5648 1.5376 1.5145 1.4971 1.4847 1.4782 1.4773 1.472 1.4595 1.4491 1.4418 1.4349 1.4256 1.4111 1.394 1.3741 1.3542 1.3331 1.3091 1.2877 1.2682 1.2506 1.2371 1.2199 1.2002 1.166 1.127 1.0935 1.0578 1.0245 0.98924 0.95599 0.92323 0.89036 0.85928 0.82841 0.79896 0.77004 0.74144 0.71456 0.68714 0.66141 0.6368 0.61205 0.58884 0.56582 0.54446 0.52406 0.50431 0.48577 0.46727 0.45097 0.43491 0.41981 0.40434 0.38893 0.37358 0.35989 0.34632 0.33364 0.32273 0.31247 0.30287 0.29294 0.28378 0.27463 0.26614 0.25795 0.25022 0.24353 0.23752 0.2244 0.2663 0.30722 0.29794 0.3223 0.41817 0.58237 0.71784 0.75578 0.73008 0.6704 0.63164 
214 1.4577 1.5517 1.6171 1.6339 1.6447 1.6572 1.6672 1.6751 1.684 1.6935 1.6965 1.6875 1.6723 1.6569 1.6393 1.6176 1.5921 1.5645 1.5373 1.5141 1.4968 1.4844 1.478 1.4772 1.4718 1.459 1.4487 1.4416 1.4347 1.4254 1.4109 1.3937 1.374 1.354 1.3328 1.3088 1.2875 1.268 1.2505 1.2371 1.22 1.1997 1.1649 1.1261 1.0927 1.057 1.0238 0.98861 0.95541 0.92273 0.88989 0.85893 0.82812 0.79864 0.76984 0.74126 0.71437 0.68704 0.6613 0.63674 0.61204 0.58881 0.56584 0.54447 0.5242 0.50453 0.48594 0.46754 0.45122 0.43517 0.42009 0.40449 0.38931 0.37385 0.36012 0.3467 0.3339 0.32301 0.31268 0.30311 0.29324 0.28414 0.27497 0.26642 0.2583 0.25051 0.24386 0.23787 0.22471 0.26652 0.30738 0.29814 0.32255 0.41842 0.58251 0.71788 0.75581 0.73017 0.67045 0.63162 
214.5 1.4578 1.5516 1.6168 1.6335 1.6443 1.6569 1.6669 1.6749 1.6837 1.6932 1.6961 1.6871 1.672 1.6566 1.639 1.6172 1.5918 1.5642 1.5369 1.5137 1.4964 1.4841 1.4777 1.477 1.4715 1.4586 1.4483 1.4413 1.4344 1.4251 1.4106 1.3935 1.3738 1.3538 1.3326 1.3085 1.2873 1.2678 1.2504 1.2372 1.2201 1.1992 1.1639 1.1252 1.0918 1.0562 1.023 0.98799 0.95483 0.92222 0.88943 0.85858 0.82784 0.79833 0.76963 0.74109 0.71419 0.68695 0.66119 0.63669 0.61202 0.58878 0.56586 0.54449 0.52434 0.50474 0.4861 0.46781 0.45146 0.43544 0.42037 0.40464 0.38969 0.37413 0.36035 0.34708 0.33417 0.32329 0.31288 0.30334 0.29355 0.2845 0.2753 0.26669 0.25865 0.2508 0.24419 0.23822 0.22502 0.26674 0.30755 0.29833 0.32281 0.41867 0.58265 0.71793 0.75583 0.73026 0.6705 0.63159 
215 1.4575 1.5513 1.6165 1.6332 1.644 1.6567 1.6667 1.6746 1.6834 1.693 1.6959 1.6869 1.6717 1.6563 1.6387 1.617 1.5916 1.5639 1.5367 1.5133 1.4961 1.4838 1.4775 1.4767 1.4713 1.4584 1.4481 1.4409 1.434 1.4248 1.4103 1.3932 1.3736 1.3536 1.3324 1.3084 1.2872 1.2676 1.2505 1.2365 1.2207 1.1986 1.1623 1.1246 1.0908 1.0556 1.0222 0.98743 0.95422 0.92168 0.88896 0.85806 0.8275 0.79802 0.76937 0.74085 0.71404 0.68682 0.66113 0.63662 0.61189 0.58874 0.56583 0.54455 0.52439 0.50477 0.48628 0.46799 0.45168 0.43565 0.42051 0.40498 0.38999 0.3744 0.36066 0.34728 0.33449 0.32369 0.31321 0.30365 0.29384 0.28479 0.27556 0.26698 0.25898 0.25112 0.24446 0.23854 0.22537 0.26699 0.30773 0.29845 0.32288 0.41878 0.58294 0.71847 0.75647 0.73072 0.67066 0.63161 
215.5 1.4572 1.551 1.6162 1.6329 1.6438 1.6565 1.6665 1.6743 1.6832 1.6928 1.6957 1.6867 1.6714 1.656 1.6384 1.6168 1.5915 1.5637 1.5364 1.513 1.4957 1.4835 1.4772 1.4764 1.471 1.4583 1.4478 1.4406 1.4336 1.4245 1.41 1.3929 1.3734 1.3533 1.3322 1.3084 1.2871 1.2674 1.2507 1.2357 1.2214 1.198 1.1605 1.1242 1.0896 1.055 1.0213 0.98688 0.95359 0.92113 0.88849 0.8575 0.82714 0.7977 0.7691 0.7406 0.71388 0.68669 0.66109 0.63655 0.61173 0.5887 0.5658 0.54462 0.52443 0.50477 0.48646 0.46816 0.45188 0.43585 0.42064 0.40535 0.39028 0.37467 0.36098 0.34744 0.33482 0.32412 0.31355 0.30397 0.29413 0.28506 0.27582 0.26727 0.25932 0.25144 0.24471 0.23884 0.22573 0.26724 0.3079 0.29855 0.3229 0.41887 0.58326 0.71911 0.75724 0.73126 0.67084 0.63164 
216 1.4569 1.5507 1.6159 1.6326 1.6436 1.6563 1.6663 1.6741 1.6829 1.6926 1.6956 1.6864 1.6712 1.6557 1.6381 1.6166 1.5914 1.5635 1.5361 1.5127 1.4954 1.4833 1.477 1.4762 1.4707 1.4581 1.4476 1.4402 1.4332 1.4241 1.4096 1.3926 1.3732 1.353 1.332 1.3084 1.2871 1.2672 1.2509 1.2349 1.2222 1.1974 1.1588 1.1238 1.0885 1.0544 1.0204 0.98633 0.95297 0.92057 0.88802 0.85694 0.82679 0.79739 0.76884 0.74036 0.71373 0.68656 0.66105 0.63649 0.61157 0.58866 0.56577 0.54469 0.52448 0.50476 0.48665 0.46833 0.45208 0.43605 0.42076 0.40573 0.39057 0.37494 0.36131 0.3476 0.33515 0.32455 0.3139 0.30429 0.29441 0.28534 0.27607 0.26756 0.25965 0.25176 0.24497 0.23914 0.22609 0.26749 0.30808 0.29866 0.32293 0.41895 0.58359 0.71974 0.75802 0.73181 0.67102 0.63167 
216.5 1.4566 1.5504 1.6156 1.6324 1.6434 1.6562 1.6661 1.6738 1.6827 1.6924 1.6954 1.6862 1.6709 1.6554 1.6378 1.6164 1.5912 1.5633 1.5358 1.5124 1.4951 1.483 1.4768 1.4759 1.4705 1.458 1.4474 1.4398 1.4328 1.4238 1.4093 1.3923 1.373 1.3527 1.3317 1.3083 1.287 1.267 1.2511 1.2342 1.2229 1.1967 1.1571 1.1233 1.0874 1.0537 1.0195 0.98577 0.95235 0.92003 0.88756 0.85639 0.82642 0.79706 0.76857 0.74011 0.71358 0.68643 0.66101 0.63642 0.61142 0.58863 0.56575 0.54476 0.52451 0.50475 0.48682 0.46849 0.45229 0.43625 0.42089 0.4061 0.39085 0.37521 0.36162 0.34775 0.33548 0.32495 0.31425 0.3046 0.2947 0.28562 0.27633 0.26785 0.25998 0.25209 0.24522 0.23944 0.22644 0.26774 0.30827 0.29877 0.32297 0.41904 0.58389 0.72034 0.75874 0.73232 0.6712 0.63171 
217 1.4564 1.5501 1.6153 1.6321 1.6431 1.6558 1.6658 1.6735 1.6824 1.6921 1.6951 1.6859 1.6706 1.6551 1.6375 1.6161 1.5908 1.5629 1.5355 1.5121 1.4948 1.4826 1.4765 1.4758 1.4703 1.4574 1.447 1.4397 1.4326 1.4234 1.409 1.3921 1.3727 1.3524 1.3315 1.3081 1.2868 1.2669 1.2509 1.234 1.2226 1.1964 1.1566 1.1227 1.0867 1.053 1.0188 0.98517 0.95182 0.91956 0.88713 0.85599 0.82593 0.79658 0.76825 0.7399 0.71337 0.6863 0.66093 0.63636 0.61153 0.58874 0.56586 0.54486 0.52451 0.50481 0.48693 0.46872 0.45254 0.43649 0.42112 0.40635 0.39102 0.37566 0.36183 0.34788 0.33576 0.32508 0.31461 0.30486 0.29506 0.28595 0.27662 0.26819 0.26025 0.25236 0.24552 0.23965 0.22664 0.26801 0.30853 0.29902 0.32315 0.41911 0.58388 0.72026 0.75862 0.7323 0.67128 0.63181 
217.5 1.4561 1.5499 1.615 1.6318 1.6428 1.6555 1.6655 1.6732 1.6821 1.6918 1.6948 1.6856 1.6703 1.6548 1.6372 1.6158 1.5904 1.5626 1.5352 1.5119 1.4945 1.4822 1.4762 1.4757 1.47 1.4569 1.4466 1.4395 1.4323 1.423 1.4088 1.3919 1.3724 1.3522 1.3313 1.3079 1.2867 1.2667 1.2507 1.2339 1.2224 1.196 1.1561 1.122 1.086 1.0523 1.0182 0.98457 0.95129 0.91909 0.8867 0.85559 0.82544 0.7961 0.76793 0.73968 0.71315 0.68616 0.66086 0.6363 0.61163 0.58886 0.56597 0.54496 0.5245 0.50486 0.48703 0.46895 0.45278 0.43672 0.42134 0.40661 0.39119 0.37611 0.36203 0.34801 0.33604 0.3252 0.31497 0.30512 0.29541 0.28628 0.27692 0.26853 0.26053 0.25264 0.24581 0.23986 0.22684 0.26829 0.3088 0.29928 0.32333 0.41917 0.58387 0.72018 0.7585 0.73227 0.67137 0.6319 
218 1.4558 1.5497 1.6148 1.6315 1.6425 1.6552 1.6652 1.6729 1.6818 1.6915 1.6945 1.6853 1.67 1.6545 1.6369 1.6155 1.59 1.5622 1.5349 1.5117 1.4942 1.4818 1.4759 1.4757 1.4698 1.4564 1.4461 1.4393 1.4321 1.4226 1.4085 1.3916 1.3721 1.352 1.3311 1.3077 1.2865 1.2665 1.2505 1.2337 1.2221 1.1956 1.1556 1.1214 1.0853 1.0515 1.0175 0.98397 0.95075 0.91862 0.88628 0.85519 0.82494 0.79561 0.7676 0.73947 0.71294 0.68603 0.66078 0.63625 0.61174 0.58897 0.56607 0.54506 0.52449 0.50491 0.48713 0.46918 0.45303 0.43695 0.42157 0.40687 0.39137 0.37655 0.36224 0.34814 0.33633 0.32532 0.31533 0.30538 0.29577 0.28662 0.27721 0.26887 0.2608 0.25291 0.24611 0.24008 0.22704 0.26856 0.30907 0.29953 0.32351 0.41924 0.58386 0.7201 0.75838 0.73225 0.67145 0.632 
218.5 1.4539 1.5483 1.6146 1.6319 1.6424 1.6547 1.6648 1.6727 1.6816 1.6912 1.6942 1.685 1.6697 1.6542 1.6366 1.6151 1.5897 1.5618 1.5346 1.5114 1.494 1.4815 1.4756 1.4755 1.4695 1.4559 1.4458 1.4391 1.4318 1.4223 1.4083 1.3914 1.3718 1.3517 1.3309 1.3075 1.2863 1.2664 1.2503 1.2336 1.2218 1.1951 1.1551 1.1208 1.0847 1.0508 1.0169 0.9834 0.95022 0.91815 0.88584 0.8548 0.8245 0.79519 0.76731 0.73925 0.71276 0.6859 0.66069 0.63619 0.6118 0.58906 0.56615 0.54512 0.52453 0.505 0.48725 0.46937 0.45325 0.43717 0.42181 0.4071 0.39156 0.37687 0.36247 0.34839 0.3366 0.32552 0.31567 0.30568 0.2961 0.28694 0.27752 0.2692 0.26108 0.25321 0.24643 0.24036 0.22735 0.26883 0.3093 0.29979 0.32376 0.41945 0.58407 0.72029 0.75849 0.73234 0.67149 0.63199 
219 1.4478 1.544 1.6145 1.634 1.6429 1.6539 1.6643 1.6726 1.6813 1.6909 1.6939 1.6846 1.6693 1.6538 1.6362 1.6147 1.5894 1.5616 1.5343 1.511 1.4937 1.4813 1.4754 1.4751 1.4691 1.4556 1.4455 1.4387 1.4315 1.4222 1.408 1.3911 1.3716 1.3515 1.3307 1.3072 1.286 1.2661 1.2501 1.2333 1.2215 1.1946 1.1546 1.1202 1.0841 1.0502 1.0164 0.9829 0.94969 0.91766 0.88538 0.85445 0.82419 0.79492 0.76707 0.739 0.71264 0.6858 0.66058 0.63614 0.61176 0.58911 0.56616 0.54509 0.52469 0.50521 0.48741 0.46947 0.45338 0.43733 0.42208 0.40726 0.39178 0.37683 0.36278 0.34894 0.33682 0.32592 0.31596 0.30609 0.29639 0.28726 0.27789 0.26952 0.26138 0.25354 0.24679 0.24084 0.22792 0.2691 0.30945 0.30005 0.32417 0.42003 0.58484 0.72115 0.7592 0.73268 0.67141 0.63171 
219.5 1.4416 1.5397 1.6144 1.6361 1.6435 1.653 1.6638 1.6725 1.6811 1.6905 1.6935 1.6843 1.6689 1.6534 1.6358 1.6143 1.5892 1.5613 1.5339 1.5107 1.4934 1.4811 1.4752 1.4747 1.4687 1.4554 1.4453 1.4383 1.4312 1.422 1.4078 1.3909 1.3713 1.3514 1.3306 1.3069 1.2857 1.2658 1.2498 1.2331 1.2211 1.194 1.154 1.1197 1.0836 1.0496 1.0158 0.98241 0.94917 0.91717 0.88493 0.85411 0.82387 0.79464 0.76683 0.73876 0.71252 0.6857 0.66046 0.63609 0.61171 0.58915 0.56616 0.54505 0.52485 0.50542 0.48757 0.46956 0.45351 0.43749 0.42235 0.40743 0.392 0.3768 0.3631 0.34949 0.33705 0.32632 0.31625 0.3065 0.29667 0.28757 0.27826 0.26984 0.26168 0.25388 0.24716 0.24131 0.22848 0.26937 0.3096 0.30031 0.32458 0.42061 0.58561 0.72201 0.7599 0.73303 0.67133 0.63142 
220 1.4355 1.5355 1.6143 1.6381 1.644 1.6522 1.6633 1.6724 1.6809 1.6902 1.6932 1.6839 1.6685 1.653 1.6354 1.6139 1.5889 1.5611 1.5335 1.5103 1.4931 1.481 1.475 1.4743 1.4683 1.4551 1.445 1.438 1.4309 1.4218 1.4076 1.3907 1.3711 1.3512 1.3304 1.3067 1.2855 1.2656 1.2496 1.2329 1.2207 1.1935 1.1534 1.1192 1.083 1.049 1.0153 0.98192 0.94864 0.91668 0.88447 0.85376 0.82356 0.79437 0.76659 0.73851 0.71241 0.6856 0.66035 0.63604 0.61167 0.5892 0.56616 0.54501 0.525 0.50563 0.48773 0.46965 0.45364 0.43765 0.42261 0.4076 0.39222 0.37676 0.36341 0.35004 0.33727 0.32672 0.31654 0.30691 0.29696 0.28788 0.27863 0.27015 0.26199 0.25421 0.24752 0.24178 0.22905 0.26964 0.30975 0.30057 0.32499 0.42119 0.58638 0.72286 0.76061 0.73337 0.67125 0.63114 
220.5 1.4351 1.5351 1.614 1.6379 1.6437 1.6518 1.663 1.6721 1.6806 1.6899 1.6929 1.6836 1.6682 1.6527 1.6352 1.6136 1.5886 1.5608 1.5333 1.51 1.4928 1.4808 1.4747 1.474 1.4679 1.4548 1.4448 1.4377 1.4307 1.4216 1.4074 1.3904 1.3708 1.3508 1.3301 1.3064 1.2852 1.2653 1.2493 1.2326 1.2203 1.193 1.1529 1.1188 1.0825 1.0485 1.0148 0.98142 0.94816 0.9162 0.88399 0.85336 0.82325 0.79412 0.76638 0.73831 0.71226 0.68551 0.66023 0.63596 0.61165 0.58922 0.56618 0.54504 0.52516 0.50577 0.48785 0.4698 0.45376 0.43781 0.42283 0.40774 0.39252 0.37694 0.36369 0.35049 0.33748 0.32703 0.31692 0.30724 0.29727 0.28818 0.27894 0.27047 0.26231 0.25455 0.24781 0.24222 0.22956 0.26996 0.31 0.30084 0.32531 0.4216 0.58696 0.72354 0.76115 0.73356 0.6709 0.6305 
221 1.4403 1.5385 1.6135 1.6353 1.6426 1.6521 1.6629 1.6717 1.6802 1.6896 1.6926 1.6833 1.668 1.6526 1.635 1.6133 1.5882 1.5606 1.533 1.5097 1.4925 1.4805 1.4744 1.4737 1.4677 1.4545 1.4444 1.4375 1.4304 1.4214 1.4071 1.3901 1.3704 1.3504 1.3298 1.3063 1.285 1.2649 1.2489 1.2322 1.2199 1.1925 1.1525 1.1183 1.082 1.048 1.0143 0.98091 0.94772 0.91572 0.88348 0.8529 0.82295 0.7939 0.7662 0.73814 0.71208 0.68541 0.66012 0.63586 0.61165 0.58923 0.5662 0.54511 0.52532 0.50585 0.48792 0.47002 0.45388 0.43797 0.42301 0.40786 0.39288 0.37733 0.36395 0.35083 0.33767 0.32727 0.31736 0.3075 0.2976 0.28846 0.27918 0.27079 0.26265 0.25489 0.24804 0.24261 0.23001 0.27033 0.31033 0.30112 0.32554 0.42187 0.58738 0.72404 0.76152 0.73358 0.67031 0.62951 
221.5 1.4454 1.5419 1.6129 1.6328 1.6415 1.6523 1.6628 1.6712 1.6798 1.6893 1.6924 1.683 1.6677 1.6524 1.6348 1.6131 1.5879 1.5603 1.5328 1.5094 1.4922 1.4802 1.4741 1.4734 1.4674 1.4542 1.4441 1.4372 1.4302 1.4212 1.4069 1.3897 1.3701 1.35 1.3294 1.3061 1.2848 1.2645 1.2485 1.2318 1.2196 1.1921 1.152 1.1179 1.0815 1.0475 1.0138 0.9804 0.94728 0.91525 0.88298 0.85245 0.82264 0.79368 0.76602 0.73797 0.7119 0.68531 0.66001 0.63575 0.61165 0.58925 0.56622 0.54519 0.52548 0.50592 0.48799 0.47023 0.45399 0.43813 0.42318 0.40797 0.39324 0.37772 0.36421 0.35117 0.33786 0.32752 0.31781 0.30775 0.29793 0.28873 0.27943 0.27112 0.263 0.25522 0.24826 0.243 0.23047 0.27069 0.31066 0.3014 0.32577 0.42213 0.58779 0.72454 0.76189 0.7336 0.66971 0.62853 
222 1.4506 1.5453 1.6124 1.6303 1.6405 1.6525 1.6627 1.6708 1.6795 1.689 1.6921 1.6827 1.6674 1.6522 1.6347 1.6128 1.5875 1.56 1.5326 1.5091 1.4919 1.48 1.4738 1.4731 1.4672 1.4539 1.4438 1.437 1.43 1.421 1.4066 1.3894 1.3697 1.3496 1.329 1.3059 1.2846 1.2641 1.2481 1.2315 1.2192 1.1916 1.1515 1.1175 1.0811 1.0471 1.0133 0.97989 0.94684 0.91478 0.88247 0.852 0.82234 0.79345 0.76584 0.73781 0.71172 0.68522 0.6599 0.63565 0.61165 0.58926 0.56625 0.54527 0.52563 0.506 0.48805 0.47045 0.45411 0.43828 0.42335 0.40809 0.3936 0.37811 0.36447 0.35152 0.33804 0.32776 0.31826 0.308 0.29826 0.28901 0.27968 0.27144 0.26334 0.25556 0.24849 0.2434 0.23092 0.27106 0.311 0.30168 0.326 0.4224 0.58821 0.72504 0.76226 0.73363 0.66911 0.62754 
222.5 1.4527 1.5466 1.612 1.6289 1.6398 1.6525 1.6625 1.6704 1.6791 1.6887 1.6918 1.6824 1.667 1.6519 1.6343 1.6125 1.5872 1.5597 1.5323 1.5089 1.4915 1.4796 1.4735 1.4728 1.4669 1.4535 1.4435 1.4367 1.4297 1.4207 1.4063 1.3891 1.3694 1.3493 1.3288 1.3057 1.2844 1.2639 1.2478 1.2311 1.2187 1.1911 1.151 1.1169 1.0806 1.0466 1.0128 0.97939 0.94636 0.91431 0.8821 0.85162 0.82194 0.79308 0.76558 0.73766 0.71158 0.68511 0.6598 0.63565 0.61166 0.58922 0.56634 0.54538 0.5257 0.50615 0.48822 0.47058 0.4543 0.43855 0.42356 0.40838 0.3938 0.37839 0.36479 0.35165 0.33845 0.32814 0.31852 0.30831 0.29851 0.28929 0.28005 0.27181 0.26364 0.25589 0.24864 0.2438 0.23153 0.27123 0.3111 0.30188 0.32619 0.42246 0.58803 0.72468 0.76185 0.73342 0.66949 0.6283 
223 1.4538 1.5471 1.6115 1.6279 1.6393 1.6524 1.6623 1.67 1.6788 1.6885 1.6915 1.682 1.6666 1.6515 1.634 1.6121 1.5869 1.5594 1.532 1.5086 1.4912 1.4793 1.4732 1.4725 1.4665 1.4532 1.4432 1.4363 1.4293 1.4203 1.406 1.3889 1.3691 1.3491 1.3287 1.3055 1.2841 1.2637 1.2476 1.2308 1.2183 1.1906 1.1505 1.1164 1.0801 1.0462 1.0123 0.97889 0.94585 0.91384 0.88177 0.85128 0.8215 0.79266 0.76528 0.73751 0.71147 0.685 0.65971 0.63568 0.61168 0.58917 0.56645 0.5455 0.52572 0.50631 0.48842 0.47067 0.45451 0.43885 0.42378 0.40872 0.39395 0.37864 0.36513 0.3517 0.33893 0.32858 0.31872 0.30863 0.29874 0.28958 0.28046 0.27219 0.26392 0.25623 0.24877 0.24421 0.23219 0.27134 0.31112 0.30205 0.32637 0.42246 0.58764 0.724 0.76116 0.73314 0.6702 0.62968 
223.5 1.4549 1.5477 1.6111 1.627 1.6387 1.6523 1.6621 1.6697 1.6784 1.6882 1.6912 1.6816 1.6662 1.6512 1.6336 1.6118 1.5866 1.559 1.5318 1.5084 1.4908 1.4789 1.4729 1.4722 1.4662 1.4529 1.443 1.4359 1.429 1.4199 1.4057 1.3886 1.3688 1.3488 1.3286 1.3053 1.2839 1.2635 1.2473 1.2305 1.2178 1.1901 1.15 1.1159 1.0796 1.0457 1.0118 0.97839 0.94535 0.91338 0.88145 0.85094 0.82106 0.79224 0.76499 0.73737 0.71136 0.68489 0.65962 0.63571 0.61169 0.58912 0.56657 0.54561 0.52575 0.50648 0.48861 0.47077 0.45473 0.43915 0.424 0.40907 0.3941 0.37888 0.36548 0.35176 0.33941 0.32901 0.31892 0.30895 0.29896 0.28986 0.28088 0.27258 0.2642 0.25656 0.2489 0.24462 0.23286 0.27144 0.31114 0.30222 0.32656 0.42245 0.58724 0.72333 0.76047 0.73286 0.67092 0.63106 
224 1.456 1.5482 1.6106 1.6261 1.6382 1.6522 1.662 1.6693 1.6781 1.6879 1.6909 1.6811 1.6658 1.6509 1.6332 1.6115 1.5863 1.5587 1.5315 1.5082 1.4904 1.4785 1.4726 1.4719 1.4659 1.4526 1.4427 1.4355 1.4286 1.4196 1.4054 1.3884 1.3685 1.3486 1.3284 1.3051 1.2837 1.2634 1.247 1.2301 1.2174 1.1895 1.1495 1.1153 1.0791 1.0452 1.0113 0.97788 0.94485 0.91291 0.88113 0.85059 0.82062 0.79182 0.76469 0.73722 0.71124 0.68478 0.65954 0.63574 0.61171 0.58907 0.56669 0.54573 0.52577 0.50665 0.48881 0.47086 0.45494 0.43945 0.42422 0.40941 0.39425 0.37912 0.36582 0.35182 0.3399 0.32945 0.31912 0.30927 0.29919 0.29015 0.28129 0.27297 0.26448 0.2569 0.24903 0.24502 0.23352 0.27154 0.31116 0.3024 0.32674 0.42244 0.58685 0.72265 0.75978 0.73258 0.67164 0.63243 
224.5 1.4577 1.5497 1.61 1.6243 1.6378 1.6525 1.6617 1.6689 1.6779 1.6877 1.6905 1.6809 1.6656 1.6505 1.6329 1.6112 1.586 1.5584 1.5311 1.5078 1.4902 1.4782 1.4723 1.4716 1.4655 1.4523 1.4424 1.4352 1.4284 1.4192 1.4051 1.3881 1.3683 1.3483 1.3281 1.3048 1.2833 1.263 1.2468 1.2299 1.217 1.189 1.149 1.1149 1.0786 1.0447 1.0108 0.97743 0.94445 0.91259 0.88074 0.85021 0.82039 0.79164 0.76441 0.737 0.71101 0.68452 0.65944 0.63567 0.61171 0.5891 0.56669 0.54583 0.52591 0.50686 0.48897 0.47105 0.45515 0.43961 0.42445 0.40969 0.39444 0.3795 0.36605 0.35196 0.34015 0.3296 0.31925 0.3097 0.29946 0.29047 0.28163 0.2731 0.26479 0.25708 0.24928 0.24534 0.23389 0.27176 0.31127 0.30248 0.32685 0.42264 0.58721 0.72316 0.76052 0.73287 0.67096 0.63141 
225 1.4595 1.5513 1.6093 1.6225 1.6374 1.6528 1.6615 1.6684 1.6776 1.6875 1.6902 1.6806 1.6653 1.6502 1.6327 1.6109 1.5857 1.5581 1.5307 1.5074 1.49 1.478 1.472 1.4714 1.4651 1.452 1.4421 1.435 1.4281 1.4189 1.4048 1.3878 1.368 1.3481 1.3278 1.3045 1.2829 1.2627 1.2466 1.2296 1.2166 1.1886 1.1485 1.1144 1.0781 1.0443 1.0104 0.97697 0.94406 0.91227 0.88034 0.84982 0.82018 0.79148 0.76413 0.73678 0.71078 0.68426 0.65935 0.63561 0.6117 0.58914 0.56669 0.54593 0.52605 0.50706 0.48913 0.47125 0.45535 0.43977 0.42468 0.40996 0.39463 0.37988 0.36627 0.3521 0.3404 0.32974 0.31937 0.31013 0.29973 0.29079 0.28196 0.27323 0.26511 0.25726 0.24952 0.24566 0.23424 0.27198 0.31138 0.30256 0.32696 0.42285 0.5876 0.7237 0.76131 0.73319 0.67023 0.63031 
225.5 1.4613 1.5528 1.6087 1.6207 1.6369 1.6531 1.6613 1.6679 1.6774 1.6872 1.6898 1.6803 1.6651 1.6499 1.6324 1.6106 1.5854 1.5578 1.5302 1.507 1.4898 1.4777 1.4717 1.4711 1.4648 1.4517 1.4419 1.4347 1.4278 1.4186 1.4045 1.3876 1.3678 1.3478 1.3275 1.3041 1.2826 1.2624 1.2463 1.2294 1.2162 1.1881 1.148 1.1139 1.0776 1.0438 1.01 0.97651 0.94367 0.91194 0.87995 0.84944 0.81996 0.79131 0.76385 0.73655 0.71055 0.68399 0.65925 0.63554 0.6117 0.58918 0.5667 0.54603 0.5262 0.50727 0.48929 0.47145 0.45555 0.43993 0.42491 0.41023 0.39482 0.38026 0.3665 0.35224 0.34065 0.32988 0.3195 0.31056 0.3 0.29111 0.28229 0.27335 0.26543 0.25743 0.24977 0.24597 0.23459 0.27221 0.3115 0.30265 0.32707 0.42306 0.58799 0.72424 0.7621 0.73351 0.6695 0.62921 
226 1.4623 1.5537 1.6082 1.6195 1.6366 1.6532 1.661 1.6675 1.6771 1.687 1.6894 1.68 1.6648 1.6496 1.6321 1.6103 1.5851 1.5575 1.5299 1.5067 1.4896 1.4774 1.4715 1.4708 1.4644 1.4514 1.4416 1.4345 1.4275 1.4183 1.4042 1.3873 1.3675 1.3476 1.3272 1.3038 1.2822 1.262 1.2461 1.2291 1.2158 1.1876 1.1475 1.1135 1.0772 1.0433 1.0095 0.97604 0.94327 0.91161 0.87957 0.84907 0.81974 0.79114 0.76359 0.73633 0.71035 0.68377 0.65917 0.63548 0.61168 0.58921 0.5667 0.54613 0.52634 0.50744 0.48945 0.47164 0.45575 0.4401 0.42515 0.41048 0.39503 0.38058 0.36671 0.35246 0.34089 0.33004 0.31971 0.31096 0.30028 0.29144 0.28261 0.27353 0.26573 0.25763 0.25006 0.24626 0.23488 0.27247 0.31168 0.30278 0.32721 0.42329 0.58834 0.72468 0.76271 0.73373 0.66891 0.62835 
226.5 1.4602 1.5517 1.6082 1.6206 1.6363 1.6523 1.6606 1.6673 1.6768 1.6867 1.6892 1.6797 1.6645 1.6492 1.6317 1.6099 1.5849 1.5572 1.5296 1.5065 1.4893 1.4772 1.4713 1.4707 1.4642 1.4509 1.4412 1.4342 1.4272 1.418 1.4039 1.387 1.3672 1.3473 1.3269 1.3035 1.282 1.2618 1.2457 1.2287 1.2153 1.187 1.147 1.113 1.0767 1.0428 1.009 0.97554 0.94284 0.91121 0.87919 0.8488 0.81951 0.79096 0.76344 0.73613 0.71025 0.68371 0.65911 0.63548 0.61158 0.58917 0.56671 0.54623 0.52649 0.50748 0.48963 0.4718 0.45591 0.44033 0.42541 0.41065 0.39534 0.38063 0.36691 0.35299 0.3411 0.33029 0.32024 0.31118 0.3006 0.29177 0.28286 0.2739 0.26592 0.25793 0.2505 0.24646 0.23488 0.27293 0.31217 0.30311 0.3275 0.42357 0.5885 0.72466 0.7626 0.73354 0.66889 0.62853 
227 1.458 1.5497 1.6083 1.6217 1.6361 1.6514 1.6603 1.6672 1.6765 1.6863 1.689 1.6794 1.6641 1.6489 1.6314 1.6096 1.5846 1.5569 1.5294 1.5063 1.489 1.477 1.4712 1.4706 1.464 1.4504 1.4408 1.434 1.427 1.4177 1.4037 1.3868 1.3669 1.3469 1.3265 1.3032 1.2818 1.2616 1.2453 1.2283 1.2149 1.1864 1.1465 1.1125 1.0763 1.0423 1.0085 0.97505 0.9424 0.91082 0.87882 0.84853 0.81927 0.79078 0.76329 0.73593 0.71016 0.68366 0.65906 0.63547 0.61148 0.58914 0.56673 0.54633 0.52664 0.50752 0.48981 0.47197 0.45607 0.44056 0.42567 0.41081 0.39565 0.38068 0.3671 0.35351 0.3413 0.33055 0.32077 0.31141 0.30092 0.29209 0.28311 0.27428 0.26612 0.25824 0.25095 0.24667 0.23489 0.27338 0.31266 0.30345 0.3278 0.42386 0.58865 0.72464 0.76248 0.73335 0.66887 0.62871 
227.5 1.4559 1.5477 1.6083 1.6228 1.6359 1.6504 1.6599 1.6671 1.6762 1.686 1.6887 1.6791 1.6638 1.6486 1.631 1.6093 1.5843 1.5565 1.5292 1.5061 1.4887 1.4767 1.4711 1.4705 1.4638 1.4499 1.4404 1.4338 1.4267 1.4174 1.4034 1.3865 1.3666 1.3466 1.3261 1.3029 1.2816 1.2613 1.245 1.228 1.2144 1.1859 1.1459 1.112 1.0758 1.0417 1.0079 0.97455 0.94196 0.91042 0.87844 0.84826 0.81904 0.79061 0.76314 0.73573 0.71007 0.6836 0.65901 0.63546 0.61139 0.58911 0.56674 0.54643 0.52679 0.50756 0.48999 0.47214 0.45623 0.4408 0.42593 0.41098 0.39595 0.38073 0.36729 0.35404 0.34151 0.3308 0.3213 0.31164 0.30124 0.29242 0.28336 0.27466 0.26631 0.25854 0.2514 0.24687 0.23489 0.27383 0.31315 0.30379 0.32809 0.42415 0.58881 0.72463 0.76237 0.73316 0.66885 0.62888 
228 1.4537 1.5459 1.6083 1.6237 1.6358 1.6497 1.6596 1.667 1.6759 1.6857 1.6884 1.6787 1.6634 1.6482 1.6307 1.609 1.5839 1.5562 1.5289 1.5059 1.4884 1.4765 1.4708 1.4702 1.4635 1.4496 1.4401 1.4336 1.4264 1.4171 1.4032 1.3862 1.3664 1.3463 1.3259 1.3027 1.2813 1.2611 1.2447 1.2277 1.2139 1.1852 1.1454 1.1115 1.0753 1.0413 1.0075 0.97405 0.9415 0.91004 0.87808 0.84796 0.81876 0.79037 0.76299 0.73559 0.70998 0.68355 0.65896 0.63542 0.61131 0.5891 0.56678 0.5465 0.5269 0.50762 0.49013 0.4723 0.45642 0.441 0.42614 0.41117 0.39623 0.38088 0.36757 0.35443 0.34176 0.33113 0.3217 0.31189 0.30159 0.29276 0.28367 0.27504 0.26656 0.25884 0.25179 0.24713 0.23502 0.2742 0.31354 0.3041 0.32837 0.42445 0.58915 0.72501 0.76275 0.73341 0.66893 0.62889 
228.5 1.4515 1.5445 1.6081 1.6242 1.6358 1.6493 1.6592 1.6668 1.6756 1.6853 1.6881 1.6783 1.663 1.6478 1.6303 1.6086 1.5835 1.5559 1.5287 1.5055 1.4882 1.4762 1.4705 1.4698 1.4632 1.4496 1.44 1.4332 1.426 1.4169 1.4029 1.386 1.3662 1.3461 1.3257 1.3025 1.281 1.261 1.2446 1.2277 1.2136 1.1846 1.1449 1.111 1.0748 1.0408 1.0071 0.97357 0.94102 0.90965 0.87773 0.84762 0.81842 0.79006 0.76285 0.73552 0.70991 0.6835 0.6589 0.63534 0.61128 0.58912 0.56686 0.54653 0.52694 0.50772 0.49021 0.47244 0.45662 0.44117 0.42627 0.41138 0.39646 0.38118 0.36796 0.35464 0.34204 0.33156 0.32192 0.31216 0.30198 0.2931 0.28405 0.27541 0.26689 0.25914 0.2521 0.24745 0.23531 0.27446 0.31379 0.30438 0.32863 0.42476 0.58975 0.72594 0.76381 0.73428 0.66915 0.62866 
229 1.4493 1.5431 1.608 1.6247 1.6359 1.6488 1.6588 1.6665 1.6753 1.685 1.6878 1.678 1.6626 1.6475 1.63 1.6082 1.5831 1.5555 1.5284 1.5052 1.4879 1.476 1.4701 1.4693 1.4628 1.4495 1.4398 1.4328 1.4257 1.4167 1.4026 1.3858 1.366 1.3458 1.3256 1.3023 1.2808 1.2608 1.2444 1.2276 1.2132 1.1839 1.1444 1.1104 1.0742 1.0404 1.0066 0.97308 0.94054 0.90927 0.87739 0.84728 0.81807 0.78975 0.7627 0.73546 0.70984 0.68345 0.65885 0.63526 0.61124 0.58914 0.56693 0.54657 0.52698 0.50782 0.49029 0.47258 0.45683 0.44135 0.42641 0.4116 0.39669 0.38148 0.36836 0.35484 0.34233 0.33199 0.32214 0.31242 0.30237 0.29344 0.28443 0.27579 0.26721 0.25943 0.25242 0.24778 0.2356 0.27472 0.31403 0.30466 0.32889 0.42506 0.59035 0.72688 0.76488 0.73514 0.66936 0.62843 
229.5 1.4472 1.5416 1.6078 1.6252 1.6359 1.6484 1.6584 1.6663 1.6751 1.6847 1.6875 1.6776 1.6621 1.6471 1.6297 1.6079 1.5826 1.5552 1.5282 1.5049 1.4876 1.4757 1.4697 1.4688 1.4625 1.4495 1.4397 1.4324 1.4253 1.4164 1.4024 1.3855 1.3658 1.3456 1.3254 1.3021 1.2805 1.2606 1.2443 1.2275 1.2128 1.1832 1.1439 1.1099 1.0737 1.04 1.0062 0.9726 0.94006 0.90889 0.87704 0.84694 0.81772 0.78943 0.76256 0.73539 0.70977 0.6834 0.65879 0.63518 0.6112 0.58915 0.56701 0.54661 0.52703 0.50792 0.49037 0.47272 0.45704 0.44152 0.42654 0.41181 0.39692 0.38178 0.36875 0.35505 0.34262 0.33242 0.32236 0.31269 0.30276 0.29379 0.28481 0.27617 0.26754 0.25972 0.25273 0.24811 0.23589 0.27498 0.31428 0.30494 0.32915 0.42537 0.59095 0.72781 0.76594 0.73601 0.66958 0.62821 
230 1.4472 1.5416 1.6075 1.6246 1.6356 1.6482 1.6581 1.666 1.6748 1.6844 1.6871 1.6772 1.6618 1.6467 1.6293 1.6076 1.5823 1.5549 1.5279 1.5046 1.4873 1.4754 1.4695 1.4684 1.4621 1.4492 1.4395 1.4321 1.425 1.4161 1.402 1.3852 1.3655 1.3453 1.3252 1.3019 1.2803 1.2604 1.2441 1.2274 1.2124 1.1826 1.1433 1.1093 1.0732 1.0395 1.0058 0.97227 0.93977 0.90855 0.87672 0.84666 0.81746 0.78923 0.76237 0.73519 0.70961 0.68329 0.65874 0.63512 0.61123 0.58924 0.56702 0.54665 0.52712 0.50805 0.49053 0.47291 0.45721 0.44175 0.42671 0.41205 0.39714 0.38216 0.36901 0.3552 0.34299 0.33266 0.32259 0.31297 0.3031 0.2941 0.28506 0.27641 0.26782 0.26 0.25292 0.24854 0.23645 0.27519 0.31436 0.30503 0.32921 0.4254 0.59101 0.7279 0.76598 0.73597 0.66941 0.62794 
230.5 1.4484 1.5423 1.607 1.6236 1.6351 1.6481 1.6579 1.6657 1.6745 1.6841 1.6867 1.6769 1.6615 1.6463 1.629 1.6074 1.5821 1.5546 1.5275 1.5042 1.487 1.4751 1.4693 1.4681 1.4616 1.4488 1.4392 1.4319 1.4247 1.4158 1.4016 1.3847 1.3652 1.3451 1.3248 1.3015 1.2801 1.2601 1.244 1.2272 1.2119 1.182 1.1426 1.1087 1.0727 1.039 1.0053 0.97204 0.93958 0.90823 0.87642 0.8464 0.81725 0.78909 0.76215 0.73492 0.70941 0.68314 0.65869 0.63506 0.6113 0.58937 0.567 0.54671 0.52723 0.50818 0.49074 0.47311 0.45736 0.44201 0.4269 0.41229 0.39735 0.3826 0.36919 0.35532 0.3434 0.3328 0.32282 0.31325 0.30341 0.2944 0.28525 0.27659 0.26806 0.26026 0.25305 0.24903 0.23714 0.27537 0.31436 0.30502 0.32916 0.42527 0.59078 0.72753 0.76547 0.73545 0.66903 0.62766 
231 1.4497 1.543 1.6065 1.6225 1.6345 1.648 1.6577 1.6653 1.6742 1.6838 1.6863 1.6765 1.6611 1.6459 1.6286 1.6072 1.5819 1.5543 1.5271 1.5039 1.4866 1.4748 1.4691 1.4677 1.4612 1.4485 1.4389 1.4317 1.4245 1.4155 1.4012 1.3843 1.3649 1.3449 1.3245 1.3012 1.2798 1.2599 1.2438 1.227 1.2115 1.1814 1.1419 1.108 1.0722 1.0385 1.0048 0.9718 0.93938 0.90791 0.87611 0.84614 0.81703 0.78895 0.76194 0.73465 0.7092 0.683 0.65864 0.63501 0.61137 0.58949 0.56698 0.54676 0.52734 0.50831 0.49096 0.47332 0.45751 0.44227 0.42709 0.41253 0.39756 0.38303 0.36937 0.35544 0.34381 0.33294 0.32305 0.31353 0.30372 0.29469 0.28543 0.27677 0.26831 0.26052 0.25318 0.24952 0.23784 0.27556 0.31435 0.305 0.3291 0.42515 0.59054 0.72716 0.76496 0.73493 0.66865 0.62738 
231.5 1.4509 1.5437 1.6061 1.6215 1.634 1.648 1.6575 1.665 1.6739 1.6835 1.686 1.6762 1.6608 1.6455 1.6283 1.6071 1.5817 1.5541 1.5267 1.5036 1.4863 1.4745 1.4689 1.4674 1.4608 1.4481 1.4386 1.4314 1.4242 1.4151 1.4007 1.3839 1.3646 1.3447 1.3242 1.3008 1.2796 1.2596 1.2436 1.2268 1.2111 1.1808 1.1412 1.1074 1.0718 1.0379 1.0043 0.97157 0.93919 0.90759 0.8758 0.84588 0.81682 0.7888 0.76172 0.73438 0.709 0.68285 0.65859 0.63495 0.61143 0.58962 0.56696 0.54682 0.52746 0.50844 0.49117 0.47352 0.45766 0.44252 0.42728 0.41277 0.39778 0.38347 0.36955 0.35556 0.34422 0.33307 0.32329 0.3138 0.30403 0.29499 0.28562 0.27694 0.26856 0.26078 0.25331 0.25 0.23854 0.27574 0.31434 0.30499 0.32905 0.42502 0.59031 0.72679 0.76444 0.7344 0.66827 0.6271 
232 1.4505 1.5433 1.6058 1.6213 1.6337 1.6476 1.6572 1.6647 1.6736 1.6831 1.6857 1.6759 1.6605 1.6452 1.6279 1.6067 1.5815 1.5539 1.5265 1.5033 1.486 1.4742 1.4686 1.4672 1.4606 1.448 1.4383 1.431 1.4239 1.4148 1.4005 1.3836 1.3644 1.3445 1.3239 1.3006 1.2794 1.2595 1.2436 1.2268 1.2107 1.18 1.1404 1.1068 1.0712 1.0374 1.0039 0.97114 0.93884 0.90726 0.87548 0.84561 0.81654 0.78852 0.76151 0.73424 0.70889 0.68282 0.65852 0.63486 0.61132 0.58957 0.56704 0.54684 0.5276 0.50864 0.49123 0.47368 0.45792 0.44269 0.42752 0.41294 0.39806 0.38368 0.36981 0.35593 0.3444 0.33338 0.32351 0.31404 0.30426 0.29519 0.28589 0.27721 0.26882 0.26106 0.25361 0.25027 0.23882 0.27597 0.31451 0.30515 0.32918 0.42501 0.5901 0.72647 0.76413 0.73428 0.66827 0.62709 
232.5 1.4499 1.5427 1.6056 1.6213 1.6334 1.6472 1.6569 1.6644 1.6732 1.6828 1.6854 1.6757 1.6601 1.6448 1.6276 1.6063 1.5813 1.5537 1.5263 1.5029 1.4857 1.4738 1.4682 1.467 1.4605 1.4479 1.4381 1.4307 1.4235 1.4146 1.4002 1.3833 1.3642 1.3443 1.3236 1.3004 1.2793 1.2594 1.2437 1.2269 1.2103 1.1791 1.1397 1.1063 1.0706 1.0369 1.0034 0.97068 0.93848 0.90694 0.87516 0.84533 0.81625 0.78821 0.7613 0.73411 0.70879 0.68281 0.65845 0.63477 0.61119 0.5895 0.56713 0.54686 0.52774 0.50885 0.49126 0.47382 0.4582 0.44284 0.42776 0.4131 0.39835 0.38386 0.37009 0.35633 0.34453 0.33372 0.32373 0.31427 0.30447 0.29537 0.28618 0.27749 0.26908 0.26135 0.25393 0.2505 0.23903 0.27619 0.3147 0.30534 0.32934 0.42502 0.5899 0.72616 0.76385 0.73421 0.66832 0.62712 
233 1.4493 1.5421 1.6054 1.6213 1.6331 1.6467 1.6566 1.6641 1.6729 1.6825 1.6852 1.6755 1.6598 1.6445 1.6272 1.606 1.5811 1.5536 1.5261 1.5026 1.4853 1.4735 1.4678 1.4668 1.4604 1.4477 1.4378 1.4303 1.4232 1.4143 1.4 1.383 1.364 1.3441 1.3233 1.3002 1.2791 1.2592 1.2437 1.227 1.2099 1.1782 1.139 1.1057 1.07 1.0364 1.003 0.97022 0.93811 0.90661 0.87483 0.84505 0.81596 0.7879 0.76109 0.73398 0.70869 0.6828 0.65838 0.63468 0.61105 0.58943 0.56723 0.54688 0.52788 0.50906 0.4913 0.47397 0.45847 0.44299 0.428 0.41326 0.39864 0.38404 0.37037 0.35673 0.34467 0.33405 0.32394 0.3145 0.30468 0.29555 0.28647 0.27777 0.26934 0.26163 0.25425 0.25073 0.23924 0.27642 0.31489 0.30554 0.3295 0.42503 0.5897 0.72585 0.76358 0.73414 0.66837 0.62714 
233.5 1.449 1.5418 1.6051 1.6211 1.6328 1.6464 1.6563 1.6638 1.6725 1.6822 1.6849 1.6752 1.6595 1.6441 1.6268 1.6056 1.5808 1.5534 1.5259 1.5023 1.485 1.4732 1.4675 1.4666 1.4603 1.4476 1.4375 1.4299 1.4229 1.414 1.3997 1.3828 1.3638 1.3439 1.3231 1.3 1.2789 1.2591 1.2437 1.2271 1.2095 1.1773 1.1382 1.1052 1.0695 1.0359 1.0026 0.96977 0.93773 0.90628 0.87451 0.84477 0.81568 0.78761 0.76088 0.73385 0.70859 0.68276 0.6583 0.6346 0.61093 0.58937 0.56732 0.54691 0.52801 0.50925 0.49136 0.47411 0.45874 0.44315 0.42825 0.41343 0.39893 0.38423 0.37063 0.35711 0.34483 0.33438 0.32418 0.31474 0.30489 0.29574 0.28674 0.27806 0.2696 0.26192 0.25456 0.25096 0.23947 0.27664 0.31508 0.30573 0.32966 0.42506 0.58955 0.72561 0.76337 0.73411 0.66845 0.62721 
234 1.4509 1.5433 1.6045 1.6193 1.6323 1.6467 1.6561 1.6633 1.6722 1.6819 1.6846 1.6749 1.6593 1.6439 1.6266 1.6053 1.5805 1.5531 1.5255 1.502 1.4848 1.4729 1.4672 1.4665 1.4601 1.4471 1.437 1.4296 1.4227 1.4138 1.3994 1.3826 1.3634 1.3436 1.323 1.2998 1.2787 1.2591 1.2435 1.2272 1.2092 1.1764 1.1376 1.1045 1.0689 1.0354 1.0021 0.9694 0.93734 0.90593 0.87419 0.84449 0.81547 0.78747 0.76074 0.73373 0.70848 0.68254 0.65814 0.63463 0.61097 0.58939 0.56739 0.54704 0.52809 0.50936 0.49162 0.47427 0.45888 0.44332 0.42849 0.41375 0.39911 0.38442 0.37077 0.35729 0.34518 0.33466 0.32456 0.31504 0.30508 0.29604 0.28693 0.27841 0.26989 0.26225 0.25482 0.25113 0.23984 0.2768 0.31521 0.3059 0.32983 0.42526 0.58982 0.72594 0.76377 0.73445 0.66876 0.62758 
234.5 1.4528 1.5448 1.6038 1.6175 1.6318 1.6469 1.6559 1.6628 1.6719 1.6817 1.6843 1.6746 1.6591 1.6437 1.6264 1.605 1.5802 1.5527 1.525 1.5016 1.4845 1.4727 1.467 1.4663 1.46 1.4466 1.4365 1.4293 1.4225 1.4136 1.3991 1.3824 1.3631 1.3433 1.323 1.2996 1.2785 1.259 1.2433 1.2274 1.2089 1.1755 1.1369 1.1038 1.0683 1.0349 1.0017 0.96903 0.93694 0.90559 0.87388 0.84421 0.81525 0.78734 0.7606 0.7336 0.70836 0.68232 0.65798 0.63465 0.611 0.58941 0.56746 0.54717 0.52816 0.50948 0.49188 0.47443 0.45902 0.44349 0.42872 0.41407 0.3993 0.38461 0.3709 0.35747 0.34553 0.33494 0.32495 0.31534 0.30527 0.29635 0.28712 0.27876 0.27017 0.26259 0.25508 0.2513 0.24021 0.27697 0.31535 0.30608 0.33 0.42546 0.59009 0.72628 0.76417 0.73478 0.66908 0.62796 
235 1.4548 1.5463 1.6032 1.6158 1.6313 1.6472 1.6557 1.6623 1.6716 1.6815 1.684 1.6743 1.6588 1.6435 1.6262 1.6047 1.5799 1.5523 1.5246 1.5012 1.4842 1.4724 1.4667 1.4662 1.4598 1.4461 1.436 1.4289 1.4223 1.4134 1.3988 1.3822 1.3628 1.343 1.3229 1.2994 1.2783 1.259 1.2431 1.2275 1.2086 1.1747 1.1362 1.1031 1.0676 1.0344 1.0013 0.96866 0.93654 0.90524 0.87356 0.84393 0.81504 0.7872 0.76046 0.73348 0.70824 0.6821 0.65782 0.63467 0.61104 0.58944 0.56754 0.5473 0.52824 0.50959 0.49214 0.47459 0.45916 0.44366 0.42896 0.41438 0.39948 0.3848 0.37103 0.35765 0.34588 0.33522 0.32534 0.31564 0.30546 0.29665 0.28731 0.27911 0.27046 0.26292 0.25534 0.25147 0.24058 0.27713 0.31548 0.30625 0.33017 0.42566 0.59035 0.72662 0.76457 0.73512 0.6694 0.62833 
235.5 1.4553 1.5467 1.6028 1.6149 1.631 1.6472 1.6554 1.6619 1.6713 1.6812 1.6837 1.6739 1.6586 1.6432 1.6259 1.6044 1.5795 1.552 1.5242 1.501 1.484 1.4722 1.4665 1.466 1.4595 1.4457 1.4356 1.4286 1.4221 1.4131 1.3986 1.382 1.3625 1.3427 1.3228 1.2992 1.2782 1.2589 1.243 1.2276 1.2083 1.1738 1.1355 1.1024 1.0671 1.0339 1.0008 0.96826 0.93615 0.90489 0.87328 0.84366 0.8148 0.78703 0.76029 0.73334 0.70812 0.68194 0.65771 0.63469 0.61109 0.58948 0.56761 0.54741 0.52831 0.5097 0.49236 0.47475 0.45929 0.44382 0.4292 0.41462 0.39968 0.38499 0.37122 0.3579 0.34615 0.3355 0.32568 0.31589 0.30567 0.29694 0.2875 0.27943 0.27076 0.26323 0.25564 0.25167 0.24085 0.27731 0.31559 0.30634 0.33029 0.42595 0.59094 0.72748 0.76553 0.73593 0.66993 0.62871 
236 1.453 1.545 1.6027 1.6157 1.6309 1.6465 1.6549 1.6617 1.671 1.6809 1.6834 1.6735 1.6582 1.643 1.6256 1.6041 1.5792 1.5516 1.524 1.5008 1.4837 1.4719 1.4662 1.4657 1.4592 1.4455 1.4354 1.4284 1.4218 1.4128 1.3983 1.3817 1.3623 1.3426 1.3226 1.2992 1.2782 1.2589 1.2432 1.2279 1.2079 1.1729 1.1347 1.1018 1.0665 1.0333 1.0003 0.96782 0.93577 0.90455 0.87305 0.84341 0.8145 0.78676 0.76009 0.73317 0.70801 0.68189 0.65771 0.63472 0.61119 0.58955 0.56769 0.54746 0.52836 0.50983 0.49248 0.47489 0.45938 0.44396 0.42943 0.41468 0.39991 0.38518 0.37149 0.35832 0.34626 0.33577 0.32593 0.31606 0.30594 0.29722 0.28772 0.27971 0.27107 0.26348 0.25604 0.25193 0.24095 0.27749 0.31566 0.30625 0.33029 0.42641 0.59218 0.72938 0.76761 0.73772 0.6709 0.62911 
236.5 1.4507 1.5434 1.6027 1.6164 1.6309 1.6458 1.6544 1.6615 1.6707 1.6806 1.6831 1.6731 1.6578 1.6427 1.6253 1.6038 1.5788 1.5512 1.5238 1.5007 1.4835 1.4716 1.466 1.4654 1.4589 1.4453 1.4352 1.4282 1.4214 1.4124 1.3981 1.3815 1.3622 1.3425 1.3225 1.2991 1.2782 1.2589 1.2433 1.2281 1.2075 1.172 1.134 1.1012 1.0659 1.0327 0.99974 0.96738 0.93539 0.90422 0.87282 0.84315 0.81419 0.7865 0.75988 0.73301 0.7079 0.68184 0.65771 0.63474 0.61129 0.58962 0.56777 0.54751 0.5284 0.50996 0.4926 0.47503 0.45947 0.44409 0.42967 0.41474 0.40014 0.38537 0.37177 0.35873 0.34636 0.33604 0.32619 0.31623 0.30621 0.2975 0.28794 0.27998 0.27138 0.26373 0.25643 0.2522 0.24105 0.27768 0.31572 0.30616 0.33029 0.42687 0.59341 0.73128 0.76969 0.73951 0.67186 0.62951 
237 1.4483 1.5417 1.6027 1.6172 1.6309 1.6451 1.654 1.6612 1.6705 1.6803 1.6828 1.6727 1.6574 1.6425 1.625 1.6035 1.5785 1.5509 1.5237 1.5006 1.4832 1.4713 1.4658 1.4651 1.4585 1.4451 1.435 1.4279 1.4211 1.4121 1.3979 1.3812 1.362 1.3424 1.3223 1.2991 1.2782 1.2589 1.2435 1.2284 1.2071 1.171 1.1333 1.1006 1.0653 1.0322 0.9992 0.96693 0.93501 0.90388 0.87259 0.8429 0.81389 0.78624 0.75967 0.73284 0.70778 0.68179 0.6577 0.63476 0.61139 0.58969 0.56784 0.54756 0.52845 0.51009 0.49272 0.47518 0.45956 0.44422 0.4299 0.4148 0.40037 0.38556 0.37205 0.35914 0.34647 0.33631 0.32644 0.31639 0.30648 0.29778 0.28816 0.28026 0.2717 0.26397 0.25683 0.25246 0.24114 0.27787 0.31579 0.30607 0.3303 0.42733 0.59465 0.73319 0.77178 0.74129 0.67283 0.62991 
237.5 1.4472 1.5407 1.6024 1.6174 1.6306 1.6445 1.6536 1.661 1.6701 1.6799 1.6824 1.6724 1.6571 1.6421 1.6246 1.6031 1.5781 1.5505 1.5233 1.5003 1.4829 1.471 1.4655 1.4647 1.4581 1.4448 1.4347 1.4277 1.4208 1.4117 1.3977 1.381 1.3618 1.3422 1.3221 1.299 1.2782 1.2591 1.2432 1.229 1.2068 1.17 1.1327 1.0997 1.0649 1.0316 0.99879 0.96645 0.93457 0.90354 0.87228 0.84265 0.81361 0.78598 0.75943 0.73271 0.70769 0.68178 0.65776 0.63478 0.61145 0.58979 0.56792 0.54763 0.52857 0.51022 0.49285 0.47536 0.45971 0.44439 0.4301 0.415 0.4006 0.3858 0.3723 0.35934 0.34665 0.33653 0.32666 0.31666 0.30679 0.29806 0.28843 0.28048 0.27199 0.2642 0.25715 0.25266 0.24113 0.27813 0.31602 0.30624 0.33051 0.42768 0.59516 0.73371 0.77204 0.7412 0.67246 0.62942 
238 1.447 1.5402 1.602 1.6171 1.6301 1.644 1.6533 1.6606 1.6697 1.6794 1.682 1.6721 1.6568 1.6417 1.6242 1.6027 1.5778 1.5502 1.5229 1.4998 1.4826 1.4707 1.4652 1.4643 1.4577 1.4444 1.4345 1.4275 1.4205 1.4114 1.3974 1.3808 1.3617 1.3421 1.3219 1.2989 1.2781 1.2596 1.2425 1.2298 1.2068 1.1688 1.1324 1.0985 1.0646 1.0311 0.99849 0.96592 0.93408 0.90319 0.87191 0.84241 0.81334 0.7857 0.75918 0.73259 0.70761 0.6818 0.65787 0.63479 0.61149 0.58992 0.56799 0.54772 0.52874 0.51034 0.49298 0.47557 0.4599 0.44458 0.43027 0.4153 0.40083 0.38608 0.37254 0.35935 0.3469 0.3367 0.32685 0.317 0.30714 0.29832 0.28875 0.28066 0.27226 0.26442 0.2574 0.2528 0.24104 0.27844 0.31638 0.3066 0.33089 0.42796 0.59511 0.73315 0.77087 0.73962 0.67102 0.62822 
238.5 1.4469 1.5397 1.6016 1.6168 1.6296 1.6436 1.653 1.6603 1.6693 1.679 1.6815 1.6718 1.6564 1.6413 1.6238 1.6023 1.5774 1.5499 1.5225 1.4994 1.4823 1.4705 1.4649 1.464 1.4572 1.444 1.4343 1.4273 1.4202 1.4111 1.3971 1.3806 1.3616 1.342 1.3218 1.2989 1.278 1.26 1.2419 1.2307 1.2067 1.1677 1.1321 1.0974 1.0643 1.0305 0.99819 0.96539 0.93358 0.90284 0.87154 0.84217 0.81306 0.78543 0.75892 0.73248 0.70754 0.68182 0.65798 0.6348 0.61154 0.59005 0.56806 0.54781 0.5289 0.51047 0.4931 0.47578 0.4601 0.44478 0.43044 0.4156 0.40106 0.38636 0.37277 0.35936 0.34715 0.33687 0.32704 0.31734 0.3075 0.29859 0.28906 0.28084 0.27254 0.26463 0.25765 0.25294 0.24094 0.27876 0.31674 0.30696 0.33127 0.42823 0.59506 0.73259 0.7697 0.73804 0.66959 0.62702 
239 1.4467 1.5393 1.6012 1.6165 1.6291 1.6431 1.6526 1.66 1.6689 1.6785 1.6811 1.6716 1.6561 1.6409 1.6234 1.6019 1.5771 1.5496 1.522 1.4989 1.482 1.4702 1.4645 1.4636 1.4567 1.4435 1.434 1.427 1.4199 1.4107 1.3969 1.3804 1.3614 1.3419 1.3216 1.2988 1.2779 1.2605 1.2412 1.2316 1.2066 1.1665 1.1317 1.0963 1.0639 1.03 0.99789 0.96487 0.93309 0.9025 0.87117 0.84192 0.81279 0.78516 0.75866 0.73237 0.70747 0.68184 0.65809 0.6348 0.61158 0.59018 0.56813 0.5479 0.52907 0.51059 0.49323 0.47598 0.46029 0.44498 0.4306 0.41591 0.40129 0.38664 0.373 0.35937 0.34739 0.33704 0.32723 0.31769 0.30785 0.29886 0.28938 0.28102 0.27281 0.26485 0.2579 0.25308 0.24085 0.27907 0.31709 0.30732 0.33166 0.4285 0.59501 0.73203 0.76852 0.73646 0.66815 0.62582 
239.5 1.4457 1.5384 1.601 1.6165 1.6289 1.6426 1.6523 1.6597 1.6686 1.6781 1.6808 1.6712 1.6558 1.6405 1.6231 1.6017 1.5769 1.5493 1.5217 1.4985 1.4817 1.47 1.4642 1.4632 1.4565 1.4433 1.4337 1.4268 1.4197 1.4105 1.3966 1.3802 1.3612 1.3417 1.3215 1.2988 1.2779 1.2605 1.241 1.2316 1.2063 1.1659 1.1312 1.0956 1.0634 1.0294 0.99742 0.96438 0.93271 0.90214 0.87081 0.84173 0.81254 0.78498 0.75858 0.7323 0.70746 0.68179 0.65802 0.63485 0.61157 0.59016 0.56821 0.54801 0.52919 0.51065 0.49337 0.47616 0.4605 0.44528 0.43083 0.41618 0.4016 0.38695 0.3733 0.35959 0.34764 0.33735 0.3275 0.31797 0.30816 0.29913 0.28974 0.28135 0.27307 0.26517 0.25816 0.25352 0.24139 0.27942 0.31747 0.30788 0.33234 0.42917 0.59546 0.73195 0.76779 0.73522 0.66684 0.62463 
240 1.4445 1.5375 1.6008 1.6167 1.6287 1.6422 1.6519 1.6594 1.6682 1.6778 1.6804 1.6709 1.6556 1.6402 1.6228 1.6016 1.5767 1.549 1.5214 1.4982 1.4815 1.4697 1.4638 1.4628 1.4564 1.4432 1.4334 1.4266 1.4195 1.4103 1.3964 1.38 1.361 1.3416 1.3214 1.2988 1.2779 1.2605 1.2409 1.2313 1.2059 1.1654 1.1307 1.0951 1.0628 1.0288 0.9969 0.96389 0.93236 0.90177 0.87047 0.84156 0.81228 0.78483 0.75854 0.73224 0.70747 0.68173 0.65791 0.6349 0.61154 0.59011 0.56831 0.54813 0.5293 0.51068 0.49351 0.47632 0.46072 0.4456 0.43106 0.41645 0.40194 0.38726 0.37361 0.35985 0.34788 0.33769 0.32779 0.31822 0.30846 0.2994 0.29011 0.28172 0.27333 0.26553 0.25844 0.25404 0.24211 0.27978 0.31784 0.30851 0.33311 0.42995 0.59603 0.73201 0.76717 0.73406 0.66557 0.62344 
240.5 1.4434 1.5365 1.6005 1.6169 1.6285 1.6417 1.6516 1.6591 1.6679 1.6774 1.6801 1.6705 1.6553 1.6399 1.6225 1.6014 1.5765 1.5488 1.521 1.4979 1.4812 1.4694 1.4634 1.4624 1.4562 1.4431 1.433 1.4263 1.4193 1.41 1.3962 1.3797 1.3608 1.3414 1.3213 1.2988 1.278 1.2604 1.2408 1.2311 1.2055 1.1649 1.1302 1.0946 1.0622 1.0282 0.99638 0.96341 0.93202 0.9014 0.87012 0.84139 0.81203 0.78468 0.7585 0.73218 0.70749 0.68168 0.65779 0.63495 0.61151 0.59005 0.5684 0.54825 0.5294 0.51071 0.49365 0.47648 0.46094 0.44592 0.4313 0.41672 0.40228 0.38757 0.37392 0.36011 0.34812 0.33803 0.32808 0.31848 0.30877 0.29967 0.29048 0.28209 0.27359 0.26589 0.25871 0.25456 0.24283 0.28014 0.31822 0.30913 0.33387 0.43073 0.59661 0.73207 0.76655 0.73291 0.6643 0.62226 
241 1.4422 1.5356 1.6003 1.617 1.6283 1.6412 1.6512 1.6589 1.6675 1.6771 1.6798 1.6702 1.655 1.6395 1.6222 1.6012 1.5764 1.5485 1.5207 1.4976 1.4809 1.4692 1.4631 1.462 1.456 1.4429 1.4327 1.4261 1.4191 1.4098 1.396 1.3795 1.3606 1.3413 1.3212 1.2987 1.278 1.2604 1.2407 1.2309 1.2051 1.1643 1.1296 1.094 1.0616 1.0276 0.99586 0.96292 0.93167 0.90103 0.86977 0.84121 0.81178 0.78452 0.75846 0.73213 0.7075 0.68162 0.65767 0.635 0.61149 0.59 0.56849 0.54836 0.52951 0.51075 0.49379 0.47665 0.46116 0.44625 0.43154 0.41698 0.40261 0.38788 0.37424 0.36038 0.34836 0.33837 0.32837 0.31874 0.30907 0.29993 0.29084 0.28246 0.27384 0.26625 0.25898 0.25508 0.24355 0.28049 0.3186 0.30975 0.33462 0.43149 0.59717 0.73212 0.76594 0.73177 0.66305 0.62109 
241.5 1.4418 1.5352 1.6 1.6167 1.628 1.641 1.6509 1.6585 1.6672 1.6768 1.6795 1.6698 1.6546 1.6393 1.6219 1.6009 1.576 1.5481 1.5205 1.4974 1.4806 1.4688 1.4629 1.462 1.4557 1.4425 1.4324 1.4258 1.4189 1.4096 1.3956 1.3793 1.3604 1.3411 1.3211 1.2985 1.2778 1.2602 1.2405 1.2306 1.2048 1.1638 1.1292 1.0936 1.0612 1.0273 0.99543 0.96248 0.93116 0.90063 0.86938 0.84084 0.81161 0.78433 0.75834 0.732 0.70735 0.68154 0.65761 0.63491 0.61144 0.59002 0.56862 0.54853 0.52957 0.51087 0.49387 0.47682 0.46139 0.44636 0.43174 0.41724 0.40268 0.38798 0.37442 0.36063 0.34872 0.33857 0.32864 0.31899 0.3092 0.3001 0.291 0.28261 0.27401 0.26642 0.25907 0.25533 0.24383 0.28055 0.31858 0.30958 0.33431 0.43104 0.59663 0.73175 0.76596 0.73216 0.66368 0.62184 
242 1.4414 1.5349 1.5996 1.6164 1.6277 1.6407 1.6506 1.6582 1.6669 1.6765 1.6793 1.6695 1.6542 1.639 1.6217 1.6005 1.5756 1.5478 1.5202 1.4972 1.4803 1.4685 1.4628 1.462 1.4555 1.442 1.4321 1.4255 1.4187 1.4094 1.3953 1.3791 1.3603 1.341 1.321 1.2983 1.2775 1.26 1.2402 1.2302 1.2044 1.1633 1.1287 1.0932 1.0608 1.0269 0.99501 0.96204 0.93066 0.90022 0.86899 0.84047 0.81144 0.78414 0.75822 0.73188 0.7072 0.68147 0.65756 0.63482 0.61139 0.59004 0.56875 0.54871 0.52963 0.51099 0.49396 0.477 0.46162 0.44647 0.43195 0.4175 0.40274 0.38808 0.3746 0.36089 0.34907 0.33876 0.32891 0.31924 0.30933 0.30026 0.29115 0.28276 0.27418 0.2666 0.25916 0.25558 0.24411 0.28061 0.31857 0.30942 0.33399 0.4306 0.5961 0.73138 0.76599 0.73255 0.66432 0.62259 
242.5 1.4411 1.5345 1.5993 1.616 1.6274 1.6405 1.6503 1.6579 1.6666 1.6763 1.679 1.6692 1.6538 1.6387 1.6215 1.6001 1.5751 1.5474 1.52 1.497 1.4799 1.4681 1.4627 1.462 1.4552 1.4416 1.4319 1.4252 1.4185 1.4093 1.395 1.3789 1.3601 1.3408 1.3209 1.298 1.2773 1.2599 1.2399 1.2299 1.204 1.1628 1.1282 1.0927 1.0604 1.0266 0.99458 0.9616 0.93016 0.89982 0.86859 0.8401 0.81127 0.78395 0.7581 0.73176 0.70705 0.68139 0.6575 0.63473 0.61134 0.59005 0.56888 0.54888 0.52969 0.51111 0.49405 0.47717 0.46185 0.44658 0.43216 0.41775 0.40281 0.38818 0.37478 0.36114 0.34942 0.33896 0.32918 0.31948 0.30945 0.30042 0.29131 0.28292 0.27435 0.26677 0.25924 0.25582 0.24439 0.28068 0.31856 0.30925 0.33367 0.43015 0.59556 0.73101 0.76601 0.73293 0.66495 0.62333 
243 1.4407 1.5342 1.5989 1.6157 1.6271 1.6402 1.65 1.6575 1.6663 1.676 1.6787 1.6689 1.6534 1.6384 1.6212 1.5998 1.5748 1.547 1.5197 1.4968 1.4796 1.4678 1.4625 1.4619 1.4549 1.4413 1.4316 1.4249 1.4182 1.4091 1.3947 1.3787 1.36 1.3407 1.3208 1.2978 1.2771 1.2597 1.2397 1.2296 1.2036 1.1624 1.1278 1.0923 1.06 1.0262 0.99414 0.96116 0.92968 0.89942 0.86824 0.83976 0.81109 0.78377 0.75796 0.73162 0.7069 0.68132 0.65747 0.63467 0.61133 0.59009 0.56897 0.54902 0.52977 0.51124 0.49416 0.47733 0.46206 0.44671 0.43235 0.41797 0.4029 0.38833 0.37496 0.36138 0.34973 0.33917 0.32945 0.31973 0.30963 0.30063 0.29149 0.28309 0.27452 0.26698 0.25937 0.25603 0.24466 0.28077 0.31859 0.30918 0.33347 0.42984 0.59521 0.73084 0.76618 0.73338 0.66551 0.62392 
243.5 1.4407 1.534 1.5987 1.6154 1.6267 1.6398 1.6497 1.6573 1.666 1.6756 1.6783 1.6685 1.6531 1.6381 1.6208 1.5994 1.5746 1.5469 1.5194 1.4965 1.4793 1.4676 1.4622 1.4615 1.4546 1.4413 1.4315 1.4245 1.4178 1.4088 1.3947 1.3786 1.3598 1.3405 1.3206 1.2978 1.2769 1.2594 1.2395 1.2293 1.2033 1.162 1.1272 1.0917 1.0596 1.0257 0.99365 0.96069 0.92927 0.89907 0.86799 0.83956 0.81089 0.78364 0.75779 0.73145 0.70676 0.68125 0.65752 0.63468 0.61145 0.59019 0.56895 0.54908 0.52986 0.51138 0.49435 0.4774 0.46221 0.44688 0.43252 0.41807 0.40308 0.3886 0.37511 0.36158 0.34989 0.3394 0.32971 0.32002 0.30995 0.30097 0.29174 0.28333 0.27473 0.26728 0.25962 0.25612 0.24489 0.28095 0.31875 0.3094 0.33367 0.42997 0.59546 0.7313 0.7668 0.73401 0.66584 0.62399 
244 1.4406 1.5338 1.5984 1.615 1.6263 1.6395 1.6495 1.6571 1.6658 1.6752 1.6779 1.6681 1.6528 1.6378 1.6204 1.599 1.5744 1.5467 1.5191 1.4961 1.4791 1.4673 1.462 1.4611 1.4543 1.4413 1.4314 1.4241 1.4175 1.4086 1.3947 1.3785 1.3597 1.3404 1.3204 1.2977 1.2767 1.2592 1.2392 1.229 1.203 1.1617 1.1267 1.0912 1.0591 1.0253 0.99317 0.96022 0.92887 0.89872 0.86774 0.83936 0.81068 0.78352 0.75761 0.73128 0.70662 0.68118 0.65758 0.63469 0.61157 0.59028 0.56893 0.54913 0.52996 0.51152 0.49453 0.47748 0.46236 0.44705 0.43269 0.41816 0.40327 0.38888 0.37526 0.36178 0.35006 0.33962 0.32996 0.3203 0.31027 0.30132 0.29199 0.28357 0.27494 0.26759 0.25987 0.2562 0.24512 0.28113 0.3189 0.30963 0.33386 0.43011 0.5957 0.73177 0.76743 0.73464 0.66617 0.62406 
244.5 1.4405 1.5335 1.5981 1.6147 1.626 1.6391 1.6492 1.6569 1.6655 1.6748 1.6775 1.6677 1.6525 1.6375 1.62 1.5986 1.5742 1.5466 1.5188 1.4958 1.4788 1.4671 1.4617 1.4607 1.454 1.4413 1.4313 1.4237 1.4171 1.4084 1.3947 1.3783 1.3595 1.3403 1.3202 1.2976 1.2765 1.2589 1.239 1.2287 1.2026 1.1613 1.1262 1.0907 1.0587 1.0248 0.99269 0.95975 0.92846 0.89837 0.86749 0.83916 0.81048 0.78339 0.75744 0.73111 0.70648 0.68111 0.65763 0.6347 0.61168 0.59037 0.56891 0.54919 0.53006 0.51167 0.49471 0.47756 0.4625 0.44722 0.43286 0.41825 0.40345 0.38915 0.37541 0.36198 0.35022 0.33985 0.33022 0.32058 0.31059 0.30166 0.29224 0.28381 0.27515 0.26789 0.26013 0.25629 0.24536 0.2813 0.31905 0.30985 0.33406 0.43024 0.59595 0.73223 0.76805 0.73527 0.66651 0.62413 
245 1.4402 1.5333 1.5978 1.6144 1.6256 1.6388 1.6488 1.6566 1.6652 1.6745 1.6772 1.6674 1.6522 1.6372 1.6197 1.5983 1.5739 1.5463 1.5186 1.4955 1.4786 1.4669 1.4614 1.4604 1.4537 1.4411 1.4311 1.4235 1.4168 1.4082 1.3946 1.3782 1.3594 1.3401 1.32 1.2975 1.2763 1.2586 1.2387 1.2284 1.2023 1.161 1.1258 1.0902 1.0582 1.0244 0.99227 0.95935 0.92809 0.89806 0.86722 0.83891 0.81029 0.78326 0.75729 0.73099 0.70639 0.68106 0.65764 0.63472 0.61175 0.59045 0.56892 0.54923 0.53018 0.51183 0.49489 0.47768 0.46264 0.44738 0.43298 0.41841 0.40372 0.38943 0.37562 0.36217 0.35044 0.34008 0.33041 0.3208 0.31086 0.30199 0.29253 0.2841 0.27538 0.26811 0.26037 0.25651 0.24563 0.28151 0.31921 0.31001 0.33419 0.43038 0.59618 0.73258 0.76846 0.73563 0.66659 0.62401 
245.5 1.4397 1.5329 1.5975 1.6141 1.6254 1.6385 1.6485 1.6562 1.6649 1.6743 1.6769 1.6671 1.6519 1.6369 1.6195 1.5981 1.5735 1.546 1.5183 1.4952 1.4784 1.4667 1.4612 1.4603 1.4535 1.4406 1.4307 1.4233 1.4167 1.4081 1.3943 1.378 1.3591 1.3398 1.3198 1.2973 1.2761 1.2583 1.2383 1.228 1.202 1.1606 1.1254 1.0898 1.0577 1.0239 0.99191 0.95903 0.92775 0.8978 0.86694 0.83859 0.81012 0.78313 0.75715 0.73091 0.70638 0.68102 0.65759 0.63474 0.61174 0.5905 0.56895 0.54925 0.53033 0.51203 0.49506 0.47784 0.46279 0.44754 0.43305 0.41864 0.40409 0.38973 0.37591 0.36237 0.3507 0.34031 0.33052 0.32096 0.31108 0.30229 0.29286 0.28443 0.27561 0.26823 0.26062 0.25688 0.24594 0.28174 0.31939 0.31009 0.33426 0.43052 0.5964 0.7328 0.76863 0.73567 0.66638 0.62365 
246 1.4392 1.5326 1.5972 1.6138 1.6251 1.6382 1.6481 1.6558 1.6645 1.6741 1.6766 1.6667 1.6516 1.6366 1.6193 1.5979 1.573 1.5456 1.5181 1.495 1.4782 1.4665 1.461 1.4601 1.4533 1.4401 1.4303 1.4232 1.4166 1.408 1.3941 1.3778 1.3589 1.3395 1.3197 1.2971 1.2759 1.2581 1.2378 1.2276 1.2017 1.1602 1.125 1.0894 1.0572 1.0234 0.99156 0.9587 0.92742 0.89753 0.86665 0.83828 0.80994 0.78299 0.75702 0.73083 0.70637 0.68099 0.65754 0.63476 0.61174 0.59055 0.56898 0.54928 0.53047 0.51223 0.49523 0.47801 0.46293 0.4477 0.43312 0.41886 0.40446 0.39002 0.37621 0.36257 0.35096 0.34054 0.33064 0.32112 0.3113 0.30259 0.29319 0.28476 0.27584 0.26835 0.26087 0.25725 0.24626 0.28197 0.31957 0.31018 0.33433 0.43066 0.59661 0.73302 0.7688 0.73571 0.66617 0.6233 
246.5 1.4387 1.5322 1.5969 1.6135 1.6249 1.6379 1.6478 1.6554 1.6642 1.6739 1.6764 1.6664 1.6513 1.6363 1.6192 1.5977 1.5726 1.5452 1.5179 1.4948 1.478 1.4663 1.4608 1.46 1.4531 1.4396 1.4298 1.4231 1.4165 1.4078 1.3939 1.3776 1.3587 1.3393 1.3196 1.2969 1.2757 1.2578 1.2374 1.2273 1.2013 1.1598 1.1246 1.0889 1.0568 1.023 0.99121 0.95837 0.92708 0.89727 0.86637 0.83797 0.80976 0.78286 0.75689 0.73075 0.70636 0.68096 0.65749 0.63478 0.61174 0.5906 0.569 0.5493 0.53062 0.51243 0.49541 0.47817 0.46307 0.44785 0.4332 0.41909 0.40483 0.39031 0.3765 0.36277 0.35122 0.34078 0.33075 0.32128 0.31152 0.30289 0.29352 0.28509 0.27607 0.26847 0.26111 0.25762 0.24658 0.28221 0.31974 0.31026 0.3344 0.4308 0.59683 0.73324 0.76897 0.73575 0.66596 0.62295 
247 1.4382 1.5317 1.5966 1.6133 1.6246 1.6376 1.6475 1.6551 1.6639 1.6736 1.6761 1.6661 1.6509 1.6359 1.6188 1.5975 1.5723 1.545 1.5177 1.4946 1.4777 1.466 1.4606 1.4598 1.4528 1.4391 1.4295 1.4229 1.4163 1.4077 1.3936 1.3774 1.3586 1.3391 1.3193 1.2966 1.2755 1.2575 1.2371 1.2269 1.2009 1.1594 1.1242 1.0886 1.0564 1.0226 0.99087 0.95804 0.92677 0.897 0.86613 0.83773 0.80952 0.78267 0.75671 0.73061 0.70631 0.68088 0.65745 0.63482 0.61172 0.5907 0.56911 0.54937 0.53084 0.51256 0.49551 0.47831 0.46314 0.44805 0.4334 0.41935 0.40503 0.39048 0.37674 0.36299 0.35141 0.34093 0.33095 0.32146 0.31177 0.30314 0.29382 0.28533 0.27638 0.26875 0.26142 0.25792 0.24671 0.28244 0.31997 0.3105 0.33464 0.43099 0.59699 0.7334 0.76909 0.73586 0.66615 0.62318 
247.5 1.4377 1.5312 1.5962 1.613 1.6242 1.6373 1.6472 1.6549 1.6636 1.6732 1.6758 1.6658 1.6505 1.6356 1.6185 1.5972 1.5721 1.5448 1.5175 1.4944 1.4774 1.4657 1.4603 1.4596 1.4525 1.4387 1.4292 1.4227 1.4161 1.4074 1.3934 1.3772 1.3585 1.3389 1.3191 1.2964 1.2752 1.2573 1.2368 1.2266 1.2004 1.1589 1.1238 1.0882 1.056 1.0223 0.99053 0.95769 0.92647 0.89672 0.86591 0.83753 0.80924 0.78246 0.75652 0.73046 0.70623 0.68078 0.65742 0.63486 0.61169 0.59081 0.56925 0.54946 0.5311 0.51266 0.49558 0.47844 0.46318 0.44828 0.43367 0.41964 0.40514 0.39059 0.37697 0.36322 0.35156 0.34106 0.3312 0.32165 0.31204 0.30336 0.2941 0.28554 0.27673 0.2691 0.26176 0.25818 0.24677 0.28267 0.32022 0.31081 0.33495 0.4312 0.59712 0.73352 0.7692 0.73602 0.66651 0.62367 
248 1.4372 1.5307 1.5958 1.6127 1.6239 1.6369 1.6469 1.6547 1.6634 1.6728 1.6755 1.6655 1.6501 1.6352 1.6181 1.5969 1.5719 1.5445 1.5173 1.4942 1.4772 1.4654 1.46 1.4594 1.4522 1.4383 1.4288 1.4225 1.4159 1.4072 1.3931 1.3769 1.3584 1.3388 1.3188 1.2961 1.2749 1.2571 1.2366 1.2263 1.2 1.1585 1.1235 1.0879 1.0557 1.0219 0.99019 0.95735 0.92617 0.89644 0.86569 0.83733 0.80897 0.78225 0.75633 0.73031 0.70616 0.68068 0.6574 0.6349 0.61166 0.59093 0.56939 0.54956 0.53135 0.51276 0.49565 0.47857 0.46323 0.4485 0.43394 0.41992 0.40526 0.39071 0.37721 0.36346 0.35172 0.34118 0.33144 0.32183 0.3123 0.30358 0.29438 0.28574 0.27707 0.26944 0.2621 0.25844 0.24682 0.2829 0.32047 0.31112 0.33526 0.43142 0.59726 0.73364 0.7693 0.73617 0.66687 0.62415 
248.5 1.4367 1.5302 1.5954 1.6124 1.6236 1.6366 1.6467 1.6544 1.6631 1.6724 1.6751 1.6652 1.6497 1.6348 1.6178 1.5966 1.5717 1.5443 1.5172 1.494 1.4769 1.465 1.4597 1.4592 1.4519 1.4379 1.4285 1.4222 1.4157 1.407 1.3928 1.3767 1.3584 1.3386 1.3185 1.2958 1.2746 1.2569 1.2364 1.226 1.1995 1.158 1.1232 1.0875 1.0553 1.0216 0.98986 0.95701 0.92587 0.89616 0.86546 0.83713 0.80869 0.78204 0.75614 0.73016 0.70609 0.68058 0.65737 0.63494 0.61163 0.59105 0.56953 0.54965 0.53161 0.51286 0.49572 0.4787 0.46327 0.44873 0.4342 0.4202 0.40537 0.39082 0.37744 0.36369 0.35188 0.34131 0.33168 0.32202 0.31257 0.3038 0.29465 0.28595 0.27742 0.26979 0.26243 0.2587 0.24687 0.28314 0.32073 0.31144 0.33558 0.43163 0.59739 0.73377 0.7694 0.73632 0.66723 0.62464 
249 1.431 1.5263 1.5953 1.6143 1.6241 1.6358 1.6462 1.6543 1.6628 1.6721 1.6749 1.665 1.6494 1.6345 1.6175 1.5964 1.5714 1.544 1.5169 1.4937 1.4766 1.4648 1.4595 1.4589 1.4516 1.4377 1.4283 1.422 1.4155 1.4067 1.3927 1.3765 1.3581 1.3384 1.3184 1.2956 1.2744 1.2566 1.2362 1.2257 1.1991 1.1577 1.1228 1.0872 1.0549 1.0212 0.98952 0.9567 0.92559 0.89589 0.86522 0.83696 0.80843 0.78178 0.75605 0.7301 0.70601 0.68055 0.65729 0.63488 0.61168 0.59105 0.56954 0.5497 0.53165 0.513 0.4959 0.47888 0.46347 0.44886 0.4344 0.42038 0.40556 0.39099 0.37764 0.36397 0.35209 0.34161 0.332 0.32228 0.31281 0.30403 0.29486 0.28615 0.27768 0.27002 0.26256 0.25896 0.24725 0.28336 0.32084 0.31149 0.33565 0.43184 0.59765 0.73393 0.76941 0.73626 0.6668 0.62387 
249.5 1.4249 1.522 1.5952 1.6164 1.6246 1.635 1.6457 1.6542 1.6625 1.6717 1.6746 1.6647 1.6491 1.6342 1.6172 1.5961 1.5712 1.5437 1.5166 1.4935 1.4764 1.4646 1.4592 1.4585 1.4514 1.4375 1.4281 1.4218 1.4153 1.4065 1.3925 1.3764 1.3578 1.3382 1.3182 1.2954 1.2742 1.2564 1.236 1.2254 1.1987 1.1574 1.1225 1.0868 1.0546 1.0208 0.98919 0.95639 0.92531 0.89563 0.86497 0.83679 0.80818 0.78153 0.75597 0.73005 0.70592 0.68053 0.6572 0.6348 0.61173 0.59104 0.56954 0.54975 0.53168 0.51314 0.4961 0.47907 0.46368 0.44899 0.43458 0.42055 0.40575 0.39116 0.37784 0.36426 0.3523 0.34192 0.33232 0.32256 0.31305 0.30426 0.29505 0.28634 0.27793 0.27024 0.26266 0.25922 0.24766 0.28358 0.32095 0.31152 0.33571 0.43204 0.59792 0.73409 0.76941 0.73619 0.66631 0.623 
250 1.4188 1.5177 1.5951 1.6185 1.6251 1.6342 1.6453 1.6542 1.6623 1.6714 1.6743 1.6644 1.6488 1.6339 1.617 1.5958 1.5709 1.5434 1.5162 1.4932 1.4761 1.4643 1.459 1.4582 1.4511 1.4374 1.4279 1.4216 1.4151 1.4062 1.3923 1.3762 1.3574 1.3379 1.3181 1.2952 1.274 1.2562 1.2358 1.2251 1.1983 1.157 1.1222 1.0865 1.0542 1.0204 0.98885 0.95609 0.92504 0.89536 0.86472 0.83662 0.80792 0.78128 0.75588 0.72999 0.70583 0.68051 0.65711 0.63472 0.61179 0.59102 0.56955 0.5498 0.5317 0.51329 0.49629 0.47925 0.46389 0.44912 0.43477 0.42072 0.40594 0.39133 0.37805 0.36454 0.35251 0.34224 0.33264 0.32283 0.31329 0.3045 0.29524 0.28654 0.27819 0.27046 0.26277 0.25947 0.24807 0.2838 0.32106 0.31154 0.33577 0.43225 0.59818 0.73426 0.76941 0.73612 0.66582 0.62212 
250.5 1.4146 1.5148 1.5949 1.6197 1.6254 1.6336 1.6449 1.654 1.662 1.6711 1.674 1.6642 1.6485 1.6336 1.6167 1.5955 1.5706 1.5431 1.5159 1.493 1.4758 1.4641 1.4587 1.4579 1.4508 1.4372 1.4277 1.4214 1.4148 1.406 1.3922 1.376 1.3572 1.3377 1.3179 1.2949 1.2738 1.256 1.2356 1.2247 1.1979 1.1567 1.1219 1.0862 1.0538 1.02 0.98851 0.95579 0.92477 0.89509 0.86447 0.83644 0.80768 0.78104 0.75578 0.72992 0.70573 0.68049 0.65703 0.63463 0.61182 0.59099 0.56955 0.54988 0.53177 0.51348 0.49655 0.47948 0.46412 0.44926 0.43494 0.42086 0.40612 0.39151 0.37824 0.3648 0.35273 0.34252 0.33293 0.32311 0.31351 0.30472 0.29545 0.28674 0.27845 0.27068 0.26289 0.25972 0.24845 0.284 0.32116 0.31159 0.33584 0.43243 0.59841 0.7344 0.7694 0.73603 0.66545 0.62149 
251 1.421 1.5193 1.5942 1.6163 1.6242 1.6341 1.6448 1.6534 1.6617 1.6708 1.6737 1.6638 1.6483 1.6333 1.6164 1.5951 1.5703 1.5429 1.5156 1.4926 1.4755 1.4639 1.4585 1.4575 1.4505 1.4372 1.4276 1.4211 1.4146 1.4058 1.392 1.3758 1.3571 1.3376 1.3177 1.2947 1.2735 1.2558 1.2355 1.2244 1.1973 1.1563 1.1215 1.0858 1.0535 1.0197 0.98814 0.95556 0.92455 0.89478 0.86424 0.83617 0.80754 0.78094 0.75557 0.72975 0.70557 0.68042 0.65697 0.63446 0.61165 0.5908 0.56955 0.55014 0.53208 0.51394 0.49711 0.47996 0.46452 0.44948 0.43499 0.42091 0.40622 0.39175 0.37837 0.36497 0.353 0.34263 0.33303 0.32342 0.3136 0.30491 0.29568 0.28694 0.27876 0.27085 0.26311 0.2599 0.24864 0.28407 0.32123 0.31173 0.33599 0.4325 0.59838 0.73438 0.76936 0.73584 0.66569 0.62225 
251.5 1.4275 1.5238 1.5935 1.6129 1.6231 1.6347 1.6447 1.6527 1.6613 1.6706 1.6734 1.6635 1.648 1.633 1.616 1.5947 1.57 1.5427 1.5153 1.4922 1.4752 1.4636 1.4583 1.4571 1.4502 1.4371 1.4275 1.4207 1.4143 1.4057 1.3918 1.3756 1.357 1.3375 1.3174 1.2944 1.2732 1.2556 1.2354 1.224 1.1968 1.1559 1.1212 1.0855 1.0532 1.0193 0.98777 0.95533 0.92432 0.89448 0.864 0.8359 0.8074 0.78083 0.75536 0.72958 0.70541 0.68036 0.65691 0.63429 0.61148 0.59062 0.56955 0.55041 0.5324 0.51441 0.49767 0.48044 0.46492 0.44969 0.43505 0.42096 0.40633 0.392 0.3785 0.36513 0.35326 0.34274 0.33312 0.32374 0.31369 0.3051 0.29592 0.28715 0.27908 0.27103 0.26333 0.26007 0.24883 0.28415 0.32129 0.31187 0.33614 0.43256 0.59835 0.73435 0.76932 0.73566 0.66593 0.62301 
252 1.434 1.5284 1.5928 1.6095 1.6219 1.6353 1.6447 1.6521 1.661 1.6703 1.673 1.6632 1.6477 1.6328 1.6157 1.5943 1.5696 1.5424 1.515 1.4919 1.4749 1.4634 1.458 1.4567 1.4499 1.437 1.4274 1.4203 1.414 1.4056 1.3916 1.3755 1.3569 1.3373 1.3172 1.2941 1.273 1.2554 1.2353 1.2236 1.1962 1.1555 1.1208 1.0852 1.0529 1.0189 0.9874 0.9551 0.9241 0.89417 0.86376 0.83562 0.80726 0.78072 0.75514 0.7294 0.70525 0.6803 0.65685 0.63412 0.61131 0.59044 0.56955 0.55068 0.53271 0.51488 0.49823 0.48092 0.46532 0.44991 0.43511 0.421 0.40643 0.39224 0.37863 0.36529 0.35353 0.34285 0.33321 0.32406 0.31378 0.30528 0.29615 0.28735 0.27939 0.27121 0.26355 0.26025 0.24902 0.28422 0.32136 0.31202 0.33629 0.43262 0.59833 0.73433 0.76928 0.73547 0.66618 0.62377 
252.5 1.4357 1.5296 1.5923 1.6081 1.6214 1.6353 1.6444 1.6517 1.6607 1.6701 1.6727 1.6629 1.6475 1.6325 1.6154 1.594 1.5694 1.5422 1.5147 1.4915 1.4746 1.4631 1.4578 1.4564 1.4496 1.4368 1.4272 1.4201 1.4138 1.4054 1.3914 1.3752 1.3567 1.3372 1.3169 1.2939 1.2727 1.2551 1.2351 1.2232 1.1957 1.1551 1.1204 1.0848 1.0525 1.0186 0.98705 0.95485 0.92384 0.89387 0.86348 0.83534 0.80709 0.78059 0.75495 0.72923 0.70511 0.68018 0.65674 0.63395 0.61113 0.5903 0.56951 0.55084 0.53301 0.5153 0.49873 0.4814 0.46571 0.45019 0.43526 0.42112 0.40657 0.39244 0.37879 0.3654 0.35374 0.34301 0.33333 0.32429 0.31395 0.30547 0.29637 0.28762 0.27964 0.27146 0.26379 0.26044 0.24929 0.28439 0.32153 0.31224 0.33648 0.43268 0.59822 0.73415 0.76907 0.73522 0.66619 0.62404 
253 1.4295 1.5253 1.5923 1.6102 1.622 1.6345 1.6439 1.6515 1.6604 1.6699 1.6724 1.6626 1.6472 1.6322 1.6151 1.5938 1.5691 1.5419 1.5143 1.4911 1.4743 1.4629 1.4576 1.4563 1.4494 1.4364 1.4268 1.4199 1.4137 1.4052 1.3911 1.3749 1.3565 1.337 1.3166 1.2937 1.2726 1.2549 1.235 1.2229 1.1952 1.1545 1.1199 1.0844 1.0521 1.0183 0.98672 0.95456 0.92353 0.89356 0.86312 0.83505 0.80689 0.7804 0.75477 0.72905 0.70501 0.67997 0.65652 0.63378 0.61094 0.59021 0.56943 0.55083 0.5333 0.51567 0.49913 0.48189 0.46609 0.45058 0.43557 0.42137 0.40677 0.39257 0.379 0.36541 0.35386 0.34327 0.3335 0.32438 0.31427 0.30565 0.29654 0.28797 0.27978 0.27182 0.26407 0.26068 0.24968 0.28472 0.32187 0.3126 0.33674 0.43273 0.598 0.7337 0.76856 0.73486 0.6658 0.62354 
253.5 1.4232 1.5211 1.5922 1.6123 1.6226 1.6337 1.6433 1.6514 1.6602 1.6696 1.6721 1.6622 1.6469 1.6319 1.6148 1.5935 1.5689 1.5417 1.514 1.4908 1.4739 1.4626 1.4574 1.4562 1.4492 1.436 1.4265 1.4198 1.4137 1.4051 1.3908 1.3746 1.3563 1.3368 1.3164 1.2936 1.2724 1.2547 1.2348 1.2226 1.1947 1.154 1.1195 1.0839 1.0518 1.018 0.98639 0.95428 0.92322 0.89326 0.86276 0.83476 0.80669 0.78022 0.75459 0.72887 0.70492 0.67975 0.65631 0.63361 0.61074 0.59013 0.56935 0.55082 0.53358 0.51604 0.49953 0.48238 0.46647 0.45097 0.43587 0.42161 0.40697 0.3927 0.37921 0.36542 0.35398 0.34353 0.33367 0.32448 0.31459 0.30584 0.29672 0.28833 0.27993 0.27218 0.26434 0.26091 0.25007 0.28504 0.32221 0.31295 0.337 0.43277 0.59777 0.73326 0.76806 0.73449 0.66542 0.62303 
254 1.417 1.5168 1.5921 1.6143 1.6232 1.6329 1.6428 1.6512 1.66 1.6694 1.6719 1.6619 1.6466 1.6316 1.6145 1.5933 1.5686 1.5414 1.5137 1.4904 1.4736 1.4624 1.4572 1.4561 1.449 1.4356 1.4262 1.4197 1.4136 1.4049 1.3906 1.3742 1.3561 1.3366 1.3161 1.2934 1.2723 1.2545 1.2347 1.2223 1.1942 1.1535 1.119 1.0835 1.0514 1.0177 0.98607 0.95399 0.9229 0.89295 0.86241 0.83447 0.80648 0.78003 0.75441 0.72869 0.70482 0.67954 0.6561 0.63344 0.61055 0.59004 0.56927 0.5508 0.53387 0.5164 0.49993 0.48287 0.46685 0.45135 0.43618 0.42185 0.40717 0.39283 0.37941 0.36543 0.35411 0.34378 0.33383 0.32458 0.31491 0.30602 0.29689 0.28869 0.28007 0.27254 0.26461 0.26115 0.25045 0.28537 0.32256 0.31331 0.33726 0.43282 0.59754 0.73281 0.76755 0.73413 0.66504 0.62252 
254.5 1.4182 1.5175 1.5917 1.6135 1.6227 1.6327 1.6425 1.6508 1.6597 1.6691 1.6716 1.6616 1.6462 1.6313 1.6141 1.593 1.5684 1.5411 1.5135 1.4901 1.4733 1.4622 1.4569 1.4559 1.4488 1.4354 1.4259 1.4196 1.4134 1.4046 1.3903 1.374 1.3558 1.3364 1.316 1.2932 1.2721 1.2544 1.2345 1.2219 1.1936 1.153 1.1186 1.0831 1.0511 1.0174 0.98575 0.95367 0.9226 0.89273 0.8622 0.83431 0.8063 0.77984 0.75428 0.72856 0.70469 0.67941 0.65598 0.63335 0.61052 0.59006 0.56938 0.55099 0.53412 0.51672 0.50023 0.48321 0.46716 0.45164 0.43643 0.42201 0.40737 0.39298 0.37956 0.36552 0.35418 0.344 0.33403 0.32477 0.31518 0.30624 0.29714 0.28888 0.28026 0.27275 0.26483 0.26136 0.25053 0.28553 0.3227 0.31336 0.33727 0.43282 0.59759 0.73293 0.7677 0.73426 0.66496 0.62228 
255 1.4244 1.5215 1.5913 1.6106 1.6214 1.6329 1.6425 1.6503 1.6593 1.6688 1.6713 1.6613 1.6459 1.631 1.6138 1.5927 1.5682 1.5408 1.5132 1.49 1.4732 1.4619 1.4565 1.4556 1.4486 1.4353 1.4258 1.4195 1.4131 1.4042 1.39 1.3738 1.3554 1.3361 1.3158 1.293 1.2719 1.2542 1.2344 1.2216 1.193 1.1524 1.1181 1.0827 1.0508 1.017 0.98544 0.95333 0.9223 0.89257 0.8621 0.83422 0.80613 0.77965 0.75416 0.72848 0.70454 0.67933 0.65592 0.63331 0.61059 0.59016 0.56962 0.5513 0.53435 0.517 0.50047 0.48345 0.46743 0.45185 0.43664 0.42212 0.40758 0.39316 0.37967 0.36567 0.35422 0.34418 0.33424 0.32504 0.31542 0.30648 0.29744 0.28897 0.28049 0.27286 0.26502 0.26156 0.25041 0.28558 0.32272 0.31321 0.33711 0.4328 0.59783 0.73343 0.76828 0.73469 0.66509 0.62222 
255.5 1.4306 1.5255 1.5908 1.6078 1.6201 1.6332 1.6424 1.6498 1.6589 1.6686 1.6711 1.661 1.6455 1.6307 1.6135 1.5925 1.568 1.5405 1.513 1.4898 1.473 1.4617 1.4562 1.4552 1.4485 1.4352 1.4257 1.4193 1.4128 1.4037 1.3897 1.3736 1.3551 1.3358 1.3157 1.2927 1.2717 1.2541 1.2344 1.2212 1.1923 1.1519 1.1177 1.0824 1.0505 1.0167 0.98514 0.95299 0.92199 0.8924 0.862 0.83413 0.80596 0.77945 0.75405 0.72839 0.70439 0.67925 0.65586 0.63328 0.61066 0.59025 0.56985 0.55161 0.53458 0.51728 0.50071 0.48368 0.46769 0.45207 0.43686 0.42224 0.40779 0.39333 0.37979 0.36582 0.35426 0.34437 0.33446 0.32531 0.31566 0.30672 0.29775 0.28905 0.28071 0.27296 0.2652 0.26175 0.25029 0.28564 0.32273 0.31306 0.33695 0.43277 0.59807 0.73393 0.76887 0.73513 0.66523 0.62217 
256 1.4367 1.5295 1.5903 1.605 1.6188 1.6334 1.6423 1.6493 1.6586 1.6683 1.6708 1.6607 1.6451 1.6304 1.6132 1.5922 1.5678 1.5402 1.5128 1.4896 1.4728 1.4615 1.4559 1.4549 1.4483 1.4351 1.4255 1.4192 1.4125 1.4033 1.3893 1.3734 1.3547 1.3356 1.3156 1.2925 1.2715 1.254 1.2343 1.2208 1.1916 1.1514 1.1173 1.0821 1.0502 1.0164 0.98483 0.95265 0.92169 0.89224 0.8619 0.83404 0.80579 0.77925 0.75394 0.7283 0.70424 0.67918 0.6558 0.63324 0.61073 0.59034 0.57008 0.55193 0.53481 0.51756 0.50095 0.48392 0.46796 0.45228 0.43707 0.42235 0.408 0.3935 0.3799 0.36596 0.3543 0.34455 0.33467 0.32558 0.31591 0.30696 0.29805 0.28914 0.28094 0.27307 0.26539 0.26195 0.25017 0.28569 0.32275 0.31291 0.33679 0.43275 0.5983 0.73443 0.76945 0.73557 0.66536 0.62211 
256.5 1.4361 1.5289 1.5901 1.605 1.6185 1.6329 1.642 1.6491 1.6583 1.668 1.6705 1.6604 1.6449 1.63 1.6129 1.5919 1.5675 1.5399 1.5125 1.4894 1.4726 1.4612 1.4557 1.4548 1.448 1.4347 1.4252 1.419 1.4123 1.4029 1.3891 1.3731 1.3544 1.3354 1.3155 1.2924 1.2714 1.2539 1.2342 1.2205 1.1911 1.1509 1.1168 1.0816 1.0498 1.016 0.98452 0.95236 0.9214 0.89197 0.86172 0.83386 0.80558 0.77908 0.75379 0.72817 0.70416 0.67912 0.65577 0.63328 0.61073 0.59034 0.57026 0.55217 0.53502 0.51776 0.50116 0.48411 0.46819 0.45246 0.43729 0.42262 0.40819 0.39381 0.38011 0.36627 0.35458 0.34467 0.33495 0.3257 0.31608 0.30713 0.29817 0.28936 0.28109 0.27327 0.26555 0.26216 0.25045 0.28587 0.32293 0.3132 0.33718 0.43326 0.59896 0.73507 0.76991 0.73581 0.66539 0.62205 
257 1.4342 1.5273 1.59 1.6057 1.6183 1.6323 1.6417 1.649 1.658 1.6676 1.6701 1.6602 1.6446 1.6297 1.6126 1.5917 1.5672 1.5396 1.5122 1.4891 1.4723 1.4609 1.4556 1.4547 1.4478 1.4344 1.4249 1.4188 1.4121 1.4026 1.3888 1.3729 1.3541 1.3352 1.3153 1.2924 1.2713 1.2537 1.2342 1.2202 1.1906 1.1505 1.1163 1.0811 1.0494 1.0156 0.98421 0.95206 0.9211 0.89167 0.86153 0.83366 0.80535 0.77891 0.75362 0.72803 0.70409 0.67907 0.65575 0.63333 0.6107 0.59033 0.57042 0.55241 0.53524 0.51794 0.50137 0.4843 0.4684 0.45264 0.43752 0.42293 0.40838 0.39414 0.38035 0.36661 0.35492 0.34477 0.33525 0.32579 0.31624 0.30729 0.29826 0.28961 0.28123 0.27349 0.2657 0.26238 0.2508 0.28606 0.32315 0.31358 0.33767 0.43388 0.5997 0.73573 0.77034 0.736 0.6654 0.622 
257.5 1.4323 1.5258 1.5899 1.6063 1.6182 1.6316 1.6414 1.6489 1.6578 1.6673 1.6698 1.6599 1.6444 1.6294 1.6124 1.5914 1.5669 1.5393 1.5119 1.4888 1.4721 1.4607 1.4555 1.4546 1.4475 1.434 1.4246 1.4186 1.4119 1.4023 1.3885 1.3726 1.3538 1.335 1.3152 1.2924 1.2713 1.2536 1.2341 1.2199 1.19 1.15 1.1158 1.0806 1.049 1.0153 0.98391 0.95177 0.9208 0.89137 0.86133 0.83346 0.80513 0.77874 0.75346 0.7279 0.70403 0.67902 0.65573 0.63339 0.61068 0.59031 0.57059 0.55265 0.53545 0.51812 0.50157 0.48449 0.46862 0.45281 0.43774 0.42323 0.40857 0.39447 0.38059 0.36695 0.35525 0.34488 0.33554 0.32587 0.31641 0.30745 0.29834 0.28987 0.28136 0.27371 0.26585 0.26259 0.25116 0.28626 0.32336 0.31396 0.33816 0.4345 0.60043 0.73639 0.77078 0.73619 0.66541 0.62194 
258 1.4305 1.5243 1.5898 1.6069 1.6181 1.631 1.641 1.6487 1.6575 1.6669 1.6695 1.6597 1.6441 1.6291 1.6121 1.5911 1.5665 1.539 1.5116 1.4885 1.4719 1.4604 1.4553 1.4545 1.4473 1.4336 1.4242 1.4184 1.4117 1.402 1.3883 1.3723 1.3536 1.3348 1.315 1.2924 1.2712 1.2534 1.2341 1.2196 1.1895 1.1496 1.1152 1.0801 1.0485 1.0149 0.9836 0.95148 0.92051 0.89108 0.86113 0.83326 0.80491 0.77858 0.7533 0.72776 0.70396 0.67897 0.65571 0.63344 0.61066 0.5903 0.57075 0.55287 0.53566 0.51829 0.50178 0.48467 0.46883 0.45299 0.43797 0.42353 0.40876 0.3948 0.38083 0.36729 0.35558 0.34499 0.33583 0.32597 0.31657 0.30761 0.29844 0.29012 0.28151 0.27392 0.266 0.2628 0.25151 0.28645 0.32357 0.31431 0.33862 0.43508 0.60112 0.73699 0.77116 0.73635 0.66541 0.6219 
258.5 1.4307 1.5242 1.5894 1.6064 1.6177 1.6308 1.6408 1.6485 1.6572 1.6666 1.6691 1.6593 1.6438 1.6288 1.6118 1.5909 1.5663 1.5387 1.5114 1.4883 1.4716 1.4602 1.455 1.4541 1.447 1.4335 1.424 1.4181 1.4115 1.4019 1.388 1.3721 1.3535 1.3346 1.3148 1.2922 1.2712 1.2535 1.2342 1.2193 1.1888 1.1489 1.1148 1.0797 1.0481 1.0146 0.98321 0.95115 0.92026 0.8908 0.8608 0.83297 0.80477 0.77845 0.7532 0.72764 0.70381 0.67891 0.65568 0.63348 0.61082 0.59049 0.57081 0.55286 0.53579 0.51848 0.50194 0.48483 0.469 0.45323 0.43819 0.42382 0.40898 0.39502 0.38106 0.36751 0.3558 0.34515 0.33595 0.3261 0.31675 0.30778 0.29862 0.29033 0.28172 0.27414 0.2662 0.26297 0.25169 0.28658 0.32363 0.31429 0.33858 0.43507 0.60103 0.73674 0.77072 0.73587 0.66528 0.62203 
259 1.4308 1.5241 1.589 1.6059 1.6172 1.6305 1.6406 1.6482 1.6569 1.6663 1.6688 1.6588 1.6434 1.6285 1.6115 1.5906 1.5661 1.5385 1.5112 1.4881 1.4712 1.4599 1.4547 1.4537 1.4468 1.4334 1.4238 1.4179 1.4114 1.4019 1.3878 1.3718 1.3534 1.3344 1.3146 1.2921 1.2711 1.2536 1.2343 1.219 1.1882 1.1483 1.1143 1.0794 1.0477 1.0142 0.98283 0.95082 0.92 0.89053 0.86046 0.83268 0.80464 0.77833 0.75311 0.72751 0.70367 0.67886 0.65565 0.63353 0.61098 0.59067 0.57087 0.55285 0.53591 0.51867 0.5021 0.48498 0.46917 0.45347 0.43842 0.4241 0.40919 0.39524 0.38129 0.36774 0.35602 0.34531 0.33607 0.32623 0.31694 0.30795 0.2988 0.29054 0.28194 0.27435 0.2664 0.26314 0.25188 0.2867 0.32369 0.31426 0.33854 0.43506 0.60094 0.73649 0.77027 0.73539 0.66514 0.62217 
259.5 1.431 1.524 1.5886 1.6054 1.6168 1.6302 1.6404 1.6479 1.6566 1.666 1.6685 1.6584 1.643 1.6282 1.6112 1.5904 1.5659 1.5382 1.511 1.4879 1.4709 1.4597 1.4544 1.4533 1.4466 1.4333 1.4236 1.4177 1.4112 1.4018 1.3876 1.3716 1.3534 1.3342 1.3144 1.2919 1.271 1.2537 1.2345 1.2188 1.1876 1.1477 1.1138 1.079 1.0473 1.0138 0.98245 0.95049 0.91974 0.89026 0.86013 0.83239 0.8045 0.7782 0.75301 0.72739 0.70352 0.6788 0.65562 0.63357 0.61114 0.59085 0.57093 0.55285 0.53604 0.51885 0.50226 0.48514 0.46934 0.45372 0.43864 0.42439 0.40941 0.39546 0.38152 0.36797 0.35625 0.34547 0.33619 0.32636 0.31712 0.30812 0.29899 0.29075 0.28216 0.27456 0.26659 0.26331 0.25206 0.28683 0.32374 0.31424 0.33851 0.43505 0.60085 0.73624 0.76983 0.73491 0.665 0.6223 
260 1.4308 1.5237 1.5883 1.6051 1.6165 1.6299 1.6401 1.6477 1.6563 1.6657 1.6682 1.658 1.6427 1.628 1.611 1.5902 1.5656 1.5379 1.5107 1.4877 1.4707 1.4595 1.4542 1.4529 1.4464 1.4332 1.4235 1.4174 1.411 1.4017 1.3874 1.3714 1.3533 1.334 1.3142 1.2918 1.271 1.2537 1.2346 1.2185 1.1869 1.1471 1.1133 1.0786 1.0469 1.0135 0.9821 0.95019 0.91951 0.89 0.85984 0.83214 0.80435 0.77807 0.7529 0.72728 0.70341 0.67874 0.65559 0.63359 0.61125 0.59099 0.57101 0.5529 0.53616 0.51901 0.50243 0.48529 0.46952 0.45396 0.43884 0.42464 0.40962 0.39566 0.38173 0.36818 0.35643 0.34563 0.33636 0.3265 0.31729 0.3083 0.29919 0.29096 0.28238 0.27475 0.26677 0.26346 0.25222 0.28697 0.32383 0.31426 0.3385 0.43503 0.60076 0.73607 0.76958 0.73468 0.66497 0.6224 
260.5 1.4295 1.5229 1.5881 1.6052 1.6164 1.6295 1.6397 1.6474 1.6561 1.6655 1.6679 1.6577 1.6424 1.6278 1.6107 1.5899 1.5653 1.5376 1.5104 1.4874 1.4706 1.4594 1.4539 1.4526 1.446 1.433 1.4234 1.417 1.4105 1.4015 1.3874 1.3714 1.3532 1.3339 1.3141 1.2917 1.2709 1.2537 1.2348 1.2181 1.186 1.1465 1.1129 1.0782 1.0465 1.0131 0.98185 0.94994 0.91932 0.8898 0.85967 0.83199 0.80418 0.77795 0.75276 0.72722 0.70338 0.67866 0.65556 0.63357 0.61125 0.59101 0.57112 0.55311 0.53627 0.51909 0.50263 0.48544 0.46969 0.45419 0.43897 0.42481 0.40982 0.39585 0.3819 0.36834 0.35654 0.34578 0.33666 0.32667 0.31744 0.30851 0.29943 0.29116 0.28257 0.27489 0.26692 0.26358 0.2523 0.28714 0.32397 0.31441 0.33856 0.43497 0.60069 0.7361 0.76981 0.73509 0.66518 0.62238 
261 1.4283 1.5221 1.5879 1.6053 1.6163 1.6292 1.6394 1.6472 1.6558 1.6652 1.6676 1.6573 1.6421 1.6276 1.6105 1.5896 1.5649 1.5372 1.51 1.4872 1.4706 1.4593 1.4537 1.4523 1.4456 1.4328 1.4233 1.4167 1.4101 1.4012 1.3874 1.3713 1.353 1.3338 1.314 1.2916 1.2708 1.2537 1.2349 1.2177 1.1851 1.1459 1.1124 1.0777 1.046 1.0128 0.9816 0.9497 0.91913 0.88961 0.8595 0.83185 0.80401 0.77782 0.75262 0.72716 0.70334 0.67859 0.65552 0.63354 0.61124 0.59104 0.57124 0.55331 0.53639 0.51918 0.50283 0.48559 0.46987 0.45443 0.4391 0.42498 0.41002 0.39604 0.38207 0.3685 0.35665 0.34594 0.33696 0.32684 0.31759 0.30873 0.29967 0.29136 0.28277 0.27503 0.26707 0.2637 0.25238 0.28731 0.32411 0.31455 0.33862 0.43491 0.60062 0.73613 0.77005 0.7355 0.66539 0.62236 
261.5 1.427 1.5213 1.5877 1.6054 1.6162 1.6288 1.639 1.6469 1.6556 1.665 1.6673 1.6569 1.6418 1.6274 1.6103 1.5893 1.5645 1.5369 1.5097 1.4869 1.4705 1.4592 1.4534 1.4519 1.4452 1.4325 1.4231 1.4163 1.4096 1.401 1.3873 1.3713 1.3529 1.3337 1.3139 1.2915 1.2708 1.2537 1.2351 1.2173 1.1842 1.1453 1.112 1.0772 1.0455 1.0124 0.98134 0.94946 0.91895 0.88941 0.85932 0.8317 0.80384 0.7777 0.75248 0.72709 0.70331 0.67852 0.65549 0.63351 0.61123 0.59106 0.57135 0.55351 0.5365 0.51926 0.50303 0.48574 0.47005 0.45466 0.43923 0.42515 0.41022 0.39622 0.38224 0.36866 0.35676 0.34609 0.33726 0.32701 0.31774 0.30894 0.29991 0.29156 0.28296 0.27517 0.26722 0.26381 0.25246 0.28748 0.32425 0.3147 0.33869 0.43485 0.60054 0.73616 0.77029 0.73591 0.66561 0.62235 
262 1.4239 1.5192 1.5875 1.6061 1.6164 1.6284 1.6386 1.6467 1.6553 1.6647 1.667 1.6566 1.6415 1.6271 1.61 1.589 1.5642 1.5366 1.5094 1.4866 1.4703 1.459 1.4532 1.4517 1.4449 1.4323 1.423 1.416 1.4093 1.4008 1.3873 1.3712 1.3527 1.3336 1.3139 1.2915 1.2708 1.2537 1.2352 1.2171 1.1834 1.1447 1.1114 1.0767 1.0451 1.012 0.98101 0.94918 0.91872 0.8892 0.85911 0.8315 0.80368 0.77758 0.75236 0.72703 0.70327 0.67846 0.65549 0.63351 0.61129 0.59119 0.57143 0.5536 0.53659 0.51941 0.50323 0.48595 0.47022 0.45482 0.43941 0.4253 0.41046 0.39643 0.38243 0.36882 0.35687 0.34628 0.33745 0.32725 0.31791 0.30918 0.3001 0.29174 0.28322 0.27533 0.2674 0.26399 0.25265 0.28765 0.32439 0.31487 0.33887 0.43508 0.60087 0.73655 0.77071 0.73624 0.66551 0.62195 
262.5 1.419 1.516 1.5873 1.6074 1.6169 1.6279 1.6381 1.6464 1.6551 1.6643 1.6667 1.6564 1.6412 1.6268 1.6097 1.5886 1.5639 1.5364 1.5092 1.4864 1.47 1.4586 1.453 1.4516 1.4448 1.4322 1.4227 1.4158 1.4091 1.4006 1.3871 1.3712 1.3525 1.3333 1.3138 1.2916 1.271 1.2538 1.2354 1.2169 1.1828 1.144 1.1108 1.0762 1.0446 1.0115 0.98061 0.94886 0.91845 0.889 0.85885 0.83123 0.80353 0.77747 0.75225 0.72696 0.70324 0.67841 0.65552 0.63353 0.61141 0.59141 0.57147 0.55357 0.53667 0.51963 0.50344 0.48622 0.47038 0.4549 0.43963 0.42545 0.41074 0.39664 0.38262 0.36898 0.35698 0.34651 0.33753 0.32753 0.31809 0.30944 0.30026 0.29192 0.28355 0.27552 0.26762 0.26422 0.25297 0.28782 0.32454 0.31507 0.33916 0.43558 0.60156 0.73729 0.77131 0.73648 0.66511 0.62118 
263 1.4141 1.5127 1.587 1.6088 1.6174 1.6274 1.6376 1.6462 1.6548 1.664 1.6664 1.6562 1.641 1.6265 1.6094 1.5883 1.5637 1.5363 1.509 1.4861 1.4696 1.4582 1.4527 1.4515 1.4447 1.432 1.4225 1.4156 1.409 1.4004 1.387 1.3711 1.3524 1.3331 1.3138 1.2918 1.2711 1.2539 1.2356 1.2167 1.1821 1.1433 1.1102 1.0756 1.0441 1.011 0.9802 0.94854 0.91818 0.88879 0.85859 0.83097 0.80338 0.77736 0.75215 0.72689 0.7032 0.67836 0.65555 0.63356 0.61153 0.59164 0.57151 0.55354 0.53674 0.51984 0.50365 0.48648 0.47054 0.45497 0.43986 0.4256 0.41101 0.39686 0.38282 0.36914 0.35709 0.34673 0.33761 0.32782 0.31828 0.3097 0.30041 0.29209 0.28388 0.2757 0.26784 0.26445 0.25328 0.28799 0.32469 0.31526 0.33946 0.43608 0.60225 0.73802 0.77191 0.73673 0.66472 0.62042 
263.5 1.4092 1.5095 1.5868 1.6101 1.6179 1.6268 1.6372 1.6459 1.6545 1.6636 1.6661 1.656 1.6407 1.6262 1.6091 1.5879 1.5634 1.5361 1.5088 1.4858 1.4693 1.4579 1.4525 1.4513 1.4446 1.4318 1.4223 1.4154 1.4088 1.4003 1.3868 1.371 1.3522 1.3329 1.3137 1.2919 1.2713 1.2541 1.2357 1.2165 1.1815 1.1426 1.1096 1.0751 1.0435 1.0105 0.9798 0.94822 0.91791 0.88858 0.85833 0.83071 0.80323 0.77725 0.75205 0.72682 0.70316 0.67831 0.65558 0.63358 0.61165 0.59186 0.57155 0.55352 0.53681 0.52005 0.50385 0.48674 0.47069 0.45505 0.44009 0.42575 0.41129 0.39707 0.38302 0.36929 0.3572 0.34696 0.33769 0.32811 0.31846 0.30996 0.30057 0.29227 0.28421 0.27589 0.26806 0.26468 0.25359 0.28816 0.32484 0.31545 0.33976 0.43657 0.60295 0.73875 0.77251 0.73697 0.66433 0.61965 
264 1.4076 1.5084 1.5866 1.6104 1.6178 1.6265 1.6368 1.6457 1.6543 1.6633 1.6659 1.6558 1.6404 1.6259 1.6088 1.5877 1.5632 1.5359 1.5086 1.4855 1.469 1.4577 1.4523 1.4511 1.4443 1.4317 1.4221 1.4152 1.4087 1.4002 1.3867 1.3709 1.3522 1.3329 1.3136 1.2918 1.2716 1.2537 1.2364 1.216 1.1801 1.1422 1.1087 1.0747 1.043 1.0101 0.97936 0.94792 0.91763 0.8883 0.85817 0.83045 0.80307 0.7771 0.75194 0.72671 0.70314 0.67836 0.65544 0.63331 0.61137 0.59187 0.57197 0.554 0.53711 0.52014 0.50392 0.48689 0.4709 0.45529 0.4403 0.42591 0.41143 0.39719 0.38326 0.36948 0.35738 0.34722 0.33783 0.32831 0.31872 0.3101 0.30076 0.29245 0.28431 0.2761 0.26822 0.2649 0.25383 0.28831 0.32496 0.31553 0.33986 0.43674 0.60315 0.73898 0.77275 0.73714 0.66447 0.61984 
264.5 1.4073 1.508 1.5864 1.6104 1.6176 1.6261 1.6366 1.6455 1.654 1.6631 1.6657 1.6556 1.6402 1.6256 1.6086 1.5876 1.563 1.5358 1.5085 1.4853 1.4688 1.4575 1.452 1.4508 1.4441 1.4315 1.422 1.4151 1.4087 1.4002 1.3865 1.3707 1.3523 1.3331 1.3136 1.2916 1.2721 1.2532 1.2372 1.2155 1.1785 1.1419 1.1077 1.0743 1.0424 1.0097 0.97892 0.94762 0.91736 0.88799 0.85803 0.83019 0.80291 0.77692 0.75183 0.7266 0.70311 0.67845 0.65524 0.63294 0.61094 0.59181 0.57252 0.55465 0.53749 0.52018 0.50393 0.48699 0.47113 0.45558 0.44051 0.42608 0.41153 0.39726 0.38353 0.36968 0.3576 0.34749 0.338 0.32848 0.319 0.31021 0.30096 0.29264 0.28432 0.27631 0.26837 0.26512 0.25403 0.28844 0.32508 0.31557 0.3399 0.43679 0.60317 0.73904 0.77287 0.73728 0.6648 0.62036 
265 1.4069 1.5076 1.5863 1.6103 1.6173 1.6258 1.6364 1.6453 1.6538 1.6629 1.6655 1.6553 1.6399 1.6252 1.6083 1.5875 1.5628 1.5357 1.5084 1.4851 1.4686 1.4574 1.4518 1.4505 1.4438 1.4314 1.4219 1.415 1.4086 1.4002 1.3864 1.3705 1.3524 1.3332 1.3135 1.2913 1.2725 1.2527 1.2381 1.215 1.1769 1.1416 1.1067 1.0739 1.0417 1.0093 0.97848 0.94732 0.91709 0.88768 0.8579 0.82994 0.80275 0.77675 0.75171 0.72649 0.70309 0.67854 0.65505 0.63257 0.61052 0.59175 0.57307 0.55531 0.53786 0.52022 0.50394 0.48709 0.47135 0.45587 0.44072 0.42624 0.41163 0.39734 0.38379 0.36987 0.35781 0.34776 0.33817 0.32864 0.31928 0.31033 0.30116 0.29283 0.28433 0.27653 0.26851 0.26533 0.25424 0.28857 0.32519 0.31561 0.33994 0.43684 0.6032 0.73909 0.773 0.73743 0.66513 0.62088 
265.5 1.4066 1.5071 1.5861 1.6103 1.617 1.6254 1.6361 1.6451 1.6536 1.6626 1.6653 1.6551 1.6396 1.6249 1.6081 1.5874 1.5626 1.5355 1.5082 1.4849 1.4685 1.4573 1.4516 1.4502 1.4436 1.4312 1.4218 1.4149 1.4086 1.4002 1.3862 1.3703 1.3525 1.3333 1.3134 1.2911 1.2729 1.2522 1.2389 1.2145 1.1753 1.1412 1.1057 1.0736 1.0411 1.0089 0.97804 0.94702 0.91681 0.88738 0.85776 0.82968 0.80258 0.77658 0.7516 0.72638 0.70307 0.67862 0.65485 0.63221 0.6101 0.59169 0.57362 0.55597 0.53824 0.52026 0.50396 0.4872 0.47158 0.45617 0.44093 0.42641 0.41173 0.39741 0.38405 0.37007 0.35802 0.34803 0.33834 0.32881 0.31956 0.31044 0.30136 0.29302 0.28435 0.27675 0.26865 0.26555 0.25444 0.2887 0.32531 0.31565 0.33997 0.4369 0.60322 0.73915 0.77312 0.73757 0.66546 0.6214 
266 1.4125 1.5112 1.5856 1.6074 1.6159 1.6258 1.636 1.6446 1.6532 1.6624 1.665 1.6548 1.6394 1.6247 1.6078 1.587 1.5624 1.5353 1.5079 1.4847 1.4682 1.457 1.4514 1.4501 1.4434 1.4309 1.4215 1.4148 1.4084 1.4 1.3862 1.3703 1.3523 1.3331 1.3133 1.291 1.273 1.2524 1.2391 1.2143 1.1747 1.1407 1.1051 1.0731 1.0406 1.0085 0.97769 0.94668 0.91651 0.88711 0.85747 0.82948 0.80244 0.77644 0.75151 0.7263 0.70299 0.67855 0.65492 0.63236 0.61029 0.59184 0.57362 0.55598 0.53825 0.52034 0.50416 0.4874 0.47181 0.45635 0.44107 0.42666 0.41191 0.39763 0.38416 0.37031 0.35835 0.34818 0.33858 0.32903 0.31966 0.31062 0.30155 0.29315 0.28449 0.27688 0.26892 0.26577 0.25462 0.28893 0.32552 0.3159 0.34014 0.43705 0.60351 0.73928 0.77296 0.73732 0.66536 0.62141 
266.5 1.4187 1.5154 1.585 1.6043 1.6147 1.6261 1.636 1.6441 1.6529 1.6622 1.6646 1.6546 1.6392 1.6245 1.6075 1.5865 1.5621 1.535 1.5077 1.4845 1.468 1.4568 1.4512 1.4499 1.4433 1.4305 1.4211 1.4146 1.4082 1.3997 1.3862 1.3702 1.3521 1.3329 1.3133 1.291 1.2731 1.2526 1.2392 1.214 1.1742 1.1401 1.1045 1.0725 1.0401 1.0081 0.97735 0.94634 0.91621 0.88685 0.85718 0.82929 0.80229 0.77631 0.75141 0.72622 0.7029 0.67846 0.655 0.63252 0.6105 0.59199 0.5736 0.55598 0.53826 0.52043 0.50436 0.48761 0.47204 0.45652 0.44121 0.42692 0.4121 0.39785 0.38427 0.37055 0.35868 0.34832 0.33883 0.32925 0.31976 0.3108 0.30174 0.29328 0.28464 0.27701 0.2692 0.26599 0.2548 0.28916 0.32573 0.31615 0.34031 0.43721 0.6038 0.7394 0.7728 0.73707 0.66525 0.62141 
267 1.4249 1.5195 1.5845 1.6013 1.6135 1.6265 1.6359 1.6436 1.6526 1.662 1.6642 1.6543 1.6391 1.6243 1.6072 1.5861 1.5618 1.5347 1.5074 1.4843 1.4678 1.4566 1.451 1.4498 1.4432 1.4302 1.4208 1.4145 1.408 1.3995 1.3862 1.3701 1.3518 1.3327 1.3132 1.2909 1.2732 1.2528 1.2394 1.2138 1.1736 1.1396 1.1039 1.072 1.0396 1.0077 0.977 0.94599 0.9159 0.88659 0.85689 0.82909 0.80215 0.77618 0.75131 0.72614 0.70282 0.67838 0.65508 0.63269 0.61071 0.59215 0.57358 0.55597 0.53826 0.52052 0.50456 0.48782 0.47227 0.4567 0.44135 0.42718 0.41229 0.39808 0.38437 0.37079 0.35901 0.34847 0.33907 0.32947 0.31986 0.31099 0.30192 0.2934 0.28479 0.27714 0.26947 0.26621 0.25499 0.28939 0.32595 0.31641 0.34047 0.43738 0.60409 0.73953 0.77264 0.73681 0.66513 0.6214 
267.5 1.4297 1.5227 1.584 1.5989 1.6124 1.6267 1.6358 1.6432 1.6523 1.6617 1.6639 1.654 1.6388 1.624 1.6069 1.5858 1.5616 1.5345 1.5071 1.4842 1.4676 1.4563 1.4508 1.4497 1.4431 1.4299 1.4204 1.4143 1.4078 1.3993 1.3861 1.37 1.3516 1.3326 1.3132 1.2908 1.2732 1.2529 1.2394 1.2136 1.1732 1.1391 1.1034 1.0715 1.0391 1.0073 0.97665 0.94564 0.91558 0.88633 0.85662 0.8289 0.80201 0.77605 0.75122 0.72607 0.70275 0.67832 0.65515 0.63286 0.61092 0.59227 0.57354 0.55593 0.53827 0.52064 0.50476 0.48803 0.4725 0.45687 0.4415 0.4274 0.41249 0.3983 0.38451 0.37102 0.3593 0.34864 0.3393 0.32969 0.32 0.31118 0.3021 0.29355 0.28496 0.2773 0.26973 0.26642 0.25519 0.28961 0.32613 0.31663 0.34065 0.43755 0.60435 0.73972 0.77264 0.73673 0.66513 0.62146 
268 1.4288 1.5217 1.5839 1.5992 1.6121 1.6261 1.6356 1.643 1.652 1.6615 1.6637 1.6537 1.6385 1.6237 1.6066 1.5856 1.5613 1.5342 1.5069 1.484 1.4674 1.456 1.4505 1.4494 1.4428 1.4297 1.4203 1.4141 1.4076 1.3991 1.3858 1.3698 1.3515 1.3325 1.3132 1.2907 1.2732 1.2528 1.2392 1.2134 1.1729 1.1388 1.1031 1.0712 1.0386 1.0069 0.97624 0.94527 0.9152 0.88606 0.85645 0.82872 0.80188 0.77597 0.75116 0.72602 0.70274 0.67833 0.65521 0.63306 0.61112 0.59228 0.57342 0.55575 0.53832 0.52094 0.50496 0.48821 0.47269 0.45701 0.4417 0.42745 0.41268 0.3985 0.38476 0.37116 0.35945 0.3489 0.33943 0.32995 0.32027 0.31139 0.30223 0.29374 0.28518 0.2776 0.26993 0.2666 0.25547 0.28977 0.32619 0.3167 0.34084 0.43775 0.60452 0.74017 0.77331 0.73739 0.66558 0.62174 
268.5 1.428 1.5207 1.5837 1.5995 1.6117 1.6255 1.6353 1.6428 1.6518 1.6612 1.6634 1.6534 1.6381 1.6234 1.6063 1.5853 1.561 1.5338 1.5067 1.4838 1.4671 1.4558 1.4502 1.449 1.4425 1.4296 1.4201 1.4138 1.4075 1.3989 1.3854 1.3696 1.3514 1.3324 1.3132 1.2907 1.2731 1.2526 1.239 1.2131 1.1726 1.1384 1.1028 1.0708 1.0382 1.0064 0.97584 0.9449 0.91481 0.88579 0.85627 0.82855 0.80175 0.77589 0.7511 0.72598 0.70273 0.67835 0.65527 0.63325 0.61131 0.5923 0.57329 0.55557 0.53837 0.52123 0.50516 0.48839 0.47289 0.45714 0.4419 0.42751 0.41287 0.3987 0.38502 0.3713 0.3596 0.34916 0.33957 0.3302 0.32054 0.31161 0.30236 0.29393 0.2854 0.2779 0.27012 0.26678 0.25576 0.28993 0.32625 0.31677 0.34104 0.43795 0.60469 0.74062 0.77398 0.73805 0.66604 0.62202 
269 1.4272 1.5197 1.5835 1.5998 1.6114 1.6249 1.6351 1.6427 1.6516 1.661 1.6632 1.6531 1.6378 1.6231 1.606 1.5851 1.5607 1.5335 1.5066 1.4836 1.4669 1.4555 1.45 1.4487 1.4422 1.4295 1.4199 1.4136 1.4073 1.3987 1.3851 1.3694 1.3513 1.3323 1.3132 1.2907 1.273 1.2525 1.2388 1.2129 1.1723 1.1381 1.1025 1.0704 1.0378 1.006 0.97544 0.94453 0.91442 0.88552 0.8561 0.82837 0.80162 0.77581 0.75104 0.72593 0.70272 0.67837 0.65533 0.63345 0.61151 0.59231 0.57316 0.5554 0.53842 0.52152 0.50536 0.48856 0.47309 0.45728 0.4421 0.42757 0.41306 0.39891 0.38528 0.37144 0.35975 0.34943 0.3397 0.33046 0.32081 0.31182 0.30249 0.29412 0.28562 0.27819 0.27032 0.26696 0.25605 0.29009 0.3263 0.31684 0.34123 0.43816 0.60486 0.74107 0.77465 0.73871 0.66649 0.62231 
269.5 1.4272 1.5194 1.5832 1.5996 1.611 1.6245 1.6348 1.6424 1.6513 1.6607 1.6629 1.6528 1.6374 1.6228 1.6058 1.5849 1.5604 1.5333 1.5063 1.4834 1.4667 1.4553 1.4498 1.4485 1.4419 1.4293 1.4198 1.4133 1.4072 1.3986 1.3849 1.3693 1.3512 1.3322 1.3131 1.2906 1.2729 1.2524 1.2386 1.2126 1.172 1.1378 1.1022 1.07 1.0373 1.0056 0.97504 0.94416 0.91408 0.88526 0.85594 0.82822 0.80146 0.77567 0.75093 0.72587 0.70268 0.67836 0.65539 0.63359 0.61164 0.59236 0.57311 0.55535 0.53852 0.52175 0.50555 0.48872 0.47324 0.45742 0.44229 0.42772 0.41324 0.39908 0.38549 0.37163 0.35991 0.34961 0.33984 0.33064 0.32098 0.31202 0.30271 0.29434 0.28588 0.27839 0.2705 0.26712 0.25621 0.29023 0.32639 0.31692 0.34134 0.43821 0.60483 0.74117 0.77487 0.73892 0.66665 0.62242 
270 1.4282 1.5199 1.5828 1.5987 1.6105 1.6245 1.6347 1.6421 1.6509 1.6605 1.6628 1.6525 1.637 1.6224 1.6055 1.5847 1.5603 1.533 1.5059 1.483 1.4665 1.4551 1.4496 1.4484 1.4417 1.4291 1.4196 1.4131 1.407 1.3985 1.3848 1.3692 1.3511 1.332 1.313 1.2905 1.2727 1.2522 1.2385 1.2123 1.1717 1.1376 1.1018 1.0696 1.037 1.0053 0.97466 0.9438 0.91381 0.885 0.8558 0.82812 0.80128 0.77545 0.75076 0.7258 0.7026 0.67833 0.65546 0.63363 0.61167 0.59245 0.57317 0.55548 0.5387 0.5219 0.50572 0.48885 0.47332 0.45757 0.44248 0.428 0.41339 0.39922 0.38563 0.37191 0.36007 0.34969 0.33997 0.33071 0.32103 0.31222 0.30304 0.2946 0.2862 0.27845 0.27064 0.26724 0.2562 0.29034 0.32653 0.317 0.34131 0.43805 0.60453 0.74079 0.77447 0.73852 0.66639 0.6223 
270.5 1.4291 1.5205 1.5824 1.5977 1.61 1.6244 1.6345 1.6418 1.6506 1.6602 1.6626 1.6522 1.6366 1.622 1.6053 1.5845 1.5601 1.5328 1.5055 1.4826 1.4663 1.4549 1.4495 1.4483 1.4415 1.4288 1.4194 1.4129 1.4068 1.3985 1.3848 1.3691 1.3509 1.3318 1.3129 1.2904 1.2725 1.252 1.2383 1.212 1.1714 1.1373 1.1015 1.0692 1.0366 1.0049 0.97428 0.94345 0.91354 0.88474 0.85567 0.82801 0.80109 0.77523 0.75058 0.72572 0.70252 0.67829 0.65553 0.63368 0.6117 0.59254 0.57323 0.55561 0.53889 0.52204 0.50589 0.48898 0.47341 0.45772 0.44266 0.42828 0.41355 0.39937 0.38577 0.37218 0.36023 0.34977 0.34011 0.33078 0.32108 0.31241 0.30337 0.29485 0.28651 0.27852 0.27079 0.26736 0.25618 0.29046 0.32666 0.31708 0.34129 0.43789 0.60423 0.74041 0.77407 0.73812 0.66612 0.62218 
271 1.4301 1.521 1.5819 1.5968 1.6095 1.6243 1.6343 1.6415 1.6503 1.6599 1.6624 1.6519 1.6362 1.6217 1.6051 1.5843 1.5599 1.5326 1.5051 1.4822 1.4661 1.4548 1.4494 1.4483 1.4413 1.4286 1.4192 1.4126 1.4067 1.3984 1.3847 1.369 1.3508 1.3316 1.3128 1.2903 1.2723 1.2519 1.2381 1.2117 1.1711 1.1371 1.1011 1.0688 1.0362 1.0046 0.9739 0.94309 0.91328 0.88448 0.85553 0.82791 0.8009 0.77501 0.7504 0.72565 0.70243 0.67826 0.6556 0.63373 0.61173 0.59263 0.5733 0.55574 0.53907 0.52218 0.50605 0.4891 0.47349 0.45786 0.44285 0.42856 0.4137 0.39951 0.38591 0.37245 0.3604 0.34986 0.34025 0.33085 0.32113 0.3126 0.3037 0.29511 0.28683 0.27858 0.27094 0.26749 0.25617 0.29057 0.32679 0.31715 0.34126 0.43774 0.60394 0.74003 0.77367 0.73772 0.66586 0.62206 
271.5 1.4254 1.5178 1.5819 1.5984 1.6099 1.6236 1.6339 1.6413 1.65 1.6596 1.6621 1.6517 1.636 1.6215 1.6048 1.5837 1.559 1.5321 1.5053 1.4825 1.4659 1.4544 1.4491 1.4482 1.4411 1.4284 1.419 1.4124 1.4065 1.3983 1.3845 1.3688 1.3507 1.3315 1.3126 1.2901 1.2721 1.2516 1.2379 1.2115 1.1709 1.1367 1.1007 1.0685 1.0359 1.0043 0.9736 0.94284 0.91306 0.88423 0.8553 0.82774 0.80077 0.77491 0.7503 0.72554 0.70235 0.67822 0.65559 0.63376 0.6118 0.5927 0.57339 0.55587 0.5392 0.5223 0.5062 0.4892 0.47362 0.45801 0.44303 0.42878 0.41392 0.39973 0.38609 0.37265 0.36064 0.35005 0.34044 0.33104 0.32131 0.31284 0.3039 0.29532 0.28701 0.27875 0.27114 0.26768 0.25635 0.29068 0.32689 0.31724 0.34133 0.43779 0.60394 0.73993 0.77345 0.73739 0.66547 0.62166 
272 1.4175 1.5125 1.582 1.6014 1.6108 1.6225 1.6332 1.6413 1.6498 1.6593 1.6618 1.6515 1.6359 1.6214 1.6046 1.5828 1.5577 1.5315 1.5059 1.4832 1.4658 1.454 1.4488 1.448 1.441 1.4282 1.4189 1.4122 1.4062 1.398 1.3843 1.3686 1.3505 1.3315 1.3125 1.2898 1.2718 1.2513 1.2376 1.2113 1.1707 1.1364 1.1003 1.0682 1.0357 1.004 0.97335 0.94264 0.91287 0.88398 0.85502 0.82755 0.80067 0.77488 0.75023 0.72541 0.70227 0.67818 0.65554 0.63378 0.6119 0.59276 0.5735 0.55602 0.53929 0.5224 0.50632 0.48929 0.47376 0.45815 0.44321 0.42898 0.41417 0.4 0.38628 0.3728 0.36092 0.35031 0.34067 0.3313 0.32156 0.3131 0.30402 0.29551 0.28711 0.27897 0.27138 0.2679 0.25664 0.29078 0.32696 0.31732 0.34144 0.43795 0.6041 0.73999 0.77331 0.73709 0.66501 0.62109 
272.5 1.4097 1.5073 1.5822 1.6043 1.6117 1.6214 1.6325 1.6412 1.6496 1.6589 1.6615 1.6513 1.6358 1.6213 1.6044 1.5819 1.5564 1.5309 1.5064 1.4838 1.4657 1.4536 1.4486 1.4479 1.4409 1.428 1.4187 1.412 1.406 1.3978 1.384 1.3685 1.3504 1.3315 1.3123 1.2896 1.2715 1.251 1.2374 1.2111 1.1705 1.136 1.0998 1.0679 1.0355 1.0037 0.9731 0.94245 0.91268 0.88373 0.85474 0.82736 0.80058 0.77484 0.75017 0.72529 0.70219 0.67814 0.65548 0.63381 0.612 0.59282 0.57361 0.55616 0.53939 0.52251 0.50645 0.48938 0.4739 0.45829 0.44339 0.42918 0.41443 0.40026 0.38647 0.37296 0.3612 0.35057 0.3409 0.33155 0.3218 0.31336 0.30414 0.2957 0.28721 0.27919 0.27162 0.26812 0.25693 0.29089 0.32704 0.3174 0.34155 0.43811 0.60426 0.74004 0.77318 0.7368 0.66454 0.62053 
273 1.4019 1.502 1.5824 1.6072 1.6125 1.6204 1.6318 1.6411 1.6494 1.6586 1.6612 1.6511 1.6357 1.6212 1.6042 1.581 1.5551 1.5303 1.5069 1.4845 1.4655 1.4531 1.4483 1.4478 1.4408 1.4278 1.4186 1.4118 1.4057 1.3975 1.3838 1.3683 1.3503 1.3314 1.3122 1.2893 1.2713 1.2507 1.2372 1.211 1.1703 1.1356 1.0994 1.0676 1.0352 1.0034 0.97285 0.94226 0.91249 0.88349 0.85446 0.82717 0.80048 0.7748 0.7501 0.72516 0.70211 0.6781 0.65543 0.63383 0.61209 0.59288 0.57372 0.5563 0.53949 0.52261 0.50658 0.48946 0.47404 0.45843 0.44357 0.42937 0.41468 0.40053 0.38666 0.37311 0.36148 0.35083 0.34112 0.33181 0.32205 0.31362 0.30426 0.29589 0.28731 0.27941 0.27186 0.26834 0.25722 0.29099 0.32711 0.31748 0.34166 0.43827 0.60442 0.7401 0.77305 0.73651 0.66408 0.61997 
273.5 1.4006 1.5011 1.5821 1.6074 1.6124 1.62 1.6315 1.6409 1.6492 1.6583 1.6608 1.6507 1.6353 1.6209 1.6039 1.5807 1.5547 1.53 1.5067 1.4842 1.4652 1.4529 1.4481 1.4476 1.4406 1.4275 1.4183 1.4117 1.4056 1.3974 1.3837 1.3681 1.3502 1.3313 1.312 1.2893 1.2712 1.2505 1.2369 1.2107 1.17 1.1354 1.0991 1.0673 1.0349 1.0031 0.97256 0.94199 0.91228 0.88329 0.85423 0.82698 0.80026 0.77461 0.75005 0.72515 0.70211 0.67813 0.65547 0.63388 0.61218 0.59297 0.57378 0.55633 0.53958 0.52272 0.50669 0.48965 0.47416 0.45863 0.44373 0.42945 0.41492 0.40073 0.38683 0.37333 0.36162 0.35102 0.34136 0.33199 0.32226 0.3138 0.30442 0.29611 0.28749 0.27964 0.27209 0.26843 0.25722 0.29088 0.32695 0.31688 0.33947 0.44018 0.61279 0.74542 0.773 0.73448 0.65918 0.61311 
274 1.4003 1.5007 1.5818 1.6071 1.6121 1.6197 1.6313 1.6407 1.6489 1.658 1.6605 1.6503 1.6348 1.6206 1.6036 1.5804 1.5544 1.5297 1.5065 1.4839 1.4649 1.4528 1.448 1.4474 1.4403 1.4271 1.4179 1.4115 1.4055 1.3973 1.3835 1.3679 1.3502 1.3312 1.3119 1.2893 1.2712 1.2504 1.2367 1.2104 1.1698 1.1352 1.0988 1.0669 1.0346 1.0028 0.97227 0.94172 0.91206 0.8831 0.85401 0.82678 0.80003 0.7744 0.74999 0.72515 0.70211 0.67816 0.65553 0.63395 0.61227 0.59306 0.57383 0.55635 0.53968 0.52282 0.5068 0.48985 0.47429 0.45884 0.4439 0.42952 0.41516 0.40092 0.38701 0.37356 0.36175 0.35119 0.34159 0.33216 0.32246 0.31397 0.30459 0.29633 0.28767 0.27986 0.27233 0.26851 0.25718 0.29075 0.32676 0.31618 0.33698 0.44233 0.62229 0.75146 0.77297 0.73222 0.65367 0.60539 
274.5 1.3999 1.5003 1.5815 1.6069 1.6118 1.6194 1.631 1.6404 1.6487 1.6577 1.6601 1.6499 1.6344 1.6202 1.6033 1.5802 1.5542 1.5293 1.5062 1.4836 1.4646 1.4526 1.448 1.4473 1.44 1.4267 1.4176 1.4114 1.4054 1.3973 1.3834 1.3678 1.3502 1.331 1.3117 1.2893 1.2712 1.2502 1.2365 1.2102 1.1695 1.135 1.0985 1.0665 1.0342 1.0025 0.97197 0.94145 0.91185 0.88291 0.85379 0.82659 0.7998 0.77419 0.74993 0.72515 0.70211 0.67819 0.65559 0.63401 0.61235 0.59315 0.57388 0.55637 0.53977 0.52293 0.50691 0.49005 0.47441 0.45905 0.44407 0.42959 0.4154 0.40111 0.38718 0.37379 0.36187 0.35136 0.34182 0.33233 0.32267 0.31414 0.30476 0.29656 0.28786 0.28009 0.27256 0.26859 0.25714 0.29061 0.32656 0.31549 0.33448 0.44449 0.63179 0.7575 0.77293 0.72996 0.64817 0.59766 
275 1.4004 1.5004 1.5811 1.6063 1.6114 1.6191 1.6308 1.6402 1.6484 1.6574 1.6597 1.6495 1.634 1.6199 1.6029 1.5799 1.554 1.5291 1.5059 1.4832 1.4643 1.4525 1.4478 1.4471 1.4397 1.4263 1.4173 1.4112 1.4053 1.3972 1.3833 1.3676 1.3501 1.3309 1.3115 1.2893 1.2712 1.25 1.2362 1.2099 1.1692 1.1348 1.0983 1.0662 1.0339 1.0022 0.97169 0.94119 0.91164 0.88273 0.85358 0.82641 0.79958 0.774 0.74988 0.72515 0.70212 0.67823 0.65564 0.63408 0.61243 0.59324 0.57395 0.5564 0.53987 0.52305 0.50702 0.49026 0.47454 0.45927 0.44425 0.42968 0.41563 0.4013 0.38738 0.37402 0.36201 0.35155 0.34205 0.33253 0.32288 0.31434 0.30495 0.29678 0.28805 0.28029 0.27277 0.26866 0.25711 0.29052 0.32641 0.3149 0.33251 0.44718 0.6412 0.76319 0.77233 0.72696 0.64248 0.59025 
275.5 1.4076 1.5051 1.5805 1.6029 1.6099 1.6196 1.6308 1.6397 1.6481 1.6571 1.6595 1.6492 1.6337 1.6195 1.6025 1.58 1.5544 1.529 1.5052 1.4826 1.4642 1.4525 1.4476 1.4467 1.4394 1.4263 1.4174 1.4111 1.4051 1.397 1.3832 1.3675 1.3499 1.3306 1.3113 1.289 1.271 1.25 1.2361 1.2095 1.1689 1.1345 1.0981 1.066 1.0337 1.002 0.97151 0.94101 0.91151 0.88266 0.85346 0.82629 0.79953 0.77399 0.74989 0.72514 0.70221 0.67834 0.65572 0.63419 0.61244 0.59331 0.57407 0.55647 0.54004 0.52327 0.50719 0.49046 0.47482 0.45951 0.44455 0.43002 0.41582 0.40147 0.38776 0.37424 0.36224 0.3519 0.34223 0.33294 0.32319 0.3147 0.30534 0.29692 0.2883 0.2803 0.27274 0.26871 0.25717 0.29078 0.32668 0.31522 0.33505 0.45444 0.64987 0.76605 0.76692 0.71768 0.63531 0.58538 
276 1.4148 1.5098 1.5798 1.5995 1.6085 1.62 1.6309 1.6392 1.6477 1.6569 1.6593 1.649 1.6334 1.619 1.602 1.58 1.5548 1.529 1.5045 1.482 1.4642 1.4525 1.4474 1.4463 1.4391 1.4263 1.4174 1.411 1.4048 1.3968 1.3831 1.3675 1.3496 1.3303 1.3111 1.2888 1.2708 1.2499 1.2359 1.2092 1.1685 1.1342 1.0979 1.0657 1.0335 1.0018 0.97132 0.94083 0.91138 0.88258 0.85333 0.82616 0.79949 0.77398 0.7499 0.72514 0.70229 0.67845 0.65579 0.6343 0.61245 0.59337 0.5742 0.55653 0.5402 0.52348 0.50735 0.49066 0.47509 0.45974 0.44485 0.43035 0.416 0.40163 0.38815 0.37446 0.36246 0.35225 0.34241 0.33335 0.32349 0.31507 0.30573 0.29706 0.28854 0.2803 0.27272 0.26876 0.25722 0.29105 0.32695 0.31553 0.33759 0.46169 0.65853 0.7689 0.76151 0.70841 0.62814 0.58052 
276.5 1.422 1.5144 1.5792 1.596 1.6071 1.6204 1.6309 1.6387 1.6473 1.6567 1.6591 1.6488 1.6331 1.6186 1.6016 1.58 1.5552 1.529 1.5038 1.4813 1.4641 1.4525 1.4472 1.4458 1.4388 1.4264 1.4175 1.4109 1.4046 1.3966 1.383 1.3675 1.3494 1.33 1.3109 1.2885 1.2707 1.2499 1.2357 1.2088 1.1682 1.134 1.0976 1.0655 1.0332 1.0016 0.97113 0.94065 0.91125 0.88251 0.8532 0.82604 0.79944 0.77397 0.74992 0.72513 0.70238 0.67856 0.65586 0.6344 0.61246 0.59344 0.57433 0.5566 0.54036 0.5237 0.50752 0.49087 0.47537 0.45998 0.44515 0.43069 0.41619 0.4018 0.38853 0.37469 0.36269 0.3526 0.3426 0.33376 0.32379 0.31543 0.30612 0.2972 0.28878 0.28031 0.2727 0.26882 0.25728 0.29132 0.32721 0.31585 0.34012 0.46895 0.6672 0.77175 0.7561 0.69914 0.62097 0.57566 
277 1.4269 1.5177 1.5786 1.5934 1.606 1.6207 1.6309 1.6382 1.647 1.6564 1.6589 1.6486 1.6328 1.6182 1.6012 1.58 1.5554 1.5289 1.5032 1.4808 1.4639 1.4524 1.447 1.4456 1.4386 1.4263 1.4174 1.4107 1.4043 1.3963 1.3828 1.3673 1.3492 1.3299 1.3108 1.2883 1.2705 1.2498 1.2355 1.2085 1.1679 1.1337 1.0974 1.0652 1.033 1.0013 0.9709 0.94053 0.91121 0.88242 0.85298 0.82579 0.79935 0.77398 0.7499 0.72513 0.7024 0.67859 0.6559 0.63445 0.61247 0.5935 0.57445 0.55673 0.54052 0.52387 0.50769 0.49105 0.47562 0.4602 0.4454 0.43099 0.41635 0.40202 0.38882 0.37492 0.36295 0.35286 0.34283 0.33406 0.32406 0.31568 0.30642 0.29739 0.28901 0.28047 0.2728 0.26904 0.25756 0.29172 0.32762 0.31631 0.34202 0.4739 0.673 0.77358 0.75237 0.69284 0.61602 0.57219 
277.5 1.4274 1.5181 1.5781 1.5925 1.6057 1.6208 1.6307 1.6379 1.6467 1.6562 1.6586 1.6483 1.6326 1.6179 1.601 1.5798 1.5553 1.5287 1.5029 1.4805 1.4636 1.4521 1.4468 1.4456 1.4386 1.426 1.417 1.4105 1.4041 1.396 1.3824 1.3668 1.3491 1.3302 1.3109 1.2882 1.2702 1.2495 1.2353 1.2083 1.1675 1.1334 1.0972 1.0649 1.0326 1.0009 0.97059 0.94053 0.91136 0.88232 0.85254 0.82531 0.7992 0.77404 0.74985 0.72513 0.70229 0.67846 0.65589 0.63437 0.61251 0.59355 0.57456 0.55699 0.54065 0.52396 0.50788 0.49121 0.47584 0.46038 0.44557 0.43123 0.41644 0.40236 0.38892 0.37515 0.36326 0.35296 0.34317 0.33414 0.32426 0.31571 0.30656 0.29768 0.28924 0.28093 0.27315 0.26959 0.2583 0.29238 0.32832 0.31706 0.34265 0.47425 0.67307 0.77336 0.75199 0.69245 0.61547 0.57147 
278 1.4279 1.5185 1.5776 1.5915 1.6054 1.6209 1.6305 1.6375 1.6464 1.6561 1.6584 1.648 1.6323 1.6176 1.6008 1.5797 1.5551 1.5285 1.5026 1.4802 1.4632 1.4518 1.4467 1.4457 1.4386 1.4257 1.4167 1.4103 1.4039 1.3956 1.3819 1.3663 1.349 1.3305 1.311 1.2881 1.27 1.2492 1.235 1.2081 1.1672 1.1331 1.0969 1.0646 1.0323 1.0005 0.97028 0.94052 0.91151 0.88222 0.85211 0.82482 0.79905 0.77409 0.74979 0.72513 0.70218 0.67832 0.65587 0.63429 0.61254 0.59361 0.57467 0.55724 0.54079 0.52404 0.50807 0.49137 0.47605 0.46056 0.44574 0.43147 0.41653 0.40269 0.38903 0.37539 0.36357 0.35305 0.34352 0.33421 0.32446 0.31574 0.30669 0.29797 0.28946 0.2814 0.2735 0.27015 0.25904 0.29305 0.32901 0.31781 0.34328 0.4746 0.67315 0.77315 0.7516 0.69207 0.61492 0.57076 
278.5 1.4284 1.5189 1.5771 1.5906 1.605 1.621 1.6304 1.6372 1.6461 1.6559 1.6582 1.6478 1.632 1.6173 1.6006 1.5795 1.5549 1.5283 1.5024 1.48 1.4629 1.4515 1.4465 1.4457 1.4385 1.4254 1.4164 1.4101 1.4037 1.3953 1.3815 1.3658 1.349 1.3307 1.3111 1.2879 1.2698 1.2489 1.2347 1.2079 1.1668 1.1328 1.0967 1.0643 1.032 1.0001 0.96997 0.94051 0.91165 0.88211 0.85168 0.82433 0.7989 0.77415 0.74974 0.72512 0.70207 0.67819 0.65586 0.63421 0.61257 0.59366 0.57478 0.55749 0.54093 0.52413 0.50825 0.49153 0.47627 0.46074 0.44591 0.43171 0.41662 0.40303 0.38913 0.37563 0.36388 0.35315 0.34386 0.33429 0.32467 0.31577 0.30683 0.29826 0.28969 0.28186 0.27385 0.27071 0.25978 0.29371 0.32971 0.31856 0.34391 0.47495 0.67322 0.77293 0.75122 0.69169 0.61438 0.57004 
279 1.425 1.5167 1.5768 1.5913 1.6053 1.6206 1.63 1.637 1.6459 1.6556 1.6579 1.6475 1.6318 1.617 1.6004 1.5792 1.5546 1.5281 1.5021 1.4797 1.4627 1.4513 1.4464 1.4456 1.4384 1.4253 1.4161 1.4099 1.4035 1.3951 1.3812 1.3655 1.3488 1.3307 1.3111 1.2878 1.2696 1.2487 1.2345 1.2077 1.1665 1.1325 1.0964 1.0641 1.0317 0.99987 0.96968 0.94014 0.91124 0.88183 0.85165 0.82433 0.79887 0.77411 0.74965 0.72508 0.70204 0.67815 0.65585 0.63421 0.61261 0.59375 0.5749 0.55764 0.54102 0.52423 0.50839 0.49168 0.47641 0.46089 0.44608 0.43187 0.41677 0.40324 0.38929 0.37587 0.36403 0.35334 0.34405 0.33445 0.32499 0.31591 0.30706 0.29855 0.28994 0.28219 0.27419 0.27109 0.26019 0.29411 0.33005 0.3188 0.34406 0.47504 0.67326 0.77292 0.75123 0.69175 0.61441 0.57002 
279.5 1.4187 1.5126 1.5768 1.5933 1.606 1.6199 1.6295 1.6368 1.6457 1.6553 1.6577 1.6473 1.6316 1.6169 1.6001 1.5788 1.5543 1.5278 1.5018 1.4795 1.4626 1.4512 1.4462 1.4453 1.4382 1.4252 1.416 1.4097 1.4034 1.395 1.381 1.3653 1.3484 1.3305 1.311 1.2876 1.2695 1.2486 1.2343 1.2073 1.1662 1.1321 1.0961 1.0638 1.0315 0.99975 0.96939 0.93947 0.91038 0.8814 0.85194 0.82472 0.79894 0.77399 0.74954 0.72499 0.70207 0.67817 0.65585 0.63428 0.61266 0.59387 0.57504 0.5577 0.54107 0.52434 0.5085 0.49183 0.47651 0.46102 0.44625 0.43198 0.41696 0.40335 0.38949 0.37613 0.36404 0.3536 0.34411 0.33468 0.32542 0.31613 0.30738 0.29883 0.29022 0.28243 0.27453 0.27133 0.26036 0.29431 0.33012 0.31864 0.34383 0.47491 0.67326 0.77308 0.75153 0.69216 0.61489 0.57053 
280 1.4124 1.5085 1.5767 1.5954 1.6067 1.6192 1.629 1.6367 1.6455 1.655 1.6574 1.647 1.6313 1.6167 1.5999 1.5784 1.5539 1.5275 1.5015 1.4792 1.4624 1.4511 1.446 1.445 1.438 1.4252 1.4159 1.4094 1.4033 1.395 1.3809 1.3651 1.3481 1.3303 1.3108 1.2875 1.2693 1.2485 1.234 1.207 1.1659 1.1317 1.0958 1.0636 1.0313 0.99962 0.96911 0.9388 0.90953 0.88098 0.85223 0.82511 0.799 0.77387 0.74943 0.7249 0.70211 0.67819 0.65585 0.63435 0.61271 0.59398 0.57517 0.55776 0.54113 0.52445 0.50861 0.49197 0.47661 0.46115 0.44641 0.43208 0.41715 0.40346 0.38968 0.37638 0.36406 0.35385 0.34418 0.3349 0.32584 0.31636 0.3077 0.29911 0.2905 0.28267 0.27486 0.27157 0.26053 0.2945 0.33018 0.31849 0.34361 0.47479 0.67326 0.77323 0.75184 0.69257 0.61538 0.57105 
280.5 1.4061 1.5043 1.5767 1.5974 1.6074 1.6185 1.6284 1.6366 1.6452 1.6547 1.6572 1.6468 1.6311 1.6166 1.5996 1.578 1.5536 1.5272 1.5013 1.479 1.4623 1.451 1.4458 1.4446 1.4377 1.4251 1.4157 1.4092 1.4032 1.3949 1.3807 1.3649 1.3478 1.33 1.3107 1.2873 1.2692 1.2483 1.2338 1.2067 1.1656 1.1314 1.0955 1.0633 1.031 0.9995 0.96883 0.93813 0.90867 0.88056 0.85252 0.8255 0.79907 0.77376 0.74932 0.72482 0.70214 0.67821 0.65585 0.63441 0.61275 0.5941 0.5753 0.55782 0.54119 0.52455 0.50872 0.49212 0.4767 0.46128 0.44658 0.43218 0.41733 0.40356 0.38988 0.37664 0.36407 0.35411 0.34424 0.33512 0.32626 0.31658 0.30803 0.29939 0.29079 0.2829 0.2752 0.27181 0.26069 0.2947 0.33025 0.31834 0.34338 0.47466 0.67326 0.77338 0.75214 0.69298 0.61586 0.57156 
281 1.4048 1.5034 1.5764 1.5975 1.6073 1.6182 1.6281 1.6363 1.645 1.6545 1.6569 1.6465 1.6308 1.6163 1.5993 1.5777 1.5533 1.527 1.501 1.4787 1.462 1.4508 1.4457 1.4445 1.4375 1.4248 1.4155 1.4091 1.4032 1.3947 1.3804 1.3647 1.3477 1.3299 1.3106 1.2872 1.2691 1.2482 1.2335 1.2063 1.1653 1.1311 1.0951 1.0631 1.0308 0.99927 0.96863 0.93792 0.90844 0.88039 0.85241 0.82548 0.79892 0.77356 0.74925 0.72479 0.70216 0.67827 0.65585 0.63445 0.61286 0.59412 0.57535 0.55791 0.54128 0.52466 0.50886 0.49226 0.47682 0.46144 0.44672 0.43238 0.41759 0.40375 0.39002 0.37688 0.36427 0.35432 0.34449 0.33532 0.32648 0.31675 0.30822 0.2996 0.29098 0.28311 0.27539 0.27204 0.26097 0.29485 0.33031 0.31833 0.34332 0.47464 0.67331 0.77344 0.75215 0.69283 0.61548 0.57107 
281.5 1.4049 1.5033 1.5762 1.5972 1.6069 1.6179 1.6278 1.6361 1.6449 1.6542 1.6566 1.6462 1.6305 1.6159 1.599 1.5776 1.5531 1.5267 1.5007 1.4784 1.4618 1.4506 1.4456 1.4443 1.4371 1.4245 1.4153 1.409 1.4031 1.3945 1.3801 1.3645 1.3475 1.3297 1.3104 1.2871 1.2689 1.2481 1.2333 1.2058 1.165 1.1308 1.0948 1.0629 1.0307 0.99901 0.96845 0.93782 0.90837 0.88029 0.8522 0.82535 0.79872 0.77335 0.74919 0.72478 0.70217 0.67834 0.65585 0.63447 0.61298 0.59412 0.57537 0.55801 0.54139 0.52477 0.509 0.49239 0.47695 0.46162 0.44685 0.4326 0.41787 0.40395 0.39014 0.37712 0.36451 0.35451 0.34479 0.33551 0.32663 0.31691 0.30838 0.29979 0.29116 0.2833 0.27554 0.27228 0.26128 0.29498 0.33037 0.31837 0.3433 0.47464 0.67338 0.77348 0.75206 0.69252 0.61487 0.5703 
282 1.4049 1.5032 1.5759 1.5968 1.6066 1.6175 1.6276 1.6358 1.6447 1.654 1.6563 1.6458 1.6302 1.6156 1.5987 1.5774 1.5529 1.5264 1.5004 1.4781 1.4615 1.4504 1.4454 1.4442 1.4368 1.4241 1.4151 1.409 1.4031 1.3943 1.3798 1.3643 1.3474 1.3295 1.3103 1.2871 1.2687 1.2479 1.2331 1.2054 1.1647 1.1305 1.0945 1.0627 1.0305 0.99876 0.96827 0.93772 0.90831 0.8802 0.85199 0.82523 0.79851 0.77313 0.74912 0.72477 0.70219 0.67842 0.65585 0.6345 0.6131 0.59412 0.57539 0.5581 0.5415 0.52487 0.50914 0.49253 0.47708 0.46179 0.44698 0.43282 0.41815 0.40415 0.39026 0.37736 0.36475 0.35469 0.34509 0.33571 0.32679 0.31707 0.30854 0.29998 0.29133 0.28349 0.2757 0.27252 0.26159 0.29512 0.33044 0.31841 0.34328 0.47464 0.67345 0.77352 0.75198 0.69222 0.61426 0.56953 
282.5 1.405 1.5031 1.5756 1.5964 1.6062 1.6172 1.6273 1.6356 1.6445 1.6537 1.656 1.6455 1.6298 1.6152 1.5984 1.5772 1.5526 1.5262 1.5001 1.4778 1.4613 1.4502 1.4453 1.444 1.4365 1.4238 1.4149 1.4089 1.403 1.394 1.3795 1.3641 1.3473 1.3294 1.3101 1.287 1.2685 1.2478 1.2328 1.205 1.1644 1.1302 1.0942 1.0625 1.0303 0.9985 0.96809 0.93762 0.90824 0.8801 0.85179 0.8251 0.79831 0.77292 0.74906 0.72476 0.7022 0.67849 0.65585 0.63453 0.61323 0.59413 0.57541 0.5582 0.54161 0.52498 0.50929 0.49267 0.47721 0.46196 0.44711 0.43304 0.41843 0.40436 0.39039 0.37759 0.36499 0.35488 0.34538 0.3359 0.32694 0.31723 0.3087 0.30017 0.29151 0.28369 0.27585 0.27276 0.26189 0.29526 0.3305 0.31845 0.34326 0.47465 0.67351 0.77356 0.7519 0.69193 0.61366 0.56879 
283 1.4044 1.5026 1.5754 1.5964 1.6059 1.6169 1.627 1.6353 1.6442 1.6535 1.6557 1.6453 1.6295 1.6148 1.598 1.5769 1.5524 1.5259 1.5 1.4777 1.461 1.4499 1.4449 1.4438 1.4364 1.4236 1.4147 1.4087 1.4027 1.3939 1.3795 1.364 1.3472 1.3291 1.3099 1.2868 1.2684 1.2478 1.2325 1.2045 1.1641 1.13 1.094 1.0622 1.0301 0.99832 0.96791 0.93749 0.90804 0.87992 0.85169 0.82498 0.79825 0.77294 0.74904 0.7247 0.70215 0.67845 0.6559 0.63459 0.61327 0.59423 0.57545 0.5583 0.54177 0.52518 0.5095 0.49276 0.47735 0.46212 0.4473 0.43318 0.41842 0.40443 0.39055 0.37773 0.36528 0.35504 0.34553 0.3361 0.32698 0.31753 0.30885 0.30032 0.29182 0.28389 0.27607 0.27293 0.26204 0.29532 0.33053 0.31854 0.34335 0.47459 0.67338 0.77351 0.752 0.69219 0.61414 0.56936 
283.5 1.4037 1.5021 1.5752 1.5963 1.6057 1.6165 1.6267 1.635 1.6439 1.6532 1.6555 1.645 1.6292 1.6145 1.5977 1.5766 1.5522 1.5257 1.4999 1.4775 1.4608 1.4496 1.4445 1.4436 1.4363 1.4234 1.4145 1.4084 1.4024 1.3937 1.3795 1.3639 1.347 1.3289 1.3096 1.2866 1.2684 1.2478 1.2322 1.2041 1.1637 1.1297 1.0937 1.0618 1.0299 0.99813 0.96774 0.93736 0.90783 0.87974 0.85159 0.82485 0.7982 0.77295 0.74901 0.72463 0.7021 0.67842 0.65594 0.63465 0.61332 0.59432 0.57548 0.5584 0.54192 0.52538 0.5097 0.49285 0.47749 0.46227 0.44748 0.43333 0.41841 0.40451 0.39071 0.37787 0.36556 0.35519 0.34568 0.3363 0.32702 0.31783 0.309 0.30046 0.29212 0.2841 0.2763 0.2731 0.26219 0.29537 0.33056 0.31863 0.34343 0.47454 0.67325 0.77347 0.75209 0.69246 0.61461 0.56993 
284 1.4031 1.5015 1.575 1.5963 1.6055 1.6161 1.6264 1.6348 1.6436 1.653 1.6552 1.6448 1.6288 1.6141 1.5974 1.5763 1.552 1.5255 1.4997 1.4773 1.4605 1.4493 1.4441 1.4433 1.4362 1.4232 1.4143 1.4082 1.4021 1.3936 1.3795 1.3638 1.3469 1.3287 1.3093 1.2864 1.2683 1.2478 1.2319 1.2036 1.1633 1.1294 1.0935 1.0615 1.0296 0.99794 0.96756 0.93723 0.90763 0.87956 0.85149 0.82473 0.79815 0.77297 0.74898 0.72457 0.70204 0.67838 0.65599 0.63471 0.61337 0.59442 0.57551 0.5585 0.54208 0.52558 0.50991 0.49294 0.47764 0.46243 0.44767 0.43347 0.4184 0.40459 0.39087 0.378 0.36585 0.35534 0.34583 0.3365 0.32706 0.31813 0.30915 0.30061 0.29243 0.2843 0.27652 0.27328 0.26234 0.29543 0.33058 0.31871 0.34352 0.47449 0.67312 0.77343 0.75218 0.69273 0.61509 0.5705 
284.5 1.4026 1.5011 1.5748 1.5962 1.6052 1.6158 1.6261 1.6345 1.6434 1.6527 1.6549 1.6445 1.6285 1.6138 1.5971 1.5761 1.5518 1.5253 1.4996 1.4771 1.4603 1.449 1.4438 1.4431 1.436 1.423 1.4141 1.4079 1.4019 1.3935 1.3795 1.3637 1.3467 1.3284 1.3091 1.2862 1.2682 1.2478 1.2317 1.2031 1.163 1.1291 1.0932 1.0612 1.0294 0.99775 0.96738 0.93707 0.90743 0.87939 0.8514 0.82463 0.79808 0.77294 0.74893 0.7245 0.702 0.67836 0.65604 0.63479 0.61342 0.59452 0.57557 0.55859 0.54222 0.52575 0.51008 0.49304 0.47777 0.46258 0.44784 0.43361 0.41848 0.4047 0.39106 0.37812 0.36607 0.35552 0.34598 0.33673 0.32713 0.3184 0.30933 0.30075 0.29269 0.28448 0.2767 0.27343 0.26246 0.2955 0.33061 0.31876 0.34355 0.47445 0.67303 0.77342 0.7523 0.69299 0.61546 0.5709 
285 1.4022 1.5008 1.5745 1.5959 1.605 1.6155 1.6258 1.6343 1.6431 1.6524 1.6546 1.6441 1.6283 1.6136 1.5969 1.5758 1.5515 1.5251 1.4993 1.4769 1.4601 1.4489 1.4437 1.4427 1.4357 1.4229 1.414 1.4077 1.4017 1.3933 1.3793 1.3636 1.3466 1.3283 1.309 1.286 1.2681 1.2478 1.2315 1.2028 1.1627 1.1287 1.0928 1.0609 1.0291 0.99752 0.96719 0.93679 0.90722 0.87926 0.85137 0.82461 0.79799 0.77278 0.74878 0.72446 0.70197 0.67835 0.65611 0.63488 0.61348 0.5946 0.57573 0.55865 0.54231 0.52584 0.51014 0.49321 0.47787 0.46271 0.44795 0.43371 0.41885 0.40493 0.39135 0.37817 0.3661 0.35578 0.34615 0.33704 0.32727 0.31855 0.30962 0.30084 0.2928 0.28457 0.27675 0.27351 0.26249 0.29557 0.33063 0.31867 0.34342 0.47442 0.67308 0.77353 0.75248 0.69323 0.61553 0.57079 
285.5 1.4018 1.5005 1.5742 1.5956 1.6048 1.6153 1.6256 1.634 1.6428 1.6521 1.6543 1.6438 1.628 1.6135 1.5967 1.5755 1.5512 1.5249 1.4991 1.4767 1.4599 1.4487 1.4436 1.4424 1.4354 1.4228 1.4139 1.4075 1.4015 1.3932 1.3791 1.3635 1.3465 1.3282 1.3089 1.2859 1.2679 1.2479 1.2313 1.2024 1.1623 1.1283 1.0923 1.0605 1.0288 0.99729 0.967 0.93651 0.90702 0.87913 0.85133 0.82459 0.79789 0.77262 0.74863 0.72442 0.70195 0.67835 0.65618 0.63497 0.61354 0.59468 0.57588 0.55872 0.54241 0.52593 0.5102 0.49337 0.47796 0.46285 0.44807 0.43382 0.41922 0.40516 0.39163 0.37823 0.36612 0.35605 0.34632 0.33735 0.32741 0.31871 0.30991 0.30093 0.29291 0.28467 0.2768 0.2736 0.26252 0.29565 0.33064 0.31858 0.3433 0.47438 0.67313 0.77363 0.75267 0.69347 0.6156 0.57068 
286 1.4014 1.5002 1.574 1.5954 1.6046 1.6151 1.6253 1.6338 1.6425 1.6518 1.654 1.6434 1.6277 1.6133 1.5965 1.5752 1.5509 1.5247 1.4988 1.4765 1.4597 1.4486 1.4435 1.4421 1.4351 1.4227 1.4138 1.4073 1.4013 1.3931 1.3789 1.3634 1.3463 1.328 1.3089 1.2857 1.2678 1.2479 1.2311 1.202 1.162 1.1279 1.0919 1.0602 1.0284 0.99707 0.96681 0.93623 0.90681 0.879 0.85129 0.82457 0.79779 0.77245 0.74849 0.72438 0.70192 0.67835 0.65625 0.63507 0.6136 0.59476 0.57603 0.55878 0.5425 0.52602 0.51026 0.49354 0.47806 0.46299 0.44819 0.43392 0.41959 0.40539 0.39191 0.37828 0.36615 0.35631 0.34649 0.33766 0.32754 0.31886 0.31019 0.30102 0.29302 0.28476 0.27685 0.27368 0.26255 0.29573 0.33066 0.31849 0.34317 0.47435 0.67318 0.77374 0.75285 0.69371 0.61566 0.57057 
286.5 1.4014 1.5001 1.5737 1.595 1.6043 1.6149 1.6251 1.6335 1.6422 1.6515 1.6538 1.6431 1.6274 1.6131 1.5964 1.575 1.5506 1.5244 1.4986 1.4763 1.4594 1.4484 1.4433 1.4419 1.4348 1.4226 1.4137 1.4071 1.4011 1.3929 1.3788 1.3632 1.3462 1.328 1.3088 1.2856 1.2677 1.2478 1.2308 1.2016 1.1616 1.1275 1.0915 1.0599 1.0281 0.99686 0.96663 0.93602 0.90663 0.87883 0.85116 0.82447 0.7977 0.77235 0.74841 0.72434 0.7019 0.67833 0.65627 0.6351 0.61365 0.59487 0.57618 0.55887 0.54259 0.52612 0.51034 0.49371 0.47825 0.46311 0.44828 0.43406 0.41984 0.40559 0.39214 0.37844 0.36633 0.35659 0.34663 0.33783 0.32774 0.31902 0.31039 0.30116 0.29313 0.28487 0.27695 0.27381 0.26265 0.29578 0.33069 0.31847 0.34312 0.47435 0.67327 0.77391 0.75309 0.69396 0.61578 0.57057 
287 1.4017 1.5002 1.5734 1.5944 1.6039 1.6146 1.6248 1.6332 1.6419 1.6513 1.6535 1.6428 1.6271 1.6127 1.5962 1.5749 1.5504 1.5241 1.4984 1.4761 1.4592 1.4481 1.443 1.4417 1.4347 1.4224 1.4134 1.4068 1.4007 1.3926 1.3786 1.3631 1.3461 1.3279 1.3087 1.2857 1.2677 1.2478 1.2306 1.2011 1.1611 1.1272 1.0913 1.0596 1.0279 0.99668 0.96645 0.93587 0.90649 0.87861 0.85091 0.82429 0.79762 0.77231 0.74842 0.72432 0.70187 0.67831 0.65622 0.63504 0.6137 0.59502 0.57631 0.55899 0.54266 0.52622 0.51043 0.49389 0.47853 0.46321 0.44833 0.43425 0.41994 0.40576 0.39231 0.37871 0.36667 0.35691 0.34674 0.33784 0.32799 0.31917 0.31048 0.30134 0.29323 0.28501 0.2771 0.27397 0.26282 0.2958 0.33072 0.31854 0.34317 0.47438 0.6734 0.77416 0.75339 0.69423 0.61595 0.57072 
287.5 1.4021 1.5003 1.573 1.5939 1.6035 1.6144 1.6246 1.6329 1.6416 1.651 1.6532 1.6425 1.6268 1.6124 1.596 1.5748 1.5502 1.5239 1.4981 1.476 1.459 1.4478 1.4428 1.4416 1.4347 1.4222 1.4131 1.4065 1.4004 1.3924 1.3785 1.3629 1.3461 1.3279 1.3086 1.2858 1.2678 1.2477 1.2303 1.2006 1.1606 1.1268 1.0911 1.0594 1.0276 0.9965 0.96628 0.93573 0.90634 0.8784 0.85067 0.8241 0.79754 0.77228 0.74843 0.72431 0.70185 0.67829 0.65617 0.63499 0.61374 0.59517 0.57645 0.55911 0.54273 0.52633 0.51052 0.49406 0.47881 0.46331 0.44838 0.43443 0.42005 0.40592 0.39249 0.37898 0.36702 0.35722 0.34685 0.33785 0.32824 0.31933 0.31056 0.30153 0.29334 0.28515 0.27725 0.27413 0.26299 0.29582 0.33075 0.31861 0.34322 0.47441 0.67353 0.7744 0.75369 0.69449 0.61613 0.57087 
288 1.4025 1.5004 1.5727 1.5934 1.6031 1.6142 1.6244 1.6327 1.6413 1.6507 1.653 1.6422 1.6265 1.6121 1.5958 1.5746 1.5499 1.5236 1.4979 1.4758 1.4587 1.4475 1.4425 1.4415 1.4346 1.422 1.4128 1.4062 1.4 1.3921 1.3784 1.3627 1.346 1.3278 1.3086 1.2858 1.2678 1.2476 1.23 1.2001 1.1601 1.1264 1.0909 1.0591 1.0273 0.99632 0.9661 0.93558 0.9062 0.87818 0.85042 0.82392 0.79746 0.77224 0.74843 0.72429 0.70183 0.67826 0.65613 0.63494 0.61378 0.59532 0.57659 0.55922 0.54281 0.52644 0.51061 0.49424 0.47909 0.46341 0.44843 0.43462 0.42015 0.40609 0.39266 0.37925 0.36737 0.35754 0.34696 0.33785 0.32849 0.31949 0.31065 0.30171 0.29345 0.28528 0.27741 0.2743 0.26316 0.29584 0.33078 0.31868 0.34327 0.47444 0.67365 0.77464 0.754 0.69475 0.6163 0.57101 
288.5 1.402 1.5 1.5725 1.5933 1.6028 1.6139 1.6242 1.6324 1.6411 1.6504 1.6527 1.6419 1.6263 1.6119 1.5955 1.5744 1.5497 1.5234 1.4976 1.4755 1.4586 1.4473 1.4424 1.4413 1.4344 1.4218 1.4126 1.406 1.3998 1.3919 1.3783 1.3625 1.3459 1.3277 1.3084 1.2859 1.2679 1.2477 1.2298 1.1996 1.1597 1.1261 1.0905 1.0588 1.0271 0.99606 0.96592 0.93543 0.90607 0.87807 0.85029 0.82379 0.79738 0.77218 0.74835 0.72424 0.7018 0.67821 0.65611 0.63495 0.6138 0.59532 0.57661 0.55929 0.5429 0.52652 0.51074 0.49446 0.47928 0.46359 0.44857 0.43477 0.42037 0.40633 0.39281 0.37949 0.36747 0.35767 0.34717 0.33795 0.32873 0.31959 0.31083 0.3019 0.29358 0.28545 0.27753 0.27445 0.2633 0.29596 0.33092 0.31884 0.34344 0.47456 0.67371 0.77457 0.75377 0.69443 0.61604 0.57083 
289 1.4012 1.4993 1.5723 1.5933 1.6026 1.6135 1.6239 1.6322 1.6409 1.6503 1.6525 1.6417 1.626 1.6117 1.5952 1.5741 1.5496 1.5232 1.4972 1.4752 1.4584 1.4471 1.4422 1.4411 1.4342 1.4216 1.4125 1.406 1.3998 1.3918 1.3781 1.3623 1.3457 1.3276 1.3083 1.2859 1.2679 1.2477 1.2296 1.199 1.1592 1.1256 1.0901 1.0584 1.0267 0.99577 0.96574 0.93527 0.90595 0.878 0.8502 0.82368 0.7973 0.7721 0.74822 0.72419 0.70177 0.67814 0.65611 0.63499 0.6138 0.59525 0.57657 0.55934 0.54301 0.5266 0.51087 0.49469 0.47944 0.46381 0.44876 0.43492 0.42065 0.4066 0.39294 0.37971 0.36747 0.35772 0.34743 0.33809 0.32896 0.31968 0.31105 0.3021 0.29372 0.28564 0.27764 0.2746 0.26344 0.29614 0.33111 0.31905 0.34366 0.47473 0.67373 0.77436 0.75332 0.69386 0.61559 0.5705 
289.5 1.4003 1.4987 1.5721 1.5934 1.6025 1.6132 1.6236 1.632 1.6407 1.6501 1.6523 1.6414 1.6258 1.6115 1.5949 1.5738 1.5494 1.523 1.4969 1.4748 1.4583 1.447 1.442 1.4409 1.434 1.4214 1.4123 1.4059 1.3997 1.3916 1.3779 1.3621 1.3455 1.3276 1.3082 1.286 1.268 1.2478 1.2294 1.1984 1.1587 1.1252 1.0896 1.058 1.0264 0.99547 0.96555 0.93511 0.90582 0.87794 0.85011 0.82357 0.79722 0.77202 0.74809 0.72414 0.70174 0.67808 0.6561 0.63503 0.61379 0.59517 0.57653 0.55939 0.54312 0.52668 0.51101 0.49492 0.47959 0.46403 0.44895 0.43506 0.42092 0.40687 0.39308 0.37993 0.36746 0.35778 0.3477 0.33822 0.32919 0.31977 0.31128 0.3023 0.29386 0.28582 0.27775 0.27476 0.26358 0.29631 0.3313 0.31926 0.34388 0.4749 0.67375 0.77415 0.75287 0.69329 0.61514 0.57018 
290 1.3995 1.498 1.5719 1.5934 1.6023 1.6128 1.6233 1.6318 1.6405 1.6499 1.6521 1.6412 1.6256 1.6113 1.5946 1.5736 1.5492 1.5228 1.4966 1.4745 1.4582 1.4468 1.4419 1.4408 1.4338 1.4212 1.4121 1.4059 1.3996 1.3914 1.3777 1.3619 1.3454 1.3275 1.3081 1.286 1.2681 1.2478 1.2291 1.1979 1.1582 1.1248 1.0892 1.0577 1.0261 0.99518 0.96537 0.93495 0.9057 0.87787 0.85003 0.82346 0.79713 0.77194 0.74796 0.72409 0.70171 0.67801 0.6561 0.63507 0.61379 0.5951 0.5765 0.55944 0.54323 0.52675 0.51115 0.49516 0.47975 0.46424 0.44914 0.4352 0.42119 0.40714 0.39321 0.38015 0.36746 0.35783 0.34796 0.33836 0.32942 0.31985 0.3115 0.3025 0.294 0.286 0.27787 0.27491 0.26371 0.29649 0.33149 0.31947 0.3441 0.47507 0.67378 0.77394 0.75242 0.69271 0.61469 0.56985 
290.5 1.3999 1.4982 1.5716 1.5928 1.6019 1.6126 1.6231 1.6315 1.6402 1.6495 1.6518 1.6409 1.6254 1.6111 1.5943 1.5733 1.5489 1.5225 1.4964 1.4744 1.458 1.4465 1.4416 1.4406 1.4337 1.421 1.4119 1.4056 1.3994 1.3912 1.3775 1.3619 1.3453 1.3274 1.3082 1.2859 1.2681 1.248 1.2289 1.1973 1.1577 1.1245 1.0889 1.0574 1.0259 0.99496 0.96512 0.93478 0.90554 0.87768 0.84987 0.82339 0.79707 0.77187 0.74798 0.72412 0.70172 0.67803 0.65616 0.63524 0.61392 0.59521 0.57663 0.55956 0.54334 0.52685 0.51121 0.49507 0.47969 0.46438 0.44941 0.4355 0.42128 0.40726 0.3934 0.38024 0.36779 0.35792 0.3482 0.33863 0.32946 0.32015 0.31155 0.30267 0.29414 0.28613 0.27818 0.27504 0.26378 0.2966 0.33158 0.31955 0.34419 0.47519 0.67397 0.77414 0.75256 0.69279 0.61462 0.56967 
291 1.4005 1.4985 1.5713 1.5922 1.6015 1.6124 1.6229 1.6312 1.6399 1.6492 1.6514 1.6407 1.6252 1.6108 1.5941 1.573 1.5485 1.5222 1.4962 1.4743 1.4578 1.4463 1.4412 1.4404 1.4335 1.4208 1.4117 1.4054 1.3992 1.391 1.3773 1.3619 1.3452 1.3273 1.3083 1.2859 1.2682 1.2483 1.2286 1.1967 1.1573 1.1241 1.0887 1.0572 1.0257 0.99476 0.96487 0.93461 0.90537 0.87749 0.84971 0.82332 0.797 0.7718 0.74802 0.72416 0.70174 0.67805 0.65623 0.63542 0.61407 0.59533 0.57678 0.55969 0.54346 0.52696 0.51127 0.49495 0.47962 0.46452 0.4497 0.43581 0.42136 0.40738 0.39358 0.38031 0.36815 0.358 0.34844 0.3389 0.3295 0.32047 0.31159 0.30283 0.29429 0.28625 0.2785 0.27518 0.26385 0.29671 0.33167 0.31962 0.34426 0.47531 0.67418 0.77437 0.75274 0.69291 0.61458 0.56951 
291.5 1.4011 1.4987 1.571 1.5916 1.6011 1.6123 1.6227 1.631 1.6396 1.6489 1.651 1.6405 1.625 1.6106 1.5939 1.5727 1.5482 1.5219 1.4961 1.4742 1.4576 1.446 1.4409 1.4401 1.4333 1.4206 1.4115 1.4051 1.3991 1.3909 1.3772 1.3619 1.3451 1.3272 1.3085 1.2858 1.2682 1.2485 1.2283 1.1961 1.1568 1.1237 1.0884 1.0569 1.0255 0.99455 0.96462 0.93445 0.9052 0.87729 0.84955 0.82325 0.79693 0.77172 0.74805 0.7242 0.70176 0.67807 0.6563 0.6356 0.61421 0.59546 0.57693 0.55981 0.54357 0.52706 0.51133 0.49484 0.47955 0.46466 0.44998 0.43612 0.42143 0.40749 0.39377 0.38039 0.36852 0.35809 0.34868 0.33918 0.32953 0.32079 0.31164 0.30299 0.29443 0.28637 0.27883 0.27531 0.26391 0.29681 0.33175 0.3197 0.34433 0.47544 0.67439 0.7746 0.75293 0.69303 0.61454 0.56935 
292 1.4015 1.4989 1.5706 1.591 1.6007 1.6121 1.6224 1.6307 1.6393 1.6485 1.6507 1.6402 1.6248 1.6103 1.5937 1.5725 1.5479 1.5216 1.4959 1.474 1.4574 1.4457 1.4406 1.4399 1.4332 1.4204 1.4113 1.4048 1.3989 1.3907 1.377 1.3619 1.345 1.3271 1.3086 1.2858 1.2682 1.2487 1.2281 1.1955 1.1563 1.1233 1.0881 1.0567 1.0253 0.99433 0.96437 0.93427 0.90503 0.8771 0.8494 0.82318 0.79687 0.77167 0.74809 0.72422 0.70177 0.6781 0.65636 0.63575 0.61433 0.59557 0.57706 0.55992 0.54367 0.52716 0.5114 0.49477 0.47953 0.46479 0.45025 0.4364 0.42152 0.4076 0.39394 0.38049 0.36884 0.35821 0.3489 0.33945 0.32959 0.32106 0.3117 0.30315 0.29459 0.2865 0.27911 0.27544 0.264 0.29693 0.33185 0.31978 0.34442 0.47555 0.67454 0.77473 0.75298 0.69304 0.61444 0.56917 
292.5 1.4015 1.4988 1.5703 1.5906 1.6004 1.6119 1.6222 1.6304 1.639 1.6483 1.6505 1.64 1.6246 1.61 1.5935 1.5723 1.5477 1.5214 1.4957 1.4738 1.4572 1.4455 1.4405 1.4398 1.433 1.4202 1.4111 1.4048 1.3988 1.3905 1.3769 1.3618 1.3448 1.3271 1.3086 1.2858 1.2682 1.2488 1.2279 1.1949 1.1559 1.123 1.0877 1.0563 1.0249 0.99407 0.96416 0.93405 0.90485 0.87696 0.84933 0.82308 0.79685 0.77174 0.74811 0.72417 0.70179 0.67815 0.65635 0.63574 0.61435 0.59562 0.57708 0.55994 0.54371 0.52722 0.51153 0.49494 0.47976 0.46494 0.45038 0.43654 0.42163 0.4077 0.39405 0.38072 0.36892 0.3585 0.34897 0.33964 0.32986 0.32106 0.31193 0.30324 0.29479 0.28665 0.27915 0.27555 0.26417 0.29712 0.33203 0.31996 0.3446 0.47564 0.67438 0.77428 0.75232 0.69239 0.61404 0.56892 
293 1.4015 1.4987 1.5701 1.5902 1.6001 1.6117 1.622 1.6301 1.6387 1.6481 1.6503 1.6397 1.6243 1.6097 1.5932 1.5721 1.5475 1.5213 1.4954 1.4736 1.457 1.4453 1.4403 1.4396 1.4328 1.42 1.411 1.4047 1.3987 1.3904 1.3768 1.3616 1.3446 1.327 1.3087 1.2859 1.2682 1.2489 1.2276 1.1943 1.1554 1.1226 1.0874 1.0559 1.0245 0.99381 0.96395 0.93382 0.90468 0.87682 0.84926 0.82298 0.79682 0.77181 0.74814 0.72412 0.7018 0.6782 0.65635 0.63574 0.61437 0.59568 0.57709 0.55996 0.54375 0.52729 0.51167 0.49511 0.48 0.4651 0.45051 0.43667 0.42174 0.40781 0.39416 0.38094 0.369 0.3588 0.34905 0.33984 0.33014 0.32105 0.31215 0.30334 0.29498 0.28681 0.27919 0.27566 0.26435 0.29732 0.3322 0.32014 0.34477 0.47572 0.67422 0.77382 0.75166 0.69175 0.61364 0.56867 
293.5 1.4015 1.4986 1.5698 1.5899 1.5998 1.6114 1.6217 1.6299 1.6384 1.6479 1.6501 1.6395 1.624 1.6095 1.593 1.572 1.5473 1.5211 1.4952 1.4734 1.4568 1.445 1.4401 1.4394 1.4326 1.4198 1.4108 1.4046 1.3986 1.3902 1.3767 1.3615 1.3444 1.327 1.3088 1.2859 1.2682 1.249 1.2274 1.1937 1.155 1.1222 1.087 1.0555 1.0241 0.99355 0.96374 0.9336 0.9045 0.87668 0.84918 0.82288 0.7968 0.77188 0.74816 0.72407 0.70182 0.67825 0.65634 0.63573 0.61439 0.59574 0.57711 0.55997 0.54379 0.52735 0.51181 0.49529 0.48023 0.46525 0.45065 0.4368 0.42185 0.40791 0.39427 0.38117 0.36909 0.35909 0.34912 0.34004 0.33041 0.32105 0.31238 0.30344 0.29518 0.28696 0.27922 0.27577 0.26452 0.29751 0.33237 0.32032 0.34495 0.47581 0.67406 0.77337 0.751 0.69111 0.61324 0.56842 
294 1.401 1.4982 1.5695 1.5897 1.5996 1.6111 1.6214 1.6296 1.6381 1.6476 1.6498 1.6392 1.6238 1.6092 1.5928 1.5717 1.5471 1.5209 1.495 1.4732 1.4566 1.4449 1.44 1.4392 1.4324 1.4195 1.4106 1.4045 1.3985 1.3901 1.3766 1.3614 1.3443 1.3269 1.3087 1.286 1.2683 1.2491 1.2272 1.1932 1.1545 1.1218 1.0866 1.0552 1.0238 0.99329 0.9635 0.93337 0.90432 0.87656 0.84912 0.82279 0.79673 0.77186 0.74814 0.72406 0.70183 0.67829 0.65633 0.63573 0.61444 0.5958 0.57719 0.56002 0.54386 0.52747 0.51192 0.49543 0.48042 0.46537 0.45079 0.43693 0.42201 0.40804 0.39443 0.38137 0.36918 0.35932 0.34921 0.34022 0.3306 0.32115 0.3126 0.30356 0.29537 0.28714 0.27933 0.27593 0.26471 0.29768 0.33254 0.3205 0.34518 0.47611 0.67438 0.77362 0.75113 0.69111 0.6131 0.56821 
294.5 1.3999 1.4973 1.5694 1.59 1.5994 1.6107 1.6211 1.6294 1.6379 1.6473 1.6495 1.639 1.6235 1.609 1.5925 1.5714 1.5468 1.5206 1.4947 1.4729 1.4564 1.4447 1.44 1.4391 1.4322 1.4193 1.4103 1.4043 1.3984 1.3901 1.3766 1.3614 1.3444 1.3269 1.3086 1.2861 1.2685 1.2492 1.227 1.1926 1.154 1.1213 1.0862 1.0549 1.0236 0.99303 0.96322 0.93313 0.90412 0.87648 0.84908 0.82269 0.79658 0.77168 0.74803 0.72409 0.70185 0.67832 0.6563 0.63572 0.61453 0.59588 0.57735 0.56011 0.54397 0.52768 0.51198 0.49552 0.48052 0.46545 0.45094 0.43705 0.42225 0.40821 0.3947 0.38152 0.36929 0.35943 0.34931 0.34038 0.33066 0.32141 0.31281 0.30374 0.29555 0.28736 0.27956 0.27617 0.26493 0.29783 0.33271 0.32068 0.34548 0.47675 0.67547 0.77502 0.75258 0.69217 0.61338 0.56805 
295 1.3988 1.4964 1.5694 1.5903 1.5993 1.6102 1.6208 1.6292 1.6377 1.647 1.6492 1.6387 1.6233 1.6088 1.5923 1.5711 1.5466 1.5204 1.4944 1.4727 1.4562 1.4446 1.4399 1.439 1.432 1.4191 1.4101 1.4042 1.3983 1.39 1.3765 1.3613 1.3445 1.3269 1.3084 1.2863 1.2687 1.2494 1.2268 1.192 1.1535 1.1209 1.0858 1.0546 1.0234 0.99278 0.96295 0.9329 0.90393 0.87639 0.84904 0.8226 0.79643 0.77151 0.74793 0.72412 0.70186 0.67835 0.65627 0.63572 0.61463 0.59595 0.57751 0.5602 0.54408 0.52789 0.51204 0.4956 0.48062 0.46553 0.45109 0.43716 0.42249 0.40838 0.39497 0.38167 0.3694 0.35955 0.34941 0.34054 0.33073 0.32166 0.31302 0.30392 0.29572 0.28758 0.27978 0.2764 0.26514 0.29797 0.33288 0.32087 0.34579 0.47739 0.67656 0.77641 0.75402 0.69322 0.61365 0.5679 
295.5 1.3977 1.4955 1.5693 1.5906 1.5991 1.6097 1.6205 1.629 1.6375 1.6468 1.6489 1.6385 1.6231 1.6086 1.592 1.5708 1.5464 1.5201 1.4942 1.4725 1.456 1.4445 1.4398 1.4389 1.4318 1.4188 1.4098 1.404 1.3982 1.39 1.3765 1.3613 1.3446 1.3268 1.3082 1.2864 1.2689 1.2495 1.2266 1.1915 1.1529 1.1204 1.0854 1.0543 1.0232 0.99252 0.96267 0.93266 0.90373 0.8763 0.84901 0.82251 0.79629 0.77134 0.74783 0.72415 0.70187 0.67838 0.65624 0.63571 0.61473 0.59603 0.57768 0.56029 0.54419 0.5281 0.51211 0.49569 0.48073 0.46561 0.45124 0.43728 0.42273 0.40855 0.39524 0.38181 0.36951 0.35967 0.34951 0.3407 0.33079 0.32192 0.31323 0.3041 0.29589 0.2878 0.28001 0.27663 0.26535 0.29812 0.33304 0.32106 0.3461 0.47803 0.67766 0.77781 0.75546 0.69428 0.61393 0.56774 
296 1.3976 1.4954 1.569 1.5903 1.5988 1.6095 1.6203 1.6287 1.6373 1.6465 1.6487 1.6382 1.6228 1.6083 1.5917 1.5706 1.5461 1.5198 1.4939 1.4722 1.4557 1.4443 1.4396 1.4386 1.4315 1.4187 1.4097 1.4039 1.398 1.3899 1.3764 1.3612 1.3447 1.3269 1.3082 1.2865 1.2692 1.2497 1.2264 1.1909 1.1524 1.12 1.085 1.054 1.0229 0.99224 0.96245 0.93246 0.90354 0.87617 0.84885 0.82241 0.79623 0.77129 0.74779 0.72412 0.70186 0.67838 0.65631 0.63576 0.61478 0.59613 0.57775 0.56042 0.54434 0.52821 0.51222 0.4958 0.48083 0.46578 0.45139 0.4374 0.4229 0.40873 0.3954 0.38198 0.36959 0.35979 0.34975 0.34078 0.33095 0.32209 0.31337 0.30426 0.29597 0.28795 0.28018 0.2768 0.26554 0.29821 0.33308 0.32106 0.34605 0.47794 0.67757 0.77779 0.75549 0.69435 0.61404 0.56788 
296.5 1.3981 1.4957 1.5686 1.5895 1.5985 1.6094 1.62 1.6284 1.6369 1.6462 1.6484 1.6379 1.6224 1.6079 1.5915 1.5704 1.5458 1.5194 1.4937 1.472 1.4555 1.4441 1.4393 1.4383 1.4312 1.4186 1.4098 1.4038 1.3978 1.3898 1.3763 1.3612 1.3446 1.327 1.3084 1.2866 1.2694 1.2499 1.2261 1.1903 1.1519 1.1195 1.0846 1.0536 1.0226 0.99193 0.96226 0.93226 0.90336 0.87601 0.84862 0.82229 0.79622 0.77134 0.7478 0.72406 0.70184 0.67835 0.65644 0.63584 0.61481 0.59625 0.57778 0.56057 0.54451 0.52825 0.51237 0.49591 0.48093 0.46601 0.45155 0.43752 0.42303 0.40892 0.39548 0.38217 0.36963 0.35992 0.35007 0.34081 0.33116 0.32219 0.31346 0.30442 0.29598 0.28806 0.28033 0.27692 0.2657 0.29828 0.33302 0.32094 0.34577 0.47737 0.67672 0.77685 0.75461 0.69379 0.61405 0.5682 
297 1.3986 1.496 1.5681 1.5887 1.5981 1.6093 1.6198 1.628 1.6366 1.6459 1.6482 1.6375 1.622 1.6076 1.5912 1.5703 1.5456 1.5191 1.4934 1.4717 1.4553 1.444 1.4391 1.438 1.4309 1.4185 1.4098 1.4036 1.3976 1.3896 1.3762 1.3611 1.3445 1.3271 1.3085 1.2866 1.2696 1.2501 1.2258 1.1897 1.1514 1.1191 1.0843 1.0533 1.0222 0.99163 0.96208 0.93207 0.90318 0.87585 0.84839 0.82217 0.79621 0.77138 0.74781 0.72401 0.70181 0.67832 0.65657 0.63592 0.61483 0.59637 0.5778 0.56072 0.54467 0.5283 0.51251 0.49603 0.48103 0.46624 0.4517 0.43764 0.42315 0.4091 0.39557 0.38236 0.36968 0.36005 0.3504 0.34085 0.33136 0.3223 0.31355 0.30457 0.296 0.28817 0.28048 0.27704 0.26587 0.29835 0.33297 0.32082 0.3455 0.4768 0.67588 0.77592 0.75373 0.69322 0.61406 0.56853 
297.5 1.3991 1.4963 1.5677 1.5879 1.5978 1.6093 1.6196 1.6277 1.6363 1.6457 1.6479 1.6372 1.6216 1.6072 1.591 1.5702 1.5453 1.5187 1.4931 1.4715 1.4551 1.4438 1.4388 1.4376 1.4306 1.4185 1.4099 1.4035 1.3974 1.3895 1.3762 1.361 1.3445 1.3273 1.3087 1.2867 1.2698 1.2503 1.2255 1.1891 1.1509 1.1187 1.0839 1.0529 1.0218 0.99132 0.96189 0.93188 0.903 0.87569 0.84816 0.82205 0.7962 0.77143 0.74782 0.72395 0.70178 0.67829 0.65671 0.636 0.61486 0.59649 0.57782 0.56088 0.54484 0.52834 0.51265 0.49615 0.48113 0.46646 0.45186 0.43776 0.42328 0.40929 0.39565 0.38254 0.36973 0.36018 0.35072 0.34088 0.33157 0.32241 0.31364 0.30473 0.29601 0.28828 0.28063 0.27716 0.26604 0.29842 0.33292 0.3207 0.34522 0.47623 0.67503 0.77499 0.75285 0.69266 0.61407 0.56886 
298 1.397 1.4949 1.5675 1.5883 1.5978 1.6088 1.6191 1.6274 1.636 1.6453 1.6476 1.6369 1.6213 1.6069 1.5906 1.5698 1.545 1.5185 1.4929 1.4712 1.4548 1.4435 1.4385 1.4374 1.4303 1.4181 1.4096 1.4034 1.3973 1.3894 1.376 1.3609 1.3446 1.3273 1.3086 1.2871 1.2689 1.251 1.2258 1.1885 1.1509 1.1179 1.0839 1.0526 1.0217 0.99103 0.96167 0.93168 0.90273 0.8756 0.84807 0.82206 0.79605 0.77128 0.74774 0.7239 0.70184 0.67843 0.65682 0.63605 0.61493 0.59659 0.5779 0.56097 0.54496 0.52843 0.51277 0.49629 0.48126 0.46654 0.45198 0.43794 0.42345 0.40942 0.39578 0.38264 0.36995 0.36038 0.35082 0.34113 0.33174 0.32259 0.31378 0.30483 0.29623 0.28845 0.28077 0.27732 0.26619 0.29855 0.33308 0.32094 0.34548 0.47645 0.67519 0.77504 0.75278 0.69253 0.61394 0.56873 
298.5 1.3943 1.4931 1.5674 1.589 1.5979 1.6083 1.6186 1.6271 1.6357 1.645 1.6472 1.6366 1.621 1.6066 1.5903 1.5693 1.5446 1.5183 1.4928 1.471 1.4545 1.4432 1.4383 1.4372 1.43 1.4177 1.4093 1.4032 1.3972 1.3892 1.3759 1.3609 1.3446 1.3273 1.3086 1.2875 1.2677 1.2518 1.2262 1.1879 1.1509 1.117 1.084 1.0523 1.0216 0.99075 0.96144 0.93148 0.90244 0.87551 0.848 0.8221 0.79588 0.7711 0.74766 0.72385 0.70191 0.6786 0.65693 0.63609 0.61501 0.59669 0.57798 0.56105 0.54507 0.52854 0.51288 0.49643 0.48139 0.46659 0.45209 0.43814 0.42363 0.40955 0.39593 0.38271 0.37021 0.36059 0.35088 0.34142 0.33191 0.3228 0.31394 0.30493 0.29649 0.28863 0.28091 0.2775 0.26634 0.2987 0.3333 0.32124 0.34584 0.47683 0.67555 0.77529 0.75288 0.69249 0.61378 0.56851 
299 1.3916 1.4914 1.5672 1.5896 1.598 1.6078 1.6182 1.6268 1.6354 1.6446 1.6469 1.6362 1.6207 1.6063 1.5899 1.5689 1.5443 1.518 1.4926 1.4708 1.4542 1.4429 1.438 1.4369 1.4298 1.4173 1.409 1.4031 1.3972 1.3891 1.3758 1.3609 1.3447 1.3273 1.3085 1.2879 1.2666 1.2527 1.2266 1.1872 1.1509 1.1161 1.0841 1.052 1.0215 0.99046 0.96121 0.93127 0.90216 0.87543 0.84793 0.82213 0.7957 0.77092 0.74757 0.7238 0.70198 0.67877 0.65704 0.63613 0.61509 0.59679 0.57807 0.56114 0.54518 0.52864 0.51299 0.49657 0.48153 0.46664 0.45221 0.43833 0.42381 0.40968 0.39607 0.38279 0.37047 0.36079 0.35094 0.34171 0.33207 0.32301 0.3141 0.30503 0.29675 0.28881 0.28104 0.27767 0.26649 0.29885 0.33351 0.32155 0.34621 0.47721 0.67591 0.77554 0.75298 0.69245 0.61362 0.56829 
299.5 1.3892 1.4897 1.567 1.5902 1.598 1.6072 1.6177 1.6265 1.6351 1.6442 1.6465 1.6359 1.6205 1.606 1.5895 1.5685 1.5439 1.5178 1.4924 1.4706 1.4539 1.4426 1.4378 1.4367 1.4295 1.4169 1.4086 1.403 1.3971 1.389 1.3757 1.3609 1.3448 1.3273 1.3085 1.2884 1.2655 1.2534 1.227 1.1866 1.1509 1.1153 1.0841 1.0517 1.0214 0.99018 0.96098 0.93107 0.90188 0.87534 0.84786 0.82215 0.79552 0.77075 0.74748 0.72375 0.70204 0.67893 0.65714 0.63617 0.61517 0.59688 0.57815 0.56122 0.54529 0.52874 0.51311 0.49672 0.48167 0.46669 0.45232 0.43853 0.42398 0.40981 0.39622 0.38287 0.37072 0.36098 0.351 0.34199 0.33223 0.32321 0.31425 0.30513 0.29699 0.28898 0.28118 0.27784 0.26663 0.29899 0.33371 0.32183 0.34654 0.47755 0.67623 0.77577 0.75308 0.69242 0.61347 0.56809 
300 1.3898 1.49 1.5667 1.5896 1.5976 1.6071 1.6175 1.6263 1.6349 1.6441 1.6463 1.6356 1.6201 1.6058 1.5893 1.5683 1.5438 1.5176 1.4921 1.4704 1.4538 1.4426 1.4377 1.4366 1.4293 1.4167 1.4084 1.4028 1.3971 1.389 1.3756 1.3609 1.3448 1.3274 1.3085 1.2884 1.2655 1.2531 1.2267 1.1862 1.1507 1.1151 1.0838 1.0513 1.021 0.9899 0.96071 0.93085 0.90169 0.87517 0.84769 0.82188 0.7954 0.77071 0.74744 0.72376 0.70197 0.67888 0.65713 0.63616 0.61526 0.59688 0.57823 0.56134 0.54537 0.52896 0.51333 0.49697 0.48188 0.46691 0.45244 0.4387 0.42411 0.41003 0.39649 0.38302 0.3709 0.36095 0.35116 0.34221 0.33235 0.32335 0.31433 0.30523 0.29707 0.28907 0.28129 0.27785 0.26664 0.29908 0.33378 0.32181 0.34641 0.47737 0.67605 0.77569 0.75318 0.69258 0.61351 0.56806 
300.5 1.3905 1.4902 1.5663 1.5889 1.5971 1.6069 1.6174 1.6261 1.6347 1.6439 1.646 1.6353 1.6198 1.6055 1.5891 1.5681 1.5436 1.5174 1.4919 1.4702 1.4537 1.4425 1.4376 1.4364 1.4291 1.4165 1.4082 1.4026 1.397 1.3889 1.3756 1.3609 1.3448 1.3275 1.3085 1.2884 1.2654 1.2529 1.2264 1.1859 1.1504 1.1148 1.0835 1.051 1.0207 0.98963 0.96044 0.93063 0.90151 0.875 0.84751 0.82161 0.79528 0.77066 0.74739 0.72377 0.7019 0.67883 0.65711 0.63616 0.61535 0.59688 0.57831 0.56146 0.54544 0.52917 0.51355 0.49721 0.48209 0.46713 0.45255 0.43887 0.42424 0.41024 0.39675 0.38316 0.37108 0.36092 0.35131 0.34242 0.33247 0.32349 0.3144 0.30533 0.29714 0.28915 0.28141 0.27787 0.26664 0.29917 0.33384 0.32179 0.34629 0.47719 0.67588 0.7756 0.75328 0.69274 0.61356 0.56804 
301 1.3911 1.4905 1.566 1.5883 1.5967 1.6067 1.6172 1.6259 1.6345 1.6438 1.6458 1.635 1.6195 1.6053 1.5889 1.5679 1.5434 1.5172 1.4917 1.47 1.4536 1.4424 1.4375 1.4362 1.4289 1.4163 1.4079 1.4024 1.397 1.3888 1.3755 1.3609 1.3448 1.3276 1.3084 1.2884 1.2654 1.2526 1.2261 1.1855 1.1501 1.1146 1.0832 1.0506 1.0203 0.98936 0.96017 0.93041 0.90133 0.87484 0.84734 0.82134 0.79515 0.77062 0.74734 0.72378 0.70183 0.67878 0.6571 0.63615 0.61543 0.59689 0.57839 0.56158 0.54551 0.52938 0.51378 0.49745 0.4823 0.46735 0.45267 0.43904 0.42437 0.41046 0.39702 0.38331 0.37127 0.36088 0.35146 0.34263 0.33258 0.32363 0.31448 0.30543 0.29722 0.28924 0.28152 0.27788 0.26664 0.29926 0.33391 0.32176 0.34616 0.47702 0.6757 0.77552 0.75338 0.6929 0.6136 0.56801 
301.5 1.3916 1.4906 1.5657 1.5878 1.5963 1.6065 1.6171 1.6256 1.6343 1.6436 1.6455 1.6348 1.6192 1.605 1.5886 1.5676 1.5432 1.517 1.4915 1.4698 1.4534 1.4423 1.4374 1.4361 1.4287 1.4162 1.4077 1.4023 1.3969 1.3888 1.3755 1.3608 1.3448 1.3276 1.3084 1.2884 1.2653 1.2523 1.2258 1.1852 1.1498 1.1143 1.0829 1.0503 1.02 0.98911 0.95992 0.93019 0.90115 0.87468 0.8472 0.82116 0.79504 0.77054 0.7473 0.72381 0.70182 0.67873 0.65707 0.63615 0.61549 0.59692 0.57846 0.56168 0.5456 0.52954 0.51395 0.49763 0.48246 0.46755 0.45283 0.43921 0.42447 0.41063 0.39723 0.38346 0.37143 0.36091 0.3516 0.3428 0.33269 0.32374 0.31459 0.30555 0.29733 0.28936 0.28164 0.27793 0.26669 0.29935 0.33397 0.32177 0.34612 0.47699 0.67571 0.77555 0.75341 0.69283 0.61341 0.56777 
302 1.3915 1.4903 1.5655 1.5877 1.596 1.6061 1.6168 1.6255 1.6341 1.6433 1.6453 1.6346 1.619 1.6048 1.5884 1.5674 1.5429 1.5168 1.4914 1.4697 1.4532 1.4421 1.4373 1.4359 1.4286 1.4161 1.4076 1.4021 1.3967 1.3888 1.3754 1.3607 1.3448 1.3275 1.3084 1.2883 1.2651 1.2522 1.2255 1.1849 1.1495 1.114 1.0827 1.0502 1.0199 0.98891 0.9597 0.92997 0.90097 0.87455 0.8471 0.82121 0.79496 0.77039 0.7473 0.72391 0.70194 0.67866 0.65698 0.63614 0.6155 0.59704 0.57853 0.56172 0.54571 0.52959 0.51399 0.49764 0.4825 0.46772 0.45308 0.43938 0.4245 0.41069 0.39731 0.38361 0.37153 0.36106 0.35169 0.34283 0.33275 0.32379 0.31478 0.30573 0.2975 0.28956 0.28178 0.27806 0.26685 0.29944 0.33402 0.32186 0.34632 0.47733 0.67618 0.77586 0.75325 0.69224 0.61264 0.56698 
302.5 1.3914 1.4899 1.5653 1.5876 1.5956 1.6057 1.6166 1.6253 1.6338 1.643 1.6451 1.6344 1.6188 1.6045 1.5881 1.5671 1.5427 1.5166 1.4913 1.4695 1.453 1.4419 1.4372 1.4358 1.4285 1.416 1.4075 1.4018 1.3965 1.3887 1.3753 1.3606 1.3448 1.3274 1.3084 1.2883 1.265 1.252 1.2253 1.1847 1.1491 1.1137 1.0824 1.05 1.0198 0.98872 0.95947 0.92974 0.90079 0.87442 0.84701 0.82126 0.79487 0.77024 0.74729 0.72401 0.70207 0.67859 0.65689 0.63614 0.6155 0.59715 0.57859 0.56175 0.54582 0.52964 0.51404 0.49765 0.48255 0.46789 0.45333 0.43955 0.42453 0.41074 0.39738 0.38376 0.37164 0.36122 0.35178 0.34287 0.33282 0.32384 0.31497 0.30591 0.29768 0.28976 0.28192 0.27818 0.26701 0.29953 0.33406 0.32195 0.34651 0.47768 0.67665 0.77617 0.75309 0.69164 0.61188 0.5662 
303 1.3914 1.4896 1.5651 1.5875 1.5953 1.6053 1.6164 1.6251 1.6336 1.6428 1.6449 1.6342 1.6186 1.6042 1.5878 1.5668 1.5424 1.5164 1.4911 1.4694 1.4527 1.4418 1.4371 1.4357 1.4284 1.4159 1.4074 1.4016 1.3963 1.3887 1.3752 1.3605 1.3448 1.3272 1.3083 1.2882 1.2648 1.2518 1.225 1.1844 1.1487 1.1133 1.0822 1.0498 1.0197 0.98852 0.95925 0.92952 0.9006 0.87429 0.84692 0.82131 0.79479 0.77009 0.74729 0.7241 0.70219 0.67852 0.6568 0.63614 0.6155 0.59726 0.57865 0.56179 0.54593 0.52969 0.51408 0.49766 0.4826 0.46806 0.45358 0.43973 0.42455 0.4108 0.39746 0.38391 0.37175 0.36137 0.35188 0.34291 0.33289 0.32388 0.31516 0.30608 0.29786 0.28996 0.28206 0.27831 0.26717 0.29962 0.33411 0.32204 0.3467 0.47803 0.67711 0.77648 0.75294 0.69105 0.61111 0.56542 
303.5 1.392 1.4899 1.5648 1.5869 1.5949 1.6052 1.6162 1.6248 1.6333 1.6425 1.6446 1.634 1.6183 1.6039 1.5876 1.5665 1.5422 1.5162 1.4909 1.4692 1.4526 1.4416 1.4369 1.4355 1.4282 1.4158 1.4073 1.4016 1.3962 1.3886 1.3752 1.3604 1.3447 1.3272 1.3083 1.2881 1.2646 1.2517 1.2248 1.1842 1.1485 1.1131 1.082 1.0496 1.0195 0.98831 0.95905 0.92932 0.90043 0.87413 0.84678 0.82128 0.79476 0.77006 0.74728 0.72409 0.7022 0.67853 0.65684 0.6362 0.61558 0.59735 0.57871 0.56188 0.54599 0.52974 0.51418 0.4977 0.48267 0.46819 0.45367 0.43984 0.42466 0.41088 0.39758 0.384 0.37187 0.36158 0.35195 0.343 0.33307 0.32398 0.31533 0.30627 0.29801 0.29009 0.28213 0.27843 0.26731 0.29967 0.33414 0.32209 0.34682 0.47822 0.67737 0.77673 0.75308 0.69113 0.61119 0.5655 
304 1.3932 1.4908 1.5643 1.5858 1.5944 1.6052 1.616 1.6245 1.6331 1.6423 1.6444 1.6336 1.618 1.6037 1.5873 1.5663 1.542 1.516 1.4907 1.469 1.4525 1.4414 1.4367 1.4353 1.428 1.4158 1.4073 1.4016 1.3962 1.3884 1.3752 1.3604 1.3445 1.3271 1.3081 1.2879 1.2645 1.2515 1.2247 1.184 1.1484 1.1129 1.0817 1.0494 1.0192 0.98809 0.95888 0.92916 0.90026 0.87394 0.84662 0.82117 0.79479 0.77016 0.74726 0.72397 0.70212 0.6786 0.65698 0.6363 0.61573 0.59742 0.57877 0.56202 0.546 0.52979 0.51432 0.49777 0.48277 0.4683 0.45362 0.43989 0.42483 0.41099 0.39774 0.38403 0.372 0.36183 0.35201 0.34314 0.33334 0.32412 0.31549 0.30646 0.29813 0.29016 0.28213 0.27854 0.26742 0.29969 0.33415 0.32212 0.34687 0.47827 0.67742 0.77691 0.7535 0.69183 0.61205 0.56638 
304.5 1.3944 1.4916 1.5639 1.5846 1.594 1.6053 1.6159 1.6242 1.6328 1.6421 1.6441 1.6333 1.6177 1.6034 1.587 1.5661 1.5419 1.5158 1.4904 1.4687 1.4524 1.4412 1.4364 1.4351 1.4277 1.4157 1.4072 1.4016 1.3962 1.3883 1.3752 1.3604 1.3444 1.327 1.308 1.2877 1.2644 1.2514 1.2245 1.1838 1.1483 1.1127 1.0814 1.0492 1.019 0.98786 0.9587 0.92899 0.90009 0.87374 0.84645 0.82106 0.79482 0.77026 0.74724 0.72385 0.70204 0.67867 0.65713 0.6364 0.61588 0.59749 0.57883 0.56216 0.54601 0.52984 0.51447 0.49784 0.48287 0.46841 0.45357 0.43995 0.42501 0.4111 0.3979 0.38407 0.37214 0.36209 0.35207 0.34328 0.33362 0.32425 0.31565 0.30666 0.29825 0.29022 0.28213 0.27866 0.26752 0.29971 0.33417 0.32214 0.34692 0.47833 0.67748 0.77709 0.75392 0.69253 0.61292 0.56726 
305 1.3957 1.4925 1.5635 1.5835 1.5935 1.6053 1.6157 1.6239 1.6326 1.6419 1.6439 1.633 1.6174 1.6032 1.5867 1.5659 1.5417 1.5156 1.4902 1.4685 1.4523 1.441 1.4362 1.4348 1.4275 1.4157 1.4072 1.4016 1.3961 1.3881 1.3751 1.3603 1.3442 1.3269 1.3079 1.2876 1.2643 1.2513 1.2243 1.1836 1.1482 1.1125 1.0812 1.0489 1.0187 0.98764 0.95852 0.92882 0.89992 0.87355 0.84628 0.82095 0.79484 0.77036 0.74722 0.72373 0.70195 0.67874 0.65727 0.63651 0.61604 0.59756 0.57889 0.5623 0.54603 0.5299 0.51461 0.4979 0.48296 0.46852 0.45352 0.44 0.42519 0.41121 0.39806 0.38411 0.37228 0.36234 0.35214 0.34343 0.3339 0.32439 0.31581 0.30686 0.29838 0.29029 0.28213 0.27878 0.26763 0.29973 0.33418 0.32217 0.34697 0.47838 0.67753 0.77727 0.75434 0.69324 0.61379 0.56814 
305.5 1.3954 1.4923 1.5632 1.5832 1.5933 1.6051 1.6155 1.6236 1.6323 1.6416 1.6436 1.6327 1.6172 1.603 1.5865 1.5658 1.5416 1.5154 1.4899 1.4683 1.4521 1.4408 1.436 1.4347 1.4274 1.4155 1.4071 1.4015 1.3961 1.388 1.375 1.3603 1.3441 1.3268 1.3078 1.2874 1.2641 1.2511 1.2242 1.1834 1.1479 1.1123 1.0809 1.0487 1.0184 0.98739 0.95833 0.92865 0.89978 0.87346 0.84616 0.82081 0.79479 0.77032 0.74716 0.72366 0.70195 0.6788 0.65736 0.63662 0.61604 0.5976 0.57898 0.56238 0.54622 0.53006 0.51472 0.49809 0.48312 0.46859 0.45363 0.4401 0.42537 0.41143 0.39814 0.38429 0.37253 0.36246 0.35233 0.3436 0.33401 0.32459 0.31594 0.30691 0.29847 0.29039 0.28229 0.27892 0.26775 0.2999 0.33437 0.32241 0.34721 0.47856 0.67768 0.77744 0.75449 0.69333 0.61395 0.5684 
306 1.3946 1.4917 1.5631 1.5832 1.5932 1.6048 1.6152 1.6234 1.632 1.6413 1.6434 1.6325 1.617 1.6028 1.5864 1.5656 1.5414 1.5152 1.4897 1.4681 1.4518 1.4405 1.4358 1.4346 1.4273 1.4153 1.4069 1.4015 1.396 1.3879 1.3749 1.3602 1.344 1.3268 1.3077 1.2873 1.2639 1.2509 1.2241 1.1831 1.1477 1.1121 1.0807 1.0484 1.0181 0.98714 0.95814 0.92848 0.89964 0.87341 0.84607 0.82067 0.7947 0.77023 0.74708 0.7236 0.70197 0.67887 0.65742 0.63674 0.61598 0.59763 0.57908 0.56244 0.54647 0.53025 0.51481 0.49832 0.48329 0.46863 0.4538 0.44022 0.42556 0.41169 0.3982 0.38452 0.37281 0.36255 0.35258 0.34378 0.33406 0.32482 0.31605 0.30691 0.29856 0.29051 0.28251 0.27907 0.26787 0.30012 0.33462 0.32272 0.34752 0.47878 0.67786 0.77759 0.75454 0.69321 0.61387 0.56845 
306.5 1.3937 1.4911 1.5629 1.5832 1.593 1.6045 1.6149 1.6231 1.6318 1.641 1.6431 1.6324 1.6168 1.6026 1.5862 1.5655 1.5412 1.515 1.4894 1.4679 1.4516 1.4403 1.4357 1.4345 1.4272 1.4151 1.4068 1.4014 1.3959 1.3878 1.3747 1.3601 1.3439 1.3267 1.3076 1.2871 1.2637 1.2507 1.224 1.1829 1.1474 1.1118 1.0805 1.0481 1.0178 0.98689 0.95795 0.92831 0.89951 0.87335 0.84598 0.82052 0.79462 0.77014 0.747 0.72354 0.70199 0.67894 0.65749 0.63686 0.61593 0.59766 0.57919 0.5625 0.54672 0.53045 0.5149 0.49855 0.48346 0.46868 0.45396 0.44033 0.42574 0.41195 0.39826 0.38475 0.3731 0.36263 0.35282 0.34396 0.33412 0.32504 0.31616 0.30692 0.29865 0.29062 0.28272 0.27923 0.26799 0.30034 0.33487 0.32304 0.34782 0.479 0.67805 0.77775 0.75459 0.6931 0.61379 0.5685 
307 1.3929 1.4906 1.5627 1.5832 1.5929 1.6042 1.6146 1.6229 1.6315 1.6408 1.6429 1.6322 1.6166 1.6024 1.586 1.5653 1.5411 1.5147 1.4892 1.4677 1.4513 1.44 1.4355 1.4344 1.4271 1.4149 1.4066 1.4014 1.3958 1.3877 1.3746 1.36 1.3438 1.3266 1.3075 1.287 1.2635 1.2505 1.2238 1.1827 1.1471 1.1116 1.0802 1.0479 1.0175 0.98664 0.95776 0.92814 0.89938 0.8733 0.84589 0.82037 0.79454 0.77004 0.74692 0.72348 0.70201 0.679 0.65755 0.63698 0.61587 0.5977 0.57929 0.56256 0.54697 0.53065 0.515 0.49878 0.48363 0.46873 0.45413 0.44045 0.42593 0.41221 0.39832 0.38499 0.37338 0.36271 0.35306 0.34413 0.33417 0.32527 0.31627 0.30692 0.29874 0.29073 0.28294 0.27938 0.26811 0.30056 0.33512 0.32335 0.34813 0.47922 0.67823 0.77791 0.75464 0.69298 0.61371 0.56855 
307.5 1.3932 1.4906 1.5624 1.5828 1.5925 1.604 1.6144 1.6226 1.6312 1.6406 1.6427 1.6319 1.6164 1.6022 1.5858 1.5651 1.5408 1.5146 1.4891 1.4675 1.4511 1.4399 1.4354 1.4342 1.427 1.4147 1.4065 1.4011 1.3956 1.3877 1.3746 1.3599 1.3439 1.3265 1.3073 1.2868 1.2633 1.2503 1.2235 1.1824 1.1469 1.1114 1.08 1.0476 1.0174 0.98644 0.95755 0.92805 0.89927 0.8731 0.8457 0.82026 0.79444 0.77001 0.74692 0.72349 0.70205 0.67901 0.65755 0.63708 0.61594 0.5977 0.5794 0.56267 0.54701 0.53075 0.51507 0.49878 0.48366 0.46881 0.45434 0.44061 0.42601 0.41226 0.39854 0.38509 0.3734 0.36288 0.35321 0.34433 0.33426 0.32541 0.31647 0.30711 0.29894 0.2909 0.28305 0.27947 0.26822 0.30065 0.33518 0.32333 0.34805 0.47912 0.678 0.7776 0.75446 0.69302 0.61391 0.56881 
308 1.3935 1.4906 1.5621 1.5823 1.5922 1.6038 1.6142 1.6224 1.631 1.6404 1.6425 1.6316 1.6161 1.602 1.5857 1.5648 1.5405 1.5144 1.4889 1.4674 1.4509 1.4398 1.4353 1.434 1.4268 1.4145 1.4063 1.4008 1.3954 1.3878 1.3747 1.3599 1.344 1.3264 1.3071 1.2867 1.2632 1.2501 1.2232 1.1822 1.1466 1.1112 1.0798 1.0474 1.0172 0.98623 0.95735 0.92796 0.89916 0.8729 0.84552 0.82015 0.79435 0.76997 0.74691 0.7235 0.7021 0.67902 0.65756 0.63717 0.616 0.59771 0.57951 0.56278 0.54705 0.53084 0.51515 0.49877 0.48369 0.46889 0.45455 0.44078 0.42609 0.41231 0.39877 0.38519 0.37341 0.36306 0.35335 0.34452 0.33434 0.32556 0.31667 0.3073 0.29915 0.29108 0.28315 0.27956 0.26832 0.30074 0.33524 0.32329 0.34797 0.47901 0.67776 0.77727 0.75427 0.69307 0.61412 0.56908 
308.5 1.3938 1.4907 1.5618 1.5819 1.5919 1.6036 1.614 1.6222 1.6307 1.6402 1.6423 1.6314 1.6159 1.6018 1.5855 1.5646 1.5402 1.5142 1.4888 1.4672 1.4507 1.4398 1.4352 1.4339 1.4266 1.4143 1.4062 1.4005 1.3951 1.3879 1.3747 1.3599 1.3441 1.3264 1.3069 1.2865 1.263 1.2499 1.2229 1.1819 1.1464 1.1109 1.0796 1.0472 1.0171 0.98603 0.95714 0.92787 0.89904 0.8727 0.84533 0.82004 0.79426 0.76993 0.74691 0.72351 0.70215 0.67903 0.65756 0.63727 0.61607 0.59771 0.57962 0.56289 0.54709 0.53094 0.51523 0.49877 0.48372 0.46897 0.45475 0.44094 0.42617 0.41235 0.39899 0.38529 0.37343 0.36323 0.35349 0.34472 0.33442 0.3257 0.31687 0.30749 0.29936 0.29125 0.28325 0.27965 0.26843 0.30083 0.33529 0.32326 0.34789 0.4789 0.67753 0.77694 0.75408 0.69311 0.61434 0.56935 
309 1.3939 1.4906 1.5615 1.5815 1.5915 1.6034 1.6138 1.6219 1.6305 1.64 1.6421 1.6311 1.6156 1.6016 1.5853 1.5644 1.54 1.5141 1.4887 1.467 1.4505 1.4397 1.4351 1.4337 1.4264 1.4141 1.406 1.4003 1.3949 1.3879 1.3747 1.3598 1.3441 1.3262 1.3067 1.2864 1.2629 1.2497 1.2226 1.1817 1.1462 1.1107 1.0794 1.047 1.0169 0.98585 0.95694 0.92776 0.89892 0.87252 0.84518 0.81994 0.79416 0.76987 0.74689 0.7235 0.70216 0.67903 0.65755 0.63733 0.61615 0.59775 0.57971 0.56298 0.54713 0.53102 0.51531 0.4988 0.48376 0.46907 0.45493 0.44109 0.42628 0.41241 0.39919 0.38542 0.37347 0.36342 0.35361 0.34487 0.33456 0.32583 0.31705 0.30768 0.29955 0.29141 0.28335 0.27976 0.26854 0.30092 0.33535 0.32324 0.34784 0.47885 0.6774 0.77676 0.75398 0.69315 0.61441 0.5694 
309.5 1.393 1.4898 1.5614 1.5817 1.5913 1.6029 1.6136 1.6218 1.6303 1.6397 1.6419 1.631 1.6154 1.6013 1.5851 1.5642 1.5399 1.5139 1.4884 1.4668 1.4503 1.4395 1.435 1.4336 1.4262 1.4141 1.406 1.4003 1.395 1.3877 1.3747 1.3598 1.3438 1.326 1.3066 1.2864 1.2629 1.2495 1.2224 1.1815 1.146 1.1105 1.0792 1.0468 1.0168 0.98572 0.95675 0.92751 0.89873 0.87245 0.84517 0.8199 0.79405 0.76975 0.74682 0.72339 0.70204 0.67901 0.6575 0.63722 0.61626 0.59794 0.57973 0.56299 0.54717 0.53106 0.51544 0.49899 0.4839 0.46926 0.45497 0.44114 0.42651 0.41252 0.39928 0.38565 0.37365 0.36366 0.35364 0.34489 0.3349 0.32589 0.31716 0.30785 0.29968 0.29154 0.28342 0.27991 0.26866 0.30102 0.33545 0.32332 0.34791 0.47904 0.67775 0.77712 0.75422 0.69316 0.61392 0.56857 
310 1.3922 1.4891 1.5613 1.5819 1.5911 1.6025 1.6133 1.6216 1.6301 1.6395 1.6418 1.6309 1.6152 1.601 1.5848 1.5639 1.5397 1.5137 1.4882 1.4665 1.4501 1.4394 1.435 1.4334 1.4259 1.414 1.406 1.4004 1.3951 1.3876 1.3747 1.3598 1.3435 1.3257 1.3066 1.2864 1.2628 1.2492 1.2221 1.1813 1.1458 1.1103 1.079 1.0467 1.0166 0.9856 0.95657 0.92727 0.89855 0.87239 0.84516 0.81987 0.79393 0.76963 0.74676 0.72329 0.70192 0.67898 0.65746 0.63711 0.61637 0.59812 0.57976 0.56301 0.5472 0.5311 0.51556 0.49918 0.48404 0.46944 0.45502 0.44119 0.42674 0.41263 0.39936 0.38588 0.37382 0.36391 0.35367 0.34491 0.33525 0.32594 0.31727 0.30802 0.29981 0.29167 0.28349 0.28007 0.26878 0.30112 0.33555 0.32339 0.34799 0.47923 0.6781 0.77749 0.75445 0.69317 0.61344 0.56774 
310.5 1.3914 1.4884 1.5611 1.5821 1.5909 1.6021 1.6131 1.6215 1.63 1.6393 1.6416 1.6308 1.615 1.6007 1.5845 1.5637 1.5396 1.5135 1.4879 1.4662 1.4499 1.4392 1.4349 1.4333 1.4256 1.414 1.406 1.4004 1.3952 1.3874 1.3746 1.3598 1.3431 1.3255 1.3065 1.2864 1.2627 1.249 1.2219 1.1811 1.1456 1.1101 1.0788 1.0465 1.0165 0.98547 0.95639 0.92702 0.89836 0.87232 0.84515 0.81983 0.79382 0.76951 0.74669 0.72318 0.7018 0.67895 0.65742 0.63699 0.61648 0.5983 0.57978 0.56302 0.54723 0.53114 0.51568 0.49938 0.48418 0.46962 0.45506 0.44124 0.42696 0.41274 0.39945 0.38611 0.374 0.36416 0.3537 0.34492 0.33559 0.32599 0.31738 0.30819 0.29994 0.2918 0.28356 0.28022 0.26889 0.30123 0.33564 0.32346 0.34807 0.47942 0.67845 0.77785 0.75469 0.69319 0.61296 0.56691 
311 1.3911 1.488 1.5609 1.5819 1.5907 1.6018 1.6128 1.6213 1.6298 1.6391 1.6414 1.6306 1.6148 1.6005 1.5842 1.5635 1.5394 1.5133 1.4877 1.466 1.4497 1.4391 1.4348 1.4332 1.4254 1.4139 1.406 1.4004 1.3952 1.3873 1.3745 1.3596 1.3429 1.3253 1.3064 1.2863 1.2626 1.2488 1.2217 1.1808 1.1454 1.1098 1.0786 1.0464 1.0163 0.98532 0.95625 0.92683 0.89821 0.87226 0.84512 0.81974 0.79371 0.76941 0.74662 0.72314 0.70176 0.67894 0.65742 0.63695 0.61651 0.5984 0.57982 0.56306 0.54731 0.53122 0.51581 0.49952 0.4843 0.46975 0.45517 0.44138 0.42713 0.41285 0.39951 0.38631 0.3741 0.36434 0.35386 0.34497 0.33588 0.32605 0.31746 0.30835 0.30007 0.29197 0.28367 0.28035 0.26899 0.30131 0.33572 0.32354 0.34815 0.47958 0.67877 0.77827 0.75505 0.69335 0.61285 0.56665 
311.5 1.3913 1.4883 1.5606 1.5812 1.5904 1.6018 1.6126 1.621 1.6296 1.6389 1.6411 1.6303 1.6146 1.6002 1.584 1.5633 1.5391 1.5131 1.4875 1.4658 1.4495 1.4389 1.4345 1.433 1.4254 1.4138 1.4059 1.4003 1.3951 1.3871 1.3742 1.3593 1.3429 1.3253 1.3063 1.2861 1.2623 1.2487 1.2215 1.1806 1.1451 1.1096 1.0784 1.0463 1.0161 0.98512 0.95616 0.92671 0.89809 0.87222 0.84506 0.81959 0.7936 0.76935 0.74655 0.72318 0.70181 0.67895 0.65749 0.637 0.61646 0.59837 0.57988 0.56317 0.54744 0.53135 0.51594 0.4996 0.48439 0.46982 0.45536 0.44164 0.4272 0.41297 0.39955 0.38647 0.37409 0.36444 0.3542 0.34506 0.33607 0.3261 0.31752 0.30849 0.30021 0.29221 0.28384 0.28044 0.26907 0.30138 0.33578 0.32361 0.34825 0.47971 0.67905 0.77876 0.75556 0.69372 0.61326 0.56716 
312 1.3916 1.4885 1.5602 1.5805 1.5901 1.6017 1.6124 1.6207 1.6294 1.6387 1.6408 1.63 1.6143 1.6 1.5837 1.5631 1.5389 1.5128 1.4873 1.4656 1.4494 1.4387 1.4343 1.4329 1.4254 1.4137 1.4059 1.4003 1.395 1.387 1.3739 1.359 1.343 1.3253 1.3061 1.2859 1.2621 1.2486 1.2214 1.1803 1.1449 1.1093 1.0783 1.0462 1.0158 0.98492 0.95607 0.92659 0.89798 0.87219 0.845 0.81944 0.7935 0.7693 0.74648 0.72322 0.70187 0.67895 0.65756 0.63705 0.6164 0.59834 0.57994 0.56327 0.54757 0.53148 0.51607 0.49968 0.48448 0.46989 0.45556 0.4419 0.42728 0.41308 0.39958 0.38663 0.37409 0.36453 0.35454 0.34515 0.33627 0.32616 0.31758 0.30862 0.30035 0.29245 0.28401 0.28054 0.26914 0.30144 0.33584 0.32369 0.34835 0.47984 0.67933 0.77924 0.75606 0.6941 0.61366 0.56767 
312.5 1.3919 1.4888 1.5598 1.5799 1.5898 1.6017 1.6122 1.6204 1.6291 1.6385 1.6406 1.6297 1.6141 1.5997 1.5835 1.5629 1.5386 1.5126 1.4871 1.4654 1.4492 1.4386 1.434 1.4328 1.4254 1.4136 1.4058 1.4002 1.3948 1.3869 1.3735 1.3587 1.343 1.3253 1.3059 1.2857 1.2618 1.2484 1.2213 1.1801 1.1446 1.109 1.0781 1.0461 1.0156 0.98473 0.95598 0.92647 0.89787 0.87215 0.84494 0.81929 0.7934 0.76924 0.7464 0.72326 0.70193 0.67896 0.65762 0.63709 0.61634 0.59832 0.58 0.56337 0.54769 0.53161 0.5162 0.49976 0.48456 0.46995 0.45575 0.44216 0.42735 0.4132 0.39961 0.38679 0.37409 0.36463 0.35488 0.34524 0.33646 0.32621 0.31763 0.30876 0.30049 0.29269 0.28418 0.28063 0.26921 0.3015 0.3359 0.32376 0.34844 0.47996 0.67961 0.77973 0.75657 0.69447 0.61407 0.56817 
313 1.3914 1.4883 1.5596 1.5798 1.5896 1.6014 1.612 1.6202 1.6289 1.6383 1.6404 1.6295 1.6139 1.5995 1.5833 1.5627 1.5385 1.5124 1.487 1.4653 1.449 1.4384 1.4338 1.4326 1.4253 1.4135 1.4056 1.4 1.3947 1.3868 1.3733 1.3585 1.3429 1.3251 1.3058 1.2856 1.2617 1.2483 1.2211 1.1799 1.1444 1.1089 1.0779 1.0459 1.0154 0.98455 0.95585 0.9264 0.89776 0.87201 0.84483 0.81923 0.79333 0.76919 0.74643 0.72329 0.70195 0.67893 0.6576 0.6372 0.61644 0.59838 0.58005 0.56341 0.54783 0.53171 0.51627 0.49988 0.4847 0.47011 0.45585 0.44229 0.42742 0.41336 0.39978 0.38691 0.37426 0.36469 0.35507 0.34541 0.33652 0.32641 0.31779 0.30889 0.30062 0.29278 0.28436 0.2808 0.2694 0.30169 0.3361 0.32402 0.34873 0.48024 0.67985 0.7799 0.75665 0.69447 0.61406 0.56819 
313.5 1.3906 1.4875 1.5595 1.58 1.5894 1.6009 1.6117 1.6201 1.6287 1.638 1.6402 1.6293 1.6136 1.5993 1.5831 1.5626 1.5383 1.5123 1.4869 1.4652 1.4489 1.4381 1.4337 1.4325 1.4252 1.4133 1.4053 1.3997 1.3945 1.3866 1.3732 1.3584 1.3427 1.3248 1.3056 1.2855 1.2617 1.2481 1.2208 1.1798 1.1443 1.1088 1.0777 1.0456 1.0153 0.98439 0.95569 0.92636 0.89766 0.8718 0.84468 0.81922 0.79327 0.76914 0.74651 0.72332 0.70195 0.67887 0.65754 0.63733 0.61661 0.59848 0.58009 0.56342 0.54796 0.53181 0.51631 0.50001 0.48485 0.47031 0.45589 0.44237 0.42747 0.41354 0.40001 0.387 0.37452 0.36474 0.35516 0.34562 0.3365 0.32668 0.31801 0.309 0.30074 0.29279 0.28456 0.28101 0.26966 0.30195 0.33638 0.32437 0.34913 0.4806 0.68007 0.77991 0.75649 0.69426 0.61384 0.56795 
314 1.3898 1.4867 1.5594 1.5802 1.5892 1.6005 1.6115 1.6199 1.6284 1.6377 1.6401 1.6291 1.6134 1.599 1.5828 1.5624 1.5382 1.5122 1.4869 1.4651 1.4487 1.4379 1.4335 1.4324 1.4251 1.4132 1.405 1.3995 1.3942 1.3864 1.373 1.3583 1.3425 1.3246 1.3054 1.2855 1.2617 1.248 1.2206 1.1797 1.1442 1.1086 1.0774 1.0453 1.0152 0.98423 0.95554 0.92632 0.89756 0.8716 0.84453 0.81921 0.79321 0.76909 0.74659 0.72335 0.70196 0.67882 0.65747 0.63747 0.61679 0.59859 0.58013 0.56344 0.54809 0.5319 0.51635 0.50014 0.48501 0.47051 0.45593 0.44244 0.42752 0.41372 0.40025 0.3871 0.37477 0.36479 0.35526 0.34583 0.33648 0.32695 0.31823 0.30912 0.30085 0.29279 0.28475 0.28121 0.26991 0.3022 0.33666 0.32472 0.34953 0.48097 0.68028 0.77991 0.75634 0.69406 0.61362 0.56771 
314.5 1.389 1.4859 1.5593 1.5805 1.589 1.6 1.6113 1.6198 1.6282 1.6375 1.6399 1.629 1.6131 1.5988 1.5826 1.5623 1.5381 1.5121 1.4868 1.4651 1.4486 1.4377 1.4334 1.4323 1.425 1.413 1.4047 1.3992 1.394 1.3862 1.3728 1.3582 1.3423 1.3243 1.3052 1.2854 1.2617 1.2478 1.2204 1.1796 1.1441 1.1085 1.0772 1.0451 1.0151 0.98407 0.95538 0.92628 0.89746 0.8714 0.84439 0.8192 0.79315 0.76904 0.74667 0.72338 0.70196 0.67876 0.6574 0.63761 0.61696 0.5987 0.58018 0.56345 0.54822 0.53199 0.51639 0.50027 0.48516 0.47071 0.45597 0.44251 0.42758 0.4139 0.40049 0.38719 0.37503 0.36483 0.35536 0.34604 0.33646 0.32722 0.31844 0.30924 0.30097 0.2928 0.28495 0.28142 0.27017 0.30246 0.33694 0.32508 0.34993 0.48133 0.6805 0.77992 0.75619 0.69386 0.61339 0.56747 
315 1.3892 1.4861 1.5589 1.5799 1.5887 1.6 1.611 1.6195 1.628 1.6372 1.6396 1.6287 1.6129 1.5986 1.5824 1.5621 1.5379 1.5119 1.4866 1.4648 1.4484 1.4376 1.4332 1.432 1.4249 1.4128 1.4045 1.3992 1.394 1.3861 1.3728 1.3582 1.3423 1.3243 1.3051 1.2852 1.2617 1.2476 1.2201 1.1793 1.1438 1.1083 1.077 1.0448 1.0149 0.98398 0.95524 0.92606 0.8973 0.87125 0.84426 0.8191 0.79313 0.76905 0.74662 0.72334 0.70194 0.67883 0.65752 0.63758 0.61682 0.59868 0.58029 0.56357 0.5483 0.53197 0.51648 0.50044 0.48528 0.47087 0.45611 0.44257 0.42779 0.41407 0.40054 0.38722 0.37504 0.36485 0.35545 0.34608 0.33661 0.32733 0.3185 0.3094 0.301 0.29289 0.28504 0.28151 0.27024 0.30249 0.33692 0.32497 0.34976 0.48112 0.68025 0.77955 0.75566 0.69332 0.61309 0.56734 
315.5 1.3895 1.4864 1.5585 1.5792 1.5885 1.5999 1.6108 1.6192 1.6277 1.637 1.6393 1.6285 1.6128 1.5985 1.5822 1.5619 1.5378 1.5117 1.4864 1.4646 1.4483 1.4375 1.433 1.4318 1.4246 1.4125 1.4044 1.3992 1.394 1.3861 1.3727 1.3582 1.3422 1.3243 1.305 1.2851 1.2616 1.2474 1.2197 1.179 1.1435 1.108 1.0768 1.0446 1.0146 0.98391 0.9551 0.92581 0.89714 0.87111 0.84413 0.819 0.79312 0.76906 0.74654 0.72329 0.70191 0.67892 0.65765 0.63753 0.61664 0.59865 0.58041 0.5637 0.54837 0.53194 0.51657 0.50061 0.48539 0.47103 0.45627 0.44264 0.42803 0.41424 0.40057 0.38724 0.37501 0.36487 0.35554 0.3461 0.33678 0.32743 0.31854 0.30957 0.30101 0.29299 0.28512 0.28158 0.27028 0.30249 0.33685 0.32481 0.34952 0.48084 0.67993 0.77914 0.75509 0.69274 0.61278 0.56721 
316 1.3898 1.4867 1.5582 1.5785 1.5882 1.5999 1.6106 1.6188 1.6275 1.6368 1.639 1.6282 1.6126 1.5983 1.582 1.5617 1.5376 1.5115 1.4862 1.4644 1.4482 1.4375 1.4328 1.4316 1.4244 1.4122 1.4042 1.3992 1.394 1.386 1.3727 1.3582 1.3422 1.3243 1.3049 1.2849 1.2616 1.2472 1.2194 1.1787 1.1432 1.1077 1.0766 1.0444 1.0144 0.98383 0.95496 0.92556 0.89697 0.87097 0.844 0.81889 0.79311 0.76907 0.74646 0.72324 0.70189 0.67901 0.65779 0.63749 0.61647 0.59861 0.58053 0.56383 0.54845 0.5319 0.51666 0.50078 0.4855 0.47119 0.45642 0.4427 0.42826 0.4144 0.4006 0.38726 0.37498 0.36489 0.35563 0.34612 0.33695 0.32752 0.31858 0.30974 0.30103 0.2931 0.2852 0.28165 0.27033 0.30249 0.33678 0.32465 0.34929 0.48055 0.67962 0.77873 0.75451 0.69216 0.61247 0.56708 
316.5 1.3901 1.4869 1.5578 1.5778 1.5879 1.5999 1.6103 1.6185 1.6272 1.6366 1.6387 1.628 1.6124 1.5981 1.5819 1.5614 1.5374 1.5113 1.4859 1.4642 1.448 1.4374 1.4326 1.4313 1.4242 1.412 1.4041 1.3992 1.394 1.3859 1.3726 1.3581 1.3421 1.3244 1.3048 1.2848 1.2615 1.2469 1.219 1.1784 1.1429 1.1074 1.0765 1.0442 1.0141 0.98374 0.95482 0.92533 0.89681 0.87084 0.84389 0.81879 0.79311 0.76908 0.74639 0.72319 0.70186 0.6791 0.65791 0.63744 0.61632 0.59859 0.58065 0.56397 0.54852 0.53188 0.51675 0.50093 0.48561 0.47133 0.45658 0.44278 0.42848 0.41457 0.40065 0.3873 0.37497 0.36494 0.35573 0.34616 0.33712 0.32762 0.31864 0.30989 0.30107 0.29321 0.28528 0.28173 0.27038 0.3025 0.33674 0.32453 0.34911 0.48034 0.67937 0.77839 0.75405 0.69171 0.61224 0.567 
317 1.3899 1.4868 1.5576 1.5775 1.5877 1.5996 1.6101 1.6183 1.627 1.6364 1.6385 1.6277 1.6122 1.598 1.5817 1.5612 1.5372 1.5111 1.4857 1.464 1.4479 1.4372 1.4324 1.4311 1.4241 1.412 1.404 1.3991 1.3938 1.3857 1.3725 1.358 1.342 1.3243 1.3048 1.2847 1.2614 1.2467 1.2188 1.1782 1.1427 1.1073 1.0764 1.0441 1.014 0.98352 0.95467 0.9252 0.89668 0.87081 0.84387 0.81878 0.79317 0.76912 0.74637 0.72316 0.70187 0.67911 0.65786 0.63745 0.61648 0.59866 0.58075 0.5641 0.54854 0.53201 0.51683 0.50097 0.48575 0.4714 0.45678 0.443 0.42855 0.4147 0.40081 0.3875 0.37517 0.36519 0.35589 0.34636 0.33723 0.32775 0.31882 0.30998 0.30131 0.29341 0.28544 0.28185 0.27048 0.3026 0.33689 0.32479 0.34947 0.48073 0.67969 0.7787 0.75451 0.69233 0.61269 0.56725 
317.5 1.3898 1.4866 1.5574 1.5773 1.5874 1.5993 1.6098 1.618 1.6268 1.6362 1.6383 1.6275 1.612 1.5979 1.5816 1.5609 1.5369 1.5108 1.4855 1.4639 1.4478 1.437 1.4323 1.4309 1.424 1.412 1.4039 1.3989 1.3936 1.3855 1.3724 1.3579 1.3419 1.3243 1.3048 1.2846 1.2612 1.2464 1.2186 1.1781 1.1425 1.1071 1.0762 1.044 1.0138 0.9833 0.95451 0.92507 0.89656 0.87079 0.84386 0.81877 0.79323 0.76916 0.74635 0.72312 0.70188 0.67912 0.65781 0.63745 0.61664 0.59873 0.58084 0.56423 0.54856 0.53214 0.51691 0.501 0.48588 0.47147 0.45697 0.44322 0.42863 0.41482 0.40098 0.38769 0.37537 0.36544 0.35604 0.34657 0.33734 0.32788 0.31901 0.31006 0.30156 0.29362 0.28559 0.28197 0.27058 0.30271 0.33704 0.32505 0.34983 0.48111 0.68001 0.77901 0.75496 0.69294 0.61314 0.56751 
318 1.3897 1.4864 1.5571 1.577 1.5871 1.5991 1.6096 1.6178 1.6266 1.6361 1.6381 1.6272 1.6117 1.5978 1.5815 1.5606 1.5366 1.5106 1.4853 1.4637 1.4476 1.4369 1.4321 1.4308 1.4238 1.412 1.4038 1.3988 1.3934 1.3853 1.3723 1.3577 1.3417 1.3243 1.3048 1.2845 1.2611 1.2461 1.2184 1.1779 1.1423 1.107 1.0761 1.0439 1.0136 0.98309 0.95436 0.92495 0.89644 0.87076 0.84384 0.81876 0.79329 0.76921 0.74633 0.72309 0.70189 0.67913 0.65776 0.63746 0.6168 0.5988 0.58094 0.56436 0.54858 0.53227 0.517 0.50104 0.48602 0.47153 0.45716 0.44344 0.4287 0.41495 0.40114 0.38789 0.37557 0.36568 0.35619 0.34677 0.33745 0.328 0.3192 0.31014 0.3018 0.29382 0.28574 0.2821 0.27069 0.30281 0.33719 0.32532 0.35019 0.4815 0.68033 0.77931 0.75542 0.69356 0.6136 0.56776 
318.5 1.3895 1.4862 1.5569 1.5767 1.5869 1.5988 1.6093 1.6176 1.6264 1.6359 1.6379 1.627 1.6115 1.5976 1.5813 1.5604 1.5364 1.5104 1.485 1.4635 1.4475 1.4367 1.432 1.4306 1.4237 1.4119 1.4036 1.3986 1.3932 1.3851 1.3722 1.3576 1.3416 1.3243 1.3048 1.2844 1.2609 1.2459 1.2182 1.1777 1.1421 1.1068 1.076 1.0438 1.0135 0.98288 0.95419 0.92483 0.89635 0.87074 0.84378 0.8187 0.79331 0.76924 0.74634 0.7231 0.70191 0.67912 0.65773 0.63748 0.61691 0.59887 0.58102 0.56444 0.54865 0.53243 0.5171 0.50108 0.48612 0.47162 0.45731 0.44362 0.42879 0.41505 0.40133 0.38806 0.37575 0.3659 0.35627 0.34696 0.33759 0.32809 0.31931 0.31022 0.30199 0.29396 0.28588 0.28219 0.27077 0.30291 0.33732 0.32549 0.35038 0.48168 0.68045 0.77942 0.75562 0.69385 0.61378 0.56782 
319 1.3891 1.4859 1.5566 1.5765 1.5866 1.5986 1.6092 1.6174 1.6262 1.6356 1.6377 1.6268 1.6112 1.5974 1.581 1.5602 1.5361 1.5102 1.4849 1.4633 1.4473 1.4365 1.4318 1.4305 1.4235 1.4117 1.4035 1.3984 1.393 1.385 1.3721 1.3575 1.3416 1.3241 1.3047 1.2843 1.2608 1.2458 1.2179 1.1774 1.1418 1.1066 1.0757 1.0436 1.0134 0.98267 0.95397 0.92473 0.89635 0.87071 0.84363 0.81856 0.79328 0.76923 0.74641 0.72322 0.70196 0.67909 0.65775 0.63756 0.61691 0.59892 0.58105 0.56441 0.54879 0.53264 0.51724 0.50114 0.48618 0.47176 0.45737 0.44373 0.42891 0.4151 0.40158 0.38819 0.3759 0.36607 0.35619 0.34708 0.33777 0.3281 0.31927 0.31029 0.30204 0.29399 0.28597 0.28223 0.27084 0.30299 0.33739 0.32548 0.35025 0.48146 0.68021 0.77915 0.75531 0.6935 0.61343 0.56749 
319.5 1.3888 1.4855 1.5563 1.5763 1.5864 1.5984 1.609 1.6173 1.626 1.6353 1.6376 1.6266 1.611 1.5971 1.5808 1.5599 1.5359 1.5101 1.4847 1.463 1.4471 1.4363 1.4316 1.4304 1.4233 1.4114 1.4034 1.3983 1.3929 1.385 1.3721 1.3575 1.3415 1.324 1.3047 1.2843 1.2606 1.2457 1.2176 1.177 1.1416 1.1063 1.0754 1.0434 1.0133 0.98247 0.95375 0.92463 0.89634 0.87069 0.84348 0.81841 0.79324 0.76923 0.74647 0.72334 0.702 0.67905 0.65777 0.63763 0.61692 0.59898 0.58108 0.56438 0.54893 0.53285 0.51738 0.5012 0.48623 0.4719 0.45744 0.44385 0.42903 0.41515 0.40183 0.38831 0.37604 0.36623 0.35612 0.34721 0.33796 0.32811 0.31923 0.31037 0.30209 0.29401 0.28606 0.28227 0.2709 0.30308 0.33746 0.32547 0.35011 0.48124 0.67996 0.77887 0.75501 0.69314 0.61307 0.56716 
320 1.3885 1.4852 1.5561 1.576 1.5862 1.5982 1.6088 1.6171 1.6257 1.6351 1.6374 1.6265 1.6108 1.5969 1.5805 1.5597 1.5356 1.5099 1.4845 1.4628 1.4469 1.4362 1.4314 1.4303 1.4232 1.4111 1.4033 1.3981 1.3927 1.3849 1.372 1.3574 1.3414 1.3239 1.3046 1.2842 1.2605 1.2456 1.2173 1.1767 1.1413 1.106 1.0751 1.0431 1.0132 0.98227 0.95354 0.92454 0.89633 0.87067 0.84333 0.81827 0.79321 0.76922 0.74654 0.72346 0.70205 0.67901 0.65779 0.63771 0.61692 0.59904 0.58111 0.56435 0.54907 0.53307 0.51752 0.50126 0.48629 0.47203 0.4575 0.44396 0.42915 0.41519 0.40208 0.38844 0.37619 0.3664 0.35604 0.34734 0.33814 0.32811 0.31919 0.31044 0.30215 0.29404 0.28615 0.28231 0.27096 0.30316 0.33753 0.32546 0.34997 0.48102 0.67972 0.7786 0.7547 0.69279 0.61272 0.56684 
320.5 1.3883 1.485 1.5558 1.5758 1.586 1.598 1.6086 1.6169 1.6255 1.6349 1.6372 1.6263 1.6106 1.5966 1.5803 1.5595 1.5354 1.5097 1.4843 1.4625 1.4467 1.436 1.4313 1.4302 1.423 1.411 1.4032 1.398 1.3926 1.3848 1.3718 1.3572 1.3414 1.3238 1.3045 1.2841 1.2605 1.2455 1.2169 1.1764 1.1411 1.1058 1.0749 1.0429 1.0131 0.98213 0.95343 0.92447 0.89626 0.87058 0.8432 0.81815 0.79317 0.7692 0.74654 0.72349 0.70205 0.67905 0.65785 0.63778 0.617 0.5991 0.58117 0.56442 0.54915 0.53316 0.5176 0.50135 0.48638 0.47208 0.45756 0.44408 0.4293 0.41534 0.4022 0.38856 0.37633 0.36655 0.35619 0.34744 0.33823 0.32825 0.31932 0.31053 0.30225 0.29415 0.28629 0.28244 0.27106 0.30329 0.33762 0.3255 0.34999 0.48107 0.67986 0.77886 0.75501 0.69313 0.61317 0.56739 
321 1.3881 1.4848 1.5556 1.5756 1.5857 1.5978 1.6083 1.6167 1.6253 1.6348 1.637 1.6261 1.6104 1.5964 1.5801 1.5593 1.5352 1.5094 1.4841 1.4623 1.4465 1.436 1.4313 1.43 1.4228 1.4109 1.4032 1.3979 1.3926 1.3848 1.3716 1.357 1.3414 1.3237 1.3043 1.2841 1.2606 1.2453 1.2165 1.1761 1.1409 1.1057 1.0748 1.0427 1.0129 0.98204 0.95341 0.92442 0.89613 0.87044 0.84309 0.81806 0.79313 0.76916 0.74648 0.72343 0.70202 0.67914 0.65796 0.63785 0.61714 0.59915 0.58125 0.56457 0.54919 0.53317 0.51764 0.50146 0.4865 0.47206 0.45762 0.44421 0.42949 0.41557 0.40221 0.38868 0.37648 0.3667 0.3565 0.34752 0.33824 0.32848 0.31959 0.31063 0.30238 0.29433 0.28647 0.28265 0.27119 0.30345 0.33774 0.32558 0.35013 0.48133 0.6803 0.77954 0.7558 0.69399 0.61426 0.56862 
321.5 1.3879 1.4846 1.5554 1.5754 1.5855 1.5975 1.6081 1.6164 1.6251 1.6346 1.6369 1.6259 1.6103 1.5961 1.5799 1.5591 1.535 1.5092 1.4838 1.4621 1.4462 1.4359 1.4313 1.4299 1.4226 1.4108 1.4031 1.3978 1.3926 1.3848 1.3713 1.3568 1.3414 1.3236 1.3041 1.284 1.2607 1.2451 1.2161 1.1758 1.1407 1.1056 1.0746 1.0425 1.0127 0.98194 0.95338 0.92438 0.89601 0.87029 0.84297 0.81797 0.79309 0.76912 0.74643 0.72338 0.70199 0.67923 0.65806 0.63792 0.61727 0.59921 0.58133 0.56472 0.54922 0.53318 0.51768 0.50156 0.48662 0.47203 0.45768 0.44434 0.42968 0.41579 0.40222 0.3888 0.37663 0.36684 0.35681 0.3476 0.33825 0.32872 0.31985 0.31074 0.30252 0.2945 0.28664 0.28285 0.27131 0.30361 0.33785 0.32565 0.35027 0.48158 0.68074 0.78022 0.75659 0.69486 0.61535 0.56985 
322 1.3877 1.4844 1.5552 1.5751 1.5853 1.5973 1.6079 1.6162 1.6249 1.6345 1.6367 1.6258 1.6101 1.5959 1.5798 1.5589 1.5347 1.5089 1.4836 1.4619 1.446 1.4358 1.4312 1.4297 1.4224 1.4107 1.403 1.3976 1.3925 1.3848 1.3711 1.3566 1.3414 1.3235 1.3039 1.2839 1.2608 1.2449 1.2157 1.1755 1.1405 1.1055 1.0745 1.0423 1.0126 0.98185 0.95336 0.92433 0.89588 0.87015 0.84286 0.81788 0.79306 0.76908 0.74637 0.72332 0.70195 0.67932 0.65816 0.63799 0.61741 0.59926 0.58141 0.56488 0.54926 0.53318 0.51772 0.50167 0.48674 0.47201 0.45774 0.44447 0.42986 0.41602 0.40223 0.38892 0.37678 0.36699 0.35711 0.34768 0.33826 0.32895 0.32012 0.31084 0.30266 0.29468 0.28682 0.28305 0.27144 0.30377 0.33796 0.32573 0.35042 0.48183 0.68118 0.78089 0.75739 0.69573 0.61644 0.57108 
322.5 1.3874 1.4841 1.5549 1.5749 1.5851 1.5971 1.6077 1.616 1.6247 1.6343 1.6365 1.6255 1.6098 1.5956 1.5796 1.5588 1.5345 1.5086 1.4835 1.4618 1.4457 1.4356 1.4311 1.4296 1.4224 1.4107 1.4029 1.3976 1.3924 1.3847 1.371 1.3564 1.3411 1.3234 1.3038 1.2839 1.2608 1.2448 1.2154 1.1752 1.1403 1.1053 1.0743 1.0422 1.0124 0.98179 0.95329 0.92422 0.89574 0.87005 0.84285 0.81786 0.79293 0.76891 0.74627 0.72329 0.70197 0.67938 0.65826 0.63806 0.61744 0.59933 0.58147 0.56496 0.54934 0.53328 0.51784 0.50175 0.48687 0.47219 0.45789 0.44457 0.4299 0.41611 0.40232 0.38912 0.37693 0.36699 0.35728 0.34777 0.33839 0.3291 0.32019 0.311 0.30274 0.29477 0.28692 0.28316 0.27159 0.30381 0.33795 0.3257 0.35037 0.48183 0.68123 0.78097 0.75742 0.69559 0.61605 0.57058 
323 1.3872 1.4839 1.5547 1.5746 1.5848 1.5969 1.6075 1.6158 1.6245 1.6341 1.6362 1.6252 1.6095 1.5954 1.5794 1.5586 1.5342 1.5083 1.4833 1.4616 1.4454 1.4354 1.4309 1.4295 1.4224 1.4107 1.4029 1.3975 1.3922 1.3844 1.371 1.3563 1.3408 1.3232 1.3038 1.2838 1.2608 1.2447 1.2152 1.1749 1.14 1.1051 1.0741 1.0421 1.0123 0.98175 0.9532 0.92409 0.89558 0.86995 0.84288 0.81787 0.79279 0.76872 0.74617 0.72325 0.702 0.67943 0.65837 0.63813 0.61744 0.59941 0.58153 0.56502 0.54942 0.53341 0.51798 0.50181 0.48701 0.47243 0.45806 0.44466 0.42991 0.41617 0.40242 0.38935 0.37709 0.36696 0.35742 0.34786 0.33855 0.32922 0.32021 0.31118 0.30281 0.29484 0.287 0.28324 0.27175 0.30381 0.33789 0.32564 0.35028 0.48176 0.68117 0.78088 0.75725 0.69518 0.61527 0.56963 
323.5 1.3869 1.4836 1.5544 1.5744 1.5846 1.5967 1.6073 1.6155 1.6243 1.6339 1.636 1.625 1.6092 1.5951 1.5792 1.5585 1.5339 1.508 1.4832 1.4615 1.4452 1.4351 1.4307 1.4293 1.4225 1.4107 1.4028 1.3975 1.3921 1.3842 1.371 1.3562 1.3404 1.3231 1.3038 1.2838 1.2608 1.2445 1.215 1.1747 1.1398 1.1049 1.074 1.0419 1.0122 0.9817 0.95312 0.92397 0.89543 0.86986 0.84291 0.81788 0.79264 0.76852 0.74606 0.72322 0.70202 0.67948 0.65847 0.6382 0.61744 0.59948 0.58159 0.56509 0.54951 0.53353 0.51812 0.50188 0.48715 0.47267 0.45823 0.44475 0.42992 0.41623 0.40253 0.38958 0.37725 0.36692 0.35755 0.34796 0.33871 0.32935 0.32024 0.31135 0.30288 0.2949 0.28708 0.28333 0.27191 0.30381 0.33784 0.32558 0.35019 0.48168 0.68111 0.78079 0.75709 0.69478 0.61449 0.56868 
324 1.3866 1.4833 1.5542 1.5742 1.5844 1.5965 1.6071 1.6153 1.6241 1.6336 1.6358 1.6247 1.6089 1.5949 1.579 1.5583 1.5336 1.5077 1.4831 1.4614 1.4449 1.4349 1.4305 1.4292 1.4225 1.4107 1.4027 1.3974 1.3919 1.384 1.371 1.3561 1.3401 1.3229 1.3037 1.2837 1.2608 1.2444 1.2147 1.1744 1.1396 1.1047 1.0738 1.0418 1.0121 0.98165 0.95303 0.92384 0.89528 0.86977 0.84293 0.81788 0.79249 0.76832 0.74595 0.72318 0.70205 0.67953 0.65857 0.63827 0.61745 0.59956 0.58165 0.56515 0.54959 0.53365 0.51827 0.50195 0.48728 0.47291 0.4584 0.44483 0.42993 0.41629 0.40263 0.38981 0.3774 0.3669 0.35769 0.34805 0.33888 0.32947 0.32027 0.31153 0.30295 0.29497 0.28715 0.28342 0.27207 0.30382 0.3378 0.32552 0.35011 0.48162 0.68107 0.78072 0.75693 0.69439 0.61373 0.56775 
324.5 1.3863 1.4831 1.5539 1.574 1.5842 1.5963 1.6069 1.6151 1.6239 1.6334 1.6356 1.6245 1.6087 1.5947 1.5788 1.5582 1.5336 1.5076 1.4829 1.4612 1.4448 1.4347 1.4305 1.4292 1.4222 1.4102 1.4024 1.3972 1.3918 1.384 1.3709 1.356 1.3399 1.3227 1.3036 1.2838 1.2609 1.2442 1.2143 1.1741 1.1393 1.1044 1.0736 1.0416 1.0119 0.98148 0.95285 0.92374 0.89528 0.86978 0.84294 0.81782 0.79239 0.76828 0.74598 0.72326 0.70212 0.67957 0.65858 0.6383 0.61754 0.59968 0.58169 0.56519 0.54963 0.53361 0.51832 0.50203 0.48733 0.473 0.45846 0.44499 0.43017 0.41649 0.40279 0.38984 0.37744 0.36713 0.35787 0.34822 0.33909 0.32951 0.32049 0.31167 0.30308 0.2952 0.28721 0.28357 0.27223 0.30405 0.33815 0.32601 0.35073 0.48233 0.68178 0.78129 0.75731 0.69466 0.61394 0.5679 
325 1.386 1.4828 1.5537 1.5738 1.584 1.596 1.6067 1.6149 1.6237 1.6333 1.6354 1.6243 1.6085 1.5946 1.5786 1.558 1.5335 1.5075 1.4826 1.461 1.4447 1.4345 1.4305 1.4292 1.4219 1.4098 1.4021 1.397 1.3917 1.3839 1.3708 1.3559 1.3398 1.3224 1.3034 1.2839 1.261 1.2441 1.2139 1.1737 1.139 1.1042 1.0733 1.0414 1.0118 0.98132 0.95267 0.92364 0.89528 0.86979 0.84295 0.81776 0.79228 0.76823 0.746 0.72333 0.70219 0.67961 0.65859 0.63832 0.61763 0.5998 0.58172 0.56523 0.54967 0.53356 0.51838 0.50212 0.48737 0.4731 0.45851 0.44514 0.43041 0.41668 0.40295 0.38988 0.37749 0.36736 0.35806 0.34839 0.3393 0.32955 0.32071 0.3118 0.30322 0.29543 0.28727 0.28373 0.2724 0.30429 0.3385 0.32649 0.35135 0.48303 0.68248 0.78186 0.75769 0.69494 0.61415 0.56805 
325.5 1.3857 1.4826 1.5535 1.5736 1.5838 1.5958 1.6065 1.6147 1.6235 1.6331 1.6352 1.624 1.6083 1.5944 1.5783 1.5579 1.5334 1.5073 1.4824 1.4608 1.4446 1.4344 1.4306 1.4293 1.4215 1.4094 1.4017 1.3968 1.3915 1.3838 1.3707 1.3557 1.3397 1.3222 1.3032 1.2839 1.2611 1.244 1.2134 1.1734 1.1388 1.1039 1.0731 1.0412 1.0116 0.98115 0.95249 0.92355 0.89528 0.8698 0.84296 0.8177 0.79218 0.76818 0.74603 0.72341 0.70226 0.67964 0.65861 0.63835 0.61772 0.59992 0.58175 0.56527 0.54971 0.53352 0.51843 0.5022 0.48742 0.47319 0.45857 0.44529 0.43065 0.41687 0.40311 0.38992 0.37753 0.36759 0.35825 0.34856 0.33952 0.32959 0.32092 0.31194 0.30336 0.29565 0.28733 0.28388 0.27257 0.30453 0.33886 0.32698 0.35197 0.48373 0.68318 0.78244 0.75806 0.69522 0.61436 0.5682 
326 1.3855 1.4823 1.5533 1.5734 1.5836 1.5956 1.6062 1.6145 1.6233 1.6329 1.635 1.6238 1.6081 1.5942 1.5781 1.5577 1.5333 1.5072 1.4822 1.4606 1.4445 1.4342 1.4305 1.4292 1.4213 1.4091 1.4015 1.3966 1.3914 1.3837 1.3707 1.3557 1.3396 1.322 1.3031 1.284 1.2612 1.2438 1.213 1.1731 1.1385 1.1037 1.0729 1.041 1.0114 0.98095 0.95228 0.92343 0.89526 0.86977 0.84292 0.81764 0.7921 0.76815 0.74604 0.72346 0.70229 0.67965 0.65861 0.63838 0.61782 0.60002 0.58181 0.56533 0.54977 0.53353 0.5185 0.50232 0.48749 0.47329 0.45866 0.44542 0.43084 0.41703 0.40327 0.38997 0.37762 0.3678 0.35839 0.3487 0.33967 0.32966 0.3211 0.31209 0.3035 0.29583 0.28742 0.28402 0.27271 0.30472 0.33911 0.3273 0.35236 0.48416 0.68363 0.78285 0.75841 0.6955 0.61456 0.56834 
326.5 1.3853 1.4821 1.553 1.5731 1.5833 1.5954 1.606 1.6142 1.6231 1.6326 1.6347 1.6236 1.6079 1.594 1.5779 1.5574 1.5331 1.5072 1.482 1.4603 1.4444 1.4342 1.4301 1.4287 1.4212 1.4093 1.4016 1.3965 1.3912 1.3835 1.3705 1.3557 1.3396 1.3221 1.3033 1.284 1.2612 1.2436 1.2127 1.1729 1.1383 1.1034 1.0728 1.0409 1.0112 0.98065 0.95199 0.92326 0.89519 0.86958 0.84275 0.81759 0.79213 0.76817 0.74601 0.72344 0.70222 0.67957 0.65858 0.63844 0.61794 0.60007 0.58194 0.56548 0.54991 0.53369 0.5186 0.50253 0.48765 0.47341 0.45884 0.44547 0.43086 0.4171 0.40341 0.39007 0.37785 0.36793 0.35842 0.34877 0.33965 0.32983 0.32115 0.31228 0.30367 0.29588 0.2876 0.28413 0.27278 0.30475 0.33907 0.32714 0.35205 0.48376 0.68329 0.78279 0.75868 0.6958 0.61471 0.56845 
327 1.3851 1.4819 1.5528 1.5728 1.5831 1.5952 1.6058 1.614 1.6228 1.6324 1.6344 1.6233 1.6077 1.5938 1.5777 1.5571 1.5329 1.5072 1.4819 1.46 1.4443 1.4341 1.4298 1.4283 1.4211 1.4094 1.4017 1.3965 1.391 1.3833 1.3703 1.3557 1.3397 1.3222 1.3035 1.284 1.2612 1.2434 1.2124 1.1728 1.1381 1.1031 1.0726 1.0409 1.011 0.98036 0.9517 0.9231 0.89511 0.8694 0.84258 0.81754 0.79215 0.76819 0.74598 0.72342 0.70214 0.67949 0.65855 0.63849 0.61806 0.60011 0.58206 0.56563 0.55005 0.53385 0.5187 0.50275 0.48781 0.47352 0.45903 0.44551 0.43089 0.41716 0.40355 0.39017 0.37809 0.36805 0.35845 0.34884 0.33963 0.32999 0.32119 0.31247 0.30383 0.29592 0.28778 0.28424 0.27286 0.30478 0.33903 0.32697 0.35174 0.48335 0.68295 0.78273 0.75895 0.69609 0.61486 0.56856 
327.5 1.3849 1.4816 1.5525 1.5726 1.5828 1.5949 1.6055 1.6138 1.6226 1.6321 1.6342 1.6231 1.6075 1.5936 1.5774 1.5568 1.5327 1.5071 1.4817 1.4597 1.4443 1.434 1.4295 1.4279 1.421 1.4096 1.4017 1.3964 1.3908 1.383 1.3702 1.3557 1.3397 1.3224 1.3036 1.284 1.2612 1.2432 1.2121 1.1726 1.1378 1.1029 1.0725 1.0408 1.0108 0.98006 0.95141 0.92293 0.89503 0.86922 0.84241 0.8175 0.79217 0.76821 0.74595 0.7234 0.70207 0.67942 0.65853 0.63855 0.61818 0.60016 0.58219 0.56578 0.55019 0.53402 0.5188 0.50296 0.48797 0.47363 0.45921 0.44556 0.43091 0.41723 0.40369 0.39027 0.37832 0.36818 0.35848 0.34891 0.33961 0.33016 0.32124 0.31266 0.30399 0.29596 0.28796 0.28435 0.27293 0.30482 0.33898 0.32681 0.35143 0.48295 0.6826 0.78266 0.75921 0.69639 0.61501 0.56866 
328 1.3846 1.4814 1.5523 1.5724 1.5826 1.5947 1.6053 1.6135 1.6224 1.6319 1.634 1.6229 1.6073 1.5934 1.5772 1.5565 1.5325 1.507 1.4815 1.4596 1.4442 1.4339 1.4292 1.4277 1.4209 1.4096 1.4017 1.3962 1.3906 1.3829 1.3701 1.3556 1.3398 1.3224 1.3038 1.2841 1.2612 1.2431 1.2118 1.1723 1.1375 1.1027 1.0723 1.0406 1.0107 0.97992 0.95126 0.92277 0.89491 0.8691 0.84231 0.81745 0.79216 0.7682 0.74585 0.72326 0.70198 0.67938 0.65854 0.6386 0.61819 0.60014 0.58225 0.56586 0.5503 0.53418 0.51892 0.50308 0.48809 0.47372 0.45935 0.44563 0.43102 0.41733 0.40385 0.3904 0.37846 0.36829 0.35853 0.34904 0.33963 0.33029 0.32133 0.31277 0.30415 0.29603 0.28809 0.28442 0.27297 0.30486 0.33898 0.32673 0.35131 0.4828 0.68245 0.78255 0.75921 0.69645 0.61497 0.56854 
328.5 1.3844 1.4812 1.5521 1.5721 1.5824 1.5945 1.6051 1.6134 1.6222 1.6317 1.6338 1.6227 1.6071 1.5933 1.577 1.5563 1.5323 1.5068 1.4814 1.4596 1.4441 1.4337 1.429 1.4275 1.4208 1.4095 1.4016 1.396 1.3904 1.3828 1.3699 1.3554 1.3397 1.3225 1.3039 1.2842 1.2614 1.243 1.2114 1.1719 1.1372 1.1026 1.0721 1.0403 1.0105 0.97994 0.95127 0.92262 0.89475 0.86907 0.8423 0.8174 0.79212 0.76816 0.74568 0.723 0.70187 0.67939 0.65858 0.63863 0.61808 0.60005 0.58222 0.56588 0.55038 0.53433 0.51906 0.50309 0.48815 0.47377 0.45945 0.44572 0.4312 0.41746 0.40403 0.39056 0.37849 0.3684 0.35858 0.34923 0.33969 0.3304 0.32148 0.3128 0.30429 0.29612 0.28817 0.28444 0.27297 0.30492 0.33903 0.32676 0.35138 0.48295 0.68251 0.78238 0.75891 0.69625 0.61473 0.56816 
329 1.3842 1.4809 1.5518 1.5719 1.5822 1.5943 1.6049 1.6132 1.622 1.6315 1.6336 1.6225 1.6069 1.5931 1.5768 1.556 1.5322 1.5067 1.4813 1.4597 1.444 1.4336 1.4288 1.4274 1.4207 1.4094 1.4015 1.3958 1.3903 1.3827 1.3698 1.3553 1.3397 1.3226 1.304 1.2844 1.2616 1.243 1.2111 1.1715 1.137 1.1025 1.0719 1.04 1.0104 0.97996 0.95128 0.92247 0.89458 0.86903 0.84228 0.81736 0.79208 0.76813 0.74552 0.72274 0.70177 0.6794 0.65863 0.63867 0.61798 0.59995 0.58219 0.56589 0.55046 0.53449 0.51919 0.5031 0.4882 0.47383 0.45955 0.44582 0.43139 0.4176 0.40421 0.39073 0.37852 0.36851 0.35863 0.34941 0.33975 0.33051 0.32162 0.31283 0.30443 0.29621 0.28824 0.28447 0.27296 0.30498 0.33907 0.32679 0.35146 0.48309 0.68258 0.7822 0.75861 0.69605 0.61449 0.56778 
329.5 1.3839 1.4807 1.5516 1.5717 1.582 1.5941 1.6047 1.613 1.6219 1.6314 1.6334 1.6223 1.6067 1.593 1.5767 1.5558 1.532 1.5065 1.4812 1.4597 1.4439 1.4334 1.4286 1.4273 1.4206 1.4094 1.4015 1.3955 1.3901 1.3827 1.3697 1.3551 1.3396 1.3226 1.3042 1.2845 1.2618 1.2429 1.2107 1.171 1.1367 1.1023 1.0717 1.0397 1.0102 0.97998 0.95129 0.92232 0.89441 0.869 0.84226 0.81731 0.79204 0.76809 0.74535 0.72248 0.70166 0.67941 0.65868 0.63871 0.61787 0.59986 0.58217 0.56591 0.55054 0.53464 0.51933 0.50311 0.48826 0.47388 0.45965 0.44591 0.43158 0.41774 0.4044 0.39089 0.37855 0.36862 0.35868 0.3496 0.33982 0.33061 0.32177 0.31286 0.30457 0.2963 0.28832 0.28449 0.27296 0.30504 0.33912 0.32681 0.35153 0.48324 0.68264 0.78203 0.75831 0.69585 0.61425 0.56741 
330 1.3837 1.4805 1.5514 1.5715 1.5817 1.5938 1.6044 1.6128 1.6216 1.6312 1.6333 1.6221 1.6065 1.5927 1.5764 1.5557 1.5318 1.5062 1.481 1.4596 1.4437 1.4331 1.4284 1.4272 1.4205 1.4093 1.4014 1.3954 1.3901 1.3826 1.3697 1.3551 1.3397 1.3227 1.3042 1.2846 1.2619 1.2427 1.2103 1.1707 1.1364 1.1021 1.0714 1.0395 1.0101 0.97988 0.9512 0.9222 0.89422 0.86888 0.84222 0.81728 0.79205 0.76817 0.74537 0.72245 0.7017 0.67944 0.65866 0.63866 0.61791 0.60001 0.58228 0.56602 0.55065 0.5347 0.51941 0.50321 0.48834 0.47393 0.45967 0.44602 0.43169 0.41785 0.4045 0.39101 0.37868 0.3687 0.35882 0.34975 0.33993 0.33075 0.3219 0.31293 0.30463 0.29637 0.28839 0.28459 0.27307 0.30507 0.33913 0.32683 0.35153 0.48321 0.68258 0.7819 0.75814 0.69571 0.61412 0.56727 
330.5 1.3835 1.4802 1.5511 1.5712 1.5815 1.5936 1.6042 1.6125 1.6214 1.631 1.6331 1.6219 1.6063 1.5924 1.5762 1.5555 1.5316 1.506 1.4808 1.4595 1.4434 1.4329 1.4282 1.427 1.4203 1.4091 1.4013 1.3955 1.39 1.3826 1.3697 1.3552 1.3398 1.3227 1.3041 1.2846 1.262 1.2425 1.2098 1.1703 1.1361 1.1017 1.0711 1.0393 1.01 0.97971 0.95108 0.92209 0.89402 0.86873 0.84216 0.81724 0.7921 0.7683 0.74548 0.72252 0.7018 0.67949 0.65862 0.63858 0.61802 0.60026 0.58244 0.56619 0.55077 0.53473 0.51945 0.50335 0.48843 0.47397 0.45967 0.44613 0.43175 0.41796 0.40457 0.3911 0.37885 0.36876 0.359 0.34989 0.34008 0.33089 0.32202 0.31302 0.30465 0.29643 0.28845 0.28473 0.27322 0.30508 0.33913 0.32684 0.35149 0.48312 0.68247 0.78179 0.75803 0.69559 0.61404 0.56723 
331 1.3832 1.48 1.5509 1.571 1.5813 1.5934 1.604 1.6123 1.6212 1.6308 1.6329 1.6217 1.6061 1.5921 1.5759 1.5554 1.5315 1.5057 1.4806 1.4593 1.4432 1.4326 1.428 1.4269 1.4202 1.409 1.4012 1.3955 1.39 1.3825 1.3697 1.3553 1.3399 1.3228 1.3041 1.2846 1.262 1.2423 1.2093 1.17 1.1358 1.1014 1.0708 1.0391 1.0098 0.97955 0.95095 0.92198 0.89381 0.86858 0.84211 0.81721 0.79214 0.76843 0.74558 0.72259 0.7019 0.67954 0.65858 0.6385 0.61812 0.60051 0.58261 0.56635 0.55089 0.53475 0.5195 0.50349 0.48853 0.47401 0.45966 0.44624 0.43182 0.41807 0.40463 0.39119 0.37902 0.36883 0.35918 0.35002 0.34022 0.33104 0.32215 0.31311 0.30467 0.29649 0.28852 0.28487 0.27337 0.30509 0.33913 0.32685 0.35145 0.48302 0.68236 0.78169 0.75792 0.69548 0.61397 0.5672 
331.5 1.383 1.4797 1.5506 1.5707 1.5811 1.5932 1.6038 1.612 1.621 1.6307 1.6328 1.6215 1.6059 1.5919 1.5757 1.5552 1.5313 1.5054 1.4804 1.4592 1.4429 1.4323 1.4279 1.4267 1.4201 1.4088 1.4012 1.3955 1.39 1.3825 1.3698 1.3554 1.34 1.3228 1.3041 1.2845 1.2621 1.242 1.2088 1.1696 1.1355 1.101 1.0705 1.0389 1.0097 0.97939 0.95083 0.92187 0.89361 0.86843 0.84206 0.81718 0.79219 0.76855 0.74569 0.72266 0.702 0.67958 0.65853 0.63842 0.61823 0.60076 0.58278 0.56651 0.55101 0.53478 0.51955 0.50363 0.48862 0.47406 0.45966 0.44635 0.43189 0.41817 0.4047 0.39129 0.37919 0.3689 0.35936 0.35016 0.34036 0.33118 0.32227 0.3132 0.30469 0.29654 0.28858 0.28501 0.27352 0.3051 0.33914 0.32687 0.35141 0.48293 0.68224 0.78158 0.75781 0.69536 0.61389 0.56716 
332 1.3827 1.4795 1.5504 1.5705 1.5809 1.593 1.6036 1.6119 1.6208 1.6304 1.6325 1.6214 1.6058 1.5917 1.5756 1.5551 1.531 1.5052 1.4802 1.4589 1.4428 1.4323 1.4279 1.4267 1.4199 1.4086 1.401 1.3954 1.3899 1.3824 1.3697 1.3553 1.3399 1.3228 1.3041 1.2846 1.2622 1.2419 1.2084 1.1692 1.1352 1.1008 1.0703 1.0387 1.0094 0.97918 0.95068 0.92179 0.89359 0.86835 0.84188 0.81709 0.79208 0.76839 0.74575 0.72282 0.70206 0.67961 0.65863 0.63858 0.61835 0.60079 0.58281 0.56657 0.55105 0.53486 0.51963 0.50371 0.48877 0.47427 0.45988 0.44646 0.43202 0.41825 0.40486 0.39126 0.37924 0.36904 0.35937 0.35033 0.3404 0.33136 0.32248 0.31326 0.30476 0.29663 0.28866 0.2851 0.27363 0.30522 0.3393 0.32711 0.3517 0.48322 0.68254 0.78185 0.75791 0.6952 0.61365 0.56698 
332.5 1.3825 1.4792 1.5502 1.5703 1.5806 1.5928 1.6034 1.6117 1.6206 1.6302 1.6323 1.6212 1.6057 1.5916 1.5755 1.555 1.5308 1.5049 1.4799 1.4586 1.4427 1.4322 1.4279 1.4267 1.4197 1.4083 1.4008 1.3954 1.3899 1.3824 1.3695 1.3552 1.3398 1.3228 1.3041 1.2846 1.2624 1.2418 1.208 1.1688 1.1349 1.1007 1.0701 1.0385 1.0091 0.97896 0.95053 0.92171 0.89358 0.86826 0.84169 0.817 0.79195 0.7682 0.74581 0.72298 0.70212 0.67963 0.65873 0.63876 0.61847 0.6008 0.58283 0.56663 0.55109 0.53494 0.51971 0.50378 0.48894 0.4745 0.46011 0.44659 0.43215 0.41832 0.40503 0.39122 0.37927 0.36919 0.35936 0.3505 0.34044 0.33153 0.32269 0.31332 0.30483 0.29671 0.28875 0.28518 0.27373 0.30536 0.33949 0.32737 0.35202 0.48355 0.68286 0.78214 0.75803 0.69504 0.61341 0.56678 
333 1.3823 1.479 1.5499 1.5701 1.5804 1.5926 1.6032 1.6115 1.6205 1.63 1.632 1.621 1.6055 1.5915 1.5754 1.5549 1.5306 1.5047 1.4796 1.4583 1.4426 1.4322 1.428 1.4267 1.4195 1.408 1.4006 1.3953 1.3898 1.3823 1.3694 1.355 1.3397 1.3229 1.3042 1.2846 1.2625 1.2417 1.2076 1.1685 1.1347 1.1005 1.07 1.0382 1.0088 0.97875 0.95038 0.92163 0.89358 0.86818 0.8415 0.81691 0.79182 0.76801 0.74587 0.72315 0.70219 0.67966 0.65883 0.63894 0.6186 0.60082 0.58286 0.56668 0.55113 0.53502 0.5198 0.50385 0.4891 0.47473 0.46034 0.44671 0.43228 0.41839 0.40521 0.39118 0.37931 0.36933 0.35935 0.35068 0.34047 0.33171 0.32291 0.31337 0.30489 0.2968 0.28883 0.28526 0.27384 0.30549 0.33967 0.32763 0.35234 0.48388 0.68319 0.78244 0.75815 0.69488 0.61316 0.56659 
333.5 1.382 1.4788 1.5497 1.5699 1.5802 1.5924 1.603 1.6113 1.6203 1.6298 1.6318 1.6209 1.6054 1.5914 1.5753 1.5548 1.5303 1.5045 1.4794 1.458 1.4425 1.4321 1.428 1.4267 1.4193 1.4078 1.4004 1.3952 1.3898 1.3823 1.3693 1.3549 1.3397 1.3229 1.3042 1.2846 1.2626 1.2416 1.2072 1.1681 1.1344 1.1003 1.0698 1.038 1.0086 0.97853 0.95024 0.92153 0.89355 0.8681 0.84133 0.81683 0.79172 0.76787 0.74593 0.7233 0.70225 0.67969 0.65892 0.6391 0.6187 0.60083 0.58288 0.56673 0.55119 0.5351 0.51988 0.50393 0.48925 0.47493 0.46054 0.44682 0.4324 0.41847 0.40535 0.39118 0.37936 0.36947 0.35937 0.35083 0.34053 0.33187 0.32309 0.31345 0.30498 0.29689 0.28892 0.28536 0.27395 0.30563 0.33983 0.32786 0.35264 0.4842 0.68351 0.78271 0.75823 0.6947 0.6129 0.56638 
334 1.3818 1.4785 1.5495 1.5696 1.58 1.5921 1.6028 1.6111 1.6201 1.6296 1.6316 1.6207 1.6052 1.5912 1.575 1.5545 1.5302 1.5043 1.4793 1.4579 1.4422 1.432 1.4277 1.4264 1.4193 1.4079 1.4003 1.395 1.3897 1.3823 1.3693 1.3548 1.3398 1.323 1.3043 1.2847 1.2628 1.2415 1.2068 1.1678 1.1341 1.0999 1.0695 1.0378 1.0084 0.97831 0.95008 0.92134 0.89341 0.86801 0.84129 0.81683 0.79173 0.76795 0.74601 0.72334 0.70234 0.67977 0.65895 0.63915 0.61866 0.60086 0.58293 0.56671 0.55135 0.5352 0.51999 0.50409 0.48934 0.47501 0.46061 0.4469 0.43246 0.41864 0.40535 0.39139 0.37951 0.36955 0.35959 0.35087 0.34073 0.33193 0.32312 0.31362 0.30518 0.29702 0.28906 0.28549 0.27412 0.3058 0.33989 0.32791 0.35281 0.48453 0.68382 0.78283 0.75814 0.69442 0.61258 0.5661 
334.5 1.3816 1.4783 1.5493 1.5694 1.5798 1.5919 1.6026 1.6109 1.6198 1.6294 1.6314 1.6205 1.6051 1.591 1.5748 1.5542 1.53 1.5042 1.4793 1.4578 1.442 1.4319 1.4275 1.4261 1.4193 1.408 1.4002 1.3948 1.3895 1.3823 1.3693 1.3548 1.3399 1.3231 1.3043 1.2848 1.263 1.2414 1.2063 1.1675 1.1338 1.0996 1.0692 1.0376 1.0082 0.97808 0.94992 0.92115 0.89328 0.86793 0.84125 0.81684 0.79174 0.76803 0.74608 0.72338 0.70243 0.67985 0.65898 0.63921 0.61862 0.60089 0.58298 0.56669 0.55151 0.53531 0.5201 0.50426 0.48942 0.47509 0.46067 0.44699 0.43252 0.41881 0.40536 0.3916 0.37965 0.36963 0.3598 0.35091 0.34092 0.33199 0.32315 0.31379 0.30537 0.29715 0.2892 0.28562 0.27429 0.30597 0.33996 0.32796 0.35298 0.48486 0.68414 0.78295 0.75805 0.69415 0.61226 0.56583 
335 1.3814 1.4781 1.549 1.5692 1.5795 1.5917 1.6023 1.6107 1.6196 1.6292 1.6312 1.6204 1.6049 1.5908 1.5745 1.5538 1.5298 1.5041 1.4792 1.4578 1.4418 1.4318 1.4273 1.4258 1.4193 1.4081 1.4001 1.3945 1.3894 1.3824 1.3693 1.3547 1.3399 1.3231 1.3044 1.285 1.2631 1.2414 1.2059 1.1672 1.1335 1.0992 1.0688 1.0374 1.008 0.97786 0.94977 0.92096 0.89314 0.86784 0.84121 0.81684 0.79176 0.76811 0.74616 0.72343 0.70252 0.67992 0.65901 0.63926 0.61858 0.60092 0.58302 0.56668 0.55167 0.53541 0.52021 0.50442 0.48951 0.47516 0.46074 0.44707 0.43258 0.41898 0.40536 0.39181 0.3798 0.36971 0.36001 0.35095 0.34112 0.33205 0.32318 0.31397 0.30557 0.29727 0.28934 0.28576 0.27446 0.30614 0.34002 0.32802 0.35315 0.48519 0.68445 0.78308 0.75796 0.69387 0.61194 0.56555 
335.5 1.3812 1.4778 1.5488 1.569 1.5793 1.5915 1.6021 1.6105 1.6194 1.629 1.631 1.6202 1.6047 1.5906 1.5743 1.5536 1.5296 1.504 1.4791 1.4576 1.4416 1.4317 1.4271 1.4256 1.4192 1.408 1.4 1.3944 1.3894 1.3824 1.3693 1.3547 1.34 1.3232 1.3045 1.2851 1.2633 1.2412 1.2055 1.1669 1.1332 1.0989 1.0685 1.0371 1.0078 0.97768 0.94963 0.92083 0.893 0.86775 0.84118 0.8168 0.79177 0.76818 0.74619 0.72345 0.70258 0.67996 0.65903 0.63928 0.61858 0.60094 0.58305 0.5667 0.55174 0.53552 0.52034 0.50453 0.48959 0.47522 0.46079 0.44717 0.43268 0.41911 0.40541 0.39194 0.37987 0.3698 0.36018 0.351 0.34129 0.33209 0.3232 0.31413 0.30568 0.29737 0.28944 0.28583 0.27454 0.30621 0.34002 0.32796 0.35306 0.48512 0.6844 0.78302 0.75793 0.69389 0.61193 0.5655 
336 1.381 1.4776 1.5486 1.5688 1.5791 1.5913 1.602 1.6103 1.6193 1.6289 1.6309 1.6199 1.6044 1.5903 1.5741 1.5534 1.5294 1.5038 1.4789 1.4574 1.4415 1.4315 1.4272 1.4256 1.4189 1.4077 1.3998 1.3945 1.3896 1.3823 1.3692 1.3547 1.3399 1.3233 1.3047 1.2853 1.2635 1.2409 1.205 1.1665 1.1329 1.0986 1.0682 1.0368 1.0076 0.97755 0.94951 0.92079 0.89287 0.86766 0.84116 0.81668 0.79177 0.76825 0.74616 0.72344 0.70258 0.67993 0.65902 0.63923 0.61863 0.60096 0.58304 0.56678 0.55166 0.53564 0.52049 0.50456 0.48966 0.47524 0.46084 0.44728 0.43286 0.41919 0.40553 0.39196 0.37983 0.3699 0.36027 0.35107 0.34143 0.33208 0.32319 0.31427 0.30567 0.29741 0.28947 0.2858 0.27449 0.30612 0.33992 0.32772 0.35256 0.48441 0.68377 0.78269 0.75799 0.69439 0.61243 0.56579 
336.5 1.3807 1.4774 1.5484 1.5686 1.5789 1.5911 1.6018 1.6102 1.6191 1.6288 1.6308 1.6197 1.6041 1.5901 1.5738 1.5532 1.5293 1.5037 1.4786 1.4572 1.4413 1.4314 1.4273 1.4255 1.4186 1.4074 1.3996 1.3945 1.3898 1.3822 1.3691 1.3547 1.3399 1.3234 1.3049 1.2856 1.2637 1.2407 1.2045 1.1661 1.1326 1.0983 1.0679 1.0365 1.0074 0.97743 0.9494 0.92075 0.89273 0.86756 0.84114 0.81656 0.79178 0.76831 0.74613 0.72342 0.70258 0.67991 0.65902 0.63918 0.61869 0.60097 0.58304 0.56686 0.55159 0.53576 0.52064 0.50458 0.48973 0.47526 0.46088 0.44739 0.43303 0.41926 0.40565 0.39198 0.37979 0.37 0.36036 0.35113 0.34156 0.33208 0.32319 0.31441 0.30566 0.29746 0.2895 0.28578 0.27443 0.30603 0.33982 0.32749 0.35206 0.48369 0.68315 0.78235 0.75805 0.69488 0.61293 0.56608 
337 1.3805 1.4772 1.5482 1.5683 1.5787 1.5909 1.6016 1.61 1.619 1.6286 1.6307 1.6195 1.6039 1.5898 1.5736 1.553 1.5291 1.5036 1.4784 1.457 1.4412 1.4312 1.4273 1.4254 1.4184 1.4071 1.3994 1.3946 1.39 1.3822 1.369 1.3547 1.3398 1.3235 1.3051 1.2858 1.2638 1.2404 1.204 1.1657 1.1323 1.098 1.0675 1.0361 1.0071 0.97731 0.94929 0.92072 0.8926 0.86747 0.84112 0.81644 0.79178 0.76838 0.7461 0.72341 0.70257 0.67988 0.65901 0.63913 0.61874 0.60099 0.58303 0.56694 0.55151 0.53588 0.52079 0.50461 0.4898 0.47528 0.46092 0.4475 0.4332 0.41933 0.40577 0.392 0.37975 0.37009 0.36045 0.35119 0.3417 0.33207 0.32318 0.31455 0.30566 0.2975 0.28953 0.28575 0.27438 0.30593 0.33972 0.32726 0.35156 0.48298 0.68252 0.78201 0.7581 0.69538 0.61343 0.56638 
337.5 1.3803 1.477 1.548 1.5681 1.5785 1.5908 1.6014 1.6098 1.6188 1.6284 1.6305 1.6193 1.6037 1.5897 1.5734 1.5527 1.5288 1.5034 1.4782 1.4569 1.4411 1.4311 1.4272 1.4254 1.4182 1.407 1.3993 1.3946 1.39 1.3821 1.369 1.3548 1.3397 1.3235 1.3053 1.2861 1.264 1.2402 1.2035 1.1653 1.132 1.0978 1.0673 1.0359 1.0069 0.97713 0.94909 0.92057 0.89247 0.86737 0.84109 0.81641 0.79173 0.76834 0.74605 0.72338 0.70257 0.67993 0.65908 0.63916 0.61881 0.60107 0.58308 0.567 0.55156 0.53594 0.52088 0.50469 0.48988 0.47533 0.46096 0.44761 0.43326 0.41937 0.40587 0.39216 0.37994 0.37017 0.36053 0.35129 0.34177 0.33221 0.32326 0.3146 0.30577 0.29759 0.28959 0.28577 0.27442 0.30603 0.33982 0.32736 0.35168 0.4831 0.68262 0.78218 0.75842 0.69588 0.61401 0.56694 
338 1.3801 1.4768 1.5478 1.5679 1.5783 1.5906 1.6013 1.6096 1.6186 1.6282 1.6303 1.6192 1.6036 1.5895 1.5733 1.5525 1.5285 1.5031 1.478 1.4567 1.441 1.4309 1.4269 1.4252 1.4182 1.407 1.3993 1.3945 1.3898 1.3821 1.3692 1.3549 1.3396 1.3233 1.3054 1.2863 1.2643 1.2401 1.2032 1.165 1.1317 1.0975 1.0671 1.0358 1.0068 0.9769 0.94884 0.92036 0.89235 0.86726 0.84106 0.81643 0.79165 0.76824 0.74599 0.72333 0.70257 0.68002 0.65919 0.63925 0.61889 0.60121 0.58317 0.56704 0.55169 0.53596 0.52092 0.50481 0.48997 0.4754 0.461 0.44772 0.43324 0.41938 0.40598 0.39243 0.38026 0.37022 0.3606 0.35143 0.3418 0.33243 0.32339 0.3146 0.30596 0.29769 0.28966 0.28581 0.27453 0.30624 0.34004 0.32768 0.35219 0.48376 0.68317 0.78266 0.75891 0.69638 0.61463 0.56768 
338.5 1.38 1.4766 1.5475 1.5677 1.5781 1.5904 1.6011 1.6094 1.6184 1.6279 1.63 1.6191 1.6035 1.5894 1.5731 1.5522 1.5282 1.5028 1.4779 1.4566 1.4409 1.4307 1.4266 1.4251 1.4182 1.407 1.3993 1.3945 1.3897 1.382 1.3693 1.355 1.3394 1.3232 1.3055 1.2866 1.2645 1.24 1.2028 1.1646 1.1314 1.0973 1.0669 1.0356 1.0066 0.97668 0.94859 0.92014 0.89223 0.86716 0.84103 0.81645 0.79156 0.76814 0.74593 0.72328 0.70256 0.68011 0.65931 0.63933 0.61897 0.60134 0.58327 0.56709 0.55182 0.53597 0.52097 0.50493 0.49006 0.47547 0.46103 0.44782 0.43322 0.41939 0.40608 0.39269 0.38059 0.37028 0.36066 0.35157 0.34183 0.33265 0.32352 0.3146 0.30615 0.2978 0.28974 0.28586 0.27464 0.30644 0.34027 0.328 0.35271 0.48441 0.68373 0.78314 0.7594 0.69688 0.61526 0.56841 
339 1.3798 1.4764 1.5473 1.5675 1.5779 1.5902 1.6009 1.6093 1.6181 1.6277 1.6298 1.6189 1.6034 1.5892 1.5729 1.552 1.5279 1.5025 1.4777 1.4565 1.4408 1.4306 1.4262 1.425 1.4181 1.4069 1.3994 1.3944 1.3895 1.382 1.3695 1.3551 1.3393 1.3231 1.3056 1.2869 1.2648 1.2399 1.2024 1.1642 1.1311 1.0971 1.0667 1.0355 1.0065 0.97646 0.94835 0.91993 0.89211 0.86705 0.84099 0.81648 0.79148 0.76803 0.74587 0.72323 0.70256 0.68021 0.65942 0.63941 0.61905 0.60148 0.58336 0.56713 0.55194 0.53599 0.52101 0.50505 0.49015 0.47553 0.46107 0.44793 0.4332 0.4194 0.40619 0.39295 0.38092 0.37034 0.36073 0.3517 0.34186 0.33288 0.32365 0.31459 0.30634 0.2979 0.28981 0.2859 0.27475 0.30665 0.34049 0.32831 0.35322 0.48506 0.68429 0.78362 0.75989 0.69737 0.61589 0.56915 
339.5 1.3796 1.4763 1.5472 1.5674 1.5778 1.59 1.6008 1.6091 1.618 1.6276 1.6297 1.6188 1.6032 1.589 1.5728 1.5519 1.5278 1.5023 1.4776 1.4564 1.4407 1.4304 1.426 1.425 1.4182 1.407 1.3993 1.3944 1.3895 1.382 1.3695 1.3552 1.3396 1.323 1.3059 1.2864 1.2657 1.24 1.2013 1.1639 1.1304 1.0971 1.0662 1.0353 1.0062 0.97639 0.94826 0.9198 0.89216 0.86688 0.84087 0.81637 0.79146 0.76801 0.74581 0.72325 0.70253 0.68028 0.65951 0.63944 0.61909 0.60151 0.58344 0.56721 0.55202 0.53606 0.52111 0.50512 0.49019 0.47571 0.46127 0.44802 0.43337 0.41962 0.40623 0.39301 0.38092 0.37046 0.36095 0.35186 0.34203 0.33296 0.32373 0.31466 0.30644 0.29804 0.29 0.28615 0.27497 0.30685 0.34069 0.3285 0.35347 0.48547 0.68478 0.78402 0.76008 0.69732 0.61567 0.56889 
340 1.3794 1.4761 1.547 1.5672 1.5777 1.5899 1.6006 1.609 1.618 1.6275 1.6296 1.6187 1.603 1.5888 1.5727 1.5519 1.5278 1.5021 1.4775 1.4564 1.4406 1.4302 1.4258 1.4249 1.4184 1.4071 1.3993 1.3944 1.3895 1.3821 1.3695 1.3552 1.3399 1.3228 1.3063 1.2858 1.2668 1.2401 1.2 1.1635 1.1296 1.0971 1.0657 1.0351 1.006 0.97635 0.94821 0.9197 0.89225 0.86669 0.84072 0.81624 0.79145 0.76801 0.74575 0.72327 0.70248 0.68036 0.65959 0.63945 0.61913 0.60153 0.58352 0.5673 0.55209 0.53615 0.52122 0.50517 0.49022 0.47592 0.4615 0.44811 0.43357 0.41987 0.40627 0.39303 0.38086 0.37059 0.3612 0.35202 0.34222 0.33302 0.3238 0.31475 0.30652 0.29817 0.2902 0.28644 0.27522 0.30705 0.3409 0.32865 0.35367 0.48584 0.68527 0.78441 0.76021 0.69716 0.61529 0.56843 
340.5 1.3792 1.476 1.5469 1.5671 1.5775 1.5898 1.6005 1.6089 1.6179 1.6275 1.6295 1.6186 1.6028 1.5886 1.5726 1.5518 1.5277 1.502 1.4773 1.4564 1.4405 1.43 1.4256 1.4248 1.4185 1.4071 1.3993 1.3944 1.3895 1.3822 1.3695 1.3552 1.3403 1.3227 1.3066 1.2851 1.2678 1.2402 1.1988 1.1632 1.1288 1.0972 1.0652 1.0349 1.0057 0.97631 0.94816 0.91959 0.89234 0.86651 0.84058 0.81611 0.79144 0.76801 0.74569 0.7233 0.70244 0.68043 0.65967 0.63946 0.61916 0.60154 0.58361 0.56739 0.55216 0.53624 0.52132 0.50522 0.49026 0.47612 0.46174 0.44819 0.43377 0.42012 0.40631 0.39305 0.3808 0.37072 0.36145 0.35219 0.34242 0.33308 0.32387 0.31483 0.3066 0.29831 0.29041 0.28673 0.27546 0.30724 0.3411 0.32881 0.35387 0.4862 0.68575 0.78479 0.76034 0.69701 0.61491 0.56797 
341 1.3791 1.4758 1.5468 1.5669 1.5774 1.5897 1.6004 1.6088 1.6178 1.6274 1.6295 1.6185 1.6026 1.5883 1.5725 1.5518 1.5276 1.5018 1.4772 1.4564 1.4404 1.4299 1.4255 1.4248 1.4186 1.4072 1.3993 1.3945 1.3895 1.3823 1.3695 1.3552 1.3406 1.3225 1.3069 1.2846 1.2688 1.2403 1.1976 1.1629 1.128 1.0972 1.0647 1.0347 1.0055 0.97626 0.94811 0.91949 0.89241 0.86634 0.84044 0.81598 0.79143 0.768 0.74563 0.72332 0.70241 0.68049 0.65973 0.63947 0.61919 0.60155 0.58368 0.56747 0.55223 0.53632 0.52142 0.50527 0.4903 0.47632 0.46197 0.44828 0.43397 0.42036 0.40636 0.39308 0.38076 0.37085 0.36169 0.35234 0.34261 0.33314 0.32395 0.31492 0.30668 0.29844 0.2906 0.287 0.27569 0.30742 0.34129 0.32896 0.35405 0.48651 0.68616 0.78511 0.76042 0.69683 0.61455 0.56755 
341.5 1.3787 1.4755 1.5465 1.5667 1.5772 1.5895 1.6002 1.6086 1.6176 1.6272 1.6293 1.6183 1.6023 1.5882 1.5724 1.5517 1.5275 1.5017 1.477 1.4561 1.4401 1.4297 1.4254 1.4246 1.4184 1.4072 1.3993 1.3944 1.3895 1.3822 1.3695 1.3551 1.3405 1.3225 1.3069 1.2845 1.2689 1.2404 1.1975 1.1628 1.1278 1.0969 1.0643 1.0344 1.0053 0.97605 0.94797 0.91938 0.89229 0.86635 0.84046 0.81597 0.79138 0.76792 0.74562 0.72329 0.70242 0.68036 0.65953 0.63951 0.61914 0.60146 0.58362 0.56738 0.55228 0.53641 0.52143 0.50536 0.49039 0.47637 0.46213 0.44845 0.43413 0.4204 0.4065 0.3933 0.381 0.37108 0.36174 0.35242 0.34269 0.33322 0.3241 0.31504 0.30673 0.29854 0.29066 0.28709 0.27576 0.30743 0.34128 0.329 0.35398 0.48613 0.6856 0.78448 0.75977 0.69636 0.61446 0.56769 
342 1.3784 1.4752 1.5463 1.5665 1.577 1.5893 1.6 1.6084 1.6174 1.627 1.6291 1.618 1.6021 1.5881 1.5722 1.5515 1.5273 1.5015 1.4768 1.4557 1.4399 1.4296 1.4254 1.4245 1.4182 1.4072 1.3994 1.3943 1.3894 1.3822 1.3694 1.3551 1.3405 1.3224 1.3069 1.2845 1.2689 1.2406 1.1975 1.1627 1.1276 1.0965 1.064 1.0341 1.0051 0.97584 0.94783 0.91927 0.89217 0.86636 0.84048 0.81596 0.79133 0.76785 0.7456 0.72326 0.70244 0.68023 0.65934 0.63956 0.61909 0.60136 0.58356 0.56728 0.55232 0.53649 0.52144 0.50546 0.49049 0.47641 0.46228 0.44862 0.4343 0.42045 0.40665 0.39352 0.38123 0.3713 0.3618 0.3525 0.34277 0.3333 0.32426 0.31515 0.30679 0.29863 0.29072 0.28717 0.27582 0.30743 0.34127 0.32904 0.35391 0.48575 0.68503 0.78384 0.75912 0.69589 0.61438 0.56783 
342.5 1.3781 1.475 1.546 1.5663 1.5768 1.5891 1.5998 1.6082 1.6172 1.6268 1.629 1.6178 1.6019 1.588 1.5721 1.5514 1.5272 1.5014 1.4766 1.4554 1.4396 1.4295 1.4254 1.4243 1.418 1.4072 1.3994 1.3942 1.3893 1.3821 1.3694 1.3551 1.3404 1.3223 1.3069 1.2844 1.269 1.2407 1.1975 1.1626 1.1274 1.0962 1.0637 1.0338 1.0048 0.97562 0.94769 0.91916 0.89205 0.86637 0.84049 0.81594 0.79128 0.76778 0.74559 0.72323 0.70246 0.68011 0.65915 0.6396 0.61904 0.60126 0.5835 0.56719 0.55237 0.53657 0.52145 0.50555 0.49059 0.47646 0.46244 0.44879 0.43447 0.42049 0.4068 0.39374 0.38146 0.37152 0.36185 0.35258 0.34285 0.33339 0.32441 0.31527 0.30684 0.29872 0.29078 0.28726 0.27589 0.30743 0.34126 0.32907 0.35384 0.48537 0.68446 0.78321 0.75847 0.69542 0.61429 0.56797 
343 1.3779 1.4747 1.5458 1.5661 1.5766 1.5889 1.5996 1.608 1.617 1.6266 1.6288 1.6176 1.6017 1.5878 1.5719 1.5512 1.527 1.5012 1.4765 1.4551 1.4394 1.4294 1.4254 1.4242 1.4178 1.407 1.3993 1.3941 1.3893 1.3821 1.3693 1.3551 1.3404 1.3223 1.3069 1.2844 1.269 1.2407 1.1974 1.1625 1.1272 1.0959 1.0635 1.0336 1.0046 0.97542 0.94755 0.91906 0.89194 0.86634 0.84049 0.81592 0.79123 0.76773 0.74558 0.72319 0.70246 0.68004 0.65907 0.63966 0.61904 0.60127 0.58351 0.56718 0.55245 0.53666 0.52149 0.50564 0.49066 0.47651 0.46254 0.44891 0.43458 0.42054 0.40695 0.39394 0.38162 0.37168 0.36189 0.35261 0.34294 0.33349 0.3246 0.31544 0.30695 0.29883 0.29085 0.28734 0.27596 0.30748 0.34132 0.32918 0.35387 0.48519 0.68412 0.78277 0.75797 0.695 0.61412 0.56795 
343.5 1.3778 1.4746 1.5456 1.5659 1.5764 1.5887 1.5994 1.6079 1.6168 1.6264 1.6285 1.6174 1.6016 1.5876 1.5718 1.551 1.5267 1.5011 1.4763 1.455 1.4393 1.4293 1.4253 1.4242 1.4176 1.4067 1.399 1.3942 1.3893 1.382 1.3693 1.3551 1.3404 1.3223 1.3068 1.2843 1.2689 1.2405 1.1972 1.1622 1.127 1.0958 1.0633 1.0334 1.0044 0.97522 0.94743 0.91898 0.89187 0.86622 0.84043 0.8159 0.7912 0.76772 0.74558 0.72315 0.70241 0.6801 0.65925 0.63977 0.61916 0.60152 0.5837 0.56734 0.55258 0.53676 0.52164 0.5057 0.49066 0.47657 0.46251 0.44892 0.43455 0.42062 0.40711 0.39406 0.38158 0.37166 0.36191 0.35255 0.34306 0.33364 0.32484 0.31575 0.30721 0.29897 0.29095 0.2874 0.27606 0.30764 0.34154 0.32943 0.35414 0.48549 0.68434 0.78281 0.75783 0.6947 0.61375 0.56758 
344 1.3776 1.4744 1.5454 1.5657 1.5762 1.5885 1.5992 1.6077 1.6166 1.6262 1.6283 1.6173 1.6015 1.5875 1.5717 1.5507 1.5264 1.5009 1.4761 1.4549 1.4392 1.4292 1.4253 1.4242 1.4174 1.4063 1.3988 1.3942 1.3894 1.382 1.3693 1.3551 1.3404 1.3223 1.3068 1.2843 1.2688 1.2403 1.1969 1.162 1.1269 1.0957 1.0632 1.0332 1.0042 0.97502 0.94731 0.91889 0.89179 0.86609 0.84038 0.81588 0.79116 0.76772 0.74558 0.72311 0.70235 0.68016 0.65943 0.63987 0.61929 0.60177 0.58388 0.56751 0.55272 0.53686 0.52178 0.50577 0.49067 0.47663 0.46247 0.44892 0.43453 0.4207 0.40727 0.39418 0.38153 0.37164 0.36193 0.35248 0.34318 0.33378 0.32509 0.31607 0.30747 0.29912 0.29104 0.28747 0.27615 0.30779 0.34177 0.32968 0.35442 0.4858 0.68455 0.78285 0.75769 0.69441 0.61339 0.56721 
344.5 1.3775 1.4742 1.5453 1.5655 1.576 1.5883 1.5991 1.6075 1.6165 1.626 1.628 1.6171 1.6014 1.5873 1.5715 1.5504 1.5261 1.5007 1.476 1.4548 1.4391 1.429 1.4252 1.4241 1.4172 1.4059 1.3985 1.3942 1.3895 1.382 1.3694 1.3551 1.3405 1.3224 1.3068 1.2843 1.2687 1.2401 1.1967 1.1618 1.1267 1.0956 1.063 1.0331 1.0039 0.97482 0.94719 0.91881 0.89171 0.86597 0.84032 0.81585 0.79112 0.76772 0.74558 0.72306 0.7023 0.68022 0.65962 0.63998 0.61941 0.60201 0.58406 0.56768 0.55286 0.53696 0.52193 0.50584 0.49067 0.47669 0.46244 0.44892 0.43451 0.42078 0.40743 0.39431 0.38149 0.37162 0.36194 0.35241 0.3433 0.33393 0.32534 0.31639 0.30772 0.29926 0.29113 0.28753 0.27625 0.30795 0.34199 0.32993 0.35469 0.4861 0.68477 0.78288 0.75755 0.69411 0.61302 0.56684 
345 1.3773 1.474 1.5451 1.5653 1.5758 1.5881 1.5989 1.6073 1.6163 1.6259 1.6278 1.6169 1.6012 1.5871 1.5713 1.5502 1.5259 1.5005 1.4758 1.4547 1.439 1.4289 1.4252 1.4241 1.4171 1.4057 1.3984 1.3941 1.3895 1.382 1.3693 1.355 1.3405 1.3223 1.3067 1.2842 1.2686 1.24 1.1966 1.1616 1.1266 1.0955 1.0628 1.0329 1.0037 0.97462 0.94707 0.91869 0.89162 0.86588 0.84026 0.81586 0.7911 0.7677 0.74559 0.72309 0.70232 0.68028 0.65971 0.64 0.61949 0.60216 0.5842 0.56786 0.55296 0.53703 0.52201 0.50591 0.49079 0.47676 0.46248 0.44902 0.4346 0.42093 0.40758 0.39437 0.38151 0.37168 0.362 0.35248 0.34344 0.3341 0.32547 0.31655 0.30788 0.29935 0.29125 0.28764 0.27633 0.30806 0.34212 0.33004 0.35487 0.48644 0.68523 0.78339 0.75799 0.69437 0.61305 0.56676 
345.5 1.3771 1.4738 1.5448 1.5651 1.5756 1.5879 1.5986 1.6071 1.6161 1.6257 1.6277 1.6167 1.601 1.5869 1.571 1.5501 1.5258 1.5004 1.4757 1.4546 1.4388 1.4287 1.425 1.424 1.417 1.4057 1.3983 1.3939 1.3895 1.3821 1.3692 1.3549 1.3404 1.3223 1.3066 1.2841 1.2685 1.24 1.1965 1.1615 1.1265 1.0953 1.0626 1.0327 1.0035 0.97444 0.94696 0.91856 0.89152 0.86583 0.84021 0.81588 0.79108 0.76766 0.74562 0.72319 0.70242 0.68032 0.65972 0.63994 0.61953 0.60221 0.5843 0.56804 0.55302 0.53706 0.52203 0.50599 0.49101 0.47685 0.46259 0.4492 0.43479 0.42115 0.40773 0.39438 0.38159 0.3718 0.36209 0.35266 0.3436 0.33427 0.32551 0.31657 0.30793 0.2994 0.29139 0.28778 0.27639 0.30813 0.34216 0.33004 0.35498 0.4868 0.68593 0.78432 0.75895 0.69514 0.61346 0.56696 
346 1.3769 1.4736 1.5446 1.5649 1.5754 1.5877 1.5984 1.6069 1.6159 1.6256 1.6276 1.6165 1.6009 1.5866 1.5707 1.5499 1.5256 1.5002 1.4755 1.4545 1.4387 1.4285 1.4249 1.424 1.4169 1.4058 1.3983 1.3937 1.3895 1.3822 1.369 1.3547 1.3404 1.3222 1.3065 1.2841 1.2684 1.24 1.1964 1.1614 1.1265 1.0951 1.0624 1.0325 1.0033 0.97425 0.94684 0.91842 0.89141 0.86579 0.84016 0.8159 0.79107 0.76761 0.74564 0.72329 0.70252 0.68037 0.65974 0.63988 0.61957 0.60226 0.5844 0.56822 0.55309 0.5371 0.52206 0.50607 0.49124 0.47694 0.46269 0.44938 0.43499 0.42137 0.40787 0.39438 0.38167 0.37192 0.36218 0.35284 0.34375 0.33445 0.32554 0.31659 0.30799 0.29945 0.29153 0.28792 0.27645 0.30819 0.3422 0.33003 0.35509 0.48716 0.68662 0.78525 0.75992 0.69591 0.61386 0.56716 
346.5 1.3766 1.4734 1.5444 1.5646 1.5751 1.5875 1.5982 1.6066 1.6158 1.6255 1.6275 1.6163 1.6007 1.5864 1.5704 1.5498 1.5255 1.5 1.4754 1.4544 1.4386 1.4283 1.4247 1.4239 1.4169 1.4058 1.3983 1.3935 1.3894 1.3823 1.3689 1.3546 1.3404 1.3221 1.3064 1.284 1.2683 1.2399 1.1963 1.1613 1.1264 1.0949 1.0622 1.0323 1.0031 0.97406 0.94673 0.91828 0.89131 0.86574 0.8401 0.81593 0.79105 0.76757 0.74567 0.72339 0.70261 0.68042 0.65975 0.63982 0.61961 0.60231 0.58451 0.56841 0.55315 0.53713 0.52208 0.50615 0.49146 0.47703 0.4628 0.44956 0.43519 0.42159 0.40802 0.39439 0.38174 0.37205 0.36227 0.35303 0.34391 0.33463 0.32557 0.31661 0.30805 0.2995 0.29168 0.28806 0.2765 0.30826 0.34224 0.33003 0.35519 0.48753 0.68731 0.78618 0.76089 0.69669 0.61427 0.56736 
347 1.3763 1.4731 1.5441 1.5644 1.5749 1.5873 1.598 1.6065 1.6156 1.6254 1.6274 1.6162 1.6004 1.5862 1.5701 1.5496 1.5254 1.4999 1.4753 1.4543 1.4384 1.4283 1.4246 1.4237 1.4168 1.4057 1.3982 1.3935 1.3895 1.3823 1.3689 1.3545 1.3402 1.3221 1.3065 1.2839 1.2683 1.2398 1.1962 1.1612 1.1263 1.0949 1.0621 1.0322 1.0029 0.9739 0.94652 0.91809 0.89117 0.86568 0.84006 0.8158 0.79099 0.76756 0.74565 0.72339 0.70258 0.68042 0.65968 0.63978 0.61969 0.60232 0.58457 0.56849 0.55319 0.53721 0.52213 0.50618 0.49154 0.4771 0.46291 0.44969 0.43525 0.42168 0.40814 0.39447 0.38198 0.37218 0.36242 0.35318 0.34397 0.33474 0.32561 0.31668 0.30814 0.29961 0.29178 0.28816 0.27662 0.30833 0.34225 0.33002 0.35514 0.48745 0.6873 0.78631 0.76116 0.69703 0.61458 0.56762 
347.5 1.376 1.4728 1.5439 1.5642 1.5747 1.5871 1.5978 1.6063 1.6154 1.6252 1.6274 1.6161 1.6002 1.586 1.5699 1.5493 1.5252 1.4997 1.4751 1.4541 1.4383 1.4283 1.4244 1.4235 1.4167 1.4055 1.398 1.3936 1.3896 1.3824 1.369 1.3544 1.3401 1.3221 1.3065 1.2839 1.2682 1.2397 1.1961 1.1611 1.1261 1.0948 1.0621 1.0321 1.0028 0.97375 0.94629 0.91788 0.89102 0.86562 0.84002 0.81562 0.79092 0.76755 0.7456 0.72337 0.70251 0.68039 0.65959 0.63974 0.61979 0.60231 0.58462 0.56855 0.55322 0.5373 0.52219 0.50619 0.49155 0.47717 0.46302 0.44981 0.43527 0.42174 0.40825 0.39457 0.38226 0.37232 0.36258 0.35333 0.34398 0.33484 0.32565 0.31676 0.30826 0.29975 0.29188 0.28825 0.27676 0.30841 0.34225 0.33001 0.35503 0.48724 0.68706 0.78616 0.76118 0.69723 0.61486 0.5679 
348 1.3757 1.4725 1.5437 1.564 1.5745 1.5869 1.5977 1.6061 1.6153 1.6251 1.6273 1.616 1.6 1.5858 1.5697 1.549 1.5251 1.4995 1.475 1.454 1.4382 1.4282 1.4243 1.4233 1.4166 1.4054 1.3979 1.3936 1.3897 1.3824 1.369 1.3544 1.3399 1.3221 1.3066 1.2839 1.2681 1.2396 1.196 1.161 1.1259 1.0947 1.0621 1.032 1.0026 0.9736 0.94605 0.91767 0.89086 0.86556 0.83999 0.81543 0.79084 0.76755 0.74556 0.72334 0.70244 0.68037 0.6595 0.6397 0.6199 0.60229 0.58466 0.56861 0.55326 0.53739 0.52225 0.5062 0.49157 0.47723 0.46314 0.44992 0.43529 0.42179 0.40836 0.39468 0.38255 0.37246 0.36274 0.35348 0.344 0.33494 0.32568 0.31685 0.30837 0.29989 0.29197 0.28834 0.2769 0.30848 0.34226 0.33 0.35492 0.48702 0.68682 0.78602 0.76121 0.69743 0.61514 0.56819 
348.5 1.3754 1.4722 1.5434 1.5638 1.5743 1.5867 1.5975 1.606 1.6151 1.6249 1.6273 1.6159 1.5997 1.5857 1.5695 1.5488 1.5249 1.4994 1.4749 1.4538 1.4381 1.4282 1.4241 1.4231 1.4165 1.4052 1.3977 1.3937 1.3897 1.3824 1.3691 1.3543 1.3397 1.3221 1.3067 1.2838 1.2681 1.2395 1.1959 1.1609 1.1258 1.0947 1.0622 1.032 1.0025 0.97345 0.94582 0.91746 0.89071 0.86549 0.83995 0.81525 0.79077 0.76755 0.74552 0.72331 0.70237 0.68035 0.65941 0.63966 0.62 0.60228 0.58471 0.56866 0.55329 0.53749 0.52231 0.50621 0.49159 0.47729 0.46325 0.45003 0.43531 0.42184 0.40847 0.39478 0.38283 0.37261 0.3629 0.35363 0.34402 0.33504 0.32572 0.31694 0.30848 0.30003 0.29207 0.28843 0.27704 0.30856 0.34226 0.32999 0.35482 0.4868 0.68658 0.78587 0.76124 0.69764 0.61542 0.56847 
349 1.3752 1.472 1.5432 1.5636 1.5742 1.5865 1.5973 1.6058 1.6149 1.6248 1.627 1.6156 1.5995 1.5855 1.5693 1.5486 1.5248 1.4993 1.4747 1.4537 1.4381 1.4281 1.424 1.4229 1.4163 1.4052 1.3978 1.3934 1.3891 1.3818 1.369 1.3548 1.3401 1.322 1.3064 1.2838 1.268 1.2393 1.1957 1.1607 1.1255 1.0945 1.062 1.0318 1.0024 0.97336 0.94573 0.91737 0.89064 0.86542 0.83988 0.81531 0.7908 0.76754 0.74553 0.72336 0.7025 0.68045 0.65955 0.63974 0.61995 0.60233 0.58475 0.56869 0.55338 0.53756 0.52242 0.5064 0.49176 0.47736 0.46322 0.45001 0.43538 0.42185 0.40844 0.39482 0.38282 0.37251 0.36295 0.35378 0.34419 0.33513 0.32584 0.31704 0.30847 0.30008 0.29213 0.28844 0.27704 0.30859 0.34233 0.33007 0.35485 0.4867 0.68631 0.78547 0.76083 0.69734 0.61517 0.56819 
349.5 1.375 1.4718 1.543 1.5634 1.574 1.5864 1.5972 1.6056 1.6147 1.6246 1.6267 1.6153 1.5993 1.5854 1.5691 1.5485 1.5247 1.4992 1.4745 1.4536 1.438 1.428 1.4239 1.4227 1.4162 1.4052 1.3978 1.3932 1.3884 1.3811 1.369 1.3552 1.3406 1.322 1.3062 1.2838 1.2679 1.2391 1.1955 1.1604 1.1253 1.0943 1.0618 1.0316 1.0022 0.97327 0.94566 0.91729 0.89057 0.86534 0.83982 0.81538 0.79084 0.76754 0.74555 0.7234 0.70263 0.68056 0.65969 0.63982 0.61991 0.60238 0.58478 0.56871 0.55346 0.53763 0.52253 0.5066 0.49192 0.47743 0.46318 0.44999 0.43545 0.42185 0.4084 0.39486 0.38281 0.37241 0.363 0.35393 0.34436 0.33523 0.32596 0.31714 0.30846 0.30012 0.2922 0.28845 0.27704 0.30862 0.3424 0.33015 0.35488 0.48661 0.68604 0.78506 0.76042 0.69704 0.6149 0.56791 
350 1.3748 1.4717 1.5428 1.5632 1.5738 1.5862 1.597 1.6054 1.6146 1.6244 1.6265 1.6151 1.5991 1.5852 1.5689 1.5484 1.5247 1.4991 1.4743 1.4534 1.438 1.4279 1.4238 1.4226 1.416 1.4052 1.3978 1.3929 1.3877 1.3805 1.3689 1.3556 1.341 1.322 1.3059 1.2838 1.2679 1.2389 1.1952 1.1602 1.1251 1.0942 1.0617 1.0314 1.0021 0.97317 0.94558 0.91722 0.8905 0.86526 0.83975 0.81545 0.79088 0.76754 0.74557 0.72345 0.70275 0.68066 0.65984 0.6399 0.61986 0.60243 0.58481 0.56874 0.55354 0.5377 0.52264 0.50679 0.49209 0.4775 0.46315 0.44997 0.43551 0.42186 0.40836 0.3949 0.3828 0.37231 0.36305 0.35409 0.34453 0.33532 0.32608 0.31724 0.30845 0.30016 0.29226 0.28846 0.27703 0.30865 0.34248 0.33024 0.35491 0.48652 0.68577 0.78465 0.76001 0.69674 0.61464 0.56762 
350.5 1.3746 1.4715 1.5426 1.563 1.5736 1.586 1.5968 1.6052 1.6144 1.6242 1.6262 1.6148 1.599 1.5851 1.5687 1.5482 1.5246 1.499 1.4742 1.4533 1.438 1.4278 1.4237 1.4224 1.4159 1.4052 1.3978 1.3927 1.3872 1.38 1.3689 1.356 1.3413 1.3219 1.3057 1.2838 1.2678 1.2387 1.195 1.16 1.125 1.094 1.0615 1.0312 1.002 0.97309 0.94552 0.91715 0.89041 0.86516 0.83967 0.81548 0.7909 0.76754 0.74558 0.72347 0.70285 0.68075 0.65995 0.63996 0.61981 0.60247 0.58485 0.56877 0.55363 0.53778 0.52275 0.50697 0.49224 0.47758 0.46315 0.44998 0.4356 0.42188 0.40836 0.39497 0.38281 0.37229 0.36311 0.35423 0.34469 0.3354 0.3262 0.31735 0.30847 0.30023 0.29234 0.28849 0.27706 0.3087 0.34256 0.33032 0.35496 0.48647 0.68559 0.78435 0.75968 0.69647 0.61439 0.56735 
351 1.3745 1.4713 1.5425 1.5628 1.5734 1.5858 1.5966 1.6051 1.6142 1.6239 1.6259 1.6146 1.5989 1.5849 1.5685 1.548 1.5243 1.4988 1.474 1.4532 1.4378 1.4276 1.4235 1.4224 1.4159 1.4051 1.3976 1.3927 1.3874 1.3801 1.3688 1.3558 1.3412 1.322 1.3057 1.2834 1.2675 1.2386 1.1949 1.16 1.125 1.0939 1.0614 1.0311 1.0019 0.97306 0.94553 0.91714 0.89029 0.86496 0.83957 0.81538 0.79083 0.76756 0.74559 0.72338 0.7028 0.68079 0.65994 0.63999 0.61978 0.60245 0.58492 0.56885 0.55375 0.5379 0.52283 0.50706 0.49233 0.47772 0.46332 0.45009 0.43573 0.42196 0.40857 0.39517 0.3829 0.37258 0.36321 0.35432 0.34477 0.33539 0.32634 0.31748 0.30863 0.30037 0.29247 0.28861 0.27718 0.30882 0.34266 0.33042 0.35507 0.48662 0.68575 0.78447 0.75967 0.69629 0.61418 0.56719 
351.5 1.3743 1.4711 1.5423 1.5627 1.5732 1.5856 1.5965 1.605 1.6141 1.6237 1.6257 1.6144 1.5988 1.5847 1.5684 1.5479 1.5241 1.4986 1.4739 1.453 1.4376 1.4274 1.4233 1.4223 1.4159 1.4049 1.3975 1.3927 1.3875 1.3802 1.3688 1.3557 1.341 1.3221 1.3057 1.2831 1.2673 1.2384 1.1947 1.16 1.125 1.0938 1.0613 1.0311 1.0019 0.97302 0.94554 0.91713 0.89018 0.86476 0.83946 0.81528 0.79076 0.76757 0.74559 0.72328 0.70276 0.68082 0.65993 0.64001 0.61974 0.60242 0.58499 0.56892 0.55387 0.53802 0.52291 0.50715 0.49241 0.47787 0.46349 0.4502 0.43586 0.42205 0.40878 0.39538 0.38299 0.37288 0.36331 0.3544 0.34485 0.33539 0.32647 0.3176 0.30879 0.3005 0.29259 0.28873 0.2773 0.30895 0.34276 0.33051 0.35518 0.48678 0.68592 0.78459 0.75966 0.69612 0.61398 0.56703 
352 1.3742 1.4709 1.5421 1.5625 1.573 1.5855 1.5963 1.6048 1.6139 1.6235 1.6254 1.6141 1.5987 1.5846 1.5682 1.5477 1.5238 1.4984 1.4737 1.4528 1.4375 1.4272 1.4231 1.4223 1.4159 1.4048 1.3973 1.3926 1.3877 1.3803 1.3687 1.3555 1.3409 1.3222 1.3057 1.2828 1.2671 1.2383 1.1945 1.16 1.125 1.0936 1.0611 1.031 1.0018 0.97299 0.94555 0.91712 0.89006 0.86457 0.83935 0.81518 0.79069 0.76759 0.7456 0.72319 0.70272 0.68085 0.65992 0.64003 0.6197 0.6024 0.58506 0.569 0.55399 0.53813 0.523 0.50723 0.4925 0.47801 0.46366 0.45031 0.436 0.42213 0.40898 0.39558 0.38308 0.37317 0.36341 0.35449 0.34493 0.33538 0.3266 0.31773 0.30896 0.30064 0.29272 0.28884 0.27742 0.30907 0.34286 0.33061 0.35529 0.48693 0.68608 0.7847 0.75965 0.69595 0.61378 0.56687 
352.5 1.374 1.4707 1.5419 1.5623 1.5729 1.5853 1.5961 1.6046 1.6137 1.6233 1.6252 1.614 1.5985 1.5844 1.568 1.5475 1.5236 1.4983 1.4736 1.4527 1.4373 1.4271 1.423 1.4222 1.4158 1.4047 1.3972 1.3926 1.3877 1.3803 1.3687 1.3554 1.3407 1.3221 1.3057 1.2826 1.267 1.2381 1.1944 1.1599 1.1249 1.0935 1.0609 1.0309 1.0017 0.97291 0.94548 0.91707 0.88998 0.86448 0.83924 0.81506 0.79062 0.76758 0.74561 0.72315 0.70272 0.68087 0.65996 0.6401 0.61971 0.60244 0.58517 0.56908 0.55405 0.53821 0.52308 0.50729 0.49256 0.47811 0.4638 0.45043 0.43612 0.42224 0.40911 0.3957 0.38313 0.37335 0.36349 0.35456 0.34504 0.33546 0.32673 0.31782 0.30912 0.30077 0.29283 0.28898 0.27755 0.30919 0.34297 0.33071 0.35541 0.4871 0.68628 0.78489 0.75977 0.69595 0.61367 0.56674 
353 1.3738 1.4705 1.5417 1.5621 1.5727 1.5851 1.5959 1.6044 1.6135 1.6232 1.6251 1.6138 1.5984 1.5843 1.5679 1.5473 1.5234 1.4981 1.4736 1.4526 1.4372 1.4269 1.4228 1.422 1.4158 1.4046 1.3971 1.3926 1.3877 1.3802 1.3686 1.3554 1.3406 1.322 1.3056 1.2826 1.2669 1.238 1.1943 1.1597 1.1247 1.0934 1.0607 1.0307 1.0017 0.97278 0.94528 0.91695 0.88998 0.86453 0.83911 0.8149 0.79057 0.76754 0.74562 0.7232 0.70276 0.68089 0.66006 0.64024 0.61978 0.60256 0.58534 0.56916 0.55403 0.53825 0.52317 0.5073 0.4926 0.47817 0.46389 0.45058 0.43621 0.4224 0.40914 0.39571 0.38312 0.37337 0.36354 0.35459 0.34517 0.33564 0.32684 0.31788 0.30927 0.30089 0.29293 0.28915 0.2777 0.30929 0.34309 0.33083 0.35555 0.48728 0.68652 0.78516 0.76005 0.69617 0.61369 0.56664 
353.5 1.3735 1.4703 1.5415 1.5619 1.5725 1.5849 1.5957 1.6042 1.6133 1.623 1.625 1.6137 1.5982 1.5841 1.5677 1.5472 1.5232 1.498 1.4736 1.4525 1.437 1.4268 1.4226 1.4219 1.4157 1.4045 1.3971 1.3925 1.3876 1.3801 1.3685 1.3553 1.3405 1.3218 1.3055 1.2826 1.2668 1.2379 1.1943 1.1595 1.1245 1.0933 1.0605 1.0305 1.0017 0.97265 0.94508 0.91684 0.88997 0.86459 0.83898 0.81474 0.79051 0.7675 0.74563 0.72325 0.7028 0.68091 0.66017 0.64037 0.61985 0.60268 0.58552 0.56925 0.55401 0.53828 0.52326 0.50731 0.49263 0.47822 0.46399 0.45073 0.43631 0.42255 0.40918 0.39571 0.38311 0.37339 0.36359 0.35461 0.34531 0.33583 0.32695 0.31793 0.30943 0.301 0.29303 0.28931 0.27784 0.30939 0.34321 0.33095 0.35568 0.48747 0.68676 0.78543 0.76034 0.69639 0.61372 0.56654 
354 1.3733 1.4701 1.5413 1.5617 1.5723 1.5847 1.5955 1.604 1.6131 1.6228 1.6248 1.6136 1.5981 1.584 1.5675 1.547 1.5231 1.4978 1.4735 1.4524 1.4368 1.4267 1.4225 1.4217 1.4156 1.4044 1.397 1.3925 1.3875 1.38 1.3684 1.3552 1.3404 1.3216 1.3055 1.2826 1.2667 1.2378 1.1943 1.1593 1.1242 1.0932 1.0602 1.0303 1.0017 0.97252 0.94489 0.91673 0.88996 0.86464 0.83885 0.81459 0.79045 0.76746 0.74564 0.7233 0.70284 0.68092 0.66027 0.64051 0.61992 0.60279 0.58569 0.56934 0.554 0.53831 0.52334 0.50732 0.49266 0.47827 0.46408 0.45087 0.43641 0.42271 0.40921 0.39572 0.38309 0.37341 0.36364 0.35464 0.34544 0.33602 0.32706 0.31798 0.30959 0.30112 0.29313 0.28947 0.27798 0.3095 0.34333 0.33107 0.35582 0.48765 0.687 0.7857 0.76063 0.69661 0.61374 0.56644 
354.5 1.3731 1.4698 1.5411 1.5615 1.5721 1.5845 1.5953 1.6038 1.6129 1.6227 1.6247 1.6135 1.5979 1.5838 1.5674 1.5468 1.5229 1.4977 1.4734 1.4523 1.4367 1.4266 1.4224 1.4216 1.4155 1.4044 1.397 1.3924 1.3873 1.3799 1.3683 1.3551 1.3402 1.3214 1.3053 1.2826 1.2666 1.2377 1.1942 1.1591 1.1241 1.0931 1.0601 1.0302 1.0016 0.97242 0.94482 0.91664 0.88989 0.86458 0.83881 0.8146 0.7904 0.7674 0.74564 0.72331 0.70284 0.68093 0.66033 0.64063 0.62004 0.60283 0.58567 0.56934 0.554 0.53833 0.52339 0.50736 0.49267 0.47833 0.46418 0.45094 0.43646 0.42276 0.40928 0.39578 0.38332 0.37355 0.36377 0.3548 0.34547 0.33614 0.32717 0.31808 0.30967 0.3012 0.29323 0.28956 0.27806 0.30956 0.34337 0.33111 0.3558 0.48754 0.68685 0.78553 0.76043 0.69645 0.61362 0.56631 
355 1.3729 1.4696 1.5409 1.5613 1.5719 1.5843 1.5951 1.6036 1.6127 1.6225 1.6245 1.6134 1.5977 1.5836 1.5673 1.5467 1.5227 1.4975 1.4731 1.4521 1.4366 1.4266 1.4224 1.4215 1.4153 1.4045 1.3971 1.3923 1.3872 1.3798 1.3682 1.355 1.3401 1.3212 1.3052 1.2826 1.2666 1.2377 1.194 1.159 1.124 1.093 1.06 1.0301 1.0014 0.97234 0.94483 0.91657 0.88979 0.86444 0.83882 0.81469 0.79036 0.76733 0.74563 0.7233 0.70281 0.68094 0.66037 0.64074 0.62018 0.60281 0.58556 0.5693 0.55401 0.53833 0.52341 0.50742 0.49268 0.4784 0.46429 0.45097 0.43648 0.42277 0.40937 0.39586 0.38367 0.37375 0.36394 0.35501 0.34545 0.33622 0.32726 0.3182 0.3097 0.30127 0.29333 0.28961 0.27812 0.3096 0.34337 0.33111 0.3557 0.48726 0.6865 0.78514 0.75998 0.6961 0.61343 0.56616 
355.5 1.3726 1.4694 1.5406 1.5611 1.5717 1.5841 1.5949 1.6034 1.6125 1.6223 1.6244 1.6132 1.5974 1.5834 1.5673 1.5465 1.5226 1.4974 1.4729 1.4519 1.4365 1.4265 1.4224 1.4214 1.4151 1.4045 1.3971 1.3922 1.387 1.3797 1.3682 1.3549 1.34 1.3211 1.305 1.2825 1.2666 1.2377 1.1939 1.1589 1.1239 1.0928 1.06 1.0301 1.0013 0.97225 0.94483 0.91651 0.88968 0.86431 0.83883 0.81479 0.79031 0.76726 0.74561 0.72328 0.70278 0.68096 0.66041 0.64086 0.62032 0.6028 0.58545 0.56926 0.55402 0.53834 0.52344 0.50748 0.49268 0.47846 0.4644 0.451 0.4365 0.42278 0.40946 0.39594 0.38403 0.37394 0.36412 0.35523 0.34542 0.33631 0.32736 0.31831 0.30974 0.30133 0.29343 0.28965 0.27818 0.30965 0.34337 0.33111 0.35559 0.48699 0.68616 0.78474 0.75952 0.69575 0.61324 0.56601 
356 1.3724 1.4692 1.5404 1.5608 1.5714 1.5839 1.5947 1.6032 1.6123 1.6221 1.6242 1.6131 1.5972 1.5832 1.5672 1.5464 1.5224 1.4972 1.4726 1.4517 1.4364 1.4265 1.4224 1.4212 1.415 1.4045 1.3972 1.3921 1.3868 1.3796 1.3681 1.3548 1.3399 1.3209 1.3049 1.2825 1.2666 1.2376 1.1937 1.1587 1.1238 1.0927 1.0599 1.03 1.0011 0.97217 0.94484 0.91644 0.88958 0.86418 0.83884 0.81489 0.79027 0.76719 0.7456 0.72327 0.70276 0.68097 0.66045 0.64097 0.62045 0.60279 0.58534 0.56922 0.55403 0.53834 0.52346 0.50754 0.49269 0.47852 0.4645 0.45103 0.43651 0.42278 0.40955 0.39603 0.38438 0.37414 0.36429 0.35545 0.3454 0.33639 0.32746 0.31843 0.30978 0.3014 0.29354 0.2897 0.27823 0.30969 0.34338 0.33112 0.35549 0.48672 0.68581 0.78434 0.75907 0.69541 0.61305 0.56586 
356.5 1.3722 1.469 1.5402 1.5606 1.5713 1.5837 1.5946 1.603 1.6121 1.6219 1.624 1.6129 1.597 1.583 1.5671 1.5462 1.5223 1.4971 1.4725 1.4516 1.4363 1.4264 1.4222 1.4211 1.4149 1.4044 1.3971 1.392 1.3868 1.3796 1.3679 1.3546 1.3398 1.3209 1.3049 1.2823 1.2664 1.2374 1.1936 1.1587 1.1236 1.0926 1.0598 1.0299 1.001 0.97208 0.94479 0.91631 0.88948 0.86412 0.83881 0.8148 0.79025 0.76725 0.74559 0.72325 0.70277 0.68095 0.66039 0.64093 0.6205 0.60292 0.58546 0.56936 0.55424 0.53847 0.52352 0.50764 0.4928 0.4786 0.46458 0.45113 0.43661 0.42292 0.4097 0.3962 0.38436 0.37421 0.36434 0.3555 0.34565 0.33647 0.32754 0.31854 0.30993 0.30155 0.29361 0.28983 0.27838 0.30975 0.3434 0.33122 0.35573 0.48708 0.6862 0.78464 0.75906 0.69513 0.61296 0.56601 
357 1.3719 1.4688 1.54 1.5604 1.5711 1.5835 1.5944 1.6029 1.612 1.6217 1.6239 1.6127 1.5969 1.5829 1.5669 1.5461 1.5221 1.4969 1.4724 1.4515 1.4361 1.4263 1.422 1.421 1.4149 1.4043 1.397 1.392 1.3868 1.3795 1.3678 1.3545 1.3397 1.3209 1.3048 1.2822 1.2663 1.2372 1.1935 1.1586 1.1234 1.0924 1.0597 1.0298 1.0008 0.97199 0.94473 0.91618 0.88938 0.86408 0.83878 0.8147 0.79024 0.76733 0.74558 0.72324 0.70279 0.68093 0.66032 0.64087 0.62053 0.60306 0.58562 0.56952 0.55448 0.53862 0.52357 0.50775 0.49293 0.47869 0.46465 0.45123 0.43671 0.42308 0.40986 0.3964 0.3843 0.37427 0.36436 0.35552 0.34594 0.33654 0.32761 0.31864 0.31009 0.3017 0.29369 0.28996 0.27854 0.30982 0.34342 0.33133 0.35603 0.48752 0.68668 0.78502 0.75911 0.69486 0.61288 0.56621 
357.5 1.3717 1.4686 1.5398 1.5602 1.5709 1.5834 1.5942 1.6027 1.6119 1.6216 1.6237 1.6125 1.5967 1.5828 1.5668 1.546 1.522 1.4967 1.4724 1.4514 1.436 1.4262 1.4218 1.4209 1.4149 1.4041 1.3968 1.3919 1.3869 1.3795 1.3676 1.3543 1.3396 1.3209 1.3048 1.282 1.2661 1.237 1.1934 1.1585 1.1232 1.0922 1.0596 1.0297 1.0007 0.9719 0.94466 0.91605 0.88927 0.86404 0.83874 0.81459 0.79023 0.7674 0.74557 0.72322 0.70281 0.68091 0.66025 0.64081 0.62056 0.60321 0.58577 0.56968 0.55472 0.53876 0.52363 0.50786 0.49306 0.47877 0.46473 0.45133 0.43681 0.42324 0.41003 0.39659 0.38424 0.37432 0.36439 0.35555 0.34622 0.33661 0.32769 0.31874 0.31026 0.30186 0.29376 0.2901 0.2787 0.30988 0.34344 0.33145 0.35632 0.48796 0.68717 0.7854 0.75916 0.69459 0.6128 0.5664 
358 1.3715 1.4683 1.5396 1.56 1.5707 1.5832 1.594 1.6025 1.6117 1.6214 1.6235 1.6122 1.5965 1.5826 1.5666 1.5459 1.5218 1.4965 1.4723 1.4512 1.4358 1.4261 1.4215 1.4208 1.4149 1.404 1.3967 1.3919 1.3869 1.3794 1.3675 1.3542 1.3395 1.3209 1.3048 1.2818 1.2659 1.2368 1.1933 1.1585 1.123 1.0921 1.0595 1.0296 1.0005 0.9718 0.9446 0.91593 0.88918 0.864 0.8387 0.8145 0.79022 0.76746 0.74556 0.7232 0.70282 0.68089 0.66019 0.64077 0.62059 0.60334 0.58592 0.56982 0.55493 0.5389 0.5237 0.50796 0.49318 0.47887 0.46481 0.45143 0.4369 0.42339 0.41017 0.39677 0.38419 0.37438 0.36443 0.35559 0.34648 0.33667 0.32776 0.31883 0.31041 0.30201 0.29385 0.29022 0.27884 0.30994 0.34346 0.33154 0.35656 0.48834 0.6876 0.78576 0.75926 0.69443 0.61278 0.5666 
358.5 1.3713 1.4681 1.5394 1.5599 1.5705 1.583 1.5938 1.6024 1.6115 1.6212 1.6233 1.612 1.5963 1.5826 1.5666 1.5458 1.5217 1.4962 1.472 1.4512 1.4357 1.4259 1.4215 1.4208 1.4149 1.4039 1.3966 1.3918 1.3868 1.3793 1.3674 1.3542 1.3394 1.3207 1.3046 1.2818 1.2658 1.2366 1.1931 1.1583 1.123 1.092 1.0594 1.0296 1.0004 0.97166 0.94454 0.91592 0.88914 0.86397 0.83866 0.81452 0.79018 0.76735 0.74555 0.72319 0.7028 0.68093 0.66027 0.6408 0.62061 0.60336 0.58593 0.56984 0.55489 0.53897 0.52382 0.50803 0.49331 0.47905 0.46496 0.45153 0.43693 0.42343 0.41019 0.39687 0.38432 0.37441 0.36455 0.35569 0.34648 0.33669 0.32781 0.31887 0.31044 0.30211 0.29405 0.29028 0.27879 0.30996 0.34348 0.33148 0.35642 0.48818 0.68758 0.78599 0.75977 0.69509 0.61323 0.56683 
359 1.3711 1.4679 1.5392 1.5597 1.5703 1.5828 1.5937 1.6022 1.6114 1.6211 1.623 1.6118 1.5962 1.5825 1.5666 1.5458 1.5215 1.496 1.4717 1.4511 1.4356 1.4257 1.4215 1.4208 1.4149 1.4039 1.3964 1.3917 1.3867 1.3792 1.3673 1.3542 1.3394 1.3205 1.3044 1.2817 1.2656 1.2364 1.1929 1.1582 1.1229 1.092 1.0594 1.0295 1.0004 0.97152 0.94447 0.91591 0.88909 0.86395 0.83861 0.81455 0.79014 0.76723 0.74555 0.72317 0.70277 0.68096 0.66035 0.64083 0.62063 0.60338 0.58595 0.56985 0.55486 0.53904 0.52394 0.5081 0.49344 0.47924 0.46512 0.45162 0.43696 0.42347 0.41021 0.39698 0.38445 0.37444 0.36467 0.35579 0.34647 0.33672 0.32786 0.31891 0.31048 0.30221 0.29424 0.29034 0.27874 0.30999 0.34351 0.33142 0.35627 0.48803 0.68756 0.78621 0.76029 0.69575 0.61367 0.56706 
359.5 1.3709 1.4677 1.539 1.5595 1.5701 1.5826 1.5935 1.602 1.6112 1.6209 1.6228 1.6115 1.596 1.5824 1.5666 1.5457 1.5214 1.4957 1.4714 1.451 1.4354 1.4255 1.4216 1.4209 1.4149 1.4038 1.3962 1.3916 1.3867 1.3791 1.3672 1.3542 1.3393 1.3203 1.3042 1.2816 1.2655 1.2361 1.1927 1.158 1.1229 1.0919 1.0593 1.0295 1.0003 0.97138 0.9444 0.9159 0.88905 0.86393 0.83857 0.81457 0.7901 0.76712 0.74554 0.72316 0.70274 0.681 0.66042 0.64087 0.62064 0.60339 0.58597 0.56987 0.55482 0.53912 0.52406 0.50816 0.49357 0.47942 0.46527 0.45172 0.43699 0.4235 0.41023 0.39708 0.38459 0.37447 0.3648 0.35588 0.34647 0.33674 0.32791 0.31895 0.31052 0.30231 0.29443 0.29039 0.27869 0.31001 0.34353 0.33136 0.35612 0.48788 0.68753 0.78643 0.7608 0.69642 0.61412 0.5673 
360 1.3707 1.4675 1.5388 1.5593 1.5699 1.5824 1.5933 1.6018 1.611 1.6207 1.6226 1.6113 1.5958 1.5823 1.5666 1.5456 1.5211 1.4954 1.4712 1.4509 1.4353 1.4254 1.4216 1.4209 1.4148 1.4037 1.3961 1.3915 1.3866 1.379 1.3671 1.3542 1.3392 1.3202 1.3041 1.2816 1.2653 1.2359 1.1926 1.1579 1.1228 1.0918 1.0592 1.0294 1.0002 0.9713 0.94432 0.91586 0.88899 0.86388 0.8385 0.81455 0.79008 0.76707 0.74554 0.72316 0.70274 0.68105 0.6605 0.6409 0.62068 0.60346 0.58601 0.56989 0.55482 0.53918 0.52417 0.50824 0.49368 0.47956 0.46538 0.45181 0.43709 0.42359 0.4103 0.39716 0.38471 0.37457 0.36488 0.35598 0.34649 0.33681 0.32801 0.31902 0.31057 0.30238 0.29455 0.29046 0.27871 0.31008 0.34363 0.33142 0.35611 0.48781 0.68743 0.78638 0.76091 0.6966 0.61416 0.56724 
360.5 1.3704 1.4673 1.5386 1.5591 1.5697 1.5822 1.5931 1.6016 1.6108 1.6206 1.6225 1.6112 1.5956 1.5822 1.5667 1.5455 1.5206 1.495 1.4712 1.4509 1.4352 1.4253 1.4216 1.4209 1.4146 1.4035 1.3961 1.3914 1.3864 1.3789 1.367 1.354 1.339 1.3201 1.3042 1.2816 1.2652 1.2358 1.1925 1.1578 1.1227 1.0917 1.0591 1.0293 1.0002 0.97134 0.9442 0.91574 0.8889 0.86379 0.83838 0.81442 0.79011 0.76714 0.74558 0.72319 0.70279 0.68112 0.66056 0.64094 0.62078 0.6036 0.58607 0.56993 0.55487 0.53921 0.52426 0.50832 0.49375 0.47959 0.46541 0.45191 0.43733 0.42377 0.41048 0.39719 0.38481 0.37479 0.36489 0.35606 0.34657 0.33695 0.32819 0.31916 0.31065 0.30239 0.29451 0.29053 0.27888 0.31024 0.34386 0.33171 0.35637 0.4879 0.68716 0.78579 0.76025 0.69586 0.61343 0.56661 
361 1.3702 1.467 1.5384 1.559 1.5695 1.582 1.5929 1.6015 1.6106 1.6204 1.6225 1.6111 1.5954 1.5822 1.5668 1.5454 1.5201 1.4947 1.4711 1.4508 1.4351 1.4252 1.4217 1.4209 1.4143 1.4033 1.3961 1.3913 1.3863 1.3787 1.3669 1.3538 1.3388 1.3201 1.3042 1.2816 1.265 1.2356 1.1923 1.1576 1.1226 1.0916 1.059 1.0291 1.0002 0.97137 0.94407 0.91562 0.8888 0.8637 0.83825 0.81429 0.79014 0.76721 0.74561 0.72323 0.70285 0.68119 0.66062 0.64098 0.62087 0.60374 0.58613 0.56997 0.55492 0.53925 0.52435 0.50841 0.49382 0.47962 0.46545 0.452 0.43757 0.42395 0.41066 0.39721 0.38492 0.37502 0.3649 0.35614 0.34664 0.3371 0.32838 0.3193 0.31073 0.3024 0.29448 0.29061 0.27904 0.31039 0.34409 0.332 0.35663 0.48798 0.68688 0.78519 0.75959 0.69512 0.61269 0.56598 
361.5 1.3699 1.4668 1.5382 1.5588 1.5694 1.5818 1.5928 1.6013 1.6104 1.6203 1.6224 1.611 1.5952 1.5821 1.5669 1.5452 1.5195 1.4943 1.4711 1.4508 1.435 1.4251 1.4218 1.4209 1.4141 1.4032 1.3961 1.3912 1.3861 1.3786 1.3668 1.3536 1.3386 1.32 1.3042 1.2816 1.2648 1.2354 1.1922 1.1575 1.1225 1.0914 1.0588 1.029 1.0002 0.9714 0.94395 0.9155 0.88871 0.86361 0.83813 0.81416 0.79017 0.76728 0.74564 0.72326 0.7029 0.68127 0.66068 0.64102 0.62096 0.60388 0.58619 0.57001 0.55497 0.53929 0.52444 0.50849 0.49389 0.47964 0.46548 0.45209 0.43782 0.42414 0.41084 0.39724 0.38502 0.37524 0.36491 0.35623 0.34671 0.33724 0.32857 0.31944 0.31081 0.30242 0.29444 0.29069 0.27921 0.31055 0.34432 0.33229 0.35688 0.48807 0.68661 0.7846 0.75893 0.69438 0.61196 0.56535 
362 1.3697 1.4666 1.538 1.5586 1.5692 1.5816 1.5926 1.6011 1.6103 1.6201 1.6223 1.6108 1.5949 1.582 1.567 1.5451 1.5192 1.494 1.471 1.4507 1.435 1.425 1.4217 1.4208 1.4139 1.403 1.396 1.3911 1.386 1.3785 1.3667 1.3535 1.3385 1.32 1.3042 1.2816 1.2647 1.2353 1.1921 1.1574 1.1224 1.0913 1.0587 1.0288 1.0001 0.97132 0.94383 0.91544 0.88869 0.86356 0.83806 0.81409 0.79017 0.76731 0.74565 0.72333 0.70295 0.68129 0.66073 0.64105 0.62099 0.60395 0.58623 0.57005 0.55506 0.53934 0.52451 0.50858 0.49397 0.47973 0.46554 0.45221 0.43794 0.42427 0.41098 0.39732 0.38508 0.37524 0.36486 0.35626 0.34683 0.33733 0.32866 0.31954 0.31089 0.30251 0.29452 0.29078 0.27933 0.31063 0.3444 0.3324 0.35702 0.48825 0.68684 0.78481 0.75906 0.69435 0.61158 0.56474 
362.5 1.3695 1.4663 1.5378 1.5584 1.569 1.5814 1.5924 1.601 1.6101 1.62 1.6221 1.6105 1.5947 1.5819 1.567 1.545 1.5189 1.4937 1.4708 1.4507 1.4349 1.4248 1.4214 1.4206 1.4138 1.403 1.3959 1.391 1.3859 1.3785 1.3667 1.3534 1.3385 1.32 1.3043 1.2815 1.2648 1.2353 1.1919 1.1572 1.1223 1.0913 1.0587 1.0288 0.99993 0.97113 0.94369 0.91544 0.88872 0.86354 0.83804 0.81408 0.79015 0.76729 0.74565 0.72343 0.703 0.68128 0.66077 0.64106 0.62098 0.60396 0.58625 0.57009 0.55517 0.53941 0.52455 0.50866 0.49405 0.47984 0.46563 0.45233 0.43799 0.42436 0.41108 0.39745 0.38512 0.37508 0.36478 0.35626 0.34699 0.33738 0.32866 0.31962 0.31097 0.30268 0.29468 0.29088 0.27941 0.31066 0.34437 0.33238 0.35706 0.4885 0.68745 0.78562 0.75979 0.69487 0.61148 0.56415 
363 1.3692 1.4661 1.5376 1.5582 1.5688 1.5813 1.5923 1.6009 1.6099 1.6199 1.622 1.6103 1.5945 1.5818 1.567 1.5449 1.5186 1.4934 1.4707 1.4507 1.4348 1.4246 1.4212 1.4204 1.4137 1.4029 1.3958 1.3909 1.3858 1.3784 1.3667 1.3533 1.3384 1.3201 1.3043 1.2815 1.2648 1.2353 1.1917 1.157 1.1222 1.0912 1.0586 1.0287 0.99979 0.97095 0.94356 0.91543 0.88876 0.86352 0.83802 0.81406 0.79012 0.76728 0.74564 0.72353 0.70305 0.68127 0.66082 0.64108 0.62096 0.60397 0.58627 0.57013 0.55528 0.53948 0.5246 0.50874 0.49414 0.47996 0.46572 0.45245 0.43803 0.42445 0.41119 0.39758 0.38515 0.37491 0.36469 0.35627 0.34715 0.33742 0.32867 0.31969 0.31105 0.30284 0.29485 0.29098 0.27948 0.31069 0.34433 0.33235 0.35711 0.48874 0.68807 0.78644 0.76052 0.69539 0.61138 0.56356 
363.5 1.369 1.4659 1.5374 1.558 1.5686 1.5811 1.5921 1.6007 1.6098 1.6198 1.6219 1.6101 1.5942 1.5817 1.567 1.5448 1.5184 1.4931 1.4705 1.4507 1.4347 1.4244 1.4209 1.4202 1.4136 1.4028 1.3957 1.3907 1.3857 1.3784 1.3667 1.3532 1.3383 1.3201 1.3043 1.2814 1.2648 1.2352 1.1915 1.1568 1.1221 1.0911 1.0586 1.0286 0.99965 0.97077 0.94343 0.91542 0.88879 0.8635 0.83799 0.81404 0.7901 0.76726 0.74563 0.72363 0.70309 0.68126 0.66086 0.64109 0.62095 0.60397 0.58629 0.57017 0.5554 0.53955 0.52464 0.50883 0.49423 0.48008 0.46581 0.45258 0.43807 0.42455 0.41129 0.39771 0.38518 0.37474 0.3646 0.35627 0.34731 0.33747 0.32868 0.31976 0.31113 0.303 0.29501 0.29108 0.27956 0.31071 0.34429 0.33233 0.35715 0.48899 0.68868 0.78726 0.76125 0.69591 0.61128 0.56296 
364 1.3689 1.4658 1.5372 1.5578 1.5684 1.5809 1.5919 1.6006 1.6097 1.6197 1.6217 1.61 1.5941 1.5812 1.5661 1.5443 1.5187 1.4936 1.4706 1.4505 1.4346 1.4244 1.4208 1.4201 1.4135 1.4027 1.3956 1.3907 1.3856 1.3783 1.3666 1.3532 1.3383 1.32 1.3042 1.2814 1.2647 1.235 1.1913 1.1567 1.1219 1.0909 1.0585 1.0285 0.99961 0.97077 0.94346 0.91538 0.88876 0.86347 0.83792 0.81398 0.7901 0.76728 0.74558 0.7236 0.70313 0.68125 0.66081 0.64113 0.62096 0.60392 0.58632 0.57019 0.55541 0.53963 0.52472 0.50894 0.49432 0.48011 0.46592 0.45267 0.43822 0.42468 0.41133 0.39775 0.38517 0.37482 0.36469 0.35632 0.34737 0.33756 0.32873 0.3198 0.3112 0.30304 0.29505 0.29105 0.27949 0.31069 0.34422 0.33211 0.35692 0.48888 0.68863 0.78732 0.7617 0.69657 0.6119 0.5636 
364.5 1.3688 1.4656 1.5371 1.5576 1.5682 1.5808 1.5918 1.6004 1.6095 1.6195 1.6215 1.61 1.594 1.5806 1.565 1.5436 1.5191 1.4943 1.4707 1.4501 1.4344 1.4245 1.4208 1.4199 1.4134 1.4026 1.3956 1.3907 1.3855 1.3782 1.3666 1.3532 1.3383 1.3197 1.304 1.2815 1.2645 1.2347 1.1912 1.1566 1.1218 1.0907 1.0583 1.0285 0.99961 0.97082 0.94353 0.91533 0.8887 0.86344 0.83785 0.81391 0.79011 0.7673 0.74552 0.72353 0.70317 0.68124 0.66074 0.64118 0.62098 0.60386 0.58634 0.57021 0.55541 0.53973 0.52481 0.50905 0.49441 0.48011 0.46604 0.45277 0.43839 0.42482 0.41135 0.39777 0.38516 0.37495 0.36481 0.35639 0.34741 0.33767 0.3288 0.31983 0.31126 0.30305 0.29505 0.29098 0.27937 0.31065 0.34414 0.33183 0.35661 0.48868 0.68841 0.78718 0.76208 0.69727 0.6127 0.56455 
365 1.3687 1.4655 1.5369 1.5575 1.5681 1.5806 1.5916 1.6003 1.6094 1.6193 1.6213 1.6099 1.594 1.5799 1.5638 1.543 1.5195 1.495 1.4708 1.4498 1.4343 1.4246 1.4207 1.4197 1.4133 1.4026 1.3956 1.3908 1.3854 1.3782 1.3666 1.3532 1.3382 1.3195 1.3039 1.2815 1.2644 1.2344 1.1911 1.1566 1.1216 1.0905 1.0581 1.0284 0.9996 0.97087 0.9436 0.91528 0.88864 0.86341 0.83777 0.81384 0.79012 0.76733 0.74547 0.72346 0.7032 0.68123 0.66067 0.64123 0.621 0.60379 0.58637 0.57022 0.5554 0.53982 0.5249 0.50916 0.49451 0.48011 0.46615 0.45286 0.43856 0.42496 0.41136 0.3978 0.38514 0.37508 0.36494 0.35646 0.34744 0.33778 0.32887 0.31985 0.31133 0.30306 0.29506 0.29091 0.27926 0.31061 0.34405 0.33156 0.3563 0.48848 0.68819 0.78705 0.76245 0.69797 0.6135 0.5655 
365.5 1.3686 1.4654 1.5368 1.5573 1.5679 1.5804 1.5915 1.6001 1.6093 1.6191 1.6211 1.6099 1.5939 1.5793 1.5627 1.5423 1.5199 1.4957 1.4708 1.4495 1.4342 1.4247 1.4206 1.4195 1.4132 1.4025 1.3956 1.3908 1.3853 1.3781 1.3666 1.3532 1.3382 1.3193 1.3037 1.2815 1.2642 1.2341 1.191 1.1565 1.1214 1.0902 1.0579 1.0284 0.99958 0.97092 0.94367 0.91523 0.88859 0.86338 0.83769 0.81377 0.79013 0.76735 0.74541 0.72339 0.70324 0.68122 0.6606 0.64128 0.62102 0.60373 0.5864 0.57024 0.5554 0.53991 0.52499 0.50927 0.4946 0.48011 0.46627 0.45295 0.43873 0.4251 0.41138 0.39782 0.38513 0.37521 0.36507 0.35652 0.34748 0.33789 0.32894 0.31988 0.31139 0.30306 0.29507 0.29085 0.27915 0.31057 0.34398 0.33129 0.356 0.48828 0.68798 0.78691 0.76281 0.69864 0.61428 0.56643 
366 1.3683 1.4652 1.5365 1.5571 1.5677 1.5803 1.5913 1.6 1.6091 1.6189 1.6209 1.6097 1.5937 1.5792 1.5625 1.5422 1.5198 1.4955 1.4707 1.4494 1.4341 1.4246 1.4206 1.4194 1.413 1.4024 1.3956 1.3908 1.3853 1.378 1.3665 1.3531 1.3382 1.3193 1.3036 1.2813 1.2641 1.234 1.1908 1.1563 1.1212 1.0902 1.0578 1.0281 0.99935 0.97073 0.94354 0.91517 0.88853 0.86333 0.83773 0.81389 0.79014 0.76733 0.74547 0.72339 0.70318 0.68126 0.66067 0.64134 0.62111 0.60378 0.58649 0.57041 0.55548 0.53993 0.52504 0.50929 0.49464 0.48027 0.46632 0.45304 0.43866 0.42508 0.4115 0.39798 0.38536 0.37536 0.36536 0.35663 0.3475 0.33799 0.32906 0.31991 0.31133 0.30309 0.29514 0.29097 0.27929 0.31064 0.34407 0.33142 0.35609 0.48828 0.6879 0.78678 0.76243 0.69823 0.61418 0.56646 
366.5 1.3681 1.4649 1.5363 1.5569 1.5675 1.5801 1.5911 1.5998 1.609 1.6187 1.6207 1.6095 1.5936 1.5791 1.5623 1.542 1.5197 1.4953 1.4705 1.4493 1.434 1.4245 1.4206 1.4194 1.4129 1.4023 1.3955 1.3908 1.3853 1.378 1.3664 1.353 1.3382 1.3194 1.3035 1.281 1.264 1.2339 1.1907 1.1562 1.1211 1.0901 1.0577 1.0278 0.99912 0.97055 0.94341 0.91512 0.88847 0.86329 0.83776 0.814 0.79016 0.76731 0.74554 0.72339 0.70313 0.68131 0.66075 0.6414 0.62121 0.60383 0.58658 0.57059 0.55556 0.53996 0.52509 0.50931 0.49468 0.48042 0.46636 0.45313 0.43859 0.42505 0.41161 0.39814 0.38558 0.37551 0.36565 0.35673 0.34752 0.3381 0.32917 0.31995 0.31127 0.30312 0.29522 0.29109 0.27942 0.31072 0.34417 0.33155 0.35619 0.48828 0.68782 0.78665 0.76205 0.69781 0.61407 0.56649 
367 1.3678 1.4647 1.5361 1.5567 1.5674 1.58 1.591 1.5996 1.6088 1.6185 1.6205 1.6093 1.5934 1.579 1.5621 1.5419 1.5195 1.4951 1.4703 1.4491 1.4339 1.4244 1.4206 1.4193 1.4127 1.4022 1.3955 1.3907 1.3853 1.3779 1.3664 1.353 1.3381 1.3194 1.3034 1.2808 1.2638 1.2339 1.1905 1.1561 1.121 1.09 1.0576 1.0276 0.99889 0.97036 0.94328 0.91506 0.88841 0.86325 0.83779 0.81411 0.79018 0.76729 0.7456 0.72339 0.70307 0.68135 0.66082 0.64147 0.6213 0.60388 0.58666 0.57076 0.55564 0.53998 0.52513 0.50933 0.49473 0.48058 0.46641 0.45322 0.43852 0.42503 0.41173 0.3983 0.38581 0.37565 0.36594 0.35683 0.34754 0.33821 0.32928 0.31998 0.3112 0.30314 0.2953 0.29122 0.27956 0.31079 0.34426 0.33169 0.35628 0.48827 0.68774 0.78652 0.76167 0.69739 0.61396 0.56652 
367.5 1.3676 1.4645 1.5359 1.5565 1.5672 1.5798 1.5908 1.5994 1.6086 1.6183 1.6203 1.6091 1.5933 1.5788 1.5619 1.5418 1.5194 1.4949 1.4701 1.449 1.4338 1.4242 1.4205 1.4192 1.4126 1.4021 1.3954 1.3907 1.3852 1.3778 1.3663 1.3529 1.3381 1.3194 1.3033 1.2806 1.2637 1.2337 1.1904 1.1559 1.1209 1.0899 1.0574 1.0274 0.99872 0.97022 0.94315 0.91498 0.88833 0.86323 0.83782 0.81418 0.79019 0.76726 0.74564 0.72341 0.70304 0.68139 0.66088 0.64151 0.62139 0.60396 0.58676 0.5709 0.55573 0.54001 0.52518 0.50936 0.49477 0.48069 0.46646 0.4533 0.43854 0.42509 0.41185 0.39843 0.38596 0.37574 0.36617 0.35694 0.34758 0.33831 0.32939 0.32004 0.3112 0.30317 0.29537 0.29132 0.27968 0.31088 0.34438 0.33183 0.35639 0.48827 0.68763 0.78633 0.76128 0.69699 0.61381 0.56646 
368 1.3674 1.4643 1.5357 1.5563 1.567 1.5796 1.5906 1.5992 1.6085 1.6182 1.6202 1.6089 1.5932 1.5786 1.5618 1.5417 1.5194 1.4948 1.47 1.4489 1.4336 1.4241 1.4204 1.4192 1.4126 1.402 1.3951 1.3905 1.3851 1.3777 1.3661 1.3528 1.338 1.3194 1.3034 1.2807 1.2636 1.2334 1.1901 1.1557 1.1207 1.0898 1.0574 1.0274 0.99874 0.97018 0.94301 0.91483 0.88821 0.86324 0.83785 0.8141 0.79016 0.7672 0.74562 0.72351 0.70309 0.68138 0.6609 0.64153 0.62144 0.60411 0.58686 0.57097 0.55582 0.54005 0.52522 0.50946 0.49482 0.48069 0.46654 0.45338 0.43885 0.42539 0.41198 0.39847 0.38588 0.37566 0.36622 0.35707 0.34764 0.33843 0.32947 0.32018 0.31137 0.30322 0.29541 0.29138 0.27974 0.31101 0.34455 0.33201 0.35652 0.48826 0.68741 0.78593 0.76084 0.69667 0.61354 0.56614 
368.5 1.3671 1.4641 1.5356 1.5562 1.5669 1.5795 1.5905 1.5991 1.6083 1.6182 1.62 1.6087 1.5931 1.5784 1.5616 1.5416 1.5194 1.4946 1.4698 1.4488 1.4334 1.4239 1.4203 1.4191 1.4125 1.4018 1.3949 1.3902 1.385 1.3775 1.3659 1.3527 1.3379 1.3194 1.3036 1.2809 1.2635 1.2331 1.1898 1.1554 1.1206 1.0897 1.0573 1.0273 0.99876 0.97014 0.94287 0.91468 0.88809 0.86326 0.83788 0.81401 0.79012 0.76715 0.74561 0.7236 0.70314 0.68138 0.66092 0.64154 0.62149 0.60426 0.58697 0.57103 0.55591 0.54009 0.52526 0.50955 0.49486 0.48069 0.46662 0.45346 0.43916 0.42569 0.41212 0.39852 0.3858 0.37559 0.36626 0.3572 0.34771 0.33855 0.32955 0.32032 0.31153 0.30326 0.29545 0.29144 0.2798 0.31114 0.34472 0.33218 0.35665 0.48825 0.6872 0.78554 0.7604 0.69634 0.61327 0.56582 
369 1.3669 1.4639 1.5354 1.556 1.5667 1.5793 1.5903 1.5989 1.6082 1.6181 1.6199 1.6085 1.5929 1.5783 1.5614 1.5416 1.5194 1.4945 1.4696 1.4487 1.4332 1.4238 1.4201 1.419 1.4125 1.4017 1.3947 1.39 1.3849 1.3774 1.3657 1.3526 1.3377 1.3193 1.3037 1.281 1.2633 1.2328 1.1895 1.1552 1.1204 1.0896 1.0572 1.0273 0.99878 0.9701 0.94273 0.91453 0.88797 0.86327 0.8379 0.81393 0.79009 0.7671 0.74559 0.7237 0.70318 0.68138 0.66094 0.64155 0.62154 0.60441 0.58708 0.57109 0.55601 0.54013 0.52529 0.50964 0.49491 0.48069 0.4667 0.45354 0.43947 0.42599 0.41225 0.39856 0.38572 0.37551 0.36631 0.35734 0.34778 0.33867 0.32962 0.32046 0.3117 0.30331 0.2955 0.29149 0.27987 0.31128 0.34489 0.33236 0.35677 0.48824 0.68699 0.78515 0.75996 0.69602 0.61299 0.5655 
369.5 1.3667 1.4637 1.5352 1.5558 1.5665 1.5791 1.5902 1.5988 1.608 1.6179 1.6197 1.6084 1.5928 1.5781 1.5613 1.5415 1.5193 1.4943 1.4695 1.4486 1.4331 1.4237 1.42 1.4189 1.4124 1.4016 1.3945 1.3899 1.3848 1.3773 1.3655 1.3525 1.3377 1.3193 1.3038 1.2811 1.2632 1.2325 1.1894 1.1551 1.1203 1.0894 1.0571 1.0273 0.99876 0.97004 0.94264 0.91443 0.8879 0.86321 0.8379 0.81389 0.79004 0.76708 0.74557 0.72371 0.70318 0.68136 0.66095 0.64158 0.6216 0.60449 0.58713 0.57112 0.5561 0.54018 0.52532 0.5097 0.49495 0.48077 0.46678 0.4536 0.43953 0.42605 0.41229 0.3986 0.38587 0.37561 0.36641 0.35746 0.34788 0.3388 0.32972 0.3206 0.31186 0.30343 0.29558 0.29158 0.27997 0.3114 0.34502 0.33253 0.35696 0.48843 0.68721 0.78543 0.76036 0.69631 0.61308 0.56557 
370 1.3666 1.4636 1.5351 1.5557 1.5664 1.579 1.59 1.5986 1.6078 1.6177 1.6195 1.6082 1.5926 1.578 1.5612 1.5415 1.5191 1.4942 1.4693 1.4483 1.433 1.4236 1.4198 1.4188 1.4123 1.4015 1.3946 1.39 1.3848 1.3773 1.3655 1.3525 1.3377 1.3192 1.3038 1.2812 1.2632 1.2323 1.1893 1.155 1.1202 1.0893 1.057 1.0273 0.9987 0.96996 0.9426 0.91438 0.88788 0.86308 0.83785 0.8139 0.78997 0.76709 0.74553 0.72363 0.70313 0.68133 0.66096 0.64165 0.62167 0.60449 0.58713 0.57112 0.55619 0.54023 0.52533 0.50971 0.49498 0.48092 0.46686 0.45364 0.43931 0.42585 0.41222 0.39864 0.38627 0.37593 0.36658 0.35757 0.34802 0.33895 0.32982 0.32072 0.31203 0.30364 0.2957 0.29171 0.28013 0.3115 0.34512 0.33268 0.35722 0.48884 0.6879 0.78644 0.76169 0.69729 0.61355 0.56606 
370.5 1.3665 1.4634 1.5349 1.5555 1.5662 1.5788 1.5899 1.5985 1.6077 1.6175 1.6194 1.6081 1.5924 1.5778 1.5612 1.5414 1.5188 1.494 1.4692 1.4481 1.433 1.4235 1.4196 1.4187 1.4122 1.4015 1.3946 1.39 1.3849 1.3773 1.3655 1.3525 1.3377 1.3192 1.3037 1.2813 1.2631 1.2321 1.1892 1.1549 1.12 1.0892 1.0569 1.0273 0.99864 0.96989 0.94255 0.91434 0.88786 0.86295 0.8378 0.81392 0.78989 0.76709 0.7455 0.72355 0.70308 0.68131 0.66097 0.64171 0.62174 0.60449 0.58713 0.57112 0.55628 0.54028 0.52534 0.50973 0.49502 0.48108 0.46693 0.45368 0.4391 0.42566 0.41215 0.39869 0.38667 0.37624 0.36674 0.35768 0.34816 0.33909 0.32993 0.32084 0.31219 0.30384 0.29582 0.29184 0.28028 0.31161 0.34521 0.33284 0.35748 0.48924 0.68858 0.78745 0.76302 0.69827 0.61403 0.56655 
371 1.3664 1.4633 1.5348 1.5553 1.566 1.5786 1.5897 1.5983 1.6075 1.6173 1.6192 1.608 1.5923 1.5777 1.5611 1.5414 1.5186 1.4938 1.469 1.4479 1.4329 1.4234 1.4194 1.4185 1.4121 1.4014 1.3946 1.3901 1.3849 1.3773 1.3655 1.3525 1.3377 1.3191 1.3037 1.2814 1.263 1.2319 1.1891 1.1548 1.1199 1.0891 1.0568 1.0273 0.99858 0.96981 0.94251 0.9143 0.88784 0.86282 0.83775 0.81393 0.78982 0.7671 0.74546 0.72347 0.70302 0.68128 0.66098 0.64177 0.6218 0.60449 0.58713 0.57112 0.55638 0.54033 0.52535 0.50974 0.49505 0.48123 0.46701 0.45372 0.43888 0.42546 0.41209 0.39873 0.38707 0.37655 0.36691 0.35779 0.3483 0.33924 0.33004 0.32096 0.31236 0.30405 0.29595 0.29197 0.28043 0.31171 0.34531 0.33299 0.35773 0.48965 0.68927 0.78846 0.76435 0.69924 0.61451 0.56704 
371.5 1.3662 1.4631 1.5346 1.5552 1.5658 1.5785 1.5895 1.5982 1.6074 1.6171 1.6191 1.6078 1.5921 1.5775 1.561 1.5412 1.5184 1.4937 1.4689 1.4477 1.4328 1.4234 1.4194 1.4184 1.412 1.4013 1.3945 1.39 1.3848 1.3773 1.3654 1.3524 1.3377 1.3191 1.3037 1.2814 1.2629 1.2316 1.1889 1.1546 1.1198 1.089 1.0567 1.0272 0.99849 0.96976 0.9425 0.91428 0.88783 0.86278 0.83769 0.81389 0.78978 0.76709 0.74545 0.72348 0.70308 0.68137 0.6611 0.6418 0.6218 0.60456 0.58717 0.57118 0.55651 0.54047 0.52545 0.50981 0.49512 0.48128 0.46706 0.45379 0.4389 0.42544 0.41212 0.39878 0.38712 0.37674 0.36704 0.35788 0.34845 0.33931 0.33015 0.32105 0.31243 0.30414 0.29602 0.29209 0.28056 0.31179 0.34537 0.33309 0.3579 0.48987 0.68939 0.7884 0.76418 0.69891 0.61423 0.56695 
372 1.366 1.4629 1.5344 1.555 1.5656 1.5783 1.5893 1.598 1.6073 1.617 1.6189 1.6076 1.5919 1.5773 1.5607 1.5408 1.5182 1.4936 1.4687 1.4476 1.4327 1.4234 1.4194 1.4182 1.4118 1.4011 1.3944 1.3898 1.3847 1.3773 1.3654 1.3523 1.3377 1.3192 1.3036 1.2813 1.2628 1.2314 1.1886 1.1544 1.1197 1.089 1.0566 1.027 0.99839 0.96972 0.94251 0.91429 0.88784 0.86278 0.83764 0.81384 0.78974 0.76707 0.74545 0.72352 0.70317 0.68151 0.66126 0.64181 0.62178 0.60465 0.58724 0.57126 0.55667 0.54066 0.52558 0.50989 0.49521 0.4813 0.4671 0.45386 0.43902 0.42548 0.41218 0.39884 0.38701 0.37687 0.36716 0.35796 0.3486 0.33934 0.33027 0.32114 0.31246 0.30418 0.29608 0.2922 0.28067 0.31186 0.34543 0.33315 0.35803 0.49002 0.68926 0.78789 0.76338 0.69803 0.61364 0.56662 
372.5 1.3657 1.4626 1.5341 1.5548 1.5655 1.5781 1.5892 1.5978 1.6071 1.6169 1.6187 1.6075 1.5917 1.5772 1.5605 1.5405 1.518 1.4934 1.4685 1.4474 1.4326 1.4234 1.4193 1.418 1.4116 1.401 1.3942 1.3896 1.3845 1.3773 1.3653 1.3521 1.3377 1.3193 1.3035 1.2813 1.2627 1.2312 1.1884 1.1542 1.1196 1.0889 1.0565 1.0269 0.99829 0.96968 0.94252 0.91429 0.88784 0.86278 0.83758 0.81378 0.78971 0.76705 0.74544 0.72357 0.70327 0.68165 0.66142 0.64182 0.62175 0.60475 0.58731 0.57134 0.55682 0.54085 0.52571 0.50998 0.4953 0.48131 0.46714 0.45394 0.43913 0.42553 0.41225 0.3989 0.38691 0.377 0.36728 0.35804 0.34875 0.33938 0.33038 0.32122 0.3125 0.30422 0.29613 0.29231 0.28078 0.31194 0.34549 0.33322 0.35816 0.49017 0.68913 0.78739 0.76259 0.69714 0.61306 0.56628 
373 1.3654 1.4624 1.5339 1.5546 1.5653 1.5779 1.589 1.5977 1.607 1.6167 1.6185 1.6073 1.5915 1.577 1.5603 1.5402 1.5179 1.4933 1.4684 1.4473 1.4324 1.4234 1.4193 1.4178 1.4114 1.4008 1.3941 1.3894 1.3844 1.3773 1.3653 1.352 1.3377 1.3194 1.3035 1.2812 1.2626 1.231 1.1881 1.154 1.1195 1.0889 1.0564 1.0268 0.99819 0.96963 0.94253 0.91429 0.88784 0.86278 0.83752 0.81372 0.78968 0.76702 0.74544 0.72362 0.70337 0.68179 0.66158 0.64183 0.62172 0.60484 0.58737 0.57143 0.55698 0.54103 0.52585 0.51006 0.49539 0.48133 0.46718 0.45401 0.43925 0.42558 0.41231 0.39895 0.38681 0.37713 0.3674 0.35812 0.3489 0.33941 0.33049 0.3213 0.31254 0.30426 0.29619 0.29242 0.28089 0.31201 0.34555 0.33329 0.35829 0.49032 0.689 0.78688 0.76179 0.69626 0.61247 0.56595 
373.5 1.3653 1.4622 1.5338 1.5544 1.5651 1.5777 1.5888 1.5975 1.6068 1.6166 1.6184 1.6071 1.5913 1.5768 1.5602 1.5401 1.5177 1.4932 1.4683 1.4472 1.4322 1.4231 1.4191 1.4177 1.4114 1.4008 1.394 1.3893 1.3844 1.3772 1.3652 1.3519 1.3377 1.3194 1.3035 1.2813 1.2624 1.2307 1.1879 1.1539 1.1194 1.0886 1.0564 1.0267 0.99792 0.9692 0.94206 0.91426 0.88807 0.86303 0.83759 0.81372 0.78978 0.76707 0.74553 0.72371 0.7034 0.6818 0.66151 0.64185 0.62181 0.60488 0.58741 0.57144 0.5569 0.54109 0.52596 0.51013 0.49548 0.48136 0.46725 0.4541 0.43928 0.42569 0.41242 0.39911 0.38698 0.37718 0.36746 0.35817 0.34888 0.33941 0.33058 0.32142 0.31263 0.30431 0.29623 0.29244 0.28086 0.31196 0.34548 0.33317 0.35809 0.49002 0.68873 0.78672 0.76179 0.69637 0.61255 0.56599 
374 1.3652 1.4621 1.5336 1.5543 1.5649 1.5776 1.5887 1.5974 1.6067 1.6165 1.6183 1.607 1.5911 1.5766 1.5601 1.5401 1.5176 1.493 1.4682 1.4471 1.4321 1.4229 1.419 1.4176 1.4114 1.4008 1.3939 1.3892 1.3843 1.3772 1.3651 1.3517 1.3376 1.3194 1.3035 1.2813 1.2623 1.2304 1.1877 1.1538 1.1192 1.0883 1.0563 1.0266 0.99765 0.96875 0.94155 0.91422 0.88831 0.86329 0.83767 0.81372 0.78989 0.76711 0.74562 0.7238 0.70343 0.68179 0.66143 0.64186 0.62192 0.6049 0.58745 0.57145 0.5568 0.54114 0.52606 0.51019 0.49557 0.48139 0.46733 0.45419 0.4393 0.42579 0.41252 0.39928 0.38718 0.37722 0.36751 0.35821 0.34884 0.33941 0.33067 0.32154 0.31272 0.30436 0.29627 0.29244 0.28082 0.31191 0.3454 0.33305 0.35785 0.4897 0.68845 0.78658 0.76186 0.69656 0.61267 0.56605 
374.5 1.365 1.4619 1.5335 1.5541 1.5648 1.5774 1.5885 1.5972 1.6065 1.6163 1.6182 1.6069 1.591 1.5764 1.56 1.54 1.5175 1.4929 1.4681 1.447 1.4319 1.4226 1.4188 1.4175 1.4114 1.4009 1.3938 1.3891 1.3843 1.3771 1.365 1.3516 1.3375 1.3194 1.3035 1.2814 1.2622 1.2302 1.1875 1.1537 1.1191 1.0881 1.0563 1.0265 0.99737 0.96829 0.94104 0.91419 0.88855 0.86356 0.83776 0.81372 0.79 0.76716 0.74571 0.72388 0.70346 0.68179 0.66135 0.64188 0.62202 0.60493 0.58749 0.57146 0.5567 0.54119 0.52617 0.51025 0.49566 0.48142 0.4674 0.45428 0.43933 0.4259 0.41263 0.39945 0.38738 0.37726 0.36756 0.35825 0.3488 0.33941 0.33075 0.32165 0.31282 0.30441 0.29631 0.29245 0.28078 0.31185 0.34532 0.33292 0.35762 0.48938 0.68817 0.78644 0.76192 0.69675 0.6128 0.56611 
375 1.3649 1.4618 1.5333 1.5539 1.5646 1.5773 1.5884 1.5971 1.6063 1.6162 1.618 1.6068 1.5908 1.5763 1.5599 1.5399 1.5174 1.4928 1.4681 1.4469 1.4317 1.4224 1.4186 1.4175 1.4113 1.4009 1.3937 1.3891 1.3842 1.3771 1.365 1.3515 1.3374 1.3193 1.3035 1.2814 1.262 1.2299 1.1873 1.1537 1.119 1.0878 1.0562 1.0264 0.99714 0.9679 0.94061 0.91413 0.88871 0.86375 0.83783 0.81373 0.79007 0.76719 0.74578 0.72395 0.70349 0.6818 0.6613 0.64192 0.62211 0.60495 0.58753 0.57147 0.55663 0.54123 0.52627 0.51033 0.49574 0.48147 0.46748 0.45435 0.43936 0.42599 0.41273 0.39961 0.38756 0.37731 0.36761 0.35829 0.34878 0.33942 0.33083 0.32177 0.31292 0.30446 0.29635 0.29247 0.28077 0.31183 0.34529 0.33285 0.35747 0.48917 0.688 0.78637 0.76199 0.69689 0.61286 0.5661 
375.5 1.3647 1.4616 1.5331 1.5538 1.5645 1.5771 1.5882 1.5969 1.6062 1.6159 1.6179 1.6067 1.5908 1.5763 1.5597 1.5398 1.5172 1.4926 1.468 1.4468 1.4316 1.4223 1.4185 1.4174 1.4112 1.4007 1.3937 1.3891 1.3841 1.3769 1.365 1.3516 1.3374 1.3193 1.3035 1.2814 1.2621 1.2299 1.1871 1.1534 1.1188 1.0878 1.0561 1.0263 0.99716 0.96786 0.94061 0.91399 0.88844 0.86353 0.83784 0.81376 0.78998 0.76714 0.74574 0.7239 0.70355 0.68188 0.66144 0.64209 0.62212 0.60499 0.58757 0.57146 0.55668 0.54124 0.52634 0.51049 0.4958 0.4816 0.46756 0.45436 0.43944 0.42607 0.41282 0.39974 0.38769 0.37741 0.36764 0.35837 0.34887 0.33953 0.33089 0.32185 0.31308 0.30447 0.29638 0.29255 0.28091 0.31201 0.34549 0.33312 0.35781 0.48959 0.68842 0.78667 0.76214 0.69685 0.61258 0.56569 
376 1.3646 1.4615 1.533 1.5536 1.5643 1.577 1.5881 1.5968 1.606 1.6157 1.6177 1.6066 1.5909 1.5763 1.5596 1.5397 1.5171 1.4925 1.4679 1.4467 1.4315 1.4222 1.4184 1.4173 1.411 1.4005 1.3937 1.3891 1.384 1.3767 1.365 1.3517 1.3373 1.3192 1.3035 1.2814 1.2621 1.2298 1.1869 1.1532 1.1187 1.0878 1.0559 1.0262 0.99717 0.96782 0.94061 0.91385 0.88816 0.86332 0.83785 0.81379 0.78988 0.76709 0.7457 0.72386 0.7036 0.68196 0.66158 0.64226 0.62212 0.60502 0.58761 0.57145 0.55674 0.54124 0.5264 0.51065 0.49586 0.48172 0.46765 0.45436 0.43952 0.42614 0.41291 0.39987 0.38781 0.37752 0.36767 0.35845 0.34897 0.33964 0.33096 0.32193 0.31323 0.30449 0.29641 0.29264 0.28104 0.31218 0.3457 0.33338 0.35814 0.49001 0.68883 0.78697 0.76229 0.6968 0.61229 0.56529 
376.5 1.3644 1.4613 1.5328 1.5535 1.5642 1.5768 1.5879 1.5966 1.6059 1.6155 1.6175 1.6065 1.5909 1.5764 1.5594 1.5395 1.5169 1.4923 1.4679 1.4466 1.4314 1.4221 1.4183 1.4172 1.4108 1.4003 1.3936 1.3892 1.3839 1.3766 1.3651 1.3518 1.3372 1.3191 1.3035 1.2814 1.2622 1.2298 1.1868 1.153 1.1185 1.0877 1.0558 1.0262 0.99719 0.96779 0.94061 0.9137 0.88789 0.86311 0.83786 0.81383 0.78978 0.76703 0.74566 0.72381 0.70366 0.68204 0.66171 0.64243 0.62213 0.60505 0.58765 0.57144 0.5568 0.54125 0.52647 0.51081 0.49592 0.48185 0.46774 0.45437 0.4396 0.42621 0.413 0.4 0.38794 0.37762 0.3677 0.35853 0.34906 0.33974 0.33102 0.32202 0.31338 0.3045 0.29644 0.29272 0.28117 0.31235 0.34591 0.33364 0.35847 0.49042 0.68925 0.78727 0.76243 0.69675 0.61201 0.56488 
377 1.3642 1.4611 1.5327 1.5533 1.564 1.5767 1.5878 1.5965 1.6057 1.6153 1.6174 1.6064 1.5908 1.5763 1.5593 1.5394 1.5168 1.4922 1.4678 1.4465 1.4313 1.4219 1.4182 1.4171 1.4107 1.4003 1.3936 1.3891 1.3838 1.3765 1.3651 1.3519 1.3372 1.3191 1.3035 1.2814 1.2621 1.2296 1.1866 1.1528 1.1184 1.0877 1.0556 1.0261 0.99718 0.96778 0.94066 0.91362 0.88773 0.86298 0.83783 0.81383 0.78974 0.76705 0.74566 0.72378 0.70369 0.68205 0.66177 0.64255 0.62217 0.60509 0.58772 0.57149 0.55686 0.54129 0.52652 0.51086 0.49595 0.4819 0.46778 0.45442 0.43974 0.42628 0.41311 0.40009 0.388 0.37772 0.36776 0.35863 0.34913 0.33985 0.33106 0.32208 0.31351 0.30459 0.29653 0.29282 0.28128 0.31251 0.3461 0.33385 0.35872 0.49073 0.68956 0.78747 0.76248 0.69668 0.61179 0.56457 
377.5 1.3641 1.4609 1.5325 1.5532 1.5638 1.5765 1.5876 1.5963 1.6056 1.6152 1.6173 1.6062 1.5905 1.576 1.5592 1.5393 1.5167 1.4921 1.4676 1.4465 1.4312 1.4218 1.418 1.417 1.4107 1.4004 1.3936 1.389 1.3837 1.3765 1.365 1.3518 1.3374 1.3191 1.3034 1.2815 1.2619 1.2292 1.1865 1.1526 1.1182 1.0875 1.0554 1.0259 0.99712 0.96782 0.94076 0.91364 0.88774 0.86296 0.83773 0.81379 0.78977 0.76719 0.74573 0.72377 0.70367 0.68194 0.66169 0.64259 0.62226 0.60514 0.58781 0.57164 0.55694 0.54136 0.52655 0.51073 0.49592 0.48186 0.46774 0.45455 0.43999 0.42636 0.41324 0.4001 0.38796 0.3778 0.36784 0.35877 0.34917 0.33993 0.33108 0.3221 0.31359 0.30479 0.29672 0.29293 0.28137 0.31264 0.34626 0.33398 0.35884 0.49085 0.68968 0.7875 0.76238 0.69656 0.61168 0.56442 
378 1.3639 1.4608 1.5323 1.553 1.5637 1.5763 1.5875 1.5962 1.6055 1.6151 1.6172 1.6061 1.5903 1.5758 1.5591 1.5391 1.5166 1.492 1.4675 1.4464 1.4312 1.4217 1.4179 1.4169 1.4107 1.4005 1.3937 1.3888 1.3836 1.3765 1.3649 1.3518 1.3375 1.3192 1.3034 1.2816 1.2616 1.2289 1.1863 1.1524 1.1181 1.0874 1.0552 1.0257 0.99706 0.96786 0.94087 0.91366 0.88775 0.86294 0.83764 0.81374 0.7898 0.76732 0.74579 0.72375 0.70365 0.68184 0.66162 0.64263 0.62235 0.6052 0.5879 0.57179 0.55701 0.54144 0.52658 0.51059 0.4959 0.48181 0.46771 0.45468 0.44024 0.42644 0.41337 0.40012 0.38792 0.37787 0.36793 0.35891 0.34921 0.34002 0.33109 0.32212 0.31368 0.30498 0.29691 0.29305 0.28146 0.31276 0.34642 0.33411 0.35896 0.49097 0.68981 0.78753 0.76227 0.69645 0.61156 0.56426 
378.5 1.3637 1.4606 1.5321 1.5528 1.5635 1.5762 1.5873 1.596 1.6053 1.615 1.6171 1.6059 1.59 1.5755 1.559 1.539 1.5165 1.4919 1.4673 1.4463 1.4311 1.4215 1.4177 1.4169 1.4107 1.4006 1.3937 1.3886 1.3835 1.3765 1.3649 1.3518 1.3377 1.3192 1.3034 1.2817 1.2614 1.2285 1.1862 1.1523 1.118 1.0872 1.0549 1.0255 0.997 0.9679 0.94097 0.91368 0.88776 0.86291 0.83754 0.8137 0.78983 0.76746 0.74585 0.72374 0.70364 0.68173 0.66155 0.64267 0.62245 0.60526 0.588 0.57194 0.55709 0.54152 0.52661 0.51046 0.49587 0.48176 0.46768 0.45481 0.44049 0.42652 0.41351 0.40014 0.38787 0.37795 0.36802 0.35905 0.34924 0.34011 0.3311 0.32214 0.31377 0.30518 0.29709 0.29317 0.28155 0.31289 0.34659 0.33425 0.35908 0.49109 0.68993 0.78755 0.76217 0.69634 0.61145 0.56411 
379 1.3635 1.4604 1.5319 1.5526 1.5633 1.576 1.5871 1.5959 1.6052 1.6149 1.617 1.6058 1.5898 1.5753 1.5588 1.5389 1.5164 1.4918 1.4671 1.4462 1.431 1.4214 1.4176 1.4168 1.4107 1.4006 1.3936 1.3886 1.3835 1.3765 1.3649 1.3518 1.3377 1.3193 1.3034 1.2818 1.2612 1.2282 1.186 1.1521 1.1178 1.087 1.0548 1.0254 0.99684 0.96782 0.9409 0.91361 0.88777 0.86288 0.83748 0.81367 0.78985 0.76749 0.74591 0.72376 0.70353 0.68161 0.66143 0.64266 0.62263 0.60539 0.58807 0.572 0.55708 0.54158 0.5267 0.51053 0.49598 0.48186 0.46776 0.45492 0.44064 0.42664 0.4136 0.40022 0.38791 0.378 0.36811 0.35914 0.34933 0.34018 0.33118 0.32224 0.31383 0.30526 0.29716 0.29321 0.2816 0.31297 0.34664 0.33426 0.35904 0.49101 0.68978 0.78736 0.762 0.69623 0.61148 0.56425 
379.5 1.3632 1.4602 1.5318 1.5524 1.5632 1.5759 1.587 1.5957 1.6051 1.6148 1.6168 1.6056 1.5898 1.5752 1.5586 1.5387 1.5163 1.4917 1.4669 1.446 1.4309 1.4213 1.4175 1.4166 1.4106 1.4005 1.3935 1.3885 1.3835 1.3764 1.3649 1.3519 1.3377 1.3193 1.3034 1.2818 1.2611 1.228 1.1858 1.1519 1.1176 1.0868 1.0548 1.0254 0.99661 0.96765 0.94071 0.91349 0.88777 0.86285 0.83744 0.81365 0.78986 0.76746 0.74598 0.72379 0.70336 0.68147 0.66129 0.64261 0.62287 0.60558 0.58815 0.57199 0.55702 0.54164 0.52684 0.51074 0.49616 0.48205 0.46792 0.45501 0.44072 0.42679 0.41368 0.40033 0.38799 0.37802 0.36821 0.35921 0.34946 0.34023 0.33129 0.32239 0.31387 0.30526 0.29716 0.29321 0.28163 0.313 0.34662 0.33419 0.35892 0.49081 0.68945 0.78701 0.76178 0.69611 0.61161 0.56458 
380 1.363 1.46 1.5316 1.5523 1.563 1.5757 1.5869 1.5956 1.6049 1.6147 1.6166 1.6055 1.5897 1.575 1.5584 1.5385 1.5162 1.4916 1.4668 1.4459 1.4309 1.4212 1.4174 1.4165 1.4105 1.4004 1.3934 1.3885 1.3835 1.3764 1.3649 1.3519 1.3376 1.3193 1.3035 1.2818 1.2611 1.2277 1.1856 1.1517 1.1173 1.0866 1.0547 1.0253 0.99639 0.96749 0.94052 0.91336 0.88777 0.86281 0.8374 0.81363 0.78986 0.76743 0.74604 0.72383 0.7032 0.68134 0.66114 0.64257 0.6231 0.60576 0.58822 0.57198 0.55696 0.54169 0.52698 0.51094 0.49634 0.48224 0.46807 0.45511 0.4408 0.42694 0.41376 0.40044 0.38807 0.37804 0.3683 0.35927 0.34958 0.34028 0.33141 0.32253 0.31391 0.30527 0.29715 0.29321 0.28165 0.31303 0.34659 0.33412 0.3588 0.4906 0.68912 0.78667 0.76157 0.696 0.61174 0.56491 
380.5 1.3627 1.4598 1.5314 1.5521 1.5628 1.5756 1.5867 1.5955 1.6048 1.6146 1.6164 1.6053 1.5896 1.5749 1.5583 1.5384 1.516 1.4915 1.4666 1.4458 1.4308 1.4211 1.4173 1.4164 1.4104 1.4002 1.3933 1.3885 1.3836 1.3764 1.3649 1.352 1.3376 1.3194 1.3035 1.2818 1.261 1.2275 1.1854 1.1515 1.1171 1.0864 1.0546 1.0252 0.99616 0.96732 0.94033 0.91324 0.88776 0.86278 0.83736 0.81361 0.78987 0.7674 0.7461 0.72386 0.70304 0.6812 0.661 0.64252 0.62334 0.60594 0.58829 0.57197 0.55689 0.54174 0.52712 0.51115 0.49653 0.48243 0.46822 0.4552 0.44088 0.42709 0.41384 0.40055 0.38815 0.37807 0.36839 0.35933 0.34971 0.34033 0.33152 0.32268 0.31395 0.30527 0.29714 0.2932 0.28168 0.31307 0.34657 0.33405 0.35867 0.4904 0.68878 0.78633 0.76136 0.69588 0.61187 0.56524 
381 1.3625 1.4596 1.5312 1.5519 1.5627 1.5754 1.5866 1.5953 1.6047 1.6144 1.6163 1.6052 1.5895 1.5747 1.5581 1.5382 1.5159 1.4913 1.4664 1.4457 1.4307 1.4211 1.4173 1.4162 1.4102 1.4002 1.3933 1.3884 1.3835 1.3764 1.365 1.352 1.3376 1.3194 1.3037 1.2819 1.2609 1.2271 1.185 1.1513 1.117 1.0863 1.0545 1.0251 0.99608 0.96729 0.94032 0.91317 0.8877 0.86274 0.83733 0.81359 0.78987 0.76738 0.74604 0.72383 0.70305 0.68127 0.66109 0.64258 0.62342 0.60603 0.58831 0.57212 0.55711 0.54182 0.52715 0.51119 0.49662 0.48255 0.46832 0.4553 0.4409 0.42714 0.414 0.40054 0.38823 0.37816 0.36832 0.3594 0.34979 0.34038 0.33164 0.32275 0.314 0.30536 0.29722 0.29327 0.28176 0.3131 0.34657 0.33407 0.35871 0.49049 0.68905 0.78683 0.762 0.69651 0.61226 0.56545 
381.5 1.3623 1.4594 1.531 1.5517 1.5625 1.5752 1.5864 1.5952 1.6045 1.6143 1.6161 1.605 1.5893 1.5746 1.5579 1.538 1.5157 1.491 1.4663 1.4456 1.4306 1.4212 1.4173 1.4161 1.41 1.4001 1.3933 1.3884 1.3833 1.3764 1.3651 1.3521 1.3376 1.3195 1.3038 1.282 1.2608 1.2267 1.1846 1.1511 1.1169 1.0862 1.0544 1.025 0.99602 0.96729 0.94034 0.91312 0.88762 0.8627 0.83729 0.81355 0.78987 0.76735 0.74594 0.72379 0.7031 0.68137 0.66124 0.64266 0.62346 0.60609 0.58834 0.57228 0.55737 0.5419 0.52717 0.51121 0.49669 0.48266 0.46841 0.45539 0.4409 0.42718 0.41417 0.40052 0.38831 0.37826 0.36821 0.35947 0.34985 0.34043 0.33176 0.32282 0.31405 0.30547 0.29731 0.29336 0.28185 0.31312 0.34658 0.33411 0.35877 0.49064 0.68943 0.7875 0.7628 0.69728 0.6127 0.56564 
382 1.3622 1.4592 1.5309 1.5516 1.5623 1.5751 1.5863 1.595 1.6043 1.6141 1.616 1.6048 1.5892 1.5745 1.5578 1.5378 1.5154 1.4908 1.4662 1.4455 1.4305 1.4212 1.4173 1.4159 1.4098 1.4001 1.3933 1.3883 1.3832 1.3763 1.3652 1.3521 1.3376 1.3195 1.3039 1.2821 1.2607 1.2263 1.1842 1.1509 1.1168 1.0862 1.0543 1.0249 0.99596 0.96729 0.94037 0.91307 0.88754 0.86266 0.83725 0.81352 0.78987 0.76733 0.74585 0.72375 0.70315 0.68148 0.66138 0.64274 0.62351 0.60615 0.58836 0.57245 0.55764 0.54199 0.52718 0.51123 0.49676 0.48277 0.46849 0.45549 0.4409 0.42721 0.41434 0.40049 0.38839 0.37837 0.36811 0.35953 0.34992 0.34047 0.33188 0.32288 0.3141 0.30557 0.2974 0.29344 0.28194 0.31315 0.34659 0.33414 0.35883 0.49078 0.68981 0.78816 0.76361 0.69804 0.61313 0.56583 
382.5 1.362 1.459 1.5307 1.5514 1.5622 1.5749 1.5861 1.5949 1.6042 1.6139 1.6158 1.6047 1.589 1.5744 1.5576 1.5376 1.5152 1.4905 1.466 1.4454 1.4305 1.4213 1.4173 1.4158 1.4097 1.4 1.3933 1.3883 1.3831 1.3763 1.3652 1.3521 1.3376 1.3196 1.304 1.2822 1.2606 1.2259 1.1838 1.1507 1.1167 1.0861 1.0542 1.0247 0.99591 0.96727 0.94038 0.91302 0.88747 0.86262 0.83722 0.81349 0.78987 0.7673 0.74578 0.72372 0.70321 0.68158 0.66151 0.64282 0.62354 0.60621 0.58838 0.57261 0.55788 0.54208 0.5272 0.51125 0.49684 0.48287 0.46858 0.45558 0.44091 0.42725 0.4145 0.40048 0.38847 0.37847 0.36803 0.3596 0.35 0.34053 0.33199 0.32294 0.31416 0.30568 0.29749 0.29353 0.28203 0.31319 0.34661 0.33419 0.35892 0.49095 0.69019 0.7888 0.76438 0.69877 0.61355 0.56602 
383 1.3618 1.4589 1.5305 1.5512 1.562 1.5748 1.586 1.5947 1.604 1.6138 1.6157 1.6045 1.5889 1.5744 1.5575 1.5374 1.5151 1.4903 1.4658 1.4452 1.4304 1.4212 1.4173 1.4157 1.4095 1.3999 1.3933 1.3882 1.3831 1.3762 1.3651 1.352 1.3376 1.3196 1.304 1.2822 1.2606 1.226 1.1837 1.1506 1.1165 1.0859 1.054 1.0246 0.99597 0.96719 0.94029 0.91306 0.88741 0.86264 0.83717 0.81341 0.78982 0.76727 0.74589 0.7239 0.70334 0.68165 0.66155 0.6428 0.62346 0.60621 0.58843 0.57255 0.55786 0.54217 0.52728 0.51137 0.49695 0.48297 0.46871 0.45563 0.44102 0.4273 0.41441 0.40062 0.38851 0.37859 0.3683 0.35967 0.35014 0.34071 0.33204 0.32304 0.31429 0.30576 0.29763 0.29362 0.28211 0.3134 0.34686 0.33444 0.35926 0.49142 0.69063 0.78916 0.76471 0.69899 0.61377 0.56631 
383.5 1.3617 1.4587 1.5304 1.5511 1.5618 1.5746 1.5858 1.5946 1.6039 1.6136 1.6155 1.6043 1.5888 1.5743 1.5574 1.5372 1.5149 1.4901 1.4656 1.4451 1.4304 1.4212 1.4173 1.4157 1.4094 1.3998 1.3932 1.3882 1.3831 1.3761 1.3649 1.352 1.3376 1.3197 1.304 1.2821 1.2606 1.2261 1.1835 1.1504 1.1163 1.0856 1.0537 1.0244 0.99604 0.9671 0.94019 0.9131 0.88736 0.86266 0.83712 0.81333 0.78978 0.76724 0.74601 0.72407 0.70347 0.68173 0.66159 0.64279 0.62338 0.60621 0.58848 0.57248 0.55784 0.54227 0.52736 0.51148 0.49706 0.48306 0.46884 0.45568 0.44114 0.42736 0.41432 0.40076 0.38855 0.3787 0.36857 0.35974 0.35029 0.34089 0.33209 0.32314 0.31442 0.30585 0.29778 0.29371 0.28219 0.31361 0.3471 0.33468 0.3596 0.49188 0.69106 0.78953 0.76504 0.69921 0.61399 0.5666 
384 1.3615 1.4585 1.5302 1.5509 1.5617 1.5744 1.5856 1.5944 1.6038 1.6135 1.6153 1.6042 1.5887 1.5743 1.5572 1.5371 1.5147 1.4899 1.4653 1.4449 1.4303 1.4212 1.4173 1.4156 1.4093 1.3996 1.3932 1.3881 1.383 1.376 1.3647 1.3519 1.3377 1.3197 1.304 1.282 1.2607 1.2261 1.1834 1.1502 1.1162 1.0854 1.0535 1.0243 0.9961 0.96701 0.94009 0.91314 0.88731 0.86268 0.83708 0.81324 0.78974 0.7672 0.74612 0.72425 0.7036 0.6818 0.66162 0.64277 0.62331 0.60621 0.58854 0.57242 0.55782 0.54236 0.52744 0.5116 0.49718 0.48315 0.46896 0.45573 0.44126 0.42741 0.41423 0.4009 0.38859 0.37882 0.36884 0.35981 0.35043 0.34106 0.33214 0.32324 0.31455 0.30593 0.29792 0.29379 0.28227 0.31382 0.34734 0.33493 0.35994 0.49235 0.6915 0.7899 0.76537 0.69943 0.61421 0.56688 
384.5 1.3614 1.4583 1.53 1.5508 1.5615 1.5743 1.5855 1.5943 1.6036 1.6134 1.6152 1.604 1.5886 1.5741 1.5571 1.5369 1.5145 1.4898 1.4652 1.4447 1.4302 1.4211 1.4172 1.4156 1.4093 1.3995 1.3931 1.3881 1.383 1.376 1.3646 1.3518 1.3377 1.3198 1.3041 1.282 1.2606 1.2261 1.1833 1.15 1.116 1.0852 1.0533 1.0241 0.99607 0.96693 0.94002 0.91313 0.88727 0.86267 0.83705 0.81321 0.7897 0.76718 0.74619 0.72436 0.70369 0.68187 0.66169 0.6428 0.62328 0.60624 0.58858 0.57241 0.55782 0.54243 0.5275 0.51169 0.49727 0.48322 0.46907 0.45578 0.44134 0.42747 0.41417 0.40104 0.38866 0.37892 0.36908 0.35986 0.35053 0.3412 0.33219 0.32328 0.31465 0.30601 0.29802 0.29388 0.28233 0.31395 0.3475 0.33508 0.36015 0.4926 0.69171 0.79005 0.76548 0.69948 0.6143 0.56703 
385 1.3612 1.4582 1.5299 1.5506 1.5614 1.5741 1.5853 1.5941 1.6035 1.6133 1.6151 1.604 1.5884 1.5738 1.5569 1.5368 1.5143 1.4898 1.4651 1.4446 1.43 1.4208 1.417 1.4156 1.4093 1.3996 1.3931 1.3881 1.3829 1.3759 1.3646 1.3519 1.3377 1.3199 1.3043 1.2823 1.2605 1.2257 1.1831 1.1498 1.1157 1.0851 1.0532 1.0239 0.99581 0.96688 0.94002 0.91303 0.88727 0.86258 0.83705 0.81329 0.78966 0.76718 0.74616 0.72431 0.70371 0.68193 0.66181 0.6429 0.62338 0.60632 0.58861 0.57249 0.55788 0.54242 0.52749 0.51174 0.49733 0.48326 0.46911 0.45583 0.44134 0.42758 0.41422 0.40116 0.38881 0.37901 0.36926 0.35986 0.35051 0.34126 0.33224 0.32319 0.31469 0.3061 0.29802 0.29398 0.28236 0.3139 0.34744 0.33503 0.36003 0.49235 0.6914 0.78972 0.76509 0.69914 0.61405 0.56683 
385.5 1.3611 1.458 1.5297 1.5505 1.5612 1.574 1.5852 1.594 1.6034 1.6131 1.615 1.6039 1.5882 1.5736 1.5567 1.5366 1.5142 1.4898 1.4651 1.4445 1.4298 1.4205 1.4169 1.4157 1.4094 1.3996 1.393 1.3881 1.3829 1.3759 1.3647 1.3519 1.3377 1.32 1.3045 1.2826 1.2603 1.2253 1.1829 1.1496 1.1155 1.085 1.053 1.0237 0.99555 0.96684 0.94003 0.91293 0.88727 0.86249 0.83706 0.81337 0.78963 0.76718 0.74612 0.72426 0.70372 0.68199 0.66194 0.64301 0.62347 0.60639 0.58863 0.57257 0.55794 0.54241 0.52749 0.51179 0.49739 0.4833 0.46915 0.45587 0.44134 0.42768 0.41426 0.40129 0.38896 0.37909 0.36944 0.35986 0.35049 0.34131 0.33229 0.3231 0.31473 0.30618 0.29801 0.29407 0.28238 0.31385 0.34739 0.33498 0.35991 0.4921 0.69109 0.78938 0.7647 0.69879 0.61381 0.56664 
386 1.3609 1.4578 1.5295 1.5503 1.5611 1.5738 1.5851 1.5939 1.6033 1.613 1.615 1.6038 1.588 1.5733 1.5565 1.5365 1.5141 1.4898 1.4651 1.4444 1.4296 1.4202 1.4167 1.4157 1.4094 1.3996 1.393 1.3881 1.3828 1.3758 1.3647 1.3519 1.3377 1.3201 1.3048 1.2829 1.2602 1.2249 1.1827 1.1494 1.1153 1.0848 1.0529 1.0235 0.99528 0.96679 0.94003 0.91282 0.88727 0.8624 0.83707 0.81345 0.7896 0.76718 0.74609 0.72421 0.70374 0.68205 0.66207 0.64312 0.62357 0.60647 0.58866 0.57265 0.558 0.5424 0.52748 0.51184 0.49745 0.48333 0.46919 0.45592 0.44134 0.42778 0.41431 0.40142 0.38911 0.37918 0.36962 0.35986 0.35047 0.34136 0.33234 0.32301 0.31477 0.30626 0.29801 0.29417 0.28241 0.3138 0.34733 0.33492 0.35978 0.49185 0.69078 0.78904 0.76431 0.69844 0.61357 0.56644 
386.5 1.3608 1.4577 1.5294 1.5502 1.5609 1.5737 1.585 1.5938 1.6031 1.6129 1.6149 1.6037 1.5879 1.5731 1.5564 1.5364 1.514 1.4897 1.4651 1.4443 1.4295 1.4201 1.4166 1.4156 1.4094 1.3996 1.393 1.3881 1.3828 1.3757 1.3647 1.3519 1.3378 1.3202 1.3049 1.283 1.2601 1.2246 1.1825 1.1493 1.1151 1.0847 1.0528 1.0234 0.99514 0.96672 0.93999 0.91274 0.88719 0.86233 0.83707 0.81348 0.78956 0.76718 0.74605 0.72415 0.70376 0.68212 0.66215 0.64321 0.62359 0.60649 0.58869 0.57268 0.55808 0.54241 0.52754 0.51193 0.49749 0.4834 0.46925 0.45597 0.44141 0.42787 0.41444 0.40154 0.38918 0.37921 0.36959 0.35988 0.35054 0.34141 0.33241 0.32308 0.31484 0.30633 0.29807 0.29423 0.28246 0.31382 0.34735 0.33492 0.35974 0.49175 0.69064 0.78883 0.76403 0.6982 0.61331 0.56612 
387 1.3607 1.4576 1.5292 1.55 1.5608 1.5736 1.5848 1.5936 1.603 1.6128 1.6147 1.6035 1.5877 1.5729 1.5563 1.5363 1.5139 1.4896 1.4649 1.4442 1.4294 1.4201 1.4164 1.4155 1.4092 1.3994 1.393 1.3881 1.3829 1.3757 1.3646 1.3518 1.3378 1.3202 1.3048 1.2829 1.26 1.2244 1.1823 1.1491 1.115 1.0846 1.0528 1.0234 0.9951 0.96663 0.93993 0.91268 0.88706 0.86227 0.83706 0.81347 0.78953 0.76717 0.74599 0.72408 0.70381 0.68221 0.66221 0.64328 0.62353 0.60647 0.58874 0.57266 0.55816 0.54244 0.52764 0.51206 0.49753 0.48348 0.46932 0.45604 0.44153 0.42795 0.41467 0.40166 0.3892 0.37919 0.36937 0.35994 0.35069 0.34146 0.3325 0.32331 0.31495 0.3064 0.2982 0.29425 0.28253 0.3139 0.34742 0.33496 0.35975 0.49178 0.69067 0.78874 0.76386 0.69806 0.61304 0.5657 
387.5 1.3606 1.4575 1.5291 1.5499 1.5606 1.5734 1.5847 1.5934 1.6028 1.6126 1.6146 1.6034 1.5876 1.5728 1.5562 1.5363 1.5138 1.4895 1.4648 1.444 1.4294 1.42 1.4162 1.4153 1.4091 1.3993 1.393 1.3882 1.3829 1.3757 1.3645 1.3517 1.3379 1.3203 1.3048 1.2829 1.2599 1.2242 1.1821 1.149 1.1149 1.0845 1.0527 1.0233 0.99506 0.96655 0.93986 0.91262 0.88692 0.86221 0.83705 0.81345 0.7895 0.76715 0.74594 0.72401 0.70385 0.68229 0.66226 0.64335 0.62348 0.60645 0.58879 0.57264 0.55825 0.54247 0.52775 0.51219 0.49757 0.48357 0.4694 0.45611 0.44166 0.42804 0.41489 0.40178 0.38921 0.37917 0.36915 0.35999 0.35084 0.34151 0.33259 0.32353 0.31505 0.30647 0.29832 0.29428 0.28261 0.31398 0.34749 0.335 0.35977 0.49182 0.69069 0.78864 0.76368 0.69791 0.61277 0.56527 
388 1.3605 1.4574 1.529 1.5497 1.5605 1.5733 1.5845 1.5933 1.6026 1.6125 1.6145 1.6033 1.5874 1.5727 1.5561 1.5362 1.5137 1.4894 1.4647 1.4439 1.4293 1.42 1.4161 1.4152 1.409 1.3991 1.393 1.3882 1.383 1.3757 1.3645 1.3517 1.3379 1.3204 1.3048 1.2828 1.2598 1.2241 1.1819 1.1489 1.1147 1.0844 1.0527 1.0233 0.99502 0.96646 0.93979 0.91256 0.88678 0.86215 0.83704 0.81344 0.78947 0.76714 0.74589 0.72394 0.70389 0.68238 0.66231 0.64343 0.62343 0.60642 0.58884 0.57262 0.55834 0.54251 0.52785 0.51232 0.4976 0.48366 0.46947 0.45618 0.44178 0.42812 0.41511 0.40191 0.38922 0.37915 0.36893 0.36004 0.35099 0.34155 0.33268 0.32375 0.31516 0.30654 0.29845 0.2943 0.28268 0.31407 0.34757 0.33504 0.35979 0.49185 0.69071 0.78855 0.76351 0.69776 0.6125 0.56485 
388.5 1.3603 1.4572 1.5288 1.5495 1.5603 1.5731 1.5843 1.5931 1.6025 1.6124 1.6143 1.6032 1.5873 1.5726 1.556 1.536 1.5136 1.4892 1.4646 1.4438 1.4292 1.4199 1.4161 1.4151 1.4089 1.3991 1.393 1.3881 1.3829 1.3758 1.3646 1.3517 1.3379 1.3203 1.3047 1.283 1.2598 1.2238 1.1817 1.1486 1.1146 1.0843 1.0525 1.0232 0.99493 0.96636 0.93969 0.9125 0.88675 0.86215 0.83696 0.81337 0.78953 0.76719 0.74598 0.72402 0.7039 0.68241 0.66229 0.64341 0.62351 0.60647 0.58891 0.57269 0.55836 0.54261 0.52791 0.51234 0.49768 0.48374 0.46954 0.45623 0.44186 0.42822 0.41516 0.40191 0.38924 0.37921 0.36907 0.3602 0.3511 0.34161 0.33275 0.32386 0.31523 0.30658 0.29848 0.29438 0.28279 0.31413 0.34765 0.33516 0.35988 0.49188 0.69072 0.78852 0.76339 0.69757 0.61227 0.56463 
389 1.36 1.4569 1.5286 1.5494 1.5602 1.573 1.5842 1.593 1.6024 1.6123 1.6142 1.603 1.5871 1.5724 1.5559 1.5358 1.5134 1.4891 1.4644 1.4437 1.4291 1.4198 1.4161 1.415 1.4087 1.399 1.3929 1.3881 1.3829 1.376 1.3648 1.3518 1.3379 1.3202 1.3047 1.2832 1.2597 1.2234 1.1813 1.1483 1.1145 1.0841 1.0524 1.0231 0.99483 0.96624 0.93957 0.91243 0.88675 0.86217 0.83685 0.81329 0.78962 0.76727 0.74611 0.72414 0.70389 0.68242 0.66224 0.64336 0.62364 0.60655 0.58899 0.57279 0.55835 0.54275 0.52796 0.51233 0.49778 0.48383 0.4696 0.45629 0.44192 0.42832 0.41516 0.40188 0.38925 0.3793 0.36934 0.3604 0.3512 0.34168 0.33282 0.32392 0.31529 0.30661 0.29848 0.29448 0.28291 0.31419 0.34773 0.33531 0.35999 0.4919 0.69073 0.78851 0.76331 0.69736 0.61206 0.56449 
389.5 1.3597 1.4567 1.5284 1.5492 1.56 1.5728 1.584 1.5929 1.6023 1.6121 1.614 1.6029 1.587 1.5723 1.5557 1.5356 1.5132 1.489 1.4643 1.4436 1.429 1.4198 1.4162 1.4149 1.4086 1.399 1.3928 1.388 1.3828 1.3761 1.3649 1.3519 1.3379 1.3201 1.3047 1.2834 1.2596 1.2231 1.181 1.1481 1.1143 1.0839 1.0522 1.023 0.99472 0.96613 0.93946 0.91237 0.88675 0.86219 0.83674 0.81321 0.78971 0.76734 0.74624 0.72426 0.70388 0.68243 0.66219 0.64331 0.62377 0.60663 0.58907 0.57288 0.55835 0.54288 0.52801 0.51231 0.49787 0.48392 0.46966 0.45634 0.44198 0.42842 0.41516 0.40185 0.38926 0.37939 0.3696 0.3606 0.35129 0.34174 0.33289 0.32398 0.31535 0.30664 0.29848 0.29457 0.28304 0.31426 0.34781 0.33546 0.3601 0.49193 0.69075 0.78851 0.76322 0.69714 0.61185 0.56435 
390 1.3595 1.4565 1.5282 1.549 1.5598 1.5726 1.5839 1.5927 1.6022 1.612 1.6138 1.6027 1.5869 1.5722 1.5556 1.5353 1.5131 1.4889 1.4641 1.4435 1.4288 1.4197 1.4163 1.4148 1.4085 1.3989 1.3928 1.3879 1.3828 1.3763 1.3651 1.3521 1.3379 1.32 1.3047 1.2836 1.2596 1.2228 1.1807 1.1478 1.1142 1.0837 1.0521 1.0229 0.99462 0.96602 0.93934 0.91231 0.88676 0.86221 0.83663 0.81313 0.7898 0.76742 0.74637 0.72438 0.70387 0.68245 0.66214 0.64326 0.6239 0.6067 0.58914 0.57298 0.55835 0.54301 0.52806 0.5123 0.49796 0.48401 0.46972 0.45639 0.44204 0.42852 0.41516 0.40182 0.38927 0.37948 0.36987 0.3608 0.35139 0.3418 0.33295 0.32404 0.31542 0.30667 0.29849 0.29467 0.28316 0.31432 0.34789 0.3356 0.36022 0.49195 0.69076 0.7885 0.76313 0.69693 0.61163 0.56421 
390.5 1.3593 1.4563 1.5281 1.5489 1.5597 1.5725 1.5837 1.5926 1.6021 1.6119 1.6137 1.6026 1.5868 1.5721 1.5554 1.5352 1.5129 1.4887 1.4641 1.4435 1.4287 1.4195 1.416 1.4147 1.4085 1.3989 1.3927 1.388 1.3829 1.3762 1.3651 1.3521 1.3379 1.3202 1.3049 1.2836 1.2595 1.2225 1.1806 1.1477 1.114 1.0835 1.0518 1.0226 0.9944 0.9659 0.93921 0.91217 0.88665 0.86214 0.83668 0.81316 0.78985 0.76745 0.74634 0.7244 0.70394 0.68245 0.66222 0.64338 0.62393 0.60675 0.58922 0.57311 0.55845 0.54303 0.52815 0.51243 0.49798 0.48396 0.4698 0.45652 0.44201 0.42847 0.41519 0.40197 0.38952 0.37964 0.36998 0.36087 0.35145 0.34188 0.33303 0.32412 0.31551 0.30677 0.29856 0.29477 0.28321 0.31437 0.34792 0.3356 0.36025 0.4921 0.69104 0.78891 0.76364 0.69744 0.61207 0.56459 
391 1.3592 1.4562 1.5279 1.5488 1.5595 1.5723 1.5836 1.5924 1.6019 1.6118 1.6136 1.6024 1.5866 1.572 1.5553 1.5351 1.5128 1.4886 1.4641 1.4434 1.4286 1.4194 1.4158 1.4146 1.4086 1.3989 1.3925 1.3881 1.3831 1.3762 1.3651 1.3522 1.338 1.3204 1.305 1.2837 1.2593 1.2222 1.1806 1.1476 1.1138 1.0833 1.0515 1.0223 0.99418 0.96578 0.93907 0.91204 0.88654 0.86207 0.83674 0.81319 0.78991 0.76748 0.74631 0.72443 0.704 0.68246 0.6623 0.6435 0.62395 0.6068 0.58931 0.57325 0.55855 0.54305 0.52823 0.51257 0.498 0.4839 0.46989 0.45666 0.44198 0.42841 0.41523 0.40212 0.38978 0.37981 0.37008 0.36092 0.35151 0.34195 0.33312 0.3242 0.3156 0.30687 0.29864 0.29488 0.28326 0.31443 0.34796 0.33559 0.36029 0.49226 0.69133 0.78934 0.76416 0.69797 0.61252 0.56498 
391.5 1.3591 1.456 1.5278 1.5486 1.5594 1.5722 1.5835 1.5923 1.6018 1.6117 1.6135 1.6022 1.5865 1.5719 1.5551 1.535 1.5127 1.4885 1.464 1.4433 1.4285 1.4193 1.4156 1.4145 1.4086 1.3989 1.3924 1.3882 1.3833 1.3761 1.3651 1.3522 1.3381 1.3206 1.3052 1.2838 1.2592 1.2219 1.1805 1.1475 1.1136 1.0831 1.0512 1.022 0.99395 0.96566 0.93894 0.91191 0.88644 0.862 0.83679 0.81322 0.78996 0.76751 0.74628 0.72446 0.70406 0.68246 0.66238 0.64361 0.62397 0.60685 0.58939 0.57338 0.55864 0.54307 0.52831 0.5127 0.49801 0.48385 0.46997 0.45679 0.44194 0.42835 0.41526 0.40226 0.39004 0.37998 0.37018 0.36098 0.35157 0.34202 0.3332 0.32428 0.31569 0.30697 0.29872 0.29498 0.28331 0.31448 0.348 0.33559 0.36032 0.49241 0.69161 0.78976 0.76468 0.69849 0.61297 0.56538 
392 1.359 1.4559 1.5276 1.5485 1.5593 1.572 1.5833 1.5922 1.6016 1.6115 1.6134 1.6021 1.5864 1.5718 1.555 1.5349 1.5126 1.4883 1.464 1.4432 1.4284 1.4192 1.4154 1.4144 1.4086 1.3989 1.3923 1.3883 1.3834 1.3761 1.365 1.3523 1.3381 1.3207 1.3053 1.2838 1.2591 1.2216 1.1804 1.1474 1.1134 1.0829 1.051 1.0218 0.99378 0.96555 0.93883 0.91181 0.88635 0.86194 0.83683 0.81324 0.78998 0.76752 0.74626 0.72447 0.7041 0.68247 0.66245 0.64371 0.624 0.60691 0.58946 0.5735 0.55874 0.54309 0.52839 0.51282 0.49805 0.48383 0.47006 0.45692 0.44194 0.42832 0.41533 0.40239 0.39024 0.38012 0.37024 0.36104 0.35163 0.3421 0.33328 0.32435 0.31576 0.30706 0.2988 0.29506 0.28336 0.31453 0.34803 0.33558 0.36034 0.49253 0.69185 0.79012 0.76511 0.69891 0.61331 0.56566 
392.5 1.3588 1.4558 1.5275 1.5483 1.5591 1.5719 1.5832 1.5921 1.6016 1.6115 1.6133 1.602 1.5863 1.5717 1.5548 1.5348 1.5125 1.4882 1.4638 1.4431 1.4283 1.419 1.4153 1.4144 1.4086 1.399 1.3924 1.3882 1.3833 1.376 1.365 1.3523 1.3382 1.3208 1.3054 1.2839 1.259 1.2213 1.1801 1.1472 1.1132 1.0828 1.051 1.0219 0.99381 0.9655 0.93886 0.91187 0.88633 0.86188 0.83681 0.81323 0.78982 0.76743 0.74625 0.7244 0.70404 0.68249 0.66248 0.6437 0.62403 0.60698 0.58952 0.57355 0.55881 0.54316 0.52844 0.51284 0.49816 0.48398 0.47017 0.457 0.44204 0.42841 0.41552 0.4024 0.39024 0.38017 0.37015 0.36109 0.35169 0.34219 0.33338 0.3244 0.31579 0.30711 0.29887 0.29505 0.2834 0.3146 0.34803 0.33554 0.36029 0.4925 0.69189 0.79023 0.76523 0.69892 0.6132 0.56553 
393 1.3587 1.4556 1.5273 1.5482 1.559 1.5718 1.5831 1.5919 1.6015 1.6114 1.6132 1.6019 1.5862 1.5715 1.5547 1.5346 1.5124 1.4881 1.4637 1.4431 1.4282 1.4188 1.4152 1.4144 1.4086 1.399 1.3925 1.3882 1.3831 1.376 1.3649 1.3523 1.3382 1.3209 1.3056 1.2841 1.2588 1.2209 1.1799 1.1469 1.1129 1.0827 1.0511 1.022 0.99383 0.96545 0.93889 0.91193 0.8863 0.86181 0.83679 0.81321 0.78967 0.76734 0.74625 0.72434 0.70398 0.6825 0.66251 0.64369 0.62406 0.60705 0.58958 0.5736 0.55889 0.54323 0.52849 0.51287 0.49826 0.48412 0.47028 0.45709 0.44214 0.42849 0.4157 0.40242 0.39024 0.38023 0.37005 0.36114 0.35174 0.34227 0.33347 0.32444 0.31582 0.30716 0.29894 0.29504 0.28344 0.31466 0.34803 0.3355 0.36024 0.49248 0.69193 0.79034 0.76535 0.69893 0.6131 0.56539 
393.5 1.3586 1.4555 1.5272 1.548 1.5589 1.5717 1.5829 1.5918 1.6014 1.6113 1.613 1.6019 1.5862 1.5714 1.5545 1.5345 1.5123 1.488 1.4636 1.443 1.4281 1.4186 1.4152 1.4144 1.4086 1.3991 1.3926 1.3881 1.383 1.3759 1.3648 1.3523 1.3383 1.3209 1.3057 1.2842 1.2587 1.2206 1.1796 1.1466 1.1127 1.0826 1.0511 1.0221 0.99386 0.9654 0.93892 0.91199 0.88628 0.86175 0.83677 0.81319 0.78951 0.76725 0.74625 0.72428 0.70392 0.68252 0.66254 0.64369 0.62409 0.60713 0.58963 0.57365 0.55897 0.5433 0.52853 0.5129 0.49837 0.48427 0.47039 0.45718 0.44224 0.42858 0.41589 0.40244 0.39024 0.38028 0.36995 0.36118 0.3518 0.34236 0.33356 0.32449 0.31585 0.30721 0.29901 0.29503 0.28348 0.31473 0.34803 0.33546 0.36019 0.49245 0.69197 0.79045 0.76547 0.69894 0.61299 0.56526 
394 1.3584 1.4553 1.527 1.5479 1.5587 1.5716 1.5828 1.5917 1.6013 1.6112 1.613 1.6018 1.5861 1.5713 1.5544 1.5343 1.5122 1.4879 1.4635 1.4429 1.428 1.4185 1.4151 1.4143 1.4086 1.3991 1.3927 1.3881 1.3829 1.3759 1.3649 1.3524 1.3383 1.321 1.3057 1.2843 1.2586 1.2203 1.1793 1.1464 1.1125 1.0824 1.0511 1.0221 0.9938 0.96529 0.93885 0.91197 0.88628 0.86169 0.83669 0.81312 0.7894 0.7672 0.74621 0.72419 0.70388 0.68253 0.66255 0.64368 0.62413 0.60721 0.58972 0.57371 0.55905 0.54335 0.52856 0.51295 0.49846 0.48438 0.47045 0.45724 0.44233 0.42866 0.41601 0.40249 0.39027 0.38031 0.36998 0.36127 0.35185 0.34246 0.33367 0.32455 0.31588 0.30726 0.29907 0.29505 0.28352 0.31475 0.348 0.33542 0.36013 0.4924 0.69197 0.79053 0.76557 0.69901 0.61302 0.56525 
394.5 1.3581 1.4551 1.5269 1.5477 1.5586 1.5714 1.5827 1.5916 1.6012 1.6111 1.6129 1.6017 1.5859 1.5712 1.5542 1.5341 1.512 1.4879 1.4635 1.4428 1.428 1.4186 1.415 1.4142 1.4084 1.3991 1.3928 1.388 1.3829 1.376 1.3651 1.3526 1.3385 1.321 1.3057 1.2844 1.2586 1.2202 1.1791 1.1462 1.1123 1.0822 1.051 1.022 0.99364 0.96511 0.93866 0.91186 0.8863 0.86163 0.83653 0.81298 0.78935 0.76722 0.74612 0.72408 0.70387 0.68252 0.66252 0.64368 0.62417 0.6073 0.58983 0.5738 0.55912 0.54337 0.52856 0.51302 0.49851 0.48444 0.47047 0.45725 0.4424 0.42875 0.41605 0.40259 0.39034 0.3803 0.37016 0.3614 0.35189 0.34257 0.33378 0.32463 0.31592 0.30732 0.29912 0.29512 0.28358 0.31471 0.34795 0.33536 0.36006 0.4923 0.69192 0.79057 0.76564 0.69917 0.61322 0.56542 
395 1.3579 1.4549 1.5267 1.5476 1.5584 1.5713 1.5826 1.5915 1.601 1.611 1.6128 1.6015 1.5857 1.5711 1.5541 1.5339 1.5119 1.4878 1.4634 1.4427 1.4279 1.4186 1.415 1.4141 1.4083 1.3991 1.3929 1.388 1.3828 1.3761 1.3653 1.3528 1.3386 1.321 1.3057 1.2845 1.2586 1.2201 1.1788 1.146 1.1122 1.082 1.051 1.022 0.99348 0.96493 0.93846 0.91175 0.88632 0.86156 0.83637 0.81283 0.78929 0.76723 0.74604 0.72396 0.70386 0.68251 0.66249 0.64367 0.62421 0.60739 0.58994 0.57389 0.5592 0.5434 0.52856 0.51309 0.49857 0.48451 0.47048 0.45727 0.44247 0.42883 0.41608 0.40269 0.39041 0.3803 0.37035 0.36154 0.35192 0.34268 0.33389 0.3247 0.31596 0.30738 0.29916 0.29518 0.28364 0.31468 0.34789 0.3353 0.35999 0.49221 0.69187 0.7906 0.76571 0.69934 0.61342 0.56559 
395.5 1.3576 1.4547 1.5265 1.5474 1.5583 1.5712 1.5825 1.5914 1.6009 1.6109 1.6127 1.6014 1.5856 1.571 1.554 1.5337 1.5118 1.4877 1.4634 1.4427 1.4279 1.4186 1.4149 1.4139 1.4081 1.3991 1.393 1.388 1.3827 1.3761 1.3655 1.3529 1.3387 1.321 1.3057 1.2845 1.2585 1.22 1.1786 1.1458 1.112 1.0818 1.0509 1.0219 0.99333 0.96474 0.93827 0.91165 0.88634 0.8615 0.83621 0.81268 0.78924 0.76724 0.74595 0.72385 0.70386 0.68251 0.66246 0.64367 0.62425 0.60749 0.59006 0.57397 0.55928 0.54342 0.52857 0.51316 0.49862 0.48457 0.4705 0.45728 0.44255 0.42892 0.41612 0.40278 0.39047 0.38029 0.37054 0.36167 0.35196 0.34279 0.334 0.32478 0.316 0.30744 0.29921 0.29524 0.28369 0.31464 0.34783 0.33525 0.35992 0.49212 0.69182 0.79063 0.76578 0.6995 0.61363 0.56575 
396 1.3574 1.4545 1.5264 1.5472 1.5581 1.571 1.5823 1.5912 1.6008 1.6107 1.6126 1.6013 1.5855 1.5709 1.5538 1.5335 1.5116 1.4876 1.4633 1.4426 1.4278 1.4186 1.4148 1.4139 1.4081 1.399 1.3929 1.3879 1.3828 1.3762 1.3655 1.353 1.3387 1.3211 1.3058 1.2846 1.2585 1.2198 1.1783 1.1456 1.1119 1.0817 1.0508 1.0218 0.99325 0.96464 0.93815 0.91155 0.88624 0.86145 0.83616 0.81267 0.78928 0.76726 0.74598 0.72393 0.70386 0.68247 0.66255 0.64381 0.62431 0.6075 0.5901 0.57402 0.55934 0.5435 0.52864 0.5132 0.49866 0.48466 0.47055 0.45734 0.44263 0.42905 0.41617 0.40286 0.39051 0.38029 0.37063 0.36176 0.35208 0.34283 0.33403 0.32486 0.3161 0.3075 0.29928 0.29532 0.28374 0.31473 0.34797 0.33539 0.36007 0.49228 0.6919 0.79056 0.76562 0.69936 0.61347 0.56555 
396.5 1.3573 1.4544 1.5262 1.5471 1.558 1.5708 1.5821 1.5911 1.6006 1.6106 1.6124 1.6012 1.5853 1.5707 1.5537 1.5333 1.5115 1.4876 1.4631 1.4424 1.4278 1.4186 1.4147 1.4138 1.4081 1.3988 1.3927 1.3879 1.3828 1.3762 1.3654 1.3529 1.3388 1.3212 1.3059 1.2846 1.2584 1.2196 1.1781 1.1454 1.1119 1.0817 1.0506 1.0216 0.99323 0.96457 0.93807 0.91147 0.88609 0.8614 0.83617 0.81273 0.78938 0.76728 0.74606 0.7241 0.70386 0.68241 0.66269 0.64403 0.62437 0.60748 0.59011 0.57404 0.55939 0.5436 0.52875 0.51323 0.49869 0.48477 0.47063 0.45743 0.44272 0.42921 0.41623 0.40291 0.39053 0.3803 0.37068 0.36183 0.35226 0.34282 0.33401 0.32495 0.31623 0.30754 0.29936 0.29541 0.28378 0.31488 0.3482 0.33563 0.36033 0.49258 0.69204 0.79043 0.76534 0.69907 0.61314 0.56517 
397 1.3572 1.4542 1.526 1.5469 1.5578 1.5707 1.582 1.5909 1.6004 1.6104 1.6123 1.601 1.5852 1.5706 1.5535 1.5331 1.5113 1.4875 1.463 1.4423 1.4277 1.4185 1.4146 1.4138 1.4082 1.3986 1.3924 1.3879 1.3829 1.3762 1.3653 1.3529 1.3388 1.3213 1.306 1.2846 1.2584 1.2193 1.1778 1.1452 1.1118 1.0816 1.0504 1.0215 0.9932 0.9645 0.93799 0.91139 0.88594 0.86136 0.83618 0.81279 0.78948 0.7673 0.74614 0.72428 0.70387 0.68235 0.66283 0.64425 0.62443 0.60746 0.59012 0.57405 0.55945 0.54371 0.52887 0.51325 0.49871 0.48487 0.4707 0.45751 0.44281 0.42937 0.41628 0.40297 0.39055 0.38031 0.37072 0.3619 0.35243 0.34281 0.33399 0.32504 0.31637 0.30759 0.29943 0.2955 0.28383 0.31503 0.34843 0.33587 0.3606 0.49287 0.69217 0.7903 0.76505 0.69877 0.61281 0.56478 
397.5 1.357 1.454 1.5259 1.5468 1.5577 1.5705 1.5818 1.5907 1.6003 1.6102 1.6121 1.6009 1.5851 1.5704 1.5533 1.5329 1.5112 1.4874 1.4628 1.4421 1.4276 1.4185 1.4145 1.4137 1.4082 1.3985 1.3922 1.3878 1.383 1.3762 1.3652 1.3528 1.3388 1.3213 1.3061 1.2847 1.2583 1.2191 1.1776 1.145 1.1117 1.0816 1.0503 1.0214 0.99317 0.96443 0.9379 0.91131 0.88579 0.86132 0.8362 0.81285 0.78958 0.76732 0.74623 0.72446 0.70387 0.68229 0.66297 0.64447 0.62449 0.60744 0.59013 0.57407 0.5595 0.54381 0.52898 0.51327 0.49874 0.48498 0.47078 0.4576 0.4429 0.42954 0.41634 0.40303 0.39057 0.38031 0.37077 0.36197 0.3526 0.3428 0.33397 0.32512 0.3165 0.30764 0.29951 0.29559 0.28387 0.31517 0.34866 0.33611 0.36086 0.49317 0.69231 0.79017 0.76477 0.69848 0.61248 0.56439 
398 1.357 1.4539 1.5257 1.5466 1.5575 1.5704 1.5817 1.5906 1.6002 1.61 1.612 1.6007 1.585 1.5704 1.5533 1.5329 1.511 1.4872 1.4627 1.4421 1.4275 1.4183 1.4145 1.4137 1.4082 1.3984 1.3921 1.3877 1.383 1.3762 1.3652 1.3529 1.3389 1.3215 1.3062 1.2847 1.2582 1.219 1.1775 1.1448 1.1115 1.0814 1.0501 1.0212 0.99295 0.96438 0.93789 0.91122 0.88574 0.86128 0.83618 0.81283 0.78967 0.7674 0.74625 0.72449 0.70392 0.68245 0.66294 0.64434 0.62452 0.60747 0.59019 0.57415 0.55958 0.54389 0.52905 0.51336 0.49881 0.48503 0.47086 0.45766 0.44299 0.42962 0.41638 0.40311 0.39078 0.38048 0.37087 0.36197 0.35263 0.34291 0.33405 0.3252 0.31652 0.30772 0.2996 0.29568 0.28397 0.31525 0.34871 0.33619 0.36099 0.49331 0.69248 0.79043 0.76516 0.69892 0.61296 0.56492 
398.5 1.3569 1.4538 1.5256 1.5465 1.5574 1.5703 1.5816 1.5905 1.6 1.6099 1.6118 1.6006 1.5848 1.5703 1.5534 1.5331 1.5109 1.4869 1.4627 1.4421 1.4274 1.4182 1.4144 1.4138 1.4081 1.3984 1.3921 1.3876 1.383 1.3762 1.3652 1.3529 1.339 1.3217 1.3063 1.2846 1.258 1.2188 1.1774 1.1446 1.1112 1.0813 1.0499 1.0209 0.99271 0.96434 0.93788 0.91112 0.88569 0.86125 0.83616 0.8128 0.78976 0.76748 0.74628 0.7245 0.70396 0.68263 0.66289 0.64417 0.62454 0.60751 0.59026 0.57424 0.55967 0.54396 0.52912 0.51346 0.4989 0.48509 0.47094 0.45772 0.44307 0.4297 0.41641 0.4032 0.39102 0.38067 0.37098 0.36196 0.35264 0.34304 0.33415 0.32528 0.31652 0.30779 0.2997 0.29577 0.28407 0.31531 0.34874 0.33625 0.3611 0.49343 0.69266 0.79075 0.76563 0.69944 0.61354 0.56556 
399 1.3568 1.4537 1.5255 1.5463 1.5572 1.5701 1.5815 1.5904 1.5999 1.6098 1.6117 1.6004 1.5847 1.5702 1.5534 1.5332 1.5107 1.4866 1.4626 1.4421 1.4273 1.418 1.4143 1.4138 1.4081 1.3984 1.3921 1.3875 1.3829 1.3762 1.3652 1.353 1.3391 1.3219 1.3063 1.2846 1.2579 1.2186 1.1773 1.1444 1.111 1.0811 1.0497 1.0207 0.99247 0.9643 0.93787 0.91103 0.88564 0.86122 0.83614 0.81278 0.78985 0.76756 0.7463 0.72451 0.70401 0.68281 0.66284 0.64401 0.62456 0.60755 0.59033 0.57433 0.55976 0.54403 0.52919 0.51356 0.49898 0.48514 0.47103 0.45777 0.44316 0.42977 0.41644 0.40328 0.39125 0.38086 0.37109 0.36195 0.35265 0.34316 0.33425 0.32535 0.31652 0.30787 0.29979 0.29587 0.28417 0.31538 0.34877 0.33631 0.36121 0.49356 0.69283 0.79106 0.7661 0.69997 0.61412 0.56621 
399.5 1.3567 1.4536 1.5253 1.5462 1.5571 1.57 1.5813 1.5902 1.5998 1.6097 1.6116 1.6003 1.5846 1.5702 1.5534 1.5333 1.5105 1.4864 1.4625 1.442 1.4272 1.4178 1.4143 1.4139 1.4081 1.3984 1.392 1.3874 1.3829 1.3761 1.3652 1.353 1.3392 1.3221 1.3063 1.2847 1.2578 1.2183 1.1773 1.1442 1.1107 1.0809 1.0495 1.0205 0.99226 0.96425 0.93784 0.91095 0.88559 0.86119 0.83612 0.81276 0.78992 0.76762 0.74632 0.72453 0.70407 0.68297 0.6628 0.64385 0.62458 0.6076 0.59038 0.5744 0.55984 0.54411 0.52926 0.51366 0.49907 0.48519 0.4711 0.45784 0.44325 0.42985 0.41649 0.40336 0.39146 0.38103 0.37119 0.36196 0.35266 0.34329 0.33435 0.32543 0.31653 0.30795 0.29988 0.29597 0.28428 0.31546 0.34882 0.33639 0.36133 0.49368 0.69298 0.79132 0.76647 0.70037 0.61458 0.56673 
400 1.3564 1.4534 1.5251 1.546 1.5569 1.5698 1.5812 1.5901 1.5996 1.6096 1.6114 1.6002 1.5845 1.57 1.5532 1.5331 1.5104 1.4863 1.4623 1.4418 1.427 1.4178 1.4143 1.4138 1.408 1.3984 1.392 1.3874 1.3829 1.3762 1.3653 1.3531 1.339 1.3225 1.3055 1.2857 1.2579 1.2172 1.1775 1.1439 1.111 1.0805 1.0494 1.0204 0.99234 0.96412 0.93766 0.91098 0.88546 0.86118 0.83611 0.8128 0.78987 0.76754 0.74634 0.72461 0.70417 0.68291 0.66276 0.64382 0.62459 0.60766 0.59036 0.57441 0.55983 0.54424 0.52935 0.51375 0.49917 0.48518 0.47115 0.45799 0.44343 0.42997 0.41665 0.40338 0.39146 0.38109 0.3713 0.36213 0.35264 0.3434 0.3345 0.3255 0.31668 0.30806 0.29999 0.29608 0.28443 0.31564 0.34903 0.3366 0.36149 0.49375 0.69296 0.79114 0.76606 0.69979 0.61406 0.56631 
400.5 1.3561 1.4531 1.5249 1.5458 1.5567 1.5696 1.581 1.5899 1.5995 1.6095 1.6113 1.6001 1.5843 1.5697 1.553 1.5329 1.5104 1.4862 1.4621 1.4415 1.4269 1.4178 1.4143 1.4138 1.408 1.3984 1.392 1.3873 1.3829 1.3762 1.3654 1.3532 1.3388 1.3228 1.3047 1.2867 1.258 1.2161 1.1778 1.1437 1.1113 1.0802 1.0494 1.0203 0.99242 0.964 0.93748 0.91101 0.88534 0.86116 0.8361 0.81285 0.78982 0.76747 0.74637 0.72469 0.70427 0.68285 0.66272 0.64378 0.6246 0.60771 0.59034 0.57441 0.55983 0.54437 0.52945 0.51384 0.49928 0.48517 0.47119 0.45814 0.4436 0.43008 0.4168 0.40341 0.39147 0.38115 0.3714 0.3623 0.35263 0.34352 0.33464 0.32556 0.31682 0.30817 0.30009 0.29619 0.28458 0.31583 0.34924 0.33682 0.36166 0.49383 0.69294 0.79096 0.76565 0.69921 0.61354 0.56589 
401 1.3558 1.4529 1.5247 1.5456 1.5565 1.5695 1.5808 1.5898 1.5994 1.6093 1.6111 1.6 1.5842 1.5695 1.5529 1.5327 1.5103 1.4861 1.4618 1.4413 1.4268 1.4177 1.4143 1.4137 1.4079 1.3983 1.3919 1.3873 1.3829 1.3762 1.3654 1.3534 1.3386 1.3231 1.3039 1.2877 1.2581 1.215 1.178 1.1435 1.1115 1.0798 1.0493 1.0202 0.9925 0.96388 0.9373 0.91105 0.88521 0.86115 0.83609 0.81289 0.78978 0.76739 0.74639 0.72476 0.70438 0.68279 0.66267 0.64374 0.62462 0.60777 0.59031 0.57441 0.55982 0.54449 0.52954 0.51394 0.49938 0.48517 0.47124 0.4583 0.44378 0.4302 0.41696 0.40343 0.39147 0.38121 0.3715 0.36246 0.35261 0.34363 0.33479 0.32563 0.31697 0.30827 0.3002 0.2963 0.28472 0.31601 0.34944 0.33704 0.36183 0.49391 0.69293 0.79079 0.76524 0.69863 0.61302 0.56547 
401.5 1.3556 1.4527 1.5245 1.5454 1.5563 1.5693 1.5807 1.5896 1.5992 1.6092 1.6109 1.5998 1.5841 1.5693 1.5527 1.5325 1.5102 1.4861 1.4617 1.4411 1.4267 1.4177 1.4143 1.4137 1.4078 1.3983 1.3919 1.3873 1.3828 1.3762 1.3655 1.3534 1.3385 1.3234 1.3033 1.2884 1.2581 1.2142 1.1781 1.1433 1.1117 1.0795 1.0492 1.0202 0.99248 0.96375 0.93716 0.91105 0.88512 0.86114 0.83608 0.81291 0.78971 0.76731 0.74638 0.72479 0.70445 0.68277 0.6627 0.64375 0.62462 0.60783 0.59034 0.57445 0.55985 0.54458 0.52961 0.51403 0.49948 0.48521 0.47132 0.45842 0.4439 0.43027 0.41709 0.40352 0.39151 0.38131 0.3716 0.36258 0.35266 0.34373 0.3349 0.32571 0.31711 0.30841 0.30031 0.2964 0.28486 0.31615 0.34959 0.33719 0.36194 0.494 0.69301 0.79076 0.76497 0.69811 0.61243 0.5649 
402 1.3556 1.4527 1.5244 1.5453 1.5562 1.5692 1.5806 1.5895 1.5991 1.609 1.6108 1.5997 1.584 1.5692 1.5526 1.5325 1.5101 1.486 1.4617 1.4411 1.4266 1.4178 1.4142 1.4135 1.4078 1.3983 1.3919 1.3873 1.3828 1.3762 1.3656 1.3534 1.3384 1.3236 1.3034 1.2885 1.2581 1.214 1.178 1.1431 1.1115 1.0793 1.0492 1.0201 0.99226 0.96358 0.93711 0.91099 0.88508 0.86113 0.83608 0.81287 0.78959 0.76724 0.74631 0.72472 0.70444 0.6828 0.66284 0.64383 0.62463 0.60791 0.59045 0.57456 0.55995 0.54459 0.52962 0.51412 0.49958 0.48535 0.47147 0.45847 0.44391 0.43027 0.41717 0.40374 0.3916 0.38149 0.37167 0.36258 0.35284 0.34379 0.33495 0.32582 0.31727 0.30859 0.30041 0.29648 0.28498 0.31622 0.34963 0.33721 0.36196 0.49413 0.69329 0.79102 0.76499 0.69772 0.61167 0.56404 
402.5 1.3556 1.4526 1.5244 1.5452 1.5561 1.5691 1.5805 1.5894 1.599 1.6089 1.6106 1.5996 1.584 1.5691 1.5524 1.5324 1.51 1.4859 1.4616 1.4411 1.4266 1.4178 1.4142 1.4134 1.4078 1.3982 1.3919 1.3873 1.3827 1.3762 1.3657 1.3533 1.3383 1.3237 1.3035 1.2885 1.258 1.2138 1.1779 1.143 1.1114 1.0792 1.0491 1.02 0.99204 0.96341 0.93705 0.91093 0.88504 0.86112 0.83609 0.81283 0.78948 0.76716 0.74624 0.72465 0.70444 0.68284 0.66298 0.6439 0.62464 0.60798 0.59056 0.57467 0.56004 0.54459 0.52963 0.5142 0.49968 0.48549 0.47163 0.45853 0.44393 0.43027 0.41725 0.40396 0.39169 0.38167 0.37175 0.36259 0.35302 0.34385 0.33499 0.32593 0.31742 0.30877 0.30051 0.29655 0.28511 0.31628 0.34966 0.33724 0.36199 0.49426 0.69358 0.79128 0.76501 0.69733 0.61092 0.56318 
403 1.3556 1.4526 1.5243 1.5451 1.556 1.569 1.5804 1.5894 1.599 1.6087 1.6104 1.5994 1.5839 1.569 1.5523 1.5323 1.5099 1.4858 1.4616 1.4411 1.4266 1.4178 1.4141 1.4133 1.4078 1.3982 1.3918 1.3874 1.3826 1.3762 1.3658 1.3533 1.3383 1.3239 1.3035 1.2886 1.2579 1.2135 1.1778 1.1428 1.1112 1.079 1.049 1.0199 0.99181 0.96324 0.937 0.91087 0.885 0.86111 0.8361 0.81279 0.78937 0.76708 0.74617 0.72458 0.70444 0.68288 0.66312 0.64398 0.62464 0.60805 0.59067 0.57478 0.56014 0.5446 0.52964 0.51429 0.49977 0.48563 0.47178 0.45858 0.44394 0.43027 0.41733 0.40418 0.39179 0.38185 0.37182 0.3626 0.35319 0.34391 0.33503 0.32604 0.31757 0.30895 0.30061 0.29663 0.28523 0.31635 0.34969 0.33726 0.36201 0.49439 0.69386 0.79153 0.76503 0.69695 0.61017 0.56232 
403.5 1.3555 1.4525 1.5242 1.545 1.5559 1.5689 1.5803 1.5892 1.5988 1.6086 1.6102 1.5992 1.5837 1.5689 1.5521 1.5322 1.5099 1.4857 1.4615 1.4411 1.4265 1.4177 1.4141 1.4132 1.4076 1.3981 1.3918 1.3874 1.3826 1.3763 1.3658 1.3533 1.3384 1.324 1.3035 1.2885 1.2578 1.2133 1.1776 1.1426 1.1111 1.0789 1.049 1.0199 0.99171 0.96313 0.93691 0.91078 0.88497 0.86112 0.83606 0.81273 0.78933 0.76707 0.74617 0.72457 0.70444 0.68289 0.66315 0.64409 0.62475 0.6081 0.59068 0.57478 0.56019 0.5447 0.52976 0.51436 0.4998 0.48574 0.47189 0.45868 0.44403 0.43035 0.4174 0.40431 0.39189 0.38194 0.37192 0.36264 0.35333 0.34402 0.33515 0.32613 0.31758 0.30902 0.30068 0.29666 0.28526 0.31643 0.3498 0.33736 0.36215 0.49456 0.69396 0.79161 0.76524 0.69732 0.61056 0.56268 
404 1.3553 1.4523 1.524 1.5448 1.5558 1.5688 1.5802 1.5891 1.5986 1.6084 1.6101 1.599 1.5835 1.5688 1.5519 1.5321 1.51 1.4857 1.4614 1.441 1.4264 1.4176 1.4141 1.4132 1.4074 1.398 1.3919 1.3873 1.3825 1.3764 1.3658 1.3533 1.3386 1.324 1.3035 1.2884 1.2576 1.2132 1.1774 1.1424 1.1109 1.0788 1.049 1.0199 0.99171 0.96305 0.9368 0.91065 0.88493 0.86115 0.83599 0.81264 0.78934 0.7671 0.74622 0.72461 0.70442 0.68289 0.6631 0.64421 0.62495 0.60813 0.5906 0.57468 0.56022 0.54486 0.52995 0.5144 0.49978 0.48583 0.47198 0.4588 0.44418 0.43049 0.41747 0.40438 0.392 0.38195 0.37204 0.36271 0.35344 0.34416 0.33531 0.32621 0.31748 0.309 0.30074 0.29667 0.28523 0.31652 0.34996 0.33751 0.36237 0.49475 0.69393 0.79155 0.76559 0.69826 0.61182 0.56395 
404.5 1.3551 1.4522 1.5239 1.5447 1.5557 1.5687 1.5801 1.589 1.5985 1.6083 1.61 1.5988 1.5833 1.5687 1.5518 1.5319 1.5101 1.4857 1.4613 1.4409 1.4264 1.4175 1.4142 1.4132 1.4072 1.3978 1.3919 1.3872 1.3825 1.3765 1.3657 1.3534 1.3387 1.3241 1.3035 1.2882 1.2574 1.2131 1.1772 1.1421 1.1107 1.0787 1.049 1.0199 0.9917 0.96298 0.9367 0.91053 0.8849 0.86118 0.83592 0.81256 0.78935 0.76713 0.74627 0.72465 0.70441 0.68289 0.66305 0.64433 0.62515 0.60817 0.59053 0.57458 0.56024 0.54503 0.53015 0.51445 0.49976 0.48592 0.47206 0.45893 0.44433 0.43063 0.41754 0.40445 0.3921 0.38197 0.37215 0.36279 0.35355 0.34431 0.33547 0.32629 0.31738 0.30897 0.30079 0.29668 0.2852 0.31662 0.35012 0.33767 0.3626 0.49494 0.6939 0.7915 0.76594 0.6992 0.61307 0.56521 
405 1.3549 1.452 1.5238 1.5446 1.5556 1.5686 1.5799 1.5888 1.5983 1.6081 1.6098 1.5985 1.5831 1.5686 1.5516 1.5318 1.5101 1.4857 1.4611 1.4408 1.4263 1.4174 1.4142 1.4132 1.407 1.3977 1.3919 1.3872 1.3825 1.3766 1.3657 1.3534 1.3389 1.3241 1.3034 1.2881 1.2573 1.2129 1.177 1.1419 1.1105 1.0787 1.049 1.0199 0.99169 0.9629 0.93659 0.9104 0.88487 0.86121 0.83585 0.81248 0.78937 0.76716 0.74632 0.72469 0.70439 0.68289 0.663 0.64445 0.62534 0.6082 0.59045 0.57449 0.56026 0.5452 0.53035 0.5145 0.49974 0.48601 0.47214 0.45906 0.44448 0.43077 0.41761 0.40452 0.39221 0.38198 0.37226 0.36286 0.35365 0.34445 0.33564 0.32637 0.31728 0.30895 0.30085 0.29669 0.28516 0.31671 0.35028 0.33783 0.36282 0.49513 0.69387 0.79144 0.76629 0.70014 0.61433 0.56648 
405.5 1.3548 1.4519 1.5237 1.5445 1.5554 1.5684 1.5798 1.5887 1.5982 1.608 1.6097 1.5984 1.5829 1.5684 1.5515 1.5318 1.51 1.4856 1.461 1.4407 1.4261 1.4173 1.4141 1.4132 1.4069 1.3977 1.3919 1.3872 1.3825 1.3766 1.3657 1.3535 1.3389 1.3239 1.3033 1.2882 1.2573 1.2128 1.1769 1.1419 1.1104 1.0786 1.0489 1.0198 0.9916 0.9629 0.93655 0.91039 0.8848 0.86118 0.8358 0.8124 0.78936 0.76714 0.74632 0.72471 0.70445 0.68293 0.66301 0.64444 0.62529 0.60824 0.59052 0.57457 0.5603 0.54517 0.53039 0.51459 0.49989 0.48616 0.47223 0.45912 0.44454 0.43088 0.41772 0.40464 0.39229 0.38205 0.37236 0.36301 0.35382 0.34452 0.3357 0.32646 0.31739 0.30902 0.30091 0.29682 0.28526 0.31672 0.35025 0.33776 0.36271 0.495 0.69378 0.79143 0.76636 0.7003 0.61458 0.56676 
406 1.3547 1.4518 1.5236 1.5444 1.5553 1.5683 1.5797 1.5886 1.598 1.6078 1.6095 1.5982 1.5827 1.5682 1.5515 1.5318 1.5099 1.4855 1.4609 1.4405 1.4259 1.4171 1.414 1.4131 1.407 1.3976 1.3919 1.3873 1.3826 1.3764 1.3658 1.3537 1.3388 1.3237 1.3032 1.2884 1.2574 1.2127 1.1768 1.1419 1.1105 1.0785 1.0488 1.0195 0.9915 0.96291 0.93654 0.91042 0.88472 0.86113 0.83575 0.81233 0.78934 0.76712 0.7463 0.72473 0.70453 0.68297 0.66304 0.6444 0.62518 0.60826 0.59063 0.5747 0.56034 0.5451 0.53039 0.5147 0.5001 0.48632 0.47232 0.45916 0.44458 0.43098 0.41784 0.40478 0.39236 0.38213 0.37245 0.36318 0.354 0.34456 0.33573 0.32654 0.31756 0.30912 0.30098 0.29698 0.28539 0.31672 0.35018 0.33764 0.36252 0.49479 0.69367 0.79143 0.76635 0.70027 0.61458 0.56679 
406.5 1.3546 1.4517 1.5235 1.5443 1.5552 1.5682 1.5796 1.5885 1.5979 1.6077 1.6093 1.5981 1.5825 1.5681 1.5514 1.5317 1.5098 1.4853 1.4609 1.4404 1.4257 1.417 1.4139 1.4131 1.407 1.3976 1.3918 1.3874 1.3826 1.3763 1.3658 1.3538 1.3387 1.3235 1.3031 1.2885 1.2576 1.2126 1.1767 1.1419 1.1105 1.0784 1.0486 1.0193 0.9914 0.96292 0.93652 0.91044 0.88464 0.86109 0.83571 0.81226 0.78933 0.7671 0.74629 0.72475 0.70461 0.68302 0.66307 0.64435 0.62507 0.60829 0.59074 0.57483 0.56038 0.54503 0.53039 0.51481 0.5003 0.48648 0.47242 0.45921 0.44462 0.43108 0.41795 0.40492 0.39244 0.38222 0.37254 0.36336 0.35417 0.34461 0.33576 0.32662 0.31772 0.30921 0.30105 0.29715 0.28552 0.31671 0.35011 0.33752 0.36233 0.49459 0.69357 0.79144 0.76634 0.70023 0.61458 0.56682 
407 1.3545 1.4516 1.5234 1.5442 1.5551 1.5681 1.5795 1.5883 1.5978 1.6075 1.6092 1.5979 1.5823 1.5679 1.5513 1.5317 1.5097 1.4851 1.4608 1.4403 1.4255 1.4168 1.4139 1.4131 1.407 1.3976 1.3918 1.3874 1.3827 1.3761 1.3658 1.354 1.3386 1.3233 1.303 1.2887 1.2577 1.2125 1.1766 1.1419 1.1105 1.0783 1.0485 1.0191 0.99129 0.96294 0.93651 0.91046 0.88456 0.86104 0.83566 0.81219 0.78931 0.76708 0.74627 0.72477 0.70469 0.68307 0.6631 0.64432 0.62496 0.60832 0.59085 0.57496 0.56042 0.54496 0.53039 0.51492 0.5005 0.48663 0.47251 0.45925 0.44466 0.43119 0.41807 0.40506 0.39251 0.3823 0.37264 0.36353 0.35435 0.34466 0.33579 0.3267 0.31789 0.3093 0.30113 0.29731 0.28564 0.31671 0.35005 0.3374 0.36216 0.49439 0.69347 0.79144 0.76633 0.70019 0.61457 0.56684 
407.5 1.3543 1.4515 1.5233 1.5441 1.555 1.568 1.5793 1.5882 1.5977 1.6075 1.609 1.5977 1.5822 1.5679 1.5513 1.5316 1.5096 1.4851 1.4608 1.4402 1.4255 1.4168 1.4138 1.413 1.407 1.3975 1.3917 1.3874 1.3827 1.3762 1.3659 1.3538 1.3384 1.3232 1.3029 1.2886 1.2576 1.2125 1.1765 1.1418 1.1104 1.0782 1.0484 1.019 0.99119 0.96284 0.93647 0.91038 0.88449 0.86097 0.83561 0.81216 0.78928 0.76706 0.74626 0.72472 0.70466 0.68314 0.66316 0.64453 0.62509 0.6083 0.59099 0.57507 0.56052 0.54513 0.53051 0.51497 0.50048 0.48659 0.47257 0.45936 0.44472 0.43125 0.41823 0.40518 0.39261 0.38244 0.37271 0.36358 0.35434 0.34475 0.33589 0.32679 0.318 0.30943 0.30128 0.29738 0.28575 0.31692 0.3503 0.33771 0.36251 0.49474 0.69373 0.79153 0.7661 0.69967 0.61426 0.56682 
408 1.3542 1.4514 1.5232 1.544 1.5549 1.5679 1.5792 1.5881 1.5976 1.6074 1.6089 1.5974 1.582 1.5678 1.5512 1.5316 1.5096 1.4851 1.4608 1.4402 1.4255 1.4168 1.4137 1.413 1.4069 1.3975 1.3917 1.3874 1.3827 1.3763 1.3659 1.3537 1.3382 1.3232 1.3029 1.2885 1.2575 1.2124 1.1765 1.1416 1.1102 1.0781 1.0482 1.019 0.99109 0.96275 0.93643 0.9103 0.88442 0.8609 0.83556 0.81212 0.78924 0.76704 0.74625 0.72467 0.70464 0.68321 0.66322 0.64474 0.62521 0.60827 0.59114 0.57517 0.56061 0.5453 0.53063 0.51503 0.50047 0.48655 0.47264 0.45946 0.44478 0.43131 0.41839 0.40529 0.39271 0.38257 0.37279 0.36363 0.35433 0.34484 0.33599 0.32687 0.31812 0.30955 0.30143 0.29745 0.28585 0.31713 0.35055 0.33802 0.36287 0.49508 0.69398 0.79161 0.76587 0.69916 0.61395 0.5668 
408.5 1.3541 1.4513 1.5231 1.5439 1.5548 1.5678 1.5791 1.588 1.5975 1.6073 1.6088 1.5972 1.5818 1.5678 1.5511 1.5315 1.5095 1.4851 1.4609 1.4401 1.4254 1.4167 1.4137 1.4129 1.4068 1.3975 1.3916 1.3873 1.3828 1.3763 1.366 1.3536 1.338 1.3231 1.3028 1.2884 1.2574 1.2123 1.1764 1.1415 1.1101 1.078 1.0481 1.0189 0.99099 0.96265 0.93639 0.91022 0.88435 0.86083 0.83552 0.81209 0.78921 0.76703 0.74624 0.72462 0.70461 0.68328 0.66328 0.64495 0.62533 0.60825 0.59128 0.57528 0.5607 0.54548 0.53075 0.51508 0.50045 0.48651 0.47271 0.45957 0.44484 0.43138 0.41856 0.40541 0.39281 0.38271 0.37286 0.36368 0.35432 0.34493 0.3361 0.32696 0.31823 0.30968 0.30158 0.29751 0.28596 0.31734 0.3508 0.33833 0.36323 0.49542 0.69424 0.7917 0.76564 0.69864 0.61364 0.56678 
409 1.354 1.4512 1.523 1.5438 1.5547 1.5677 1.579 1.5879 1.5974 1.6072 1.6086 1.597 1.5817 1.5677 1.5511 1.5314 1.5094 1.4851 1.4608 1.4401 1.4254 1.4167 1.4136 1.4129 1.4068 1.3975 1.3916 1.3873 1.3828 1.3764 1.366 1.3535 1.3379 1.3231 1.3028 1.2883 1.2573 1.2123 1.1763 1.1413 1.11 1.078 1.048 1.0188 0.99092 0.96255 0.93633 0.91015 0.88429 0.86078 0.83547 0.81207 0.7892 0.76704 0.74626 0.72459 0.7046 0.68334 0.66333 0.6451 0.62543 0.60825 0.59139 0.57536 0.56079 0.54561 0.53084 0.51513 0.50047 0.48652 0.47277 0.45965 0.44492 0.43145 0.41869 0.40548 0.39289 0.38283 0.37298 0.36377 0.35433 0.34503 0.33616 0.32703 0.31834 0.30978 0.30169 0.29759 0.28605 0.31748 0.35097 0.33853 0.36345 0.49562 0.69437 0.79173 0.76553 0.69842 0.61353 0.56682 
409.5 1.3539 1.4511 1.5229 1.5437 1.5546 1.5676 1.5789 1.5878 1.5972 1.607 1.6084 1.5969 1.5816 1.5676 1.5511 1.5314 1.5093 1.485 1.4607 1.44 1.4255 1.4166 1.4135 1.4128 1.4069 1.3975 1.3916 1.3873 1.3828 1.3763 1.3659 1.3535 1.338 1.3231 1.3029 1.2882 1.2571 1.2122 1.1762 1.1412 1.11 1.078 1.0479 1.0187 0.9909 0.96241 0.93622 0.91009 0.88424 0.86079 0.83544 0.81208 0.78929 0.76713 0.74633 0.72463 0.70461 0.68335 0.66337 0.64511 0.62544 0.60832 0.59142 0.57537 0.56087 0.54563 0.53085 0.5152 0.50058 0.48667 0.47279 0.45965 0.44505 0.43155 0.41872 0.40541 0.39295 0.38292 0.37323 0.36394 0.35439 0.34515 0.33612 0.32706 0.31841 0.30978 0.30167 0.29766 0.28608 0.31744 0.35093 0.33842 0.36328 0.49541 0.69413 0.7916 0.76577 0.69905 0.61404 0.56705 
410 1.3539 1.451 1.5228 1.5436 1.5545 1.5674 1.5788 1.5876 1.5971 1.6068 1.6082 1.5968 1.5815 1.5674 1.5511 1.5313 1.5092 1.4849 1.4605 1.44 1.4255 1.4165 1.4134 1.4128 1.4069 1.3975 1.3916 1.3873 1.3827 1.3763 1.3658 1.3535 1.3381 1.3231 1.3029 1.2881 1.2568 1.2121 1.1761 1.141 1.1099 1.078 1.0478 1.0187 0.99089 0.96226 0.93611 0.91003 0.8842 0.8608 0.83541 0.8121 0.78937 0.76722 0.7464 0.72468 0.70463 0.68336 0.66341 0.64511 0.62546 0.60839 0.59144 0.57538 0.56095 0.54565 0.53087 0.51527 0.50069 0.48682 0.47281 0.45965 0.44518 0.43166 0.41875 0.40534 0.393 0.383 0.37348 0.36412 0.35445 0.34528 0.33607 0.32709 0.31848 0.30979 0.30166 0.29773 0.28611 0.3174 0.35088 0.33831 0.36311 0.4952 0.69389 0.79147 0.766 0.69968 0.61455 0.56729 
410.5 1.3538 1.4509 1.5227 1.5435 1.5544 1.5673 1.5786 1.5875 1.5969 1.6066 1.6081 1.5967 1.5814 1.5673 1.5511 1.5313 1.5091 1.4849 1.4604 1.44 1.4255 1.4165 1.4132 1.4128 1.4069 1.3975 1.3916 1.3873 1.3827 1.3762 1.3657 1.3536 1.3382 1.3231 1.3029 1.288 1.2566 1.212 1.176 1.1409 1.1099 1.078 1.0477 1.0186 0.99087 0.96212 0.936 0.90996 0.88415 0.86081 0.83538 0.81211 0.78945 0.7673 0.74647 0.72472 0.70465 0.68337 0.66345 0.64511 0.62547 0.60846 0.59147 0.57539 0.56103 0.54568 0.53088 0.51534 0.5008 0.48697 0.47283 0.45965 0.44531 0.43176 0.41878 0.40527 0.39305 0.38309 0.37373 0.3643 0.35451 0.3454 0.33602 0.32713 0.31855 0.3098 0.30165 0.29781 0.28614 0.31737 0.35083 0.3382 0.36294 0.49499 0.69365 0.79135 0.76624 0.70031 0.61505 0.56753 
411 1.3537 1.4508 1.5226 1.5434 1.5543 1.5672 1.5785 1.5874 1.5968 1.6065 1.6079 1.5966 1.5813 1.5672 1.551 1.5312 1.509 1.4848 1.4603 1.44 1.4255 1.4164 1.4131 1.4127 1.4069 1.3975 1.3916 1.3872 1.3826 1.3762 1.3657 1.3536 1.3383 1.3231 1.3029 1.2879 1.2564 1.2119 1.1759 1.1408 1.1098 1.078 1.0476 1.0185 0.99083 0.962 0.93588 0.90991 0.88413 0.86078 0.83538 0.81213 0.78946 0.76734 0.74654 0.72477 0.70465 0.68341 0.66351 0.6451 0.62554 0.60855 0.59148 0.57545 0.56107 0.5457 0.53092 0.51538 0.50089 0.48709 0.47287 0.4597 0.44543 0.43186 0.41884 0.40534 0.3931 0.38317 0.37391 0.36442 0.35459 0.34551 0.33614 0.3272 0.31864 0.30991 0.30172 0.29789 0.28623 0.31745 0.35092 0.33829 0.36299 0.49502 0.69373 0.79147 0.76643 0.70056 0.61513 0.56742 
411.5 1.3536 1.4507 1.5225 1.5433 1.5541 1.5671 1.5784 1.5872 1.5967 1.6063 1.6078 1.5965 1.5812 1.5671 1.5509 1.531 1.5089 1.4847 1.4603 1.4399 1.4255 1.4164 1.413 1.4126 1.4069 1.3975 1.3916 1.3871 1.3825 1.3762 1.3657 1.3537 1.3383 1.3231 1.3028 1.2878 1.2564 1.2118 1.1758 1.1407 1.1098 1.0777 1.0475 1.0185 0.99076 0.96191 0.93575 0.90985 0.88412 0.8607 0.83541 0.81214 0.78939 0.76731 0.74659 0.72482 0.70465 0.68348 0.66359 0.64507 0.62566 0.60867 0.59147 0.57554 0.56107 0.54573 0.53098 0.51539 0.50098 0.48717 0.47295 0.45979 0.44553 0.43195 0.41894 0.40555 0.39314 0.38325 0.374 0.36449 0.35469 0.34561 0.33642 0.32732 0.31874 0.31011 0.30186 0.29799 0.28637 0.31766 0.35116 0.33859 0.36327 0.49532 0.69415 0.79185 0.76657 0.7004 0.61474 0.56695 
412 1.3535 1.4506 1.5224 1.5432 1.554 1.567 1.5783 1.5871 1.5965 1.6062 1.6077 1.5963 1.5811 1.567 1.5507 1.5309 1.5088 1.4847 1.4603 1.4399 1.4254 1.4164 1.4128 1.4124 1.4069 1.3975 1.3916 1.387 1.3824 1.3761 1.3658 1.3537 1.3383 1.3231 1.3028 1.2877 1.2564 1.2118 1.1757 1.1407 1.1097 1.0775 1.0474 1.0185 0.99069 0.96182 0.93562 0.90979 0.88412 0.86062 0.83543 0.81215 0.78932 0.76728 0.74664 0.72487 0.70465 0.68355 0.66367 0.64505 0.62578 0.60878 0.59147 0.57564 0.56107 0.54577 0.53104 0.51539 0.50106 0.48726 0.47303 0.45989 0.44562 0.43204 0.41904 0.40575 0.39318 0.38333 0.37409 0.36456 0.35479 0.3457 0.3367 0.32743 0.31883 0.31032 0.30201 0.29809 0.28651 0.31787 0.35141 0.33889 0.36356 0.49562 0.69457 0.79224 0.7667 0.70024 0.61436 0.56649 
412.5 1.3533 1.4505 1.5223 1.543 1.5539 1.5669 1.5782 1.587 1.5964 1.606 1.6075 1.5962 1.581 1.5669 1.5506 1.5308 1.5088 1.4847 1.4603 1.4399 1.4254 1.4164 1.4127 1.4123 1.4069 1.3975 1.3915 1.3869 1.3823 1.3761 1.3658 1.3538 1.3383 1.3232 1.3027 1.2876 1.2564 1.2117 1.1756 1.1407 1.1096 1.0773 1.0473 1.0185 0.99063 0.96173 0.93549 0.90973 0.88411 0.86055 0.83546 0.81217 0.78926 0.76726 0.74669 0.72492 0.70464 0.68363 0.66376 0.64502 0.62591 0.6089 0.59146 0.57574 0.56107 0.5458 0.5311 0.5154 0.50115 0.48735 0.4731 0.45998 0.44572 0.43213 0.41914 0.40596 0.39323 0.38341 0.37419 0.36463 0.35489 0.3458 0.33699 0.32755 0.31893 0.31052 0.30215 0.29819 0.28665 0.31808 0.35165 0.33919 0.36385 0.49592 0.69499 0.79262 0.76684 0.70008 0.61397 0.56602 
413 1.3532 1.4503 1.5221 1.5429 1.5538 1.5667 1.578 1.5868 1.5962 1.6059 1.6074 1.5961 1.5809 1.5668 1.5505 1.5307 1.5086 1.4846 1.4603 1.4398 1.4253 1.4163 1.4128 1.4123 1.4067 1.3974 1.3915 1.3869 1.3822 1.3761 1.3658 1.3537 1.3383 1.3231 1.3026 1.2876 1.2565 1.2116 1.1756 1.1407 1.1094 1.0772 1.0473 1.0184 0.99057 0.96173 0.93546 0.90971 0.8841 0.86053 0.83548 0.81218 0.78926 0.76724 0.74665 0.72494 0.70472 0.68367 0.66382 0.64508 0.62597 0.60895 0.59148 0.57582 0.56109 0.54581 0.53115 0.51547 0.5012 0.48735 0.47321 0.4601 0.44574 0.43212 0.41911 0.40608 0.3934 0.38346 0.37409 0.3647 0.35511 0.34586 0.337 0.32761 0.31901 0.31059 0.30226 0.29825 0.28674 0.31817 0.3517 0.33921 0.36389 0.49593 0.69484 0.79241 0.76667 0.70004 0.61422 0.56645 
413.5 1.3531 1.4502 1.522 1.5428 1.5537 1.5666 1.5779 1.5867 1.5961 1.6057 1.6073 1.596 1.5807 1.5666 1.5504 1.5307 1.5085 1.4844 1.4602 1.4397 1.4251 1.4162 1.413 1.4124 1.4065 1.3973 1.3915 1.3869 1.3823 1.3761 1.3658 1.3536 1.3382 1.323 1.3023 1.2876 1.2567 1.2116 1.1757 1.1407 1.1093 1.0772 1.0472 1.0183 0.99052 0.96176 0.93548 0.90971 0.88408 0.86054 0.83549 0.8122 0.78928 0.76723 0.74656 0.72495 0.70484 0.68369 0.66386 0.64516 0.62602 0.60897 0.59151 0.57589 0.5611 0.5458 0.5312 0.51557 0.50123 0.48732 0.47332 0.46023 0.44572 0.43207 0.41902 0.40617 0.39362 0.3835 0.37391 0.36477 0.35538 0.3459 0.33691 0.32766 0.31908 0.3106 0.30236 0.2983 0.28681 0.31821 0.35168 0.33912 0.36384 0.49582 0.69447 0.79194 0.76638 0.70006 0.61472 0.56725 
414 1.3529 1.4501 1.5219 1.5427 1.5536 1.5665 1.5778 1.5866 1.5959 1.6055 1.6072 1.5959 1.5805 1.5664 1.5504 1.5306 1.5084 1.4843 1.4601 1.4396 1.4249 1.416 1.4131 1.4125 1.4063 1.3972 1.3915 1.3869 1.3823 1.3762 1.3657 1.3535 1.3381 1.323 1.3021 1.2877 1.2569 1.2115 1.1757 1.1407 1.1092 1.0771 1.0472 1.0182 0.99046 0.96178 0.9355 0.9097 0.88406 0.86056 0.83551 0.81222 0.78931 0.76721 0.74647 0.72495 0.70495 0.68372 0.66391 0.64525 0.62606 0.60899 0.59154 0.57596 0.56112 0.5458 0.53125 0.51567 0.50127 0.48729 0.47344 0.46036 0.44569 0.43202 0.41894 0.40626 0.39384 0.38354 0.37373 0.36484 0.35565 0.34594 0.33682 0.3277 0.31915 0.31062 0.30246 0.29835 0.28687 0.31826 0.35166 0.33903 0.36378 0.49571 0.69409 0.79148 0.76609 0.70007 0.61523 0.56806 
414.5 1.3528 1.4499 1.5218 1.5426 1.5534 1.5663 1.5776 1.5864 1.5958 1.6054 1.607 1.5958 1.5803 1.5662 1.5503 1.5306 1.5082 1.4842 1.46 1.4395 1.4247 1.4159 1.4133 1.4125 1.4061 1.397 1.3914 1.387 1.3823 1.3762 1.3657 1.3534 1.3381 1.3229 1.3019 1.2877 1.2571 1.2114 1.1757 1.1407 1.109 1.0771 1.0472 1.0181 0.99041 0.96181 0.93551 0.9097 0.88404 0.86057 0.83553 0.81223 0.78934 0.7672 0.74638 0.72496 0.70507 0.68375 0.66396 0.64533 0.62611 0.60901 0.59157 0.57603 0.56114 0.5458 0.53129 0.51576 0.5013 0.48726 0.47356 0.46049 0.44567 0.43197 0.41885 0.40635 0.39407 0.38358 0.37355 0.36491 0.35592 0.34599 0.33673 0.32774 0.31922 0.31063 0.30256 0.2984 0.28694 0.3183 0.35163 0.33894 0.36372 0.4956 0.69371 0.79101 0.76579 0.70009 0.61574 0.56886 
415 1.3527 1.4498 1.5217 1.5425 1.5533 1.5662 1.5775 1.5863 1.5956 1.6053 1.6069 1.5956 1.5802 1.5661 1.5501 1.5305 1.5082 1.4842 1.4599 1.4394 1.4247 1.4159 1.4131 1.4124 1.4062 1.3972 1.3915 1.3869 1.3823 1.3762 1.3657 1.3534 1.3381 1.3229 1.302 1.2875 1.2569 1.2114 1.1756 1.1407 1.109 1.077 1.0471 1.018 0.99029 0.96173 0.93549 0.90963 0.88395 0.8605 0.83544 0.81214 0.78928 0.76716 0.74637 0.72494 0.70503 0.68374 0.66403 0.64543 0.62611 0.60911 0.59174 0.57613 0.56134 0.54594 0.53135 0.51589 0.50143 0.48739 0.47366 0.46057 0.44577 0.43212 0.41912 0.40634 0.39406 0.38372 0.3737 0.365 0.3559 0.34612 0.33692 0.32787 0.31927 0.31068 0.30261 0.29852 0.28703 0.31833 0.35171 0.33904 0.36379 0.49577 0.69412 0.79144 0.76593 0.69974 0.61493 0.56787 
415.5 1.3526 1.4497 1.5215 1.5424 1.5532 1.5661 1.5773 1.5861 1.5955 1.6051 1.6067 1.5955 1.5801 1.5661 1.5499 1.5304 1.5082 1.4841 1.4598 1.4393 1.4247 1.416 1.413 1.4122 1.4064 1.3973 1.3915 1.3868 1.3822 1.3763 1.3657 1.3534 1.3382 1.3229 1.302 1.2874 1.2567 1.2115 1.1755 1.1406 1.1089 1.0768 1.0469 1.0179 0.99018 0.96165 0.93546 0.90956 0.88386 0.86042 0.83534 0.81205 0.78922 0.76712 0.74636 0.72491 0.70499 0.68373 0.6641 0.64552 0.6261 0.60922 0.59191 0.57624 0.56156 0.5461 0.5314 0.51603 0.50157 0.48753 0.47377 0.46065 0.44587 0.43229 0.41941 0.40633 0.39404 0.38386 0.37388 0.36508 0.35586 0.34626 0.33712 0.32801 0.31933 0.31073 0.30266 0.29865 0.28712 0.31837 0.3518 0.33915 0.36387 0.49597 0.69459 0.79193 0.7661 0.69938 0.61403 0.56677 
416 1.3525 1.4496 1.5214 1.5422 1.553 1.5659 1.5772 1.586 1.5953 1.605 1.6066 1.5954 1.5801 1.566 1.5497 1.5303 1.5082 1.4841 1.4597 1.4392 1.4247 1.416 1.4128 1.412 1.4065 1.3975 1.3915 1.3867 1.3821 1.3763 1.3657 1.3534 1.3382 1.3229 1.3021 1.2872 1.2566 1.2115 1.1754 1.1405 1.1089 1.0767 1.0468 1.0178 0.99006 0.96156 0.93544 0.90949 0.88377 0.86035 0.83524 0.81195 0.78915 0.76708 0.74636 0.72488 0.70494 0.68372 0.66418 0.64562 0.62609 0.60934 0.59208 0.57634 0.56178 0.54625 0.53145 0.51616 0.5017 0.48767 0.47387 0.46073 0.44598 0.43245 0.4197 0.40632 0.39402 0.384 0.37406 0.36517 0.35582 0.3464 0.33732 0.32814 0.31938 0.31078 0.3027 0.29878 0.2872 0.3184 0.35188 0.33925 0.36395 0.49616 0.69506 0.79241 0.76626 0.69901 0.61312 0.56566 
416.5 1.3524 1.4495 1.5213 1.5421 1.5529 1.5658 1.5771 1.5858 1.5952 1.6049 1.6064 1.5952 1.58 1.5659 1.5495 1.5302 1.5082 1.484 1.4596 1.4391 1.4247 1.416 1.4126 1.4119 1.4066 1.3976 1.3915 1.3867 1.382 1.3763 1.3656 1.3533 1.3382 1.3229 1.3022 1.2871 1.2564 1.2115 1.1753 1.1404 1.1088 1.0766 1.0467 1.0177 0.98995 0.96148 0.9354 0.90944 0.88372 0.8603 0.83516 0.81188 0.7891 0.76705 0.74637 0.72487 0.70492 0.68373 0.66422 0.6457 0.62611 0.60943 0.59222 0.57641 0.56195 0.54638 0.53151 0.51628 0.50182 0.48778 0.47397 0.46081 0.4461 0.43261 0.41993 0.40631 0.39401 0.38414 0.37423 0.36524 0.35577 0.34653 0.33751 0.32828 0.31945 0.31085 0.30277 0.29891 0.28729 0.31845 0.35199 0.33938 0.36405 0.49639 0.69556 0.79297 0.76657 0.69886 0.61246 0.56475 
417 1.3522 1.4494 1.5212 1.542 1.5528 1.5657 1.577 1.5857 1.5951 1.6048 1.6063 1.5951 1.58 1.5658 1.5494 1.5301 1.5082 1.484 1.4596 1.4391 1.4246 1.416 1.4127 1.412 1.4065 1.3974 1.3914 1.3867 1.3821 1.3761 1.3655 1.3533 1.338 1.3227 1.3021 1.287 1.2562 1.2114 1.1752 1.1402 1.1088 1.0767 1.0468 1.0176 0.98988 0.96143 0.93532 0.90947 0.88384 0.86035 0.83516 0.81193 0.78908 0.76706 0.7465 0.72495 0.70506 0.68384 0.66412 0.64573 0.62625 0.60942 0.59219 0.57632 0.56185 0.54638 0.53156 0.51628 0.50186 0.48777 0.474 0.46087 0.44628 0.43275 0.41979 0.4063 0.39407 0.38421 0.3744 0.36524 0.3557 0.3466 0.33762 0.32843 0.31964 0.31103 0.30293 0.29899 0.28737 0.31863 0.35219 0.33959 0.36431 0.49677 0.6962 0.79387 0.76761 0.69986 0.613 0.56491 
417.5 1.3521 1.4493 1.5211 1.5419 1.5527 1.5656 1.5769 1.5856 1.595 1.6046 1.6061 1.595 1.5799 1.5657 1.5494 1.53 1.5081 1.4839 1.4596 1.4391 1.4245 1.4159 1.4128 1.4122 1.4064 1.3971 1.3912 1.3868 1.3822 1.376 1.3654 1.3532 1.3378 1.3226 1.3021 1.287 1.2561 1.2114 1.1751 1.14 1.1087 1.0768 1.0468 1.0176 0.98982 0.96138 0.93524 0.9095 0.88397 0.86041 0.83516 0.81198 0.78906 0.76707 0.74662 0.72504 0.7052 0.68395 0.66402 0.64576 0.62639 0.60941 0.59217 0.57623 0.56176 0.54639 0.53161 0.51628 0.5019 0.48776 0.47403 0.46093 0.44646 0.43289 0.41966 0.4063 0.39413 0.38429 0.37456 0.36524 0.35563 0.34668 0.33772 0.32858 0.31982 0.31121 0.30309 0.29907 0.28745 0.31881 0.3524 0.3398 0.36456 0.49714 0.69684 0.79478 0.76866 0.70085 0.61353 0.56507 
418 1.352 1.4492 1.521 1.5418 1.5526 1.5655 1.5768 1.5855 1.5949 1.6045 1.606 1.5949 1.5799 1.5656 1.5493 1.5299 1.5081 1.4839 1.4596 1.4391 1.4244 1.4158 1.4129 1.4124 1.4064 1.3969 1.391 1.3868 1.3822 1.3758 1.3653 1.3531 1.3376 1.3224 1.3021 1.2869 1.2559 1.2113 1.1751 1.1398 1.1087 1.0769 1.0469 1.0176 0.98975 0.96132 0.93516 0.90954 0.88409 0.86047 0.83516 0.81204 0.78905 0.76709 0.74675 0.72513 0.70534 0.68406 0.66392 0.64579 0.62653 0.6094 0.59215 0.57614 0.56166 0.5464 0.53165 0.51629 0.50194 0.48775 0.47406 0.46099 0.44665 0.43303 0.41952 0.40629 0.3942 0.38437 0.37472 0.36524 0.35556 0.34675 0.33783 0.32873 0.32 0.31138 0.30325 0.29915 0.28752 0.31899 0.3526 0.34 0.36481 0.49752 0.69747 0.79569 0.7697 0.70185 0.61407 0.56522 
418.5 1.3518 1.4491 1.5209 1.5417 1.5525 1.5654 1.5767 1.5854 1.5948 1.6044 1.6059 1.5948 1.5798 1.5655 1.5492 1.5298 1.5081 1.4839 1.4596 1.4391 1.4244 1.4158 1.4129 1.4123 1.4062 1.3968 1.3909 1.3868 1.3822 1.3757 1.3653 1.3531 1.3375 1.3223 1.3021 1.2869 1.2558 1.2112 1.175 1.1396 1.1086 1.0769 1.0469 1.0175 0.98972 0.96124 0.93508 0.90955 0.88414 0.86046 0.83517 0.81209 0.78904 0.76711 0.74683 0.7252 0.70542 0.68409 0.66387 0.64582 0.62661 0.60944 0.5922 0.57617 0.56168 0.54645 0.53173 0.51626 0.50192 0.48779 0.47414 0.46109 0.44677 0.43313 0.41949 0.40639 0.39433 0.38446 0.37482 0.3653 0.35563 0.34684 0.33794 0.32887 0.32015 0.31152 0.30339 0.29925 0.28763 0.31913 0.35276 0.3402 0.36507 0.49781 0.69774 0.79593 0.76993 0.70213 0.61438 0.56551 
419 1.3517 1.4489 1.5208 1.5415 1.5524 1.5653 1.5765 1.5853 1.5947 1.6043 1.6058 1.5947 1.5797 1.5654 1.5491 1.5297 1.508 1.4839 1.4595 1.439 1.4244 1.4158 1.4128 1.412 1.406 1.3968 1.391 1.3866 1.382 1.3758 1.3653 1.3531 1.3377 1.3224 1.3021 1.287 1.2559 1.2111 1.1749 1.1396 1.1085 1.0768 1.0468 1.0175 0.98974 0.96112 0.93499 0.90952 0.88406 0.86035 0.83519 0.81214 0.78905 0.76714 0.74683 0.72526 0.70541 0.68398 0.6639 0.64587 0.6266 0.60953 0.59236 0.57637 0.56188 0.54659 0.53185 0.5162 0.50183 0.4879 0.4743 0.46123 0.44679 0.43314 0.41964 0.40666 0.39457 0.38458 0.37481 0.36542 0.35592 0.34696 0.33805 0.32898 0.32025 0.31161 0.30348 0.29939 0.28776 0.31921 0.35283 0.34036 0.36534 0.49795 0.69743 0.79513 0.76889 0.70131 0.61435 0.56599 
419.5 1.3516 1.4488 1.5207 1.5414 1.5523 1.5652 1.5764 1.5852 1.5946 1.6042 1.6057 1.5946 1.5795 1.5653 1.549 1.5296 1.508 1.4839 1.4594 1.4388 1.4243 1.4159 1.4126 1.4116 1.4057 1.3968 1.3911 1.3863 1.3817 1.3759 1.3654 1.3531 1.3378 1.3225 1.3021 1.2872 1.256 1.2111 1.1749 1.1396 1.1084 1.0766 1.0467 1.0175 0.98976 0.961 0.9349 0.90949 0.88398 0.86024 0.83522 0.8122 0.78906 0.76717 0.74683 0.72532 0.70539 0.68388 0.66394 0.64592 0.62659 0.60962 0.59252 0.57658 0.56209 0.54672 0.53196 0.51613 0.50174 0.48802 0.47445 0.46137 0.4468 0.43316 0.41978 0.40693 0.39481 0.38469 0.37479 0.36555 0.35621 0.34707 0.33816 0.3291 0.32036 0.3117 0.30357 0.29953 0.2879 0.31929 0.35289 0.34052 0.3656 0.4981 0.69712 0.79434 0.76785 0.70049 0.61432 0.56647 
420 1.3514 1.4487 1.5205 1.5413 1.5521 1.565 1.5763 1.585 1.5945 1.6041 1.6056 1.5945 1.5794 1.5652 1.5488 1.5295 1.5079 1.4838 1.4593 1.4387 1.4243 1.4159 1.4125 1.4113 1.4055 1.3969 1.3911 1.3861 1.3815 1.3759 1.3654 1.3531 1.3379 1.3226 1.3021 1.2873 1.256 1.211 1.1748 1.1396 1.1083 1.0765 1.0466 1.0175 0.98978 0.96088 0.93481 0.90946 0.88391 0.86013 0.83524 0.81226 0.78908 0.7672 0.74683 0.72538 0.70537 0.68378 0.66397 0.64597 0.62658 0.60972 0.59268 0.57678 0.56229 0.54685 0.53208 0.51607 0.50165 0.48813 0.4746 0.46152 0.44682 0.43317 0.41992 0.40719 0.39505 0.38481 0.37478 0.36568 0.3565 0.34719 0.33826 0.32921 0.32046 0.31179 0.30366 0.29967 0.28804 0.31937 0.35296 0.34069 0.36587 0.49824 0.69681 0.79355 0.76681 0.69968 0.61428 0.56695 
420.5 1.3513 1.4486 1.5204 1.5412 1.552 1.5649 1.5761 1.5849 1.5944 1.604 1.6055 1.5944 1.5792 1.5651 1.5487 1.5294 1.5078 1.4837 1.4593 1.4387 1.4243 1.4158 1.4124 1.4111 1.4054 1.3968 1.3911 1.386 1.3815 1.3759 1.3654 1.3531 1.3379 1.3227 1.3022 1.2873 1.256 1.2109 1.1748 1.1397 1.1083 1.0764 1.0465 1.0175 0.9897 0.96085 0.93479 0.90939 0.88385 0.86009 0.83521 0.81224 0.7891 0.7672 0.74678 0.7254 0.70537 0.68378 0.66406 0.646 0.62662 0.6098 0.59272 0.57686 0.56238 0.54696 0.5322 0.51617 0.50174 0.48823 0.47468 0.46159 0.44688 0.43326 0.42001 0.40731 0.39518 0.3849 0.37485 0.36578 0.35662 0.34727 0.33836 0.32925 0.32049 0.31186 0.30375 0.29972 0.28807 0.31936 0.35292 0.34064 0.36582 0.49822 0.69684 0.79363 0.76694 0.69984 0.61449 0.56716 
421 1.3512 1.4485 1.5203 1.5411 1.5519 1.5648 1.576 1.5848 1.5942 1.6038 1.6054 1.5942 1.579 1.5649 1.5487 1.5293 1.5077 1.4836 1.4592 1.4388 1.4243 1.4157 1.4123 1.4111 1.4055 1.3968 1.3909 1.3861 1.3815 1.3758 1.3654 1.3531 1.3378 1.3227 1.3022 1.2871 1.2559 1.2108 1.1747 1.1397 1.1084 1.0765 1.0466 1.0175 0.98957 0.96088 0.93483 0.9093 0.88379 0.8601 0.83516 0.81219 0.78914 0.76718 0.74671 0.72537 0.70537 0.68384 0.66418 0.64602 0.62669 0.60987 0.59269 0.57685 0.5624 0.54706 0.53231 0.51639 0.50195 0.48833 0.4747 0.46162 0.44696 0.43339 0.42008 0.40733 0.39523 0.38497 0.37496 0.36587 0.35663 0.34732 0.33845 0.32923 0.32049 0.31192 0.30382 0.29973 0.28805 0.31931 0.35282 0.34047 0.36559 0.49809 0.69708 0.79427 0.76778 0.70061 0.61483 0.56721 
421.5 1.3511 1.4483 1.5202 1.541 1.5518 1.5647 1.5759 1.5847 1.5941 1.6037 1.6053 1.5941 1.5789 1.5648 1.5486 1.5293 1.5075 1.4834 1.4591 1.4388 1.4243 1.4156 1.4122 1.4111 1.4056 1.3967 1.3908 1.3861 1.3816 1.3758 1.3653 1.353 1.3378 1.3228 1.3023 1.287 1.2558 1.2108 1.1746 1.1397 1.1086 1.0765 1.0466 1.0174 0.98944 0.96091 0.93486 0.90921 0.88373 0.8601 0.83511 0.81213 0.78917 0.76716 0.74663 0.72535 0.70537 0.6839 0.6643 0.64604 0.62677 0.60994 0.59267 0.57685 0.56241 0.54715 0.53243 0.5166 0.50215 0.48842 0.47473 0.46165 0.44704 0.43353 0.42014 0.40736 0.39528 0.38505 0.37507 0.36596 0.35663 0.34737 0.33854 0.32921 0.32048 0.31198 0.3039 0.29973 0.28802 0.31925 0.35272 0.3403 0.36535 0.49796 0.69732 0.79491 0.76863 0.70138 0.61518 0.56725 
422 1.3511 1.4482 1.5201 1.5409 1.5517 1.5646 1.5758 1.5846 1.5939 1.6036 1.6052 1.594 1.5787 1.5646 1.5485 1.5293 1.5074 1.4832 1.459 1.4389 1.4243 1.4155 1.4121 1.411 1.4057 1.3966 1.3906 1.3862 1.3817 1.3757 1.3652 1.353 1.3377 1.3228 1.3024 1.2869 1.2557 1.2107 1.1745 1.1397 1.1087 1.0766 1.0466 1.0174 0.98931 0.96094 0.9349 0.90912 0.88368 0.86011 0.83505 0.81208 0.78921 0.76715 0.74656 0.72533 0.70537 0.68397 0.66442 0.64606 0.62685 0.61001 0.59264 0.57685 0.56243 0.54725 0.53254 0.51682 0.50235 0.48851 0.47476 0.46167 0.44712 0.43366 0.4202 0.40739 0.39533 0.38512 0.37518 0.36604 0.35664 0.34743 0.33862 0.32919 0.32048 0.31204 0.30398 0.29973 0.288 0.3192 0.35261 0.34013 0.36512 0.49783 0.69755 0.79554 0.76947 0.70215 0.61552 0.5673 
422.5 1.3509 1.4481 1.52 1.5408 1.5516 1.5645 1.5758 1.5845 1.5939 1.6035 1.6051 1.5939 1.5786 1.5646 1.5485 1.5291 1.5072 1.4832 1.4591 1.4388 1.4243 1.4155 1.4121 1.4111 1.4057 1.3966 1.3906 1.3862 1.3817 1.3756 1.3651 1.3529 1.3374 1.3225 1.3021 1.2868 1.2557 1.2107 1.1744 1.1396 1.1085 1.0764 1.0465 1.0174 0.98929 0.96096 0.93488 0.90901 0.88358 0.86007 0.83514 0.81208 0.78919 0.76717 0.74652 0.72531 0.70537 0.68401 0.66448 0.6461 0.62686 0.61007 0.59267 0.57686 0.56248 0.54728 0.53261 0.51692 0.50245 0.48863 0.47487 0.46178 0.44714 0.43374 0.42034 0.4074 0.39543 0.38522 0.37533 0.36621 0.35672 0.34745 0.33862 0.32925 0.32057 0.31211 0.30402 0.29982 0.28807 0.31928 0.35272 0.34019 0.3651 0.49769 0.69734 0.7954 0.76955 0.70239 0.6158 0.56757 
423 1.3507 1.448 1.5199 1.5407 1.5515 1.5644 1.5757 1.5845 1.5938 1.6034 1.6049 1.5938 1.5786 1.5646 1.5485 1.529 1.5071 1.4832 1.4591 1.4388 1.4242 1.4155 1.4122 1.4111 1.4057 1.3965 1.3906 1.3863 1.3817 1.3754 1.365 1.3527 1.3372 1.3221 1.3017 1.2868 1.2558 1.2106 1.1744 1.1394 1.1082 1.0763 1.0464 1.0173 0.9893 0.96099 0.93486 0.9089 0.88347 0.86002 0.83524 0.81209 0.78917 0.76719 0.74649 0.72528 0.70537 0.68405 0.66453 0.64615 0.62687 0.61013 0.59271 0.57688 0.56254 0.5473 0.53266 0.51699 0.50252 0.48875 0.475 0.4619 0.44716 0.43381 0.42049 0.40741 0.39554 0.38533 0.37548 0.36638 0.3568 0.34747 0.33859 0.32932 0.32067 0.31217 0.30405 0.29992 0.28816 0.31939 0.35286 0.34029 0.36513 0.49756 0.69703 0.79511 0.76949 0.70254 0.61606 0.56789 
423.5 1.3506 1.4479 1.5198 1.5406 1.5514 1.5643 1.5756 1.5844 1.5938 1.6033 1.6047 1.5937 1.5786 1.5646 1.5485 1.5289 1.507 1.4832 1.4592 1.4387 1.4241 1.4154 1.4123 1.4112 1.4056 1.3965 1.3906 1.3864 1.3816 1.3753 1.3649 1.3525 1.3369 1.3217 1.3013 1.2867 1.2559 1.2106 1.1743 1.1392 1.1079 1.0761 1.0463 1.0173 0.9893 0.96101 0.93483 0.90879 0.88336 0.85997 0.83535 0.8121 0.78915 0.76722 0.74646 0.72525 0.70537 0.68409 0.66458 0.64619 0.62688 0.61018 0.59275 0.57689 0.5626 0.54732 0.53271 0.51707 0.50259 0.48887 0.47513 0.46202 0.44717 0.43388 0.42065 0.40742 0.39565 0.38543 0.37564 0.36656 0.35688 0.34748 0.33857 0.32939 0.32078 0.31223 0.30408 0.30002 0.28825 0.3195 0.353 0.34039 0.36515 0.49742 0.69673 0.79483 0.76943 0.70268 0.61631 0.56821 
424 1.3504 1.4477 1.5197 1.5405 1.5513 1.5643 1.5755 1.5843 1.5938 1.6032 1.6045 1.5936 1.5785 1.5646 1.5485 1.5287 1.5068 1.4832 1.4592 1.4387 1.424 1.4154 1.4123 1.4113 1.4056 1.3965 1.3907 1.3865 1.3816 1.3752 1.3648 1.3523 1.3367 1.3214 1.3009 1.2867 1.2559 1.2105 1.1742 1.1391 1.1077 1.076 1.0462 1.0173 0.98931 0.96103 0.9348 0.90868 0.88325 0.85992 0.83544 0.8121 0.78913 0.76725 0.74644 0.72522 0.70537 0.68412 0.66463 0.64624 0.62689 0.61023 0.59279 0.57691 0.56265 0.54734 0.53276 0.51715 0.50266 0.48899 0.47526 0.46213 0.44719 0.43395 0.4208 0.40744 0.39576 0.38554 0.37579 0.36673 0.35696 0.3475 0.33855 0.32946 0.32088 0.3123 0.30412 0.30012 0.28834 0.31961 0.35314 0.3405 0.36518 0.4973 0.69646 0.79456 0.76936 0.7028 0.61654 0.56849 
424.5 1.3503 1.4476 1.5196 1.5404 1.5512 1.5641 1.5754 1.5842 1.5936 1.6031 1.6045 1.5935 1.5783 1.5644 1.5483 1.5287 1.5069 1.4832 1.4591 1.4385 1.424 1.4153 1.4121 1.4111 1.4056 1.3967 1.3908 1.3863 1.3815 1.3752 1.3648 1.3524 1.3368 1.3214 1.301 1.2867 1.2558 1.2104 1.1741 1.139 1.1076 1.076 1.0462 1.0173 0.98939 0.96107 0.93481 0.90867 0.88319 0.85989 0.83532 0.81209 0.78923 0.76731 0.7465 0.72524 0.70541 0.68414 0.66464 0.6463 0.62691 0.61019 0.59281 0.577 0.56269 0.54737 0.53283 0.51719 0.50271 0.48906 0.47537 0.46217 0.44731 0.434 0.42083 0.40761 0.39583 0.38562 0.37593 0.36673 0.35702 0.34762 0.33863 0.32955 0.32092 0.31241 0.30423 0.30016 0.28841 0.31973 0.35324 0.34062 0.36533 0.49747 0.69659 0.79457 0.76922 0.70253 0.61634 0.56837 
425 1.3503 1.4476 1.5195 1.5403 1.5511 1.564 1.5753 1.584 1.5934 1.6029 1.6044 1.5935 1.5781 1.5642 1.5481 1.5286 1.5069 1.4831 1.459 1.4383 1.4239 1.4152 1.4118 1.411 1.4056 1.3968 1.3909 1.3862 1.3814 1.3753 1.3648 1.3525 1.337 1.3215 1.3011 1.2866 1.2556 1.2104 1.174 1.1389 1.1076 1.076 1.0463 1.0173 0.98947 0.9611 0.93481 0.90865 0.88313 0.85987 0.8352 0.81208 0.78932 0.76738 0.74657 0.72526 0.70544 0.68415 0.66466 0.64636 0.62693 0.61014 0.59282 0.57709 0.56273 0.54741 0.53289 0.51724 0.50276 0.48913 0.47548 0.46221 0.44742 0.43406 0.42087 0.40778 0.3959 0.38571 0.37607 0.36673 0.35708 0.34773 0.33872 0.32964 0.32097 0.31251 0.30434 0.3002 0.28849 0.31985 0.35333 0.34074 0.36548 0.49764 0.69671 0.79458 0.76907 0.70227 0.61613 0.56825 
425.5 1.3502 1.4475 1.5194 1.5402 1.551 1.5639 1.5751 1.5839 1.5933 1.6027 1.6044 1.5934 1.5779 1.564 1.548 1.5285 1.5069 1.483 1.4588 1.4382 1.4239 1.4151 1.4116 1.4108 1.4056 1.397 1.391 1.386 1.3813 1.3754 1.3648 1.3525 1.3372 1.3216 1.3012 1.2866 1.2555 1.2103 1.1739 1.1389 1.1076 1.076 1.0463 1.0173 0.98954 0.96113 0.93481 0.90864 0.88307 0.85984 0.83509 0.81207 0.78941 0.76744 0.74664 0.72528 0.70547 0.68417 0.66468 0.64642 0.62695 0.6101 0.59284 0.57718 0.56276 0.54745 0.53296 0.51729 0.5028 0.4892 0.47559 0.46225 0.44753 0.43412 0.4209 0.40795 0.39598 0.3858 0.37621 0.36673 0.35713 0.34784 0.3388 0.32973 0.32102 0.31262 0.30445 0.30025 0.28856 0.31996 0.35343 0.34086 0.36563 0.49781 0.69683 0.7946 0.76893 0.70201 0.61593 0.56814 
426 1.3501 1.4474 1.5193 1.5401 1.5509 1.5637 1.575 1.5837 1.5931 1.6026 1.6043 1.5933 1.5777 1.5638 1.5478 1.5285 1.5069 1.483 1.4587 1.438 1.4238 1.415 1.4114 1.4107 1.4055 1.3971 1.391 1.3859 1.3813 1.3754 1.3648 1.3525 1.3373 1.3216 1.3012 1.2865 1.2554 1.2103 1.1739 1.1389 1.1076 1.0759 1.0462 1.0172 0.98958 0.96113 0.93479 0.90865 0.88307 0.85985 0.83502 0.81208 0.78947 0.76748 0.74671 0.72529 0.70549 0.68422 0.66472 0.64645 0.62698 0.61009 0.59287 0.57727 0.5628 0.54749 0.53302 0.51734 0.50287 0.48928 0.47565 0.46228 0.44766 0.4342 0.42099 0.40809 0.39602 0.38587 0.3763 0.36679 0.35722 0.34795 0.33889 0.32981 0.32109 0.31273 0.30455 0.3003 0.28865 0.32007 0.3535 0.34094 0.36574 0.49796 0.69698 0.79468 0.7689 0.70188 0.61577 0.56799 
426.5 1.35 1.4473 1.5192 1.54 1.5507 1.5636 1.5749 1.5836 1.593 1.6025 1.6042 1.5932 1.5777 1.5637 1.5477 1.5284 1.5068 1.4829 1.4585 1.4378 1.4237 1.4149 1.4114 1.4107 1.4054 1.3969 1.3908 1.3859 1.3813 1.3753 1.3647 1.3524 1.3372 1.3218 1.3011 1.2864 1.2554 1.2103 1.174 1.1391 1.1075 1.0757 1.0461 1.0171 0.98952 0.96104 0.93469 0.90869 0.8832 0.85991 0.83509 0.81212 0.78943 0.76748 0.74679 0.7253 0.70549 0.68436 0.6648 0.64643 0.62703 0.61016 0.59296 0.57737 0.56286 0.54752 0.53307 0.51743 0.50297 0.48942 0.47563 0.4623 0.44783 0.43433 0.42121 0.40817 0.39602 0.38591 0.37629 0.36701 0.35739 0.34802 0.33898 0.32987 0.32121 0.31283 0.30461 0.30039 0.28877 0.32014 0.35353 0.34094 0.36574 0.49805 0.69721 0.79494 0.76914 0.70206 0.61573 0.56777 
427 1.3498 1.4471 1.5191 1.5398 1.5506 1.5635 1.5748 1.5835 1.5929 1.6024 1.604 1.593 1.5776 1.5635 1.5476 1.5284 1.5067 1.4828 1.4584 1.4376 1.4235 1.4148 1.4114 1.4107 1.4053 1.3967 1.3907 1.3859 1.3812 1.3751 1.3646 1.3522 1.3371 1.3219 1.3011 1.2863 1.2555 1.2103 1.1742 1.1393 1.1075 1.0756 1.0459 1.017 0.98946 0.96095 0.93459 0.90874 0.88334 0.85998 0.83515 0.81217 0.78939 0.76748 0.74686 0.7253 0.70548 0.6845 0.66489 0.64641 0.62708 0.61023 0.59305 0.57747 0.56291 0.54755 0.53312 0.51753 0.50308 0.48956 0.47561 0.46232 0.448 0.43447 0.42143 0.40824 0.39601 0.38595 0.37629 0.36723 0.35755 0.3481 0.33908 0.32992 0.32134 0.31293 0.30467 0.30049 0.2889 0.32021 0.35356 0.34094 0.36574 0.49814 0.69743 0.79521 0.76938 0.70224 0.61569 0.56755 
427.5 1.3497 1.447 1.519 1.5397 1.5505 1.5634 1.5746 1.5834 1.5927 1.6023 1.6038 1.5928 1.5775 1.5634 1.5475 1.5284 1.5066 1.4828 1.4582 1.4375 1.4234 1.4146 1.4114 1.4107 1.4052 1.3965 1.3905 1.3859 1.3812 1.375 1.3646 1.3521 1.337 1.322 1.301 1.2863 1.2555 1.2102 1.1743 1.1395 1.1075 1.0754 1.0457 1.0168 0.98941 0.96086 0.93449 0.90878 0.88347 0.86004 0.83521 0.81221 0.78935 0.76749 0.74694 0.72531 0.70547 0.68464 0.66498 0.64639 0.62713 0.61029 0.59314 0.57756 0.56296 0.54759 0.53318 0.51762 0.50318 0.48969 0.47558 0.46234 0.44817 0.4346 0.42164 0.40832 0.396 0.38599 0.37628 0.36744 0.35772 0.34818 0.33918 0.32998 0.32146 0.31303 0.30474 0.30058 0.28902 0.32029 0.35359 0.34094 0.36574 0.49823 0.69765 0.79547 0.76961 0.70242 0.61564 0.56734 
428 1.3496 1.4469 1.5189 1.5396 1.5504 1.5633 1.5745 1.5833 1.5926 1.6022 1.6037 1.5927 1.5774 1.5633 1.5474 1.5283 1.5065 1.4826 1.4582 1.4375 1.4233 1.4145 1.4114 1.4107 1.4051 1.3963 1.3904 1.3859 1.3812 1.375 1.3646 1.352 1.3369 1.322 1.301 1.2862 1.2555 1.2102 1.1743 1.1394 1.1074 1.0754 1.0456 1.0168 0.98937 0.96078 0.93445 0.90883 0.88353 0.86005 0.83521 0.81221 0.78933 0.7675 0.74701 0.72534 0.70552 0.68471 0.66503 0.64644 0.62719 0.61036 0.59319 0.57763 0.56305 0.5476 0.5332 0.51772 0.50326 0.48978 0.47567 0.46242 0.44825 0.43466 0.42176 0.40844 0.39609 0.38607 0.37632 0.36757 0.35787 0.34827 0.33927 0.33008 0.32156 0.31309 0.30483 0.30067 0.2891 0.32037 0.35367 0.34101 0.36588 0.49845 0.69788 0.79563 0.76965 0.70236 0.61565 0.56743 
428.5 1.3495 1.4468 1.5187 1.5395 1.5503 1.5632 1.5744 1.5832 1.5926 1.602 1.6035 1.5925 1.5773 1.5633 1.5473 1.5281 1.5064 1.4825 1.4582 1.4376 1.4233 1.4145 1.4114 1.4107 1.405 1.3962 1.3903 1.3858 1.3812 1.375 1.3646 1.352 1.3369 1.322 1.3011 1.2863 1.2554 1.2101 1.1741 1.1392 1.1074 1.0754 1.0456 1.0169 0.98935 0.9607 0.93447 0.90889 0.88353 0.86002 0.83514 0.81217 0.78933 0.76753 0.74709 0.7254 0.7056 0.68473 0.66506 0.64655 0.62725 0.61043 0.59321 0.57767 0.56316 0.54761 0.53321 0.51783 0.50332 0.48982 0.47586 0.46255 0.44823 0.43466 0.42177 0.4086 0.39627 0.38618 0.37639 0.36763 0.35801 0.34838 0.33935 0.33021 0.32163 0.31312 0.30495 0.30076 0.28915 0.32045 0.35378 0.34115 0.36614 0.4988 0.69812 0.79571 0.76951 0.70208 0.6157 0.5678 
429 1.3493 1.4466 1.5186 1.5394 1.5502 1.5631 1.5743 1.5831 1.5925 1.6019 1.6033 1.5924 1.5772 1.5633 1.5472 1.5279 1.5063 1.4824 1.4582 1.4377 1.4232 1.4144 1.4114 1.4108 1.4049 1.396 1.3902 1.3857 1.3812 1.375 1.3646 1.352 1.3368 1.3219 1.3011 1.2863 1.2552 1.21 1.1739 1.139 1.1074 1.0754 1.0456 1.0169 0.98933 0.96063 0.93448 0.90894 0.88353 0.85999 0.83506 0.81213 0.78932 0.76756 0.74717 0.72546 0.70569 0.68474 0.66509 0.64667 0.62731 0.6105 0.59324 0.5777 0.56327 0.54761 0.53322 0.51794 0.50338 0.48986 0.47605 0.46268 0.44822 0.43466 0.42179 0.40875 0.39644 0.3863 0.37646 0.36769 0.35815 0.34849 0.33943 0.33034 0.32171 0.31315 0.30508 0.30085 0.2892 0.32053 0.35389 0.34129 0.36639 0.49915 0.69836 0.79578 0.76937 0.7018 0.61575 0.56817 
429.5 1.3492 1.4465 1.5185 1.5393 1.5501 1.563 1.5742 1.583 1.5924 1.6018 1.6032 1.5923 1.5771 1.5632 1.5471 1.5277 1.5062 1.4822 1.4582 1.4378 1.4231 1.4144 1.4115 1.4108 1.4048 1.3958 1.39 1.3857 1.3812 1.375 1.3646 1.352 1.3368 1.3218 1.3012 1.2864 1.2551 1.2098 1.1737 1.1388 1.1074 1.0753 1.0456 1.017 0.98932 0.96055 0.9345 0.90899 0.88354 0.85996 0.83499 0.81209 0.78932 0.76759 0.74725 0.72552 0.70578 0.68476 0.66512 0.64679 0.62737 0.61058 0.59326 0.57774 0.56338 0.54762 0.53322 0.51806 0.50344 0.48989 0.47624 0.4628 0.4482 0.43466 0.42181 0.40891 0.39662 0.38641 0.37653 0.36775 0.35829 0.3486 0.33951 0.33048 0.32178 0.31318 0.3052 0.30094 0.28925 0.32061 0.354 0.34144 0.36665 0.49949 0.6986 0.79586 0.76923 0.70152 0.6158 0.56854 
430 1.3491 1.4464 1.5184 1.5393 1.55 1.5629 1.5741 1.5829 1.5923 1.6017 1.6031 1.5921 1.577 1.5631 1.547 1.5276 1.5061 1.4821 1.4581 1.4379 1.4231 1.4144 1.4114 1.4107 1.4048 1.3959 1.3901 1.3857 1.3812 1.3749 1.3645 1.352 1.3368 1.3218 1.3011 1.2862 1.255 1.2098 1.1737 1.1388 1.1073 1.0753 1.0456 1.017 0.98927 0.96054 0.93449 0.90891 0.88344 0.85991 0.83498 0.81213 0.7894 0.76764 0.7473 0.72558 0.70581 0.68478 0.66509 0.64682 0.62744 0.61065 0.59337 0.57781 0.56345 0.54775 0.53332 0.5181 0.50347 0.48981 0.47618 0.46278 0.44826 0.43477 0.4218 0.40892 0.39663 0.38646 0.37667 0.36781 0.35833 0.34873 0.33961 0.33055 0.32183 0.31325 0.30529 0.30105 0.28935 0.3207 0.35408 0.3415 0.36664 0.49936 0.69839 0.79568 0.76917 0.70162 0.61588 0.56853 
430.5 1.3491 1.4464 1.5184 1.5392 1.55 1.5628 1.5741 1.5828 1.5922 1.6017 1.6031 1.5921 1.5769 1.563 1.5468 1.5275 1.506 1.482 1.4581 1.4378 1.4231 1.4143 1.4113 1.4106 1.4047 1.396 1.3901 1.3857 1.3812 1.3748 1.3643 1.352 1.3369 1.3218 1.3011 1.286 1.2548 1.2098 1.1737 1.1387 1.1073 1.0753 1.0456 1.017 0.98922 0.96056 0.93449 0.90877 0.8833 0.85986 0.83498 0.81219 0.7895 0.76769 0.74734 0.72563 0.70583 0.68481 0.66504 0.64683 0.62752 0.61072 0.59351 0.57789 0.56352 0.54793 0.53345 0.51813 0.5035 0.48969 0.47603 0.46272 0.44833 0.4349 0.4218 0.40888 0.39658 0.38649 0.37683 0.36788 0.35835 0.34886 0.33972 0.33059 0.32188 0.31333 0.30536 0.30115 0.28947 0.32078 0.35415 0.34154 0.36653 0.49906 0.69805 0.79542 0.76912 0.70185 0.61598 0.5684 
431 1.349 1.4463 1.5183 1.5392 1.5499 1.5627 1.574 1.5827 1.5921 1.6016 1.6031 1.592 1.5768 1.5629 1.5467 1.5275 1.506 1.482 1.458 1.4378 1.4231 1.4143 1.4112 1.4104 1.4047 1.396 1.3902 1.3856 1.3812 1.3747 1.3641 1.3519 1.3369 1.3218 1.301 1.2857 1.2547 1.2098 1.1737 1.1387 1.1073 1.0753 1.0456 1.0169 0.98917 0.96057 0.93448 0.90864 0.88317 0.85981 0.83498 0.81225 0.78961 0.76774 0.74738 0.72569 0.70584 0.68483 0.66498 0.64684 0.6276 0.6108 0.59366 0.57797 0.56358 0.54811 0.53358 0.51816 0.50352 0.48957 0.47588 0.46265 0.44841 0.43504 0.42179 0.40883 0.39653 0.38651 0.37698 0.36794 0.35836 0.34898 0.33983 0.33064 0.32192 0.31341 0.30544 0.30126 0.28958 0.32086 0.35423 0.34158 0.36643 0.49877 0.6977 0.79516 0.76908 0.70207 0.61607 0.56827 
431.5 1.3489 1.4462 1.5183 1.5391 1.5498 1.5626 1.5739 1.5826 1.592 1.6016 1.603 1.5919 1.5767 1.5627 1.5466 1.5274 1.506 1.4819 1.4579 1.4378 1.4231 1.4142 1.4111 1.4103 1.4047 1.3961 1.3903 1.3856 1.3811 1.3746 1.3639 1.3519 1.3369 1.3219 1.3009 1.2855 1.2545 1.2098 1.1737 1.1387 1.1072 1.0752 1.0456 1.0169 0.98912 0.96059 0.93447 0.90851 0.88304 0.85976 0.83498 0.81231 0.78971 0.76779 0.74742 0.72574 0.70585 0.68486 0.66493 0.64685 0.62767 0.61087 0.5938 0.57805 0.56364 0.54829 0.53371 0.51819 0.50355 0.48945 0.47574 0.46258 0.44849 0.43518 0.42179 0.40879 0.39648 0.38654 0.37714 0.368 0.35838 0.34911 0.33995 0.33068 0.32197 0.31349 0.30552 0.30137 0.2897 0.32094 0.3543 0.34161 0.36633 0.49848 0.69736 0.79489 0.76904 0.70229 0.61617 0.56815 
432 1.3488 1.4461 1.5182 1.539 1.5497 1.5625 1.5738 1.5825 1.5918 1.6014 1.6029 1.5917 1.5765 1.5627 1.5466 1.5274 1.5059 1.4819 1.4579 1.4377 1.4231 1.4142 1.411 1.4102 1.4047 1.3961 1.3902 1.3855 1.381 1.3746 1.3639 1.3518 1.3368 1.3218 1.3009 1.2855 1.2545 1.2098 1.1736 1.1386 1.1072 1.0752 1.0455 1.0168 0.98904 0.96054 0.93445 0.90849 0.88304 0.8598 0.83496 0.81221 0.78964 0.76773 0.74737 0.72577 0.70588 0.68487 0.66505 0.64691 0.62773 0.61096 0.59389 0.57811 0.56365 0.54832 0.53375 0.51822 0.50366 0.48965 0.476 0.46286 0.44863 0.43529 0.42192 0.40887 0.39667 0.38668 0.37705 0.36805 0.35853 0.34909 0.33998 0.33082 0.32209 0.31357 0.30552 0.30134 0.28969 0.32095 0.35427 0.34156 0.36633 0.49865 0.69769 0.79526 0.76931 0.70235 0.61611 0.56809 
432.5 1.3488 1.446 1.5181 1.5389 1.5496 1.5624 1.5737 1.5824 1.5917 1.6012 1.6028 1.5916 1.5764 1.5626 1.5465 1.5273 1.5058 1.4819 1.4579 1.4375 1.4231 1.4143 1.4109 1.4101 1.4047 1.396 1.39 1.3854 1.3808 1.3746 1.364 1.3518 1.3367 1.3217 1.3008 1.2855 1.2545 1.2097 1.1735 1.1385 1.1072 1.0752 1.0455 1.0168 0.98896 0.96049 0.93443 0.90846 0.88305 0.85985 0.83493 0.81211 0.78956 0.76767 0.74732 0.7258 0.70591 0.68488 0.66518 0.64698 0.62778 0.61105 0.59398 0.57818 0.56367 0.54836 0.53379 0.51825 0.50376 0.48986 0.47627 0.46316 0.44877 0.43539 0.42206 0.40896 0.39687 0.38682 0.37696 0.3681 0.35868 0.34907 0.34002 0.33096 0.32221 0.31364 0.30552 0.30131 0.28968 0.32095 0.35423 0.3415 0.36633 0.49883 0.69804 0.79564 0.76959 0.70241 0.61605 0.56803 
433 1.3487 1.4459 1.518 1.5388 1.5495 1.5623 1.5736 1.5823 1.5916 1.6011 1.6027 1.5915 1.5763 1.5626 1.5465 1.5273 1.5057 1.482 1.4578 1.4374 1.4231 1.4143 1.4108 1.41 1.4047 1.3959 1.3899 1.3853 1.3807 1.3746 1.364 1.3517 1.3366 1.3216 1.3007 1.2855 1.2545 1.2097 1.1735 1.1383 1.1072 1.0753 1.0454 1.0167 0.98887 0.96045 0.93441 0.90844 0.88305 0.85989 0.83491 0.812 0.78948 0.76761 0.74727 0.72583 0.70594 0.6849 0.66531 0.64705 0.62783 0.61114 0.59407 0.57825 0.56368 0.54839 0.53383 0.51828 0.50387 0.49007 0.47654 0.46345 0.44891 0.4355 0.4222 0.40904 0.39706 0.38696 0.37687 0.36815 0.35884 0.34905 0.34005 0.33109 0.32233 0.31371 0.30552 0.30128 0.28967 0.32095 0.35419 0.34143 0.36633 0.49901 0.69838 0.79602 0.76987 0.70247 0.61598 0.56797 
433.5 1.3486 1.4458 1.5179 1.5387 1.5494 1.5622 1.5735 1.5822 1.5915 1.6009 1.6026 1.5913 1.5762 1.5625 1.5465 1.5273 1.5056 1.482 1.4578 1.4372 1.4231 1.4143 1.4107 1.4099 1.4047 1.3958 1.3898 1.3852 1.3806 1.3746 1.364 1.3517 1.3366 1.3215 1.3007 1.2855 1.2545 1.2096 1.1734 1.1382 1.1072 1.0753 1.0454 1.0167 0.98881 0.96041 0.93439 0.90844 0.88306 0.85991 0.83491 0.81194 0.78942 0.76755 0.74722 0.72585 0.70596 0.68489 0.6654 0.64711 0.62788 0.61122 0.59415 0.57832 0.5637 0.54843 0.53387 0.51832 0.50398 0.49027 0.47676 0.46368 0.44903 0.43559 0.42235 0.40912 0.39719 0.38708 0.37683 0.3682 0.35896 0.34906 0.3401 0.3312 0.32244 0.31378 0.30553 0.30129 0.28968 0.32097 0.35418 0.34142 0.36637 0.49917 0.69864 0.79629 0.77008 0.70253 0.61597 0.56798 
434 1.3484 1.4457 1.5178 1.5386 1.5493 1.5621 1.5734 1.5821 1.5914 1.6009 1.6025 1.5912 1.5762 1.5625 1.5465 1.5272 1.5055 1.4818 1.4577 1.4372 1.423 1.4141 1.4106 1.4099 1.4047 1.3957 1.3898 1.3851 1.3804 1.3745 1.3639 1.3516 1.3365 1.3215 1.3007 1.2854 1.2543 1.2095 1.1733 1.1382 1.1072 1.0753 1.0455 1.0166 0.98885 0.96043 0.93438 0.90852 0.88306 0.85988 0.835 0.81204 0.78939 0.76753 0.74721 0.72583 0.70599 0.68484 0.66534 0.64717 0.62793 0.61126 0.59422 0.57839 0.56377 0.54849 0.53393 0.5184 0.50407 0.49042 0.47681 0.46366 0.44906 0.43562 0.42254 0.40921 0.3971 0.38716 0.377 0.36824 0.35895 0.34921 0.34024 0.33122 0.32252 0.31382 0.30556 0.30144 0.28979 0.32103 0.35432 0.3416 0.36655 0.49927 0.69859 0.79617 0.77003 0.70258 0.61614 0.56823 
434.5 1.3482 1.4456 1.5177 1.5385 1.5492 1.562 1.5733 1.582 1.5914 1.6009 1.6023 1.5911 1.5761 1.5624 1.5465 1.5272 1.5054 1.4816 1.4575 1.4372 1.423 1.414 1.4105 1.4099 1.4047 1.3957 1.3897 1.385 1.3803 1.3743 1.3638 1.3516 1.3365 1.3214 1.3006 1.2853 1.2542 1.2094 1.1731 1.1382 1.1072 1.0753 1.0456 1.0166 0.98889 0.96045 0.93437 0.90861 0.88306 0.85984 0.83509 0.81213 0.78936 0.76751 0.74719 0.72581 0.70602 0.68479 0.66527 0.64723 0.62799 0.6113 0.5943 0.57846 0.56384 0.54854 0.53399 0.51848 0.50417 0.49057 0.47686 0.46365 0.44909 0.43566 0.42273 0.4093 0.39701 0.38724 0.37717 0.36828 0.35895 0.34936 0.34037 0.33124 0.32259 0.31387 0.3056 0.30159 0.28989 0.32109 0.35446 0.34177 0.36673 0.49937 0.69853 0.79606 0.76998 0.70263 0.61632 0.56848 
435 1.3481 1.4455 1.5176 1.5384 1.5491 1.562 1.5732 1.5819 1.5914 1.6009 1.6022 1.5909 1.5761 1.5624 1.5465 1.5272 1.5053 1.4814 1.4574 1.4372 1.4229 1.4139 1.4105 1.4099 1.4046 1.3956 1.3897 1.3849 1.3802 1.3742 1.3638 1.3515 1.3365 1.3214 1.3006 1.2852 1.254 1.2093 1.173 1.1381 1.1072 1.0753 1.0456 1.0166 0.98893 0.96046 0.93437 0.90869 0.88306 0.8598 0.83519 0.81222 0.78933 0.76749 0.74718 0.72578 0.70604 0.68473 0.66521 0.64729 0.62805 0.61135 0.59437 0.57852 0.56391 0.5486 0.53404 0.51857 0.50427 0.49073 0.47691 0.46364 0.44912 0.4357 0.42292 0.40938 0.39691 0.38732 0.37733 0.36832 0.35895 0.34951 0.3405 0.33126 0.32267 0.31391 0.30563 0.30174 0.29 0.32115 0.35459 0.34194 0.3669 0.49946 0.69848 0.79594 0.76993 0.70269 0.61649 0.56874 
435.5 1.3479 1.4454 1.5175 1.5383 1.549 1.5619 1.5731 1.5818 1.5913 1.6008 1.602 1.5908 1.576 1.5624 1.5465 1.5271 1.5052 1.4813 1.4573 1.4372 1.4228 1.4137 1.4104 1.4099 1.4045 1.3955 1.3896 1.3849 1.3801 1.3741 1.3637 1.3514 1.3364 1.3214 1.3006 1.2852 1.2539 1.2092 1.1729 1.1381 1.1071 1.0753 1.0456 1.0166 0.98895 0.96043 0.9343 0.90871 0.88307 0.85976 0.83522 0.81227 0.78933 0.76748 0.74718 0.72582 0.70607 0.68472 0.66522 0.64734 0.62807 0.61137 0.59442 0.57859 0.564 0.54867 0.53412 0.51867 0.50438 0.49084 0.47697 0.4637 0.44917 0.43571 0.423 0.40946 0.39687 0.38731 0.37739 0.36833 0.35897 0.34959 0.34058 0.33129 0.32272 0.31398 0.30569 0.30181 0.29007 0.32121 0.3547 0.34205 0.36695 0.49939 0.69829 0.79572 0.7698 0.70269 0.61654 0.56877 
436 1.3479 1.4453 1.5174 1.5382 1.5489 1.5618 1.573 1.5817 1.5911 1.6006 1.602 1.5908 1.5759 1.5622 1.5463 1.5271 1.5053 1.4812 1.4573 1.4371 1.4226 1.4137 1.4105 1.4099 1.4043 1.3952 1.3895 1.385 1.3803 1.3741 1.3635 1.3512 1.3364 1.3214 1.3005 1.2853 1.254 1.209 1.173 1.1381 1.1069 1.0751 1.0456 1.0166 0.98893 0.96033 0.93417 0.90863 0.88307 0.85972 0.83518 0.81227 0.78938 0.76749 0.74719 0.72593 0.7061 0.68476 0.66534 0.6474 0.62805 0.61137 0.59443 0.57866 0.56411 0.54876 0.53424 0.51879 0.50452 0.49089 0.47707 0.46386 0.44924 0.43571 0.42291 0.40954 0.3969 0.38719 0.37731 0.3683 0.35904 0.34959 0.3406 0.33135 0.32273 0.31407 0.30577 0.30179 0.29008 0.32128 0.35475 0.34207 0.36685 0.49912 0.69793 0.79535 0.76955 0.70264 0.61643 0.56853 
436.5 1.3478 1.4452 1.5173 1.5381 1.5488 1.5617 1.5729 1.5816 1.591 1.6005 1.6019 1.5908 1.5758 1.5621 1.5462 1.527 1.5053 1.4812 1.4572 1.437 1.4225 1.4136 1.4105 1.4099 1.4041 1.395 1.3894 1.3851 1.3804 1.3742 1.3634 1.351 1.3364 1.3214 1.3005 1.2853 1.254 1.2089 1.173 1.138 1.1067 1.075 1.0455 1.0167 0.9889 0.96024 0.93403 0.90855 0.88306 0.85968 0.83514 0.81226 0.78942 0.76751 0.74721 0.72604 0.70613 0.6848 0.66546 0.64745 0.62804 0.61136 0.59444 0.57873 0.56423 0.54885 0.53435 0.51891 0.50465 0.49095 0.47716 0.46402 0.44931 0.43571 0.42283 0.40962 0.39692 0.38707 0.37723 0.36828 0.35911 0.34958 0.34062 0.3314 0.32274 0.31417 0.30585 0.30177 0.2901 0.32136 0.35481 0.34209 0.36674 0.49884 0.69758 0.79499 0.76931 0.70258 0.61632 0.56828 
437 1.3478 1.4451 1.5172 1.538 1.5487 1.5615 1.5728 1.5815 1.5908 1.6003 1.6018 1.5907 1.5757 1.562 1.5461 1.5269 1.5053 1.4812 1.4572 1.4369 1.4223 1.4136 1.4105 1.4099 1.4039 1.3948 1.3893 1.3852 1.3805 1.3742 1.3633 1.3508 1.3364 1.3214 1.3004 1.2854 1.254 1.2088 1.173 1.138 1.1064 1.0749 1.0454 1.0167 0.98888 0.96014 0.9339 0.90847 0.88306 0.85965 0.8351 0.81225 0.78947 0.76752 0.74723 0.72614 0.70616 0.68484 0.66557 0.6475 0.62802 0.61136 0.59445 0.57879 0.56434 0.54893 0.53447 0.51904 0.50479 0.49101 0.47726 0.46418 0.44937 0.4357 0.42275 0.4097 0.39695 0.38695 0.37715 0.36825 0.35918 0.34957 0.34064 0.33145 0.32276 0.31427 0.30594 0.30175 0.29011 0.32143 0.35486 0.34211 0.36663 0.49857 0.69722 0.79462 0.76907 0.70253 0.61621 0.56803 
437.5 1.3477 1.4451 1.5171 1.5379 1.5486 1.5615 1.5727 1.5815 1.5908 1.6002 1.6017 1.5906 1.5757 1.562 1.5459 1.5268 1.5053 1.4812 1.4571 1.4368 1.4222 1.4135 1.4104 1.4097 1.4039 1.3949 1.3894 1.3852 1.3804 1.3742 1.3633 1.3508 1.3364 1.3214 1.3004 1.2854 1.254 1.2087 1.173 1.138 1.1064 1.0748 1.0453 1.0166 0.98879 0.9601 0.93386 0.90837 0.88301 0.85962 0.83514 0.81231 0.78949 0.76755 0.74725 0.72617 0.70621 0.68498 0.66566 0.64749 0.62808 0.61142 0.59449 0.57887 0.56438 0.54902 0.53457 0.5191 0.50484 0.49104 0.4773 0.46424 0.4495 0.43583 0.42282 0.40975 0.3971 0.38708 0.37727 0.36834 0.35921 0.34966 0.34072 0.33152 0.32278 0.31429 0.30604 0.30181 0.29013 0.32152 0.35499 0.34228 0.36686 0.49883 0.69743 0.7947 0.76893 0.70224 0.61599 0.56792 
438 1.3477 1.445 1.5171 1.5379 1.5486 1.5614 1.5726 1.5814 1.5907 1.6002 1.6016 1.5906 1.5756 1.5619 1.5459 1.5266 1.5052 1.4812 1.4571 1.4367 1.4222 1.4134 1.4101 1.4094 1.4039 1.3951 1.3895 1.385 1.3803 1.3741 1.3633 1.3509 1.3363 1.3213 1.3004 1.2853 1.254 1.2087 1.1729 1.138 1.1064 1.0748 1.0452 1.0164 0.98866 0.96009 0.93386 0.90827 0.88292 0.8596 0.83522 0.8124 0.78951 0.76758 0.74727 0.72616 0.70626 0.68517 0.66573 0.64745 0.62819 0.61151 0.59454 0.57895 0.56438 0.5491 0.53467 0.51914 0.50483 0.49107 0.47732 0.46425 0.44967 0.43602 0.42298 0.40978 0.39731 0.38734 0.37749 0.36848 0.35921 0.3498 0.34083 0.3316 0.32281 0.31428 0.30615 0.3019 0.29016 0.32162 0.35516 0.34252 0.36727 0.49937 0.69793 0.795 0.76885 0.70182 0.61572 0.56787 
438.5 1.3477 1.445 1.517 1.5378 1.5485 1.5613 1.5725 1.5813 1.5907 1.6001 1.6015 1.5905 1.5756 1.5618 1.5458 1.5265 1.5051 1.4812 1.4571 1.4366 1.4221 1.4133 1.4099 1.4091 1.4039 1.3954 1.3896 1.3849 1.3801 1.3741 1.3634 1.351 1.3362 1.3213 1.3004 1.2852 1.254 1.2086 1.1728 1.138 1.1065 1.0748 1.0452 1.0163 0.98853 0.96008 0.93387 0.90817 0.88284 0.85958 0.8353 0.81249 0.78952 0.76761 0.7473 0.72614 0.70632 0.68535 0.6658 0.64742 0.62829 0.6116 0.59459 0.57904 0.56439 0.54919 0.53477 0.51917 0.50483 0.4911 0.47733 0.46425 0.44983 0.43622 0.42313 0.40981 0.39752 0.3876 0.37771 0.36863 0.35922 0.34993 0.34094 0.33168 0.32283 0.31426 0.30627 0.302 0.29018 0.32172 0.35532 0.34277 0.36769 0.49992 0.69842 0.7953 0.76877 0.70141 0.61545 0.56782 
439 1.3476 1.4449 1.5169 1.5377 1.5484 1.5612 1.5724 1.5812 1.5906 1.6001 1.6014 1.5904 1.5755 1.5618 1.5457 1.5263 1.5049 1.4813 1.457 1.4365 1.4221 1.4133 1.4097 1.4088 1.4039 1.3956 1.3898 1.3848 1.38 1.374 1.3635 1.351 1.3362 1.3212 1.3004 1.2852 1.254 1.2086 1.1728 1.138 1.1065 1.0748 1.0451 1.0161 0.9884 0.96007 0.93387 0.90806 0.88276 0.85957 0.83539 0.81257 0.78954 0.76765 0.74732 0.72613 0.70638 0.68554 0.66586 0.64738 0.6284 0.61169 0.59464 0.57912 0.56439 0.54927 0.53487 0.51921 0.50483 0.49113 0.47735 0.46426 0.44999 0.43641 0.42328 0.40984 0.39773 0.38786 0.37792 0.36878 0.35922 0.35007 0.34105 0.33176 0.32286 0.31425 0.30638 0.3021 0.29021 0.32182 0.35549 0.34301 0.3681 0.50046 0.69892 0.7956 0.7687 0.701 0.61518 0.56777 
439.5 1.3475 1.4448 1.5168 1.5376 1.5483 1.5611 1.5724 1.5811 1.5905 1.6 1.6013 1.5903 1.5754 1.5616 1.5456 1.5263 1.5049 1.4812 1.4569 1.4364 1.422 1.4132 1.4096 1.4089 1.4039 1.3955 1.3897 1.3848 1.38 1.3739 1.3634 1.3511 1.3362 1.3213 1.3005 1.2851 1.2538 1.2086 1.1727 1.1379 1.1064 1.0748 1.045 1.0161 0.98833 0.9601 0.93387 0.90808 0.88285 0.85962 0.83532 0.8125 0.78958 0.76776 0.74738 0.72621 0.70649 0.68547 0.6658 0.64748 0.62849 0.61176 0.59466 0.57909 0.56436 0.54928 0.53493 0.51931 0.50493 0.49119 0.47744 0.46434 0.44999 0.43645 0.42334 0.40999 0.3978 0.38794 0.37802 0.36886 0.35937 0.35011 0.34106 0.3318 0.32297 0.31438 0.30646 0.30215 0.29025 0.32188 0.35553 0.343 0.36805 0.50052 0.69924 0.79626 0.76972 0.70213 0.61589 0.56813 
440 1.3474 1.4447 1.5167 1.5376 1.5482 1.5611 1.5723 1.5811 1.5904 1.5999 1.6013 1.5902 1.5752 1.5615 1.5456 1.5264 1.5049 1.4811 1.4568 1.4363 1.4219 1.4131 1.4095 1.4089 1.404 1.3954 1.3896 1.3849 1.3801 1.3738 1.3632 1.3511 1.3363 1.3213 1.3005 1.285 1.2537 1.2086 1.1727 1.1378 1.1063 1.0747 1.045 1.016 0.98827 0.96013 0.93386 0.90811 0.88297 0.85969 0.83524 0.8124 0.78962 0.76787 0.74745 0.72631 0.70661 0.68537 0.66573 0.6476 0.62858 0.61182 0.59468 0.57904 0.56433 0.54927 0.53499 0.51942 0.50505 0.49126 0.47754 0.46443 0.44997 0.43646 0.42338 0.41016 0.39786 0.388 0.37811 0.36895 0.35953 0.35013 0.34107 0.33183 0.32309 0.31452 0.30653 0.30218 0.29029 0.32194 0.35556 0.34295 0.36795 0.50052 0.69954 0.79696 0.77088 0.70344 0.61671 0.56854 
440.5 1.3473 1.4446 1.5166 1.5375 1.5482 1.561 1.5722 1.581 1.5903 1.5998 1.6012 1.5901 1.575 1.5613 1.5456 1.5264 1.5049 1.481 1.4566 1.4362 1.4219 1.4129 1.4094 1.4089 1.404 1.3953 1.3895 1.385 1.3803 1.3738 1.3631 1.3511 1.3364 1.3214 1.3006 1.285 1.2535 1.2086 1.1727 1.1377 1.1062 1.0746 1.0449 1.0159 0.98821 0.96016 0.93385 0.90815 0.88309 0.85975 0.83516 0.8123 0.78967 0.76799 0.74752 0.7264 0.70673 0.68528 0.66565 0.64772 0.62867 0.61188 0.5947 0.57899 0.5643 0.54926 0.53504 0.51953 0.50517 0.49132 0.47764 0.46451 0.44995 0.43648 0.42343 0.41032 0.39791 0.38806 0.37819 0.36903 0.35969 0.35015 0.34108 0.33187 0.32322 0.31466 0.3066 0.30222 0.29034 0.32199 0.35559 0.3429 0.36784 0.50052 0.69983 0.79767 0.77203 0.70476 0.61753 0.56894 
441 1.3472 1.4445 1.5165 1.5374 1.5481 1.5609 1.5722 1.5809 1.5902 1.5997 1.6011 1.59 1.5748 1.5611 1.5456 1.5264 1.5049 1.4809 1.4565 1.4361 1.4218 1.4129 1.4093 1.409 1.4039 1.3951 1.3893 1.385 1.3803 1.3737 1.363 1.3511 1.3365 1.3215 1.3006 1.2849 1.2533 1.2086 1.1727 1.1376 1.1062 1.0745 1.0449 1.0158 0.98816 0.96019 0.93386 0.90818 0.88319 0.85981 0.83509 0.81222 0.7897 0.76809 0.74759 0.7265 0.70684 0.6852 0.66559 0.64783 0.62876 0.61194 0.59472 0.57895 0.56429 0.54927 0.53509 0.51963 0.50528 0.49139 0.47773 0.46459 0.44995 0.43651 0.42346 0.41047 0.39798 0.38812 0.37828 0.36911 0.35983 0.35019 0.34111 0.33191 0.32333 0.31479 0.30667 0.30228 0.29041 0.32206 0.35565 0.34289 0.36779 0.50056 0.70011 0.79826 0.773 0.70587 0.61821 0.56926 
441.5 1.3471 1.4444 1.5165 1.5373 1.548 1.5608 1.5721 1.5808 1.5901 1.5996 1.601 1.5899 1.5748 1.5611 1.5454 1.5262 1.5048 1.4809 1.4565 1.4361 1.4219 1.4128 1.4093 1.4088 1.4038 1.3951 1.3893 1.3849 1.3802 1.3736 1.3631 1.3511 1.3363 1.3214 1.3006 1.2848 1.2533 1.2084 1.1725 1.1376 1.1063 1.0745 1.0449 1.0159 0.98821 0.96016 0.93392 0.90822 0.88317 0.85983 0.83511 0.81225 0.78967 0.76806 0.74764 0.72655 0.70687 0.68525 0.66563 0.64786 0.62883 0.612 0.5947 0.57897 0.56446 0.5494 0.53514 0.51968 0.50527 0.49146 0.47782 0.46461 0.45007 0.43659 0.42337 0.4105 0.39812 0.38815 0.37844 0.36919 0.35986 0.35041 0.34129 0.33198 0.32341 0.31483 0.30667 0.30248 0.29066 0.32224 0.35587 0.34314 0.36805 0.5008 0.7002 0.79808 0.7726 0.70547 0.6179 0.56896 
442 1.347 1.4444 1.5164 1.5372 1.5479 1.5608 1.572 1.5807 1.59 1.5995 1.6009 1.5899 1.5748 1.561 1.5453 1.5261 1.5047 1.4808 1.4564 1.4361 1.4219 1.4128 1.4093 1.4087 1.4036 1.395 1.3893 1.3847 1.38 1.3736 1.3631 1.3511 1.3362 1.3213 1.3005 1.2847 1.2532 1.2083 1.1724 1.1376 1.1064 1.0745 1.0449 1.016 0.98826 0.96013 0.93399 0.90826 0.88315 0.85986 0.83514 0.81228 0.78963 0.76803 0.74769 0.72661 0.70689 0.6853 0.66568 0.64789 0.6289 0.61205 0.59469 0.57899 0.56462 0.54953 0.53518 0.51972 0.50526 0.49153 0.4779 0.46463 0.4502 0.43668 0.42328 0.41052 0.39825 0.38818 0.37859 0.36926 0.35988 0.35063 0.34146 0.33204 0.32348 0.31487 0.30667 0.30269 0.2909 0.32243 0.3561 0.34339 0.36832 0.50104 0.7003 0.7979 0.77219 0.70507 0.61758 0.56865 
442.5 1.3469 1.4443 1.5163 1.5371 1.5478 1.5607 1.5719 1.5806 1.5899 1.5994 1.6008 1.5898 1.5748 1.561 1.5451 1.526 1.5045 1.4808 1.4564 1.4362 1.4219 1.4128 1.4093 1.4086 1.4035 1.3949 1.3892 1.3846 1.3798 1.3736 1.3632 1.3511 1.336 1.3212 1.3004 1.2845 1.2532 1.2081 1.1722 1.1377 1.1065 1.0745 1.0449 1.0161 0.98831 0.96011 0.93406 0.90831 0.88313 0.85988 0.83516 0.81232 0.7896 0.768 0.74774 0.72667 0.70691 0.68535 0.66573 0.64792 0.62897 0.6121 0.59468 0.57901 0.56478 0.54966 0.53522 0.51977 0.50525 0.4916 0.47799 0.46465 0.45033 0.43676 0.42319 0.41055 0.39839 0.38822 0.37874 0.36934 0.3599 0.35086 0.34164 0.33211 0.32356 0.31491 0.30668 0.30289 0.29114 0.32261 0.35633 0.34364 0.36859 0.50128 0.70039 0.79772 0.77179 0.70468 0.61727 0.56834 
443 1.3468 1.4442 1.5162 1.537 1.5477 1.5606 1.5718 1.5805 1.5898 1.5993 1.6008 1.5898 1.5748 1.561 1.545 1.5258 1.5044 1.4807 1.4564 1.4362 1.4218 1.4128 1.4093 1.4085 1.4033 1.3949 1.3892 1.3844 1.3797 1.3736 1.3632 1.3511 1.3359 1.3211 1.3004 1.2845 1.2531 1.208 1.1721 1.1377 1.1065 1.0745 1.0449 1.0162 0.98832 0.96007 0.93409 0.90833 0.88313 0.85993 0.83521 0.81236 0.78962 0.76802 0.74782 0.72673 0.70694 0.68539 0.66576 0.64793 0.629 0.61216 0.59472 0.57906 0.56491 0.54974 0.53526 0.51984 0.50529 0.49169 0.47806 0.46471 0.45042 0.43683 0.42323 0.41056 0.3985 0.38824 0.37879 0.36942 0.35992 0.35098 0.34178 0.3322 0.32365 0.31497 0.30671 0.30304 0.29132 0.32273 0.35646 0.3438 0.36873 0.50137 0.70043 0.79765 0.77161 0.70451 0.61715 0.56822 
443.5 1.3467 1.4442 1.5162 1.5369 1.5477 1.5605 1.5717 1.5804 1.5897 1.5992 1.6007 1.5896 1.5747 1.5609 1.545 1.5258 1.5043 1.4806 1.4563 1.4362 1.4217 1.4127 1.4092 1.4084 1.4032 1.395 1.3893 1.3844 1.3797 1.3736 1.3631 1.3509 1.336 1.3211 1.3004 1.2844 1.2529 1.2079 1.1721 1.1376 1.1064 1.0744 1.0448 1.0161 0.98828 0.96003 0.93407 0.90833 0.88317 0.86005 0.8353 0.81243 0.78975 0.76812 0.74793 0.72679 0.70696 0.68538 0.66574 0.64791 0.62898 0.61222 0.59486 0.57918 0.56498 0.54976 0.53529 0.51996 0.50542 0.49184 0.4781 0.46485 0.45047 0.43686 0.42352 0.41054 0.39854 0.38827 0.37866 0.36951 0.35994 0.35093 0.34183 0.33235 0.32376 0.31508 0.3068 0.30307 0.29137 0.32275 0.35643 0.34379 0.36865 0.50119 0.70035 0.79778 0.77185 0.70477 0.6174 0.56847 
444 1.3467 1.4441 1.5161 1.5368 1.5476 1.5604 1.5716 1.5803 1.5896 1.5991 1.6006 1.5895 1.5745 1.5609 1.5449 1.5257 1.5041 1.4804 1.4563 1.4361 1.4216 1.4125 1.4091 1.4083 1.4032 1.395 1.3893 1.3843 1.3796 1.3736 1.363 1.3508 1.3361 1.3211 1.3004 1.2844 1.2528 1.2079 1.1721 1.1375 1.1063 1.0743 1.0447 1.0161 0.98823 0.95999 0.93405 0.90833 0.88322 0.86016 0.83539 0.8125 0.78987 0.76822 0.74805 0.72685 0.70698 0.68537 0.66573 0.64788 0.62895 0.61229 0.59501 0.57929 0.56505 0.54977 0.53531 0.52008 0.50556 0.49198 0.47815 0.46498 0.45052 0.43689 0.42381 0.41053 0.39857 0.38829 0.37853 0.3696 0.35995 0.35087 0.34188 0.3325 0.32387 0.31518 0.30688 0.30311 0.29142 0.32277 0.35639 0.34377 0.36856 0.50101 0.70028 0.79792 0.7721 0.70503 0.61765 0.56872 
444.5 1.3466 1.444 1.516 1.5368 1.5475 1.5603 1.5715 1.5802 1.5895 1.5991 1.6006 1.5894 1.5744 1.5609 1.5449 1.5256 1.504 1.4802 1.4563 1.4361 1.4215 1.4124 1.409 1.4081 1.4031 1.3951 1.3893 1.3842 1.3796 1.3737 1.3629 1.3507 1.3362 1.3211 1.3004 1.2844 1.2526 1.2079 1.172 1.1374 1.1062 1.0742 1.0446 1.016 0.98819 0.95995 0.93403 0.90833 0.88326 0.86027 0.83549 0.81256 0.79 0.76832 0.74816 0.72691 0.707 0.68537 0.66572 0.64785 0.62892 0.61235 0.59515 0.5794 0.56512 0.54979 0.53534 0.52019 0.5057 0.49212 0.4782 0.46512 0.45057 0.43691 0.4241 0.41052 0.39861 0.38831 0.3784 0.36969 0.35996 0.35082 0.34193 0.33265 0.32398 0.31529 0.30697 0.30314 0.29147 0.32278 0.35635 0.34375 0.36847 0.50083 0.7002 0.79805 0.77235 0.70529 0.61791 0.56897 
445 1.3465 1.4439 1.516 1.5367 1.5474 1.5602 1.5714 1.5801 1.5895 1.599 1.6005 1.5893 1.5743 1.5607 1.5448 1.5256 1.5039 1.4801 1.4562 1.436 1.4215 1.4124 1.409 1.4081 1.4031 1.3951 1.3893 1.3842 1.3795 1.3737 1.3629 1.3507 1.3362 1.3211 1.3005 1.2844 1.2525 1.2078 1.1719 1.1373 1.1062 1.0742 1.0445 1.016 0.98816 0.95993 0.934 0.9083 0.88322 0.86023 0.83546 0.81256 0.79006 0.76838 0.7482 0.72695 0.70704 0.68549 0.66583 0.64791 0.62892 0.61237 0.59524 0.57949 0.56523 0.54986 0.5354 0.52026 0.50577 0.4922 0.47822 0.46517 0.45059 0.43696 0.42424 0.41065 0.39871 0.38839 0.37842 0.36976 0.36008 0.35085 0.34196 0.33274 0.32405 0.31537 0.30705 0.30315 0.2915 0.32284 0.35638 0.34374 0.36844 0.50083 0.70023 0.79811 0.77243 0.70535 0.61793 0.56901 
445.5 1.3464 1.4438 1.5159 1.5366 1.5473 1.5601 1.5713 1.58 1.5894 1.5989 1.6003 1.5891 1.5742 1.5605 1.5447 1.5255 1.5038 1.4801 1.4561 1.4359 1.4215 1.4124 1.4089 1.408 1.4031 1.395 1.3892 1.3842 1.3795 1.3736 1.3631 1.3508 1.336 1.3212 1.3006 1.2844 1.2524 1.2077 1.1718 1.1372 1.1061 1.0742 1.0445 1.0159 0.98815 0.95992 0.93399 0.90826 0.88313 0.86007 0.83533 0.81249 0.79007 0.7684 0.74819 0.72697 0.70711 0.6857 0.66604 0.64804 0.62893 0.61237 0.59529 0.57956 0.56537 0.54998 0.53549 0.5203 0.50579 0.49223 0.47822 0.46515 0.45059 0.43701 0.42428 0.41089 0.39884 0.3885 0.37856 0.36982 0.36027 0.35094 0.34198 0.33279 0.3241 0.31542 0.30712 0.30312 0.29152 0.32293 0.35645 0.34373 0.36846 0.50098 0.70034 0.7981 0.7724 0.70525 0.61779 0.56888 
446 1.3463 1.4437 1.5158 1.5365 1.5472 1.56 1.5712 1.58 1.5893 1.5988 1.6002 1.589 1.5741 1.5603 1.5445 1.5254 1.5037 1.48 1.456 1.4358 1.4214 1.4124 1.4088 1.408 1.4031 1.3949 1.3891 1.3842 1.3794 1.3736 1.3633 1.3509 1.3359 1.3212 1.3007 1.2844 1.2524 1.2076 1.1717 1.1371 1.1061 1.0742 1.0445 1.0159 0.98814 0.95992 0.93397 0.90821 0.88303 0.85991 0.83521 0.81243 0.79009 0.76842 0.74818 0.72698 0.70717 0.68591 0.66625 0.64817 0.62894 0.61237 0.59534 0.57963 0.56551 0.5501 0.53558 0.52033 0.50582 0.49225 0.47822 0.46514 0.45059 0.43706 0.42432 0.41113 0.39898 0.38862 0.3787 0.36989 0.36047 0.35103 0.342 0.33283 0.32414 0.31548 0.30719 0.3031 0.29154 0.32302 0.35653 0.34371 0.36847 0.50113 0.70045 0.79809 0.77236 0.70515 0.61765 0.56875 
446.5 1.3462 1.4436 1.5157 1.5364 1.5471 1.5599 1.5711 1.5799 1.5892 1.5988 1.6001 1.5888 1.574 1.5601 1.5444 1.5253 1.5036 1.4799 1.4559 1.4357 1.4214 1.4124 1.4088 1.408 1.4031 1.3948 1.389 1.3842 1.3794 1.3736 1.3635 1.351 1.3357 1.3212 1.3008 1.2844 1.2523 1.2074 1.1716 1.137 1.106 1.0742 1.0445 1.0158 0.98812 0.95992 0.93395 0.90816 0.88293 0.85976 0.83509 0.81237 0.7901 0.76845 0.74816 0.727 0.70724 0.68611 0.66646 0.64829 0.62895 0.61237 0.59539 0.5797 0.56565 0.55021 0.53567 0.52036 0.50584 0.49228 0.47822 0.46512 0.45059 0.43711 0.42436 0.41137 0.39911 0.38873 0.37884 0.36995 0.36066 0.35112 0.34201 0.33287 0.32419 0.31553 0.30726 0.30308 0.29155 0.32311 0.3566 0.3437 0.36848 0.50128 0.70055 0.79809 0.77233 0.70506 0.6175 0.56862 
447 1.3461 1.4436 1.5156 1.5364 1.5471 1.5599 1.5711 1.5798 1.5891 1.5986 1.5999 1.5887 1.5739 1.56 1.5443 1.5253 1.5036 1.4799 1.4559 1.4356 1.4213 1.4123 1.4088 1.408 1.403 1.3946 1.3889 1.3843 1.3795 1.3735 1.3633 1.351 1.3357 1.3212 1.3008 1.2843 1.2522 1.2074 1.1715 1.137 1.106 1.0742 1.0445 1.0158 0.98813 0.95982 0.9338 0.90811 0.88297 0.85982 0.83516 0.81243 0.79011 0.76847 0.7482 0.72694 0.70722 0.68619 0.66649 0.64839 0.62908 0.61244 0.59552 0.57983 0.56578 0.55028 0.53562 0.52038 0.50593 0.49231 0.47825 0.46522 0.45068 0.4372 0.42445 0.41138 0.39911 0.38881 0.379 0.37017 0.3608 0.35118 0.34213 0.33297 0.32425 0.31561 0.30734 0.30317 0.29162 0.32315 0.35664 0.34378 0.36863 0.50144 0.70069 0.79818 0.77228 0.70496 0.61758 0.56885 
447.5 1.346 1.4435 1.5155 1.5363 1.547 1.5598 1.571 1.5797 1.589 1.5985 1.5998 1.5887 1.5738 1.56 1.5442 1.5253 1.5036 1.4799 1.4558 1.4356 1.4212 1.4122 1.4088 1.408 1.4029 1.3945 1.3888 1.3844 1.3797 1.3733 1.3632 1.351 1.3358 1.3211 1.3008 1.2842 1.2521 1.2074 1.1716 1.1369 1.1059 1.0741 1.0445 1.0159 0.98813 0.9597 0.93363 0.90807 0.88304 0.85994 0.83527 0.81251 0.79012 0.7685 0.74824 0.72686 0.70718 0.68623 0.66647 0.64849 0.62924 0.61252 0.59567 0.57998 0.5659 0.55033 0.53554 0.52039 0.50604 0.49234 0.47828 0.46534 0.4508 0.4373 0.42455 0.41134 0.39908 0.38888 0.37916 0.37043 0.36092 0.35122 0.34227 0.33308 0.32432 0.31568 0.30742 0.30329 0.29169 0.32317 0.35668 0.34389 0.36881 0.5016 0.70084 0.79829 0.77223 0.70485 0.61772 0.56916 
448 1.346 1.4434 1.5155 1.5363 1.5469 1.5597 1.5709 1.5796 1.589 1.5983 1.5997 1.5886 1.5737 1.5599 1.5442 1.5252 1.5036 1.4799 1.4558 1.4355 1.421 1.4121 1.4088 1.408 1.4028 1.3943 1.3887 1.3846 1.3798 1.3732 1.363 1.351 1.3359 1.3211 1.3007 1.2841 1.2519 1.2074 1.1716 1.1369 1.1059 1.0741 1.0445 1.0159 0.98814 0.95957 0.93346 0.90802 0.88312 0.86006 0.83538 0.8126 0.79012 0.76852 0.74829 0.72678 0.70714 0.68626 0.66646 0.64858 0.62941 0.6126 0.59582 0.58013 0.56602 0.55039 0.53546 0.5204 0.50614 0.49237 0.47831 0.46547 0.45091 0.4374 0.42465 0.41129 0.39904 0.38895 0.37932 0.37069 0.36105 0.35127 0.3424 0.3332 0.32438 0.31576 0.3075 0.30342 0.29177 0.32319 0.35672 0.344 0.36899 0.50176 0.70099 0.7984 0.77219 0.70475 0.61786 0.56947 
448.5 1.3459 1.4434 1.5154 1.5362 1.5469 1.5597 1.5709 1.5796 1.5889 1.5982 1.5996 1.5886 1.5736 1.5598 1.5441 1.5252 1.5035 1.4799 1.4558 1.4354 1.4209 1.412 1.4088 1.4081 1.4027 1.3941 1.3886 1.3847 1.38 1.373 1.3628 1.3509 1.3359 1.321 1.3007 1.2841 1.2518 1.2074 1.1716 1.1369 1.1058 1.0741 1.0444 1.0159 0.98814 0.95946 0.9333 0.90798 0.88318 0.86018 0.83549 0.81269 0.79013 0.76855 0.74833 0.7267 0.70711 0.6863 0.66644 0.64867 0.62956 0.61269 0.59596 0.58027 0.56613 0.55044 0.53539 0.52041 0.50625 0.49241 0.47834 0.46559 0.45102 0.4375 0.42475 0.41125 0.39901 0.38902 0.37947 0.37094 0.36117 0.35132 0.34254 0.33331 0.32445 0.31584 0.30758 0.30353 0.29184 0.32321 0.35676 0.3441 0.36916 0.50192 0.70113 0.79851 0.77214 0.70466 0.61799 0.56977 
449 1.3459 1.4433 1.5154 1.5362 1.5468 1.5596 1.5708 1.5795 1.5888 1.5981 1.5995 1.5885 1.5735 1.5597 1.5441 1.5251 1.5035 1.4797 1.4557 1.4354 1.4208 1.4119 1.4087 1.4081 1.4027 1.3941 1.3885 1.3847 1.3799 1.373 1.3627 1.3509 1.3358 1.321 1.3007 1.2841 1.2518 1.2072 1.1715 1.1368 1.1056 1.074 1.0444 1.0158 0.98808 0.95951 0.93343 0.90803 0.88318 0.86019 0.83545 0.81266 0.79016 0.76854 0.74834 0.72679 0.7072 0.68636 0.66661 0.64873 0.62958 0.61283 0.5959 0.58021 0.56615 0.55047 0.53554 0.52048 0.50626 0.49255 0.47852 0.46565 0.45108 0.43759 0.42487 0.41142 0.39911 0.38908 0.37957 0.37088 0.36113 0.35141 0.34261 0.33341 0.32456 0.31591 0.30763 0.30353 0.29186 0.32326 0.35678 0.34412 0.36911 0.50183 0.7011 0.79859 0.77231 0.70474 0.6179 0.56962 
449.5 1.3458 1.4432 1.5153 1.5361 1.5467 1.5595 1.5707 1.5794 1.5886 1.598 1.5994 1.5884 1.5734 1.5597 1.5441 1.5251 1.5035 1.4796 1.4556 1.4353 1.4207 1.4118 1.4087 1.4081 1.4027 1.394 1.3885 1.3846 1.3798 1.373 1.3627 1.3509 1.3358 1.321 1.3007 1.2841 1.2518 1.2069 1.1713 1.1367 1.1054 1.074 1.0444 1.0156 0.98801 0.95956 0.93355 0.90808 0.88318 0.8602 0.83541 0.81263 0.79019 0.76853 0.74834 0.72688 0.70728 0.68643 0.66678 0.64878 0.62961 0.61297 0.59584 0.58015 0.56617 0.55049 0.53568 0.52055 0.50628 0.4927 0.4787 0.46572 0.45114 0.43768 0.42498 0.4116 0.3992 0.38914 0.37967 0.37082 0.36109 0.35151 0.34267 0.33352 0.32468 0.31599 0.30767 0.30353 0.29188 0.3233 0.35681 0.34413 0.36906 0.50175 0.70108 0.79868 0.77248 0.70483 0.61781 0.56946 
450 1.3458 1.4432 1.5153 1.5361 1.5467 1.5594 1.5706 1.5793 1.5885 1.5979 1.5993 1.5883 1.5733 1.5596 1.544 1.525 1.5034 1.4795 1.4555 1.4353 1.4207 1.4118 1.4086 1.4081 1.4026 1.3939 1.3885 1.3845 1.3797 1.373 1.3627 1.3508 1.3357 1.3211 1.3007 1.2841 1.2518 1.2067 1.1712 1.1366 1.1053 1.074 1.0443 1.0155 0.98794 0.95961 0.93368 0.90813 0.88318 0.86022 0.83536 0.8126 0.79022 0.76852 0.74834 0.72697 0.70737 0.68649 0.66694 0.64883 0.62963 0.61311 0.59578 0.58009 0.56619 0.55052 0.53582 0.52062 0.5063 0.49284 0.47888 0.46578 0.4512 0.43778 0.42509 0.41178 0.39929 0.3892 0.37977 0.37076 0.36105 0.3516 0.34274 0.33362 0.32479 0.31607 0.30772 0.30352 0.2919 0.32335 0.35684 0.34414 0.36901 0.50166 0.70105 0.79876 0.77265 0.70491 0.61771 0.5693 
450.5 1.3458 1.4431 1.5152 1.536 1.5466 1.5593 1.5705 1.5792 1.5884 1.5978 1.5992 1.5882 1.5732 1.5595 1.544 1.5249 1.5034 1.4794 1.4554 1.4352 1.4206 1.4117 1.4086 1.408 1.4026 1.3938 1.3884 1.3845 1.3796 1.373 1.3627 1.3508 1.3356 1.3211 1.3007 1.2841 1.2517 1.2066 1.1711 1.1365 1.1051 1.074 1.0443 1.0154 0.98788 0.95962 0.93376 0.90817 0.88319 0.86022 0.83535 0.81259 0.79024 0.76852 0.74835 0.72704 0.70744 0.68652 0.66706 0.64889 0.62965 0.6132 0.59577 0.58007 0.56619 0.55056 0.53596 0.52069 0.50635 0.49296 0.47901 0.46587 0.45128 0.43788 0.42517 0.41189 0.39939 0.38929 0.37985 0.37071 0.36103 0.35169 0.34281 0.33371 0.3249 0.31615 0.30777 0.30354 0.29194 0.3234 0.35688 0.34417 0.36901 0.50163 0.70102 0.79878 0.77271 0.70493 0.61766 0.56924 
451 1.3456 1.443 1.5151 1.5359 1.5465 1.5592 1.5704 1.5791 1.5883 1.5977 1.5991 1.5881 1.573 1.5595 1.5439 1.5248 1.5033 1.4793 1.4553 1.4352 1.4207 1.4117 1.4084 1.4078 1.4024 1.3938 1.3884 1.3843 1.3796 1.373 1.3627 1.3508 1.3357 1.3211 1.3006 1.284 1.2516 1.2067 1.1711 1.1364 1.1051 1.0739 1.0443 1.0154 0.98786 0.95952 0.93371 0.90819 0.88321 0.86022 0.83543 0.81263 0.79019 0.76851 0.74837 0.72708 0.70746 0.6865 0.66705 0.64899 0.62967 0.61315 0.59589 0.58017 0.56614 0.55064 0.53607 0.52078 0.50651 0.49297 0.47904 0.46603 0.45143 0.43803 0.42512 0.41184 0.39952 0.38943 0.37985 0.37068 0.36107 0.35179 0.34292 0.33376 0.32498 0.31623 0.30783 0.30363 0.29202 0.32347 0.35696 0.34427 0.36915 0.50174 0.70099 0.7986 0.77245 0.70474 0.61772 0.56946 
451.5 1.3455 1.4429 1.515 1.5358 1.5464 1.5591 1.5703 1.579 1.5882 1.5976 1.599 1.5879 1.5729 1.5594 1.5439 1.5247 1.5032 1.4792 1.4552 1.4351 1.4208 1.4117 1.4083 1.4076 1.4023 1.3938 1.3883 1.3842 1.3796 1.373 1.3627 1.3507 1.3358 1.3211 1.3006 1.2839 1.2515 1.2068 1.1711 1.1363 1.105 1.0738 1.0443 1.0155 0.98783 0.95943 0.93366 0.9082 0.88324 0.86022 0.83551 0.81267 0.79015 0.7685 0.74839 0.72712 0.70748 0.68647 0.66704 0.64908 0.6297 0.61311 0.59601 0.58027 0.56609 0.55073 0.53618 0.52087 0.50667 0.49298 0.47906 0.46618 0.45157 0.43817 0.42507 0.41178 0.39965 0.38957 0.37986 0.37066 0.36111 0.35189 0.34304 0.3338 0.32507 0.31632 0.30789 0.30372 0.29211 0.32354 0.35705 0.34437 0.36929 0.50185 0.70096 0.79842 0.77219 0.70455 0.61778 0.56968 
452 1.3454 1.4428 1.5149 1.5357 1.5463 1.559 1.5702 1.5789 1.5881 1.5974 1.5988 1.5878 1.5728 1.5593 1.5438 1.5247 1.5031 1.4791 1.4551 1.4351 1.4208 1.4117 1.4081 1.4074 1.4022 1.3938 1.3882 1.3841 1.3795 1.3731 1.3627 1.3507 1.3359 1.3211 1.3005 1.2838 1.2514 1.207 1.1711 1.1362 1.105 1.0737 1.0442 1.0155 0.98781 0.95933 0.93361 0.90822 0.88326 0.86021 0.83559 0.81271 0.79011 0.7685 0.74841 0.72715 0.7075 0.68644 0.66703 0.64917 0.62972 0.61306 0.59614 0.58037 0.56604 0.55081 0.53629 0.52096 0.50682 0.49299 0.47908 0.46633 0.45172 0.43832 0.42502 0.41172 0.39978 0.38971 0.37987 0.37063 0.36115 0.35199 0.34315 0.33384 0.32515 0.31641 0.30796 0.30381 0.2922 0.32362 0.35714 0.34447 0.36943 0.50196 0.70093 0.79825 0.77194 0.70436 0.61784 0.5699 
452.5 1.3453 1.4427 1.5148 1.5356 1.5462 1.559 1.5701 1.5788 1.588 1.5974 1.5987 1.5875 1.5723 1.5591 1.544 1.5249 1.5031 1.479 1.455 1.435 1.4208 1.4117 1.408 1.4073 1.4021 1.3939 1.3882 1.384 1.3795 1.3731 1.3627 1.3506 1.336 1.3211 1.3005 1.2837 1.2513 1.207 1.1711 1.1361 1.105 1.0737 1.0442 1.0156 0.98783 0.95932 0.93359 0.9082 0.88319 0.86017 0.83565 0.81278 0.79015 0.76853 0.7484 0.72715 0.70751 0.68644 0.66706 0.64922 0.62982 0.61311 0.59616 0.5804 0.56602 0.55086 0.53636 0.52101 0.50688 0.49298 0.47912 0.46642 0.45184 0.43842 0.42502 0.4118 0.39993 0.38984 0.37994 0.37069 0.36122 0.3521 0.34323 0.33385 0.32517 0.31645 0.30803 0.30389 0.29225 0.32366 0.3572 0.34455 0.36958 0.50217 0.70112 0.79835 0.77189 0.70424 0.61787 0.57006 
453 1.3453 1.4427 1.5148 1.5356 1.5462 1.5589 1.57 1.5786 1.5879 1.5974 1.5987 1.587 1.5712 1.5585 1.5444 1.5255 1.5032 1.4788 1.455 1.435 1.4207 1.4116 1.4079 1.4072 1.4021 1.3939 1.3882 1.3839 1.3794 1.373 1.3627 1.3507 1.336 1.3211 1.3005 1.2837 1.2513 1.207 1.1712 1.1361 1.1049 1.0736 1.0442 1.0156 0.9879 0.95941 0.9336 0.90815 0.88303 0.86009 0.8357 0.81289 0.79027 0.76859 0.74836 0.72712 0.7075 0.68647 0.66713 0.64922 0.62997 0.61327 0.59609 0.58034 0.56604 0.55087 0.53639 0.52103 0.50683 0.49296 0.4792 0.46644 0.45193 0.43848 0.42507 0.41201 0.40009 0.38998 0.38008 0.37084 0.36133 0.35221 0.34328 0.33382 0.32512 0.31644 0.30812 0.30397 0.29227 0.32369 0.35724 0.3446 0.36972 0.50249 0.70156 0.79873 0.77206 0.70419 0.61785 0.57015 
453.5 1.3454 1.4427 1.5147 1.5355 1.5461 1.5587 1.5699 1.5785 1.5877 1.5974 1.5987 1.5865 1.5702 1.558 1.5448 1.5261 1.5033 1.4787 1.4549 1.435 1.4205 1.4115 1.4078 1.4071 1.4021 1.3939 1.3882 1.3839 1.3794 1.373 1.3626 1.3507 1.336 1.3212 1.3005 1.2836 1.2513 1.2069 1.1712 1.1361 1.1049 1.0736 1.0442 1.0157 0.98796 0.9595 0.93361 0.9081 0.88286 0.86 0.83574 0.81299 0.7904 0.76866 0.74832 0.72708 0.70749 0.6865 0.66721 0.64923 0.63013 0.61344 0.59601 0.58028 0.56607 0.55088 0.53643 0.52105 0.50679 0.49293 0.47928 0.46646 0.45202 0.43854 0.42511 0.41222 0.40025 0.39011 0.38021 0.37099 0.36143 0.35233 0.34333 0.3338 0.32508 0.31643 0.30822 0.30405 0.2923 0.32371 0.35727 0.34466 0.36986 0.5028 0.70199 0.79912 0.77224 0.70414 0.61784 0.57024 
454 1.3454 1.4427 1.5147 1.5354 1.546 1.5586 1.5698 1.5783 1.5876 1.5974 1.5987 1.586 1.5692 1.5574 1.5453 1.5267 1.5035 1.4785 1.4549 1.435 1.4204 1.4114 1.4077 1.4069 1.4022 1.394 1.3882 1.3838 1.3793 1.373 1.3626 1.3507 1.336 1.3213 1.3005 1.2836 1.2513 1.2069 1.1712 1.1361 1.1049 1.0735 1.0442 1.0157 0.98803 0.95959 0.93363 0.90804 0.8827 0.85992 0.83579 0.81309 0.79053 0.76873 0.74828 0.72704 0.70748 0.68653 0.66728 0.64923 0.63029 0.6136 0.59593 0.58022 0.56609 0.55089 0.53646 0.52106 0.50674 0.4929 0.47936 0.46648 0.45211 0.4386 0.42516 0.41243 0.40041 0.39024 0.38035 0.37114 0.36154 0.35244 0.34338 0.33377 0.32503 0.31643 0.30831 0.30413 0.29232 0.32373 0.35731 0.34471 0.37001 0.50312 0.70243 0.79951 0.77241 0.70409 0.61782 0.57034 
454.5 1.3454 1.4426 1.5146 1.5353 1.5459 1.5586 1.5697 1.5782 1.5875 1.5972 1.5985 1.5858 1.5692 1.5574 1.545 1.5266 1.5035 1.4786 1.4548 1.4348 1.4204 1.4114 1.4077 1.4069 1.4021 1.3939 1.388 1.3836 1.3792 1.3732 1.3628 1.3508 1.3361 1.3213 1.3006 1.2836 1.2511 1.2068 1.1711 1.136 1.1049 1.0735 1.0442 1.0156 0.98802 0.95965 0.93366 0.90801 0.88267 0.85995 0.83579 0.81308 0.79055 0.76878 0.74833 0.72706 0.70748 0.68655 0.66729 0.64923 0.63031 0.61362 0.59602 0.5803 0.56613 0.55095 0.53652 0.52114 0.50683 0.49306 0.47956 0.46657 0.45222 0.43865 0.42533 0.41245 0.40034 0.39031 0.38033 0.37123 0.36163 0.35247 0.34344 0.33384 0.32508 0.31649 0.30837 0.30417 0.29235 0.32382 0.35743 0.3448 0.37005 0.50313 0.70242 0.79949 0.77249 0.70428 0.61787 0.57022 
455 1.3453 1.4425 1.5145 1.5353 1.5458 1.5585 1.5696 1.5782 1.5874 1.597 1.5982 1.5858 1.5696 1.5575 1.5446 1.5261 1.5034 1.4787 1.4548 1.4347 1.4203 1.4114 1.4076 1.4069 1.402 1.3937 1.3878 1.3832 1.3791 1.3735 1.3632 1.3509 1.3361 1.3215 1.3007 1.2835 1.2509 1.2067 1.171 1.136 1.1048 1.0735 1.0442 1.0155 0.98798 0.9597 0.9337 0.90798 0.8827 0.86002 0.83578 0.81302 0.79051 0.76881 0.74842 0.7271 0.70748 0.68658 0.66726 0.64923 0.63026 0.6136 0.59616 0.58043 0.56617 0.55102 0.53659 0.52123 0.50698 0.49329 0.4798 0.4667 0.45233 0.4387 0.42553 0.41239 0.40018 0.39035 0.38025 0.37129 0.36171 0.35247 0.34351 0.33394 0.32516 0.31657 0.30841 0.30419 0.29237 0.32394 0.3576 0.3449 0.37004 0.50302 0.70222 0.79931 0.77253 0.70457 0.61795 0.57002 
455.5 1.3452 1.4424 1.5144 1.5352 1.5457 1.5584 1.5695 1.5781 1.5873 1.5968 1.5979 1.5858 1.5701 1.5576 1.5441 1.5257 1.5033 1.4789 1.4547 1.4345 1.4203 1.4114 1.4075 1.4068 1.402 1.3935 1.3876 1.3828 1.3789 1.3738 1.3635 1.351 1.3362 1.3216 1.3008 1.2835 1.2507 1.2066 1.1709 1.1359 1.1048 1.0734 1.0441 1.0154 0.98794 0.95975 0.93374 0.90795 0.88273 0.86009 0.83576 0.81296 0.79048 0.76884 0.74851 0.72714 0.70749 0.68661 0.66723 0.64922 0.63021 0.61357 0.59631 0.58056 0.56622 0.5511 0.53666 0.52133 0.50712 0.49352 0.48005 0.46682 0.45244 0.43875 0.42574 0.41233 0.40002 0.39039 0.38016 0.37135 0.36179 0.35246 0.34359 0.33404 0.32524 0.31666 0.30845 0.30421 0.2924 0.32406 0.35776 0.345 0.37004 0.5029 0.70203 0.79912 0.77257 0.70485 0.61803 0.56982 
456 1.3451 1.4423 1.5143 1.5351 1.5456 1.5583 1.5694 1.578 1.5872 1.5965 1.5976 1.5858 1.5705 1.5577 1.5436 1.5252 1.5033 1.479 1.4547 1.4343 1.4203 1.4114 1.4074 1.4068 1.4019 1.3934 1.3874 1.3824 1.3788 1.3741 1.3639 1.3511 1.3362 1.3217 1.301 1.2835 1.2505 1.2065 1.1708 1.1358 1.1047 1.0734 1.0441 1.0153 0.9879 0.9598 0.93378 0.90792 0.88276 0.86016 0.83575 0.8129 0.79045 0.76888 0.7486 0.72719 0.70749 0.68664 0.6672 0.64922 0.63017 0.61354 0.59646 0.58069 0.56626 0.55117 0.53673 0.52142 0.50727 0.49374 0.48029 0.46695 0.45255 0.4388 0.42595 0.41228 0.39986 0.39043 0.38008 0.37141 0.36188 0.35245 0.34366 0.33414 0.32532 0.31674 0.30849 0.30424 0.29243 0.32417 0.35793 0.3451 0.37004 0.50279 0.70183 0.79894 0.77261 0.70514 0.6181 0.56963 
456.5 1.345 1.4422 1.5142 1.535 1.5456 1.5582 1.5693 1.5779 1.5871 1.5964 1.5975 1.5858 1.5704 1.5576 1.5435 1.5252 1.5032 1.479 1.4546 1.4342 1.4201 1.4113 1.4074 1.4068 1.4019 1.3933 1.3872 1.3824 1.3789 1.3741 1.3637 1.351 1.3361 1.3216 1.301 1.2835 1.2506 1.2064 1.1707 1.1358 1.1047 1.0734 1.044 1.0153 0.98787 0.95969 0.9337 0.90798 0.8828 0.86017 0.83578 0.81297 0.79052 0.76887 0.74864 0.72735 0.70764 0.68671 0.66729 0.64929 0.63026 0.61364 0.59651 0.5808 0.56644 0.55128 0.5368 0.52147 0.50725 0.49375 0.48024 0.46691 0.45257 0.43893 0.42596 0.4124 0.40006 0.39046 0.3802 0.37149 0.36197 0.35253 0.3437 0.33427 0.32544 0.31679 0.30854 0.30431 0.29254 0.32425 0.35799 0.3452 0.37011 0.50274 0.70171 0.79881 0.77242 0.70493 0.61822 0.57001 
457 1.3449 1.4421 1.5141 1.5349 1.5455 1.5581 1.5692 1.5778 1.587 1.5963 1.5974 1.5858 1.5704 1.5574 1.5434 1.5251 1.5032 1.4789 1.4546 1.434 1.42 1.4112 1.4074 1.4068 1.4019 1.3933 1.3871 1.3824 1.379 1.3741 1.3636 1.3509 1.336 1.3216 1.3011 1.2835 1.2506 1.2064 1.1707 1.1358 1.1047 1.0734 1.0439 1.0152 0.98784 0.95956 0.93361 0.90805 0.88284 0.86018 0.83581 0.81304 0.79059 0.76887 0.74869 0.72752 0.70779 0.68679 0.66739 0.64936 0.63037 0.61375 0.59655 0.58091 0.56664 0.55138 0.53686 0.52151 0.50722 0.49375 0.48017 0.46686 0.45258 0.43906 0.42596 0.41254 0.4003 0.39049 0.38034 0.37157 0.36206 0.35261 0.34374 0.3344 0.32556 0.31684 0.30858 0.30439 0.29266 0.32431 0.35806 0.3453 0.37018 0.5027 0.70159 0.79869 0.77222 0.70469 0.61833 0.57043 
457.5 1.3447 1.442 1.514 1.5348 1.5454 1.558 1.5691 1.5777 1.5869 1.5962 1.5974 1.5858 1.5703 1.5573 1.5433 1.5251 1.5032 1.4789 1.4545 1.4339 1.4198 1.4111 1.4074 1.4068 1.4019 1.3932 1.3869 1.3824 1.3791 1.3741 1.3634 1.3509 1.336 1.3215 1.3011 1.2835 1.2507 1.2064 1.1706 1.1358 1.1047 1.0734 1.0438 1.0152 0.98782 0.95944 0.93353 0.90811 0.88288 0.86019 0.83584 0.81312 0.79066 0.76886 0.74873 0.72769 0.70795 0.68687 0.66748 0.64944 0.63048 0.61386 0.5966 0.58101 0.56683 0.55149 0.53693 0.52155 0.50719 0.49374 0.4801 0.46681 0.45258 0.43919 0.42595 0.41267 0.40053 0.39052 0.38047 0.37165 0.36215 0.35269 0.34378 0.33453 0.32568 0.31689 0.30862 0.30447 0.29278 0.32438 0.35812 0.34541 0.37025 0.50265 0.70146 0.79857 0.77201 0.70445 0.61844 0.57086 
458 1.3446 1.4419 1.5139 1.5347 1.5453 1.5579 1.569 1.5776 1.5867 1.5961 1.5973 1.5858 1.5702 1.5571 1.5432 1.5251 1.5032 1.4788 1.4545 1.4338 1.4196 1.411 1.4074 1.4068 1.4019 1.3932 1.3868 1.3824 1.3792 1.374 1.3633 1.3508 1.3359 1.3215 1.3012 1.2835 1.2507 1.2064 1.1705 1.1358 1.1047 1.0733 1.0438 1.0151 0.98779 0.95933 0.93346 0.90817 0.88292 0.8602 0.83586 0.81318 0.79073 0.76887 0.74877 0.72781 0.70807 0.68696 0.66758 0.64951 0.63057 0.61396 0.59665 0.58111 0.56699 0.55158 0.53699 0.5216 0.50718 0.49374 0.48005 0.46679 0.4526 0.4393 0.42597 0.4128 0.40071 0.39055 0.38062 0.37172 0.36224 0.35276 0.34382 0.33465 0.32579 0.31694 0.30865 0.30453 0.29287 0.32444 0.35817 0.3455 0.37032 0.50262 0.70136 0.79846 0.77185 0.70428 0.61856 0.57122 
458.5 1.3446 1.4418 1.5139 1.5347 1.5452 1.5578 1.5689 1.5775 1.5867 1.596 1.5973 1.5857 1.5702 1.5571 1.5431 1.5249 1.5031 1.4788 1.4545 1.4338 1.4195 1.4108 1.4073 1.4068 1.4019 1.3931 1.3868 1.3823 1.379 1.374 1.3635 1.3509 1.3359 1.3214 1.3011 1.2835 1.2505 1.2062 1.1705 1.1357 1.1046 1.0733 1.0437 1.0152 0.98775 0.95934 0.93347 0.90815 0.88299 0.86022 0.83584 0.81317 0.79078 0.76897 0.7488 0.72769 0.70801 0.68706 0.66766 0.64961 0.63058 0.61399 0.59675 0.58113 0.56703 0.55163 0.53702 0.52169 0.50731 0.49377 0.48008 0.46689 0.45264 0.43934 0.42605 0.41288 0.40062 0.39056 0.38083 0.37172 0.36229 0.35278 0.34385 0.33478 0.32584 0.31699 0.30863 0.30449 0.29285 0.32442 0.35816 0.34552 0.37035 0.50263 0.70132 0.7984 0.77189 0.70445 0.6187 0.57129 
459 1.3446 1.4418 1.5138 1.5346 1.5451 1.5578 1.5689 1.5774 1.5866 1.596 1.5972 1.5857 1.5702 1.5571 1.5429 1.5248 1.5029 1.4787 1.4545 1.4339 1.4194 1.4106 1.4073 1.4068 1.4019 1.3931 1.3867 1.3822 1.3789 1.374 1.3636 1.3509 1.336 1.3213 1.301 1.2835 1.2503 1.206 1.1704 1.1357 1.1046 1.0732 1.0437 1.0152 0.98771 0.95934 0.93348 0.90813 0.88305 0.86025 0.83582 0.81315 0.79083 0.76907 0.74883 0.72758 0.70795 0.68716 0.66775 0.64971 0.63059 0.61401 0.59684 0.58115 0.56706 0.55168 0.53706 0.52179 0.50744 0.4938 0.48011 0.46698 0.45269 0.43938 0.42613 0.41296 0.40053 0.39058 0.38103 0.37173 0.36235 0.35279 0.34389 0.3349 0.3259 0.31705 0.30861 0.30446 0.29283 0.32441 0.35815 0.34554 0.37039 0.50264 0.70128 0.79835 0.77194 0.70462 0.61884 0.57137 
459.5 1.3445 1.4418 1.5138 1.5345 1.545 1.5577 1.5688 1.5774 1.5865 1.5959 1.5972 1.5856 1.5702 1.5571 1.5428 1.5247 1.5028 1.4786 1.4545 1.4339 1.4193 1.4105 1.4072 1.4068 1.4019 1.393 1.3867 1.3821 1.3787 1.374 1.3637 1.351 1.336 1.3212 1.3009 1.2836 1.2501 1.2058 1.1703 1.1356 1.1045 1.0731 1.0437 1.0152 0.98767 0.95934 0.93349 0.90812 0.88312 0.86028 0.8358 0.81313 0.79088 0.76917 0.74886 0.72746 0.70789 0.68726 0.66783 0.64981 0.6306 0.61404 0.59693 0.58118 0.56709 0.55173 0.5371 0.52188 0.50756 0.49383 0.48014 0.46708 0.45273 0.43941 0.4262 0.41304 0.40044 0.39059 0.38124 0.37173 0.36241 0.35281 0.34392 0.33503 0.32595 0.31711 0.30859 0.30442 0.29281 0.32439 0.35814 0.34556 0.37042 0.50264 0.70124 0.7983 0.77198 0.70478 0.61898 0.57144 
460 1.3445 1.4417 1.5137 1.5344 1.5449 1.5576 1.5687 1.5773 1.5864 1.5958 1.597 1.5855 1.5702 1.5571 1.5428 1.5247 1.5028 1.4786 1.4545 1.4339 1.4192 1.4103 1.4072 1.4068 1.4018 1.393 1.3867 1.3821 1.3786 1.374 1.3637 1.351 1.336 1.3211 1.3009 1.2835 1.25 1.2057 1.1703 1.1356 1.1044 1.073 1.0437 1.0152 0.9876 0.95929 0.93341 0.90802 0.88311 0.86032 0.83589 0.81323 0.79098 0.76929 0.7489 0.72742 0.70786 0.68729 0.6679 0.64985 0.6306 0.61406 0.59697 0.58119 0.56712 0.55179 0.53719 0.52197 0.50767 0.49391 0.48025 0.4672 0.45279 0.43945 0.42625 0.41308 0.40047 0.39063 0.38132 0.37177 0.36241 0.35287 0.34401 0.33509 0.32598 0.31716 0.30862 0.30443 0.29283 0.32443 0.35819 0.34562 0.37052 0.50278 0.70138 0.79845 0.77222 0.70508 0.61917 0.57152 
460.5 1.3443 1.4416 1.5136 1.5343 1.5448 1.5575 1.5686 1.5772 1.5863 1.5956 1.5968 1.5852 1.57 1.5571 1.543 1.5249 1.5031 1.4786 1.4542 1.4336 1.4191 1.4102 1.4071 1.4067 1.4018 1.393 1.3867 1.3822 1.3788 1.3739 1.3636 1.3509 1.3359 1.3212 1.301 1.2834 1.2499 1.2056 1.1702 1.1355 1.1044 1.073 1.0436 1.015 0.98749 0.95916 0.93318 0.90781 0.883 0.86039 0.83613 0.81349 0.79115 0.76944 0.74896 0.72748 0.70789 0.68723 0.66792 0.64981 0.63059 0.6141 0.59694 0.58121 0.56715 0.55189 0.53738 0.52205 0.50773 0.49406 0.48046 0.46738 0.45286 0.43947 0.42624 0.41304 0.4007 0.3907 0.38121 0.37183 0.36232 0.35301 0.34417 0.33505 0.32597 0.3172 0.30875 0.30454 0.29292 0.32455 0.35831 0.34574 0.37071 0.5031 0.7018 0.79894 0.77276 0.70557 0.61943 0.57162 
461 1.3441 1.4414 1.5135 1.5342 1.5447 1.5574 1.5685 1.5771 1.5862 1.5954 1.5965 1.585 1.5699 1.5571 1.5431 1.5252 1.5033 1.4787 1.454 1.4334 1.419 1.4101 1.407 1.4066 1.4017 1.3931 1.3866 1.3823 1.3789 1.3738 1.3635 1.3508 1.3358 1.3212 1.3011 1.2834 1.2498 1.2056 1.1702 1.1354 1.1044 1.073 1.0435 1.0149 0.98738 0.95902 0.93296 0.9076 0.88289 0.86046 0.83638 0.81375 0.79132 0.76959 0.74901 0.72754 0.70791 0.68717 0.66795 0.64977 0.63057 0.61413 0.5969 0.58122 0.56718 0.55199 0.53756 0.52213 0.5078 0.49421 0.48067 0.46756 0.45293 0.4395 0.42623 0.413 0.40093 0.39077 0.38111 0.3719 0.36223 0.35314 0.34433 0.33501 0.32596 0.31725 0.30887 0.30464 0.29301 0.32468 0.35844 0.34586 0.3709 0.50342 0.70221 0.79942 0.7733 0.70606 0.61969 0.57172 
461.5 1.344 1.4413 1.5134 1.5341 1.5446 1.5573 1.5684 1.577 1.5861 1.5953 1.5963 1.5848 1.5697 1.5571 1.5433 1.5254 1.5036 1.4787 1.4537 1.4332 1.419 1.41 1.4069 1.4066 1.4017 1.3931 1.3866 1.3824 1.379 1.3738 1.3634 1.3507 1.3356 1.3213 1.3012 1.2833 1.2497 1.2056 1.1701 1.1354 1.1044 1.073 1.0434 1.0147 0.98727 0.95889 0.93273 0.90739 0.88278 0.86053 0.83662 0.81401 0.79149 0.76974 0.74906 0.72761 0.70794 0.6871 0.66798 0.64973 0.63056 0.61416 0.59686 0.58123 0.5672 0.55209 0.53774 0.52221 0.50787 0.49436 0.48088 0.46774 0.45299 0.43952 0.42622 0.41296 0.40116 0.39084 0.381 0.37197 0.36214 0.35327 0.34449 0.33497 0.32595 0.31729 0.30899 0.30474 0.2931 0.3248 0.35857 0.34598 0.37109 0.50373 0.70263 0.7999 0.77384 0.70655 0.61995 0.57181 
462 1.3439 1.4412 1.5133 1.534 1.5445 1.5572 1.5683 1.5769 1.5859 1.5951 1.5961 1.5846 1.5696 1.5571 1.5434 1.5255 1.5037 1.4787 1.4536 1.433 1.4188 1.4099 1.4068 1.4065 1.4016 1.3931 1.3866 1.3824 1.379 1.3737 1.3634 1.3507 1.3357 1.3213 1.3013 1.2832 1.2496 1.2055 1.1701 1.1353 1.1043 1.0729 1.0433 1.0146 0.98718 0.95879 0.93265 0.9073 0.88274 0.86064 0.8368 0.81422 0.79171 0.76995 0.74921 0.7277 0.70798 0.68708 0.66797 0.64977 0.63058 0.61415 0.59687 0.58123 0.56723 0.55215 0.53779 0.52227 0.50791 0.49439 0.48093 0.46778 0.45308 0.4396 0.42628 0.41297 0.40126 0.39091 0.38097 0.372 0.36212 0.35334 0.34454 0.33493 0.32598 0.3173 0.30901 0.30478 0.29313 0.32482 0.35858 0.34593 0.37095 0.50351 0.70236 0.79968 0.77378 0.70666 0.62005 0.57185 
462.5 1.3438 1.4411 1.5132 1.5339 1.5444 1.5571 1.5682 1.5768 1.5858 1.5949 1.5959 1.5845 1.5695 1.557 1.5434 1.5256 1.5038 1.4787 1.4536 1.4328 1.4186 1.4098 1.4066 1.4063 1.4016 1.3931 1.3867 1.3824 1.3789 1.3736 1.3634 1.3508 1.3358 1.3213 1.3013 1.2832 1.2496 1.2055 1.1701 1.1352 1.1042 1.0728 1.0432 1.0146 0.98711 0.95872 0.93265 0.90729 0.88275 0.86078 0.83694 0.81439 0.79196 0.77018 0.74941 0.7278 0.70802 0.68708 0.66793 0.64985 0.63063 0.61411 0.59689 0.58124 0.56726 0.55218 0.53776 0.52232 0.50794 0.49434 0.48087 0.46773 0.45317 0.43972 0.42638 0.413 0.4013 0.39098 0.38097 0.372 0.36214 0.35336 0.34451 0.33491 0.32603 0.3173 0.30895 0.30478 0.29311 0.32478 0.35852 0.34577 0.3706 0.50296 0.70167 0.79903 0.77335 0.70652 0.62005 0.57186 
463 1.3437 1.441 1.5131 1.5338 1.5443 1.557 1.5681 1.5767 1.5856 1.5947 1.5957 1.5844 1.5695 1.557 1.5435 1.5257 1.5038 1.4788 1.4536 1.4326 1.4184 1.4098 1.4065 1.4062 1.4015 1.393 1.3867 1.3824 1.3788 1.3735 1.3633 1.3509 1.3359 1.3213 1.3013 1.2832 1.2495 1.2055 1.1701 1.1352 1.104 1.0726 1.0432 1.0146 0.98703 0.95864 0.93266 0.90728 0.88276 0.86093 0.83708 0.81456 0.79221 0.77041 0.74962 0.72791 0.70806 0.68709 0.6679 0.64994 0.63067 0.61407 0.59692 0.58124 0.56728 0.55222 0.53772 0.52236 0.50797 0.49428 0.48081 0.46768 0.45326 0.43984 0.42647 0.41304 0.40133 0.39105 0.38098 0.372 0.36215 0.35338 0.34449 0.33488 0.32608 0.3173 0.3089 0.30478 0.2931 0.32473 0.35847 0.34561 0.37025 0.50241 0.70098 0.79837 0.77293 0.70639 0.62005 0.57186 
463.5 1.3436 1.4409 1.513 1.5338 1.5442 1.5569 1.568 1.5765 1.5855 1.5945 1.5955 1.5843 1.5694 1.557 1.5435 1.5258 1.5039 1.4788 1.4535 1.4325 1.4182 1.4097 1.4063 1.406 1.4015 1.3929 1.3867 1.3824 1.3787 1.3735 1.3633 1.351 1.336 1.3213 1.3013 1.2832 1.2495 1.2054 1.17 1.1351 1.1039 1.0725 1.0431 1.0146 0.98695 0.95857 0.93266 0.90727 0.88277 0.86107 0.83723 0.81474 0.79246 0.77065 0.74982 0.72802 0.70811 0.68709 0.66786 0.65002 0.63072 0.61403 0.59695 0.58124 0.56731 0.55225 0.53769 0.52241 0.508 0.49423 0.48075 0.46763 0.45335 0.43995 0.42657 0.41308 0.40136 0.39112 0.38098 0.372 0.36217 0.3534 0.34446 0.33485 0.32613 0.3173 0.30884 0.30478 0.29308 0.32469 0.35841 0.34544 0.3699 0.50186 0.70028 0.79772 0.7725 0.70625 0.62005 0.57186 
464 1.3435 1.4409 1.513 1.5337 1.5441 1.5568 1.5679 1.5764 1.5853 1.5944 1.5954 1.5842 1.5693 1.5569 1.5435 1.5258 1.5039 1.4788 1.4535 1.4324 1.4181 1.4096 1.4062 1.4059 1.4014 1.3929 1.3867 1.3824 1.3787 1.3735 1.3632 1.3511 1.3361 1.3214 1.3013 1.2831 1.2494 1.2053 1.17 1.1351 1.1038 1.0724 1.0431 1.0145 0.98682 0.95849 0.93262 0.90726 0.88287 0.86118 0.83736 0.81485 0.7925 0.77067 0.74988 0.7281 0.70817 0.68715 0.6679 0.65002 0.63078 0.61408 0.59702 0.58133 0.56736 0.55232 0.53778 0.52252 0.50808 0.49432 0.48074 0.46771 0.45341 0.43994 0.42667 0.41323 0.40146 0.39121 0.38109 0.37205 0.36229 0.35349 0.34454 0.33498 0.32624 0.31742 0.30898 0.30487 0.29319 0.32487 0.35864 0.34576 0.37038 0.50247 0.70089 0.7981 0.7725 0.70595 0.61978 0.57171 
464.5 1.3435 1.4409 1.5129 1.5336 1.544 1.5566 1.5677 1.5762 1.5852 1.5943 1.5953 1.5841 1.5693 1.5569 1.5435 1.5259 1.504 1.4788 1.4536 1.4324 1.418 1.4094 1.4061 1.4059 1.4014 1.3928 1.3867 1.3823 1.3788 1.3735 1.3632 1.3511 1.3362 1.3215 1.3013 1.2831 1.2492 1.2052 1.1699 1.135 1.1038 1.0724 1.0431 1.0145 0.98667 0.95842 0.93258 0.90724 0.88299 0.86129 0.83749 0.81496 0.79249 0.77066 0.74992 0.72818 0.70824 0.68722 0.66795 0.65 0.63084 0.61415 0.5971 0.58144 0.56743 0.55239 0.5379 0.52264 0.50817 0.49444 0.48074 0.46782 0.45345 0.43989 0.42677 0.41341 0.40158 0.3913 0.38121 0.3721 0.36244 0.3536 0.34464 0.33512 0.32635 0.31755 0.30915 0.30499 0.29332 0.32509 0.35891 0.34617 0.371 0.50329 0.70173 0.79867 0.77258 0.70561 0.61946 0.57152 
465 1.3435 1.4408 1.5128 1.5335 1.5439 1.5565 1.5676 1.5761 1.5851 1.5942 1.5952 1.584 1.5693 1.5568 1.5435 1.526 1.504 1.4788 1.4536 1.4324 1.4179 1.4093 1.406 1.4058 1.4014 1.3928 1.3866 1.3823 1.3789 1.3736 1.3631 1.3512 1.3363 1.3216 1.3013 1.283 1.2491 1.205 1.1698 1.135 1.1038 1.0724 1.0431 1.0144 0.98653 0.95835 0.93254 0.90723 0.88311 0.86139 0.83762 0.81507 0.79248 0.77064 0.74996 0.72826 0.7083 0.6873 0.668 0.64998 0.63089 0.61422 0.59718 0.58155 0.56749 0.55246 0.53801 0.52276 0.50826 0.49455 0.48074 0.46793 0.4535 0.43985 0.42687 0.41359 0.4017 0.3914 0.38134 0.37216 0.36258 0.3537 0.34474 0.33527 0.32646 0.31769 0.30932 0.3051 0.29344 0.3253 0.35919 0.34657 0.37163 0.50412 0.70257 0.79923 0.77265 0.70528 0.61913 0.57134 
465.5 1.3435 1.4408 1.5128 1.5335 1.5438 1.5564 1.5675 1.5759 1.5849 1.5941 1.5951 1.5839 1.5692 1.5567 1.5434 1.526 1.504 1.4788 1.4536 1.4324 1.4178 1.4092 1.4059 1.4058 1.4014 1.3927 1.3866 1.3823 1.3789 1.3736 1.3631 1.3512 1.3363 1.3217 1.3014 1.2829 1.249 1.2048 1.1697 1.135 1.1038 1.0723 1.0431 1.0144 0.9864 0.95828 0.9325 0.90722 0.88323 0.86149 0.83774 0.81518 0.79248 0.77063 0.75 0.72834 0.70837 0.68737 0.66805 0.64997 0.63095 0.61428 0.59725 0.58165 0.56755 0.55253 0.53812 0.52287 0.50835 0.49466 0.48075 0.46804 0.45355 0.43982 0.42697 0.41375 0.4018 0.39149 0.38146 0.37221 0.36271 0.35381 0.34483 0.33541 0.32656 0.31782 0.30949 0.30521 0.29356 0.3255 0.35944 0.34693 0.37219 0.50486 0.70334 0.79977 0.77275 0.70501 0.61886 0.57118 
466 1.3433 1.4406 1.5126 1.5333 1.5437 1.5563 1.5673 1.5758 1.5848 1.594 1.595 1.5838 1.5691 1.5567 1.5434 1.526 1.504 1.4787 1.4535 1.4324 1.4179 1.4092 1.4058 1.4056 1.4013 1.3928 1.3866 1.3822 1.3788 1.3736 1.3632 1.3511 1.3362 1.3216 1.3013 1.283 1.249 1.2047 1.1694 1.1348 1.1037 1.0723 1.043 1.0143 0.98641 0.9582 0.93245 0.9073 0.88323 0.86148 0.83779 0.81532 0.79262 0.7707 0.75006 0.72842 0.7085 0.68745 0.66811 0.65012 0.63102 0.61431 0.59723 0.58165 0.56759 0.55254 0.53812 0.52286 0.50844 0.49472 0.48085 0.46814 0.4536 0.43998 0.42703 0.41377 0.40177 0.39151 0.38156 0.37227 0.36275 0.35383 0.34484 0.33536 0.32654 0.31786 0.3096 0.3053 0.29361 0.32551 0.35938 0.34677 0.37199 0.50471 0.70331 0.79997 0.77319 0.70549 0.61918 0.57138 
466.5 1.3432 1.4405 1.5125 1.5332 1.5436 1.5561 1.5672 1.5757 1.5846 1.5938 1.5949 1.5837 1.569 1.5567 1.5434 1.526 1.504 1.4786 1.4534 1.4324 1.4179 1.4092 1.4057 1.4055 1.4013 1.3928 1.3866 1.3821 1.3786 1.3736 1.3633 1.351 1.3361 1.3216 1.3013 1.2831 1.2491 1.2045 1.1692 1.1347 1.1036 1.0723 1.043 1.0143 0.98642 0.95813 0.93239 0.90738 0.88323 0.86147 0.83784 0.81545 0.79277 0.77078 0.75013 0.7285 0.70862 0.68754 0.66817 0.65027 0.63109 0.61433 0.59721 0.58165 0.56764 0.55254 0.53812 0.52285 0.50853 0.49478 0.48095 0.46824 0.45364 0.44014 0.42709 0.41379 0.40173 0.39153 0.38167 0.37232 0.36279 0.35385 0.34485 0.33531 0.32651 0.31789 0.3097 0.30539 0.29365 0.32551 0.35931 0.34661 0.37178 0.50456 0.70328 0.80016 0.77362 0.70598 0.6195 0.57157 
467 1.343 1.4403 1.5124 1.5331 1.5435 1.556 1.5671 1.5756 1.5845 1.5937 1.5948 1.5836 1.5689 1.5567 1.5434 1.5259 1.5039 1.4785 1.4533 1.4325 1.418 1.4092 1.4057 1.4054 1.4013 1.3929 1.3866 1.3821 1.3784 1.3736 1.3634 1.3509 1.336 1.3215 1.3013 1.2832 1.2491 1.2044 1.169 1.1345 1.1035 1.0722 1.0429 1.0142 0.98644 0.95805 0.93234 0.90746 0.88324 0.86146 0.8379 0.81558 0.79291 0.77085 0.7502 0.72858 0.70874 0.68762 0.66824 0.65042 0.63116 0.61435 0.59719 0.58165 0.56768 0.55255 0.53812 0.52284 0.50862 0.49484 0.48105 0.46835 0.45369 0.4403 0.42715 0.41382 0.4017 0.39156 0.38178 0.37237 0.36283 0.35388 0.34486 0.33526 0.32649 0.31793 0.30981 0.30548 0.2937 0.32551 0.35925 0.34645 0.37157 0.5044 0.70324 0.80036 0.77406 0.70647 0.61982 0.57177 
467.5 1.3429 1.4402 1.5122 1.533 1.5434 1.5559 1.567 1.5755 1.5843 1.5936 1.5947 1.5835 1.5689 1.5567 1.5434 1.5259 1.5039 1.4785 1.4533 1.4325 1.418 1.4092 1.4057 1.4054 1.4012 1.3929 1.3866 1.382 1.3783 1.3735 1.3634 1.3508 1.336 1.3215 1.3013 1.2833 1.2491 1.2042 1.1688 1.1344 1.1034 1.0722 1.0428 1.0141 0.98642 0.958 0.93231 0.90749 0.88324 0.86146 0.83796 0.81569 0.79301 0.77089 0.75027 0.72866 0.70885 0.68772 0.6683 0.65053 0.63123 0.61439 0.59721 0.58166 0.56772 0.55257 0.53813 0.52284 0.50867 0.49491 0.48115 0.46842 0.45373 0.44041 0.4272 0.41386 0.40171 0.39158 0.38183 0.37244 0.3629 0.3539 0.34488 0.33529 0.32652 0.31796 0.30987 0.30556 0.29376 0.32555 0.35925 0.34639 0.37149 0.50437 0.70329 0.80052 0.77432 0.70672 0.6199 0.57174 
468 1.3428 1.4401 1.5122 1.5329 1.5433 1.5558 1.5669 1.5754 1.5843 1.5935 1.5946 1.5833 1.5688 1.5567 1.5434 1.5259 1.5039 1.4785 1.4533 1.4324 1.418 1.4091 1.4057 1.4054 1.4011 1.3928 1.3866 1.3821 1.3784 1.3735 1.3633 1.3508 1.3361 1.3217 1.3014 1.2831 1.2488 1.2041 1.1688 1.1345 1.1034 1.0721 1.0427 1.0141 0.98634 0.95798 0.93231 0.9074 0.88322 0.86149 0.83804 0.81574 0.79301 0.77088 0.75035 0.72877 0.70891 0.68786 0.66837 0.65055 0.6313 0.61448 0.59731 0.58172 0.56776 0.55261 0.53816 0.52285 0.50863 0.495 0.48126 0.4684 0.45376 0.44039 0.42726 0.41395 0.40181 0.39162 0.38176 0.37254 0.36307 0.35391 0.34494 0.33551 0.32667 0.31799 0.30984 0.30562 0.29389 0.32566 0.3594 0.34658 0.37169 0.50459 0.70352 0.80061 0.77417 0.70641 0.61945 0.5712 
468.5 1.3428 1.4401 1.5121 1.5328 1.5432 1.5557 1.5668 1.5753 1.5842 1.5935 1.5946 1.5832 1.5687 1.5567 1.5434 1.5259 1.5039 1.4786 1.4534 1.4324 1.4179 1.4091 1.4058 1.4055 1.4011 1.3927 1.3866 1.3821 1.3784 1.3734 1.3632 1.3507 1.3362 1.3219 1.3016 1.283 1.2486 1.204 1.1687 1.1345 1.1034 1.072 1.0426 1.014 0.98625 0.95796 0.93232 0.90731 0.88321 0.86152 0.83812 0.81579 0.79301 0.77087 0.75042 0.72887 0.70897 0.688 0.66843 0.65057 0.63137 0.61456 0.59741 0.58178 0.56779 0.55265 0.5382 0.52286 0.50859 0.4951 0.48137 0.46838 0.45379 0.44038 0.42731 0.41405 0.40191 0.39166 0.38169 0.37265 0.36324 0.35392 0.34499 0.33573 0.32683 0.31802 0.30981 0.30568 0.29402 0.32578 0.35954 0.34677 0.37189 0.50481 0.70376 0.8007 0.77402 0.7061 0.619 0.57066 
469 1.3427 1.44 1.5121 1.5328 1.5431 1.5556 1.5667 1.5752 1.5842 1.5934 1.5945 1.583 1.5686 1.5568 1.5434 1.5259 1.5039 1.4786 1.4534 1.4323 1.4178 1.409 1.4058 1.4056 1.401 1.3926 1.3865 1.3821 1.3784 1.3733 1.3631 1.3507 1.3363 1.3221 1.3017 1.2828 1.2483 1.2038 1.1687 1.1346 1.1034 1.0718 1.0425 1.0139 0.98616 0.95794 0.93232 0.90722 0.8832 0.86155 0.8382 0.81585 0.793 0.77086 0.7505 0.72898 0.70904 0.68814 0.6685 0.65058 0.63144 0.61465 0.59752 0.58184 0.56783 0.55269 0.53824 0.52287 0.50855 0.49519 0.48148 0.46837 0.45382 0.44037 0.42737 0.41414 0.40201 0.3917 0.38162 0.37275 0.3634 0.35392 0.34504 0.33595 0.32698 0.31805 0.30978 0.30574 0.29414 0.32589 0.35969 0.34695 0.37209 0.50503 0.70399 0.80079 0.77387 0.70579 0.61856 0.57012 
469.5 1.3426 1.4399 1.512 1.5327 1.543 1.5555 1.5666 1.5751 1.5841 1.5933 1.5944 1.583 1.5685 1.5568 1.5434 1.5259 1.5039 1.4786 1.4533 1.4322 1.4178 1.409 1.4058 1.4056 1.4009 1.3925 1.3865 1.3821 1.3785 1.3734 1.3631 1.3507 1.3364 1.3221 1.3017 1.2828 1.2482 1.2038 1.1687 1.1346 1.1034 1.0718 1.0424 1.0138 0.98608 0.95791 0.93227 0.90718 0.8832 0.86158 0.83828 0.81591 0.79304 0.77089 0.75057 0.7291 0.7091 0.68815 0.66847 0.65058 0.63153 0.61472 0.5976 0.58189 0.56784 0.55273 0.53828 0.52292 0.5086 0.49528 0.48158 0.46845 0.45388 0.44041 0.4274 0.41422 0.4021 0.39172 0.38163 0.37284 0.36352 0.35402 0.34512 0.33605 0.32709 0.31809 0.30979 0.30579 0.2942 0.32592 0.3597 0.34697 0.37209 0.505 0.70395 0.80076 0.7739 0.7059 0.61874 0.57033 
470 1.3426 1.4399 1.5119 1.5326 1.5429 1.5554 1.5665 1.575 1.584 1.5932 1.5943 1.5829 1.5685 1.5567 1.5433 1.5258 1.5038 1.4786 1.4532 1.432 1.4176 1.409 1.4058 1.4056 1.4009 1.3925 1.3864 1.382 1.3785 1.3736 1.3632 1.3507 1.3364 1.322 1.3017 1.2828 1.2481 1.2038 1.1687 1.1345 1.1034 1.0719 1.0423 1.0137 0.986 0.95787 0.93218 0.90718 0.88322 0.86161 0.83834 0.81597 0.79311 0.77095 0.75063 0.72924 0.70916 0.68803 0.66836 0.65055 0.63163 0.61479 0.59765 0.58193 0.56784 0.55277 0.53835 0.523 0.50874 0.49537 0.48166 0.46861 0.45395 0.44049 0.4274 0.41428 0.40218 0.39173 0.38173 0.37291 0.36359 0.35418 0.34521 0.33604 0.32717 0.31814 0.30983 0.30583 0.29421 0.32587 0.3596 0.34683 0.37191 0.50473 0.70365 0.80064 0.77409 0.70638 0.61947 0.5712 
470.5 1.3425 1.4398 1.5118 1.5325 1.5428 1.5553 1.5663 1.5749 1.5839 1.5931 1.5942 1.5829 1.5685 1.5566 1.5433 1.5258 1.5037 1.4785 1.4532 1.4319 1.4175 1.409 1.4058 1.4055 1.4008 1.3924 1.3864 1.3819 1.3785 1.3737 1.3632 1.3508 1.3364 1.3219 1.3017 1.2828 1.2481 1.2038 1.1687 1.1344 1.1034 1.0719 1.0423 1.0135 0.98592 0.95783 0.93208 0.90717 0.88324 0.86164 0.8384 0.81604 0.79317 0.77101 0.75069 0.72938 0.70922 0.68791 0.66825 0.65052 0.63174 0.61486 0.5977 0.58197 0.56784 0.55281 0.53841 0.52309 0.50888 0.49546 0.48174 0.46877 0.45403 0.44057 0.4274 0.41434 0.40226 0.39174 0.38183 0.37297 0.36366 0.35435 0.3453 0.33603 0.32724 0.31819 0.30988 0.30587 0.29421 0.32583 0.35949 0.34669 0.37173 0.50447 0.70336 0.80052 0.77427 0.70685 0.62021 0.57207 
471 1.3424 1.4397 1.5118 1.5324 1.5427 1.5552 1.5662 1.5748 1.5838 1.593 1.5941 1.5828 1.5685 1.5566 1.5433 1.5257 1.5037 1.4784 1.4531 1.4318 1.4174 1.409 1.4058 1.4054 1.4008 1.3924 1.3863 1.3818 1.3785 1.3739 1.3633 1.3508 1.3364 1.3218 1.3017 1.2829 1.248 1.2039 1.1686 1.1342 1.1034 1.072 1.0422 1.0134 0.98583 0.95779 0.93198 0.90717 0.88326 0.86166 0.83847 0.81611 0.79324 0.77107 0.75076 0.72952 0.70928 0.68779 0.66814 0.65049 0.63184 0.61493 0.59775 0.58201 0.56784 0.55285 0.53847 0.52318 0.50901 0.49556 0.48182 0.46893 0.45411 0.44066 0.4274 0.4144 0.40234 0.39174 0.38192 0.37304 0.36374 0.35452 0.34539 0.33602 0.32732 0.31824 0.30992 0.30591 0.29421 0.32578 0.35938 0.34656 0.37156 0.50421 0.70307 0.80039 0.77446 0.70732 0.62094 0.57294 
471.5 1.3423 1.4397 1.5117 1.5323 1.5426 1.5551 1.5661 1.5747 1.5837 1.5929 1.594 1.5828 1.5684 1.5564 1.5432 1.5257 1.5037 1.4784 1.453 1.4318 1.4174 1.4089 1.4057 1.4054 1.4007 1.3924 1.3863 1.3817 1.3785 1.3738 1.3634 1.3509 1.3362 1.3216 1.3017 1.2829 1.248 1.2039 1.1686 1.1341 1.1033 1.0719 1.0422 1.0134 0.9859 0.95786 0.93199 0.90712 0.8832 0.86165 0.8385 0.81618 0.79335 0.77116 0.75079 0.72947 0.70923 0.68781 0.66829 0.65058 0.63187 0.61501 0.59774 0.58205 0.56793 0.55294 0.5386 0.52329 0.50908 0.49553 0.48187 0.46899 0.45421 0.44078 0.42754 0.41447 0.40237 0.39179 0.38203 0.37314 0.36372 0.3546 0.34546 0.33606 0.32735 0.3183 0.30996 0.30592 0.29423 0.32584 0.35946 0.34664 0.3716 0.50417 0.70293 0.80017 0.77423 0.70716 0.62083 0.57284 
472 1.3423 1.4396 1.5116 1.5322 1.5425 1.555 1.566 1.5746 1.5836 1.5928 1.594 1.5828 1.5683 1.5563 1.5431 1.5257 1.5038 1.4785 1.453 1.4319 1.4174 1.4089 1.4057 1.4053 1.4007 1.3924 1.3863 1.3816 1.3783 1.3737 1.3634 1.3509 1.3361 1.3215 1.3017 1.2829 1.2479 1.2039 1.1687 1.1339 1.103 1.0719 1.0422 1.0134 0.98601 0.95797 0.93203 0.90706 0.88311 0.86163 0.83852 0.81625 0.79348 0.77125 0.75081 0.72938 0.70914 0.68786 0.66853 0.6507 0.63186 0.61508 0.59772 0.58209 0.56805 0.55305 0.53874 0.5234 0.50913 0.49548 0.48191 0.46901 0.45431 0.44091 0.42773 0.41454 0.40238 0.39185 0.38215 0.37326 0.36367 0.35465 0.34553 0.33611 0.32737 0.31837 0.31001 0.30592 0.29425 0.32593 0.3596 0.34679 0.3717 0.50419 0.70284 0.79992 0.77388 0.70679 0.62044 0.57243 
472.5 1.3423 1.4395 1.5115 1.5321 1.5424 1.5549 1.566 1.5745 1.5835 1.5927 1.5939 1.5828 1.5682 1.5561 1.543 1.5256 1.5038 1.4785 1.453 1.432 1.4175 1.4088 1.4057 1.4053 1.4007 1.3924 1.3863 1.3816 1.3782 1.3735 1.3635 1.3509 1.3359 1.3213 1.3017 1.2829 1.2478 1.2039 1.1687 1.1337 1.1028 1.0718 1.0422 1.0134 0.98613 0.95808 0.93207 0.907 0.88302 0.86161 0.83855 0.81633 0.7936 0.77135 0.75083 0.72928 0.70905 0.68792 0.66876 0.65083 0.63186 0.61515 0.59769 0.58213 0.56816 0.55317 0.53889 0.52352 0.50918 0.49542 0.48194 0.46904 0.45442 0.44104 0.42791 0.41461 0.4024 0.39191 0.38226 0.37337 0.36363 0.3547 0.34561 0.33616 0.32739 0.31843 0.31005 0.30592 0.29428 0.32602 0.35974 0.34694 0.37181 0.50422 0.70275 0.79967 0.77352 0.70642 0.62006 0.57202 
473 1.3422 1.4395 1.5114 1.532 1.5423 1.5548 1.5659 1.5744 1.5835 1.5926 1.5939 1.5828 1.5681 1.556 1.5429 1.5256 1.5039 1.4785 1.453 1.4321 1.4175 1.4087 1.4056 1.4053 1.4007 1.3924 1.3863 1.3815 1.3781 1.3734 1.3635 1.351 1.3357 1.3212 1.3018 1.2829 1.2477 1.2039 1.1687 1.1335 1.1025 1.0717 1.0422 1.0135 0.98624 0.95818 0.93211 0.90694 0.88293 0.86159 0.83857 0.8164 0.79373 0.77144 0.75085 0.72918 0.70896 0.68798 0.669 0.65096 0.63185 0.61523 0.59766 0.58217 0.56828 0.55328 0.53904 0.52364 0.50923 0.49536 0.48198 0.46906 0.45452 0.44117 0.4281 0.41468 0.40241 0.39197 0.38237 0.37348 0.36358 0.35475 0.34568 0.33622 0.32741 0.3185 0.31009 0.30592 0.2943 0.32612 0.35988 0.34709 0.37191 0.50425 0.70266 0.79942 0.77317 0.70605 0.61967 0.57161 
473.5 1.3421 1.4394 1.5114 1.5319 1.5422 1.5547 1.5658 1.5743 1.5834 1.5925 1.5938 1.5827 1.568 1.5559 1.5429 1.5256 1.5038 1.4784 1.453 1.4321 1.4175 1.4087 1.4055 1.4052 1.4006 1.3924 1.3862 1.3816 1.3782 1.3734 1.3634 1.351 1.3359 1.3215 1.3019 1.2828 1.2475 1.2036 1.1684 1.1335 1.1025 1.0716 1.0422 1.0136 0.98622 0.95811 0.93211 0.90706 0.88308 0.86164 0.83851 0.81632 0.79372 0.77153 0.75094 0.72926 0.70912 0.6881 0.66903 0.65105 0.63188 0.61531 0.59782 0.58223 0.56841 0.55333 0.53902 0.52363 0.5092 0.49544 0.48199 0.46909 0.45454 0.4411 0.42807 0.41473 0.40244 0.39211 0.3824 0.37348 0.36374 0.35473 0.3457 0.33631 0.32746 0.31855 0.31015 0.30596 0.29436 0.32616 0.35992 0.34711 0.37193 0.50433 0.70291 0.7998 0.77351 0.70617 0.61965 0.57161 
474 1.3421 1.4393 1.5113 1.5318 1.5421 1.5546 1.5657 1.5742 1.5833 1.5925 1.5937 1.5826 1.5679 1.5559 1.5429 1.5256 1.5037 1.4784 1.453 1.432 1.4174 1.4087 1.4055 1.405 1.4006 1.3924 1.3862 1.3817 1.3784 1.3733 1.3633 1.351 1.3361 1.3218 1.3021 1.2827 1.2473 1.2034 1.1682 1.1334 1.1025 1.0715 1.0422 1.0136 0.98619 0.95803 0.93211 0.90719 0.88323 0.86169 0.83845 0.81624 0.7937 0.77162 0.75103 0.72934 0.70929 0.68823 0.66905 0.65114 0.63191 0.61539 0.59797 0.58229 0.56854 0.55338 0.53899 0.52362 0.50917 0.49551 0.482 0.46912 0.45456 0.44102 0.42804 0.41477 0.40246 0.39225 0.38243 0.37349 0.3639 0.3547 0.34572 0.33641 0.3275 0.31861 0.31022 0.306 0.29441 0.32621 0.35995 0.34713 0.37195 0.50441 0.70316 0.80018 0.77386 0.7063 0.61964 0.57161 
474.5 1.342 1.4392 1.5112 1.5317 1.542 1.5545 1.5656 1.5741 1.5832 1.5924 1.5935 1.5824 1.5678 1.5558 1.5429 1.5255 1.5036 1.4783 1.453 1.4319 1.4174 1.4087 1.4054 1.4049 1.4006 1.3924 1.3861 1.3818 1.3785 1.3733 1.3631 1.351 1.3363 1.3222 1.3023 1.2826 1.2471 1.2031 1.1679 1.1334 1.1025 1.0714 1.0422 1.0137 0.98617 0.95796 0.93211 0.90731 0.88337 0.86174 0.83838 0.81616 0.79369 0.77171 0.75113 0.72942 0.70946 0.68835 0.66908 0.65123 0.63195 0.61547 0.59813 0.58236 0.56867 0.55343 0.53896 0.52361 0.50914 0.49559 0.48201 0.46916 0.45458 0.44094 0.42801 0.41482 0.40249 0.39239 0.38246 0.37349 0.36406 0.35467 0.34573 0.33651 0.32754 0.31867 0.31028 0.30604 0.29447 0.32625 0.35999 0.34715 0.37196 0.50449 0.70341 0.80057 0.7742 0.70642 0.61962 0.57161 
475 1.3419 1.4391 1.5111 1.5316 1.5419 1.5544 1.5655 1.574 1.5831 1.5923 1.5934 1.5823 1.5677 1.5558 1.5429 1.5255 1.5035 1.4782 1.453 1.4319 1.4173 1.4087 1.4053 1.4048 1.4006 1.3924 1.386 1.3819 1.3786 1.3732 1.3631 1.351 1.3364 1.3224 1.3024 1.2824 1.2469 1.2029 1.1677 1.1333 1.1025 1.0713 1.0422 1.0138 0.98616 0.95788 0.9321 0.90741 0.8835 0.86179 0.83832 0.81609 0.79368 0.77178 0.75122 0.7295 0.70961 0.68847 0.6691 0.65132 0.63198 0.61552 0.59827 0.58243 0.56878 0.55349 0.53895 0.52357 0.50909 0.49566 0.48203 0.4692 0.45462 0.44089 0.428 0.41483 0.40251 0.39252 0.38248 0.37354 0.36423 0.35467 0.34574 0.3366 0.32762 0.31872 0.31035 0.30611 0.29454 0.32632 0.36006 0.34722 0.37204 0.50462 0.70367 0.80091 0.7745 0.70656 0.61964 0.57163 
475.5 1.3418 1.439 1.511 1.5315 1.5418 1.5543 1.5654 1.5739 1.583 1.5922 1.5933 1.5822 1.5677 1.5558 1.5428 1.5254 1.5035 1.4783 1.453 1.4319 1.4172 1.4085 1.4052 1.4048 1.4006 1.3924 1.3861 1.3819 1.3785 1.3733 1.3632 1.351 1.3364 1.3223 1.3023 1.2823 1.2467 1.2029 1.1678 1.1334 1.1025 1.0713 1.0421 1.0137 0.9862 0.95781 0.93205 0.9074 0.88354 0.86184 0.83826 0.81606 0.79367 0.77179 0.75132 0.72959 0.70968 0.68855 0.66914 0.65142 0.63204 0.61545 0.59832 0.58254 0.56879 0.55359 0.53901 0.52341 0.509 0.49569 0.4821 0.46927 0.45473 0.44093 0.42804 0.41474 0.40252 0.39266 0.38252 0.37379 0.36447 0.35478 0.34572 0.33667 0.32784 0.31878 0.31042 0.30629 0.29469 0.32649 0.36029 0.34748 0.37235 0.50497 0.70395 0.80108 0.77462 0.70672 0.61981 0.57174 
476 1.3416 1.4389 1.5109 1.5315 1.5417 1.5542 1.5653 1.5738 1.5829 1.5921 1.5932 1.5821 1.5677 1.5557 1.5428 1.5253 1.5035 1.4784 1.4529 1.4319 1.4171 1.4083 1.4051 1.4048 1.4005 1.3924 1.3863 1.3819 1.3784 1.3734 1.3633 1.351 1.3365 1.3223 1.3022 1.2822 1.2466 1.2029 1.1678 1.1334 1.1025 1.0712 1.042 1.0136 0.98624 0.95775 0.93201 0.90739 0.88358 0.86188 0.83821 0.81603 0.79365 0.77181 0.75141 0.72969 0.70976 0.68864 0.66917 0.65151 0.6321 0.61538 0.59837 0.58264 0.56879 0.5537 0.53907 0.52325 0.50892 0.49572 0.48218 0.46935 0.45483 0.44097 0.42808 0.41465 0.40252 0.39279 0.38256 0.37403 0.36471 0.3549 0.3457 0.33674 0.32806 0.31884 0.3105 0.30647 0.29483 0.32666 0.36051 0.34773 0.37266 0.50532 0.70422 0.80126 0.77474 0.70689 0.61998 0.57184 
476.5 1.3415 1.4388 1.5108 1.5314 1.5416 1.5541 1.5652 1.5737 1.5828 1.5919 1.593 1.582 1.5677 1.5557 1.5427 1.5253 1.5035 1.4784 1.4529 1.4319 1.417 1.408 1.4049 1.4048 1.4005 1.3924 1.3864 1.3819 1.3782 1.3734 1.3634 1.351 1.3365 1.3222 1.3022 1.282 1.2465 1.2029 1.1678 1.1335 1.1025 1.0712 1.042 1.0136 0.98629 0.95768 0.93197 0.90738 0.88361 0.86193 0.83815 0.816 0.79364 0.77182 0.7515 0.72978 0.70983 0.68873 0.66921 0.6516 0.63217 0.6153 0.59841 0.58275 0.5688 0.5538 0.53913 0.52309 0.50883 0.49575 0.48225 0.46943 0.45494 0.441 0.42812 0.41456 0.40252 0.39293 0.38259 0.37427 0.36495 0.35502 0.34568 0.33682 0.32828 0.3189 0.31057 0.30665 0.29498 0.32683 0.36073 0.34798 0.37298 0.50567 0.7045 0.80143 0.77486 0.70705 0.62015 0.57194 
477 1.3414 1.4387 1.5107 1.5313 1.5415 1.554 1.5651 1.5737 1.5827 1.5918 1.5929 1.5819 1.5677 1.5556 1.5426 1.5252 1.5036 1.4785 1.4529 1.4319 1.417 1.408 1.4049 1.4047 1.4004 1.3923 1.3865 1.3819 1.3782 1.3735 1.3634 1.351 1.3365 1.3221 1.3021 1.282 1.2464 1.2028 1.1677 1.1334 1.1024 1.0712 1.0419 1.0136 0.98629 0.95767 0.93199 0.90741 0.88367 0.862 0.83822 0.81605 0.79368 0.77186 0.75155 0.72985 0.70989 0.68876 0.66922 0.65162 0.63222 0.6153 0.59841 0.58274 0.56879 0.55385 0.53918 0.52314 0.50891 0.49585 0.48235 0.46949 0.45504 0.4411 0.42822 0.41459 0.40259 0.39303 0.38268 0.37438 0.36498 0.35509 0.34574 0.33687 0.32835 0.31897 0.31067 0.30676 0.29507 0.32694 0.36087 0.34815 0.3732 0.50596 0.70479 0.80166 0.77497 0.70707 0.6202 0.57204 
477.5 1.3412 1.4386 1.5106 1.5312 1.5414 1.5539 1.565 1.5736 1.5826 1.5918 1.5929 1.5819 1.5675 1.5555 1.5425 1.5253 1.5036 1.4784 1.4528 1.4317 1.417 1.4082 1.4049 1.4046 1.4002 1.3922 1.3864 1.382 1.3785 1.3736 1.3635 1.351 1.3364 1.322 1.3019 1.2821 1.2465 1.2026 1.1675 1.1333 1.1024 1.0712 1.0419 1.0136 0.98624 0.95773 0.93209 0.9075 0.88375 0.86211 0.83845 0.81619 0.79379 0.77191 0.75155 0.72992 0.70992 0.68873 0.66921 0.65156 0.63225 0.61538 0.59833 0.5826 0.56876 0.55384 0.53923 0.52345 0.5092 0.49603 0.48247 0.46952 0.45513 0.44128 0.42839 0.41479 0.40272 0.39311 0.38282 0.37431 0.36474 0.3551 0.34593 0.33689 0.32824 0.31906 0.31082 0.3068 0.29508 0.32698 0.36092 0.34821 0.37332 0.50618 0.7051 0.80194 0.77505 0.70691 0.62011 0.57214 
478 1.341 1.4384 1.5105 1.5311 1.5414 1.5538 1.5649 1.5735 1.5825 1.5917 1.5928 1.5818 1.5674 1.5553 1.5424 1.5253 1.5036 1.4784 1.4528 1.4315 1.4169 1.4083 1.405 1.4045 1.4 1.3921 1.3864 1.3821 1.3787 1.3737 1.3635 1.3511 1.3364 1.3219 1.3018 1.2821 1.2465 1.2023 1.1674 1.1332 1.1023 1.0712 1.0419 1.0136 0.9862 0.95779 0.93219 0.90759 0.88383 0.86222 0.83869 0.81633 0.79391 0.77197 0.75154 0.72998 0.70995 0.68871 0.6692 0.65149 0.63229 0.61546 0.59826 0.58245 0.56873 0.55383 0.53928 0.52376 0.50949 0.49621 0.4826 0.46955 0.45523 0.44146 0.42855 0.41498 0.40286 0.39318 0.38297 0.37425 0.36451 0.35511 0.34611 0.33692 0.32814 0.31914 0.31096 0.30684 0.2951 0.32703 0.36097 0.34827 0.37344 0.5064 0.70542 0.80223 0.77514 0.70674 0.62003 0.57224 
478.5 1.3408 1.4383 1.5104 1.531 1.5413 1.5538 1.5649 1.5734 1.5825 1.5916 1.5928 1.5817 1.5672 1.5552 1.5423 1.5253 1.5036 1.4783 1.4527 1.4314 1.4169 1.4085 1.4051 1.4043 1.3998 1.392 1.3863 1.3821 1.3789 1.3739 1.3635 1.3511 1.3363 1.3217 1.3016 1.2822 1.2466 1.2021 1.1672 1.1331 1.1023 1.0712 1.0419 1.0136 0.98615 0.95785 0.93229 0.90767 0.8839 0.86233 0.83892 0.81647 0.79402 0.77203 0.75153 0.73004 0.70998 0.68868 0.66919 0.65142 0.63233 0.61555 0.59819 0.58231 0.5687 0.55383 0.53932 0.52407 0.50978 0.4964 0.48273 0.46959 0.45532 0.44163 0.42872 0.41517 0.403 0.39325 0.38312 0.37418 0.36427 0.35512 0.34629 0.33694 0.32803 0.31923 0.3111 0.30688 0.29511 0.32707 0.36102 0.34833 0.37356 0.50661 0.70573 0.80251 0.77523 0.70657 0.61994 0.57233 
479 1.3407 1.4382 1.5103 1.5309 1.5412 1.5537 1.5648 1.5734 1.5824 1.5915 1.5927 1.5816 1.5671 1.5551 1.5422 1.5253 1.5036 1.4783 1.4527 1.4313 1.4169 1.4085 1.4051 1.4043 1.3998 1.3919 1.3863 1.3821 1.3788 1.3738 1.3635 1.3511 1.3364 1.3218 1.3017 1.2822 1.2465 1.202 1.1671 1.133 1.1022 1.0712 1.0418 1.0135 0.98609 0.95789 0.93234 0.90767 0.88381 0.86225 0.83891 0.81652 0.79411 0.77212 0.75164 0.73007 0.70994 0.68878 0.66929 0.65143 0.63241 0.61563 0.59826 0.58242 0.56878 0.55386 0.53939 0.5242 0.50992 0.49645 0.48279 0.46967 0.45531 0.4417 0.42879 0.41528 0.40305 0.39325 0.38325 0.3742 0.36429 0.35519 0.34632 0.33692 0.32801 0.31927 0.3111 0.30688 0.29513 0.32711 0.36108 0.34835 0.37346 0.50636 0.70536 0.80209 0.77491 0.70641 0.61975 0.57206 
479.5 1.3406 1.4381 1.5102 1.5308 1.5411 1.5536 1.5647 1.5733 1.5823 1.5914 1.5926 1.5815 1.567 1.5551 1.5422 1.5251 1.5036 1.4784 1.4527 1.4313 1.4169 1.4085 1.405 1.4043 1.3997 1.3918 1.3862 1.3821 1.3787 1.3737 1.3635 1.3512 1.3365 1.3219 1.3018 1.2821 1.2464 1.2021 1.1671 1.133 1.1022 1.0711 1.0417 1.0133 0.98603 0.95791 0.93236 0.90762 0.88364 0.86209 0.83877 0.81652 0.7942 0.77223 0.7518 0.73008 0.70988 0.68894 0.66944 0.65147 0.63251 0.61571 0.5984 0.58265 0.5689 0.55391 0.53947 0.52425 0.50999 0.49644 0.48281 0.46977 0.45526 0.44173 0.42882 0.41534 0.40306 0.39321 0.38336 0.37425 0.36444 0.35528 0.34629 0.33689 0.32804 0.3193 0.31105 0.30686 0.29515 0.32716 0.36116 0.34835 0.37324 0.50589 0.70466 0.80133 0.77439 0.70625 0.6195 0.57161 
480 1.3405 1.438 1.5101 1.5308 1.541 1.5535 1.5646 1.5732 1.5822 1.5914 1.5925 1.5814 1.5669 1.5551 1.5422 1.525 1.5036 1.4784 1.4527 1.4314 1.4169 1.4085 1.405 1.4042 1.3997 1.3918 1.3862 1.3821 1.3786 1.3736 1.3635 1.3512 1.3365 1.322 1.302 1.282 1.2462 1.2021 1.167 1.1329 1.1022 1.071 1.0415 1.0132 0.98596 0.95794 0.93238 0.90757 0.88346 0.86193 0.83863 0.81652 0.79428 0.77235 0.75196 0.73009 0.70981 0.68911 0.6696 0.65151 0.63262 0.61579 0.59854 0.58289 0.56903 0.55396 0.53954 0.52429 0.51007 0.49643 0.48284 0.46988 0.4552 0.44175 0.42885 0.4154 0.40308 0.39317 0.38348 0.37431 0.36459 0.35537 0.34625 0.33686 0.32806 0.31933 0.31099 0.30684 0.29517 0.32721 0.36124 0.34835 0.37303 0.50541 0.70395 0.80056 0.77387 0.70609 0.61926 0.57115 
480.5 1.3403 1.4378 1.51 1.5307 1.541 1.5534 1.5645 1.5731 1.5821 1.5913 1.5924 1.5813 1.5668 1.5551 1.5422 1.5249 1.5036 1.4784 1.4526 1.4314 1.4169 1.4084 1.4049 1.4042 1.3997 1.3917 1.3862 1.382 1.3785 1.3735 1.3634 1.3513 1.3366 1.3221 1.3021 1.2819 1.2461 1.2021 1.167 1.1329 1.1022 1.0709 1.0414 1.013 0.9859 0.95797 0.93241 0.90752 0.88329 0.86177 0.83849 0.81652 0.79436 0.77246 0.75212 0.73011 0.70974 0.68927 0.66975 0.65155 0.63272 0.61588 0.59868 0.58312 0.56915 0.55401 0.53962 0.52434 0.51014 0.49642 0.48286 0.46998 0.45514 0.44177 0.42888 0.41547 0.40309 0.39313 0.3836 0.37436 0.36474 0.35547 0.34622 0.33682 0.32808 0.31936 0.31093 0.30682 0.29519 0.32726 0.36132 0.34834 0.37282 0.50493 0.70325 0.79979 0.77335 0.70592 0.61902 0.57069 
481 1.3404 1.4379 1.51 1.5306 1.5409 1.5534 1.5645 1.573 1.582 1.5912 1.5923 1.5812 1.5668 1.555 1.5421 1.5249 1.5035 1.4784 1.4526 1.4313 1.4168 1.4083 1.4048 1.4042 1.3997 1.3917 1.386 1.3819 1.3786 1.3736 1.3635 1.3513 1.3366 1.3221 1.3022 1.2819 1.246 1.2021 1.1669 1.1328 1.1022 1.0709 1.0414 1.013 0.98594 0.95801 0.93238 0.90757 0.8834 0.8618 0.83849 0.81648 0.79439 0.77252 0.75209 0.73022 0.70992 0.68925 0.66972 0.65159 0.63273 0.61594 0.59878 0.58318 0.56919 0.55407 0.53968 0.5244 0.51016 0.49644 0.48282 0.46996 0.45524 0.44186 0.42887 0.4154 0.4031 0.39309 0.38354 0.37441 0.36475 0.35555 0.34632 0.33685 0.32814 0.31944 0.31104 0.30683 0.29519 0.32729 0.36133 0.34839 0.37293 0.5051 0.70348 0.80023 0.774 0.70668 0.61986 0.57158 
481.5 1.3404 1.4379 1.51 1.5306 1.5408 1.5533 1.5644 1.5729 1.5819 1.591 1.5922 1.5811 1.5668 1.5549 1.542 1.525 1.5034 1.4783 1.4526 1.4313 1.4167 1.4081 1.4047 1.4042 1.3997 1.3917 1.3859 1.3819 1.3786 1.3737 1.3635 1.3512 1.3365 1.3221 1.3022 1.2819 1.2459 1.2021 1.1669 1.1326 1.1021 1.0709 1.0415 1.0131 0.986 0.95806 0.93234 0.90763 0.88354 0.86185 0.83852 0.81643 0.79441 0.77258 0.75204 0.73033 0.71013 0.68921 0.66967 0.65163 0.63274 0.616 0.59888 0.58323 0.56921 0.55413 0.53973 0.52445 0.51018 0.49647 0.48277 0.46993 0.45536 0.44197 0.42886 0.41532 0.40311 0.39306 0.38346 0.37446 0.36475 0.35564 0.34644 0.33688 0.32821 0.31952 0.31116 0.30684 0.29518 0.32731 0.36133 0.34843 0.37309 0.50535 0.70383 0.80081 0.77478 0.70754 0.62083 0.57263 
482 1.3405 1.4379 1.51 1.5305 1.5407 1.5532 1.5643 1.5728 1.5818 1.5909 1.592 1.581 1.5667 1.5548 1.542 1.5251 1.5033 1.4782 1.4527 1.4312 1.4167 1.4079 1.4046 1.4042 1.3998 1.3916 1.3857 1.3818 1.3787 1.3738 1.3635 1.3512 1.3365 1.322 1.3023 1.2819 1.2458 1.2021 1.1669 1.1325 1.102 1.0709 1.0416 1.0132 0.98606 0.95811 0.9323 0.90768 0.88368 0.8619 0.83854 0.81639 0.79443 0.77264 0.75199 0.73045 0.71034 0.68917 0.66962 0.65167 0.63274 0.61606 0.59897 0.58327 0.56924 0.5542 0.53979 0.52451 0.5102 0.4965 0.48273 0.46989 0.45548 0.44207 0.42886 0.41524 0.40312 0.39302 0.38338 0.37451 0.36475 0.35572 0.34656 0.33691 0.32827 0.3196 0.31128 0.30686 0.29517 0.32734 0.36132 0.34848 0.37325 0.50559 0.70417 0.80138 0.77556 0.70841 0.6218 0.57367 
482.5 1.3405 1.4379 1.5099 1.5304 1.5407 1.5531 1.5642 1.5727 1.5817 1.5908 1.5919 1.5809 1.5667 1.5547 1.5419 1.5251 1.5033 1.4781 1.4527 1.4312 1.4166 1.4078 1.4045 1.4042 1.3998 1.3916 1.3856 1.3817 1.3787 1.3739 1.3635 1.3512 1.3365 1.3219 1.3023 1.2819 1.2458 1.2021 1.1668 1.1324 1.102 1.0709 1.0416 1.0132 0.9861 0.95814 0.93228 0.90773 0.88381 0.86196 0.83856 0.81636 0.79444 0.77268 0.75196 0.73056 0.71052 0.68914 0.66959 0.65172 0.63275 0.61612 0.59906 0.58332 0.56928 0.55426 0.53984 0.52458 0.51023 0.49654 0.48271 0.46988 0.45559 0.44216 0.42886 0.41519 0.40314 0.39301 0.38332 0.37457 0.36478 0.35579 0.34666 0.33695 0.32834 0.31968 0.31139 0.30689 0.29518 0.32738 0.36134 0.34854 0.3734 0.50585 0.70452 0.80192 0.77624 0.7091 0.62259 0.57454 
483 1.3404 1.4378 1.5098 1.5303 1.5406 1.553 1.5641 1.5726 1.5816 1.5908 1.5918 1.5808 1.5666 1.5547 1.5418 1.525 1.5033 1.4781 1.4526 1.4312 1.4167 1.4078 1.4045 1.4041 1.3997 1.3915 1.3856 1.3818 1.3788 1.3738 1.3635 1.3513 1.3364 1.3219 1.3023 1.2819 1.2457 1.2019 1.1668 1.1325 1.1019 1.0709 1.0416 1.0132 0.98604 0.95807 0.93232 0.9077 0.88382 0.86205 0.83858 0.81637 0.79439 0.77261 0.75201 0.73056 0.71051 0.68923 0.66974 0.6519 0.63281 0.61618 0.59912 0.58339 0.56945 0.55434 0.53989 0.52468 0.51034 0.49671 0.4829 0.47003 0.4556 0.44215 0.42895 0.41531 0.40324 0.39318 0.38345 0.37469 0.36499 0.35576 0.34663 0.33707 0.32842 0.3197 0.31139 0.30701 0.29535 0.32751 0.36146 0.34864 0.37358 0.50617 0.70493 0.80218 0.77612 0.7086 0.62209 0.5742 
483.5 1.3402 1.4377 1.5097 1.5302 1.5405 1.5529 1.564 1.5725 1.5815 1.5907 1.5917 1.5807 1.5666 1.5546 1.5417 1.525 1.5033 1.4781 1.4526 1.4313 1.4167 1.4078 1.4044 1.404 1.3996 1.3915 1.3857 1.3818 1.3788 1.3737 1.3635 1.3514 1.3364 1.3218 1.3022 1.2819 1.2457 1.2017 1.1667 1.1325 1.1018 1.0708 1.0415 1.0132 0.98599 0.958 0.93236 0.90767 0.88382 0.86213 0.8386 0.81638 0.79435 0.77255 0.75207 0.73057 0.71051 0.68932 0.66988 0.65208 0.63287 0.61624 0.59918 0.58346 0.56961 0.55442 0.53994 0.52479 0.51045 0.49688 0.48309 0.47019 0.45561 0.44213 0.42903 0.41543 0.40333 0.39334 0.38357 0.37481 0.36519 0.35574 0.3466 0.33718 0.3285 0.31971 0.31138 0.30713 0.29553 0.32765 0.36158 0.34875 0.37375 0.50649 0.70534 0.80244 0.776 0.70809 0.62159 0.57387 
484 1.3401 1.4376 1.5096 1.5301 1.5404 1.5529 1.5639 1.5724 1.5814 1.5907 1.5916 1.5805 1.5666 1.5546 1.5417 1.5249 1.5034 1.4781 1.4526 1.4313 1.4168 1.4078 1.4043 1.404 1.3995 1.3914 1.3857 1.3819 1.3788 1.3735 1.3635 1.3515 1.3363 1.3217 1.3022 1.282 1.2457 1.2015 1.1667 1.1326 1.1018 1.0707 1.0415 1.0131 0.98593 0.95793 0.9324 0.90765 0.88383 0.86222 0.83862 0.8164 0.7943 0.77249 0.75212 0.73057 0.7105 0.68942 0.67003 0.65226 0.63293 0.6163 0.59925 0.58353 0.56977 0.5545 0.53999 0.52489 0.51056 0.49705 0.48328 0.47035 0.45562 0.44212 0.42912 0.41555 0.40343 0.39351 0.3837 0.37493 0.3654 0.35571 0.34657 0.3373 0.32858 0.31973 0.31138 0.30726 0.2957 0.32778 0.3617 0.34886 0.37393 0.50681 0.70575 0.8027 0.77588 0.70759 0.6211 0.57353 
484.5 1.34 1.4375 1.5096 1.53 1.5403 1.5528 1.5638 1.5723 1.5813 1.5906 1.5916 1.5805 1.5665 1.5546 1.5416 1.5248 1.5033 1.478 1.4526 1.4313 1.4168 1.4078 1.4042 1.4039 1.3994 1.3914 1.3858 1.382 1.3788 1.3735 1.3635 1.3516 1.3363 1.3217 1.3022 1.282 1.2456 1.2014 1.1666 1.1326 1.1017 1.0707 1.0415 1.0131 0.9859 0.95789 0.93242 0.90766 0.88385 0.86227 0.83865 0.81644 0.79431 0.7725 0.7522 0.7306 0.71053 0.68951 0.67012 0.65237 0.63301 0.61636 0.59931 0.58361 0.56983 0.55454 0.54004 0.52492 0.51061 0.49715 0.48344 0.47049 0.45565 0.44211 0.42921 0.41567 0.40349 0.39363 0.3838 0.37502 0.36556 0.35568 0.34655 0.33741 0.32866 0.31975 0.31141 0.30736 0.29583 0.32787 0.36179 0.34894 0.37404 0.50702 0.70607 0.803 0.77602 0.70755 0.62091 0.57328 
485 1.34 1.4375 1.5095 1.53 1.5402 1.5527 1.5637 1.5722 1.5812 1.5905 1.5916 1.5805 1.5663 1.5544 1.5416 1.5247 1.5032 1.478 1.4525 1.4312 1.4167 1.4078 1.4043 1.4039 1.3993 1.3915 1.3859 1.382 1.3788 1.3736 1.3636 1.3516 1.3366 1.3219 1.3022 1.2819 1.2455 1.2014 1.1666 1.1326 1.1018 1.0708 1.0415 1.0131 0.98591 0.9579 0.93241 0.90775 0.8839 0.86227 0.83871 0.81654 0.79441 0.77265 0.75233 0.73067 0.71061 0.6896 0.67013 0.65235 0.63312 0.61639 0.59937 0.58369 0.56968 0.55453 0.5401 0.52479 0.51055 0.49715 0.48353 0.47058 0.45569 0.44208 0.4293 0.4158 0.40347 0.39367 0.38383 0.37508 0.36562 0.35563 0.34655 0.33752 0.32874 0.3198 0.3115 0.30744 0.29588 0.32791 0.36182 0.34897 0.37402 0.50703 0.70622 0.80335 0.77664 0.70839 0.6213 0.57319 
485.5 1.34 1.4374 1.5094 1.5299 1.5401 1.5526 1.5636 1.5721 1.5811 1.5903 1.5916 1.5805 1.5662 1.5543 1.5415 1.5246 1.5031 1.4779 1.4525 1.4311 1.4165 1.4078 1.4043 1.4038 1.3993 1.3915 1.386 1.3821 1.3787 1.3737 1.3637 1.3516 1.3368 1.3221 1.3022 1.2817 1.2454 1.2013 1.1665 1.1325 1.1018 1.0709 1.0416 1.0131 0.98593 0.95791 0.93239 0.90785 0.88394 0.86226 0.83877 0.81663 0.79452 0.7728 0.75246 0.73074 0.71069 0.6897 0.67013 0.65233 0.63323 0.61642 0.59943 0.58377 0.56952 0.55451 0.54016 0.52466 0.5105 0.49715 0.48362 0.47068 0.45574 0.44205 0.4294 0.41592 0.40344 0.39372 0.38387 0.37514 0.36569 0.35558 0.34656 0.33764 0.32881 0.31985 0.31158 0.30752 0.29593 0.32795 0.36185 0.349 0.37401 0.50703 0.70637 0.8037 0.77726 0.70922 0.62169 0.5731 
486 1.34 1.4374 1.5094 1.5298 1.54 1.5525 1.5635 1.572 1.581 1.5902 1.5915 1.5806 1.566 1.5542 1.5415 1.5245 1.5029 1.4779 1.4524 1.431 1.4164 1.4078 1.4043 1.4038 1.3993 1.3916 1.3862 1.3821 1.3787 1.3738 1.3638 1.3516 1.337 1.3224 1.3022 1.2816 1.2453 1.2013 1.1665 1.1324 1.1018 1.071 1.0416 1.0131 0.98594 0.95792 0.93238 0.90794 0.88399 0.86226 0.83883 0.81673 0.79462 0.77295 0.75258 0.73081 0.71077 0.68979 0.67013 0.65231 0.63333 0.61645 0.59949 0.58386 0.56937 0.5545 0.54022 0.52454 0.51044 0.49715 0.48371 0.47078 0.45578 0.44203 0.42949 0.41605 0.40342 0.39376 0.38391 0.3752 0.36576 0.35554 0.34656 0.33775 0.32889 0.3199 0.31166 0.30759 0.29598 0.32798 0.36188 0.34903 0.374 0.50704 0.70652 0.80405 0.77787 0.71006 0.62208 0.57301 
486.5 1.3399 1.4373 1.5093 1.5297 1.5399 1.5524 1.5634 1.5719 1.5809 1.5901 1.5915 1.5805 1.5659 1.5541 1.5415 1.5244 1.5029 1.4778 1.4524 1.4309 1.4163 1.4077 1.4044 1.4038 1.3993 1.3916 1.3861 1.3821 1.3787 1.3738 1.364 1.3517 1.337 1.3225 1.3022 1.2815 1.2453 1.2013 1.1665 1.1324 1.1018 1.071 1.0416 1.0131 0.98592 0.95788 0.93238 0.90796 0.88399 0.86231 0.83891 0.8168 0.79469 0.77299 0.75259 0.73083 0.71079 0.68987 0.67019 0.65233 0.63337 0.61646 0.5995 0.58391 0.56941 0.55457 0.5403 0.52456 0.51045 0.49715 0.48375 0.47084 0.45584 0.44209 0.42955 0.41616 0.40354 0.39381 0.38396 0.37522 0.36574 0.35561 0.34665 0.33777 0.32891 0.31994 0.3117 0.30761 0.29595 0.32801 0.36194 0.34908 0.37402 0.50701 0.70644 0.804 0.77799 0.7104 0.62238 0.57316 
487 1.3398 1.4372 1.5092 1.5297 1.5399 1.5523 1.5634 1.5719 1.5809 1.59 1.5913 1.5803 1.5658 1.5541 1.5414 1.5244 1.5029 1.4778 1.4523 1.4309 1.4163 1.4077 1.4043 1.4039 1.3993 1.3916 1.386 1.3821 1.3787 1.3738 1.3641 1.3517 1.337 1.3225 1.3023 1.2815 1.2452 1.2013 1.1664 1.1323 1.1016 1.0708 1.0415 1.0131 0.98586 0.95781 0.9324 0.90792 0.88398 0.86241 0.83902 0.81686 0.79473 0.77295 0.75251 0.73082 0.71078 0.68992 0.6703 0.65236 0.63337 0.61645 0.59948 0.58393 0.56958 0.5547 0.54039 0.5247 0.51051 0.49717 0.48377 0.47087 0.45591 0.44221 0.4296 0.41626 0.40377 0.39387 0.38401 0.37521 0.36567 0.35576 0.34678 0.33772 0.32888 0.31998 0.31171 0.30759 0.29588 0.32802 0.36203 0.34915 0.37406 0.50695 0.70619 0.80365 0.77774 0.71038 0.62261 0.5735 
487.5 1.3397 1.4371 1.5091 1.5296 1.5398 1.5522 1.5633 1.5718 1.5808 1.5899 1.5912 1.5802 1.5658 1.5541 1.5414 1.5244 1.5029 1.4777 1.4523 1.4309 1.4162 1.4076 1.4043 1.4039 1.3994 1.3916 1.3859 1.382 1.3787 1.3737 1.3642 1.3517 1.3369 1.3225 1.3024 1.2815 1.2451 1.2013 1.1664 1.1322 1.1015 1.0705 1.0414 1.0131 0.9858 0.95774 0.93242 0.90788 0.88396 0.86251 0.83913 0.81691 0.79477 0.7729 0.75243 0.73081 0.71076 0.68998 0.6704 0.6524 0.63336 0.61644 0.59946 0.58396 0.56974 0.55482 0.54048 0.52484 0.51057 0.49719 0.48379 0.4709 0.45598 0.44232 0.42965 0.41636 0.40399 0.39393 0.38406 0.37519 0.36559 0.35591 0.34692 0.33766 0.32886 0.32001 0.31172 0.30756 0.2958 0.32804 0.36212 0.34922 0.37411 0.50688 0.70594 0.8033 0.77749 0.71035 0.62284 0.57383 
488 1.3396 1.437 1.509 1.5295 1.5397 1.5522 1.5632 1.5718 1.5808 1.5899 1.5911 1.58 1.5657 1.5541 1.5413 1.5243 1.5029 1.4777 1.4523 1.431 1.4162 1.4076 1.4043 1.404 1.3995 1.3916 1.3858 1.382 1.3787 1.3737 1.3643 1.3518 1.3368 1.3225 1.3024 1.2815 1.245 1.2013 1.1664 1.1321 1.1013 1.0703 1.0413 1.0131 0.98574 0.95767 0.93244 0.90785 0.88394 0.86262 0.83924 0.81696 0.79481 0.77286 0.75234 0.7308 0.71074 0.69003 0.6705 0.65243 0.63335 0.61644 0.59944 0.58399 0.56991 0.55495 0.54058 0.52498 0.51063 0.49721 0.48381 0.47094 0.45605 0.44244 0.42969 0.41646 0.40421 0.39398 0.38411 0.37518 0.36551 0.35607 0.34706 0.33761 0.32883 0.32005 0.31173 0.30754 0.29573 0.32806 0.36221 0.34929 0.37415 0.50682 0.70569 0.80295 0.77725 0.71033 0.62307 0.57417 
488.5 1.3395 1.4369 1.509 1.5294 1.5396 1.5521 1.5632 1.5717 1.5807 1.5898 1.591 1.5799 1.5657 1.5541 1.5413 1.5244 1.5029 1.4776 1.4522 1.4309 1.4162 1.4075 1.4043 1.4039 1.3995 1.3916 1.3859 1.382 1.3787 1.3737 1.3642 1.3518 1.3368 1.3224 1.3025 1.2817 1.245 1.2012 1.1663 1.132 1.1013 1.0703 1.0413 1.0131 0.98573 0.95774 0.93242 0.90781 0.88396 0.86257 0.83922 0.81701 0.79484 0.7729 0.75235 0.7308 0.71076 0.69005 0.67055 0.65246 0.63339 0.61652 0.59953 0.58409 0.56998 0.55499 0.54059 0.5251 0.5108 0.49733 0.48385 0.47092 0.4561 0.44252 0.42976 0.4165 0.40416 0.39397 0.38417 0.37516 0.36547 0.35616 0.34719 0.3377 0.3289 0.32013 0.31178 0.30757 0.29576 0.32798 0.36208 0.34914 0.37396 0.50664 0.70562 0.80303 0.7774 0.71044 0.6231 0.57419 
489 1.3394 1.4368 1.5089 1.5293 1.5395 1.552 1.5631 1.5716 1.5806 1.5897 1.5909 1.5798 1.5657 1.554 1.5412 1.5244 1.5028 1.4776 1.452 1.4308 1.4161 1.4073 1.4042 1.4039 1.3994 1.3917 1.386 1.382 1.3788 1.3737 1.3641 1.3518 1.3368 1.3223 1.3025 1.2819 1.245 1.2011 1.1663 1.1319 1.1013 1.0703 1.0413 1.013 0.98573 0.95786 0.93239 0.90778 0.88399 0.8625 0.83917 0.81705 0.79487 0.77295 0.75237 0.7308 0.71079 0.69005 0.67057 0.65248 0.63345 0.61662 0.59965 0.5842 0.57003 0.55501 0.54059 0.52521 0.511 0.49748 0.48389 0.47089 0.45615 0.44257 0.42984 0.41654 0.40405 0.39395 0.38424 0.37513 0.36544 0.35623 0.34732 0.33783 0.329 0.32022 0.31184 0.30762 0.29582 0.32788 0.3619 0.34893 0.37371 0.50643 0.70559 0.80321 0.77766 0.71058 0.62309 0.57413 
489.5 1.3393 1.4368 1.5088 1.5293 1.5395 1.5519 1.563 1.5715 1.5805 1.5897 1.5907 1.5797 1.5656 1.554 1.5412 1.5244 1.5028 1.4775 1.4519 1.4307 1.416 1.4072 1.4041 1.4038 1.3994 1.3917 1.3861 1.382 1.3788 1.3737 1.3639 1.3518 1.3368 1.3221 1.3026 1.282 1.245 1.201 1.1662 1.1319 1.1012 1.0703 1.0413 1.013 0.98573 0.95797 0.93236 0.90775 0.88402 0.86242 0.83912 0.81709 0.7949 0.77301 0.7524 0.7308 0.71082 0.69005 0.6706 0.6525 0.6335 0.61673 0.59977 0.58431 0.57007 0.55502 0.54059 0.52533 0.5112 0.49763 0.48394 0.47087 0.4562 0.44263 0.42991 0.41657 0.40393 0.39392 0.3843 0.3751 0.36541 0.3563 0.34745 0.33796 0.32909 0.3203 0.3119 0.30767 0.29587 0.32779 0.36172 0.34873 0.37346 0.50622 0.70556 0.80339 0.77791 0.71072 0.62308 0.57407 
490 1.3392 1.4367 1.5087 1.5292 1.5394 1.5518 1.5629 1.5714 1.5805 1.5896 1.5906 1.5796 1.5656 1.5539 1.5412 1.5245 1.5028 1.4774 1.4517 1.4306 1.416 1.407 1.404 1.4037 1.3994 1.3918 1.3862 1.3821 1.3788 1.3737 1.3638 1.3518 1.3368 1.322 1.3027 1.2822 1.245 1.2008 1.1662 1.1318 1.1012 1.0703 1.0413 1.0129 0.98573 0.95808 0.93233 0.90772 0.88405 0.86234 0.83907 0.81713 0.79492 0.77306 0.75242 0.7308 0.71085 0.69006 0.67063 0.65253 0.63356 0.61683 0.59988 0.58442 0.57012 0.55504 0.54059 0.52544 0.51139 0.49777 0.48399 0.47085 0.45625 0.4427 0.42998 0.4166 0.40382 0.3939 0.38437 0.37508 0.36538 0.35638 0.34758 0.33809 0.32918 0.32039 0.31196 0.30771 0.29593 0.3277 0.36155 0.34853 0.37323 0.50603 0.70553 0.80356 0.77813 0.71084 0.62305 0.57402 
490.5 1.3391 1.4366 1.5087 1.5291 1.5393 1.5517 1.5628 1.5713 1.5804 1.5895 1.5906 1.5795 1.5656 1.5539 1.541 1.5244 1.5027 1.4774 1.4518 1.4306 1.4159 1.4071 1.404 1.4037 1.3994 1.3918 1.3861 1.3819 1.3788 1.3738 1.3638 1.3518 1.3369 1.3222 1.3027 1.282 1.2448 1.2009 1.1661 1.1318 1.1012 1.0703 1.0413 1.0129 0.9857 0.95806 0.93234 0.90768 0.88394 0.86232 0.83912 0.81719 0.79491 0.77305 0.75245 0.73088 0.71096 0.6901 0.67068 0.65257 0.63367 0.61698 0.59987 0.58441 0.57019 0.55511 0.54068 0.5254 0.51129 0.49772 0.48397 0.47095 0.45639 0.44282 0.42986 0.41647 0.40399 0.394 0.38442 0.37519 0.36549 0.35652 0.34766 0.33814 0.32924 0.32041 0.31199 0.30775 0.29598 0.32782 0.36174 0.34879 0.37356 0.50631 0.70553 0.80317 0.77741 0.71008 0.62272 0.57399 
491 1.3391 1.4366 1.5086 1.5291 1.5392 1.5517 1.5627 1.5713 1.5803 1.5895 1.5905 1.5794 1.5656 1.5539 1.5409 1.5243 1.5026 1.4773 1.4519 1.4306 1.4159 1.4071 1.4039 1.4036 1.3994 1.3918 1.3861 1.3818 1.3788 1.3739 1.3637 1.3517 1.3371 1.3224 1.3027 1.2818 1.2447 1.2009 1.1661 1.1318 1.1013 1.0704 1.0414 1.013 0.98566 0.95803 0.93235 0.90763 0.88384 0.8623 0.83918 0.81724 0.79489 0.77304 0.75249 0.73097 0.71107 0.69014 0.67072 0.65261 0.63378 0.61713 0.59986 0.5844 0.57025 0.55517 0.54078 0.52536 0.51119 0.49767 0.48395 0.47106 0.45652 0.44294 0.42975 0.41633 0.40415 0.3941 0.38448 0.3753 0.36559 0.35665 0.34774 0.33818 0.32929 0.32044 0.31203 0.30778 0.29603 0.32795 0.36193 0.34904 0.37389 0.50659 0.70554 0.80279 0.77669 0.70932 0.62238 0.57397 
491.5 1.339 1.4365 1.5086 1.529 1.5391 1.5516 1.5626 1.5712 1.5802 1.5894 1.5905 1.5793 1.5656 1.5539 1.5408 1.5242 1.5025 1.4773 1.4519 1.4306 1.4158 1.4072 1.4038 1.4035 1.3994 1.3918 1.386 1.3816 1.3788 1.374 1.3637 1.3517 1.3372 1.3226 1.3027 1.2815 1.2446 1.2009 1.1661 1.1318 1.1013 1.0704 1.0415 1.013 0.98563 0.95801 0.93236 0.90758 0.88374 0.86228 0.83923 0.8173 0.79487 0.77303 0.75252 0.73106 0.71119 0.69018 0.67076 0.65264 0.63389 0.61729 0.59985 0.58439 0.57032 0.55524 0.54088 0.52532 0.5111 0.49762 0.48394 0.47117 0.45665 0.44307 0.42964 0.41619 0.40431 0.3942 0.38454 0.37541 0.36569 0.35679 0.34782 0.33823 0.32934 0.32047 0.31206 0.30782 0.29608 0.32807 0.36213 0.34929 0.37423 0.50687 0.70554 0.8024 0.77596 0.70856 0.62205 0.57395 
492 1.3389 1.4365 1.5085 1.5289 1.539 1.5515 1.5625 1.5711 1.5802 1.5893 1.5904 1.5793 1.5655 1.5539 1.5407 1.5241 1.5024 1.4773 1.452 1.4305 1.4158 1.4072 1.4038 1.4035 1.3994 1.3918 1.386 1.3816 1.3788 1.3741 1.3637 1.3517 1.3373 1.3228 1.3027 1.2814 1.2445 1.2008 1.1661 1.1318 1.1013 1.0705 1.0415 1.013 0.98561 0.95798 0.93236 0.90754 0.88367 0.86228 0.83926 0.81731 0.79486 0.77306 0.75259 0.73114 0.71129 0.69024 0.6708 0.65271 0.63398 0.61739 0.59985 0.58439 0.57038 0.5553 0.54095 0.52532 0.51105 0.49762 0.48396 0.47127 0.45676 0.44316 0.42961 0.41616 0.40445 0.3943 0.3846 0.37552 0.36579 0.35689 0.34788 0.33827 0.3294 0.32051 0.3121 0.30787 0.29615 0.32819 0.3623 0.34952 0.37453 0.50717 0.70568 0.80231 0.77564 0.7082 0.62191 0.57398 
492.5 1.3388 1.4364 1.5084 1.5288 1.539 1.5514 1.5625 1.571 1.5801 1.5892 1.5903 1.5793 1.5655 1.5538 1.5407 1.524 1.5024 1.4773 1.4519 1.4306 1.4159 1.4072 1.4037 1.4036 1.3995 1.3917 1.3861 1.3817 1.3787 1.374 1.3638 1.3516 1.3372 1.3227 1.3026 1.2814 1.2446 1.2007 1.166 1.1317 1.1012 1.0705 1.0414 1.0129 0.98563 0.95794 0.93236 0.9075 0.88368 0.86235 0.8392 0.81722 0.79491 0.77319 0.75278 0.73123 0.71138 0.69034 0.67083 0.65286 0.63402 0.61735 0.59991 0.58442 0.57046 0.55535 0.54097 0.52542 0.51115 0.49775 0.48408 0.47133 0.4568 0.44318 0.42986 0.41643 0.40454 0.39439 0.38465 0.3756 0.36586 0.35687 0.34789 0.3383 0.32948 0.32063 0.31219 0.30796 0.29627 0.3283 0.36238 0.34967 0.37475 0.5075 0.70621 0.80302 0.77648 0.70897 0.62233 0.57416 
493 1.3386 1.4363 1.5084 1.5287 1.5389 1.5514 1.5624 1.571 1.58 1.5892 1.5902 1.5793 1.5655 1.5538 1.5407 1.5239 1.5023 1.4773 1.4519 1.4307 1.4161 1.4072 1.4037 1.4038 1.3996 1.3917 1.3861 1.3819 1.3787 1.374 1.3638 1.3516 1.3371 1.3227 1.3026 1.2815 1.2447 1.2006 1.1659 1.1316 1.1011 1.0705 1.0414 1.0129 0.98566 0.9579 0.93235 0.90746 0.88368 0.86242 0.83915 0.81713 0.79495 0.77333 0.75297 0.73132 0.71147 0.69044 0.67085 0.653 0.63406 0.61731 0.59997 0.58444 0.57053 0.55539 0.54098 0.52553 0.51126 0.49788 0.4842 0.47139 0.45684 0.44319 0.4301 0.41669 0.40463 0.39448 0.38471 0.37569 0.36593 0.35686 0.34789 0.33834 0.32955 0.32074 0.31228 0.30804 0.29638 0.32841 0.36247 0.34982 0.37497 0.50782 0.70674 0.80373 0.77731 0.70974 0.62275 0.57434 
493.5 1.3385 1.4362 1.5083 1.5286 1.5388 1.5513 1.5624 1.5709 1.58 1.5891 1.5901 1.5794 1.5655 1.5537 1.5407 1.5238 1.5023 1.4773 1.4519 1.4307 1.4162 1.4071 1.4037 1.4039 1.3997 1.3916 1.3862 1.3821 1.3787 1.374 1.3639 1.3515 1.337 1.3226 1.3025 1.2815 1.2447 1.2005 1.1658 1.1316 1.1011 1.0705 1.0413 1.0129 0.98569 0.95786 0.93235 0.90742 0.88369 0.8625 0.83909 0.81704 0.79499 0.77346 0.75316 0.73141 0.71156 0.69055 0.67088 0.65315 0.6341 0.61727 0.60003 0.58447 0.5706 0.55544 0.54099 0.52564 0.51136 0.49801 0.48432 0.47145 0.45687 0.4432 0.43034 0.41696 0.40472 0.39457 0.38476 0.37578 0.366 0.35684 0.3479 0.33837 0.32963 0.32085 0.31237 0.30813 0.2965 0.32852 0.36256 0.34997 0.37519 0.50815 0.70726 0.80444 0.77814 0.71051 0.62317 0.57451 
494 1.3384 1.4361 1.5082 1.5285 1.5387 1.5512 1.5623 1.5708 1.5799 1.589 1.5901 1.5793 1.5654 1.5536 1.5407 1.5238 1.5023 1.4773 1.4518 1.4307 1.4162 1.4071 1.4036 1.4039 1.3996 1.3916 1.3862 1.3821 1.3786 1.374 1.364 1.3515 1.337 1.3227 1.3025 1.2815 1.2447 1.2005 1.1657 1.1315 1.1011 1.0705 1.0412 1.0129 0.98572 0.95783 0.93235 0.90748 0.88374 0.86255 0.8391 0.81705 0.79505 0.77351 0.7532 0.73145 0.71163 0.69065 0.67094 0.65324 0.6341 0.61725 0.60012 0.58451 0.57067 0.55549 0.54101 0.52573 0.51146 0.4981 0.48441 0.47149 0.4569 0.44324 0.43046 0.41711 0.4048 0.39465 0.38484 0.37584 0.36609 0.35687 0.34789 0.3384 0.32967 0.3209 0.31244 0.30819 0.29657 0.32861 0.36263 0.35002 0.37524 0.50826 0.70746 0.80473 0.77849 0.71081 0.62329 0.57452 
494.5 1.3383 1.4361 1.5081 1.5284 1.5386 1.5511 1.5622 1.5707 1.5798 1.5889 1.59 1.5792 1.5651 1.5534 1.5407 1.5237 1.5023 1.4772 1.4517 1.4306 1.4162 1.4071 1.4035 1.4036 1.3995 1.3917 1.3862 1.382 1.3786 1.374 1.3641 1.3517 1.3373 1.3229 1.3027 1.2814 1.2445 1.2004 1.1656 1.1315 1.1011 1.0704 1.0412 1.0129 0.98575 0.9578 0.93235 0.90764 0.88382 0.86259 0.83918 0.81714 0.79513 0.77347 0.75308 0.73143 0.71167 0.69074 0.67105 0.65328 0.63406 0.61727 0.60023 0.58457 0.57075 0.55555 0.54104 0.52581 0.51155 0.49817 0.48444 0.47149 0.45693 0.44329 0.43044 0.41714 0.40488 0.3947 0.38493 0.37589 0.36619 0.35696 0.34787 0.33843 0.32969 0.32088 0.31251 0.30824 0.29658 0.32867 0.36268 0.34997 0.37511 0.50813 0.70732 0.80457 0.77834 0.71061 0.62307 0.57435 
495 1.3383 1.436 1.508 1.5283 1.5385 1.551 1.5621 1.5706 1.5797 1.5888 1.5899 1.579 1.5649 1.5533 1.5406 1.5237 1.5023 1.4772 1.4515 1.4305 1.4161 1.4071 1.4034 1.4033 1.3994 1.3918 1.3863 1.382 1.3785 1.3741 1.3642 1.3518 1.3375 1.3231 1.3028 1.2813 1.2442 1.2004 1.1655 1.1315 1.1012 1.0704 1.0412 1.0129 0.98578 0.95778 0.93235 0.9078 0.8839 0.86263 0.83926 0.81723 0.7952 0.77343 0.75296 0.73141 0.71171 0.69084 0.67115 0.65331 0.63402 0.61728 0.60035 0.58462 0.57082 0.5556 0.54106 0.52588 0.51164 0.49824 0.48448 0.47149 0.45696 0.44335 0.43042 0.41717 0.40495 0.39476 0.38503 0.37594 0.36628 0.35705 0.34784 0.33846 0.3297 0.32087 0.31258 0.30828 0.29659 0.32874 0.36272 0.34991 0.37497 0.508 0.70717 0.8044 0.77819 0.71041 0.62286 0.57418 
495.5 1.3382 1.4359 1.5079 1.5282 1.5384 1.551 1.562 1.5705 1.5795 1.5887 1.5899 1.5789 1.5647 1.5531 1.5406 1.5237 1.5023 1.4771 1.4513 1.4303 1.4161 1.407 1.4033 1.403 1.3992 1.3919 1.3863 1.3819 1.3784 1.3741 1.3643 1.3519 1.3378 1.3233 1.3029 1.2812 1.244 1.2003 1.1655 1.1315 1.1013 1.0703 1.0411 1.0128 0.98582 0.95776 0.93236 0.90796 0.88398 0.86267 0.83934 0.81733 0.79528 0.77339 0.75284 0.73139 0.71175 0.69094 0.67125 0.65335 0.63398 0.61729 0.60046 0.58467 0.5709 0.55566 0.54109 0.52596 0.51173 0.4983 0.48452 0.4715 0.45698 0.4434 0.4304 0.4172 0.40503 0.39482 0.38512 0.37599 0.36638 0.35714 0.34782 0.33849 0.32972 0.32085 0.31264 0.30833 0.2966 0.3288 0.36277 0.34985 0.37484 0.50786 0.70703 0.80424 0.77803 0.71021 0.62265 0.57401 
496 1.3381 1.4358 1.5079 1.5282 1.5384 1.5509 1.562 1.5705 1.5795 1.5886 1.5898 1.5788 1.5646 1.5531 1.5405 1.5236 1.5023 1.4771 1.4513 1.4303 1.416 1.4071 1.4034 1.4031 1.3992 1.3918 1.3862 1.3819 1.3785 1.3741 1.3642 1.3519 1.3378 1.3233 1.303 1.2812 1.2439 1.2003 1.1655 1.1314 1.1012 1.0703 1.0411 1.0128 0.98577 0.95775 0.93233 0.90795 0.88402 0.86266 0.83934 0.81734 0.79533 0.77348 0.75286 0.73138 0.71172 0.69088 0.67125 0.65335 0.634 0.61734 0.6005 0.58475 0.57097 0.55571 0.54114 0.52598 0.51174 0.49831 0.48458 0.47154 0.45703 0.44345 0.43049 0.41727 0.40499 0.39493 0.38524 0.37603 0.36641 0.35717 0.34792 0.33853 0.32967 0.32087 0.3127 0.30834 0.29659 0.32878 0.36275 0.34981 0.37478 0.50778 0.7069 0.80407 0.77792 0.71022 0.62274 0.57408 
496.5 1.3381 1.4358 1.5079 1.5282 1.5383 1.5508 1.5619 1.5704 1.5794 1.5886 1.5897 1.5788 1.5646 1.5531 1.5405 1.5236 1.5022 1.477 1.4514 1.4303 1.416 1.4072 1.4036 1.4032 1.3993 1.3917 1.386 1.3819 1.3787 1.3741 1.3641 1.3519 1.3378 1.3233 1.303 1.2813 1.2439 1.2002 1.1655 1.1314 1.1011 1.0703 1.0411 1.0128 0.9857 0.95776 0.93229 0.90787 0.88405 0.86263 0.83931 0.81732 0.79537 0.77363 0.75295 0.73137 0.71166 0.69076 0.67119 0.65333 0.63404 0.61741 0.60052 0.58484 0.57104 0.55577 0.54121 0.52598 0.51171 0.4983 0.48466 0.47159 0.45709 0.4435 0.43061 0.41736 0.4049 0.39507 0.38536 0.37605 0.36642 0.35719 0.34806 0.33858 0.3296 0.3209 0.31276 0.30833 0.29657 0.32874 0.3627 0.34977 0.37475 0.50772 0.70677 0.80391 0.77782 0.71033 0.62294 0.57426 
497 1.338 1.4358 1.5079 1.5282 1.5383 1.5508 1.5619 1.5704 1.5794 1.5885 1.5897 1.5788 1.5646 1.5531 1.5405 1.5235 1.502 1.477 1.4514 1.4303 1.4159 1.4072 1.4038 1.4033 1.3993 1.3916 1.3859 1.382 1.3788 1.3741 1.364 1.3519 1.3377 1.3232 1.303 1.2813 1.2438 1.2002 1.1655 1.1314 1.101 1.0702 1.0411 1.0127 0.98562 0.95776 0.93225 0.9078 0.88408 0.8626 0.83927 0.81729 0.79542 0.77377 0.75303 0.73136 0.7116 0.69064 0.67114 0.65332 0.63409 0.61748 0.60053 0.58493 0.57111 0.55583 0.54128 0.52598 0.51169 0.49828 0.48473 0.47165 0.45715 0.44355 0.43074 0.41745 0.40482 0.39521 0.38548 0.37607 0.36642 0.3572 0.34821 0.33863 0.32953 0.32092 0.31282 0.30832 0.29655 0.32869 0.36265 0.34973 0.37472 0.50766 0.70664 0.80374 0.77772 0.71043 0.62314 0.57443 
497.5 1.338 1.4358 1.5079 1.5282 1.5382 1.5507 1.5618 1.5703 1.5793 1.5884 1.5896 1.5787 1.5646 1.5531 1.5405 1.5235 1.5019 1.4769 1.4514 1.4303 1.4159 1.4073 1.404 1.4035 1.3993 1.3914 1.3857 1.382 1.379 1.3741 1.3639 1.3518 1.3377 1.3231 1.3031 1.2814 1.2438 1.2002 1.1655 1.1314 1.1008 1.0702 1.0411 1.0127 0.98555 0.95777 0.93222 0.90772 0.88411 0.86257 0.83923 0.81727 0.79546 0.77391 0.75312 0.73135 0.71154 0.69051 0.67108 0.65331 0.63413 0.61755 0.60055 0.58501 0.57118 0.55589 0.54135 0.52598 0.51166 0.49827 0.4848 0.47171 0.45721 0.4436 0.43086 0.41754 0.40473 0.39534 0.3856 0.3761 0.36643 0.35721 0.34836 0.33868 0.32946 0.32095 0.31287 0.30831 0.29654 0.32864 0.3626 0.3497 0.3747 0.50759 0.70652 0.80357 0.77763 0.71053 0.62335 0.57461 
498 1.3379 1.4357 1.5078 1.5281 1.5382 1.5506 1.5617 1.5703 1.5792 1.5884 1.5896 1.5786 1.5645 1.5531 1.5405 1.5234 1.5018 1.4769 1.4515 1.4303 1.4158 1.4072 1.4039 1.4035 1.3993 1.3914 1.3857 1.382 1.3789 1.3741 1.3639 1.3518 1.3378 1.3232 1.3031 1.2813 1.2438 1.2001 1.1655 1.1314 1.1007 1.0701 1.0411 1.0127 0.98562 0.95777 0.93229 0.90781 0.88416 0.86265 0.83928 0.81733 0.7955 0.77388 0.75317 0.73139 0.7116 0.6906 0.67115 0.65335 0.6341 0.61759 0.60059 0.58494 0.57116 0.55589 0.54133 0.52609 0.5118 0.49838 0.48491 0.4718 0.45728 0.44369 0.43084 0.41752 0.4049 0.39536 0.3856 0.37615 0.36641 0.35726 0.34842 0.33869 0.32956 0.32101 0.31286 0.3084 0.29659 0.32869 0.3627 0.34983 0.37484 0.50771 0.70662 0.80374 0.77786 0.71076 0.62365 0.575 
498.5 1.3378 1.4356 1.5077 1.528 1.5381 1.5506 1.5617 1.5702 1.5791 1.5883 1.5895 1.5785 1.5645 1.5531 1.5405 1.5234 1.5017 1.4768 1.4516 1.4303 1.4157 1.4071 1.4038 1.4035 1.3993 1.3913 1.3857 1.3819 1.3789 1.3741 1.3638 1.3518 1.3379 1.3234 1.3031 1.2813 1.2438 1.2001 1.1656 1.1314 1.1006 1.07 1.041 1.0128 0.9857 0.95776 0.93237 0.90791 0.88421 0.86274 0.83933 0.81738 0.79554 0.77383 0.75322 0.73144 0.71167 0.69071 0.67123 0.65339 0.63407 0.61764 0.60064 0.58486 0.57113 0.55589 0.5413 0.52621 0.51195 0.4985 0.48501 0.4719 0.45736 0.44378 0.43081 0.4175 0.40508 0.39538 0.38558 0.3762 0.36638 0.3573 0.34848 0.33869 0.32966 0.32107 0.31284 0.30849 0.29665 0.32875 0.36282 0.34997 0.37499 0.50784 0.70674 0.80393 0.77812 0.711 0.62396 0.5754 
499 1.3377 1.4355 1.5077 1.5279 1.538 1.5505 1.5616 1.5701 1.5791 1.5883 1.5895 1.5784 1.5644 1.5531 1.5405 1.5233 1.5016 1.4768 1.4516 1.4303 1.4156 1.407 1.4037 1.4034 1.3992 1.3913 1.3857 1.3819 1.3788 1.3741 1.3638 1.3518 1.3381 1.3235 1.3032 1.2813 1.2438 1.2 1.1656 1.1315 1.1005 1.0699 1.041 1.0128 0.98578 0.95776 0.93245 0.90801 0.88426 0.86283 0.83939 0.81744 0.79558 0.77379 0.75326 0.73149 0.71174 0.69081 0.67131 0.65344 0.63404 0.61768 0.60069 0.58478 0.57111 0.55588 0.54127 0.52632 0.5121 0.49862 0.48512 0.472 0.45743 0.44387 0.43078 0.41748 0.40526 0.39539 0.38557 0.37626 0.36636 0.35735 0.34854 0.33869 0.32977 0.32113 0.31282 0.30858 0.29671 0.32881 0.36294 0.35011 0.37515 0.50796 0.70685 0.80413 0.77838 0.71124 0.62426 0.5758 
499.5 1.3376 1.4355 1.5076 1.5278 1.5379 1.5504 1.5615 1.57 1.579 1.5883 1.5894 1.5783 1.5644 1.5531 1.5405 1.5233 1.5016 1.4767 1.4517 1.4303 1.4156 1.4069 1.4036 1.4034 1.3992 1.3913 1.3857 1.3819 1.3788 1.3741 1.3637 1.3518 1.3381 1.3236 1.3032 1.2812 1.2438 1.2 1.1656 1.1314 1.1004 1.0699 1.041 1.0129 0.98583 0.95776 0.93252 0.90808 0.88428 0.8629 0.83945 0.81751 0.79563 0.77377 0.7533 0.73155 0.71181 0.69091 0.67138 0.65348 0.63402 0.61773 0.60074 0.58474 0.5711 0.55589 0.54126 0.52642 0.51223 0.49872 0.48522 0.47209 0.45748 0.44392 0.43076 0.41749 0.40543 0.39541 0.38555 0.37631 0.36636 0.35739 0.34858 0.33872 0.32987 0.32118 0.31281 0.30865 0.29676 0.32887 0.36302 0.35019 0.37524 0.50803 0.70691 0.80424 0.77853 0.71137 0.62452 0.5762 
500 1.3376 1.4354 1.5075 1.5278 1.5378 1.5504 1.5614 1.57 1.579 1.5882 1.5893 1.5782 1.5642 1.553 1.5404 1.5233 1.5016 1.4767 1.4516 1.4304 1.4157 1.4069 1.4036 1.4033 1.3993 1.3915 1.3858 1.3817 1.3786 1.3742 1.3638 1.3518 1.3379 1.3233 1.3032 1.2813 1.2436 1.2 1.1654 1.1313 1.1005 1.0699 1.0409 1.0128 0.98575 0.95779 0.93252 0.908 0.8842 0.86285 0.83959 0.81765 0.79572 0.77386 0.75332 0.73169 0.71189 0.69094 0.67144 0.65351 0.63409 0.61777 0.60082 0.58487 0.57118 0.55596 0.54134 0.52644 0.51226 0.49878 0.48531 0.47219 0.45745 0.44378 0.43078 0.41763 0.40555 0.39545 0.38552 0.37637 0.36652 0.3574 0.34855 0.3389 0.32996 0.32117 0.31281 0.3086 0.29678 0.32889 0.36294 0.35003 0.37504 0.5078 0.70667 0.80398 0.77817 0.71101 0.62456 0.57655 
500.5 1.3376 1.4354 1.5075 1.5277 1.5378 1.5503 1.5614 1.5699 1.579 1.5882 1.5892 1.5782 1.5641 1.5529 1.5404 1.5232 1.5016 1.4767 1.4516 1.4304 1.4158 1.407 1.4036 1.4033 1.3993 1.3917 1.3859 1.3816 1.3785 1.3742 1.3639 1.3518 1.3377 1.3231 1.3032 1.2813 1.2435 1.2 1.1653 1.1311 1.1005 1.0699 1.0409 1.0127 0.98566 0.95781 0.93252 0.90792 0.88412 0.8628 0.83972 0.81778 0.7958 0.77395 0.75333 0.73183 0.71198 0.69098 0.6715 0.65354 0.63415 0.61781 0.60089 0.585 0.57126 0.55603 0.54142 0.52645 0.51229 0.49884 0.4854 0.47229 0.45742 0.44365 0.4308 0.41778 0.40567 0.39548 0.38548 0.37643 0.36667 0.3574 0.34852 0.33908 0.33005 0.32116 0.31282 0.30856 0.29679 0.32891 0.36287 0.34987 0.37484 0.50758 0.70642 0.80372 0.77781 0.71064 0.62459 0.5769 
501 1.3376 1.4353 1.5075 1.5277 1.5378 1.5502 1.5613 1.5699 1.579 1.5881 1.5891 1.5781 1.564 1.5528 1.5404 1.5232 1.5016 1.4767 1.4515 1.4305 1.4159 1.407 1.4035 1.4032 1.3994 1.3919 1.386 1.3814 1.3784 1.3742 1.364 1.3518 1.3375 1.3229 1.3033 1.2813 1.2434 1.1999 1.1652 1.131 1.1006 1.0699 1.0409 1.0127 0.98557 0.95783 0.93253 0.90784 0.88404 0.86275 0.83985 0.81792 0.79589 0.77404 0.75335 0.73196 0.71206 0.69101 0.67155 0.65357 0.63422 0.61785 0.60096 0.58514 0.57134 0.5561 0.5415 0.52646 0.51231 0.49889 0.48549 0.47238 0.45738 0.44351 0.43082 0.41793 0.40579 0.39552 0.38544 0.37648 0.36683 0.3574 0.34849 0.33926 0.33013 0.32115 0.31282 0.30851 0.2968 0.32892 0.36279 0.3497 0.37463 0.50735 0.70618 0.80346 0.77745 0.71027 0.62462 0.57725 
501.5 1.3376 1.4353 1.5075 1.5277 1.5377 1.5502 1.5613 1.5698 1.579 1.5881 1.589 1.578 1.5639 1.5527 1.5403 1.5232 1.5016 1.4767 1.4514 1.4305 1.4159 1.4071 1.4035 1.4032 1.3994 1.392 1.3861 1.3814 1.3783 1.3743 1.3641 1.3518 1.3374 1.3229 1.3033 1.2813 1.2433 1.2 1.1651 1.1309 1.1006 1.07 1.0409 1.0126 0.98551 0.95785 0.93252 0.90778 0.88402 0.86277 0.83994 0.81799 0.79594 0.77409 0.75336 0.73206 0.71214 0.69105 0.67159 0.65361 0.6343 0.61791 0.60101 0.58525 0.57143 0.55616 0.5416 0.52651 0.51234 0.49892 0.48548 0.47242 0.45738 0.4435 0.43087 0.41796 0.40583 0.39551 0.38547 0.37653 0.36691 0.35742 0.34843 0.33936 0.33019 0.32114 0.3128 0.30847 0.29679 0.32889 0.36269 0.34956 0.37443 0.50709 0.70588 0.80309 0.77697 0.70979 0.62431 0.57705 
502 1.3375 1.4353 1.5074 1.5277 1.5377 1.5502 1.5612 1.5698 1.5789 1.5879 1.5889 1.5779 1.5638 1.5526 1.5402 1.5232 1.5017 1.4766 1.4514 1.4304 1.4159 1.407 1.4034 1.4031 1.3994 1.3921 1.3862 1.3815 1.3784 1.3743 1.3642 1.3519 1.3376 1.3231 1.3035 1.2812 1.2432 1.2 1.1651 1.131 1.1007 1.07 1.0409 1.0126 0.98548 0.95787 0.9325 0.90775 0.88406 0.86288 0.83995 0.81797 0.79594 0.77408 0.75339 0.73208 0.7122 0.6911 0.67159 0.65364 0.63441 0.618 0.60101 0.58534 0.57152 0.5562 0.54175 0.52662 0.51235 0.4989 0.4853 0.47236 0.45743 0.44368 0.43096 0.41781 0.40574 0.39543 0.38561 0.37654 0.36689 0.35745 0.34833 0.33932 0.33018 0.3211 0.31274 0.30843 0.29673 0.32878 0.36255 0.34944 0.37423 0.50677 0.7055 0.80257 0.77632 0.70913 0.62347 0.57604 
502.5 1.3375 1.4353 1.5074 1.5276 1.5377 1.5501 1.5612 1.5697 1.5788 1.5878 1.5888 1.5778 1.5637 1.5525 1.5401 1.5231 1.5017 1.4766 1.4513 1.4304 1.4159 1.407 1.4033 1.4031 1.3994 1.3921 1.3863 1.3816 1.3785 1.3744 1.3643 1.3519 1.3377 1.3233 1.3036 1.2812 1.2432 1.2 1.1652 1.1311 1.1008 1.07 1.041 1.0126 0.98545 0.95789 0.93248 0.90771 0.88411 0.86299 0.83996 0.81795 0.79594 0.77407 0.75342 0.73211 0.71226 0.69115 0.67159 0.65368 0.63451 0.61808 0.60101 0.58543 0.57161 0.55624 0.5419 0.52672 0.51236 0.49888 0.48513 0.4723 0.45748 0.44386 0.43106 0.41767 0.40566 0.39534 0.38575 0.37656 0.36687 0.35748 0.34823 0.33928 0.33018 0.32107 0.31268 0.30839 0.29668 0.32868 0.36241 0.34933 0.37404 0.50644 0.70512 0.80204 0.77567 0.70848 0.62264 0.57502 
503 1.3375 1.4353 1.5074 1.5276 1.5376 1.5501 1.5611 1.5697 1.5788 1.5877 1.5887 1.5777 1.5637 1.5524 1.5399 1.5231 1.5017 1.4766 1.4512 1.4303 1.4159 1.407 1.4033 1.403 1.3994 1.3922 1.3863 1.3817 1.3786 1.3744 1.3643 1.352 1.3379 1.3236 1.3038 1.2811 1.2432 1.2001 1.1652 1.1312 1.1008 1.07 1.041 1.0126 0.98542 0.95791 0.93246 0.90768 0.88416 0.86311 0.83997 0.81793 0.79594 0.77406 0.75344 0.73213 0.71233 0.6912 0.6716 0.65372 0.63462 0.61817 0.60101 0.58551 0.5717 0.55629 0.54205 0.52683 0.51238 0.49886 0.48496 0.47224 0.45753 0.44405 0.43116 0.41752 0.40558 0.39526 0.38589 0.37658 0.36684 0.35751 0.34813 0.33924 0.33017 0.32104 0.31262 0.30836 0.29662 0.32857 0.36228 0.34922 0.37384 0.50612 0.70473 0.80152 0.77501 0.70782 0.6218 0.574 
503.5 1.3375 1.4353 1.5074 1.5276 1.5376 1.5501 1.5611 1.5696 1.5787 1.5876 1.5886 1.5775 1.5635 1.5523 1.54 1.5232 1.5017 1.4766 1.4512 1.4302 1.4158 1.407 1.4034 1.403 1.3993 1.392 1.3862 1.3817 1.3786 1.3744 1.3644 1.3521 1.3379 1.3236 1.3039 1.2812 1.2432 1.2001 1.1652 1.1311 1.1008 1.07 1.041 1.0125 0.98543 0.95791 0.93244 0.90772 0.88423 0.86316 0.83996 0.81795 0.79598 0.77409 0.75349 0.73212 0.71234 0.69124 0.67165 0.65381 0.63476 0.61826 0.60108 0.58558 0.57175 0.55635 0.54209 0.52688 0.51242 0.49895 0.48501 0.47225 0.45757 0.44412 0.43122 0.41755 0.4056 0.39523 0.38588 0.37659 0.36681 0.35753 0.34811 0.33913 0.33011 0.32095 0.31255 0.30832 0.29649 0.3284 0.36214 0.34904 0.37361 0.5059 0.70451 0.80126 0.77477 0.70763 0.62144 0.57347 
504 1.3375 1.4354 1.5074 1.5275 1.5376 1.55 1.5611 1.5696 1.5786 1.5876 1.5885 1.5773 1.5632 1.5521 1.5401 1.5234 1.5018 1.4766 1.4513 1.4302 1.4158 1.4072 1.4035 1.4031 1.3992 1.3918 1.386 1.3816 1.3786 1.3744 1.3645 1.3523 1.3378 1.3234 1.3039 1.2814 1.2432 1.2 1.1652 1.131 1.1007 1.0699 1.0409 1.0125 0.98547 0.9579 0.93243 0.90782 0.88433 0.86317 0.83992 0.818 0.79605 0.77414 0.75354 0.73209 0.71232 0.69128 0.67173 0.65393 0.63493 0.61836 0.60119 0.58563 0.57177 0.55643 0.54207 0.5269 0.51247 0.49912 0.4852 0.4723 0.45759 0.44414 0.43125 0.41769 0.4057 0.39523 0.38579 0.3766 0.36677 0.35754 0.34813 0.33896 0.33001 0.32081 0.31246 0.30827 0.29631 0.3282 0.362 0.34882 0.37336 0.50574 0.7044 0.80117 0.77478 0.70771 0.62138 0.57325 
504.5 1.3376 1.4354 1.5074 1.5275 1.5375 1.55 1.561 1.5695 1.5785 1.5875 1.5884 1.5771 1.563 1.552 1.5402 1.5236 1.5019 1.4767 1.4513 1.4302 1.4158 1.4073 1.4037 1.4032 1.3992 1.3915 1.3858 1.3815 1.3785 1.3743 1.3646 1.3524 1.3378 1.3232 1.3039 1.2816 1.2432 1.2 1.1652 1.1309 1.1007 1.0699 1.0408 1.0125 0.9855 0.95788 0.93242 0.90792 0.88442 0.86318 0.83988 0.81804 0.79612 0.77419 0.7536 0.73205 0.7123 0.69132 0.67182 0.65404 0.6351 0.61846 0.60129 0.58568 0.57179 0.5565 0.54205 0.52692 0.51253 0.49928 0.48538 0.47235 0.45762 0.44415 0.43129 0.41783 0.40579 0.39523 0.3857 0.37661 0.36673 0.35755 0.34814 0.33879 0.32991 0.32067 0.31237 0.30822 0.29613 0.328 0.36186 0.34859 0.37311 0.50558 0.70428 0.80108 0.77478 0.7078 0.62131 0.57302 
505 1.3376 1.4354 1.5074 1.5275 1.5375 1.55 1.561 1.5695 1.5784 1.5874 1.5883 1.577 1.5627 1.5518 1.5403 1.5238 1.5019 1.4768 1.4514 1.4302 1.4158 1.4074 1.4039 1.4033 1.3991 1.3913 1.3856 1.3814 1.3785 1.3742 1.3647 1.3526 1.3377 1.3231 1.3039 1.2818 1.2432 1.1999 1.1652 1.1308 1.1006 1.0698 1.0408 1.0125 0.98554 0.95787 0.93241 0.90802 0.88451 0.86319 0.83984 0.81809 0.79619 0.77424 0.75365 0.73202 0.71229 0.69136 0.6719 0.65416 0.63527 0.61855 0.6014 0.58573 0.57181 0.55658 0.54203 0.52694 0.51258 0.49944 0.48557 0.47241 0.45765 0.44417 0.43133 0.41797 0.40589 0.39523 0.38561 0.37662 0.36669 0.35756 0.34816 0.33862 0.32981 0.32054 0.31228 0.30818 0.29594 0.3278 0.36172 0.34837 0.37286 0.50542 0.70416 0.80098 0.77479 0.70788 0.62124 0.57279 
505.5 1.3377 1.4354 1.5074 1.5275 1.5375 1.5499 1.561 1.5695 1.5783 1.5873 1.5881 1.5767 1.5625 1.5516 1.5403 1.5239 1.5021 1.4768 1.4514 1.4303 1.4158 1.4073 1.4038 1.4033 1.3991 1.3913 1.3855 1.3815 1.3786 1.3742 1.3646 1.3526 1.3378 1.3232 1.304 1.2817 1.2433 1.1999 1.1651 1.1308 1.1005 1.0697 1.0408 1.0126 0.9856 0.95795 0.93252 0.90803 0.88445 0.86316 0.83987 0.81805 0.79611 0.77423 0.75365 0.73211 0.71236 0.69143 0.672 0.65413 0.63525 0.61857 0.60145 0.5858 0.57188 0.55666 0.54205 0.52689 0.51254 0.49935 0.48556 0.47237 0.45759 0.44408 0.4313 0.41804 0.40599 0.39545 0.38557 0.37658 0.3667 0.35742 0.34809 0.33854 0.32967 0.32045 0.31212 0.30794 0.29574 0.32755 0.36145 0.3481 0.37257 0.50501 0.70361 0.80053 0.77465 0.70808 0.62188 0.57368 
506 1.3377 1.4355 1.5075 1.5275 1.5375 1.5499 1.561 1.5695 1.5782 1.5871 1.5878 1.5764 1.5622 1.5514 1.5403 1.5241 1.5022 1.4768 1.4514 1.4303 1.4158 1.4071 1.4036 1.4032 1.3991 1.3913 1.3855 1.3816 1.3787 1.3742 1.3645 1.3525 1.3379 1.3234 1.304 1.2817 1.2433 1.1998 1.165 1.1308 1.1005 1.0696 1.0408 1.0127 0.98567 0.95804 0.93265 0.90802 0.88437 0.86312 0.83991 0.81799 0.796 0.77421 0.75363 0.73223 0.71245 0.69149 0.67209 0.65408 0.63519 0.61858 0.60148 0.58587 0.57196 0.55673 0.54207 0.52682 0.51247 0.49922 0.48551 0.47232 0.45751 0.44398 0.43126 0.41809 0.4061 0.39572 0.38554 0.37654 0.36673 0.35725 0.34801 0.33848 0.32952 0.32037 0.31194 0.30767 0.29554 0.32728 0.36115 0.34782 0.37228 0.50454 0.70298 0.80003 0.77448 0.70829 0.62263 0.57477 
506.5 1.3378 1.4355 1.5075 1.5276 1.5375 1.5499 1.561 1.5694 1.5782 1.5869 1.5875 1.5761 1.5619 1.5512 1.5402 1.5242 1.5024 1.4768 1.4514 1.4304 1.4159 1.407 1.4035 1.4032 1.3992 1.3913 1.3855 1.3818 1.3789 1.3742 1.3644 1.3525 1.338 1.3236 1.304 1.2816 1.2434 1.1997 1.1648 1.1309 1.1004 1.0695 1.0408 1.0129 0.98574 0.95813 0.93278 0.90801 0.88428 0.86307 0.83995 0.81793 0.7959 0.77419 0.75361 0.73234 0.71254 0.69156 0.67219 0.65403 0.63513 0.6186 0.60152 0.58594 0.57203 0.55681 0.5421 0.52675 0.51241 0.49908 0.48546 0.47227 0.45744 0.44387 0.43121 0.41815 0.40621 0.39598 0.3855 0.37649 0.36676 0.35708 0.34793 0.33841 0.32938 0.32029 0.31176 0.3074 0.29533 0.32701 0.36085 0.34754 0.37198 0.50408 0.70235 0.79952 0.7743 0.70851 0.62339 0.57585 
507 1.3378 1.4355 1.5075 1.5276 1.5374 1.5499 1.561 1.5694 1.5781 1.5868 1.5873 1.5758 1.5617 1.5511 1.5402 1.5244 1.5025 1.4768 1.4514 1.4304 1.4159 1.4068 1.4034 1.4032 1.3992 1.3913 1.3856 1.3819 1.379 1.3742 1.3643 1.3524 1.3381 1.3238 1.304 1.2815 1.2434 1.1996 1.1647 1.1309 1.1004 1.0694 1.0408 1.013 0.98581 0.95821 0.93289 0.908 0.8842 0.86303 0.83999 0.81789 0.79581 0.77418 0.75361 0.73245 0.71262 0.69163 0.67227 0.65398 0.63508 0.61861 0.60156 0.586 0.5721 0.55688 0.54214 0.5267 0.51236 0.49897 0.48542 0.47223 0.45738 0.44379 0.43118 0.41819 0.4063 0.39621 0.38547 0.37645 0.36678 0.35693 0.34784 0.33835 0.32924 0.32021 0.31158 0.30715 0.29513 0.32676 0.36057 0.34728 0.37171 0.50369 0.70183 0.79912 0.7742 0.70873 0.62407 0.57682 
507.5 1.3379 1.4356 1.5076 1.5276 1.5375 1.5498 1.5609 1.5693 1.5779 1.5865 1.587 1.5757 1.5617 1.551 1.5401 1.5244 1.5028 1.4772 1.4515 1.4303 1.4159 1.4069 1.4032 1.403 1.3991 1.3914 1.3856 1.3819 1.3789 1.3741 1.3643 1.3524 1.3381 1.3238 1.3041 1.2815 1.2433 1.1996 1.1648 1.1309 1.1004 1.0696 1.0409 1.0129 0.98579 0.95817 0.93279 0.90802 0.88431 0.86304 0.84 0.81801 0.79591 0.77427 0.7538 0.73253 0.71266 0.69168 0.67229 0.65405 0.63517 0.61866 0.6016 0.58607 0.57208 0.55691 0.54226 0.52684 0.51255 0.49918 0.48548 0.4723 0.45754 0.44391 0.43122 0.41806 0.40625 0.396 0.38543 0.37646 0.36669 0.35702 0.34778 0.33833 0.32923 0.32011 0.31149 0.30704 0.29502 0.3267 0.36048 0.3472 0.37176 0.50407 0.70256 0.79997 0.77486 0.70897 0.6239 0.57648 
508 1.338 1.4357 1.5076 1.5276 1.5375 1.5498 1.5609 1.5692 1.5778 1.5862 1.5867 1.5755 1.5616 1.551 1.54 1.5243 1.503 1.4775 1.4516 1.4303 1.4158 1.4069 1.4031 1.4027 1.3989 1.3915 1.3857 1.3818 1.3789 1.374 1.3643 1.3524 1.3382 1.3239 1.3041 1.2814 1.2432 1.1996 1.1649 1.1309 1.1005 1.0697 1.0409 1.0129 0.98577 0.95812 0.9327 0.90805 0.88442 0.86305 0.84001 0.81814 0.79602 0.77436 0.75398 0.7326 0.71269 0.69173 0.6723 0.65412 0.63525 0.61871 0.60165 0.58613 0.57205 0.55694 0.54239 0.52697 0.51274 0.49938 0.48554 0.47237 0.4577 0.44403 0.43126 0.41793 0.4062 0.39579 0.38538 0.37646 0.3666 0.35711 0.34771 0.3383 0.32922 0.32002 0.31139 0.30693 0.29492 0.32664 0.36039 0.34711 0.37181 0.50444 0.70328 0.80082 0.77552 0.70922 0.62373 0.57615 
508.5 1.338 1.4357 1.5076 1.5276 1.5375 1.5498 1.5608 1.5692 1.5776 1.586 1.5865 1.5754 1.5616 1.551 1.5399 1.5243 1.5033 1.4779 1.4518 1.4302 1.4158 1.4069 1.403 1.4025 1.3988 1.3916 1.3857 1.3818 1.3788 1.374 1.3643 1.3524 1.3382 1.324 1.3041 1.2814 1.2431 1.1996 1.165 1.1309 1.1005 1.0699 1.0409 1.0128 0.98575 0.95808 0.9326 0.90807 0.88452 0.86305 0.84002 0.81826 0.79613 0.77445 0.75417 0.73268 0.71272 0.69177 0.67232 0.65419 0.63533 0.61876 0.60169 0.5862 0.57203 0.55697 0.54252 0.5271 0.51292 0.49959 0.48559 0.47244 0.45787 0.44415 0.43131 0.41779 0.40614 0.39558 0.38534 0.37646 0.36651 0.3572 0.34765 0.33827 0.3292 0.31992 0.31129 0.30681 0.29481 0.32658 0.3603 0.34702 0.37185 0.50481 0.70401 0.80167 0.77618 0.70946 0.62356 0.57581 
509 1.3379 1.4357 1.5077 1.5277 1.5375 1.5498 1.5608 1.5691 1.5775 1.5858 1.5862 1.5752 1.5616 1.551 1.5399 1.5243 1.5035 1.4781 1.4519 1.4301 1.4157 1.407 1.4029 1.4023 1.3987 1.3916 1.3858 1.3818 1.3788 1.374 1.3643 1.3524 1.3383 1.324 1.3042 1.2814 1.243 1.1996 1.165 1.1309 1.1005 1.07 1.041 1.0127 0.9857 0.95803 0.93253 0.90809 0.8846 0.86306 0.83999 0.81832 0.79622 0.77454 0.7543 0.73273 0.71274 0.69182 0.67232 0.65424 0.63538 0.61878 0.60173 0.58626 0.57203 0.55701 0.54262 0.52721 0.51304 0.4997 0.48564 0.4725 0.45798 0.44423 0.43134 0.41772 0.40608 0.39544 0.38529 0.37644 0.36646 0.3572 0.34758 0.33821 0.32915 0.31982 0.31119 0.30669 0.29468 0.32649 0.3602 0.34691 0.37179 0.5049 0.70426 0.80198 0.77636 0.70941 0.62338 0.57561 
509.5 1.3373 1.4353 1.5078 1.528 1.5376 1.5496 1.5606 1.569 1.5773 1.5856 1.5861 1.5751 1.5615 1.551 1.5399 1.5243 1.5034 1.4782 1.452 1.4302 1.4158 1.407 1.4029 1.4024 1.3986 1.3915 1.3858 1.3818 1.3788 1.3741 1.3643 1.3525 1.3383 1.3241 1.3042 1.2815 1.243 1.1994 1.1649 1.1309 1.1006 1.0699 1.0409 1.0127 0.9856 0.95797 0.93254 0.9081 0.88462 0.86307 0.8399 0.81822 0.79627 0.77463 0.75434 0.73273 0.71272 0.69184 0.6723 0.65422 0.63538 0.61875 0.60174 0.58631 0.57208 0.55706 0.54265 0.52725 0.513 0.4996 0.48567 0.47251 0.45797 0.44425 0.43136 0.4178 0.40598 0.39547 0.3852 0.37636 0.36646 0.35701 0.34752 0.33809 0.32899 0.31972 0.31105 0.30655 0.29453 0.32631 0.36003 0.34673 0.37149 0.50433 0.70346 0.80106 0.77544 0.7087 0.62319 0.57576 
510 1.3367 1.435 1.5079 1.5284 1.5376 1.5494 1.5605 1.5689 1.5772 1.5855 1.586 1.5749 1.5614 1.551 1.54 1.5243 1.5033 1.4782 1.4521 1.4303 1.4158 1.407 1.403 1.4024 1.3986 1.3914 1.3859 1.3819 1.3788 1.3741 1.3644 1.3525 1.3384 1.3241 1.3043 1.2816 1.2429 1.1993 1.1647 1.1308 1.1006 1.0699 1.0409 1.0127 0.9855 0.95791 0.93255 0.90811 0.88463 0.86309 0.8398 0.81811 0.79632 0.77472 0.75437 0.73274 0.7127 0.69186 0.67229 0.65421 0.63537 0.61872 0.60175 0.58636 0.57214 0.55712 0.54268 0.52729 0.51296 0.4995 0.48571 0.47253 0.45797 0.44427 0.43138 0.41788 0.40589 0.3955 0.38512 0.37627 0.36647 0.35683 0.34747 0.33796 0.32884 0.31961 0.31091 0.30641 0.29437 0.32614 0.35987 0.34655 0.37119 0.50376 0.70265 0.80014 0.77452 0.70799 0.62299 0.5759 
510.5 1.3362 1.4346 1.5081 1.5287 1.5377 1.5493 1.5603 1.5688 1.5771 1.5854 1.5858 1.5748 1.5613 1.551 1.54 1.5243 1.5033 1.4783 1.4523 1.4304 1.4158 1.407 1.403 1.4024 1.3985 1.3913 1.3859 1.3819 1.3788 1.3742 1.3644 1.3525 1.3385 1.3242 1.3044 1.2816 1.2429 1.1991 1.1646 1.1307 1.1006 1.0699 1.0409 1.0127 0.9854 0.95785 0.93256 0.90812 0.88465 0.8631 0.83971 0.81801 0.79638 0.7748 0.7544 0.73274 0.71269 0.69188 0.67227 0.6542 0.63537 0.61869 0.60176 0.58641 0.5722 0.55717 0.54271 0.52734 0.51292 0.4994 0.48574 0.47254 0.45797 0.44429 0.43139 0.41797 0.4058 0.39552 0.38504 0.37619 0.36647 0.35664 0.34741 0.33784 0.32868 0.3195 0.31078 0.30627 0.29422 0.32597 0.35971 0.34637 0.37089 0.50319 0.70184 0.79921 0.77361 0.70728 0.6228 0.57604 
511 1.3374 1.4355 1.508 1.5282 1.5375 1.5493 1.5603 1.5686 1.5769 1.5852 1.5857 1.5746 1.5612 1.551 1.54 1.5243 1.5034 1.4783 1.4523 1.4305 1.4159 1.4069 1.403 1.4024 1.3984 1.3912 1.3859 1.3819 1.3788 1.3742 1.3644 1.3525 1.3385 1.3243 1.3044 1.2817 1.2428 1.199 1.1645 1.1307 1.1006 1.0698 1.0409 1.0127 0.98542 0.95783 0.93255 0.90816 0.8847 0.86313 0.8397 0.81798 0.79633 0.77479 0.7544 0.73275 0.71273 0.69192 0.67234 0.65425 0.63541 0.61875 0.60179 0.58644 0.57226 0.55719 0.54272 0.52734 0.51294 0.49941 0.48577 0.47261 0.45803 0.44434 0.43137 0.41796 0.40576 0.39552 0.38503 0.37611 0.36638 0.35653 0.3473 0.33779 0.32861 0.31933 0.31059 0.30612 0.29405 0.32582 0.35958 0.34623 0.37075 0.50303 0.70165 0.79901 0.77347 0.70725 0.6228 0.57604 
511.5 1.3402 1.4374 1.5079 1.527 1.5371 1.5496 1.5603 1.5683 1.5768 1.5852 1.5856 1.5745 1.5612 1.5509 1.5398 1.5244 1.5036 1.4784 1.4523 1.4306 1.4159 1.4069 1.403 1.4024 1.3984 1.3912 1.3859 1.3818 1.3787 1.3741 1.3644 1.3525 1.3386 1.3245 1.3046 1.2816 1.2428 1.1991 1.1645 1.1307 1.1005 1.0697 1.0408 1.0127 0.98556 0.95785 0.93253 0.90823 0.88478 0.86319 0.83978 0.81802 0.79619 0.77469 0.75437 0.73277 0.71282 0.69197 0.67248 0.65436 0.63549 0.61889 0.60184 0.58646 0.57233 0.55717 0.54271 0.52732 0.51302 0.49951 0.4858 0.47272 0.45815 0.4444 0.4313 0.41787 0.40576 0.39549 0.38509 0.37602 0.36621 0.35647 0.34714 0.33779 0.32862 0.31909 0.31036 0.30595 0.29388 0.32568 0.35947 0.34613 0.37074 0.50323 0.70198 0.79942 0.77402 0.7078 0.62298 0.57592 
512 1.343 1.4394 1.5078 1.5257 1.5367 1.5499 1.5603 1.5681 1.5766 1.5851 1.5855 1.5744 1.5611 1.5508 1.5397 1.5245 1.5038 1.4784 1.4523 1.4307 1.416 1.4069 1.4029 1.4024 1.3984 1.3912 1.3858 1.3818 1.3787 1.3741 1.3644 1.3524 1.3387 1.3247 1.3047 1.2816 1.2428 1.1991 1.1646 1.1308 1.1004 1.0697 1.0407 1.0127 0.9857 0.95788 0.93251 0.9083 0.88487 0.86324 0.83985 0.81806 0.79605 0.77459 0.75434 0.73278 0.7129 0.69203 0.67262 0.65447 0.63556 0.61904 0.60189 0.58647 0.5724 0.55715 0.5427 0.5273 0.5131 0.49961 0.48583 0.47282 0.45828 0.44446 0.43124 0.41779 0.40577 0.39545 0.38515 0.37594 0.36604 0.35642 0.34698 0.33779 0.32862 0.31885 0.31013 0.30578 0.2937 0.32554 0.35935 0.34604 0.37073 0.50343 0.70232 0.79984 0.77458 0.70835 0.62315 0.57581 
512.5 1.3457 1.4414 1.5077 1.5245 1.5362 1.5501 1.5603 1.5679 1.5764 1.585 1.5854 1.5743 1.5611 1.5507 1.5396 1.5245 1.504 1.4784 1.4522 1.4308 1.416 1.4068 1.4029 1.4023 1.3983 1.3912 1.3858 1.3817 1.3787 1.374 1.3644 1.3524 1.3387 1.3249 1.3048 1.2815 1.2428 1.1991 1.1646 1.1308 1.1003 1.0696 1.0407 1.0127 0.98584 0.9579 0.93249 0.90838 0.88495 0.86329 0.83993 0.81809 0.79591 0.77449 0.75431 0.7328 0.71299 0.69209 0.67275 0.65457 0.63564 0.61918 0.60193 0.58648 0.57247 0.55714 0.54269 0.52728 0.51318 0.49971 0.48586 0.47293 0.4584 0.44453 0.43118 0.41771 0.40577 0.39542 0.3852 0.37585 0.36586 0.35637 0.34683 0.33779 0.32862 0.31862 0.3099 0.30561 0.29353 0.32541 0.35924 0.34594 0.37073 0.50363 0.70265 0.80026 0.77513 0.7089 0.62333 0.57569 
513 1.346 1.4415 1.5077 1.5244 1.5362 1.5501 1.5602 1.5677 1.5762 1.5848 1.5853 1.5742 1.5608 1.5505 1.5397 1.5246 1.5039 1.4784 1.4522 1.4308 1.416 1.4069 1.4029 1.4024 1.3983 1.3911 1.3857 1.3816 1.3786 1.374 1.3643 1.3524 1.3387 1.325 1.3049 1.2815 1.2427 1.1991 1.1645 1.1307 1.1003 1.0696 1.0407 1.0128 0.98584 0.95795 0.93254 0.90846 0.88499 0.86329 0.83999 0.81816 0.79597 0.77453 0.75434 0.73289 0.71309 0.69211 0.6728 0.65467 0.63571 0.6192 0.60202 0.58655 0.57246 0.5571 0.54266 0.52733 0.51324 0.49975 0.48584 0.47291 0.45831 0.4444 0.43117 0.4177 0.40565 0.39537 0.38515 0.37582 0.36586 0.35624 0.34676 0.33767 0.32845 0.31854 0.3098 0.30545 0.29337 0.3252 0.35898 0.34567 0.37049 0.50341 0.70253 0.80029 0.77528 0.70912 0.62357 0.57595 
513.5 1.3454 1.4411 1.5077 1.5247 1.5362 1.5499 1.5601 1.5676 1.5761 1.5847 1.5853 1.5741 1.5606 1.5504 1.5399 1.5247 1.5039 1.4784 1.4523 1.4308 1.416 1.4069 1.403 1.4024 1.3983 1.391 1.3855 1.3815 1.3785 1.3739 1.3643 1.3525 1.3387 1.325 1.305 1.2816 1.2426 1.199 1.1644 1.1306 1.1004 1.0696 1.0407 1.0128 0.98581 0.958 0.93262 0.90855 0.88503 0.86327 0.84004 0.81823 0.79608 0.77462 0.75439 0.733 0.71318 0.69213 0.67281 0.65475 0.63577 0.61918 0.60211 0.58663 0.57243 0.55706 0.54263 0.52739 0.51329 0.49978 0.4858 0.47284 0.45816 0.44422 0.43118 0.41772 0.40548 0.3953 0.38505 0.37581 0.36591 0.35608 0.34673 0.33751 0.32822 0.3185 0.30973 0.3053 0.29321 0.32498 0.35868 0.34536 0.37017 0.50306 0.70227 0.80021 0.77532 0.70924 0.62384 0.57632 
514 1.3448 1.4407 1.5078 1.5249 1.5362 1.5497 1.5599 1.5675 1.5759 1.5845 1.5852 1.574 1.5603 1.5503 1.5401 1.5248 1.5038 1.4784 1.4523 1.4308 1.4161 1.407 1.4031 1.4024 1.3983 1.3909 1.3854 1.3813 1.3784 1.3739 1.3643 1.3526 1.3387 1.3249 1.3051 1.2816 1.2425 1.1989 1.1643 1.1304 1.1004 1.0697 1.0408 1.0128 0.98578 0.95805 0.93269 0.90864 0.88506 0.86326 0.8401 0.81831 0.79619 0.77471 0.75444 0.73311 0.71328 0.69215 0.67282 0.65484 0.63584 0.61916 0.6022 0.58672 0.57239 0.55702 0.5426 0.52745 0.51333 0.49981 0.48577 0.47278 0.458 0.44404 0.43119 0.41774 0.40532 0.39523 0.38496 0.37579 0.36596 0.35593 0.34669 0.33735 0.32799 0.31847 0.30967 0.30514 0.29306 0.32476 0.35838 0.34504 0.36985 0.50272 0.702 0.80012 0.77535 0.70936 0.62411 0.57669 
514.5 1.3442 1.4403 1.5078 1.5252 1.5363 1.5495 1.5598 1.5674 1.5757 1.5843 1.5851 1.5739 1.56 1.5502 1.5403 1.5249 1.5037 1.4783 1.4523 1.4309 1.4161 1.4071 1.4032 1.4025 1.3983 1.3908 1.3852 1.3812 1.3783 1.3738 1.3643 1.3526 1.3387 1.3249 1.3052 1.2816 1.2424 1.1988 1.1642 1.1303 1.1004 1.0697 1.0409 1.0128 0.98574 0.95811 0.93277 0.90873 0.88509 0.86324 0.84015 0.81838 0.7963 0.7748 0.75449 0.73322 0.71337 0.69217 0.67283 0.65493 0.6359 0.61914 0.60229 0.5868 0.57236 0.55698 0.54257 0.52752 0.51338 0.49983 0.48573 0.47271 0.45785 0.44386 0.43119 0.41776 0.40516 0.39517 0.38487 0.37578 0.36601 0.35577 0.34665 0.33719 0.32776 0.31844 0.3096 0.30499 0.2929 0.32453 0.35808 0.34473 0.36954 0.50237 0.70174 0.80003 0.77539 0.70948 0.62438 0.57706 
515 1.3438 1.4399 1.5079 1.5254 1.5362 1.5493 1.5597 1.5673 1.5756 1.5842 1.585 1.5737 1.5599 1.5501 1.5402 1.5248 1.5038 1.4785 1.4524 1.4309 1.416 1.407 1.4032 1.4024 1.3982 1.3908 1.3852 1.3812 1.3783 1.3739 1.3643 1.3527 1.3389 1.325 1.3052 1.2816 1.2424 1.1989 1.1643 1.1305 1.1004 1.0697 1.0409 1.0128 0.98574 0.95806 0.93285 0.90876 0.88509 0.86336 0.8402 0.81844 0.79642 0.77485 0.75452 0.73321 0.71334 0.69217 0.6728 0.65486 0.63586 0.61922 0.60226 0.58671 0.57244 0.55708 0.54261 0.52751 0.51332 0.49981 0.48569 0.47264 0.45783 0.44392 0.43115 0.41777 0.40511 0.39496 0.3848 0.37561 0.36582 0.35579 0.34666 0.337 0.3276 0.31836 0.30951 0.30486 0.29278 0.32455 0.35817 0.34484 0.36959 0.50236 0.70173 0.79999 0.77525 0.70927 0.62415 0.57683 
515.5 1.3435 1.4396 1.5079 1.5257 1.5362 1.5491 1.5596 1.5673 1.5755 1.5841 1.5848 1.5736 1.5598 1.5501 1.5401 1.5248 1.5039 1.4786 1.4524 1.4309 1.416 1.407 1.4032 1.4024 1.3981 1.3907 1.3852 1.3812 1.3783 1.3739 1.3643 1.3527 1.339 1.3251 1.3053 1.2816 1.2424 1.1989 1.1644 1.1306 1.1005 1.0697 1.0409 1.0129 0.98573 0.95801 0.93292 0.90878 0.8851 0.86349 0.84025 0.8185 0.79653 0.7749 0.75454 0.73319 0.71331 0.69217 0.67278 0.6548 0.63582 0.61929 0.60223 0.58661 0.57252 0.55718 0.54267 0.52751 0.51325 0.49978 0.48564 0.47256 0.45781 0.44398 0.43111 0.41779 0.40507 0.39474 0.38473 0.37543 0.36563 0.3558 0.34667 0.3368 0.32744 0.31828 0.30941 0.30473 0.29266 0.32457 0.35826 0.34496 0.36965 0.50236 0.70173 0.79995 0.77512 0.70906 0.62391 0.57659 
516 1.3432 1.4393 1.5079 1.5259 1.5361 1.5489 1.5595 1.5673 1.5755 1.584 1.5846 1.5734 1.5596 1.55 1.54 1.5247 1.504 1.4788 1.4525 1.4309 1.4159 1.4069 1.4032 1.4024 1.398 1.3906 1.3852 1.3813 1.3783 1.374 1.3643 1.3527 1.3391 1.3251 1.3054 1.2816 1.2424 1.199 1.1644 1.1308 1.1005 1.0697 1.041 1.0129 0.98572 0.95796 0.93299 0.90881 0.88511 0.86361 0.8403 0.81856 0.79665 0.77495 0.75457 0.73318 0.71328 0.69217 0.67275 0.65473 0.63578 0.61937 0.6022 0.58652 0.57261 0.55728 0.54272 0.5275 0.51317 0.49976 0.4856 0.47249 0.45779 0.44403 0.43106 0.4178 0.40504 0.39452 0.38466 0.37526 0.36543 0.35582 0.34668 0.3366 0.32729 0.31819 0.30931 0.3046 0.29254 0.32459 0.35835 0.34507 0.36971 0.50235 0.70173 0.79991 0.77499 0.70885 0.62367 0.57636 
516.5 1.3429 1.439 1.508 1.5261 1.5361 1.5487 1.5594 1.5672 1.5754 1.5838 1.5845 1.5733 1.5596 1.5499 1.5399 1.5246 1.5041 1.4789 1.4526 1.4309 1.4159 1.4069 1.4032 1.4023 1.3979 1.3906 1.3852 1.3813 1.3783 1.374 1.3643 1.3528 1.3392 1.3252 1.3055 1.2816 1.2424 1.199 1.1645 1.131 1.1005 1.0697 1.041 1.0129 0.98571 0.95791 0.93304 0.90883 0.88512 0.86371 0.84035 0.81862 0.79675 0.775 0.7546 0.73318 0.71327 0.69219 0.67275 0.6547 0.63576 0.61943 0.60217 0.58646 0.57268 0.55737 0.54277 0.52751 0.51312 0.49972 0.48557 0.47243 0.45779 0.44408 0.43102 0.41777 0.40497 0.39438 0.38459 0.37511 0.36527 0.3558 0.34664 0.33643 0.32714 0.3181 0.30923 0.30448 0.2924 0.32455 0.35837 0.3451 0.36971 0.50235 0.70178 0.79997 0.77499 0.7088 0.62358 0.57625 
517 1.3427 1.4389 1.5079 1.5261 1.5361 1.5487 1.5593 1.5671 1.5753 1.5837 1.5842 1.5732 1.5596 1.55 1.5398 1.5247 1.5043 1.479 1.4526 1.431 1.416 1.407 1.4031 1.4024 1.398 1.3906 1.3853 1.3814 1.3783 1.3739 1.3643 1.3528 1.3391 1.3252 1.3055 1.2817 1.2425 1.199 1.1645 1.1309 1.1005 1.0697 1.0409 1.0128 0.98565 0.95788 0.93296 0.90882 0.88512 0.86369 0.8404 0.81866 0.79679 0.77505 0.75462 0.73322 0.71333 0.69226 0.67285 0.65481 0.63584 0.61943 0.60217 0.58654 0.57269 0.5574 0.54282 0.52753 0.51314 0.49965 0.48555 0.47239 0.45785 0.44409 0.43096 0.41756 0.40482 0.39447 0.38454 0.37503 0.3652 0.35567 0.34647 0.33636 0.32702 0.31796 0.30917 0.30438 0.29219 0.32429 0.35814 0.3448 0.36949 0.50236 0.70201 0.80036 0.7755 0.70933 0.624 0.57656 
517.5 1.3425 1.4388 1.5079 1.5261 1.5361 1.5487 1.5593 1.567 1.5753 1.5836 1.584 1.5731 1.5597 1.55 1.5397 1.5248 1.5044 1.4791 1.4527 1.431 1.4162 1.407 1.4031 1.4024 1.3981 1.3906 1.3853 1.3814 1.3783 1.3738 1.3643 1.3528 1.339 1.3251 1.3055 1.2819 1.2425 1.1989 1.1645 1.1309 1.1004 1.0696 1.0408 1.0127 0.98559 0.95784 0.93289 0.9088 0.88512 0.86366 0.84044 0.81871 0.79683 0.77511 0.75464 0.73326 0.7134 0.69233 0.67295 0.65492 0.63592 0.61943 0.60217 0.58663 0.5727 0.55744 0.54287 0.52756 0.51316 0.49958 0.48553 0.47236 0.45791 0.44411 0.43091 0.41735 0.40466 0.39457 0.3845 0.37495 0.36513 0.35553 0.34629 0.3363 0.32691 0.31781 0.30911 0.30428 0.29198 0.32404 0.3579 0.3445 0.36927 0.50237 0.70223 0.80076 0.77601 0.70987 0.62443 0.57688 
518 1.3424 1.4388 1.5079 1.526 1.5361 1.5487 1.5592 1.567 1.5752 1.5834 1.5838 1.573 1.5598 1.55 1.5396 1.5248 1.5046 1.4792 1.4527 1.4311 1.4163 1.4071 1.403 1.4024 1.3982 1.3906 1.3853 1.3815 1.3783 1.3736 1.3642 1.3528 1.339 1.3251 1.3056 1.282 1.2425 1.1989 1.1645 1.1308 1.1004 1.0696 1.0407 1.0126 0.98554 0.9578 0.93282 0.90879 0.88512 0.86364 0.84049 0.81876 0.79688 0.77516 0.75465 0.7333 0.71346 0.6924 0.67305 0.65503 0.636 0.61943 0.60217 0.58672 0.57272 0.55748 0.54292 0.52759 0.51318 0.49951 0.48551 0.47233 0.45797 0.44412 0.43085 0.41715 0.40451 0.39467 0.38445 0.37488 0.36506 0.3554 0.34611 0.33623 0.3268 0.31767 0.30905 0.30419 0.29178 0.32378 0.35766 0.34421 0.36905 0.50238 0.70246 0.80115 0.77652 0.7104 0.62485 0.5772 
518.5 1.3421 1.4386 1.5079 1.5261 1.5361 1.5487 1.5591 1.5669 1.5751 1.5833 1.5836 1.5728 1.5597 1.5499 1.5396 1.5249 1.5048 1.4793 1.4528 1.4312 1.4164 1.4071 1.403 1.4024 1.3982 1.3906 1.3853 1.3814 1.3783 1.3736 1.3642 1.3528 1.339 1.3251 1.3056 1.2821 1.2425 1.1989 1.1644 1.1307 1.1004 1.0696 1.0407 1.0125 0.98554 0.95783 0.9328 0.90877 0.88511 0.86363 0.84054 0.81878 0.79687 0.7752 0.75468 0.73334 0.71351 0.69246 0.67311 0.6551 0.63605 0.61944 0.60219 0.58677 0.57272 0.55748 0.54291 0.52756 0.51314 0.4994 0.48548 0.47231 0.45793 0.44408 0.43081 0.41709 0.40446 0.39467 0.38437 0.37481 0.36499 0.35527 0.34595 0.33611 0.32668 0.31753 0.30893 0.30405 0.29161 0.32361 0.35752 0.34402 0.36882 0.5021 0.70207 0.80081 0.77643 0.71057 0.62507 0.57737 
519 1.3417 1.4383 1.5079 1.5262 1.5361 1.5485 1.559 1.5668 1.575 1.5831 1.5834 1.5726 1.5595 1.5498 1.5396 1.5251 1.5049 1.4794 1.4528 1.4312 1.4163 1.407 1.403 1.4023 1.3981 1.3906 1.3853 1.3813 1.3783 1.3736 1.3642 1.3529 1.3392 1.3252 1.3056 1.282 1.2426 1.1988 1.1644 1.1307 1.1004 1.0696 1.0407 1.0126 0.98563 0.95795 0.93285 0.90874 0.8851 0.86364 0.84059 0.81876 0.79681 0.77522 0.75473 0.73339 0.71357 0.6925 0.67311 0.6551 0.63606 0.61946 0.60226 0.58677 0.57271 0.55743 0.54281 0.52745 0.51303 0.49924 0.48545 0.47232 0.45778 0.44398 0.4308 0.41723 0.40454 0.39455 0.38425 0.37475 0.36492 0.35516 0.3458 0.33593 0.32657 0.31742 0.30874 0.30388 0.29151 0.32355 0.3575 0.34396 0.36857 0.50144 0.70093 0.79955 0.77558 0.71027 0.62502 0.57733 
519.5 1.3412 1.438 1.5079 1.5264 1.5361 1.5484 1.5588 1.5667 1.5748 1.5829 1.5832 1.5724 1.5593 1.5496 1.5396 1.5252 1.5051 1.4795 1.4527 1.4312 1.4163 1.407 1.403 1.4022 1.398 1.3906 1.3852 1.3812 1.3783 1.3736 1.3642 1.353 1.3393 1.3253 1.3056 1.282 1.2426 1.1987 1.1643 1.1306 1.1004 1.0697 1.0407 1.0127 0.98571 0.95806 0.9329 0.9087 0.88508 0.86364 0.84063 0.81875 0.79675 0.77524 0.75478 0.73343 0.71362 0.69254 0.67311 0.65511 0.63607 0.61949 0.60233 0.58678 0.5727 0.55739 0.54272 0.52734 0.51291 0.49909 0.48542 0.47232 0.45763 0.44388 0.43078 0.41737 0.40463 0.39442 0.38412 0.37469 0.36485 0.35504 0.34566 0.33576 0.32645 0.3173 0.30854 0.30371 0.2914 0.32348 0.35748 0.34391 0.36832 0.50078 0.69978 0.79829 0.77473 0.70998 0.62497 0.5773 
520 1.3408 1.4378 1.5079 1.5265 1.5361 1.5482 1.5587 1.5666 1.5747 1.5827 1.583 1.5722 1.5591 1.5495 1.5396 1.5253 1.5053 1.4796 1.4527 1.4311 1.4162 1.4069 1.403 1.4022 1.3979 1.3906 1.3851 1.3811 1.3783 1.3737 1.3642 1.3531 1.3395 1.3255 1.3056 1.282 1.2426 1.1986 1.1642 1.1306 1.1004 1.0698 1.0408 1.0127 0.98579 0.95818 0.93295 0.90867 0.88506 0.86365 0.84068 0.81874 0.79669 0.77525 0.75482 0.73348 0.71367 0.69258 0.67312 0.65511 0.63608 0.61951 0.60239 0.58678 0.57269 0.55735 0.54263 0.52723 0.5128 0.49893 0.48539 0.47233 0.45747 0.44378 0.43076 0.41751 0.40471 0.3943 0.384 0.37463 0.36478 0.35493 0.34551 0.33558 0.32633 0.31718 0.30835 0.30354 0.29129 0.32342 0.35746 0.34386 0.36807 0.50012 0.69864 0.79702 0.77388 0.70968 0.62493 0.57727 
520.5 1.3407 1.4377 1.5079 1.5265 1.536 1.5481 1.5586 1.5665 1.5745 1.5826 1.5828 1.572 1.5589 1.5494 1.5396 1.5254 1.5055 1.4798 1.4528 1.4311 1.4162 1.4069 1.403 1.4022 1.3979 1.3906 1.3851 1.381 1.3782 1.3737 1.3643 1.3531 1.3396 1.3256 1.3057 1.282 1.2426 1.1986 1.1643 1.1306 1.1004 1.0698 1.0407 1.0127 0.98578 0.95819 0.93293 0.90867 0.8851 0.86367 0.84068 0.81873 0.79672 0.77527 0.75481 0.73344 0.71363 0.69259 0.6731 0.65509 0.63607 0.61948 0.60239 0.58684 0.57267 0.55735 0.54269 0.5272 0.51279 0.49893 0.48537 0.47232 0.45746 0.44373 0.43071 0.41738 0.40469 0.39431 0.38391 0.3746 0.36469 0.35487 0.34547 0.33549 0.32622 0.31704 0.30821 0.30342 0.29121 0.32334 0.35737 0.34379 0.36804 0.50012 0.69866 0.79703 0.77387 0.70967 0.62496 0.57734 
521 1.3407 1.4377 1.5079 1.5265 1.536 1.5481 1.5586 1.5664 1.5744 1.5824 1.5827 1.5717 1.5588 1.5493 1.5395 1.5255 1.5056 1.48 1.453 1.4311 1.4161 1.4069 1.403 1.4023 1.398 1.3906 1.385 1.3807 1.3781 1.3738 1.3643 1.3531 1.3396 1.3257 1.3059 1.282 1.2424 1.1987 1.1643 1.1307 1.1004 1.0697 1.0407 1.0127 0.98571 0.95815 0.93288 0.90869 0.88516 0.8637 0.84066 0.81872 0.79679 0.77528 0.75476 0.73335 0.71356 0.69259 0.67307 0.65504 0.63605 0.61941 0.60237 0.58693 0.57263 0.55738 0.54283 0.52719 0.51284 0.49902 0.48536 0.4723 0.45752 0.4437 0.43065 0.41712 0.40462 0.39438 0.38384 0.37459 0.36459 0.35483 0.34548 0.33546 0.32612 0.31689 0.30809 0.30334 0.29114 0.32326 0.35724 0.34373 0.36813 0.50045 0.69924 0.79766 0.77427 0.7098 0.62503 0.57747 
521.5 1.3407 1.4377 1.5078 1.5265 1.536 1.548 1.5585 1.5663 1.5742 1.5822 1.5825 1.5715 1.5587 1.5492 1.5395 1.5256 1.5058 1.4802 1.4532 1.431 1.416 1.4069 1.4031 1.4023 1.3981 1.3906 1.3849 1.3805 1.3779 1.3739 1.3643 1.353 1.3396 1.3258 1.3061 1.282 1.2423 1.1987 1.1644 1.1308 1.1004 1.0696 1.0407 1.0127 0.98564 0.95811 0.93283 0.90871 0.88522 0.86373 0.84064 0.81871 0.79687 0.77529 0.75471 0.73327 0.71348 0.69259 0.67304 0.655 0.63603 0.61934 0.60234 0.58701 0.5726 0.55741 0.54296 0.52719 0.51289 0.4991 0.48536 0.47228 0.45757 0.44368 0.43058 0.41686 0.40455 0.39446 0.38377 0.37459 0.36449 0.3548 0.34548 0.33542 0.32601 0.31673 0.30797 0.30325 0.29106 0.32318 0.35712 0.34366 0.36822 0.50077 0.69983 0.79829 0.77468 0.70993 0.62511 0.57759 
522 1.3407 1.4377 1.5078 1.5264 1.5359 1.548 1.5584 1.5662 1.5741 1.5821 1.5823 1.5713 1.5585 1.5491 1.5394 1.5257 1.506 1.4804 1.4533 1.431 1.4159 1.407 1.4031 1.4024 1.3982 1.3905 1.3848 1.3803 1.3777 1.374 1.3643 1.3529 1.3396 1.3259 1.3063 1.282 1.2422 1.1988 1.1645 1.1308 1.1004 1.0696 1.0407 1.0126 0.98557 0.95807 0.93278 0.90873 0.88528 0.86376 0.84062 0.8187 0.79694 0.7753 0.75466 0.73318 0.71341 0.69259 0.67301 0.65496 0.63601 0.61928 0.60231 0.5871 0.57256 0.55743 0.5431 0.52719 0.51294 0.49919 0.48535 0.47226 0.45763 0.44365 0.43051 0.41661 0.40448 0.39453 0.38369 0.37458 0.36438 0.35476 0.34549 0.33538 0.3259 0.31658 0.30786 0.30316 0.29099 0.3231 0.35699 0.34359 0.36831 0.5011 0.70041 0.79892 0.77508 0.71005 0.62518 0.57771 
522.5 1.3407 1.4376 1.5078 1.5265 1.5359 1.5478 1.5583 1.5661 1.5739 1.5819 1.5822 1.5712 1.5584 1.5491 1.5394 1.5258 1.5061 1.4805 1.4535 1.431 1.4159 1.4069 1.403 1.4024 1.3982 1.3904 1.3847 1.3804 1.3778 1.3739 1.3643 1.3529 1.3395 1.3257 1.3062 1.2821 1.2423 1.1989 1.1646 1.1308 1.1004 1.0696 1.0407 1.0127 0.98566 0.95817 0.93292 0.90875 0.88531 0.86381 0.84063 0.81871 0.79696 0.77538 0.75477 0.73328 0.71346 0.69263 0.67303 0.65498 0.63609 0.61933 0.60234 0.58708 0.57258 0.55745 0.54307 0.52723 0.51296 0.49918 0.48536 0.47229 0.45766 0.44362 0.43046 0.41661 0.40433 0.3944 0.38361 0.37446 0.36433 0.35459 0.34531 0.33531 0.32589 0.3165 0.30776 0.3031 0.29092 0.32301 0.35695 0.34363 0.36841 0.50122 0.70053 0.7989 0.77469 0.70938 0.62464 0.57738 
523 1.3406 1.4376 1.5078 1.5265 1.5358 1.5477 1.5582 1.5659 1.5738 1.5817 1.582 1.571 1.5582 1.549 1.5394 1.5259 1.5063 1.4805 1.4535 1.431 1.4158 1.4068 1.4029 1.4024 1.3982 1.3903 1.3845 1.3805 1.3778 1.3738 1.3643 1.3529 1.3394 1.3256 1.3061 1.2823 1.2424 1.199 1.1646 1.1307 1.1003 1.0696 1.0407 1.0128 0.98577 0.95828 0.93309 0.90878 0.88534 0.86385 0.84064 0.81872 0.79697 0.77547 0.75489 0.7334 0.71352 0.69268 0.67307 0.655 0.63617 0.61941 0.60238 0.58705 0.57259 0.55747 0.54302 0.52727 0.51297 0.49917 0.48537 0.47231 0.45768 0.44359 0.4304 0.41664 0.40417 0.39424 0.38353 0.37432 0.36428 0.35441 0.3451 0.33522 0.32588 0.31644 0.30767 0.30304 0.29084 0.32292 0.35692 0.34369 0.36851 0.50133 0.7006 0.7988 0.77422 0.70862 0.62404 0.57699 
523.5 1.3405 1.4375 1.5078 1.5265 1.5358 1.5476 1.558 1.5658 1.5736 1.5815 1.5819 1.5709 1.558 1.549 1.5394 1.5259 1.5064 1.4806 1.4536 1.4311 1.4158 1.4066 1.4029 1.4024 1.3983 1.3902 1.3844 1.3807 1.3779 1.3736 1.3643 1.3529 1.3393 1.3254 1.3061 1.2824 1.2426 1.1991 1.1647 1.1306 1.1003 1.0696 1.0407 1.0129 0.98588 0.95839 0.93326 0.9088 0.88537 0.86389 0.84065 0.81874 0.79697 0.77556 0.75502 0.73352 0.71359 0.69272 0.6731 0.65503 0.63626 0.61948 0.60242 0.58703 0.57261 0.55748 0.54297 0.5273 0.51299 0.49916 0.48537 0.47234 0.4577 0.44356 0.43035 0.41667 0.40402 0.39407 0.38344 0.37418 0.36424 0.35423 0.3449 0.33514 0.32588 0.31637 0.30758 0.30298 0.29077 0.32283 0.35689 0.34374 0.3686 0.50143 0.70067 0.79871 0.77374 0.70786 0.62344 0.57661 
524 1.3405 1.4375 1.5078 1.5265 1.5357 1.5475 1.5579 1.5657 1.5734 1.5813 1.5818 1.5708 1.5578 1.5489 1.5394 1.526 1.5065 1.4807 1.4537 1.4311 1.4157 1.4066 1.4028 1.4025 1.3983 1.3901 1.3843 1.3808 1.3779 1.3735 1.3643 1.3529 1.3392 1.3253 1.306 1.2826 1.2427 1.1992 1.1648 1.1306 1.1002 1.0696 1.0407 1.0129 0.98597 0.95849 0.9334 0.90883 0.88539 0.86392 0.84066 0.81876 0.79698 0.77563 0.75512 0.73362 0.71365 0.69275 0.67313 0.65506 0.63633 0.61954 0.60245 0.58699 0.57263 0.5575 0.54293 0.52733 0.51298 0.49915 0.48538 0.47235 0.45771 0.44353 0.43028 0.41668 0.40389 0.39393 0.38338 0.37405 0.36417 0.35408 0.34472 0.33506 0.32587 0.31631 0.30749 0.30292 0.29069 0.32275 0.35686 0.34377 0.36868 0.50152 0.70073 0.79866 0.77344 0.70736 0.62311 0.57648 
524.5 1.3408 1.4377 1.5078 1.5264 1.5356 1.5474 1.5577 1.5655 1.5733 1.5812 1.5816 1.5707 1.5578 1.5489 1.5395 1.5261 1.5064 1.4806 1.4537 1.4312 1.4158 1.4066 1.4028 1.4024 1.3983 1.3902 1.3844 1.3807 1.3777 1.3734 1.3643 1.353 1.3393 1.3255 1.3062 1.2826 1.2428 1.1993 1.1648 1.1306 1.1001 1.0696 1.0407 1.0128 0.98594 0.9585 0.9334 0.90884 0.88534 0.86389 0.84065 0.8188 0.79698 0.77557 0.75507 0.73365 0.71373 0.69266 0.67317 0.65519 0.63632 0.61956 0.60238 0.58689 0.57264 0.55751 0.54292 0.52726 0.51282 0.49915 0.48537 0.47224 0.45765 0.44345 0.43011 0.41658 0.40397 0.39389 0.38348 0.37398 0.36397 0.35416 0.34468 0.335 0.3258 0.31621 0.30743 0.30283 0.29055 0.3227 0.35686 0.34367 0.36863 0.50158 0.70079 0.79895 0.77429 0.70865 0.62463 0.57809 
525 1.341 1.4379 1.5079 1.5263 1.5355 1.5473 1.5576 1.5653 1.5731 1.5811 1.5815 1.5707 1.5579 1.549 1.5396 1.5261 1.5064 1.4806 1.4538 1.4313 1.4159 1.4067 1.4028 1.4024 1.3984 1.3903 1.3845 1.3806 1.3776 1.3734 1.3643 1.3531 1.3394 1.3256 1.3065 1.2826 1.2428 1.1993 1.1648 1.1306 1.1001 1.0697 1.0406 1.0126 0.98592 0.95852 0.9334 0.90885 0.8853 0.86385 0.84063 0.81885 0.79697 0.77552 0.75501 0.73367 0.71381 0.69257 0.67321 0.65531 0.6363 0.61959 0.60232 0.58679 0.57265 0.55752 0.54291 0.52719 0.51265 0.49915 0.48536 0.47212 0.45759 0.44337 0.42993 0.41647 0.40404 0.39386 0.38358 0.37391 0.36376 0.35423 0.34465 0.33494 0.32573 0.31612 0.30736 0.30274 0.29042 0.32265 0.35685 0.34357 0.36858 0.50163 0.70085 0.79924 0.77514 0.70995 0.62615 0.5797 
525.5 1.3413 1.4381 1.5079 1.5262 1.5354 1.5472 1.5574 1.5651 1.573 1.581 1.5814 1.5706 1.5579 1.549 1.5397 1.5261 1.5063 1.4806 1.4538 1.4313 1.416 1.4068 1.4028 1.4023 1.3984 1.3904 1.3846 1.3805 1.3774 1.3733 1.3644 1.3533 1.3395 1.3257 1.3067 1.2827 1.2428 1.1993 1.1648 1.1306 1.1 1.0697 1.0406 1.0124 0.9859 0.95853 0.9334 0.90886 0.88525 0.86382 0.84061 0.81889 0.79697 0.77546 0.75495 0.73369 0.71389 0.69248 0.67325 0.65544 0.63629 0.61961 0.60225 0.58669 0.57266 0.55753 0.54291 0.52712 0.51248 0.49915 0.48535 0.47201 0.45752 0.44329 0.42976 0.41636 0.40412 0.39382 0.38368 0.37383 0.36356 0.3543 0.34462 0.33488 0.32566 0.31602 0.30729 0.30266 0.29029 0.3226 0.35684 0.34347 0.36853 0.50169 0.70091 0.79953 0.776 0.71124 0.62767 0.58131 
526 1.3415 1.4382 1.5079 1.5261 1.5353 1.5471 1.5573 1.5649 1.5728 1.5808 1.5813 1.5705 1.5578 1.549 1.5397 1.5261 1.5062 1.4806 1.4538 1.4314 1.4161 1.4068 1.4028 1.4022 1.3984 1.3905 1.3846 1.3804 1.3773 1.3733 1.3644 1.3534 1.3396 1.3259 1.3068 1.2827 1.2428 1.1993 1.1648 1.1306 1.1 1.0696 1.0406 1.0124 0.98587 0.95852 0.93341 0.90888 0.88527 0.86384 0.84064 0.81894 0.79698 0.77544 0.75496 0.73373 0.71394 0.69246 0.67327 0.65547 0.63626 0.61962 0.60225 0.58668 0.57268 0.55753 0.54288 0.52707 0.51239 0.49913 0.48535 0.47195 0.45743 0.44322 0.42965 0.4163 0.40417 0.39374 0.38364 0.37375 0.36345 0.35429 0.34456 0.3348 0.32555 0.31593 0.30722 0.30255 0.29018 0.32253 0.35679 0.34337 0.36841 0.50159 0.70084 0.79961 0.77643 0.71194 0.62841 0.58202 
526.5 1.3417 1.4383 1.5078 1.5259 1.5352 1.547 1.5571 1.5647 1.5726 1.5807 1.5812 1.5705 1.5577 1.5488 1.5396 1.5261 1.5062 1.4806 1.4539 1.4315 1.4161 1.4069 1.4028 1.402 1.3982 1.3905 1.3847 1.3804 1.3773 1.3734 1.3645 1.3534 1.3399 1.3261 1.3068 1.2827 1.2427 1.1992 1.1647 1.1307 1.1 1.0696 1.0407 1.0125 0.98583 0.95846 0.93341 0.90893 0.88538 0.86398 0.84073 0.81899 0.79701 0.77549 0.75506 0.73378 0.71394 0.69257 0.67327 0.65534 0.6362 0.6196 0.60236 0.58683 0.57272 0.55751 0.54281 0.52706 0.51245 0.49908 0.48535 0.47197 0.45727 0.44319 0.42963 0.41633 0.40418 0.39359 0.38333 0.37365 0.36352 0.35413 0.34446 0.33467 0.32538 0.31586 0.30713 0.30242 0.2901 0.32241 0.35665 0.34325 0.36817 0.50123 0.70053 0.79933 0.77609 0.71158 0.62775 0.5811 
527 1.3419 1.4384 1.5078 1.5258 1.5351 1.5468 1.5569 1.5645 1.5724 1.5805 1.5811 1.5704 1.5576 1.5487 1.5396 1.5261 1.5062 1.4806 1.4539 1.4315 1.4161 1.4069 1.4028 1.4018 1.398 1.3905 1.3847 1.3803 1.3773 1.3735 1.3646 1.3535 1.3401 1.3263 1.3069 1.2826 1.2426 1.1991 1.1646 1.1307 1.1001 1.0696 1.0407 1.0126 0.98579 0.9584 0.93342 0.90898 0.8855 0.86412 0.84082 0.81904 0.79705 0.77553 0.75517 0.73383 0.71393 0.69268 0.67326 0.65521 0.63614 0.61958 0.60248 0.58697 0.57275 0.55748 0.54274 0.52704 0.51251 0.49903 0.48536 0.47199 0.45712 0.44316 0.42962 0.41636 0.40418 0.39343 0.38302 0.37355 0.36358 0.35396 0.34435 0.33455 0.3252 0.31579 0.30704 0.30229 0.29003 0.32229 0.3565 0.34313 0.36793 0.50087 0.70023 0.79905 0.77576 0.71122 0.62709 0.58018 
527.5 1.3421 1.4385 1.5078 1.5257 1.535 1.5467 1.5567 1.5643 1.5722 1.5804 1.581 1.5703 1.5575 1.5486 1.5395 1.5261 1.5061 1.4807 1.454 1.4316 1.4161 1.4069 1.4028 1.4016 1.3978 1.3905 1.3847 1.3803 1.3774 1.3737 1.3646 1.3535 1.3403 1.3265 1.3069 1.2826 1.2425 1.1989 1.1645 1.1307 1.1001 1.0695 1.0408 1.0127 0.98576 0.95834 0.93343 0.90903 0.88561 0.86425 0.84092 0.81909 0.79708 0.77557 0.75528 0.73388 0.71393 0.6928 0.67326 0.65508 0.63607 0.61955 0.60259 0.58712 0.57278 0.55746 0.54267 0.52703 0.51256 0.49899 0.48537 0.47202 0.45696 0.44313 0.42961 0.41639 0.40419 0.39328 0.38271 0.37344 0.36365 0.35379 0.34425 0.33442 0.32503 0.31571 0.30694 0.30216 0.28996 0.32217 0.35636 0.34301 0.36769 0.50051 0.69992 0.79876 0.77542 0.71085 0.62643 0.57926 
528 1.3421 1.4385 1.5077 1.5256 1.5349 1.5465 1.5565 1.5641 1.5721 1.5802 1.5809 1.5702 1.5575 1.5486 1.5395 1.526 1.5061 1.4807 1.4541 1.4316 1.4161 1.4069 1.4027 1.4016 1.3977 1.3904 1.3846 1.3803 1.3774 1.3737 1.3647 1.3535 1.3404 1.3266 1.3069 1.2826 1.2425 1.1989 1.1645 1.1307 1.1001 1.0695 1.0408 1.0127 0.98575 0.95831 0.93339 0.90903 0.88559 0.86424 0.84094 0.81912 0.79711 0.77561 0.75532 0.73391 0.71397 0.69283 0.67326 0.65509 0.63606 0.61953 0.60261 0.58712 0.57274 0.55739 0.54266 0.52706 0.5126 0.499 0.48531 0.47194 0.45689 0.4431 0.42961 0.41642 0.40412 0.39311 0.38258 0.37333 0.36356 0.35371 0.34418 0.33424 0.32484 0.31561 0.30682 0.30204 0.28982 0.32201 0.35619 0.34282 0.36749 0.50035 0.69988 0.79878 0.77544 0.71084 0.62626 0.57894 
528.5 1.3421 1.4385 1.5077 1.5256 1.5348 1.5464 1.5564 1.5639 1.5719 1.5801 1.5808 1.5702 1.5575 1.5486 1.5395 1.5259 1.5061 1.4808 1.4542 1.4317 1.4162 1.4069 1.4027 1.4016 1.3977 1.3903 1.3845 1.3804 1.3775 1.3736 1.3646 1.3536 1.3404 1.3267 1.307 1.2826 1.2425 1.1989 1.1645 1.1306 1.1001 1.0695 1.0407 1.0127 0.98578 0.95832 0.93333 0.909 0.88547 0.86411 0.84092 0.81914 0.79714 0.77563 0.75531 0.73393 0.71403 0.6928 0.67327 0.6552 0.63608 0.61951 0.60256 0.58702 0.57265 0.55729 0.54268 0.52713 0.51263 0.49904 0.48521 0.4718 0.45687 0.44308 0.42961 0.41644 0.40399 0.39293 0.38259 0.37322 0.36335 0.3537 0.34412 0.334 0.32465 0.3155 0.30668 0.30192 0.28963 0.32182 0.356 0.34259 0.36732 0.50035 0.70002 0.79902 0.77571 0.71107 0.62643 0.57907 
529 1.342 1.4384 1.5077 1.5256 1.5347 1.5462 1.5562 1.5638 1.5718 1.58 1.5807 1.5701 1.5575 1.5487 1.5394 1.5258 1.5061 1.4809 1.4543 1.4318 1.4163 1.4069 1.4026 1.4016 1.3977 1.3902 1.3844 1.3804 1.3775 1.3735 1.3646 1.3536 1.3404 1.3267 1.307 1.2827 1.2425 1.199 1.1644 1.1305 1.1 1.0695 1.0407 1.0126 0.9858 0.95832 0.93326 0.90897 0.88536 0.86398 0.8409 0.81917 0.79717 0.77565 0.7553 0.73394 0.71409 0.69276 0.67328 0.65532 0.6361 0.61949 0.60251 0.58691 0.57255 0.55719 0.5427 0.52719 0.51266 0.49909 0.48511 0.47165 0.45685 0.44306 0.42962 0.41647 0.40387 0.39275 0.38259 0.3731 0.36315 0.35368 0.34407 0.33377 0.32446 0.31538 0.30654 0.30179 0.28944 0.32163 0.35581 0.34236 0.36715 0.50035 0.70017 0.79925 0.77597 0.7113 0.6266 0.5792 
529.5 1.3419 1.4384 1.5077 1.5256 1.5346 1.5461 1.556 1.5636 1.5716 1.5799 1.5807 1.57 1.5575 1.5487 1.5394 1.5258 1.5061 1.4809 1.4544 1.4318 1.4164 1.4069 1.4025 1.4016 1.3977 1.3901 1.3843 1.3805 1.3776 1.3734 1.3646 1.3536 1.3404 1.3268 1.3071 1.2827 1.2426 1.199 1.1644 1.1304 1.1 1.0695 1.0407 1.0126 0.98582 0.95833 0.9332 0.90895 0.88524 0.86386 0.84087 0.81919 0.7972 0.77568 0.75529 0.73396 0.71415 0.69273 0.67328 0.65543 0.63612 0.61947 0.60247 0.5868 0.57246 0.55709 0.54272 0.52726 0.51268 0.49914 0.48502 0.47151 0.45684 0.44304 0.42962 0.41649 0.40375 0.39258 0.38259 0.37298 0.36295 0.35366 0.34402 0.33353 0.32427 0.31526 0.3064 0.30167 0.28925 0.32144 0.35561 0.34212 0.36698 0.50035 0.70031 0.79949 0.77624 0.71153 0.62677 0.57933 
530 1.3417 1.4383 1.5076 1.5255 1.5345 1.5459 1.5558 1.5634 1.5715 1.5798 1.5806 1.5699 1.5575 1.5487 1.5394 1.5258 1.5062 1.481 1.4544 1.4319 1.4165 1.4069 1.4024 1.4017 1.3977 1.39 1.3843 1.3803 1.3774 1.3733 1.3646 1.3536 1.3405 1.3269 1.3071 1.2828 1.2428 1.199 1.1644 1.1305 1.1001 1.0695 1.0406 1.0126 0.98579 0.95826 0.93321 0.90899 0.88531 0.86392 0.84094 0.81921 0.79712 0.77557 0.7553 0.73394 0.71407 0.69278 0.67333 0.65542 0.63614 0.6195 0.60243 0.58676 0.57251 0.55715 0.54264 0.52707 0.51255 0.49897 0.48494 0.47155 0.45685 0.443 0.42948 0.41624 0.40359 0.39264 0.3826 0.37301 0.363 0.35345 0.34377 0.33347 0.32425 0.31521 0.30634 0.30154 0.28909 0.32138 0.35562 0.3421 0.3668 0.50008 0.70019 0.79951 0.7761 0.7104 0.62401 0.57577 
530.5 1.3415 1.4381 1.5076 1.5255 1.5344 1.5457 1.5556 1.5632 1.5713 1.5797 1.5805 1.5699 1.5575 1.5487 1.5394 1.5259 1.5062 1.481 1.4544 1.4319 1.4167 1.407 1.4023 1.4017 1.3977 1.39 1.3844 1.38 1.3771 1.3733 1.3646 1.3537 1.3407 1.327 1.3071 1.2828 1.243 1.199 1.1645 1.1307 1.1002 1.0695 1.0406 1.0126 0.98575 0.95818 0.93325 0.90906 0.88542 0.86404 0.84103 0.81923 0.79701 0.77542 0.75532 0.73391 0.71395 0.69284 0.67338 0.65538 0.63616 0.61954 0.60239 0.58674 0.57259 0.55726 0.54254 0.52682 0.51237 0.49876 0.48486 0.47165 0.45688 0.44296 0.42931 0.41591 0.40343 0.39276 0.3826 0.37306 0.36311 0.35319 0.34348 0.33345 0.32427 0.31518 0.30628 0.3014 0.28895 0.32136 0.35567 0.34212 0.36663 0.49974 0.70001 0.79949 0.77586 0.70894 0.62057 0.57133 
531 1.3413 1.4379 1.5076 1.5255 1.5343 1.5455 1.5554 1.563 1.5712 1.5796 1.5804 1.5699 1.5575 1.5487 1.5395 1.526 1.5062 1.481 1.4543 1.4319 1.4168 1.407 1.4022 1.4018 1.3977 1.39 1.3844 1.3798 1.3768 1.3732 1.3645 1.3537 1.3408 1.3271 1.3071 1.2829 1.2432 1.199 1.1645 1.1309 1.1003 1.0696 1.0405 1.0127 0.9857 0.95809 0.93328 0.90912 0.88553 0.86414 0.84112 0.81924 0.7969 0.77527 0.75533 0.73388 0.71383 0.69289 0.67342 0.65534 0.63618 0.61957 0.60235 0.58671 0.57267 0.55735 0.54243 0.52656 0.51219 0.49854 0.48479 0.47174 0.45689 0.44291 0.42914 0.41559 0.40327 0.39288 0.38261 0.37312 0.36321 0.35293 0.34319 0.33344 0.32428 0.31514 0.30623 0.30127 0.28881 0.32133 0.35571 0.34213 0.36642 0.49937 0.69984 0.7995 0.77561 0.7074 0.617 0.56677 
531.5 1.3818 1.4448 1.507 1.5336 1.5412 1.5488 1.5585 1.5672 1.5737 1.5765 1.5734 1.5661 1.5582 1.5496 1.5381 1.5226 1.503 1.4797 1.4557 1.4358 1.422 1.413 1.4071 1.4025 1.3972 1.3924 1.3892 1.3844 1.3775 1.3693 1.3587 1.3486 1.3363 1.3234 1.3072 1.2811 1.2398 1.1984 1.1626 1.129 1.0971 1.0666 1.0379 1.0105 0.9831 0.95722 0.93108 0.90531 0.88103 0.85743 0.83536 0.81487 0.7936 0.77174 0.75038 0.73026 0.71142 0.69258 0.67164 0.64977 0.62888 0.61154 0.59711 0.58288 0.56787 0.5527 0.53759 0.52217 0.50689 0.49258 0.47885 0.46592 0.45315 0.43922 0.42492 0.41059 0.39753 0.38707 0.37854 0.36896 0.35855 0.34688 0.33604 0.32502 0.31583 0.30829 0.30242 0.30308 0.29427 0.30824 0.32114 0.29611 0.31686 0.51567 0.73451 0.78291 0.74099 0.65937 0.55931 0.50499 
532 1.4159 1.4578 1.4982 1.5213 1.5405 1.5559 1.5631 1.5674 1.5723 1.5752 1.5737 1.5687 1.5606 1.5497 1.536 1.5193 1.4998 1.478 1.4565 1.4389 1.4258 1.4164 1.4093 1.4035 1.3986 1.3936 1.3885 1.3826 1.3775 1.3713 1.3605 1.3483 1.3371 1.32 1.3093 1.2823 1.2362 1.1983 1.1626 1.129 1.0963 1.0654 1.0363 1.0086 0.98108 0.95522 0.92955 0.90523 0.88082 0.85535 0.83018 0.80887 0.7878 0.76729 0.74635 0.72634 0.70552 0.68422 0.66433 0.64539 0.62737 0.60948 0.59225 0.57543 0.55937 0.54413 0.52939 0.51448 0.49916 0.48432 0.46966 0.45475 0.44022 0.42581 0.41282 0.40065 0.38803 0.37556 0.36383 0.35218 0.34135 0.33101 0.32073 0.31012 0.3006 0.29243 0.28532 0.27999 0.26511 0.27649 0.28739 0.26421 0.29838 0.50998 0.73535 0.79669 0.76918 0.6884 0.57706 0.51643 
532.5 1.4304 1.4662 1.5032 1.5249 1.5404 1.5541 1.5634 1.5689 1.5723 1.5735 1.5718 1.5674 1.5598 1.5488 1.5344 1.5171 1.4977 1.4783 1.4598 1.4427 1.4279 1.4172 1.4103 1.4051 1.4001 1.3951 1.3898 1.3827 1.3762 1.3689 1.359 1.3482 1.3368 1.3187 1.3103 1.2848 1.2373 1.1992 1.1636 1.1277 1.0953 1.0651 1.0361 1.0074 0.97963 0.95284 0.92648 0.90198 0.87763 0.85325 0.83178 0.80923 0.78612 0.76339 0.74216 0.72165 0.69968 0.67969 0.66018 0.64114 0.62272 0.60457 0.58733 0.56991 0.5534 0.53744 0.52153 0.5062 0.49011 0.47525 0.46028 0.44636 0.43158 0.41733 0.40364 0.38987 0.37631 0.36403 0.35246 0.34053 0.32874 0.31781 0.30707 0.29648 0.28635 0.27595 0.26615 0.25903 0.24297 0.25473 0.26973 0.25382 0.29489 0.50751 0.73881 0.8068 0.77125 0.67959 0.56743 0.50982 
533 1.4481 1.4788 1.5097 1.528 1.5424 1.5555 1.5645 1.5696 1.5726 1.5734 1.5713 1.5663 1.5582 1.5468 1.5324 1.5158 1.4977 1.4789 1.4606 1.445 1.4318 1.4211 1.4131 1.4061 1.4001 1.3953 1.3911 1.3846 1.3761 1.3679 1.3582 1.3467 1.3356 1.3175 1.3098 1.2857 1.2368 1.1985 1.1636 1.1299 1.0976 1.0647 1.0344 1.0056 0.97732 0.9511 0.92502 0.89934 0.8753 0.85137 0.82925 0.8062 0.78303 0.76148 0.73833 0.71596 0.69634 0.67607 0.65502 0.63608 0.61837 0.59987 0.58225 0.56461 0.54704 0.5305 0.51405 0.49827 0.4827 0.46762 0.45282 0.438 0.42222 0.40772 0.39327 0.37892 0.36465 0.35217 0.34028 0.32813 0.3159 0.30444 0.2932 0.28129 0.27018 0.25893 0.24744 0.23796 0.22219 0.23662 0.25604 0.24802 0.29721 0.50963 0.73894 0.80186 0.75594 0.67215 0.57966 0.53041 
533.5 1.4617 1.4893 1.5179 1.5336 1.5434 1.554 1.5641 1.5705 1.5729 1.5728 1.5704 1.5652 1.5566 1.5457 1.5316 1.5151 1.4975 1.4795 1.4622 1.4468 1.4338 1.4231 1.4145 1.4077 1.4015 1.3956 1.3907 1.3848 1.3772 1.3678 1.3571 1.3456 1.3345 1.3174 1.3112 1.2868 1.2368 1.1994 1.1631 1.1304 1.0988 1.064 1.0356 1.0056 0.97453 0.94774 0.92268 0.89729 0.87421 0.85084 0.82491 0.80339 0.78083 0.75668 0.73654 0.71562 0.69284 0.67145 0.65022 0.63057 0.61373 0.59508 0.57603 0.55995 0.54182 0.5231 0.50946 0.49321 0.4731 0.45848 0.44466 0.42868 0.41372 0.39831 0.38343 0.36898 0.35432 0.34144 0.32883 0.31631 0.30376 0.2909 0.27917 0.2673 0.25535 0.24317 0.22972 0.21961 0.20525 0.22121 0.24563 0.24646 0.3019 0.50895 0.73298 0.79778 0.76049 0.68111 0.57545 0.5172 
534 1.4707 1.495 1.5205 1.5359 1.5471 1.5574 1.5653 1.5703 1.5727 1.5726 1.5699 1.5642 1.5556 1.5444 1.5308 1.5147 1.4974 1.4804 1.4639 1.4488 1.4357 1.4247 1.4159 1.4095 1.404 1.3978 1.3909 1.3838 1.3768 1.3675 1.3563 1.345 1.3343 1.3165 1.3107 1.2873 1.2368 1.1995 1.1639 1.1308 1.0985 1.0635 1.0343 1.0055 0.97684 0.94749 0.9188 0.89335 0.87192 0.84888 0.8208 0.80187 0.78077 0.75246 0.73385 0.71349 0.68746 0.66814 0.64804 0.62679 0.60842 0.59098 0.57194 0.55298 0.53611 0.51907 0.50262 0.48581 0.46826 0.45192 0.43633 0.42154 0.40671 0.39133 0.37589 0.35968 0.34461 0.3313 0.31862 0.30582 0.29243 0.2794 0.26673 0.25339 0.24009 0.22854 0.217 0.20815 0.19865 0.21892 0.2462 0.25179 0.31082 0.5125 0.73159 0.79537 0.74856 0.65467 0.55141 0.50308 
534.5 1.4818 1.5039 1.5267 1.54 1.5492 1.558 1.5654 1.5702 1.5722 1.572 1.5693 1.5634 1.5547 1.5435 1.5299 1.5144 1.4978 1.4812 1.4651 1.4506 1.4374 1.4263 1.4179 1.4105 1.4038 1.3983 1.3938 1.3874 1.3774 1.365 1.3537 1.344 1.3342 1.316 1.3109 1.2883 1.237 1.1996 1.1645 1.1305 1.0982 1.0639 1.0336 1.0038 0.97444 0.94584 0.91868 0.89283 0.86978 0.84569 0.81774 0.79967 0.7791 0.75139 0.72873 0.70605 0.68798 0.66789 0.64126 0.6244 0.60692 0.58341 0.56789 0.55132 0.52935 0.51438 0.49834 0.47774 0.46203 0.44642 0.42865 0.41535 0.40048 0.38165 0.36752 0.35302 0.33565 0.32214 0.30923 0.2951 0.2822 0.26892 0.25496 0.24235 0.22997 0.21764 0.20782 0.20399 0.1981 0.2184 0.24673 0.25573 0.31592 0.5104 0.72408 0.78529 0.73015 0.63076 0.53415 0.49349 
535 1.4881 1.508 1.5286 1.5417 1.5521 1.5606 1.566 1.5692 1.571 1.571 1.5681 1.5622 1.5535 1.5424 1.529 1.514 1.498 1.4817 1.4658 1.4515 1.4388 1.4278 1.4186 1.4111 1.4046 1.3985 1.3926 1.386 1.3772 1.3664 1.3547 1.3425 1.3326 1.3153 1.3105 1.288 1.2364 1.1996 1.1645 1.1275 1.0971 1.0661 1.0317 1.001 0.97267 0.94697 0.92029 0.89239 0.86657 0.83917 0.81625 0.79572 0.77332 0.74959 0.72419 0.70585 0.68566 0.66028 0.64233 0.62243 0.59723 0.58074 0.56378 0.54077 0.52568 0.51058 0.49006 0.47211 0.45569 0.43904 0.42253 0.40756 0.39175 0.37511 0.3594 0.34309 0.32801 0.31416 0.29981 0.28528 0.27188 0.2584 0.24428 0.23266 0.22128 0.2101 0.20098 0.19681 0.19174 0.21232 0.24154 0.25396 0.31622 0.50551 0.71189 0.76533 0.70212 0.61164 0.5458 0.52473 
535.5 1.4934 1.5114 1.5298 1.5412 1.5507 1.56 1.5668 1.5692 1.5681 1.5661 1.5636 1.5587 1.5504 1.5391 1.526 1.5114 1.4959 1.4802 1.4648 1.4507 1.4384 1.4272 1.4177 1.41 1.4031 1.3969 1.3906 1.3841 1.377 1.3675 1.3547 1.3397 1.3277 1.3116 1.3096 1.2877 1.2349 1.1977 1.1623 1.1245 1.0965 1.0663 1.0294 0.99892 0.97041 0.94414 0.91752 0.88798 0.86551 0.8412 0.81296 0.79318 0.77199 0.7461 0.72288 0.70144 0.68016 0.6593 0.63872 0.61792 0.59701 0.57869 0.5606 0.53993 0.52182 0.50499 0.48878 0.47176 0.45352 0.43652 0.41967 0.4044 0.38848 0.371 0.35581 0.3413 0.32561 0.31158 0.29755 0.28293 0.26951 0.25638 0.24362 0.2322 0.22095 0.21129 0.20441 0.20288 0.20206 0.22516 0.25633 0.27209 0.33618 0.51668 0.70553 0.74178 0.67134 0.57928 0.50496 0.47858 
536 1.4985 1.5137 1.5301 1.5409 1.5491 1.5566 1.5626 1.5664 1.5679 1.5663 1.5616 1.5548 1.5463 1.5359 1.5233 1.5091 1.494 1.4787 1.4639 1.45 1.4376 1.4266 1.417 1.4089 1.4019 1.3952 1.3887 1.3821 1.3741 1.3642 1.3531 1.3397 1.3269 1.3094 1.3073 1.2863 1.2338 1.1958 1.16 1.1236 1.0943 1.0629 1.0279 0.99738 0.96904 0.94 0.91458 0.88989 0.86261 0.84071 0.81639 0.78787 0.76415 0.74366 0.72144 0.69912 0.67767 0.6549 0.63619 0.61713 0.59676 0.57917 0.55831 0.53487 0.51659 0.50099 0.48612 0.46995 0.44985 0.43267 0.41728 0.40155 0.38538 0.36786 0.3543 0.33981 0.32332 0.30929 0.29495 0.28027 0.26661 0.25457 0.24367 0.23328 0.22284 0.21364 0.20742 0.2085 0.21128 0.23652 0.2695 0.28738 0.3472 0.51259 0.68492 0.71142 0.63656 0.54643 0.48097 0.46071 
536.5 1.5014 1.516 1.5313 1.541 1.5483 1.5549 1.5602 1.5635 1.5644 1.563 1.559 1.5525 1.5436 1.5328 1.5204 1.5067 1.4921 1.4772 1.4628 1.4494 1.4369 1.4256 1.4162 1.4081 1.4006 1.3938 1.387 1.3797 1.3715 1.362 1.3518 1.3395 1.3273 1.3085 1.3048 1.2838 1.2323 1.1946 1.1586 1.1208 1.0921 1.062 1.026 0.99586 0.96653 0.93721 0.91302 0.88708 0.85974 0.83774 0.81388 0.78641 0.76089 0.74271 0.72185 0.69527 0.67334 0.65225 0.63366 0.61419 0.59206 0.57553 0.55737 0.53416 0.51573 0.49917 0.48164 0.46449 0.44673 0.43038 0.41446 0.39915 0.38329 0.36611 0.35059 0.33535 0.31967 0.30667 0.29388 0.27934 0.26575 0.25345 0.24238 0.23274 0.2243 0.21788 0.21425 0.21753 0.22281 0.24813 0.2801 0.2982 0.35408 0.50729 0.66672 0.68768 0.61134 0.52113 0.45613 0.43581 
537 1.5039 1.5179 1.532 1.5407 1.5472 1.5532 1.5578 1.5605 1.561 1.5593 1.5553 1.5488 1.54 1.5294 1.5172 1.5038 1.4896 1.4752 1.4612 1.448 1.4357 1.4244 1.4148 1.4065 1.3989 1.3917 1.3847 1.3772 1.3685 1.3591 1.3485 1.3359 1.3258 1.3113 1.308 1.2821 1.2272 1.1899 1.1562 1.1201 1.0893 1.0581 1.024 0.99427 0.96484 0.93475 0.91019 0.88478 0.85742 0.83247 0.81175 0.78921 0.76206 0.7371 0.71415 0.69165 0.67067 0.65089 0.62942 0.60894 0.59057 0.57118 0.55198 0.53381 0.51406 0.49442 0.47831 0.46162 0.44295 0.42668 0.41184 0.39717 0.38076 0.36237 0.34694 0.33172 0.3164 0.30298 0.29001 0.27762 0.2643 0.2524 0.24209 0.23297 0.22593 0.22139 0.22007 0.22474 0.23158 0.25673 0.28774 0.30693 0.36032 0.50283 0.64862 0.66263 0.58677 0.50211 0.44611 0.4307 
537.5 1.5067 1.5198 1.5331 1.541 1.5468 1.5519 1.5559 1.5581 1.5582 1.5563 1.5521 1.5457 1.5371 1.5266 1.5146 1.5015 1.4877 1.4736 1.46 1.4472 1.4349 1.4239 1.4141 1.4056 1.3978 1.3903 1.3827 1.375 1.3665 1.3566 1.3465 1.335 1.3241 1.3092 1.3065 1.2833 1.2302 1.1892 1.152 1.1164 1.0856 1.0551 1.0236 0.99243 0.96211 0.93377 0.90805 0.88184 0.85567 0.83239 0.80827 0.78234 0.75957 0.7366 0.71193 0.69004 0.66827 0.64772 0.62742 0.60586 0.58812 0.56923 0.54848 0.53037 0.51104 0.49251 0.4766 0.45899 0.44008 0.4237 0.40839 0.39292 0.3771 0.36003 0.34541 0.3304 0.3143 0.30068 0.28811 0.27571 0.26347 0.25236 0.24305 0.23511 0.22924 0.22715 0.22793 0.23518 0.24468 0.26948 0.29968 0.31954 0.36974 0.49997 0.62923 0.63514 0.56163 0.47799 0.4073 0.3791 
538 1.5101 1.5236 1.5376 1.5452 1.5486 1.5513 1.5544 1.5565 1.5565 1.5547 1.5508 1.5436 1.5329 1.5211 1.5103 1.4989 1.486 1.4722 1.4589 1.4465 1.4344 1.4234 1.4138 1.405 1.3966 1.389 1.3815 1.3731 1.3641 1.3547 1.3446 1.3331 1.3229 1.3093 1.3053 1.2796 1.2279 1.1902 1.1549 1.1173 1.0815 1.0493 1.0198 0.99071 0.96054 0.93136 0.9065 0.88092 0.85331 0.82931 0.80552 0.78016 0.75683 0.73517 0.71199 0.68805 0.66537 0.64334 0.6233 0.60375 0.58372 0.56628 0.54739 0.52644 0.50761 0.49024 0.47397 0.45643 0.43787 0.4209 0.40477 0.38919 0.37367 0.35759 0.34382 0.32872 0.31252 0.29852 0.2869 0.2758 0.26372 0.25357 0.24475 0.23815 0.2347 0.23399 0.23699 0.24567 0.25648 0.28192 0.31157 0.33263 0.3812 0.50012 0.61169 0.60714 0.52957 0.44213 0.36786 0.33759 
538.5 1.5126 1.5249 1.5366 1.5427 1.5468 1.5504 1.5529 1.5541 1.5536 1.5513 1.5469 1.5404 1.532 1.522 1.5107 1.4983 1.4851 1.4711 1.4566 1.443 1.4321 1.4229 1.4137 1.4044 1.3959 1.3879 1.3798 1.371 1.3619 1.3524 1.3426 1.3317 1.3222 1.3096 1.3033 1.2765 1.2264 1.187 1.1516 1.1177 1.0844 1.051 1.0172 0.98574 0.95758 0.93091 0.9045 0.87764 0.85183 0.82649 0.8012 0.77874 0.7555 0.73036 0.70866 0.68729 0.66464 0.64238 0.62081 0.60006 0.57978 0.56318 0.54538 0.52413 0.50498 0.48789 0.47173 0.45402 0.43494 0.41738 0.40123 0.38581 0.37057 0.35521 0.34067 0.32589 0.31128 0.29797 0.28542 0.27368 0.26352 0.25534 0.24877 0.24438 0.24257 0.24371 0.24771 0.25799 0.27198 0.29798 0.32743 0.35001 0.39636 0.50115 0.58976 0.5698 0.48679 0.3987 0.32246 0.2891 
539 1.5201 1.5301 1.537 1.5398 1.5443 1.549 1.5509 1.551 1.55 1.5474 1.5429 1.5364 1.5281 1.5183 1.5074 1.4955 1.4826 1.47 1.4586 1.4466 1.4327 1.4193 1.4095 1.4023 1.3951 1.3864 1.3774 1.3685 1.3592 1.3497 1.3403 1.3302 1.3218 1.31 1.3008 1.272 1.2236 1.185 1.1494 1.1151 1.0816 1.0499 1.0185 0.98713 0.95728 0.92794 0.90045 0.87431 0.84808 0.82381 0.79972 0.77538 0.75168 0.72801 0.70549 0.68315 0.66169 0.64011 0.61799 0.59844 0.57907 0.55886 0.53961 0.52091 0.50232 0.48407 0.46728 0.45007 0.43215 0.41533 0.39901 0.38291 0.36724 0.3519 0.33718 0.3233 0.30995 0.29712 0.28537 0.27479 0.26555 0.25851 0.25358 0.25067 0.25038 0.25319 0.25908 0.27094 0.28709 0.31429 0.34424 0.36829 0.41147 0.49873 0.56068 0.52684 0.44712 0.37011 0.29236 0.25076 
539.5 1.5182 1.5288 1.5385 1.5428 1.5451 1.5472 1.5485 1.5485 1.547 1.5439 1.5392 1.5328 1.5247 1.5153 1.5045 1.493 1.4811 1.4689 1.4563 1.4445 1.4347 1.425 1.4128 1.3998 1.3898 1.383 1.3759 1.367 1.3574 1.3477 1.3388 1.3295 1.3221 1.3121 1.2997 1.2678 1.2213 1.183 1.1475 1.114 1.0805 1.0475 1.0162 0.98642 0.95791 0.92932 0.90056 0.87184 0.8444 0.82055 0.79708 0.77243 0.74863 0.72551 0.70279 0.68041 0.65925 0.63822 0.61685 0.59688 0.57657 0.55544 0.53544 0.51691 0.49894 0.48143 0.4643 0.44707 0.43008 0.41345 0.39693 0.38042 0.36436 0.34895 0.33496 0.32231 0.31061 0.29986 0.28918 0.27871 0.27004 0.26454 0.26238 0.26281 0.26544 0.27076 0.27921 0.29294 0.31149 0.33964 0.36835 0.39092 0.42686 0.48827 0.51827 0.47145 0.3907 0.31048 0.22656 0.18181 
540 1.5216 1.5312 1.5399 1.5433 1.5449 1.5462 1.5467 1.5459 1.5438 1.5404 1.5355 1.5291 1.5211 1.512 1.5017 1.4907 1.4792 1.4676 1.4561 1.4448 1.4337 1.4227 1.4119 1.4014 1.3915 1.3823 1.3735 1.3648 1.3559 1.3468 1.3383 1.33 1.3239 1.3167 1.2998 1.2629 1.2183 1.1808 1.146 1.1122 1.0788 1.0468 1.0156 0.9846 0.95502 0.92678 0.89997 0.87364 0.84646 0.81903 0.79266 0.76872 0.74612 0.72323 0.70054 0.6783 0.6565 0.63511 0.61411 0.59351 0.57346 0.55375 0.53414 0.51506 0.4966 0.47864 0.46086 0.44351 0.42669 0.41023 0.39458 0.379 0.36365 0.34907 0.33562 0.3233 0.31234 0.3028 0.29452 0.28776 0.28275 0.2801 0.28005 0.28287 0.28871 0.2978 0.31012 0.32603 0.34522 0.36971 0.39089 0.40493 0.42586 0.45433 0.44964 0.3928 0.31836 0.24695 0.16738 0.12268 
540.5 1.5242 1.5331 1.542 1.5457 1.5463 1.546 1.5453 1.5437 1.541 1.5371 1.5319 1.5254 1.5177 1.5089 1.4992 1.4889 1.4781 1.4671 1.4556 1.4439 1.4323 1.4213 1.4112 1.4017 1.3925 1.3832 1.3738 1.3645 1.3556 1.3472 1.3393 1.3327 1.3258 1.3258 1.3035 1.2572 1.2178 1.181 1.146 1.1122 1.0788 1.0462 1.0147 0.9845 0.95524 0.92695 0.89949 0.87255 0.84595 0.81935 0.79316 0.76812 0.7444 0.72146 0.69889 0.67684 0.65497 0.63347 0.61268 0.59214 0.57182 0.55177 0.53228 0.51348 0.495 0.47699 0.45923 0.44199 0.42555 0.40967 0.39459 0.38015 0.36652 0.35406 0.34277 0.33287 0.32491 0.31877 0.31432 0.31193 0.31185 0.31411 0.31867 0.32553 0.33438 0.34457 0.35528 0.36587 0.37561 0.38215 0.38457 0.38327 0.38182 0.37558 0.34495 0.29231 0.23583 0.17902 0.11487 0.079791 
541 1.5283 1.5354 1.5427 1.5455 1.5452 1.5444 1.5432 1.5409 1.5375 1.5331 1.5277 1.5213 1.5138 1.5055 1.4964 1.4868 1.4766 1.466 1.4553 1.4446 1.4333 1.4215 1.411 1.4025 1.394 1.3839 1.3738 1.3651 1.3572 1.3496 1.3427 1.3371 1.3319 1.3319 1.3084 1.2616 1.2214 1.1839 1.148 1.1133 1.0797 1.0473 1.016 0.98598 0.95666 0.92808 0.90001 0.87256 0.84605 0.82019 0.79484 0.77002 0.74603 0.72289 0.70011 0.67772 0.6557 0.63413 0.6131 0.59252 0.57249 0.55296 0.53405 0.51575 0.49781 0.4805 0.46406 0.44864 0.43434 0.42123 0.40957 0.39943 0.39092 0.38424 0.37957 0.37713 0.37703 0.37907 0.38294 0.38808 0.39378 0.39931 0.40363 0.40561 0.40425 0.39857 0.38791 0.37186 0.34893 0.3103 0.28208 0.27156 0.25604 0.23629 0.21049 0.17982 0.14575 0.1105 0.07779 0.062675 
541.5 1.5339 1.5377 1.5418 1.5431 1.5425 1.5416 1.5401 1.5373 1.5334 1.5287 1.5232 1.5168 1.5095 1.5015 1.4929 1.4837 1.474 1.4641 1.4539 1.4438 1.4337 1.4236 1.4134 1.4031 1.393 1.3836 1.375 1.367 1.3595 1.3527 1.3466 1.3417 1.3377 1.3418 1.3214 1.2738 1.231 1.1912 1.1538 1.1183 1.0844 1.0517 1.0203 0.98984 0.96035 0.93166 0.90359 0.87637 0.85051 0.82584 0.80119 0.77565 0.7499 0.72549 0.70297 0.68156 0.66041 0.63944 0.61902 0.59942 0.58074 0.56307 0.5465 0.53117 0.51718 0.50463 0.49359 0.4841 0.47615 0.46968 0.46454 0.46047 0.45709 0.45399 0.4508 0.4472 0.4429 0.43754 0.43076 0.42225 0.41178 0.39932 0.38493 0.36883 0.35126 0.33246 0.31269 0.29215 0.27107 0.24962 0.22798 0.20628 0.18455 0.16289 0.14134 0.1198 0.098146 0.076399 0.055027 0.044586 
542 1.5329 1.5358 1.5389 1.5397 1.5386 1.537 1.5348 1.5317 1.5276 1.5228 1.5173 1.511 1.504 1.4964 1.4882 1.4795 1.4705 1.4612 1.4516 1.442 1.4324 1.4228 1.4133 1.4038 1.3946 1.3856 1.3771 1.3694 1.3625 1.3568 1.3523 1.3493 1.3474 1.3528 1.333 1.2856 1.2422 1.2014 1.1628 1.1263 1.0915 1.0582 1.0263 0.99548 0.96571 0.93687 0.90887 0.88165 0.85515 0.82936 0.8043 0.77999 0.75643 0.73366 0.71173 0.69073 0.67076 0.6519 0.6342 0.61773 0.60253 0.5886 0.57592 0.56442 0.55402 0.54455 0.53584 0.52769 0.51987 0.51216 0.50433 0.49613 0.48735 0.47779 0.4673 0.45576 0.44309 0.42927 0.41432 0.3983 0.3813 0.36344 0.34487 0.32574 0.30621 0.28642 0.26653 0.24667 0.22698 0.20757 0.18851 0.16978 0.15136 0.13317 0.11511 0.097032 0.078842 0.060661 0.043017 0.034466 
542.5 1.5303 1.5323 1.5343 1.5342 1.5326 1.5306 1.5281 1.5248 1.5206 1.5158 1.5104 1.5043 1.4976 1.4904 1.4826 1.4745 1.466 1.4572 1.4483 1.4392 1.4301 1.4211 1.4122 1.4037 1.3955 1.3878 1.3804 1.3735 1.3674 1.3626 1.3591 1.3571 1.3562 1.3616 1.3421 1.2953 1.252 1.2108 1.1718 1.1347 1.0992 1.0653 1.0328 1.0016 0.97151 0.94247 0.91445 0.88739 0.8613 0.83618 0.81205 0.78895 0.7669 0.74595 0.72611 0.7074 0.68984 0.67343 0.65815 0.64393 0.63069 0.61832 0.60666 0.59553 0.58471 0.57402 0.5633 0.55242 0.54124 0.52961 0.51739 0.50445 0.49071 0.4761 0.46059 0.44418 0.42694 0.40896 0.39035 0.37121 0.35165 0.33182 0.31184 0.29185 0.272 0.25238 0.2331 0.21426 0.19593 0.17816 0.16094 0.14424 0.12797 0.11202 0.096243 0.080526 0.064835 0.04935 0.034555 0.027452 
543 1.525 1.5265 1.5279 1.5275 1.5256 1.5233 1.5206 1.5172 1.5131 1.5083 1.503 1.4972 1.4908 1.4839 1.4766 1.469 1.461 1.4528 1.4445 1.4361 1.4277 1.4195 1.4114 1.4036 1.3962 1.3892 1.3829 1.3773 1.3725 1.3687 1.3658 1.3642 1.3635 1.3687 1.3492 1.303 1.26 1.2189 1.1797 1.1423 1.1066 1.0724 1.0397 1.0084 0.97835 0.9496 0.92208 0.89579 0.87071 0.8468 0.82405 0.80249 0.78209 0.76272 0.74427 0.72684 0.71052 0.69523 0.68076 0.66693 0.65361 0.64066 0.62791 0.61521 0.6024 0.58938 0.57599 0.56208 0.5475 0.53217 0.51611 0.49936 0.48194 0.46384 0.4451 0.42585 0.40617 0.38616 0.36594 0.34556 0.32517 0.30492 0.28493 0.26535 0.24627 0.22776 0.20986 0.19257 0.17593 0.15993 0.14452 0.12964 0.11513 0.1008 0.086522 0.072171 0.057792 0.043613 0.030125 0.023674 
543.5 1.5182 1.5195 1.5208 1.5201 1.5181 1.5158 1.513 1.5096 1.5055 1.5009 1.4958 1.4902 1.4841 1.4776 1.4708 1.4636 1.4562 1.4487 1.441 1.4333 1.4256 1.4181 1.4109 1.4039 1.3975 1.3917 1.3866 1.3821 1.3781 1.3745 1.3716 1.3697 1.369 1.372 1.3545 1.3117 1.2681 1.2269 1.1876 1.1502 1.1146 1.0806 1.0482 1.0172 0.98777 0.95971 0.93301 0.90764 0.88356 0.86074 0.83913 0.81868 0.79934 0.78102 0.76365 0.74707 0.73116 0.71577 0.7008 0.68611 0.67159 0.65707 0.64243 0.62752 0.61223 0.59644 0.58006 0.56305 0.54537 0.52706 0.50814 0.48866 0.46871 0.44837 0.42775 0.40694 0.38597 0.36487 0.34378 0.32281 0.30214 0.28194 0.26231 0.24332 0.22502 0.20741 0.19047 0.17422 0.15866 0.14377 0.12947 0.1157 0.10233 0.089219 0.076245 0.063313 0.050492 0.03801 0.026286 0.020712 
544 1.5108 1.5121 1.5132 1.5125 1.5105 1.5081 1.5054 1.5021 1.4981 1.4937 1.4888 1.4835 1.4777 1.4717 1.4653 1.4586 1.4518 1.4448 1.4378 1.4308 1.4239 1.4171 1.4107 1.4045 1.3988 1.3935 1.3887 1.3846 1.3813 1.3791 1.3774 1.3754 1.3732 1.372 1.3577 1.3209 1.2773 1.2362 1.1969 1.1595 1.124 1.0902 1.0582 1.0279 0.99908 0.97179 0.94594 0.92147 0.8983 0.87637 0.8556 0.8359 0.81712 0.79913 0.78174 0.76483 0.74828 0.73197 0.7158 0.69966 0.68342 0.66695 0.65015 0.63291 0.61516 0.59684 0.57793 0.55843 0.53837 0.51776 0.49668 0.4752 0.4534 0.4314 0.40932 0.38726 0.36536 0.34371 0.32242 0.30159 0.28129 0.26162 0.24262 0.22435 0.20684 0.19013 0.17419 0.15901 0.1446 0.13089 0.1178 0.10526 0.093098 0.081172 0.06936 0.057567 0.045868 0.034489 0.023829 0.018772 
544.5 1.5036 1.5049 1.5059 1.5051 1.5031 1.5007 1.498 1.4948 1.491 1.4868 1.4822 1.4772 1.4718 1.4661 1.4602 1.454 1.4478 1.4414 1.435 1.4286 1.4223 1.4163 1.4105 1.405 1.3999 1.3952 1.391 1.3874 1.3843 1.3818 1.3799 1.3787 1.3781 1.3779 1.3646 1.3285 1.2849 1.2444 1.2058 1.1691 1.1342 1.1012 1.0698 1.0401 1.012 0.98545 0.9603 0.93647 0.91386 0.89236 0.87184 0.85218 0.83324 0.81489 0.79697 0.77937 0.76192 0.74449 0.72696 0.70919 0.69109 0.67257 0.65359 0.6341 0.61408 0.59351 0.5724 0.55079 0.52872 0.50627 0.48353 0.46061 0.43762 0.41467 0.39186 0.36931 0.34713 0.32539 0.3042 0.28361 0.2637 0.2445 0.22608 0.20846 0.19166 0.17568 0.1605 0.14611 0.13249 0.11959 0.10732 0.095611 0.084295 0.073235 0.062323 0.05149 0.04082 0.030531 0.020989 0.016487 
545 1.4961 1.4974 1.4985 1.4978 1.4958 1.4936 1.491 1.4879 1.4843 1.4803 1.476 1.4713 1.4662 1.461 1.4555 1.4498 1.444 1.4381 1.4323 1.4265 1.4208 1.4153 1.41 1.4051 1.4005 1.3963 1.3926 1.3894 1.3868 1.3848 1.3833 1.3825 1.3822 1.3823 1.3709 1.3367 1.2934 1.2533 1.2151 1.1791 1.1449 1.1125 1.0818 1.0528 1.0253 0.99923 0.9745 0.95099 0.92858 0.90714 0.88653 0.8666 0.84721 0.82825 0.80956 0.79095 0.77223 0.75326 0.73397 0.71431 0.69422 0.67365 0.65258 0.63108 0.60912 0.58669 0.5638 0.5405 0.51691 0.49314 0.4693 0.4455 0.42179 0.39826 0.37502 0.35219 0.32991 0.30827 0.28734 0.26717 0.2478 0.22927 0.21161 0.19483 0.17893 0.1639 0.14973 0.1364 0.12389 0.11213 0.10105 0.090485 0.080233 0.070091 0.059915 0.049647 0.039412 0.02948 0.020256 0.015907 
545.5 1.4889 1.4903 1.4915 1.491 1.4891 1.4869 1.4844 1.4815 1.4781 1.4743 1.4703 1.4659 1.4612 1.4563 1.4512 1.446 1.4406 1.4353 1.4299 1.4246 1.4194 1.4145 1.4097 1.4053 1.4012 1.3974 1.3941 1.3913 1.3889 1.3871 1.3857 1.3849 1.3845 1.3846 1.3783 1.3488 1.3052 1.2648 1.2266 1.1907 1.1568 1.1249 1.0948 1.0663 1.0392 1.0135 0.98903 0.96561 0.94314 0.92146 0.90043 0.87989 0.85969 0.83969 0.81975 0.79973 0.77952 0.75904 0.7382 0.71692 0.69513 0.67278 0.64988 0.62649 0.60267 0.57847 0.55397 0.52923 0.50436 0.47951 0.45479 0.43028 0.40603 0.38214 0.35875 0.33599 0.31394 0.29268 0.27225 0.25268 0.23399 0.21621 0.19936 0.18344 0.16843 0.15431 0.14104 0.12854 0.11678 0.10564 0.095054 0.084885 0.074971 0.065189 0.055448 0.045725 0.036143 0.026931 0.018443 0.014456 
546 1.4825 1.4838 1.485 1.4843 1.4826 1.4805 1.4782 1.4755 1.4723 1.4688 1.465 1.4609 1.4565 1.452 1.4473 1.4424 1.4375 1.4326 1.4277 1.4229 1.4182 1.4137 1.4094 1.4053 1.4016 1.3983 1.3953 1.3927 1.3906 1.389 1.3878 1.3871 1.387 1.3873 1.3856 1.3605 1.3173 1.2774 1.2397 1.2041 1.1703 1.1383 1.1082 1.0798 1.053 1.0275 1.003 0.97947 0.9567 0.93456 0.9129 0.89156 0.87039 0.84924 0.828 0.80655 0.78478 0.76262 0.74001 0.71692 0.69334 0.66928 0.64475 0.6198 0.59447 0.56885 0.54307 0.51722 0.49144 0.46581 0.44046 0.41548 0.39098 0.36706 0.34379 0.32125 0.2995 0.27859 0.25857 0.23948 0.22134 0.20417 0.18797 0.17271 0.15838 0.14491 0.13226 0.12037 0.10916 0.098566 0.088504 0.078866 0.069493 0.060279 0.051138 0.042052 0.033146 0.02463 0.016825 0.01317 
546.5 1.4762 1.4777 1.4788 1.4783 1.4766 1.4747 1.4725 1.4699 1.4669 1.4636 1.4601 1.4563 1.4523 1.4481 1.4437 1.4393 1.4348 1.4302 1.4257 1.4213 1.417 1.4129 1.409 1.4054 1.402 1.399 1.3963 1.394 1.3922 1.3908 1.3899 1.3895 1.3897 1.3905 1.3934 1.3729 1.3299 1.2903 1.2528 1.2174 1.184 1.1524 1.1225 1.0941 1.0671 1.0413 1.0165 0.99255 0.96925 0.94641 0.92389 0.90153 0.8792 0.85678 0.83414 0.81119 0.78787 0.7641 0.73988 0.71517 0.68997 0.66433 0.63828 0.61191 0.5853 0.55855 0.53178 0.50509 0.47861 0.45245 0.42671 0.4015 0.37689 0.35298 0.32984 0.30754 0.28612 0.26563 0.2461 0.22755 0.20998 0.19339 0.17776 0.16306 0.14926 0.1363 0.12412 0.11268 0.10191 0.091757 0.082143 0.072969 0.064089 0.0554 0.046824 0.038356 0.030117 0.022298 0.015188 0.011871 
547 1.47 1.4716 1.473 1.4726 1.4709 1.469 1.467 1.4646 1.4618 1.4587 1.4554 1.4519 1.4482 1.4443 1.4403 1.4362 1.432 1.4278 1.4237 1.4197 1.4158 1.412 1.4084 1.4051 1.4021 1.3994 1.3971 1.3951 1.3936 1.3926 1.3922 1.3925 1.3936 1.3955 1.4002 1.3838 1.3431 1.3029 1.2657 1.2306 1.1975 1.166 1.1362 1.1079 1.0807 1.0544 1.0291 1.0045 0.98042 0.95671 0.93317 0.90967 0.88611 0.86235 0.83827 0.81382 0.78893 0.76359 0.73778 0.71152 0.68483 0.65775 0.6304 0.60293 0.57536 0.54774 0.52016 0.49276 0.4657 0.43911 0.41307 0.38766 0.36298 0.33913 0.31619 0.29423 0.27327 0.2533 0.2343 0.21626 0.19921 0.18315 0.16809 0.15398 0.14079 0.12847 0.11697 0.10625 0.096283 0.087004 0.078324 0.070109 0.062141 0.054248 0.046309 0.038281 0.030282 0.022536 0.015393 0.012041 
547.5 1.4651 1.4667 1.4678 1.4672 1.4656 1.4638 1.4619 1.4596 1.4571 1.4542 1.4512 1.4479 1.4445 1.4409 1.4372 1.4334 1.4296 1.4257 1.422 1.4183 1.4147 1.4113 1.4081 1.4051 1.4025 1.4001 1.3981 1.3965 1.3954 1.3946 1.3942 1.3942 1.3945 1.3951 1.3958 1.3929 1.3664 1.323 1.2835 1.2469 1.2127 1.1806 1.1503 1.1215 1.0939 1.0674 1.0416 1.016 0.99075 0.9659 0.94132 0.91672 0.89188 0.8667 0.84116 0.8152 0.78879 0.76193 0.73464 0.70695 0.67888 0.65052 0.62194 0.59326 0.5646 0.53609 0.50782 0.4799 0.45242 0.42548 0.39923 0.37374 0.34911 0.32542 0.30271 0.28104 0.2604 0.24083 0.2223 0.20482 0.1884 0.17299 0.1586 0.14519 0.13273 0.12114 0.11037 0.10036 0.090992 0.082188 0.073848 0.065855 0.058053 0.050334 0.042637 0.03497 0.027468 0.02033 0.013839 0.010813 
548 1.46 1.4616 1.4628 1.4622 1.4607 1.459 1.4572 1.4551 1.4527 1.45 1.4472 1.4442 1.441 1.4377 1.4343 1.4308 1.4273 1.4238 1.4204 1.417 1.4138 1.4107 1.4078 1.4052 1.4028 1.4007 1.3989 1.3975 1.3964 1.3957 1.3953 1.3954 1.3958 1.3969 1.3985 1.4033 1.3838 1.3404 1.3007 1.2635 1.2286 1.1959 1.1648 1.1353 1.1069 1.0795 1.0527 1.0265 1.0005 0.97465 0.94876 0.92269 0.89637 0.86973 0.8427 0.81523 0.78731 0.75894 0.73018 0.70107 0.67168 0.6421 0.61244 0.5828 0.55331 0.52408 0.49523 0.46688 0.43911 0.41204 0.38577 0.36038 0.33593 0.3125 0.29011 0.2688 0.2486 0.22949 0.21148 0.19456 0.17872 0.16391 0.1501 0.13725 0.1253 0.11416 0.10379 0.094108 0.08504 0.076514 0.068447 0.060742 0.053273 0.045948 0.038704 0.031561 0.02465 0.018148 0.012299 0.0095865 
548.5 1.4548 1.4565 1.4578 1.4573 1.456 1.4545 1.4528 1.4509 1.4486 1.4461 1.4435 1.4407 1.4378 1.4347 1.4316 1.4284 1.4252 1.422 1.4189 1.4158 1.4129 1.4101 1.4075 1.4051 1.403 1.4011 1.3996 1.3984 1.3975 1.397 1.397 1.3972 1.3978 1.3986 1.3994 1.4003 1.396 1.3672 1.3225 1.2826 1.2458 1.2116 1.1794 1.1489 1.1197 1.0913 1.0636 1.0363 1.0092 0.98207 0.95487 0.92743 0.89967 0.87153 0.84299 0.81403 0.78465 0.75487 0.72474 0.69434 0.66376 0.63309 0.60244 0.57193 0.54169 0.51184 0.48252 0.45382 0.42584 0.3987 0.37247 0.34723 0.32303 0.29993 0.27795 0.25711 0.23743 0.21889 0.20147 0.18515 0.1699 0.15566 0.14241 0.13008 0.11861 0.10794 0.098004 0.08874 0.080085 0.071969 0.06431 0.057014 0.049957 0.043046 0.036219 0.029498 0.023009 0.016922 0.011463 0.0089354 
549 1.4501 1.4518 1.4532 1.4529 1.4516 1.4502 1.4485 1.4465 1.4444 1.4422 1.4398 1.4373 1.4346 1.4318 1.4289 1.426 1.423 1.4201 1.4172 1.4145 1.4118 1.4093 1.4069 1.4048 1.4029 1.4013 1.4 1.3989 1.3981 1.3977 1.3975 1.3977 1.3982 1.399 1.4003 1.402 1.4053 1.3872 1.3447 1.3024 1.2639 1.2282 1.1946 1.1627 1.1321 1.1024 1.0734 1.0449 1.0165 0.98819 0.95965 0.93077 0.9015 0.87183 0.84176 0.81134 0.78056 0.74947 0.71809 0.68649 0.65479 0.62313 0.59163 0.56043 0.52964 0.49934 0.46967 0.44075 0.4127 0.38561 0.35952 0.3345 0.31058 0.28781 0.2662 0.24578 0.22653 0.20847 0.19156 0.17577 0.16105 0.14734 0.1346 0.12278 0.11181 0.10165 0.092265 0.083587 0.075579 0.068175 0.061279 0.054767 0.048453 0.04218 0.035839 0.029427 0.023095 0.017055 0.011581 0.0090373 
549.5 1.449 1.4506 1.4517 1.4511 1.4494 1.447 1.4439 1.4411 1.4394 1.4383 1.4366 1.4342 1.4316 1.4291 1.4265 1.4238 1.4212 1.4185 1.4159 1.4134 1.411 1.4087 1.4067 1.4048 1.4031 1.4016 1.4005 1.3995 1.3989 1.3986 1.3985 1.3988 1.3993 1.3999 1.4007 1.4016 1.4026 1.4009 1.3739 1.3276 1.2859 1.2474 1.2114 1.1776 1.1453 1.1141 1.0836 1.0536 1.0237 0.99389 0.96404 0.93406 0.90345 0.87168 0.83899 0.80629 0.77417 0.74239 0.71041 0.67804 0.64546 0.61297 0.58076 0.54898 0.51775 0.48718 0.45735 0.42831 0.40008 0.37277 0.3465 0.32146 0.29774 0.27538 0.25434 0.23455 0.21595 0.1985 0.18216 0.16691 0.15273 0.13957 0.12739 0.11614 0.10573 0.096118 0.087226 0.078981 0.071307 0.064121 0.057323 0.050817 0.044492 0.038264 0.032094 0.026026 0.0202 0.014781 0.0099696 0.0077553 
550 1.4431 1.445 1.4463 1.4459 1.4447 1.4434 1.4418 1.44 1.438 1.4357 1.4331 1.4304 1.4281 1.426 1.4239 1.4217 1.4193 1.4169 1.4145 1.4123 1.4101 1.4081 1.4062 1.4045 1.403 1.4017 1.4007 1.3999 1.3993 1.399 1.399 1.3991 1.3996 1.4004 1.4015 1.4029 1.4044 1.4057 1.3937 1.3558 1.3087 1.2671 1.229 1.1931 1.1588 1.1257 1.0934 1.0615 1.03 0.9984 0.9667 0.93485 0.90292 0.87083 0.83819 0.80467 0.77032 0.73576 0.70155 0.66786 0.63455 0.60149 0.56871 0.53637 0.50463 0.47366 0.44358 0.41448 0.38644 0.35952 0.33381 0.30932 0.28609 0.26411 0.24339 0.22393 0.20569 0.18865 0.17278 0.15802 0.14435 0.13171 0.12005 0.10929 0.09937 0.0902 0.081721 0.073861 0.066545 0.059705 0.053238 0.047057 0.041068 0.035197 0.029408 0.023747 0.018352 0.013376 0.0089924 0.0069825 
550.5 1.439 1.4408 1.4422 1.4418 1.4406 1.4395 1.4383 1.4369 1.4353 1.4334 1.4313 1.4289 1.4262 1.4235 1.4211 1.4189 1.4169 1.415 1.413 1.4111 1.4092 1.4074 1.4057 1.4042 1.4029 1.4017 1.4008 1.4001 1.3996 1.3994 1.3993 1.3995 1.3999 1.4005 1.4013 1.4022 1.4033 1.4048 1.4076 1.3831 1.334 1.2897 1.2486 1.2098 1.1729 1.1375 1.1031 1.0693 1.0359 1.0026 0.96922 0.93569 0.9019 0.86784 0.83353 0.79898 0.76416 0.72909 0.6939 0.65882 0.62408 0.58988 0.55633 0.52349 0.49145 0.46029 0.43011 0.40099 0.373 0.34621 0.32069 0.29645 0.27354 0.25195 0.23167 0.21269 0.19497 0.17849 0.16319 0.14901 0.13591 0.12382 0.11268 0.10243 0.092964 0.084226 0.076157 0.068676 0.061731 0.05525 0.049134 0.043314 0.037688 0.032179 0.02678 0.021542 0.016583 0.012041 0.0080725 0.0062628 
551 1.4345 1.4365 1.4381 1.4378 1.4368 1.4357 1.4346 1.4332 1.4316 1.4299 1.4283 1.4269 1.4254 1.4233 1.4204 1.4172 1.4143 1.4123 1.4109 1.4095 1.408 1.4065 1.405 1.4036 1.4025 1.4015 1.4007 1.4 1.3996 1.3994 1.3994 1.3996 1.4 1.4006 1.4014 1.4022 1.403 1.4038 1.4045 1.399 1.366 1.3155 1.2699 1.2275 1.1876 1.1496 1.1128 1.0768 1.0414 1.0061 0.97094 0.93565 0.90017 0.86447 0.82855 0.79245 0.75624 0.72008 0.68413 0.64848 0.61318 0.57831 0.54405 0.51058 0.47807 0.44662 0.41633 0.38726 0.35945 0.33295 0.30775 0.28392 0.26148 0.24045 0.2208 0.20246 0.18536 0.16946 0.15472 0.14107 0.12849 0.11689 0.10623 0.096433 0.087431 0.07917 0.071608 0.064685 0.058338 0.052482 0.047008 0.041801 0.036726 0.031682 0.026629 0.021611 0.016763 0.012255 0.0082665 0.006436 
551.5 1.4313 1.4333 1.4346 1.4342 1.4332 1.4322 1.4312 1.43 1.4286 1.4272 1.4257 1.4241 1.4225 1.4206 1.4185 1.4166 1.4155 1.4146 1.4122 1.408 1.4044 1.4032 1.4033 1.403 1.402 1.4011 1.4004 1.4 1.3996 1.3994 1.3994 1.3996 1.3999 1.4004 1.401 1.4017 1.4027 1.4039 1.4055 1.4092 1.389 1.3408 1.2919 1.2464 1.2036 1.1628 1.1233 1.0848 1.047 1.0096 0.97242 0.93525 0.89801 0.86067 0.82324 0.78576 0.74828 0.71094 0.67385 0.63717 0.60105 0.56562 0.53099 0.49726 0.46454 0.43296 0.40264 0.37362 0.34597 0.31973 0.29491 0.27152 0.24956 0.229 0.2098 0.19194 0.17534 0.15997 0.14577 0.13267 0.12064 0.1096 0.099486 0.09024 0.081778 0.074021 0.066899 0.060335 0.054258 0.04859 0.043242 0.038137 0.033183 0.028323 0.023546 0.018911 0.014537 0.01055 0.0070761 0.0054955 
552 1.4277 1.4297 1.4311 1.4309 1.4299 1.4289 1.428 1.4269 1.4257 1.4243 1.4229 1.4215 1.4199 1.4183 1.4167 1.415 1.4134 1.4118 1.4103 1.4089 1.4073 1.4056 1.4037 1.4019 1.4004 1.3995 1.3991 1.3991 1.3991 1.3992 1.3993 1.3995 1.3998 1.4002 1.4008 1.4015 1.4022 1.403 1.4037 1.4045 1.403 1.3721 1.3177 1.2679 1.2213 1.1771 1.1344 1.0931 1.0528 1.013 0.9736 0.93438 0.89525 0.85618 0.81716 0.77825 0.73953 0.70112 0.66314 0.62569 0.58889 0.55287 0.51776 0.4837 0.45081 0.4192 0.38897 0.36017 0.33283 0.307 0.28267 0.25982 0.23841 0.21842 0.19981 0.18254 0.16655 0.15179 0.13819 0.12569 0.11422 0.10371 0.094084 0.085278 0.077207 0.069794 0.062975 0.056681 0.050853 0.045426 0.040319 0.035462 0.030772 0.026194 0.021719 0.0174 0.013343 0.0096653 0.0064786 0.0050306 
552.5 1.4245 1.4265 1.428 1.4277 1.4268 1.4259 1.425 1.424 1.4229 1.4217 1.4204 1.4191 1.4177 1.4162 1.4147 1.4133 1.4118 1.4103 1.4089 1.4075 1.4063 1.4051 1.4039 1.4028 1.4016 1.4004 1.3994 1.3987 1.3984 1.3984 1.3984 1.3986 1.3992 1.3998 1.4005 1.4011 1.402 1.4029 1.4039 1.4047 1.4053 1.3904 1.3456 1.2897 1.239 1.1913 1.1456 1.1015 1.0585 1.0163 0.97456 0.93322 0.89214 0.8513 0.81067 0.77029 0.73024 0.69065 0.65166 0.61339 0.57598 0.53954 0.5042 0.47008 0.43726 0.4058 0.37578 0.34725 0.32023 0.29475 0.27083 0.24843 0.22753 0.20811 0.1901 0.17344 0.15809 0.14396 0.13097 0.11905 0.10814 0.098154 0.08902 0.080659 0.073 0.065969 0.05948 0.053486 0.047934 0.042748 0.037856 0.033209 0.028735 0.024371 0.020128 0.016064 0.012267 0.0088376 0.0058884 0.0045558 
553 1.4214 1.4235 1.4249 1.4246 1.4237 1.423 1.4222 1.4212 1.4202 1.4191 1.4179 1.4167 1.4154 1.4141 1.4128 1.4114 1.4101 1.4088 1.4075 1.4063 1.4051 1.404 1.4031 1.4022 1.4015 1.4009 1.4003 1.3999 1.3995 1.3991 1.3988 1.3983 1.398 1.398 1.3987 1.3997 1.4007 1.4015 1.4023 1.403 1.4037 1.4024 1.3696 1.311 1.2572 1.2061 1.1571 1.11 1.0641 1.0192 0.97506 0.9315 0.88839 0.84571 0.80348 0.76171 0.72045 0.67985 0.64004 0.60115 0.56329 0.52657 0.49105 0.4568 0.42393 0.39253 0.36268 0.33442 0.30775 0.2827 0.25927 0.23743 0.21713 0.1983 0.18086 0.16476 0.14992 0.13628 0.12376 0.11228 0.10176 0.092154 0.083385 0.07539 0.068103 0.061461 0.055409 0.049892 0.044863 0.040248 0.035946 0.031856 0.027861 0.023883 0.019906 0.015989 0.012263 0.0088681 0.0059293 0.0045966 
553.5 1.4185 1.4206 1.4221 1.4219 1.421 1.4202 1.4195 1.4187 1.4177 1.4167 1.4156 1.4145 1.4134 1.4122 1.411 1.4098 1.4086 1.4074 1.4062 1.4051 1.4041 1.4031 1.4023 1.4015 1.4008 1.4002 1.3998 1.3994 1.3992 1.3991 1.3992 1.3993 1.3996 1.3999 1.4 1.3998 1.3996 1.3996 1.4003 1.4015 1.4029 1.4039 1.3852 1.3349 1.2755 1.2205 1.1683 1.1182 1.0695 1.022 0.97545 0.92968 0.88458 0.84011 0.79628 0.75308 0.71057 0.66891 0.62821 0.58859 0.55016 0.51303 0.47729 0.44304 0.41032 0.3792 0.34972 0.32187 0.29564 0.27104 0.24806 0.22666 0.2068 0.18843 0.17149 0.15589 0.14157 0.12845 0.11643 0.10546 0.095457 0.086362 0.078099 0.070596 0.063787 0.05759 0.05193 0.046737 0.041951 0.037503 0.033314 0.029309 0.025413 0.021596 0.017857 0.014253 0.010886 0.0078601 0.0052615 0.0040864 
554 1.4156 1.4178 1.4194 1.4193 1.4185 1.4177 1.417 1.4163 1.4154 1.4145 1.4135 1.4125 1.4115 1.4104 1.4093 1.4082 1.4071 1.4061 1.405 1.4041 1.4031 1.4023 1.4015 1.4008 1.4002 1.3997 1.3993 1.399 1.3987 1.3986 1.3986 1.3987 1.3989 1.3993 1.3997 1.4 1.4003 1.401 1.402 1.4025 1.4018 1.401 1.3924 1.3527 1.2926 1.2354 1.1801 1.1269 1.0752 1.0248 0.97571 0.92763 0.88048 0.83419 0.78875 0.74417 0.70051 0.65788 0.61642 0.57623 0.53741 0.50004 0.46419 0.42993 0.3973 0.36634 0.33709 0.30955 0.28372 0.2596 0.23716 0.21634 0.19709 0.17935 0.16303 0.14806 0.13436 0.12184 0.11042 0.10002 0.090557 0.081954 0.074132 0.067013 0.060515 0.054563 0.049092 0.044038 0.039359 0.034997 0.030884 0.026968 0.023189 0.019518 0.015968 0.012594 0.0095015 0.0067767 0.004479 0.0034502 
554.5 1.4133 1.4155 1.417 1.4168 1.416 1.4154 1.4147 1.414 1.4132 1.4124 1.4115 1.4106 1.4097 1.4087 1.4077 1.4067 1.4058 1.4048 1.4039 1.403 1.4022 1.4014 1.4007 1.4 1.3995 1.399 1.3987 1.3984 1.3982 1.3981 1.3981 1.3982 1.3983 1.3986 1.3989 1.3993 1.3997 1.4002 1.4008 1.4015 1.4022 1.403 1.4037 1.3705 1.3065 1.2462 1.1883 1.1328 1.0789 1.0263 0.97508 0.92501 0.87596 0.82795 0.78098 0.73506 0.69026 0.6467 0.60448 0.56369 0.52443 0.48679 0.45083 0.41662 0.38417 0.35353 0.3247 0.29766 0.27238 0.24884 0.22698 0.20674 0.18805 0.17085 0.15506 0.1406 0.12738 0.11532 0.10433 0.094323 0.085228 0.076961 0.069445 0.062607 0.056375 0.050681 0.045461 0.040661 0.036237 0.032138 0.028294 0.024652 0.021156 0.017772 0.014512 0.01143 0.0086104 0.0061324 0.0040563 0.0031295 
555 1.4108 1.413 1.4146 1.4144 1.4137 1.413 1.4124 1.4118 1.411 1.4103 1.4095 1.4087 1.4078 1.4069 1.4061 1.4052 1.4043 1.4034 1.4026 1.4018 1.4011 1.4004 1.3997 1.3992 1.3987 1.3982 1.3979 1.3976 1.3975 1.3974 1.3974 1.3975 1.3976 1.3978 1.3982 1.3986 1.399 1.3996 1.4002 1.4008 1.4014 1.4018 1.4021 1.3807 1.3249 1.2591 1.1988 1.1422 1.0859 1.0279 0.97082 0.91792 0.86877 0.82074 0.77272 0.72538 0.67947 0.63515 0.59233 0.55108 0.51152 0.47374 0.43779 0.40368 0.37144 0.34111 0.31267 0.2861 0.26135 0.23834 0.21702 0.19732 0.17918 0.16253 0.14728 0.13333 0.1206 0.10902 0.098483 0.08891 0.080219 0.072332 0.065185 0.058723 0.052897 0.047654 0.042943 0.038708 0.03489 0.031406 0.028147 0.025015 0.021916 0.018797 0.015655 0.012546 0.0096026 0.0069435 0.0046547 0.0036199 
555.5 1.4086 1.4108 1.4124 1.4122 1.4115 1.4109 1.4103 1.4097 1.409 1.4083 1.4076 1.4069 1.4061 1.4053 1.4045 1.4038 1.403 1.4022 1.4014 1.4007 1.4001 1.3994 1.3989 1.3983 1.3979 1.3975 1.3972 1.397 1.3968 1.3968 1.3968 1.3969 1.397 1.3972 1.3975 1.3978 1.3982 1.3986 1.399 1.3994 1.3997 1.4 1.4002 1.3865 1.3377 1.2704 1.207 1.146 1.0869 1.0292 0.9729 0.91805 0.86475 0.81311 0.76318 0.71491 0.66829 0.62333 0.58006 0.53853 0.49883 0.46101 0.42514 0.39121 0.35925 0.32925 0.3012 0.27507 0.25078 0.22829 0.20753 0.18842 0.17086 0.15477 0.14006 0.12664 0.11443 0.10333 0.093262 0.084143 0.075901 0.068461 0.061751 0.055696 0.050225 0.045262 0.040735 0.036578 0.032744 0.029172 0.025793 0.022557 0.019413 0.016339 0.013356 0.010519 0.0079265 0.0056527 0.0037451 0.0028949 
556 1.4065 1.4088 1.4103 1.4101 1.4094 1.4088 1.4083 1.4078 1.4072 1.4065 1.4059 1.4052 1.4045 1.4038 1.4031 1.4024 1.4017 1.401 1.4003 1.3997 1.3991 1.3985 1.398 1.3975 1.3971 1.3968 1.3965 1.3963 1.3962 1.3961 1.3961 1.3962 1.3963 1.3965 1.3967 1.397 1.3973 1.3975 1.3978 1.3981 1.3984 1.3986 1.3988 1.3909 1.3469 1.278 1.2127 1.1495 1.0881 1.0285 0.97079 0.91478 0.8602 0.80689 0.75512 0.70525 0.65747 0.61174 0.56795 0.52609 0.48621 0.44836 0.41259 0.3789 0.34727 0.3177 0.29013 0.26452 0.24078 0.21887 0.1987 0.18019 0.16323 0.14774 0.13361 0.12074 0.10906 0.098459 0.088855 0.080166 0.072318 0.065229 0.058823 0.053022 0.047756 0.042957 0.038562 0.03452 0.03079 0.027325 0.024062 0.020957 0.017961 0.01505 0.012242 0.0095876 0.0071747 0.0050793 0.0033423 0.0025716 
556.5 1.4045 1.4067 1.4083 1.4081 1.4074 1.4069 1.4064 1.4059 1.4053 1.4047 1.4042 1.4036 1.4029 1.4023 1.4017 1.401 1.4004 1.3998 1.3992 1.3986 1.398 1.3975 1.3971 1.3967 1.3963 1.396 1.3958 1.3956 1.3955 1.3954 1.3954 1.3954 1.3955 1.3957 1.3958 1.396 1.3962 1.3965 1.3967 1.3969 1.3972 1.3974 1.3976 1.3939 1.3535 1.2832 1.2163 1.1514 1.0882 1.0268 0.96723 0.9095 0.85353 0.79932 0.74686 0.69621 0.64748 0.60083 0.55632 0.51402 0.47396 0.43616 0.40059 0.36721 0.33597 0.30684 0.27975 0.25465 0.23146 0.21009 0.19046 0.17247 0.15602 0.14102 0.12736 0.11495 0.10368 0.093475 0.084229 0.075864 0.068299 0.061456 0.055257 0.049627 0.04452 0.03986 0.035598 0.031687 0.028092 0.02477 0.021667 0.018741 0.01594 0.013256 0.010695 0.0083009 0.0061527 0.00432 0.0028188 0.0021528 
557 1.4024 1.4047 1.4062 1.4061 1.4054 1.4049 1.4045 1.404 1.4035 1.4029 1.4024 1.4019 1.4013 1.4007 1.4002 1.3996 1.399 1.3984 1.3979 1.3974 1.3969 1.3964 1.396 1.3957 1.3953 1.3951 1.3948 1.3947 1.3946 1.3945 1.3945 1.3945 1.3946 1.3947 1.3948 1.3949 1.3951 1.3953 1.3955 1.3957 1.396 1.3962 1.3964 1.3957 1.3576 1.2861 1.2177 1.1513 1.0865 1.0234 0.96231 0.90309 0.84575 0.79027 0.73707 0.68667 0.63864 0.59169 0.54546 0.50139 0.46089 0.42377 0.389 0.35605 0.32501 0.29612 0.2694 0.24473 0.22198 0.20106 0.18189 0.16439 0.14844 0.13393 0.12075 0.10878 0.09792 0.088094 0.079212 0.071197 0.063982 0.05748 0.051625 0.046358 0.041628 0.037397 0.033604 0.030196 0.027129 0.024319 0.021676 0.019135 0.016612 0.014077 0.011558 0.0091137 0.0068522 0.0048653 0.0032098 0.0024751 
557.5 1.4006 1.4029 1.4044 1.4043 1.4036 1.4031 1.4027 1.4023 1.4018 1.4013 1.4008 1.4004 1.3998 1.3993 1.3988 1.3983 1.3978 1.3973 1.3968 1.3963 1.3959 1.3955 1.3951 1.3948 1.3945 1.3942 1.394 1.3939 1.3938 1.3937 1.3937 1.3937 1.3937 1.3938 1.3939 1.394 1.3942 1.3944 1.3946 1.3948 1.3951 1.3953 1.3956 1.3965 1.3596 1.287 1.2175 1.1497 1.0836 1.0192 0.95672 0.89621 0.83778 0.78148 0.72736 0.67546 0.62582 0.57853 0.53363 0.49114 0.45104 0.41333 0.37799 0.34503 0.31438 0.28597 0.25972 0.23552 0.21328 0.19289 0.17425 0.15725 0.14178 0.12774 0.11501 0.10348 0.09306 0.083653 0.075174 0.067546 0.060696 0.054552 0.049037 0.044081 0.039617 0.035576 0.031894 0.028514 0.025392 0.022481 0.019728 0.017096 0.014549 0.012083 0.0097206 0.0075066 0.0055366 0.003866 0.0025128 0.0019223 
558 1.3988 1.4011 1.4027 1.4025 1.4019 1.4014 1.4011 1.4007 1.4002 1.3998 1.3994 1.3989 1.3985 1.398 1.3975 1.3971 1.3966 1.3961 1.3957 1.3953 1.3949 1.3945 1.3942 1.3939 1.3936 1.3934 1.3932 1.3931 1.393 1.3929 1.3929 1.3929 1.3929 1.393 1.3931 1.3932 1.3933 1.3935 1.3937 1.394 1.3943 1.3946 1.3948 1.3963 1.3595 1.286 1.2154 1.1466 1.0792 1.0137 0.95008 0.88852 0.82913 0.77201 0.71723 0.66479 0.61474 0.56717 0.5221 0.47955 0.43954 0.40205 0.36703 0.33442 0.30416 0.27616 0.25036 0.22664 0.2049 0.18502 0.1669 0.1504 0.13543 0.12187 0.10959 0.098512 0.088522 0.079527 0.071438 0.064173 0.057653 0.051797 0.046526 0.041767 0.037458 0.033535 0.029942 0.026633 0.023572 0.020723 0.018043 0.015503 0.013071 0.010744 0.0085461 0.0065235 0.0047486 0.0032679 0.0020943 0.0015881 
558.5 1.3969 1.3997 1.4025 1.4033 1.402 1.4005 1.4002 1.3998 1.3981 1.3965 1.3964 1.3972 1.3974 1.3968 1.3961 1.3957 1.3954 1.395 1.3946 1.3942 1.3939 1.3935 1.3932 1.393 1.3927 1.3925 1.3923 1.3922 1.3921 1.392 1.392 1.392 1.392 1.3921 1.3922 1.3923 1.3925 1.3927 1.3929 1.3931 1.3933 1.3936 1.3938 1.3951 1.3577 1.2834 1.2118 1.1418 1.0735 1.0068 0.94222 0.87973 0.81953 0.76172 0.70637 0.65354 0.60325 0.55561 0.51064 0.46831 0.42854 0.3913 0.35654 0.32424 0.29434 0.26676 0.2414 0.21819 0.197 0.17767 0.16006 0.14405 0.12949 0.11632 0.10446 0.093827 0.084283 0.075649 0.067812 0.060747 0.054434 0.048804 0.043723 0.039067 0.034787 0.030877 0.027341 0.024151 0.021258 0.018611 0.016185 0.013978 0.012008 0.010285 0.0087741 0.0073886 0.0060243 0.004619 0.0032204 0.0025422 
559 1.3975 1.3997 1.4012 1.4009 1.4001 1.3994 1.3989 1.3985 1.3984 1.3983 1.3976 1.3963 1.395 1.394 1.3935 1.3934 1.3935 1.3936 1.3934 1.3931 1.3928 1.3925 1.3923 1.392 1.3918 1.3916 1.3914 1.3913 1.3912 1.3912 1.3911 1.3911 1.3912 1.3912 1.3913 1.3914 1.3916 1.3917 1.3918 1.3919 1.392 1.392 1.3919 1.3928 1.3548 1.2796 1.2071 1.1361 1.0667 0.99912 0.93363 0.87037 0.8095 0.75113 0.69537 0.64222 0.59172 0.54394 0.49892 0.45665 0.4171 0.38021 0.34593 0.31418 0.28484 0.25779 0.23292 0.21013 0.18933 0.1704 0.15324 0.1377 0.12365 0.11096 0.099505 0.089187 0.079905 0.071558 0.064058 0.057324 0.05129 0.04589 0.041062 0.036751 0.032906 0.029473 0.026396 0.023622 0.021101 0.01878 0.016595 0.014497 0.012437 0.010402 0.0084172 0.0065356 0.0048375 0.0033858 0.0022087 0.0016943 
559.5 1.395 1.3972 1.3987 1.3985 1.398 1.3976 1.3973 1.3969 1.3966 1.3962 1.3958 1.3955 1.3953 1.395 1.3946 1.3943 1.3944 1.3943 1.3933 1.3912 1.3896 1.3893 1.3899 1.3904 1.3906 1.3906 1.3906 1.3905 1.3904 1.3903 1.3903 1.3903 1.3903 1.3904 1.3904 1.3905 1.3905 1.3906 1.3906 1.3905 1.3904 1.3902 1.3897 1.3899 1.3508 1.2746 1.2011 1.1292 1.0589 0.99049 0.92422 0.86028 0.79884 0.74003 0.68393 0.63058 0.58001 0.53228 0.48741 0.44537 0.40613 0.36961 0.33574 0.30443 0.27556 0.24902 0.2247 0.20247 0.18222 0.16382 0.14714 0.13205 0.11843 0.10616 0.095104 0.085163 0.076233 0.068217 0.061031 0.054597 0.048846 0.043705 0.039105 0.034978 0.031268 0.027912 0.024857 0.022052 0.019467 0.017069 0.014814 0.01268 0.010641 0.0086957 0.0068667 0.0051963 0.003749 0.002559 0.0016302 0.0012334 
560 1.3932 1.3955 1.397 1.3969 1.3963 1.396 1.3957 1.3954 1.3951 1.3948 1.3945 1.3943 1.394 1.3937 1.3933 1.393 1.3927 1.3924 1.3921 1.3918 1.3916 1.3917 1.3915 1.391 1.3899 1.3886 1.3878 1.3878 1.3884 1.3891 1.3894 1.3895 1.3895 1.3895 1.3895 1.3895 1.3894 1.3894 1.3893 1.3891 1.3889 1.3886 1.3882 1.3862 1.3447 1.2681 1.1939 1.1213 1.0502 0.98106 0.91415 0.84968 0.7878 0.72867 0.67237 0.61892 0.56834 0.5207 0.47601 0.43424 0.39532 0.35919 0.32576 0.29492 0.26656 0.24055 0.21677 0.19508 0.17533 0.1574 0.14116 0.12649 0.11327 0.10137 0.090677 0.081082 0.07249 0.064802 0.057935 0.051797 0.046315 0.041417 0.037027 0.033083 0.029523 0.026291 0.023346 0.020646 0.01816 0.015853 0.01369 0.011656 0.0097215 0.0078897 0.0061818 0.0046309 0.0033017 0.0022297 0.0014015 0.0010474 
560.5 1.3909 1.3936 1.3958 1.3962 1.3956 1.3951 1.3947 1.3944 1.3942 1.3939 1.3937 1.3934 1.3932 1.3929 1.3926 1.3924 1.3921 1.3918 1.3916 1.3914 1.3911 1.3909 1.3908 1.3907 1.3906 1.3905 1.3903 1.39 1.3894 1.3887 1.3879 1.3875 1.3876 1.3879 1.3882 1.3885 1.3886 1.3886 1.3885 1.3884 1.3882 1.388 1.3878 1.382 1.3369 1.26 1.1855 1.1124 1.0408 0.97101 0.90357 0.83867 0.77646 0.7171 0.66068 0.6072 0.55669 0.50923 0.4648 0.42337 0.38487 0.3492 0.31626 0.28596 0.25817 0.23276 0.20957 0.18848 0.16933 0.15199 0.13633 0.12223 0.10955 0.098163 0.087961 0.078828 0.070656 0.063345 0.056803 0.050943 0.04569 0.040968 0.036707 0.032848 0.029341 0.026139 0.023203 0.020498 0.017997 0.015673 0.013497 0.01145 0.0095088 0.0076753 0.0059753 0.0044459 0.0031431 0.0020969 0.0013033 0.00097047 
561 1.3912 1.3935 1.3951 1.395 1.3944 1.3941 1.3939 1.3936 1.3934 1.3932 1.393 1.3927 1.3925 1.3923 1.3921 1.3918 1.3916 1.3914 1.3911 1.3909 1.3907 1.3906 1.3904 1.3902 1.3901 1.3899 1.3898 1.3897 1.3896 1.3895 1.3894 1.3893 1.3891 1.3888 1.3884 1.3878 1.3872 1.3868 1.3868 1.387 1.3872 1.3874 1.3873 1.3771 1.3274 1.2503 1.1755 1.1021 1.03 0.95988 0.89211 0.82696 0.7646 0.70517 0.64878 0.59547 0.54522 0.49812 0.45415 0.41326 0.37536 0.34035 0.30808 0.27842 0.25126 0.22643 0.20379 0.1832 0.16453 0.14765 0.13242 0.11872 0.1064 0.095353 0.085443 0.076555 0.068586 0.061438 0.055028 0.049278 0.044126 0.039514 0.035391 0.031717 0.028455 0.02556 0.022988 0.020683 0.018586 0.016636 0.014767 0.012931 0.011086 0.009235 0.007416 0.0056923 0.0041522 0.0028579 0.0018314 0.0013891 
561.5 1.3899 1.3923 1.394 1.3941 1.3937 1.3934 1.3931 1.3929 1.3927 1.3925 1.3923 1.3921 1.3919 1.3917 1.3915 1.3913 1.3911 1.3909 1.3907 1.3905 1.3903 1.3901 1.39 1.3898 1.3897 1.3895 1.3894 1.3893 1.3892 1.3891 1.389 1.3889 1.3888 1.3888 1.3887 1.3887 1.3886 1.3884 1.388 1.3871 1.3859 1.3848 1.384 1.3698 1.3165 1.2395 1.1645 1.0907 1.0184 0.94797 0.88004 0.81484 0.75253 0.69324 0.63708 0.58406 0.53421 0.48757 0.44408 0.40369 0.3663 0.33181 0.30009 0.27102 0.24445 0.22022 0.19819 0.17819 0.16009 0.14373 0.12897 0.11567 0.10371 0.092973 0.083346 0.074717 0.066996 0.060097 0.053936 0.048446 0.043557 0.0392 0.03531 0.031821 0.028677 0.025819 0.023195 0.020762 0.01848 0.016319 0.014248 0.012246 0.0103 0.0084218 0.0066432 0.0050155 0.0036044 0.0024495 0.0015535 0.0011709 
562 1.3893 1.3917 1.3934 1.3934 1.3929 1.3926 1.3925 1.3923 1.3921 1.3919 1.3917 1.3915 1.3913 1.3912 1.391 1.3908 1.3906 1.3904 1.3902 1.3901 1.3899 1.3897 1.3896 1.3894 1.3893 1.3892 1.389 1.3889 1.3888 1.3887 1.3886 1.3885 1.3884 1.3883 1.3882 1.3881 1.388 1.388 1.388 1.388 1.388 1.3879 1.3878 1.3651 1.303 1.2255 1.1501 1.0762 1.0041 0.93414 0.86676 0.80205 0.74013 0.68121 0.62542 0.57284 0.52347 0.47736 0.43445 0.39467 0.3579 0.32403 0.29294 0.26448 0.2385 0.21483 0.19333 0.17383 0.15619 0.14026 0.12589 0.11296 0.10132 0.090882 0.081519 0.073133 0.065628 0.058916 0.052914 0.047545 0.042734 0.038412 0.034513 0.03098 0.027761 0.024809 0.022089 0.019567 0.017215 0.015011 0.012931 0.010959 0.0090802 0.007304 0.0056599 0.0041868 0.0029393 0.0019454 0.0011985 0.00088702 
562.5 1.3891 1.3913 1.3928 1.3927 1.3922 1.392 1.3919 1.3917 1.3915 1.3913 1.3911 1.391 1.3908 1.3907 1.3905 1.3903 1.3902 1.39 1.3898 1.3897 1.3895 1.3893 1.3892 1.389 1.3889 1.3888 1.3886 1.3885 1.3884 1.3883 1.3882 1.3881 1.388 1.3879 1.3878 1.3878 1.3877 1.3877 1.3876 1.3876 1.3875 1.3874 1.3873 1.3579 1.2897 1.2128 1.1378 1.064 0.99161 0.92126 0.85357 0.78878 0.72709 0.66861 0.61343 0.5615 0.5128 0.46735 0.42511 0.38598 0.34984 0.31659 0.28613 0.25826 0.23273 0.20946 0.18862 0.17015 0.15343 0.13769 0.12277 0.10925 0.097635 0.08777 0.079095 0.071169 0.063869 0.057244 0.051315 0.046021 0.041263 0.036959 0.033054 0.029505 0.026274 0.023332 0.020665 0.018258 0.016097 0.014177 0.012483 0.010984 0.0096069 0.0082784 0.0069414 0.0055813 0.0042541 0.0030422 0.0020123 0.0015529 
563 1.3883 1.3905 1.3922 1.3921 1.3917 1.3914 1.3913 1.3911 1.3909 1.3907 1.3906 1.3905 1.3903 1.3902 1.39 1.3899 1.3897 1.3896 1.3894 1.3893 1.3891 1.389 1.3888 1.3887 1.3885 1.3884 1.3883 1.3882 1.3881 1.388 1.3879 1.3878 1.3877 1.3876 1.3875 1.3874 1.3873 1.3873 1.3872 1.3871 1.3871 1.387 1.3876 1.3499 1.2738 1.1981 1.1236 1.0504 0.97874 0.90888 0.84134 0.7765 0.71476 0.6564 0.60153 0.55016 0.50217 0.45745 0.4159 0.37742 0.34192 0.30927 0.27934 0.25197 0.22701 0.20429 0.18366 0.16498 0.1481 0.13287 0.11915 0.10681 0.095712 0.085749 0.076812 0.068802 0.061623 0.055191 0.049427 0.044262 0.039637 0.035505 0.031825 0.028557 0.025659 0.023087 0.020797 0.018732 0.016836 0.015054 0.013334 0.011638 0.0099387 0.0082451 0.0065954 0.0050458 0.0036729 0.0025275 0.0016231 0.0012338 
563.5 1.3877 1.39 1.3916 1.3916 1.3911 1.3909 1.3907 1.3906 1.3904 1.3902 1.3901 1.39 1.3898 1.3897 1.3896 1.3894 1.3893 1.3891 1.389 1.3888 1.3887 1.3886 1.3884 1.3883 1.3882 1.388 1.3879 1.3878 1.3877 1.3876 1.3875 1.3874 1.3873 1.3872 1.3871 1.3869 1.3868 1.3865 1.3862 1.3858 1.3851 1.3842 1.3821 1.3404 1.262 1.1853 1.1099 1.0361 0.96415 0.89468 0.82839 0.76511 0.70423 0.64564 0.59015 0.53863 0.49117 0.44731 0.40659 0.3688 0.33389 0.3018 0.27241 0.24557 0.2211 0.19886 0.17868 0.16041 0.14391 0.12903 0.11562 0.10357 0.092737 0.083009 0.074282 0.066462 0.059464 0.053215 0.047647 0.042691 0.038285 0.034364 0.03087 0.027741 0.024919 0.022351 0.019994 0.017809 0.015759 0.013818 0.011963 0.010181 0.0084642 0.0068258 0.0052985 0.0039246 0.0027592 0.0018299 0.0011309 0.00083897 
564 1.3872 1.3895 1.3911 1.3911 1.3906 1.3904 1.3902 1.3901 1.3899 1.3898 1.3896 1.3895 1.3894 1.3893 1.3891 1.389 1.3889 1.3887 1.3886 1.3885 1.3883 1.3882 1.3881 1.388 1.3878 1.3877 1.3876 1.3875 1.3873 1.3872 1.3871 1.387 1.3868 1.3866 1.3864 1.3862 1.3859 1.3856 1.3852 1.3848 1.3844 1.384 1.3746 1.3258 1.2481 1.1716 1.0962 1.0224 0.95056 0.88108 0.81445 0.75088 0.6905 0.63341 0.57967 0.52928 0.48222 0.43844 0.3979 0.36048 0.32607 0.29449 0.26561 0.23927 0.21529 0.19352 0.17379 0.15596 0.13987 0.12538 0.11236 0.10066 0.090165 0.080766 0.072355 0.064836 0.058119 0.052125 0.046771 0.041984 0.037696 0.033842 0.030365 0.027211 0.024334 0.021689 0.019249 0.016989 0.01488 0.012904 0.011042 0.0092837 0.007619 0.0060584 0.0046306 0.0033691 0.0023199 0.0015022 0.00090346 0.00065804 
564.5 1.3868 1.3891 1.3906 1.3906 1.3902 1.39 1.3898 1.3897 1.3895 1.3894 1.3892 1.3891 1.389 1.3889 1.3888 1.3887 1.3885 1.3884 1.3883 1.3882 1.388 1.3879 1.3878 1.3876 1.3875 1.3874 1.3873 1.3871 1.387 1.3868 1.3867 1.3865 1.3863 1.3861 1.3859 1.3856 1.3854 1.3851 1.3848 1.3846 1.3843 1.3841 1.3664 1.3097 1.2325 1.1564 1.0812 1.0078 0.93639 0.86736 0.80121 0.73815 0.67828 0.62165 0.56837 0.51854 0.47215 0.42904 0.38907 0.35219 0.31833 0.28734 0.25903 0.23322 0.20976 0.18849 0.16922 0.15179 0.13606 0.12192 0.10924 0.097867 0.08762 0.078395 0.070134 0.062762 0.056172 0.050249 0.044918 0.04014 0.035882 0.032081 0.028644 0.025483 0.022555 0.019856 0.0174 0.015184 0.01319 0.011414 0.009887 0.008678 0.0078633 0.0074596 0.0073327 0.0071785 0.0066638 0.0056238 0.0041833 0.0034027 
565 1.3865 1.3887 1.3903 1.3902 1.3898 1.3896 1.3894 1.3893 1.3891 1.389 1.3889 1.3888 1.3887 1.3886 1.3885 1.3883 1.3882 1.3881 1.388 1.3879 1.3877 1.3876 1.3875 1.3873 1.3872 1.3871 1.3869 1.3868 1.3866 1.3864 1.3863 1.3861 1.3859 1.3857 1.3855 1.3852 1.385 1.3848 1.3846 1.3844 1.3842 1.384 1.3577 1.2928 1.216 1.1403 1.0656 0.99248 0.92144 0.8529 0.78728 0.72477 0.6655 0.60961 0.55727 0.50849 0.46291 0.42024 0.3805 0.34395 0.31065 0.28038 0.2528 0.22763 0.20471 0.1839 0.16506 0.14805 0.13272 0.11892 0.10651 0.095361 0.085356 0.076393 0.068367 0.061186 0.054763 0.049019 0.043891 0.03931 0.035221 0.031577 0.028336 0.025461 0.022902 0.020618 0.018565 0.016694 0.014955 0.013301 0.011694 0.010109 0.0085332 0.0069869 0.0055041 0.0041384 0.0029555 0.0019935 0.0012544 0.00094043 
565.5 1.3861 1.3884 1.39 1.39 1.3896 1.3893 1.3892 1.3891 1.3889 1.3888 1.3887 1.3886 1.3885 1.3884 1.3883 1.3882 1.388 1.3879 1.3878 1.3877 1.3876 1.3874 1.3873 1.3872 1.387 1.3869 1.3867 1.3866 1.3864 1.3862 1.386 1.3859 1.3857 1.3855 1.3853 1.3851 1.3849 1.3847 1.3845 1.3844 1.3843 1.3849 1.3487 1.2743 1.1986 1.1236 1.0493 0.97673 0.9063 0.83843 0.77349 0.71168 0.65313 0.59789 0.54604 0.4976 0.45253 0.41076 0.37219 0.3367 0.30412 0.2743 0.2471 0.22235 0.1999 0.17955 0.16116 0.14456 0.1296 0.11615 0.10406 0.093219 0.083492 0.074774 0.066968 0.059979 0.053727 0.048139 0.043152 0.038702 0.034724 0.031162 0.027964 0.025078 0.022451 0.020041 0.017816 0.015746 0.013802 0.011965 0.010223 0.0085691 0.007004 0.0055437 0.0042152 0.0030529 0.0020953 0.0013548 0.00081652 0.00059669 
566 1.3859 1.3881 1.3898 1.3898 1.3894 1.3891 1.389 1.3889 1.3887 1.3886 1.3885 1.3884 1.3883 1.3882 1.3881 1.388 1.3879 1.3878 1.3876 1.3875 1.3874 1.3873 1.3871 1.387 1.3868 1.3867 1.3865 1.3864 1.3862 1.386 1.3859 1.3857 1.3855 1.3853 1.3851 1.3849 1.3846 1.3843 1.3838 1.3831 1.382 1.3804 1.3387 1.2599 1.1832 1.1074 1.0331 0.96075 0.89078 0.8235 0.75921 0.69811 0.64031 0.58584 0.53476 0.48711 0.44283 0.40184 0.36402 0.32925 0.29736 0.26819 0.24158 0.21737 0.19541 0.17551 0.15753 0.14131 0.1267 0.11356 0.10175 0.091157 0.08166 0.073157 0.065549 0.058745 0.052662 0.047224 0.042363 0.038011 0.034104 0.030584 0.027404 0.024516 0.021875 0.019449 0.017211 0.015136 0.013199 0.011385 0.0096783 0.0080679 0.0065517 0.0051419 0.003862 0.0027481 0.0018406 0.0011502 0.00066157 0.00046635 
566.5 1.3857 1.388 1.3896 1.3896 1.3892 1.389 1.3889 1.3887 1.3886 1.3884 1.3883 1.3883 1.3882 1.3881 1.388 1.3879 1.3877 1.3876 1.3875 1.3874 1.3873 1.3871 1.387 1.3869 1.3867 1.3865 1.3864 1.3862 1.386 1.3859 1.3857 1.3854 1.3852 1.3849 1.3846 1.3843 1.3839 1.3834 1.383 1.3825 1.3821 1.3723 1.3226 1.2445 1.168 1.0923 1.0179 0.94568 0.87599 0.80916 0.74543 0.68499 0.62792 0.57424 0.52398 0.47716 0.4337 0.39344 0.35625 0.32203 0.29066 0.26201 0.23591 0.21218 0.19069 0.17126 0.15373 0.13793 0.12369 0.11089 0.0994 0.089092 0.07986 0.071595 0.064189 0.057546 0.051582 0.046226 0.041419 0.037099 0.03321 0.029696 0.02651 0.023614 0.020979 0.018587 0.016434 0.014512 0.012807 0.011298 0.0099429 0.0086912 0.0074884 0.0062955 0.0051086 0.0039625 0.0029197 0.0020301 0.0013162 0.001006 
567 1.3856 1.3878 1.3895 1.3895 1.3891 1.3889 1.3887 1.3886 1.3884 1.3883 1.3882 1.3881 1.388 1.388 1.3879 1.3877 1.3876 1.3875 1.3874 1.3873 1.3872 1.387 1.3869 1.3867 1.3866 1.3864 1.3862 1.3861 1.3859 1.3856 1.3854 1.3852 1.3849 1.3846 1.3843 1.384 1.3837 1.3834 1.3831 1.3828 1.3826 1.3633 1.3047 1.2271 1.1512 1.076 1.0021 0.93031 0.86117 0.79496 0.73188 0.67209 0.61567 0.56266 0.51307 0.46693 0.42413 0.38459 0.34819 0.31478 0.2842 0.25627 0.23082 0.20767 0.18667 0.16767 0.15052 0.13505 0.12113 0.10861 0.097371 0.087287 0.078248 0.070146 0.06288 0.056362 0.050513 0.045265 0.040565 0.036359 0.0326 0.029249 0.026271 0.023629 0.021276 0.019167 0.017261 0.01551 0.013869 0.012299 0.01077 0.0092604 0.0077719 0.0063233 0.0049464 0.0036937 0.002623 0.0017611 0.0011049 0.0008282 
567.5 1.3854 1.3876 1.3892 1.3893 1.3888 1.3886 1.3885 1.3884 1.3882 1.3881 1.388 1.388 1.3879 1.3878 1.3877 1.3876 1.3875 1.3874 1.3872 1.3871 1.387 1.3868 1.3867 1.3865 1.3864 1.3862 1.386 1.3858 1.3856 1.3854 1.3851 1.3849 1.3846 1.3844 1.3841 1.3838 1.3836 1.3834 1.3832 1.383 1.3828 1.3537 1.2858 1.2088 1.1334 1.0588 0.98551 0.91442 0.84599 0.78049 0.71814 0.65911 0.60348 0.55127 0.50249 0.45712 0.4151 0.3763 0.34061 0.30786 0.2779 0.25056 0.22565 0.20301 0.18247 0.16388 0.1471 0.13197 0.11834 0.10609 0.095087 0.085211 0.076355 0.068418 0.061309 0.054946 0.049258 0.044176 0.039643 0.035597 0.031979 0.028736 0.02582 0.023183 0.020779 0.018569 0.016523 0.014612 0.012814 0.011112 0.0094942 0.0079526 0.0064936 0.0051318 0.0038899 0.0028048 0.0019148 0.0012299 0.00073457 0.00053289 
568 1.3852 1.3874 1.389 1.3891 1.3886 1.3884 1.3883 1.3882 1.388 1.3879 1.3878 1.3878 1.3877 1.3876 1.3875 1.3874 1.3873 1.3872 1.387 1.3869 1.3868 1.3866 1.3865 1.3863 1.3861 1.386 1.3858 1.3856 1.3854 1.3851 1.3849 1.3847 1.3844 1.3842 1.384 1.3838 1.3835 1.3832 1.3829 1.3823 1.3824 1.3437 1.2667 1.1905 1.1152 1.0411 0.9685 0.89816 0.83053 0.76587 0.70436 0.64617 0.59139 0.54004 0.4921 0.44757 0.40636 0.36834 0.33338 0.3013 0.2719 0.24504 0.22055 0.19829 0.17814 0.15994 0.14353 0.12876 0.11546 0.10351 0.092779 0.083141 0.074493 0.066738 0.059789 0.053566 0.047994 0.043002 0.038527 0.034505 0.030879 0.0276 0.024625 0.021913 0.019431 0.017146 0.015036 0.01308 0.011261 0.009569 0.0079917 0.0065258 0.0051763 0.0039511 0.0028676 0.0019536 0.001237 0.0007177 0.00037245 0.00024078 
568.5 1.3851 1.3873 1.3889 1.389 1.3887 1.3882 1.3876 1.3883 1.3915 1.3932 1.3894 1.384 1.3833 1.3864 1.3882 1.3877 1.387 1.3869 1.387 1.3869 1.3867 1.3865 1.3864 1.3862 1.386 1.3858 1.3857 1.3855 1.3852 1.385 1.3848 1.3846 1.3843 1.384 1.3836 1.3832 1.3827 1.3821 1.3815 1.3809 1.375 1.3297 1.2517 1.1749 1.0991 1.0248 0.95239 0.88248 0.81541 0.75139 0.69062 0.63321 0.57923 0.52865 0.48147 0.43766 0.39712 0.35975 0.32539 0.29388 0.26507 0.23883 0.215 0.19338 0.17375 0.15592 0.13982 0.12533 0.11235 0.1007 0.09023 0.080825 0.072388 0.064826 0.058082 0.052074 0.046693 0.041855 0.037485 0.033518 0.029925 0.026672 0.023716 0.021032 0.018592 0.016368 0.014376 0.012622 0.011122 0.0099181 0.009004 0.0083234 0.0077814 0.0072272 0.0065071 0.0055709 0.0044812 0.0033524 0.0023066 0.0018212 
569 1.3869 1.3892 1.391 1.3911 1.3905 1.3901 1.3897 1.3892 1.3888 1.3885 1.3884 1.3883 1.3884 1.3883 1.388 1.3878 1.3881 1.3886 1.3878 1.3857 1.3839 1.3836 1.3843 1.385 1.3854 1.3855 1.3854 1.3852 1.385 1.3847 1.3845 1.3842 1.3839 1.3835 1.3832 1.3828 1.3824 1.382 1.3817 1.3814 1.3657 1.311 1.2337 1.1575 1.0821 1.0082 0.93634 0.86698 0.80051 0.73718 0.67711 0.6204 0.56713 0.5173 0.47089 0.42783 0.38802 0.35136 0.31768 0.28683 0.25865 0.23298 0.20965 0.18847 0.16928 0.15193 0.13626 0.12214 0.10943 0.098004 0.087743 0.078535 0.070277 0.062871 0.056229 0.050273 0.044931 0.040144 0.035858 0.032024 0.028605 0.025563 0.022862 0.020465 0.018331 0.016418 0.014683 0.013087 0.011589 0.010161 0.0087805 0.0074376 0.0061379 0.0048992 0.00375 0.0027301 0.0018833 0.0012243 0.00074159 0.00054334 
569.5 1.3879 1.3907 1.3927 1.3921 1.3898 1.3879 1.3876 1.3882 1.3886 1.3885 1.3882 1.3881 1.388 1.3879 1.3877 1.3876 1.3875 1.3873 1.3872 1.387 1.387 1.3871 1.3873 1.3869 1.3857 1.3838 1.3825 1.3824 1.3832 1.3839 1.384 1.3838 1.3835 1.3833 1.383 1.3827 1.3824 1.3822 1.382 1.3818 1.3558 1.2914 1.2147 1.139 1.0642 0.99098 0.91976 0.85111 0.78539 0.72282 0.66352 0.60758 0.55508 0.50602 0.46037 0.41806 0.37899 0.34303 0.31005 0.27989 0.25237 0.2273 0.20445 0.18364 0.16472 0.14761 0.13218 0.11833 0.10591 0.094794 0.084843 0.075934 0.067955 0.060807 0.054407 0.048682 0.043564 0.038993 0.034911 0.031258 0.027984 0.025041 0.022382 0.019964 0.017755 0.015722 0.013833 0.01207 0.010419 0.0088684 0.0074104 0.0060486 0.0047882 0.0036405 0.0026279 0.0017784 0.0011156 0.0006371 0.00032208 0.00020314 
570 1.3871 1.3892 1.3904 1.39 1.3891 1.3885 1.3882 1.3881 1.388 1.3879 1.3879 1.3878 1.3877 1.3876 1.3875 1.3873 1.3872 1.3871 1.387 1.3868 1.3867 1.3866 1.3864 1.3862 1.386 1.3858 1.3859 1.3862 1.3857 1.384 1.382 1.3808 1.381 1.3817 1.3823 1.3824 1.3823 1.3822 1.3821 1.3828 1.3455 1.2702 1.1948 1.1198 1.0457 0.97316 0.90273 0.83489 0.76998 0.70823 0.64976 0.59464 0.54294 0.49469 0.44982 0.40825 0.36988 0.33458 0.30219 0.27257 0.24555 0.22096 0.19863 0.17838 0.16007 0.14354 0.12865 0.11525 0.1032 0.092371 0.08266 0.073959 0.06617 0.0592 0.052967 0.047396 0.042416 0.037959 0.033964 0.03037 0.027126 0.024188 0.021509 0.019056 0.016805 0.014726 0.012803 0.01101 0.0093355 0.0077841 0.0063515 0.0050303 0.0038281 0.0027669 0.0018589 0.001124 0.0005814 0.0002238 2.2038e-05 -4.3356e-05 
570.5 1.3854 1.3874 1.3888 1.3887 1.3884 1.3883 1.3882 1.388 1.3878 1.3877 1.3876 1.3875 1.3874 1.3873 1.3872 1.3871 1.387 1.3869 1.3867 1.3866 1.3865 1.3863 1.3861 1.386 1.3858 1.3856 1.3854 1.3852 1.3849 1.3847 1.3846 1.3845 1.3842 1.3834 1.3822 1.3807 1.3794 1.3784 1.3774 1.375 1.3329 1.2548 1.1782 1.1023 1.0279 0.9556 0.88566 0.81847 0.75431 0.69337 0.63571 0.58139 0.5305 0.48307 0.43901 0.39822 0.36058 0.32598 0.29429 0.26532 0.23891 0.21488 0.19307 0.17332 0.15548 0.1394 0.12491 0.11185 0.10009 0.089513 0.080022 0.071524 0.063932 0.057153 0.051093 0.045667 0.040793 0.0364 0.032434 0.028849 0.025621 0.022717 0.020094 0.017722 0.01558 0.013659 0.011947 0.010431 0.0091008 0.0079536 0.0069817 0.0061776 0.0055348 0.0050171 0.004554 0.004053 0.0034404 0.0027069 0.001927 0.001542 
571 1.3845 1.3867 1.3882 1.3882 1.3879 1.3878 1.3878 1.3876 1.3875 1.3874 1.3873 1.3872 1.3871 1.387 1.3869 1.3868 1.3867 1.3865 1.3864 1.3863 1.3861 1.386 1.3858 1.3856 1.3854 1.3853 1.385 1.3848 1.3846 1.3843 1.384 1.3836 1.3833 1.3829 1.3826 1.3824 1.3823 1.3822 1.382 1.3662 1.3113 1.2339 1.158 1.083 1.0094 0.9379 0.86877 0.80233 0.73889 0.67868 0.62178 0.56824 0.51815 0.4715 0.42822 0.38821 0.35134 0.31746 0.28644 0.2581 0.23229 0.20882 0.18753 0.16825 0.15084 0.13513 0.12098 0.10825 0.096799 0.086515 0.07729 0.069021 0.061612 0.054972 0.049022 0.043693 0.038922 0.034656 0.030845 0.027449 0.024431 0.021752 0.019375 0.017261 0.015375 0.013677 0.012129 0.010695 0.0093488 0.0080713 0.0068484 0.005679 0.0045713 0.0035409 0.0026125 0.0018146 0.0011836 0.00071558 0.00039049 0.00026514 
571.5 1.3839 1.3861 1.3877 1.3877 1.3874 1.3874 1.3874 1.3873 1.3872 1.3871 1.387 1.3869 1.3868 1.3867 1.3866 1.3865 1.3864 1.3863 1.3861 1.386 1.3858 1.3857 1.3855 1.3853 1.3851 1.3849 1.3847 1.3844 1.3842 1.3839 1.3836 1.3834 1.3831 1.3829 1.3827 1.3824 1.3822 1.3821 1.3819 1.3567 1.2929 1.216 1.1403 1.065 0.99124 0.91974 0.85097 0.78522 0.72265 0.66338 0.60743 0.55483 0.50565 0.45987 0.41742 0.37819 0.34207 0.30893 0.2786 0.25094 0.22579 0.20296 0.18227 0.16355 0.14659 0.13125 0.11739 0.1049 0.093682 0.083635 0.074652 0.066631 0.059474 0.053087 0.047387 0.0423 0.037759 0.033704 0.030081 0.026838 0.023931 0.021313 0.018942 0.016783 0.014807 0.012987 0.011296 0.0097182 0.0082406 0.0068593 0.0055723 0.0043858 0.0033098 0.0023576 0.0015471 0.00089598 0.00042416 0.00012189 -4.2085e-05 -9.2201e-05 
572 1.3835 1.3857 1.3873 1.3874 1.3871 1.387 1.387 1.3869 1.3868 1.3867 1.3866 1.3866 1.3865 1.3864 1.3863 1.3862 1.3861 1.3859 1.3858 1.3856 1.3855 1.3853 1.3851 1.3849 1.3847 1.3845 1.3843 1.3841 1.3839 1.3836 1.3834 1.3832 1.3829 1.3827 1.3825 1.3823 1.3822 1.382 1.3822 1.3459 1.2713 1.1955 1.1206 1.0463 0.9733 0.90248 0.83425 0.76895 0.70686 0.64816 0.59292 0.54114 0.49284 0.44795 0.40636 0.36797 0.33264 0.30022 0.27056 0.24351 0.21887 0.19651 0.17624 0.15791 0.14136 0.12645 0.11303 0.10097 0.090147 0.080444 0.07175 0.063968 0.057008 0.050788 0.045232 0.040272 0.035839 0.031874 0.028323 0.025133 0.022261 0.019665 0.017308 0.01516 0.0132 0.011405 0.0097556 0.0082365 0.0068381 0.0055561 0.004388 0.003337 0.0024082 0.0016085 0.00094842 0.00043801 8.7855e-05 -0.00011205 -0.00019269 -0.00020727 
572.5 1.3833 1.3855 1.3871 1.3872 1.3868 1.3867 1.3867 1.3866 1.3865 1.3865 1.3864 1.3863 1.3862 1.3862 1.3861 1.3859 1.3858 1.3857 1.3856 1.3854 1.3852 1.3851 1.3849 1.3847 1.3845 1.3843 1.3841 1.3839 1.3837 1.3834 1.3832 1.3829 1.3827 1.3823 1.3818 1.3813 1.3806 1.3798 1.3761 1.3325 1.2541 1.1773 1.1016 1.0273 0.95492 0.88511 0.81789 0.75331 0.69167 0.63331 0.57846 0.52719 0.47958 0.43555 0.39487 0.35734 0.32279 0.29112 0.2622 0.23583 0.2118 0.18999 0.17024 0.15242 0.13636 0.1219 0.10891 0.097266 0.086821 0.07745 0.069037 0.061484 0.054712 0.048652 0.043236 0.038403 0.034084 0.030212 0.026735 0.023599 0.020776 0.018225 0.015922 0.013856 0.012014 0.01039 0.0089904 0.0078088 0.0068347 0.0060453 0.0053803 0.0047737 0.0041685 0.0035222 0.0028367 0.0021556 0.001536 0.0010209 0.00062626 0.00046121 
573 1.3834 1.3856 1.3872 1.3872 1.3867 1.3864 1.3863 1.3863 1.3862 1.3861 1.3861 1.386 1.386 1.3859 1.3858 1.3857 1.3855 1.3854 1.3853 1.3851 1.385 1.3848 1.3846 1.3844 1.3842 1.384 1.3838 1.3836 1.3833 1.383 1.3827 1.3824 1.3821 1.3817 1.3813 1.381 1.3806 1.3803 1.366 1.3124 1.2346 1.1582 1.0826 1.0085 0.93629 0.86665 0.79986 0.73616 0.6757 0.61857 0.56483 0.5145 0.46761 0.42414 0.38401 0.34709 0.31322 0.28224 0.25397 0.22823 0.20484 0.18364 0.16446 0.14716 0.13157 0.11756 0.10497 0.093671 0.083547 0.074477 0.066353 0.059081 0.052573 0.046753 0.04155 0.036903 0.03276 0.029062 0.025764 0.022836 0.020237 0.017932 0.015888 0.014064 0.012428 0.010952 0.0096007 0.0083471 0.0071704 0.0060618 0.0050097 0.004019 0.0031053 0.0022787 0.0015615 0.00097304 0.00053071 0.00023292 5.8032e-05 -8.5425e-07 
573.5 1.3833 1.3853 1.3866 1.3866 1.3862 1.3862 1.3862 1.3861 1.386 1.3859 1.3858 1.3857 1.3857 1.3856 1.3855 1.3854 1.3852 1.3851 1.385 1.3848 1.3847 1.3845 1.3843 1.3841 1.3839 1.3837 1.3834 1.3832 1.3829 1.3827 1.3824 1.3821 1.3818 1.3815 1.3813 1.381 1.3808 1.3806 1.355 1.2906 1.2134 1.1374 1.0624 0.98883 0.91728 0.8483 0.78221 0.71923 0.65952 0.6032 0.55036 0.501 0.45508 0.41254 0.37325 0.3371 0.30396 0.27367 0.24607 0.22098 0.19823 0.17762 0.15902 0.14225 0.12714 0.11355 0.10132 0.090328 0.080451 0.071593 0.063663 0.056569 0.050231 0.044575 0.039536 0.03505 0.031054 0.02749 0.024307 0.021459 0.018903 0.016602 0.014522 0.012633 0.010912 0.009338 0.0078937 0.006567 0.0053489 0.0042369 0.0032317 0.0023385 0.0015626 0.00090892 0.00039146 1.1621e-05 -0.00022854 -0.00033784 -0.00034902 -0.00033386 
574 1.382 1.3843 1.3861 1.3863 1.3861 1.386 1.3859 1.3858 1.3857 1.3856 1.3855 1.3855 1.3854 1.3853 1.3852 1.3851 1.385 1.3848 1.3847 1.3845 1.3844 1.3842 1.384 1.3838 1.3836 1.3834 1.3831 1.3829 1.3826 1.3824 1.3821 1.3819 1.3817 1.3814 1.3812 1.3809 1.3806 1.381 1.3432 1.2672 1.1913 1.1157 1.0411 0.96823 0.89748 0.82938 0.76423 0.70226 0.64355 0.58818 0.53623 0.4877 0.44256 0.40077 0.36224 0.32685 0.29443 0.26484 0.2379 0.21344 0.19126 0.1712 0.15308 0.13676 0.12207 0.10886 0.097015 0.086393 0.076882 0.068376 0.060773 0.05398 0.047914 0.0425 0.037667 0.033352 0.029497 0.026044 0.022945 0.020155 0.017635 0.015352 0.013277 0.011385 0.0096554 0.0080724 0.0066223 0.0052973 0.004092 0.0030064 0.0020449 0.0012145 0.00052005 -3.3968e-05 -0.00044003 -0.00069751 -0.00080952 -0.00079475 -0.00068586 -0.00061185 
574.5 1.382 1.3842 1.386 1.3863 1.386 1.3858 1.3857 1.3857 1.3856 1.3855 1.3854 1.3853 1.3852 1.3851 1.385 1.3849 1.3848 1.3847 1.3845 1.3844 1.3842 1.384 1.3838 1.3836 1.3834 1.3832 1.383 1.3827 1.3825 1.3822 1.3819 1.3815 1.3811 1.3807 1.3802 1.3796 1.379 1.3725 1.3267 1.249 1.1721 1.0958 1.021 0.9482 0.87786 0.81031 0.74581 0.68454 0.62659 0.57206 0.52104 0.47351 0.42942 0.3887 0.35119 0.3167 0.28508 0.2562 0.22993 0.2061 0.18455 0.16507 0.1475 0.13166 0.11742 0.10465 0.093201 0.08296 0.073809 0.065641 0.058347 0.051831 0.04601 0.0408 0.036137 0.031964 0.028226 0.024875 0.021868 0.01917 0.016747 0.014569 0.012613 0.010862 0.0093048 0.007936 0.006751 0.0057473 0.0049156 0.0042486 0.0037177 0.0032852 0.0028979 0.0025032 0.0020737 0.0016134 0.001166 0.00077428 0.00046499 0.00033456 
575 1.3818 1.3841 1.3858 1.386 1.3857 1.3856 1.3856 1.3855 1.3853 1.3853 1.3852 1.3851 1.385 1.3849 1.3848 1.3847 1.3846 1.3844 1.3843 1.3841 1.3839 1.3838 1.3836 1.3834 1.3831 1.3829 1.3826 1.3824 1.3821 1.3818 1.3814 1.3811 1.3808 1.3804 1.3801 1.3799 1.3796 1.3614 1.3044 1.2273 1.1509 1.0749 1.0004 0.92811 0.85834 0.79145 0.7277 0.66725 0.61018 0.55656 0.50648 0.45987 0.41666 0.37675 0.34002 0.30636 0.27557 0.2475 0.22196 0.19878 0.1778 0.15886 0.1418 0.12646 0.11267 0.1003 0.089216 0.079296 0.070422 0.062487 0.055394 0.049053 0.043387 0.038326 0.03381 0.029786 0.026208 0.023033 0.020225 0.017747 0.015565 0.013643 0.011948 0.010445 0.0091006 0.0078843 0.0067695 0.0057374 0.0047735 0.0038734 0.0030403 0.002282 0.0016074 0.0010264 0.00055255 0.00019363 -4.4966e-05 -0.0001727 -0.00021236 -0.00021262 
575.5 1.3824 1.3844 1.3859 1.3859 1.3856 1.3855 1.3855 1.3854 1.3853 1.3852 1.3851 1.385 1.3849 1.3848 1.3847 1.3846 1.3845 1.3843 1.3842 1.384 1.3838 1.3836 1.3834 1.3832 1.383 1.3828 1.3825 1.3822 1.382 1.3817 1.3814 1.3811 1.3809 1.3807 1.3804 1.3803 1.3802 1.3495 1.2805 1.204 1.1281 1.0527 0.97887 0.90724 0.83821 0.77209 0.70913 0.64952 0.59332 0.54061 0.49144 0.44577 0.40351 0.36456 0.32878 0.29601 0.2661 0.23888 0.21414 0.19172 0.17146 0.15318 0.13674 0.12198 0.10874 0.096879 0.086273 0.076795 0.068332 0.06078 0.054045 0.048043 0.042699 0.037944 0.033716 0.02996 0.026624 0.023658 0.021017 0.018661 0.016547 0.014641 0.012913 0.011335 0.009884 0.0085403 0.0072893 0.0061227 0.0050339 0.0040236 0.003098 0.0022656 0.0015345 0.00091404 0.00041643 4.862e-05 -0.00018681 -0.0003016 -0.00032024 -0.0003085 
576 1.3823 1.3843 1.3859 1.3859 1.3856 1.3855 1.3855 1.3854 1.3852 1.3851 1.3851 1.385 1.3849 1.3848 1.3847 1.3845 1.3844 1.3842 1.3841 1.3839 1.3837 1.3835 1.3833 1.3831 1.3829 1.3827 1.3824 1.3822 1.3819 1.3817 1.3814 1.3811 1.3808 1.3804 1.3799 1.3791 1.3775 1.336 1.2577 1.1809 1.1047 1.0297 0.95644 0.88556 0.81739 0.75221 0.69024 0.63165 0.57652 0.52493 0.4769 0.43236 0.39125 0.3534 0.31866 0.28685 0.25781 0.23137 0.20738 0.1857 0.16615 0.14855 0.13275 0.11858 0.10588 0.094501 0.084316 0.075199 0.067044 0.059756 0.053243 0.047426 0.042234 0.037601 0.033463 0.029761 0.026443 0.02346 0.020772 0.018342 0.016134 0.014119 0.012278 0.010588 0.0090335 0.0076001 0.0062787 0.0050646 0.0039541 0.0029494 0.0020569 0.0012834 0.00063427 0.00011434 -0.00027098 -0.00052217 -0.00064318 -0.00065129 -0.00057401 -0.00051751 
576.5 1.3815 1.3838 1.3858 1.3863 1.3859 1.3856 1.3855 1.3855 1.3853 1.3852 1.3851 1.385 1.3849 1.3848 1.3847 1.3846 1.3844 1.3843 1.3841 1.384 1.3838 1.3836 1.3834 1.3832 1.3829 1.3827 1.3824 1.3822 1.3818 1.3815 1.3812 1.3808 1.3804 1.38 1.3797 1.3794 1.3667 1.3144 1.2362 1.1592 1.0829 1.0079 0.93496 0.86457 0.79706 0.73269 0.67165 0.61408 0.56002 0.50951 0.46255 0.4191 0.37903 0.3422 0.30844 0.2776 0.24954 0.22409 0.20102 0.18012 0.1612 0.14413 0.12877 0.115 0.10265 0.091583 0.081669 0.072803 0.064879 0.057802 0.051483 0.045841 0.040802 0.036294 0.032247 0.028602 0.025314 0.022345 0.019667 0.017251 0.015076 0.013128 0.011406 0.0099075 0.00863 0.0075697 0.0067118 0.0060259 0.0054633 0.0049706 0.0045002 0.0040178 0.0035087 0.0029793 0.0024506 0.0019449 0.0014841 0.0010781 0.00072931 0.00057102 
577 1.3823 1.3844 1.3859 1.3859 1.3856 1.3855 1.3855 1.3854 1.3853 1.3851 1.3851 1.385 1.3849 1.3847 1.3846 1.3845 1.3843 1.3842 1.384 1.3839 1.3837 1.3835 1.3833 1.383 1.3828 1.3825 1.3823 1.382 1.3817 1.3814 1.3811 1.3808 1.3806 1.3803 1.3802 1.38 1.354 1.2891 1.2115 1.1351 1.0594 0.98511 0.91298 0.84346 0.7769 0.71352 0.65351 0.59701 0.54408 0.49474 0.44894 0.4066 0.36759 0.33178 0.29901 0.2691 0.24188 0.21717 0.19477 0.1745 0.15621 0.13973 0.1249 0.11159 0.099644 0.088945 0.079368 0.070793 0.063127 0.056275 0.050143 0.044658 0.039753 0.035369 0.031448 0.027949 0.024832 0.022055 0.019591 0.017407 0.015471 0.013748 0.012216 0.010843 0.0095927 0.0084398 0.0073626 0.0063455 0.005375 0.0044547 0.0035915 0.0027908 0.0020661 0.0014307 0.00089966 0.0004802 0.00018308 1.4372e-06 -9.1083e-05 -0.0001174 
577.5 1.382 1.3842 1.3858 1.3859 1.3856 1.3855 1.3855 1.3853 1.3852 1.3851 1.385 1.3849 1.3848 1.3847 1.3845 1.3844 1.3843 1.3841 1.3839 1.3838 1.3836 1.3834 1.3831 1.3829 1.3827 1.3824 1.3822 1.3819 1.3817 1.3814 1.3812 1.3809 1.3806 1.3802 1.3795 1.3791 1.3403 1.2634 1.1864 1.1101 1.035 0.96158 0.89045 0.82201 0.75659 0.69438 0.63555 0.58023 0.5285 0.48033 0.43567 0.39443 0.35647 0.32166 0.28982 0.26079 0.2344 0.21046 0.18878 0.16918 0.1515 0.13559 0.12128 0.10841 0.096863 0.086511 0.077234 0.068928 0.061492 0.054836 0.048884 0.043563 0.038807 0.034559 0.030763 0.027366 0.024325 0.021598 0.019146 0.016933 0.014925 0.013096 0.011426 0.009891 0.008475 0.007166 0.0059544 0.0048381 0.0038154 0.002889 0.002067 0.0013553 0.00075723 0.00027749 -8.2739e-05 -0.00032492 -0.00045191 -0.00048117 -0.00043378 -0.00039331 
578 1.3819 1.3841 1.3857 1.3858 1.3855 1.3854 1.3854 1.3853 1.3851 1.385 1.3849 1.3848 1.3847 1.3846 1.3845 1.3843 1.3842 1.384 1.3838 1.3837 1.3835 1.3833 1.3831 1.3828 1.3826 1.3823 1.3821 1.3818 1.3814 1.3811 1.3807 1.3803 1.3798 1.3794 1.3791 1.3685 1.3187 1.241 1.1638 1.0871 1.012 0.93898 0.8685 0.80091 0.73649 0.67537 0.61767 0.56353 0.51298 0.46598 0.42245 0.3823 0.3454 0.31158 0.28067 0.2525 0.2269 0.20367 0.18264 0.16363 0.14649 0.13104 0.11715 0.10466 0.093441 0.083375 0.074354 0.066273 0.059037 0.05256 0.046765 0.041581 0.036943 0.032792 0.029071 0.025728 0.022716 0.019998 0.017537 0.015301 0.013264 0.011403 0.0097007 0.0081441 0.0067204 0.0054218 0.0042421 0.0031787 0.0022309 0.0014025 0.00069797 0.00012047 -0.00033035 -0.00065698 -0.00086384 -0.00095739 -0.0009478 -0.00085572 -0.00070513 -0.00061838 
578.5 1.3829 1.3851 1.3869 1.3874 1.3877 1.3884 1.3888 1.3885 1.3876 1.3866 1.386 1.3857 1.3855 1.3855 1.3854 1.385 1.3841 1.3833 1.3835 1.3841 1.3835 1.3814 1.38 1.3807 1.3821 1.3824 1.382 1.3816 1.3814 1.3811 1.3808 1.3805 1.3803 1.3801 1.3799 1.3555 1.2926 1.2155 1.1389 1.0629 0.98854 0.91638 0.84681 0.78019 0.71677 0.6567 0.6001 0.54708 0.49765 0.45174 0.40927 0.37014 0.3342 0.30129 0.27125 0.24388 0.219 0.19643 0.17598 0.15749 0.14081 0.12578 0.11229 0.10017 0.089288 0.079511 0.07075 0.062906 0.055893 0.049624 0.044016 0.039002 0.034513 0.030492 0.026888 0.023648 0.02073 0.0181 0.015729 0.013597 0.011685 0.0099851 0.0084932 0.0072002 0.0061011 0.0051894 0.0044513 0.0038704 0.0034127 0.0030406 0.0027155 0.0023942 0.0020519 0.0016794 0.0012889 0.00091568 0.00059297 0.00034096 0.00016514 9.6836e-05 
579 1.3851 1.3873 1.389 1.3889 1.3882 1.3874 1.3869 1.3864 1.386 1.3857 1.3856 1.3855 1.3854 1.3854 1.3853 1.3852 1.3851 1.3849 1.3848 1.3846 1.3843 1.3839 1.3834 1.3833 1.3837 1.3839 1.3827 1.3799 1.3775 1.3772 1.3788 1.3801 1.3803 1.3798 1.3798 1.3415 1.265 1.1885 1.1125 1.0375 0.96414 0.89303 0.82455 0.75902 0.69672 0.63778 0.58233 0.53043 0.48209 0.43726 0.39582 0.35766 0.32264 0.2906 0.26136 0.23474 0.21057 0.18867 0.16888 0.15101 0.13491 0.12044 0.10743 0.095755 0.085284 0.075895 0.067479 0.059936 0.053189 0.047148 0.041744 0.036911 0.032588 0.028726 0.025274 0.022201 0.019463 0.01703 0.014871 0.012951 0.011251 0.0097373 0.008384 0.0071654 0.006059 0.0050474 0.0041129 0.0032531 0.002459 0.0017359 0.0010921 0.00053542 7.5225e-05 -0.000284 -0.00053541 -0.00068457 -0.00073283 -0.00069591 -0.00059702 -0.00053321 
579.5 1.3839 1.3859 1.3873 1.3873 1.3868 1.3866 1.3865 1.3862 1.386 1.3858 1.3856 1.3855 1.3853 1.3852 1.3851 1.3849 1.3847 1.3846 1.3844 1.3842 1.384 1.3838 1.3836 1.3833 1.3831 1.3828 1.3825 1.3822 1.3818 1.3811 1.3801 1.3787 1.3773 1.3762 1.3679 1.3202 1.2417 1.1644 1.088 1.013 0.94018 0.86976 0.80213 0.73757 0.6763 0.61846 0.56414 0.51338 0.46617 0.42243 0.38206 0.34493 0.31088 0.27977 0.25141 0.22563 0.20223 0.18106 0.16194 0.14469 0.12917 0.11522 0.10269 0.09145 0.081382 0.072363 0.064288 0.057063 0.050603 0.044832 0.039681 0.035087 0.030991 0.027341 0.024088 0.021188 0.018599 0.016283 0.014205 0.012333 0.010642 0.0091062 0.0077066 0.0064266 0.0052535 0.0041796 0.0031986 0.0023079 0.0015096 0.00080939 0.00021371 -0.00027251 -0.00064538 -0.00090417 -0.0010543 -0.0011026 -0.0010578 -0.00093952 -0.00076947 -0.00067421 
580 1.385 1.3868 1.3879 1.3874 1.3865 1.3859 1.3856 1.3854 1.3853 1.3852 1.3852 1.3851 1.385 1.3849 1.3848 1.3847 1.3845 1.3843 1.3841 1.3839 1.3837 1.3835 1.3832 1.383 1.3827 1.3825 1.3822 1.382 1.3818 1.3816 1.3815 1.3814 1.3813 1.3811 1.3561 1.2921 1.2143 1.1375 1.0615 0.98712 0.91494 0.84543 0.77886 0.71547 0.65541 0.5988 0.54572 0.49618 0.45016 0.40759 0.36836 0.33232 0.29932 0.2692 0.24179 0.21688 0.19432 0.17392 0.15551 0.13892 0.124 0.11059 0.09857 0.087794 0.078145 0.069513 0.061794 0.054899 0.048736 0.043236 0.038332 0.033953 0.030044 0.026553 0.023427 0.020623 0.018104 0.015835 0.01378 0.011916 0.010223 0.00868 0.0072695 0.005982 0.0048063 0.0037374 0.0027742 0.001911 0.0011445 0.00048359 -6.5553e-05 -0.00050087 -0.00082398 -0.0010365 -0.0011452 -0.0011615 -0.0010922 -0.00095659 -0.00077692 -0.00067928 
580.5 1.381 1.3831 1.3847 1.3849 1.3846 1.3847 1.3848 1.3847 1.3846 1.3845 1.3844 1.3843 1.3841 1.384 1.3839 1.3837 1.3836 1.3834 1.3832 1.383 1.3828 1.3826 1.3824 1.3822 1.382 1.3818 1.3816 1.3814 1.3812 1.381 1.3808 1.3805 1.3801 1.3801 1.3411 1.2638 1.1868 1.1107 1.0358 0.96243 0.89103 0.82209 0.75608 0.6933 0.63397 0.57833 0.52645 0.47826 0.43362 0.39238 0.35442 0.31958 0.28771 0.25865 0.23222 0.20823 0.18651 0.16689 0.14921 0.13329 0.119 0.10617 0.094674 0.084388 0.075189 0.066959 0.059591 0.052989 0.047075 0.041783 0.037051 0.03282 0.02903 0.02563 0.022576 0.01983 0.017359 0.015134 0.013134 0.011346 0.0097642 0.0083871 0.0072091 0.0062221 0.0054138 0.0047636 0.0042377 0.0038 0.0034143 0.0030497 0.002684 0.0023048 0.0019112 0.0015124 0.0011262 0.00077622 0.00049177 0.0002752 0.00012374 6.7019e-05 
581 1.3794 1.3814 1.383 1.3832 1.3832 1.3835 1.3837 1.3836 1.3835 1.3835 1.3834 1.3833 1.3832 1.3831 1.3829 1.3828 1.3826 1.3825 1.3823 1.3821 1.3819 1.3817 1.3815 1.3813 1.3811 1.3808 1.3806 1.3803 1.38 1.3796 1.3793 1.379 1.3787 1.3677 1.3171 1.2386 1.161 1.0843 1.0092 0.93619 0.86572 0.79806 0.73346 0.67207 0.61409 0.5597 0.50894 0.46181 0.41824 0.37813 0.34133 0.30764 0.2769 0.24891 0.22349 0.20045 0.1796 0.16079 0.14385 0.12861 0.11492 0.10264 0.091638 0.081779 0.072951 0.065048 0.057973 0.051638 0.045964 0.040882 0.036333 0.032263 0.02862 0.025363 0.022454 0.019861 0.017553 0.015497 0.013667 0.012035 0.010575 0.0092639 0.0080783 0.0069901 0.0059847 0.0050525 0.0041797 0.0033676 0.0026132 0.0019251 0.0013095 0.00077482 0.00033082 -2.1831e-05 -0.00027857 -0.0004419 -0.00051285 -0.00050886 -0.00045156 -0.00041073 
581.5 1.3785 1.3806 1.3822 1.3825 1.3824 1.3825 1.3827 1.3826 1.3826 1.3825 1.3825 1.3824 1.3823 1.3822 1.3821 1.3819 1.3818 1.3816 1.3814 1.3812 1.381 1.3808 1.3806 1.3804 1.3802 1.3799 1.3797 1.3794 1.3792 1.379 1.3788 1.3787 1.3785 1.3525 1.2874 1.2095 1.1326 1.0566 0.98226 0.9101 0.84057 0.77399 0.71062 0.65059 0.59406 0.54115 0.49186 0.44613 0.40389 0.36501 0.32934 0.29673 0.26701 0.23999 0.21548 0.19329 0.17323 0.15513 0.13883 0.12416 0.11098 0.099151 0.088534 0.079013 0.070479 0.062828 0.055971 0.049826 0.044325 0.039399 0.034992 0.031051 0.027524 0.024368 0.021542 0.019014 0.016746 0.014707 0.012869 0.011206 0.009697 0.0083231 0.0070688 0.0059199 0.0048667 0.0039059 0.0030269 0.0022293 0.0015201 0.00090085 0.00037596 -5.1257e-05 -0.00037773 -0.00061 -0.00075266 -0.00081116 -0.0007938 -0.00071425 -0.00059241 -0.0005228 
582 1.3776 1.3797 1.3814 1.3817 1.3816 1.3817 1.3818 1.3818 1.3817 1.3816 1.3816 1.3815 1.3814 1.3813 1.3812 1.3811 1.3809 1.3807 1.3806 1.3804 1.3802 1.38 1.3798 1.3796 1.3794 1.3792 1.379 1.3787 1.3785 1.3781 1.3776 1.3769 1.3759 1.3354 1.2572 1.1799 1.1033 1.0279 0.95455 0.88351 0.8152 0.74992 0.68793 0.62936 0.57431 0.52285 0.47498 0.43061 0.38966 0.352 0.31749 0.28596 0.25723 0.23111 0.20742 0.18599 0.16664 0.14918 0.13346 0.11932 0.10662 0.09522 0.08499 0.075818 0.0676 0.060238 0.053645 0.047746 0.042468 0.037743 0.033511 0.029717 0.026312 0.02325 0.02049 0.017996 0.015736 0.01368 0.011805 0.01009 0.0085187 0.0070764 0.0057513 0.0045365 0.0034274 0.0024222 0.0015213 0.00072824 4.823e-05 -0.00051266 -0.0009495 -0.0012594 -0.001444 -0.0015129 -0.0014802 -0.0013694 -0.0012047 -0.001008 -0.00079752 -0.00069058 
582.5 1.3776 1.3796 1.381 1.3811 1.3808 1.3809 1.381 1.3809 1.3808 1.3808 1.3807 1.3806 1.3805 1.3804 1.3803 1.3802 1.38 1.3799 1.3797 1.3795 1.3793 1.3791 1.3789 1.3787 1.3784 1.3782 1.3779 1.3776 1.3773 1.377 1.3768 1.3765 1.3618 1.3076 1.2296 1.1523 1.0757 1.0008 0.92792 0.85766 0.79029 0.72608 0.66527 0.60799 0.5543 0.50423 0.45775 0.41487 0.37545 0.3392 0.30577 0.27503 0.24703 0.22174 0.19897 0.17842 0.15985 0.14305 0.12791 0.11427 0.10202 0.091021 0.081143 0.072284 0.064344 0.057233 0.050869 0.045172 0.040066 0.035484 0.031369 0.027668 0.024333 0.021324 0.018609 0.01616 0.013953 0.01197 0.0102 0.0086266 0.0072437 0.0060437 0.0050163 0.0041551 0.0034448 0.0028619 0.0023827 0.0019788 0.0016272 0.0013068 0.0010022 0.0007118 0.00043827 0.00019192 -1.5175e-05 -0.00017231 -0.00027182 -0.00031361 -0.00030246 -0.00028492 
583 1.3772 1.3793 1.3809 1.381 1.3806 1.3803 1.3803 1.3802 1.3801 1.38 1.38 1.3799 1.3798 1.3797 1.3796 1.3795 1.3793 1.3792 1.379 1.3788 1.3786 1.3784 1.3782 1.378 1.3778 1.3776 1.3774 1.3772 1.377 1.3769 1.3767 1.3766 1.346 1.2768 1.1993 1.1227 1.0471 0.9731 0.90136 0.83228 0.76614 0.70319 0.64365 0.58765 0.53522 0.48636 0.441 0.39908 0.36047 0.32507 0.29272 0.26326 0.2365 0.21221 0.19021 0.17034 0.15241 0.13628 0.12176 0.10873 0.097024 0.086525 0.077107 0.068654 0.061062 0.054233 0.048084 0.042544 0.037554 0.033064 0.029032 0.025422 0.022194 0.019317 0.016759 0.014488 0.012478 0.010698 0.009122 0.0077243 0.0064799 0.005367 0.0043667 0.0034639 0.002646 0.001904 0.0012336 0.0006343 0.00010842 -0.00034003 -0.00070609 -0.00098522 -0.0011762 -0.0012826 -0.0013085 -0.001263 -0.0011558 -0.00099913 -0.00080812 -0.00070607 
583.5 1.3753 1.3774 1.3793 1.3797 1.3795 1.3795 1.3795 1.3794 1.3793 1.3792 1.3791 1.379 1.3789 1.3788 1.3787 1.3785 1.3784 1.3783 1.3781 1.3779 1.3778 1.3776 1.3774 1.3772 1.377 1.3768 1.3765 1.3762 1.3758 1.3753 1.3748 1.3707 1.3264 1.2475 1.1697 1.0929 1.0176 0.9444 0.87361 0.80563 0.74069 0.67901 0.6208 0.56618 0.51517 0.46774 0.42382 0.3833 0.34603 0.31189 0.28069 0.25226 0.22641 0.20296 0.18174 0.16255 0.14524 0.12963 0.11559 0.10297 0.09166 0.081516 0.072425 0.064284 0.056994 0.050471 0.044633 0.039411 0.034743 0.03057 0.026841 0.023508 0.020528 0.017863 0.015476 0.013337 0.011421 0.0096938 0.008135 0.0067313 0.0054608 0.0043092 0.0032661 0.0023244 0.0014778 0.00072312 6.0292e-05 -0.00050943 -0.00098413 -0.0013591 -0.0016376 -0.0018191 -0.0019032 -0.0019009 -0.0018206 -0.0016758 -0.0014796 -0.0012453 -0.00098787 -0.00085552 
584 1.3746 1.3767 1.3784 1.3788 1.3786 1.3786 1.3786 1.3786 1.3784 1.3783 1.3783 1.3782 1.3781 1.3779 1.3778 1.3777 1.3776 1.3774 1.3772 1.3771 1.3769 1.3767 1.3765 1.3763 1.376 1.3758 1.3756 1.3753 1.3751 1.375 1.3748 1.3551 1.296 1.2176 1.1402 1.0638 0.98898 0.91633 0.84629 0.77921 0.71533 0.65484 0.5979 0.54461 0.49494 0.44885 0.40625 0.36702 0.33101 0.29806 0.26799 0.24061 0.21574 0.1932 0.1728 0.1544 0.13781 0.12287 0.10944 0.097382 0.086562 0.076864 0.068178 0.060402 0.053443 0.047219 0.041654 0.036678 0.032229 0.02825 0.024689 0.021498 0.018635 0.016067 0.013756 0.01167 0.0097895 0.0080908 0.0065576 0.0051694 0.0039125 0.0027803 0.0017637 0.0008597 6.0564e-05 -0.00063543 -0.0012248 -0.0017088 -0.0020862 -0.0023599 -0.0025304 -0.0025979 -0.0025715 -0.0024614 -0.0022818 -0.0020482 -0.0017726 -0.0014697 -0.0011537 -0.00099454 
584.5 1.3739 1.376 1.3777 1.378 1.3778 1.3778 1.3778 1.3777 1.3776 1.3775 1.3774 1.3773 1.3772 1.3771 1.377 1.3769 1.3767 1.3766 1.3764 1.3762 1.3761 1.3759 1.3757 1.3755 1.3753 1.3751 1.375 1.3748 1.3746 1.3743 1.3745 1.3378 1.2623 1.1849 1.1082 1.0326 0.95878 0.88716 0.81822 0.75229 0.68964 0.63044 0.57485 0.52291 0.47457 0.42977 0.38844 0.35046 0.31565 0.28384 0.25486 0.22853 0.20467 0.18309 0.16362 0.14607 0.13027 0.11604 0.10321 0.091668 0.081308 0.072026 0.063716 0.056282 0.04963 0.043681 0.038361 0.033603 0.029347 0.025535 0.022117 0.019046 0.016288 0.013818 0.011598 0.0096086 0.007844 0.0062832 0.0049196 0.0037424 0.0027377 0.0019021 0.0012128 0.00065343 0.0002123 -0.00013824 -0.00041728 -0.00063505 -0.00081276 -0.00095686 -0.0010703 -0.0011544 -0.0012011 -0.0012146 -0.0011919 -0.0011272 -0.001024 -0.00088759 -0.00072207 -0.00063285 
585 1.3733 1.3753 1.3769 1.3772 1.3769 1.3769 1.377 1.3769 1.3768 1.3767 1.3766 1.3765 1.3764 1.3763 1.3762 1.376 1.3759 1.3757 1.3756 1.3754 1.3752 1.375 1.3748 1.3746 1.3743 1.3741 1.3738 1.3735 1.3733 1.373 1.3623 1.3115 1.2326 1.1546 1.0775 1.0019 0.92854 0.85768 0.78969 0.72487 0.66347 0.60561 0.5514 0.50086 0.45395 0.41059 0.37065 0.33399 0.30045 0.26986 0.24201 0.21673 0.19383 0.17313 0.15445 0.13761 0.12247 0.10886 0.096649 0.085698 0.075883 0.067091 0.05922 0.05218 0.045887 0.040264 0.035241 0.030752 0.026743 0.023163 0.019966 0.017114 0.014572 0.012311 0.010302 0.0085178 0.0069351 0.0055327 0.0042907 0.0031896 0.0022128 0.0013467 0.00057932 -9.8423e-05 -0.00069218 -0.0012048 -0.0016379 -0.0019912 -0.0022638 -0.0024542 -0.002561 -0.0025853 -0.002532 -0.0024092 -0.0022277 -0.0019982 -0.0017323 -0.0014429 -0.0011404 -0.00098737 
585.5 1.3725 1.3748 1.3767 1.377 1.3768 1.3769 1.3769 1.3768 1.3767 1.3765 1.3764 1.3763 1.3762 1.3761 1.3759 1.3758 1.3757 1.3755 1.3753 1.3751 1.3747 1.3739 1.3728 1.3715 1.3709 1.371 1.3717 1.3723 1.3725 1.3725 1.3445 1.2774 1.1989 1.1215 1.045 0.97021 0.89765 0.82776 0.76083 0.69717 0.63704 0.58055 0.52774 0.47861 0.43309 0.3911 0.35249 0.31712 0.28483 0.25543 0.22874 0.20454 0.18268 0.16295 0.14518 0.12918 0.11479 0.10187 0.09026 0.07985 0.070521 0.062167 0.054693 0.048011 0.042041 0.036713 0.03196 0.027719 0.023937 0.020564 0.017558 0.014878 0.012489 0.010359 0.0084598 0.0067653 0.0052527 0.003902 0.0026959 0.0016191 0.00066034 -0.00018872 -0.00093515 -0.0015841 -0.0021372 -0.002595 -0.0029585 -0.0032284 -0.0034053 -0.00349 -0.003485 -0.0033959 -0.0032306 -0.0030003 -0.0027186 -0.002398 -0.0020513 -0.0016914 -0.0013281 -0.0011477 
586 1.3721 1.3741 1.3757 1.3759 1.3756 1.3756 1.3757 1.3756 1.3755 1.3754 1.3753 1.3752 1.3751 1.3749 1.3747 1.3745 1.3743 1.3741 1.3739 1.3737 1.3736 1.3735 1.3733 1.3731 1.3726 1.3718 1.3708 1.3699 1.3693 1.3646 1.3203 1.2421 1.1642 1.0871 1.0112 0.93717 0.86557 0.79679 0.73112 0.66882 0.61011 0.55508 0.50377 0.45613 0.41209 0.37154 0.33434 0.30031 0.26929 0.24109 0.2155 0.19235 0.17144 0.1526 0.13564 0.12041 0.10673 0.094473 0.083491 0.073673 0.064905 0.057064 0.050028 0.043707 0.038051 0.03302 0.028554 0.024573 0.021012 0.017823 0.014968 0.012413 0.010126 0.0080794 0.0062466 0.004607 0.0031422 0.0018355 0.00067353 -0.0003551 -0.0012577 -0.0020395 -0.0027061 -0.0032609 -0.0037048 -0.0040395 -0.0042682 -0.0043945 -0.0044227 -0.0043578 -0.004208 -0.0039841 -0.003698 -0.003363 -0.0029942 -0.0026041 -0.0022037 -0.0018035 -0.0014104 -0.0012175 
586.5 1.3703 1.3723 1.3739 1.3741 1.3739 1.3738 1.3739 1.3738 1.3737 1.3736 1.3735 1.3734 1.3733 1.3732 1.373 1.3729 1.3728 1.3726 1.3725 1.3723 1.3722 1.3721 1.372 1.3719 1.3719 1.3718 1.3718 1.3718 1.3717 1.35 1.2882 1.2086 1.1306 1.0543 0.97928 0.90453 0.83132 0.76208 0.69782 0.63785 0.58143 0.5284 0.47885 0.43288 0.39045 0.35145 0.31574 0.28313 0.25343 0.22647 0.20205 0.18 0.16012 0.14223 0.12616 0.11173 0.098783 0.087188 0.076804 0.067511 0.059199 0.05179 0.045216 0.03939 0.034213 0.029588 0.025432 0.021693 0.018336 0.015324 0.012636 0.01024 0.0081067 0.006212 0.0045301 0.0030465 0.0017461 0.00061312 -0.00035876 -0.0011779 -0.001855 -0.0023953 -0.0028111 -0.003115 -0.003319 -0.0034402 -0.003492 -0.0034871 -0.0034373 -0.0033456 -0.0032158 -0.0030534 -0.0028564 -0.0026275 -0.0023758 -0.0021018 -0.0018109 -0.0015105 -0.0012056 -0.0010539 
587 1.3687 1.3706 1.3723 1.3726 1.3724 1.3723 1.3723 1.3723 1.3722 1.3721 1.372 1.3719 1.3718 1.3717 1.3716 1.3715 1.3714 1.3713 1.3712 1.3711 1.371 1.3709 1.3708 1.3707 1.3706 1.3704 1.3701 1.3697 1.3692 1.3293 1.2505 1.1716 1.0936 1.0168 0.94196 0.86973 0.80042 0.73402 0.67049 0.6102 0.55374 0.50149 0.45338 0.40912 0.36841 0.33106 0.29689 0.26573 0.23741 0.21175 0.18856 0.16764 0.14881 0.13188 0.11668 0.10306 0.090868 0.079954 0.070194 0.061468 0.053667 0.046692 0.040457 0.034884 0.029903 0.025456 0.021491 0.017959 0.014822 0.012045 0.0095968 0.0074491 0.0055752 0.0039502 0.0025503 0.0013529 0.00033563 -0.00052338 -0.0012443 -0.0018451 -0.0023428 -0.0027519 -0.0030836 -0.0033465 -0.0035465 -0.0036874 -0.0037722 -0.0038022 -0.0037772 -0.0036968 -0.003564 -0.0033811 -0.0031503 -0.0028858 -0.0025952 -0.0022823 -0.0019563 -0.0016255 -0.0012969 -0.0011343 
587.5 1.3747 1.3745 1.373 1.3708 1.3695 1.3698 1.3706 1.371 1.3708 1.3706 1.3705 1.3705 1.3705 1.3704 1.3703 1.3702 1.3701 1.37 1.3699 1.3698 1.3696 1.3695 1.3693 1.3692 1.369 1.3688 1.3687 1.3686 1.3525 1.2957 1.2151 1.1358 1.0574 0.98071 0.90629 0.83457 0.76597 0.70089 0.63949 0.58173 0.5275 0.47677 0.42963 0.38621 0.34651 0.31042 0.27771 0.24809 0.22129 0.19708 0.17524 0.15557 0.13788 0.12201 0.10777 0.095035 0.083645 0.073467 0.064378 0.056265 0.049028 0.042573 0.03682 0.031693 0.027124 0.023054 0.019429 0.016203 0.013328 0.010766 0.0084884 0.0064671 0.0046697 0.0030719 0.001658 0.00040934 -0.00069397 -0.001666 -0.002512 -0.0032402 -0.0038626 -0.0043845 -0.0048051 -0.0051274 -0.0053573 -0.0054956 -0.0055434 -0.0055039 -0.0053861 -0.0051948 -0.0049327 -0.0046105 -0.0042417 -0.0038386 -0.0034104 -0.0029693 -0.002528 -0.0020932 -0.0016682 -0.0014605 
588 1.3646 1.3668 1.3695 1.3707 1.3703 1.3694 1.3693 1.3695 1.3696 1.3694 1.3692 1.3691 1.3691 1.369 1.3689 1.3688 1.3687 1.3686 1.3685 1.3684 1.3683 1.3682 1.368 1.3679 1.3678 1.3676 1.3673 1.3671 1.3308 1.2548 1.1749 1.0961 1.0184 0.94247 0.86897 0.79831 0.73086 0.66699 0.60693 0.55078 0.49841 0.44965 0.4046 0.36379 0.32726 0.29387 0.26211 0.23199 0.20497 0.18196 0.16222 0.14438 0.12783 0.11268 0.099156 0.087191 0.076564 0.067069 0.058563 0.050949 0.044165 0.038152 0.032814 0.028005 0.02359 0.019582 0.016113 0.013259 0.010884 0.0087301 0.0066331 0.0045988 0.0027451 0.0011503 -0.00019445 -0.0013529 -0.0023803 -0.0032885 -0.0040725 -0.0047305 -0.0052787 -0.0057316 -0.0060749 -0.0062742 -0.0063238 -0.0062853 -0.0062333 -0.0061885 -0.0060769 -0.0057743 -0.0052094 -0.0044206 -0.0035625 -0.0027935 -0.0021831 -0.0017227 -0.0013662 -0.0010757 -0.0008351 -0.00072709 
588.5 1.3645 1.3663 1.3681 1.3687 1.3685 1.3682 1.3682 1.3683 1.3683 1.3681 1.368 1.3679 1.3678 1.3678 1.3677 1.3676 1.3674 1.3673 1.3672 1.3671 1.3669 1.3667 1.3665 1.3664 1.3662 1.366 1.3659 1.3519 1.2969 1.2158 1.1355 1.0562 0.97851 0.90307 0.83038 0.7609 0.69495 0.63274 0.57444 0.5201 0.46971 0.42319 0.38037 0.34107 0.30513 0.27246 0.24292 0.21626 0.19219 0.17042 0.15079 0.13318 0.11743 0.10337 0.090838 0.079652 0.069672 0.060771 0.052836 0.045763 0.039463 0.03385 0.028856 0.024417 0.020459 0.016931 0.013781 0.010965 0.008441 0.0061839 0.0041779 0.0024042 0.0008404 -0.00053121 -0.0017219 -0.002746 -0.0036196 -0.0043518 -0.0049474 -0.0054167 -0.0057699 -0.0060147 -0.0061545 -0.0062058 -0.006181 -0.0060853 -0.005927 -0.0057184 -0.0054663 -0.0051721 -0.0048419 -0.0044847 -0.0041074 -0.0037121 -0.0033055 -0.0028977 -0.0024932 -0.0020927 -0.0016977 -0.001502 
589 1.3621 1.3638 1.366 1.3672 1.3675 1.3673 1.3671 1.367 1.367 1.367 1.3669 1.3668 1.3667 1.3666 1.3664 1.3663 1.3662 1.3661 1.366 1.3659 1.3657 1.3656 1.3655 1.3653 1.3652 1.365 1.3646 1.3285 1.2527 1.172 1.0923 1.0137 0.93689 0.86253 0.79111 0.72311 0.65879 0.59835 0.54189 0.48944 0.44095 0.39635 0.35552 0.31831 0.28452 0.25384 0.22599 0.20072 0.17782 0.15717 0.13863 0.12207 0.10732 0.094213 0.082556 0.07218 0.062937 0.054692 0.047334 0.04077 0.034914 0.029691 0.025037 0.020887 0.017186 0.013893 0.010968 0.0083679 0.0060603 0.0040209 0.0022218 0.00064019 -0.0007424 -0.0019474 -0.0029916 -0.0038862 -0.0046455 -0.0052809 -0.0058003 -0.0062182 -0.0065388 -0.0067634 -0.0069017 -0.0069557 -0.0069346 -0.0068431 -0.0066812 -0.0064546 -0.0061698 -0.0058312 -0.0054498 -0.0050341 -0.0045912 -0.0041326 -0.003667 -0.0032021 -0.002747 -0.0023055 -0.0018761 -0.0016657 
589.5 1.3624 1.3638 1.3655 1.3663 1.3663 1.3659 1.3657 1.3656 1.3657 1.3657 1.3657 1.3656 1.3655 1.3654 1.3653 1.3652 1.3651 1.3649 1.3648 1.3646 1.3644 1.3643 1.3641 1.3639 1.3638 1.3637 1.3488 1.2922 1.2099 1.1288 1.0485 0.97004 0.89389 0.82063 0.75066 0.68436 0.62194 0.56351 0.50914 0.4588 0.41241 0.36985 0.33095 0.29552 0.26335 0.23424 0.20797 0.18433 0.1631 0.14407 0.12703 0.11179 0.098161 0.085984 0.075111 0.065408 0.056753 0.049039 0.042166 0.036044 0.030596 0.025749 0.021435 0.017596 0.014182 0.011148 0.0084524 0.0060596 0.0039373 0.0020577 0.00039562 -0.0010708 -0.00236 -0.0034889 -0.0044717 -0.00532 -0.0060422 -0.0066458 -0.0071383 -0.0075249 -0.0078078 -0.0079912 -0.0080807 -0.0080814 -0.0079979 -0.0078349 -0.0075981 -0.0072933 -0.0069289 -0.006513 -0.0060545 -0.0055654 -0.005057 -0.0045382 -0.0040198 -0.003511 -0.0030163 -0.0025388 -0.0020782 -0.0018531 
590 1.3598 1.3612 1.3631 1.3644 1.3648 1.3648 1.3646 1.3645 1.3645 1.3645 1.3645 1.3644 1.3642 1.3641 1.364 1.3639 1.3638 1.3637 1.3635 1.3634 1.3633 1.3632 1.3631 1.3629 1.3626 1.3626 1.3235 1.2438 1.1623 1.0817 1.0022 0.92468 0.84972 0.77792 0.70966 0.64524 0.58483 0.52852 0.47633 0.42817 0.38396 0.34354 0.30672 0.27328 0.24301 0.21571 0.19112 0.16904 0.14924 0.13151 0.11566 0.1015 0.088862 0.077585 0.067527 0.058559 0.050568 0.043449 0.037111 0.031468 0.026444 0.021972 0.01799 0.014446 0.011292 0.0084861 0.0059915 0.0037744 0.0018061 6.1452e-05 -0.001482 -0.0028437 -0.0040397 -0.0050852 -0.0059907 -0.0067643 -0.0074112 -0.0079437 -0.0083664 -0.0086776 -0.008883 -0.0089865 -0.0089954 -0.0089157 -0.0087493 -0.0085064 -0.0081942 -0.0078173 -0.0073862 -0.0069087 -0.0063957 -0.0058601 -0.0053126 -0.0047614 -0.0042174 -0.0036884 -0.0031774 -0.0026864 -0.0022141 -0.0019836 
