100 -0.0050251 0.015075 0.025126 0.035176 0.045226 0.055276 0.065327 0.075377 0.085427 0.095477 0.10553 0.11558 0.12563 0.13568 0.14573 0.15578 0.16583 0.17588 0.18593 0.19598 0.20603 0.21608 0.22613 0.23618 0.24623 0.25628 0.26633 0.27638 0.28643 0.29648 0.30653 0.31658 0.32663 0.33668 0.34673 0.35678 0.36683 0.37688 0.38693 0.39698 0.40704 0.41709 0.42714 0.43719 0.44724 0.45729 0.46734 0.47739 0.48744 0.49749 0.50754 0.51759 0.52764 0.53769 0.54774 0.55779 0.56784 0.57789 0.58794 0.59799 0.60804 0.61809 0.62814 0.63819 0.64824 0.65829 0.66834 0.67839 0.68844 0.69849 0.70854 0.71859 0.72864 0.73869 0.74874 0.75879 0.76884 0.77889 0.78894 0.79899 0.80905 0.8191 0.82915 0.8392 0.84925 0.8593 0.86935 0.8794 0.88945 0.8995 0.90955 0.9196 0.92965 0.9397 0.94975 0.9598 0.96985 0.9799 0.98995 1 
3.4 0 0 0 0 0 0 0 0 0 0 0 0 0 0 0 0 0 0 0 0 0 0 0 0 0 0 0 0 0 0 0 0 0 0 0 0 0 0 0 0 0 0 0 0 0 0 0 0 0 0 0 0 0 0 0 0 0 0 0 0 0 0 0 0 0 0 0 0 0 0 0 0 0 0 0 0 0 0 0 0 0 0 0 0 0 0 0 0 0 0 0 0 0 0 0 0 0 0 0 0 
4 0 0 0 0 0 0 0 0 0 0 0 0 0 0 0 0 0 0 0 0 0 0 0 0 0 0 0 0 0 0 0 0 0 0 0 0 0 0 0 0 0 0 0 0 0 0 0 0 0 0 0 0 0 0 0 0 0 0 0 0 0 0 0 0 0 0 0 0 0 0 0 0 0 0 0 0 0 0 0 0 0 0 0 0 0 0 0 0 0 0 0 0 0 0 0 0 0 0 0 0 
4.5 0 0 0 0 0 0 0 0 0 0 0 0 0 0 0 0 0 0 0 0 0 0 0 0 0 0 0 0 0 0 0 0 0 0 0 0 0 0 0 0 0 0 0 0 0 0 0 0 0 0 0 0 0 0 0 0 0 0 0 0 0 0 0 0 0 0 0 0 0 0 0 0 0 0 0 0 0 0 0 0 0 0 0 0 0 0 0 0 0 0 0 0 0 0 0 0 0 0 0 0 
5 0 0 0 0 0 0 0 0 0 0 0 0 0 0 0 0 0 0 0 0 0 0 0 0 0 0 0 0 0 0 0 0 0 0 0 0 0 0 0 0 0 0 0 0 0 0 0 0 0 0 0 0 0 0 0 0 0 0 0 0 0 0 0 0 0 0 0 0 0 0 0 0 0 0 0 0 0 0 0 0 0 0 0 0 0 0 0 0 0 0 0 0 0 0 0 0 0 0 0 0 
5.5 0 0 0 0 0 0 0 0 0 0 0 0 0 0 0 0 0 0 0 0 0 0 0 0 0 0 0 0 0 0 0 0 0 0 0 0 0 0 0 0 0 0 0 0 0 0 0 0 0 0 0 0 0 0 0 0 0 0 0 0 0 0 0 0 0 0 0 0 0 0 0 0 0 0 0 0 0 0 0 0 0 0 0 0 0 0 0 0 0 0 0 0 0 0 0 0 0 0 0 0 
6 0 0 0 0 0 0 0 0 0 0 0 0 0 0 0 0 0 0 0 0 0 0 0 0 0 0 0 0 0 0 0 0 0 0 0 0 0 0 0 0 0 0 0 0 0 0 0 0 0 0 0 0 0 0 0 0 0 0 0 0 0 0 0 0 0 0 0 0 0 0 0 0 0 0 0 0 0 0 0 0 0 0 0 0 0 0 0 0 0 0 0 0 0 0 0 0 0 0 0 0 
6.5 0 0 0 0 0 0 0 0 0 0 0 0 0 0 0 0 0 0 0 0 0 0 0 0 0 0 0 0 0 0 0 0 0 0 0 0 0 0 0 0 0 0 0 0 0 0 0 0 0 0 0 0 0 0 0 0 0 0 0 0 0 0 0 0 0 0 0 0 0 0 0 0 0 0 0 0 0 0 0 0 0 0 0 0 0 0 0 0 0 0 0 0 0 0 0 0 0 0 0 0 
7 0 0 0 0 0 0 0 0 0 0 0 0 0 0 0 0 0 0 0 0 0 0 0 0 0 0 0 0 0 0 0 0 0 0 0 0 0 0 0 0 0 0 0 0 0 0 0 0 0 0 0 0 0 0 0 0 0 0 0 0 0 0 0 0 0 0 0 0 0 0 0 0 0 0 0 0 0 0 0 0 0 0 0 0 0 0 0 0 0 0 0 0 0 0 0 0 0 0 0 0 
7.5 0 0 0 0 0 0 0 0 0 0 0 0 0 0 0 0 0 0 0 0 0 0 0 0 0 0 0 0 0 0 0 0 0 0 0 0 0 0 0 0 0 0 0 0 0 0 0 0 0 0 0 0 0 0 0 0 0 0 0 0 0 0 0 0 0 0 0 0 0 0 0 0 0 0 0 0 0 0 0 0 0 0 0 0 0 0 0 0 0 0 0 0 0 0 0 0 0 0 0 0 
8 0 0 0 0 0 0 0 0 0 0 0 0 0 0 0 0 0 0 0 0 0 0 0 0 0 0 0 0 0 0 0 0 0 0 0 0 0 0 0 0 0 0 0 0 0 0 0 0 0 0 0 0 0 0 0 0 0 0 0 0 0 0 0 0 0 0 0 0 0 0 0 0 0 0 0 0 0 0 0 0 0 0 0 0 0 0 0 0 0 0 0 0 0 0 0 0 0 0 0 0 
8.5 0 0 0 0 0 0 0 0 0 0 0 0 0 0 0 0 0 0 0 0 0 0 0 0 0 0 0 0 0 0 0 0 0 0 0 0 0 0 0 0 0 0 0 0 0 0 0 0 0 0 0 0 0 0 0 0 0 0 0 0 0 0 0 0 0 0 0 0 0 0 0 0 0 0 0 0 0 0 0 0 0 0 0 0 0 0 0 0 0 0 0 0 0 0 0 0 0 0 0 0 
9 0 0 0 0 0 0 0 0 0 0 0 0 0 0 0 0 0 0 0 0 0 0 0 0 0 0 0 0 0 0 0 0 0 0 0 0 0 0 0 0 0 0 0 0 0 0 0 0 0 0 0 0 0 0 0 0 0 0 0 0 0 0 0 0 0 0 0 0 0 0 0 0 0 0 0 0 0 0 0 0 0 0 0 0 0 0 0 0 0 0 0 0 0 0 0 0 0 0 0 0 
9.5 0 0 0 0 0 0 0 0 0 0 0 0 0 0 0 0 0 0 0 0 0 0 0 0 0 0 0 0 0 0 0 0 0 0 0 0 0 0 0 0 0 0 0 0 0 0 0 0 0 0 0 0 0 0 0 0 0 0 0 0 0 0 0 0 0 0 0 0 0 0 0 0 0 0 0 0 0 0 0 0 0 0 0 0 0 0 0 0 0 0 0 0 0 0 0 0 0 0 0 0 
10 0 0 0 0 0 0 0 0 0 0 0 0 0 0 0 0 0 0 0 0 0 0 0 0 0 0 0 0 0 0 0 0 0 0 0 0 0 0 0 0 0 0 0 0 0 0 0 0 0 0 0 0 0 0 0 0 0 0 0 0 0 0 0 0 0 0 0 0 0 0 0 0 0 0 0 0 0 0 0 0 0 0 0 0 0 0 0 0 0 0 0 0 0 0 0 0 0 0 0 0 
10.5 0 0 0 0 0 0 0 0 0 0 0 0 0 0 0 0 0 0 0 0 0 0 0 0 0 0 0 0 0 0 0 0 0 0 0 0 0 0 0 0 0 0 0 0 0 0 0 0 0 0 0 0 0 0 0 0 0 0 0 0 0 0 0 0 0 0 0 0 0 0 0 0 0 0 0 0 0 0 0 0 0 0 0 0 0 0 0 0 0 0 0 0 0 0 0 0 0 0 0 0 
11 0 0 0 0 0 0 0 0 0 0 0 0 0 0 0 0 0 0 0 0 0 0 0 0 0 0 0 0 0 0 0 0 0 0 0 0 0 0 0 0 0 0 0 0 0 0 0 0 0 0 0 0 0 0 0 0 0 0 0 0 0 0 0 0 0 0 0 0 0 0 0 0 0 0 0 0 0 0 0 0 0 0 0 0 0 0 0 0 0 0 0 0 0 0 0 0 0 0 0 0 
11.5 0 0 0 0 0 0 0 0 0 0 0 0 0 0 0 0 0 0 0 0 0 0 0 0 0 0 0 0 0 0 0 0 0 0 0 0 0 0 0 0 0 0 0 0 0 0 0 0 0 0 0 0 0 0 0 0 0 0 0 0 0 0 0 0 0 0 0 0 0 0 0 0 0 0 0 0 0 0 0 0 0 0 0 0 0 0 0 0 0 0 0 0 0 0 0 0 0 0 0 0 
12 0 0 0 0 0 0 0 0 0 0 0 0 0 0 0 0 0 0 0 0 0 0 0 0 0 0 0 0 0 0 0 0 0 0 0 0 0 0 0 0 0 0 0 0 0 0 0 0 0 0 0 0 0 0 0 0 0 0 0 0 0 0 0 0 0 0 0 0 0 0 0 0 0 0 0 0 0 0 0 0 0 0 0 0 0 0 0 0 0 0 0 0 0 0 0 0 0 0 0 0 
12.5 0 0 0 0 0 0 0 0 0 0 0 0 0 0 0 0 0 0 0 0 0 0 0 0 0 0 0 0 0 0 0 0 0 0 0 0 0 0 0 0 0 0 0 0 0 0 0 0 0 0 0 0 0 0 0 0 0 0 0 0 0 0 0 0 0 0 0 0 0 0 0 0 0 0 0 0 0 0 0 0 0 0 0 0 0 0 0 0 0 0 0 0 0 0 0 0 0 0 0 0 
13 0 0 0 0 0 0 0 0 0 0 0 0 0 0 0 0 0 0 0 0 0 0 0 0 0 0 0 0 0 0 0 0 0 0 0 0 0 0 0 0 0 0 0 0 0 0 0 0 0 0 0 0 0 0 0 0 0 0 0 0 0 0 0 0 0 0 0 0 0 0 0 0 0 0 0 0 0 0 0 0 0 0 0 0 0 0 0 0 0 0 0 0 0 0 0 0 0 0 0 0 
13.5 0 0 0 0 0 0 0 0 0 0 0 0 0 0 0 0 0 0 0 0 0 0 0 0 0 0 0 0 0 0 0 0 0 0 0 0 0 0 0 0 0 0 0 0 0 0 0 0 0 0 0 0 0 0 0 0 0 0 0 0 0 0 0 0 0 0 0 0 0 0 0 0 0 0 0 0 0 0 0 0 0 0 0 0 0 0 0 0 0 0 0 0 0 0 0 0 0 0 0 0 
14 0 0 0 0 0 0 0 0 0 0 0 0 0 0 0 0 0 0 0 0 0 0 0 0 0 0 0 0 0 0 0 0 0 0 0 0 0 0 0 0 0 0 0 0 0 0 0 0 0 0 0 0 0 0 0 0 0 0 0 0 0 0 0 0 0 0 0 0 0 0 0 0 0 0 0 0 0 0 0 0 0 0 0 0 0 0 0 0 0 0 0 0 0 0 0 0 0 0 0 0 
14.5 0 0 0 0 0 0 0 0 0 0 0 0 0 0 0 0 0 0 0 0 0 0 0 0 0 0 0 0 0 0 0 0 0 0 0 0 0 0 0 0 0 0 0 0 0 0 0 0 0 0 0 0 0 0 0 0 0 0 0 0 0 0 0 0 0 0 0 0 0 0 0 0 0 0 0 0 0 0 0 0 0 0 0 0 0 0 0 0 0 0 0 0 0 0 0 0 0 0 0 0 
15 0 0 0 0 0 0 0 0 0 0 0 0 0 0 0 0 0 0 0 0 0 0 0 0 0 0 0 0 0 0 0 0 0 0 0 0 0 0 0 0 0 0 0 0 0 0 0 0 0 0 0 0 0 0 0 0 0 0 0 0 0 0 0 0 0 0 0 0 0 0 0 0 0 0 0 0 0 0 0 0 0 0 0 0 0 0 0 0 0 0 0 0 0 0 0 0 0 0 0 0 
15.5 0 0 0 0 0 0 0 0 0 0 0 0 0 0 0 0 0 0 0 0 0 0 0 0 0 0 0 0 0 0 0 0 0 0 0 0 0 0 0 0 0 0 0 0 0 0 0 0 0 0 0 0 0 0 0 0 0 0 0 0 0 0 0 0 0 0 0 0 0 0 0 0 0 0 0 0 0 0 0 0 0 0 0 0 0 0 0 0 0 0 0 0 0 0 0 0 0 0 0 0 
16 0 0 0 0 0 0 0 0 0 0 0 0 0 0 0 0 0 0 0 0 0 0 0 0 0 0 0 0 0 0 0 0 0 0 0 0 0 0 0 0 0 0 0 0 0 0 0 0 0 0 0 0 0 0 0 0 0 0 0 0 0 0 0 0 0 0 0 0 0 0 0 0 0 0 0 0 0 0 0 0 0 0 0 0 0 0 0 0 0 0 0 0 0 0 0 0 0 0 0 0 
16.5 0 0 0 0 0 0 0 0 0 0 0 0 0 0 0 0 0 0 0 0 0 0 0 0 0 0 0 0 0 0 0 0 0 0 0 0 0 0 0 0 0 0 0 0 0 0 0 0 0 0 0 0 0 0 0 0 0 0 0 0 0 0 0 0 0 0 0 0 0 0 0 0 0 0 0 0 0 0 0 0 0 0 0 0 0 0 0 0 0 0 0 0 0 0 0 0 0 0 0 0 
17 0 0 0 0 0 0 0 0 0 0 0 0 0 0 0 0 0 0 0 0 0 0 0 0 0 0 0 0 0 0 0 0 0 0 0 0 0 0 0 0 0 0 0 0 0 0 0 0 0 0 0 0 0 0 0 0 0 0 0 0 0 0 0 0 0 0 0 0 0 0 0 0 0 0 0 0 0 0 0 0 0 0 0 0 0 0 0 0 0 0 0 0 0 0 0 0 0 0 0 0 
17.5 0 0 0 0 0 0 0 0 0 0 0 0 0 0 0 0 0 0 0 0 0 0 0 0 0 0 0 0 0 0 0 0 0 0 0 0 0 0 0 0 0 0 0 0 0 0 0 0 0 0 0 0 0 0 0 0 0 0 0 0 0 0 0 0 0 0 0 0 0 0 0 0 0 0 0 0 0 0 0 0 0 0 0 0 0 0 0 0 0 0 0 0 0 0 0 0 0 0 0 0 
18 0 0 0 0 0 0 0 0 0 0 0 0 0 0 0 0 0 0 0 0 0 0 0 0 0 0 0 0 0 0 0 0 0 0 0 0 0 0 0 0 0 0 0 0 0 0 0 0 0 0 0 0 0 0 0 0 0 0 0 0 0 0 0 0 0 0 0 0 0 0 0 0 0 0 0 0 0 0 0 0 0 0 0 0 0 0 0 0 0 0 0 0 0 0 0 0 0 0 0 0 
18.5 0 0 0 0 0 0 0 0 0 0 0 0 0 0 0 0 0 0 0 0 0 0 0 0 0 0 0 0 0 0 0 0 0 0 0 0 0 0 0 0 0 0 0 0 0 0 0 0 0 0 0 0 0 0 0 0 0 0 0 0 0 0 0 0 0 0 0 0 0 0 0 0 0 0 0 0 0 0 0 0 0 0 0 0 0 0 0 0 0 0 0 0 0 0 0 0 0 0 0 0 
19 0 0 0 0 0 0 0 0 0 0 0 0 0 0 0 0 0 0 0 0 0 0 0 0 0 0 0 0 0 0 0 0 0 0 0 0 0 0 0 0 0 0 0 0 0 0 0 0 0 0 0 0 0 0 0 0 0 0 0 0 0 0 0 0 0 0 0 0 0 0 0 0 0 0 0 0 0 0 0 0 0 0 0 0 0 0 0 0 0 0 0 0 0 0 0 0 0 0 0 0 
19.5 0 0 0 0 0 0 0 0 0 0 0 0 0 0 0 0 0 0 0 0 0 0 0 0 0 0 0 0 0 0 0 0 0 0 0 0 0 0 0 0 0 0 0 0 0 0 0 0 0 0 0 0 0 0 0 0 0 0 0 0 0 0 0 0 0 0 0 0 0 0 0 0 0 0 0 0 0 0 0 0 0 0 0 0 0 0 0 0 0 0 0 0 0 0 0 0 0 0 0 0 
20 0 0 0 0 0 0 0 0 0 0 0 0 0 0 0 0 0 0 0 0 0 0 0 0 0 0 0 0 0 0 0 0 0 0 0 0 0 0 0 0 0 0 0 0 0 0 0 0 0 0 0 0 0 0 0 0 0 0 0 0 0 0 0 0 0 0 0 0 0 0 0 0 0 0 0 0 0 0 0 0 0 0 0 0 0 0 0 0 0 0 0 0 0 0 0 0 0 0 0 0 
20.5 0 0 0 0 0 0 0 0 0 0 0 0 0 0 0 0 0 0 0 0 0 0 0 0 0 0 0 0 0 0 0 0 0 0 0 0 0 0 0 0 0 0 0 0 0 0 0 0 0 0 0 0 0 0 0 0 0 0 0 0 0 0 0 0 0 0 0 0 0 0 0 0 0 0 0 0 0 0 0 0 0 0 0 0 0 0 0 0 0 0 0 0 0 0 0 0 0 0 0 0 
21 0 0 0 0 0 0 0 0 0 0 0 0 0 0 0 0 0 0 0 0 0 0 0 0 0 0 0 0 0 0 0 0 0 0 0 0 0 0 0 0 0 0 0 0 0 0 0 0 0 0 0 0 0 0 0 0 0 0 0 0 0 0 0 0 0 0 0 0 0 0 0 0 0 0 0 0 0 0 0 0 0 0 0 0 0 0 0 0 0 0 0 0 0 0 0 0 0 0 0 0 
21.5 0 0 0 0 0 0 0 0 0 0 0 0 0 0 0 0 0 0 0 0 0 0 0 0 0 0 0 0 0 0 0 0 0 0 0 0 0 0 0 0 0 0 0 0 0 0 0 0 0 0 0 0 0 0 0 0 0 0 0 0 0 0 0 0 0 0 0 0 0 0 0 0 0 0 0 0 0 0 0 0 0 0 0 0 0 0 0 0 0 0 0 0 0 0 0 0 0 0 0 0 
22 0 0 0 0 0 0 0 0 0 0 0 0 0 0 0 0 0 0 0 0 0 0 0 0 0 0 0 0 0 0 0 0 0 0 0 0 0 0 0 0 0 0 0 0 0 0 0 0 0 0 0 0 0 0 0 0 0 0 0 0 0 0 0 0 0 0 0 0 0 0 0 0 0 0 0 0 0 0 0 0 0 0 0 0 0 0 0 0 0 0 0 0 0 0 0 0 0 0 0 0 
22.5 0 0 0 0 0 0 0 0 0 0 0 0 0 0 0 0 0 0 0 0 0 0 0 0 0 0 0 0 0 0 0 0 0 0 0 0 0 0 0 0 0 0 0 0 0 0 0 0 0 0 0 0 0 0 0 0 0 0 0 0 0 0 0 0 0 0 0 0 0 0 0 0 0 0 0 0 0 0 0 0 0 0 0 0 0 0 0 0 0 0 0 0 0 0 0 0 0 0 0 0 
23 0 0 0 0 0 0 0 0 0 0 0 0 0 0 0 0 0 0 0 0 0 0 0 0 0 0 0 0 0 0 0 0 0 0 0 0 0 0 0 0 0 0 0 0 0 0 0 0 0 0 0 0 0 0 0 0 0 0 0 0 0 0 0 0 0 0 0 0 0 0 0 0 0 0 0 0 0 0 0 0 0 0 0 0 0 0 0 0 0 0 0 0 0 0 0 0 0 0 0 0 
23.5 0 0 0 0 0 0 0 0 0 0 0 0 0 0 0 0 0 0 0 0 0 0 0 0 0 0 0 0 0 0 0 0 0 0 0 0 0 0 0 0 0 0 0 0 0 0 0 0 0 0 0 0 0 0 0 0 0 0 0 0 0 0 0 0 0 0 0 0 0 0 0 0 0 0 0 0 0 0 0 0 0 0 0 0 0 0 0 0 0 0 0 0 0 0 0 0 0 0 0 0 
24 0 0 0 0 0 0 0 0 0 0 0 0 0 0 0 0 0 0 0 0 0 0 0 0 0 0 0 0 0 0 0 0 0 0 0 0 0 0 0 0 0 0 0 0 0 0 0 0 0 0 0 0 0 0 0 0 0 0 0 0 0 0 0 0 0 0 0 0 0 0 0 0 0 0 0 0 0 0 0 0 0 0 0 0 0 0 0 0 0 0 0 0 0 0 0 0 0 0 0 0 
24.5 0 0 0 0 0 0 0 0 0 0 0 0 0 0 0 0 0 0 0 0 0 0 0 0 0 0 0 0 0 0 0 0 0 0 0 0 0 0 0 0 0 0 0 0 0 0 0 0 0 0 0 0 0 0 0 0 0 0 0 0 0 0 0 0 0 0 0 0 0 0 0 0 0 0 0 0 0 0 0 0 0 0 0 0 0 0 0 0 0 0 0 0 0 0 0 0 0 0 0 0 
25 0 0 0 0 0 0 0 0 0 0 0 0 0 0 0 0 0 0 0 0 0 0 0 0 0 0 0 0 0 0 0 0 0 0 0 0 0 0 0 0 0 0 0 0 0 0 0 0 0 0 0 0 0 0 0 0 0 0 0 0 0 0 0 0 0 0 0 0 0 0 0 0 0 0 0 0 0 0 0 0 0 0 0 0 0 0 0 0 0 0 0 0 0 0 0 0 0 0 0 0 
25.5 0 0 0 0 0 0 0 0 0 0 0 0 0 0 0 0 0 0 0 0 0 0 0 0 0 0 0 0 0 0 0 0 0 0 0 0 0 0 0 0 0 0 0 0 0 0 0 0 0 0 0 0 0 0 0 0 0 0 0 0 0 0 0 0 0 0 0 0 0 0 0 0 0 0 0 0 0 0 0 0 0 0 0 0 0 0 0 0 0 0 0 0 0 0 0 0 0 0 0 0 
26 0 0 0 0 0 0 0 0 0 0 0 0 0 0 0 0 0 0 0 0 0 0 0 0 0 0 0 0 0 0 0 0 0 0 0 0 0 0 0 0 0 0 0 0 0 0 0 0 0 0 0 0 0 0 0 0 0 0 0 0 0 0 0 0 0 0 0 0 0 0 0 0 0 0 0 0 0 0 0 0 0 0 0 0 0 0 0 0 0 0 0 0 0 0 0 0 0 0 0 0 
26.5 0 0 0 0 0 0 0 0 0 0 0 0 0 0 0 0 0 0 0 0 0 0 0 0 0 0 0 0 0 0 0 0 0 0 0 0 0 0 0 0 0 0 0 0 0 0 0 0 0 0 0 0 0 0 0 0 0 0 0 0 0 0 0 0 0 0 0 0 0 0 0 0 0 0 0 0 0 0 0 0 0 0 0 0 0 0 0 0 0 0 0 0 0 0 0 0 0 0 0 0 
27 0 0 0 0 0 0 0 0 0 0 0 0 0 0 0 0 0 0 0 0 0 0 0 0 0 0 0 0 0 0 0 0 0 0 0 0 0 0 0 0 0 0 0 0 0 0 0 0 0 0 0 0 0 0 0 0 0 0 0 0 0 0 0 0 0 0 0 0 0 0 0 0 0 0 0 0 0 0 0 0 0 0 0 0 0 0 0 0 0 0 0 0 0 0 0 0 0 0 0 0 
27.5 0 0 0 0 0 0 0 0 0 0 0 0 0 0 0 0 0 0 0 0 0 0 0 0 0 0 0 0 0 0 0 0 0 0 0 0 0 0 0 0 0 0 0 0 0 0 0 0 0 0 0 0 0 0 0 0 0 0 0 0 0 0 0 0 0 0 0 0 0 0 0 0 0 0 0 0 0 0 0 0 0 0 0 0 0 0 0 0 0 0 0 0 0 0 0 0 0 0 0 0 
28 0 0 0 0 0 0 0 0 0 0 0 0 0 0 0 0 0 0 0 0 0 0 0 0 0 0 0 0 0 0 0 0 0 0 0 0 0 0 0 0 0 0 0 0 0 0 0 0 0 0 0 0 0 0 0 0 0 0 0 0 0 0 0 0 0 0 0 0 0 0 0 0 0 0 0 0 0 0 0 0 0 0 0 0 0 0 0 0 0 0 0 0 0 0 0 0 0 0 0 0 
28.5 0 0 0 0 0 0 0 0 0 0 0 0 0 0 0 0 0 0 0 0 0 0 0 0 0 0 0 0 0 0 0 0 0 0 0 0 0 0 0 0 0 0 0 0 0 0 0 0 0 0 0 0 0 0 0 0 0 0 0 0 0 0 0 0 0 0 0 0 0 0 0 0 0 0 0 0 0 0 0 0 0 0 0 0 0 0 0 0 0 0 0 0 0 0 0 0 0 0 0 0 
29 0 0 0 0 0 0 0 0 0 0 0 0 0 0 0 0 0 0 0 0 0 0 0 0 0 0 0 0 0 0 0 0 0 0 0 0 0 0 0 0 0 0 0 0 0 0 0 0 0 0 0 0 0 0 0 0 0 0 0 0 0 0 0 0 0 0 0 0 0 0 0 0 0 0 0 0 0 0 0 0 0 0 0 0 0 0 0 0 0 0 0 0 0 0 0 0 0 0 0 0 
29.5 0 0 0 0 0 0 0 0 0 0 0 0 0 0 0 0 0 0 0 0 0 0 0 0 0 0 0 0 0 0 0 0 0 0 0 0 0 0 0 0 0 0 0 0 0 0 0 0 0 0 0 0 0 0 0 0 0 0 0 0 0 0 0 0 0 0 0 0 0 0 0 0 0 0 0 0 0 0 0 0 0 0 0 0 0 0 0 0 0 0 0 0 0 0 0 0 0 0 0 0 
30 0 0 0 0 0 0 0 0 0 0 0 0 0 0 0 0 0 0 0 0 0 0 0 0 0 0 0 0 0 0 0 0 0 0 0 0 0 0 0 0 0 0 0 0 0 0 0 0 0 0 0 0 0 0 0 0 0 0 0 0 0 0 0 0 0 0 0 0 0 0 0 0 0 0 0 0 0 0 0 0 0 0 0 0 0 0 0 0 0 0 0 0 0 0 0 0 0 0 0 0 
30.5 0 0 0 0 0 0 0 0 0 0 0 0 0 0 0 0 0 0 0 0 0 0 0 0 0 0 0 0 0 0 0 0 0 0 0 0 0 0 0 0 0 0 0 0 0 0 0 0 0 0 0 0 0 0 0 0 0 0 0 0 0 0 0 0 0 0 0 0 0 0 0 0 0 0 0 0 0 0 0 0 0 0 0 0 0 0 0 0 0 0 0 0 0 0 0 0 0 0 0 0 
31 0 0 0 0 0 0 0 0 0 0 0 0 0 0 0 0 0 0 0 0 0 0 0 0 0 0 0 0 0 0 0 0 0 0 0 0 0 0 0 0 0 0 0 0 0 0 0 0 0 0 0 0 0 0 0 0 0 0 0 0 0 0 0 0 0 0 0 0 0 0 0 0 0 0 0 0 0 0 0 0 0 0 0 0 0 0 0 0 0 0 0 0 0 0 0 0 0 0 0 0 
31.5 0 0 0 0 0 0 0 0 0 0 0 0 0 0 0 0 0 0 0 0 0 0 0 0 0 0 0 0 0 0 0 0 0 0 0 0 0 0 0 0 0 0 0 0 0 0 0 0 0 0 0 0 0 0 0 0 0 0 0 0 0 0 0 0 0 0 0 0 0 0 0 0 0 0 0 0 0 0 0 0 0 0 0 0 0 0 0 0 0 0 0 0 0 0 0 0 0 0 0 0 
32 0 0 0 0 0 0 0 0 0 0 0 0 0 0 0 0 0 0 0 0 0 0 0 0 0 0 0 0 0 0 0 0 0 0 0 0 0 0 0 0 0 0 0 0 0 0 0 0 0 0 0 0 0 0 0 0 0 0 0 0 0 0 0 0 0 0 0 0 0 0 0 0 0 0 0 0 0 0 0 0 0 0 0 0 0 0 0 0 0 0 0 0 0 0 0 0 0 0 0 0 
32.5 0 0 0 0 0 0 0 0 0 0 0 0 0 0 0 0 0 0 0 0 0 0 0 0 0 0 0 0 0 0 0 0 0 0 0 0 0 0 0 0 0 0 0 0 0 0 0 0 0 0 0 0 0 0 0 0 0 0 0 0 0 0 0 0 0 0 0 0 0 0 0 0 0 0 0 0 0 0 0 0 0 0 0 0 0 0 0 0 0 0 0 0 0 0 0 0 0 0 0 0 
33 0 0 0 0 0 0 0 0 0 0 0 0 0 0 0 0 0 0 0 0 0 0 0 0 0 0 0 0 0 0 0 0 0 0 0 0 0 0 0 0 0 0 0 0 0 0 0 0 0 0 0 0 0 0 0 0 0 0 0 0 0 0 0 0 0 0 0 0 0 0 0 0 0 0 0 0 0 0 0 0 0 0 0 0 0 0 0 0 0 0 0 0 0 0 0 0 0 0 0 0 
33.5 0 0 0 0 0 0 0 0 0 0 0 0 0 0 0 0 0 0 0 0 0 0 0 0 0 0 0 0 0 0 0 0 0 0 0 0 0 0 0 0 0 0 0 0 0 0 0 0 0 0 0 0 0 0 0 0 0 0 0 0 0 0 0 0 0 0 0 0 0 0 0 0 0 0 0 0 0 0 0 0 0 0 0 0 0 0 0 0 0 0 0 0 0 0 0 0 0 0 0 0 
34 0 0 0 0 0 0 0 0 0 0 0 0 0 0 0 0 0 0 0 0 0 0 0 0 0 0 0 0 0 0 0 0 0 0 0 0 0 0 0 0 0 0 0 0 0 0 0 0 0 0 0 0 0 0 0 0 0 0 0 0 0 0 0 0 0 0 0 0 0 0 0 0 0 0 0 0 0 0 0 0 0 0 0 0 0 0 0 0 0 0 0 0 0 0 0 0 0 0 0 0 
34.5 0 0 0 0 0 0 0 0 0 0 0 0 0 0 0 0 0 0 0 0 0 0 0 0 0 0 0 0 0 0 0 0 0 0 0 0 0 0 0 0 0 0 0 0 0 0 0 0 0 0 0 0 0 0 0 0 0 0 0 0 0 0 0 0 0 0 0 0 0 0 0 0 0 0 0 0 0 0 0 0 0 0 0 0 0 0 0 0 0 0 0 0 0 0 0 0 0 0 0 0 
35 0 0 0 0 0 0 0 0 0 0 0 0 0 0 0 0 0 0 0 0 0 0 0 0 0 0 0 0 0 0 0 0 0 0 0 0 0 0 0 0 0 0 0 0 0 0 0 0 0 0 0 0 0 0 0 0 0 0 0 0 0 0 0 0 0 0 0 0 0 0 0 0 0 0 0 0 0 0 0 0 0 0 0 0 0 0 0 0 0 0 0 0 0 0 0 0 0 0 0 0 
35.5 0 0 0 0 0 0 0 0 0 0 0 0 0 0 0 0 0 0 0 0 0 0 0 0 0 0 0 0 0 0 0 0 0 0 0 0 0 0 0 0 0 0 0 0 0 0 0 0 0 0 0 0 0 0 0 0 0 0 0 0 0 0 0 0 0 0 0 0 0 0 0 0 0 0 0 0 0 0 0 0 0 0 0 0 0 0 0 0 0 0 0 0 0 0 0 0 0 0 0 0 
36 0 0 0 0 0 0 0 0 0 0 0 0 0 0 0 0 0 0 0 0 0 0 0 0 0 0 0 0 0 0 0 0 0 0 0 0 0 0 0 0 0 0 0 0 0 0 0 0 0 0 0 0 0 0 0 0 0 0 0 0 0 0 0 0 0 0 0 0 0 0 0 0 0 0 0 0 0 0 0 0 0 0 0 0 0 0 0 0 0 0 0 0 0 0 0 0 0 0 0 0 
36.5 0 0 0 0 0 0 0 0 0 0 0 0 0 0 0 0 0 0 0 0 0 0 0 0 0 0 0 0 0 0 0 0 0 0 0 0 0 0 0 0 0 0 0 0 0 0 0 0 0 0 0 0 0 0 0 0 0 0 0 0 0 0 0 0 0 0 0 0 0 0 0 0 0 0 0 0 0 0 0 0 0 0 0 0 0 0 0 0 0 0 0 0 0 0 0 0 0 0 0 0 
37 0 0 0 0 0 0 0 0 0 0 0 0 0 0 0 0 0 0 0 0 0 0 0 0 0 0 0 0 0 0 0 0 0 0 0 0 0 0 0 0 0 0 0 0 0 0 0 0 0 0 0 0 0 0 0 0 0 0 0 0 0 0 0 0 0 0 0 0 0 0 0 0 0 0 0 0 0 0 0 0 0 0 0 0 0 0 0 0 0 0 0 0 0 0 0 0 0 0 0 0 
37.5 0 0 0 0 0 0 0 0 0 0 0 0 0 0 0 0 0 0 0 0 0 0 0 0 0 0 0 0 0 0 0 0 0 0 0 0 0 0 0 0 0 0 0 0 0 0 0 0 0 0 0 0 0 0 0 0 0 0 0 0 0 0 0 0 0 0 0 0 0 0 0 0 0 0 0 0 0 0 0 0 0 0 0 0 0 0 0 0 0 0 0 0 0 0 0 0 0 0 0 0 
38 0 0 0 0 0 0 0 0 0 0 0 0 0 0 0 0 0 0 0 0 0 0 0 0 0 0 0 0 0 0 0 0 0 0 0 0 0 0 0 0 0 0 0 0 0 0 0 0 0 0 0 0 0 0 0 0 0 0 0 0 0 0 0 0 0 0 0 0 0 0 0 0 0 0 0 0 0 0 0 0 0 0 0 0 0 0 0 0 0 0 0 0 0 0 0 0 0 0 0 0 
38.5 0 0 0 0 0 0 0 0 0 0 0 0 0 0 0 0 0 0 0 0 0 0 0 0 0 0 0 0 0 0 0 0 0 0 0 0 0 0 0 0 0 0 0 0 0 0 0 0 0 0 0 0 0 0 0 0 0 0 0 0 0 0 0 0 0 0 0 0 0 0 0 0 0 0 0 0 0 0 0 0 0 0 0 0 0 0 0 0 0 0 0 0 0 0 0 0 0 0 0 0 
39 0 0 0 0 0 0 0 0 0 0 0 0 0 0 0 0 0 0 0 0 0 0 0 0 0 0 0 0 0 0 0 0 0 0 0 0 0 0 0 0 0 0 0 0 0 0 0 0 0 0 0 0 0 0 0 0 0 0 0 0 0 0 0 0 0 0 0 0 0 0 0 0 0 0 0 0 0 0 0 0 0 0 0 0 0 0 0 0 0 0 0 0 0 0 0 0 0 0 0 0 
39.5 0 0 0 0 0 0 0 0 0 0 0 0 0 0 0 0 0 0 0 0 0 0 0 0 0 0 0 0 0 0 0 0 0 0 0 0 0 0 0 0 0 0 0 0 0 0 0 0 0 0 0 0 0 0 0 0 0 0 0 0 0 0 0 0 0 0 0 0 0 0 0 0 0 0 0 0 0 0 0 0 0 0 0 0 0 0 0 0 0 0 0 0 0 0 0 0 0 0 0 0 
40 0 0 0 0 0 0 0 0 0 0 0 0 0 0 0 0 0 0 0 0 0 0 0 0 0 0 0 0 0 0 0 0 0 0 0 0 0 0 0 0 0 0 0 0 0 0 0 0 0 0 0 0 0 0 0 0 0 0 0 0 0 0 0 0 0 0 0 0 0 0 0 0 0 0 0 0 0 0 0 0 0 0 0 0 0 0 0 0 0 0 0 0 0 0 0 0 0 0 0 0 
40.5 0 0 0 0 0 0 0 0 0 0 0 0 0 0 0 0 0 0 0 0 0 0 0 0 0 0 0 0 0 0 0 0 0 0 0 0 0 0 0 0 0 0 0 0 0 0 0 0 0 0 0 0 0 0 0 0 0 0 0 0 0 0 0 0 0 0 0 0 0 0 0 0 0 0 0 0 0 0 0 0 0 0 0 0 0 0 0 0 0 0 0 0 0 0 0 0 0 0 0 0 
41 0 0 0 0 0 0 0 0 0 0 0 0 0 0 0 0 0 0 0 0 0 0 0 0 0 0 0 0 0 0 0 0 0 0 0 0 0 0 0 0 0 0 0 0 0 0 0 0 0 0 0 0 0 0 0 0 0 0 0 0 0 0 0 0 0 0 0 0 0 0 0 0 0 0 0 0 0 0 0 0 0 0 0 0 0 0 0 0 0 0 0 0 0 0 0 0 0 0 0 0 
41.5 0 0 0 0 0 0 0 0 0 0 0 0 0 0 0 0 0 0 0 0 0 0 0 0 0 0 0 0 0 0 0 0 0 0 0 0 0 0 0 0 0 0 0 0 0 0 0 0 0 0 0 0 0 0 0 0 0 0 0 0 0 0 0 0 0 0 0 0 0 0 0 0 0 0 0 0 0 0 0 0 0 0 0 0 0 0 0 0 0 0 0 0 0 0 0 0 0 0 0 0 
42 0 0 0 0 0 0 0 0 0 0 0 0 0 0 0 0 0 0 0 0 0 0 0 0 0 0 0 0 0 0 0 0 0 0 0 0 0 0 0 0 0 0 0 0 0 0 0 0 0 0 0 0 0 0 0 0 0 0 0 0 0 0 0 0 0 0 0 0 0 0 0 0 0 0 0 0 0 0 0 0 0 0 0 0 0 0 0 0 0 0 0 0 0 0 0 0 0 0 0 0 
42.5 0 0 0 0 0 0 0 0 0 0 0 0 0 0 0 0 0 0 0 0 0 0 0 0 0 0 0 0 0 0 0 0 0 0 0 0 0 0 0 0 0 0 0 0 0 0 0 0 0 0 0 0 0 0 0 0 0 0 0 0 0 0 0 0 0 0 0 0 0 0 0 0 0 0 0 0 0 0 0 0 0 0 0 0 0 0 0 0 0 0 0 0 0 0 0 0 0 0 0 0 
43 0 0 0 0 0 0 0 0 0 0 0 0 0 0 0 0 0 0 0 0 0 0 0 0 0 0 0 0 0 0 0 0 0 0 0 0 0 0 0 0 0 0 0 0 0 0 0 0 0 0 0 0 0 0 0 0 0 0 0 0 0 0 0 0 0 0 0 0 0 0 0 0 0 0 0 0 0 0 0 0 0 0 0 0 0 0 0 0 0 0 0 0 0 0 0 0 0 0 0 0 
43.5 0 0 0 0 0 0 0 0 0 0 0 0 0 0 0 0 0 0 0 0 0 0 0 0 0 0 0 0 0 0 0 0 0 0 0 0 0 0 0 0 0 0 0 0 0 0 0 0 0 0 0 0 0 0 0 0 0 0 0 0 0 0 0 0 0 0 0 0 0 0 0 0 0 0 0 0 0 0 0 0 0 0 0 0 0 0 0 0 0 0 0 0 0 0 0 0 0 0 0 0 
44 0 0 0 0 0 0 0 0 0 0 0 0 0 0 0 0 0 0 0 0 0 0 0 0 0 0 0 0 0 0 0 0 0 0 0 0 0 0 0 0 0 0 0 0 0 0 0 0 0 0 0 0 0 0 0 0 0 0 0 0 0 0 0 0 0 0 0 0 0 0 0 0 0 0 0 0 0 0 0 0 0 0 0 0 0 0 0 0 0 0 0 0 0 0 0 0 0 0 0 0 
44.5 0 0 0 0 0 0 0 0 0 0 0 0 0 0 0 0 0 0 0 0 0 0 0 0 0 0 0 0 0 0 0 0 0 0 0 0 0 0 0 0 0 0 0 0 0 0 0 0 0 0 0 0 0 0 0 0 0 0 0 0 0 0 0 0 0 0 0 0 0 0 0 0 0 0 0 0 0 0 0 0 0 0 0 0 0 0 0 0 0 0 0 0 0 0 0 0 0 0 0 0 
45 0 0 0 0 0 0 0 0 0 0 0 0 0 0 0 0 0 0 0 0 0 0 0 0 0 0 0 0 0 0 0 0 0 0 0 0 0 0 0 0 0 0 0 0 0 0 0 0 0 0 0 0 0 0 0 0 0 0 0 0 0 0 0 0 0 0 0 0 0 0 0 0 0 0 0 0 0 0 0 0 0 0 0 0 0 0 0 0 0 0 0 0 0 0 0 0 0 0 0 0 
45.5 0 0 0 0 0 0 0 0 0 0 0 0 0 0 0 0 0 0 0 0 0 0 0 0 0 0 0 0 0 0 0 0 0 0 0 0 0 0 0 0 0 0 0 0 0 0 0 0 0 0 0 0 0 0 0 0 0 0 0 0 0 0 0 0 0 0 0 0 0 0 0 0 0 0 0 0 0 0 0 0 0 0 0 0 0 0 0 0 0 0 0 0 0 0 0 0 0 0 0 0 
46 0 0 0 0 0 0 0 0 0 0 0 0 0 0 0 0 0 0 0 0 0 0 0 0 0 0 0 0 0 0 0 0 0 0 0 0 0 0 0 0 0 0 0 0 0 0 0 0 0 0 0 0 0 0 0 0 0 0 0 0 0 0 0 0 0 0 0 0 0 0 0 0 0 0 0 0 0 0 0 0 0 0 0 0 0 0 0 0 0 0 0 0 0 0 0 0 0 0 0 0 
46.5 0 0 0 0 0 0 0 0 0 0 0 0 0 0 0 0 0 0 0 0 0 0 0 0 0 0 0 0 0 0 0 0 0 0 0 0 0 0 0 0 0 0 0 0 0 0 0 0 0 0 0 0 0 0 0 0 0 0 0 0 0 0 0 0 0 0 0 0 0 0 0 0 0 0 0 0 0 0 0 0 0 0 0 0 0 0 0 0 0 0 0 0 0 0 0 0 0 0 0 0 
47 0 0 0 0 0 0 0 0 0 0 0 0 0 0 0 0 0 0 0 0 0 0 0 0 0 0 0 0 0 0 0 0 0 0 0 0 0 0 0 0 0 0 0 0 0 0 0 0 0 0 0 0 0 0 0 0 0 0 0 0 0 0 0 0 0 0 0 0 0 0 0 0 0 0 0 0 0 0 0 0 0 0 0 0 0 0 0 0 0 0 0 0 0 0 0 0 0 0 0 0 
47.5 0 0 0 0 0 0 0 0 0 0 0 0 0 0 0 0 0 0 0 0 0 0 0 0 0 0 0 0 0 0 0 0 0 0 0 0 0 0 0 0 0 0 0 0 0 0 0 0 0 0 0 0 0 0 0 0 0 0 0 0 0 0 0 0 0 0 0 0 0 0 0 0 0 0 0 0 0 0 0 0 0 0 0 0 0 0 0 0 0 0 0 0 0 0 0 0 0 0 0 0 
48 0 0 0 0 0 0 0 0 0 0 0 0 0 0 0 0 0 0 0 0 0 0 0 0 0 0 0 0 0 0 0 0 0 0 0 0 0 0 0 0 0 0 0 0 0 0 0 0 0 0 0 0 0 0 0 0 0 0 0 0 0 0 0 0 0 0 0 0 0 0 0 0 0 0 0 0 0 0 0 0 0 0 0 0 0 0 0 0 0 0 0 0 0 0 0 0 0 0 0 0 
48.5 0 0 0 0 0 0 0 0 0 0 0 0 0 0 0 0 0 0 0 0 0 0 0 0 0 0 0 0 0 0 0 0 0 0 0 0 0 0 0 0 0 0 0 0 0 0 0 0 0 0 0 0 0 0 0 0 0 0 0 0 0 0 0 0 0 0 0 0 0 0 0 0 0 0 0 0 0 0 0 0 0 0 0 0 0 0 0 0 0 0 0 0 0 0 0 0 0 0 0 0 
49 0 0 0 0 0 0 0 0 0 0 0 0 0 0 0 0 0 0 0 0 0 0 0 0 0 0 0 0 0 0 0 0 0 0 0 0 0 0 0 0 0 0 0 0 0 0 0 0 0 0 0 0 0 0 0 0 0 0 0 0 0 0 0 0 0 0 0 0 0 0 0 0 0 0 0 0 0 0 0 0 0 0 0 0 0 0 0 0 0 0 0 0 0 0 0 0 0 0 0 0 
49.5 0 0 0 0 0 0 0 0 0 0 0 0 0 0 0 0 0 0 0 0 0 0 0 0 0 0 0 0 0 0 0 0 0 0 0 0 0 0 0 0 0 0 0 0 0 0 0 0 0 0 0 0 0 0 0 0 0 0 0 0 0 0 0 0 0 0 0 0 0 0 0 0 0 0 0 0 0 0 0 0 0 0 0 0 0 0 0 0 0 0 0 0 0 0 0 0 0 0 0 0 
50 0 0 0 0 0 0 0 0 0 0 0 0 0 0 0 0 0 0 0 0 0 0 0 0 0 0 0 0 0 0 0 0 0 0 0 0 0 0 0 0 0 0 0 0 0 0 0 0 0 0 0 0 0 0 0 0 0 0 0 0 0 0 0 0 0 0 0 0 0 0 0 0 0 0 0 0 0 0 0 0 0 0 0 0 0 0 0 0 0 0 0 0 0 0 0 0 0 0 0 0 
50.5 0 0 0 0 0 0 0 0 0 0 0 0 0 0 0 0 0 0 0 0 0 0 0 0 0 0 0 0 0 0 0 0 0 0 0 0 0 0 0 0 0 0 0 0 0 0 0 0 0 0 0 0 0 0 0 0 0 0 0 0 0 0 0 0 0 0 0 0 0 0 0 0 0 0 0 0 0 0 0 0 0 0 0 0 0 0 0 0 0 0 0 0 0 0 0 0 0 0 0 0 
51 0 0 0 0 0 0 0 0 0 0 0 0 0 0 0 0 0 0 0 0 0 0 0 0 0 0 0 0 0 0 0 0 0 0 0 0 0 0 0 0 0 0 0 0 0 0 0 0 0 0 0 0 0 0 0 0 0 0 0 0 0 0 0 0 0 0 0 0 0 0 0 0 0 0 0 0 0 0 0 0 0 0 0 0 0 0 0 0 0 0 0 0 0 0 0 0 0 0 0 0 
51.5 0 0 0 0 0 0 0 0 0 0 0 0 0 0 0 0 0 0 0 0 0 0 0 0 0 0 0 0 0 0 0 0 0 0 0 0 0 0 0 0 0 0 0 0 0 0 0 0 0 0 0 0 0 0 0 0 0 0 0 0 0 0 0 0 0 0 0 0 0 0 0 0 0 0 0 0 0 0 0 0 0 0 0 0 0 0 0 0 0 0 0 0 0 0 0 0 0 0 0 0 
52 0 0 0 0 0 0 0 0 0 0 0 0 0 0 0 0 0 0 0 0 0 0 0 0 0 0 0 0 0 0 0 0 0 0 0 0 0 0 0 0 0 0 0 0 0 0 0 0 0 0 0 0 0 0 0 0 0 0 0 0 0 0 0 0 0 0 0 0 0 0 0 0 0 0 0 0 0 0 0 0 0 0 0 0 0 0 0 0 0 0 0 0 0 0 0 0 0 0 0 0 
52.5 0 0 0 0 0 0 0 0 0 0 0 0 0 0 0 0 0 0 0 0 0 0 0 0 0 0 0 0 0 0 0 0 0 0 0 0 0 0 0 0 0 0 0 0 0 0 0 0 0 0 0 0 0 0 0 0 0 0 0 0 0 0 0 0 0 0 0 0 0 0 0 0 0 0 0 0 0 0 0 0 0 0 0 0 0 0 0 0 0 0 0 0 0 0 0 0 0 0 0 0 
53 0 0 0 0 0 0 0 0 0 0 0 0 0 0 0 0 0 0 0 0 0 0 0 0 0 0 0 0 0 0 0 0 0 0 0 0 0 0 0 0 0 0 0 0 0 0 0 0 0 0 0 0 0 0 0 0 0 0 0 0 0 0 0 0 0 0 0 0 0 0 0 0 0 0 0 0 0 0 0 0 0 0 0 0 0 0 0 0 0 0 0 0 0 0 0 0 0 0 0 0 
53.5 0 0 0 0 0 0 0 0 0 0 0 0 0 0 0 0 0 0 0 0 0 0 0 0 0 0 0 0 0 0 0 0 0 0 0 0 0 0 0 0 0 0 0 0 0 0 0 0 0 0 0 0 0 0 0 0 0 0 0 0 0 0 0 0 0 0 0 0 0 0 0 0 0 0 0 0 0 0 0 0 0 0 0 0 0 0 0 0 0 0 0 0 0 0 0 0 0 0 0 0 
54 0 0 0 0 0 0 0 0 0 0 0 0 0 0 0 0 0 0 0 0 0 0 0 0 0 0 0 0 0 0 0 0 0 0 0 0 0 0 0 0 0 0 0 0 0 0 0 0 0 0 0 0 0 0 0 0 0 0 0 0 0 0 0 0 0 0 0 0 0 0 0 0 0 0 0 0 0 0 0 0 0 0 0 0 0 0 0 0 0 0 0 0 0 0 0 0 0 0 0 0 
54.5 0 0 0 0 0 0 0 0 0 0 0 0 0 0 0 0 0 0 0 0 0 0 0 0 0 0 0 0 0 0 0 0 0 0 0 0 0 0 0 0 0 0 0 0 0 0 0 0 0 0 0 0 0 0 0 0 0 0 0 0 0 0 0 0 0 0 0 0 0 0 0 0 0 0 0 0 0 0 0 0 0 0 0 0 0 0 0 0 0 0 0 0 0 0 0 0 0 0 0 0 
55 0 0 0 0 0 0 0 0 0 0 0 0 0 0 0 0 0 0 0 0 0 0 0 0 0 0 0 0 0 0 0 0 0 0 0 0 0 0 0 0 0 0 0 0 0 0 0 0 0 0 0 0 0 0 0 0 0 0 0 0 0 0 0 0 0 0 0 0 0 0 0 0 0 0 0 0 0 0 0 0 0 0 0 0 0 0 0 0 0 0 0 0 0 0 0 0 0 0 0 0 
55.5 0 0 0 0 0 0 0 0 0 0 0 0 0 0 0 0 0 0 0 0 0 0 0 0 0 0 0 0 0 0 0 0 0 0 0 0 0 0 0 0 0 0 0 0 0 0 0 0 0 0 0 0 0 0 0 0 0 0 0 0 0 0 0 0 0 0 0 0 0 0 0 0 0 0 0 0 0 0 0 0 0 0 0 0 0 0 0 0 0 0 0 0 0 0 0 0 0 0 0 0 
56 0 0 0 0 0 0 0 0 0 0 0 0 0 0 0 0 0 0 0 0 0 0 0 0 0 0 0 0 0 0 0 0 0 0 0 0 0 0 0 0 0 0 0 0 0 0 0 0 0 0 0 0 0 0 0 0 0 0 0 0 0 0 0 0 0 0 0 0 0 0 0 0 0 0 0 0 0 0 0 0 0 0 0 0 0 0 0 0 0 0 0 0 0 0 0 0 0 0 0 0 
56.5 0 0 0 0 0 0 0 0 0 0 0 0 0 0 0 0 0 0 0 0 0 0 0 0 0 0 0 0 0 0 0 0 0 0 0 0 0 0 0 0 0 0 0 0 0 0 0 0 0 0 0 0 0 0 0 0 0 0 0 0 0 0 0 0 0 0 0 0 0 0 0 0 0 0 0 0 0 0 0 0 0 0 0 0 0 0 0 0 0 0 0 0 0 0 0 0 0 0 0 0 
57 0 0 0 0 0 0 0 0 0 0 0 0 0 0 0 0 0 0 0 0 0 0 0 0 0 0 0 0 0 0 0 0 0 0 0 0 0 0 0 0 0 0 0 0 0 0 0 0 0 0 0 0 0 0 0 0 0 0 0 0 0 0 0 0 0 0 0 0 0 0 0 0 0 0 0 0 0 0 0 0 0 0 0 0 0 0 0 0 0 0 0 0 0 0 0 0 0 0 0 0 
57.5 0 0 0 0 0 0 0 0 0 0 0 0 0 0 0 0 0 0 0 0 0 0 0 0 0 0 0 0 0 0 0 0 0 0 0 0 0 0 0 0 0 0 0 0 0 0 0 0 0 0 0 0 0 0 0 0 0 0 0 0 0 0 0 0 0 0 0 0 0 0 0 0 0 0 0 0 0 0 0 0 0 0 0 0 0 0 0 0 0 0 0 0 0 0 0 0 0 0 0 0 
58 0 0 0 0 0 0 0 0 0 0 0 0 0 0 0 0 0 0 0 0 0 0 0 0 0 0 0 0 0 0 0 0 0 0 0 0 0 0 0 0 0 0 0 0 0 0 0 0 0 0 0 0 0 0 0 0 0 0 0 0 0 0 0 0 0 0 0 0 0 0 0 0 0 0 0 0 0 0 0 0 0 0 0 0 0 0 0 0 0 0 0 0 0 0 0 0 0 0 0 0 
58.5 0 0 0 0 0 0 0 0 0 0 0 0 0 0 0 0 0 0 0 0 0 0 0 0 0 0 0 0 0 0 0 0 0 0 0 0 0 0 0 0 0 0 0 0 0 0 0 0 0 0 0 0 0 0 0 0 0 0 0 0 0 0 0 0 0 0 0 0 0 0 0 0 0 0 0 0 0 0 0 0 0 0 0 0 0 0 0 0 0 0 0 0 0 0 0 0 0 0 0 0 
59 0 0 0 0 0 0 0 0 0 0 0 0 0 0 0 0 0 0 0 0 0 0 0 0 0 0 0 0 0 0 0 0 0 0 0 0 0 0 0 0 0 0 0 0 0 0 0 0 0 0 0 0 0 0 0 0 0 0 0 0 0 0 0 0 0 0 0 0 0 0 0 0 0 0 0 0 0 0 0 0 0 0 0 0 0 0 0 0 0 0 0 0 0 0 0 0 0 0 0 0 
59.5 0 0 0 0 0 0 0 0 0 0 0 0 0 0 0 0 0 0 0 0 0 0 0 0 0 0 0 0 0 0 0 0 0 0 0 0 0 0 0 0 0 0 0 0 0 0 0 0 0 0 0 0 0 0 0 0 0 0 0 0 0 0 0 0 0 0 0 0 0 0 0 0 0 0 0 0 0 0 0 0 0 0 0 0 0 0 0 0 0 0 0 0 0 0 0 0 0 0 0 0 
60 0 0 0 0 0 0 0 0 0 0 0 0 0 0 0 0 0 0 0 0 0 0 0 0 0 0 0 0 0 0 0 0 0 0 0 0 0 0 0 0 0 0 0 0 0 0 0 0 0 0 0 0 0 0 0 0 0 0 0 0 0 0 0 0 0 0 0 0 0 0 0 0 0 0 0 0 0 0 0 0 0 0 0 0 0 0 0 0 0 0 0 0 0 0 0 0 0 0 0 0 
60.5 0 0 0 0 0 0 0 0 0 0 0 0 0 0 0 0 0 0 0 0 0 0 0 0 0 0 0 0 0 0 0 0 0 0 0 0 0 0 0 0 0 0 0 0 0 0 0 0 0 0 0 0 0 0 0 0 0 0 0 0 0 0 0 0 0 0 0 0 0 0 0 0 0 0 0 0 0 0 0 0 0 0 0 0 0 0 0 0 0 0 0 0 0 0 0 0 0 0 0 0 
61 0 0 0 0 0 0 0 0 0 0 0 0 0 0 0 0 0 0 0 0 0 0 0 0 0 0 0 0 0 0 0 0 0 0 0 0 0 0 0 0 0 0 0 0 0 0 0 0 0 0 0 0 0 0 0 0 0 0 0 0 0 0 0 0 0 0 0 0 0 0 0 0 0 0 0 0 0 0 0 0 0 0 0 0 0 0 0 0 0 0 0 0 0 0 0 0 0 0 0 0 
61.5 0 0 0 0 0 0 0 0 0 0 0 0 0 0 0 0 0 0 0 0 0 0 0 0 0 0 0 0 0 0 0 0 0 0 0 0 0 0 0 0 0 0 0 0 0 0 0 0 0 0 0 0 0 0 0 0 0 0 0 0 0 0 0 0 0 0 0 0 0 0 0 0 0 0 0 0 0 0 0 0 0 0 0 0 0 0 0 0 0 0 0 0 0 0 0 0 0 0 0 0 
62 0 0 0 0 0 0 0 0 0 0 0 0 0 0 0 0 0 0 0 0 0 0 0 0 0 0 0 0 0 0 0 0 0 0 0 0 0 0 0 0 0 0 0 0 0 0 0 0 0 0 0 0 0 0 0 0 0 0 0 0 0 0 0 0 0 0 0 0 0 0 0 0 0 0 0 0 0 0 0 0 0 0 0 0 0 0 0 0 0 0 0 0 0 0 0 0 0 0 0 0 
62.5 0 0 0 0 0 0 0 0 0 0 0 0 0 0 0 0 0 0 0 0 0 0 0 0 0 0 0 0 0 0 0 0 0 0 0 0 0 0 0 0 0 0 0 0 0 0 0 0 0 0 0 0 0 0 0 0 0 0 0 0 0 0 0 0 0 0 0 0 0 0 0 0 0 0 0 0 0 0 0 0 0 0 0 0 0 0 0 0 0 0 0 0 0 0 0 0 0 0 0 0 
63 0 0 0 0 0 0 0 0 0 0 0 0 0 0 0 0 0 0 0 0 0 0 0 0 0 0 0 0 0 0 0 0 0 0 0 0 0 0 0 0 0 0 0 0 0 0 0 0 0 0 0 0 0 0 0 0 0 0 0 0 0 0 0 0 0 0 0 0 0 0 0 0 0 0 0 0 0 0 0 0 0 0 0 0 0 0 0 0 0 0 0 0 0 0 0 0 0 0 0 0 
63.5 0 0 0 0 0 0 0 0 0 0 0 0 0 0 0 0 0 0 0 0 0 0 0 0 0 0 0 0 0 0 0 0 0 0 0 0 0 0 0 0 0 0 0 0 0 0 0 0 0 0 0 0 0 0 0 0 0 0 0 0 0 0 0 0 0 0 0 0 0 0 0 0 0 0 0 0 0 0 0 0 0 0 0 0 0 0 0 0 0 0 0 0 0 0 0 0 0 0 0 0 
64 0 0 0 0 0 0 0 0 0 0 0 0 0 0 0 0 0 0 0 0 0 0 0 0 0 0 0 0 0 0 0 0 0 0 0 0 0 0 0 0 0 0 0 0 0 0 0 0 0 0 0 0 0 0 0 0 0 0 0 0 0 0 0 0 0 0 0 0 0 0 0 0 0 0 0 0 0 0 0 0 0 0 0 0 0 0 0 0 0 0 0 0 0 0 0 0 0 0 0 0 
64.5 0 0 0 0 0 0 0 0 0 0 0 0 0 0 0 0 0 0 0 0 0 0 0 0 0 0 0 0 0 0 0 0 0 0 0 0 0 0 0 0 0 0 0 0 0 0 0 0 0 0 0 0 0 0 0 0 0 0 0 0 0 0 0 0 0 0 0 0 0 0 0 0 0 0 0 0 0 0 0 0 0 0 0 0 0 0 0 0 0 0 0 0 0 0 0 0 0 0 0 0 
65 0 0 0 0 0 0 0 0 0 0 0 0 0 0 0 0 0 0 0 0 0 0 0 0 0 0 0 0 0 0 0 0 0 0 0 0 0 0 0 0 0 0 0 0 0 0 0 0 0 0 0 0 0 0 0 0 0 0 0 0 0 0 0 0 0 0 0 0 0 0 0 0 0 0 0 0 0 0 0 0 0 0 0 0 0 0 0 0 0 0 0 0 0 0 0 0 0 0 0 0 
65.5 0 0 0 0 0 0 0 0 0 0 0 0 0 0 0 0 0 0 0 0 0 0 0 0 0 0 0 0 0 0 0 0 0 0 0 0 0 0 0 0 0 0 0 0 0 0 0 0 0 0 0 0 0 0 0 0 0 0 0 0 0 0 0 0 0 0 0 0 0 0 0 0 0 0 0 0 0 0 0 0 0 0 0 0 0 0 0 0 0 0 0 0 0 0 0 0 0 0 0 0 
66 0 0 0 0 0 0 0 0 0 0 0 0 0 0 0 0 0 0 0 0 0 0 0 0 0 0 0 0 0 0 0 0 0 0 0 0 0 0 0 0 0 0 0 0 0 0 0 0 0 0 0 0 0 0 0 0 0 0 0 0 0 0 0 0 0 0 0 0 0 0 0 0 0 0 0 0 0 0 0 0 0 0 0 0 0 0 0 0 0 0 0 0 0 0 0 0 0 0 0 0 
66.5 0 0 0 0 0 0 0 0 0 0 0 0 0 0 0 0 0 0 0 0 0 0 0 0 0 0 0 0 0 0 0 0 0 0 0 0 0 0 0 0 0 0 0 0 0 0 0 0 0 0 0 0 0 0 0 0 0 0 0 0 0 0 0 0 0 0 0 0 0 0 0 0 0 0 0 0 0 0 0 0 0 0 0 0 0 0 0 0 0 0 0 0 0 0 0 0 0 0 0 0 
67 0 0 0 0 0 0 0 0 0 0 0 0 0 0 0 0 0 0 0 0 0 0 0 0 0 0 0 0 0 0 0 0 0 0 0 0 0 0 0 0 0 0 0 0 0 0 0 0 0 0 0 0 0 0 0 0 0 0 0 0 0 0 0 0 0 0 0 0 0 0 0 0 0 0 0 0 0 0 0 0 0 0 0 0 0 0 0 0 0 0 0 0 0 0 0 0 0 0 0 0 
67.5 0 0 0 0 0 0 0 0 0 0 0 0 0 0 0 0 0 0 0 0 0 0 0 0 0 0 0 0 0 0 0 0 0 0 0 0 0 0 0 0 0 0 0 0 0 0 0 0 0 0 0 0 0 0 0 0 0 0 0 0 0 0 0 0 0 0 0 0 0 0 0 0 0 0 0 0 0 0 0 0 0 0 0 0 0 0 0 0 0 0 0 0 0 0 0 0 0 0 0 0 
68 0 0 0 0 0 0 0 0 0 0 0 0 0 0 0 0 0 0 0 0 0 0 0 0 0 0 0 0 0 0 0 0 0 0 0 0 0 0 0 0 0 0 0 0 0 0 0 0 0 0 0 0 0 0 0 0 0 0 0 0 0 0 0 0 0 0 0 0 0 0 0 0 0 0 0 0 0 0 0 0 0 0 0 0 0 0 0 0 0 0 0 0 0 0 0 0 0 0 0 0 
68.5 0 0 0 0 0 0 0 0 0 0 0 0 0 0 0 0 0 0 0 0 0 0 0 0 0 0 0 0 0 0 0 0 0 0 0 0 0 0 0 0 0 0 0 0 0 0 0 0 0 0 0 0 0 0 0 0 0 0 0 0 0 0 0 0 0 0 0 0 0 0 0 0 0 0 0 0 0 0 0 0 0 0 0 0 0 0 0 0 0 0 0 0 0 0 0 0 0 0 0 0 
69 0 0 0 0 0 0 0 0 0 0 0 0 0 0 0 0 0 0 0 0 0 0 0 0 0 0 0 0 0 0 0 0 0 0 0 0 0 0 0 0 0 0 0 0 0 0 0 0 0 0 0 0 0 0 0 0 0 0 0 0 0 0 0 0 0 0 0 0 0 0 0 0 0 0 0 0 0 0 0 0 0 0 0 0 0 0 0 0 0 0 0 0 0 0 0 0 0 0 0 0 
69.5 0 0 0 0 0 0 0 0 0 0 0 0 0 0 0 0 0 0 0 0 0 0 0 0 0 0 0 0 0 0 0 0 0 0 0 0 0 0 0 0 0 0 0 0 0 0 0 0 0 0 0 0 0 0 0 0 0 0 0 0 0 0 0 0 0 0 0 0 0 0 0 0 0 0 0 0 0 0 0 0 0 0 0 0 0 0 0 0 0 0 0 0 0 0 0 0 0 0 0 0 
70 0 0 0 0 0 0 0 0 0 0 0 0 0 0 0 0 0 0 0 0 0 0 0 0 0 0 0 0 0 0 0 0 0 0 0 0 0 0 0 0 0 0 0 0 0 0 0 0 0 0 0 0 0 0 0 0 0 0 0 0 0 0 0 0 0 0 0 0 0 0 0 0 0 0 0 0 0 0 0 0 0 0 0 0 0 0 0 0 0 0 0 0 0 0 0 0 0 0 0 0 
70.5 0 0 0 0 0 0 0 0 0 0 0 0 0 0 0 0 0 0 0 0 0 0 0 0 0 0 0 0 0 0 0 0 0 0 0 0 0 0 0 0 0 0 0 0 0 0 0 0 0 0 0 0 0 0 0 0 0 0 0 0 0 0 0 0 0 0 0 0 0 0 0 0 0 0 0 0 0 0 0 0 0 0 0 0 0 0 0 0 0 0 0 0 0 0 0 0 0 0 0 0 
71 0 0 0 0 0 0 0 0 0 0 0 0 0 0 0 0 0 0 0 0 0 0 0 0 0 0 0 0 0 0 0 0 0 0 0 0 0 0 0 0 0 0 0 0 0 0 0 0 0 0 0 0 0 0 0 0 0 0 0 0 0 0 0 0 0 0 0 0 0 0 0 0 0 0 0 0 0 0 0 0 0 0 0 0 0 0 0 0 0 0 0 0 0 0 0 0 0 0 0 0 
71.5 0 0 0 0 0 0 0 0 0 0 0 0 0 0 0 0 0 0 0 0 0 0 0 0 0 0 0 0 0 0 0 0 0 0 0 0 0 0 0 0 0 0 0 0 0 0 0 0 0 0 0 0 0 0 0 0 0 0 0 0 0 0 0 0 0 0 0 0 0 0 0 0 0 0 0 0 0 0 0 0 0 0 0 0 0 0 0 0 0 0 0 0 0 0 0 0 0 0 0 0 
72 0 0 0 0 0 0 0 0 0 0 0 0 0 0 0 0 0 0 0 0 0 0 0 0 0 0 0 0 0 0 0 0 0 0 0 0 0 0 0 0 0 0 0 0 0 0 0 0 0 0 0 0 0 0 0 0 0 0 0 0 0 0 0 0 0 0 0 0 0 0 0 0 0 0 0 0 0 0 0 0 0 0 0 0 0 0 0 0 0 0 0 0 0 0 0 0 0 0 0 0 
72.5 0 0 0 0 0 0 0 0 0 0 0 0 0 0 0 0 0 0 0 0 0 0 0 0 0 0 0 0 0 0 0 0 0 0 0 0 0 0 0 0 0 0 0 0 0 0 0 0 0 0 0 0 0 0 0 0 0 0 0 0 0 0 0 0 0 0 0 0 0 0 0 0 0 0 0 0 0 0 0 0 0 0 0 0 0 0 0 0 0 0 0 0 0 0 0 0 0 0 0 0 
73 0 0 0 0 0 0 0 0 0 0 0 0 0 0 0 0 0 0 0 0 0 0 0 0 0 0 0 0 0 0 0 0 0 0 0 0 0 0 0 0 0 0 0 0 0 0 0 0 0 0 0 0 0 0 0 0 0 0 0 0 0 0 0 0 0 0 0 0 0 0 0 0 0 0 0 0 0 0 0 0 0 0 0 0 0 0 0 0 0 0 0 0 0 0 0 0 0 0 0 0 
73.5 0 0 0 0 0 0 0 0 0 0 0 0 0 0 0 0 0 0 0 0 0 0 0 0 0 0 0 0 0 0 0 0 0 0 0 0 0 0 0 0 0 0 0 0 0 0 0 0 0 0 0 0 0 0 0 0 0 0 0 0 0 0 0 0 0 0 0 0 0 0 0 0 0 0 0 0 0 0 0 0 0 0 0 0 0 0 0 0 0 0 0 0 0 0 0 0 0 0 0 0 
74 0 0 0 0 0 0 0 0 0 0 0 0 0 0 0 0 0 0 0 0 0 0 0 0 0 0 0 0 0 0 0 0 0 0 0 0 0 0 0 0 0 0 0 0 0 0 0 0 0 0 0 0 0 0 0 0 0 0 0 0 0 0 0 0 0 0 0 0 0 0 0 0 0 0 0 0 0 0 0 0 0 0 0 0 0 0 0 0 0 0 0 0 0 0 0 0 0 0 0 0 
74.5 0 0 0 0 0 0 0 0 0 0 0 0 0 0 0 0 0 0 0 0 0 0 0 0 0 0 0 0 0 0 0 0 0 0 0 0 0 0 0 0 0 0 0 0 0 0 0 0 0 0 0 0 0 0 0 0 0 0 0 0 0 0 0 0 0 0 0 0 0 0 0 0 0 0 0 0 0 0 0 0 0 0 0 0 0 0 0 0 0 0 0 0 0 0 0 0 0 0 0 0 
75 2.3074e-06 3.9467e-06 7.352e-06 1.1485e-05 1.396e-05 1.8157e-05 2.282e-05 2.603e-05 2.866e-05 3.1038e-05 3.275e-05 3.3217e-05 3.2078e-05 3.0081e-05 2.8121e-05 2.6979e-05 2.6719e-05 2.6623e-05 2.6744e-05 2.7117e-05 2.7829e-05 2.9507e-05 3.1737e-05 3.3785e-05 3.4903e-05 3.4829e-05 3.4297e-05 3.3414e-05 3.2249e-05 3.0865e-05 2.9208e-05 2.7415e-05 2.5692e-05 2.4247e-05 2.3158e-05 2.2206e-05 2.1386e-05 2.0744e-05 2.0292e-05 2.0035e-05 1.9868e-05 1.969e-05 1.9399e-05 1.8924e-05 1.8359e-05 1.766e-05 1.6778e-05 1.5658e-05 1.4398e-05 1.3089e-05 1.1771e-05 1.048e-05 9.2243e-06 7.9646e-06 6.7416e-06 5.5982e-06 4.5755e-06 3.817e-06 3.3222e-06 2.9985e-06 2.7582e-06 2.5268e-06 2.2957e-06 2.0782e-06 1.8844e-06 1.7258e-06 1.6068e-06 1.5051e-06 1.4107e-06 1.316e-06 1.2125e-06 1.0869e-06 9.3334e-07 7.7255e-07 6.2565e-07 5.0759e-07 4.2866e-07 3.6793e-07 3.1601e-07 2.7148e-07 2.3244e-07 1.9646e-07 1.5974e-07 1.1956e-07 8.0209e-08 4.5885e-08 1.9959e-08 5.2252e-09 2.1823e-09 1.2163e-09 6.0532e-10 2.5847e-10 9.4588e-11 4.2032e-11 3.8766e-11 3.4226e-11 3.3949e-12 0 0 0 
75.5 0.0072031 0.012321 0.022951 0.035852 0.04358 0.056681 0.071239 0.081259 0.089469 0.096893 0.10224 0.1037 0.10014 0.093905 0.087786 0.084222 0.08341 0.083111 0.083489 0.084654 0.086874 0.092113 0.099076 0.10547 0.10896 0.10873 0.10707 0.10431 0.10068 0.096354 0.091181 0.085582 0.080205 0.075692 0.072292 0.069323 0.066763 0.064759 0.063347 0.062544 0.062024 0.061468 0.060558 0.059075 0.057312 0.055129 0.052376 0.04888 0.044946 0.040861 0.036746 0.032717 0.028796 0.024863 0.021046 0.017476 0.014284 0.011916 0.010371 0.0093605 0.0086106 0.0078882 0.0071665 0.0064878 0.0058826 0.0053876 0.0050161 0.0046987 0.0044039 0.0041084 0.0037853 0.003393 0.0029137 0.0024117 0.0019531 0.0015846 0.0013382 0.0011486 0.0009865 0.0008475 0.00072562 0.00061329 0.00049867 0.00037322 0.00025039 0.00014324 6.2306e-05 1.6312e-05 6.8126e-06 3.7969e-06 1.8897e-06 8.0688e-07 2.9528e-07 1.3121e-07 1.2102e-07 1.0684e-07 1.0598e-08 0 0 0 
76 0.014404 0.024638 0.045895 0.071693 0.087146 0.11334 0.14245 0.16249 0.17891 0.19375 0.20444 0.20736 0.20025 0.18778 0.17554 0.16842 0.16679 0.16619 0.16695 0.16928 0.17372 0.1842 0.19812 0.2109 0.21788 0.21742 0.2141 0.20859 0.20132 0.19268 0.18233 0.17114 0.16038 0.15136 0.14456 0.13862 0.13351 0.1295 0.12667 0.12507 0.12403 0.12292 0.1211 0.11813 0.11461 0.11024 0.10474 0.097744 0.089877 0.081708 0.07348 0.065424 0.057583 0.049719 0.042084 0.034947 0.028563 0.023828 0.020739 0.018718 0.017218 0.015774 0.014331 0.012973 0.011763 0.010773 0.010031 0.0093959 0.0088065 0.0082154 0.0075694 0.006785 0.0058264 0.0048227 0.0039056 0.0031686 0.0026759 0.0022968 0.0019727 0.0016947 0.001451 0.0012264 0.00099717 0.00074633 0.00050071 0.00028644 0.00012459 3.2618e-05 1.3623e-05 7.5927e-06 3.7787e-06 1.6135e-06 5.9047e-07 2.6238e-07 2.42e-07 2.1365e-07 2.1193e-08 0 0 0 
76.5 0.021605 0.036954 0.068839 0.10753 0.13071 0.17001 0.21367 0.24372 0.26835 0.29062 0.30664 0.31102 0.30035 0.28165 0.2633 0.25261 0.25018 0.24928 0.25041 0.25391 0.26057 0.27628 0.29716 0.31634 0.32681 0.32612 0.32113 0.31286 0.30196 0.289 0.27348 0.25669 0.24056 0.22703 0.21683 0.20792 0.20025 0.19423 0.19 0.18759 0.18603 0.18437 0.18164 0.17719 0.1719 0.16535 0.15709 0.14661 0.13481 0.12256 0.11021 0.098131 0.08637 0.074574 0.063123 0.052418 0.042842 0.03574 0.031107 0.028075 0.025826 0.02366 0.021495 0.019459 0.017644 0.016159 0.015045 0.014093 0.013209 0.012322 0.011353 0.010177 0.0087391 0.0072336 0.0058581 0.0047527 0.0040136 0.003445 0.0029589 0.002542 0.0021764 0.0018395 0.0014957 0.0011194 0.00075102 0.00042963 0.00018688 4.8925e-05 2.0433e-05 1.1388e-05 5.6678e-06 2.4201e-06 8.8565e-07 3.9355e-07 3.6298e-07 3.2046e-07 3.1787e-08 0 0 0 
77 0.027084 0.046358 0.086398 0.13488 0.16387 0.2132 0.26787 0.30537 0.33612 0.36393 0.38389 0.38925 0.37582 0.35236 0.32936 0.31601 0.31302 0.31199 0.31351 0.31798 0.3264 0.34615 0.37235 0.39637 0.40948 0.4086 0.40231 0.3919 0.37819 0.36192 0.34246 0.32142 0.30121 0.28422 0.2714 0.26019 0.25053 0.24298 0.23767 0.23467 0.23273 0.23066 0.22726 0.22172 0.21517 0.20706 0.19678 0.18368 0.16894 0.15366 0.13828 0.12321 0.10852 0.093785 0.079464 0.066033 0.053948 0.044978 0.039157 0.03537 0.032563 0.029843 0.027123 0.024565 0.022283 0.020413 0.019007 0.017804 0.016685 0.015563 0.014336 0.012851 0.011039 0.0091416 0.0074066 0.0060113 0.005078 0.0043599 0.003746 0.0032193 0.0027571 0.0023307 0.0018953 0.0014188 0.00095211 0.00054495 0.00023729 6.2313e-05 2.5969e-05 1.4383e-05 7.085e-06 2.9691e-06 1.0512e-06 4.6528e-07 4.4877e-07 4.0039e-07 3.758e-08 0 0 0 
77.5 0.026688 0.045817 0.085576 0.1332 0.16152 0.21038 0.26396 0.30015 0.32991 0.35685 0.37591 0.38068 0.36717 0.34396 0.32135 0.30841 0.30578 0.30515 0.30706 0.31186 0.32051 0.34019 0.36607 0.38972 0.40254 0.40158 0.39522 0.38478 0.3711 0.35495 0.33576 0.31505 0.29515 0.27835 0.26554 0.25431 0.24464 0.23711 0.23191 0.229 0.22717 0.22522 0.22195 0.21665 0.21056 0.20299 0.19322 0.18047 0.16618 0.1515 0.13675 0.12223 0.10799 0.093723 0.079769 0.066485 0.05422 0.045088 0.039294 0.03562 0.032915 0.030215 0.027507 0.024963 0.022684 0.020804 0.019374 0.018145 0.016999 0.015843 0.014583 0.013075 0.011246 0.0093326 0.0075761 0.0061587 0.0052089 0.0044781 0.0038535 0.0033165 0.0028437 0.0024058 0.0019573 0.0014662 0.00098516 0.00056507 0.00024718 6.5738e-05 2.7152e-05 1.4644e-05 6.8914e-06 2.6389e-06 7.7406e-07 3.3408e-07 4.1444e-07 3.8853e-07 2.6983e-08 0 0 0 
78 0.026293 0.045275 0.084754 0.13153 0.15916 0.20757 0.26005 0.29494 0.32369 0.34977 0.36793 0.37211 0.35852 0.33557 0.31333 0.30081 0.29853 0.2983 0.30061 0.30575 0.31462 0.33423 0.3598 0.38306 0.3956 0.39456 0.38814 0.37766 0.364 0.34798 0.32905 0.30868 0.28909 0.27249 0.25969 0.24843 0.23874 0.23125 0.22615 0.22334 0.22162 0.21978 0.21664 0.21159 0.20594 0.19892 0.18965 0.17726 0.16343 0.14934 0.13522 0.12126 0.10747 0.093661 0.080073 0.066938 0.054492 0.045199 0.039431 0.03587 0.033266 0.030588 0.027892 0.02536 0.023085 0.021194 0.019741 0.018487 0.017312 0.016123 0.01483 0.013298 0.011453 0.0095236 0.0077456 0.0063062 0.0053399 0.0045964 0.0039609 0.0034138 0.0029304 0.002481 0.0020193 0.0015137 0.0010182 0.00058519 0.00025707 6.9163e-05 2.8335e-05 1.4905e-05 6.6979e-06 2.3086e-06 4.9695e-07 2.0288e-07 3.8011e-07 3.7668e-07 1.6386e-08 0 0 0 
78.5 0.025897 0.044734 0.083931 0.12986 0.15681 0.20476 0.25614 0.28972 0.31748 0.34269 0.35996 0.36354 0.34986 0.32717 0.30532 0.29321 0.29129 0.29146 0.29416 0.29963 0.30873 0.32827 0.35352 0.37641 0.38866 0.38754 0.38106 0.37053 0.3569 0.34101 0.32235 0.30232 0.28304 0.26662 0.25383 0.24254 0.23285 0.22539 0.22038 0.21768 0.21606 0.21434 0.21133 0.20653 0.20133 0.19485 0.18608 0.17405 0.16068 0.14719 0.13369 0.12028 0.10694 0.093599 0.080378 0.06739 0.054764 0.045309 0.039569 0.03612 0.033618 0.03096 0.028276 0.025758 0.023486 0.021585 0.020109 0.018828 0.017625 0.016404 0.015077 0.013522 0.01166 0.0097146 0.0079151 0.0064536 0.0054708 0.0047147 0.0040684 0.0035111 0.003017 0.0025561 0.0020813 0.0015611 0.0010513 0.00060531 0.00026696 7.2587e-05 2.9517e-05 1.5166e-05 6.5043e-06 1.9783e-06 2.1984e-07 7.1673e-08 3.4578e-07 3.6482e-07 5.789e-09 0 0 0 
79 0.02556 0.044241 0.083314 0.12879 0.15537 0.20301 0.25391 0.28702 0.31441 0.3393 0.35629 0.35973 0.34614 0.3237 0.30213 0.29024 0.28843 0.28873 0.29157 0.29715 0.30635 0.32591 0.35112 0.37396 0.38624 0.38525 0.37891 0.36852 0.35499 0.33918 0.32061 0.30068 0.2815 0.26515 0.25239 0.24107 0.23134 0.22389 0.21896 0.21631 0.21473 0.21305 0.21011 0.20547 0.20054 0.19439 0.18592 0.17411 0.16096 0.14773 0.13447 0.12123 0.108 0.094702 0.081469 0.068409 0.055646 0.04607 0.040252 0.036752 0.03421 0.031518 0.028812 0.026276 0.023987 0.022063 0.020565 0.019265 0.018042 0.016795 0.015437 0.01385 0.011953 0.0099742 0.0081406 0.0066516 0.0056526 0.0048811 0.0042189 0.0036454 0.0031349 0.0026573 0.0021644 0.0016241 0.0010945 0.0006311 0.00027929 7.6817e-05 3.1049e-05 1.5375e-05 6.0929e-06 1.5816e-06 6.0225e-08 0 3.2929e-07 3.8178e-07 0 0 0 0 
79.5 0.025295 0.043808 0.082944 0.12847 0.15503 0.20253 0.2537 0.28737 0.31514 0.34037 0.35781 0.36164 0.34835 0.32615 0.30473 0.29284 0.29086 0.29097 0.29361 0.29904 0.30818 0.32787 0.35337 0.37659 0.38925 0.38865 0.3827 0.37264 0.35933 0.34355 0.32485 0.30474 0.28539 0.26899 0.25626 0.24491 0.23512 0.22766 0.22277 0.22012 0.21848 0.21675 0.2138 0.20922 0.20437 0.19828 0.18985 0.17809 0.1649 0.15151 0.13801 0.12451 0.11096 0.097206 0.083508 0.07011 0.057263 0.047615 0.041593 0.037842 0.03509 0.0323 0.02953 0.026941 0.024606 0.022648 0.021128 0.019816 0.018583 0.017318 0.015933 0.014302 0.012352 0.010316 0.0084335 0.0069104 0.0058955 0.0051054 0.0044213 0.0038245 0.0032905 0.0027899 0.0022727 0.0017056 0.0011499 0.00066373 0.00029458 8.2015e-05 3.2999e-05 1.552e-05 5.4192e-06 1.1052e-06 4.2081e-08 0 3.3426e-07 4.3343e-07 0 0 0 0 
80 0.025031 0.043375 0.082574 0.12814 0.15469 0.20205 0.25349 0.28771 0.31586 0.34144 0.35933 0.36354 0.35056 0.32861 0.30734 0.29544 0.29329 0.2932 0.29565 0.30094 0.31001 0.32984 0.35563 0.37923 0.39226 0.39206 0.3865 0.37677 0.36367 0.34792 0.3291 0.30879 0.28928 0.27284 0.26013 0.24874 0.23891 0.23142 0.22657 0.22392 0.22223 0.22045 0.21749 0.21298 0.2082 0.20217 0.19379 0.18207 0.16885 0.15529 0.14156 0.12779 0.11392 0.099711 0.085547 0.071811 0.058879 0.04916 0.042933 0.038932 0.035971 0.033082 0.030248 0.027606 0.025226 0.023233 0.021691 0.020367 0.019123 0.017842 0.016428 0.014755 0.01275 0.010659 0.0087264 0.0071693 0.0061384 0.0053298 0.0046236 0.0040035 0.003446 0.0029225 0.002381 0.0017871 0.0012053 0.00069636 0.00030986 8.7212e-05 3.495e-05 1.5664e-05 4.7455e-06 6.2866e-07 2.3938e-08 0 3.3924e-07 4.8508e-07 0 0 0 0 
80.5 0.024766 0.042943 0.082204 0.12781 0.15436 0.20156 0.25328 0.28806 0.31658 0.3425 0.36085 0.36545 0.35277 0.33106 0.30995 0.29803 0.29572 0.29543 0.29769 0.30283 0.31185 0.33181 0.35789 0.38186 0.39527 0.39546 0.3903 0.3809 0.36801 0.3523 0.33334 0.31285 0.29318 0.27668 0.26399 0.25258 0.24269 0.23519 0.23038 0.22773 0.22598 0.22415 0.22118 0.21673 0.21202 0.20606 0.19773 0.18606 0.17279 0.15908 0.14511 0.13107 0.11688 0.10222 0.087587 0.073511 0.060496 0.050706 0.044274 0.040022 0.036852 0.033864 0.030966 0.028271 0.025845 0.023818 0.022255 0.020918 0.019664 0.018366 0.016924 0.015208 0.013148 0.011001 0.0090193 0.0074281 0.0063813 0.0055541 0.004826 0.0041826 0.0036016 0.003055 0.0024893 0.0018686 0.0012607 0.00072898 0.00032514 9.241e-05 3.69e-05 1.5809e-05 4.0719e-06 1.5217e-07 5.7942e-09 0 3.4421e-07 5.3673e-07 0 0 0 0 
81 0.024829 0.043098 0.083098 0.12938 0.15639 0.20429 0.25677 0.29236 0.32186 0.34882 0.36793 0.37293 0.36051 0.33881 0.31739 0.30518 0.30267 0.30226 0.30436 0.30937 0.31846 0.33901 0.36593 0.3907 0.40463 0.40512 0.40023 0.39101 0.37813 0.36219 0.34286 0.32194 0.30189 0.28512 0.27224 0.2606 0.25054 0.24294 0.23812 0.23553 0.23386 0.2321 0.22918 0.22478 0.2201 0.21409 0.20561 0.19364 0.17997 0.16575 0.15121 0.13658 0.12177 0.1064 0.091061 0.076358 0.062888 0.052737 0.045949 0.041381 0.037979 0.034867 0.031877 0.029105 0.026618 0.024549 0.022958 0.0216 0.020325 0.018997 0.017515 0.015738 0.013601 0.011376 0.009329 0.0076977 0.0066395 0.005797 0.0050489 0.0043833 0.0037791 0.0032091 0.0026175 0.001968 0.0013315 0.00077401 0.00034948 0.00010296 4.0013e-05 1.458e-05 3.1607e-06 0 0 0 3.3778e-07 6.7567e-07 3.8352e-08 0 0 0 
81.5 0.025045 0.04353 0.084587 0.13183 0.15953 0.20852 0.262 0.29852 0.32928 0.3576 0.37761 0.38301 0.37084 0.34904 0.32711 0.31445 0.31174 0.31125 0.31321 0.31808 0.32732 0.34867 0.37668 0.40247 0.41696 0.41771 0.41304 0.40392 0.39096 0.37468 0.35484 0.33339 0.31285 0.29572 0.28253 0.27059 0.2603 0.25256 0.24772 0.2452 0.24367 0.24206 0.23921 0.23484 0.23017 0.22408 0.21534 0.20291 0.18867 0.17377 0.1585 0.14315 0.12757 0.11137 0.095208 0.079742 0.065643 0.054997 0.04778 0.042867 0.039223 0.035975 0.032878 0.030018 0.027463 0.025347 0.023726 0.022344 0.021042 0.01968 0.01815 0.016305 0.014081 0.011767 0.0096465 0.0079724 0.0069049 0.0060486 0.0052814 0.0045941 0.0039669 0.0033733 0.002755 0.0020757 0.0014095 0.00082485 0.00037806 0.00011603 4.367e-05 1.2705e-05 2.1381e-06 0 0 0 3.2599e-07 8.5556e-07 9.4697e-08 0 0 0 
82 0.025262 0.043962 0.086075 0.13428 0.16268 0.21275 0.26723 0.30467 0.33669 0.36639 0.38729 0.3931 0.38116 0.35927 0.33682 0.32373 0.3208 0.32024 0.32206 0.3268 0.33619 0.35833 0.38743 0.41424 0.4293 0.43031 0.42585 0.41684 0.40379 0.38718 0.36682 0.34484 0.32382 0.30632 0.29282 0.28059 0.27006 0.26218 0.25731 0.25488 0.25349 0.25201 0.24923 0.24491 0.24025 0.23406 0.22507 0.21219 0.19736 0.18179 0.1658 0.14971 0.13337 0.11635 0.099355 0.083126 0.068399 0.057257 0.049611 0.044353 0.040466 0.037082 0.03388 0.030932 0.028308 0.026146 0.024495 0.023088 0.021759 0.020363 0.018786 0.016872 0.01456 0.012158 0.0099641 0.0082471 0.0071703 0.0063002 0.005514 0.004805 0.0041548 0.0035375 0.0028925 0.0021835 0.0014874 0.00087569 0.00040665 0.00012909 4.7328e-05 1.083e-05 1.1154e-06 0 0 0 3.142e-07 1.0354e-06 1.5104e-07 0 0 0 
82.5 0.025479 0.044393 0.087563 0.13673 0.16582 0.21698 0.27245 0.31083 0.34411 0.37517 0.39697 0.40319 0.39149 0.3695 0.34654 0.333 0.32987 0.32922 0.33091 0.33552 0.34505 0.36799 0.39818 0.426 0.44163 0.4429 0.43867 0.42976 0.41662 0.39967 0.3788 0.35629 0.33478 0.31693 0.30311 0.29058 0.27982 0.27181 0.2669 0.26456 0.2633 0.26196 0.25926 0.25497 0.25032 0.24405 0.23481 0.22146 0.20606 0.1898 0.17309 0.15628 0.13917 0.12132 0.1035 0.08651 0.071155 0.059517 0.051442 0.045839 0.04171 0.038189 0.034881 0.031845 0.029153 0.026945 0.025264 0.023832 0.022477 0.021045 0.019422 0.017439 0.015039 0.012549 0.010282 0.0085217 0.0074357 0.0065518 0.0057465 0.0050158 0.0043426 0.0037017 0.00303 0.0022912 0.0015654 0.00092654 0.00043523 0.00014216 5.0985e-05 8.9553e-06 9.2828e-08 0 0 0 3.0241e-07 1.2153e-06 2.0739e-07 0 0 0 
83 0.025771 0.045035 0.089808 0.14027 0.17008 0.2227 0.27979 0.31962 0.35436 0.38686 0.40968 0.41616 0.40434 0.38223 0.35929 0.34575 0.34208 0.34082 0.34226 0.34692 0.35669 0.38061 0.41216 0.44126 0.45749 0.45899 0.45492 0.44603 0.43269 0.41525 0.39371 0.37051 0.34838 0.33006 0.3159 0.30317 0.29233 0.28413 0.279 0.27673 0.27585 0.27484 0.27217 0.26775 0.2629 0.25635 0.24676 0.23308 0.21721 0.20031 0.18281 0.16514 0.14701 0.12789 0.10879 0.090699 0.074639 0.062412 0.053756 0.047654 0.04319 0.039516 0.036084 0.032942 0.030167 0.0279 0.026173 0.024692 0.023286 0.021799 0.020116 0.018056 0.015564 0.012982 0.010636 0.0088243 0.0077157 0.0068099 0.0059824 0.0052281 0.0045297 0.0038628 0.0031629 0.0023944 0.0016398 0.00097501 0.00046217 0.00015338 5.2664e-05 6.6681e-06 0 0 0 0 2.8315e-07 1.4424e-06 3.4619e-07 0 0 0 
83.5 0.02607 0.045699 0.092129 0.14392 0.17444 0.22856 0.28733 0.32867 0.36488 0.39884 0.42269 0.42942 0.41745 0.3952 0.37235 0.35885 0.3546 0.35268 0.35387 0.35859 0.36862 0.39352 0.42647 0.45686 0.47371 0.47544 0.47152 0.46264 0.44909 0.43114 0.40892 0.385 0.36223 0.34344 0.32893 0.31603 0.30512 0.29672 0.29134 0.28916 0.28867 0.288 0.28538 0.28081 0.27573 0.26888 0.25894 0.24494 0.22861 0.21107 0.19278 0.17423 0.15505 0.13463 0.11419 0.094968 0.078195 0.065371 0.056117 0.049502 0.044694 0.040865 0.037307 0.034057 0.031198 0.028871 0.027097 0.025564 0.024104 0.022561 0.020816 0.018678 0.016094 0.01342 0.010994 0.0091297 0.0079972 0.0070686 0.0062187 0.0054406 0.0047167 0.0040235 0.0032954 0.0024971 0.0017138 0.0010232 0.00048895 0.00016442 5.4145e-05 4.3397e-06 0 0 0 0 2.6315e-07 1.6742e-06 4.9323e-07 0 0 0 
84 0.02637 0.046362 0.094449 0.14757 0.17881 0.23442 0.29488 0.33772 0.37541 0.41083 0.4357 0.44268 0.43056 0.40818 0.38541 0.37195 0.36713 0.36453 0.36548 0.37025 0.38054 0.40643 0.44077 0.47247 0.48993 0.49188 0.48812 0.47924 0.46548 0.44704 0.42412 0.39949 0.37608 0.35683 0.34197 0.32888 0.31791 0.30932 0.30368 0.30158 0.30149 0.30116 0.29858 0.29386 0.28855 0.28141 0.27112 0.2568 0.24002 0.22182 0.20274 0.18333 0.16309 0.14136 0.11959 0.099237 0.081751 0.068329 0.058479 0.051351 0.046197 0.042213 0.03853 0.035172 0.032229 0.029843 0.02802 0.026437 0.024922 0.023323 0.021516 0.0193 0.016624 0.013857 0.011352 0.0094352 0.0082787 0.0073274 0.0064549 0.005653 0.0049037 0.0041843 0.0034278 0.0025998 0.0017878 0.0010715 0.00051573 0.00017545 5.5626e-05 2.0114e-06 0 0 0 0 2.4315e-07 1.9059e-06 6.4027e-07 0 0 0 
84.5 0.026617 0.04697 0.096832 0.15127 0.18319 0.24033 0.3025 0.34689 0.38608 0.42298 0.44889 0.45608 0.44383 0.42133 0.39862 0.3852 0.37988 0.37669 0.37734 0.38208 0.39263 0.41959 0.45537 0.48837 0.50643 0.50863 0.50505 0.49619 0.48221 0.46326 0.43965 0.4143 0.39025 0.37054 0.35533 0.34203 0.33095 0.32218 0.31636 0.31435 0.31461 0.31456 0.31198 0.30713 0.30163 0.29424 0.28364 0.26901 0.25176 0.23289 0.21299 0.19267 0.17134 0.14826 0.12512 0.1036 0.085376 0.07133 0.060866 0.053219 0.047721 0.043575 0.039754 0.036277 0.033245 0.030801 0.028934 0.027303 0.025738 0.024087 0.022222 0.019928 0.017158 0.014297 0.011713 0.009743 0.0085611 0.0075856 0.0066895 0.005863 0.0050879 0.0043419 0.0035571 0.0026993 0.0018587 0.0011168 0.0005402 0.00018522 5.7186e-05 1.6955e-07 0 0 0 0 2.7394e-07 2.1488e-06 8.0867e-07 0 0 0 
85 0.026531 0.047232 0.09961 0.15529 0.18764 0.24648 0.31057 0.35678 0.39768 0.43623 0.46313 0.47042 0.45812 0.43555 0.41276 0.39945 0.3941 0.39075 0.39083 0.39493 0.40574 0.43431 0.47186 0.50617 0.52471 0.52732 0.52405 0.51526 0.50108 0.48158 0.45722 0.43109 0.4064 0.38632 0.37075 0.35706 0.34565 0.3368 0.33116 0.32933 0.32962 0.32945 0.32663 0.3217 0.31631 0.309 0.29831 0.28345 0.26565 0.24594 0.22502 0.20362 0.18093 0.15621 0.13145 0.10858 0.089442 0.074599 0.063415 0.055215 0.049372 0.045018 0.040976 0.037313 0.034169 0.031681 0.029791 0.028134 0.026544 0.02487 0.022969 0.020595 0.017718 0.014754 0.012091 0.010067 0.0088497 0.0078408 0.0069139 0.0060578 0.0052539 0.0044802 0.0036668 0.0027789 0.0019099 0.0011439 0.00055002 0.00018691 5.9247e-05 1.4149e-06 0 0 0 0 6.2699e-07 2.4626e-06 1.1126e-06 0 0 0 
85.5 0.026445 0.047494 0.10239 0.15931 0.19209 0.25264 0.31864 0.36666 0.40929 0.44947 0.47738 0.48475 0.4724 0.44977 0.42691 0.4137 0.40831 0.40482 0.40431 0.40777 0.41886 0.44902 0.48836 0.52397 0.54298 0.54601 0.54305 0.53434 0.51995 0.4999 0.47479 0.44789 0.42255 0.4021 0.38617 0.37208 0.36035 0.35142 0.34597 0.3443 0.34463 0.34435 0.34128 0.33627 0.33098 0.32376 0.31299 0.2979 0.27955 0.25899 0.23705 0.21458 0.19053 0.16417 0.13777 0.11356 0.093508 0.077868 0.065965 0.05721 0.051023 0.046461 0.042198 0.038348 0.035093 0.03256 0.030648 0.028965 0.02735 0.025653 0.023715 0.021261 0.018278 0.015212 0.012468 0.01039 0.0091382 0.008096 0.0071383 0.0062526 0.0054199 0.0046185 0.0037765 0.0028584 0.001961 0.001171 0.00055983 0.00018859 6.1308e-05 2.6603e-06 0 0 0 0 9.8004e-07 2.7764e-06 1.4165e-06 0 0 0 
86 0.026359 0.047756 0.10517 0.16333 0.19654 0.25879 0.32672 0.37655 0.42089 0.46271 0.49162 0.49908 0.48668 0.46398 0.44106 0.42795 0.42253 0.41888 0.4178 0.42061 0.43198 0.46373 0.50485 0.54177 0.56126 0.5647 0.56205 0.55342 0.53882 0.51822 0.49236 0.46469 0.43869 0.41788 0.40159 0.3871 0.37505 0.36604 0.36078 0.35928 0.35965 0.35924 0.35593 0.35084 0.34565 0.33852 0.32766 0.31235 0.29345 0.27204 0.24909 0.22553 0.20012 0.17212 0.1441 0.11853 0.097573 0.081137 0.068514 0.059206 0.052673 0.047904 0.04342 0.039384 0.036017 0.033439 0.031505 0.029795 0.028155 0.026436 0.024461 0.021927 0.018838 0.015669 0.012845 0.010714 0.0094268 0.0083512 0.0073627 0.0064473 0.0055858 0.0047568 0.0038861 0.002938 0.0020122 0.001198 0.00056964 0.00019028 6.3369e-05 3.9057e-06 0 0 0 0 1.3331e-06 3.0901e-06 1.7205e-06 0 0 0 
86.5 0.026424 0.048221 0.10799 0.16748 0.20132 0.26542 0.33526 0.38683 0.43285 0.47627 0.50606 0.51346 0.50087 0.47797 0.45489 0.44177 0.43615 0.43227 0.43075 0.43315 0.44486 0.47806 0.52076 0.55884 0.57885 0.5829 0.58066 0.57209 0.55727 0.53608 0.50937 0.4808 0.45407 0.43286 0.41624 0.40139 0.38906 0.37998 0.37488 0.37347 0.37381 0.37335 0.36999 0.36493 0.35971 0.35254 0.34166 0.32624 0.30681 0.28453 0.26054 0.23592 0.20926 0.17979 0.15034 0.12355 0.10168 0.084433 0.071084 0.06121 0.054314 0.049324 0.044624 0.040411 0.036932 0.0343 0.032335 0.030592 0.028918 0.027167 0.025146 0.022534 0.01935 0.01609 0.013194 0.011011 0.0096902 0.008583 0.007566 0.006624 0.0057368 0.0048831 0.0039869 0.003012 0.002061 0.0012252 0.00058104 0.00019364 6.5973e-05 5.4069e-06 0 0 0 0 1.6199e-06 3.3556e-06 1.957e-06 6.2047e-10 0 0 
87 0.026755 0.049042 0.1109 0.17187 0.20669 0.27287 0.34461 0.39779 0.44546 0.49036 0.52082 0.52793 0.51489 0.49156 0.46816 0.45484 0.44874 0.44446 0.44277 0.44515 0.45731 0.49172 0.53565 0.57462 0.59522 0.60022 0.59856 0.59006 0.57496 0.55312 0.5254 0.49573 0.46809 0.44646 0.42953 0.4144 0.40186 0.39274 0.38773 0.38629 0.3865 0.38608 0.38301 0.37815 0.37268 0.36526 0.35448 0.33914 0.31922 0.29602 0.27098 0.24533 0.21757 0.18698 0.15643 0.12862 0.10586 0.087777 0.073689 0.063227 0.055936 0.050702 0.045794 0.041421 0.037829 0.035131 0.033118 0.031328 0.029607 0.027804 0.025723 0.023036 0.019777 0.016448 0.013491 0.011262 0.0099095 0.0087738 0.0077326 0.0067688 0.0058615 0.0049885 0.0040719 0.0030763 0.0021055 0.0012526 0.0005952 0.00019992 6.953e-05 7.3569e-06 0 0 0 0 1.7907e-06 3.5364e-06 2.0753e-06 2.3292e-09 0 0 
87.5 0.027085 0.049863 0.11381 0.17625 0.21206 0.28033 0.35396 0.40875 0.45806 0.50445 0.53558 0.54241 0.5289 0.50514 0.48144 0.46792 0.46133 0.45664 0.45479 0.45715 0.46977 0.50538 0.55054 0.5904 0.6116 0.61754 0.61647 0.60803 0.59266 0.57016 0.54143 0.51065 0.4821 0.46006 0.44283 0.4274 0.41466 0.40549 0.40058 0.3991 0.39919 0.3988 0.39604 0.39137 0.38565 0.37798 0.3673 0.35205 0.33163 0.30751 0.28142 0.25475 0.22588 0.19417 0.16251 0.13369 0.11005 0.091122 0.076295 0.065244 0.057559 0.05208 0.046964 0.042431 0.038727 0.035961 0.033901 0.032064 0.030296 0.028442 0.026299 0.023538 0.020205 0.016806 0.013788 0.011514 0.010129 0.0089646 0.0078991 0.0069137 0.0059862 0.0050938 0.004157 0.0031405 0.0021501 0.00128 0.00060937 0.0002062 7.3086e-05 9.3069e-06 0 0 0 0 1.9614e-06 3.7171e-06 2.1937e-06 4.038e-09 0 0 
88 0.027416 0.050684 0.11672 0.18064 0.21743 0.28779 0.36331 0.4197 0.47067 0.51854 0.55034 0.55688 0.54292 0.51873 0.49471 0.48099 0.47392 0.46883 0.46681 0.46914 0.48222 0.51904 0.56543 0.60619 0.62797 0.63486 0.63438 0.626 0.61035 0.58721 0.55746 0.52557 0.49612 0.47365 0.45612 0.4404 0.42746 0.41825 0.41344 0.41192 0.41187 0.41153 0.40906 0.40459 0.39862 0.3907 0.38012 0.36496 0.34404 0.31901 0.29186 0.26416 0.2342 0.20135 0.1686 0.13876 0.11423 0.094467 0.078901 0.067261 0.059182 0.053457 0.048135 0.043441 0.039625 0.036791 0.034684 0.0328 0.030985 0.02908 0.026876 0.024039 0.020632 0.017163 0.014085 0.011765 0.010348 0.0091554 0.0080656 0.0070586 0.0061109 0.0051992 0.004242 0.0032048 0.0021947 0.0013074 0.00062353 0.00021248 7.6642e-05 1.1257e-05 0 0 0 0 2.1321e-06 3.8979e-06 2.312e-06 5.7467e-09 0 0 
88.5 0.027474 0.050767 0.11733 0.18239 0.22024 0.29182 0.36852 0.42584 0.47786 0.52676 0.55945 0.56655 0.55227 0.52732 0.50263 0.48879 0.4819 0.47713 0.47566 0.47858 0.49221 0.52975 0.57706 0.61862 0.64041 0.64677 0.64565 0.63664 0.6204 0.59676 0.56659 0.53431 0.50451 0.48174 0.46386 0.44783 0.43465 0.42533 0.42054 0.41893 0.41872 0.41819 0.41564 0.41127 0.40553 0.39795 0.38787 0.37342 0.35285 0.32778 0.30033 0.27217 0.24148 0.20756 0.17364 0.14282 0.11769 0.097319 0.081111 0.068902 0.060433 0.05451 0.049025 0.044206 0.040299 0.037408 0.035266 0.033352 0.031507 0.029563 0.027309 0.024414 0.020943 0.017411 0.014274 0.011912 0.010475 0.0092668 0.0081638 0.0071441 0.006184 0.0052604 0.0042916 0.0032427 0.0022215 0.001324 0.00063204 0.00021598 7.8213e-05 1.1762e-05 0 0 0 0 2.2108e-06 3.9992e-06 2.3816e-06 2.1379e-08 0 0 
89 0.027344 0.050337 0.11633 0.18233 0.22129 0.29349 0.37086 0.42863 0.48129 0.53093 0.56464 0.57289 0.55838 0.53244 0.50685 0.49295 0.48667 0.48273 0.4823 0.48624 0.50049 0.53842 0.58643 0.62873 0.65012 0.65492 0.65231 0.64218 0.62513 0.60111 0.57092 0.53876 0.50901 0.486 0.46774 0.45138 0.43795 0.42847 0.42365 0.42191 0.42152 0.42065 0.41774 0.41341 0.40823 0.40141 0.39211 0.37879 0.35915 0.33467 0.30742 0.27922 0.24803 0.21308 0.17795 0.14618 0.12066 0.09983 0.083047 0.070282 0.061425 0.055336 0.049722 0.044801 0.040818 0.037876 0.035708 0.033777 0.031913 0.029939 0.027644 0.024701 0.021175 0.017583 0.014389 0.011988 0.010538 0.0093232 0.0082144 0.0071884 0.0062213 0.005291 0.0043165 0.0032622 0.0022358 0.0013331 0.00063661 0.00021754 7.8408e-05 1.1265e-05 0 0 0 0 2.2257e-06 4.0454e-06 2.4174e-06 4.6667e-08 0 0 
89.5 0.027214 0.049908 0.11533 0.18226 0.22234 0.29515 0.3732 0.43142 0.48472 0.53509 0.56984 0.57923 0.5645 0.53757 0.51106 0.4971 0.49144 0.48833 0.48894 0.49389 0.50878 0.54709 0.59579 0.63883 0.65983 0.66308 0.65897 0.64773 0.62987 0.60547 0.57526 0.54321 0.51351 0.49026 0.47162 0.45494 0.44125 0.43162 0.42676 0.4249 0.42432 0.4231 0.41985 0.41555 0.41094 0.40486 0.39635 0.38416 0.36545 0.34155 0.31452 0.28626 0.25459 0.2186 0.18227 0.14954 0.12362 0.10234 0.084983 0.071661 0.062418 0.056162 0.050419 0.045396 0.041336 0.038345 0.03615 0.034202 0.032319 0.030315 0.027978 0.024987 0.021406 0.017755 0.014503 0.012063 0.010601 0.0093795 0.0082651 0.0072327 0.0062587 0.0053217 0.0043414 0.0032818 0.0022502 0.0013423 0.00064118 0.00021911 7.8602e-05 1.0767e-05 0 0 0 0 2.2406e-06 4.0916e-06 2.4532e-06 7.1955e-08 0 0 
90 0.027084 0.049479 0.11434 0.18219 0.22339 0.29681 0.37554 0.43421 0.48815 0.53926 0.57503 0.58557 0.57061 0.5427 0.51528 0.50126 0.4962 0.49393 0.49559 0.50155 0.51706 0.55575 0.60516 0.64894 0.66954 0.67124 0.66563 0.65328 0.63461 0.60982 0.57959 0.54766 0.518 0.49452 0.47551 0.45849 0.44455 0.43476 0.42987 0.42789 0.42712 0.42556 0.42196 0.41769 0.41364 0.40832 0.40059 0.38954 0.37175 0.34844 0.32161 0.2933 0.26115 0.22411 0.18658 0.1529 0.12659 0.10485 0.086919 0.073041 0.063411 0.056989 0.051115 0.045991 0.041855 0.038814 0.036591 0.034626 0.032725 0.030691 0.028313 0.025273 0.021637 0.017926 0.014618 0.012138 0.010664 0.0094359 0.0083157 0.007277 0.0062961 0.0053523 0.0043663 0.0033013 0.0022646 0.0013514 0.00064576 0.00022068 7.8797e-05 1.027e-05 0 0 0 0 2.2555e-06 4.1378e-06 2.489e-06 9.7244e-08 0 0 
90.5 0.026792 0.049435 0.11526 0.18203 0.22268 0.29647 0.37448 0.43236 0.48548 0.5356 0.57021 0.57949 0.56367 0.53562 0.50864 0.49507 0.48998 0.48767 0.48932 0.49537 0.51137 0.55014 0.5991 0.64209 0.66183 0.66336 0.65795 0.64602 0.6275 0.6025 0.57205 0.53999 0.51029 0.48687 0.46777 0.45064 0.43663 0.42686 0.422 0.41974 0.41854 0.4167 0.41309 0.40876 0.40447 0.39918 0.39199 0.38178 0.36486 0.34248 0.31665 0.2893 0.25801 0.22191 0.18528 0.15237 0.1266 0.10508 0.08715 0.073158 0.063415 0.056919 0.051024 0.045917 0.04181 0.038788 0.036567 0.034604 0.032709 0.030682 0.028302 0.025243 0.021593 0.01788 0.014576 0.012093 0.010595 0.0093429 0.0082077 0.0071631 0.0061836 0.0052461 0.0042675 0.0032138 0.0021917 0.0012956 0.00060863 0.00020282 7.6159e-05 1.5091e-05 2.8873e-06 8.3394e-07 1.7347e-07 2.4437e-07 2.2683e-06 3.763e-06 2.2347e-06 7.9752e-08 0 0 
91 0.026463 0.049476 0.11662 0.18184 0.22158 0.29569 0.37266 0.42949 0.48146 0.53021 0.56317 0.57064 0.55383 0.52582 0.49959 0.48659 0.48132 0.47878 0.48018 0.48611 0.50257 0.54136 0.58963 0.63146 0.65025 0.65191 0.64709 0.63592 0.61775 0.59259 0.56187 0.52964 0.49987 0.47658 0.45744 0.44025 0.4262 0.41651 0.41169 0.40911 0.40742 0.40532 0.40178 0.39737 0.39267 0.38724 0.38053 0.3711 0.35505 0.33367 0.309 0.28283 0.25271 0.21799 0.18273 0.15098 0.12597 0.10481 0.087002 0.072994 0.0632 0.05665 0.050759 0.045695 0.041639 0.038653 0.03644 0.034482 0.032598 0.030588 0.028214 0.025143 0.021488 0.017785 0.014498 0.012022 0.010497 0.0092167 0.0080643 0.0070141 0.0060379 0.0051094 0.0041411 0.0031025 0.0020995 0.0012255 0.00056223 0.00018065 7.2893e-05 2.1093e-05 6.4164e-06 1.8532e-06 3.855e-07 5.4305e-07 2.2806e-06 3.2945e-06 1.916e-06 5.2752e-08 0 0 
91.5 0.026135 0.049518 0.11798 0.18166 0.22048 0.2949 0.37084 0.42662 0.47744 0.52482 0.55613 0.5618 0.54399 0.51602 0.49054 0.47811 0.47266 0.46988 0.47105 0.47686 0.49377 0.53258 0.58015 0.62084 0.63867 0.64046 0.63622 0.62583 0.60801 0.58268 0.55168 0.51928 0.48945 0.46628 0.44711 0.42985 0.41578 0.40615 0.40139 0.39849 0.39631 0.39395 0.39048 0.38598 0.38087 0.3753 0.36907 0.36042 0.34523 0.32486 0.30135 0.27637 0.24741 0.21407 0.18017 0.1496 0.12533 0.10453 0.086854 0.07283 0.062984 0.056381 0.050493 0.045472 0.041468 0.038518 0.036312 0.03436 0.032488 0.030493 0.028127 0.025043 0.021383 0.01769 0.014421 0.011951 0.010398 0.0090905 0.007921 0.0068651 0.0058921 0.0049727 0.0040148 0.0029912 0.0020072 0.0011553 0.00051583 0.00015848 6.9626e-05 2.7095e-05 9.9455e-06 2.8725e-06 5.9753e-07 8.4174e-07 2.2929e-06 2.8261e-06 1.5973e-06 2.5752e-08 0 0 
92 0.025785 0.04948 0.11905 0.18115 0.21904 0.29363 0.36846 0.42315 0.4728 0.5188 0.54847 0.55241 0.53373 0.50587 0.48113 0.46924 0.4636 0.46057 0.46147 0.46713 0.48441 0.52318 0.57002 0.60957 0.62651 0.6285 0.62488 0.61524 0.59781 0.57235 0.54114 0.50861 0.47875 0.4557 0.43651 0.41918 0.40506 0.39548 0.39077 0.38755 0.38489 0.38227 0.37885 0.37427 0.36879 0.36311 0.35735 0.34948 0.33517 0.31583 0.29351 0.26973 0.24196 0.21002 0.17751 0.14811 0.12462 0.1042 0.086671 0.072646 0.062754 0.056101 0.050219 0.045243 0.041288 0.038372 0.036175 0.034229 0.032369 0.03039 0.02803 0.024935 0.02127 0.017587 0.014335 0.011871 0.010296 0.008964 0.00778 0.0067201 0.0057512 0.0048412 0.0038935 0.0028845 0.0019189 0.0010881 0.00047139 0.00013709 6.618e-05 3.2472e-05 1.3149e-05 3.7977e-06 7.8997e-07 1.1128e-06 2.2816e-06 2.3666e-06 1.2837e-06 0 0 0 
92.5 0.025005 0.047811 0.11441 0.17396 0.21053 0.28236 0.35456 0.40744 0.45545 0.49976 0.52808 0.53194 0.51475 0.48841 0.46438 0.45233 0.44636 0.4428 0.44291 0.44763 0.46368 0.50095 0.54624 0.5849 0.60255 0.60598 0.60352 0.59469 0.57815 0.55361 0.52329 0.49148 0.46217 0.43938 0.42019 0.40263 0.3882 0.3784 0.37365 0.37027 0.3673 0.36425 0.3605 0.356 0.35096 0.34574 0.34035 0.33312 0.32004 0.30226 0.28159 0.2594 0.23336 0.20325 0.17254 0.14469 0.12233 0.10275 0.085775 0.072042 0.062222 0.055579 0.049774 0.044866 0.04094 0.038018 0.035822 0.033904 0.032067 0.030099 0.027748 0.024667 0.021009 0.017322 0.014068 0.011629 0.010113 0.0088319 0.007688 0.0066574 0.0057097 0.0048149 0.0038775 0.0028745 0.0019124 0.0010836 0.00046724 0.00013187 5.9028e-05 2.4936e-05 9.6196e-06 2.7784e-06 5.7795e-07 8.1416e-07 1.7827e-06 2.0903e-06 1.0754e-06 0 0 0 
93 0.024225 0.046143 0.10976 0.16677 0.20202 0.27109 0.34066 0.39173 0.43809 0.48072 0.50769 0.51146 0.49577 0.47095 0.44764 0.43543 0.42912 0.42503 0.42435 0.42812 0.44294 0.47873 0.52247 0.56023 0.57859 0.58346 0.58216 0.57414 0.55849 0.53486 0.50543 0.47436 0.44559 0.42306 0.40388 0.38609 0.37135 0.36132 0.35653 0.35298 0.34971 0.34623 0.34215 0.33773 0.33314 0.32837 0.32334 0.31677 0.30491 0.28869 0.26966 0.24907 0.22475 0.19649 0.16757 0.14127 0.12005 0.1013 0.084878 0.071438 0.06169 0.055057 0.049329 0.04449 0.040591 0.037664 0.03547 0.033578 0.031765 0.029808 0.027466 0.024399 0.020747 0.017057 0.013801 0.011386 0.009929 0.0086999 0.0075959 0.0065947 0.0056682 0.0047887 0.0038615 0.0028645 0.0019059 0.001079 0.0004631 0.00012665 5.1876e-05 1.74e-05 6.0908e-06 1.7592e-06 3.6594e-07 5.1549e-07 1.2838e-06 1.814e-06 8.6707e-07 0 0 0 
93.5 0.023444 0.044474 0.10511 0.15958 0.19351 0.25982 0.32677 0.37602 0.42074 0.46167 0.48731 0.49098 0.47678 0.45349 0.43089 0.41852 0.41187 0.40726 0.40579 0.40862 0.42221 0.45651 0.4987 0.53556 0.55463 0.56094 0.5608 0.55359 0.53884 0.51612 0.48758 0.45724 0.429 0.40673 0.38756 0.36954 0.3545 0.34425 0.33942 0.33569 0.33211 0.3282 0.32381 0.31946 0.31532 0.31101 0.30633 0.30042 0.28979 0.27513 0.25774 0.23873 0.21615 0.18972 0.1626 0.13784 0.11776 0.099851 0.083981 0.070835 0.061159 0.054535 0.048885 0.044114 0.040243 0.037309 0.035118 0.033252 0.031464 0.029517 0.027184 0.024131 0.020485 0.016792 0.013534 0.011143 0.0097454 0.0085678 0.0075039 0.006532 0.0056266 0.0047624 0.0038454 0.0028545 0.0018993 0.0010745 0.00045896 0.00012144 4.4724e-05 9.8634e-06 2.5619e-06 7.3995e-07 1.5392e-07 2.1683e-07 7.8488e-07 1.5377e-06 6.5877e-07 0 0 0 
94 0.022793 0.043022 0.10096 0.15319 0.18596 0.24963 0.31405 0.36169 0.40508 0.44474 0.46938 0.473 0.46002 0.43808 0.41622 0.40378 0.39678 0.39166 0.38943 0.39134 0.40367 0.43654 0.47744 0.51367 0.53336 0.54088 0.5419 0.53564 0.52183 0.49996 0.47222 0.44254 0.41479 0.39275 0.37359 0.35536 0.34003 0.32958 0.3247 0.32079 0.31693 0.31272 0.30813 0.30386 0.30002 0.29602 0.29162 0.28624 0.27665 0.26334 0.24738 0.22974 0.20867 0.18391 0.15842 0.13505 0.11597 0.098783 0.083385 0.070476 0.060834 0.054176 0.048563 0.043839 0.039992 0.037055 0.034863 0.033018 0.031249 0.029309 0.026979 0.023927 0.020276 0.016569 0.013302 0.010926 0.0095726 0.0084344 0.0074022 0.0064546 0.0055675 0.0047175 0.0038112 0.0028289 0.0018808 0.0010619 0.00045073 0.00011589 3.9342e-05 4.7793e-06 0 0 0 0 4.2368e-07 1.3008e-06 4.7683e-07 0 0 0 
94.5 0.022485 0.042142 0.09812 0.14891 0.18096 0.24231 0.30447 0.35103 0.39395 0.43338 0.45799 0.46162 0.44914 0.4281 0.40709 0.39476 0.38741 0.38178 0.37892 0.37993 0.39094 0.42256 0.46286 0.49914 0.51921 0.52737 0.5295 0.52455 0.51184 0.49066 0.46348 0.43425 0.40683 0.38498 0.36584 0.34743 0.33189 0.3213 0.31635 0.31223 0.30816 0.30394 0.29955 0.29534 0.29141 0.28736 0.28301 0.27783 0.2688 0.25627 0.24114 0.2243 0.20419 0.18063 0.15633 0.13395 0.11549 0.098727 0.083584 0.070767 0.061057 0.054248 0.048567 0.043832 0.039998 0.037065 0.034866 0.033027 0.031264 0.029322 0.026977 0.023894 0.020206 0.016459 0.01316 0.010775 0.0094285 0.0082974 0.0072752 0.006338 0.0054616 0.0046234 0.0037289 0.0027618 0.0018305 0.0010279 0.00043169 0.00010948 3.8651e-05 6.1919e-06 0 0 0 0 4.2736e-07 1.1682e-06 3.6469e-07 0 0 0 
95 0.022177 0.041262 0.095284 0.14464 0.17597 0.23498 0.29489 0.34038 0.38282 0.42202 0.44659 0.45025 0.43825 0.41812 0.39796 0.38574 0.37804 0.3719 0.36842 0.36853 0.37821 0.40858 0.44829 0.48461 0.50507 0.51386 0.51711 0.51347 0.50185 0.48136 0.45474 0.42596 0.39888 0.37721 0.35808 0.33951 0.32376 0.31302 0.308 0.30368 0.29938 0.29516 0.29096 0.28683 0.2828 0.27869 0.2744 0.26941 0.26094 0.24919 0.23491 0.21886 0.19971 0.17735 0.15424 0.13285 0.11502 0.098671 0.083784 0.071058 0.06128 0.05432 0.048571 0.043825 0.040005 0.037074 0.034869 0.033036 0.031279 0.029335 0.026976 0.023861 0.020135 0.016348 0.013019 0.010625 0.0092844 0.0081604 0.0071482 0.0062213 0.0053558 0.0045292 0.0036466 0.0026948 0.0017802 0.00099393 0.00041264 0.00010306 3.796e-05 7.6044e-06 0 0 0 0 4.3104e-07 1.0356e-06 2.5255e-07 0 0 0 
95.5 0.021869 0.040382 0.092448 0.14036 0.17097 0.22766 0.2853 0.32972 0.37169 0.41067 0.4352 0.43887 0.42737 0.40814 0.38883 0.37673 0.36867 0.36202 0.35791 0.35712 0.36548 0.3946 0.43371 0.47007 0.49092 0.50035 0.50471 0.50239 0.49187 0.47206 0.44601 0.41767 0.39092 0.36944 0.35033 0.33159 0.31562 0.30474 0.29964 0.29512 0.2906 0.28639 0.28237 0.27831 0.27419 0.27002 0.26579 0.261 0.25309 0.24212 0.22867 0.21342 0.19523 0.17406 0.15215 0.13174 0.11454 0.098615 0.083983 0.071349 0.061503 0.054392 0.048575 0.043818 0.040011 0.037084 0.034872 0.033044 0.031294 0.029348 0.026974 0.023828 0.020065 0.016238 0.012877 0.010475 0.0091403 0.0080233 0.0070211 0.0061047 0.0052499 0.0044351 0.0035643 0.0026278 0.0017299 0.00095996 0.0003936 9.6647e-05 3.7269e-05 9.017e-06 0 0 0 0 4.3472e-07 9.0293e-07 1.4041e-07 0 0 0 
96 0.021701 0.039878 0.091086 0.13843 0.16858 0.22393 0.2807 0.32493 0.36705 0.40644 0.43159 0.43584 0.42477 0.40591 0.38683 0.37466 0.36643 0.35946 0.35491 0.3536 0.36132 0.39006 0.42922 0.46596 0.48733 0.49727 0.50237 0.50083 0.49089 0.47134 0.44539 0.41705 0.39024 0.36863 0.34935 0.33032 0.31406 0.30295 0.29768 0.293 0.28834 0.28408 0.28009 0.27603 0.27188 0.2677 0.26348 0.25877 0.25118 0.24067 0.22768 0.2128 0.195 0.17432 0.15289 0.13283 0.11577 0.099846 0.085144 0.072387 0.062349 0.055018 0.049059 0.044229 0.040391 0.037435 0.035192 0.033343 0.031578 0.029617 0.027216 0.024018 0.020191 0.016303 0.012896 0.010475 0.0091424 0.0080258 0.0070238 0.0061064 0.0052499 0.0044332 0.003559 0.0026202 0.0017211 0.00095109 0.00038647 9.3537e-05 3.5965e-05 8.4305e-06 0 0 0 0 4.062e-07 8.363e-07 7.4933e-08 0 0 0 
96.5 0.021671 0.039748 0.091192 0.13885 0.16877 0.22377 0.28107 0.32599 0.36889 0.40932 0.43574 0.44113 0.43043 0.4114 0.39193 0.37952 0.3713 0.3642 0.35938 0.35793 0.36569 0.39492 0.43477 0.47223 0.49426 0.50458 0.51004 0.50876 0.49889 0.47916 0.45286 0.42408 0.3968 0.37475 0.35512 0.33568 0.31905 0.30761 0.30209 0.29729 0.29256 0.2882 0.28408 0.27997 0.27586 0.2717 0.26746 0.26271 0.2552 0.24481 0.23191 0.21698 0.19901 0.1781 0.15643 0.13611 0.1187 0.10236 0.087261 0.07417 0.063815 0.056194 0.050021 0.045057 0.041141 0.038126 0.035826 0.03393 0.032131 0.030141 0.027699 0.024431 0.020514 0.016542 0.013074 0.010625 0.0092901 0.0081671 0.0071555 0.0062258 0.0053551 0.0045233 0.0036305 0.0026719 0.0017537 0.00096722 0.00039121 9.3717e-05 3.4052e-05 5.8533e-06 0 0 0 0 3.4561e-07 8.3538e-07 5.5908e-08 0 0 0 
97 0.021641 0.039618 0.091297 0.13926 0.16895 0.22362 0.28144 0.32704 0.37072 0.41219 0.43988 0.44642 0.43609 0.4169 0.39704 0.38437 0.37616 0.36894 0.36385 0.36226 0.37006 0.39979 0.44032 0.4785 0.50119 0.51189 0.51771 0.5167 0.50689 0.48698 0.46033 0.43112 0.40336 0.38087 0.3609 0.34105 0.32403 0.31227 0.3065 0.30157 0.29679 0.29232 0.28807 0.28391 0.27983 0.2757 0.27143 0.26665 0.25921 0.24895 0.23613 0.22115 0.20302 0.18188 0.15997 0.13938 0.12163 0.10487 0.089379 0.075952 0.065282 0.057371 0.050983 0.045885 0.041891 0.038817 0.036461 0.034517 0.032684 0.030665 0.028182 0.024843 0.020837 0.016782 0.013252 0.010776 0.0094378 0.0083084 0.0072873 0.0063453 0.0054603 0.0046134 0.0037019 0.0027236 0.0017862 0.00098336 0.00039596 9.3897e-05 3.2138e-05 3.2761e-06 0 0 0 0 2.8503e-07 8.3445e-07 3.6884e-08 0 0 0 
97.5 0.021611 0.039488 0.091403 0.13967 0.16914 0.22347 0.2818 0.3281 0.37256 0.41507 0.44402 0.4517 0.44175 0.42239 0.40214 0.38923 0.38102 0.37368 0.36832 0.36659 0.37443 0.40465 0.44587 0.48477 0.50812 0.5192 0.52537 0.52463 0.5149 0.4948 0.4678 0.43815 0.40992 0.38699 0.36667 0.34641 0.32902 0.31693 0.31091 0.30586 0.30101 0.29645 0.29206 0.28784 0.2838 0.2797 0.27541 0.27058 0.26323 0.25309 0.24036 0.22533 0.20702 0.18566 0.16351 0.14266 0.12456 0.10738 0.091497 0.077735 0.066748 0.058547 0.051944 0.046712 0.042641 0.039509 0.037095 0.035104 0.033237 0.031189 0.028666 0.025256 0.02116 0.017021 0.013431 0.010926 0.0095854 0.0084498 0.0074191 0.0064647 0.0055655 0.0047034 0.0037734 0.0027753 0.0018188 0.00099949 0.0004007 9.4077e-05 3.0224e-05 6.9899e-07 0 0 0 0 2.2444e-07 8.3352e-07 1.786e-08 0 0 0 
98 0.02184 0.04073 0.096778 0.14685 0.17847 0.2375 0.29887 0.34714 0.39364 0.43775 0.46722 0.4742 0.46263 0.44172 0.42062 0.4078 0.39971 0.3928 0.3882 0.38756 0.39788 0.43108 0.47458 0.51451 0.53731 0.54764 0.55247 0.55003 0.53849 0.51676 0.48841 0.45766 0.42861 0.40507 0.38398 0.36317 0.34544 0.33323 0.32713 0.32201 0.31714 0.31253 0.30808 0.30385 0.29982 0.29573 0.29142 0.28642 0.27865 0.26789 0.25435 0.23827 0.21858 0.1957 0.17203 0.14982 0.13057 0.11223 0.095252 0.080552 0.068894 0.060223 0.0533 0.047867 0.04368 0.040479 0.038013 0.03597 0.034043 0.031918 0.029286 0.025729 0.021492 0.017238 0.013578 0.011065 0.0097234 0.008577 0.0075337 0.0065647 0.0056496 0.0047708 0.003818 0.0027987 0.0018244 0.00099295 0.00038963 8.7865e-05 2.702e-05 0 0 0 0 0 3.1882e-07 9.0542e-07 1.2286e-07 0 0 0 
98.5 0.022165 0.042484 0.10411 0.15655 0.1912 0.2568 0.32214 0.37287 0.42189 0.4678 0.49751 0.50311 0.48919 0.46619 0.44407 0.43147 0.42355 0.41727 0.41383 0.41472 0.42845 0.46553 0.51192 0.553 0.57478 0.58394 0.5868 0.58194 0.56789 0.54398 0.5139 0.48182 0.45182 0.42761 0.40558 0.38417 0.36611 0.35386 0.34774 0.34258 0.3377 0.33306 0.32857 0.32435 0.32033 0.31624 0.31191 0.30668 0.29831 0.28667 0.27197 0.25447 0.23295 0.20808 0.18239 0.15844 0.13773 0.11795 0.099618 0.083755 0.071293 0.062085 0.054802 0.049144 0.044825 0.041554 0.039035 0.036939 0.034944 0.032724 0.029959 0.026226 0.021829 0.017447 0.013713 0.0112 0.0098578 0.008699 0.0076418 0.0066574 0.0057258 0.0048298 0.0038525 0.0028115 0.00182 0.00097796 0.00037269 7.9273e-05 2.3337e-05 0 0 0 0 0 4.7087e-07 1.0044e-06 2.7402e-07 0 0 0 
99 0.02249 0.044237 0.11145 0.16626 0.20392 0.27611 0.34542 0.39861 0.45014 0.49785 0.5278 0.53201 0.51574 0.49066 0.46753 0.45515 0.44738 0.44174 0.43945 0.44189 0.45901 0.49998 0.54925 0.59148 0.61225 0.62025 0.62113 0.61385 0.59729 0.57121 0.5394 0.50598 0.47502 0.45015 0.42718 0.40516 0.38679 0.37449 0.36836 0.36314 0.35825 0.35359 0.34907 0.34485 0.34083 0.33675 0.3324 0.32694 0.31798 0.30544 0.28959 0.27067 0.24732 0.22045 0.19275 0.16705 0.14488 0.12367 0.10398 0.086958 0.073692 0.063946 0.056304 0.050421 0.045971 0.042628 0.040058 0.037908 0.035845 0.033529 0.030631 0.026722 0.022165 0.017656 0.013848 0.011334 0.0099922 0.008821 0.00775 0.0067502 0.005802 0.0048889 0.0038871 0.0028243 0.0018156 0.00096298 0.00035575 7.0681e-05 1.9653e-05 0 0 0 0 0 6.2292e-07 1.1034e-06 4.2518e-07 0 0 0 
99.5 0.022815 0.04599 0.11878 0.17596 0.21665 0.29542 0.36869 0.42434 0.47838 0.5279 0.55809 0.56092 0.5423 0.51513 0.49098 0.47882 0.47122 0.46621 0.46508 0.46905 0.48958 0.53443 0.58659 0.62997 0.64973 0.65655 0.65546 0.64576 0.62669 0.59843 0.56489 0.53015 0.49823 0.47269 0.44878 0.42616 0.40746 0.39512 0.38897 0.3837 0.37881 0.37413 0.36957 0.36534 0.36134 0.35726 0.3529 0.3472 0.33764 0.32421 0.3072 0.28686 0.26169 0.23283 0.20312 0.17566 0.15204 0.12939 0.10835 0.090161 0.076091 0.065808 0.057806 0.051698 0.047117 0.043703 0.041081 0.038878 0.036745 0.034334 0.031303 0.027219 0.022501 0.017865 0.013984 0.011469 0.010127 0.0089429 0.0078582 0.0068429 0.0058783 0.0049479 0.0039216 0.0028371 0.0018112 0.000948 0.0003388 6.2089e-05 1.5969e-05 0 0 0 0 0 7.7497e-07 1.2024e-06 5.7634e-07 0 0 0 
100 0.024397 0.04834 0.12104 0.17977 0.22309 0.30434 0.37822 0.43442 0.48924 0.53862 0.56779 0.56932 0.54981 0.52212 0.4977 0.48536 0.47748 0.47239 0.4713 0.47536 0.49688 0.54316 0.59678 0.64091 0.66058 0.66758 0.66667 0.65692 0.63739 0.60851 0.5745 0.53937 0.50712 0.48107 0.45641 0.43319 0.41412 0.40143 0.39472 0.38897 0.38386 0.37916 0.37462 0.37047 0.36664 0.36279 0.35858 0.35301 0.3437 0.33039 0.31324 0.29253 0.26703 0.23794 0.208 0.18024 0.15608 0.13275 0.11098 0.092049 0.0772 0.066297 0.057993 0.051777 0.04719 0.043787 0.041193 0.03902 0.036897 0.034462 0.031364 0.027192 0.022411 0.017746 0.013873 0.011401 0.010077 0.0088987 0.0078196 0.0068118 0.0058547 0.0049271 0.0038975 0.0028111 0.0017873 0.00092959 0.00032814 5.9607e-05 1.3502e-05 0 0 0 0 0 7.5764e-07 1.1816e-06 5.5967e-07 0 0 0 
100.5 0.026039 0.050718 0.12306 0.18331 0.22923 0.31276 0.3871 0.44375 0.49926 0.54843 0.57652 0.57675 0.55642 0.52827 0.50362 0.49107 0.48291 0.47769 0.47659 0.48068 0.50307 0.55066 0.60568 0.65055 0.67016 0.67742 0.67679 0.66709 0.64721 0.61777 0.58335 0.54789 0.51533 0.48878 0.46338 0.43956 0.4201 0.40706 0.39976 0.39351 0.38817 0.38347 0.37894 0.37487 0.37123 0.3676 0.36357 0.35813 0.34912 0.33596 0.31873 0.2977 0.27194 0.2427 0.21262 0.18463 0.15997 0.13599 0.11353 0.093874 0.078246 0.066721 0.058116 0.051799 0.047212 0.043825 0.041261 0.039123 0.037013 0.034557 0.031396 0.027141 0.0223 0.017612 0.01375 0.011324 0.010018 0.0088465 0.007774 0.0067748 0.0058265 0.0049025 0.0038705 0.0027833 0.0017623 0.00091102 0.00031777 5.7416e-05 1.1093e-05 0 0 0 0 0 7.3225e-07 1.155e-06 5.3501e-07 0 0 0 
101 0.02768 0.053096 0.12508 0.18684 0.23537 0.32119 0.39597 0.45308 0.50929 0.55823 0.58525 0.58418 0.56303 0.53442 0.50954 0.49679 0.48834 0.48299 0.48188 0.486 0.50926 0.55816 0.61459 0.66018 0.67974 0.68725 0.68691 0.67726 0.65702 0.62703 0.5922 0.55641 0.52353 0.49648 0.47034 0.44592 0.42608 0.4127 0.4048 0.39805 0.39249 0.38777 0.38326 0.37927 0.37581 0.37242 0.36855 0.36325 0.35454 0.34153 0.32422 0.30286 0.27685 0.24747 0.21725 0.18902 0.16386 0.13923 0.11608 0.095698 0.079293 0.067144 0.058239 0.051821 0.047234 0.043862 0.041329 0.039226 0.037128 0.034652 0.031428 0.027089 0.02219 0.017477 0.013627 0.011247 0.0099598 0.0087944 0.0077284 0.0067378 0.0057982 0.0048779 0.0038435 0.0027555 0.0017374 0.00089244 0.00030741 5.5225e-05 8.6842e-06 0 0 0 0 0 7.0685e-07 1.1285e-06 5.1035e-07 0 0 0 
101.5 0.028766 0.054494 0.12543 0.18781 0.23775 0.32434 0.39886 0.45586 0.51222 0.56079 0.58707 0.58539 0.56398 0.53529 0.51033 0.49738 0.48872 0.48326 0.4821 0.48613 0.50955 0.55885 0.61592 0.66195 0.6817 0.68952 0.68957 0.68022 0.66005 0.62997 0.59505 0.55917 0.52616 0.49879 0.47227 0.44753 0.42744 0.41371 0.40528 0.39811 0.39235 0.38762 0.38312 0.37918 0.37587 0.3727 0.36901 0.36386 0.35552 0.34285 0.32576 0.30443 0.27855 0.24945 0.21952 0.19144 0.16616 0.14128 0.11779 0.096974 0.079999 0.067345 0.058208 0.051724 0.047152 0.043797 0.041285 0.039215 0.03714 0.034664 0.031411 0.027026 0.02209 0.01736 0.013515 0.011163 0.009895 0.0087391 0.0076815 0.0066998 0.0057688 0.0048534 0.00382 0.0027334 0.0017191 0.00087962 0.00030059 5.3341e-05 6.3905e-06 0 0 0 0 0 6.5277e-07 1.0852e-06 4.7522e-07 0 0 0 
102 0.027371 0.051524 0.11831 0.17732 0.22336 0.30398 0.37506 0.42948 0.48356 0.53105 0.55812 0.55884 0.53977 0.51265 0.48829 0.47515 0.4666 0.4611 0.4597 0.46313 0.48357 0.52927 0.58352 0.62869 0.6497 0.6581 0.65902 0.65109 0.63291 0.60472 0.57118 0.53629 0.50391 0.47708 0.45176 0.42793 0.40814 0.39415 0.38545 0.37821 0.3724 0.36764 0.36313 0.35911 0.35579 0.35277 0.34929 0.34439 0.33672 0.32525 0.3097 0.29001 0.26597 0.23906 0.21132 0.18511 0.16136 0.138 0.11576 0.095801 0.079188 0.066551 0.057485 0.051099 0.046607 0.043274 0.040743 0.0387 0.03669 0.03431 0.031178 0.026912 0.022037 0.017321 0.013452 0.011051 0.0098019 0.0086698 0.0076283 0.0066574 0.0057347 0.0048298 0.003812 0.0027372 0.00173 0.00089241 0.00030959 5.2823e-05 4.6102e-06 0 0 0 0 0 4.7092e-07 9.6737e-07 3.9343e-07 0 0 0 
102.5 0.025977 0.048555 0.11119 0.16682 0.20898 0.28362 0.35126 0.4031 0.4549 0.50132 0.52917 0.5323 0.51555 0.49002 0.46624 0.45293 0.44448 0.43894 0.4373 0.44014 0.4576 0.49968 0.55112 0.59543 0.6177 0.62667 0.62847 0.62195 0.60576 0.57946 0.5473 0.51341 0.48166 0.45536 0.43125 0.40833 0.38885 0.3746 0.36563 0.35832 0.35244 0.34766 0.34314 0.33903 0.33571 0.33284 0.32958 0.32493 0.31792 0.30766 0.29365 0.27558 0.2534 0.22866 0.20313 0.17878 0.15657 0.13472 0.11373 0.094628 0.078376 0.065756 0.056762 0.050473 0.046062 0.04275 0.040202 0.038185 0.03624 0.033955 0.030945 0.026798 0.021985 0.017281 0.013388 0.010938 0.0097088 0.0086005 0.0075752 0.0066151 0.0057005 0.0048061 0.003804 0.002741 0.0017409 0.00090521 0.00031859 5.2306e-05 2.8299e-06 0 0 0 0 0 2.8906e-07 8.4956e-07 3.1165e-07 0 0 0 
103 0.024582 0.045585 0.10407 0.15633 0.19459 0.26326 0.32746 0.37672 0.42624 0.47159 0.50022 0.50576 0.49134 0.46738 0.4442 0.4307 0.42236 0.41678 0.4149 0.41715 0.43162 0.47009 0.51872 0.56217 0.58571 0.59525 0.59792 0.59282 0.57862 0.55421 0.52343 0.49053 0.45942 0.43364 0.41075 0.38873 0.36956 0.35504 0.34581 0.33843 0.33249 0.32768 0.32315 0.31896 0.31563 0.31291 0.30986 0.30546 0.29911 0.29006 0.2776 0.26115 0.24082 0.21826 0.19494 0.17244 0.15177 0.13143 0.1117 0.093455 0.077564 0.064962 0.056039 0.049847 0.045518 0.042227 0.03966 0.037669 0.035791 0.033601 0.030712 0.026685 0.021932 0.017242 0.013325 0.010826 0.0096158 0.0085313 0.0075221 0.0065727 0.0056664 0.0047824 0.0037961 0.0027448 0.0017518 0.000918 0.00032759 5.1788e-05 1.0495e-06 0 0 0 0 0 1.0721e-07 7.3176e-07 2.2987e-07 0 0 0 
103.5 0.023487 0.043336 0.098896 0.14862 0.18411 0.24843 0.30994 0.35729 0.4051 0.44956 0.47853 0.48558 0.47283 0.45011 0.4275 0.41401 0.40583 0.40014 0.39789 0.39953 0.41183 0.44762 0.4941 0.53675 0.56108 0.57112 0.57459 0.57066 0.55799 0.53504 0.50538 0.47333 0.44279 0.41744 0.39534 0.37388 0.35491 0.34026 0.33096 0.32365 0.31772 0.31289 0.30835 0.30404 0.3006 0.29787 0.29487 0.29058 0.28463 0.27634 0.26494 0.2497 0.23077 0.20979 0.18804 0.16692 0.14742 0.12826 0.10955 0.092091 0.076667 0.064269 0.055489 0.049397 0.045125 0.041848 0.039268 0.037286 0.035441 0.033309 0.030506 0.026574 0.02188 0.017214 0.013296 0.010777 0.009587 0.0085223 0.0075246 0.0065808 0.0056769 0.0047962 0.0038193 0.0027773 0.0017896 0.00095449 0.00035349 5.5988e-05 0 0 0 0 0 0 0 7.2914e-07 2.2394e-07 0 0 0 
104 0.022821 0.042123 0.096517 0.14489 0.17923 0.24154 0.30144 0.34782 0.39478 0.43859 0.46729 0.47453 0.46252 0.44055 0.41848 0.4053 0.39732 0.39142 0.38861 0.38962 0.40091 0.43537 0.48065 0.52259 0.54704 0.55747 0.56161 0.5585 0.54672 0.52458 0.49569 0.4643 0.43424 0.40914 0.38727 0.36587 0.34692 0.33234 0.32328 0.31621 0.31039 0.30558 0.30099 0.29653 0.29285 0.28986 0.28668 0.28231 0.27634 0.26819 0.25715 0.24253 0.22435 0.20408 0.18302 0.16255 0.1437 0.12523 0.10723 0.090451 0.075646 0.063722 0.05519 0.049201 0.04495 0.041676 0.039091 0.037093 0.035234 0.033107 0.03034 0.026468 0.021826 0.017202 0.013316 0.01082 0.0096508 0.0086001 0.0076071 0.0066614 0.0057516 0.0048638 0.0038874 0.0028508 0.0018661 0.001025 0.00040368 6.6966e-05 0 0 0 0 0 0 0 8.9195e-07 3.2695e-07 0 0 0 
104.5 0.022155 0.04091 0.094139 0.14116 0.17436 0.23464 0.29295 0.33836 0.38445 0.42762 0.45604 0.46349 0.45221 0.43099 0.40947 0.39658 0.3888 0.3827 0.37934 0.37971 0.38999 0.42313 0.4672 0.50843 0.533 0.54382 0.54863 0.54635 0.53545 0.51413 0.48601 0.45527 0.42569 0.40084 0.37919 0.35786 0.33893 0.32442 0.31559 0.30877 0.30307 0.29826 0.29363 0.28903 0.28509 0.28185 0.27848 0.27404 0.26805 0.26004 0.24937 0.23536 0.21793 0.19837 0.178 0.15818 0.13998 0.1222 0.10491 0.088811 0.074626 0.063174 0.054891 0.049004 0.044776 0.041504 0.038913 0.036899 0.035028 0.032905 0.030174 0.026361 0.021773 0.017191 0.013336 0.010862 0.0097145 0.0086778 0.0076897 0.0067421 0.0058262 0.0049314 0.0039554 0.0029243 0.0019426 0.0010955 0.00045386 7.7943e-05 0 0 0 0 0 0 0 1.0548e-06 4.2996e-07 0 0 0 
105 0.021488 0.039697 0.091761 0.13743 0.16948 0.22775 0.28445 0.3289 0.37412 0.41666 0.44479 0.45244 0.4419 0.42144 0.40045 0.38786 0.38029 0.37397 0.37006 0.36981 0.37908 0.41088 0.45375 0.49427 0.51896 0.53017 0.53565 0.53419 0.52418 0.50368 0.47632 0.44624 0.41714 0.39254 0.37111 0.34984 0.33095 0.3165 0.30791 0.30133 0.29575 0.29094 0.28627 0.28152 0.27733 0.27384 0.27029 0.26577 0.25976 0.25189 0.24158 0.22819 0.21151 0.19266 0.17297 0.15381 0.13626 0.11918 0.10258 0.08717 0.073605 0.062627 0.054592 0.048807 0.044601 0.041332 0.038736 0.036706 0.034822 0.032704 0.030007 0.026255 0.02172 0.017179 0.013356 0.010904 0.0097783 0.0087555 0.0077722 0.0068227 0.0059009 0.004999 0.0040235 0.0029979 0.0020191 0.001166 0.00050405 8.8921e-05 0 0 0 0 0 0 0 1.2176e-06 5.3297e-07 0 0 0 
105.5 0.021049 0.038934 0.090532 0.13542 0.16681 0.22393 0.27978 0.32389 0.36889 0.41132 0.43938 0.44701 0.43691 0.41704 0.39653 0.38407 0.37643 0.36983 0.36543 0.36456 0.37308 0.40431 0.44684 0.48729 0.51217 0.52372 0.52973 0.52885 0.51936 0.49923 0.4722 0.44241 0.41353 0.38907 0.36773 0.34649 0.32759 0.31316 0.30461 0.29806 0.29247 0.28765 0.28295 0.27814 0.27385 0.27024 0.26658 0.262 0.25595 0.24808 0.23785 0.22467 0.20831 0.18981 0.1705 0.15168 0.13447 0.11773 0.10148 0.086406 0.073124 0.062352 0.054434 0.048709 0.044528 0.041268 0.038678 0.036645 0.034754 0.032633 0.029944 0.026211 0.021701 0.017185 0.013382 0.01094 0.0098115 0.0087852 0.0077995 0.0068484 0.0059251 0.0050203 0.0040397 0.0030085 0.0020252 0.0011692 0.00050575 9.0816e-05 0 0 0 0 0 0 0 1.2682e-06 5.6364e-07 0 0 0 
106 0.020738 0.038427 0.089954 0.13438 0.16538 0.22186 0.2773 0.32141 0.36655 0.40919 0.43729 0.44478 0.43494 0.41558 0.39549 0.38307 0.3752 0.36827 0.36343 0.36196 0.36988 0.40096 0.44364 0.48437 0.50949 0.52136 0.52781 0.52739 0.51822 0.4982 0.47124 0.44153 0.41273 0.38834 0.36702 0.34578 0.32688 0.31243 0.3038 0.29715 0.2915 0.28665 0.28192 0.2771 0.2728 0.26915 0.26543 0.26079 0.25469 0.24673 0.23643 0.22323 0.20694 0.18859 0.16946 0.15083 0.13377 0.11717 0.10108 0.086138 0.072948 0.062232 0.054357 0.048668 0.044512 0.041267 0.038688 0.036659 0.034765 0.032635 0.029939 0.026201 0.0217 0.0172 0.01341 0.010971 0.0098273 0.0087877 0.0077954 0.006843 0.0059207 0.0050153 0.0040266 0.0029834 0.0019914 0.0011341 0.00047992 8.7556e-05 0 0 0 0 0 0 0 1.2552e-06 5.5324e-07 0 0 0 
106.5 0.020427 0.03792 0.089377 0.13335 0.16395 0.21979 0.27481 0.31893 0.36421 0.40706 0.4352 0.44254 0.43297 0.41411 0.39445 0.38207 0.37397 0.36672 0.36143 0.35936 0.36668 0.3976 0.44044 0.48146 0.50681 0.51899 0.52589 0.52592 0.51707 0.49717 0.47027 0.44065 0.41192 0.38761 0.36631 0.34507 0.32616 0.31169 0.30299 0.29625 0.29053 0.28564 0.28089 0.27606 0.27174 0.26805 0.26427 0.25958 0.25342 0.24538 0.235 0.22178 0.20558 0.18738 0.16843 0.14998 0.13307 0.11661 0.10067 0.08587 0.072772 0.062112 0.054279 0.048626 0.044497 0.041265 0.038698 0.036673 0.034776 0.032638 0.029934 0.026192 0.0217 0.017215 0.013438 0.011003 0.0098431 0.0087901 0.0077914 0.0068375 0.0059163 0.0050103 0.0040134 0.0029582 0.0019576 0.0010991 0.0004541 8.4296e-05 0 0 0 0 0 0 0 1.2422e-06 5.4284e-07 0 0 0 
107 0.020116 0.037414 0.088799 0.13232 0.16253 0.21772 0.27233 0.31645 0.36187 0.40492 0.4331 0.4403 0.431 0.41265 0.39341 0.38107 0.37275 0.36517 0.35943 0.35676 0.36348 0.39425 0.43724 0.47854 0.50413 0.51663 0.52396 0.52445 0.51592 0.49613 0.46931 0.43977 0.41112 0.38687 0.3656 0.34436 0.32544 0.31095 0.30218 0.29534 0.28956 0.28464 0.27987 0.27502 0.27069 0.26695 0.26312 0.25838 0.25215 0.24403 0.23358 0.22034 0.20421 0.18616 0.16739 0.14913 0.13237 0.11606 0.10027 0.085602 0.072597 0.061992 0.054202 0.048584 0.044481 0.041263 0.038708 0.036688 0.034786 0.032641 0.029929 0.026183 0.0217 0.01723 0.013466 0.011034 0.0098589 0.0087925 0.0077873 0.0068321 0.0059118 0.0050053 0.0040002 0.0029331 0.0019238 0.001064 0.00042827 8.1036e-05 0 0 0 0 0 0 0 1.2291e-06 5.3245e-07 0 0 0 
107.5 0.019821 0.036915 0.088255 0.13152 0.16148 0.21619 0.27051 0.31466 0.36026 0.40358 0.43203 0.43941 0.43039 0.41245 0.39356 0.38125 0.37274 0.3651 0.35933 0.35647 0.3629 0.39335 0.43601 0.47707 0.50259 0.5154 0.52319 0.5241 0.51584 0.49611 0.46935 0.43987 0.41127 0.38702 0.3656 0.34418 0.32511 0.31053 0.30174 0.29491 0.28916 0.28427 0.27953 0.2747 0.27037 0.26662 0.26276 0.25804 0.25184 0.24374 0.23329 0.22007 0.20396 0.18592 0.16716 0.14891 0.13217 0.11587 0.1001 0.085455 0.072466 0.061883 0.054123 0.04854 0.044464 0.041259 0.03871 0.036696 0.034802 0.03266 0.029944 0.026188 0.021699 0.017226 0.013463 0.011036 0.009858 0.0087887 0.0077797 0.0068198 0.0058957 0.0049888 0.0039846 0.0029191 0.0019104 0.0010517 0.00041949 7.9801e-05 0 0 0 0 0 0 0 1.2289e-06 5.349e-07 0 0 0 
108 0.019527 0.036417 0.087716 0.13075 0.16049 0.21474 0.2688 0.31299 0.35876 0.40237 0.43111 0.43873 0.42999 0.41244 0.3939 0.3816 0.37293 0.36526 0.35952 0.35654 0.36274 0.39282 0.43509 0.47582 0.50123 0.51435 0.52259 0.52392 0.51591 0.49625 0.46955 0.44012 0.41157 0.38731 0.36572 0.3441 0.32485 0.31016 0.30137 0.29456 0.28885 0.28401 0.27929 0.27448 0.27017 0.2664 0.26254 0.25783 0.25169 0.24362 0.23318 0.21998 0.20388 0.18584 0.16705 0.14879 0.13205 0.11574 0.099971 0.085326 0.072342 0.061776 0.054045 0.048495 0.044447 0.041255 0.038712 0.036704 0.034818 0.032682 0.029964 0.026195 0.021697 0.017218 0.013455 0.011033 0.0098544 0.0087839 0.0077716 0.0068065 0.0058777 0.0049705 0.0039687 0.0029069 0.0019002 0.0010429 0.00041336 7.8881e-05 0 0 0 0 0 0 0 1.2306e-06 5.3935e-07 0 0 0 
108.5 0.019234 0.03592 0.087177 0.12999 0.1595 0.2133 0.26709 0.31131 0.35727 0.40115 0.43019 0.43805 0.42959 0.41243 0.39423 0.38195 0.37312 0.36541 0.35972 0.35661 0.36257 0.3923 0.43417 0.47458 0.49986 0.51329 0.52198 0.52374 0.51599 0.49639 0.46974 0.44037 0.41187 0.3876 0.36584 0.34401 0.32458 0.30979 0.301 0.29421 0.28854 0.28374 0.27905 0.27427 0.26997 0.26619 0.26231 0.25763 0.25153 0.24349 0.23308 0.21989 0.2038 0.18575 0.16694 0.14867 0.13192 0.11561 0.09984 0.085198 0.072218 0.061669 0.053966 0.04845 0.04443 0.04125 0.038713 0.036712 0.034834 0.032703 0.029983 0.026203 0.021695 0.017211 0.013448 0.01103 0.0098509 0.0087791 0.0077634 0.0067932 0.0058597 0.0049523 0.0039528 0.0028946 0.00189 0.0010341 0.00040723 7.7962e-05 0 0 0 0 0 0 0 1.2323e-06 5.438e-07 0 0 0 
109 0.018919 0.035383 0.08656 0.12912 0.15838 0.21167 0.26515 0.30938 0.35549 0.39963 0.42893 0.43699 0.42881 0.41207 0.39422 0.382 0.37303 0.36531 0.35962 0.35635 0.36204 0.39138 0.43286 0.47295 0.49811 0.51183 0.52094 0.52309 0.5156 0.49608 0.46952 0.44023 0.41179 0.38755 0.36565 0.34367 0.3241 0.30922 0.30042 0.29365 0.28802 0.28327 0.27861 0.27385 0.26957 0.26578 0.2619 0.25723 0.25118 0.24318 0.23279 0.21962 0.20357 0.18553 0.16671 0.14846 0.13173 0.11544 0.099678 0.085054 0.072089 0.061562 0.05389 0.048406 0.044411 0.041244 0.038712 0.036717 0.034846 0.03272 0.029998 0.026207 0.021691 0.017203 0.01344 0.011028 0.0098478 0.0087745 0.0077557 0.0067811 0.0058437 0.0049361 0.0039387 0.002884 0.0018816 0.0010272 0.00040278 7.782e-05 0 0 0 0 0 0 0 1.2291e-06 5.3456e-07 0 0 0 
109.5 0.018391 0.03447 0.085179 0.12716 0.15593 0.20827 0.26101 0.30498 0.35103 0.39517 0.42435 0.43223 0.42442 0.40826 0.39094 0.37908 0.37037 0.36262 0.35662 0.35288 0.35792 0.38671 0.42778 0.46759 0.49265 0.50635 0.51557 0.5179 0.51065 0.49144 0.46524 0.43628 0.40813 0.38413 0.36252 0.34082 0.32147 0.30671 0.2979 0.29111 0.2855 0.28077 0.27614 0.27144 0.2672 0.26348 0.25965 0.25502 0.249 0.24105 0.23074 0.21768 0.20179 0.18397 0.16541 0.1474 0.13088 0.11478 0.099212 0.084752 0.071913 0.061467 0.05384 0.048376 0.044385 0.041214 0.038683 0.03669 0.03482 0.032694 0.029971 0.02618 0.021668 0.017188 0.013434 0.011033 0.0098499 0.0087718 0.0077526 0.0067808 0.0058472 0.0049406 0.003943 0.0028896 0.0018904 0.0010388 0.00041453 8.5234e-05 0 0 0 0 0 0 0 1.1791e-06 3.9232e-07 0 0 0 
110 0.017863 0.033556 0.083798 0.12521 0.15348 0.20487 0.25688 0.30059 0.34658 0.39071 0.41977 0.42746 0.42003 0.40445 0.38765 0.37615 0.36771 0.35994 0.35361 0.34941 0.3538 0.38204 0.42269 0.46224 0.48718 0.50087 0.51019 0.51271 0.5057 0.4868 0.46096 0.43234 0.40446 0.38072 0.35938 0.33797 0.31884 0.30419 0.29537 0.28858 0.28298 0.27827 0.27368 0.26902 0.26484 0.26119 0.25741 0.25281 0.24682 0.23893 0.22869 0.21574 0.20001 0.18241 0.16411 0.14635 0.13003 0.11413 0.098746 0.084451 0.071738 0.061372 0.053789 0.048345 0.044359 0.041184 0.038654 0.036663 0.034793 0.032668 0.029945 0.026153 0.021645 0.017172 0.013428 0.011037 0.0098519 0.0087691 0.0077494 0.0067805 0.0058508 0.0049451 0.0039472 0.0028952 0.0018991 0.0010504 0.00042629 9.2648e-05 0 0 0 0 0 0 0 1.129e-06 2.5009e-07 0 0 0 
110.5 0.017335 0.032642 0.082417 0.12326 0.15104 0.20148 0.25275 0.2962 0.34212 0.38625 0.41519 0.4227 0.41565 0.40063 0.38437 0.37323 0.36505 0.35726 0.35061 0.34593 0.34968 0.37737 0.4176 0.45688 0.48171 0.49538 0.50482 0.50753 0.50075 0.48216 0.45668 0.42839 0.4008 0.3773 0.35625 0.33513 0.31622 0.30168 0.29285 0.28605 0.28046 0.27578 0.27122 0.2666 0.26248 0.25889 0.25517 0.25059 0.24464 0.2368 0.22664 0.2138 0.19823 0.18086 0.16282 0.1453 0.12918 0.11347 0.09828 0.084149 0.071562 0.061276 0.053739 0.048314 0.044333 0.041154 0.038625 0.036636 0.034767 0.032642 0.029918 0.026125 0.021623 0.017157 0.013422 0.011042 0.0098539 0.0087664 0.0077462 0.0067802 0.0058543 0.0049496 0.0039515 0.0029008 0.0019078 0.001062 0.00043804 0.00010006 0 0 0 0 0 0 0 1.079e-06 1.0785e-07 0 0 0 
111 0.016764 0.031648 0.08083 0.12097 0.14814 0.19748 0.24791 0.29096 0.3366 0.38054 0.40936 0.41678 0.41008 0.39561 0.37984 0.369 0.36104 0.35326 0.34638 0.34132 0.34445 0.37154 0.41126 0.45018 0.47484 0.48846 0.49797 0.50084 0.49431 0.47605 0.45097 0.42308 0.39584 0.37265 0.35188 0.33103 0.31235 0.29795 0.28915 0.28236 0.27678 0.27212 0.26757 0.26296 0.25885 0.25527 0.25156 0.24699 0.24106 0.2333 0.22327 0.21063 0.19534 0.17834 0.1607 0.14357 0.12778 0.11238 0.097487 0.083607 0.071201 0.061024 0.053556 0.048172 0.044211 0.041037 0.038514 0.036533 0.034675 0.032561 0.029847 0.026066 0.021577 0.017124 0.013401 0.011029 0.0098414 0.0087534 0.0077346 0.0067716 0.0058493 0.0049467 0.0039507 0.0029031 0.0019138 0.0010707 0.00044692 0.00010534 0 0 0 0 0 0 0 1.021e-06 1.008e-08 0 0 0 
111.5 0.016103 0.030483 0.078804 0.11795 0.1443 0.1922 0.24156 0.28393 0.3288 0.37219 0.40085 0.40839 0.40202 0.38801 0.37265 0.362 0.35415 0.34644 0.33954 0.33426 0.33687 0.36324 0.40224 0.44059 0.46497 0.47846 0.48796 0.49097 0.4847 0.46682 0.44222 0.41487 0.38815 0.36534 0.34487 0.32429 0.30584 0.29162 0.28294 0.27621 0.27065 0.26598 0.26139 0.25672 0.25252 0.24884 0.24503 0.24041 0.23451 0.22687 0.21708 0.20482 0.19008 0.17377 0.15685 0.14041 0.1252 0.11037 0.095995 0.082551 0.070447 0.060437 0.053089 0.04779 0.043882 0.040736 0.038229 0.03627 0.03444 0.03236 0.029681 0.025938 0.021481 0.017055 0.013348 0.010979 0.0097978 0.0087181 0.0077049 0.0067456 0.0058262 0.004928 0.0039393 0.0028984 0.0019138 0.0010732 0.00044965 0.00010608 0 0 0 0 0 0 0 9.4582e-07 7.1604e-09 0 0 0 
112 0.015441 0.029318 0.076778 0.11494 0.14046 0.18692 0.2352 0.2769 0.32101 0.36383 0.39234 0.4 0.39396 0.38041 0.36546 0.35499 0.34725 0.33963 0.3327 0.3272 0.32928 0.35494 0.39322 0.43099 0.45509 0.46846 0.47796 0.48109 0.47508 0.45758 0.43347 0.40667 0.38046 0.35804 0.33786 0.31754 0.29932 0.2853 0.27673 0.27006 0.26453 0.25984 0.25522 0.25047 0.24618 0.2424 0.2385 0.23383 0.22795 0.22043 0.21089 0.19901 0.18482 0.16919 0.15301 0.13724 0.12262 0.10835 0.094504 0.081495 0.069692 0.05985 0.052622 0.047408 0.043553 0.040435 0.037943 0.036007 0.034206 0.032159 0.029516 0.02581 0.021386 0.016986 0.013295 0.010928 0.0097542 0.0086829 0.0076753 0.0067196 0.005803 0.0049093 0.0039278 0.0028937 0.0019138 0.0010756 0.00045238 0.00010681 0 0 0 0 0 0 0 8.7069e-07 4.2412e-09 0 0 0 
112.5 0.014779 0.028153 0.074752 0.11192 0.13662 0.18164 0.22885 0.26987 0.31321 0.35548 0.38383 0.39161 0.38589 0.37281 0.35827 0.34799 0.34036 0.33281 0.32585 0.32014 0.3217 0.34663 0.38419 0.4214 0.44522 0.45845 0.46795 0.47121 0.46547 0.44835 0.42472 0.39846 0.37276 0.35073 0.33085 0.3108 0.29281 0.27897 0.27053 0.26391 0.2584 0.2537 0.24904 0.24423 0.23985 0.23596 0.23198 0.22726 0.2214 0.214 0.20471 0.19321 0.17956 0.16462 0.14916 0.13408 0.12004 0.10633 0.093012 0.080439 0.068938 0.059263 0.052156 0.047026 0.043224 0.040133 0.037657 0.035744 0.033972 0.031958 0.02935 0.025682 0.021291 0.016917 0.013242 0.010877 0.0097106 0.0086476 0.0076457 0.0066935 0.0057798 0.0048906 0.0039164 0.002889 0.0019138 0.001078 0.00045511 0.00010754 0 0 0 0 0 0 0 7.9556e-07 1.3219e-09 0 0 0 
113 0.014084 0.026936 0.072535 0.10859 0.13245 0.17595 0.22177 0.26201 0.30481 0.34654 0.37418 0.38115 0.37562 0.36337 0.34973 0.33988 0.33242 0.32497 0.31798 0.31203 0.31297 0.337 0.37362 0.41007 0.4335 0.44658 0.4561 0.45954 0.45415 0.43752 0.41451 0.38892 0.36385 0.34227 0.32278 0.30306 0.28535 0.2717 0.26334 0.25678 0.25129 0.24661 0.24195 0.23712 0.2327 0.22876 0.22473 0.21998 0.21418 0.20696 0.19797 0.1869 0.17382 0.1596 0.14492 0.13058 0.11717 0.10407 0.091326 0.079248 0.06811 0.058656 0.051694 0.046655 0.042904 0.039833 0.037367 0.035472 0.033726 0.031742 0.029169 0.025538 0.021181 0.016835 0.013179 0.010822 0.0096611 0.0086044 0.0076077 0.0066601 0.0057506 0.0048662 0.0038984 0.0028772 0.0019072 0.0010752 0.00045451 0.00010744 0 0 0 0 0 0 0 7.2062e-07 0 0 0 0 
113.5 0.013362 0.025677 0.070158 0.105 0.12801 0.16992 0.2141 0.25348 0.2959 0.33713 0.36359 0.36897 0.36353 0.35242 0.34008 0.33085 0.3236 0.31628 0.30926 0.30306 0.3033 0.32626 0.36176 0.39728 0.42027 0.43316 0.44271 0.44639 0.44141 0.42536 0.40309 0.37828 0.35391 0.33287 0.31381 0.29451 0.27711 0.26365 0.25535 0.24884 0.24339 0.23873 0.2341 0.2293 0.22488 0.22092 0.21688 0.21214 0.20641 0.19942 0.19079 0.18017 0.16769 0.15421 0.14036 0.12681 0.11407 0.10161 0.08948 0.077945 0.067223 0.058032 0.051236 0.046294 0.042589 0.039532 0.037073 0.035193 0.03347 0.031514 0.028974 0.025381 0.021058 0.016742 0.013108 0.010763 0.0096065 0.0085546 0.0075629 0.0066206 0.0057164 0.0048372 0.003875 0.0028596 0.0018952 0.0010681 0.00045115 0.00010665 0 0 0 0 0 0 0 6.4584e-07 0 0 0 0 
114 0.012639 0.024417 0.067782 0.10141 0.12357 0.16389 0.20642 0.24495 0.287 0.32771 0.353 0.3568 0.35144 0.34147 0.33043 0.32182 0.31478 0.30759 0.30055 0.29408 0.29364 0.31552 0.34989 0.3845 0.40703 0.41974 0.42933 0.43324 0.42867 0.41321 0.39167 0.36764 0.34398 0.32346 0.30485 0.28595 0.26887 0.25559 0.24736 0.24089 0.23548 0.23086 0.22625 0.22147 0.21705 0.21309 0.20903 0.20429 0.19865 0.19188 0.18361 0.17345 0.16155 0.14882 0.1358 0.12304 0.11096 0.099145 0.087633 0.076641 0.066335 0.057409 0.050778 0.045932 0.042275 0.039232 0.036779 0.034914 0.033213 0.031285 0.028779 0.025223 0.020935 0.01665 0.013037 0.010704 0.009552 0.0085048 0.0075181 0.006581 0.0056822 0.0048082 0.0038516 0.0028419 0.0018831 0.001061 0.0004478 0.00010586 0 0 0 0 0 0 0 5.7106e-07 0 0 0 0 
114.5 0.011917 0.023158 0.065406 0.097821 0.11913 0.15786 0.19874 0.23642 0.27809 0.3183 0.3424 0.34462 0.33934 0.33052 0.32077 0.31279 0.30596 0.2989 0.29183 0.2851 0.28397 0.30478 0.33803 0.37172 0.3938 0.40632 0.41594 0.42008 0.41593 0.40106 0.38025 0.35699 0.33405 0.31405 0.29589 0.27739 0.26063 0.24754 0.23936 0.23295 0.22757 0.22298 0.21841 0.21365 0.20923 0.20525 0.20119 0.19645 0.19088 0.18433 0.17643 0.16673 0.15542 0.14343 0.13124 0.11926 0.10785 0.096681 0.085786 0.075338 0.065447 0.056785 0.05032 0.045571 0.041961 0.038932 0.036485 0.034635 0.032957 0.031057 0.028584 0.025065 0.020813 0.016557 0.012966 0.010645 0.0094975 0.008455 0.0074733 0.0065415 0.005648 0.0047793 0.0038282 0.0028242 0.001871 0.0010539 0.00044444 0.00010508 0 0 0 0 0 0 0 4.9628e-07 0 0 0 0 
115 0.011419 0.022242 0.062851 0.093961 0.11445 0.15182 0.19147 0.2285 0.26988 0.30989 0.33361 0.33523 0.32987 0.32136 0.312 0.30424 0.29754 0.29062 0.28366 0.27702 0.2757 0.29572 0.32792 0.36064 0.38221 0.39453 0.40411 0.40838 0.40457 0.39021 0.37002 0.34744 0.32513 0.30566 0.28795 0.2699 0.2535 0.24067 0.23262 0.22631 0.221 0.21643 0.2119 0.20718 0.20278 0.19882 0.19476 0.19006 0.18462 0.17827 0.17067 0.16135 0.15053 0.13912 0.12754 0.11616 0.10527 0.094589 0.084168 0.074144 0.064601 0.056187 0.049879 0.045217 0.041647 0.038635 0.036199 0.034364 0.032704 0.030828 0.028385 0.024906 0.020699 0.016483 0.012923 0.010613 0.0094632 0.0084204 0.0074403 0.0065115 0.0056215 0.0047559 0.0038073 0.0028057 0.0018561 0.0010433 0.0004385 0.00010392 7.4536e-07 0 0 0 0 0 0 4.4271e-07 0 0 0 0 
115.5 0.010987 0.021426 0.060244 0.090022 0.10971 0.14579 0.18431 0.22076 0.26187 0.30176 0.32534 0.32664 0.32116 0.31271 0.30349 0.29583 0.28923 0.28245 0.27566 0.26919 0.26784 0.28714 0.31831 0.35007 0.37111 0.38322 0.39272 0.3971 0.3936 0.37973 0.36013 0.33821 0.31652 0.29756 0.28032 0.26272 0.2467 0.23413 0.22624 0.22005 0.2148 0.21027 0.20577 0.2011 0.19674 0.19279 0.18875 0.18411 0.17878 0.17264 0.16532 0.15638 0.14601 0.13512 0.1241 0.11325 0.10283 0.092605 0.082617 0.072981 0.063766 0.055596 0.049443 0.044865 0.041333 0.038338 0.035916 0.034095 0.032452 0.030598 0.028185 0.024747 0.020587 0.016416 0.012887 0.010589 0.0094348 0.0083902 0.0074107 0.0064843 0.0055974 0.0047342 0.0037871 0.002787 0.0018403 0.0010317 0.0004318 0.00010267 1.7075e-06 0 0 0 0 0 0 3.953e-07 0 0 0 0 
116 0.010555 0.020611 0.057638 0.086083 0.10497 0.13975 0.17715 0.21302 0.25385 0.29364 0.31707 0.31806 0.31246 0.30406 0.29497 0.28742 0.28092 0.27428 0.26765 0.26137 0.25998 0.27857 0.30871 0.33949 0.36001 0.3719 0.38134 0.38582 0.38263 0.36926 0.35025 0.32897 0.3079 0.28945 0.27268 0.25553 0.2399 0.2276 0.21986 0.21378 0.20861 0.20411 0.19965 0.19503 0.1907 0.18676 0.18274 0.17815 0.17295 0.16701 0.15998 0.1514 0.14148 0.13113 0.12066 0.11034 0.10039 0.090622 0.081066 0.071819 0.062932 0.055005 0.049006 0.044513 0.04102 0.038041 0.035632 0.033826 0.032199 0.030368 0.027984 0.024588 0.020476 0.016348 0.012851 0.010565 0.0094064 0.00836 0.0073812 0.006457 0.0055732 0.0047125 0.0037669 0.0027682 0.0018245 0.0010201 0.00042511 0.00010141 2.6696e-06 0 0 0 0 0 0 3.4789e-07 0 0 0 0 
116.5 0.010123 0.019795 0.055033 0.082148 0.10023 0.13372 0.16999 0.20528 0.24585 0.28552 0.30881 0.30948 0.30375 0.29542 0.28647 0.27902 0.27262 0.26611 0.25965 0.25355 0.25213 0.27001 0.29911 0.32892 0.34892 0.3606 0.36996 0.37455 0.37167 0.35879 0.34037 0.31974 0.29929 0.28136 0.26506 0.24835 0.23311 0.22108 0.21349 0.20753 0.20242 0.19796 0.19354 0.18896 0.18466 0.18074 0.17674 0.17219 0.16712 0.16139 0.15464 0.14643 0.13696 0.12713 0.11722 0.10743 0.097954 0.08864 0.079516 0.070657 0.062098 0.054414 0.04857 0.044161 0.040706 0.037745 0.035349 0.033557 0.031948 0.030138 0.027784 0.024428 0.020364 0.016281 0.012815 0.010541 0.0093781 0.0083298 0.0073517 0.0064299 0.0055491 0.0046909 0.0037467 0.0027496 0.0018087 0.0010085 0.00041842 0.00010015 3.6358e-06 0 0 0 0 0 0 3.0054e-07 0 0 0 0 
117 0.0097261 0.019145 0.053512 0.079803 0.097428 0.13026 0.16582 0.20044 0.24031 0.27934 0.30224 0.30287 0.29737 0.28938 0.28076 0.27351 0.26719 0.26071 0.25427 0.24818 0.24671 0.2641 0.29249 0.32164 0.34131 0.35293 0.36238 0.36714 0.36453 0.35199 0.33403 0.31391 0.29394 0.27638 0.26034 0.24387 0.22883 0.21697 0.20951 0.20365 0.19861 0.1942 0.1898 0.18524 0.18094 0.17699 0.17298 0.16846 0.16345 0.15781 0.15119 0.14318 0.13401 0.12452 0.11496 0.10552 0.096359 0.087344 0.078494 0.06988 0.061538 0.054028 0.048298 0.043954 0.04053 0.03758 0.03519 0.033402 0.031799 0.030001 0.027664 0.024336 0.020306 0.016255 0.012815 0.010549 0.0093808 0.0083282 0.0073462 0.0064209 0.0055378 0.0046799 0.0037381 0.0027434 0.0018037 0.0010039 0.00041489 9.9384e-05 6.3437e-06 0 0 0 0 0 0 2.7779e-07 0 0 0 0 
117.5 0.0093291 0.018494 0.051991 0.077459 0.094625 0.12681 0.16164 0.1956 0.23477 0.27317 0.29566 0.29627 0.29099 0.28334 0.27505 0.26801 0.26176 0.25531 0.24888 0.24282 0.24129 0.25819 0.28587 0.31436 0.3337 0.34527 0.35479 0.35974 0.35738 0.34519 0.32769 0.30808 0.28859 0.2714 0.25562 0.23938 0.22455 0.21286 0.20554 0.19978 0.19481 0.19043 0.18607 0.18153 0.17722 0.17324 0.16921 0.16473 0.15978 0.15423 0.14774 0.13994 0.13106 0.12191 0.11271 0.10361 0.094765 0.086047 0.077473 0.069103 0.060978 0.053642 0.048026 0.043746 0.040354 0.037416 0.035031 0.033247 0.031651 0.029865 0.027545 0.024243 0.020247 0.01623 0.012814 0.010558 0.0093835 0.0083265 0.0073408 0.006412 0.0055264 0.0046689 0.0037294 0.0027373 0.0017987 0.00099926 0.00041136 9.8614e-05 9.0516e-06 0 0 0 0 0 0 2.5503e-07 0 0 0 0 
118 0.008932 0.017844 0.05047 0.075115 0.091821 0.12336 0.15746 0.19076 0.22923 0.26699 0.28909 0.28967 0.28461 0.2773 0.26935 0.2625 0.25633 0.24991 0.24349 0.23746 0.23588 0.25229 0.27925 0.30708 0.32608 0.33761 0.34721 0.35233 0.35024 0.33839 0.32135 0.30225 0.28324 0.26641 0.2509 0.2349 0.22027 0.20876 0.20157 0.1959 0.191 0.18667 0.18234 0.17781 0.17349 0.16949 0.16545 0.161 0.15611 0.15065 0.14429 0.1367 0.12811 0.1193 0.11045 0.1017 0.09317 0.084751 0.076451 0.068326 0.060417 0.053256 0.047753 0.043539 0.040178 0.037251 0.034871 0.033092 0.031503 0.029728 0.027425 0.02415 0.020189 0.016205 0.012814 0.010567 0.0093862 0.0083248 0.0073353 0.0064031 0.0055151 0.0046579 0.0037208 0.0027312 0.0017937 0.00099463 0.00040782 9.7845e-05 1.176e-05 0 0 0 0 0 0 2.3227e-07 0 0 0 0 
118.5 0.0085787 0.017258 0.048957 0.07281 0.089074 0.11999 0.15344 0.18623 0.22422 0.26154 0.28331 0.28374 0.2788 0.27178 0.26413 0.25747 0.25135 0.24496 0.23856 0.23255 0.23092 0.24689 0.27321 0.30042 0.31911 0.33059 0.34027 0.34555 0.34369 0.33214 0.31551 0.29688 0.27832 0.26183 0.24656 0.23078 0.21635 0.205 0.19793 0.19233 0.18749 0.18319 0.17889 0.1744 0.17008 0.16604 0.16198 0.15756 0.15275 0.14738 0.14115 0.13374 0.12542 0.11692 0.1084 0.099969 0.091721 0.083572 0.075522 0.067619 0.059903 0.052895 0.047496 0.043344 0.040015 0.0371 0.034725 0.032949 0.031365 0.0296 0.027312 0.02406 0.020127 0.016172 0.012803 0.010566 0.0093841 0.0083218 0.0073311 0.0063973 0.0055082 0.0046516 0.0037163 0.0027287 0.001792 0.00099309 0.00040652 9.7474e-05 1.3e-05 0 0 0 0 0 0 2.1197e-07 0 0 0 0 
119 0.0083715 0.016887 0.047467 0.070637 0.086511 0.1169 0.14996 0.18275 0.22096 0.25853 0.28018 0.28004 0.2749 0.268 0.26058 0.254 0.24789 0.24152 0.23515 0.22916 0.2275 0.24321 0.26908 0.29585 0.31428 0.32576 0.33549 0.34087 0.33912 0.32773 0.31137 0.29305 0.27479 0.25856 0.24348 0.2279 0.21364 0.20241 0.19538 0.18981 0.18497 0.18068 0.1764 0.17198 0.1677 0.16361 0.1595 0.1551 0.15041 0.14516 0.13904 0.13175 0.12359 0.11532 0.10703 0.098815 0.090756 0.082786 0.074903 0.067145 0.059541 0.052618 0.04729 0.043191 0.039895 0.036993 0.034621 0.032845 0.031262 0.029501 0.027222 0.023979 0.020056 0.016111 0.012755 0.010534 0.0093662 0.0083143 0.007331 0.0064023 0.0055163 0.0046607 0.0037258 0.0027383 0.0018017 0.0010019 0.00041265 9.8438e-05 9.3301e-06 0 0 0 0 0 0 1.9987e-07 0 0 0 0 
119.5 0.0081643 0.016515 0.045977 0.068464 0.083949 0.11381 0.14648 0.17926 0.21771 0.25552 0.27705 0.27633 0.271 0.26422 0.25702 0.25054 0.24442 0.23808 0.23174 0.22576 0.22409 0.23953 0.26495 0.29129 0.30945 0.32092 0.33071 0.33619 0.33456 0.32332 0.30723 0.28921 0.27126 0.25529 0.24039 0.22502 0.21093 0.19983 0.19284 0.18728 0.18245 0.17816 0.17391 0.16956 0.16532 0.16119 0.15702 0.15265 0.14807 0.14293 0.13692 0.12975 0.12176 0.11371 0.10565 0.097661 0.089791 0.081999 0.074284 0.066671 0.059179 0.052341 0.047083 0.043037 0.039775 0.036887 0.034517 0.03274 0.031159 0.029403 0.027133 0.023898 0.019984 0.016051 0.012708 0.010502 0.0093482 0.0083067 0.0073309 0.0064073 0.0055243 0.0046698 0.0037352 0.0027479 0.0018113 0.0010108 0.00041879 9.9402e-05 5.6602e-06 0 0 0 0 0 0 1.8778e-07 0 0 0 0 
120 0.0079572 0.016144 0.044488 0.066291 0.081386 0.11072 0.14299 0.17577 0.21446 0.25251 0.27393 0.27263 0.2671 0.26044 0.25346 0.24707 0.24096 0.23464 0.22832 0.22237 0.22067 0.23584 0.26083 0.28672 0.30462 0.31609 0.32594 0.33151 0.32999 0.31892 0.30309 0.28538 0.26774 0.25202 0.23731 0.22213 0.20823 0.19724 0.19029 0.18475 0.17994 0.17564 0.17142 0.16714 0.16293 0.15876 0.15453 0.1502 0.14573 0.14071 0.13481 0.12776 0.11994 0.1121 0.10427 0.096507 0.088826 0.081212 0.073665 0.066198 0.058818 0.052064 0.046877 0.042884 0.039655 0.036781 0.034414 0.032636 0.031056 0.029304 0.027043 0.023818 0.019913 0.015991 0.01266 0.010469 0.0093302 0.0082992 0.0073309 0.0064123 0.0055324 0.0046789 0.0037447 0.0027575 0.001821 0.0010196 0.00042493 0.00010037 1.9902e-06 0 0 0 0 0 0 1.7569e-07 0 0 0 0 
120.5 0.0073139 0.015159 0.043134 0.064616 0.079514 0.10855 0.14053 0.17304 0.21137 0.24912 0.27043 0.26931 0.26387 0.25724 0.25027 0.2439 0.23778 0.23144 0.22513 0.21921 0.2176 0.23256 0.25712 0.28258 0.30021 0.31167 0.3216 0.32728 0.32586 0.31492 0.29935 0.28195 0.26462 0.24914 0.23458 0.21955 0.20578 0.1949 0.188 0.1825 0.17771 0.17343 0.16924 0.16501 0.16083 0.15663 0.15238 0.14806 0.14365 0.1387 0.13289 0.12596 0.1183 0.11065 0.10302 0.095434 0.087919 0.080462 0.073061 0.065728 0.058466 0.051813 0.046693 0.04274 0.039532 0.036664 0.0343 0.032526 0.030952 0.029209 0.026955 0.023735 0.019836 0.015924 0.012608 0.010435 0.0093121 0.008292 0.0073313 0.0064183 0.005542 0.0046902 0.0037582 0.0027735 0.0018388 0.0010368 0.00043738 0.0001027 0 0 0 0 0 0 0 1.6511e-07 0 0 0 0 
121 0.0061538 0.013447 0.041941 0.063533 0.07846 0.10747 0.13927 0.17119 0.2085 0.24527 0.26651 0.26642 0.26144 0.25472 0.24751 0.24107 0.23495 0.22853 0.22218 0.21634 0.21492 0.22973 0.25392 0.27895 0.2963 0.30775 0.31777 0.32358 0.32226 0.31142 0.29608 0.279 0.26197 0.24671 0.23227 0.21733 0.20364 0.19285 0.18602 0.18057 0.17583 0.17158 0.16742 0.16322 0.15905 0.15486 0.15061 0.14631 0.1419 0.13697 0.13121 0.1244 0.11689 0.10939 0.1019 0.094459 0.087083 0.079754 0.072475 0.065262 0.058126 0.051591 0.046535 0.042608 0.039404 0.036535 0.034176 0.032409 0.030847 0.029117 0.026871 0.02365 0.019752 0.01585 0.01255 0.010397 0.0092939 0.0082851 0.0073324 0.0064253 0.0055534 0.0047041 0.0037765 0.0027973 0.0018664 0.0010639 0.00045732 0.00010666 0 0 0 0 0 0 0 1.5631e-07 0 0 0 0 
121.5 0.0049938 0.011735 0.040748 0.062449 0.077407 0.10639 0.13802 0.16935 0.20562 0.24142 0.26258 0.26354 0.259 0.25221 0.24475 0.23825 0.23211 0.22563 0.21924 0.21348 0.21225 0.22691 0.25072 0.27532 0.29239 0.30384 0.31395 0.31988 0.31865 0.30791 0.29282 0.27605 0.25933 0.24429 0.22996 0.2151 0.2015 0.19079 0.18403 0.17863 0.17394 0.16974 0.16561 0.16142 0.15727 0.15308 0.14884 0.14455 0.14014 0.13523 0.12953 0.12283 0.11549 0.10813 0.10079 0.093483 0.086246 0.079047 0.071889 0.064796 0.057787 0.051369 0.046378 0.042476 0.039276 0.036406 0.034052 0.032292 0.030742 0.029025 0.026787 0.023564 0.019669 0.015776 0.012492 0.010359 0.0092756 0.0082782 0.0073335 0.0064324 0.0055648 0.0047179 0.0037948 0.0028211 0.001894 0.0010911 0.00047727 0.00011063 0 0 0 0 0 0 0 1.4751e-07 0 0 0 0 
122 0.0038337 0.010023 0.039555 0.061366 0.076353 0.10531 0.13676 0.1675 0.20274 0.23757 0.25865 0.26066 0.25657 0.24969 0.24199 0.23542 0.22927 0.22272 0.21629 0.21061 0.20958 0.22409 0.24751 0.27169 0.28848 0.29992 0.31013 0.31617 0.31505 0.30441 0.28955 0.2731 0.25669 0.24187 0.22764 0.21288 0.19936 0.18874 0.18204 0.1767 0.17206 0.16789 0.16379 0.15963 0.1555 0.15131 0.14708 0.14279 0.13839 0.13349 0.12785 0.12127 0.11408 0.10687 0.099669 0.092508 0.085409 0.078339 0.071302 0.06433 0.057447 0.051147 0.04622 0.042344 0.039148 0.036277 0.033927 0.032174 0.030636 0.028933 0.026702 0.023479 0.019585 0.015702 0.012434 0.010321 0.0092574 0.0082714 0.0073346 0.0064395 0.0055762 0.0047318 0.0038131 0.0028448 0.0019216 0.0011182 0.00049721 0.00011459 0 0 0 0 0 0 0 1.3871e-07 0 0 0 0 
122.5 0.0033034 0.0092117 0.038651 0.060236 0.075078 0.10375 0.13483 0.16497 0.19936 0.23342 0.25441 0.25713 0.25339 0.24654 0.23874 0.23217 0.22604 0.21946 0.21302 0.20744 0.20658 0.22089 0.24388 0.26759 0.28411 0.29553 0.3058 0.31196 0.31095 0.30046 0.28585 0.26971 0.25358 0.23899 0.22493 0.21033 0.19696 0.18643 0.17975 0.17444 0.16983 0.1657 0.16164 0.15752 0.15342 0.14926 0.14505 0.14079 0.13639 0.13151 0.12594 0.11951 0.11252 0.1055 0.098459 0.091458 0.084516 0.077582 0.070672 0.063829 0.057091 0.050928 0.046066 0.042208 0.039005 0.036129 0.033785 0.032041 0.030513 0.02882 0.026601 0.023386 0.019504 0.015636 0.012384 0.010287 0.0092349 0.0082568 0.0073252 0.0064336 0.0055728 0.0047308 0.0038177 0.0028571 0.0019401 0.001139 0.00051413 0.00011969 0 0 0 0 0 0 0 1.2658e-07 0 0 0 0 
123 0.0030633 0.0088152 0.037881 0.059085 0.073701 0.10199 0.13258 0.16213 0.19575 0.22914 0.25002 0.25331 0.24988 0.24308 0.23526 0.22873 0.22263 0.21602 0.2096 0.20413 0.20343 0.21751 0.24004 0.26328 0.27953 0.29093 0.30125 0.30751 0.30663 0.2963 0.28196 0.26611 0.25027 0.23591 0.22203 0.20763 0.19442 0.18399 0.17732 0.17202 0.16745 0.16336 0.15933 0.15525 0.1512 0.14709 0.14291 0.13867 0.13428 0.12942 0.12392 0.11766 0.11089 0.10406 0.097206 0.090374 0.083596 0.076802 0.070021 0.063312 0.056727 0.050709 0.045914 0.042068 0.038855 0.035972 0.033635 0.0319 0.030381 0.028698 0.02649 0.02329 0.019425 0.015574 0.012338 0.010254 0.0092105 0.0082386 0.007311 0.0064217 0.0055625 0.0047229 0.0038159 0.002864 0.0019544 0.0011568 0.00052965 0.00012533 0 0 0 0 0 0 0 1.1292e-07 0 0 0 0 
123.5 0.0028233 0.0084187 0.037111 0.057934 0.072324 0.10022 0.13034 0.15928 0.19213 0.22486 0.24563 0.24949 0.24636 0.23962 0.23178 0.22529 0.21921 0.21259 0.20619 0.20083 0.20027 0.21414 0.2362 0.25897 0.27496 0.28632 0.29669 0.30306 0.30231 0.29215 0.27806 0.26251 0.24696 0.23282 0.21913 0.20493 0.19189 0.18156 0.17489 0.1696 0.16507 0.16102 0.15703 0.15299 0.14898 0.14491 0.14077 0.13656 0.13217 0.12733 0.12191 0.11581 0.10926 0.10263 0.095952 0.08929 0.082676 0.076022 0.06937 0.062794 0.056362 0.05049 0.045762 0.041929 0.038705 0.035815 0.033485 0.031759 0.030249 0.028576 0.02638 0.023194 0.019345 0.015512 0.012292 0.01022 0.0091861 0.0082205 0.0072969 0.0064099 0.0055523 0.0047149 0.0038142 0.0028709 0.0019687 0.0011746 0.00054517 0.00013096 0 0 0 0 0 0 0 9.9259e-08 0 0 0 0 
124 0.0025833 0.0080222 0.036341 0.056783 0.070947 0.098447 0.12809 0.15644 0.18852 0.22057 0.24124 0.24566 0.24284 0.23617 0.22831 0.22185 0.2158 0.20916 0.20277 0.19752 0.19712 0.21076 0.23237 0.25466 0.27038 0.28171 0.29214 0.29861 0.29799 0.288 0.27417 0.25892 0.24364 0.22973 0.21622 0.20223 0.18936 0.17912 0.17246 0.16718 0.16268 0.15868 0.15473 0.15072 0.14676 0.14273 0.13863 0.13444 0.13006 0.12524 0.11989 0.11396 0.10763 0.1012 0.094698 0.088206 0.081755 0.075242 0.068719 0.062277 0.055998 0.050271 0.045609 0.04179 0.038556 0.035659 0.033336 0.031618 0.030117 0.028454 0.02627 0.023098 0.019266 0.01545 0.012245 0.010187 0.0091617 0.0082024 0.0072827 0.006398 0.005542 0.004707 0.0038125 0.0028778 0.001983 0.0011925 0.00056069 0.0001366 0 0 0 0 0 0 0 8.5599e-08 0 0 0 0 
124.5 0.002378 0.0076588 0.035542 0.055586 0.069502 0.096534 0.12564 0.15332 0.18458 0.21589 0.23636 0.24124 0.23868 0.2321 0.22426 0.21786 0.21185 0.20521 0.19884 0.19371 0.19344 0.20681 0.22793 0.24973 0.26515 0.2764 0.28682 0.29335 0.29286 0.28307 0.26955 0.25466 0.23976 0.22614 0.21287 0.19912 0.18647 0.17639 0.16977 0.16452 0.16006 0.15611 0.1522 0.14823 0.14429 0.14029 0.13622 0.13206 0.12773 0.12299 0.11776 0.11198 0.10583 0.099576 0.093262 0.086949 0.080668 0.074319 0.067962 0.061687 0.055572 0.049979 0.045385 0.041589 0.038354 0.035452 0.033137 0.031435 0.029954 0.028312 0.026148 0.022996 0.019186 0.01539 0.012201 0.010152 0.0091326 0.0081772 0.0072618 0.0063819 0.0055307 0.0046993 0.0038106 0.0028836 0.0019959 0.0012092 0.00057526 0.00014071 0 0 0 0 0 0 0 7.6802e-08 0 0 0 0 
125 0.002176 0.0072986 0.03474 0.054385 0.06805 0.094607 0.12316 0.15018 0.18061 0.21117 0.23144 0.23675 0.23446 0.22797 0.22015 0.21382 0.20785 0.20121 0.19487 0.18984 0.18971 0.20282 0.22344 0.24474 0.25987 0.27102 0.28143 0.28802 0.28766 0.27808 0.26486 0.25034 0.23581 0.2225 0.20948 0.19597 0.18355 0.17362 0.16705 0.16183 0.15742 0.15351 0.14965 0.14571 0.14179 0.13782 0.13377 0.12966 0.12538 0.12073 0.11561 0.11 0.10402 0.097935 0.091807 0.085675 0.079565 0.073382 0.067196 0.061091 0.055139 0.04968 0.045154 0.041382 0.038146 0.035241 0.032933 0.031248 0.029788 0.028168 0.026025 0.022895 0.019106 0.01533 0.012157 0.010117 0.009103 0.0081513 0.0072402 0.0063654 0.0055193 0.0046916 0.0038088 0.0028893 0.0020086 0.0012257 0.00058974 0.00014467 0 0 0 0 0 0 0 6.847e-08 0 0 0 0 
125.5 0.001974 0.0069384 0.033938 0.053184 0.066598 0.09268 0.12068 0.14704 0.17664 0.20645 0.22651 0.23226 0.23024 0.22384 0.21605 0.20978 0.20385 0.19721 0.19089 0.18598 0.18597 0.19882 0.21895 0.23974 0.25458 0.26565 0.27604 0.28269 0.28246 0.27308 0.26018 0.24602 0.23187 0.21886 0.20609 0.19283 0.18063 0.17086 0.16433 0.15915 0.15478 0.15092 0.1471 0.14319 0.1393 0.13535 0.13133 0.12725 0.12303 0.11846 0.11347 0.10801 0.1022 0.096294 0.090353 0.084402 0.078461 0.072445 0.066429 0.060494 0.054706 0.049381 0.044924 0.041175 0.037939 0.03503 0.032729 0.031061 0.029622 0.028024 0.025902 0.022793 0.019026 0.015271 0.012113 0.010082 0.0090734 0.0081255 0.0072186 0.0063489 0.0055079 0.0046838 0.0038069 0.002895 0.0020214 0.0012423 0.00060421 0.00014864 0 0 0 0 0 0 0 6.0139e-08 0 0 0 0 
126 0.0017624 0.0065682 0.033157 0.052017 0.065189 0.090816 0.11828 0.14399 0.17277 0.20184 0.2217 0.2279 0.22614 0.21984 0.21207 0.20586 0.19996 0.19331 0.18702 0.18223 0.18235 0.19494 0.21459 0.23489 0.24943 0.26042 0.27082 0.27754 0.27741 0.26822 0.25562 0.24184 0.22804 0.21533 0.20279 0.18976 0.17778 0.16816 0.16168 0.15652 0.1522 0.1484 0.14462 0.14074 0.13687 0.13294 0.12895 0.12492 0.12074 0.11626 0.11139 0.10608 0.10044 0.094709 0.088949 0.083173 0.077398 0.071542 0.06569 0.059918 0.054288 0.049092 0.044703 0.040979 0.037745 0.034833 0.032538 0.030884 0.029464 0.027887 0.025785 0.022696 0.01895 0.015213 0.01207 0.010047 0.0090451 0.0081016 0.0071992 0.0063343 0.005498 0.0046774 0.0038081 0.0029071 0.0020435 0.0012694 0.0006272 0.00015494 0 0 0 0 0 0 0 5.1949e-08 0 0 0 0 
126.5 0.0014915 0.0061369 0.032508 0.051056 0.064044 0.089338 0.11637 0.1415 0.16953 0.19792 0.21763 0.2243 0.22281 0.21661 0.20888 0.20267 0.19671 0.19004 0.18381 0.17915 0.17942 0.1918 0.21104 0.2309 0.24518 0.25615 0.26666 0.27347 0.27333 0.26418 0.25186 0.23844 0.22496 0.21245 0.20008 0.18722 0.17538 0.16584 0.15938 0.15426 0.15 0.14627 0.14253 0.13868 0.13484 0.13094 0.12699 0.12299 0.11887 0.11445 0.10968 0.10451 0.099043 0.093472 0.087857 0.082221 0.07658 0.07085 0.065119 0.059469 0.053962 0.048873 0.044546 0.040852 0.037628 0.034717 0.032422 0.030772 0.029359 0.027792 0.025704 0.022628 0.018891 0.015164 0.01203 0.010015 0.0090248 0.0080901 0.0071933 0.0063316 0.0054974 0.0046789 0.0038281 0.0029587 0.0021235 0.0013612 0.00070272 0.00017567 0 0 0 0 0 0 0 4.464e-08 0 0 0 0 
127 0.0012207 0.0057056 0.031858 0.050095 0.0629 0.08786 0.11446 0.139 0.16628 0.194 0.21356 0.2207 0.21948 0.21339 0.20569 0.19948 0.19346 0.18678 0.18061 0.17607 0.17648 0.18866 0.2075 0.22692 0.24092 0.25188 0.26249 0.2694 0.26925 0.26015 0.24811 0.23505 0.22187 0.20958 0.19737 0.18468 0.17298 0.16352 0.15708 0.152 0.14781 0.14414 0.14045 0.13662 0.1328 0.12894 0.12503 0.12107 0.117 0.11265 0.10797 0.10295 0.097648 0.092234 0.086765 0.081268 0.075762 0.070158 0.064549 0.059021 0.053637 0.048654 0.044388 0.040725 0.037512 0.034602 0.032307 0.030659 0.029253 0.027698 0.025623 0.02256 0.018833 0.015115 0.01199 0.0099835 0.0090045 0.0080787 0.0071873 0.006329 0.0054967 0.0046804 0.0038482 0.0030103 0.0022034 0.001453 0.00077824 0.0001964 0 0 0 0 0 0 0 3.733e-08 0 0 0 0 
127.5 0.00094987 0.0052743 0.031209 0.049134 0.061755 0.086383 0.11255 0.13651 0.16304 0.19008 0.20949 0.21711 0.21615 0.21017 0.2025 0.19629 0.19022 0.18351 0.1774 0.17299 0.17355 0.18553 0.20395 0.22294 0.23667 0.24761 0.25833 0.26532 0.26517 0.25611 0.24435 0.23165 0.21879 0.20671 0.19466 0.18214 0.17058 0.16121 0.15478 0.14974 0.14561 0.14201 0.13837 0.13457 0.13077 0.12694 0.12306 0.11915 0.11512 0.11084 0.10626 0.10138 0.096253 0.090997 0.085674 0.080315 0.074944 0.069465 0.063978 0.058572 0.053311 0.048436 0.044231 0.040598 0.037395 0.034487 0.032191 0.030546 0.029148 0.027603 0.025542 0.022491 0.018775 0.015066 0.01195 0.0099518 0.0089841 0.0080672 0.0071814 0.0063264 0.0054961 0.0046819 0.0038683 0.0030619 0.0022834 0.0015448 0.00085376 0.00021713 0 0 0 0 0 0 0 3.002e-08 0 0 0 0 
128 0.00070427 0.0048882 0.030646 0.048289 0.060743 0.08509 0.11088 0.13433 0.16021 0.18666 0.20596 0.21403 0.21334 0.20737 0.19964 0.19347 0.18746 0.18075 0.17465 0.17032 0.171 0.18279 0.20086 0.21949 0.23304 0.24395 0.2547 0.26177 0.26175 0.25283 0.2413 0.2289 0.21631 0.20443 0.19253 0.18015 0.16869 0.15936 0.15293 0.14795 0.14388 0.14033 0.13673 0.13296 0.12918 0.12532 0.12144 0.11758 0.11363 0.10941 0.1049 0.10014 0.095158 0.090032 0.084825 0.079576 0.07431 0.068927 0.063531 0.058216 0.053039 0.048232 0.04407 0.040469 0.03729 0.034394 0.032102 0.030457 0.029058 0.027517 0.025469 0.022441 0.018742 0.015043 0.011932 0.0099338 0.0089714 0.00806 0.007178 0.0063253 0.0054967 0.0046844 0.0038815 0.0030923 0.0023288 0.0015961 0.00089614 0.00023044 0 0 0 0 0 0 0 2.641e-08 0 0 0 0 
128.5 0.00050238 0.0045804 0.030233 0.047645 0.059962 0.084117 0.10965 0.13271 0.15809 0.18412 0.20337 0.21186 0.21141 0.20532 0.19737 0.19129 0.18554 0.17887 0.17268 0.16839 0.16914 0.18076 0.19855 0.21697 0.2305 0.24137 0.25197 0.25911 0.25948 0.25086 0.23949 0.22725 0.2149 0.2032 0.19141 0.17912 0.16768 0.15832 0.15188 0.14696 0.14296 0.13943 0.13587 0.13215 0.12835 0.12438 0.12041 0.11662 0.11279 0.10863 0.10416 0.09947 0.094581 0.089537 0.084397 0.079208 0.073997 0.068655 0.063299 0.05802 0.05286 0.048054 0.043901 0.040337 0.037204 0.034342 0.03206 0.03041 0.028997 0.027444 0.025411 0.022422 0.018752 0.015065 0.011951 0.0099394 0.008972 0.0080604 0.0071788 0.006327 0.0054996 0.0046889 0.0038831 0.0030862 0.0023144 0.0015773 0.00088111 0.00023089 0 0 0 0 0 0 0 2.9209e-08 0 0 0 0 
129 0.00030049 0.0042726 0.029819 0.047 0.05918 0.083145 0.10842 0.13109 0.15597 0.18157 0.20078 0.20969 0.20948 0.20327 0.1951 0.18911 0.18361 0.17698 0.17072 0.16645 0.16727 0.17872 0.19624 0.21446 0.22797 0.23879 0.24925 0.25644 0.25722 0.2489 0.23767 0.22561 0.21349 0.20196 0.19029 0.17808 0.16666 0.15728 0.15082 0.14598 0.14204 0.13853 0.135 0.13133 0.12753 0.12344 0.11939 0.11565 0.11194 0.10786 0.10342 0.098798 0.094004 0.089042 0.083969 0.078839 0.073684 0.068384 0.063066 0.057823 0.052682 0.047876 0.043733 0.040205 0.037118 0.034289 0.032017 0.030363 0.028935 0.027372 0.025353 0.022403 0.018763 0.015087 0.01197 0.0099451 0.0089726 0.0080608 0.0071796 0.0063286 0.0055024 0.0046933 0.0038847 0.00308 0.0023 0.0015586 0.00086608 0.00023134 0 0 0 0 0 0 0 3.2008e-08 0 0 0 0 
129.5 9.8598e-05 0.0039647 0.029406 0.046356 0.058399 0.082173 0.1072 0.12947 0.15385 0.17903 0.19818 0.20752 0.20755 0.20123 0.19283 0.18692 0.18169 0.1751 0.16875 0.16451 0.16541 0.17669 0.19393 0.21194 0.22543 0.2362 0.24653 0.25378 0.25495 0.24693 0.23585 0.22396 0.21208 0.20073 0.18917 0.17704 0.16565 0.15624 0.14976 0.145 0.14112 0.13764 0.13413 0.13052 0.1267 0.1225 0.11836 0.11469 0.1111 0.10708 0.10268 0.098126 0.093427 0.088547 0.083541 0.07847 0.073371 0.068112 0.062833 0.057627 0.052503 0.047698 0.043564 0.040073 0.037032 0.034236 0.031975 0.030317 0.028874 0.027299 0.025295 0.022383 0.018774 0.015109 0.011989 0.0099508 0.0089731 0.0080611 0.0071804 0.0063303 0.0055052 0.0046978 0.0038863 0.0030738 0.0022855 0.0015398 0.00085105 0.00023179 0 0 0 0 0 0 0 3.4806e-08 0 0 0 0 
130 1.4101e-05 0.0038134 0.029016 0.045751 0.057668 0.081224 0.106 0.12797 0.15198 0.17685 0.19596 0.20554 0.20576 0.19962 0.19134 0.18538 0.17994 0.17327 0.16698 0.16285 0.16388 0.17506 0.19207 0.20983 0.22317 0.23404 0.24462 0.252 0.25301 0.24483 0.234 0.22249 0.21085 0.19961 0.18816 0.17619 0.16487 0.15539 0.14873 0.14394 0.14016 0.13677 0.13333 0.12974 0.12592 0.12167 0.11751 0.11386 0.11032 0.10634 0.10197 0.097476 0.092845 0.08803 0.083085 0.078073 0.07303 0.067821 0.06259 0.057431 0.052345 0.047568 0.043453 0.039982 0.036961 0.03418 0.031925 0.030269 0.028825 0.027252 0.025257 0.022371 0.018792 0.015153 0.012046 0.010003 0.0090124 0.0080906 0.0072036 0.0063503 0.0055236 0.0047142 0.0038912 0.0030579 0.0022501 0.0014944 0.00081225 0.00022256 0 0 0 0 0 0 0 3.5127e-08 0 0 0 0 
130.5 9.663e-06 0.0037686 0.028642 0.045173 0.056973 0.080292 0.10482 0.12655 0.15028 0.17492 0.19398 0.20368 0.20406 0.19831 0.19038 0.18428 0.17831 0.17147 0.16534 0.16138 0.16259 0.1737 0.19052 0.20799 0.22112 0.23216 0.24325 0.25082 0.25129 0.24265 0.23213 0.22113 0.20976 0.19859 0.18724 0.17545 0.16423 0.15467 0.14772 0.14285 0.13916 0.13593 0.13258 0.12898 0.12516 0.12093 0.11677 0.11313 0.10959 0.10563 0.10129 0.09684 0.09226 0.087497 0.08261 0.077656 0.07267 0.067518 0.062342 0.057235 0.052201 0.047469 0.043381 0.039921 0.036901 0.034121 0.03187 0.030221 0.028785 0.02722 0.025233 0.022363 0.018816 0.015212 0.012129 0.010088 0.0090781 0.0081399 0.0072421 0.0063828 0.0055527 0.0047389 0.0038984 0.0030355 0.0022003 0.0014308 0.00075724 0.00020674 0 0 0 0 0 0 0 3.3756e-08 0 0 0 0 
131 5.2251e-06 0.0037239 0.028268 0.044596 0.056278 0.079361 0.10364 0.12513 0.14859 0.173 0.192 0.20183 0.20237 0.197 0.18943 0.18317 0.17669 0.16967 0.16371 0.1599 0.16129 0.17234 0.18897 0.20616 0.21906 0.23027 0.24189 0.24964 0.24957 0.24046 0.23025 0.21978 0.20866 0.19756 0.18632 0.17471 0.1636 0.15395 0.1467 0.14175 0.13817 0.13509 0.13182 0.12822 0.12441 0.12018 0.11604 0.11239 0.10886 0.10491 0.10061 0.096204 0.091674 0.086965 0.082134 0.077239 0.07231 0.067214 0.062093 0.057038 0.052058 0.047371 0.043309 0.039859 0.036841 0.034062 0.031816 0.030172 0.028745 0.027189 0.025209 0.022356 0.01884 0.01527 0.012212 0.010172 0.0091438 0.0081892 0.0072806 0.0064153 0.0055818 0.0047636 0.0039056 0.003013 0.0021506 0.0013672 0.00070222 0.00019092 0 0 0 0 0 0 0 3.2386e-08 0 0 0 0 
131.5 7.8715e-07 0.0036792 0.027894 0.044018 0.055583 0.078429 0.10246 0.12371 0.1469 0.17107 0.19003 0.19997 0.20067 0.19569 0.18848 0.18206 0.17506 0.16787 0.16207 0.15843 0.16 0.17099 0.18741 0.20432 0.217 0.22839 0.24052 0.24847 0.24786 0.23828 0.22838 0.21842 0.20757 0.19653 0.18539 0.17398 0.16297 0.15324 0.14569 0.14065 0.13717 0.13426 0.13107 0.12747 0.12365 0.11943 0.1153 0.11166 0.10812 0.10419 0.099926 0.095568 0.091089 0.086433 0.081659 0.076822 0.07195 0.066911 0.061844 0.056842 0.051914 0.047273 0.043236 0.039797 0.036781 0.034002 0.031761 0.030124 0.028705 0.027158 0.025185 0.022349 0.018864 0.015329 0.012295 0.010256 0.0092095 0.0082385 0.0073191 0.0064478 0.0056109 0.0047882 0.0039128 0.0029906 0.0021008 0.0013036 0.00064721 0.0001751 0 0 0 0 0 0 0 3.1016e-08 0 0 0 0 
132 0 0.0036386 0.027626 0.043593 0.055057 0.077646 0.1014 0.1224 0.14528 0.16913 0.18788 0.19777 0.19848 0.19358 0.18647 0.1801 0.17311 0.16596 0.16024 0.15666 0.15825 0.16913 0.18537 0.20207 0.21459 0.22592 0.23802 0.24593 0.24525 0.23569 0.22594 0.21615 0.20545 0.19455 0.18357 0.17235 0.16149 0.15181 0.14419 0.13914 0.13573 0.13291 0.12976 0.12616 0.12241 0.11837 0.11434 0.11057 0.10685 0.10293 0.098802 0.094542 0.090119 0.085547 0.08089 0.076175 0.071412 0.066457 0.061457 0.056518 0.051659 0.047087 0.043092 0.039672 0.036661 0.033882 0.031643 0.030014 0.028607 0.027074 0.025112 0.022288 0.018816 0.015295 0.012273 0.010241 0.0091984 0.0082303 0.0073131 0.0064435 0.005608 0.0047865 0.0039141 0.0029964 0.0021108 0.0013158 0.00065783 0.00017915 0 0 0 0 0 0 0 2.7919e-08 0 0 0 0 
132.5 0 0.0035988 0.027382 0.043202 0.054568 0.076895 0.10037 0.12111 0.14367 0.16718 0.1857 0.19549 0.19618 0.1913 0.18424 0.17796 0.17109 0.16404 0.15836 0.15482 0.15641 0.16717 0.18322 0.19973 0.2121 0.22331 0.23527 0.24309 0.24246 0.23303 0.22337 0.21368 0.20312 0.19238 0.18156 0.17052 0.15983 0.15023 0.14258 0.13754 0.13419 0.13144 0.12833 0.12473 0.12106 0.11723 0.11332 0.1094 0.10547 0.10155 0.097582 0.093431 0.089067 0.084585 0.080057 0.075479 0.070836 0.065971 0.061042 0.056166 0.05138 0.046882 0.042932 0.039533 0.036528 0.033749 0.031512 0.029891 0.028497 0.026978 0.02503 0.022216 0.018753 0.015241 0.012228 0.010205 0.0091707 0.0082097 0.0072975 0.0064313 0.0055983 0.0047791 0.0039141 0.0030083 0.0021337 0.0013442 0.00068259 0.0001875 0 0 0 0 0 0 0 2.445e-08 0 0 0 0 
133 0 0.0035591 0.027137 0.04281 0.054078 0.076145 0.099333 0.11982 0.14206 0.16524 0.18352 0.19322 0.19388 0.18901 0.182 0.17581 0.16906 0.16211 0.15648 0.15298 0.15456 0.16521 0.18108 0.19739 0.20962 0.22071 0.23252 0.24026 0.23967 0.23036 0.2208 0.21121 0.20079 0.1902 0.17954 0.16869 0.15816 0.14864 0.14097 0.13594 0.13265 0.12998 0.12691 0.1233 0.11972 0.1161 0.1123 0.10823 0.10408 0.10017 0.096363 0.092319 0.088015 0.083623 0.079224 0.074783 0.070259 0.065484 0.060626 0.055814 0.051101 0.046678 0.042772 0.039394 0.036396 0.033616 0.031381 0.029768 0.028386 0.026883 0.024947 0.022143 0.018691 0.015188 0.012183 0.010169 0.009143 0.0081891 0.0072818 0.006419 0.0055885 0.0047718 0.0039141 0.0030202 0.0021566 0.0013727 0.00070736 0.00019584 0 0 0 0 0 0 0 2.098e-08 0 0 0 0 
133.5 0 0.0035121 0.02687 0.04239 0.053555 0.075355 0.098256 0.11848 0.14041 0.16324 0.18129 0.19091 0.19156 0.18671 0.17975 0.17366 0.16704 0.16017 0.15458 0.15111 0.1527 0.16323 0.1789 0.195 0.20708 0.21806 0.22974 0.2374 0.23687 0.22771 0.21826 0.20877 0.19849 0.18805 0.17755 0.16687 0.15649 0.14706 0.13938 0.13437 0.13113 0.12854 0.12549 0.12188 0.11838 0.11495 0.11127 0.10706 0.10271 0.098812 0.095158 0.091218 0.086974 0.082673 0.0784 0.074091 0.069684 0.064999 0.060211 0.055463 0.050823 0.046474 0.042613 0.039256 0.036263 0.033483 0.031251 0.029646 0.028277 0.026788 0.024866 0.022073 0.018629 0.015136 0.01214 0.010133 0.0091155 0.0081685 0.007266 0.0064066 0.0055785 0.0047642 0.0039136 0.0030312 0.0021781 0.0013995 0.00073083 0.00020387 0 0 0 0 0 0 0 1.7458e-08 0 0 0 0 
134 0 0.0033258 0.026178 0.041409 0.052376 0.073814 0.096354 0.11623 0.13779 0.16028 0.17817 0.18794 0.18882 0.18402 0.17707 0.17128 0.16497 0.15796 0.15206 0.14863 0.15054 0.16092 0.17611 0.19174 0.20363 0.21458 0.2263 0.23415 0.234 0.22539 0.2163 0.207 0.19681 0.18644 0.17591 0.16507 0.1546 0.14535 0.13821 0.13342 0.1301 0.12732 0.1242 0.12066 0.11715 0.11361 0.10989 0.10589 0.1018 0.097954 0.094237 0.090309 0.086156 0.081943 0.077737 0.073488 0.069142 0.064528 0.059819 0.055151 0.050581 0.046284 0.042458 0.039123 0.036143 0.033368 0.031141 0.029546 0.02819 0.026716 0.024808 0.022029 0.018596 0.01511 0.012118 0.010109 0.0090922 0.008147 0.0072467 0.0063896 0.0055642 0.0047527 0.0039049 0.0030243 0.0021727 0.0013957 0.00072928 0.00020589 0 0 0 0 0 0 0 1.2915e-08 0 0 0 0 
134.5 0 0.0031395 0.025485 0.040429 0.051198 0.072273 0.094452 0.11398 0.13516 0.15731 0.17505 0.18497 0.18608 0.18133 0.1744 0.1689 0.1629 0.15575 0.14954 0.14616 0.14838 0.1586 0.17332 0.18848 0.20017 0.21111 0.22287 0.23089 0.23113 0.22308 0.21435 0.20523 0.19513 0.18483 0.17427 0.16327 0.15271 0.14365 0.13704 0.13246 0.12906 0.1261 0.12292 0.11944 0.11592 0.11226 0.10852 0.10472 0.10088 0.097097 0.093315 0.089399 0.085337 0.081214 0.077075 0.072885 0.0686 0.064057 0.059428 0.054839 0.050338 0.046094 0.042304 0.038991 0.036023 0.033253 0.03103 0.029445 0.028104 0.026645 0.024751 0.021985 0.018563 0.015084 0.012095 0.010086 0.0090689 0.0081256 0.0072273 0.0063726 0.0055499 0.0047412 0.0038961 0.0030174 0.0021672 0.0013918 0.00072773 0.00020792 0 0 0 0 0 0 0 8.3718e-09 0 0 0 0 
135 0 0.0029532 0.024793 0.039449 0.050019 0.070732 0.092549 0.11173 0.13254 0.15435 0.17194 0.182 0.18333 0.17864 0.17173 0.16652 0.16083 0.15354 0.14703 0.14368 0.14623 0.15628 0.17053 0.18521 0.19671 0.20763 0.21943 0.22763 0.22826 0.22076 0.21239 0.20346 0.19345 0.18322 0.17263 0.16147 0.15082 0.14195 0.13587 0.1315 0.12803 0.12489 0.12164 0.11822 0.11469 0.11092 0.10715 0.10355 0.099968 0.096239 0.092394 0.08849 0.084519 0.080484 0.076413 0.072282 0.068057 0.063586 0.059036 0.054527 0.050096 0.045904 0.04215 0.038858 0.035902 0.033138 0.030919 0.029345 0.028017 0.026573 0.024694 0.021942 0.01853 0.015058 0.012073 0.010062 0.0090457 0.0081041 0.0072079 0.0063556 0.0055355 0.0047297 0.0038874 0.0030105 0.0021617 0.0013879 0.00072619 0.00020994 0 0 0 0 0 0 0 3.8286e-09 0 0 0 0 
135.5 0 0.0028249 0.024158 0.038524 0.0489 0.069263 0.090732 0.10959 0.13005 0.15155 0.169 0.17919 0.18074 0.17615 0.16931 0.16434 0.15884 0.15138 0.14461 0.1413 0.14416 0.15409 0.16792 0.18217 0.19349 0.20438 0.21621 0.22458 0.22558 0.21865 0.21061 0.20184 0.19189 0.18172 0.17112 0.15985 0.14914 0.14041 0.13474 0.13054 0.12701 0.12374 0.12044 0.11707 0.11356 0.10976 0.10599 0.1025 0.099048 0.095366 0.091515 0.087644 0.083745 0.079786 0.075782 0.071718 0.067561 0.063159 0.058679 0.054237 0.049866 0.045725 0.042004 0.038732 0.035787 0.033028 0.030813 0.029246 0.027928 0.026496 0.02463 0.021893 0.018495 0.015034 0.012055 0.010043 0.009026 0.0080857 0.007191 0.0063407 0.0055227 0.0047193 0.0038789 0.0030023 0.0021535 0.0013805 0.0007214 0.00021055 0 0 0 0 0 0 0 5.0278e-10 0 0 0 0 
136 0 0.0028483 0.023674 0.037744 0.047936 0.067981 0.089138 0.10773 0.12793 0.1492 0.16654 0.17679 0.17853 0.17418 0.16754 0.16268 0.15708 0.14939 0.14243 0.13919 0.14234 0.15221 0.16576 0.1797 0.19089 0.20175 0.21355 0.22204 0.22341 0.21706 0.20932 0.20063 0.19067 0.18051 0.16995 0.15869 0.14799 0.1393 0.13372 0.12957 0.12605 0.12278 0.11949 0.11611 0.11268 0.10906 0.10539 0.10175 0.098113 0.094451 0.09075 0.086966 0.08309 0.079169 0.075234 0.071254 0.067184 0.062848 0.058411 0.054002 0.049671 0.045574 0.041881 0.038623 0.035684 0.03293 0.030718 0.029153 0.027835 0.026406 0.024549 0.021833 0.018457 0.015014 0.012046 0.010036 0.0090157 0.008075 0.0071806 0.0063309 0.005514 0.0047119 0.0038709 0.0029907 0.0021382 0.0013638 0.00070813 0.00020745 0 0 0 0 0 0 0 3.5894e-10 0 0 0 0 
136.5 0 0.0028716 0.02319 0.036964 0.046972 0.066698 0.087544 0.10586 0.1258 0.14684 0.16408 0.17439 0.17632 0.17221 0.16577 0.16101 0.15531 0.14739 0.14026 0.13707 0.14052 0.15034 0.1636 0.17724 0.18829 0.19911 0.21089 0.21949 0.22124 0.21546 0.20803 0.19941 0.18945 0.17931 0.16879 0.15752 0.14683 0.13819 0.1327 0.12859 0.12508 0.12182 0.11853 0.11516 0.1118 0.10837 0.10478 0.101 0.097178 0.093535 0.089984 0.086287 0.082434 0.078553 0.074687 0.070791 0.066807 0.062538 0.058144 0.053767 0.049476 0.045423 0.041759 0.038514 0.035581 0.032832 0.030624 0.029059 0.027742 0.026316 0.024469 0.021772 0.018418 0.014994 0.012038 0.010029 0.0090054 0.0080644 0.0071702 0.0063212 0.0055052 0.0047044 0.0038629 0.0029791 0.0021228 0.0013472 0.00069487 0.00020435 0 0 0 0 0 0 0 2.1509e-10 0 0 0 0 
137 0 0.0028949 0.022705 0.036185 0.046009 0.065416 0.085949 0.104 0.12367 0.14449 0.16162 0.17198 0.1741 0.17024 0.16401 0.15934 0.15355 0.14539 0.13808 0.13495 0.1387 0.14846 0.16144 0.17477 0.18569 0.19647 0.20823 0.21695 0.21907 0.21387 0.20673 0.1982 0.18823 0.1781 0.16762 0.15636 0.14568 0.13708 0.13168 0.12762 0.12412 0.12086 0.11757 0.1142 0.11093 0.10768 0.10418 0.10025 0.096243 0.09262 0.089219 0.085608 0.081779 0.077936 0.07414 0.070327 0.06643 0.062227 0.057876 0.053532 0.049281 0.045272 0.041636 0.038405 0.035478 0.032735 0.030529 0.028966 0.027649 0.026226 0.024389 0.021711 0.01838 0.014975 0.012029 0.010022 0.0089951 0.0080537 0.0071598 0.0063115 0.0054965 0.004697 0.0038549 0.0029676 0.0021075 0.0013305 0.0006816 0.00020125 0 0 0 0 0 0 0 7.1243e-11 0 0 0 0 
137.5 1.0684e-05 0.0029042 0.022261 0.035538 0.045209 0.064308 0.084573 0.10241 0.12187 0.1425 0.15952 0.16991 0.17219 0.16855 0.16252 0.15796 0.15211 0.14378 0.13635 0.13331 0.13734 0.14702 0.15969 0.17268 0.18344 0.19416 0.20584 0.21465 0.21713 0.21253 0.2057 0.19723 0.18721 0.17708 0.16665 0.15541 0.14474 0.13617 0.13084 0.1268 0.12331 0.12005 0.11676 0.1134 0.11017 0.10702 0.10358 0.099578 0.095493 0.091893 0.08858 0.085029 0.081232 0.077429 0.073685 0.069936 0.066107 0.061956 0.057642 0.053328 0.049109 0.045135 0.041522 0.038306 0.035387 0.032649 0.030448 0.028891 0.027582 0.026167 0.024341 0.021678 0.018361 0.014966 0.012025 0.010017 0.0089872 0.0080455 0.0071519 0.0063041 0.0054899 0.0046915 0.0038499 0.0029614 0.0021001 0.0013232 0.00067698 0.00020291 0 0 0 0 0 0 0 0 0 0 0 0 
138 3.1853e-05 0.0028996 0.021855 0.035023 0.044569 0.06337 0.08341 0.1011 0.12039 0.14085 0.15778 0.16817 0.17058 0.16714 0.1613 0.15687 0.15099 0.14255 0.13505 0.13213 0.13643 0.14601 0.15834 0.17095 0.18153 0.19215 0.20373 0.21259 0.21541 0.21145 0.20494 0.1965 0.18641 0.17625 0.16586 0.15466 0.14401 0.13547 0.13018 0.12615 0.12264 0.11938 0.11609 0.11275 0.10953 0.1064 0.10297 0.098985 0.094925 0.091351 0.088065 0.084548 0.080791 0.077028 0.073323 0.069616 0.065835 0.061725 0.057442 0.053154 0.04896 0.045009 0.041415 0.038215 0.035307 0.032576 0.03038 0.028834 0.02754 0.02614 0.024326 0.021672 0.018361 0.014967 0.012026 0.010014 0.0089816 0.0080398 0.0071464 0.006299 0.0054854 0.0046881 0.0038478 0.0029605 0.0021005 0.0013252 0.00068085 0.00020925 0 0 0 0 0 0 0 0 0 0 0 0 
138.5 5.3021e-05 0.0028951 0.021449 0.034508 0.04393 0.062432 0.082246 0.099793 0.11891 0.13921 0.15604 0.16642 0.16896 0.16573 0.16009 0.15577 0.14987 0.14132 0.13376 0.13095 0.13552 0.145 0.15698 0.16923 0.17963 0.19015 0.20163 0.21052 0.21369 0.21037 0.20417 0.19577 0.1856 0.17542 0.16508 0.15391 0.14328 0.13477 0.12951 0.12549 0.12198 0.11871 0.11542 0.11209 0.1089 0.10578 0.10236 0.098393 0.094356 0.090808 0.087551 0.084068 0.080351 0.076628 0.07296 0.069296 0.065564 0.061493 0.057241 0.052979 0.04881 0.044884 0.041309 0.038124 0.035228 0.032502 0.030312 0.028777 0.027497 0.026112 0.02431 0.021667 0.018361 0.014969 0.012026 0.010011 0.0089761 0.008034 0.007141 0.0062939 0.0054809 0.0046846 0.0038457 0.0029597 0.0021009 0.0013271 0.00068471 0.00021559 0 0 0 0 0 0 0 0 0 0 0 0 
139 7.419e-05 0.0028906 0.021043 0.033993 0.043291 0.061494 0.081083 0.098482 0.11743 0.13756 0.1543 0.16468 0.16735 0.16432 0.15887 0.15468 0.14875 0.14009 0.13247 0.12978 0.13461 0.14399 0.15563 0.16751 0.17772 0.18814 0.19952 0.20846 0.21197 0.20928 0.2034 0.19504 0.18479 0.17459 0.1643 0.15316 0.14255 0.13406 0.12884 0.12483 0.12132 0.11804 0.11476 0.11144 0.10826 0.10516 0.10176 0.0978 0.093788 0.090266 0.087036 0.083587 0.07991 0.076228 0.072598 0.068976 0.065293 0.061262 0.057041 0.052805 0.048661 0.044759 0.041203 0.038033 0.035148 0.032428 0.030245 0.028721 0.027455 0.026085 0.024295 0.021661 0.018361 0.014971 0.012026 0.010007 0.0089705 0.0080283 0.0071355 0.0062888 0.0054764 0.0046811 0.0038436 0.0029588 0.0021014 0.001329 0.00068858 0.00022193 0 0 0 0 0 0 0 0 0 0 0 0 
139.5 0.00010047 0.0028906 0.020742 0.033585 0.042793 0.06079 0.080209 0.097489 0.11631 0.13633 0.15301 0.16339 0.16618 0.16331 0.15801 0.1539 0.14792 0.13912 0.13141 0.12884 0.13398 0.1433 0.15464 0.1662 0.17626 0.18661 0.19789 0.2069 0.21081 0.20884 0.20325 0.19482 0.18439 0.17409 0.16381 0.15267 0.14206 0.13358 0.12838 0.12439 0.12087 0.11759 0.11431 0.11101 0.10784 0.10474 0.10135 0.097424 0.093444 0.089943 0.086726 0.083296 0.079642 0.075978 0.072358 0.068746 0.065077 0.061072 0.056881 0.052675 0.048558 0.044675 0.041132 0.037973 0.035095 0.032377 0.030194 0.028674 0.027414 0.026051 0.024269 0.021646 0.018358 0.014979 0.01204 0.01002 0.0089793 0.0080356 0.0071409 0.0062919 0.0054772 0.0046813 0.0038441 0.0029587 0.0020996 0.001326 0.00068619 0.00022338 0 0 0 0 0 0 0 0 0 0 0 0 
140 0.00012862 0.0028924 0.020479 0.033217 0.042348 0.060172 0.079441 0.096613 0.11533 0.13525 0.15188 0.16228 0.16517 0.16245 0.15728 0.15325 0.1472 0.13824 0.13044 0.12798 0.13345 0.14273 0.15379 0.16504 0.17497 0.18526 0.19645 0.20554 0.20986 0.20862 0.20332 0.1948 0.18414 0.17371 0.16343 0.15227 0.14165 0.13318 0.128 0.12402 0.12051 0.11723 0.11395 0.11066 0.10749 0.10439 0.10102 0.097127 0.093182 0.0897 0.086491 0.083075 0.079438 0.075783 0.072163 0.068549 0.064881 0.060897 0.056736 0.052563 0.048472 0.044606 0.041076 0.037924 0.035051 0.032334 0.030151 0.028631 0.027374 0.026016 0.024239 0.021627 0.018354 0.014988 0.012058 0.010039 0.0089933 0.0080476 0.0071504 0.0062981 0.0054801 0.0046829 0.0038456 0.0029587 0.002097 0.001321 0.0006815 0.00022303 0 0 0 0 0 0 0 0 0 0 0 0 
140.5 0.00015677 0.0028942 0.020216 0.032849 0.041902 0.059554 0.078673 0.095737 0.11435 0.13417 0.15075 0.16117 0.16416 0.16158 0.15656 0.1526 0.14648 0.13736 0.12946 0.12713 0.13292 0.14216 0.15294 0.16388 0.17368 0.1839 0.195 0.20417 0.2089 0.20841 0.20338 0.19477 0.18388 0.17333 0.16305 0.15188 0.14125 0.13278 0.12763 0.12366 0.12015 0.11686 0.11359 0.11031 0.10714 0.10405 0.10069 0.09683 0.092921 0.089457 0.086257 0.082853 0.079234 0.075588 0.071969 0.068352 0.064686 0.060721 0.056591 0.05245 0.048385 0.044537 0.041019 0.037875 0.035006 0.032292 0.030107 0.028588 0.027334 0.02598 0.02421 0.021608 0.01835 0.014998 0.012077 0.010057 0.0090074 0.0080597 0.0071599 0.0063042 0.0054829 0.0046845 0.0038471 0.0029588 0.0020944 0.0013161 0.00067682 0.00022269 0 0 0 0 0 0 0 0 0 0 0 0 
141 0.00018492 0.002896 0.019953 0.032481 0.041457 0.058936 0.077905 0.094861 0.11337 0.1331 0.14962 0.16005 0.16315 0.16072 0.15583 0.15194 0.14576 0.13649 0.12849 0.12628 0.13239 0.14159 0.15209 0.16271 0.17238 0.18254 0.19356 0.2028 0.20795 0.2082 0.20345 0.19475 0.18363 0.17296 0.16267 0.15148 0.14084 0.13237 0.12725 0.12329 0.11978 0.1165 0.11323 0.10996 0.1068 0.1037 0.10036 0.096533 0.09266 0.089215 0.086022 0.082632 0.07903 0.075394 0.071774 0.068155 0.06449 0.060546 0.056447 0.052337 0.048299 0.044467 0.040962 0.037827 0.034962 0.032249 0.030064 0.028545 0.027293 0.025944 0.02418 0.021589 0.018346 0.015008 0.012096 0.010076 0.0090214 0.0080718 0.0071693 0.0063103 0.0054858 0.0046861 0.0038485 0.0029589 0.0020918 0.0013111 0.00067213 0.00022234 0 0 0 0 0 0 0 0 0 0 0 0 
141.5 0.00020566 0.0029036 0.019777 0.032208 0.04112 0.058478 0.077338 0.094201 0.11261 0.13226 0.14875 0.15924 0.16245 0.16016 0.1554 0.15158 0.14541 0.13608 0.12803 0.12577 0.13187 0.14109 0.1516 0.16223 0.1719 0.18203 0.19299 0.2022 0.20735 0.20763 0.20294 0.19429 0.18326 0.17264 0.16237 0.15118 0.14055 0.13211 0.12704 0.12312 0.11961 0.1163 0.11302 0.10974 0.10657 0.10347 0.10012 0.096297 0.092428 0.088994 0.085813 0.082434 0.078842 0.075223 0.071627 0.068033 0.064387 0.060455 0.056363 0.052261 0.048235 0.044418 0.040923 0.037791 0.034927 0.032219 0.030041 0.028524 0.027271 0.02592 0.024158 0.021584 0.018369 0.01506 0.012167 0.010148 0.0090778 0.0081155 0.0072033 0.0063367 0.0055062 0.0047015 0.0038574 0.0029586 0.0020827 0.0012965 0.00065791 0.00021687 4.2555e-06 0 0 0 0 0 0 0 0 0 0 0 
142 0.00022608 0.0029114 0.019604 0.031938 0.040787 0.058027 0.07678 0.09355 0.11186 0.13143 0.1479 0.15844 0.16176 0.15962 0.15498 0.15124 0.14507 0.1357 0.12758 0.12527 0.13136 0.14059 0.15113 0.16178 0.17145 0.18155 0.19247 0.20163 0.20677 0.20705 0.20239 0.19382 0.18287 0.17233 0.16207 0.15089 0.14026 0.13185 0.12684 0.12295 0.11943 0.11612 0.11282 0.10952 0.10634 0.10324 0.099886 0.096062 0.092197 0.088773 0.085606 0.082237 0.078655 0.075053 0.071482 0.067913 0.064288 0.060367 0.056282 0.052186 0.048171 0.04437 0.040885 0.037755 0.034892 0.03219 0.030018 0.028504 0.027249 0.025897 0.024137 0.021578 0.018392 0.015113 0.012241 0.010223 0.009136 0.0081605 0.0072384 0.006364 0.0055273 0.0047175 0.0038665 0.0029582 0.0020732 0.0012814 0.0006433 0.00021119 8.6915e-06 0 0 0 0 0 0 0 0 0 0 0 
142.5 0.0002465 0.0029192 0.019431 0.031669 0.040455 0.057577 0.076222 0.092899 0.11112 0.1306 0.14704 0.15764 0.16107 0.15907 0.15456 0.1509 0.14473 0.13532 0.12714 0.12477 0.13084 0.14009 0.15065 0.16133 0.17099 0.18107 0.19194 0.20106 0.20618 0.20647 0.20185 0.19334 0.18249 0.17202 0.16178 0.15059 0.13997 0.13159 0.12665 0.12278 0.11926 0.11593 0.11262 0.10931 0.10612 0.10301 0.099653 0.095828 0.091966 0.088553 0.085399 0.08204 0.078468 0.074883 0.071337 0.067793 0.064189 0.060279 0.056201 0.05211 0.048107 0.044322 0.040847 0.037719 0.034857 0.032161 0.029996 0.028483 0.027227 0.025874 0.024116 0.021573 0.018416 0.015167 0.012314 0.010297 0.0091942 0.0082055 0.0072734 0.0063913 0.0055484 0.0047335 0.0038757 0.0029578 0.0020638 0.0012663 0.00062868 0.00020551 1.3128e-05 0 0 0 0 0 0 0 0 0 0 0 
143 0.00026536 0.0029244 0.019258 0.031405 0.040129 0.057135 0.075676 0.092267 0.11039 0.1298 0.14622 0.15686 0.1604 0.15853 0.15415 0.15056 0.1444 0.13496 0.12673 0.12433 0.13041 0.13965 0.15021 0.16087 0.17052 0.18056 0.19137 0.20044 0.20559 0.20595 0.20139 0.19294 0.18215 0.17172 0.1615 0.15032 0.13971 0.13136 0.12645 0.1226 0.11908 0.11574 0.11242 0.1091 0.10591 0.1028 0.099444 0.09562 0.091762 0.088357 0.085211 0.08186 0.078297 0.074727 0.071203 0.067681 0.064094 0.060195 0.056125 0.052042 0.04805 0.04428 0.040813 0.037689 0.034827 0.032136 0.029977 0.028467 0.02721 0.025856 0.024101 0.021571 0.018437 0.015212 0.012375 0.010358 0.0092414 0.0082422 0.0073022 0.0064141 0.0055664 0.0047474 0.003884 0.0029582 0.0020568 0.0012547 0.00061741 0.00020124 1.6659e-05 0 0 0 0 0 0 0 0 0 0 0 
143.5 0.00027738 0.0029179 0.019083 0.031159 0.039833 0.056731 0.075184 0.091717 0.10979 0.12915 0.14554 0.15617 0.15978 0.15802 0.15376 0.15025 0.14412 0.13468 0.12647 0.12414 0.13031 0.1395 0.14992 0.16042 0.16997 0.17991 0.1906 0.19964 0.20494 0.20569 0.20129 0.19283 0.18196 0.1715 0.16131 0.15016 0.13957 0.13122 0.12626 0.12238 0.11886 0.11552 0.11222 0.10892 0.10575 0.10267 0.099336 0.095522 0.091671 0.088264 0.085112 0.081759 0.078199 0.074635 0.071118 0.067602 0.06402 0.060129 0.05607 0.052001 0.048021 0.044261 0.040801 0.037679 0.034819 0.032129 0.029972 0.028466 0.027214 0.025864 0.024112 0.021583 0.018447 0.015217 0.012376 0.010356 0.0092403 0.0082424 0.0073037 0.0064172 0.0055711 0.0047523 0.0038886 0.002962 0.0020603 0.0012584 0.00062086 0.00020314 1.6224e-05 0 0 0 0 0 0 0 0 0 0 0 
144 0.0002894 0.0029114 0.018908 0.030914 0.039537 0.056328 0.074693 0.091167 0.10919 0.1285 0.14486 0.15549 0.15915 0.15752 0.15337 0.14994 0.14384 0.13441 0.12622 0.12395 0.1302 0.13935 0.14962 0.15996 0.16942 0.17927 0.18983 0.19883 0.2043 0.20542 0.20119 0.19272 0.18178 0.17128 0.16112 0.15 0.13944 0.13107 0.12608 0.12216 0.11863 0.11531 0.11202 0.10874 0.1056 0.10254 0.099228 0.095424 0.09158 0.088171 0.085012 0.081657 0.0781 0.074543 0.071033 0.067523 0.063946 0.060062 0.056016 0.05196 0.047993 0.044242 0.040789 0.03767 0.034811 0.032122 0.029968 0.028466 0.027218 0.025872 0.024123 0.021595 0.018456 0.015223 0.012378 0.010354 0.0092392 0.0082425 0.0073051 0.0064203 0.0055758 0.0047573 0.0038932 0.0029657 0.0020637 0.0012621 0.0006243 0.00020504 1.579e-05 0 0 0 0 0 0 0 0 0 0 0 
144.5 0.00030141 0.002905 0.018733 0.030668 0.03924 0.055924 0.074201 0.090617 0.10858 0.12785 0.14418 0.1548 0.15853 0.15701 0.15298 0.14963 0.14356 0.13414 0.12597 0.12375 0.1301 0.1392 0.14932 0.1595 0.16887 0.17862 0.18906 0.19803 0.20366 0.20515 0.2011 0.19262 0.1816 0.17106 0.16093 0.14985 0.1393 0.13093 0.12589 0.12194 0.11841 0.1151 0.11183 0.10856 0.10544 0.10241 0.09912 0.095326 0.09149 0.088078 0.084913 0.081555 0.078002 0.074451 0.070948 0.067444 0.063872 0.059996 0.055961 0.05192 0.047965 0.044223 0.040777 0.037661 0.034803 0.032115 0.029963 0.028466 0.027222 0.02588 0.024134 0.021607 0.018466 0.015229 0.012379 0.010353 0.0092382 0.0082426 0.0073066 0.0064234 0.0055804 0.0047623 0.0038978 0.0029695 0.0020672 0.0012658 0.00062774 0.00020694 1.5356e-05 0 0 0 0 0 0 0 0 0 0 0 
145 0.00030944 0.0028983 0.018591 0.030464 0.038993 0.055589 0.073792 0.090149 0.10805 0.12726 0.14358 0.15423 0.15805 0.15666 0.15276 0.14948 0.14343 0.13397 0.12577 0.1236 0.13005 0.13911 0.14911 0.15915 0.16844 0.17811 0.18843 0.19737 0.20317 0.20503 0.20114 0.19264 0.18154 0.17096 0.16084 0.14976 0.13922 0.13085 0.12579 0.12183 0.11829 0.11498 0.11171 0.10846 0.10535 0.10232 0.099045 0.09526 0.091432 0.08802 0.08485 0.081491 0.077942 0.074392 0.070886 0.067381 0.06381 0.059941 0.055918 0.051888 0.047942 0.044207 0.040765 0.037653 0.034797 0.032109 0.029957 0.028463 0.027224 0.025886 0.024143 0.021617 0.018474 0.015233 0.01238 0.010351 0.0092361 0.0082412 0.007306 0.0064241 0.0055822 0.0047644 0.0039 0.0029713 0.0020688 0.0012675 0.0006294 0.000208 1.5473e-05 0 0 0 0 0 0 0 0 0 0 0 
145.5 0.00031182 0.0028914 0.018498 0.030318 0.038814 0.055351 0.073499 0.089796 0.10763 0.12677 0.14309 0.15382 0.15778 0.15654 0.15278 0.14958 0.14349 0.13394 0.12566 0.1235 0.13006 0.13911 0.14901 0.15895 0.16818 0.17778 0.188 0.19692 0.20289 0.20512 0.20137 0.19284 0.18165 0.17103 0.16089 0.14978 0.13922 0.13085 0.12581 0.12187 0.11832 0.11499 0.11171 0.10845 0.10533 0.1023 0.099018 0.095241 0.09142 0.088011 0.084839 0.081482 0.077934 0.074379 0.070859 0.067341 0.063764 0.059904 0.055891 0.05187 0.047929 0.044194 0.040755 0.037647 0.034793 0.032104 0.02995 0.028457 0.027222 0.025889 0.02415 0.021625 0.01848 0.015237 0.01238 0.010348 0.0092325 0.0082377 0.0073028 0.0064212 0.0055798 0.0047625 0.0038987 0.0029703 0.0020677 0.0012663 0.00062853 0.00020787 1.6369e-05 0 0 0 0 0 0 0 0 0 0 0 
146 0.0003142 0.0028845 0.018404 0.030172 0.038636 0.055114 0.073207 0.089443 0.1072 0.12628 0.1426 0.15342 0.15751 0.15642 0.15279 0.14967 0.14355 0.1339 0.12555 0.1234 0.13007 0.1391 0.14892 0.15874 0.16792 0.17746 0.18758 0.19647 0.20262 0.20521 0.2016 0.19304 0.18176 0.1711 0.16095 0.14981 0.13922 0.13084 0.12584 0.1219 0.11835 0.11501 0.11172 0.10845 0.10531 0.10227 0.09899 0.095221 0.091408 0.088001 0.084828 0.081472 0.077927 0.074366 0.070832 0.067301 0.063719 0.059866 0.055863 0.051851 0.047915 0.044181 0.040744 0.03764 0.034789 0.032099 0.029942 0.02845 0.02722 0.025893 0.024157 0.021632 0.018486 0.01524 0.012381 0.010345 0.0092289 0.0082341 0.0072995 0.0064183 0.0055774 0.0047607 0.0038975 0.0029693 0.0020666 0.0012652 0.00062766 0.00020774 1.7265e-05 0 0 0 0 0 0 0 0 0 0 0 
146.5 0.00031658 0.0028776 0.018311 0.030026 0.038457 0.054876 0.072914 0.08909 0.10677 0.12579 0.14211 0.15301 0.15723 0.1563 0.1528 0.14976 0.14361 0.13387 0.12544 0.1233 0.13008 0.1391 0.14882 0.15854 0.16766 0.17713 0.18715 0.19603 0.20234 0.2053 0.20184 0.19324 0.18187 0.17117 0.161 0.14983 0.13921 0.13084 0.12586 0.12194 0.11838 0.11502 0.11172 0.10844 0.1053 0.10225 0.098963 0.095201 0.091396 0.087992 0.084817 0.081462 0.07792 0.074353 0.070805 0.067261 0.063674 0.059828 0.055836 0.051832 0.047901 0.044168 0.040734 0.037634 0.034786 0.032094 0.029935 0.028444 0.027219 0.025896 0.024163 0.02164 0.018492 0.015243 0.012381 0.010343 0.0092252 0.0082306 0.0072962 0.0064154 0.0055751 0.0047589 0.0038963 0.0029682 0.0020655 0.001264 0.00062679 0.00020761 1.816e-05 0 0 0 0 0 0 0 0 0 0 0 
147 0.00031988 0.0028737 0.01821 0.029866 0.038266 0.054633 0.072625 0.088767 0.10641 0.12541 0.14173 0.15268 0.157 0.1562 0.15283 0.14985 0.14367 0.13385 0.12536 0.12326 0.13016 0.13917 0.14879 0.15838 0.16745 0.17685 0.18675 0.1956 0.20213 0.20552 0.20221 0.19356 0.18205 0.17128 0.16111 0.14992 0.1393 0.13092 0.12595 0.12202 0.11845 0.11508 0.11176 0.10848 0.10533 0.10228 0.098983 0.095218 0.091414 0.088006 0.084824 0.081465 0.077921 0.07435 0.070794 0.067246 0.063658 0.059813 0.055819 0.051813 0.047882 0.044149 0.040715 0.037615 0.034768 0.032076 0.029919 0.02843 0.027208 0.025888 0.024157 0.021634 0.018489 0.015245 0.012386 0.010349 0.00923 0.008234 0.0072988 0.0064179 0.0055778 0.0047616 0.0038989 0.0029703 0.002067 0.0012651 0.00062744 0.00020799 1.8505e-05 0 0 0 0 0 0 0 0 0 0 0 
147.5 0.00032369 0.0028716 0.018106 0.029699 0.038067 0.054387 0.072339 0.088459 0.10609 0.12509 0.14142 0.1524 0.1568 0.15611 0.15285 0.14994 0.14373 0.13383 0.1253 0.12325 0.13029 0.13928 0.14879 0.15826 0.16727 0.17658 0.18636 0.1952 0.20195 0.20581 0.20267 0.19393 0.18227 0.17143 0.16125 0.15006 0.13943 0.13105 0.12607 0.12212 0.11854 0.11515 0.11183 0.10855 0.1054 0.10233 0.099028 0.095255 0.091447 0.088033 0.084842 0.081474 0.077925 0.074351 0.070794 0.067244 0.063657 0.059809 0.055809 0.051795 0.047859 0.044125 0.040691 0.03759 0.034741 0.032051 0.029897 0.028411 0.027192 0.025875 0.024143 0.021621 0.018482 0.015246 0.012394 0.010359 0.0092393 0.0082413 0.0073048 0.0064234 0.0055833 0.0047668 0.0039036 0.0029742 0.00207 0.0012673 0.00062894 0.00020864 1.8542e-05 0 0 0 0 0 0 0 0 0 0 0 
148 0.00032749 0.0028694 0.018001 0.029531 0.037869 0.054142 0.072053 0.088151 0.10578 0.12477 0.14111 0.15211 0.15659 0.15602 0.15288 0.15003 0.14378 0.13381 0.12523 0.12324 0.13041 0.13939 0.14879 0.15814 0.16709 0.17632 0.18597 0.19479 0.20177 0.20611 0.20313 0.19431 0.18249 0.17157 0.16139 0.1502 0.13957 0.13118 0.12619 0.12223 0.11862 0.11522 0.1119 0.10861 0.10546 0.10239 0.099074 0.095292 0.09148 0.08806 0.084859 0.081484 0.07793 0.074353 0.070793 0.067243 0.063657 0.059805 0.055798 0.051776 0.047836 0.044102 0.040668 0.037565 0.034715 0.032026 0.029875 0.028393 0.027176 0.025861 0.02413 0.021608 0.018474 0.015246 0.012402 0.01037 0.0092487 0.0082486 0.0073107 0.0064289 0.0055888 0.0047721 0.0039083 0.002978 0.002073 0.0012696 0.00063043 0.0002093 1.8579e-05 0 0 0 0 0 0 0 0 0 0 0 
148.5 0.0003313 0.0028672 0.017897 0.029364 0.037671 0.053896 0.071767 0.087843 0.10546 0.12445 0.1408 0.15183 0.15639 0.15593 0.1529 0.15012 0.14383 0.13379 0.12517 0.12323 0.13054 0.13951 0.14879 0.15801 0.1669 0.17606 0.18559 0.19438 0.20159 0.2064 0.20359 0.19469 0.18271 0.17171 0.16153 0.15034 0.1397 0.13131 0.12631 0.12233 0.11871 0.1153 0.11196 0.10868 0.10552 0.10244 0.099119 0.09533 0.091514 0.088087 0.084876 0.081494 0.077935 0.074354 0.070792 0.067242 0.063657 0.059802 0.055787 0.051757 0.047813 0.044078 0.040644 0.037539 0.034688 0.032001 0.029854 0.028374 0.02716 0.025847 0.024116 0.021596 0.018466 0.015247 0.012411 0.010381 0.009258 0.008256 0.0073166 0.0064344 0.0055944 0.0047773 0.003913 0.0029819 0.002076 0.0012719 0.00063192 0.00020996 1.8615e-05 0 0 0 0 0 0 0 0 0 0 0 
149 0.00033934 0.0028731 0.017817 0.029221 0.0375 0.05368 0.071506 0.087545 0.10513 0.1241 0.14044 0.15152 0.15617 0.15585 0.15294 0.15023 0.14392 0.13381 0.12514 0.12321 0.13057 0.13953 0.14876 0.15791 0.16676 0.17587 0.18532 0.19409 0.20141 0.20643 0.20368 0.19474 0.18272 0.17171 0.16152 0.15032 0.13968 0.1313 0.12631 0.12233 0.1187 0.11528 0.11194 0.10866 0.1055 0.10242 0.099086 0.095298 0.091488 0.08806 0.084842 0.081456 0.077899 0.07432 0.07076 0.067213 0.063633 0.05979 0.05579 0.051774 0.04784 0.044111 0.040678 0.037571 0.034714 0.032018 0.029865 0.028381 0.027164 0.025848 0.024117 0.021596 0.018469 0.015253 0.012418 0.010387 0.0092615 0.0082577 0.0073175 0.006435 0.0055951 0.0047782 0.003914 0.0029823 0.0020757 0.0012709 0.00063112 0.00021 2.0019e-05 0 0 0 0 0 0 0 0 0 0 0 
149.5 0.00034801 0.0028801 0.01774 0.029082 0.037333 0.053469 0.071248 0.087249 0.10479 0.12374 0.14008 0.15121 0.15596 0.15576 0.15297 0.15033 0.144 0.13383 0.12512 0.12319 0.1306 0.13954 0.14872 0.15781 0.16663 0.17569 0.18508 0.19382 0.20122 0.20641 0.20371 0.19475 0.1827 0.17169 0.16149 0.15028 0.13963 0.13125 0.12628 0.1223 0.11867 0.11525 0.11191 0.10862 0.10547 0.10238 0.09904 0.095257 0.091454 0.088025 0.0848 0.081411 0.077856 0.074281 0.070723 0.067179 0.063606 0.059777 0.055795 0.051796 0.047875 0.044153 0.040721 0.037611 0.034747 0.032042 0.02988 0.028391 0.02717 0.025852 0.024119 0.021599 0.018474 0.015259 0.012425 0.010392 0.009264 0.0082585 0.0073175 0.0064348 0.0055952 0.0047785 0.0039143 0.0029821 0.0020748 0.0012696 0.00062997 0.00020996 2.1631e-05 0 0 0 0 0 0 0 0 0 0 0 
150 0.00035669 0.0028872 0.017664 0.028943 0.037166 0.053258 0.07099 0.086953 0.10446 0.12338 0.13972 0.15089 0.15574 0.15567 0.15301 0.15044 0.14409 0.13386 0.1251 0.12317 0.13062 0.13955 0.14867 0.15772 0.1665 0.17552 0.18483 0.19355 0.20103 0.20639 0.20374 0.19476 0.18267 0.17167 0.16146 0.15023 0.13958 0.13121 0.12625 0.12228 0.11865 0.11521 0.11187 0.10859 0.10543 0.10234 0.098995 0.095215 0.091419 0.08799 0.084758 0.081366 0.077814 0.074242 0.070686 0.067145 0.063579 0.059764 0.0558 0.051819 0.04791 0.044194 0.040764 0.037652 0.034781 0.032066 0.029896 0.028402 0.027177 0.025856 0.024121 0.021602 0.018479 0.015266 0.012432 0.010397 0.0092665 0.0082594 0.0073176 0.0064347 0.0055952 0.0047787 0.0039147 0.002982 0.0020739 0.0012682 0.00062882 0.00020991 2.3243e-05 0 0 0 0 0 0 0 0 0 0 0 
150.5 0.00036496 0.0028931 0.017583 0.0288 0.036993 0.053038 0.070722 0.086644 0.10411 0.123 0.13935 0.15056 0.1555 0.15557 0.15305 0.15054 0.14415 0.13387 0.12508 0.12315 0.13063 0.13953 0.14861 0.1576 0.16635 0.17532 0.18457 0.19326 0.20083 0.20635 0.20376 0.19476 0.18265 0.17164 0.16143 0.15019 0.13953 0.13117 0.12623 0.12225 0.11862 0.11518 0.11184 0.10856 0.1054 0.10229 0.098943 0.095168 0.091381 0.087951 0.084712 0.081319 0.077771 0.074202 0.070648 0.06711 0.063549 0.059748 0.055802 0.051837 0.047942 0.044232 0.040804 0.037688 0.034811 0.032087 0.029909 0.028409 0.027182 0.025861 0.024125 0.021605 0.018483 0.015271 0.012438 0.010402 0.0092701 0.0082625 0.0073204 0.0064376 0.0055982 0.0047818 0.0039183 0.0029859 0.0020778 0.0012716 0.00063152 0.00021135 2.407e-05 0 0 0 0 0 0 0 0 0 0 0 
151 0.00036936 0.0028883 0.017467 0.028609 0.036764 0.052739 0.070353 0.086217 0.10362 0.12246 0.1388 0.15002 0.15506 0.1554 0.15317 0.15062 0.14396 0.13366 0.12499 0.12309 0.13051 0.13932 0.14833 0.15725 0.16595 0.17489 0.18412 0.19283 0.20047 0.20612 0.20361 0.19467 0.18259 0.17161 0.16139 0.15012 0.13943 0.13109 0.12619 0.12224 0.11861 0.11516 0.1118 0.1085 0.10531 0.10219 0.098837 0.095078 0.091308 0.087881 0.08464 0.081251 0.077714 0.074152 0.0706 0.067059 0.063491 0.059695 0.055767 0.051824 0.047941 0.044233 0.040805 0.037691 0.034812 0.032079 0.029893 0.028395 0.027176 0.025865 0.024135 0.021614 0.018484 0.015265 0.012429 0.0104 0.0092834 0.0082864 0.0073498 0.0064689 0.0056293 0.0048121 0.0039521 0.0030282 0.0021267 0.0013207 0.00067045 0.00022668 1.7524e-05 0 0 0 0 0 0 0 0 0 0 0 
151.5 0.00037376 0.0028834 0.017351 0.028419 0.036535 0.05244 0.069985 0.085789 0.10314 0.12193 0.13825 0.14948 0.15461 0.15524 0.15329 0.1507 0.14377 0.13344 0.1249 0.12302 0.13038 0.13911 0.14805 0.1569 0.16556 0.17446 0.18367 0.1924 0.20011 0.20589 0.20347 0.19458 0.18253 0.17157 0.16134 0.15005 0.13934 0.13101 0.12616 0.12223 0.1186 0.11514 0.11176 0.10844 0.10523 0.10209 0.098731 0.094988 0.091234 0.087811 0.084567 0.081184 0.077657 0.074103 0.070553 0.067008 0.063433 0.059643 0.055733 0.051811 0.047941 0.044235 0.040807 0.037693 0.034812 0.03207 0.029877 0.02838 0.027171 0.02587 0.024146 0.021622 0.018484 0.015258 0.012421 0.010398 0.0092967 0.0083103 0.0073791 0.0065002 0.0056604 0.0048424 0.0039859 0.0030704 0.0021756 0.0013697 0.00070938 0.00024202 1.0977e-05 0 0 0 0 0 0 0 0 0 0 0 
152 0.00037816 0.0028786 0.017235 0.028229 0.036307 0.052141 0.069616 0.085362 0.10265 0.12139 0.1377 0.14895 0.15417 0.15507 0.15341 0.15077 0.14358 0.13323 0.12481 0.12296 0.13026 0.1389 0.14777 0.15656 0.16517 0.17403 0.18322 0.19196 0.19975 0.20566 0.20333 0.19448 0.18247 0.17154 0.1613 0.14997 0.13925 0.13093 0.12613 0.12222 0.11859 0.11512 0.11173 0.10839 0.10515 0.10199 0.098625 0.094898 0.09116 0.087741 0.084494 0.081116 0.0776 0.074053 0.070505 0.066957 0.063376 0.059591 0.055698 0.051797 0.04794 0.044236 0.040808 0.037695 0.034812 0.032062 0.029861 0.028366 0.027165 0.025875 0.024157 0.021631 0.018485 0.015252 0.012412 0.010396 0.00931 0.0083342 0.0074085 0.0065315 0.0056915 0.0048727 0.0040197 0.0031126 0.0022245 0.0014188 0.00074831 0.00025736 4.4307e-06 0 0 0 0 0 0 0 0 0 0 0 
152.5 0.00037825 0.0028685 0.017129 0.028052 0.036092 0.051856 0.069258 0.084929 0.10213 0.12079 0.13708 0.14838 0.15375 0.15493 0.15355 0.15094 0.14358 0.13318 0.12479 0.1229 0.13012 0.13869 0.1475 0.15624 0.16481 0.17367 0.18289 0.19166 0.19949 0.2054 0.2031 0.19432 0.18237 0.17148 0.16124 0.14991 0.13918 0.13086 0.12608 0.12218 0.11854 0.11507 0.11167 0.10832 0.10508 0.10191 0.098551 0.094834 0.091107 0.087688 0.084433 0.081055 0.077545 0.074003 0.070459 0.066912 0.06333 0.059548 0.055664 0.051773 0.047924 0.044226 0.040803 0.037692 0.03481 0.032058 0.029855 0.028361 0.027163 0.025878 0.024164 0.021638 0.018489 0.015254 0.012414 0.010402 0.0093279 0.0083599 0.0074379 0.0065616 0.0057205 0.0049002 0.0040497 0.0031495 0.0022673 0.0014619 0.00078265 0.00027107 0 0 0 0 0 0 0 0 0 0 0 0 
153 0.00036932 0.0028473 0.017046 0.027903 0.035905 0.051599 0.068924 0.084486 0.10153 0.12005 0.13631 0.14776 0.15338 0.15485 0.15374 0.15131 0.14397 0.13347 0.12491 0.12285 0.12996 0.13846 0.14723 0.15596 0.16453 0.17346 0.18279 0.19165 0.19942 0.2051 0.20272 0.19399 0.18218 0.17137 0.16115 0.14985 0.13915 0.13083 0.126 0.12206 0.11841 0.11495 0.11158 0.10825 0.10504 0.10189 0.098544 0.094826 0.091097 0.087668 0.084399 0.081009 0.077494 0.073954 0.070417 0.066881 0.063309 0.059526 0.055629 0.051725 0.047877 0.044193 0.040783 0.037678 0.034801 0.032062 0.02987 0.028376 0.02717 0.025877 0.024162 0.021643 0.018502 0.015272 0.012436 0.010428 0.0093554 0.0083895 0.0074674 0.0065891 0.0057451 0.0049218 0.0040716 0.0031755 0.0022973 0.0014924 0.00080737 0.00028138 0 0 0 0 0 0 0 0 0 0 0 0 
153.5 0.00036039 0.0028261 0.016963 0.027754 0.035718 0.051342 0.068589 0.084042 0.10093 0.11931 0.13555 0.14714 0.15302 0.15477 0.15392 0.15168 0.14437 0.13376 0.12503 0.12281 0.1298 0.13823 0.14697 0.15569 0.16425 0.17324 0.1827 0.19164 0.19936 0.2048 0.20233 0.19367 0.18198 0.17126 0.16106 0.14979 0.13911 0.1308 0.12592 0.12194 0.11829 0.11484 0.11148 0.10818 0.105 0.10188 0.098537 0.094818 0.091087 0.087649 0.084364 0.080962 0.077442 0.073905 0.070375 0.066849 0.063288 0.059503 0.055595 0.051678 0.04783 0.044161 0.040763 0.037664 0.034792 0.032067 0.029886 0.028391 0.027177 0.025876 0.02416 0.021648 0.018515 0.01529 0.012458 0.010453 0.0093829 0.008419 0.0074969 0.0066167 0.0057697 0.0049434 0.0040934 0.0032015 0.0023273 0.0015229 0.00083209 0.00029169 0 0 0 0 0 0 0 0 0 0 0 0 
154 0.00035146 0.0028049 0.01688 0.027605 0.035532 0.051086 0.068255 0.083599 0.10034 0.11857 0.13478 0.14652 0.15265 0.1547 0.15411 0.15205 0.14476 0.13405 0.12514 0.12277 0.12964 0.138 0.1467 0.15541 0.16397 0.17303 0.1826 0.19162 0.19929 0.2045 0.20194 0.19334 0.18179 0.17116 0.16097 0.14973 0.13908 0.13077 0.12585 0.12183 0.11816 0.11473 0.11139 0.10811 0.10495 0.10186 0.09853 0.09481 0.091077 0.087629 0.08433 0.080916 0.077391 0.073856 0.070332 0.066818 0.063267 0.059481 0.055561 0.051631 0.047783 0.044128 0.040743 0.037649 0.034783 0.032071 0.029902 0.028406 0.027184 0.025875 0.024158 0.021653 0.018527 0.015309 0.012481 0.010478 0.0094104 0.0084485 0.0075264 0.0066443 0.0057943 0.0049651 0.0041153 0.0032275 0.0023573 0.0015534 0.00085682 0.000302 0 0 0 0 0 0 0 0 0 0 0 0 
154.5 0.00035929 0.002809 0.016769 0.027407 0.03529 0.050781 0.067894 0.083193 0.099889 0.1181 0.13431 0.14612 0.1524 0.15463 0.15422 0.15228 0.14502 0.13426 0.12526 0.12278 0.12954 0.13782 0.1465 0.1552 0.16376 0.17288 0.18256 0.1917 0.19944 0.20444 0.20164 0.19299 0.18162 0.17116 0.16099 0.14974 0.13911 0.13082 0.12588 0.12184 0.11816 0.11472 0.11138 0.10809 0.10493 0.10182 0.098496 0.094787 0.091068 0.087628 0.084333 0.080926 0.077408 0.073873 0.070344 0.066821 0.063261 0.059466 0.055537 0.051601 0.047752 0.0441 0.04072 0.037632 0.034773 0.032074 0.029914 0.028418 0.027192 0.025878 0.024161 0.02166 0.018541 0.015327 0.012504 0.010502 0.0094347 0.0084729 0.0075499 0.0066661 0.005814 0.0049825 0.0041322 0.0032459 0.0023771 0.0015726 0.00087213 0.00030867 0 0 0 0 0 0 0 0 0 0 0 0 
155 0.00038076 0.0028336 0.016636 0.027171 0.035004 0.050437 0.067511 0.082818 0.09956 0.11783 0.13408 0.1459 0.15225 0.15458 0.15426 0.1524 0.14516 0.13441 0.12538 0.12284 0.12949 0.1377 0.14634 0.15504 0.1636 0.17278 0.18255 0.19185 0.19976 0.20459 0.20142 0.19261 0.18147 0.17124 0.1611 0.14981 0.13918 0.13092 0.12601 0.12196 0.11827 0.11482 0.11145 0.10812 0.10491 0.10177 0.098439 0.094751 0.091058 0.087641 0.084366 0.080983 0.077481 0.073944 0.0704 0.066854 0.063268 0.059456 0.055522 0.051587 0.047734 0.044076 0.040696 0.037613 0.034763 0.032075 0.029923 0.028429 0.027202 0.025885 0.024168 0.02167 0.018555 0.015347 0.012527 0.010526 0.0094564 0.0084932 0.0075686 0.0066833 0.0058297 0.0049966 0.004145 0.003258 0.0023885 0.0015827 0.00087979 0.00031236 0 0 0 0 0 0 0 0 0 0 0 0 
155.5 0.00040223 0.0028582 0.016504 0.026934 0.034718 0.050093 0.067128 0.082443 0.099231 0.11756 0.13385 0.14568 0.1521 0.15453 0.15431 0.15251 0.14531 0.13456 0.1255 0.12289 0.12943 0.13757 0.14619 0.15488 0.16345 0.17269 0.18255 0.192 0.20007 0.20474 0.20119 0.19224 0.18132 0.17133 0.16121 0.14988 0.13926 0.13102 0.12613 0.12208 0.11838 0.11491 0.11152 0.10815 0.10489 0.10172 0.098382 0.094715 0.091049 0.087654 0.0844 0.081041 0.077553 0.074015 0.070456 0.066886 0.063275 0.059446 0.055508 0.051572 0.047716 0.044053 0.040671 0.037594 0.034753 0.032076 0.029932 0.02844 0.027211 0.025893 0.024175 0.02168 0.018569 0.015366 0.012549 0.010549 0.0094782 0.0085134 0.0075873 0.0067005 0.0058454 0.0050106 0.0041579 0.0032701 0.0023999 0.0015928 0.00088745 0.00031606 0 0 0 0 0 0 0 0 0 0 0 0 
156 0.0004237 0.0028828 0.016371 0.026697 0.034431 0.049749 0.066745 0.082068 0.098901 0.11729 0.13362 0.14546 0.15194 0.15448 0.15436 0.15263 0.14545 0.13471 0.12562 0.12295 0.12938 0.13745 0.14603 0.15472 0.1633 0.17259 0.18255 0.19216 0.20039 0.20488 0.20097 0.19186 0.18117 0.17142 0.16131 0.14996 0.13933 0.13113 0.12625 0.1222 0.11849 0.115 0.11158 0.10818 0.10488 0.10167 0.098325 0.09468 0.091039 0.087667 0.084434 0.081098 0.077626 0.074086 0.070512 0.066919 0.063282 0.059437 0.055493 0.051558 0.047698 0.044029 0.040647 0.037574 0.034743 0.032077 0.029941 0.028451 0.02722 0.0259 0.024182 0.02169 0.018583 0.015385 0.012572 0.010573 0.0094999 0.0085337 0.007606 0.0067177 0.005861 0.0050246 0.0041707 0.0032823 0.0024113 0.0016029 0.00089511 0.00031975 0 0 0 0 0 0 0 0 0 0 0 0 
156.5 0.00044974 0.0029118 0.016236 0.026463 0.03415 0.049406 0.066362 0.081698 0.098586 0.11704 0.13342 0.14527 0.15182 0.15445 0.15442 0.15274 0.14558 0.13483 0.1257 0.12298 0.12932 0.13733 0.14587 0.15456 0.16314 0.17247 0.18249 0.19215 0.20042 0.20481 0.20083 0.19176 0.18119 0.17152 0.16141 0.15003 0.13938 0.13118 0.12632 0.12226 0.11854 0.11505 0.11163 0.10823 0.10493 0.10171 0.098356 0.094747 0.091114 0.087648 0.084291 0.080927 0.077507 0.074008 0.070448 0.066872 0.063261 0.05943 0.05549 0.051554 0.047695 0.044028 0.040647 0.037575 0.034743 0.032075 0.029937 0.028447 0.02722 0.025903 0.024188 0.021698 0.018593 0.015394 0.01258 0.010581 0.0095112 0.0085477 0.0076213 0.0067329 0.0058755 0.005038 0.0041888 0.0033135 0.0024559 0.001654 0.00093963 0.00033942 0 0 0 0 0 0 0 0 0 0 0 0 
157 0.00047708 0.002942 0.016101 0.02623 0.033869 0.049064 0.06598 0.08133 0.098274 0.1168 0.13322 0.14509 0.1517 0.15442 0.15448 0.15285 0.14571 0.13494 0.12578 0.123 0.12927 0.13721 0.14571 0.15438 0.16298 0.17235 0.18241 0.19211 0.20036 0.20467 0.20072 0.19175 0.18126 0.17163 0.1615 0.1501 0.13943 0.13121 0.12636 0.12231 0.11859 0.11509 0.11167 0.10829 0.105 0.10176 0.098413 0.094843 0.091214 0.087619 0.084098 0.08069 0.077334 0.073888 0.07035 0.066802 0.063232 0.059425 0.055491 0.051554 0.047696 0.044034 0.040655 0.037581 0.034746 0.032072 0.02993 0.028441 0.027216 0.025904 0.024193 0.021706 0.018601 0.0154 0.012584 0.010585 0.0095195 0.00856 0.0076355 0.0067475 0.0058895 0.0050513 0.0042083 0.0033501 0.00251 0.0017168 0.00099469 0.00036365 0 0 0 0 0 0 0 0 0 0 0 0 
157.5 0.00050442 0.0029723 0.015965 0.025997 0.033589 0.048722 0.065597 0.080962 0.097963 0.11656 0.13303 0.14491 0.15158 0.15439 0.15454 0.15297 0.14583 0.13505 0.12586 0.12302 0.12922 0.1371 0.14555 0.15421 0.16281 0.17222 0.18233 0.19206 0.2003 0.20454 0.20062 0.19173 0.18133 0.17174 0.1616 0.15017 0.13947 0.13125 0.1264 0.12235 0.11863 0.11513 0.11172 0.10835 0.10507 0.10182 0.09847 0.094939 0.091313 0.087591 0.083904 0.080454 0.077161 0.073768 0.070252 0.066731 0.063203 0.05942 0.055492 0.051554 0.047697 0.04404 0.040662 0.037588 0.034749 0.032069 0.029922 0.028434 0.027213 0.025905 0.024198 0.021714 0.018608 0.015405 0.012588 0.010589 0.0095279 0.0085723 0.0076498 0.0067622 0.0059035 0.0050645 0.0042279 0.0033868 0.0025641 0.0017796 0.0010497 0.00038788 0 0 0 0 0 0 0 0 0 0 0 0 
158 0.00053194 0.0030028 0.01583 0.025763 0.033308 0.048378 0.065214 0.080593 0.097651 0.11632 0.13283 0.14473 0.15146 0.15437 0.1546 0.15308 0.14595 0.13516 0.12593 0.12304 0.12916 0.13698 0.1454 0.15404 0.16265 0.17209 0.18225 0.19202 0.20023 0.2044 0.20051 0.19171 0.1814 0.17185 0.16169 0.15024 0.13952 0.13128 0.12645 0.1224 0.11867 0.11517 0.11176 0.10841 0.10514 0.10187 0.098526 0.095035 0.091412 0.087562 0.083712 0.080218 0.076988 0.073649 0.070155 0.066662 0.063174 0.059415 0.055493 0.051553 0.047698 0.044046 0.04067 0.037594 0.034752 0.032066 0.029915 0.028427 0.027209 0.025907 0.024203 0.021722 0.018616 0.015411 0.012591 0.010593 0.0095361 0.0085845 0.007664 0.0067768 0.0059176 0.0050777 0.0042473 0.0034231 0.0026177 0.0018418 0.0011042 0.00041183 0 0 0 0 0 0 0 0 0 0 0 0 
158.5 0.0005891 0.0030692 0.015641 0.025431 0.0329 0.047867 0.064638 0.080046 0.09721 0.11601 0.1326 0.14451 0.15131 0.15431 0.15463 0.15315 0.14604 0.13524 0.12596 0.12298 0.12895 0.13667 0.14502 0.15364 0.16224 0.17175 0.18202 0.19188 0.20008 0.20412 0.20025 0.19158 0.18141 0.17192 0.16174 0.15025 0.13951 0.13129 0.12648 0.12244 0.11871 0.11519 0.11177 0.10841 0.10513 0.10184 0.098483 0.094994 0.091377 0.087535 0.083692 0.080204 0.076976 0.073638 0.070145 0.066656 0.063176 0.059421 0.055498 0.051555 0.047703 0.044063 0.040699 0.037634 0.034801 0.032124 0.029975 0.028477 0.027246 0.025931 0.024222 0.021739 0.018631 0.015422 0.012598 0.010594 0.0095342 0.0085838 0.0076671 0.0067849 0.00593 0.005092 0.0042529 0.0034055 0.0025752 0.0017841 0.0010501 0.00038847 0 0 0 0 0 0 0 0 0 0 0 0 
159 0.00064627 0.0031357 0.015452 0.025099 0.032493 0.047356 0.064063 0.0795 0.096769 0.1157 0.13238 0.1443 0.15116 0.15425 0.15466 0.15322 0.14612 0.13531 0.12599 0.12291 0.12873 0.13635 0.14465 0.15324 0.16184 0.17141 0.18179 0.19173 0.19992 0.20383 0.19998 0.19144 0.18141 0.17198 0.16178 0.15027 0.13951 0.13129 0.12651 0.12248 0.11874 0.11522 0.11179 0.10842 0.10512 0.10181 0.098439 0.094954 0.091343 0.087508 0.083673 0.08019 0.076964 0.073627 0.070135 0.066651 0.063178 0.059427 0.055502 0.051557 0.047709 0.04408 0.040728 0.037674 0.03485 0.032182 0.030034 0.028527 0.027282 0.025955 0.024241 0.021757 0.018645 0.015433 0.012604 0.010595 0.0095322 0.0085831 0.0076703 0.006793 0.0059424 0.0051064 0.0042584 0.0033879 0.0025328 0.0017264 0.00099609 0.00036511 0 0 0 0 0 0 0 0 0 0 0 0 
159.5 0.00070343 0.0032021 0.015263 0.024767 0.032086 0.046845 0.063488 0.078953 0.096327 0.11539 0.13215 0.14409 0.15101 0.1542 0.15468 0.15329 0.1462 0.13539 0.12601 0.12284 0.12852 0.13604 0.14428 0.15285 0.16143 0.17106 0.18156 0.19159 0.19976 0.20354 0.19972 0.19131 0.18141 0.17205 0.16183 0.15028 0.13951 0.13129 0.12654 0.12252 0.11878 0.11525 0.11181 0.10843 0.10511 0.10178 0.098395 0.094913 0.091309 0.087481 0.083653 0.080176 0.076952 0.073616 0.070126 0.066646 0.06318 0.059433 0.055507 0.051558 0.047715 0.044097 0.040757 0.037713 0.034899 0.03224 0.030093 0.028577 0.027319 0.02598 0.02426 0.021775 0.01866 0.015443 0.01261 0.010596 0.0095302 0.0085824 0.0076735 0.0068011 0.0059549 0.0051207 0.004264 0.0033703 0.0024904 0.0016687 0.00094205 0.00034175 0 0 0 0 0 0 0 0 0 0 0 0 
160 0.00075038 0.0032555 0.015087 0.024459 0.031707 0.046372 0.062957 0.078444 0.095907 0.11509 0.13192 0.14388 0.15089 0.15418 0.15476 0.15342 0.14635 0.13552 0.12608 0.12281 0.12836 0.13578 0.14397 0.15252 0.1611 0.17078 0.18138 0.1915 0.19966 0.20333 0.19953 0.19123 0.18146 0.17216 0.16192 0.15035 0.13955 0.13134 0.1266 0.12257 0.11882 0.11528 0.11184 0.10845 0.10512 0.10178 0.098383 0.094902 0.091301 0.087476 0.083652 0.080176 0.076953 0.073616 0.070126 0.066649 0.063186 0.059441 0.055513 0.051563 0.047722 0.044112 0.040781 0.037744 0.034936 0.032283 0.030137 0.028612 0.027343 0.025995 0.024271 0.021787 0.018675 0.015459 0.012626 0.010609 0.0095391 0.0085902 0.0076822 0.0068117 0.0059672 0.0051334 0.0042699 0.0033594 0.0024617 0.0016289 0.00090469 0.00032587 0 0 0 0 0 0 0 0 0 0 0 0 
160.5 0.00076381 0.0032661 0.014952 0.024227 0.031424 0.046024 0.062569 0.078059 0.095554 0.11479 0.13169 0.14371 0.15085 0.15429 0.15502 0.15377 0.1467 0.13581 0.12629 0.12293 0.12838 0.13574 0.14389 0.15241 0.16099 0.17072 0.1814 0.19158 0.19975 0.20335 0.19959 0.19138 0.18168 0.17241 0.16216 0.15058 0.13977 0.13153 0.12675 0.12268 0.1189 0.11534 0.1119 0.10853 0.10521 0.10188 0.098475 0.094988 0.09138 0.087544 0.083709 0.080224 0.076994 0.073653 0.070161 0.066679 0.063207 0.059456 0.055527 0.051577 0.047735 0.044121 0.040784 0.037743 0.034932 0.032277 0.030129 0.028601 0.02733 0.02598 0.024257 0.021783 0.018689 0.015493 0.012674 0.010661 0.0095835 0.0086262 0.0077091 0.0068303 0.0059791 0.0051407 0.0042769 0.0033703 0.0024777 0.0016479 0.00092206 0.00033452 0 0 0 0 0 0 0 0 0 0 0 0 
161 0.00077724 0.0032766 0.014817 0.023995 0.031141 0.045675 0.062182 0.077674 0.095201 0.11449 0.13145 0.14354 0.1508 0.15441 0.15528 0.15411 0.14706 0.13611 0.1265 0.12304 0.1284 0.13569 0.1438 0.15231 0.16088 0.17065 0.18141 0.19166 0.19983 0.20338 0.19964 0.19152 0.1819 0.17266 0.16239 0.1508 0.13998 0.13172 0.1269 0.12279 0.11898 0.1154 0.11196 0.10861 0.1053 0.10197 0.098567 0.095074 0.091458 0.087611 0.083767 0.080272 0.077034 0.07369 0.070195 0.066708 0.063227 0.059471 0.05554 0.051591 0.047748 0.044129 0.040788 0.037742 0.034927 0.032271 0.030121 0.028591 0.027316 0.025965 0.024243 0.021779 0.018704 0.015527 0.012722 0.010712 0.0096279 0.0086621 0.007736 0.0068489 0.0059911 0.005148 0.0042839 0.0033813 0.0024936 0.001667 0.00093942 0.00034318 0 0 0 0 0 0 0 0 0 0 0 0 
161.5 0.00079067 0.0032872 0.014682 0.023764 0.030857 0.045327 0.061794 0.077288 0.094848 0.1142 0.13121 0.14337 0.15076 0.15452 0.15553 0.15446 0.14741 0.13641 0.12671 0.12316 0.12842 0.13564 0.14372 0.15221 0.16077 0.17059 0.18143 0.19175 0.19992 0.2034 0.1997 0.19166 0.18212 0.17291 0.16263 0.15103 0.14019 0.13191 0.12704 0.1229 0.11906 0.11547 0.11203 0.10869 0.10539 0.10207 0.098659 0.09516 0.091536 0.087679 0.083824 0.08032 0.077075 0.073727 0.07023 0.066738 0.063248 0.059486 0.055554 0.051605 0.04776 0.044138 0.040792 0.037742 0.034923 0.032265 0.030113 0.02858 0.027303 0.02595 0.024229 0.021775 0.018718 0.015561 0.01277 0.010764 0.0096724 0.008698 0.0077629 0.0068676 0.006003 0.0051554 0.0042909 0.0033923 0.0025096 0.001686 0.00095679 0.00035184 0 0 0 0 0 0 0 0 0 0 0 0 
162 0.00080897 0.0033029 0.014537 0.023523 0.030566 0.044969 0.061399 0.076918 0.094555 0.114 0.1311 0.14329 0.15074 0.15458 0.15567 0.15464 0.1476 0.13659 0.12685 0.12323 0.12841 0.13556 0.1436 0.15207 0.16063 0.17048 0.18138 0.19175 0.19993 0.20337 0.1997 0.19174 0.18227 0.17308 0.16279 0.15118 0.14033 0.13203 0.12714 0.12297 0.11911 0.1155 0.11206 0.10873 0.10544 0.10211 0.098701 0.095197 0.091569 0.087709 0.083851 0.080339 0.077085 0.073732 0.070235 0.066741 0.063245 0.059481 0.055553 0.05161 0.047767 0.044142 0.040792 0.03774 0.03492 0.032259 0.030103 0.028569 0.027294 0.025944 0.024226 0.021778 0.018731 0.015583 0.012798 0.010792 0.0096978 0.0087196 0.0077802 0.0068805 0.0060122 0.005162 0.0042982 0.0034041 0.0025263 0.0017053 0.00097411 0.00036048 0 0 0 0 0 0 0 0 0 0 0 0 
162.5 0.00083299 0.0033246 0.014379 0.023272 0.030265 0.044599 0.060993 0.076566 0.094331 0.11393 0.13111 0.1433 0.15075 0.15459 0.15568 0.15463 0.14759 0.13662 0.12691 0.12326 0.12835 0.13544 0.14345 0.15191 0.16046 0.17033 0.18126 0.19165 0.19985 0.20327 0.19963 0.19173 0.18233 0.17317 0.16287 0.15125 0.14039 0.13208 0.12719 0.123 0.11913 0.11551 0.11207 0.10874 0.10545 0.10211 0.098686 0.095177 0.091549 0.087695 0.083843 0.080326 0.077059 0.073701 0.070206 0.066714 0.063215 0.059454 0.055536 0.051605 0.047767 0.04414 0.040789 0.037739 0.034919 0.032252 0.03009 0.028558 0.02729 0.025949 0.024236 0.021789 0.01874 0.01559 0.012802 0.010795 0.0097009 0.0087246 0.0077861 0.0068866 0.0060181 0.0051677 0.0043059 0.0034168 0.0025439 0.001725 0.00099138 0.0003691 0 0 0 0 0 0 0 0 0 0 0 0 
163 0.000857 0.0033463 0.014221 0.023021 0.029964 0.04423 0.060588 0.076213 0.094107 0.11386 0.13113 0.14331 0.15075 0.1546 0.15569 0.15462 0.14759 0.13665 0.12696 0.1233 0.12829 0.13532 0.1433 0.15175 0.16029 0.17018 0.18113 0.19156 0.19976 0.20317 0.19956 0.19173 0.18239 0.17326 0.16295 0.15132 0.14044 0.13213 0.12723 0.12304 0.11915 0.11552 0.11207 0.10874 0.10545 0.1021 0.098671 0.095157 0.091529 0.087681 0.083835 0.080313 0.077033 0.073669 0.070177 0.066687 0.063185 0.059427 0.05552 0.051599 0.047767 0.044138 0.040786 0.037737 0.034917 0.032244 0.030077 0.028547 0.027286 0.025953 0.024246 0.0218 0.01875 0.015597 0.012806 0.010797 0.009704 0.0087295 0.0077921 0.0068928 0.0060241 0.0051735 0.0043136 0.0034294 0.0025614 0.0017447 0.0010086 0.00037773 0 0 0 0 0 0 0 0 0 0 0 0 
163.5 0.00088101 0.003368 0.014064 0.02277 0.029664 0.04386 0.060183 0.075861 0.093883 0.11379 0.13115 0.14332 0.15076 0.15461 0.15569 0.15461 0.14759 0.13668 0.12702 0.12333 0.12824 0.1352 0.14315 0.15158 0.16013 0.17003 0.18101 0.19146 0.19968 0.20307 0.19949 0.19173 0.18245 0.17335 0.16303 0.15138 0.14049 0.13217 0.12727 0.12307 0.11918 0.11553 0.11207 0.10875 0.10545 0.10209 0.098655 0.095137 0.091509 0.087667 0.083826 0.0803 0.077007 0.073637 0.070149 0.066659 0.063156 0.0594 0.055503 0.051594 0.047767 0.044136 0.040783 0.037735 0.034915 0.032237 0.030064 0.028535 0.027282 0.025958 0.024255 0.021811 0.01876 0.015604 0.01281 0.010799 0.0097071 0.0087345 0.007798 0.006899 0.0060301 0.0051792 0.0043213 0.0034421 0.0025789 0.0017644 0.0010259 0.00038635 0 0 0 0 0 0 0 0 0 0 0 0 
164 0.00089699 0.003381 0.013926 0.022546 0.029394 0.043531 0.059821 0.075543 0.093676 0.11372 0.13116 0.14332 0.15077 0.15464 0.15573 0.15464 0.14764 0.13676 0.12711 0.12339 0.12821 0.13511 0.14302 0.15144 0.15997 0.1699 0.18093 0.19144 0.19968 0.20306 0.19954 0.19186 0.18265 0.17357 0.16324 0.15155 0.14062 0.13228 0.12739 0.12318 0.11929 0.11563 0.11218 0.10886 0.10556 0.1022 0.098757 0.095231 0.091594 0.087748 0.083903 0.080367 0.077062 0.073684 0.070192 0.066698 0.063186 0.05942 0.055514 0.051599 0.047768 0.044137 0.040786 0.037741 0.034924 0.032252 0.030083 0.028557 0.027306 0.025985 0.024284 0.021838 0.018783 0.015624 0.012828 0.010813 0.009721 0.0087503 0.0078157 0.006918 0.0060496 0.0051982 0.0043374 0.003452 0.0025817 0.0017613 0.0010206 0.0003839 0 0 0 0 0 0 0 0 0 0 0 0 
164.5 0.00090935 0.0033902 0.013797 0.022334 0.029137 0.043219 0.059478 0.07524 0.093478 0.11365 0.13117 0.14333 0.15079 0.15468 0.15579 0.1547 0.14771 0.13687 0.12723 0.12347 0.1282 0.13503 0.1429 0.1513 0.15983 0.16978 0.18088 0.19144 0.19972 0.2031 0.19964 0.19205 0.18292 0.17387 0.1635 0.15176 0.14078 0.13241 0.12753 0.12333 0.11943 0.11578 0.11232 0.10901 0.10572 0.10236 0.098912 0.095375 0.091727 0.087871 0.084018 0.080472 0.077154 0.073766 0.070267 0.066767 0.063244 0.059463 0.055538 0.051607 0.047769 0.04414 0.040792 0.03775 0.034939 0.032276 0.030116 0.028594 0.027344 0.026023 0.02432 0.021872 0.018812 0.01565 0.012851 0.010833 0.0097398 0.0087709 0.0078386 0.0069429 0.0060752 0.0052231 0.0043572 0.0034606 0.0025777 0.001748 0.001005 0.00037643 0 0 0 0 0 0 0 0 0 0 0 0 
165 0.0009217 0.0033993 0.013668 0.022122 0.028881 0.042908 0.059135 0.074937 0.09328 0.11357 0.13117 0.14334 0.15081 0.15473 0.15584 0.15475 0.14779 0.13697 0.12734 0.12355 0.12818 0.13495 0.14278 0.15116 0.15968 0.16967 0.18082 0.19145 0.19975 0.20313 0.19974 0.19224 0.18319 0.17416 0.16376 0.15198 0.14095 0.13255 0.12767 0.12348 0.11958 0.11593 0.11247 0.10916 0.10588 0.10252 0.099067 0.095519 0.09186 0.087994 0.084134 0.080576 0.077246 0.073848 0.070343 0.066835 0.063302 0.059505 0.055563 0.051616 0.04777 0.044142 0.040798 0.037759 0.034953 0.032301 0.03015 0.028631 0.027382 0.026061 0.024357 0.021905 0.018841 0.015676 0.012875 0.010853 0.0097586 0.0087916 0.0078616 0.0069677 0.0061009 0.0052481 0.0043771 0.0034693 0.0025738 0.0017347 0.00098936 0.00036897 0 0 0 0 0 0 0 0 0 0 0 0 
165.5 0.00093406 0.0034085 0.01354 0.021911 0.028625 0.042596 0.058792 0.074634 0.093081 0.1135 0.13117 0.14334 0.15084 0.15477 0.1559 0.15481 0.14786 0.13708 0.12746 0.12363 0.12817 0.13487 0.14266 0.15102 0.15953 0.16955 0.18077 0.19145 0.19979 0.20317 0.19984 0.19244 0.18345 0.17445 0.16403 0.15219 0.14111 0.13269 0.12782 0.12363 0.11973 0.11607 0.11262 0.10932 0.10604 0.10268 0.099222 0.095663 0.091993 0.088118 0.084249 0.08068 0.077338 0.07393 0.070419 0.066904 0.06336 0.059547 0.055587 0.051625 0.047771 0.044144 0.040805 0.037768 0.034968 0.032326 0.030183 0.028667 0.027419 0.026098 0.024394 0.021939 0.01887 0.015702 0.012898 0.010873 0.0097774 0.0088122 0.0078845 0.0069926 0.0061265 0.005273 0.0043969 0.0034779 0.0025699 0.0017214 0.00097376 0.0003615 0 0 0 0 0 0 0 0 0 0 0 0 
166 0.0010153 0.0035016 0.013312 0.021507 0.028118 0.041939 0.058043 0.073984 0.092698 0.11345 0.13132 0.14346 0.15094 0.15486 0.15596 0.15482 0.14786 0.1371 0.12749 0.12363 0.12809 0.13472 0.14247 0.15081 0.15932 0.16936 0.18063 0.19136 0.1997 0.20307 0.19978 0.19246 0.18354 0.17456 0.16415 0.15231 0.14123 0.13279 0.12789 0.12368 0.11976 0.11608 0.11262 0.10932 0.10603 0.10267 0.09921 0.095648 0.091964 0.088071 0.084186 0.080608 0.077273 0.073888 0.070403 0.066903 0.063358 0.059545 0.055591 0.051638 0.047792 0.044171 0.040833 0.037793 0.034987 0.032342 0.030197 0.028679 0.027429 0.026107 0.024402 0.021951 0.018886 0.015721 0.01292 0.010894 0.0097976 0.008831 0.0079005 0.0070053 0.0061363 0.0052806 0.0044067 0.0034963 0.0025979 0.001755 0.0010043 0.00037676 0 0 0 0 0 0 0 0 0 0 0 0 
166.5 0.0011029 0.0036025 0.013075 0.021085 0.027587 0.04125 0.057257 0.073301 0.092298 0.11339 0.13147 0.1436 0.15105 0.15495 0.15603 0.15484 0.14786 0.13711 0.12751 0.12363 0.128 0.13457 0.14228 0.15059 0.15909 0.16916 0.18047 0.19125 0.19961 0.20295 0.19971 0.19246 0.18361 0.17466 0.16425 0.15243 0.14134 0.13289 0.12796 0.12372 0.11977 0.11608 0.1126 0.1093 0.10601 0.10265 0.099182 0.095619 0.091921 0.088008 0.084106 0.08052 0.077195 0.073835 0.070378 0.066896 0.06335 0.05954 0.055594 0.051651 0.047816 0.044201 0.040863 0.037819 0.035007 0.032357 0.030209 0.028689 0.027436 0.026113 0.024408 0.021961 0.018901 0.015741 0.012942 0.010916 0.009818 0.0088495 0.0079159 0.007017 0.0061446 0.0052865 0.0044155 0.0035156 0.0026289 0.0017929 0.0010392 0.00039413 0 0 0 0 0 0 0 0 0 0 0 0 
167 0.0011905 0.0037035 0.012838 0.020663 0.027057 0.040561 0.056471 0.072618 0.091897 0.11334 0.13162 0.14373 0.15116 0.15504 0.15609 0.15485 0.14785 0.13712 0.12753 0.12363 0.12791 0.13442 0.14208 0.15038 0.15887 0.16896 0.18032 0.19115 0.19951 0.20283 0.19964 0.19246 0.18367 0.17476 0.16436 0.15254 0.14146 0.13299 0.12803 0.12376 0.11979 0.11607 0.11259 0.10928 0.10599 0.10262 0.099154 0.095589 0.091878 0.087946 0.084026 0.080432 0.077116 0.073782 0.070354 0.066889 0.063342 0.059535 0.055597 0.051664 0.047839 0.044231 0.040893 0.037845 0.035027 0.032373 0.030221 0.028698 0.027444 0.026119 0.024415 0.02197 0.018916 0.01576 0.012964 0.010938 0.0098384 0.008868 0.0079312 0.0070287 0.0061529 0.0052925 0.0044243 0.0035348 0.0026598 0.0018308 0.001074 0.0004115 0 0 0 0 0 0 0 0 0 0 0 0 
167.5 0.0012633 0.0037858 0.012623 0.020284 0.026583 0.039946 0.055769 0.072006 0.091532 0.11328 0.13174 0.14383 0.15124 0.15512 0.15614 0.15485 0.14784 0.13713 0.12756 0.12362 0.12782 0.13427 0.1419 0.15017 0.15865 0.16877 0.18018 0.19104 0.19941 0.20272 0.19957 0.19247 0.18374 0.17485 0.16445 0.15264 0.14155 0.13307 0.12809 0.1238 0.1198 0.11606 0.11257 0.10926 0.10597 0.10259 0.099119 0.095554 0.091834 0.087889 0.083958 0.080358 0.077051 0.073737 0.070333 0.066883 0.063336 0.059532 0.055603 0.05168 0.047863 0.04426 0.040921 0.037868 0.035043 0.032383 0.030227 0.028704 0.027451 0.026128 0.024426 0.021984 0.018933 0.01578 0.012984 0.010957 0.0098565 0.0088846 0.0079452 0.0070396 0.006161 0.0052986 0.0044329 0.0035527 0.0026879 0.001865 0.0011055 0.00042774 0 0 0 0 0 0 0 0 0 0 0 0 
168 0.0012474 0.0037571 0.012541 0.020166 0.026443 0.039777 0.055578 0.071822 0.091381 0.11317 0.13166 0.14375 0.15117 0.15506 0.1561 0.15481 0.14782 0.13713 0.12756 0.12362 0.12777 0.13417 0.14177 0.15002 0.15849 0.16861 0.18004 0.19092 0.19931 0.20262 0.19952 0.19248 0.18381 0.17493 0.16451 0.15267 0.14155 0.13306 0.12808 0.12378 0.11977 0.11602 0.11253 0.10921 0.1059 0.10252 0.099044 0.095487 0.091788 0.087868 0.08396 0.080373 0.077064 0.073743 0.070333 0.066883 0.063343 0.059547 0.055625 0.051707 0.04789 0.044282 0.040935 0.037871 0.035034 0.03236 0.030199 0.02869 0.027459 0.026156 0.024465 0.022024 0.018966 0.015803 0.012997 0.010963 0.0098611 0.0088899 0.0079509 0.0070457 0.0061673 0.0053051 0.0044403 0.0035618 0.0026989 0.001877 0.0011173 0.00043723 0 0 0 0 0 0 0 0 0 0 0 0 
168.5 0.0012314 0.0037284 0.012458 0.020049 0.026304 0.039607 0.055386 0.071638 0.091229 0.11306 0.13158 0.14367 0.1511 0.155 0.15605 0.15477 0.14779 0.13712 0.12757 0.12361 0.12771 0.13407 0.14164 0.14987 0.15833 0.16846 0.1799 0.1908 0.1992 0.20253 0.19948 0.1925 0.18387 0.175 0.16456 0.15269 0.14154 0.13304 0.12806 0.12376 0.11974 0.11598 0.11248 0.10916 0.10584 0.10244 0.098969 0.095421 0.091741 0.087847 0.083962 0.080388 0.077078 0.073749 0.070334 0.066883 0.06335 0.059561 0.055647 0.051734 0.047918 0.044304 0.040948 0.037875 0.035026 0.032337 0.030171 0.028676 0.027466 0.026185 0.024505 0.022063 0.018999 0.015826 0.013011 0.010969 0.0098657 0.0088951 0.0079567 0.0070518 0.0061737 0.0053117 0.0044477 0.003571 0.0027098 0.001889 0.001129 0.00044673 0 0 0 0 0 0 0 0 0 0 0 0 
169 0.0012155 0.0036997 0.012376 0.019931 0.026165 0.039437 0.055194 0.071454 0.091077 0.11295 0.1315 0.14359 0.15102 0.15494 0.156 0.15473 0.14777 0.13712 0.12758 0.12361 0.12766 0.13398 0.14151 0.14972 0.15816 0.1683 0.17976 0.19068 0.19909 0.20243 0.19943 0.19252 0.18393 0.17508 0.16461 0.15271 0.14154 0.13302 0.12805 0.12374 0.11971 0.11594 0.11243 0.1091 0.10578 0.10237 0.098894 0.095354 0.091695 0.087826 0.083965 0.080403 0.077091 0.073756 0.070334 0.066882 0.063356 0.059576 0.055669 0.051762 0.047945 0.044325 0.040962 0.037878 0.035018 0.032314 0.030144 0.028661 0.027474 0.026213 0.024544 0.022102 0.019032 0.01585 0.013024 0.010975 0.0098702 0.0089004 0.0079625 0.0070579 0.00618 0.0053183 0.0044551 0.0035802 0.0027207 0.001901 0.0011407 0.00045622 0 0 0 0 0 0 0 0 0 0 0 0 
169.5 0.0011985 0.0036674 0.01228 0.019799 0.02601 0.039247 0.05498 0.071253 0.09092 0.11285 0.13144 0.14353 0.15098 0.15491 0.15599 0.15473 0.14778 0.13716 0.12763 0.12364 0.12763 0.1339 0.1414 0.14959 0.15803 0.16817 0.17965 0.19059 0.19902 0.20239 0.19946 0.19262 0.18409 0.17525 0.16476 0.15282 0.14161 0.13308 0.1281 0.12379 0.11975 0.11598 0.11246 0.10912 0.10578 0.10237 0.09889 0.095349 0.091696 0.08784 0.083992 0.080434 0.077116 0.073772 0.070344 0.066888 0.063364 0.059586 0.05568 0.051774 0.047958 0.044337 0.040969 0.03788 0.035012 0.032302 0.03013 0.028657 0.027483 0.026235 0.024573 0.022132 0.019058 0.015868 0.013035 0.01098 0.009873 0.0089041 0.007967 0.0070629 0.0061852 0.0053237 0.0044607 0.0035853 0.0027252 0.0019049 0.0011445 0.00046078 0 0 0 0 0 0 0 0 0 0 0 0 
170 0.0011795 0.0036293 0.012162 0.019643 0.025829 0.039021 0.054729 0.071024 0.090752 0.11276 0.13141 0.14352 0.151 0.15495 0.15604 0.15478 0.14786 0.13727 0.12774 0.12372 0.12765 0.13387 0.14134 0.1495 0.15793 0.16808 0.17957 0.19054 0.19902 0.20244 0.1996 0.19286 0.1844 0.17559 0.16507 0.15308 0.14181 0.13324 0.12828 0.12396 0.11992 0.11613 0.11261 0.10925 0.10591 0.1025 0.099007 0.095449 0.091779 0.087915 0.084062 0.080493 0.07716 0.073805 0.070369 0.066906 0.063373 0.059587 0.055674 0.051763 0.047946 0.04433 0.040967 0.037879 0.035012 0.032307 0.030141 0.028669 0.027494 0.026244 0.024584 0.022146 0.019071 0.015879 0.013041 0.010981 0.0098727 0.0089051 0.0079692 0.0070659 0.0061886 0.0053273 0.0044632 0.0035836 0.0027186 0.001895 0.001135 0.000457 0 0 0 0 0 0 0 0 0 0 0 0 
170.5 0.0011606 0.0035911 0.012043 0.019487 0.025648 0.038795 0.054478 0.070795 0.090585 0.11267 0.13138 0.14352 0.15101 0.15499 0.15609 0.15484 0.14794 0.13737 0.12786 0.12381 0.12767 0.13384 0.14127 0.14942 0.15783 0.16798 0.1795 0.1905 0.19901 0.20249 0.19974 0.1931 0.18472 0.17593 0.16538 0.15333 0.14201 0.13341 0.12845 0.12414 0.12009 0.11629 0.11275 0.10939 0.10604 0.10262 0.099125 0.095549 0.091862 0.087989 0.084131 0.080552 0.077205 0.073838 0.070394 0.066923 0.063382 0.059589 0.055669 0.051751 0.047934 0.044323 0.040965 0.037877 0.035011 0.032312 0.030151 0.028681 0.027504 0.026254 0.024594 0.022159 0.019084 0.01589 0.013047 0.010983 0.0098723 0.0089061 0.0079714 0.0070689 0.0061919 0.0053309 0.0044656 0.003582 0.0027121 0.0018851 0.0011254 0.00045321 0 0 0 0 0 0 0 0 0 0 0 0 
171 0.0011416 0.0035529 0.011925 0.019331 0.025467 0.038569 0.054228 0.070565 0.090417 0.11259 0.13136 0.14351 0.15103 0.15502 0.15614 0.15489 0.14802 0.13748 0.12797 0.1239 0.12769 0.13381 0.14121 0.14933 0.15774 0.16789 0.17942 0.19045 0.199 0.20254 0.19988 0.19334 0.18503 0.17627 0.1657 0.15359 0.14221 0.13358 0.12862 0.12431 0.12026 0.11645 0.1129 0.10952 0.10616 0.10275 0.099242 0.095649 0.091944 0.088064 0.084201 0.080611 0.077249 0.07387 0.070418 0.06694 0.063391 0.05959 0.055663 0.05174 0.047922 0.044316 0.040963 0.037876 0.035011 0.032318 0.030161 0.028693 0.027515 0.026263 0.024605 0.022173 0.019098 0.0159 0.013054 0.010984 0.009872 0.008907 0.0079737 0.0070719 0.0061952 0.0053345 0.0044681 0.0035803 0.0027055 0.0018752 0.0011158 0.00044943 0 0 0 0 0 0 0 0 0 0 0 0 
171.5 0.0011757 0.0035824 0.011742 0.019023 0.025078 0.038057 0.053625 0.070031 0.0901 0.11254 0.13147 0.1436 0.15108 0.15505 0.15613 0.15483 0.14796 0.13747 0.128 0.12389 0.12757 0.13359 0.14093 0.14903 0.15742 0.16762 0.17923 0.19034 0.19891 0.20246 0.19995 0.1935 0.18513 0.17631 0.16577 0.15372 0.14232 0.13366 0.1287 0.1244 0.12035 0.11654 0.11298 0.10961 0.10626 0.10284 0.099339 0.095737 0.092019 0.088125 0.084249 0.080647 0.077275 0.073894 0.070447 0.066965 0.063402 0.05959 0.055662 0.051744 0.047929 0.044322 0.040968 0.037879 0.035013 0.032322 0.030167 0.028699 0.027522 0.02627 0.024614 0.022185 0.019113 0.015917 0.01307 0.010998 0.0098844 0.0089189 0.0079843 0.007081 0.0062027 0.0053405 0.0044749 0.0035921 0.0027234 0.001897 0.0011363 0.00046073 0 0 0 0 0 0 0 0 0 0 0 0 
172 0.0012456 0.0036576 0.011516 0.018611 0.02455 0.037351 0.052784 0.069291 0.089682 0.11253 0.13169 0.14376 0.15117 0.15507 0.15608 0.15469 0.14781 0.13739 0.12798 0.12383 0.12734 0.13325 0.14052 0.14858 0.15696 0.16722 0.17897 0.19018 0.19875 0.2023 0.19997 0.19361 0.1851 0.17614 0.16568 0.15375 0.14237 0.13368 0.12872 0.12443 0.12038 0.11658 0.11303 0.10966 0.10632 0.10292 0.099422 0.095818 0.092089 0.088178 0.084283 0.080666 0.077287 0.073912 0.070478 0.066996 0.063414 0.059588 0.055664 0.051758 0.047948 0.044337 0.040977 0.037886 0.035018 0.032326 0.030169 0.028702 0.027526 0.026276 0.024622 0.022197 0.01913 0.015938 0.013093 0.011021 0.0099055 0.0089381 0.0080006 0.0070941 0.006213 0.0053482 0.0044848 0.0036131 0.0027577 0.0019402 0.0011771 0.00048224 0 0 0 0 0 0 0 0 0 0 0 0 
172.5 0.0013155 0.0037328 0.011289 0.0182 0.024022 0.036645 0.051944 0.068552 0.089264 0.11251 0.1319 0.14391 0.15125 0.15509 0.15603 0.15454 0.14766 0.13731 0.12795 0.12377 0.12712 0.13291 0.14011 0.14813 0.15649 0.16682 0.17871 0.19001 0.19859 0.20213 0.19998 0.19372 0.18506 0.17598 0.16559 0.15379 0.14242 0.1337 0.12873 0.12445 0.12042 0.11662 0.11307 0.10972 0.10639 0.103 0.099506 0.095899 0.092158 0.08823 0.084317 0.080685 0.0773 0.07393 0.070508 0.067026 0.063425 0.059586 0.055666 0.051773 0.047966 0.044352 0.040987 0.037892 0.035023 0.032329 0.030172 0.028705 0.027531 0.026282 0.02463 0.022209 0.019147 0.015959 0.013116 0.011044 0.0099266 0.0089573 0.0080169 0.0071073 0.0062232 0.0053559 0.0044946 0.0036341 0.0027921 0.0019833 0.0012179 0.00050374 0 0 0 0 0 0 0 0 0 0 0 0 
173 0.0013854 0.003808 0.011063 0.017788 0.023493 0.035939 0.051104 0.067812 0.088846 0.11249 0.13211 0.14407 0.15134 0.15511 0.15597 0.1544 0.1475 0.13722 0.12793 0.1237 0.12689 0.13257 0.13969 0.14768 0.15603 0.16642 0.17844 0.18985 0.19843 0.20197 0.2 0.19383 0.18502 0.17581 0.16551 0.15383 0.14247 0.13372 0.12875 0.12448 0.12045 0.11665 0.11311 0.10977 0.10646 0.10307 0.099589 0.095979 0.092228 0.088282 0.084351 0.080705 0.077313 0.073949 0.070539 0.067057 0.063437 0.059584 0.055669 0.051787 0.047985 0.044366 0.040996 0.037899 0.035028 0.032333 0.030174 0.028708 0.027535 0.026288 0.024638 0.022221 0.019164 0.01598 0.01314 0.011066 0.0099477 0.0089765 0.0080332 0.0071204 0.0062335 0.0053635 0.0045044 0.0036551 0.0028264 0.0020265 0.0012587 0.00052525 0 0 0 0 0 0 0 0 0 0 0 0 
173.5 0.001352 0.0037513 0.010949 0.017638 0.023318 0.035724 0.050861 0.067571 0.088633 0.11232 0.13198 0.14395 0.15126 0.15507 0.15596 0.1544 0.14754 0.13729 0.12801 0.12376 0.12686 0.13246 0.13953 0.14749 0.15584 0.16629 0.17841 0.18991 0.19851 0.20201 0.20007 0.19393 0.18513 0.1759 0.1656 0.15394 0.14258 0.13382 0.12883 0.12455 0.12051 0.1167 0.11315 0.1098 0.10648 0.1031 0.099611 0.095999 0.092244 0.088292 0.084357 0.080709 0.07732 0.073966 0.070567 0.06709 0.063466 0.059608 0.055689 0.051806 0.048002 0.04438 0.041007 0.037906 0.035033 0.032338 0.030181 0.028717 0.027545 0.026298 0.024649 0.022236 0.019182 0.015998 0.013155 0.011078 0.0099555 0.0089832 0.0080387 0.0071243 0.0062359 0.0053656 0.0045059 0.0036533 0.0028207 0.0020182 0.001252 0.00052639 0 0 0 0 0 0 0 0 0 0 0 0 
174 0.0012966 0.0036666 0.01086 0.017543 0.023218 0.035614 0.050745 0.067436 0.088464 0.11212 0.13177 0.14378 0.15114 0.15501 0.15596 0.15444 0.14761 0.1374 0.12812 0.12383 0.12686 0.13239 0.13943 0.14736 0.1557 0.16621 0.17843 0.19002 0.19865 0.20211 0.20016 0.19404 0.18527 0.17605 0.16574 0.15406 0.1427 0.13393 0.12893 0.12462 0.12057 0.11675 0.11319 0.10983 0.1065 0.10311 0.099619 0.096007 0.092248 0.088294 0.084357 0.080709 0.077327 0.073982 0.070594 0.067123 0.0635 0.059637 0.055713 0.051825 0.048017 0.044394 0.041018 0.037913 0.035037 0.032343 0.030189 0.028728 0.027556 0.026309 0.024661 0.022252 0.0192 0.016015 0.013168 0.011086 0.0099604 0.0089873 0.008042 0.0071263 0.0062367 0.0053664 0.0045056 0.0036468 0.0028064 0.001999 0.0012351 0.0005232 0 0 0 0 0 0 0 0 0 0 0 0 
174.5 0.0012412 0.0035819 0.01077 0.017449 0.023117 0.035503 0.05063 0.067302 0.088295 0.11192 0.13156 0.14361 0.15102 0.15495 0.15595 0.15448 0.14769 0.1375 0.12823 0.12391 0.12686 0.13233 0.13932 0.14723 0.15557 0.16613 0.17845 0.19013 0.19879 0.2022 0.20024 0.19414 0.1854 0.1762 0.16588 0.15419 0.14282 0.13405 0.12902 0.1247 0.12063 0.1168 0.11323 0.10986 0.10652 0.10312 0.099628 0.096014 0.092253 0.088296 0.084357 0.08071 0.077334 0.073999 0.070621 0.067157 0.063534 0.059667 0.055737 0.051844 0.048033 0.044408 0.041028 0.03792 0.035042 0.032349 0.030197 0.028739 0.027568 0.026319 0.024673 0.022267 0.019218 0.016032 0.013182 0.011095 0.0099654 0.0089914 0.0080453 0.0071284 0.0062374 0.0053673 0.0045054 0.0036402 0.0027921 0.0019797 0.0012182 0.00052001 0 0 0 0 0 0 0 0 0 0 0 0 
175 0.0011861 0.0034975 0.01068 0.017354 0.023017 0.035393 0.050514 0.067167 0.088125 0.11171 0.13134 0.14343 0.1509 0.15489 0.15594 0.1545 0.14776 0.1376 0.12834 0.12398 0.12685 0.13226 0.13921 0.1471 0.15543 0.16604 0.17845 0.19021 0.19891 0.20229 0.20032 0.19425 0.18554 0.17635 0.16602 0.15432 0.14295 0.13416 0.12912 0.12478 0.12069 0.11685 0.11327 0.10989 0.10654 0.10314 0.09964 0.096024 0.092259 0.088299 0.084359 0.080712 0.077342 0.074016 0.070647 0.067189 0.063566 0.059694 0.055759 0.051861 0.048046 0.044419 0.041037 0.037926 0.035046 0.032355 0.030206 0.02875 0.027579 0.026329 0.024684 0.022282 0.019236 0.016049 0.013196 0.011104 0.0099704 0.0089955 0.0080485 0.0071303 0.0062381 0.005368 0.0045049 0.0036333 0.0027774 0.00196 0.0012008 0.0005163 0 0 0 0 0 0 0 0 0 0 0 0 
175.5 0.0011363 0.0034195 0.010594 0.017266 0.022921 0.035278 0.050387 0.067015 0.087931 0.11148 0.1311 0.1432 0.1507 0.15473 0.15582 0.1544 0.14768 0.13756 0.12831 0.12392 0.12671 0.13205 0.13895 0.1468 0.15511 0.16573 0.17816 0.18998 0.19874 0.20217 0.2003 0.19433 0.18571 0.17656 0.16624 0.15454 0.14314 0.13432 0.12923 0.12486 0.12075 0.11688 0.11331 0.10993 0.10659 0.1032 0.099705 0.096081 0.092308 0.088342 0.084397 0.080744 0.077368 0.074036 0.07066 0.067196 0.063569 0.059691 0.055747 0.051841 0.048021 0.044395 0.041017 0.037915 0.035047 0.032369 0.030227 0.028767 0.027588 0.026331 0.024685 0.022289 0.01925 0.016067 0.013214 0.011118 0.0099782 0.0090005 0.0080513 0.0071312 0.0062372 0.0053662 0.0045004 0.0036203 0.0027545 0.0019307 0.0011733 0.00050296 0 0 0 0 0 0 0 0 0 0 0 0 
176 0.0010865 0.0033415 0.010508 0.017178 0.022824 0.035163 0.05026 0.066862 0.087738 0.11125 0.13085 0.14297 0.1505 0.15457 0.15569 0.15429 0.14761 0.13753 0.12829 0.12386 0.12656 0.13184 0.13869 0.14651 0.1548 0.16541 0.17788 0.18975 0.19856 0.20206 0.20028 0.19441 0.18588 0.17676 0.16645 0.15476 0.14334 0.13448 0.12935 0.12494 0.1208 0.11692 0.11334 0.10997 0.10665 0.10326 0.09977 0.096138 0.092356 0.088385 0.084434 0.080776 0.077394 0.074056 0.070672 0.067204 0.063572 0.059688 0.055735 0.051821 0.047997 0.04437 0.040998 0.037903 0.035047 0.032384 0.030249 0.028785 0.027597 0.026333 0.024686 0.022296 0.019263 0.016085 0.013232 0.011132 0.0099861 0.0090054 0.0080542 0.007132 0.0062363 0.0053644 0.004496 0.0036073 0.0027316 0.0019014 0.0011458 0.00048962 0 0 0 0 0 0 0 0 0 0 0 0 
176.5 0.0010366 0.0032634 0.010422 0.01709 0.022728 0.035048 0.050133 0.06671 0.087544 0.11101 0.1306 0.14274 0.1503 0.15441 0.15556 0.15418 0.14753 0.13749 0.12827 0.12379 0.12642 0.13163 0.13844 0.14622 0.15448 0.16509 0.1776 0.18952 0.19839 0.20194 0.20025 0.19449 0.18604 0.17696 0.16667 0.15498 0.14354 0.13463 0.12946 0.12502 0.12086 0.11696 0.11338 0.11002 0.1067 0.10333 0.099835 0.096194 0.092405 0.088428 0.084472 0.080808 0.07742 0.074076 0.070685 0.067211 0.063575 0.059684 0.055723 0.051801 0.047972 0.044345 0.040978 0.037892 0.035048 0.032399 0.03027 0.028802 0.027607 0.026335 0.024686 0.022303 0.019277 0.016102 0.01325 0.011146 0.0099939 0.0090104 0.008057 0.0071329 0.0062354 0.0053626 0.0044915 0.0035943 0.0027088 0.0018721 0.0011184 0.00047628 0 0 0 0 0 0 0 0 0 0 0 0 
177 0.00094738 0.0031282 0.010292 0.016967 0.022604 0.034918 0.050004 0.066562 0.087356 0.11078 0.13036 0.14252 0.15012 0.15427 0.15546 0.1541 0.14748 0.13747 0.12827 0.12375 0.1263 0.13145 0.13821 0.14596 0.1542 0.16481 0.17736 0.18933 0.19825 0.20186 0.20025 0.19459 0.18622 0.17717 0.16688 0.15517 0.14371 0.13477 0.12956 0.1251 0.12092 0.11701 0.11343 0.11006 0.10675 0.10337 0.099879 0.096232 0.092438 0.088459 0.084501 0.080834 0.07744 0.074088 0.070689 0.067209 0.063571 0.059679 0.055717 0.051795 0.047965 0.044339 0.040974 0.037893 0.035055 0.032413 0.030286 0.028817 0.027617 0.026341 0.024692 0.022314 0.019295 0.016126 0.013275 0.011167 0.010008 0.0090192 0.0080623 0.0071358 0.0062366 0.0053629 0.0044887 0.0035825 0.0026867 0.0018434 0.0010913 0.00046297 2.5131e-06 0 0 0 0 0 0 0 0 0 0 0 
177.5 0.00075683 0.0028462 0.010049 0.016754 0.022407 0.03475 0.049869 0.066423 0.087182 0.11057 0.13014 0.14234 0.14999 0.15418 0.15542 0.15409 0.1475 0.13751 0.12831 0.12377 0.12626 0.13136 0.13808 0.1458 0.15402 0.16465 0.17723 0.18925 0.19821 0.20186 0.20032 0.19473 0.18643 0.1774 0.16708 0.15531 0.14379 0.13483 0.12965 0.1252 0.12102 0.1171 0.1135 0.11012 0.10678 0.10338 0.099872 0.096222 0.092432 0.08846 0.084509 0.080843 0.077443 0.07408 0.07067 0.067183 0.063547 0.059669 0.055726 0.051823 0.048006 0.044382 0.041014 0.037926 0.035078 0.032424 0.03029 0.028822 0.027627 0.026357 0.024711 0.022336 0.019324 0.016164 0.013319 0.011209 0.010037 0.009038 0.0080739 0.0071438 0.0062433 0.0053686 0.0044904 0.0035737 0.0026666 0.001816 0.001065 0.00044974 1.1483e-05 0 0 0 0 0 0 0 0 0 0 0 
178 0.00056627 0.0025643 0.0098068 0.016541 0.022211 0.034583 0.049733 0.066283 0.087009 0.11035 0.12991 0.14215 0.14985 0.15409 0.15538 0.15408 0.14752 0.13755 0.12835 0.12379 0.12622 0.13127 0.13794 0.14563 0.15384 0.16449 0.17711 0.18917 0.19817 0.20185 0.20038 0.19487 0.18663 0.17763 0.16728 0.15544 0.14388 0.1349 0.12974 0.1253 0.12112 0.11719 0.11358 0.11017 0.10681 0.10339 0.099866 0.096213 0.092426 0.088462 0.084518 0.080853 0.077445 0.074072 0.070652 0.067158 0.063523 0.059658 0.055736 0.051852 0.048046 0.044425 0.041054 0.037959 0.0351 0.032435 0.030294 0.028827 0.027638 0.026374 0.02473 0.022357 0.019353 0.016203 0.013364 0.01125 0.010067 0.0090569 0.0080855 0.0071518 0.00625 0.0053743 0.0044921 0.003565 0.0026464 0.0017887 0.0010388 0.00043651 2.0454e-05 0 0 0 0 0 0 0 0 0 0 0 
178.5 0.00037571 0.0022823 0.0095642 0.016328 0.022015 0.034415 0.049598 0.066144 0.086835 0.11014 0.12968 0.14196 0.14971 0.15401 0.15533 0.15407 0.14754 0.13759 0.1284 0.12381 0.12618 0.13118 0.1378 0.14547 0.15367 0.16433 0.17698 0.18909 0.19813 0.20185 0.20044 0.19501 0.18683 0.17786 0.16747 0.15558 0.14396 0.13497 0.12983 0.1254 0.12121 0.11728 0.11365 0.11023 0.10685 0.1034 0.099859 0.096203 0.09242 0.088463 0.084526 0.080862 0.077448 0.074064 0.070633 0.067132 0.063499 0.059648 0.055745 0.051881 0.048087 0.044468 0.041094 0.037992 0.035123 0.032446 0.030298 0.028833 0.027648 0.02639 0.024748 0.022378 0.019382 0.016241 0.013408 0.011291 0.010096 0.0090757 0.0080971 0.0071598 0.0062567 0.00538 0.0044938 0.0035563 0.0026263 0.0017613 0.0010125 0.00042328 2.9424e-05 0 0 0 0 0 0 0 0 0 0 0 
179 0.00024392 0.0020505 0.0093591 0.01614 0.021835 0.034253 0.049459 0.065998 0.086655 0.10992 0.12946 0.14178 0.14959 0.15394 0.15532 0.15409 0.14758 0.13766 0.12847 0.12385 0.12614 0.13107 0.13764 0.14526 0.15345 0.16414 0.17686 0.18904 0.19813 0.20189 0.20054 0.19519 0.18708 0.17813 0.1677 0.15575 0.14408 0.13506 0.12992 0.12549 0.1213 0.11737 0.11373 0.1103 0.10691 0.10345 0.099902 0.096242 0.092461 0.088513 0.084584 0.08092 0.077495 0.074097 0.070654 0.067146 0.063511 0.059663 0.055765 0.051905 0.048114 0.044493 0.041116 0.038008 0.035134 0.032453 0.030304 0.02884 0.027658 0.026402 0.024762 0.022399 0.019418 0.016293 0.01347 0.01135 0.010141 0.0091078 0.0081202 0.0071768 0.0062698 0.0053898 0.0044979 0.0035492 0.0026076 0.0017353 0.00098752 0.00041086 3.9814e-05 0 0 0 0 0 0 0 0 0 0 0 
179.5 0.0001692 0.0018675 0.0091903 0.015976 0.021671 0.034096 0.049316 0.065846 0.086469 0.10971 0.12924 0.14161 0.14948 0.15389 0.15533 0.15413 0.14766 0.13777 0.12858 0.1239 0.1261 0.13094 0.13745 0.14503 0.1532 0.16393 0.17674 0.18902 0.19818 0.20197 0.20068 0.19541 0.18736 0.17843 0.16797 0.15596 0.14423 0.13518 0.13003 0.12558 0.12139 0.11745 0.11381 0.11038 0.10699 0.10354 0.099994 0.096328 0.092548 0.088609 0.08469 0.081024 0.077585 0.074171 0.070715 0.067198 0.063559 0.059703 0.055795 0.051925 0.048126 0.044502 0.041121 0.038009 0.035133 0.032456 0.030312 0.02885 0.027667 0.026409 0.024771 0.022419 0.01946 0.016358 0.013549 0.011428 0.010201 0.0091529 0.0081544 0.0072027 0.0062891 0.0054035 0.0045045 0.0035437 0.0025902 0.0017107 0.00096377 0.00039923 5.1582e-05 0 0 0 0 0 0 0 0 0 0 0 
180 9.4479e-05 0.0016845 0.0090215 0.015812 0.021506 0.03394 0.049174 0.065693 0.086283 0.10949 0.12903 0.14143 0.14936 0.15385 0.15534 0.15418 0.14774 0.13788 0.12868 0.12396 0.12606 0.13082 0.13725 0.14479 0.15294 0.16372 0.17661 0.189 0.19823 0.20204 0.20082 0.19563 0.18765 0.17873 0.16824 0.15617 0.14439 0.13529 0.13013 0.12567 0.12147 0.11752 0.11389 0.11046 0.10708 0.10363 0.10009 0.096414 0.092636 0.088706 0.084795 0.081127 0.077675 0.074245 0.070776 0.06725 0.063607 0.059743 0.055825 0.051945 0.048139 0.04451 0.041126 0.038009 0.035131 0.032459 0.030321 0.02886 0.027677 0.026417 0.02478 0.022439 0.019503 0.016423 0.013628 0.011506 0.010261 0.009198 0.0081885 0.0072285 0.0063084 0.0054173 0.004511 0.0035382 0.0025728 0.001686 0.00094002 0.0003876 6.3351e-05 0 0 0 0 0 0 0 0 0 0 0 
180.5 1.9757e-05 0.0015015 0.0088527 0.015647 0.021342 0.033783 0.049031 0.065541 0.086097 0.10927 0.12881 0.14126 0.14925 0.1538 0.15534 0.15423 0.14782 0.13798 0.12878 0.12402 0.12602 0.13069 0.13706 0.14455 0.15269 0.16351 0.17649 0.18897 0.19828 0.20212 0.20096 0.19585 0.18793 0.17904 0.16851 0.15638 0.14454 0.13541 0.13023 0.12577 0.12155 0.1176 0.11397 0.11054 0.10716 0.10372 0.10018 0.096501 0.092723 0.088802 0.084901 0.081231 0.077764 0.074318 0.070837 0.067302 0.063655 0.059782 0.055854 0.051965 0.048151 0.044519 0.041131 0.03801 0.03513 0.032462 0.030329 0.02887 0.027686 0.026424 0.024789 0.022459 0.019545 0.016487 0.013707 0.011584 0.010321 0.0092431 0.0082227 0.0072544 0.0063278 0.005431 0.0045176 0.0035328 0.0025554 0.0016614 0.00091627 0.00037598 7.5119e-05 0 0 0 0 0 0 0 0 0 0 0 
181 0 0.0013823 0.0087405 0.015534 0.021222 0.033655 0.048899 0.065374 0.085862 0.10897 0.12848 0.14098 0.14903 0.15365 0.15527 0.1542 0.14785 0.13804 0.12884 0.12401 0.12589 0.13044 0.13671 0.14413 0.15223 0.16309 0.17619 0.18879 0.19819 0.20207 0.20101 0.196 0.18818 0.17932 0.16876 0.15659 0.14469 0.13551 0.13032 0.12584 0.12161 0.11765 0.11401 0.11057 0.10718 0.10374 0.10019 0.096505 0.09272 0.088797 0.084895 0.081222 0.077754 0.074314 0.070841 0.067312 0.063664 0.059788 0.055856 0.051964 0.048152 0.044525 0.041142 0.038025 0.03515 0.032489 0.030359 0.028901 0.027715 0.026453 0.024817 0.022487 0.019572 0.016513 0.01373 0.011603 0.010336 0.0092571 0.0082353 0.0072656 0.0063377 0.0054396 0.004525 0.0035382 0.0025587 0.0016627 0.00091659 0.00037638 7.6934e-05 0 0 0 0 0 0 0 0 0 0 0 
181.5 0 0.0012861 0.0086486 0.015439 0.021118 0.033536 0.048769 0.065201 0.08561 0.10863 0.12812 0.14065 0.14878 0.15348 0.15516 0.15414 0.14785 0.13809 0.12888 0.12399 0.12572 0.13014 0.1363 0.14364 0.1517 0.16261 0.17581 0.18855 0.19805 0.20198 0.20101 0.19613 0.18842 0.1796 0.16902 0.15679 0.14484 0.13562 0.13041 0.12591 0.12166 0.11769 0.11403 0.11058 0.10718 0.10372 0.10017 0.096479 0.092685 0.088756 0.084849 0.081173 0.077708 0.07428 0.070825 0.067307 0.063659 0.059781 0.055847 0.051956 0.048148 0.044529 0.041155 0.038046 0.035178 0.032524 0.030398 0.02894 0.027753 0.026489 0.024852 0.022519 0.019594 0.016524 0.013732 0.0116 0.010336 0.00926 0.0082402 0.0072716 0.0063442 0.0054464 0.0045326 0.0035475 0.0025693 0.0016735 0.00092557 0.00038111 7.5171e-05 0 0 0 0 0 0 0 0 0 0 0 
182 0 0.0011899 0.0085567 0.015344 0.021014 0.033418 0.04864 0.065028 0.085358 0.1083 0.12775 0.14033 0.14852 0.1533 0.15505 0.15408 0.14786 0.13814 0.12893 0.12396 0.12556 0.12984 0.13589 0.14315 0.15117 0.16212 0.17544 0.18831 0.19791 0.20189 0.20102 0.19626 0.18865 0.17987 0.16927 0.157 0.14499 0.13573 0.1305 0.12598 0.12172 0.11773 0.11406 0.11059 0.10717 0.10371 0.10015 0.096453 0.09265 0.088714 0.084803 0.081123 0.077662 0.074247 0.070808 0.067301 0.063654 0.059774 0.055839 0.051947 0.048144 0.044534 0.041168 0.038067 0.035205 0.032559 0.030436 0.028978 0.02779 0.026525 0.024887 0.022551 0.019616 0.016535 0.013734 0.011598 0.010335 0.0092628 0.008245 0.0072776 0.0063507 0.0054532 0.0045403 0.0035568 0.0025799 0.0016842 0.00093454 0.00038584 7.3409e-05 0 0 0 0 0 0 0 0 0 0 0 
182.5 0 0.0010937 0.0084649 0.015249 0.02091 0.033299 0.048511 0.064856 0.085106 0.10797 0.12739 0.14 0.14827 0.15312 0.15494 0.15403 0.14786 0.13818 0.12897 0.12393 0.12539 0.12954 0.13548 0.14266 0.15064 0.16163 0.17506 0.18807 0.19777 0.2018 0.20102 0.19639 0.18889 0.18015 0.16953 0.1572 0.14514 0.13583 0.13058 0.12604 0.12177 0.11776 0.11408 0.1106 0.10716 0.1037 0.10013 0.096428 0.092615 0.088672 0.084757 0.081073 0.077616 0.074214 0.070792 0.067296 0.06365 0.059767 0.05583 0.051939 0.04814 0.044538 0.041182 0.038088 0.035233 0.032593 0.030475 0.029017 0.027827 0.026561 0.024922 0.022582 0.019638 0.016546 0.013736 0.011595 0.010335 0.0092656 0.0082498 0.0072836 0.0063572 0.00546 0.0045479 0.0035661 0.0025906 0.001695 0.00094352 0.00039057 7.1646e-05 0 0 0 0 0 0 0 0 0 0 0 
183 0 0.00083557 0.0082811 0.015075 0.020745 0.033182 0.048428 0.064734 0.08489 0.10765 0.12702 0.13969 0.14805 0.15298 0.15488 0.1541 0.14804 0.13828 0.1289 0.12379 0.12522 0.12929 0.13511 0.14222 0.1502 0.16129 0.17492 0.18811 0.1979 0.20191 0.20114 0.19655 0.1891 0.18037 0.16973 0.15739 0.14531 0.136 0.13074 0.12618 0.12187 0.11784 0.11414 0.11065 0.1072 0.10372 0.10014 0.096432 0.092622 0.088685 0.084776 0.08109 0.077622 0.074208 0.070777 0.067275 0.063627 0.059751 0.055827 0.051951 0.048162 0.044566 0.041214 0.038124 0.035272 0.032631 0.030509 0.029046 0.027853 0.026585 0.024946 0.022604 0.019653 0.016554 0.01374 0.011603 0.010355 0.009297 0.0082869 0.0073227 0.0063961 0.0054972 0.0045873 0.0036172 0.0026545 0.0017645 0.0010042 0.0004218 5.3325e-05 0 0 0 0 0 0 0 0 0 0 0 
183.5 0 0.00057105 0.0080937 0.014898 0.020577 0.033064 0.048346 0.064613 0.084675 0.10733 0.12664 0.13938 0.14783 0.15284 0.15482 0.15418 0.14822 0.13837 0.12883 0.12365 0.12504 0.12904 0.13475 0.14179 0.14975 0.16096 0.17478 0.18816 0.19805 0.20202 0.20127 0.19671 0.18931 0.18059 0.16993 0.15756 0.14548 0.13618 0.1309 0.12632 0.12198 0.11792 0.1142 0.1107 0.10724 0.10374 0.10015 0.096439 0.09263 0.088701 0.084797 0.081109 0.07763 0.074204 0.070763 0.067254 0.063604 0.059735 0.055825 0.051964 0.048186 0.044594 0.041247 0.038162 0.035311 0.03267 0.030542 0.029075 0.027878 0.026608 0.024969 0.022626 0.019668 0.016562 0.013745 0.011611 0.010377 0.0093294 0.0083253 0.0073632 0.0064362 0.0055356 0.0046279 0.00367 0.0027206 0.0018364 0.0010669 0.00045409 3.435e-05 0 0 0 0 0 0 0 0 0 0 0 
184 0 0.00030654 0.0079062 0.014722 0.020409 0.032947 0.048264 0.064493 0.08446 0.10701 0.12627 0.13906 0.14761 0.1527 0.15476 0.15426 0.1484 0.13847 0.12875 0.12351 0.12486 0.12878 0.13439 0.14136 0.14931 0.16063 0.17464 0.1882 0.19819 0.20214 0.20139 0.19688 0.18952 0.18081 0.17012 0.15774 0.14566 0.13635 0.13106 0.12646 0.12209 0.118 0.11426 0.11075 0.10728 0.10376 0.10016 0.096445 0.092639 0.088716 0.084818 0.081128 0.077638 0.074199 0.070748 0.067232 0.063581 0.059719 0.055823 0.051976 0.048209 0.044623 0.041281 0.038199 0.03535 0.032708 0.030576 0.029104 0.027903 0.026631 0.024992 0.022648 0.019683 0.01657 0.013749 0.011619 0.010398 0.0093619 0.0083636 0.0074037 0.0064763 0.005574 0.0046685 0.0037228 0.0027867 0.0019083 0.0011297 0.00048638 1.5374e-05 0 0 0 0 0 0 0 0 0 0 0 
184.5 0 8.7596e-05 0.0077389 0.014559 0.020251 0.032827 0.048171 0.064363 0.084242 0.10669 0.12591 0.13875 0.14739 0.15256 0.1547 0.15432 0.14855 0.13854 0.12869 0.12339 0.12471 0.12856 0.13407 0.14098 0.14891 0.16032 0.17448 0.1882 0.19827 0.20222 0.2015 0.19704 0.18974 0.18105 0.17033 0.15794 0.14584 0.13652 0.13122 0.12659 0.1222 0.11807 0.11433 0.11081 0.10733 0.10381 0.10019 0.096476 0.092671 0.088754 0.084861 0.081168 0.077666 0.074214 0.070753 0.067229 0.063574 0.059717 0.055831 0.051996 0.048236 0.044652 0.041312 0.038233 0.035386 0.032742 0.030605 0.029127 0.027922 0.026649 0.02501 0.022665 0.019695 0.016576 0.013752 0.011624 0.010415 0.0093891 0.0083975 0.0074412 0.0065149 0.0056118 0.0047072 0.0037688 0.00284 0.0019635 0.0011764 0.00050999 1.8216e-06 0 0 0 0 0 0 0 0 0 0 0 
185 0 6.315e-05 0.0076571 0.014457 0.020133 0.032698 0.04803 0.064188 0.08401 0.1064 0.12558 0.13845 0.14715 0.15241 0.15463 0.15429 0.14854 0.13854 0.1287 0.12338 0.12467 0.12848 0.13395 0.14082 0.14873 0.16013 0.17427 0.18799 0.1981 0.20212 0.20152 0.19718 0.18997 0.18133 0.17061 0.15818 0.14605 0.1367 0.13136 0.12671 0.12229 0.11815 0.1144 0.11091 0.10745 0.10394 0.10034 0.096612 0.092804 0.088889 0.084997 0.081298 0.077781 0.074314 0.070841 0.067305 0.06364 0.059774 0.055884 0.052046 0.048278 0.044682 0.041335 0.038254 0.035407 0.032758 0.030611 0.029125 0.027917 0.026644 0.025005 0.022661 0.019691 0.016572 0.013748 0.011621 0.010413 0.0093942 0.0084124 0.0074657 0.0065468 0.0056471 0.0047383 0.0037855 0.0028388 0.0019476 0.0011547 0.00049655 1.1418e-05 0 0 0 0 0 0 0 0 0 0 0 
185.5 0 3.8705e-05 0.0075752 0.014355 0.020016 0.03257 0.04789 0.064013 0.083777 0.1061 0.12525 0.13814 0.14692 0.15226 0.15455 0.15427 0.14853 0.13854 0.1287 0.12338 0.12464 0.1284 0.13383 0.14066 0.14855 0.15993 0.17406 0.18778 0.19792 0.20203 0.20154 0.19732 0.19021 0.18161 0.17088 0.15843 0.14626 0.13688 0.13151 0.12682 0.12238 0.11822 0.11448 0.11101 0.10757 0.10408 0.10048 0.096748 0.092937 0.089024 0.085134 0.081429 0.077897 0.074414 0.070928 0.067381 0.063706 0.059832 0.055936 0.052095 0.048319 0.044713 0.041358 0.038275 0.035427 0.032773 0.030618 0.029124 0.027912 0.026639 0.025001 0.022657 0.019688 0.016568 0.013744 0.011617 0.010411 0.0093993 0.0084272 0.0074902 0.0065787 0.0056824 0.0047694 0.0038022 0.0028377 0.0019317 0.001133 0.00048311 2.1015e-05 0 0 0 0 0 0 0 0 0 0 0 
186 0 1.426e-05 0.0074934 0.014253 0.019899 0.032441 0.047749 0.063838 0.083544 0.10581 0.12492 0.13784 0.14668 0.1521 0.15448 0.15424 0.14852 0.13854 0.1287 0.12337 0.1246 0.12832 0.13371 0.1405 0.14836 0.15973 0.17385 0.18757 0.19774 0.20193 0.20156 0.19746 0.19045 0.18189 0.17116 0.15868 0.14647 0.13706 0.13166 0.12694 0.12247 0.1183 0.11456 0.1111 0.10769 0.10422 0.10062 0.096885 0.09307 0.089159 0.08527 0.081559 0.078012 0.074514 0.071015 0.067456 0.063771 0.059889 0.055989 0.052145 0.048361 0.044743 0.041381 0.038296 0.035448 0.032789 0.030624 0.029122 0.027907 0.026634 0.024996 0.022654 0.019684 0.016564 0.01374 0.011613 0.010409 0.0094043 0.0084421 0.0075147 0.0066106 0.0057176 0.0048005 0.0038189 0.0028366 0.0019158 0.0011113 0.00046968 3.0612e-05 0 0 0 0 0 0 0 0 0 0 0 
186.5 0 0 0.007442 0.014162 0.019783 0.032298 0.047577 0.063626 0.083272 0.10547 0.12454 0.13748 0.14639 0.15191 0.15438 0.1542 0.14851 0.13857 0.12877 0.12342 0.12459 0.12823 0.13352 0.14025 0.14807 0.15945 0.1736 0.18737 0.1976 0.20186 0.2016 0.19763 0.19072 0.18221 0.17145 0.15892 0.14666 0.13722 0.13181 0.12707 0.12257 0.11839 0.11465 0.11119 0.10777 0.10429 0.10069 0.096951 0.093136 0.089227 0.085342 0.081629 0.078077 0.074575 0.071074 0.067513 0.063824 0.059936 0.056033 0.052185 0.048396 0.044771 0.041403 0.038315 0.035465 0.032802 0.030631 0.029125 0.027909 0.026638 0.025002 0.02266 0.019691 0.016572 0.013748 0.011621 0.010415 0.0094157 0.0084607 0.0075402 0.0066408 0.0057495 0.0048278 0.0038329 0.0028341 0.0018998 0.0010901 0.00045674 4.0208e-05 0 0 0 0 0 0 0 0 0 0 0 
187 0 0 0.0074332 0.014089 0.019669 0.032136 0.047364 0.063362 0.082943 0.10507 0.12409 0.13704 0.14604 0.15167 0.15424 0.15412 0.14849 0.13865 0.12892 0.12357 0.12461 0.1281 0.13326 0.13987 0.14763 0.15904 0.17328 0.18717 0.1975 0.20183 0.20168 0.19784 0.19106 0.1826 0.17178 0.15915 0.14682 0.13735 0.13195 0.12721 0.12271 0.11851 0.11474 0.11124 0.10779 0.10428 0.10066 0.096918 0.093106 0.089202 0.085323 0.081615 0.078071 0.074581 0.071093 0.067542 0.063858 0.05997 0.056064 0.052211 0.04842 0.044794 0.041424 0.038332 0.035478 0.03281 0.030638 0.029134 0.027922 0.026655 0.025021 0.022679 0.019712 0.016596 0.013773 0.011643 0.010434 0.0094359 0.0084847 0.0075672 0.0066687 0.0057766 0.00485 0.003843 0.0028299 0.0018836 0.0010698 0.00044449 4.9805e-05 0 0 0 0 0 0 0 0 0 0 0 
187.5 0 0 0.0074244 0.014016 0.019555 0.031974 0.047151 0.063098 0.082614 0.10468 0.12365 0.13661 0.14568 0.15142 0.1541 0.15404 0.14848 0.13874 0.12907 0.12371 0.12463 0.12797 0.13299 0.13949 0.14718 0.15863 0.17297 0.18698 0.19741 0.20181 0.20176 0.19805 0.19139 0.18298 0.17211 0.15939 0.14698 0.13748 0.13209 0.12735 0.12284 0.11862 0.11484 0.1113 0.10781 0.10426 0.10063 0.096886 0.093076 0.089177 0.085304 0.0816 0.078065 0.074587 0.071112 0.067571 0.063892 0.060005 0.056094 0.052238 0.048444 0.044818 0.041445 0.03835 0.035491 0.032819 0.030646 0.029144 0.027936 0.026673 0.02504 0.022698 0.019733 0.016619 0.013798 0.011666 0.010452 0.0094561 0.0085087 0.0075941 0.0066966 0.0058036 0.0048721 0.0038532 0.0028257 0.0018675 0.0010494 0.00043224 5.9401e-05 0 0 0 0 0 0 0 0 0 0 0 
188 0 0 0.0074156 0.013943 0.019441 0.031812 0.046938 0.062833 0.082286 0.10428 0.1232 0.13617 0.14532 0.15118 0.15396 0.15397 0.14847 0.13882 0.12922 0.12385 0.12465 0.12784 0.13272 0.13911 0.14674 0.15822 0.17266 0.18678 0.19731 0.20178 0.20184 0.19826 0.19173 0.18336 0.17243 0.15962 0.14713 0.13761 0.13224 0.12749 0.12297 0.11874 0.11493 0.11136 0.10782 0.10425 0.10059 0.096854 0.093046 0.089152 0.085285 0.081585 0.078058 0.074593 0.07113 0.0676 0.063927 0.060039 0.056125 0.052265 0.048469 0.044842 0.041466 0.038367 0.035504 0.032828 0.030653 0.029153 0.027949 0.02669 0.025059 0.022717 0.019754 0.016643 0.013822 0.011689 0.010471 0.0094763 0.0085327 0.0076211 0.0067244 0.0058307 0.0048943 0.0038634 0.0028214 0.0018513 0.001029 0.00041998 6.8998e-05 0 0 0 0 0 0 0 0 0 0 0 
188.5 0 0 0.0073653 0.013831 0.019286 0.031581 0.046638 0.062464 0.081828 0.10373 0.12261 0.13561 0.14486 0.15084 0.15374 0.15384 0.14843 0.13886 0.12931 0.12392 0.12461 0.12766 0.13242 0.1387 0.14626 0.15779 0.17236 0.18664 0.19726 0.20172 0.20184 0.19833 0.19186 0.18351 0.17258 0.15975 0.14725 0.13772 0.13233 0.12757 0.12303 0.11879 0.11496 0.11138 0.10783 0.10425 0.1006 0.096843 0.093028 0.08914 0.085283 0.081583 0.078049 0.074579 0.071113 0.067586 0.063921 0.060045 0.056141 0.052286 0.048497 0.044875 0.0415 0.038401 0.035535 0.032855 0.030675 0.029171 0.027963 0.026701 0.025068 0.022729 0.01977 0.016662 0.013843 0.011708 0.010486 0.0094885 0.0085438 0.0076332 0.0067384 0.0058453 0.0049068 0.0038711 0.0028241 0.0018506 0.0010269 0.00041875 7.1282e-05 0 0 0 0 0 0 0 0 0 0 0 
189 0 0 0.0072922 0.013699 0.019109 0.031314 0.046292 0.062037 0.081299 0.1031 0.12193 0.13497 0.14432 0.15044 0.15349 0.15369 0.14837 0.13888 0.12936 0.12394 0.12452 0.12746 0.13209 0.13827 0.14576 0.15735 0.17209 0.18653 0.19722 0.20166 0.20178 0.19831 0.19188 0.18354 0.17262 0.15982 0.14735 0.13781 0.1324 0.12761 0.12305 0.11879 0.11496 0.11137 0.10783 0.10427 0.10061 0.096844 0.093015 0.089135 0.08529 0.081587 0.078038 0.074553 0.071077 0.067547 0.063892 0.060037 0.056149 0.052306 0.048527 0.044912 0.041543 0.038444 0.035576 0.032892 0.030705 0.029193 0.027977 0.026708 0.025073 0.022737 0.019782 0.016678 0.013861 0.011725 0.0105 0.0094963 0.0085478 0.007637 0.0067447 0.0058529 0.0049139 0.0038773 0.0028305 0.0018583 0.0010348 0.00042358 6.9539e-05 0 0 0 0 0 0 0 0 0 0 0 
189.5 0 0 0.0072192 0.013566 0.018932 0.031046 0.045945 0.06161 0.080771 0.10248 0.12126 0.13433 0.14379 0.15005 0.15323 0.15354 0.14831 0.1389 0.12942 0.12396 0.12444 0.12725 0.13176 0.13784 0.14527 0.15691 0.17181 0.18642 0.19719 0.2016 0.20173 0.1983 0.1919 0.18357 0.17266 0.15989 0.14744 0.13791 0.13246 0.12765 0.12306 0.11879 0.11496 0.11137 0.10784 0.10429 0.10063 0.096844 0.093003 0.08913 0.085298 0.081592 0.078027 0.074527 0.07104 0.067509 0.063864 0.060029 0.056157 0.052325 0.048557 0.044949 0.041585 0.038487 0.035617 0.032929 0.030736 0.029216 0.027991 0.026715 0.025078 0.022745 0.019795 0.016695 0.01388 0.011743 0.010513 0.0095041 0.0085518 0.0076409 0.0067511 0.0058606 0.0049211 0.0038836 0.002837 0.0018661 0.0010427 0.00042841 6.7796e-05 0 0 0 0 0 0 0 0 0 0 0 
190 0 0 0.0071461 0.013434 0.018754 0.030779 0.045599 0.061183 0.080242 0.10185 0.12059 0.1337 0.14326 0.14966 0.15298 0.15338 0.14825 0.13892 0.12947 0.12398 0.12435 0.12704 0.13144 0.13741 0.14477 0.15647 0.17153 0.18631 0.19716 0.20154 0.20168 0.19829 0.19192 0.1836 0.1727 0.15996 0.14754 0.138 0.13253 0.12769 0.12308 0.11879 0.11495 0.11136 0.10784 0.1043 0.10065 0.096845 0.09299 0.089125 0.085305 0.081596 0.078016 0.074501 0.071004 0.067471 0.063836 0.06002 0.056164 0.052344 0.048586 0.044987 0.041627 0.038531 0.035659 0.032966 0.030766 0.029238 0.028005 0.026722 0.025083 0.022753 0.019808 0.016711 0.013898 0.01176 0.010527 0.0095119 0.0085557 0.0076448 0.0067574 0.0058682 0.0049282 0.0038899 0.0028435 0.0018739 0.0010506 0.00043325 6.6053e-05 0 0 0 0 0 0 0 0 0 0 0 
190.5 0 0 0.007078 0.013311 0.018591 0.030538 0.045297 0.060817 0.07979 0.10132 0.12004 0.1332 0.14287 0.14941 0.15286 0.15338 0.14832 0.139 0.12954 0.12403 0.12439 0.12704 0.13139 0.13732 0.14466 0.15634 0.17139 0.18618 0.19706 0.2015 0.20172 0.19841 0.1921 0.18382 0.17294 0.16021 0.14778 0.13823 0.13274 0.12787 0.12324 0.11894 0.11508 0.11147 0.10793 0.10439 0.10073 0.096914 0.093052 0.089184 0.085365 0.081653 0.078065 0.074538 0.071027 0.067485 0.06385 0.060037 0.056179 0.052356 0.048595 0.044993 0.041634 0.03854 0.035671 0.032978 0.030774 0.02924 0.028002 0.026717 0.025078 0.022753 0.019813 0.016721 0.013909 0.011769 0.01053 0.0095151 0.0085627 0.007657 0.0067747 0.0058882 0.0049465 0.003901 0.0028453 0.0018679 0.0010411 0.00042721 7.1265e-05 0 0 0 0 0 0 0 0 0 0 0 
191 0 0 0.0070106 0.01319 0.018429 0.030301 0.045003 0.060459 0.079348 0.10081 0.11952 0.13273 0.14251 0.14918 0.15276 0.1534 0.1484 0.1391 0.12961 0.12408 0.12444 0.12708 0.13138 0.13728 0.14461 0.15626 0.17127 0.18604 0.19696 0.20147 0.20178 0.19855 0.19231 0.18407 0.17321 0.16048 0.14805 0.13848 0.13296 0.12807 0.12343 0.1191 0.11523 0.11159 0.10803 0.10448 0.10082 0.096992 0.093124 0.089253 0.085431 0.081717 0.078123 0.074584 0.071058 0.067507 0.063871 0.060057 0.056196 0.052366 0.0486 0.044995 0.041636 0.038544 0.035679 0.032987 0.030778 0.029238 0.027996 0.026709 0.025072 0.022752 0.019818 0.01673 0.01392 0.011776 0.010531 0.0095177 0.00857 0.0076705 0.0067936 0.0059099 0.0049664 0.0039128 0.0028465 0.0018598 0.0010291 0.00041959 7.7495e-05 0 0 0 0 0 0 0 0 0 0 0 
191.5 0 0 0.0069432 0.013069 0.018268 0.030064 0.044708 0.060101 0.078907 0.1003 0.11899 0.13226 0.14214 0.14894 0.15267 0.15342 0.14849 0.13919 0.12968 0.12414 0.1245 0.12711 0.13138 0.13724 0.14456 0.15618 0.17115 0.18591 0.19686 0.20144 0.20183 0.19869 0.19252 0.18432 0.17347 0.16075 0.14831 0.13873 0.13319 0.12828 0.12361 0.11927 0.11537 0.11172 0.10814 0.10457 0.1009 0.09707 0.093196 0.089323 0.085498 0.081781 0.07818 0.074631 0.07109 0.067529 0.063891 0.060077 0.056212 0.052377 0.048606 0.044997 0.041638 0.038549 0.035687 0.032997 0.030783 0.029236 0.02799 0.026702 0.025066 0.02275 0.019822 0.016739 0.01393 0.011784 0.010533 0.0095203 0.0085773 0.007684 0.0068124 0.0059317 0.0049863 0.0039245 0.0028476 0.0018518 0.001017 0.00041196 8.3724e-05 0 0 0 0 0 0 0 0 0 0 0 
192 0 0 0.0068776 0.01295 0.018108 0.029831 0.044419 0.059748 0.078471 0.09979 0.11847 0.13179 0.14177 0.14871 0.15257 0.15344 0.14857 0.13929 0.12976 0.1242 0.12456 0.12714 0.13136 0.1372 0.14449 0.15608 0.17102 0.18577 0.19674 0.2014 0.20188 0.19882 0.19273 0.18456 0.17373 0.16101 0.14857 0.13897 0.13341 0.12847 0.12378 0.11942 0.11551 0.11183 0.10824 0.10466 0.10098 0.097146 0.093265 0.089387 0.085559 0.081839 0.078234 0.074675 0.071122 0.067553 0.063914 0.060099 0.05623 0.052388 0.048612 0.045001 0.041641 0.038555 0.035695 0.033007 0.030789 0.029237 0.027987 0.026698 0.025064 0.022752 0.019828 0.016749 0.013941 0.011791 0.010535 0.0095236 0.0085848 0.0076967 0.0068297 0.0059513 0.0050042 0.0039352 0.0028489 0.0018449 0.0010066 0.00040531 8.9291e-05 0 0 0 0 0 0 0 0 0 0 0 
192.5 0 0 0.0068281 0.012847 0.01797 0.029635 0.044172 0.05944 0.078081 0.099313 0.11794 0.1313 0.14138 0.14845 0.15244 0.15341 0.14863 0.13941 0.12993 0.12437 0.12468 0.12719 0.13132 0.13706 0.14429 0.15585 0.17079 0.18555 0.19655 0.20126 0.20182 0.19887 0.19287 0.18474 0.17392 0.16119 0.14872 0.1391 0.13351 0.12855 0.12384 0.11946 0.11554 0.11187 0.10829 0.10472 0.10104 0.097196 0.093302 0.089406 0.085564 0.081842 0.07825 0.074705 0.07116 0.067597 0.06396 0.060142 0.056262 0.052408 0.048627 0.045019 0.041662 0.038574 0.035714 0.033026 0.030809 0.02926 0.028013 0.026728 0.025094 0.022781 0.019853 0.016768 0.013955 0.011802 0.010545 0.0095338 0.0085937 0.0077029 0.0068328 0.005952 0.0050043 0.0039361 0.0028511 0.0018483 0.0010101 0.00040752 8.884e-05 0 0 0 0 0 0 0 0 0 0 0 
193 0 0 0.0067786 0.012743 0.017831 0.029439 0.043925 0.059132 0.077692 0.098836 0.11742 0.1308 0.14099 0.14819 0.15232 0.15339 0.14869 0.13954 0.1301 0.12454 0.1248 0.12723 0.13127 0.13693 0.14409 0.15562 0.17055 0.18532 0.19636 0.20112 0.20177 0.19892 0.193 0.18493 0.1741 0.16136 0.14887 0.13923 0.13362 0.12863 0.12389 0.1195 0.11558 0.11192 0.10834 0.10478 0.1011 0.097247 0.093339 0.089425 0.085569 0.081845 0.078266 0.074734 0.071198 0.067642 0.064006 0.060184 0.056294 0.052428 0.048643 0.045037 0.041682 0.038594 0.035732 0.033044 0.03083 0.029283 0.028039 0.026757 0.025124 0.02281 0.019877 0.016787 0.013969 0.011812 0.010555 0.0095439 0.0086026 0.0077092 0.0068359 0.0059527 0.0050044 0.003937 0.0028534 0.0018517 0.0010137 0.00040972 8.8388e-05 0 0 0 0 0 0 0 0 0 0 0 
193.5 0 0 0.0067292 0.01264 0.017693 0.029243 0.043678 0.058824 0.077302 0.098358 0.11689 0.13031 0.14059 0.14793 0.15219 0.15336 0.14875 0.13967 0.13027 0.12471 0.12493 0.12728 0.13122 0.13679 0.14389 0.15539 0.17031 0.1851 0.19617 0.20098 0.20172 0.19897 0.19314 0.18511 0.17429 0.16153 0.14902 0.13936 0.13373 0.12871 0.12395 0.11954 0.11561 0.11196 0.10839 0.10483 0.10115 0.097298 0.093377 0.089445 0.085574 0.081849 0.078282 0.074764 0.071236 0.067686 0.064053 0.060227 0.056326 0.052448 0.048658 0.045056 0.041703 0.038614 0.03575 0.033063 0.03085 0.029306 0.028066 0.026786 0.025154 0.022839 0.019901 0.016806 0.013983 0.011823 0.010565 0.0095541 0.0086115 0.0077154 0.0068389 0.0059534 0.0050044 0.0039379 0.0028557 0.0018551 0.0010172 0.00041193 8.7937e-05 0 0 0 0 0 0 0 0 0 0 0 
194 0 0 0.006666 0.01254 0.017563 0.029039 0.043416 0.058505 0.076891 0.097842 0.11632 0.12976 0.14015 0.14763 0.15202 0.1533 0.14878 0.13978 0.13044 0.1249 0.12506 0.12732 0.13116 0.13664 0.14366 0.15514 0.17006 0.18487 0.19597 0.20081 0.20163 0.19897 0.19323 0.18524 0.17442 0.16166 0.14914 0.13947 0.13383 0.12879 0.12401 0.11958 0.11565 0.11199 0.10842 0.10486 0.10118 0.097312 0.09338 0.089434 0.085553 0.081826 0.078271 0.074769 0.071254 0.067712 0.064082 0.060254 0.056346 0.052461 0.048669 0.045069 0.041717 0.038626 0.03576 0.033073 0.03086 0.029319 0.028083 0.026808 0.02518 0.022864 0.019923 0.016825 0.013999 0.011836 0.010578 0.0095663 0.0086219 0.0077229 0.0068431 0.0059553 0.0050059 0.0039404 0.0028597 0.00186 0.0010217 0.00041458 8.745e-05 0 0 0 0 0 0 0 0 0 0 0 
194.5 0 0 0.0065746 0.012446 0.017451 0.028818 0.043124 0.058162 0.076436 0.097247 0.11565 0.12912 0.13961 0.14723 0.15178 0.15317 0.14875 0.13987 0.13063 0.1251 0.1252 0.12736 0.13109 0.13645 0.14338 0.15483 0.16977 0.18462 0.19573 0.20058 0.20145 0.19886 0.19319 0.18524 0.17444 0.16169 0.14919 0.13955 0.13391 0.12887 0.12407 0.11963 0.11568 0.112 0.1084 0.10482 0.10112 0.097252 0.093313 0.089361 0.085476 0.081749 0.078206 0.074724 0.07123 0.067702 0.064075 0.060249 0.056343 0.05246 0.048671 0.045071 0.041718 0.038625 0.035756 0.033063 0.030848 0.02931 0.028083 0.026818 0.025196 0.022881 0.019941 0.016843 0.014018 0.011855 0.010596 0.0095826 0.0086354 0.0077329 0.0068496 0.0059597 0.0050103 0.0039464 0.0028671 0.0018677 0.0010282 0.00041814 8.6889e-05 0 0 0 0 0 0 0 0 0 0 0 
195 0 0 0.0064833 0.012351 0.01734 0.028598 0.042832 0.057819 0.075981 0.096651 0.11498 0.12847 0.13906 0.14683 0.15153 0.15304 0.14873 0.13996 0.13081 0.12531 0.12535 0.1274 0.13101 0.13625 0.14309 0.15452 0.16948 0.18436 0.1955 0.20035 0.20126 0.19875 0.19316 0.18525 0.17446 0.16172 0.14924 0.13962 0.13399 0.12894 0.12414 0.11969 0.11572 0.112 0.10838 0.10478 0.10107 0.097191 0.093246 0.089289 0.0854 0.081672 0.078141 0.07468 0.071206 0.067692 0.064068 0.060243 0.05634 0.05246 0.048672 0.045074 0.041719 0.038624 0.035752 0.033054 0.030835 0.029301 0.028082 0.026828 0.025211 0.022898 0.019959 0.016862 0.014037 0.011874 0.010614 0.009599 0.0086489 0.0077429 0.0068562 0.005964 0.0050148 0.0039524 0.0028746 0.0018754 0.0010347 0.0004217 8.6329e-05 0 0 0 0 0 0 0 0 0 0 0 
195.5 0 0 0.0063919 0.012257 0.017228 0.028378 0.04254 0.057476 0.075526 0.096055 0.11431 0.12783 0.13851 0.14643 0.15128 0.15291 0.1487 0.14005 0.13099 0.12552 0.12549 0.12744 0.13093 0.13606 0.14281 0.15421 0.1692 0.18411 0.19526 0.20012 0.20108 0.19864 0.19312 0.18525 0.17447 0.16175 0.14929 0.1397 0.13408 0.12902 0.1242 0.11974 0.11575 0.11201 0.10836 0.10474 0.10101 0.097131 0.093179 0.089216 0.085324 0.081595 0.078075 0.074635 0.071181 0.067683 0.064061 0.060238 0.056337 0.052459 0.048674 0.045076 0.04172 0.038623 0.035747 0.033044 0.030822 0.029291 0.028082 0.026838 0.025227 0.022915 0.019976 0.01688 0.014057 0.011893 0.010632 0.0096153 0.0086625 0.0077529 0.0068627 0.0059683 0.0050192 0.0039584 0.002882 0.0018832 0.0010412 0.00042527 8.5768e-05 0 0 0 0 0 0 0 0 0 0 0 
196 0 0 0.0063613 0.012186 0.017129 0.028238 0.042365 0.057247 0.075212 0.09565 0.11386 0.1274 0.13817 0.14621 0.15119 0.15291 0.14876 0.14016 0.13112 0.12564 0.12559 0.12748 0.1309 0.13597 0.14267 0.15406 0.16905 0.18398 0.19514 0.20002 0.20101 0.19865 0.19325 0.18542 0.17455 0.16174 0.1493 0.13976 0.13416 0.12908 0.12426 0.1198 0.1158 0.11205 0.10838 0.10475 0.10102 0.097137 0.093191 0.089253 0.085379 0.081631 0.078077 0.074633 0.071207 0.067728 0.064106 0.060276 0.05637 0.05249 0.048703 0.045103 0.041742 0.038638 0.035756 0.033047 0.030822 0.029293 0.02809 0.026851 0.025244 0.022933 0.019994 0.016896 0.014069 0.011902 0.01064 0.0096234 0.0086702 0.00776 0.0068689 0.0059737 0.005024 0.0039625 0.0028854 0.001886 0.0010434 0.00042663 8.6449e-05 0 0 0 0 0 0 0 0 0 0 0 
196.5 0 0 0.0063795 0.012132 0.017041 0.028163 0.042283 0.057107 0.07501 0.095398 0.11357 0.12714 0.13799 0.14612 0.1512 0.15301 0.14889 0.14027 0.1312 0.1257 0.12564 0.12752 0.13092 0.13597 0.14266 0.15404 0.16902 0.18394 0.19512 0.20002 0.20103 0.19875 0.1935 0.18572 0.17467 0.1617 0.14927 0.13981 0.13423 0.12914 0.12432 0.11986 0.11587 0.11212 0.10845 0.10482 0.10108 0.097195 0.093267 0.089379 0.085541 0.081758 0.078131 0.074667 0.071273 0.067819 0.064194 0.060349 0.056433 0.052547 0.048755 0.04515 0.041781 0.038668 0.035775 0.033058 0.03083 0.029304 0.028104 0.026868 0.025262 0.022952 0.020012 0.016909 0.014077 0.011905 0.010641 0.009625 0.0086733 0.0077647 0.006875 0.00598 0.005029 0.0039649 0.0028855 0.0018849 0.0010422 0.00042622 8.8126e-05 0 0 0 0 0 0 0 0 0 0 0 
197 0 0 0.0063977 0.012078 0.016953 0.028088 0.042201 0.056968 0.074808 0.095145 0.11329 0.12688 0.13781 0.14604 0.15122 0.15311 0.14902 0.14039 0.13128 0.12576 0.1257 0.12755 0.13094 0.13597 0.14265 0.15403 0.16899 0.1839 0.1951 0.20002 0.20105 0.19885 0.19376 0.18602 0.17479 0.16165 0.14924 0.13986 0.13431 0.1292 0.12437 0.11993 0.11594 0.11218 0.10851 0.10488 0.10114 0.097253 0.093344 0.089505 0.085702 0.081885 0.078185 0.0747 0.071338 0.067909 0.064282 0.060422 0.056496 0.052604 0.048807 0.045197 0.04182 0.038697 0.035795 0.03307 0.030839 0.029315 0.028118 0.026884 0.025281 0.022971 0.02003 0.016923 0.014085 0.011908 0.010641 0.0096266 0.0086764 0.0077695 0.006881 0.0059862 0.005034 0.0039674 0.0028856 0.0018839 0.001041 0.00042582 8.9802e-05 0 0 0 0 0 0 0 0 0 0 0 
197.5 0 0 0.0064158 0.012024 0.016865 0.028012 0.042119 0.056829 0.074607 0.094893 0.113 0.12662 0.13762 0.14596 0.15124 0.15321 0.14915 0.1405 0.13136 0.12582 0.12575 0.12759 0.13095 0.13596 0.14264 0.15401 0.16896 0.18387 0.19508 0.20002 0.20107 0.19895 0.19402 0.18631 0.17491 0.16161 0.14921 0.1399 0.13438 0.12926 0.12443 0.11999 0.11601 0.11225 0.10858 0.10494 0.10121 0.097311 0.09342 0.089631 0.085864 0.082012 0.07824 0.074733 0.071404 0.068 0.06437 0.060494 0.056558 0.052661 0.048859 0.045243 0.041859 0.038726 0.035814 0.033081 0.030847 0.029326 0.028133 0.026901 0.025299 0.02299 0.020047 0.016936 0.014093 0.011911 0.010642 0.0096281 0.0086795 0.0077742 0.006887 0.0059925 0.005039 0.0039698 0.0028857 0.0018828 0.0010397 0.00042542 9.1478e-05 0 0 0 0 0 0 0 0 0 0 0 
198 0 0 0.0063867 0.012018 0.016866 0.027982 0.042077 0.056794 0.07456 0.094823 0.11293 0.12656 0.13758 0.14594 0.15125 0.15324 0.14919 0.14053 0.13138 0.12584 0.12577 0.1276 0.13095 0.13596 0.14263 0.154 0.16895 0.18386 0.19507 0.20002 0.20108 0.19898 0.19409 0.1864 0.17495 0.16162 0.14922 0.13993 0.13442 0.1293 0.12447 0.12003 0.11604 0.11228 0.10859 0.10495 0.10121 0.09731 0.093421 0.089641 0.08588 0.082018 0.078224 0.074703 0.071371 0.067966 0.064335 0.060457 0.056521 0.052625 0.048823 0.045209 0.041829 0.038701 0.035795 0.033069 0.030839 0.029318 0.028122 0.026888 0.025287 0.022982 0.020043 0.016934 0.014091 0.011908 0.010639 0.0096251 0.0086772 0.0077725 0.006886 0.0059919 0.0050387 0.0039696 0.0028857 0.0018832 0.0010405 0.00042615 9.2035e-05 0 0 0 0 0 0 0 0 0 0 0 
198.5 0 0 0.0063445 0.012025 0.016892 0.027963 0.042045 0.056788 0.074557 0.094804 0.11291 0.12655 0.13757 0.14594 0.15125 0.15325 0.14919 0.14054 0.13139 0.12584 0.12577 0.1276 0.13095 0.13596 0.14263 0.154 0.16895 0.18385 0.19506 0.20002 0.20109 0.199 0.1941 0.18642 0.17497 0.16163 0.14924 0.13995 0.13444 0.12933 0.12449 0.12005 0.11606 0.11229 0.1086 0.10495 0.10119 0.097293 0.093401 0.089619 0.085856 0.08199 0.078188 0.074655 0.071311 0.067897 0.064265 0.060389 0.056456 0.052563 0.048764 0.045153 0.04178 0.038662 0.035766 0.033051 0.030826 0.029305 0.028105 0.026868 0.025267 0.022966 0.020032 0.016926 0.014086 0.011904 0.010634 0.0096207 0.0086732 0.007769 0.006883 0.0059894 0.0050369 0.0039686 0.0028856 0.001884 0.0010417 0.0004272 9.2281e-05 0 0 0 0 0 0 0 0 0 0 0 
199 0 0 0.0063023 0.012033 0.016917 0.027945 0.042014 0.056782 0.074553 0.094785 0.1129 0.12654 0.13757 0.14593 0.15125 0.15325 0.1492 0.14054 0.13139 0.12584 0.12577 0.1276 0.13095 0.13596 0.14263 0.154 0.16894 0.18385 0.19506 0.20002 0.20109 0.19901 0.19412 0.18644 0.17499 0.16165 0.14925 0.13997 0.13447 0.12935 0.12452 0.12008 0.11608 0.1123 0.1086 0.10494 0.10118 0.097275 0.093381 0.089597 0.085831 0.081962 0.078152 0.074607 0.07125 0.067828 0.064195 0.060321 0.056391 0.052501 0.048704 0.045097 0.04173 0.038622 0.035737 0.033032 0.030813 0.029291 0.028088 0.026848 0.025247 0.022951 0.020021 0.016919 0.014081 0.011899 0.010629 0.0096164 0.0086693 0.0077655 0.00688 0.0059868 0.0050351 0.0039676 0.0028855 0.0018848 0.001043 0.00042825 9.2527e-05 0 0 0 0 0 0 0 0 0 0 0 
199.5 0 0 0.0062603 0.01204 0.016943 0.027926 0.041982 0.056775 0.074549 0.094766 0.11288 0.12653 0.13756 0.14593 0.15125 0.15326 0.14921 0.14055 0.13139 0.12584 0.12577 0.12761 0.13095 0.13595 0.14263 0.154 0.16894 0.18385 0.19506 0.20002 0.2011 0.19902 0.19414 0.18645 0.17501 0.16167 0.14927 0.13999 0.13449 0.12938 0.12455 0.12011 0.1161 0.11231 0.1086 0.10493 0.10117 0.097259 0.093362 0.089575 0.085807 0.081934 0.078117 0.074561 0.071191 0.067761 0.064126 0.060254 0.056327 0.05244 0.048646 0.045042 0.041682 0.038583 0.035708 0.033014 0.030801 0.029278 0.028072 0.026828 0.025228 0.022935 0.02001 0.016912 0.014076 0.011895 0.010624 0.0096121 0.0086654 0.0077621 0.006877 0.0059844 0.0050333 0.0039667 0.0028855 0.0018856 0.0010443 0.00042931 9.2775e-05 0 0 0 0 0 0 0 0 0 0 0 
200 0 0 0.0062531 0.012027 0.016926 0.027904 0.041956 0.056747 0.07452 0.094737 0.11285 0.12651 0.13754 0.14591 0.15124 0.15326 0.14921 0.14055 0.13139 0.12585 0.12579 0.12762 0.13097 0.13598 0.14266 0.15402 0.16896 0.18386 0.19506 0.20003 0.20114 0.19902 0.19402 0.18631 0.17504 0.16185 0.14942 0.14005 0.13452 0.12941 0.12457 0.12012 0.11612 0.11234 0.10864 0.10498 0.10123 0.097324 0.09341 0.089568 0.085758 0.081918 0.07818 0.07466 0.071275 0.06783 0.064194 0.060325 0.056391 0.052494 0.048693 0.045086 0.04172 0.038614 0.035734 0.033035 0.030817 0.029291 0.028083 0.026839 0.025238 0.022945 0.020019 0.016919 0.014082 0.011898 0.010625 0.0096126 0.0086653 0.007762 0.0068776 0.0059856 0.0050354 0.0039696 0.002889 0.0018895 0.0010478 0.00043161 9.3174e-05 0 0 0 0 0 0 0 0 0 0 0 
200.5 0 0 0.0062459 0.012014 0.016909 0.027881 0.041929 0.056718 0.074492 0.094709 0.11282 0.12648 0.13751 0.14589 0.15123 0.15325 0.14921 0.14055 0.1314 0.12586 0.1258 0.12764 0.13099 0.136 0.14268 0.15405 0.16898 0.18388 0.19506 0.20004 0.20117 0.19902 0.1939 0.18617 0.17507 0.16203 0.14957 0.14011 0.13454 0.12944 0.1246 0.12013 0.11613 0.11236 0.10868 0.10503 0.10128 0.097388 0.093458 0.089562 0.085709 0.081901 0.078243 0.074759 0.071359 0.067898 0.064262 0.060396 0.056456 0.052548 0.048741 0.045129 0.041758 0.038646 0.035759 0.033056 0.030834 0.029305 0.028094 0.026849 0.025248 0.022955 0.020028 0.016927 0.014087 0.011901 0.010627 0.009613 0.0086652 0.007762 0.0068782 0.0059869 0.0050375 0.0039725 0.0028925 0.0018933 0.0010513 0.0004339 9.3574e-05 0 0 0 0 0 0 0 0 0 0 0 
201 0 0 0.0062387 0.012001 0.016892 0.027859 0.041903 0.05669 0.074463 0.09468 0.1128 0.12645 0.13749 0.14587 0.15122 0.15325 0.14921 0.14055 0.1314 0.12586 0.12581 0.12766 0.13101 0.13602 0.14271 0.15407 0.16901 0.18389 0.19507 0.20005 0.20121 0.19903 0.19379 0.18603 0.1751 0.16221 0.14973 0.14017 0.13456 0.12946 0.12462 0.12014 0.11614 0.11239 0.10872 0.10508 0.10134 0.097453 0.093506 0.089555 0.085661 0.081885 0.078306 0.074859 0.071443 0.067967 0.06433 0.060466 0.05652 0.052603 0.048788 0.045173 0.041796 0.038678 0.035785 0.033077 0.03085 0.029318 0.028106 0.02686 0.025258 0.022965 0.020037 0.016935 0.014093 0.011905 0.010628 0.0096135 0.0086651 0.0077619 0.0068788 0.0059881 0.0050396 0.0039754 0.002896 0.0018971 0.0010548 0.0004362 9.3974e-05 0 0 0 0 0 0 0 0 0 0 0 
201.5 0 0 0.0062331 0.011991 0.016878 0.02784 0.04188 0.056664 0.074434 0.094648 0.11276 0.12642 0.13746 0.14584 0.15119 0.15323 0.1492 0.14055 0.13139 0.12586 0.12582 0.12767 0.13102 0.13603 0.14271 0.15408 0.16901 0.18389 0.19506 0.20004 0.20122 0.19901 0.19368 0.1859 0.17511 0.16233 0.14983 0.14021 0.13456 0.12947 0.12462 0.12013 0.11613 0.11239 0.10873 0.1051 0.10137 0.09749 0.093529 0.089537 0.085611 0.081861 0.078342 0.074919 0.071487 0.067998 0.064361 0.060501 0.056553 0.05263 0.048813 0.045196 0.041818 0.038698 0.035805 0.033097 0.030868 0.029332 0.028117 0.026868 0.025266 0.022974 0.020045 0.016943 0.0141 0.011909 0.010629 0.0096137 0.0086652 0.0077631 0.0068816 0.0059922 0.005044 0.0039794 0.0028993 0.0018997 0.0010568 0.00043754 9.4902e-05 0 0 0 0 0 0 0 0 0 0 0 
202 0 0 0.0062324 0.01199 0.016877 0.027835 0.041868 0.056645 0.074405 0.094606 0.11271 0.12636 0.13739 0.14578 0.15113 0.15317 0.14914 0.1405 0.13137 0.12584 0.12578 0.12763 0.13098 0.13599 0.14267 0.15403 0.16897 0.18385 0.19502 0.19999 0.20115 0.19894 0.1936 0.18582 0.17502 0.16226 0.14976 0.14015 0.1345 0.1294 0.12455 0.12007 0.11607 0.11233 0.10868 0.10506 0.10133 0.09744 0.093473 0.089483 0.08556 0.081812 0.078286 0.074851 0.071406 0.067908 0.064272 0.060419 0.056482 0.052571 0.048762 0.045152 0.041786 0.038682 0.035806 0.033114 0.030891 0.02935 0.028126 0.02687 0.025265 0.022978 0.020053 0.016953 0.014109 0.011914 0.010629 0.0096128 0.0086661 0.0077682 0.0068916 0.0060051 0.0050563 0.0039873 0.0029019 0.0018987 0.0010541 0.00043578 9.7529e-05 0 0 0 0 0 0 0 0 0 0 0 
202.5 0 0 0.0062318 0.011988 0.016875 0.02783 0.041857 0.056627 0.074376 0.094564 0.11266 0.1263 0.13733 0.14572 0.15107 0.15311 0.14909 0.14046 0.13134 0.12581 0.12575 0.12759 0.13095 0.13595 0.14262 0.15399 0.16893 0.18381 0.19497 0.19993 0.20109 0.19886 0.19352 0.18573 0.17494 0.16218 0.14969 0.14008 0.13444 0.12934 0.12449 0.12 0.11601 0.11227 0.10862 0.10501 0.10128 0.097389 0.093417 0.089428 0.08551 0.081763 0.078231 0.074783 0.071324 0.067818 0.064183 0.060338 0.056412 0.052512 0.048711 0.045107 0.041753 0.038666 0.035808 0.033131 0.030914 0.029369 0.028135 0.026871 0.025264 0.022982 0.020061 0.016963 0.014119 0.01192 0.01063 0.0096119 0.008667 0.0077733 0.0069016 0.006018 0.0050685 0.0039951 0.0029046 0.0018976 0.0010514 0.00043403 0.00010016 0 0 0 0 0 0 0 0 0 0 0 
203 0 0 0.0062311 0.011986 0.016874 0.027824 0.041845 0.056608 0.074348 0.094522 0.1126 0.12624 0.13727 0.14566 0.15101 0.15305 0.14903 0.14042 0.13132 0.12579 0.12571 0.12755 0.13091 0.13591 0.14258 0.15394 0.16889 0.18377 0.19492 0.19987 0.20102 0.19879 0.19344 0.18565 0.17486 0.16211 0.14963 0.14002 0.13437 0.12927 0.12442 0.11994 0.11594 0.11221 0.10857 0.10496 0.10124 0.097339 0.093362 0.089373 0.085459 0.081713 0.078176 0.074715 0.071243 0.067728 0.064094 0.060257 0.056341 0.052453 0.04866 0.045063 0.041721 0.03865 0.03581 0.033149 0.030937 0.029387 0.028145 0.026873 0.025264 0.022987 0.020069 0.016972 0.014128 0.011925 0.01063 0.009611 0.0086679 0.0077784 0.0069116 0.006031 0.0050807 0.004003 0.0029073 0.0018965 0.0010486 0.00043227 0.00010278 0 0 0 0 0 0 0 0 0 0 0 
203.5 0 0 0.0062532 0.011985 0.016864 0.027834 0.041857 0.056602 0.07433 0.094499 0.11257 0.1262 0.13723 0.14561 0.15097 0.153 0.14899 0.14039 0.13129 0.12576 0.12568 0.12751 0.13087 0.13587 0.14253 0.15389 0.16884 0.18372 0.19487 0.19982 0.20096 0.19875 0.19345 0.18567 0.17481 0.16199 0.14952 0.13996 0.13432 0.12921 0.12436 0.11988 0.11589 0.11215 0.10851 0.10491 0.10119 0.097285 0.093309 0.089324 0.085415 0.081673 0.078136 0.074673 0.071199 0.067683 0.064052 0.060218 0.056306 0.052422 0.048631 0.045035 0.041696 0.03863 0.035795 0.033139 0.03093 0.029382 0.028142 0.026872 0.025266 0.022992 0.020076 0.01698 0.014135 0.011929 0.010632 0.0096132 0.0086701 0.007781 0.0069147 0.0060345 0.0050846 0.0040066 0.0029102 0.0018987 0.0010501 0.00043323 0.00010365 0 0 0 0 0 0 0 0 0 0 0 
204 0 0 0.0063015 0.011984 0.016845 0.02786 0.041896 0.056611 0.074325 0.094496 0.11255 0.12617 0.1372 0.14559 0.15094 0.15298 0.14896 0.14035 0.13125 0.12573 0.12565 0.12748 0.13082 0.13581 0.14247 0.15383 0.16877 0.18366 0.19482 0.19977 0.2009 0.19874 0.19357 0.18582 0.17478 0.16181 0.14937 0.13989 0.13428 0.12916 0.1243 0.11983 0.11584 0.1121 0.10845 0.10485 0.10113 0.097229 0.093259 0.089282 0.08538 0.081642 0.078112 0.07466 0.071198 0.067691 0.064063 0.060228 0.056312 0.052423 0.048628 0.045027 0.041681 0.038606 0.035763 0.033098 0.030888 0.029349 0.028124 0.026868 0.025271 0.022998 0.020082 0.016984 0.014138 0.011933 0.010637 0.009619 0.0086739 0.0077808 0.00691 0.0060273 0.0050787 0.0040052 0.0029134 0.0019047 0.0010565 0.0004373 0.00010249 0 0 0 0 0 0 0 0 0 0 0 
204.5 0 0 0.0063499 0.011983 0.016826 0.027886 0.041935 0.056619 0.07432 0.094494 0.11254 0.12615 0.13718 0.14557 0.15092 0.15295 0.14893 0.14032 0.13121 0.1257 0.12563 0.12745 0.13077 0.13576 0.14241 0.15378 0.16871 0.1836 0.19478 0.19973 0.20085 0.19873 0.19369 0.18597 0.17475 0.16163 0.14922 0.13983 0.13425 0.1291 0.12424 0.11978 0.11579 0.11205 0.1084 0.10478 0.10106 0.097172 0.093209 0.08924 0.085344 0.081612 0.078089 0.074648 0.071197 0.067699 0.064075 0.060238 0.056318 0.052424 0.048624 0.045019 0.041665 0.038582 0.03573 0.033057 0.030845 0.029317 0.028106 0.026865 0.025276 0.023004 0.020087 0.016988 0.014141 0.011936 0.010642 0.0096247 0.0086777 0.0077806 0.0069053 0.00602 0.0050729 0.0040038 0.0029166 0.0019106 0.0010629 0.00044138 0.00010133 0 0 0 0 0 0 0 0 0 0 0 
205 0 0 0.0063982 0.011982 0.016807 0.027913 0.041974 0.056627 0.074316 0.094491 0.11252 0.12612 0.13715 0.14554 0.15089 0.15292 0.1489 0.14028 0.13117 0.12566 0.1256 0.12741 0.13073 0.1357 0.14236 0.15372 0.16865 0.18354 0.19473 0.19968 0.20079 0.19872 0.19381 0.18612 0.17473 0.16146 0.14908 0.13977 0.13421 0.12905 0.12419 0.11972 0.11574 0.11199 0.10834 0.10472 0.101 0.097116 0.09316 0.089198 0.085309 0.081581 0.078065 0.074635 0.071196 0.067707 0.064086 0.060247 0.056324 0.052425 0.048621 0.045011 0.041649 0.038557 0.035697 0.033017 0.030803 0.029284 0.028089 0.026862 0.025281 0.02301 0.020092 0.016992 0.014144 0.011939 0.010647 0.0096305 0.0086816 0.0077804 0.0069005 0.0060128 0.005067 0.0040024 0.0029198 0.0019166 0.0010693 0.00044546 0.00010018 0 0 0 0 0 0 0 0 0 0 0 
205.5 0 0 0.0064114 0.011977 0.016795 0.027914 0.041978 0.05662 0.074306 0.094486 0.11251 0.12611 0.13713 0.14551 0.15085 0.15288 0.14886 0.14024 0.13112 0.12562 0.12556 0.12738 0.1307 0.13568 0.14234 0.15371 0.16864 0.18352 0.1947 0.19964 0.20074 0.19864 0.19367 0.18596 0.17464 0.16143 0.14904 0.13971 0.13415 0.129 0.12415 0.11969 0.1157 0.11195 0.10829 0.10467 0.10095 0.097072 0.093125 0.089166 0.085276 0.08155 0.078038 0.074612 0.071175 0.067689 0.064072 0.060237 0.056318 0.052422 0.048619 0.045009 0.041646 0.038552 0.035688 0.033005 0.030789 0.02927 0.028076 0.026852 0.025274 0.023006 0.020092 0.016993 0.014145 0.011938 0.010644 0.0096282 0.0086799 0.0077795 0.0069006 0.0060138 0.0050689 0.0040047 0.0029219 0.0019182 0.0010703 0.00044615 0.00010097 0 0 0 0 0 0 0 0 0 0 0 
206 0 0 0.0064089 0.011972 0.016786 0.027904 0.041965 0.056606 0.074295 0.094479 0.11251 0.1261 0.13711 0.14548 0.15081 0.15283 0.1488 0.14018 0.13107 0.12557 0.12552 0.12736 0.13069 0.13567 0.14233 0.15371 0.16865 0.18353 0.19468 0.1996 0.20069 0.19853 0.19342 0.18568 0.17452 0.16147 0.14906 0.13966 0.13409 0.12896 0.12412 0.11965 0.11567 0.11192 0.10826 0.10462 0.1009 0.097034 0.093098 0.089138 0.085245 0.081518 0.078009 0.074583 0.071145 0.067659 0.064045 0.060218 0.056306 0.052417 0.048619 0.045011 0.041649 0.038555 0.035691 0.033007 0.030787 0.029264 0.028066 0.026839 0.025261 0.022998 0.020088 0.016992 0.014144 0.011936 0.010639 0.0096224 0.0086757 0.0077783 0.0069028 0.0060184 0.0050742 0.0040086 0.0029235 0.0019179 0.001069 0.00044535 0.00010264 0 0 0 0 0 0 0 0 0 0 0 
206.5 0 0 0.0064064 0.011966 0.016778 0.027894 0.041952 0.056592 0.074284 0.094473 0.1125 0.12609 0.13709 0.14545 0.15077 0.15278 0.14875 0.14013 0.13102 0.12553 0.12549 0.12733 0.13067 0.13566 0.14233 0.15371 0.16866 0.18353 0.19466 0.19956 0.20064 0.19841 0.19316 0.18539 0.17441 0.1615 0.14908 0.13961 0.13402 0.12892 0.12409 0.11962 0.11563 0.11189 0.10822 0.10458 0.10085 0.096996 0.09307 0.089111 0.085213 0.081487 0.077979 0.074554 0.071114 0.067629 0.064019 0.060199 0.056295 0.052411 0.048618 0.045012 0.041651 0.038557 0.035693 0.033008 0.030785 0.029258 0.028056 0.026826 0.025249 0.02299 0.020085 0.016992 0.014144 0.011933 0.010633 0.0096166 0.0086716 0.0077772 0.006905 0.0060231 0.0050795 0.0040125 0.0029251 0.0019175 0.0010677 0.00044454 0.00010431 0 0 0 0 0 0 0 0 0 0 0 
207 0 0 0.0064039 0.01196 0.016769 0.027884 0.04194 0.056578 0.074272 0.094466 0.1125 0.12607 0.13707 0.14541 0.15072 0.15273 0.1487 0.14008 0.13097 0.12548 0.12545 0.1273 0.13065 0.13566 0.14233 0.15371 0.16866 0.18353 0.19464 0.19952 0.2006 0.1983 0.19291 0.1851 0.17429 0.16154 0.1491 0.13956 0.13396 0.12888 0.12406 0.11959 0.1156 0.11185 0.10818 0.10453 0.1008 0.096959 0.093042 0.089083 0.085182 0.081455 0.07795 0.074524 0.071084 0.067599 0.063993 0.06018 0.056283 0.052406 0.048617 0.045014 0.041653 0.03856 0.035696 0.03301 0.030784 0.029252 0.028046 0.026814 0.025237 0.022982 0.020082 0.016991 0.014144 0.011931 0.010627 0.0096108 0.0086674 0.007776 0.0069073 0.0060277 0.0050848 0.0040164 0.0029267 0.0019172 0.0010664 0.00044374 0.00010598 0 0 0 0 0 0 0 0 0 0 0 
207.5 0 0 0.006401 0.011955 0.016763 0.027872 0.041922 0.056553 0.074237 0.094417 0.11244 0.12602 0.13701 0.14537 0.15069 0.1527 0.14867 0.14005 0.13095 0.12546 0.12543 0.12728 0.13062 0.13562 0.14229 0.15367 0.16862 0.18348 0.19458 0.19946 0.20055 0.19827 0.19288 0.18507 0.17428 0.16155 0.14912 0.13957 0.13395 0.12887 0.12403 0.11956 0.11557 0.11183 0.10816 0.10451 0.10079 0.096948 0.093031 0.08907 0.085168 0.081443 0.077942 0.074522 0.071086 0.067605 0.064001 0.060187 0.056286 0.052405 0.048615 0.045012 0.041653 0.038561 0.035699 0.033017 0.030793 0.029261 0.028054 0.02682 0.025244 0.022992 0.020092 0.016998 0.014146 0.01193 0.010628 0.0096163 0.0086757 0.0077829 0.0069101 0.0060271 0.0050838 0.004017 0.0029291 0.0019205 0.0010696 0.00044577 0.00010608 0 0 0 0 0 0 0 0 0 0 0 
208 0 0 0.0063982 0.01195 0.016757 0.02786 0.041904 0.056527 0.074199 0.094364 0.11238 0.12595 0.13696 0.14532 0.15065 0.15268 0.14865 0.14004 0.13093 0.12545 0.12542 0.12726 0.13059 0.13558 0.14224 0.15363 0.16857 0.18343 0.19452 0.19941 0.20051 0.19824 0.19287 0.18507 0.17428 0.16156 0.14913 0.13958 0.13395 0.12885 0.124 0.11952 0.11553 0.1118 0.10814 0.1045 0.10078 0.09694 0.093021 0.089059 0.085157 0.081432 0.077936 0.074521 0.071091 0.067615 0.064012 0.060195 0.05629 0.052405 0.048612 0.04501 0.041653 0.038563 0.035703 0.033025 0.030803 0.029272 0.028063 0.026828 0.025252 0.023003 0.020104 0.017006 0.014148 0.011929 0.010628 0.0096228 0.0086852 0.0077906 0.006913 0.0060261 0.0050822 0.0040172 0.0029316 0.0019241 0.0010731 0.00044805 0.00010604 0 0 0 0 0 0 0 0 0 0 0 
208.5 0 0 0.0063953 0.011945 0.016751 0.027848 0.041885 0.056502 0.074161 0.094311 0.11231 0.12589 0.1369 0.14528 0.15062 0.15265 0.14863 0.14002 0.13092 0.12544 0.1254 0.12723 0.13056 0.13554 0.1422 0.15358 0.16852 0.18337 0.19446 0.19935 0.20047 0.19822 0.19286 0.18506 0.17428 0.16156 0.14914 0.13959 0.13395 0.12883 0.12397 0.11948 0.1155 0.11177 0.10812 0.10449 0.10078 0.096932 0.093012 0.089048 0.085145 0.081422 0.077929 0.074521 0.071097 0.067624 0.064023 0.060204 0.056294 0.052405 0.04861 0.045008 0.041652 0.038564 0.035707 0.033032 0.030813 0.029282 0.028073 0.026836 0.025261 0.023015 0.020115 0.017013 0.01415 0.011928 0.010629 0.0096292 0.0086946 0.0077982 0.0069159 0.0060251 0.0050806 0.0040175 0.0029341 0.0019278 0.0010767 0.00045033 0.00010599 0 0 0 0 0 0 0 0 0 0 0 
209 0 7.6315e-06 0.0064002 0.011945 0.016749 0.027839 0.041869 0.056479 0.074128 0.094265 0.11226 0.12584 0.13685 0.14524 0.1506 0.15264 0.14862 0.14001 0.13091 0.12543 0.1254 0.12722 0.13053 0.13551 0.14216 0.15355 0.16848 0.18333 0.19442 0.19931 0.20044 0.19821 0.19286 0.18507 0.17429 0.16158 0.14916 0.13961 0.13395 0.12882 0.12395 0.11946 0.11548 0.11175 0.1081 0.10448 0.10077 0.096928 0.093005 0.089039 0.085135 0.081412 0.077923 0.07452 0.071101 0.067633 0.064033 0.060212 0.056299 0.052405 0.048608 0.045007 0.041652 0.038565 0.035711 0.033039 0.030822 0.029291 0.02808 0.026842 0.025267 0.023024 0.020125 0.01702 0.014152 0.011927 0.01063 0.0096347 0.0087028 0.0078051 0.0069188 0.0060248 0.0050798 0.0040183 0.0029366 0.001931 0.0010797 0.00045226 0.00010612 0 0 0 0 0 0 0 0 0 0 0 
209.5 0 5.9545e-05 0.0064495 0.011979 0.016773 0.027847 0.041865 0.05647 0.074119 0.09426 0.11226 0.12584 0.13687 0.14527 0.15064 0.15269 0.14868 0.14006 0.13095 0.12547 0.12543 0.12726 0.13057 0.13554 0.14219 0.15358 0.16851 0.18336 0.19446 0.19936 0.2005 0.19827 0.19292 0.18513 0.17434 0.16162 0.14919 0.13964 0.13399 0.12887 0.124 0.11951 0.11552 0.11179 0.10814 0.10451 0.10079 0.096943 0.093016 0.089044 0.085135 0.081408 0.077919 0.074517 0.0711 0.067634 0.064035 0.060215 0.056302 0.052408 0.048611 0.045011 0.041655 0.038568 0.035712 0.033039 0.03082 0.029287 0.028075 0.026836 0.025263 0.023022 0.020126 0.017023 0.014154 0.011928 0.010629 0.0096344 0.0087039 0.0078074 0.0069222 0.0060288 0.005084 0.0040219 0.0029389 0.0019319 0.0010796 0.00045211 0.00010724 0 0 0 0 0 0 0 0 0 0 0 
210 0 0.00011146 0.0064988 0.012013 0.016796 0.027855 0.041862 0.056461 0.07411 0.094254 0.11226 0.12584 0.13688 0.1453 0.15068 0.15274 0.14873 0.14011 0.131 0.12551 0.12547 0.12729 0.1306 0.13557 0.14223 0.15361 0.16855 0.1834 0.1945 0.19941 0.20055 0.19832 0.19298 0.18519 0.1744 0.16167 0.14923 0.13967 0.13402 0.12891 0.12405 0.11955 0.11556 0.11183 0.10817 0.10453 0.10081 0.096958 0.093026 0.089049 0.085134 0.081404 0.077914 0.074514 0.071099 0.067635 0.064037 0.060219 0.056306 0.052412 0.048615 0.045014 0.041658 0.03857 0.035713 0.033039 0.030818 0.029283 0.028069 0.026831 0.025259 0.023021 0.020127 0.017025 0.014157 0.011929 0.010628 0.0096341 0.0087049 0.0078097 0.0069255 0.0060327 0.0050883 0.0040254 0.0029412 0.0019327 0.0010795 0.00045195 0.00010835 0 0 0 0 0 0 0 0 0 0 0 
210.5 0 0.00016337 0.0065481 0.012047 0.01682 0.027863 0.041858 0.056452 0.074101 0.094249 0.11226 0.12585 0.13689 0.14532 0.15072 0.15279 0.14878 0.14016 0.13104 0.12555 0.12551 0.12733 0.13064 0.1356 0.14226 0.15364 0.16858 0.18344 0.19454 0.19946 0.20061 0.19838 0.19304 0.18525 0.17445 0.16171 0.14926 0.1397 0.13406 0.12895 0.12409 0.1196 0.1156 0.11186 0.1082 0.10455 0.10083 0.096974 0.093037 0.089054 0.085134 0.0814 0.077909 0.074511 0.071098 0.067636 0.064039 0.060222 0.056309 0.052415 0.048618 0.045018 0.041662 0.038572 0.035714 0.033039 0.030816 0.029279 0.028064 0.026825 0.025254 0.023019 0.020128 0.017028 0.014159 0.01193 0.010627 0.0096338 0.0087059 0.0078121 0.0069289 0.0060367 0.0050925 0.004029 0.0029435 0.0019336 0.0010794 0.0004518 0.00010947 0 0 0 0 0 0 0 0 0 0 0 
211 0 0.0001765 0.0065586 0.01205 0.016818 0.027853 0.041841 0.05643 0.074072 0.094213 0.11222 0.12581 0.13686 0.1453 0.1507 0.15278 0.14878 0.14015 0.13103 0.12554 0.1255 0.12732 0.13062 0.13557 0.14222 0.1536 0.16854 0.1834 0.19451 0.19943 0.20059 0.19837 0.19304 0.18525 0.17446 0.16172 0.14927 0.1397 0.13406 0.12896 0.1241 0.11961 0.11561 0.11187 0.1082 0.10455 0.10083 0.096969 0.093027 0.089039 0.085114 0.081377 0.077888 0.074496 0.071089 0.067631 0.064036 0.060219 0.056307 0.052412 0.048616 0.045016 0.04166 0.03857 0.035713 0.033039 0.030815 0.029278 0.028064 0.026826 0.025257 0.023024 0.020134 0.017034 0.014165 0.011934 0.010629 0.0096355 0.0087074 0.0078139 0.0069313 0.0060396 0.0050956 0.0040321 0.0029461 0.0019358 0.0010811 0.00045289 0.00011002 0 0 0 0 0 0 0 0 0 0 0 
211.5 0 0.00012457 0.0065041 0.012001 0.016773 0.027814 0.041804 0.056385 0.074009 0.094127 0.11211 0.1257 0.13675 0.14519 0.1506 0.15268 0.14868 0.14006 0.13095 0.12546 0.12541 0.12722 0.1305 0.13544 0.14207 0.15344 0.16839 0.18326 0.19436 0.19927 0.20045 0.19826 0.19294 0.18516 0.17439 0.16166 0.14922 0.13965 0.13402 0.12891 0.12405 0.11956 0.11556 0.11182 0.10816 0.10452 0.10079 0.09693 0.092984 0.08899 0.08506 0.081322 0.07784 0.07446 0.071067 0.067618 0.064024 0.060208 0.056295 0.0524 0.048603 0.045004 0.04165 0.038563 0.035709 0.033039 0.030817 0.029283 0.028072 0.026837 0.025271 0.02304 0.020149 0.017048 0.014178 0.011944 0.010637 0.0096406 0.0087098 0.0078148 0.0069319 0.0060404 0.005097 0.0040343 0.0029494 0.0019402 0.0010857 0.00045605 0.00010961 0 0 0 0 0 0 0 0 0 0 0 
212 0 7.2648e-05 0.0064495 0.011953 0.016728 0.027775 0.041767 0.05634 0.073947 0.094041 0.11201 0.12558 0.13664 0.14508 0.15049 0.15257 0.14858 0.13997 0.13087 0.12538 0.12532 0.12712 0.13039 0.13531 0.14191 0.15328 0.16824 0.18311 0.1942 0.19912 0.20031 0.19814 0.19284 0.18508 0.17431 0.1616 0.14917 0.13961 0.13397 0.12886 0.124 0.11951 0.11551 0.11177 0.10811 0.10448 0.10075 0.096892 0.092941 0.088941 0.085006 0.081267 0.077791 0.074424 0.071044 0.067605 0.064013 0.060196 0.056283 0.052388 0.048591 0.044993 0.04164 0.038555 0.035705 0.033038 0.030819 0.029288 0.02808 0.026849 0.025285 0.023055 0.020165 0.017062 0.01419 0.011954 0.010644 0.0096457 0.0087122 0.0078157 0.0069326 0.0060413 0.0050983 0.0040365 0.0029527 0.0019446 0.0010903 0.00045921 0.00010921 0 0 0 0 0 0 0 0 0 0 0 
212.5 0 2.0723e-05 0.006395 0.011904 0.016683 0.027736 0.04173 0.056295 0.073884 0.093955 0.1119 0.12547 0.13652 0.14497 0.15038 0.15247 0.14848 0.13989 0.13079 0.1253 0.12523 0.12702 0.13028 0.13518 0.14176 0.15311 0.16809 0.18297 0.19405 0.19897 0.20017 0.19802 0.19274 0.18499 0.17424 0.16154 0.14912 0.13957 0.13392 0.12881 0.12395 0.11946 0.11546 0.11172 0.10807 0.10444 0.10072 0.096854 0.092898 0.088892 0.084952 0.081212 0.077743 0.074388 0.071022 0.067592 0.064002 0.060185 0.05627 0.052376 0.048579 0.044981 0.041629 0.038548 0.035701 0.033038 0.030821 0.029292 0.028088 0.02686 0.025299 0.023071 0.02018 0.017076 0.014203 0.011964 0.010652 0.0096509 0.0087146 0.0078166 0.0069333 0.0060421 0.0050996 0.0040387 0.0029561 0.001949 0.001095 0.00046237 0.00010881 0 0 0 0 0 0 0 0 0 0 0 
213 0 0 0.0063728 0.011885 0.016667 0.027723 0.04172 0.056285 0.073872 0.093939 0.11188 0.12545 0.13651 0.14495 0.15036 0.15245 0.14847 0.13987 0.13078 0.12529 0.12523 0.12701 0.13027 0.13518 0.14176 0.15312 0.16809 0.18296 0.19404 0.19895 0.20015 0.19799 0.1927 0.18495 0.17421 0.16151 0.14909 0.13954 0.13391 0.12881 0.12396 0.11947 0.11547 0.11173 0.10806 0.10442 0.1007 0.096845 0.0929 0.088907 0.084978 0.081243 0.077767 0.074397 0.071015 0.067575 0.063986 0.060173 0.056265 0.052376 0.048581 0.044982 0.041628 0.038546 0.035698 0.033033 0.030813 0.029284 0.028082 0.026858 0.025299 0.023074 0.020185 0.017083 0.014209 0.011969 0.010656 0.0096553 0.0087187 0.0078199 0.0069356 0.0060438 0.0051015 0.0040414 0.0029591 0.001952 0.0010974 0.00046387 0.00010903 0 0 0 0 0 0 0 0 0 0 0 
213.5 0 0 0.0063722 0.011886 0.016669 0.027728 0.041728 0.056299 0.073893 0.093969 0.11192 0.12549 0.13655 0.14499 0.15041 0.1525 0.14851 0.13991 0.13081 0.12533 0.12528 0.12707 0.13035 0.13526 0.14187 0.15323 0.16819 0.18305 0.19413 0.19903 0.20021 0.19802 0.19271 0.18495 0.1742 0.16149 0.14907 0.13953 0.13393 0.12884 0.124 0.11952 0.11551 0.11176 0.10808 0.10443 0.1007 0.096855 0.092932 0.088965 0.085056 0.08133 0.07784 0.074437 0.071019 0.067556 0.063966 0.060161 0.056264 0.052383 0.048592 0.04499 0.041634 0.038548 0.035695 0.033024 0.030798 0.029268 0.028068 0.026846 0.02529 0.023068 0.020184 0.017085 0.014212 0.011972 0.010658 0.0096592 0.0087239 0.0078247 0.0069389 0.0060459 0.0051038 0.0040443 0.002962 0.001954 0.0010984 0.00046427 0.00010966 0 0 0 0 0 0 0 0 0 0 0 
214 0 0 0.0063715 0.011886 0.016672 0.027733 0.041736 0.056313 0.073915 0.093999 0.11195 0.12553 0.13659 0.14503 0.15045 0.15254 0.14855 0.13995 0.13085 0.12537 0.12533 0.12713 0.13042 0.13535 0.14197 0.15334 0.16829 0.18314 0.19422 0.19911 0.20027 0.19805 0.19272 0.18496 0.17419 0.16147 0.14905 0.13952 0.13394 0.12887 0.12405 0.11957 0.11556 0.1118 0.1081 0.10443 0.1007 0.096866 0.092965 0.089022 0.085135 0.081418 0.077912 0.074477 0.071024 0.067537 0.063946 0.06015 0.056263 0.052391 0.048603 0.044998 0.041639 0.03855 0.035692 0.033015 0.030783 0.029252 0.028053 0.026834 0.025281 0.023063 0.020182 0.017086 0.014215 0.011975 0.010661 0.0096632 0.0087291 0.0078295 0.0069423 0.0060481 0.0051062 0.0040472 0.0029649 0.001956 0.0010993 0.00046467 0.0001103 0 0 0 0 0 0 0 0 0 0 0 
214.5 0 0 0.0063709 0.011887 0.016675 0.027738 0.041744 0.056326 0.073937 0.094029 0.11199 0.12557 0.13663 0.14508 0.15049 0.15259 0.14859 0.13998 0.13088 0.12541 0.12538 0.1272 0.13049 0.13544 0.14208 0.15345 0.16839 0.18323 0.1943 0.19919 0.20032 0.19809 0.19274 0.18496 0.17418 0.16145 0.14903 0.13951 0.13395 0.12891 0.12409 0.11962 0.11561 0.11183 0.10812 0.10444 0.1007 0.096877 0.092997 0.08908 0.085214 0.081506 0.077985 0.074516 0.071028 0.067518 0.063926 0.060138 0.056261 0.052399 0.048614 0.045006 0.041644 0.038551 0.03569 0.033006 0.030767 0.029235 0.028038 0.026822 0.025273 0.023057 0.020181 0.017088 0.014218 0.011978 0.010663 0.0096671 0.0087343 0.0078343 0.0069456 0.0060503 0.0051085 0.0040501 0.0029679 0.001958 0.0011003 0.00046507 0.00011093 0 0 0 0 0 0 0 0 0 0 0 
215 0 0 0.0063755 0.011897 0.016686 0.027751 0.041755 0.056336 0.073945 0.094036 0.11199 0.12556 0.1366 0.14502 0.15041 0.15249 0.14849 0.13988 0.13078 0.12531 0.12528 0.1271 0.13039 0.13535 0.14199 0.15335 0.16828 0.18311 0.19419 0.19908 0.20021 0.19797 0.19262 0.18485 0.17409 0.16137 0.14895 0.13944 0.13389 0.12887 0.12407 0.1196 0.11559 0.11181 0.10809 0.10441 0.10067 0.096843 0.092956 0.089027 0.085149 0.081435 0.07792 0.074464 0.07099 0.06749 0.063901 0.060115 0.056241 0.052383 0.048603 0.045002 0.041644 0.038556 0.035698 0.033017 0.03078 0.029245 0.028043 0.026824 0.025273 0.023059 0.020184 0.01709 0.014218 0.011976 0.01066 0.0096651 0.0087328 0.0078331 0.0069446 0.0060495 0.0051083 0.0040506 0.0029688 0.0019592 0.0011013 0.00046582 0.00011136 0 0 0 0 0 0 0 0 0 0 0 
215.5 0 0 0.0063812 0.011907 0.016699 0.027765 0.041767 0.056345 0.073951 0.094038 0.11199 0.12554 0.13655 0.14495 0.15031 0.15237 0.14837 0.13976 0.13066 0.12518 0.12515 0.12697 0.13027 0.13522 0.14185 0.15321 0.16812 0.18295 0.19403 0.19892 0.20006 0.19782 0.19249 0.18473 0.17398 0.16127 0.14886 0.13935 0.13382 0.12881 0.12403 0.11956 0.11555 0.11177 0.10806 0.10437 0.10063 0.096799 0.092899 0.088951 0.085055 0.081332 0.077826 0.074393 0.070944 0.067461 0.063874 0.060089 0.056217 0.052362 0.048588 0.044994 0.041643 0.038561 0.035708 0.033033 0.030797 0.029259 0.028053 0.026828 0.025276 0.023063 0.020187 0.017091 0.014218 0.011974 0.010657 0.0096618 0.0087299 0.0078307 0.0069426 0.006048 0.0051075 0.0040506 0.0029694 0.0019601 0.0011023 0.00046665 0.00011174 0 0 0 0 0 0 0 0 0 0 0 
216 0 0 0.0063869 0.011918 0.016712 0.02778 0.041779 0.056354 0.073957 0.09404 0.11198 0.12552 0.13651 0.14487 0.15021 0.15225 0.14824 0.13963 0.13053 0.12505 0.12503 0.12684 0.13014 0.13509 0.14172 0.15307 0.16797 0.18279 0.19387 0.19877 0.1999 0.19768 0.19235 0.18461 0.17387 0.16117 0.14877 0.13926 0.13375 0.12876 0.12399 0.11953 0.11552 0.11174 0.10803 0.10434 0.1006 0.096756 0.092843 0.088876 0.084961 0.081229 0.077732 0.074322 0.070897 0.067431 0.063848 0.060063 0.056194 0.052342 0.048573 0.044986 0.041642 0.038565 0.035719 0.033049 0.030815 0.029274 0.028062 0.026833 0.025278 0.023066 0.02019 0.017093 0.014218 0.011971 0.010653 0.0096586 0.008727 0.0078283 0.0069407 0.0060466 0.0051068 0.0040506 0.00297 0.001961 0.0011034 0.00046748 0.00011212 0 0 0 0 0 0 0 0 0 0 0 
216.5 0 0 0.0063922 0.011928 0.016724 0.027793 0.04179 0.056363 0.073963 0.094042 0.11198 0.1255 0.13647 0.1448 0.15011 0.15214 0.14813 0.13952 0.13041 0.12494 0.12491 0.12673 0.13002 0.13497 0.1416 0.15294 0.16783 0.18264 0.19372 0.19863 0.19977 0.19755 0.19223 0.1845 0.17378 0.16109 0.14869 0.13919 0.13368 0.12872 0.12396 0.1195 0.11549 0.11171 0.108 0.10431 0.10057 0.09672 0.092795 0.088809 0.084877 0.081137 0.077648 0.074258 0.070857 0.067407 0.063826 0.060042 0.056173 0.052323 0.04856 0.044979 0.041641 0.03857 0.035727 0.033063 0.030831 0.029287 0.028071 0.026838 0.025282 0.023071 0.020194 0.017096 0.014218 0.01197 0.01065 0.0096557 0.0087244 0.0078262 0.0069391 0.0060455 0.0051063 0.0040508 0.0029707 0.001962 0.0011044 0.00046829 0.00011253 0 0 0 0 0 0 1.2161e-11 0 0 0 0 
217 0 0 0.00639 0.011923 0.016715 0.027785 0.041786 0.056362 0.073966 0.094051 0.112 0.12554 0.13652 0.14488 0.15021 0.15225 0.14825 0.13963 0.13052 0.12504 0.12501 0.12683 0.13012 0.13507 0.1417 0.15304 0.16794 0.18276 0.19385 0.19876 0.19991 0.1977 0.19238 0.18465 0.17392 0.16122 0.14881 0.13929 0.13378 0.12881 0.12405 0.11959 0.11558 0.1118 0.10809 0.10441 0.10066 0.096815 0.092887 0.088898 0.084961 0.081218 0.077725 0.074328 0.070919 0.067461 0.063875 0.060083 0.056203 0.052343 0.048569 0.044981 0.041636 0.038559 0.035713 0.033047 0.030817 0.02928 0.028073 0.026846 0.025295 0.023086 0.020209 0.017108 0.014227 0.011975 0.010653 0.0096588 0.0087278 0.0078301 0.0069437 0.0060504 0.0051107 0.004054 0.0029725 0.0019631 0.0011051 0.00046882 0.00011325 0 0 0 0 0 0 2.2675e-10 0 0 0 0 
217.5 0 0 0.0063879 0.011917 0.016707 0.027776 0.041782 0.056361 0.073968 0.094061 0.11202 0.12557 0.13658 0.14495 0.15031 0.15237 0.14837 0.13975 0.13062 0.12514 0.12511 0.12693 0.13022 0.13517 0.14181 0.15314 0.16805 0.18287 0.19397 0.19889 0.20005 0.19784 0.19253 0.18479 0.17406 0.16135 0.14893 0.1394 0.13388 0.1289 0.12414 0.11967 0.11566 0.11189 0.10819 0.1045 0.10076 0.09691 0.092979 0.088986 0.085045 0.081299 0.077802 0.074398 0.07098 0.067515 0.063924 0.060124 0.056234 0.052362 0.048578 0.044983 0.041631 0.038548 0.035698 0.033031 0.030803 0.029274 0.028074 0.026855 0.025308 0.0231 0.020223 0.017121 0.014236 0.011981 0.010656 0.009662 0.0087311 0.007834 0.0069483 0.0060552 0.0051152 0.0040572 0.0029744 0.0019641 0.0011058 0.00046935 0.00011397 0 0 0 0 0 0 4.4135e-10 0 0 0 0 
218 0 0 0.0063857 0.011911 0.016698 0.027767 0.041778 0.05636 0.073971 0.09407 0.11204 0.12561 0.13663 0.14503 0.1504 0.15248 0.14849 0.13986 0.13073 0.12524 0.12521 0.12703 0.13032 0.13527 0.14191 0.15325 0.16816 0.18299 0.1941 0.19903 0.20019 0.19799 0.19268 0.18494 0.1742 0.16148 0.14904 0.13951 0.13398 0.129 0.12423 0.11976 0.11575 0.11198 0.10828 0.1046 0.10085 0.097004 0.093072 0.089074 0.085129 0.08138 0.077879 0.074468 0.071042 0.06757 0.063973 0.060165 0.056264 0.052381 0.048588 0.044985 0.041627 0.038537 0.035683 0.033014 0.030789 0.029267 0.028076 0.026863 0.025321 0.023115 0.020238 0.017133 0.014246 0.011986 0.01066 0.0096652 0.0087345 0.0078379 0.0069528 0.00606 0.0051196 0.0040604 0.0029763 0.0019652 0.0011064 0.00046988 0.00011469 0 0 0 0 0 0 6.5594e-10 0 0 0 0 
218.5 0 0 0.0063703 0.011907 0.016696 0.027751 0.041758 0.056349 0.073961 0.094058 0.11203 0.12561 0.13665 0.14506 0.15045 0.15254 0.14855 0.13992 0.13078 0.12529 0.12526 0.12708 0.13037 0.13532 0.14196 0.15331 0.16822 0.18306 0.19417 0.1991 0.20026 0.19806 0.19275 0.18501 0.17427 0.16154 0.1491 0.13956 0.13402 0.12903 0.12426 0.11979 0.11578 0.11202 0.10833 0.10465 0.10091 0.097055 0.093119 0.089118 0.085168 0.081417 0.077914 0.074501 0.071071 0.067595 0.063996 0.060183 0.056276 0.052386 0.048587 0.044979 0.041617 0.038525 0.035669 0.033001 0.030777 0.02926 0.028073 0.026865 0.025326 0.023124 0.020248 0.017143 0.014254 0.011992 0.010663 0.0096681 0.0087379 0.0078419 0.0069577 0.0060652 0.0051246 0.0040644 0.0029788 0.0019666 0.001107 0.0004702 0.00011558 0 0 0 0 0 0 1.1845e-09 0 0 0 0 
219 0 0 0.0063214 0.011905 0.016711 0.027713 0.041699 0.056311 0.073921 0.093994 0.11195 0.12553 0.13656 0.14498 0.15036 0.15245 0.14847 0.13984 0.1307 0.12521 0.12519 0.12701 0.13031 0.13526 0.1419 0.15324 0.16816 0.183 0.19411 0.19902 0.20017 0.19795 0.19262 0.18488 0.17414 0.16143 0.14901 0.13947 0.13392 0.12892 0.12414 0.11968 0.11568 0.11192 0.10824 0.10458 0.10084 0.096995 0.093055 0.089047 0.085094 0.081343 0.077844 0.074439 0.071018 0.067549 0.063951 0.060141 0.056239 0.052355 0.04856 0.044955 0.041596 0.038509 0.035658 0.032995 0.030771 0.029251 0.028061 0.02685 0.025313 0.023116 0.020247 0.017147 0.01426 0.011997 0.010665 0.0096705 0.0087413 0.0078465 0.0069631 0.0060713 0.0051312 0.0040704 0.0029832 0.0019687 0.0011073 0.00047001 0.00011691 0 0 0 0 0 0 2.5092e-09 0 0 0 0 
219.5 0 0 0.0062726 0.011904 0.016725 0.027676 0.04164 0.056272 0.073882 0.093929 0.11188 0.12545 0.13648 0.14489 0.15027 0.15236 0.14838 0.13976 0.13063 0.12513 0.12512 0.12695 0.13024 0.13519 0.14183 0.15318 0.1681 0.18295 0.19405 0.19894 0.20007 0.19784 0.19249 0.18474 0.17401 0.16132 0.14891 0.13938 0.13382 0.12881 0.12403 0.11956 0.11557 0.11183 0.10816 0.10451 0.10078 0.096934 0.09299 0.088977 0.085019 0.081268 0.077774 0.074377 0.070965 0.067502 0.063907 0.0601 0.056202 0.052324 0.048533 0.044931 0.041576 0.038493 0.035647 0.032988 0.030766 0.029242 0.028049 0.026836 0.025299 0.023109 0.020247 0.017152 0.014267 0.012002 0.010668 0.009673 0.0087447 0.007851 0.0069685 0.0060773 0.0051377 0.0040764 0.0029875 0.0019708 0.0011075 0.00046981 0.00011823 0 0 0 0 0 0 3.8338e-09 0 0 0 0 
220 0 0 0.0062237 0.011902 0.016739 0.027639 0.041581 0.056234 0.073842 0.093864 0.1118 0.12537 0.1364 0.1448 0.15018 0.15227 0.1483 0.13968 0.13055 0.12506 0.12505 0.12688 0.13018 0.13513 0.14176 0.15312 0.16805 0.1829 0.19399 0.19887 0.19998 0.19772 0.19237 0.18461 0.17389 0.16121 0.14882 0.13929 0.13372 0.1287 0.12391 0.11945 0.11546 0.11173 0.10808 0.10444 0.10072 0.096874 0.092926 0.088907 0.084945 0.081194 0.077705 0.074315 0.070912 0.067455 0.063863 0.060059 0.056166 0.052293 0.048506 0.044907 0.041555 0.038477 0.035636 0.032981 0.03076 0.029233 0.028036 0.026821 0.025286 0.023101 0.020246 0.017156 0.014273 0.012008 0.01067 0.0096754 0.0087482 0.0078556 0.0069739 0.0060834 0.0051443 0.0040824 0.0029918 0.0019728 0.0011078 0.00046962 0.00011956 0 0 0 0 0 0 5.1584e-09 0 0 0 0 
220.5 0 0 0.0062246 0.0119 0.016736 0.027634 0.041571 0.056216 0.073813 0.093823 0.11175 0.12531 0.13634 0.14474 0.15011 0.1522 0.14823 0.13961 0.13048 0.12499 0.12498 0.12681 0.1301 0.13505 0.14168 0.15303 0.16796 0.18281 0.19389 0.19876 0.19987 0.19762 0.19227 0.18451 0.1738 0.16115 0.14877 0.13925 0.13368 0.12865 0.12386 0.11939 0.1154 0.11167 0.10802 0.10438 0.10066 0.096808 0.09286 0.088839 0.084876 0.081125 0.077637 0.07425 0.07085 0.067397 0.063808 0.060011 0.05613 0.052269 0.048492 0.044896 0.041546 0.038468 0.035627 0.032969 0.030743 0.029218 0.028025 0.026816 0.025286 0.023106 0.020254 0.017164 0.01428 0.012013 0.010672 0.0096778 0.008751 0.0078587 0.0069773 0.006087 0.0051483 0.0040865 0.0029953 0.0019753 0.0011092 0.00047037 0.00012042 0 0 0 0 0 0 6.0028e-09 0 0 0 0 
221 0 0 0.0062732 0.011899 0.016718 0.02766 0.041607 0.056217 0.073796 0.093804 0.11172 0.12527 0.13629 0.14468 0.15006 0.15215 0.14817 0.13955 0.13042 0.12493 0.12491 0.12674 0.13002 0.13496 0.14157 0.15292 0.16785 0.18269 0.19376 0.19863 0.19976 0.19753 0.19219 0.18445 0.17376 0.16113 0.14877 0.13925 0.13369 0.12866 0.12386 0.11939 0.11539 0.11165 0.10797 0.10432 0.10059 0.096737 0.092792 0.088775 0.084813 0.081062 0.077572 0.074183 0.070782 0.067328 0.063742 0.059958 0.056096 0.052254 0.048489 0.044899 0.041549 0.038467 0.035619 0.032951 0.030717 0.029197 0.028016 0.02682 0.0253 0.023122 0.020269 0.017176 0.014288 0.012017 0.010675 0.0096803 0.0087532 0.0078605 0.0069787 0.0060882 0.0051499 0.0040887 0.002998 0.001978 0.0011116 0.00047203 0.00012084 0 0 0 0 0 0 6.387e-09 0 0 0 0 
221.5 0 0 0.0063218 0.011898 0.016699 0.027686 0.041643 0.056219 0.073778 0.093786 0.11169 0.12523 0.13624 0.14463 0.15001 0.15209 0.14811 0.13949 0.13036 0.12488 0.12485 0.12667 0.12994 0.13487 0.14147 0.1528 0.16773 0.18257 0.19363 0.1985 0.19964 0.19743 0.19212 0.18439 0.17372 0.1611 0.14876 0.13926 0.13369 0.12867 0.12387 0.11939 0.11538 0.11162 0.10793 0.10425 0.10051 0.096666 0.092725 0.08871 0.084749 0.080998 0.077508 0.074117 0.070713 0.067258 0.063675 0.059905 0.056062 0.052238 0.048487 0.044901 0.041551 0.038467 0.035611 0.032933 0.030691 0.029175 0.028007 0.026825 0.025314 0.023139 0.020284 0.017188 0.014296 0.012021 0.010677 0.0096827 0.0087554 0.0078623 0.0069801 0.0060894 0.0051514 0.0040909 0.0030007 0.0019808 0.0011141 0.00047369 0.00012126 0 0 0 0 0 0 6.7713e-09 0 0 0 0 
222 0 0 0.0063704 0.011897 0.01668 0.027712 0.041679 0.05622 0.073761 0.093767 0.11166 0.12519 0.13619 0.14458 0.14995 0.15203 0.14805 0.13943 0.1303 0.12482 0.12479 0.12659 0.12986 0.13477 0.14136 0.15269 0.16762 0.18246 0.1935 0.19837 0.19953 0.19734 0.19204 0.18433 0.17367 0.16108 0.14875 0.13926 0.1337 0.12868 0.12388 0.11939 0.11537 0.11159 0.10788 0.10419 0.10044 0.096595 0.092657 0.088645 0.084686 0.080935 0.077443 0.07405 0.070645 0.067189 0.063609 0.059852 0.056027 0.052222 0.048484 0.044903 0.041554 0.038466 0.035604 0.032915 0.030665 0.029153 0.027997 0.026829 0.025328 0.023155 0.0203 0.017201 0.014304 0.012025 0.010679 0.0096851 0.0087576 0.0078641 0.0069815 0.0060906 0.005153 0.0040932 0.0030033 0.0019835 0.0011165 0.00047535 0.00012167 0 0 0 0 0 0 7.1555e-09 0 0 0 0 
222.5 0 0 0.0063795 0.01189 0.016668 0.027711 0.041687 0.056226 0.073771 0.093791 0.11169 0.12523 0.13624 0.14464 0.15003 0.15212 0.14813 0.13951 0.13038 0.12489 0.12487 0.12668 0.12995 0.13486 0.14145 0.15278 0.16772 0.18257 0.19362 0.19849 0.19965 0.19747 0.19217 0.18446 0.17378 0.16116 0.14881 0.13931 0.13376 0.12874 0.12394 0.11945 0.11543 0.11164 0.10793 0.10423 0.10048 0.096629 0.092693 0.088684 0.084726 0.080974 0.077482 0.07409 0.070687 0.067234 0.063653 0.059887 0.05605 0.052232 0.048484 0.0449 0.041549 0.038462 0.035604 0.032921 0.030675 0.029159 0.027996 0.02682 0.025314 0.023143 0.020291 0.017196 0.014303 0.012025 0.010678 0.0096843 0.0087572 0.0078639 0.0069815 0.0060907 0.0051536 0.0040942 0.0030046 0.0019848 0.0011176 0.00047611 0.00012195 0 0 0 0 0 0 8.4974e-09 0 0 0 0 
223 0 0 0.0063745 0.011882 0.016657 0.027702 0.041684 0.056232 0.073791 0.093829 0.11175 0.1253 0.13633 0.14475 0.15014 0.15224 0.14826 0.13964 0.13051 0.12502 0.125 0.12682 0.1301 0.13502 0.14161 0.15295 0.1679 0.18275 0.19381 0.1987 0.19986 0.19768 0.19238 0.18465 0.17394 0.16128 0.1489 0.13938 0.13383 0.12882 0.12402 0.11954 0.11552 0.11173 0.108 0.1043 0.10055 0.096699 0.092765 0.088759 0.084803 0.08105 0.077558 0.074169 0.07077 0.067318 0.063735 0.059953 0.056092 0.05225 0.048486 0.044894 0.041542 0.038458 0.035606 0.032936 0.030697 0.029175 0.027997 0.026805 0.025291 0.023121 0.020274 0.017186 0.014298 0.012022 0.010676 0.0096824 0.0087558 0.0078631 0.0069809 0.0060904 0.0051537 0.0040947 0.0030054 0.0019856 0.0011183 0.00047654 0.00012217 0 0 0 0 0 0 1.0179e-08 0 0 0 0 
223.5 0 0 0.0063695 0.011874 0.016647 0.027693 0.041682 0.056239 0.073811 0.093867 0.1118 0.12537 0.13641 0.14485 0.15026 0.15237 0.1484 0.13977 0.13063 0.12515 0.12513 0.12696 0.13024 0.13517 0.14177 0.15312 0.16808 0.18294 0.19401 0.1989 0.20008 0.19789 0.19258 0.18484 0.1741 0.1614 0.14898 0.13945 0.13391 0.1289 0.12411 0.11963 0.1156 0.11181 0.10808 0.10437 0.10062 0.09677 0.092838 0.088834 0.084881 0.081126 0.077634 0.074248 0.070852 0.067403 0.063817 0.06002 0.056134 0.052269 0.048487 0.044889 0.041535 0.038453 0.035609 0.03295 0.03072 0.029191 0.027998 0.026791 0.025267 0.023099 0.020257 0.017175 0.014293 0.01202 0.010674 0.0096805 0.0087545 0.0078622 0.0069804 0.0060902 0.0051538 0.0040953 0.0030062 0.0019864 0.001119 0.00047698 0.0001224 0 0 0 0 0 0 1.1861e-08 0 0 0 0 
224 0 0 0.0063645 0.011866 0.016636 0.027683 0.041679 0.056246 0.073831 0.093906 0.11186 0.12544 0.1365 0.14495 0.15038 0.1525 0.14853 0.1399 0.13076 0.12528 0.12527 0.1271 0.13039 0.13532 0.14193 0.15329 0.16826 0.18313 0.1942 0.19911 0.20029 0.1981 0.19278 0.18503 0.17426 0.16153 0.14907 0.13952 0.13398 0.12897 0.12419 0.11972 0.11569 0.11189 0.10815 0.10444 0.10069 0.096841 0.09291 0.08891 0.084958 0.081203 0.07771 0.074326 0.070935 0.067488 0.0639 0.060086 0.056177 0.052287 0.048488 0.044884 0.041528 0.038449 0.035611 0.032965 0.030742 0.029207 0.027999 0.026777 0.025244 0.023076 0.02024 0.017165 0.014287 0.012018 0.010671 0.0096786 0.0087532 0.0078614 0.0069798 0.0060899 0.005154 0.0040959 0.003007 0.0019872 0.0011196 0.00047741 0.00012262 0 0 0 0 0 0 1.3543e-08 0 0 0 0 
224.5 0 0 0.0063186 0.011866 0.016649 0.027645 0.041619 0.056204 0.073784 0.093832 0.11177 0.12535 0.13641 0.14487 0.15029 0.15242 0.14845 0.13982 0.13068 0.12519 0.12517 0.12699 0.13027 0.1352 0.1418 0.15316 0.16815 0.18304 0.19412 0.19902 0.2002 0.198 0.19267 0.18492 0.17416 0.16144 0.14899 0.13946 0.13393 0.12893 0.12416 0.11969 0.11566 0.11186 0.10812 0.10442 0.10066 0.096813 0.09288 0.088879 0.084926 0.081171 0.077681 0.074303 0.070918 0.067476 0.06389 0.060082 0.05618 0.052298 0.048504 0.044902 0.041546 0.038466 0.035627 0.032977 0.03075 0.029211 0.028002 0.026779 0.025246 0.023079 0.020244 0.017169 0.014294 0.012025 0.010677 0.0096833 0.0087567 0.0078638 0.0069814 0.006091 0.0051551 0.0040975 0.0030092 0.00199 0.0011225 0.00047938 0.00012265 0 0 0 0 0 0 1.4252e-08 0 0 0 0 
225 0 0 0.0062712 0.011865 0.016662 0.027605 0.041557 0.056159 0.073735 0.093755 0.11168 0.12526 0.13632 0.14477 0.1502 0.15232 0.14836 0.13974 0.1306 0.1251 0.12507 0.12688 0.13015 0.13506 0.14165 0.15302 0.16802 0.18293 0.19404 0.19893 0.2001 0.19789 0.19256 0.1848 0.17406 0.16134 0.14891 0.13939 0.13387 0.12888 0.12412 0.11966 0.11563 0.11183 0.10809 0.10439 0.10063 0.096781 0.092847 0.088843 0.08489 0.081135 0.077649 0.074277 0.070898 0.067461 0.063878 0.060075 0.056182 0.052308 0.048521 0.044921 0.041565 0.038484 0.035643 0.03299 0.030757 0.029215 0.028004 0.026782 0.025249 0.023083 0.020248 0.017175 0.0143 0.012031 0.010682 0.0096882 0.0087604 0.0078663 0.0069831 0.0060922 0.0051562 0.0040991 0.0030115 0.0019929 0.0011254 0.0004814 0.00012266 0 0 0 0 0 0 1.4927e-08 0 0 0 0 
225.5 0 0 0.0062239 0.011864 0.016675 0.027565 0.041495 0.056115 0.073686 0.093677 0.11159 0.12517 0.13623 0.14468 0.1501 0.15223 0.14828 0.13966 0.13052 0.12501 0.12497 0.12677 0.13002 0.13492 0.14151 0.15287 0.16789 0.18283 0.19395 0.19884 0.19999 0.19778 0.19244 0.18468 0.17395 0.16125 0.14883 0.13932 0.13381 0.12884 0.12408 0.11962 0.1156 0.1118 0.10806 0.10436 0.1006 0.09675 0.092814 0.088808 0.084854 0.081099 0.077616 0.07425 0.070878 0.067446 0.063865 0.060068 0.056183 0.052319 0.048538 0.044939 0.041584 0.038502 0.03566 0.033002 0.030765 0.029219 0.028007 0.026785 0.025253 0.023086 0.020252 0.01718 0.014307 0.012038 0.010688 0.009693 0.008764 0.0078689 0.0069848 0.0060933 0.0051573 0.0041008 0.0030138 0.0019958 0.0011283 0.00048342 0.00012268 0 0 0 0 0 0 1.5602e-08 0 0 0 0 
226 0 0 0.0061949 0.011864 0.016683 0.02754 0.041456 0.056087 0.073653 0.093626 0.11153 0.1251 0.13617 0.14462 0.15004 0.15217 0.14821 0.1396 0.13046 0.12495 0.1249 0.12669 0.12994 0.13483 0.14141 0.15278 0.16781 0.18276 0.19388 0.19877 0.19992 0.1977 0.19235 0.18459 0.17387 0.16118 0.14878 0.13927 0.13377 0.1288 0.12405 0.11959 0.11557 0.11177 0.10804 0.10433 0.10058 0.096726 0.092788 0.088782 0.084827 0.081073 0.077591 0.074228 0.070858 0.067429 0.06385 0.060057 0.05618 0.052323 0.048547 0.044951 0.041595 0.038514 0.03567 0.03301 0.030768 0.02922 0.028007 0.026785 0.025254 0.023089 0.020257 0.017187 0.014315 0.012046 0.010695 0.0096995 0.008769 0.0078722 0.0069867 0.0060942 0.005158 0.0041022 0.0030166 0.0019998 0.0011326 0.0004865 0.00012255 0 0 0 0 0 0 1.637e-08 0 0 0 0 
226.5 0 0 0.0062422 0.011863 0.016669 0.027577 0.041511 0.056122 0.073692 0.093685 0.11159 0.12516 0.13623 0.14468 0.1501 0.15222 0.14827 0.13965 0.13051 0.12501 0.12497 0.12677 0.13002 0.13492 0.14151 0.15287 0.16789 0.18281 0.19392 0.19881 0.19996 0.19775 0.1924 0.18464 0.17392 0.16124 0.14884 0.13932 0.1338 0.12881 0.12404 0.11957 0.11555 0.11176 0.10803 0.10434 0.10058 0.096733 0.092797 0.088792 0.084837 0.081084 0.077598 0.074224 0.070842 0.067403 0.063821 0.06003 0.056156 0.052303 0.048529 0.044932 0.041577 0.038498 0.035657 0.032998 0.030756 0.029207 0.027996 0.026778 0.025251 0.023091 0.020265 0.017198 0.014328 0.01206 0.010709 0.0097125 0.0087793 0.0078787 0.0069895 0.006094 0.0051569 0.0041031 0.0030211 0.0020083 0.0011429 0.000494 0.00012184 0 0 0 0 0 0 1.7526e-08 0 0 0 0 
227 0 0 0.0062895 0.011862 0.016655 0.027615 0.041567 0.056157 0.073731 0.093744 0.11165 0.12522 0.13628 0.14474 0.15016 0.15228 0.14832 0.13969 0.13056 0.12507 0.12504 0.12685 0.13011 0.13502 0.14161 0.15297 0.16797 0.18287 0.19396 0.19884 0.2 0.1978 0.19245 0.18469 0.17397 0.1613 0.1489 0.13937 0.13382 0.12881 0.12403 0.11955 0.11553 0.11175 0.10803 0.10434 0.10059 0.096741 0.092806 0.088801 0.084848 0.081095 0.077604 0.07422 0.070826 0.067378 0.063793 0.060003 0.056132 0.052283 0.048511 0.044914 0.041559 0.038482 0.035643 0.032987 0.030743 0.029194 0.027985 0.02677 0.025247 0.023093 0.020273 0.01721 0.014341 0.012074 0.010723 0.0097255 0.0087896 0.0078852 0.0069922 0.0060939 0.0051558 0.004104 0.0030257 0.0020169 0.0011532 0.00050151 0.00012113 0 0 0 0 0 0 1.8682e-08 0 0 0 0 
227.5 0 0 0.0063368 0.011861 0.01664 0.027652 0.041622 0.056192 0.073769 0.093803 0.11171 0.12527 0.13634 0.1448 0.15022 0.15234 0.14837 0.13974 0.13061 0.12513 0.12511 0.12692 0.1302 0.13511 0.14171 0.15307 0.16805 0.18293 0.194 0.19888 0.20005 0.19784 0.1925 0.18474 0.17402 0.16136 0.14896 0.13942 0.13385 0.12882 0.12401 0.11953 0.11552 0.11174 0.10803 0.10434 0.1006 0.096749 0.092815 0.088811 0.084858 0.081107 0.077611 0.074215 0.07081 0.067352 0.063765 0.059975 0.056108 0.052263 0.048493 0.044895 0.041541 0.038466 0.03563 0.032975 0.030731 0.029182 0.027974 0.026762 0.025243 0.023095 0.02028 0.017221 0.014355 0.012088 0.010737 0.0097385 0.0087999 0.0078917 0.006995 0.0060937 0.0051547 0.0041048 0.0030302 0.0020254 0.0011635 0.00050901 0.00012041 0 0 0 0 0 0 1.9838e-08 0 0 0 0 
228 0 0 0.0063628 0.011857 0.016626 0.027662 0.041637 0.056187 0.073756 0.093789 0.11169 0.12524 0.13631 0.14477 0.1502 0.15232 0.14835 0.13973 0.1306 0.12513 0.12511 0.12693 0.13019 0.1351 0.1417 0.15305 0.16801 0.18287 0.19392 0.19881 0.19998 0.19779 0.19245 0.1847 0.17398 0.16132 0.14893 0.13939 0.13381 0.12877 0.12397 0.11948 0.11547 0.11168 0.10797 0.10428 0.10054 0.096698 0.092775 0.088783 0.08484 0.081095 0.0776 0.074204 0.070797 0.06734 0.063755 0.059966 0.056097 0.05225 0.048478 0.044881 0.041529 0.038457 0.035625 0.032974 0.030733 0.029185 0.027978 0.026767 0.025251 0.023106 0.020292 0.01723 0.014358 0.012087 0.010732 0.0097347 0.008798 0.007892 0.0069974 0.0060973 0.0051585 0.0041076 0.0030316 0.0020261 0.0011638 0.0005093 0.00012162 0 0 0 0 0 0 2.0809e-08 0 0 0 0 
228.5 0 0 0.0063594 0.011847 0.01661 0.027634 0.041595 0.056128 0.073671 0.093674 0.11155 0.1251 0.13617 0.14463 0.15006 0.15219 0.14823 0.13962 0.13051 0.12504 0.12502 0.12682 0.13007 0.13496 0.14154 0.15286 0.1678 0.18264 0.19369 0.19858 0.19977 0.19759 0.19228 0.18454 0.17383 0.16116 0.14877 0.13924 0.13369 0.12866 0.12387 0.11939 0.11537 0.11157 0.10784 0.10414 0.10039 0.096568 0.092668 0.088703 0.084783 0.081051 0.077567 0.074182 0.070789 0.067345 0.063771 0.059981 0.056104 0.052247 0.048469 0.044873 0.041526 0.038459 0.035633 0.032989 0.030753 0.029209 0.028003 0.026791 0.025275 0.023131 0.020309 0.017235 0.014348 0.012063 0.010702 0.0097078 0.0087792 0.0078838 0.0069992 0.0061063 0.005169 0.0041129 0.0030288 0.0020158 0.0011502 0.00049965 0.00012548 0 0 0 0 0 0 2.1526e-08 0 0 0 0 
229 0 0 0.006356 0.011838 0.016595 0.027606 0.041554 0.056068 0.073586 0.09356 0.11141 0.12495 0.13602 0.14448 0.14992 0.15206 0.14811 0.13952 0.13042 0.12496 0.12493 0.12671 0.12995 0.13482 0.14138 0.15268 0.16759 0.18241 0.19345 0.19835 0.19955 0.1974 0.1921 0.18438 0.17367 0.161 0.14861 0.13909 0.13356 0.12856 0.12377 0.1193 0.11528 0.11146 0.10771 0.104 0.10025 0.096437 0.092561 0.088622 0.084726 0.081007 0.077533 0.074161 0.070781 0.06735 0.063787 0.059996 0.05611 0.052243 0.04846 0.044866 0.041522 0.03846 0.035641 0.033004 0.030774 0.029233 0.028028 0.026815 0.025299 0.023155 0.020327 0.017239 0.014338 0.01204 0.010673 0.0096808 0.0087604 0.0078755 0.0070011 0.0061152 0.0051794 0.0041182 0.0030259 0.0020056 0.0011367 0.00049 0.00012934 0 0 0 0 0 0 2.2242e-08 0 0 0 0 
229.5 0 0 0.0063527 0.011829 0.01658 0.027578 0.041513 0.056009 0.073501 0.093446 0.11128 0.1248 0.13587 0.14434 0.14978 0.15193 0.14799 0.13942 0.13033 0.12487 0.12483 0.1266 0.12982 0.13467 0.14121 0.1525 0.16738 0.18219 0.19322 0.19812 0.19934 0.1972 0.19193 0.18422 0.17352 0.16085 0.14845 0.13894 0.13343 0.12845 0.12368 0.11921 0.11518 0.11135 0.10758 0.10385 0.1001 0.096307 0.092455 0.088542 0.084668 0.080964 0.077499 0.074139 0.070772 0.067355 0.063804 0.060011 0.056117 0.05224 0.048451 0.044859 0.041519 0.038462 0.035648 0.033019 0.030795 0.029257 0.028052 0.026839 0.025323 0.02318 0.020344 0.017244 0.014328 0.012017 0.010643 0.0096538 0.0087417 0.0078673 0.007003 0.0061241 0.0051899 0.0041235 0.003023 0.0019953 0.0011232 0.00048034 0.00013319 0 0 0 0 0 0 2.2959e-08 0 0 0 0 
230 0 0 0.0063491 0.011821 0.016568 0.02756 0.04149 0.055981 0.073465 0.093403 0.11123 0.12475 0.13582 0.1443 0.14975 0.15189 0.14797 0.1394 0.13031 0.12485 0.12481 0.12658 0.1298 0.13465 0.14118 0.15246 0.16734 0.18214 0.19317 0.19808 0.19931 0.19718 0.19192 0.18422 0.17352 0.16086 0.14847 0.13897 0.13345 0.12847 0.1237 0.11923 0.1152 0.11137 0.1076 0.10386 0.10011 0.096311 0.092455 0.088536 0.084657 0.080949 0.077486 0.074131 0.070768 0.067353 0.063801 0.060008 0.056112 0.052235 0.048446 0.044855 0.041514 0.038456 0.035642 0.033012 0.030789 0.029253 0.028049 0.026836 0.025322 0.023181 0.020348 0.017248 0.014331 0.012019 0.010643 0.0096536 0.0087418 0.0078681 0.0070043 0.0061259 0.005192 0.0041254 0.0030242 0.0019957 0.0011229 0.0004801 0.0001339 0 0 0 0 0 0 2.3994e-08 0 0 0 0 
230.5 0 0 0.0063455 0.011814 0.016557 0.027547 0.041477 0.055969 0.073456 0.093399 0.11123 0.12476 0.13583 0.14431 0.14976 0.15192 0.14799 0.13942 0.13033 0.12487 0.12484 0.12661 0.12983 0.13468 0.14122 0.1525 0.16738 0.18219 0.19323 0.19815 0.19938 0.19726 0.192 0.1843 0.17362 0.16097 0.14859 0.13908 0.13356 0.12856 0.12378 0.1193 0.11527 0.11145 0.10768 0.10396 0.1002 0.09639 0.092513 0.088571 0.084671 0.080951 0.077485 0.074129 0.070765 0.067347 0.063787 0.059993 0.056102 0.05223 0.048445 0.044852 0.041509 0.038447 0.035627 0.032994 0.030768 0.029233 0.02803 0.026819 0.025307 0.02317 0.020344 0.017252 0.014341 0.012033 0.010658 0.009668 0.0087524 0.0078737 0.0070054 0.0061238 0.0051896 0.0041254 0.0030276 0.0020017 0.0011299 0.00048497 0.0001329 0 0 0 0 0 0 2.5202e-08 0 0 0 0 
231 0 0 0.0063419 0.011806 0.016547 0.027535 0.041464 0.055958 0.073447 0.093395 0.11123 0.12476 0.13584 0.14432 0.14978 0.15194 0.14802 0.13945 0.13035 0.12489 0.12486 0.12664 0.12986 0.13472 0.14126 0.15254 0.16743 0.18224 0.19329 0.19821 0.19945 0.19734 0.19208 0.18438 0.17372 0.16108 0.14871 0.1392 0.13366 0.12864 0.12386 0.11938 0.11535 0.11153 0.10777 0.10405 0.10029 0.096468 0.092571 0.088606 0.084685 0.080953 0.077483 0.074126 0.070762 0.06734 0.063774 0.059979 0.056092 0.052225 0.048443 0.04485 0.041504 0.038437 0.035613 0.032976 0.030748 0.029212 0.028011 0.026802 0.025293 0.023159 0.02034 0.017256 0.014352 0.012048 0.010674 0.0096824 0.0087629 0.0078794 0.0070064 0.0061217 0.0051872 0.0041254 0.0030309 0.0020078 0.0011368 0.00048984 0.00013189 0 0 0 0 0 0 2.641e-08 0 0 0 0 
231.5 0 0 0.0063382 0.011799 0.016536 0.027522 0.041451 0.055946 0.073438 0.09339 0.11123 0.12477 0.13585 0.14433 0.14979 0.15196 0.14804 0.13947 0.13037 0.1249 0.12488 0.12667 0.12989 0.13475 0.1413 0.15258 0.16747 0.18229 0.19335 0.19828 0.19952 0.19742 0.19216 0.18447 0.17381 0.16119 0.14883 0.13932 0.13376 0.12873 0.12394 0.11946 0.11542 0.11161 0.10786 0.10414 0.10038 0.096546 0.092629 0.088641 0.084699 0.080955 0.077482 0.074124 0.070759 0.067334 0.06376 0.059965 0.056082 0.05222 0.048441 0.044847 0.041499 0.038428 0.035599 0.032958 0.030727 0.029192 0.027993 0.026785 0.025278 0.023147 0.020336 0.017259 0.014363 0.012063 0.01069 0.0096967 0.0087734 0.007885 0.0070074 0.0061196 0.0051848 0.0041254 0.0030343 0.0020139 0.0011438 0.00049471 0.00013089 0 0 0 0 0 0 2.7618e-08 0 0 0 0 
232 0 0 0.0063377 0.011798 0.016535 0.027521 0.041451 0.055948 0.073441 0.093394 0.11123 0.12477 0.13586 0.14435 0.14982 0.15199 0.14807 0.1395 0.1304 0.12494 0.12491 0.12669 0.12991 0.13477 0.14132 0.15261 0.16751 0.18233 0.19338 0.1983 0.19954 0.19743 0.19217 0.18447 0.17381 0.16119 0.14883 0.13932 0.13375 0.12871 0.12391 0.11943 0.1154 0.11159 0.10785 0.10414 0.10039 0.096547 0.092623 0.088626 0.084678 0.080932 0.077464 0.074114 0.070755 0.067334 0.063763 0.05997 0.05609 0.052231 0.048455 0.044863 0.041514 0.038441 0.03561 0.032966 0.030732 0.029195 0.027995 0.026788 0.025281 0.023152 0.020342 0.017268 0.014373 0.012073 0.010699 0.009704 0.0087791 0.0078891 0.0070104 0.0061219 0.005187 0.0041282 0.0030375 0.0020173 0.0011469 0.00049672 0.00013098 0 0 0 0 0 0 2.8553e-08 0 0 0 0 
232.5 0 0 0.0063376 0.011797 0.016535 0.027521 0.041453 0.055951 0.073445 0.093399 0.11124 0.12478 0.13587 0.14437 0.14985 0.15202 0.1481 0.13953 0.13043 0.12497 0.12494 0.12672 0.12994 0.13479 0.14134 0.15264 0.16755 0.18237 0.19341 0.19832 0.19955 0.19743 0.19216 0.18445 0.17378 0.16117 0.14881 0.1393 0.13372 0.12868 0.12387 0.11939 0.11536 0.11156 0.10783 0.10413 0.10038 0.096535 0.092607 0.088604 0.084652 0.080907 0.077443 0.074102 0.070751 0.067336 0.063767 0.059978 0.0561 0.052244 0.048471 0.044881 0.041532 0.038458 0.035624 0.032978 0.030741 0.029202 0.028001 0.026794 0.025288 0.023159 0.020349 0.017277 0.014382 0.012082 0.010706 0.0097103 0.008784 0.0078931 0.0070136 0.0061248 0.00519 0.0041314 0.0030408 0.0020204 0.0011494 0.00049831 0.00013123 0 0 0 0 0 0 2.9449e-08 0 0 0 0 
233 0 0 0.0063374 0.011797 0.016535 0.027522 0.041454 0.055954 0.073449 0.093403 0.11125 0.12479 0.13589 0.1444 0.14988 0.15205 0.14813 0.13955 0.13046 0.125 0.12497 0.12674 0.12996 0.13481 0.14136 0.15266 0.16758 0.18241 0.19344 0.19834 0.19956 0.19743 0.19215 0.18444 0.17376 0.16115 0.14879 0.13928 0.1337 0.12864 0.12383 0.11934 0.11532 0.11153 0.10781 0.10411 0.10037 0.096524 0.092591 0.088583 0.084626 0.080881 0.077423 0.07409 0.070747 0.067338 0.063771 0.059985 0.056111 0.052257 0.048487 0.044899 0.041551 0.038475 0.035639 0.032989 0.030749 0.029209 0.028007 0.0268 0.025294 0.023165 0.020357 0.017286 0.014392 0.012092 0.010713 0.0097165 0.008789 0.007897 0.0070169 0.0061277 0.0051929 0.0041346 0.0030441 0.0020235 0.001152 0.00049991 0.00013148 0 0 0 0 0 0 3.0345e-08 0 0 0 0 
233.5 0 0 0.0063306 0.011794 0.016535 0.027516 0.041447 0.05595 0.073446 0.093397 0.11124 0.12479 0.13589 0.14441 0.1499 0.15207 0.14815 0.13957 0.13049 0.12503 0.12499 0.12676 0.12997 0.13482 0.14136 0.15268 0.1676 0.18244 0.19347 0.19835 0.19957 0.19743 0.19215 0.18443 0.17375 0.16113 0.14878 0.13927 0.13367 0.12861 0.12379 0.11931 0.11528 0.1115 0.10778 0.1041 0.10036 0.096515 0.092578 0.088564 0.084605 0.08086 0.077407 0.074081 0.070744 0.067339 0.063775 0.059992 0.056121 0.05227 0.048502 0.044916 0.041568 0.038492 0.035654 0.033002 0.030759 0.029216 0.028013 0.026805 0.025299 0.023171 0.020364 0.017294 0.014401 0.0121 0.01072 0.0097218 0.0087933 0.0079006 0.0070201 0.0061306 0.005196 0.0041379 0.0030474 0.0020264 0.0011542 0.00050121 0.00013177 0 0 0 0 0 0 3.1306e-08 0 0 0 0 
234 0 0 0.006265 0.011775 0.016528 0.027453 0.041363 0.055884 0.073371 0.093296 0.11113 0.12469 0.1358 0.14433 0.14983 0.15201 0.1481 0.13953 0.13044 0.12498 0.12494 0.12669 0.12989 0.13473 0.14127 0.15259 0.16753 0.18239 0.19344 0.19834 0.19956 0.19743 0.19216 0.18444 0.17376 0.16114 0.14878 0.13927 0.13368 0.12862 0.1238 0.11932 0.1153 0.1115 0.10779 0.1041 0.10036 0.096518 0.092586 0.088578 0.084622 0.080882 0.077429 0.074096 0.07075 0.067339 0.063776 0.059996 0.056127 0.052279 0.048512 0.044926 0.041579 0.038505 0.035671 0.033022 0.030777 0.029227 0.028017 0.026803 0.025294 0.023169 0.020365 0.017296 0.014403 0.012099 0.010716 0.0097188 0.008792 0.0079012 0.0070222 0.006134 0.0052006 0.0041428 0.0030511 0.0020277 0.0011534 0.00049998 0.00013251 0 0 0 0 0 0 3.2833e-08 0 0 0 0 
234.5 0 0 0.0061995 0.011756 0.016521 0.02739 0.041278 0.055817 0.073297 0.093195 0.11103 0.12459 0.13571 0.14425 0.14977 0.15196 0.14805 0.13949 0.1304 0.12493 0.12488 0.12663 0.12981 0.13464 0.14117 0.1525 0.16746 0.18234 0.19341 0.19832 0.19955 0.19743 0.19217 0.18445 0.17377 0.16114 0.14878 0.13926 0.13368 0.12863 0.12381 0.11933 0.11531 0.11151 0.10779 0.1041 0.10036 0.09652 0.092594 0.088591 0.084639 0.080904 0.077451 0.074112 0.070756 0.067339 0.063776 0.059999 0.056134 0.052288 0.048522 0.044936 0.04159 0.038519 0.035689 0.033043 0.030795 0.029238 0.02802 0.0268 0.025289 0.023166 0.020365 0.017298 0.014405 0.012099 0.010712 0.0097157 0.0087907 0.0079017 0.0070242 0.0061373 0.0052052 0.0041477 0.0030549 0.002029 0.0011526 0.00049875 0.00013325 0 0 0 0 0 0 3.436e-08 0 0 0 0 
235 0 0 0.006134 0.011736 0.016515 0.027327 0.041194 0.055751 0.073222 0.093094 0.11092 0.12449 0.13562 0.14417 0.1497 0.15191 0.14801 0.13945 0.13036 0.12489 0.12483 0.12656 0.12973 0.13455 0.14108 0.15241 0.16739 0.18229 0.19339 0.1983 0.19954 0.19744 0.19218 0.18447 0.17378 0.16115 0.14879 0.13926 0.13368 0.12863 0.12383 0.11934 0.11532 0.11152 0.10779 0.1041 0.10036 0.096523 0.092602 0.088604 0.084657 0.080926 0.077473 0.074127 0.070762 0.067338 0.063776 0.060002 0.05614 0.052297 0.048532 0.044945 0.0416 0.038533 0.035707 0.033063 0.030813 0.029249 0.028024 0.026797 0.025284 0.023164 0.020366 0.0173 0.014406 0.012098 0.010709 0.0097126 0.0087893 0.0079023 0.0070263 0.0061406 0.0052098 0.0041526 0.0030586 0.0020303 0.0011517 0.00049751 0.00013399 0 0 0 0 0 0 3.5887e-08 0 0 0 0 
235.5 0 0 0.0061091 0.011723 0.016502 0.027291 0.041147 0.055706 0.073168 0.093026 0.11085 0.12442 0.13555 0.14411 0.14966 0.15187 0.14797 0.13942 0.13033 0.12486 0.12479 0.12651 0.12968 0.13449 0.14101 0.15234 0.16733 0.18225 0.19336 0.19829 0.19953 0.19743 0.19218 0.18447 0.17379 0.16116 0.14879 0.13927 0.13368 0.12863 0.12382 0.11933 0.11531 0.11151 0.10779 0.10409 0.10035 0.096517 0.092595 0.088596 0.084648 0.080917 0.077467 0.074121 0.070756 0.067333 0.063771 0.059998 0.056139 0.0523 0.048537 0.04495 0.041605 0.03854 0.035715 0.033073 0.030821 0.029255 0.028027 0.026799 0.025286 0.02317 0.020375 0.01731 0.014414 0.012102 0.01071 0.0097139 0.0087916 0.0079054 0.00703 0.0061448 0.0052146 0.0041575 0.0030626 0.0020325 0.0011522 0.00049732 0.00013462 0 0 0 0 0 0 3.7477e-08 0 0 0 0 
236 0 0 0.0061664 0.011722 0.016477 0.027309 0.041175 0.055702 0.073157 0.093028 0.11085 0.12441 0.13554 0.1441 0.14965 0.15185 0.14796 0.13941 0.13033 0.12485 0.12478 0.1265 0.12966 0.13447 0.14099 0.15232 0.16732 0.18224 0.19335 0.19827 0.19952 0.19742 0.19216 0.18445 0.17377 0.16116 0.1488 0.13927 0.13367 0.1286 0.12377 0.11928 0.11526 0.11147 0.10775 0.10407 0.10033 0.096492 0.092558 0.088545 0.084586 0.080849 0.077402 0.074072 0.070726 0.067315 0.063754 0.059981 0.056124 0.052289 0.048529 0.044944 0.041599 0.038532 0.035705 0.03306 0.03081 0.02925 0.02803 0.026809 0.025303 0.023194 0.020403 0.017335 0.014434 0.012116 0.010721 0.0097241 0.0088009 0.0079136 0.007037 0.0061508 0.00522 0.0041625 0.0030671 0.0020365 0.0011554 0.00049925 0.00013503 0 0 0 0 0 0 3.9198e-08 0 0 0 0 
236.5 0 0 0.0062237 0.011722 0.016452 0.027326 0.041204 0.055699 0.073146 0.09303 0.11085 0.1244 0.13553 0.14409 0.14963 0.15184 0.14794 0.1394 0.13032 0.12484 0.12477 0.12649 0.12965 0.13445 0.14097 0.1523 0.1673 0.18223 0.19334 0.19826 0.1995 0.1974 0.19214 0.18443 0.17376 0.16115 0.14881 0.13928 0.13366 0.12857 0.12373 0.11923 0.11521 0.11143 0.10772 0.10405 0.10031 0.096467 0.09252 0.088494 0.084523 0.08078 0.077337 0.074022 0.070696 0.067298 0.063737 0.059963 0.056109 0.052278 0.048522 0.044938 0.041593 0.038524 0.035694 0.033048 0.030798 0.029245 0.028033 0.026818 0.02532 0.023217 0.02043 0.017361 0.014453 0.01213 0.010732 0.0097343 0.0088103 0.0079218 0.007044 0.0061567 0.0052253 0.0041675 0.0030717 0.0020404 0.0011585 0.00050118 0.00013544 0 0 0 0 0 0 4.0919e-08 0 0 0 0 
237 0 0 0.0062811 0.011721 0.016427 0.027344 0.041232 0.055695 0.073134 0.093031 0.11084 0.12439 0.13552 0.14408 0.14962 0.15183 0.14793 0.13939 0.13031 0.12484 0.12476 0.12648 0.12963 0.13444 0.14095 0.15228 0.16729 0.18222 0.19333 0.19824 0.19949 0.19738 0.19212 0.18441 0.17375 0.16115 0.14882 0.13929 0.13364 0.12854 0.12369 0.11918 0.11516 0.11138 0.10769 0.10402 0.10029 0.096442 0.092483 0.088443 0.084461 0.080711 0.077273 0.073972 0.070666 0.067281 0.06372 0.059946 0.056094 0.052267 0.048514 0.044933 0.041587 0.038515 0.035684 0.033036 0.030786 0.02924 0.028036 0.026828 0.025337 0.02324 0.020458 0.017386 0.014473 0.012144 0.010742 0.0097445 0.0088196 0.00793 0.007051 0.0061626 0.0052307 0.0041725 0.0030762 0.0020444 0.0011616 0.0005031 0.00013585 0 0 0 0 0 0 4.264e-08 0 0 0 0 
237.5 0 0 0.0062988 0.011713 0.016409 0.027344 0.041234 0.05568 0.073109 0.093002 0.1108 0.12435 0.13547 0.14404 0.14958 0.15179 0.1479 0.13936 0.13029 0.12481 0.12474 0.12645 0.12961 0.13441 0.14092 0.15224 0.16724 0.18216 0.19327 0.19818 0.19942 0.19732 0.19207 0.18436 0.1737 0.1611 0.14876 0.13924 0.1336 0.12849 0.12364 0.11913 0.11511 0.11133 0.10764 0.10397 0.10024 0.096388 0.092429 0.088387 0.084403 0.080652 0.077217 0.073926 0.070631 0.067255 0.063697 0.059921 0.056067 0.052239 0.048487 0.044907 0.041562 0.038492 0.035663 0.033017 0.03077 0.029226 0.028026 0.026822 0.025333 0.023238 0.020456 0.017386 0.014476 0.012148 0.010746 0.0097477 0.0088219 0.0079313 0.0070515 0.0061627 0.0052309 0.0041734 0.003078 0.0020468 0.0011642 0.00050492 0.00013591 0 0 0 0 0 0 4.3557e-08 0 0 0 0 
238 0 0 0.006285 0.011699 0.016397 0.027329 0.041215 0.055654 0.073072 0.09295 0.11074 0.12428 0.13541 0.14398 0.14953 0.15174 0.14785 0.13931 0.13024 0.12477 0.1247 0.12642 0.12957 0.13437 0.14088 0.1522 0.16718 0.18207 0.19316 0.19807 0.19932 0.19723 0.19199 0.18429 0.17362 0.16101 0.14866 0.13914 0.13352 0.12843 0.12358 0.11908 0.11505 0.11128 0.10757 0.10389 0.10016 0.09631 0.092361 0.088327 0.084349 0.0806 0.077168 0.073882 0.070594 0.067223 0.063667 0.05989 0.056032 0.052199 0.048444 0.044864 0.041523 0.038457 0.035633 0.032993 0.03075 0.029206 0.028005 0.026804 0.025314 0.023215 0.020431 0.017367 0.014464 0.012143 0.010743 0.0097454 0.0088186 0.0079272 0.0070469 0.0061581 0.0052271 0.0041712 0.0030777 0.0020481 0.0011663 0.00050664 0.0001357 0 0 0 0 0 0 4.3837e-08 0 0 0 0 
238.5 0 0 0.0062713 0.011684 0.016384 0.027315 0.041196 0.055629 0.073036 0.092897 0.11067 0.12421 0.13534 0.14391 0.14947 0.15169 0.14781 0.13927 0.13019 0.12473 0.12467 0.12638 0.12953 0.13433 0.14084 0.15215 0.16711 0.18198 0.19305 0.19797 0.19922 0.19714 0.19191 0.18422 0.17354 0.16091 0.14856 0.13905 0.13345 0.12837 0.12353 0.11902 0.115 0.11122 0.10751 0.10382 0.10007 0.096233 0.092294 0.088268 0.084294 0.080548 0.077119 0.073839 0.070556 0.067191 0.063638 0.059858 0.055996 0.052159 0.048401 0.044822 0.041483 0.038422 0.035604 0.03297 0.030729 0.029185 0.027985 0.026785 0.025294 0.023192 0.020407 0.017347 0.014452 0.012138 0.010741 0.009743 0.0088154 0.0079231 0.0070424 0.0061536 0.0052232 0.004169 0.0030773 0.0020494 0.0011684 0.00050837 0.00013548 0 0 0 0 0 0 4.4118e-08 0 0 0 0 
239 0 0 0.0062576 0.01167 0.016372 0.0273 0.041177 0.055603 0.072999 0.092844 0.11061 0.12414 0.13528 0.14385 0.14941 0.15164 0.14776 0.13922 0.13015 0.12469 0.12463 0.12635 0.1295 0.13429 0.1408 0.15211 0.16704 0.18189 0.19295 0.19786 0.19912 0.19705 0.19183 0.18415 0.17346 0.16082 0.14846 0.13896 0.13337 0.12831 0.12347 0.11897 0.11495 0.11116 0.10744 0.10374 0.099988 0.096155 0.092226 0.088208 0.08424 0.080496 0.07707 0.073795 0.070518 0.067159 0.063609 0.059827 0.05596 0.052118 0.048358 0.04478 0.041444 0.038387 0.035575 0.032946 0.030709 0.029164 0.027964 0.026767 0.025275 0.023169 0.020382 0.017327 0.014441 0.012133 0.010738 0.0097407 0.0088121 0.007919 0.0070378 0.006149 0.0052194 0.0041667 0.003077 0.0020507 0.0011706 0.0005101 0.00013526 0 0 0 0 0 0 4.4399e-08 0 0 0 0 
239.5 0 0 0.0062557 0.01167 0.016375 0.027305 0.041182 0.05561 0.073008 0.092851 0.11061 0.12415 0.13528 0.14386 0.14942 0.15165 0.14777 0.13922 0.13015 0.12469 0.12464 0.12635 0.12951 0.1343 0.14081 0.15213 0.16706 0.18191 0.19295 0.19786 0.19911 0.19703 0.19182 0.18413 0.17344 0.1608 0.14844 0.13894 0.13336 0.1283 0.12347 0.11897 0.11494 0.11115 0.10742 0.10371 0.099957 0.096129 0.092211 0.088205 0.084248 0.080507 0.077079 0.073804 0.07053 0.067174 0.063628 0.059845 0.055975 0.05213 0.048367 0.044789 0.04145 0.03839 0.035573 0.032942 0.030704 0.029159 0.027959 0.026761 0.02527 0.023165 0.02038 0.017327 0.014444 0.012138 0.010741 0.0097428 0.008814 0.0079211 0.0070404 0.0061522 0.005223 0.0041703 0.0030801 0.0020531 0.0011721 0.00051102 0.00013593 0 0 0 0 0 0 4.5908e-08 0 0 0 0 
240 0 0 0.0062571 0.011673 0.016381 0.027315 0.041194 0.055626 0.073028 0.092874 0.11064 0.12417 0.13531 0.14389 0.14945 0.15168 0.14779 0.13924 0.13016 0.12471 0.12466 0.12637 0.12953 0.13433 0.14084 0.15217 0.16711 0.18195 0.19298 0.19788 0.19912 0.19704 0.19182 0.18413 0.17343 0.16079 0.14843 0.13895 0.13337 0.12832 0.12348 0.11898 0.11495 0.11116 0.10742 0.1037 0.099941 0.096117 0.092209 0.088218 0.084273 0.080535 0.077104 0.073828 0.070556 0.067203 0.063659 0.059877 0.056004 0.052155 0.04839 0.044811 0.041469 0.038403 0.035579 0.032943 0.030703 0.029157 0.027957 0.02676 0.025269 0.023166 0.020383 0.017334 0.014452 0.012145 0.010746 0.0097462 0.0088172 0.0079248 0.007045 0.0061575 0.0052286 0.0041755 0.0030841 0.0020557 0.0011736 0.00051172 0.00013685 0 0 0 0 0 0 4.7753e-08 0 0 0 0 
240.5 0 0 0.0062585 0.011676 0.016388 0.027324 0.041205 0.055641 0.073049 0.092898 0.11066 0.1242 0.13534 0.14392 0.14948 0.15171 0.14781 0.13925 0.13017 0.12473 0.12467 0.12639 0.12955 0.13435 0.14087 0.1522 0.16715 0.18199 0.19302 0.1979 0.19914 0.19705 0.19182 0.18413 0.17343 0.16079 0.14843 0.13895 0.13339 0.12833 0.1235 0.119 0.11496 0.11116 0.10741 0.10368 0.099924 0.096104 0.092207 0.088231 0.084299 0.080563 0.077129 0.073852 0.070581 0.067231 0.063691 0.059908 0.056033 0.05218 0.048413 0.044834 0.041489 0.038416 0.035584 0.032944 0.030702 0.029156 0.027956 0.026758 0.025268 0.023167 0.020387 0.01734 0.014459 0.012151 0.01075 0.0097496 0.0088204 0.0079286 0.0070497 0.0061628 0.0052343 0.0041807 0.0030882 0.0020584 0.001175 0.00051242 0.00013776 0 0 0 0 0 0 4.9598e-08 0 0 0 0 
241 0 0 0.0062598 0.011679 0.016394 0.027334 0.041217 0.055656 0.073068 0.09292 0.11069 0.12423 0.13537 0.14395 0.14951 0.15174 0.14783 0.13927 0.13019 0.12474 0.12469 0.12641 0.12957 0.13438 0.1409 0.15224 0.16719 0.18203 0.19305 0.19793 0.19916 0.19705 0.19183 0.18413 0.17343 0.16079 0.14843 0.13896 0.1334 0.12835 0.12352 0.11901 0.11497 0.11116 0.1074 0.10367 0.099908 0.096092 0.092205 0.088243 0.084324 0.080591 0.077154 0.073875 0.070607 0.067259 0.063721 0.059939 0.056061 0.052205 0.048436 0.044856 0.041508 0.038428 0.03559 0.032945 0.030701 0.029154 0.027954 0.026757 0.025267 0.023168 0.020391 0.017346 0.014467 0.012158 0.010754 0.009753 0.0088236 0.0079323 0.0070542 0.006168 0.0052398 0.0041858 0.0030922 0.002061 0.0011764 0.00051312 0.00013866 0 0 0 0 0 0 5.1415e-08 0 0 0 0 
241.5 0 0 0.0062555 0.01167 0.016381 0.027314 0.041193 0.055628 0.073032 0.092876 0.11064 0.12418 0.13534 0.14393 0.14951 0.15174 0.14784 0.13929 0.13021 0.12476 0.1247 0.12642 0.12958 0.13438 0.1409 0.15224 0.16719 0.18203 0.19305 0.19794 0.19918 0.19709 0.19187 0.18417 0.17347 0.16082 0.14846 0.13899 0.13343 0.12837 0.12354 0.11903 0.11498 0.11116 0.10739 0.10364 0.099876 0.096067 0.092194 0.088249 0.084343 0.080617 0.077172 0.073879 0.070594 0.067237 0.063701 0.059923 0.056051 0.0522 0.048435 0.044856 0.041511 0.038436 0.035601 0.03296 0.030717 0.029171 0.02797 0.026769 0.02528 0.023186 0.02041 0.01736 0.014472 0.012156 0.01075 0.0097494 0.0088203 0.0079288 0.0070503 0.0061641 0.0052364 0.0041838 0.0030916 0.0020618 0.0011778 0.00051437 0.00013853 0 0 0 0 0 0 5.0866e-08 0 0 0 0 
242 0 0 0.0062512 0.011661 0.016367 0.027294 0.04117 0.0556 0.072996 0.092833 0.11059 0.12414 0.1353 0.14391 0.1495 0.15175 0.14786 0.1393 0.13023 0.12477 0.12471 0.12642 0.12958 0.13438 0.1409 0.15223 0.16718 0.18203 0.19306 0.19795 0.1992 0.19712 0.19191 0.18422 0.17351 0.16086 0.1485 0.13901 0.13345 0.1284 0.12356 0.11905 0.115 0.11116 0.10737 0.10361 0.099845 0.096042 0.092183 0.088255 0.084363 0.080642 0.077191 0.073882 0.070582 0.067215 0.06368 0.059907 0.056041 0.052196 0.048434 0.044857 0.041515 0.038444 0.035612 0.032974 0.030732 0.029188 0.027985 0.026782 0.025294 0.023203 0.020429 0.017374 0.014477 0.012154 0.010746 0.0097458 0.0088169 0.0079252 0.0070465 0.0061602 0.005233 0.0041817 0.0030911 0.0020625 0.0011793 0.00051561 0.00013839 0 0 0 0 0 0 5.0316e-08 0 0 0 0 
242.5 0 0 0.0062469 0.011652 0.016354 0.027274 0.041147 0.055572 0.072959 0.092789 0.11055 0.1241 0.13527 0.14389 0.14949 0.15175 0.14787 0.13932 0.13025 0.12479 0.12472 0.12643 0.12959 0.13439 0.1409 0.15223 0.16718 0.18203 0.19306 0.19796 0.19923 0.19716 0.19195 0.18426 0.17355 0.1609 0.14853 0.13904 0.13348 0.12842 0.12358 0.11907 0.11501 0.11116 0.10736 0.10359 0.099813 0.096017 0.092172 0.08826 0.084382 0.080668 0.077209 0.073885 0.07057 0.067193 0.063659 0.059891 0.05603 0.052191 0.048432 0.044858 0.041519 0.038451 0.035624 0.032988 0.030748 0.029205 0.028001 0.026795 0.025307 0.023221 0.020448 0.017387 0.014482 0.012152 0.010742 0.0097423 0.0088136 0.0079217 0.0070426 0.0061562 0.0052297 0.0041797 0.0030906 0.0020632 0.0011807 0.00051685 0.00013826 0 0 0 0 0 0 4.9767e-08 0 0 0 0 
243 0 0 0.0062429 0.011645 0.016342 0.027257 0.041127 0.055549 0.07293 0.092754 0.11051 0.12406 0.13524 0.14387 0.14948 0.15176 0.14788 0.13934 0.13026 0.1248 0.12472 0.12643 0.12959 0.13439 0.1409 0.15223 0.16718 0.18203 0.19307 0.19797 0.19925 0.19719 0.19198 0.1843 0.17359 0.16093 0.14855 0.13906 0.1335 0.12845 0.12361 0.11909 0.11502 0.11117 0.10736 0.10358 0.099804 0.096012 0.092176 0.088276 0.084406 0.080696 0.077232 0.073896 0.070567 0.067182 0.063648 0.059883 0.056027 0.05219 0.048434 0.04486 0.041524 0.038458 0.035632 0.032999 0.030759 0.029216 0.028012 0.026806 0.025319 0.023235 0.020462 0.017398 0.014487 0.012152 0.01074 0.0097408 0.0088121 0.0079199 0.0070406 0.0061542 0.0052281 0.004179 0.0030909 0.0020643 0.0011821 0.00051796 0.00013825 0 0 0 0 0 0 4.9639e-08 0 0 0 0 
243.5 0 0 0.0062399 0.011641 0.016339 0.027252 0.04112 0.055541 0.072922 0.092747 0.1105 0.12406 0.13523 0.14386 0.14948 0.15175 0.14788 0.13933 0.13026 0.12479 0.12472 0.12643 0.12959 0.13439 0.14091 0.15224 0.16719 0.18205 0.19309 0.19799 0.19926 0.1972 0.19199 0.1843 0.17359 0.16094 0.14856 0.13907 0.13352 0.12848 0.12364 0.11912 0.11506 0.11122 0.10741 0.10364 0.099867 0.096071 0.092228 0.08832 0.084445 0.080732 0.077266 0.073927 0.070593 0.067204 0.063667 0.059901 0.056043 0.052205 0.048447 0.04487 0.04153 0.038461 0.035633 0.032996 0.030753 0.02921 0.028012 0.026813 0.025329 0.023241 0.020464 0.017399 0.014492 0.012159 0.010746 0.009746 0.0088164 0.0079239 0.0070447 0.0061584 0.0052322 0.0041827 0.0030937 0.0020663 0.0011834 0.00051866 0.00013864 0 0 0 0 0 0 5.0842e-08 0 0 0 0 
244 0 0 0.006237 0.011638 0.016335 0.027246 0.041112 0.055533 0.072915 0.092739 0.1105 0.12405 0.13523 0.14386 0.14947 0.15174 0.14787 0.13933 0.13025 0.12479 0.12472 0.12643 0.1296 0.1344 0.14091 0.15224 0.1672 0.18206 0.19311 0.19801 0.19928 0.19721 0.192 0.18431 0.1736 0.16095 0.14856 0.13908 0.13353 0.1285 0.12368 0.11916 0.1151 0.11126 0.10747 0.1037 0.099929 0.096129 0.09228 0.088365 0.084483 0.080768 0.077301 0.073958 0.07062 0.067226 0.063686 0.059919 0.05606 0.05222 0.04846 0.044879 0.041536 0.038465 0.035634 0.032994 0.030747 0.029205 0.028011 0.02682 0.025339 0.023247 0.020465 0.017401 0.014496 0.012166 0.010752 0.0097512 0.0088208 0.0079279 0.0070488 0.0061626 0.0052363 0.0041863 0.0030966 0.0020683 0.0011847 0.00051935 0.00013902 0 0 0 0 0 0 5.2045e-08 0 0 0 0 
244.5 0 0 0.0062341 0.011634 0.016331 0.02724 0.041104 0.055525 0.072908 0.092732 0.11049 0.12404 0.13522 0.14385 0.14946 0.15174 0.14787 0.13932 0.13025 0.12478 0.12472 0.12643 0.1296 0.1344 0.14092 0.15225 0.16721 0.18208 0.19313 0.19803 0.19929 0.19722 0.192 0.18431 0.17361 0.16095 0.14857 0.13908 0.13355 0.12853 0.12371 0.1192 0.11514 0.11131 0.10752 0.10376 0.099991 0.096188 0.092332 0.088409 0.084522 0.080804 0.077335 0.073989 0.070646 0.067248 0.063706 0.059937 0.056076 0.052235 0.048472 0.044888 0.041542 0.038468 0.035635 0.032992 0.030741 0.029199 0.02801 0.026827 0.025348 0.023253 0.020466 0.017402 0.014501 0.012172 0.010758 0.0097564 0.0088251 0.007932 0.0070529 0.0061667 0.0052404 0.00419 0.0030995 0.0020704 0.0011859 0.00052005 0.0001394 0 0 0 0 0 0 5.3248e-08 0 0 0 0 
245 0 0 0.0062325 0.01163 0.016326 0.027232 0.041095 0.055514 0.072894 0.092716 0.11047 0.12403 0.13521 0.14384 0.14946 0.15174 0.14787 0.13933 0.13025 0.12479 0.12472 0.12644 0.1296 0.1344 0.14092 0.15225 0.16722 0.18209 0.19314 0.19805 0.19931 0.19724 0.19202 0.18433 0.17363 0.16097 0.14859 0.1391 0.13357 0.12855 0.12374 0.11923 0.11517 0.11134 0.10756 0.10381 0.10004 0.096229 0.092368 0.088438 0.084545 0.080824 0.077355 0.074008 0.070663 0.067262 0.063719 0.05995 0.056087 0.052243 0.048477 0.044891 0.041542 0.038466 0.035631 0.032986 0.030732 0.02919 0.028003 0.026823 0.025346 0.02325 0.020461 0.017399 0.014501 0.012174 0.010758 0.0097566 0.0088252 0.0079325 0.0070541 0.0061687 0.0052426 0.004192 0.0031009 0.0020714 0.0011867 0.00052061 0.00013992 0 0 0 0 0 0 5.4239e-08 0 0 0 0 
245.5 0 0 0.0062326 0.011627 0.016318 0.027222 0.041085 0.0555 0.072873 0.092688 0.11044 0.124 0.13519 0.14384 0.14948 0.15177 0.1479 0.13935 0.13027 0.1248 0.12473 0.12644 0.1296 0.1344 0.14091 0.15224 0.16721 0.18209 0.19315 0.19806 0.19933 0.19726 0.19205 0.18437 0.17366 0.161 0.14861 0.13912 0.13359 0.12857 0.12375 0.11925 0.1152 0.11137 0.10759 0.10383 0.10006 0.09625 0.092384 0.088449 0.08455 0.080827 0.077359 0.074014 0.070669 0.067269 0.063726 0.059957 0.056091 0.052242 0.048473 0.044885 0.041535 0.038457 0.035621 0.032975 0.030721 0.029177 0.027988 0.026807 0.02533 0.023235 0.02045 0.017391 0.014495 0.012169 0.010753 0.0097511 0.0088205 0.0079291 0.0070523 0.006168 0.0052425 0.0041919 0.0031007 0.0020713 0.0011868 0.00052101 0.0001406 0 0 0 0 0 0 5.499e-08 0 0 0 0 
246 0 0 0.0062327 0.011623 0.016311 0.027213 0.041075 0.055486 0.072851 0.092661 0.11041 0.12397 0.13517 0.14384 0.14949 0.15179 0.14792 0.13937 0.13029 0.12482 0.12474 0.12645 0.1296 0.13439 0.1409 0.15223 0.16721 0.18209 0.19315 0.19807 0.19935 0.19729 0.19209 0.1844 0.17369 0.16102 0.14863 0.13914 0.13361 0.12858 0.12377 0.11927 0.11522 0.11139 0.10761 0.10385 0.10008 0.09627 0.092401 0.088459 0.084556 0.08083 0.077363 0.074019 0.070675 0.067275 0.063733 0.059964 0.056095 0.052242 0.048469 0.044879 0.041527 0.038448 0.035612 0.032965 0.03071 0.029164 0.027974 0.026791 0.025314 0.023221 0.020439 0.017383 0.014489 0.012163 0.010747 0.0097456 0.0088158 0.0079257 0.0070504 0.0061674 0.0052425 0.0041919 0.0031004 0.0020712 0.001187 0.00052141 0.00014127 0 0 0 0 0 0 5.574e-08 0 0 0 0 
246.5 0 0 0.0062328 0.011619 0.016304 0.027203 0.041064 0.055471 0.07283 0.092634 0.11038 0.12395 0.13516 0.14384 0.14951 0.15181 0.14794 0.13939 0.13031 0.12483 0.12475 0.12645 0.1296 0.13438 0.14089 0.15222 0.1672 0.18209 0.19316 0.19809 0.19937 0.19732 0.19212 0.18444 0.17372 0.16105 0.14866 0.13917 0.13363 0.1286 0.12378 0.11929 0.11525 0.11141 0.10763 0.10388 0.1001 0.096291 0.092417 0.08847 0.084561 0.080833 0.077367 0.074025 0.070681 0.067282 0.063741 0.05997 0.056099 0.052242 0.048466 0.044873 0.04152 0.03844 0.035602 0.032955 0.030699 0.029151 0.027959 0.026775 0.025298 0.023207 0.020427 0.017374 0.014483 0.012158 0.010741 0.0097401 0.0088111 0.0079223 0.0070485 0.0061667 0.0052424 0.0041919 0.0031002 0.0020711 0.0011872 0.00052181 0.00014194 0 0 0 0 0 0 5.6491e-08 0 0 0 0 
247 0 0 0.0062326 0.011619 0.016303 0.027202 0.041063 0.05547 0.072829 0.092632 0.11038 0.12395 0.13516 0.14384 0.14951 0.15181 0.14794 0.13939 0.1303 0.12483 0.12475 0.12645 0.1296 0.13439 0.1409 0.15223 0.16721 0.1821 0.19318 0.19811 0.19939 0.19734 0.19214 0.18445 0.17374 0.16107 0.14868 0.13919 0.13363 0.12858 0.12376 0.11927 0.11523 0.1114 0.10763 0.10389 0.10013 0.096309 0.092428 0.088473 0.084558 0.080829 0.077367 0.074029 0.070689 0.067293 0.063752 0.05998 0.056104 0.052243 0.048464 0.04487 0.041515 0.038435 0.035599 0.032954 0.030699 0.029151 0.027959 0.026775 0.025299 0.02321 0.020433 0.01738 0.014487 0.012161 0.010741 0.0097402 0.0088122 0.0079244 0.0070514 0.0061702 0.0052463 0.0041956 0.0031029 0.0020723 0.0011872 0.0005215 0.00014252 0 0 0 0 0 0 5.7233e-08 0 0 0 0 
247.5 0 0 0.0062322 0.01162 0.016306 0.027205 0.041066 0.055475 0.072836 0.092641 0.11039 0.12396 0.13516 0.14384 0.1495 0.15181 0.14793 0.13938 0.1303 0.12482 0.12475 0.12646 0.12961 0.1344 0.14091 0.15224 0.16723 0.18212 0.1932 0.19813 0.19941 0.19736 0.19216 0.18447 0.17375 0.16109 0.1487 0.1392 0.13362 0.12856 0.12372 0.11923 0.11519 0.11138 0.10763 0.1039 0.10015 0.096327 0.092437 0.088473 0.084551 0.080821 0.077364 0.074033 0.070698 0.067305 0.063764 0.05999 0.05611 0.052244 0.048462 0.044867 0.041513 0.038433 0.035599 0.032956 0.030703 0.029156 0.027965 0.026782 0.025308 0.023222 0.020446 0.017392 0.014496 0.012166 0.010743 0.0097428 0.0088158 0.0079288 0.0070563 0.0061754 0.0052519 0.0042009 0.0031069 0.0020742 0.0011872 0.00052086 0.00014305 0 0 0 0 0 0 5.7972e-08 0 0 0 0 
248 0 0 0.0062318 0.011621 0.016308 0.027208 0.041069 0.055479 0.072843 0.092651 0.1104 0.12396 0.13517 0.14384 0.1495 0.1518 0.14793 0.13937 0.13029 0.12481 0.12474 0.12646 0.12962 0.13442 0.14092 0.15226 0.16724 0.18213 0.19321 0.19815 0.19943 0.19738 0.19218 0.18448 0.17376 0.1611 0.14873 0.13922 0.13362 0.12853 0.12368 0.11918 0.11515 0.11136 0.10762 0.10391 0.10017 0.096344 0.092446 0.088473 0.084544 0.080814 0.077361 0.074036 0.070707 0.067318 0.063777 0.06 0.056116 0.052246 0.048461 0.044865 0.04151 0.038431 0.035599 0.032959 0.030707 0.029161 0.027971 0.026789 0.025317 0.023234 0.020459 0.017404 0.014505 0.012171 0.010745 0.0097454 0.0088194 0.0079333 0.0070612 0.0061806 0.0052575 0.0042062 0.0031109 0.002076 0.0011872 0.00052023 0.00014358 0 0 0 0 0 0 5.8711e-08 0 0 0 0 
248.5 0 0 0.0062315 0.011622 0.016311 0.027211 0.041072 0.055484 0.07285 0.09266 0.11041 0.12397 0.13517 0.14384 0.1495 0.1518 0.14792 0.13937 0.13028 0.1248 0.12474 0.12646 0.12963 0.13443 0.14094 0.15227 0.16726 0.18215 0.19323 0.19817 0.19945 0.1974 0.19219 0.18449 0.17378 0.16112 0.14875 0.13923 0.13361 0.1285 0.12364 0.11914 0.11512 0.11134 0.10762 0.10393 0.10019 0.096361 0.092455 0.088473 0.084538 0.080806 0.077359 0.07404 0.070717 0.067331 0.06379 0.06001 0.056122 0.052248 0.04846 0.044862 0.041507 0.038429 0.035598 0.032962 0.030712 0.029167 0.027977 0.026796 0.025326 0.023246 0.020473 0.017416 0.014515 0.012177 0.010748 0.009748 0.008823 0.0079377 0.0070661 0.0061858 0.0052631 0.0042115 0.0031149 0.0020779 0.0011871 0.0005196 0.00014411 0 0 0 0 0 0 5.945e-08 0 0 0 0 
249 0 0 0.0061892 0.011624 0.016327 0.02718 0.041023 0.055453 0.072814 0.092602 0.11035 0.12391 0.1351 0.14377 0.14944 0.15174 0.14787 0.13931 0.13022 0.12475 0.12468 0.1264 0.12957 0.13437 0.14087 0.15219 0.16716 0.18204 0.19311 0.19805 0.19934 0.19729 0.19209 0.1844 0.17368 0.16101 0.14863 0.13912 0.13352 0.12843 0.12358 0.11908 0.11506 0.11127 0.10754 0.10384 0.1001 0.096277 0.092379 0.088406 0.084479 0.080751 0.077306 0.073989 0.070668 0.067286 0.06375 0.059977 0.056095 0.052227 0.048444 0.044852 0.041501 0.038427 0.035599 0.032964 0.030715 0.029168 0.027974 0.02679 0.025318 0.023241 0.020471 0.017417 0.014517 0.01218 0.01075 0.0097497 0.0088241 0.0079381 0.0070659 0.0061852 0.0052628 0.0042123 0.0031168 0.0020804 0.0011897 0.0005215 0.00014426 0 0 0 0 0 0 5.9374e-08 0 0 0 0 
249.5 0 0 0.0061433 0.011625 0.016345 0.027148 0.04097 0.05542 0.072775 0.092539 0.11028 0.12384 0.13503 0.1437 0.14937 0.15168 0.14781 0.13925 0.13017 0.12469 0.12463 0.12634 0.1295 0.1343 0.14079 0.1521 0.16705 0.18191 0.19298 0.19792 0.19922 0.19718 0.19199 0.1843 0.17358 0.16089 0.1485 0.13899 0.13341 0.12835 0.12352 0.11903 0.115 0.1112 0.10746 0.10375 0.099998 0.096184 0.092296 0.088334 0.084416 0.080693 0.077249 0.073934 0.070615 0.067236 0.063706 0.05994 0.056065 0.052204 0.048427 0.044841 0.041495 0.038425 0.035599 0.032967 0.030718 0.029168 0.027971 0.026783 0.025309 0.023235 0.020468 0.017418 0.014519 0.012182 0.010751 0.0097512 0.008825 0.0079381 0.0070651 0.0061841 0.0052621 0.0042127 0.0031184 0.0020829 0.0011926 0.00052362 0.00014438 0 0 0 0 0 0 5.9229e-08 0 0 0 0 
250 0 0 0.0060975 0.011627 0.016362 0.027115 0.040918 0.055387 0.072735 0.092475 0.11022 0.12378 0.13495 0.14362 0.1493 0.15162 0.14775 0.1392 0.13011 0.12463 0.12457 0.12629 0.12944 0.13423 0.14072 0.15201 0.16694 0.18179 0.19284 0.19779 0.1991 0.19706 0.19188 0.1842 0.17347 0.16078 0.14837 0.13887 0.13331 0.12827 0.12345 0.11897 0.11494 0.11113 0.10738 0.10365 0.0999 0.096091 0.092214 0.088262 0.084352 0.080634 0.077191 0.073878 0.070561 0.067186 0.063662 0.059903 0.056035 0.05218 0.04841 0.04483 0.041489 0.038422 0.035599 0.03297 0.030721 0.029168 0.027967 0.026775 0.025301 0.023228 0.020465 0.017418 0.014522 0.012185 0.010753 0.0097528 0.0088258 0.0079381 0.0070644 0.006183 0.0052614 0.0042131 0.00312 0.0020855 0.0011954 0.00052573 0.0001445 0 0 0 0 0 0 5.9084e-08 0 0 0 0 
250.5 0 0 0.0060579 0.011627 0.016375 0.027083 0.040868 0.055352 0.072693 0.092411 0.11015 0.12371 0.13488 0.14355 0.14924 0.15156 0.14769 0.13914 0.13005 0.12458 0.12451 0.12623 0.12938 0.13416 0.14065 0.15193 0.16684 0.18167 0.19272 0.19767 0.19898 0.19695 0.19177 0.1841 0.17337 0.16067 0.14826 0.13876 0.13322 0.12819 0.12338 0.11891 0.11487 0.11106 0.1073 0.10356 0.099807 0.096003 0.092133 0.088189 0.084286 0.080572 0.077131 0.073819 0.070505 0.067135 0.06362 0.059863 0.055996 0.052146 0.048391 0.044845 0.041564 0.038567 0.035806 0.033215 0.030967 0.02938 0.028126 0.02688 0.025364 0.023273 0.020497 0.01744 0.014536 0.012192 0.010754 0.0097507 0.0088228 0.0079355 0.0070628 0.0061824 0.0052612 0.0042138 0.0031215 0.0020876 0.0011976 0.00052742 0.00014467 0 0 0 0 0 0 5.8981e-08 0 0 0 0 
251 0 0 0.0060535 0.011618 0.016362 0.027062 0.040839 0.055314 0.072642 0.092346 0.11007 0.12363 0.1348 0.14348 0.14918 0.1515 0.14764 0.1391 0.13001 0.12454 0.12448 0.12619 0.12934 0.13411 0.14059 0.15187 0.16678 0.18161 0.19265 0.19758 0.19888 0.19685 0.19167 0.184 0.17328 0.16061 0.14823 0.13874 0.13317 0.12812 0.12329 0.11881 0.11478 0.11097 0.10722 0.1035 0.099747 0.095941 0.092065 0.088113 0.084203 0.080489 0.077052 0.073741 0.070432 0.067079 0.063587 0.059809 0.055905 0.052046 0.048354 0.045007 0.0421 0.039543 0.037178 0.034831 0.032584 0.030785 0.029208 0.027623 0.02584 0.023604 0.020725 0.017585 0.014616 0.012223 0.010748 0.0097273 0.008798 0.0079185 0.0070567 0.0061843 0.0052643 0.004216 0.0031225 0.0020874 0.0011968 0.00052671 0.00014514 0 0 0 0 0 0 5.9114e-08 0 0 0 0 
251.5 0 0 0.0060491 0.011609 0.016349 0.027041 0.04081 0.055276 0.072591 0.09228 0.11 0.12355 0.13472 0.14341 0.14911 0.15145 0.14759 0.13905 0.12997 0.1245 0.12444 0.12615 0.12929 0.13406 0.14054 0.15182 0.16673 0.18155 0.19257 0.1975 0.19879 0.19675 0.19157 0.18389 0.1732 0.16056 0.1482 0.13871 0.13312 0.12804 0.1232 0.1187 0.11468 0.11088 0.10714 0.10343 0.099687 0.09588 0.091997 0.088036 0.084121 0.080407 0.076972 0.073663 0.07036 0.067022 0.063553 0.059754 0.055813 0.051946 0.048318 0.045169 0.042637 0.04052 0.038549 0.036447 0.034201 0.032191 0.03029 0.028365 0.026315 0.023936 0.020952 0.01773 0.014697 0.012254 0.010742 0.0097039 0.0087731 0.0079015 0.0070505 0.0061863 0.0052674 0.0042182 0.0031235 0.0020873 0.001196 0.00052599 0.00014561 0 0 0 0 0 0 5.9248e-08 0 0 0 0 
252 0 0 0.0060447 0.011599 0.016335 0.027019 0.040781 0.055237 0.072539 0.092214 0.10992 0.12347 0.13465 0.14334 0.14905 0.15139 0.14754 0.139 0.12993 0.12446 0.1244 0.12611 0.12925 0.13402 0.14049 0.15176 0.16667 0.18148 0.1925 0.19741 0.19869 0.19665 0.19147 0.18379 0.17312 0.16051 0.14818 0.13869 0.13307 0.12797 0.12311 0.1186 0.11458 0.11079 0.10707 0.10337 0.099627 0.095818 0.091929 0.08796 0.084038 0.080325 0.076893 0.073585 0.070287 0.066965 0.06352 0.0597 0.055721 0.051846 0.048282 0.045331 0.043173 0.041496 0.039921 0.038063 0.035819 0.033597 0.031372 0.029107 0.02679 0.024267 0.021179 0.017875 0.014778 0.012286 0.010737 0.0096805 0.0087483 0.0078845 0.0070444 0.0061882 0.0052705 0.0042204 0.0031244 0.0020871 0.0011951 0.00052527 0.00014608 0 0 0 0 0 0 5.9381e-08 0 0 0 0 
252.5 0 0 0.0060389 0.011589 0.016321 0.026997 0.040749 0.055197 0.072488 0.09215 0.10985 0.1234 0.13459 0.14329 0.14901 0.15137 0.14753 0.139 0.12992 0.12446 0.12439 0.12609 0.12922 0.13398 0.14044 0.15172 0.16662 0.18144 0.19246 0.19736 0.19865 0.19661 0.19143 0.18376 0.1731 0.1605 0.14819 0.1387 0.13307 0.12795 0.12309 0.11857 0.11455 0.11077 0.10705 0.10335 0.099616 0.095806 0.091914 0.087941 0.084015 0.080302 0.076869 0.07356 0.070262 0.066947 0.063514 0.059676 0.055669 0.051784 0.048256 0.045427 0.043502 0.042099 0.040772 0.039067 0.036825 0.034472 0.032048 0.029572 0.027089 0.024479 0.021326 0.017969 0.014831 0.012308 0.010735 0.0096679 0.0087346 0.0078755 0.0070419 0.0061905 0.0052735 0.0042227 0.003126 0.0020878 0.0011953 0.00052524 0.00014648 0 0 0 0 0 0 5.9814e-08 0 0 0 0 
253 0 0 0.0060306 0.011576 0.016306 0.026972 0.040715 0.055153 0.072436 0.092089 0.10978 0.12334 0.13455 0.14327 0.14901 0.15139 0.14758 0.13906 0.12998 0.12451 0.12443 0.12612 0.12923 0.13397 0.14042 0.15168 0.16659 0.18142 0.19246 0.19738 0.19869 0.19668 0.19152 0.18385 0.17319 0.16059 0.14826 0.13876 0.13313 0.12803 0.12317 0.11866 0.11463 0.11085 0.10712 0.10342 0.099687 0.095877 0.091987 0.088015 0.08409 0.080377 0.076939 0.073621 0.070314 0.066991 0.063551 0.059703 0.055684 0.051786 0.048249 0.045416 0.043489 0.042087 0.040763 0.039062 0.036823 0.034474 0.032052 0.02958 0.027099 0.024491 0.021339 0.017981 0.01484 0.012314 0.01074 0.0096732 0.0087395 0.0078796 0.0070453 0.0061934 0.0052762 0.0042254 0.0031284 0.0020899 0.001197 0.00052634 0.00014675 0 0 0 0 0 0 6.074e-08 0 0 0 0 
253.5 0 0 0.0060223 0.011563 0.01629 0.026948 0.040681 0.055109 0.072384 0.092029 0.10972 0.12329 0.13452 0.14326 0.14902 0.15142 0.14763 0.13912 0.13004 0.12456 0.12447 0.12614 0.12924 0.13396 0.14039 0.15164 0.16656 0.1814 0.19246 0.19741 0.19874 0.19674 0.1916 0.18395 0.17328 0.16067 0.14833 0.13882 0.1332 0.12811 0.12325 0.11874 0.11471 0.11093 0.1072 0.1035 0.099758 0.095948 0.092059 0.08809 0.084166 0.080451 0.077008 0.073683 0.070367 0.067035 0.063589 0.05973 0.055698 0.051788 0.048242 0.045404 0.043476 0.042075 0.040754 0.039058 0.036822 0.034475 0.032057 0.029587 0.027109 0.024503 0.021352 0.017992 0.014849 0.01232 0.010745 0.0096784 0.0087443 0.0078838 0.0070487 0.0061962 0.0052789 0.004228 0.0031308 0.002092 0.0011987 0.00052744 0.00014703 0 0 0 0 0 0 6.1666e-08 0 0 0 0 
254 0 0 0.006014 0.01155 0.016274 0.026923 0.040647 0.055065 0.072332 0.091968 0.10965 0.12323 0.13448 0.14324 0.14902 0.15144 0.14768 0.13918 0.1301 0.12461 0.12451 0.12617 0.12925 0.13395 0.14037 0.15161 0.16652 0.18138 0.19246 0.19743 0.19878 0.19681 0.19168 0.18404 0.17338 0.16076 0.1484 0.13888 0.13327 0.12818 0.12333 0.11883 0.1148 0.11101 0.10728 0.10357 0.099829 0.096019 0.092132 0.088164 0.084241 0.080525 0.077078 0.073745 0.070419 0.067079 0.063627 0.059758 0.055712 0.051789 0.048234 0.045393 0.043463 0.042064 0.040745 0.039053 0.03682 0.034476 0.032061 0.029594 0.027119 0.024516 0.021365 0.018003 0.014857 0.012326 0.01075 0.0096837 0.0087492 0.007888 0.0070521 0.0061991 0.0052816 0.0042306 0.0031332 0.0020942 0.0012004 0.00052854 0.00014731 0 0 0 0 0 0 6.2592e-08 0 0 0 0 
254.5 0 0 0.0060416 0.011544 0.016254 0.026929 0.040662 0.055062 0.072325 0.091968 0.10965 0.12323 0.13449 0.14326 0.14904 0.15146 0.1477 0.13921 0.13013 0.12464 0.12454 0.1262 0.12928 0.13398 0.14039 0.15163 0.16655 0.18141 0.19249 0.19746 0.19882 0.19685 0.19172 0.18408 0.17341 0.16078 0.14841 0.1389 0.1333 0.12823 0.12339 0.11889 0.11486 0.11106 0.10732 0.10361 0.099867 0.096055 0.092166 0.088196 0.08427 0.080551 0.077103 0.073773 0.070451 0.067114 0.06366 0.059783 0.055728 0.051798 0.048238 0.045397 0.043467 0.042069 0.040752 0.039061 0.036827 0.034482 0.032065 0.029598 0.027122 0.024519 0.021368 0.018008 0.014862 0.012331 0.010753 0.0096856 0.0087508 0.0078897 0.0070542 0.0062014 0.005284 0.0042328 0.003135 0.0020954 0.0012012 0.00052903 0.00014759 0 0 0 0 0 0 6.3223e-08 0 0 0 0 
255 0 0 0.006093 0.011543 0.01623 0.026956 0.040709 0.055085 0.072346 0.092008 0.10969 0.12326 0.13452 0.14329 0.14906 0.15149 0.14772 0.13922 0.13015 0.12466 0.12457 0.12623 0.12932 0.13402 0.14044 0.15168 0.16661 0.18147 0.19255 0.19751 0.19886 0.19688 0.19174 0.1841 0.17342 0.16077 0.14839 0.13889 0.13332 0.12826 0.12343 0.11894 0.1149 0.1111 0.10736 0.10364 0.099884 0.096068 0.092174 0.0882 0.084269 0.080545 0.077099 0.073779 0.07047 0.067142 0.06369 0.059808 0.055746 0.05181 0.048249 0.04541 0.043482 0.042085 0.040769 0.039076 0.036839 0.03449 0.03207 0.029598 0.027119 0.024515 0.021366 0.018008 0.014865 0.012334 0.010754 0.0096854 0.0087504 0.0078898 0.0070553 0.0062034 0.0052862 0.0042347 0.0031363 0.0020962 0.0012015 0.00052912 0.00014787 0 0 0 0 0 0 6.3659e-08 0 0 0 0 
255.5 0 0 0.0061443 0.011542 0.016207 0.026983 0.040756 0.055108 0.072368 0.092048 0.10973 0.1233 0.13455 0.14332 0.14909 0.15151 0.14774 0.13924 0.13016 0.12468 0.12459 0.12626 0.12936 0.13407 0.14048 0.15174 0.16667 0.18153 0.1926 0.19756 0.19889 0.19691 0.19176 0.18411 0.17342 0.16076 0.14838 0.13888 0.13333 0.12829 0.12348 0.11899 0.11495 0.11114 0.10739 0.10366 0.099901 0.096081 0.092183 0.088203 0.084268 0.08054 0.077096 0.073785 0.070489 0.067171 0.06372 0.059833 0.055764 0.051823 0.04826 0.045424 0.043496 0.042101 0.040786 0.039092 0.036851 0.034498 0.032074 0.029599 0.027117 0.024511 0.021364 0.018008 0.014867 0.012337 0.010755 0.0096852 0.00875 0.00789 0.0070564 0.0062053 0.0052884 0.0042366 0.0031376 0.0020969 0.0012017 0.00052921 0.00014815 0 0 0 0 0 0 6.4095e-08 0 0 0 0 
256 0 0 0.0061956 0.011541 0.016184 0.027009 0.040803 0.055131 0.072389 0.092088 0.10977 0.12333 0.13458 0.14335 0.14912 0.15153 0.14775 0.13925 0.13017 0.1247 0.12461 0.12629 0.1294 0.13412 0.14053 0.15179 0.16673 0.1816 0.19266 0.1976 0.19893 0.19693 0.19178 0.18412 0.17342 0.16074 0.14836 0.13887 0.13334 0.12832 0.12352 0.11904 0.115 0.11118 0.10742 0.10368 0.099918 0.096094 0.092191 0.088207 0.084266 0.080534 0.077092 0.073791 0.070507 0.067199 0.06375 0.059857 0.055782 0.051836 0.048272 0.045437 0.043511 0.042117 0.040803 0.039108 0.036863 0.034506 0.032078 0.0296 0.027115 0.024507 0.021361 0.018009 0.01487 0.01234 0.010756 0.009685 0.0087495 0.0078901 0.0070575 0.0062072 0.0052905 0.0042386 0.0031389 0.0020976 0.001202 0.00052929 0.00014844 0 0 0 0 0 0 6.4531e-08 0 0 0 0 
256.5 0 0 0.0062016 0.01154 0.01618 0.027014 0.040814 0.055144 0.072408 0.092119 0.10981 0.12337 0.13463 0.1434 0.14916 0.15158 0.1478 0.13929 0.1302 0.12472 0.12464 0.12632 0.12943 0.13415 0.14057 0.15183 0.16678 0.18165 0.19273 0.19769 0.19904 0.19706 0.19191 0.18426 0.17355 0.16088 0.14849 0.13899 0.13343 0.12839 0.12357 0.11907 0.11502 0.11119 0.10743 0.10369 0.099933 0.09611 0.092213 0.088237 0.084305 0.080577 0.077134 0.073828 0.070538 0.067225 0.063776 0.059884 0.055806 0.051857 0.04829 0.045455 0.043525 0.042125 0.040806 0.039109 0.036867 0.034511 0.032085 0.029609 0.027126 0.02452 0.021375 0.018022 0.014881 0.012348 0.010761 0.0096894 0.0087536 0.0078943 0.0070619 0.0062118 0.0052951 0.0042426 0.0031421 0.0020997 0.0012032 0.00052989 0.00014892 0 0 0 0 0 0 6.5862e-08 0 0 0 0 
257 0 0 0.0061983 0.01154 0.016181 0.027015 0.040818 0.055154 0.072427 0.092149 0.10985 0.12342 0.13468 0.14344 0.14921 0.15163 0.14785 0.13933 0.13024 0.12475 0.12467 0.12635 0.12945 0.13418 0.1406 0.15187 0.16682 0.18171 0.1928 0.19779 0.19916 0.1972 0.19206 0.18441 0.17372 0.16105 0.14866 0.13913 0.13354 0.12847 0.12361 0.11909 0.11504 0.1112 0.10744 0.1037 0.099947 0.096128 0.092237 0.088272 0.084351 0.08063 0.077186 0.073872 0.070571 0.06725 0.063801 0.05991 0.055832 0.05188 0.048311 0.045473 0.043538 0.042131 0.040807 0.039108 0.036868 0.034516 0.032093 0.029619 0.027139 0.024537 0.021392 0.018037 0.014893 0.012356 0.010767 0.0096946 0.0087585 0.0078992 0.007067 0.006217 0.0053002 0.0042472 0.0031456 0.0021021 0.0012046 0.0005306 0.00014945 0 0 0 0 0 0 6.7374e-08 0 0 0 0 
257.5 0 0 0.0061951 0.011539 0.016182 0.027016 0.040822 0.055165 0.072446 0.092179 0.10989 0.12346 0.13473 0.14349 0.14926 0.15168 0.14791 0.13938 0.13027 0.12478 0.1247 0.12638 0.12948 0.13421 0.14063 0.1519 0.16686 0.18176 0.19287 0.19788 0.19928 0.19734 0.19222 0.18457 0.17388 0.16122 0.14882 0.13927 0.13364 0.12854 0.12366 0.11912 0.11505 0.11121 0.10744 0.10371 0.099961 0.096145 0.092261 0.088307 0.084397 0.080682 0.077238 0.073916 0.070604 0.067275 0.063826 0.059937 0.055857 0.051902 0.048332 0.045491 0.043551 0.042138 0.040807 0.039107 0.036869 0.03452 0.032101 0.02963 0.027152 0.024553 0.02141 0.018052 0.014905 0.012365 0.010773 0.0096999 0.0087635 0.0079041 0.007072 0.0062221 0.0053053 0.0042517 0.0031491 0.0021045 0.001206 0.0005313 0.00014998 0 0 0 0 0 0 6.8886e-08 0 0 0 0 
258 0 0 0.0061922 0.011538 0.016183 0.027016 0.040825 0.055173 0.072462 0.092203 0.10992 0.1235 0.13476 0.14353 0.1493 0.15172 0.14795 0.13941 0.13029 0.12479 0.12471 0.1264 0.1295 0.13422 0.14066 0.15192 0.16689 0.1818 0.19293 0.19795 0.19937 0.19745 0.19234 0.18469 0.17402 0.16137 0.14896 0.13939 0.13373 0.1286 0.12369 0.11914 0.11506 0.11121 0.10744 0.10372 0.099967 0.096155 0.092277 0.088334 0.084434 0.080725 0.07728 0.073951 0.07063 0.067294 0.063845 0.059957 0.055877 0.051921 0.048348 0.045505 0.043561 0.042141 0.040806 0.039104 0.036869 0.034524 0.032107 0.02964 0.027165 0.024569 0.021426 0.018067 0.014917 0.012373 0.010778 0.0097048 0.0087681 0.0079086 0.0070766 0.0062268 0.0053099 0.0042559 0.0031524 0.0021068 0.0012074 0.00053202 0.00015047 0 0 0 0 0 0 7.0267e-08 0 0 0 0 
258.5 0 0 0.0061948 0.011541 0.016187 0.027017 0.040817 0.055155 0.072423 0.092136 0.10983 0.12339 0.13464 0.14339 0.14914 0.15156 0.14778 0.13925 0.13015 0.12466 0.12458 0.12627 0.12937 0.13409 0.14051 0.15177 0.16672 0.1816 0.1927 0.1977 0.19909 0.19715 0.19203 0.18439 0.17373 0.1611 0.14872 0.13917 0.13353 0.12841 0.12351 0.11897 0.1149 0.11107 0.10731 0.1036 0.099861 0.09605 0.092169 0.088221 0.084318 0.080612 0.077173 0.073852 0.070539 0.06721 0.063765 0.059884 0.055814 0.051868 0.048302 0.045462 0.043518 0.042102 0.040772 0.039078 0.03685 0.03451 0.032098 0.029634 0.027163 0.024571 0.021429 0.018069 0.014916 0.012371 0.010776 0.0097044 0.0087676 0.0079073 0.0070742 0.0062239 0.0053074 0.0042544 0.0031521 0.0021074 0.0012085 0.00053301 0.00015041 0 0 0 0 0 0 6.9596e-08 0 0 0 0 
259 0 0 0.0061974 0.011544 0.016192 0.027017 0.04081 0.055137 0.072384 0.092068 0.10974 0.12328 0.13451 0.14325 0.14899 0.1514 0.14762 0.1391 0.13 0.12453 0.12446 0.12614 0.12924 0.13395 0.14037 0.15161 0.16654 0.1814 0.19247 0.19744 0.19881 0.19685 0.19173 0.18409 0.17344 0.16084 0.14848 0.13896 0.13332 0.12822 0.12334 0.1188 0.11475 0.11093 0.10718 0.10349 0.099755 0.095945 0.092061 0.088108 0.084203 0.080499 0.077066 0.073753 0.070449 0.067126 0.063685 0.05981 0.05575 0.051815 0.048257 0.045418 0.043476 0.042063 0.040739 0.039053 0.036832 0.034496 0.032089 0.029628 0.027161 0.024573 0.021433 0.018071 0.014916 0.012368 0.010774 0.009704 0.0087671 0.0079059 0.0070719 0.0062209 0.0053049 0.0042529 0.0031518 0.0021081 0.0012097 0.00053401 0.00015036 0 0 0 0 0 0 6.8926e-08 0 0 0 0 
259.5 0 0 0.0062 0.011547 0.016196 0.027018 0.040802 0.055119 0.072344 0.092 0.10964 0.12317 0.13438 0.1431 0.14884 0.15123 0.14745 0.13894 0.12986 0.1244 0.12433 0.12601 0.12911 0.13382 0.14022 0.15146 0.16636 0.18119 0.19224 0.19718 0.19852 0.19655 0.19142 0.18378 0.17315 0.16058 0.14825 0.13874 0.13312 0.12802 0.12316 0.11864 0.11459 0.11078 0.10705 0.10337 0.099649 0.09584 0.091952 0.087996 0.084088 0.080385 0.076958 0.073654 0.070358 0.067042 0.063605 0.059736 0.055686 0.051762 0.048211 0.045374 0.043433 0.042023 0.040706 0.039027 0.036813 0.034483 0.032079 0.029622 0.027158 0.024575 0.021436 0.018073 0.014915 0.012366 0.010772 0.0097036 0.0087666 0.0079045 0.0070695 0.006218 0.0053024 0.0042515 0.0031515 0.0021087 0.0012108 0.000535 0.0001503 0 0 0 0 0 0 6.8255e-08 0 0 0 0 
260 0 0 0.0062011 0.011547 0.016196 0.027012 0.040791 0.055099 0.072306 0.091939 0.10956 0.12308 0.13429 0.143 0.14873 0.15113 0.14735 0.13884 0.12977 0.12431 0.12424 0.12592 0.12902 0.13372 0.14012 0.15134 0.16624 0.18105 0.19207 0.197 0.19833 0.19634 0.1912 0.18357 0.17296 0.1604 0.14809 0.1386 0.13299 0.1279 0.12304 0.11852 0.11448 0.11068 0.10696 0.10328 0.099567 0.095759 0.09187 0.087912 0.084004 0.080303 0.07688 0.073581 0.07029 0.066978 0.063544 0.059681 0.055637 0.051719 0.048172 0.045337 0.043398 0.041993 0.040681 0.039008 0.036797 0.03447 0.032069 0.029613 0.027151 0.02457 0.021434 0.018072 0.014914 0.012365 0.010771 0.009703 0.008766 0.0079038 0.0070686 0.0062171 0.0053018 0.0042515 0.0031519 0.0021095 0.0012117 0.00053567 0.00015043 0 0 0 0 0 0 6.7919e-08 0 0 0 0 
260.5 0 0 0.0061984 0.011539 0.016182 0.026992 0.04077 0.055073 0.072269 0.091894 0.10952 0.12304 0.13427 0.143 0.14876 0.15117 0.1474 0.13889 0.12981 0.12435 0.12428 0.12595 0.12903 0.13372 0.14011 0.15134 0.16623 0.18105 0.19207 0.197 0.19833 0.19636 0.19122 0.18359 0.17298 0.16042 0.14812 0.13863 0.13302 0.12792 0.12306 0.11854 0.1145 0.11069 0.10695 0.10327 0.099547 0.09574 0.091855 0.087902 0.083997 0.080297 0.076873 0.073571 0.070277 0.066964 0.063532 0.05967 0.055624 0.051701 0.04815 0.045315 0.043383 0.041985 0.040678 0.039006 0.036792 0.034461 0.032055 0.029595 0.027129 0.024547 0.021417 0.018063 0.014914 0.012368 0.010772 0.0097018 0.0087652 0.0079046 0.0070713 0.0062212 0.0053061 0.0042551 0.0031543 0.0021106 0.0012119 0.00053554 0.00015101 0 0 0 0 0 0 6.8416e-08 0 0 0 0 
261 0 0 0.0061957 0.011531 0.016168 0.026972 0.040749 0.055047 0.072233 0.091849 0.10947 0.123 0.13424 0.143 0.14878 0.15121 0.14745 0.13894 0.12986 0.12439 0.12431 0.12597 0.12904 0.13373 0.14011 0.15133 0.16623 0.18105 0.19208 0.197 0.19834 0.19637 0.19124 0.18362 0.173 0.16045 0.14815 0.13867 0.13305 0.12795 0.12308 0.11856 0.11451 0.11069 0.10695 0.10325 0.099527 0.095721 0.09184 0.087891 0.083991 0.080292 0.076866 0.073561 0.070264 0.06695 0.06352 0.05966 0.055611 0.051683 0.048128 0.045293 0.043367 0.041978 0.040675 0.039004 0.036786 0.034451 0.032042 0.029578 0.027108 0.024524 0.021399 0.018055 0.014913 0.012372 0.010773 0.0097006 0.0087644 0.0079053 0.0070739 0.0062253 0.0053105 0.0042588 0.0031568 0.0021117 0.001212 0.00053541 0.00015159 0 0 0 0 0 0 6.8912e-08 0 0 0 0 
261.5 0 0 0.006193 0.011523 0.016154 0.026953 0.040728 0.055021 0.072197 0.091804 0.10943 0.12296 0.13422 0.143 0.1488 0.15125 0.1475 0.13899 0.1299 0.12442 0.12434 0.126 0.12906 0.13373 0.14011 0.15133 0.16623 0.18105 0.19208 0.19701 0.19835 0.19639 0.19126 0.18364 0.17303 0.16048 0.14818 0.1387 0.13308 0.12798 0.1231 0.11857 0.11452 0.11069 0.10694 0.10324 0.099507 0.095701 0.091824 0.087881 0.083984 0.080286 0.076859 0.073552 0.07025 0.066936 0.063508 0.059649 0.055598 0.051665 0.048107 0.045271 0.043352 0.04197 0.040672 0.039002 0.03678 0.034442 0.032028 0.02956 0.027087 0.024501 0.021382 0.018046 0.014912 0.012375 0.010774 0.0096994 0.0087635 0.0079061 0.0070766 0.0062293 0.0053148 0.0042624 0.0031592 0.0021129 0.0012122 0.00053528 0.00015217 0 0 0 0 0 0 6.9408e-08 0 0 0 0 
262 0 0 0.0061651 0.011518 0.016154 0.026922 0.040685 0.054986 0.072158 0.091754 0.10938 0.12292 0.13419 0.14299 0.1488 0.15126 0.14751 0.13901 0.12991 0.12443 0.12434 0.12599 0.12905 0.13371 0.14008 0.15131 0.16621 0.18104 0.19207 0.197 0.19835 0.19639 0.19127 0.18364 0.17303 0.16048 0.14818 0.1387 0.13309 0.12799 0.12312 0.11859 0.11453 0.1107 0.10694 0.10324 0.099504 0.095698 0.091822 0.087879 0.083981 0.080282 0.076857 0.073554 0.070257 0.066946 0.063521 0.059661 0.055605 0.051668 0.048107 0.045271 0.043354 0.041975 0.040682 0.039014 0.036791 0.034451 0.032036 0.029567 0.027091 0.024506 0.021387 0.018052 0.014918 0.012379 0.010776 0.0097 0.0087642 0.0079073 0.0070785 0.0062318 0.0053176 0.0042651 0.0031614 0.0021144 0.0012131 0.00053576 0.00015265 0 0 0 0 0 0 7.0165e-08 0 0 0 0 
262.5 0 0 0.0061134 0.011516 0.016167 0.026881 0.040621 0.054943 0.072119 0.091699 0.10932 0.12288 0.13415 0.14295 0.14877 0.15124 0.1475 0.139 0.1299 0.12441 0.12432 0.12596 0.12901 0.13367 0.14004 0.15126 0.16618 0.18102 0.19206 0.19699 0.19834 0.19637 0.19125 0.18363 0.17301 0.16046 0.14815 0.13868 0.13307 0.12798 0.12312 0.1186 0.11455 0.11071 0.10696 0.10325 0.099518 0.095711 0.091831 0.087883 0.083982 0.080281 0.07686 0.073567 0.070282 0.06698 0.063557 0.059693 0.055632 0.05169 0.048127 0.045292 0.043373 0.041994 0.040703 0.039039 0.036818 0.034478 0.032064 0.029596 0.027121 0.024536 0.021414 0.018072 0.01493 0.012384 0.010777 0.0097023 0.0087664 0.0079089 0.0070796 0.0062327 0.0053188 0.0042668 0.0031634 0.0021163 0.0012147 0.00053684 0.00015302 0 0 0 0 0 0 7.117e-08 0 0 0 0 
263 0 0 0.0060617 0.011513 0.01618 0.02684 0.040557 0.0549 0.072079 0.091644 0.10927 0.12283 0.13411 0.14292 0.14874 0.15122 0.14749 0.13898 0.12988 0.12439 0.12429 0.12593 0.12898 0.13363 0.14 0.15122 0.16615 0.181 0.19204 0.19698 0.19832 0.19636 0.19124 0.18362 0.173 0.16043 0.14813 0.13865 0.13305 0.12798 0.12312 0.11861 0.11456 0.11073 0.10697 0.10327 0.099532 0.095724 0.091841 0.087888 0.083982 0.08028 0.076863 0.07358 0.070307 0.067014 0.063594 0.059725 0.055658 0.051713 0.048148 0.045312 0.043391 0.042012 0.040725 0.039064 0.036845 0.034505 0.032092 0.029625 0.027151 0.024566 0.021441 0.018092 0.014942 0.012389 0.010779 0.0097047 0.0087685 0.0079106 0.0070807 0.0062335 0.00532 0.0042686 0.0031654 0.0021182 0.0012162 0.00053791 0.0001534 0 0 0 0 0 0 7.2175e-08 0 0 0 0 
263.5 0 0 0.00601 0.01151 0.016194 0.0268 0.040493 0.054857 0.072039 0.091589 0.10922 0.12279 0.13407 0.14288 0.14872 0.1512 0.14748 0.13897 0.12987 0.12437 0.12427 0.1259 0.12894 0.13359 0.13996 0.15118 0.16611 0.18098 0.19203 0.19696 0.19831 0.19635 0.19123 0.1836 0.17298 0.16041 0.1481 0.13862 0.13304 0.12797 0.12313 0.11862 0.11457 0.11074 0.10699 0.10328 0.099546 0.095736 0.09185 0.087893 0.083982 0.080278 0.076866 0.073593 0.070332 0.067048 0.06363 0.059757 0.055685 0.051736 0.048169 0.045333 0.04341 0.042031 0.040746 0.039088 0.036871 0.034532 0.03212 0.029654 0.027181 0.024597 0.021468 0.018112 0.014953 0.012394 0.010781 0.009707 0.0087706 0.0079122 0.0070819 0.0062344 0.0053212 0.0042703 0.0031674 0.0021201 0.0012178 0.00053899 0.00015378 0 0 0 0 0 0 7.3179e-08 0 0 0 0 
264 0 0 0.0059946 0.011505 0.01619 0.026778 0.040462 0.054828 0.072007 0.09155 0.10918 0.12275 0.13403 0.14284 0.14867 0.15116 0.14744 0.13894 0.12984 0.12434 0.12424 0.12588 0.12891 0.13356 0.13992 0.15114 0.16605 0.1809 0.19196 0.1969 0.19826 0.1963 0.19118 0.18356 0.17296 0.1604 0.1481 0.13861 0.13303 0.12796 0.12313 0.11864 0.11459 0.11077 0.10702 0.10332 0.09959 0.095781 0.091889 0.087921 0.083999 0.080292 0.076883 0.07361 0.070347 0.067062 0.063648 0.059776 0.055692 0.051727 0.048161 0.045345 0.043436 0.042053 0.040753 0.039086 0.036869 0.034533 0.032122 0.029656 0.027184 0.024601 0.021474 0.018119 0.014961 0.012402 0.010788 0.0097136 0.0087759 0.0079156 0.0070836 0.0062351 0.0053218 0.0042716 0.0031694 0.0021229 0.0012208 0.00054115 0.00015389 0 0 0 0 0 0 7.383e-08 0 0 0 0 
264.5 0 0 0.0059918 0.0115 0.016181 0.026763 0.040442 0.054803 0.071977 0.091518 0.10914 0.12271 0.13398 0.14279 0.14862 0.15111 0.1474 0.13891 0.1298 0.12431 0.12422 0.12585 0.12888 0.13353 0.1399 0.15109 0.16598 0.18081 0.19187 0.19682 0.19819 0.19624 0.19112 0.18351 0.17293 0.1604 0.1481 0.13862 0.13303 0.12796 0.12313 0.11865 0.11461 0.11079 0.10706 0.10337 0.099645 0.095837 0.091939 0.087957 0.084022 0.080312 0.076904 0.073628 0.070357 0.067068 0.063658 0.059789 0.055692 0.051706 0.048144 0.045353 0.043465 0.042078 0.040755 0.039074 0.036857 0.034525 0.032116 0.029649 0.027177 0.024597 0.021474 0.018123 0.014968 0.01241 0.010797 0.0097218 0.0087822 0.0079197 0.0070856 0.0062357 0.0053221 0.0042726 0.0031715 0.002126 0.0012242 0.00054368 0.00015392 0 0 0 0 0 0 7.4356e-08 0 0 0 0 
265 0 0 0.0059891 0.011494 0.016171 0.026748 0.040423 0.054779 0.071947 0.091485 0.10911 0.12267 0.13394 0.14274 0.14857 0.15106 0.14736 0.13887 0.12977 0.12428 0.12419 0.12583 0.12885 0.1335 0.13987 0.15105 0.16591 0.18072 0.19178 0.19675 0.19812 0.19618 0.19106 0.18346 0.1729 0.16039 0.14811 0.13862 0.13302 0.12795 0.12314 0.11866 0.11463 0.11082 0.1071 0.10342 0.0997 0.095892 0.091988 0.087993 0.084045 0.080332 0.076925 0.073646 0.070368 0.067075 0.063669 0.059803 0.055693 0.051686 0.048127 0.045361 0.043494 0.042102 0.040756 0.039062 0.036844 0.034517 0.032109 0.029642 0.02717 0.024592 0.021474 0.018127 0.014975 0.012418 0.010805 0.0097299 0.0087885 0.0079237 0.0070876 0.0062363 0.0053224 0.0042736 0.0031736 0.002129 0.0012276 0.00054622 0.00015394 0 0 0 0 0 0 7.4883e-08 0 0 0 0 
265.5 0 0 0.0059863 0.011489 0.016162 0.026734 0.040403 0.054754 0.071918 0.091452 0.10907 0.12263 0.13389 0.14269 0.14851 0.15101 0.14732 0.13883 0.12973 0.12425 0.12416 0.1258 0.12882 0.13347 0.13984 0.151 0.16584 0.18063 0.19169 0.19667 0.19805 0.19611 0.191 0.18341 0.17288 0.16039 0.14812 0.13862 0.13302 0.12795 0.12314 0.11867 0.11465 0.11085 0.10713 0.10347 0.099755 0.095948 0.092038 0.088029 0.084068 0.080351 0.076946 0.073664 0.070379 0.067081 0.06368 0.059816 0.055693 0.051666 0.04811 0.045369 0.043523 0.042126 0.040758 0.039049 0.036832 0.034508 0.032102 0.029635 0.027163 0.024588 0.021474 0.018131 0.014982 0.012426 0.010813 0.009738 0.0087948 0.0079278 0.0070896 0.0062369 0.0053227 0.0042746 0.0031757 0.0021321 0.001231 0.00054875 0.00015397 0 0 0 0 0 0 7.541e-08 0 0 0 0 
266 0 0 0.0059901 0.011494 0.01617 0.026747 0.04042 0.054775 0.071947 0.091492 0.10912 0.12267 0.13392 0.1427 0.14852 0.151 0.1473 0.13881 0.12971 0.12422 0.12414 0.12579 0.12881 0.13347 0.13985 0.15102 0.16586 0.18066 0.19173 0.1967 0.19808 0.19613 0.19101 0.18341 0.17288 0.16039 0.14812 0.13862 0.13302 0.12795 0.12313 0.11866 0.11464 0.11084 0.10712 0.10345 0.099735 0.095928 0.092019 0.088013 0.084052 0.080336 0.076927 0.073639 0.070346 0.067042 0.063638 0.059778 0.05566 0.051638 0.048083 0.04534 0.043495 0.042099 0.040734 0.03903 0.036816 0.034496 0.032093 0.029629 0.027159 0.024586 0.021473 0.01813 0.014979 0.012422 0.010808 0.0097329 0.0087908 0.0079253 0.0070887 0.0062373 0.0053237 0.0042755 0.003176 0.0021317 0.0012302 0.00054814 0.00015452 0 0 0 0 0 0 7.6068e-08 0 0 0 0 
266.5 0 0 0.0059942 0.0115 0.016178 0.026762 0.040438 0.054798 0.071979 0.091535 0.10917 0.12272 0.13395 0.14272 0.14852 0.15099 0.14729 0.1388 0.12969 0.1242 0.12413 0.12578 0.12881 0.13348 0.13986 0.15103 0.16588 0.18069 0.19176 0.19674 0.19811 0.19615 0.19102 0.18342 0.17288 0.1604 0.14813 0.13863 0.13302 0.12795 0.12313 0.11866 0.11463 0.11083 0.1071 0.10343 0.099713 0.095906 0.091999 0.087994 0.084036 0.080319 0.076907 0.073612 0.070311 0.067001 0.063594 0.059737 0.055626 0.05161 0.048057 0.045311 0.043464 0.04207 0.040709 0.039009 0.0368 0.034484 0.032084 0.029623 0.027155 0.024585 0.021473 0.018129 0.014977 0.012418 0.010803 0.0097275 0.0087865 0.0079227 0.0070878 0.0062376 0.0053247 0.0042764 0.0031762 0.0021311 0.0012292 0.00054743 0.0001551 0 0 0 0 0 0 7.673e-08 0 0 0 0 
267 0 0 0.0059983 0.011506 0.016186 0.026776 0.040456 0.054821 0.072011 0.091577 0.10921 0.12276 0.13399 0.14274 0.14852 0.15098 0.14727 0.13878 0.12968 0.12418 0.12411 0.12577 0.12881 0.13349 0.13988 0.15105 0.1659 0.18072 0.1918 0.19678 0.19814 0.19617 0.19103 0.18342 0.17288 0.1604 0.14813 0.13863 0.13302 0.12794 0.12313 0.11865 0.11462 0.11081 0.10709 0.10341 0.09969 0.095884 0.091978 0.087976 0.084019 0.080303 0.076887 0.073585 0.070277 0.06696 0.06355 0.059697 0.055592 0.051582 0.048031 0.045281 0.043433 0.042042 0.040684 0.038989 0.036784 0.034471 0.032075 0.029616 0.027151 0.024583 0.021472 0.018128 0.014975 0.012414 0.010797 0.009722 0.0087822 0.0079201 0.0070868 0.006238 0.0053257 0.0042772 0.0031764 0.0021306 0.0012282 0.00054672 0.00015567 0 0 0 0 0 0 7.7392e-08 0 0 0 0 
267.5 0 0 0.0060105 0.01151 0.016188 0.026792 0.040478 0.054843 0.072038 0.091616 0.10926 0.1228 0.13402 0.14276 0.14853 0.15098 0.14727 0.13877 0.12967 0.12417 0.1241 0.12577 0.12882 0.1335 0.1399 0.15107 0.16593 0.18076 0.19185 0.19682 0.19817 0.1962 0.19105 0.18343 0.17289 0.16041 0.14814 0.13864 0.13302 0.12795 0.12313 0.11865 0.11462 0.11081 0.10707 0.10338 0.099661 0.095855 0.091952 0.087953 0.083998 0.080281 0.076863 0.073558 0.070246 0.066926 0.063515 0.059664 0.055564 0.051559 0.04801 0.045258 0.043411 0.042021 0.040668 0.038977 0.036774 0.034464 0.032069 0.029612 0.027148 0.024582 0.021472 0.018128 0.014974 0.012412 0.010793 0.0097179 0.0087789 0.0079181 0.0070864 0.0062388 0.005327 0.0042784 0.0031769 0.0021305 0.0012277 0.00054629 0.00015619 0 0 0 0 0 0 7.8018e-08 0 0 0 0 
268 0 0 0.006056 0.011505 0.016165 0.026815 0.040518 0.054858 0.07205 0.091641 0.10928 0.12282 0.13405 0.14279 0.14857 0.15103 0.14731 0.13881 0.1297 0.1242 0.12414 0.12581 0.12887 0.13355 0.13994 0.15112 0.16599 0.18082 0.1919 0.19687 0.19822 0.19625 0.19109 0.18347 0.17293 0.16044 0.14816 0.13866 0.13306 0.12799 0.12317 0.11868 0.11464 0.11082 0.10706 0.10335 0.099605 0.0958 0.091905 0.087912 0.083959 0.080241 0.076825 0.073528 0.070227 0.066917 0.063512 0.059664 0.055565 0.05156 0.048011 0.045263 0.043419 0.042034 0.040684 0.038994 0.036789 0.034476 0.032079 0.029618 0.027151 0.024583 0.021474 0.018132 0.01498 0.012418 0.010796 0.0097197 0.0087799 0.0079192 0.007088 0.006241 0.0053295 0.0042807 0.0031788 0.0021319 0.0012288 0.00054702 0.00015649 0 0 0 0 0 0 7.849e-08 0 0 0 0 
268.5 0 0 0.0061016 0.0115 0.016141 0.026838 0.040559 0.054874 0.072061 0.091666 0.1093 0.12284 0.13407 0.14283 0.14861 0.15107 0.14735 0.13884 0.12973 0.12424 0.12417 0.12585 0.12891 0.1336 0.13999 0.15117 0.16605 0.18088 0.19196 0.19692 0.19827 0.19629 0.19114 0.18351 0.17296 0.16046 0.14818 0.13868 0.13309 0.12803 0.12321 0.11871 0.11466 0.11083 0.10705 0.10331 0.099549 0.095744 0.091858 0.087871 0.08392 0.0802 0.076786 0.073498 0.070208 0.066908 0.06351 0.059664 0.055566 0.05156 0.048013 0.045267 0.043428 0.042047 0.0407 0.039011 0.036805 0.034489 0.032088 0.029624 0.027153 0.024584 0.021476 0.018136 0.014986 0.012424 0.0108 0.0097215 0.0087809 0.0079202 0.0070896 0.0062432 0.0053319 0.0042829 0.0031806 0.0021334 0.0012299 0.00054774 0.00015679 0 0 0 0 0 0 7.8963e-08 0 0 0 0 
269 0 0 0.0061472 0.011495 0.016118 0.026862 0.040599 0.054889 0.072073 0.09169 0.10932 0.12286 0.1341 0.14286 0.14865 0.15111 0.14739 0.13887 0.12976 0.12427 0.12421 0.12589 0.12896 0.13364 0.14003 0.15122 0.16611 0.18094 0.19202 0.19698 0.19832 0.19634 0.19119 0.18355 0.17299 0.16048 0.1482 0.13871 0.13313 0.12807 0.12324 0.11874 0.11468 0.11084 0.10704 0.10327 0.099493 0.095689 0.09181 0.087829 0.083881 0.08016 0.076747 0.073468 0.070189 0.0669 0.063508 0.059665 0.055566 0.051561 0.048014 0.045271 0.043437 0.04206 0.040716 0.039028 0.03682 0.034502 0.032098 0.02963 0.027156 0.024584 0.021478 0.01814 0.014991 0.012429 0.010803 0.0097233 0.0087818 0.0079212 0.0070912 0.0062455 0.0053344 0.0042852 0.0031825 0.0021349 0.001231 0.00054847 0.00015709 0 0 0 0 0 0 7.9435e-08 0 0 0 0 
269.5 0 0 0.0061726 0.011491 0.016103 0.026873 0.040619 0.054895 0.072075 0.091699 0.10933 0.12286 0.13411 0.14287 0.14866 0.15113 0.1474 0.13889 0.12977 0.12428 0.12422 0.1259 0.12897 0.13366 0.14004 0.15124 0.16613 0.18098 0.19205 0.19701 0.19836 0.19637 0.19122 0.18358 0.17301 0.1605 0.14822 0.13873 0.13315 0.12809 0.12327 0.11876 0.1147 0.11085 0.10705 0.10327 0.099484 0.095681 0.091806 0.087828 0.083881 0.080159 0.076746 0.073466 0.070186 0.066897 0.063505 0.059666 0.055572 0.051569 0.048023 0.045279 0.043443 0.042067 0.040723 0.039034 0.036824 0.034504 0.032098 0.029628 0.027152 0.02458 0.021475 0.01814 0.014994 0.012432 0.010804 0.0097224 0.0087808 0.0079208 0.0070919 0.006247 0.0053363 0.0042871 0.0031839 0.0021358 0.0012315 0.0005487 0.00015743 0 0 0 0 0 0 7.9907e-08 0 0 0 0 
270 0 0 0.0061705 0.011488 0.0161 0.026867 0.040611 0.054886 0.072064 0.091686 0.10931 0.12284 0.13409 0.14286 0.14865 0.15111 0.14738 0.13887 0.12976 0.12427 0.1242 0.12588 0.12894 0.13363 0.14002 0.15122 0.16612 0.18096 0.19205 0.19701 0.19836 0.19638 0.19123 0.1836 0.17303 0.16051 0.14823 0.13874 0.13316 0.12809 0.12327 0.11877 0.11472 0.11088 0.10709 0.10332 0.09954 0.095738 0.091862 0.087882 0.083934 0.080213 0.076795 0.073502 0.070205 0.066901 0.063503 0.059668 0.055583 0.051588 0.048043 0.04529 0.043447 0.042065 0.040716 0.039024 0.036813 0.034493 0.032085 0.029615 0.027139 0.024568 0.021467 0.018136 0.014991 0.01243 0.0108 0.0097179 0.008777 0.0079185 0.0070912 0.0062477 0.0053377 0.0042884 0.0031846 0.0021358 0.001231 0.00054825 0.00015784 0 0 0 0 0 0 8.0379e-08 0 0 0 0 
270.5 0 0 0.0061684 0.011485 0.016096 0.026862 0.040604 0.054877 0.072053 0.091672 0.1093 0.12283 0.13407 0.14284 0.14863 0.15109 0.14736 0.13885 0.12974 0.12425 0.12418 0.12585 0.12891 0.1336 0.14 0.15121 0.1661 0.18095 0.19205 0.19702 0.19837 0.19639 0.19124 0.18361 0.17304 0.16052 0.14824 0.13875 0.13316 0.1281 0.12327 0.11877 0.11473 0.1109 0.10712 0.10336 0.099596 0.095795 0.091918 0.087936 0.083986 0.080267 0.076845 0.073538 0.070224 0.066906 0.063501 0.059671 0.055595 0.051607 0.048063 0.045302 0.043451 0.042062 0.040708 0.039015 0.036803 0.034481 0.032073 0.029602 0.027126 0.024557 0.021459 0.018131 0.014989 0.012428 0.010796 0.0097134 0.0087732 0.0079162 0.0070906 0.0062484 0.005339 0.0042897 0.0031854 0.0021359 0.0012306 0.0005478 0.00015825 0 0 0 0 0 0 8.0851e-08 0 0 0 0 
271 0 0 0.0061664 0.011482 0.016093 0.026856 0.040596 0.054869 0.072043 0.091659 0.10928 0.12281 0.13405 0.14282 0.14861 0.15107 0.14734 0.13883 0.12972 0.12424 0.12416 0.12583 0.12888 0.13357 0.13997 0.15119 0.16609 0.18094 0.19205 0.19702 0.19838 0.1964 0.19125 0.18363 0.17305 0.16053 0.14825 0.13876 0.13317 0.1281 0.12327 0.11878 0.11474 0.11093 0.10716 0.10341 0.099652 0.095852 0.091974 0.087989 0.084038 0.08032 0.076894 0.073574 0.070243 0.06691 0.063499 0.059673 0.055606 0.051626 0.048082 0.045313 0.043455 0.04206 0.040701 0.039005 0.036792 0.034469 0.032061 0.029589 0.027113 0.024546 0.021451 0.018126 0.014987 0.012427 0.010792 0.0097088 0.0087694 0.0079139 0.0070899 0.0062491 0.0053403 0.004291 0.0031862 0.0021359 0.0012301 0.00054735 0.00015866 0 0 0 0 0 0 8.1323e-08 0 0 0 0 
271.5 0 0 0.0061341 0.011482 0.016103 0.026829 0.04055 0.054831 0.071999 0.091597 0.10921 0.12273 0.13396 0.14273 0.14851 0.15091 0.14715 0.13872 0.12973 0.12425 0.12411 0.12574 0.1288 0.13348 0.13987 0.15109 0.16599 0.18085 0.19196 0.19693 0.19827 0.19629 0.19114 0.18352 0.17295 0.16044 0.14817 0.13869 0.1331 0.12804 0.12321 0.11872 0.11469 0.11088 0.10713 0.10339 0.099632 0.095834 0.091952 0.087963 0.084008 0.080291 0.076869 0.073553 0.070225 0.066895 0.063487 0.059666 0.055602 0.051624 0.048082 0.045315 0.043458 0.042063 0.040705 0.03901 0.0368 0.03448 0.032073 0.029602 0.027128 0.024562 0.021467 0.018139 0.014997 0.012434 0.0108 0.0097169 0.0087763 0.0079186 0.0070921 0.0062495 0.0053404 0.004292 0.0031885 0.0021391 0.0012334 0.00054981 0.00015884 0 0 0 0 0 0 8.1645e-08 0 0 0 0 
272 0 0 0.0060856 0.011483 0.016119 0.026789 0.040483 0.054778 0.071938 0.09151 0.10912 0.12262 0.13383 0.14259 0.14837 0.15068 0.14686 0.13856 0.12973 0.12427 0.12404 0.12563 0.12869 0.13337 0.13974 0.15094 0.16585 0.18072 0.19183 0.19678 0.19812 0.19612 0.19097 0.18334 0.17279 0.16031 0.14805 0.13857 0.13299 0.12793 0.12312 0.11863 0.1146 0.1108 0.10706 0.10332 0.09957 0.095774 0.09189 0.087895 0.083934 0.080217 0.076803 0.073501 0.070187 0.06687 0.063471 0.059653 0.055589 0.05161 0.048071 0.045311 0.04346 0.042069 0.040713 0.039023 0.036818 0.034503 0.032099 0.02963 0.027157 0.024592 0.021494 0.018162 0.015013 0.012447 0.010813 0.0097317 0.008789 0.0079271 0.0070959 0.0062497 0.0053399 0.004293 0.0031916 0.002144 0.0012389 0.00055383 0.0001589 0 0 0 0 0 0 8.1887e-08 0 0 0 0 
272.5 0 0 0.006037 0.011485 0.016135 0.02675 0.040415 0.054724 0.071876 0.091423 0.10902 0.12251 0.13369 0.14246 0.14822 0.15045 0.14657 0.13839 0.12974 0.12429 0.12397 0.12551 0.12857 0.13325 0.1396 0.15079 0.16571 0.1806 0.1917 0.19664 0.19796 0.19595 0.19079 0.18316 0.17263 0.16017 0.14793 0.13846 0.13288 0.12783 0.12302 0.11854 0.11451 0.11072 0.10698 0.10326 0.099509 0.095714 0.091827 0.087826 0.08386 0.080143 0.076738 0.073449 0.07015 0.066844 0.063454 0.059641 0.055576 0.051596 0.048059 0.045307 0.043462 0.042075 0.040722 0.039037 0.036837 0.034526 0.032125 0.029658 0.027186 0.024622 0.021522 0.018184 0.01503 0.01246 0.010826 0.0097465 0.0088017 0.0079355 0.0070997 0.00625 0.0053393 0.0042939 0.0031947 0.0021489 0.0012443 0.00055784 0.00015896 0 0 0 0 0 0 8.2129e-08 0 0 0 0 
273 0 0 0.0059885 0.011486 0.016152 0.026711 0.040348 0.054671 0.071815 0.091336 0.10892 0.1224 0.13356 0.14232 0.14808 0.15022 0.14628 0.13823 0.12975 0.12431 0.1239 0.1254 0.12846 0.13314 0.13946 0.15064 0.16557 0.18047 0.19157 0.19649 0.1978 0.19579 0.19061 0.18299 0.17247 0.16003 0.14781 0.13835 0.13277 0.12773 0.12293 0.11844 0.11442 0.11064 0.10691 0.10319 0.099448 0.095655 0.091765 0.087757 0.083785 0.080069 0.076673 0.073397 0.070112 0.066819 0.063438 0.059628 0.055563 0.051582 0.048048 0.045303 0.043464 0.042081 0.040731 0.03905 0.036856 0.034549 0.032151 0.029686 0.027215 0.024652 0.02155 0.018207 0.015047 0.012472 0.010839 0.0097613 0.0088144 0.007944 0.0071035 0.0062502 0.0053387 0.0042948 0.0031979 0.0021538 0.0012497 0.00056186 0.00015901 0 0 0 0 0 0 8.2371e-08 0 0 0 0 
273.5 0 0 0.0059798 0.011481 0.016146 0.026696 0.04033 0.054654 0.071797 0.091316 0.1089 0.12238 0.13355 0.14232 0.14809 0.15023 0.14629 0.13825 0.1298 0.12436 0.12394 0.12544 0.12851 0.13319 0.1395 0.15066 0.16558 0.18046 0.19156 0.19648 0.19779 0.19579 0.19062 0.183 0.17248 0.16004 0.14781 0.13835 0.13277 0.12773 0.12292 0.11844 0.11441 0.11063 0.1069 0.10317 0.09943 0.095635 0.091742 0.087731 0.083756 0.080037 0.076647 0.073386 0.070117 0.066838 0.063465 0.059651 0.055577 0.051585 0.048049 0.04531 0.043474 0.042091 0.040739 0.039056 0.036858 0.034548 0.032148 0.029681 0.027208 0.024644 0.021545 0.018205 0.015048 0.012473 0.010835 0.0097551 0.0088096 0.0079426 0.0071059 0.0062555 0.0053446 0.0042991 0.0031996 0.002153 0.0012473 0.00055962 0.00015958 0 0 0 0 0 0 8.3088e-08 0 0 0 0 
274 0 0 0.0059766 0.011475 0.016137 0.026684 0.040318 0.054643 0.071786 0.091304 0.1089 0.12238 0.13355 0.14234 0.14812 0.15027 0.14633 0.1383 0.12984 0.12441 0.124 0.12551 0.12859 0.13326 0.13957 0.15071 0.16561 0.18048 0.19156 0.19649 0.19781 0.19581 0.19065 0.18303 0.17251 0.16006 0.14783 0.13836 0.13278 0.12774 0.12293 0.11844 0.11441 0.11062 0.10689 0.10316 0.099418 0.095621 0.091725 0.08771 0.083732 0.080012 0.076627 0.07338 0.070128 0.066864 0.063497 0.059679 0.055594 0.051592 0.048053 0.045318 0.043485 0.042101 0.040747 0.03906 0.036859 0.034545 0.032141 0.029671 0.027195 0.024631 0.021535 0.0182 0.015047 0.012472 0.010829 0.0097461 0.0088024 0.0079399 0.0071082 0.0062614 0.0053514 0.0043039 0.0032011 0.0021514 0.0012438 0.00055653 0.00016021 0 0 0 0 0 0 8.387e-08 0 0 0 0 
274.5 0 0 0.0059733 0.011468 0.016128 0.026672 0.040306 0.054631 0.071774 0.091293 0.10889 0.12237 0.13356 0.14235 0.14815 0.15031 0.14638 0.13834 0.12989 0.12446 0.12406 0.12557 0.12866 0.13333 0.13963 0.15076 0.16564 0.18049 0.19156 0.19649 0.19782 0.19584 0.19068 0.18306 0.17254 0.16009 0.14785 0.13838 0.1328 0.12775 0.12293 0.11844 0.11441 0.11062 0.10688 0.10316 0.099407 0.095607 0.091707 0.087689 0.083708 0.079986 0.076608 0.073374 0.070139 0.066889 0.06353 0.059707 0.05561 0.051598 0.048056 0.045327 0.043496 0.042111 0.040755 0.039064 0.036859 0.034542 0.032135 0.029661 0.027183 0.024618 0.021525 0.018195 0.015046 0.012472 0.010823 0.009737 0.0087952 0.0079371 0.0071105 0.0062674 0.0053581 0.0043087 0.0032027 0.0021498 0.0012403 0.00055343 0.00016085 0 0 0 0 0 0 8.4653e-08 0 0 0 0 
275 0 0 0.0059764 0.011464 0.016121 0.026669 0.040305 0.054629 0.071774 0.091298 0.10889 0.12239 0.13358 0.14238 0.14818 0.15035 0.14642 0.13839 0.12993 0.1245 0.12411 0.12563 0.12873 0.1334 0.1397 0.15081 0.16568 0.18052 0.19158 0.19651 0.19785 0.19587 0.19071 0.1831 0.17257 0.16012 0.14787 0.1384 0.13281 0.12776 0.12294 0.11844 0.11441 0.11062 0.10688 0.10315 0.099399 0.095597 0.091695 0.087674 0.083692 0.079968 0.076593 0.07337 0.070147 0.066908 0.063554 0.059728 0.055623 0.051601 0.048055 0.04533 0.043502 0.042118 0.040761 0.039068 0.03686 0.034539 0.032129 0.029653 0.027172 0.024606 0.021517 0.018192 0.015046 0.012472 0.010819 0.0097293 0.0087892 0.0079352 0.0071131 0.0062734 0.0053649 0.0043137 0.0032047 0.002149 0.0012377 0.00055094 0.00016155 0 0 0 0 0 0 8.5275e-08 0 0 0 0 
275.5 0 0 0.006033 0.011476 0.016123 0.026735 0.040397 0.054709 0.071873 0.091436 0.10904 0.12252 0.1337 0.14247 0.14824 0.15038 0.14643 0.13838 0.12992 0.12449 0.12411 0.12565 0.12877 0.13346 0.13978 0.15092 0.16581 0.18066 0.19173 0.19665 0.19795 0.19594 0.19075 0.18312 0.1726 0.16016 0.14793 0.13845 0.13287 0.12781 0.12299 0.11849 0.11445 0.11066 0.10691 0.10318 0.099429 0.095628 0.09173 0.087712 0.083731 0.080009 0.076627 0.073383 0.070131 0.066871 0.063513 0.059695 0.055596 0.051574 0.048022 0.045287 0.043464 0.042093 0.040749 0.039068 0.036864 0.034546 0.032136 0.029659 0.027177 0.024611 0.021525 0.018203 0.015058 0.012482 0.010824 0.0097331 0.008793 0.00794 0.007119 0.0062801 0.0053721 0.0043207 0.0032112 0.0021547 0.0012421 0.00055351 0.00016279 0 0 0 0 0 0 8.4552e-08 0 0 0 0 
276 0 0 0.0060896 0.011488 0.016126 0.026801 0.040489 0.054788 0.071972 0.091574 0.10919 0.12266 0.13382 0.14256 0.1483 0.15042 0.14645 0.13838 0.12991 0.12448 0.12411 0.12567 0.12881 0.13353 0.13986 0.15102 0.16594 0.18081 0.19188 0.19678 0.19806 0.19601 0.19079 0.18314 0.17263 0.1602 0.14798 0.13851 0.13292 0.12787 0.12304 0.11854 0.1145 0.1107 0.10695 0.10321 0.09946 0.095659 0.091764 0.087749 0.08377 0.08005 0.076661 0.073395 0.070116 0.066834 0.063471 0.059662 0.055569 0.051547 0.047989 0.045244 0.043427 0.042068 0.040738 0.039067 0.036867 0.034552 0.032143 0.029665 0.027181 0.024616 0.021533 0.018214 0.01507 0.012493 0.010829 0.0097369 0.0087969 0.0079448 0.0071249 0.0062868 0.0053792 0.0043277 0.0032177 0.0021604 0.0012465 0.00055609 0.00016403 0 0 0 0 0 0 8.383e-08 0 0 0 0 
276.5 0 0 0.0061461 0.0115 0.016129 0.026868 0.04058 0.054867 0.072071 0.091712 0.10934 0.1228 0.13394 0.14266 0.14836 0.15046 0.14646 0.13838 0.1299 0.12447 0.12411 0.12568 0.12885 0.13359 0.13995 0.15113 0.16607 0.18096 0.19203 0.19691 0.19816 0.19608 0.19083 0.18317 0.17266 0.16024 0.14804 0.13857 0.13298 0.12792 0.12309 0.11858 0.11454 0.11074 0.10699 0.10325 0.09949 0.09569 0.091798 0.087787 0.08381 0.080092 0.076695 0.073408 0.0701 0.066797 0.06343 0.059629 0.055543 0.05152 0.047956 0.045201 0.043389 0.042043 0.040726 0.039067 0.036871 0.034558 0.03215 0.029671 0.027185 0.024621 0.021541 0.018225 0.015082 0.012503 0.010835 0.0097407 0.0088008 0.0079495 0.0071308 0.0062936 0.0053863 0.0043347 0.0032242 0.0021662 0.0012509 0.00055866 0.00016527 0 0 0 0 0 0 8.3108e-08 0 0 0 0 
277 0 0 0.0061843 0.011507 0.016128 0.026907 0.040635 0.05491 0.072121 0.091781 0.10941 0.12286 0.13399 0.1427 0.14839 0.15047 0.14647 0.13838 0.12988 0.12446 0.1241 0.12568 0.12885 0.13361 0.13997 0.15116 0.1661 0.181 0.19208 0.19695 0.19815 0.19605 0.19085 0.18322 0.17269 0.16024 0.14804 0.13858 0.133 0.12795 0.12312 0.11862 0.11457 0.11076 0.107 0.10325 0.099488 0.095675 0.091785 0.087799 0.083854 0.080141 0.076726 0.073419 0.070098 0.066786 0.063418 0.059622 0.055539 0.051517 0.04795 0.045189 0.043376 0.042035 0.040722 0.039069 0.036877 0.034568 0.032162 0.029683 0.027197 0.024634 0.021556 0.018239 0.015095 0.012513 0.010841 0.0097466 0.0088063 0.0079545 0.0071353 0.0062977 0.0053905 0.0043394 0.0032292 0.0021713 0.0012555 0.00056166 0.00016628 0 0 0 0 0 0 8.1696e-08 0 0 0 0 
277.5 0 0 0.006186 0.011504 0.016118 0.02689 0.040615 0.054879 0.072073 0.091715 0.10933 0.12279 0.13393 0.14265 0.14836 0.15046 0.14646 0.13837 0.12988 0.12444 0.12408 0.12565 0.1288 0.13353 0.13988 0.15104 0.16594 0.18083 0.19193 0.19678 0.19789 0.1958 0.1908 0.18332 0.17273 0.16016 0.14792 0.13849 0.13295 0.12793 0.12313 0.11864 0.11459 0.11075 0.10696 0.10321 0.099423 0.09557 0.091674 0.087762 0.083907 0.080209 0.076754 0.07343 0.070123 0.066828 0.063465 0.059664 0.055581 0.051562 0.047997 0.045237 0.043414 0.042058 0.040734 0.039077 0.03689 0.034586 0.032183 0.029707 0.027225 0.024665 0.021584 0.018261 0.015109 0.012522 0.010849 0.0097567 0.008815 0.00796 0.007137 0.0062966 0.005389 0.0043393 0.0032312 0.0021752 0.0012602 0.00056548 0.00016683 0 0 0 0 0 0 7.8911e-08 0 0 0 0 
278 0 0 0.0061876 0.011501 0.016109 0.026874 0.040595 0.054848 0.072024 0.091649 0.10926 0.12271 0.13386 0.1426 0.14833 0.15044 0.14645 0.13836 0.12987 0.12443 0.12405 0.12561 0.12874 0.13346 0.1398 0.15092 0.16579 0.18065 0.19178 0.19662 0.19764 0.19556 0.19075 0.18342 0.17277 0.16008 0.1478 0.1384 0.1329 0.12792 0.12314 0.11867 0.1146 0.11074 0.10693 0.10317 0.099358 0.095465 0.091564 0.087725 0.08396 0.080276 0.076781 0.07344 0.070148 0.066871 0.063511 0.059707 0.055622 0.051606 0.048045 0.045285 0.043452 0.042082 0.040746 0.039085 0.036903 0.034603 0.032205 0.029732 0.027252 0.024695 0.021612 0.018282 0.015123 0.01253 0.010857 0.0097669 0.0088237 0.0079654 0.0071387 0.0062955 0.0053875 0.0043392 0.0032333 0.0021791 0.001265 0.0005693 0.00016738 0 0 0 0 0 0 7.6126e-08 0 0 0 0 
278.5 0 0 0.0061893 0.011498 0.0161 0.026858 0.040575 0.054817 0.071976 0.091583 0.10918 0.12264 0.1338 0.14256 0.1483 0.15042 0.14644 0.13836 0.12986 0.12441 0.12403 0.12557 0.12869 0.13339 0.13971 0.1508 0.16563 0.18048 0.19164 0.19646 0.19739 0.19532 0.1907 0.18352 0.1728 0.15999 0.14769 0.1383 0.13286 0.1279 0.12315 0.11869 0.11461 0.11072 0.1069 0.10312 0.099293 0.09536 0.091454 0.087687 0.084012 0.080343 0.076809 0.07345 0.070173 0.066913 0.063558 0.05975 0.055664 0.051651 0.048093 0.045334 0.04349 0.042105 0.040758 0.039093 0.036916 0.034621 0.032226 0.029756 0.027279 0.024725 0.02164 0.018304 0.015137 0.012538 0.010865 0.009777 0.0088325 0.0079708 0.0071404 0.0062945 0.0053859 0.0043391 0.0032353 0.002183 0.0012697 0.00057312 0.00016794 0 0 0 0 0 0 7.3341e-08 0 0 0 0 
279 0 0 0.0061561 0.011489 0.016094 0.026816 0.04052 0.054772 0.07192 0.091509 0.10911 0.12258 0.13376 0.14253 0.1483 0.15043 0.14647 0.13839 0.1299 0.12445 0.12406 0.12559 0.1287 0.13338 0.13969 0.15077 0.16558 0.18044 0.19162 0.19644 0.19733 0.19527 0.19075 0.18363 0.17289 0.16004 0.14772 0.13834 0.13289 0.12792 0.12317 0.1187 0.11463 0.11074 0.10692 0.10316 0.099329 0.09538 0.091468 0.087725 0.084083 0.080421 0.076871 0.073499 0.070217 0.066955 0.063598 0.059787 0.055699 0.051685 0.048125 0.045361 0.043511 0.042118 0.040765 0.039098 0.036921 0.034627 0.032233 0.029764 0.027287 0.024735 0.02165 0.018313 0.015145 0.012544 0.01087 0.0097827 0.0088373 0.007974 0.0071419 0.0062947 0.005386 0.0043399 0.0032371 0.0021856 0.0012725 0.00057528 0.00016832 0 0 0 0 0 0 7.2101e-08 0 0 0 0 
279.5 0 0 0.0060958 0.011474 0.016092 0.026753 0.040439 0.054716 0.071859 0.09143 0.10904 0.12253 0.13372 0.14252 0.14832 0.15047 0.14652 0.13847 0.12999 0.12453 0.12412 0.12565 0.12875 0.13343 0.13973 0.1508 0.16563 0.18051 0.19171 0.19653 0.19743 0.19538 0.19086 0.18374 0.17302 0.16019 0.14788 0.13848 0.13298 0.12797 0.12319 0.11871 0.11464 0.11078 0.107 0.10326 0.099443 0.095498 0.091579 0.087822 0.084168 0.080507 0.076961 0.073579 0.070276 0.066996 0.063631 0.05982 0.055729 0.05171 0.048144 0.045373 0.043518 0.042123 0.040768 0.039099 0.03692 0.034625 0.032229 0.029759 0.027281 0.024729 0.021648 0.018314 0.015147 0.012548 0.010873 0.0097848 0.008839 0.0079756 0.0071432 0.006296 0.0053873 0.0043414 0.0032387 0.0021871 0.0012738 0.00057612 0.00016856 0 0 0 0 0 0 7.207e-08 0 0 0 0 
280 0 0 0.0060355 0.011459 0.016089 0.02669 0.040358 0.05466 0.071798 0.091351 0.10898 0.12249 0.13369 0.14252 0.14834 0.15051 0.14658 0.13854 0.13007 0.12461 0.12419 0.12571 0.1288 0.13347 0.13977 0.15084 0.16568 0.18058 0.19179 0.19663 0.19753 0.19548 0.19097 0.18386 0.17315 0.16033 0.14803 0.13861 0.13307 0.12802 0.12321 0.11871 0.11466 0.11083 0.10707 0.10336 0.099558 0.095616 0.09169 0.087919 0.084253 0.080594 0.077051 0.073659 0.070335 0.067036 0.063665 0.059852 0.05576 0.051736 0.048163 0.045385 0.043525 0.042127 0.04077 0.0391 0.03692 0.034623 0.032226 0.029753 0.027275 0.024724 0.021645 0.018314 0.01515 0.012552 0.010876 0.0097869 0.0088408 0.0079771 0.0071445 0.0062972 0.0053886 0.004343 0.0032403 0.0021887 0.0012751 0.00057696 0.00016881 0 0 0 0 0 0 7.2039e-08 0 0 0 0 
280.5 0 0 0.0059752 0.011444 0.016087 0.026627 0.040276 0.054604 0.071737 0.091272 0.10891 0.12244 0.13366 0.14251 0.14836 0.15056 0.14664 0.13861 0.13015 0.12469 0.12426 0.12577 0.12885 0.13352 0.1398 0.15088 0.16573 0.18065 0.19188 0.19672 0.19763 0.19559 0.19108 0.18398 0.17328 0.16048 0.14818 0.13875 0.13316 0.12807 0.12323 0.11872 0.11467 0.11087 0.10714 0.10345 0.099672 0.095734 0.091801 0.088016 0.084337 0.08068 0.077141 0.073739 0.070394 0.067077 0.063699 0.059885 0.05579 0.051761 0.048182 0.045396 0.043532 0.042131 0.040773 0.039102 0.036919 0.03462 0.032222 0.029748 0.027269 0.024718 0.021643 0.018315 0.015153 0.012556 0.010879 0.009789 0.0088426 0.0079786 0.0071459 0.0062984 0.0053899 0.0043445 0.0032419 0.0021902 0.0012763 0.00057781 0.00016905 0 0 0 0 0 0 7.2008e-08 0 0 0 0 
281 0 0 0.0059629 0.01144 0.016085 0.026613 0.040259 0.054591 0.071723 0.091255 0.1089 0.12243 0.13366 0.14251 0.14837 0.15057 0.14666 0.13864 0.13018 0.12471 0.12428 0.12579 0.12887 0.13354 0.13982 0.1509 0.16576 0.18068 0.19192 0.19677 0.19768 0.19564 0.19113 0.18401 0.1733 0.16048 0.14817 0.13873 0.13314 0.12805 0.1232 0.11869 0.11465 0.11084 0.10712 0.10343 0.099656 0.09572 0.091791 0.088011 0.084339 0.080688 0.077154 0.073754 0.070411 0.067095 0.063719 0.059905 0.055805 0.05177 0.048188 0.045404 0.04354 0.042141 0.040783 0.039111 0.036928 0.034629 0.032229 0.029754 0.027274 0.024724 0.021648 0.018321 0.015159 0.012561 0.010882 0.0097922 0.0088456 0.0079815 0.0071487 0.0063012 0.0053925 0.004347 0.0032441 0.0021918 0.0012774 0.00057838 0.00016934 0 0 0 0 0 0 7.2065e-08 0 0 0 0 
281.5 0 0 0.0059635 0.011439 0.016083 0.026612 0.040258 0.054591 0.071722 0.091254 0.1089 0.12243 0.13366 0.14252 0.14838 0.15058 0.14667 0.13865 0.13019 0.12472 0.1243 0.1258 0.12888 0.13355 0.13984 0.15092 0.16578 0.18071 0.19195 0.1968 0.19771 0.19567 0.19115 0.18403 0.17329 0.16045 0.14812 0.13867 0.13309 0.12801 0.12316 0.11865 0.11461 0.1108 0.10707 0.10338 0.099604 0.095671 0.091748 0.08798 0.084319 0.080675 0.077145 0.073752 0.070415 0.067107 0.063736 0.059921 0.055815 0.051774 0.04819 0.04541 0.04355 0.042152 0.040795 0.039123 0.03694 0.03464 0.03224 0.029764 0.027283 0.024732 0.021657 0.018329 0.015166 0.012567 0.010887 0.0097959 0.008849 0.0079849 0.007152 0.0063044 0.0053956 0.0043498 0.0032464 0.0021935 0.0012783 0.00057887 0.00016965 0 0 0 0 0 0 7.2146e-08 0 0 0 0 
282 0 0 0.0059641 0.011438 0.016081 0.026611 0.040258 0.05459 0.07172 0.091253 0.1089 0.12243 0.13367 0.14252 0.14839 0.15059 0.14669 0.13866 0.1302 0.12473 0.12431 0.12581 0.1289 0.13356 0.13985 0.15094 0.16581 0.18074 0.19199 0.19684 0.19775 0.1957 0.19118 0.18404 0.17329 0.16042 0.14807 0.13861 0.13304 0.12796 0.12313 0.11862 0.11457 0.11076 0.10702 0.10333 0.099553 0.095622 0.091706 0.087948 0.084299 0.080661 0.077137 0.07375 0.07042 0.067118 0.063753 0.059937 0.055825 0.051779 0.048193 0.045416 0.043559 0.042163 0.040806 0.039135 0.036951 0.034651 0.03225 0.029774 0.027292 0.02474 0.021665 0.018337 0.015174 0.012573 0.010891 0.0097995 0.0088524 0.0079882 0.0071553 0.0063075 0.0053986 0.0043526 0.0032487 0.0021951 0.0012793 0.00057937 0.00016996 0 0 0 0 0 0 7.2227e-08 0 0 0 0 
282.5 0 0 0.0059647 0.011437 0.016079 0.026609 0.040257 0.054589 0.071719 0.091251 0.1089 0.12243 0.13367 0.14253 0.14839 0.15061 0.1467 0.13867 0.13021 0.12474 0.12432 0.12582 0.12891 0.13358 0.13986 0.15095 0.16583 0.18077 0.19202 0.19687 0.19778 0.19574 0.19121 0.18406 0.17328 0.16039 0.14802 0.13855 0.13299 0.12792 0.12309 0.11859 0.11454 0.11072 0.10698 0.10328 0.099502 0.095574 0.091663 0.087916 0.084279 0.080648 0.077129 0.073748 0.070424 0.067129 0.063769 0.059952 0.055835 0.051783 0.048194 0.045422 0.043568 0.042174 0.040817 0.039146 0.036962 0.034661 0.03226 0.029783 0.0273 0.024748 0.021673 0.018345 0.01518 0.012578 0.010895 0.009803 0.0088557 0.0079914 0.0071584 0.0063106 0.0054016 0.0043553 0.003251 0.0021967 0.0012803 0.00057987 0.00017026 0 0 0 0 0 0 7.2292e-08 0 0 0 0 
283 0 0 0.0059646 0.011434 0.016074 0.0266 0.040243 0.054567 0.071683 0.0912 0.10883 0.12237 0.13361 0.14248 0.14835 0.15057 0.14667 0.13864 0.13018 0.12471 0.12427 0.12577 0.12885 0.13352 0.1398 0.15089 0.16576 0.1807 0.19195 0.19683 0.19777 0.19575 0.19125 0.18412 0.17337 0.16049 0.14813 0.13866 0.13307 0.12798 0.12312 0.1186 0.11455 0.11073 0.10698 0.10327 0.099487 0.095558 0.091647 0.087896 0.084252 0.080617 0.077093 0.073708 0.070381 0.067082 0.063721 0.059908 0.055799 0.051753 0.048167 0.045391 0.043537 0.042146 0.040795 0.039128 0.036946 0.034646 0.032247 0.029771 0.02729 0.02474 0.021667 0.01834 0.015177 0.012575 0.010891 0.0097993 0.0088518 0.0079872 0.007154 0.0063065 0.0053984 0.0043534 0.0032504 0.0021969 0.0012809 0.00058057 0.0001704 0 0 0 0 0 0 7.1413e-08 0 0 0 0 
283.5 0 0 0.0059644 0.01143 0.016069 0.02659 0.040229 0.054544 0.071648 0.09115 0.10877 0.12231 0.13355 0.14243 0.14831 0.15054 0.14664 0.13861 0.13014 0.12467 0.12423 0.12573 0.1288 0.13346 0.13974 0.15082 0.16568 0.18062 0.19189 0.19679 0.19775 0.19577 0.1913 0.18419 0.17345 0.16059 0.14824 0.13876 0.13314 0.12803 0.12316 0.11862 0.11456 0.11073 0.10697 0.10326 0.099472 0.095542 0.091631 0.087875 0.084225 0.080585 0.077058 0.073669 0.070338 0.067036 0.063673 0.059864 0.055763 0.051724 0.04814 0.045361 0.043507 0.042119 0.040773 0.03911 0.03693 0.034631 0.032233 0.02976 0.02728 0.024732 0.021662 0.018336 0.015173 0.012571 0.010887 0.0097956 0.0088479 0.0079829 0.0071497 0.0063024 0.0053951 0.0043516 0.0032497 0.0021972 0.0012816 0.00058127 0.00017054 0 0 0 0 0 0 7.0533e-08 0 0 0 0 
284 0 0 0.0059643 0.011427 0.016063 0.026581 0.040214 0.054522 0.071613 0.0911 0.10871 0.12224 0.13349 0.14237 0.14827 0.15051 0.14661 0.13858 0.13011 0.12463 0.12419 0.12568 0.12875 0.1334 0.13968 0.15075 0.16561 0.18054 0.19182 0.19675 0.19774 0.19579 0.19134 0.18425 0.17353 0.16069 0.14835 0.13886 0.13322 0.12809 0.1232 0.11864 0.11457 0.11074 0.10697 0.10325 0.099457 0.095527 0.091615 0.087855 0.084199 0.080554 0.077023 0.07363 0.070295 0.066989 0.063625 0.059821 0.055727 0.051694 0.048113 0.04533 0.043477 0.042092 0.04075 0.039092 0.036914 0.034616 0.03222 0.029748 0.02727 0.024725 0.021656 0.018332 0.01517 0.012568 0.010882 0.0097919 0.008844 0.0079787 0.0071453 0.0062983 0.0053919 0.0043497 0.0032491 0.0021974 0.0012823 0.00058197 0.00017069 0 0 0 0 0 0 6.9654e-08 0 0 0 0 
284.5 0 0 0.0059645 0.011425 0.016058 0.026572 0.040201 0.054502 0.071583 0.091056 0.10866 0.12219 0.13344 0.14233 0.14823 0.15048 0.14659 0.13856 0.13009 0.1246 0.12416 0.12564 0.12871 0.13336 0.13963 0.15069 0.16554 0.18047 0.19176 0.1967 0.19772 0.19579 0.19136 0.18429 0.17358 0.16076 0.14842 0.13893 0.13328 0.12813 0.12322 0.11866 0.11458 0.11074 0.10698 0.10325 0.09945 0.095518 0.091603 0.087839 0.084178 0.080529 0.076994 0.073598 0.07026 0.066951 0.063585 0.059787 0.055702 0.051677 0.0481 0.045314 0.043458 0.042074 0.040735 0.039079 0.036902 0.034604 0.032208 0.029738 0.027261 0.024718 0.021651 0.018329 0.015168 0.012566 0.010879 0.0097883 0.0088405 0.0079755 0.0071426 0.0062963 0.0053907 0.0043492 0.003249 0.0021974 0.0012823 0.00058204 0.00017081 0 0 0 0 0 0 6.9268e-08 0 0 0 0 
285 0 0 0.0059657 0.011424 0.016055 0.026566 0.040192 0.054488 0.071566 0.091034 0.10863 0.12215 0.13341 0.14231 0.14822 0.15048 0.14659 0.13856 0.13008 0.1246 0.12416 0.12564 0.1287 0.13334 0.13962 0.15068 0.1655 0.18041 0.1917 0.19664 0.19766 0.19573 0.19132 0.18425 0.17355 0.16071 0.14837 0.13888 0.13325 0.12811 0.12322 0.11866 0.11459 0.11075 0.10699 0.10327 0.099467 0.095528 0.091605 0.087837 0.084175 0.080525 0.076989 0.07359 0.07025 0.066939 0.063572 0.059782 0.055711 0.0517 0.048129 0.045339 0.043476 0.042086 0.04074 0.03908 0.036901 0.034602 0.032204 0.029733 0.027255 0.024712 0.021648 0.018329 0.01517 0.012568 0.010878 0.0097852 0.0088381 0.0079755 0.0071452 0.0063008 0.0053955 0.0043527 0.0032504 0.0021968 0.0012804 0.00058013 0.00017087 0 0 0 0 0 0 7.0412e-08 0 0 0 0 
285.5 0 0 0.0059669 0.011424 0.016051 0.02656 0.040182 0.054474 0.07155 0.091012 0.10859 0.12212 0.13339 0.14229 0.14821 0.15047 0.14659 0.13856 0.13008 0.1246 0.12416 0.12563 0.12869 0.13333 0.13961 0.15066 0.16546 0.18035 0.19163 0.19658 0.1976 0.19568 0.19127 0.18421 0.17351 0.16067 0.14833 0.13884 0.13322 0.1281 0.12321 0.11867 0.11459 0.11076 0.107 0.10328 0.099485 0.095538 0.091607 0.087834 0.084172 0.080521 0.076983 0.073582 0.070239 0.066927 0.06356 0.059778 0.05572 0.051722 0.048157 0.045364 0.043495 0.042097 0.040745 0.039081 0.0369 0.034599 0.0322 0.029727 0.027249 0.024707 0.021645 0.018329 0.015172 0.012569 0.010877 0.009782 0.0088358 0.0079755 0.0071479 0.0063054 0.0054004 0.0043562 0.0032518 0.0021961 0.0012784 0.00057823 0.00017093 0 0 0 0 0 0 7.1557e-08 0 0 0 0 
286 0 0 0.0059681 0.011424 0.016048 0.026554 0.040173 0.05446 0.071533 0.090989 0.10856 0.12209 0.13336 0.14228 0.1482 0.15047 0.14658 0.13856 0.13008 0.1246 0.12416 0.12563 0.12868 0.13332 0.1396 0.15064 0.16542 0.18029 0.19157 0.19652 0.19755 0.19563 0.19123 0.18417 0.17347 0.16063 0.14828 0.1388 0.13319 0.12809 0.12321 0.11867 0.1146 0.11077 0.10701 0.1033 0.099502 0.095549 0.091609 0.087832 0.084169 0.080517 0.076977 0.073574 0.070229 0.066915 0.063547 0.059773 0.05573 0.051745 0.048186 0.04539 0.043513 0.042108 0.04075 0.039082 0.036899 0.034597 0.032196 0.029722 0.027243 0.024701 0.021643 0.018329 0.015174 0.012571 0.010875 0.0097789 0.0088335 0.0079754 0.0071505 0.0063099 0.0054052 0.0043597 0.0032532 0.0021954 0.0012765 0.00057632 0.00017099 0 0 0 0 0 0 7.2701e-08 0 0 0 0 
286.5 0 0 0.0059695 0.011424 0.016047 0.026553 0.04017 0.054457 0.071531 0.090987 0.10856 0.12208 0.13335 0.14227 0.14819 0.15045 0.14657 0.13854 0.13007 0.12459 0.12414 0.12561 0.12866 0.1333 0.13958 0.15063 0.1654 0.18027 0.19154 0.1965 0.19752 0.1956 0.19119 0.18414 0.17343 0.16059 0.14824 0.13877 0.13317 0.12807 0.1232 0.11867 0.1146 0.11076 0.10701 0.1033 0.0995 0.095543 0.091601 0.087824 0.084162 0.080511 0.076974 0.073576 0.070238 0.06693 0.063565 0.059793 0.055749 0.051765 0.048208 0.045413 0.043534 0.042123 0.040759 0.039088 0.036906 0.034603 0.032203 0.029729 0.027251 0.02471 0.021651 0.018336 0.015179 0.012574 0.010877 0.0097799 0.0088345 0.0079768 0.0071521 0.0063118 0.0054072 0.0043614 0.0032543 0.0021961 0.0012767 0.00057632 0.00017116 0 0 0 0 0 0 7.2341e-08 0 0 0 0 
287 0 0 0.0059712 0.011426 0.01605 0.026559 0.040177 0.054465 0.071544 0.091006 0.10858 0.1221 0.13336 0.14226 0.14818 0.15043 0.14654 0.13851 0.13004 0.12456 0.12411 0.12558 0.12862 0.13326 0.13955 0.15061 0.1654 0.18029 0.19157 0.19652 0.19753 0.19559 0.19118 0.18411 0.1734 0.16055 0.14821 0.13874 0.13314 0.12805 0.12319 0.11866 0.11459 0.11075 0.10698 0.10327 0.099474 0.09552 0.091581 0.087809 0.084151 0.080503 0.076972 0.073589 0.070268 0.066974 0.063619 0.05984 0.055781 0.051782 0.04822 0.045433 0.043556 0.042142 0.040774 0.039101 0.036921 0.034621 0.032223 0.029751 0.027274 0.024734 0.021672 0.018351 0.015188 0.012579 0.010881 0.0097855 0.0088394 0.0079796 0.0071527 0.0063107 0.0054058 0.004361 0.0032553 0.0021982 0.0012793 0.00057846 0.00017144 0 0 0 0 0 0 7.0283e-08 0 0 0 0 
287.5 0 0 0.0059728 0.011427 0.016052 0.026564 0.040183 0.054473 0.071557 0.091025 0.1086 0.12212 0.13337 0.14226 0.14816 0.15041 0.14651 0.13848 0.13001 0.12453 0.12408 0.12554 0.12858 0.13323 0.13952 0.15059 0.1654 0.18031 0.1916 0.19654 0.19754 0.19559 0.19116 0.18409 0.17337 0.16052 0.14818 0.13871 0.13312 0.12803 0.12317 0.11865 0.11458 0.11073 0.10696 0.10325 0.099448 0.095497 0.091562 0.087795 0.08414 0.080494 0.076971 0.073602 0.070297 0.067019 0.063672 0.059887 0.055813 0.051799 0.048232 0.045454 0.043578 0.042161 0.040789 0.039114 0.036936 0.034638 0.032242 0.029772 0.027297 0.024758 0.021692 0.018366 0.015196 0.012583 0.010885 0.0097912 0.0088443 0.0079825 0.0071532 0.0063096 0.0054044 0.0043606 0.0032563 0.0022003 0.001282 0.0005806 0.00017171 0 0 0 0 0 0 6.8225e-08 0 0 0 0 
288 0 0 0.0059745 0.011428 0.016055 0.02657 0.040189 0.054481 0.07157 0.091045 0.10862 0.12213 0.13338 0.14226 0.14815 0.15038 0.14648 0.13845 0.12998 0.1245 0.12404 0.1255 0.12855 0.13319 0.13948 0.15057 0.16541 0.18034 0.19163 0.19656 0.19755 0.19559 0.19114 0.18406 0.17333 0.16048 0.14815 0.13869 0.1331 0.12801 0.12316 0.11863 0.11456 0.11071 0.10694 0.10322 0.099422 0.095474 0.091543 0.08778 0.084129 0.080486 0.07697 0.073615 0.070327 0.067064 0.063725 0.059933 0.055844 0.051816 0.048245 0.045475 0.043601 0.042181 0.040805 0.039127 0.036951 0.034655 0.032262 0.029794 0.02732 0.024782 0.021713 0.018381 0.015205 0.012587 0.010889 0.0097968 0.0088492 0.0079853 0.0071538 0.0063084 0.005403 0.0043602 0.0032572 0.0022024 0.0012846 0.00058274 0.00017199 0 0 0 0 0 0 6.6167e-08 0 0 0 0 
288.5 0 0 0.005973 0.011427 0.01605 0.02656 0.040179 0.054469 0.071548 0.091014 0.10859 0.1221 0.13335 0.14224 0.14813 0.15037 0.14647 0.13844 0.12997 0.12449 0.12404 0.1255 0.12855 0.13319 0.13948 0.15055 0.16537 0.18029 0.19158 0.19652 0.19751 0.19555 0.19111 0.18404 0.17332 0.16047 0.14813 0.13868 0.1331 0.12802 0.12317 0.11865 0.11459 0.11073 0.10696 0.10324 0.099438 0.095492 0.091566 0.087809 0.084164 0.080523 0.077006 0.073644 0.070348 0.067078 0.063737 0.059946 0.055859 0.051831 0.048258 0.045482 0.043606 0.042187 0.040813 0.039138 0.036961 0.034665 0.032271 0.029802 0.027327 0.024788 0.02172 0.018387 0.01521 0.012592 0.010893 0.0098007 0.0088525 0.0079877 0.0071551 0.0063089 0.0054033 0.004361 0.0032586 0.0022042 0.0012864 0.00058403 0.00017217 0 0 0 0 0 0 6.4844e-08 0 0 0 0 
289 0 0 0.0059702 0.011424 0.016042 0.026544 0.040163 0.054448 0.07151 0.090962 0.10854 0.12205 0.1333 0.1422 0.14811 0.15036 0.14647 0.13845 0.12998 0.12449 0.12404 0.12551 0.12856 0.1332 0.13948 0.15053 0.16533 0.18022 0.1915 0.19644 0.19744 0.19549 0.19107 0.18402 0.17331 0.16047 0.14813 0.13867 0.1331 0.12804 0.1232 0.11869 0.11462 0.11077 0.10699 0.10327 0.099471 0.095529 0.091608 0.087857 0.084217 0.080581 0.077058 0.073681 0.070366 0.067079 0.063731 0.059945 0.055866 0.051845 0.04827 0.045483 0.043604 0.042187 0.040818 0.039147 0.036969 0.034671 0.032275 0.029804 0.027327 0.024788 0.021722 0.018391 0.015215 0.012596 0.010896 0.0098038 0.0088553 0.0079899 0.0071566 0.00631 0.0054043 0.0043623 0.0032602 0.0022058 0.0012878 0.00058496 0.00017231 0 0 0 0 0 0 6.3839e-08 0 0 0 0 
289.5 0 0 0.0059673 0.011421 0.016035 0.026527 0.040147 0.054427 0.071472 0.090909 0.10848 0.122 0.13326 0.14216 0.14808 0.15035 0.14647 0.13845 0.12998 0.1245 0.12405 0.12552 0.12857 0.13321 0.13949 0.15051 0.16528 0.18014 0.19142 0.19637 0.19738 0.19544 0.19103 0.18399 0.1733 0.16047 0.14813 0.13867 0.13311 0.12806 0.12323 0.11872 0.11466 0.11081 0.10702 0.1033 0.099503 0.095566 0.09165 0.087904 0.084271 0.080638 0.07711 0.073718 0.070384 0.06708 0.063724 0.059943 0.055874 0.05186 0.048283 0.045485 0.043601 0.042187 0.040823 0.039155 0.036977 0.034677 0.032279 0.029806 0.027327 0.024788 0.021723 0.018394 0.01522 0.012601 0.0109 0.0098068 0.008858 0.0079921 0.0071582 0.0063111 0.0054053 0.0043636 0.0032617 0.0022074 0.0012892 0.00058589 0.00017245 0 0 0 0 0 0 6.2834e-08 0 0 0 0 
290 0 0 0.0059644 0.011418 0.016027 0.026511 0.04013 0.054407 0.071434 0.090857 0.10843 0.12195 0.13321 0.14213 0.14806 0.15034 0.14647 0.13845 0.12998 0.1245 0.12406 0.12553 0.12858 0.13322 0.13949 0.1505 0.16523 0.18007 0.19134 0.1963 0.19731 0.19539 0.19099 0.18397 0.17329 0.16046 0.14812 0.13867 0.13312 0.12807 0.12326 0.11876 0.11469 0.11084 0.10706 0.10334 0.099536 0.095602 0.091692 0.087952 0.084324 0.080696 0.077162 0.073755 0.070402 0.067082 0.063718 0.059941 0.055881 0.051874 0.048296 0.045486 0.043599 0.042187 0.040828 0.039164 0.036985 0.034683 0.032283 0.029808 0.027327 0.024787 0.021725 0.018397 0.015224 0.012606 0.010903 0.0098099 0.0088607 0.0079943 0.0071598 0.0063122 0.0054063 0.0043649 0.0032633 0.002209 0.0012906 0.00058682 0.00017259 0 0 0 0 0 0 6.1829e-08 0 0 0 0 
290.5 0 0 0.0059632 0.011414 0.016024 0.026509 0.040125 0.054399 0.071425 0.090847 0.10842 0.12194 0.1332 0.14212 0.14806 0.15034 0.14646 0.13845 0.12998 0.12449 0.12405 0.12552 0.12856 0.1332 0.13948 0.1505 0.16525 0.18011 0.19139 0.19636 0.19739 0.19546 0.19107 0.18404 0.17336 0.16052 0.14817 0.1387 0.13314 0.12808 0.12325 0.11874 0.11467 0.11083 0.10705 0.10332 0.099525 0.095598 0.091695 0.087957 0.084329 0.080702 0.07717 0.073766 0.070414 0.067095 0.063731 0.059944 0.055869 0.051849 0.048265 0.045458 0.043572 0.042161 0.040804 0.039138 0.036953 0.034649 0.03226 0.029807 0.027342 0.024804 0.021734 0.018401 0.015226 0.012607 0.010905 0.0098126 0.0088633 0.0079963 0.007161 0.0063127 0.005407 0.0043659 0.0032646 0.0022103 0.0012917 0.00058758 0.00017285 0 0 0 0 0 0 6.0771e-08 0 0 0 0 
291 0 0 0.0059621 0.01141 0.016021 0.026508 0.040121 0.054391 0.071419 0.09084 0.10841 0.12193 0.1332 0.14212 0.14805 0.15033 0.14646 0.13844 0.12997 0.12448 0.12403 0.1255 0.12854 0.13318 0.13946 0.15049 0.16527 0.18016 0.19146 0.19644 0.19747 0.19555 0.19116 0.18412 0.17342 0.16057 0.14822 0.13874 0.13316 0.12808 0.12323 0.11872 0.11465 0.11081 0.10703 0.10331 0.099511 0.09559 0.091694 0.087958 0.08433 0.080704 0.077175 0.073774 0.070426 0.06711 0.063746 0.059948 0.055856 0.05182 0.04823 0.045428 0.043543 0.042133 0.040777 0.039108 0.036917 0.034611 0.032235 0.029806 0.027357 0.024822 0.021744 0.018405 0.015227 0.012608 0.010906 0.0098154 0.008866 0.0079982 0.0071621 0.0063133 0.0054076 0.0043669 0.0032659 0.0022116 0.0012928 0.00058832 0.00017313 0 0 0 0 0 0 5.9708e-08 0 0 0 0 
291.5 0 0 0.005961 0.011406 0.016018 0.026507 0.040117 0.054384 0.071412 0.090834 0.1084 0.12192 0.13319 0.14211 0.14805 0.15033 0.14646 0.13844 0.12996 0.12447 0.12402 0.12548 0.12852 0.13316 0.13944 0.15049 0.1653 0.18021 0.19153 0.19651 0.19755 0.19564 0.19125 0.1842 0.17349 0.16063 0.14827 0.13878 0.13318 0.12808 0.12322 0.11869 0.11463 0.11079 0.10701 0.10329 0.099496 0.095583 0.091693 0.08796 0.084331 0.080705 0.07718 0.073783 0.070438 0.067125 0.063761 0.059951 0.055842 0.051792 0.048195 0.045397 0.043514 0.042104 0.04075 0.039078 0.036881 0.034573 0.032211 0.029805 0.027373 0.02484 0.021754 0.018409 0.015229 0.012609 0.010908 0.0098181 0.0088686 0.0080002 0.0071632 0.0063138 0.0054082 0.0043679 0.0032672 0.0022129 0.0012938 0.00058906 0.00017341 0 0 0 0 0 0 5.8645e-08 0 0 0 0 
292 0 0 0.0059596 0.011402 0.016015 0.026504 0.04011 0.054375 0.071402 0.090823 0.10839 0.12191 0.13318 0.1421 0.14804 0.15032 0.14645 0.13843 0.12995 0.12446 0.124 0.12546 0.1285 0.13313 0.13942 0.15048 0.16531 0.18024 0.19158 0.19657 0.19761 0.1957 0.19131 0.18426 0.17353 0.16067 0.14831 0.13881 0.13319 0.12808 0.1232 0.11867 0.11461 0.11077 0.10699 0.10327 0.099481 0.095572 0.091688 0.087956 0.084327 0.080702 0.077179 0.073785 0.070443 0.067132 0.063768 0.05995 0.055828 0.051767 0.048165 0.045371 0.043489 0.042081 0.040729 0.039055 0.036852 0.034542 0.032191 0.029805 0.027386 0.024856 0.021763 0.018413 0.015231 0.012611 0.01091 0.0098212 0.0088716 0.0080023 0.0071644 0.0063143 0.0054086 0.0043689 0.0032685 0.0022144 0.0012952 0.00059002 0.00017366 0 0 0 0 0 0 5.7274e-08 0 0 0 0 
292.5 0 0 0.0059566 0.011398 0.016007 0.026488 0.040092 0.054353 0.071373 0.090785 0.10835 0.12187 0.13313 0.14206 0.148 0.15028 0.14641 0.13839 0.12992 0.12443 0.12397 0.12542 0.12845 0.13308 0.13936 0.15042 0.16525 0.18019 0.19152 0.19649 0.19752 0.1956 0.19121 0.18416 0.17345 0.16061 0.14826 0.13878 0.13316 0.12804 0.12316 0.11863 0.11457 0.11073 0.10696 0.10325 0.099462 0.095548 0.091657 0.087924 0.084297 0.080673 0.077148 0.073751 0.070408 0.067096 0.063733 0.059922 0.055813 0.051762 0.048165 0.045368 0.043487 0.042084 0.040738 0.039068 0.036865 0.034553 0.0322 0.029811 0.02739 0.024858 0.021767 0.018417 0.015236 0.012617 0.010916 0.0098269 0.0088764 0.0080054 0.0071656 0.0063142 0.0054083 0.0043695 0.0032704 0.0022171 0.0012981 0.00059215 0.00017382 0 0 0 0 0 0 5.4194e-08 0 0 0 0 
293 0 0 0.0059536 0.011395 0.015999 0.026472 0.040073 0.054332 0.071343 0.090748 0.10831 0.12182 0.13309 0.14201 0.14795 0.15024 0.14637 0.13836 0.12989 0.1244 0.12393 0.12538 0.12841 0.13303 0.13931 0.15037 0.1652 0.18014 0.19146 0.19642 0.19744 0.19551 0.19111 0.18406 0.17336 0.16054 0.14822 0.13875 0.13313 0.12801 0.12313 0.11859 0.11453 0.1107 0.10694 0.10323 0.099442 0.095523 0.091626 0.087892 0.084266 0.080643 0.077116 0.073718 0.070374 0.067061 0.063697 0.059894 0.055797 0.051758 0.048165 0.045364 0.043485 0.042087 0.040747 0.039081 0.036878 0.034564 0.032209 0.029817 0.027394 0.024861 0.02177 0.018422 0.015242 0.012623 0.010921 0.0098326 0.0088812 0.0080086 0.0071669 0.0063141 0.005408 0.0043701 0.0032722 0.0022198 0.0013009 0.00059429 0.00017398 0 0 0 0 0 0 5.1115e-08 0 0 0 0 
293.5 0 0 0.0059505 0.011392 0.015992 0.026456 0.040054 0.05431 0.071313 0.09071 0.10826 0.12178 0.13304 0.14197 0.14791 0.15019 0.14633 0.13832 0.12986 0.12437 0.1239 0.12534 0.12836 0.13298 0.13925 0.15031 0.16514 0.18008 0.1914 0.19635 0.19735 0.19541 0.19101 0.18396 0.17327 0.16048 0.14818 0.13872 0.13309 0.12797 0.12309 0.11856 0.1145 0.11066 0.10691 0.1032 0.099423 0.095498 0.091595 0.087859 0.084236 0.080613 0.077085 0.073684 0.070339 0.067025 0.063662 0.059866 0.055782 0.051754 0.048165 0.04536 0.043483 0.04209 0.040756 0.039094 0.036891 0.034576 0.032218 0.029824 0.027397 0.024863 0.021773 0.018427 0.015248 0.01263 0.010927 0.0098383 0.008886 0.0080117 0.0071682 0.0063139 0.0054077 0.0043708 0.0032741 0.0022225 0.0013038 0.00059642 0.00017414 0 0 0 0 0 0 4.8036e-08 0 0 0 0 
294 0 0 0.0059503 0.011391 0.01599 0.026453 0.04005 0.054305 0.071306 0.090702 0.10826 0.12177 0.13303 0.14195 0.14789 0.15018 0.14631 0.13831 0.12985 0.12436 0.12388 0.12533 0.12835 0.13296 0.13923 0.15029 0.16512 0.18005 0.19137 0.1963 0.19729 0.19535 0.19093 0.18388 0.17321 0.16042 0.14813 0.13868 0.13306 0.12795 0.12307 0.11854 0.11448 0.11064 0.10688 0.10318 0.099399 0.095471 0.091563 0.087827 0.084205 0.080581 0.077052 0.073653 0.070311 0.067001 0.063639 0.059851 0.055776 0.051757 0.048174 0.045368 0.043487 0.042094 0.04076 0.039099 0.036897 0.034582 0.032225 0.029831 0.027406 0.024873 0.021784 0.018436 0.015254 0.012633 0.010929 0.0098411 0.008889 0.0080144 0.0071702 0.0063153 0.0054089 0.0043723 0.0032758 0.0022241 0.0013051 0.00059728 0.00017437 0 0 0 0 0 0 4.5802e-08 0 0 0 0 
294.5 0 0 0.0059546 0.011396 0.015998 0.02647 0.04007 0.054328 0.071337 0.090742 0.1083 0.12181 0.13307 0.14199 0.14793 0.1502 0.14633 0.13832 0.12985 0.12436 0.1239 0.12535 0.12837 0.133 0.13928 0.15033 0.16515 0.18006 0.19136 0.1963 0.19728 0.19533 0.19091 0.18386 0.17317 0.16037 0.14807 0.13863 0.13304 0.12794 0.12308 0.11856 0.11449 0.11065 0.10688 0.10316 0.09937 0.095439 0.091532 0.087795 0.084172 0.080546 0.077018 0.073627 0.070296 0.066995 0.063639 0.059855 0.055786 0.051774 0.048197 0.045393 0.043504 0.042098 0.040755 0.039092 0.036893 0.034582 0.03223 0.029842 0.027423 0.024895 0.021805 0.018451 0.015261 0.012634 0.010926 0.0098392 0.0088892 0.0080164 0.0071734 0.006319 0.0054126 0.0043752 0.0032774 0.0022241 0.001304 0.00059608 0.00017471 0 0 0 0 0 0 4.4948e-08 0 0 0 0 
295 0 0 0.005959 0.0114 0.016007 0.026487 0.04009 0.05435 0.071368 0.090782 0.10834 0.12186 0.13311 0.14203 0.14796 0.15023 0.14635 0.13833 0.12986 0.12437 0.12392 0.12537 0.12839 0.13303 0.13932 0.15038 0.16518 0.18007 0.19136 0.19629 0.19727 0.19531 0.19089 0.18383 0.17314 0.16033 0.14802 0.13858 0.13301 0.12794 0.12309 0.11858 0.11451 0.11065 0.10687 0.10314 0.099341 0.095408 0.0915 0.087764 0.084139 0.080511 0.076984 0.073601 0.070281 0.066989 0.063639 0.059859 0.055796 0.051792 0.04822 0.045418 0.04352 0.042103 0.040751 0.039084 0.036889 0.034582 0.032235 0.029853 0.027439 0.024917 0.021826 0.018466 0.015269 0.012634 0.010923 0.0098372 0.0088894 0.0080185 0.0071766 0.0063227 0.0054164 0.0043782 0.0032789 0.0022241 0.0013029 0.00059488 0.00017505 0 0 0 0 0 0 4.4094e-08 0 0 0 0 
295.5 0 0 0.0059633 0.011404 0.016015 0.026504 0.04011 0.054372 0.071398 0.090822 0.10839 0.1219 0.13315 0.14206 0.14799 0.15026 0.14637 0.13834 0.12987 0.12438 0.12393 0.12539 0.12842 0.13306 0.13936 0.15042 0.1652 0.18008 0.19136 0.19629 0.19726 0.19529 0.19086 0.18381 0.17311 0.16028 0.14796 0.13853 0.13299 0.12793 0.1231 0.1186 0.11452 0.11065 0.10686 0.10312 0.099312 0.095376 0.091468 0.087732 0.084106 0.080475 0.07695 0.073575 0.070265 0.066983 0.063638 0.059863 0.055806 0.051809 0.048243 0.045443 0.043537 0.042108 0.040747 0.039076 0.036885 0.034582 0.03224 0.029863 0.027456 0.024939 0.021848 0.018482 0.015276 0.012634 0.01092 0.0098353 0.0088896 0.0080205 0.0071798 0.0063264 0.0054201 0.0043811 0.0032805 0.0022241 0.0013017 0.00059368 0.00017539 0 0 0 0 0 0 4.324e-08 0 0 0 0 
296 0 0 0.0059627 0.011402 0.016009 0.026495 0.040099 0.054359 0.071379 0.090797 0.10836 0.12187 0.13313 0.14204 0.14797 0.15024 0.14636 0.13835 0.12988 0.1244 0.12395 0.1254 0.12842 0.13306 0.13936 0.1504 0.16517 0.18004 0.19132 0.19627 0.19726 0.1953 0.19089 0.18384 0.17314 0.1603 0.14797 0.13854 0.13299 0.12794 0.12311 0.1186 0.11452 0.11064 0.10684 0.10309 0.099281 0.095343 0.091434 0.087699 0.084073 0.080439 0.076908 0.073532 0.070225 0.066944 0.063599 0.059833 0.055793 0.051815 0.04826 0.045456 0.043539 0.0421 0.040732 0.039058 0.036869 0.034568 0.032227 0.029854 0.02745 0.024937 0.021849 0.018485 0.015278 0.012635 0.010919 0.0098339 0.0088887 0.0080206 0.007181 0.0063284 0.0054225 0.0043831 0.0032815 0.002224 0.0013009 0.00059281 0.00017549 0 0 0 0 0 0 4.3446e-08 0 0 0 0 
296.5 0 0 0.0059589 0.011395 0.015995 0.026469 0.040068 0.054322 0.071328 0.090731 0.10828 0.1218 0.13305 0.14198 0.14792 0.1502 0.14634 0.13835 0.12991 0.12444 0.12398 0.12541 0.12841 0.13303 0.13932 0.15035 0.16511 0.17998 0.19127 0.19623 0.19725 0.19533 0.19095 0.18392 0.17322 0.16037 0.14803 0.13857 0.13301 0.12795 0.12311 0.11859 0.11451 0.11063 0.10681 0.10306 0.099248 0.095308 0.091399 0.087665 0.08404 0.080402 0.076861 0.073477 0.070167 0.066884 0.063535 0.05978 0.055766 0.051814 0.048271 0.045461 0.043533 0.042085 0.04071 0.039033 0.036844 0.034544 0.032204 0.029832 0.02743 0.024921 0.021838 0.018479 0.015277 0.012636 0.010919 0.0098328 0.0088871 0.0080194 0.0071809 0.0063294 0.0054239 0.0043844 0.0032821 0.0022239 0.0013003 0.00059214 0.00017542 0 0 0 0 0 0 4.4334e-08 0 0 0 0 
297 0 0 0.005955 0.011388 0.015981 0.026444 0.040038 0.054285 0.071277 0.090665 0.10821 0.12172 0.13298 0.14191 0.14786 0.15015 0.14631 0.13835 0.12993 0.12447 0.124 0.12542 0.12841 0.13301 0.13927 0.15029 0.16504 0.17991 0.19121 0.1962 0.19725 0.19537 0.19101 0.18399 0.17329 0.16043 0.14808 0.13861 0.13304 0.12796 0.12311 0.11858 0.11449 0.11061 0.10679 0.10303 0.099215 0.095273 0.091364 0.087631 0.084008 0.080365 0.076815 0.073422 0.07011 0.066824 0.063471 0.059728 0.055739 0.051812 0.048283 0.045465 0.043527 0.042069 0.040688 0.039008 0.03682 0.03452 0.032181 0.029811 0.027411 0.024905 0.021827 0.018473 0.015276 0.012637 0.01092 0.0098318 0.0088855 0.0080183 0.0071808 0.0063303 0.0054254 0.0043857 0.0032827 0.0022238 0.0012997 0.00059147 0.00017536 0 0 0 0 0 0 4.5221e-08 0 0 0 0 
297.5 0 0 0.0059512 0.011381 0.015967 0.026418 0.040007 0.054248 0.071226 0.090599 0.10814 0.12164 0.13291 0.14185 0.14781 0.15011 0.14628 0.13835 0.12995 0.1245 0.12403 0.12543 0.1284 0.13298 0.13923 0.15024 0.16498 0.17984 0.19116 0.19616 0.19725 0.1954 0.19107 0.18406 0.17337 0.1605 0.14813 0.13864 0.13306 0.12797 0.12311 0.11858 0.11448 0.11059 0.10676 0.10301 0.099183 0.095238 0.091328 0.087598 0.083975 0.080328 0.076768 0.073367 0.070053 0.066764 0.063407 0.059676 0.055712 0.051811 0.048295 0.04547 0.043521 0.042054 0.040666 0.038983 0.036795 0.034496 0.032158 0.029789 0.027391 0.024888 0.021816 0.018468 0.015275 0.012639 0.01092 0.0098308 0.0088839 0.0080171 0.0071806 0.0063313 0.0054269 0.004387 0.0032833 0.0022237 0.0012991 0.0005908 0.00017529 0 0 0 0 0 0 4.6109e-08 0 0 0 0 
298 0 0 0.0059507 0.011377 0.015961 0.026406 0.039986 0.054214 0.071176 0.090527 0.10804 0.12153 0.13279 0.14173 0.14769 0.14999 0.14619 0.13831 0.12997 0.12456 0.12408 0.12547 0.12842 0.13297 0.13919 0.15018 0.16492 0.17978 0.19109 0.19609 0.19719 0.19536 0.19103 0.18403 0.17333 0.16049 0.14813 0.13866 0.13305 0.12793 0.12304 0.11849 0.1144 0.11051 0.10669 0.10293 0.099113 0.095175 0.091273 0.087545 0.083924 0.080283 0.076734 0.073346 0.070041 0.066761 0.063414 0.059684 0.055711 0.0518 0.048279 0.04546 0.043521 0.042063 0.040681 0.039001 0.036811 0.034508 0.032166 0.029791 0.027387 0.024881 0.02181 0.018465 0.015276 0.012642 0.010923 0.0098338 0.0088861 0.0080181 0.0071805 0.0063304 0.005426 0.004387 0.0032845 0.0022259 0.0013016 0.00059282 0.00017559 0 0 0 0 0 0 4.4027e-08 0 0 0 0 
298.5 0 0 0.0059508 0.011375 0.015957 0.026396 0.039966 0.054182 0.071126 0.090453 0.10794 0.12142 0.13267 0.1416 0.14756 0.14986 0.14609 0.13827 0.12999 0.12462 0.12414 0.12552 0.12844 0.13296 0.13914 0.15012 0.16486 0.17973 0.19101 0.19601 0.19712 0.1953 0.19098 0.18397 0.17328 0.16046 0.14813 0.13866 0.13302 0.12787 0.12296 0.11839 0.1143 0.11043 0.10661 0.10286 0.099037 0.095107 0.091213 0.087489 0.08387 0.080235 0.076703 0.073332 0.070038 0.066771 0.063436 0.059705 0.055716 0.051786 0.048257 0.045447 0.043523 0.042078 0.040704 0.039028 0.036835 0.034528 0.032179 0.029797 0.027387 0.024876 0.021805 0.018463 0.015277 0.012646 0.010928 0.0098376 0.008889 0.0080196 0.0071804 0.0063292 0.0054246 0.0043867 0.0032859 0.0022285 0.0013047 0.00059537 0.00017596 0 0 0 0 0 0 4.1357e-08 0 0 0 0 
299 0 0 0.0059509 0.011372 0.015952 0.026386 0.039946 0.054149 0.071076 0.090379 0.10784 0.1213 0.13254 0.14147 0.14743 0.14972 0.14599 0.13822 0.13001 0.12468 0.1242 0.12557 0.12847 0.13295 0.1391 0.15006 0.16481 0.17967 0.19094 0.19592 0.19705 0.19524 0.19093 0.18391 0.17323 0.16043 0.14813 0.13867 0.133 0.12782 0.12287 0.11829 0.1142 0.11034 0.10653 0.10278 0.09896 0.095038 0.091154 0.087433 0.083816 0.080188 0.076672 0.073318 0.070036 0.06678 0.063458 0.059725 0.055721 0.051773 0.048235 0.045434 0.043524 0.042092 0.040727 0.039054 0.036858 0.034547 0.032193 0.029803 0.027386 0.02487 0.0218 0.01846 0.015278 0.012649 0.010932 0.0098415 0.0088919 0.008021 0.0071803 0.006328 0.0054233 0.0043865 0.0032872 0.002231 0.0013079 0.00059792 0.00017632 0 0 0 0 0 0 3.8687e-08 0 0 0 0 
299.5 0 0 0.005951 0.01137 0.015948 0.026377 0.039928 0.05412 0.071031 0.090313 0.10776 0.1212 0.13243 0.14136 0.14731 0.14961 0.1459 0.13819 0.13003 0.12474 0.12426 0.12562 0.12849 0.13295 0.13907 0.15002 0.16476 0.17962 0.19089 0.19586 0.19699 0.1952 0.1909 0.18387 0.17318 0.16041 0.14813 0.13868 0.13299 0.12777 0.1228 0.1182 0.11411 0.11026 0.10646 0.10271 0.098894 0.09498 0.091104 0.087387 0.083771 0.080151 0.076649 0.07331 0.070039 0.066794 0.063484 0.059748 0.055728 0.051761 0.048215 0.045422 0.043525 0.042105 0.040749 0.039079 0.03688 0.034565 0.032205 0.029809 0.027385 0.024865 0.021795 0.018458 0.015279 0.012652 0.010935 0.0098446 0.0088943 0.0080222 0.0071801 0.0063268 0.0054221 0.0043863 0.0032884 0.0022334 0.0013107 0.00060021 0.00017667 0 0 0 0 0 0 3.6339e-08 0 0 0 0 
300 0 0 0.0059517 0.011372 0.015953 0.026386 0.039945 0.054147 0.07107 0.090367 0.10782 0.12128 0.13252 0.14146 0.14742 0.14972 0.146 0.13826 0.13007 0.12476 0.12429 0.12566 0.12855 0.13303 0.13917 0.15014 0.16491 0.17979 0.19106 0.19603 0.19715 0.19534 0.19102 0.18398 0.17328 0.1605 0.14821 0.13876 0.13307 0.12786 0.12288 0.11829 0.1142 0.11035 0.10655 0.10279 0.098981 0.09507 0.091197 0.087482 0.08387 0.080254 0.076753 0.073409 0.070129 0.066876 0.06356 0.059808 0.055766 0.051776 0.048215 0.04542 0.043523 0.042104 0.040748 0.039078 0.036878 0.034562 0.032202 0.029806 0.027382 0.024861 0.021792 0.018455 0.015276 0.012648 0.010929 0.0098377 0.0088885 0.0080185 0.0071787 0.0063272 0.0054232 0.0043871 0.0032882 0.0022321 0.0013087 0.00059858 0.00017674 0 0 0 0 0 0 3.8742e-08 0 0 0 0 
300.5 0 0 0.0059523 0.011374 0.015957 0.026395 0.039963 0.054174 0.071108 0.09042 0.10789 0.12136 0.13261 0.14156 0.14752 0.14983 0.1461 0.13833 0.13011 0.12478 0.12432 0.1257 0.12861 0.13311 0.13927 0.15027 0.16506 0.17996 0.19124 0.1962 0.19731 0.19548 0.19114 0.18409 0.17338 0.16059 0.14829 0.13884 0.13315 0.12794 0.12297 0.11837 0.11429 0.11044 0.10664 0.10288 0.099069 0.09516 0.091289 0.087578 0.083969 0.080357 0.076857 0.073508 0.070219 0.066958 0.063635 0.059869 0.055803 0.051791 0.048215 0.045418 0.043521 0.042103 0.040747 0.039077 0.036876 0.03456 0.032199 0.029802 0.027378 0.024857 0.021788 0.018452 0.015273 0.012644 0.010923 0.0098308 0.0088828 0.0080149 0.0071774 0.0063276 0.0054243 0.0043879 0.003288 0.0022308 0.0013068 0.00059694 0.00017682 0 0 0 0 0 0 4.1145e-08 0 0 0 0 
301 0 0 0.005953 0.011377 0.015961 0.026404 0.03998 0.0542 0.071147 0.090474 0.10796 0.12144 0.13271 0.14166 0.14763 0.14994 0.1462 0.1384 0.13015 0.12481 0.12435 0.12574 0.12867 0.13319 0.13937 0.15039 0.16521 0.18013 0.19142 0.19638 0.19747 0.19563 0.19127 0.1842 0.17348 0.16068 0.14838 0.13893 0.13324 0.12803 0.12306 0.11846 0.11438 0.11052 0.10672 0.10297 0.099157 0.09525 0.091382 0.087673 0.084068 0.08046 0.076961 0.073606 0.070309 0.067039 0.063711 0.059929 0.055841 0.051806 0.048216 0.045416 0.043519 0.042102 0.040747 0.039076 0.036874 0.034557 0.032196 0.029799 0.027374 0.024854 0.021785 0.01845 0.015269 0.012639 0.010916 0.0098238 0.008877 0.0080112 0.007176 0.006328 0.0054255 0.0043887 0.0032878 0.0022295 0.0013049 0.00059531 0.00017689 0 0 0 0 0 0 4.3548e-08 0 0 0 0 
301.5 0 0 0.0059519 0.011377 0.015964 0.026411 0.039993 0.054222 0.07118 0.090521 0.10802 0.12152 0.13279 0.14175 0.14773 0.15005 0.14629 0.13845 0.13017 0.1248 0.12435 0.12576 0.12871 0.13325 0.13945 0.1505 0.16533 0.18027 0.19157 0.19652 0.19759 0.19572 0.19135 0.18426 0.17354 0.16073 0.14842 0.13897 0.13328 0.12808 0.12311 0.11852 0.11443 0.11058 0.10678 0.10303 0.099219 0.095314 0.091448 0.087742 0.084141 0.080535 0.077033 0.073672 0.070368 0.067092 0.063758 0.059964 0.055862 0.051814 0.048215 0.045412 0.043515 0.042097 0.040742 0.039072 0.036871 0.034554 0.032194 0.029798 0.027375 0.024855 0.021788 0.018452 0.015271 0.01264 0.010916 0.0098227 0.0088763 0.0080112 0.0071768 0.0063294 0.0054272 0.0043901 0.0032887 0.0022296 0.0013044 0.0005948 0.00017701 0 0 0 0 0 0 4.4163e-08 0 0 0 0 
302 0 0 0.0059464 0.011371 0.015961 0.026411 0.039997 0.054232 0.0712 0.090555 0.10808 0.12158 0.13287 0.14184 0.14783 0.15016 0.14637 0.13848 0.13013 0.12473 0.12429 0.12572 0.12869 0.13327 0.13951 0.15057 0.16541 0.18034 0.19163 0.19658 0.19762 0.19572 0.19132 0.18422 0.17349 0.16068 0.14838 0.13893 0.13324 0.12804 0.12308 0.1185 0.11442 0.11057 0.10678 0.10302 0.099219 0.095314 0.091448 0.087747 0.084148 0.08054 0.077027 0.073657 0.070351 0.067073 0.063732 0.059938 0.055844 0.051807 0.048213 0.045406 0.043504 0.042083 0.040728 0.039061 0.036864 0.034552 0.032196 0.029805 0.027386 0.024871 0.021804 0.018468 0.015285 0.012652 0.010928 0.0098356 0.0088879 0.0080203 0.0071831 0.0063335 0.0054302 0.0043933 0.0032921 0.0022332 0.0013077 0.00059701 0.00017727 0 0 0 0 0 0 4.0415e-08 0 0 0 0 
302.5 0 0 0.0059409 0.011366 0.015959 0.026411 0.04 0.054242 0.07122 0.090589 0.10813 0.12165 0.13295 0.14192 0.14792 0.15026 0.14645 0.1385 0.1301 0.12466 0.12423 0.12567 0.12868 0.13329 0.13956 0.15064 0.16548 0.18041 0.1917 0.19664 0.19765 0.19572 0.19129 0.18418 0.17345 0.16064 0.14834 0.13888 0.13321 0.12801 0.12306 0.11848 0.1144 0.11056 0.10677 0.10302 0.099218 0.095313 0.091448 0.087751 0.084156 0.080545 0.077021 0.073642 0.070335 0.067053 0.063707 0.059913 0.055826 0.0518 0.048211 0.045399 0.043492 0.042069 0.040714 0.039049 0.036857 0.034549 0.032198 0.029812 0.027397 0.024886 0.021821 0.018483 0.015299 0.012665 0.01094 0.0098486 0.0088995 0.0080294 0.0071894 0.0063375 0.0054333 0.0043964 0.0032955 0.0022368 0.0013109 0.00059922 0.00017752 0 0 0 0 0 0 3.6667e-08 0 0 0 0 
303 0 0 0.0059354 0.01136 0.015956 0.026411 0.040004 0.054252 0.07124 0.090623 0.10818 0.12172 0.13302 0.14201 0.14802 0.15037 0.14653 0.13853 0.13006 0.12459 0.12417 0.12563 0.12866 0.13331 0.13962 0.15072 0.16555 0.18048 0.19177 0.1967 0.19768 0.19571 0.19126 0.18414 0.17341 0.16059 0.14829 0.13884 0.13317 0.12798 0.12303 0.11846 0.11438 0.11055 0.10676 0.10302 0.099218 0.095313 0.091449 0.087755 0.084164 0.08055 0.077015 0.073628 0.070318 0.067034 0.063681 0.059887 0.055809 0.051793 0.048209 0.045393 0.043481 0.042054 0.0407 0.039038 0.03685 0.034547 0.0322 0.029818 0.027408 0.024901 0.021837 0.018499 0.015313 0.012677 0.010952 0.0098615 0.0089111 0.0080385 0.0071956 0.0063415 0.0054363 0.0043995 0.003299 0.0022403 0.0013141 0.00060143 0.00017778 0 0 0 0 0 0 3.2919e-08 0 0 0 0 
303.5 0 0 0.0059346 0.01136 0.015958 0.026413 0.040006 0.054255 0.071245 0.090631 0.10819 0.12173 0.13304 0.14202 0.14803 0.15038 0.14654 0.13851 0.13001 0.12453 0.12411 0.12559 0.12863 0.1333 0.13962 0.15072 0.16555 0.18047 0.19176 0.19668 0.19766 0.19568 0.19122 0.1841 0.17337 0.16055 0.14825 0.1388 0.13312 0.12793 0.12298 0.1184 0.11433 0.1105 0.10671 0.10297 0.099172 0.095267 0.091402 0.08771 0.084121 0.080505 0.076967 0.073581 0.070277 0.066998 0.063647 0.059855 0.055782 0.051772 0.048191 0.045374 0.043465 0.042045 0.040696 0.039039 0.036852 0.034549 0.032202 0.029819 0.027408 0.0249 0.021839 0.018503 0.015318 0.012683 0.010957 0.009866 0.0089154 0.0080424 0.0071989 0.006344 0.0054386 0.0044017 0.0033011 0.0022422 0.0013155 0.0006022 0.00017795 0 0 0 0 0 0 3.0387e-08 0 0 0 0 
304 0 0 0.0059383 0.011365 0.015963 0.026417 0.040007 0.054252 0.071236 0.090614 0.10816 0.1217 0.133 0.14197 0.14797 0.15031 0.14646 0.13844 0.12995 0.12447 0.12405 0.12554 0.12859 0.13325 0.13957 0.15066 0.16548 0.18038 0.19167 0.1966 0.19759 0.19563 0.19118 0.18407 0.17333 0.16052 0.14821 0.13876 0.13306 0.12786 0.1229 0.11832 0.11424 0.11041 0.10662 0.10288 0.099084 0.095178 0.091312 0.08762 0.08403 0.080414 0.076881 0.073505 0.070214 0.066947 0.063605 0.059818 0.055748 0.051738 0.048158 0.045344 0.043446 0.042039 0.040702 0.039051 0.036862 0.034555 0.032203 0.029814 0.027397 0.024886 0.021827 0.018496 0.015315 0.012682 0.010955 0.0098626 0.008913 0.0080415 0.0071992 0.0063452 0.0054401 0.0044032 0.0033021 0.0022424 0.0013151 0.00060163 0.00017803 0 0 0 0 0 0 2.8989e-08 0 0 0 0 
304.5 0 0 0.0059419 0.01137 0.015968 0.026421 0.040008 0.054248 0.071226 0.090597 0.10814 0.12167 0.13295 0.14191 0.1479 0.15024 0.14639 0.13837 0.12989 0.12442 0.124 0.12549 0.12855 0.13321 0.13952 0.1506 0.16541 0.1803 0.19157 0.19651 0.19752 0.19558 0.19114 0.18403 0.1733 0.16048 0.14818 0.13871 0.13301 0.12779 0.12282 0.11823 0.11416 0.11032 0.10653 0.1028 0.098996 0.095089 0.091223 0.087529 0.083939 0.080323 0.076794 0.073429 0.070151 0.066896 0.063562 0.059781 0.055713 0.051704 0.048125 0.045314 0.043426 0.042033 0.040708 0.039064 0.036873 0.034561 0.032204 0.029809 0.027386 0.024872 0.021815 0.018488 0.015312 0.012682 0.010953 0.0098591 0.0089106 0.0080405 0.0071996 0.0063463 0.0054416 0.0044046 0.0033031 0.0022427 0.0013147 0.00060106 0.00017812 0 0 0 0 0 0 2.759e-08 0 0 0 0 
305 0 0 0.0059455 0.011374 0.015973 0.026425 0.040008 0.054244 0.071217 0.090581 0.10812 0.12163 0.13291 0.14186 0.14784 0.15017 0.14632 0.1383 0.12983 0.12436 0.12395 0.12544 0.12851 0.13317 0.13948 0.15054 0.16534 0.18022 0.19148 0.19643 0.19745 0.19552 0.1911 0.18399 0.17326 0.16045 0.14814 0.13867 0.13296 0.12773 0.12275 0.11815 0.11407 0.11023 0.10645 0.10271 0.098908 0.095 0.091133 0.087439 0.083849 0.080233 0.076708 0.073353 0.070087 0.066845 0.06352 0.059744 0.055679 0.05167 0.048092 0.045284 0.043407 0.042027 0.040714 0.039077 0.036884 0.034568 0.032205 0.029804 0.027375 0.024857 0.021803 0.018481 0.015309 0.012681 0.01095 0.0098557 0.0089081 0.0080396 0.0071999 0.0063475 0.0054431 0.004406 0.0033041 0.0022429 0.0013142 0.00060048 0.0001782 0 0 0 0 0 0 2.6191e-08 0 0 0 0 
305.5 0 0 0.0059518 0.011384 0.01598 0.026433 0.040018 0.054251 0.071218 0.090574 0.1081 0.12162 0.13289 0.14184 0.14782 0.15014 0.1463 0.13828 0.1298 0.12433 0.12392 0.12541 0.12847 0.13312 0.13942 0.15048 0.16527 0.18014 0.1914 0.19635 0.19738 0.19546 0.19104 0.18394 0.17322 0.1604 0.1481 0.13864 0.13294 0.12772 0.12275 0.11816 0.11407 0.11023 0.10644 0.10269 0.098891 0.094982 0.091113 0.087419 0.08383 0.080216 0.076695 0.073346 0.070086 0.066849 0.063527 0.05975 0.055679 0.051666 0.048086 0.045281 0.043404 0.042024 0.04071 0.039072 0.036881 0.034566 0.032205 0.029805 0.027377 0.02486 0.021806 0.018482 0.015307 0.012676 0.010943 0.0098489 0.0089028 0.0080361 0.0071983 0.0063472 0.0054436 0.0044068 0.0033045 0.0022425 0.0013132 0.00059948 0.00017838 0 0 0 0 0 0 2.5411e-08 0 0 0 0 
306 0 0 0.0059591 0.011394 0.015988 0.026441 0.04003 0.054263 0.071222 0.09057 0.10809 0.12161 0.13288 0.14183 0.14781 0.15014 0.14629 0.13827 0.12979 0.12432 0.1239 0.12538 0.12843 0.13307 0.13936 0.15041 0.16519 0.18006 0.19132 0.19627 0.1973 0.19538 0.19097 0.18389 0.17317 0.16036 0.14806 0.13861 0.13293 0.12774 0.12278 0.1182 0.11411 0.11026 0.10646 0.10271 0.098898 0.094987 0.091118 0.087424 0.083836 0.080225 0.076708 0.073363 0.070106 0.066872 0.063552 0.05977 0.055691 0.051671 0.048089 0.045288 0.043408 0.042021 0.040702 0.039061 0.036873 0.034562 0.032204 0.029807 0.027383 0.024869 0.021814 0.018486 0.015306 0.01267 0.010935 0.009841 0.0088965 0.0080318 0.0071959 0.0063464 0.0054439 0.0044074 0.0033046 0.0022419 0.0013119 0.00059834 0.00017858 0 0 0 0 0 0 2.4843e-08 0 0 0 0 
306.5 0 0 0.0059664 0.011405 0.015997 0.02645 0.040043 0.054274 0.071226 0.090567 0.10809 0.1216 0.13288 0.14183 0.14781 0.15014 0.14628 0.13826 0.12978 0.1243 0.12388 0.12535 0.12839 0.13302 0.13929 0.15034 0.16511 0.17997 0.19124 0.19619 0.19722 0.19531 0.19091 0.18383 0.17312 0.16031 0.14801 0.13857 0.13292 0.12775 0.12282 0.11824 0.11415 0.11029 0.10648 0.10272 0.098905 0.094993 0.091123 0.087429 0.083842 0.080234 0.076721 0.073379 0.070127 0.066895 0.063576 0.059789 0.055704 0.051677 0.048092 0.045294 0.043412 0.042019 0.040693 0.039051 0.036865 0.034557 0.032203 0.029809 0.027389 0.024877 0.021821 0.01849 0.015305 0.012664 0.010926 0.0098331 0.0088902 0.0080276 0.0071936 0.0063456 0.0054441 0.004408 0.0033048 0.0022412 0.0013106 0.00059719 0.00017878 0 0 0 0 0 0 2.4275e-08 0 0 0 0 
307 0 0 0.0059737 0.011415 0.016005 0.026459 0.040055 0.054286 0.07123 0.090563 0.10808 0.12159 0.13287 0.14182 0.1478 0.15013 0.14628 0.13825 0.12976 0.12429 0.12386 0.12533 0.12835 0.13296 0.13923 0.15027 0.16503 0.17989 0.19116 0.19611 0.19714 0.19523 0.19084 0.18378 0.17307 0.16026 0.14797 0.13854 0.13291 0.12777 0.12285 0.11828 0.11419 0.11032 0.1065 0.10273 0.098912 0.094998 0.091127 0.087433 0.083848 0.080243 0.076733 0.073396 0.070147 0.066918 0.0636 0.059809 0.055716 0.051682 0.048095 0.0453 0.043415 0.042017 0.040685 0.03904 0.036857 0.034553 0.032201 0.029812 0.027395 0.024886 0.021829 0.018493 0.015303 0.012658 0.010918 0.0098252 0.0088839 0.0080233 0.0071912 0.0063448 0.0054444 0.0044086 0.003305 0.0022406 0.0013093 0.00059605 0.00017898 0 0 0 0 0 0 2.3706e-08 0 0 0 0 
307.5 0 0 0.0059688 0.011407 0.015998 0.026451 0.040044 0.054273 0.071221 0.090559 0.10808 0.12159 0.13286 0.14181 0.14779 0.15012 0.14627 0.13824 0.12976 0.12428 0.12385 0.12532 0.12835 0.13298 0.13926 0.1503 0.16508 0.17995 0.19122 0.19617 0.19719 0.19527 0.19086 0.1838 0.17308 0.16027 0.14796 0.13853 0.1329 0.12776 0.12284 0.11828 0.1142 0.11033 0.10652 0.10276 0.098948 0.095036 0.091167 0.087475 0.083891 0.080285 0.076769 0.073415 0.070147 0.0669 0.063573 0.059781 0.05569 0.05166 0.048072 0.04527 0.043377 0.041972 0.040638 0.038994 0.036818 0.034521 0.032177 0.029795 0.027386 0.024885 0.021832 0.018496 0.015304 0.012656 0.010913 0.0098207 0.0088808 0.0080221 0.0071921 0.0063473 0.0054474 0.0044109 0.0033059 0.00224 0.0013079 0.00059477 0.00017917 1.22e-06 0 0 0 0 0 2.5448e-08 0 0 0 0 
308 0 0 0.0059637 0.011398 0.01599 0.026442 0.040031 0.05426 0.071212 0.090555 0.10808 0.12159 0.13286 0.1418 0.14778 0.15011 0.14626 0.13823 0.12975 0.12427 0.12385 0.12532 0.12835 0.133 0.13929 0.15034 0.16513 0.18 0.19129 0.19623 0.19724 0.19531 0.19089 0.18382 0.1731 0.16027 0.14795 0.13851 0.13288 0.12774 0.12284 0.11828 0.1142 0.11035 0.10655 0.10279 0.098984 0.095075 0.091208 0.087517 0.083934 0.080329 0.076805 0.073435 0.070146 0.066881 0.063543 0.059751 0.055664 0.051637 0.048048 0.045239 0.043338 0.041926 0.040589 0.038948 0.036778 0.034488 0.032152 0.029778 0.027377 0.024883 0.021835 0.0185 0.015305 0.012654 0.010908 0.0098162 0.0088777 0.008021 0.0071931 0.0063498 0.0054505 0.0044132 0.0033067 0.0022395 0.0013065 0.0005935 0.00017935 2.4746e-06 0 0 0 0 0 2.7255e-08 0 0 0 0 
308.5 0 0 0.0059585 0.01139 0.015983 0.026434 0.040018 0.054246 0.071203 0.090551 0.10808 0.12159 0.13285 0.14179 0.14777 0.15009 0.14625 0.13822 0.12974 0.12426 0.12384 0.12532 0.12836 0.13301 0.13932 0.15039 0.16518 0.18006 0.19135 0.1963 0.1973 0.19535 0.19092 0.18384 0.17311 0.16027 0.14795 0.1385 0.13287 0.12773 0.12283 0.11828 0.11421 0.11036 0.10657 0.10282 0.099021 0.095114 0.091249 0.087559 0.083978 0.080373 0.076841 0.073454 0.070145 0.066862 0.063514 0.059721 0.055637 0.051613 0.048024 0.045208 0.043298 0.04188 0.04054 0.038901 0.036738 0.034455 0.032127 0.029761 0.027367 0.024882 0.021838 0.018503 0.015306 0.012651 0.010904 0.0098118 0.0088746 0.0080199 0.0071941 0.0063524 0.0054537 0.0044156 0.0033076 0.0022389 0.0013051 0.00059223 0.00017953 3.7292e-06 0 0 0 0 0 2.9062e-08 0 0 0 0 
309 0 0 0.0059557 0.011385 0.015979 0.02643 0.040012 0.05424 0.071199 0.090552 0.10808 0.12159 0.13285 0.14179 0.14775 0.15008 0.14623 0.13821 0.12973 0.12425 0.12384 0.12532 0.12836 0.13303 0.13935 0.15042 0.16521 0.1801 0.1914 0.19635 0.19734 0.19538 0.19094 0.18386 0.17312 0.16027 0.14793 0.13848 0.13285 0.12772 0.12283 0.11829 0.11422 0.11038 0.10659 0.10284 0.099044 0.095137 0.09127 0.08758 0.083998 0.080391 0.076855 0.07346 0.070141 0.06685 0.063497 0.059703 0.055622 0.0516 0.048012 0.045191 0.043277 0.041854 0.040513 0.038875 0.036716 0.034437 0.032114 0.029752 0.027363 0.024883 0.021842 0.018507 0.015309 0.012654 0.010905 0.0098138 0.0088766 0.0080218 0.0071959 0.0063542 0.0054554 0.0044172 0.0033089 0.0022399 0.0013059 0.00059276 0.00017973 4.4823e-06 0 0 0 0 0 2.8892e-08 0 0 0 0 
309.5 0 0 0.0059625 0.011395 0.01599 0.026445 0.04003 0.054259 0.071219 0.09057 0.10809 0.12159 0.13285 0.14178 0.14774 0.15006 0.14621 0.13819 0.12971 0.12424 0.12383 0.12532 0.12836 0.13303 0.13935 0.15042 0.16521 0.18008 0.19137 0.19632 0.19731 0.19536 0.19093 0.18384 0.17309 0.16022 0.14787 0.13843 0.13283 0.12773 0.12286 0.11832 0.11425 0.11039 0.10658 0.10283 0.099012 0.095093 0.091216 0.087515 0.083924 0.080309 0.076779 0.07341 0.070124 0.066862 0.063526 0.059736 0.055653 0.051629 0.048043 0.045232 0.043327 0.041911 0.040573 0.038933 0.036765 0.034477 0.032145 0.029776 0.02738 0.024892 0.021849 0.018517 0.015324 0.012675 0.010932 0.0098416 0.0088989 0.0080356 0.0072011 0.0063529 0.0054516 0.0044156 0.0033117 0.0022471 0.0013154 0.00060055 0.00017997 3.2278e-06 0 0 0 0 0 2.0805e-08 0 0 0 0 
310 0 0 0.0059693 0.011404 0.016 0.02646 0.040049 0.054279 0.071238 0.090588 0.10811 0.1216 0.13285 0.14177 0.14772 0.15004 0.14619 0.13816 0.12968 0.12422 0.12383 0.12532 0.12836 0.13303 0.13936 0.15043 0.1652 0.18006 0.19134 0.19629 0.19729 0.19534 0.19091 0.18383 0.17307 0.16017 0.14781 0.13838 0.13282 0.12774 0.12289 0.11836 0.11428 0.1104 0.10658 0.10281 0.09898 0.095049 0.091161 0.087451 0.083849 0.080226 0.076704 0.07336 0.070107 0.066875 0.063555 0.059769 0.055684 0.051658 0.048074 0.045273 0.043377 0.041968 0.040633 0.03899 0.036814 0.034517 0.032176 0.0298 0.027397 0.024902 0.021856 0.018526 0.015339 0.012696 0.010959 0.0098694 0.0089211 0.0080495 0.0072063 0.0063515 0.0054478 0.0044139 0.0033145 0.0022543 0.0013249 0.00060834 0.00018022 1.9732e-06 0 0 0 0 0 1.2719e-08 0 0 0 0 
310.5 0 0 0.005976 0.011414 0.016011 0.026475 0.040067 0.054298 0.071257 0.090606 0.10812 0.12161 0.13285 0.14176 0.14771 0.15002 0.14616 0.13813 0.12966 0.12421 0.12382 0.12532 0.12836 0.13303 0.13936 0.15043 0.16519 0.18004 0.1913 0.19626 0.19726 0.19532 0.19089 0.18381 0.17304 0.16012 0.14775 0.13833 0.1328 0.12775 0.12292 0.1184 0.1143 0.11041 0.10658 0.10279 0.098948 0.095006 0.091106 0.087386 0.083775 0.080143 0.076628 0.07331 0.070091 0.066888 0.063584 0.059802 0.055715 0.051687 0.048105 0.045314 0.043428 0.042026 0.040693 0.039048 0.036863 0.034556 0.032208 0.029824 0.027413 0.024912 0.021864 0.018536 0.015354 0.012718 0.010986 0.0098972 0.0089434 0.0080633 0.0072114 0.0063502 0.0054441 0.0044123 0.0033173 0.0022615 0.0013344 0.00061613 0.00018046 7.1863e-07 0 0 0 0 0 4.6322e-09 0 0 0 0 
311 0 0 0.0059806 0.01142 0.016016 0.026481 0.040073 0.054302 0.071256 0.090598 0.1081 0.12159 0.13283 0.14173 0.14767 0.14997 0.14612 0.13809 0.12962 0.12417 0.12379 0.12529 0.12833 0.13299 0.13933 0.15039 0.16514 0.17998 0.19123 0.19619 0.19719 0.19525 0.19083 0.18375 0.17298 0.16007 0.1477 0.13828 0.13276 0.12771 0.12288 0.11836 0.11427 0.11038 0.10654 0.10275 0.098907 0.094964 0.091064 0.087344 0.083733 0.080102 0.07659 0.073282 0.070074 0.066882 0.063585 0.059807 0.055723 0.051695 0.048114 0.045326 0.043444 0.042047 0.04072 0.039075 0.036886 0.034574 0.03222 0.029832 0.027417 0.024911 0.021862 0.018536 0.015357 0.012722 0.010991 0.0099019 0.0089467 0.0080649 0.0072115 0.0063492 0.0054428 0.0044118 0.0033179 0.0022633 0.0013367 0.00061807 0.00018063 1.9978e-08 0 0 0 0 0 2.1832e-09 0 0 0 0 
311.5 0 0 0.0059823 0.01142 0.016013 0.026475 0.040062 0.054283 0.071226 0.090556 0.10805 0.12153 0.13276 0.14166 0.1476 0.1499 0.14604 0.13802 0.12955 0.1241 0.12372 0.12521 0.12825 0.13291 0.13924 0.15029 0.16504 0.17987 0.19111 0.19605 0.19706 0.19511 0.1907 0.18363 0.17288 0.16001 0.14767 0.13825 0.13269 0.12761 0.12275 0.11822 0.11414 0.11027 0.10645 0.10268 0.098853 0.094925 0.091039 0.087333 0.083735 0.080115 0.076604 0.073283 0.070058 0.066851 0.063549 0.059775 0.055698 0.051676 0.048095 0.045299 0.043415 0.042022 0.040701 0.039061 0.036873 0.03456 0.032206 0.029817 0.027401 0.024897 0.021849 0.018524 0.015343 0.012705 0.010967 0.0098757 0.0089244 0.00805 0.0072046 0.0063486 0.0054449 0.0044127 0.0033156 0.0022577 0.0013294 0.00061219 0.00018071 6.6745e-08 0 0 0 0 0 7.2939e-09 0 0 0 0 
312 0 0 0.005984 0.011421 0.01601 0.026468 0.040051 0.054264 0.071196 0.090514 0.108 0.12147 0.1327 0.14159 0.14753 0.14983 0.14597 0.13795 0.12948 0.12404 0.12365 0.12514 0.12817 0.13282 0.13914 0.15019 0.16493 0.17975 0.19099 0.19592 0.19692 0.19498 0.19057 0.1835 0.17278 0.15995 0.14763 0.13821 0.13261 0.1275 0.12262 0.11808 0.11401 0.11016 0.10637 0.10261 0.098799 0.094885 0.091015 0.087321 0.083737 0.080128 0.076617 0.073283 0.070041 0.06682 0.063512 0.059743 0.055673 0.051657 0.048076 0.045272 0.043386 0.041997 0.040682 0.039047 0.03686 0.034547 0.032192 0.029802 0.027386 0.024882 0.021836 0.018511 0.01533 0.012688 0.010944 0.0098496 0.0089022 0.008035 0.0071977 0.0063481 0.0054471 0.0044136 0.0033133 0.002252 0.0013221 0.0006063 0.00018079 1.1351e-07 0 0 0 0 0 1.2405e-08 0 0 0 0 
312.5 0 0 0.0059857 0.011421 0.016008 0.026461 0.04004 0.054245 0.071166 0.090472 0.10795 0.12142 0.13263 0.14153 0.14746 0.14975 0.1459 0.13788 0.12942 0.12397 0.12357 0.12506 0.12809 0.13274 0.13905 0.15009 0.16482 0.17964 0.19087 0.19579 0.19679 0.19484 0.19043 0.18338 0.17269 0.15989 0.1476 0.13817 0.13254 0.1274 0.12249 0.11794 0.11388 0.11006 0.10628 0.10254 0.098745 0.094846 0.09099 0.08731 0.083739 0.080141 0.07663 0.073284 0.070025 0.066789 0.063476 0.05971 0.055648 0.051638 0.048056 0.045244 0.043357 0.041972 0.040663 0.039033 0.036847 0.034533 0.032177 0.029787 0.027371 0.024867 0.021823 0.018499 0.015316 0.01267 0.01092 0.0098234 0.00888 0.0080201 0.0071908 0.0063475 0.0054492 0.0044145 0.003311 0.0022464 0.0013148 0.00060041 0.00018087 1.6028e-07 0 0 0 0 0 1.7515e-08 0 0 0 0 
313 0 0 0.0059869 0.011424 0.016011 0.026465 0.040044 0.05425 0.07117 0.090477 0.10796 0.12142 0.13264 0.14152 0.14745 0.14974 0.14589 0.13787 0.1294 0.12394 0.12355 0.12504 0.12807 0.13272 0.13903 0.15007 0.16481 0.17963 0.19086 0.19578 0.19677 0.19482 0.19041 0.18335 0.17266 0.15987 0.14759 0.13816 0.13252 0.12736 0.12244 0.11788 0.11383 0.11002 0.10625 0.10252 0.098725 0.094828 0.090972 0.087293 0.083723 0.080127 0.076616 0.073271 0.070013 0.066779 0.063467 0.059703 0.055641 0.051631 0.04805 0.045239 0.043353 0.041969 0.04066 0.039031 0.036846 0.034533 0.032177 0.029788 0.027371 0.024868 0.021825 0.018501 0.015317 0.012669 0.010916 0.0098183 0.0088759 0.0080179 0.0071907 0.0063491 0.0054515 0.0044164 0.0033118 0.002246 0.0013135 0.00059921 0.00018111 1.4589e-07 0 0 0 0 0 1.7086e-08 0 0 0 0 
313.5 0 0 0.0059879 0.011428 0.016018 0.026475 0.040058 0.054268 0.071193 0.090506 0.10799 0.12146 0.13267 0.14156 0.14748 0.14977 0.14591 0.13788 0.1294 0.12394 0.12355 0.12504 0.12808 0.13273 0.13905 0.1501 0.16485 0.17968 0.19092 0.19584 0.19682 0.19486 0.19043 0.18336 0.17267 0.15988 0.1476 0.13817 0.13252 0.12736 0.12244 0.11788 0.11383 0.11001 0.10624 0.10252 0.098723 0.094821 0.090958 0.087273 0.083698 0.080098 0.076589 0.073251 0.070004 0.066779 0.063473 0.059709 0.055644 0.051631 0.04805 0.045245 0.043362 0.041977 0.040665 0.039035 0.036851 0.034539 0.032184 0.029796 0.02738 0.024878 0.021835 0.01851 0.015325 0.012676 0.010922 0.0098244 0.0088814 0.0080224 0.0071943 0.0063519 0.0054539 0.0044188 0.0033142 0.0022482 0.0013154 0.0006005 0.00018142 9.9108e-08 0 0 0 0 0 1.3722e-08 0 0 0 0 
314 0 0 0.0059889 0.011432 0.016024 0.026485 0.040071 0.054285 0.071216 0.090535 0.10802 0.12149 0.13271 0.14159 0.14751 0.1498 0.14593 0.13789 0.12941 0.12395 0.12355 0.12505 0.12809 0.13275 0.13907 0.15013 0.16489 0.17974 0.19098 0.19589 0.19686 0.19489 0.19046 0.18338 0.17268 0.15989 0.14761 0.13818 0.13252 0.12736 0.12244 0.11788 0.11382 0.11 0.10624 0.10251 0.098721 0.094813 0.090944 0.087253 0.083673 0.080068 0.076561 0.073232 0.069995 0.066779 0.063479 0.059716 0.055648 0.051631 0.048051 0.045252 0.043372 0.041985 0.04067 0.039038 0.036855 0.034545 0.032191 0.029804 0.027389 0.024888 0.021846 0.01852 0.015333 0.012683 0.010928 0.0098305 0.0088868 0.008027 0.0071978 0.0063546 0.0054563 0.0044213 0.0033166 0.0022505 0.0013173 0.00060178 0.00018174 5.2327e-08 0 0 0 0 0 1.0357e-08 0 0 0 0 
314.5 0 0 0.0059899 0.011436 0.016031 0.026495 0.040084 0.054303 0.071239 0.090564 0.10806 0.12153 0.13274 0.14162 0.14754 0.14983 0.14595 0.1379 0.12941 0.12395 0.12355 0.12505 0.1281 0.13276 0.13909 0.15016 0.16494 0.17979 0.19103 0.19594 0.19691 0.19493 0.19048 0.1834 0.1727 0.1599 0.14762 0.13818 0.13253 0.12736 0.12244 0.11787 0.11381 0.11 0.10623 0.10251 0.098718 0.094806 0.090929 0.087232 0.083647 0.080039 0.076533 0.073212 0.069985 0.06678 0.063485 0.059722 0.055651 0.05163 0.048051 0.045258 0.043381 0.041994 0.040676 0.039042 0.03686 0.034551 0.032199 0.029812 0.027398 0.024898 0.021856 0.018529 0.015342 0.01269 0.010934 0.0098366 0.0088923 0.0080315 0.0072013 0.0063573 0.0054587 0.0044237 0.003319 0.0022527 0.0013192 0.00060307 0.00018206 5.545e-09 0 0 0 0 0 6.9934e-09 0 0 0 0 
315 0 0 0.0059883 0.011434 0.016029 0.026494 0.040086 0.054311 0.071257 0.090592 0.10809 0.12157 0.13278 0.14167 0.14758 0.14987 0.14599 0.13794 0.12944 0.12397 0.12357 0.12507 0.12812 0.13279 0.13912 0.1502 0.16498 0.17984 0.19111 0.19603 0.197 0.19503 0.19059 0.18351 0.17279 0.15997 0.14767 0.13822 0.13257 0.12741 0.1225 0.11794 0.11389 0.11008 0.10632 0.1026 0.098813 0.0949 0.091021 0.087319 0.08373 0.080121 0.076618 0.073301 0.070078 0.066874 0.063579 0.059807 0.055719 0.05168 0.04809 0.045296 0.043417 0.042025 0.0407 0.039059 0.036871 0.034556 0.032199 0.029808 0.027391 0.024889 0.02185 0.018529 0.015346 0.012697 0.01094 0.0098407 0.0088956 0.0080346 0.0072042 0.0063601 0.0054613 0.0044262 0.0033214 0.0022547 0.0013206 0.0006039 0.00018229 0 0 0 0 0 0 7.9252e-09 0 0 0 0 
315.5 0 0 0.0059864 0.011432 0.016025 0.026491 0.040086 0.054318 0.071275 0.09062 0.10812 0.1216 0.13283 0.14172 0.14763 0.14991 0.14603 0.13798 0.12948 0.124 0.1236 0.12509 0.12814 0.13281 0.13915 0.15023 0.16502 0.17989 0.19118 0.19612 0.1971 0.19514 0.19071 0.18363 0.1729 0.16006 0.14772 0.13826 0.13262 0.12747 0.12256 0.11801 0.11397 0.11017 0.10642 0.10271 0.098921 0.095008 0.091127 0.08742 0.083827 0.080218 0.076718 0.073405 0.070183 0.066981 0.063686 0.059903 0.055796 0.051737 0.048134 0.045339 0.043457 0.042059 0.040726 0.039078 0.036883 0.034562 0.032199 0.029803 0.027382 0.024879 0.021843 0.018528 0.01535 0.012705 0.010946 0.0098445 0.0088987 0.0080374 0.0072071 0.0063628 0.0054639 0.0044287 0.0033237 0.0022566 0.001322 0.00060467 0.00018251 0 0 0 0 0 0 9.4347e-09 0 0 0 0 
316 0 0 0.0059845 0.01143 0.016021 0.026488 0.040087 0.054325 0.071292 0.090648 0.10816 0.12164 0.13287 0.14176 0.14768 0.14995 0.14607 0.13801 0.12951 0.12403 0.12363 0.12512 0.12816 0.13284 0.13918 0.15026 0.16506 0.17995 0.19125 0.19621 0.1972 0.19524 0.19082 0.18375 0.17301 0.16014 0.14778 0.1383 0.13267 0.12753 0.12263 0.11809 0.11405 0.11026 0.10652 0.10281 0.099028 0.095116 0.091232 0.087521 0.083924 0.080315 0.076819 0.073508 0.070289 0.067088 0.063792 0.059999 0.055872 0.051794 0.048179 0.045382 0.043497 0.042093 0.040753 0.039097 0.036895 0.034567 0.032199 0.029798 0.027373 0.024868 0.021836 0.018526 0.015355 0.012712 0.010952 0.0098484 0.0089018 0.0080403 0.0072099 0.0063656 0.0054664 0.0044312 0.003326 0.0022586 0.0013234 0.00060544 0.00018273 0 0 0 0 0 0 1.0944e-08 0 0 0 0 
316.5 0 0 0.0059829 0.011428 0.016019 0.026486 0.040087 0.05433 0.071306 0.09067 0.10818 0.12167 0.13291 0.1418 0.14771 0.14998 0.1461 0.13804 0.12953 0.12405 0.12364 0.12513 0.12818 0.13286 0.13921 0.15029 0.16509 0.17999 0.19131 0.19628 0.19728 0.19532 0.19091 0.18384 0.17309 0.1602 0.14783 0.13834 0.13271 0.12758 0.12268 0.11815 0.11411 0.11033 0.1066 0.10289 0.09911 0.095199 0.091314 0.0876 0.084001 0.080393 0.076899 0.073591 0.070373 0.067171 0.063875 0.060074 0.055933 0.051839 0.048215 0.045417 0.043528 0.042119 0.040773 0.039111 0.036903 0.034571 0.0322 0.029796 0.027368 0.024862 0.021832 0.018527 0.015359 0.012718 0.010957 0.0098516 0.0089044 0.0080427 0.0072122 0.0063676 0.0054683 0.0044331 0.0033279 0.0022603 0.0013246 0.0006062 0.00018295 0 0 0 0 0 0 1.1933e-08 0 0 0 0 
317 0 0 0.0059836 0.011431 0.016025 0.026492 0.040088 0.054323 0.07129 0.090641 0.10814 0.12162 0.13285 0.14174 0.14764 0.14991 0.14603 0.13798 0.12948 0.124 0.12359 0.12509 0.12815 0.13283 0.13918 0.15026 0.16505 0.17993 0.19123 0.19618 0.19715 0.19518 0.19075 0.18368 0.17295 0.16011 0.14778 0.13831 0.13267 0.12753 0.12262 0.11807 0.11403 0.11023 0.10648 0.10277 0.09898 0.095075 0.091199 0.087497 0.08391 0.080313 0.076821 0.073505 0.070276 0.067065 0.063769 0.059983 0.055866 0.051796 0.048186 0.045387 0.043495 0.042083 0.040737 0.039081 0.036886 0.034566 0.032205 0.029812 0.027395 0.024895 0.021862 0.018545 0.015365 0.012714 0.010951 0.0098501 0.0089039 0.0080415 0.0072095 0.0063637 0.0054646 0.0044305 0.0033266 0.0022601 0.0013252 0.00060689 0.00018311 0 0 0 0 0 0 8.6758e-09 0 0 0 0 
317.5 0 0 0.0059843 0.011434 0.016031 0.026498 0.040088 0.054316 0.071273 0.090612 0.1081 0.12158 0.1328 0.14167 0.14757 0.14984 0.14596 0.13791 0.12942 0.12395 0.12354 0.12505 0.12811 0.1328 0.13915 0.15023 0.16501 0.17988 0.19116 0.19608 0.19703 0.19503 0.19059 0.18351 0.17282 0.16002 0.14773 0.13829 0.13263 0.12748 0.12256 0.118 0.11394 0.11013 0.10637 0.10264 0.09885 0.09495 0.091084 0.087395 0.08382 0.080233 0.076743 0.073419 0.070178 0.066959 0.063662 0.059892 0.055799 0.051753 0.048157 0.045358 0.043462 0.042046 0.040701 0.039052 0.036868 0.03456 0.032211 0.029829 0.027421 0.024928 0.021892 0.018564 0.01537 0.01271 0.010946 0.0098486 0.0089034 0.0080402 0.0072067 0.0063598 0.0054609 0.0044279 0.0033253 0.0022599 0.0013258 0.00060758 0.00018327 0 0 0 0 0 0 5.4184e-09 0 0 0 0 
318 0 0 0.005985 0.011436 0.016037 0.026504 0.040089 0.054309 0.071257 0.090584 0.10806 0.12153 0.13274 0.14161 0.14751 0.14977 0.14589 0.13785 0.12937 0.12389 0.12349 0.125 0.12808 0.13277 0.13912 0.15019 0.16497 0.17983 0.19109 0.19598 0.1969 0.19488 0.19043 0.18335 0.17268 0.15993 0.14768 0.13826 0.1326 0.12743 0.12249 0.11792 0.11385 0.11003 0.10625 0.10251 0.09872 0.094825 0.090969 0.087292 0.08373 0.080153 0.076664 0.073333 0.070081 0.066853 0.063556 0.0598 0.055732 0.051709 0.048128 0.045329 0.043428 0.04201 0.040665 0.039022 0.036851 0.034554 0.032216 0.029845 0.027447 0.024962 0.021921 0.018583 0.015376 0.012706 0.010941 0.0098471 0.0089028 0.0080389 0.007204 0.0063559 0.0054572 0.0044253 0.003324 0.0022597 0.0013263 0.00060826 0.00018343 0 0 0 0 0 0 2.1611e-09 0 0 0 0 
318.5 0 0 0.0059876 0.01144 0.016043 0.02651 0.040094 0.05431 0.071253 0.090573 0.10805 0.12151 0.13272 0.14158 0.14747 0.14973 0.14585 0.13781 0.12933 0.12386 0.12347 0.12498 0.12806 0.13276 0.13911 0.15018 0.16495 0.1798 0.19104 0.19592 0.19683 0.19479 0.19033 0.18326 0.1726 0.15987 0.14764 0.13823 0.13257 0.12739 0.12246 0.11788 0.11381 0.10997 0.10619 0.10245 0.098652 0.09476 0.09091 0.08724 0.083684 0.080113 0.076623 0.073283 0.070019 0.066781 0.06348 0.059735 0.055685 0.05168 0.048109 0.045307 0.043402 0.041981 0.040637 0.038997 0.036833 0.034543 0.032212 0.029847 0.027453 0.024973 0.021931 0.018588 0.015375 0.012701 0.010936 0.0098441 0.0089007 0.0080367 0.0072014 0.006353 0.0054546 0.0044233 0.0033228 0.0022593 0.0013264 0.00060856 0.00018356 0 0 0 0 0 0 2.8759e-10 0 0 0 0 
319 0 0 0.0059937 0.011447 0.016048 0.026519 0.040108 0.054328 0.071273 0.090596 0.10807 0.12153 0.13274 0.1416 0.1475 0.14976 0.14587 0.13783 0.12934 0.12388 0.12348 0.125 0.12808 0.13278 0.13913 0.1502 0.16497 0.17981 0.19106 0.19595 0.19686 0.19483 0.19037 0.18329 0.17261 0.15986 0.14761 0.1382 0.13255 0.12739 0.12247 0.11791 0.11385 0.11002 0.10624 0.1025 0.098705 0.094812 0.09096 0.087287 0.083728 0.080151 0.076654 0.073302 0.070025 0.066775 0.063466 0.059722 0.055678 0.05168 0.048109 0.0453 0.043391 0.041968 0.040622 0.038982 0.036815 0.034523 0.032188 0.029818 0.027422 0.02494 0.021903 0.018567 0.015363 0.012695 0.010931 0.0098384 0.0088952 0.0080325 0.0071989 0.006352 0.005454 0.0044226 0.0033217 0.0022581 0.0013255 0.0006081 0.00018362 0 0 0 0 0 0 1.1421e-09 0 0 0 0 
319.5 0 0 0.0059998 0.011454 0.016052 0.026527 0.040122 0.054346 0.071292 0.090619 0.1081 0.12156 0.13277 0.14163 0.14752 0.14978 0.14589 0.13784 0.12935 0.12389 0.1235 0.12502 0.1281 0.13279 0.13915 0.15022 0.16498 0.17983 0.19108 0.19598 0.19689 0.19486 0.1904 0.18333 0.17263 0.15985 0.14758 0.13817 0.13254 0.1274 0.12249 0.11794 0.11388 0.11006 0.10629 0.10255 0.098758 0.094864 0.09101 0.087335 0.083772 0.08019 0.076684 0.073321 0.070031 0.066769 0.063452 0.059708 0.055671 0.051679 0.048109 0.045293 0.04338 0.041955 0.040608 0.038966 0.036796 0.034502 0.032164 0.02979 0.02739 0.024906 0.021874 0.018547 0.015351 0.012689 0.010927 0.0098327 0.0088898 0.0080284 0.0071965 0.006351 0.0054535 0.0044218 0.0033206 0.002257 0.0013247 0.00060763 0.00018368 0 0 0 0 0 0 1.9966e-09 0 0 0 0 
320 0 0 0.006006 0.01146 0.016057 0.026535 0.040137 0.054363 0.071312 0.090642 0.10812 0.12158 0.13279 0.14166 0.14755 0.14981 0.14592 0.13786 0.12937 0.1239 0.12352 0.12504 0.12812 0.13281 0.13917 0.15024 0.165 0.17985 0.1911 0.196 0.19692 0.1949 0.19044 0.18336 0.17265 0.15984 0.14755 0.13813 0.13252 0.1274 0.12251 0.11797 0.11392 0.1101 0.10633 0.1026 0.098812 0.094916 0.091061 0.087382 0.083815 0.080229 0.076715 0.07334 0.070037 0.066764 0.063438 0.059695 0.055665 0.051679 0.048109 0.045286 0.043369 0.041942 0.040594 0.03895 0.036778 0.034481 0.03214 0.029762 0.027358 0.024873 0.021846 0.018526 0.015339 0.012683 0.010922 0.009827 0.0088843 0.0080242 0.007194 0.00635 0.005453 0.004421 0.0033195 0.0022559 0.0013238 0.00060717 0.00018374 0 0 0 0 0 0 2.8512e-09 0 0 0 0 
320.5 0 0 0.006009 0.011466 0.016063 0.026543 0.040148 0.054377 0.071329 0.090662 0.10814 0.12161 0.13281 0.14167 0.14755 0.14981 0.14591 0.13786 0.12936 0.1239 0.12352 0.12505 0.12812 0.13282 0.13918 0.15025 0.16502 0.17987 0.19112 0.19602 0.19693 0.1949 0.19043 0.18335 0.17264 0.15983 0.14754 0.13813 0.13252 0.12741 0.12252 0.11799 0.11394 0.11011 0.10634 0.1026 0.098813 0.09492 0.091067 0.087393 0.083831 0.08025 0.076739 0.073362 0.070054 0.066777 0.063449 0.059704 0.055669 0.051678 0.048104 0.045278 0.043361 0.041936 0.04059 0.038947 0.036774 0.034477 0.032135 0.029757 0.027354 0.02487 0.021844 0.018527 0.015342 0.012687 0.010925 0.0098285 0.0088858 0.008026 0.0071962 0.0063525 0.0054555 0.0044233 0.0033213 0.002257 0.0013243 0.0006073 0.00018394 2.7034e-07 0 0 0 0 0 2.7421e-09 0 0 0 0 
321 0 0 0.0060096 0.011471 0.016069 0.02655 0.040156 0.054388 0.071344 0.090681 0.10817 0.12163 0.13282 0.14167 0.14754 0.14979 0.14589 0.13784 0.12935 0.12389 0.12351 0.12504 0.12812 0.13283 0.13919 0.15026 0.16504 0.17989 0.19114 0.19603 0.19692 0.19487 0.1904 0.18331 0.17261 0.15982 0.14755 0.13814 0.13253 0.12742 0.12253 0.11799 0.11393 0.1101 0.10631 0.10257 0.098775 0.094887 0.091041 0.087375 0.083824 0.080258 0.076758 0.073385 0.07008 0.066804 0.063481 0.05973 0.055682 0.051677 0.048094 0.04527 0.043355 0.041935 0.040593 0.038954 0.036783 0.034485 0.032146 0.029772 0.027371 0.024889 0.021864 0.018545 0.015357 0.012698 0.010933 0.0098357 0.0088926 0.0080324 0.0072021 0.0063577 0.0054604 0.004428 0.0033252 0.0022598 0.0013258 0.00060791 0.00018425 7.4996e-07 0 0 0 0 0 1.8873e-09 0 0 0 0 
321.5 0 0 0.0060102 0.011476 0.016076 0.026558 0.040164 0.054399 0.071358 0.0907 0.10819 0.12164 0.13283 0.14167 0.14754 0.14977 0.14587 0.13783 0.12934 0.12388 0.1235 0.12503 0.12812 0.13283 0.13919 0.15028 0.16506 0.17992 0.19117 0.19604 0.19691 0.19485 0.19036 0.18327 0.17259 0.15981 0.14756 0.13815 0.13254 0.12743 0.12254 0.118 0.11393 0.11008 0.10628 0.10253 0.098736 0.094853 0.091014 0.087357 0.083818 0.080265 0.076776 0.073409 0.070106 0.066832 0.063512 0.059756 0.055694 0.051675 0.048085 0.045262 0.04335 0.041933 0.040597 0.038961 0.036791 0.034494 0.032156 0.029786 0.027389 0.024909 0.021883 0.018563 0.015371 0.012709 0.01094 0.0098429 0.0088995 0.0080388 0.0072079 0.0063629 0.0054653 0.0044326 0.0033291 0.0022626 0.0013273 0.00060852 0.00018456 1.2296e-06 0 0 0 0 0 1.0324e-09 0 0 0 0 
322 0 0 0.0060108 0.011481 0.016083 0.026565 0.040173 0.05441 0.071373 0.090719 0.10821 0.12166 0.13284 0.14167 0.14753 0.14976 0.14585 0.13781 0.12933 0.12387 0.12349 0.12502 0.12812 0.13284 0.1392 0.15029 0.16507 0.17994 0.19119 0.19604 0.19691 0.19482 0.19032 0.18323 0.17256 0.1598 0.14756 0.13817 0.13255 0.12744 0.12255 0.11801 0.11393 0.11006 0.10625 0.10249 0.098698 0.09482 0.090987 0.087339 0.083812 0.080273 0.076795 0.073433 0.070131 0.066859 0.063544 0.059783 0.055707 0.051674 0.048075 0.045253 0.043345 0.041932 0.0406 0.038969 0.036799 0.034502 0.032167 0.0298 0.027406 0.024928 0.021902 0.01858 0.015386 0.012721 0.010948 0.00985 0.0089063 0.0080452 0.0072137 0.0063681 0.0054703 0.0044372 0.0033331 0.0022654 0.0013289 0.00060913 0.00018487 1.7092e-06 0 0 0 0 0 1.7746e-10 0 0 0 0 
322.5 0 0 0.0060082 0.011477 0.016077 0.026554 0.040156 0.054387 0.071342 0.09068 0.10816 0.12161 0.13278 0.14161 0.14746 0.14968 0.14578 0.13774 0.12927 0.12382 0.12343 0.12497 0.12807 0.13279 0.13915 0.15023 0.16501 0.17987 0.19111 0.19597 0.19684 0.19476 0.19026 0.18317 0.1725 0.15974 0.1475 0.1381 0.13248 0.12736 0.12247 0.11792 0.11384 0.10998 0.10618 0.10242 0.098626 0.094744 0.090907 0.087255 0.083723 0.080176 0.076696 0.07335 0.070076 0.066828 0.063523 0.059764 0.05569 0.051659 0.048066 0.045253 0.043349 0.041936 0.040604 0.038972 0.036805 0.03451 0.032175 0.029808 0.027413 0.024935 0.02191 0.018587 0.015393 0.012726 0.010954 0.0098569 0.0089123 0.0080492 0.0072154 0.0063678 0.0054693 0.0044369 0.0033341 0.0022676 0.0013317 0.00061146 0.00018523 1.4289e-06 0 0 0 0 0 0 0 0 0 0 
323 0 0 0.0060047 0.01147 0.016067 0.026538 0.040132 0.054356 0.0713 0.090626 0.1081 0.12154 0.13271 0.14152 0.14737 0.1496 0.1457 0.13766 0.1292 0.12375 0.12337 0.1249 0.12801 0.13273 0.13909 0.15017 0.16493 0.17978 0.19102 0.19588 0.19676 0.19469 0.19019 0.1831 0.17243 0.15967 0.14742 0.13801 0.13239 0.12726 0.12236 0.1178 0.11373 0.10988 0.10609 0.10234 0.098547 0.094658 0.090813 0.087154 0.083613 0.080051 0.076567 0.073241 0.069999 0.066781 0.063489 0.059734 0.055665 0.051641 0.048057 0.045255 0.043356 0.041943 0.040607 0.038974 0.036809 0.034517 0.032183 0.029814 0.027418 0.024939 0.021914 0.018592 0.015397 0.012731 0.01096 0.0098638 0.0089182 0.0080526 0.0072159 0.006366 0.0054667 0.0044353 0.0033343 0.0022696 0.0013349 0.00061423 0.00018559 9.4957e-07 0 0 0 0 0 0 0 0 0 0 
323.5 0 0 0.0060013 0.011464 0.016058 0.026523 0.040109 0.054324 0.071259 0.090572 0.10803 0.12147 0.13263 0.14144 0.14729 0.14951 0.14561 0.13759 0.12913 0.12368 0.1233 0.12484 0.12795 0.13266 0.13903 0.1501 0.16485 0.17969 0.19092 0.19579 0.19667 0.19461 0.19012 0.18303 0.17236 0.1596 0.14734 0.13793 0.13229 0.12716 0.12225 0.11769 0.11362 0.10978 0.106 0.10226 0.098467 0.094572 0.090719 0.087053 0.083503 0.079926 0.076438 0.073131 0.069923 0.066734 0.063455 0.059704 0.055639 0.051622 0.048047 0.045256 0.043362 0.041949 0.04061 0.038976 0.036814 0.034525 0.032191 0.02982 0.027422 0.024943 0.021919 0.018596 0.015401 0.012735 0.010965 0.0098706 0.008924 0.008056 0.0072164 0.0063642 0.0054642 0.0044337 0.0033344 0.0022717 0.001338 0.000617 0.00018596 4.7022e-07 0 0 0 0 0 0 0 0 0 0 
324 0 0 0.005998 0.011458 0.016049 0.026508 0.040086 0.054293 0.071218 0.090519 0.10797 0.1214 0.13255 0.14136 0.1472 0.14943 0.14553 0.13751 0.12906 0.12362 0.12324 0.12478 0.12788 0.1326 0.13897 0.15003 0.16477 0.1796 0.19082 0.1957 0.19659 0.19454 0.19005 0.18297 0.17229 0.15953 0.14727 0.13784 0.1322 0.12706 0.12214 0.11757 0.11351 0.10969 0.10592 0.10218 0.098391 0.094489 0.090628 0.086955 0.083397 0.079804 0.076312 0.073024 0.069848 0.066689 0.063422 0.059675 0.055615 0.051604 0.048038 0.045258 0.043369 0.041955 0.040613 0.038978 0.036819 0.034532 0.032198 0.029826 0.027427 0.024947 0.021923 0.018601 0.015405 0.01274 0.010971 0.0098773 0.0089297 0.0080594 0.007217 0.0063625 0.0054617 0.0044322 0.0033347 0.0022738 0.0013412 0.00061973 0.00018633 0 0 0 0 0 0 0 0 0 0 0 
324.5 0 0 0.0060022 0.011465 0.016057 0.026519 0.040103 0.054314 0.071243 0.090554 0.10801 0.12144 0.13259 0.14139 0.14724 0.14946 0.14555 0.13753 0.12907 0.12362 0.12324 0.12478 0.12788 0.13259 0.13895 0.15001 0.16477 0.17961 0.19086 0.19576 0.19666 0.19461 0.19013 0.18306 0.17239 0.15962 0.14735 0.13792 0.13228 0.12714 0.12223 0.11767 0.1136 0.10978 0.10601 0.10228 0.098489 0.094579 0.090709 0.087025 0.083457 0.079857 0.076357 0.073062 0.069879 0.066712 0.063438 0.059686 0.055621 0.051608 0.048038 0.045253 0.043361 0.041946 0.040605 0.038973 0.036818 0.034535 0.032206 0.029838 0.027442 0.024966 0.021941 0.018614 0.015414 0.012744 0.010972 0.0098796 0.0089322 0.0080618 0.007219 0.0063643 0.0054635 0.004434 0.0033363 0.0022749 0.0013419 0.0006201 0.00018658 0 0 0 0 0 0 0 0 0 0 0 
325 0 0 0.0060065 0.011472 0.016065 0.026531 0.04012 0.054334 0.071268 0.090588 0.10806 0.12148 0.13262 0.14142 0.14727 0.14948 0.14557 0.13754 0.12909 0.12363 0.12324 0.12478 0.12788 0.13259 0.13894 0.14999 0.16476 0.17962 0.1909 0.19581 0.19672 0.19468 0.19021 0.18315 0.17249 0.15972 0.14744 0.138 0.13236 0.12723 0.12232 0.11776 0.1137 0.10988 0.10611 0.10238 0.098586 0.09467 0.090789 0.087095 0.083517 0.07991 0.076403 0.0731 0.069909 0.066734 0.063454 0.059697 0.055628 0.051611 0.048038 0.045248 0.043353 0.041937 0.040597 0.038968 0.036818 0.034539 0.032214 0.02985 0.027458 0.024984 0.021958 0.018628 0.015422 0.012748 0.010974 0.0098818 0.0089347 0.0080641 0.0072211 0.0063661 0.0054653 0.0044358 0.0033379 0.0022761 0.0013426 0.00062047 0.00018683 0 0 0 0 0 0 0 0 0 0 0 
325.5 0 0 0.0060107 0.011479 0.016073 0.026543 0.040136 0.054355 0.071294 0.090623 0.1081 0.12152 0.13266 0.14146 0.1473 0.14951 0.14559 0.13756 0.1291 0.12364 0.12325 0.12478 0.12787 0.13258 0.13893 0.14998 0.16475 0.17963 0.19094 0.19586 0.19678 0.19475 0.19029 0.18324 0.17259 0.15981 0.14753 0.13808 0.13244 0.12731 0.12241 0.11785 0.11379 0.10997 0.10621 0.10248 0.098684 0.094761 0.09087 0.087165 0.083577 0.079962 0.076448 0.073137 0.069939 0.066757 0.063471 0.059708 0.055635 0.051614 0.048037 0.045244 0.043345 0.041927 0.040589 0.038964 0.036818 0.034543 0.032222 0.029862 0.027473 0.025002 0.021975 0.018641 0.015431 0.012752 0.010976 0.0098841 0.0089372 0.0080665 0.0072232 0.006368 0.0054671 0.0044376 0.0033395 0.0022773 0.0013433 0.00062084 0.00018709 0 0 0 0 0 0 0 0 0 0 0 
326 0 0 0.006014 0.011484 0.016079 0.026553 0.040149 0.05437 0.071312 0.090647 0.10813 0.12155 0.13267 0.14147 0.14731 0.14952 0.14559 0.13756 0.1291 0.12364 0.12324 0.12476 0.12786 0.13256 0.13891 0.14995 0.16473 0.17962 0.19094 0.19588 0.19681 0.19478 0.19033 0.18329 0.17264 0.15986 0.14757 0.13811 0.13248 0.12735 0.12246 0.11791 0.11385 0.11003 0.10627 0.10254 0.098742 0.094816 0.09092 0.08721 0.083619 0.080001 0.076483 0.073168 0.069964 0.066778 0.063487 0.05972 0.055643 0.051618 0.048036 0.04524 0.043338 0.04192 0.040583 0.03896 0.036815 0.034542 0.032223 0.029866 0.027479 0.02501 0.021983 0.018648 0.015435 0.012754 0.010977 0.0098849 0.0089382 0.0080678 0.0072247 0.0063696 0.0054688 0.0044393 0.0033408 0.0022781 0.0013436 0.00062096 0.0001873 0 0 0 0 0 0 0 0 0 0 0 
326.5 0 0 0.0060147 0.011486 0.016081 0.026555 0.040148 0.054367 0.071308 0.090642 0.10812 0.12153 0.13265 0.14143 0.14726 0.14945 0.14552 0.13749 0.12904 0.12359 0.12319 0.12472 0.12782 0.13252 0.13887 0.14991 0.16467 0.17954 0.19084 0.19578 0.1967 0.19467 0.19022 0.18318 0.17254 0.15976 0.14748 0.13803 0.1324 0.12729 0.1224 0.11785 0.11379 0.10997 0.10621 0.10248 0.098681 0.094763 0.090878 0.087181 0.083603 0.079997 0.076486 0.073175 0.069975 0.066791 0.063505 0.059737 0.055654 0.051621 0.048035 0.045238 0.043337 0.04192 0.040585 0.038959 0.036807 0.034526 0.032202 0.029842 0.027453 0.024983 0.021961 0.018633 0.015429 0.012753 0.010975 0.0098812 0.0089347 0.0080657 0.0072243 0.0063705 0.0054702 0.0044404 0.0033413 0.002278 0.001343 0.0006203 0.00018737 0 0 0 0 0 0 0 0 0 0 0 
327 0 0 0.0060154 0.011487 0.016084 0.026557 0.040148 0.054365 0.071305 0.090637 0.10811 0.12152 0.13262 0.14139 0.14721 0.14939 0.14546 0.13743 0.12899 0.12353 0.12314 0.12468 0.12778 0.13249 0.13883 0.14986 0.16461 0.17946 0.19075 0.19568 0.1966 0.19457 0.19012 0.18308 0.17244 0.15967 0.14738 0.13794 0.13232 0.12722 0.12234 0.11779 0.11373 0.10991 0.10614 0.10241 0.09862 0.09471 0.090836 0.087152 0.083587 0.079992 0.076489 0.073183 0.069985 0.066805 0.063523 0.059754 0.055664 0.051625 0.048033 0.045235 0.043335 0.04192 0.040586 0.038958 0.036799 0.03451 0.032181 0.029818 0.027428 0.024957 0.021939 0.018619 0.015422 0.012751 0.010973 0.0098776 0.0089312 0.0080635 0.0072239 0.0063715 0.0054716 0.0044415 0.0033418 0.0022778 0.0013424 0.00061965 0.00018744 0 0 0 0 0 0 0 0 0 0 0 
327.5 0 0 0.006016 0.011489 0.016086 0.02656 0.040148 0.054362 0.071302 0.090632 0.1081 0.1215 0.13259 0.14135 0.14716 0.14933 0.14539 0.13736 0.12893 0.12348 0.1231 0.12464 0.12774 0.13245 0.13879 0.14982 0.16454 0.17938 0.19065 0.19557 0.19649 0.19446 0.19001 0.18298 0.17234 0.15957 0.14729 0.13786 0.13225 0.12716 0.12228 0.11773 0.11367 0.10985 0.10608 0.10235 0.098559 0.094656 0.090794 0.087123 0.083571 0.079988 0.076493 0.07319 0.069996 0.066818 0.06354 0.05977 0.055675 0.051628 0.048032 0.045233 0.043334 0.04192 0.040587 0.038957 0.036791 0.034495 0.03216 0.029795 0.027402 0.024931 0.021917 0.018605 0.015416 0.01275 0.010972 0.0098739 0.0089277 0.0080614 0.0072235 0.0063724 0.0054731 0.0044427 0.0033423 0.0022777 0.0013418 0.00061899 0.00018751 0 0 0 0 0 0 0 0 0 0 0 
328 0 0 0.0060151 0.011488 0.016085 0.026559 0.040146 0.05436 0.071301 0.090632 0.1081 0.1215 0.13258 0.14133 0.14713 0.1493 0.14536 0.13733 0.1289 0.12346 0.12308 0.12462 0.12772 0.13243 0.13878 0.1498 0.16453 0.17937 0.19064 0.19556 0.19647 0.19444 0.19 0.18296 0.17232 0.15955 0.14727 0.13783 0.13223 0.12714 0.12226 0.11771 0.11365 0.10982 0.10604 0.1023 0.098512 0.094617 0.090763 0.087103 0.083564 0.079993 0.076504 0.073199 0.069998 0.066816 0.063538 0.059773 0.055683 0.05164 0.048045 0.045242 0.04334 0.041927 0.040595 0.038964 0.036794 0.034493 0.032155 0.029787 0.027394 0.024921 0.02191 0.018602 0.015417 0.012753 0.010975 0.0098758 0.0089293 0.0080629 0.007225 0.006374 0.0054745 0.004444 0.0033435 0.0022787 0.0013425 0.00061938 0.00018764 0 0 0 0 0 0 0 0 0 0 0 
328.5 0 0 0.0060124 0.011486 0.016082 0.026555 0.040142 0.054358 0.071302 0.090638 0.10811 0.12151 0.1326 0.14134 0.14714 0.1493 0.14536 0.13734 0.12891 0.12347 0.12308 0.12462 0.12773 0.13245 0.1388 0.14983 0.16458 0.17943 0.19072 0.19565 0.19656 0.19452 0.19007 0.18303 0.17238 0.1596 0.14732 0.13788 0.13227 0.12717 0.12229 0.11773 0.11366 0.10981 0.10602 0.10228 0.098482 0.094592 0.090746 0.087095 0.083567 0.080009 0.076525 0.07321 0.069992 0.066795 0.063513 0.059759 0.055687 0.051662 0.048073 0.045263 0.043356 0.041941 0.04061 0.038979 0.03681 0.034507 0.032168 0.029798 0.027403 0.02493 0.021919 0.018611 0.015426 0.012762 0.010983 0.009884 0.0089364 0.0080684 0.0072288 0.0063763 0.0054761 0.0044456 0.0033455 0.0022809 0.0013446 0.00062091 0.00018783 0 0 0 0 0 0 0 0 0 0 0 
329 0 0 0.0060097 0.011483 0.016079 0.026552 0.040138 0.054357 0.071304 0.090644 0.10812 0.12152 0.13261 0.14135 0.14714 0.1493 0.14537 0.13735 0.12892 0.12347 0.12309 0.12463 0.12774 0.13246 0.13882 0.14986 0.16462 0.1795 0.1908 0.19573 0.19664 0.1946 0.19014 0.18309 0.17243 0.15966 0.14737 0.13793 0.13231 0.12721 0.12231 0.11775 0.11366 0.10981 0.106 0.10225 0.098452 0.094568 0.090729 0.087086 0.083569 0.080026 0.076545 0.07322 0.069986 0.066774 0.063488 0.059745 0.055692 0.051683 0.048101 0.045285 0.043372 0.041956 0.040625 0.038995 0.036825 0.034521 0.03218 0.029809 0.027413 0.024939 0.021929 0.01862 0.015435 0.012771 0.010992 0.0098922 0.0089435 0.0080739 0.0072325 0.0063785 0.0054776 0.0044473 0.0033475 0.0022832 0.0013468 0.00062244 0.00018803 0 0 0 0 0 0 0 0 0 0 0 
329.5 0 0 0.0060069 0.01148 0.016077 0.026548 0.040135 0.054355 0.071305 0.09065 0.10813 0.12153 0.13262 0.14136 0.14714 0.1493 0.14537 0.13735 0.12892 0.12348 0.12309 0.12464 0.12775 0.13248 0.13883 0.14989 0.16467 0.17956 0.19088 0.19582 0.19673 0.19468 0.19022 0.18316 0.17249 0.15971 0.14742 0.13798 0.13235 0.12724 0.12234 0.11777 0.11367 0.1098 0.10599 0.10222 0.098422 0.094544 0.090712 0.087078 0.083572 0.080042 0.076566 0.07323 0.069979 0.066754 0.063463 0.059731 0.055696 0.051704 0.04813 0.045306 0.043388 0.04197 0.04064 0.039011 0.03684 0.034535 0.032192 0.02982 0.027423 0.024948 0.021938 0.01863 0.015444 0.01278 0.011 0.0099003 0.0089506 0.0080794 0.0072363 0.0063808 0.0054792 0.0044489 0.0033495 0.0022854 0.001349 0.00062398 0.00018822 0 0 0 0 0 0 0 0 0 0 0 
330 0 0 0.0060085 0.011483 0.01608 0.026554 0.040143 0.054367 0.071322 0.090672 0.10816 0.12156 0.13265 0.14138 0.14716 0.14932 0.14538 0.13737 0.12894 0.1235 0.12311 0.12466 0.12778 0.13252 0.13888 0.14994 0.16472 0.1796 0.19091 0.19583 0.19673 0.19467 0.1902 0.18313 0.17247 0.15969 0.14741 0.13797 0.13235 0.12723 0.12233 0.11775 0.11366 0.10979 0.10597 0.10221 0.098408 0.094528 0.090696 0.087063 0.083558 0.080029 0.076554 0.073217 0.069966 0.06674 0.063451 0.059727 0.055705 0.051725 0.048158 0.045334 0.043408 0.041979 0.040638 0.039001 0.036827 0.03452 0.032175 0.029802 0.027403 0.02493 0.021923 0.01862 0.015439 0.012777 0.010997 0.009897 0.0089476 0.0080771 0.0072348 0.0063799 0.0054788 0.0044487 0.0033495 0.0022855 0.001349 0.00062397 0.00018834 0 0 0 0 0 0 0 0 0 0 0 
330.5 0 0 0.0060118 0.011487 0.016086 0.026564 0.040157 0.054384 0.071346 0.090702 0.10819 0.12159 0.13268 0.14141 0.14719 0.14935 0.1454 0.13738 0.12895 0.12351 0.12314 0.1247 0.12783 0.13257 0.13894 0.15 0.16477 0.17964 0.19092 0.19581 0.19669 0.19462 0.19013 0.18306 0.1724 0.15964 0.14738 0.13795 0.13232 0.12721 0.1223 0.11772 0.11363 0.10977 0.10596 0.1022 0.098399 0.094517 0.090682 0.087045 0.083537 0.080004 0.076527 0.073195 0.06995 0.06673 0.063444 0.059727 0.055716 0.051747 0.048187 0.045364 0.04343 0.041987 0.040629 0.03898 0.036802 0.034492 0.032145 0.029771 0.027372 0.024899 0.021897 0.018601 0.015428 0.01277 0.01099 0.0098887 0.0089402 0.0080715 0.0072311 0.0063778 0.0054775 0.0044478 0.0033486 0.0022845 0.0013481 0.0006233 0.00018842 0 0 0 0 0 0 0 0 0 0 0 
331 0 0 0.0060151 0.011491 0.016091 0.026574 0.040171 0.054402 0.071369 0.090732 0.10822 0.12162 0.1327 0.14144 0.14722 0.14937 0.14542 0.13739 0.12896 0.12353 0.12316 0.12473 0.12787 0.13262 0.139 0.15006 0.16483 0.17967 0.19092 0.19579 0.19665 0.19457 0.19007 0.18299 0.17233 0.15959 0.14734 0.13793 0.1323 0.12718 0.12227 0.1177 0.11361 0.10975 0.10594 0.10219 0.098391 0.094506 0.090667 0.087028 0.083517 0.079979 0.076501 0.073172 0.069934 0.06672 0.063437 0.059728 0.055727 0.051768 0.048216 0.045394 0.043453 0.041994 0.04062 0.038959 0.036777 0.034464 0.032116 0.02974 0.027341 0.024869 0.021872 0.018583 0.015416 0.012763 0.010983 0.0098804 0.0089328 0.0080659 0.0072273 0.0063756 0.0054762 0.0044468 0.0033478 0.0022836 0.0013471 0.00062263 0.00018851 0 0 0 0 0 0 0 0 0 0 0 
331.5 0 0 0.0060184 0.011496 0.016097 0.026585 0.040185 0.054419 0.071392 0.090761 0.10826 0.12166 0.13273 0.14147 0.14725 0.1494 0.14544 0.1374 0.12898 0.12355 0.12319 0.12476 0.12792 0.13267 0.13905 0.15012 0.16488 0.17971 0.19093 0.19578 0.19662 0.19452 0.19001 0.18292 0.17227 0.15953 0.14731 0.1379 0.13227 0.12715 0.12224 0.11767 0.11358 0.10973 0.10593 0.10218 0.098383 0.094495 0.090652 0.08701 0.083496 0.079954 0.076475 0.07315 0.069918 0.06671 0.06343 0.059728 0.055738 0.05179 0.048245 0.045424 0.043475 0.042002 0.040611 0.038938 0.036751 0.034436 0.032086 0.029709 0.027309 0.024839 0.021846 0.018565 0.015405 0.012756 0.010976 0.0098721 0.0089255 0.0080603 0.0072236 0.0063735 0.0054749 0.0044459 0.0033469 0.0022827 0.0013462 0.00062197 0.00018859 0 0 0 0 0 0 0 0 0 0 0 
332 0 0 0.0060227 0.011504 0.016108 0.0266 0.040206 0.054446 0.071426 0.090803 0.10831 0.1217 0.13278 0.14151 0.14728 0.14942 0.14545 0.13742 0.129 0.12357 0.12321 0.12478 0.12792 0.13267 0.13905 0.15012 0.16488 0.17972 0.19095 0.19581 0.19666 0.19457 0.19007 0.18299 0.17233 0.15959 0.14735 0.13793 0.13229 0.12715 0.12223 0.11765 0.11356 0.10972 0.10592 0.10217 0.09838 0.09449 0.090646 0.087003 0.083487 0.079943 0.076466 0.073152 0.069934 0.066738 0.063463 0.05975 0.055739 0.051769 0.048211 0.045394 0.043457 0.042001 0.040625 0.038959 0.036768 0.034446 0.032091 0.02971 0.027306 0.024832 0.021839 0.01856 0.015404 0.012758 0.010977 0.0098715 0.0089246 0.0080598 0.0072239 0.0063744 0.005476 0.0044471 0.003348 0.0022837 0.001347 0.0006225 0.00018887 0 0 0 0 0 0 0 0 0 0 0 
332.5 0 0 0.006027 0.011513 0.016119 0.026616 0.040227 0.054473 0.07146 0.090846 0.10835 0.12176 0.13283 0.14155 0.14731 0.14944 0.14547 0.13744 0.12902 0.12359 0.12322 0.12479 0.12792 0.13266 0.13904 0.15011 0.16488 0.17973 0.19098 0.19585 0.19672 0.19464 0.19015 0.18307 0.1724 0.15965 0.1474 0.13797 0.13231 0.12715 0.12222 0.11763 0.11355 0.1097 0.10591 0.10217 0.098377 0.094486 0.09064 0.086996 0.083479 0.079934 0.076459 0.073156 0.069952 0.066768 0.063499 0.059774 0.055739 0.051744 0.048173 0.045358 0.043436 0.041999 0.040641 0.038984 0.036787 0.034459 0.032098 0.029713 0.027306 0.024826 0.021833 0.018557 0.015404 0.012761 0.010978 0.0098714 0.0089242 0.0080598 0.0072245 0.0063755 0.0054774 0.0044484 0.0033493 0.0022849 0.001348 0.00062313 0.00018916 0 0 0 0 0 0 0 0 0 0 0 
333 0 0 0.0060313 0.011522 0.016131 0.026633 0.040248 0.054499 0.071494 0.090888 0.1084 0.12181 0.13288 0.14159 0.14734 0.14945 0.14549 0.13746 0.12904 0.12361 0.12324 0.12479 0.12792 0.13266 0.13903 0.15011 0.16488 0.17974 0.19101 0.19589 0.19677 0.1947 0.19022 0.18314 0.17248 0.15972 0.14745 0.138 0.13232 0.12716 0.12221 0.11762 0.11353 0.10969 0.1059 0.10216 0.098374 0.094482 0.090635 0.086989 0.083472 0.079924 0.076453 0.07316 0.06997 0.066798 0.063535 0.059797 0.055739 0.05172 0.048134 0.045323 0.043416 0.041998 0.040657 0.039008 0.036807 0.034471 0.032106 0.029717 0.027305 0.024821 0.021828 0.018554 0.015405 0.012763 0.01098 0.0098714 0.0089238 0.0080597 0.007225 0.0063766 0.0054787 0.0044498 0.0033506 0.002286 0.0013489 0.00062376 0.00018946 0 0 0 0 0 0 0 0 0 0 0 
333.5 0 0 0.0060337 0.011528 0.016139 0.026645 0.040263 0.054518 0.071519 0.090921 0.10844 0.12185 0.13292 0.14162 0.14735 0.14946 0.1455 0.13747 0.12905 0.12363 0.12325 0.1248 0.12792 0.13265 0.13902 0.15009 0.16487 0.17974 0.19102 0.19592 0.1968 0.19474 0.19027 0.1832 0.17253 0.15976 0.14749 0.13802 0.13233 0.12716 0.1222 0.1176 0.11352 0.10968 0.10589 0.10216 0.098372 0.09448 0.090631 0.086985 0.083468 0.079919 0.076449 0.073164 0.069983 0.066819 0.06356 0.059812 0.055735 0.051697 0.048099 0.04529 0.043394 0.041992 0.040667 0.039026 0.036821 0.034481 0.032111 0.02972 0.027305 0.024817 0.021823 0.018551 0.015405 0.012765 0.010981 0.0098711 0.0089232 0.0080595 0.0072253 0.0063773 0.0054796 0.0044508 0.0033517 0.0022871 0.0013498 0.0006244 0.00018976 2.4802e-08 0 0 0 0 0 0 0 0 0 0 
334 0 0 0.0060254 0.01152 0.016134 0.026634 0.040242 0.054492 0.071496 0.090898 0.10842 0.12182 0.13289 0.14159 0.14731 0.14942 0.14546 0.13744 0.12902 0.1236 0.12322 0.12477 0.1279 0.13263 0.139 0.15006 0.16482 0.17967 0.19094 0.19584 0.19673 0.19467 0.1902 0.18313 0.17248 0.15972 0.14745 0.13798 0.1323 0.12713 0.12219 0.11759 0.11351 0.10967 0.10589 0.10216 0.098374 0.094484 0.090638 0.086996 0.083483 0.079938 0.076465 0.073167 0.06997 0.066793 0.063527 0.059782 0.055711 0.051678 0.04808 0.045265 0.043366 0.041965 0.040642 0.039005 0.036807 0.034472 0.032106 0.029717 0.027304 0.024819 0.021826 0.018554 0.015405 0.012764 0.010979 0.0098698 0.0089221 0.0080582 0.0072238 0.0063757 0.0054783 0.0044501 0.0033516 0.0022876 0.0013506 0.00062514 0.00019012 1.8416e-07 0 0 0 0 0 0 0 0 0 0 
334.5 0 0 0.0060172 0.011512 0.016128 0.026623 0.040222 0.054467 0.071472 0.090876 0.10839 0.12179 0.13286 0.14155 0.14728 0.14938 0.14542 0.1374 0.12899 0.12357 0.12318 0.12474 0.12788 0.13262 0.13898 0.15003 0.16476 0.1796 0.19086 0.19577 0.19665 0.19459 0.19013 0.18307 0.17243 0.15968 0.14741 0.13795 0.13227 0.12711 0.12217 0.11757 0.11349 0.10966 0.10588 0.10216 0.098377 0.094489 0.090645 0.087006 0.083498 0.079957 0.07648 0.073169 0.069958 0.066767 0.063495 0.059752 0.055686 0.051658 0.048062 0.045241 0.043339 0.041938 0.040617 0.038985 0.036793 0.034463 0.032101 0.029714 0.027304 0.024821 0.021829 0.018556 0.015406 0.012763 0.010977 0.0098684 0.008921 0.008057 0.0072224 0.0063742 0.0054771 0.0044495 0.0033516 0.0022881 0.0013514 0.00062588 0.00019048 3.4351e-07 0 0 0 0 0 0 0 0 0 0 
335 0 0 0.0060089 0.011504 0.016123 0.026613 0.040201 0.054441 0.071449 0.090853 0.10837 0.12176 0.13282 0.14152 0.14724 0.14934 0.14537 0.13737 0.12896 0.12354 0.12315 0.12472 0.12785 0.1326 0.13897 0.14999 0.16471 0.17953 0.19078 0.19569 0.19657 0.19451 0.19005 0.18301 0.17237 0.15963 0.14737 0.13791 0.13224 0.12708 0.12215 0.11756 0.11348 0.10965 0.10588 0.10216 0.098379 0.094494 0.090651 0.087017 0.083514 0.079976 0.076495 0.073172 0.069945 0.066741 0.063462 0.059721 0.055662 0.051639 0.048043 0.045216 0.043311 0.04191 0.040592 0.038965 0.036779 0.034454 0.032096 0.029712 0.027303 0.024823 0.021833 0.018558 0.015407 0.012761 0.010975 0.0098671 0.0089198 0.0080557 0.0072209 0.0063727 0.0054759 0.0044488 0.0033515 0.0022886 0.0013522 0.00062662 0.00019083 5.0287e-07 0 0 0 0 0 0 0 0 0 0 
335.5 0 0 0.0060043 0.011498 0.016117 0.026603 0.040183 0.054417 0.071422 0.090823 0.10833 0.12172 0.13278 0.14146 0.14718 0.14928 0.14532 0.13732 0.12892 0.12349 0.12311 0.12468 0.12782 0.13256 0.13893 0.14995 0.16465 0.17946 0.19071 0.19562 0.19649 0.19443 0.18998 0.18294 0.17231 0.15957 0.14731 0.13786 0.13219 0.12704 0.12212 0.11753 0.11346 0.10962 0.10585 0.10213 0.09835 0.094469 0.090631 0.087003 0.083507 0.079977 0.076497 0.073165 0.069925 0.066711 0.063427 0.059691 0.05564 0.051625 0.048032 0.045201 0.043295 0.041897 0.040582 0.03896 0.036777 0.034455 0.032098 0.029715 0.027308 0.024829 0.021839 0.018563 0.01541 0.012764 0.010977 0.0098698 0.0089222 0.0080574 0.0072217 0.0063728 0.0054758 0.004449 0.0033521 0.0022895 0.0013533 0.00062749 0.00019105 5.397e-07 0 0 0 0 0 0 0 0 0 0 
336 0 0 0.0060054 0.011494 0.01611 0.026595 0.040169 0.054394 0.07139 0.090779 0.10828 0.12166 0.13271 0.14139 0.1471 0.1492 0.14524 0.13724 0.12885 0.12343 0.12305 0.12462 0.12776 0.13251 0.13887 0.14989 0.16459 0.1794 0.19065 0.19554 0.19641 0.19435 0.18989 0.18285 0.17221 0.15947 0.14722 0.13777 0.13212 0.12699 0.12207 0.11749 0.11341 0.10956 0.10578 0.10205 0.09827 0.094396 0.090569 0.08695 0.083465 0.079948 0.076476 0.073141 0.069895 0.066674 0.06339 0.059662 0.055624 0.051621 0.048034 0.045201 0.043297 0.041905 0.040598 0.03898 0.036796 0.034471 0.032113 0.02973 0.027322 0.024841 0.021849 0.018572 0.015419 0.012772 0.010986 0.0098789 0.0089303 0.0080636 0.007226 0.0063754 0.0054775 0.0044504 0.0033536 0.0022911 0.0013549 0.00062859 0.00019104 3.8041e-07 0 0 0 0 0 0 0 0 0 0 
336.5 0 0 0.0060065 0.01149 0.016104 0.026586 0.040155 0.054372 0.071358 0.090736 0.10822 0.1216 0.13264 0.14131 0.14702 0.14912 0.14516 0.13717 0.12878 0.12336 0.12299 0.12456 0.1277 0.13245 0.13881 0.14983 0.16453 0.17933 0.19058 0.19547 0.19633 0.19426 0.1898 0.18276 0.17212 0.15938 0.14712 0.13769 0.13205 0.12693 0.12202 0.11745 0.11336 0.1095 0.10571 0.10197 0.098189 0.094324 0.090506 0.086897 0.083423 0.07992 0.076455 0.073118 0.069864 0.066636 0.063352 0.059633 0.055607 0.051617 0.048036 0.045201 0.043299 0.041913 0.040613 0.039 0.036815 0.034487 0.032128 0.029744 0.027335 0.024853 0.021859 0.018581 0.015427 0.012781 0.010995 0.0098881 0.0089383 0.0080699 0.0072303 0.0063781 0.0054791 0.0044518 0.0033551 0.0022928 0.0013564 0.00062968 0.00019103 2.2112e-07 0 0 0 0 0 0 0 0 0 0 
337 0 0 0.0060076 0.011487 0.016098 0.026578 0.040141 0.05435 0.071326 0.090693 0.10817 0.12153 0.13257 0.14123 0.14694 0.14903 0.14508 0.13709 0.12871 0.1233 0.12293 0.1245 0.12764 0.13239 0.13875 0.14977 0.16447 0.17927 0.19051 0.1954 0.19626 0.19417 0.18971 0.18267 0.17203 0.15928 0.14703 0.1376 0.13198 0.12687 0.12197 0.1174 0.11331 0.10944 0.10563 0.10189 0.098109 0.094252 0.090443 0.086845 0.083381 0.079891 0.076433 0.073094 0.069833 0.066599 0.063315 0.059603 0.055591 0.051612 0.048037 0.045201 0.043301 0.041921 0.040629 0.03902 0.036833 0.034503 0.032143 0.029758 0.027349 0.024865 0.021869 0.01859 0.015435 0.012789 0.011004 0.0098972 0.0089463 0.0080761 0.0072346 0.0063807 0.0054808 0.0044532 0.0033566 0.0022944 0.001358 0.00063078 0.00019102 6.1824e-08 0 0 0 0 0 0 0 0 0 0 
337.5 0 0 0.0060078 0.011488 0.016099 0.026581 0.040145 0.054357 0.071336 0.090707 0.10819 0.12155 0.13258 0.14125 0.14695 0.14904 0.14509 0.1371 0.12872 0.12331 0.12294 0.12451 0.12766 0.13241 0.13877 0.14978 0.16449 0.17929 0.19054 0.19543 0.1963 0.19422 0.18975 0.18271 0.17206 0.15929 0.14702 0.13759 0.13197 0.12687 0.12198 0.1174 0.11331 0.10944 0.10562 0.10187 0.098088 0.094234 0.090429 0.086836 0.083378 0.079894 0.07644 0.0731 0.069835 0.066599 0.063313 0.059601 0.055589 0.05161 0.048036 0.045199 0.043297 0.041917 0.040625 0.039017 0.036833 0.034505 0.032147 0.029766 0.027359 0.024878 0.021881 0.0186 0.015442 0.012793 0.011007 0.0099016 0.0089505 0.0080792 0.0072362 0.0063811 0.0054808 0.0044535 0.0033574 0.0022957 0.0013594 0.00063187 0.0001912 0 0 0 0 0 0 0 0 0 0 0 
338 0 0 0.0060073 0.011493 0.016106 0.02659 0.04016 0.054381 0.071371 0.090756 0.10825 0.12162 0.13265 0.14132 0.14702 0.14911 0.14515 0.13716 0.12878 0.12337 0.123 0.12457 0.12773 0.13248 0.13884 0.14985 0.16456 0.17937 0.19063 0.19554 0.19642 0.19435 0.18988 0.18284 0.17217 0.15937 0.14707 0.13762 0.132 0.1269 0.12201 0.11744 0.11334 0.10946 0.10564 0.10188 0.098104 0.09425 0.090446 0.086854 0.0834 0.079918 0.076465 0.073124 0.069859 0.066621 0.063335 0.059617 0.055596 0.051611 0.048032 0.045195 0.04329 0.041904 0.040608 0.039 0.03682 0.034497 0.032144 0.029769 0.027367 0.024891 0.021895 0.018609 0.015446 0.012794 0.011007 0.0099031 0.0089523 0.0080802 0.0072361 0.00638 0.0054796 0.0044531 0.0033578 0.0022967 0.0013607 0.00063295 0.0001915 0 0 0 0 0 0 0 0 0 0 0 
338.5 0 0 0.0060069 0.011497 0.016113 0.0266 0.040176 0.054405 0.071407 0.090806 0.10831 0.12169 0.13272 0.14139 0.14709 0.14917 0.14521 0.13722 0.12884 0.12343 0.12305 0.12463 0.12779 0.13255 0.13891 0.14992 0.16463 0.17945 0.19072 0.19564 0.19653 0.19447 0.19002 0.18297 0.17228 0.15946 0.14712 0.13765 0.13203 0.12694 0.12205 0.11747 0.11337 0.10949 0.10566 0.1019 0.09812 0.094266 0.090463 0.086873 0.083422 0.079942 0.076489 0.073148 0.069882 0.066644 0.063356 0.059632 0.055603 0.051611 0.048028 0.045192 0.043283 0.041891 0.040592 0.038983 0.036808 0.03449 0.032142 0.029772 0.027376 0.024903 0.021908 0.018619 0.015451 0.012794 0.011007 0.0099046 0.0089542 0.0080813 0.007236 0.006379 0.0054785 0.0044526 0.0033582 0.0022977 0.001362 0.00063403 0.00019179 0 0 0 0 0 0 0 0 0 0 0 
339 0 0 0.0060065 0.011502 0.01612 0.026609 0.040191 0.054429 0.071443 0.090856 0.10837 0.12175 0.13279 0.14146 0.14715 0.14923 0.14527 0.13728 0.1289 0.12349 0.12311 0.12469 0.12786 0.13262 0.13898 0.14999 0.1647 0.17952 0.1908 0.19575 0.19665 0.1946 0.19015 0.1831 0.17239 0.15954 0.14717 0.13768 0.13206 0.12697 0.12208 0.11751 0.1134 0.10951 0.10568 0.10192 0.098135 0.094282 0.090479 0.086892 0.083443 0.079966 0.076514 0.073172 0.069905 0.066666 0.063377 0.059647 0.05561 0.051611 0.048025 0.045189 0.043276 0.041879 0.040575 0.038966 0.036795 0.034482 0.03214 0.029775 0.027384 0.024916 0.021921 0.018628 0.015455 0.012795 0.011006 0.009906 0.008956 0.0080824 0.0072359 0.0063779 0.0054774 0.0044522 0.0033586 0.0022987 0.0013633 0.00063511 0.00019209 0 0 0 0 0 0 0 0 0 0 0 
339.5 0 0 0.0060104 0.011507 0.016125 0.026616 0.040195 0.05443 0.071445 0.09086 0.10837 0.12174 0.13276 0.1414 0.14708 0.14914 0.14517 0.13718 0.12881 0.12339 0.12302 0.1246 0.12777 0.13253 0.1389 0.1499 0.16462 0.17944 0.19072 0.19563 0.19649 0.1944 0.18993 0.18289 0.17222 0.15939 0.14705 0.13758 0.13198 0.12691 0.12205 0.11749 0.1134 0.10952 0.1057 0.10195 0.09817 0.094304 0.090486 0.086884 0.08342 0.079926 0.076467 0.073135 0.069884 0.066659 0.063377 0.05965 0.055613 0.051613 0.048029 0.045197 0.043283 0.041879 0.040567 0.038952 0.036781 0.034469 0.032127 0.029761 0.027369 0.024902 0.021911 0.018622 0.015451 0.012791 0.010999 0.0098973 0.0089487 0.008078 0.0072348 0.0063794 0.00548 0.0044545 0.0033595 0.0022979 0.0013613 0.00063312 0.00019206 1.3085e-06 0 0 0 0 0 0 0 0 0 0 
340 0 0 0.0060152 0.011511 0.01613 0.026622 0.040197 0.054428 0.071441 0.090855 0.10836 0.12172 0.13271 0.14132 0.14697 0.14901 0.14503 0.13705 0.12868 0.12327 0.1229 0.12449 0.12765 0.13242 0.13878 0.14979 0.1645 0.17932 0.1906 0.19548 0.19628 0.19414 0.18965 0.18262 0.17199 0.1592 0.14691 0.13745 0.13188 0.12684 0.12199 0.11746 0.11338 0.10953 0.10573 0.10199 0.098208 0.094328 0.090492 0.086871 0.083388 0.079873 0.076407 0.073086 0.069853 0.066646 0.063372 0.059651 0.055616 0.051616 0.048034 0.045208 0.043293 0.041881 0.040559 0.038939 0.036767 0.034455 0.032112 0.029743 0.027349 0.024883 0.021896 0.018612 0.015445 0.012786 0.010991 0.0098867 0.0089396 0.0080726 0.0072334 0.0063813 0.0054833 0.0044573 0.0033605 0.0022968 0.0013586 0.00063055 0.00019197 2.8696e-06 0 0 0 0 0 0 0 0 0 0 
340.5 0 0 0.0060199 0.011516 0.016134 0.026629 0.040199 0.054425 0.071437 0.09085 0.10835 0.12169 0.13266 0.14124 0.14687 0.14888 0.1449 0.13691 0.12856 0.12315 0.12278 0.12437 0.12754 0.1323 0.13867 0.14967 0.16438 0.17921 0.19047 0.19532 0.19606 0.19387 0.18936 0.18235 0.17175 0.15902 0.14676 0.13733 0.13178 0.12676 0.12194 0.11743 0.11337 0.10953 0.10575 0.10203 0.098246 0.094351 0.090497 0.086857 0.083356 0.079821 0.076347 0.073037 0.069823 0.066633 0.063368 0.059652 0.055619 0.051619 0.04804 0.045218 0.043302 0.041884 0.040552 0.038925 0.036752 0.034441 0.032096 0.029725 0.02733 0.024864 0.021881 0.018602 0.015439 0.012781 0.010983 0.009876 0.0089306 0.0080672 0.0072321 0.0063832 0.0054867 0.00446 0.0033615 0.0022957 0.0013559 0.00062797 0.00019187 4.4308e-06 0 0 0 0 0 0 0 0 0 0 
341 0 0 0.0060246 0.011521 0.016139 0.026635 0.040203 0.054425 0.071436 0.090849 0.10834 0.12167 0.13261 0.14117 0.14677 0.14877 0.14477 0.13679 0.12844 0.12304 0.12267 0.12426 0.12743 0.13219 0.13856 0.14956 0.16428 0.17911 0.19037 0.19518 0.19587 0.19364 0.1891 0.1821 0.17155 0.15885 0.14663 0.13722 0.13169 0.12669 0.1219 0.1174 0.11336 0.10954 0.10578 0.10206 0.098285 0.094376 0.090505 0.086849 0.08333 0.079776 0.076296 0.072995 0.069798 0.066622 0.063365 0.059654 0.055623 0.051623 0.048046 0.045228 0.043312 0.041887 0.040546 0.038914 0.03674 0.034429 0.032083 0.02971 0.027312 0.024846 0.021867 0.018593 0.015434 0.012776 0.010976 0.0098665 0.0089226 0.0080624 0.0072309 0.0063849 0.0054897 0.0044626 0.0033625 0.0022947 0.0013536 0.00062572 0.0001918 5.7856e-06 0 0 0 0 0 0 0 0 0 0 
341.5 0 0 0.0060295 0.011529 0.016149 0.026652 0.040225 0.054452 0.07147 0.090891 0.10839 0.12172 0.13266 0.14122 0.14681 0.14881 0.14481 0.13682 0.12847 0.12307 0.12269 0.12428 0.12744 0.13221 0.13859 0.14959 0.16433 0.17917 0.19045 0.19528 0.19599 0.19377 0.18924 0.18224 0.17168 0.15899 0.14676 0.13733 0.13177 0.12675 0.12193 0.11742 0.11338 0.10956 0.10581 0.1021 0.098331 0.094427 0.090559 0.086907 0.083392 0.079844 0.076364 0.073054 0.069839 0.066648 0.063386 0.059677 0.055646 0.051643 0.04806 0.045234 0.043317 0.041898 0.040564 0.038935 0.036758 0.034441 0.032092 0.029718 0.027319 0.024851 0.021871 0.018597 0.015439 0.012783 0.010983 0.0098746 0.008929 0.0080662 0.0072319 0.0063837 0.0054878 0.0044617 0.0033633 0.0022968 0.0013564 0.00062804 0.00019199 4.2251e-06 0 0 0 0 0 0 0 0 0 0 
342 0 0 0.0060344 0.011536 0.016158 0.026668 0.040247 0.05448 0.071505 0.090934 0.10844 0.12177 0.13271 0.14127 0.14686 0.14884 0.14484 0.13686 0.1285 0.12309 0.12271 0.1243 0.12746 0.13223 0.13861 0.14963 0.16437 0.17924 0.19054 0.19538 0.1961 0.1939 0.18938 0.18238 0.17182 0.15912 0.14689 0.13744 0.13185 0.1268 0.12196 0.11744 0.1134 0.10959 0.10584 0.10215 0.098378 0.094478 0.090614 0.086965 0.083454 0.079912 0.076433 0.073113 0.06988 0.066674 0.063408 0.059701 0.05567 0.051663 0.048074 0.04524 0.043322 0.041908 0.040582 0.038957 0.036776 0.034453 0.032101 0.029726 0.027326 0.024857 0.021875 0.018601 0.015444 0.012789 0.010991 0.0098827 0.0089354 0.0080699 0.0072328 0.0063825 0.005486 0.0044608 0.003364 0.002299 0.0013592 0.00063035 0.00019219 2.6646e-06 0 0 0 0 0 0 0 0 0 0 
342.5 0 0 0.0060393 0.011543 0.016168 0.026684 0.040269 0.054508 0.07154 0.090977 0.10849 0.12182 0.13276 0.14131 0.1469 0.14888 0.14487 0.13689 0.12853 0.12312 0.12273 0.12431 0.12748 0.13225 0.13863 0.14966 0.16442 0.1793 0.19063 0.19549 0.19622 0.19403 0.18952 0.18252 0.17196 0.15926 0.14702 0.13755 0.13193 0.12685 0.12199 0.11746 0.11342 0.10962 0.10588 0.10219 0.098424 0.094529 0.090668 0.087022 0.083516 0.079979 0.076502 0.073171 0.069921 0.0667 0.063429 0.059724 0.055694 0.051684 0.048088 0.045246 0.043327 0.041919 0.0406 0.038978 0.036794 0.034466 0.03211 0.029734 0.027333 0.024862 0.021879 0.018605 0.015449 0.012796 0.010999 0.0098907 0.0089419 0.0080737 0.0072338 0.0063814 0.0054842 0.00446 0.0033647 0.0023011 0.001362 0.00063266 0.00019238 1.104e-06 0 0 0 0 0 0 0 0 0 0 
343 0 0 0.0060398 0.011546 0.016173 0.026691 0.040279 0.054522 0.07156 0.091004 0.10852 0.12185 0.1328 0.14135 0.14693 0.14891 0.1449 0.13691 0.12856 0.12314 0.12275 0.12434 0.12751 0.13228 0.13867 0.14969 0.16446 0.17936 0.1907 0.19557 0.19631 0.19412 0.18962 0.18261 0.17206 0.15936 0.14711 0.13763 0.13199 0.12689 0.12202 0.11749 0.11344 0.10964 0.1059 0.10221 0.098455 0.094563 0.090704 0.087061 0.083559 0.080029 0.076553 0.073215 0.069951 0.066719 0.063444 0.05974 0.055708 0.051695 0.048094 0.045248 0.043328 0.041922 0.040607 0.038987 0.036801 0.034471 0.032115 0.029739 0.027339 0.024867 0.021884 0.01861 0.015454 0.0128 0.011003 0.0098941 0.0089439 0.0080748 0.0072344 0.0063822 0.005485 0.0044608 0.0033655 0.002302 0.0013632 0.00063366 0.0001925 4.9458e-07 0 0 0 0 0 0 0 0 0 0 
343.5 0 0 0.0060295 0.01154 0.016165 0.026674 0.040259 0.054504 0.071545 0.090994 0.10852 0.12186 0.1328 0.14136 0.14694 0.14892 0.14492 0.13694 0.12858 0.12317 0.12278 0.12438 0.12755 0.13234 0.13872 0.14974 0.16451 0.17941 0.19074 0.19561 0.19634 0.19413 0.18961 0.18261 0.17205 0.15935 0.1471 0.13762 0.13199 0.12691 0.12205 0.11752 0.11347 0.10965 0.10589 0.1022 0.098446 0.094554 0.090695 0.087055 0.083558 0.080034 0.076561 0.073222 0.069955 0.066719 0.063444 0.059737 0.055702 0.051685 0.048084 0.04524 0.043318 0.041906 0.040585 0.038964 0.036785 0.034462 0.032111 0.029737 0.02734 0.024873 0.021894 0.018619 0.015458 0.0128 0.010997 0.0098862 0.0089354 0.0080692 0.0072344 0.0063877 0.0054923 0.0044658 0.0033664 0.0023002 0.0013604 0.00063149 0.00019243 2.1852e-06 0 0 0 0 0 0 0 0 0 0 
344 0 0 0.0060192 0.011533 0.016157 0.026657 0.040239 0.054486 0.07153 0.090984 0.10852 0.12186 0.1328 0.14136 0.14695 0.14894 0.14494 0.13696 0.12861 0.12319 0.12281 0.12441 0.1276 0.13239 0.13877 0.14978 0.16455 0.17945 0.19079 0.19565 0.19636 0.19414 0.18961 0.1826 0.17205 0.15934 0.14709 0.13762 0.13199 0.12692 0.12208 0.11756 0.1135 0.10965 0.10588 0.10219 0.098437 0.094546 0.090686 0.087048 0.083557 0.080038 0.076569 0.073229 0.069959 0.06672 0.063443 0.059734 0.055695 0.051676 0.048074 0.045231 0.043307 0.04189 0.040563 0.038942 0.036769 0.034453 0.032106 0.029735 0.027341 0.02488 0.021903 0.018627 0.015463 0.012799 0.010992 0.0098783 0.0089268 0.0080637 0.0072344 0.0063933 0.0054995 0.0044707 0.0033673 0.0022983 0.0013576 0.00062931 0.00019237 3.8758e-06 0 0 0 0 0 0 0 0 0 0 
344.5 0 0 0.0060089 0.011527 0.01615 0.02664 0.040219 0.054468 0.071515 0.090974 0.10851 0.12186 0.13281 0.14137 0.14696 0.14895 0.14495 0.13698 0.12863 0.12322 0.12284 0.12445 0.12765 0.13244 0.13882 0.14983 0.1646 0.17949 0.19083 0.19568 0.19638 0.19414 0.18961 0.1826 0.17204 0.15933 0.14709 0.13761 0.132 0.12694 0.12211 0.1176 0.11353 0.10966 0.10588 0.10218 0.098429 0.094538 0.090677 0.087042 0.083555 0.080043 0.076577 0.073236 0.069963 0.066721 0.063442 0.059731 0.055689 0.051666 0.048063 0.045223 0.043297 0.041874 0.040541 0.038919 0.036752 0.034444 0.032102 0.029734 0.027342 0.024886 0.021913 0.018636 0.015467 0.012799 0.010987 0.0098704 0.0089183 0.0080581 0.0072344 0.0063988 0.0055068 0.0044757 0.0033682 0.0022965 0.0013548 0.00062714 0.0001923 5.5665e-06 0 0 0 0 0 0 0 0 0 0 
345 0 0 0.0060072 0.011528 0.016152 0.026642 0.040221 0.054474 0.071524 0.090988 0.10853 0.12188 0.13283 0.14138 0.14697 0.14896 0.14496 0.13698 0.12864 0.12323 0.12285 0.12447 0.12768 0.13247 0.13885 0.14985 0.16461 0.1795 0.19083 0.19568 0.19637 0.19413 0.18959 0.18258 0.17203 0.15932 0.14707 0.1376 0.13198 0.12692 0.12209 0.11758 0.11351 0.10966 0.10588 0.10219 0.098442 0.094551 0.090689 0.087053 0.083566 0.080053 0.076584 0.073239 0.069965 0.066722 0.063442 0.05973 0.055691 0.051672 0.048071 0.045229 0.043301 0.041877 0.040545 0.038923 0.036755 0.034445 0.032102 0.029733 0.027342 0.024885 0.021911 0.018634 0.015466 0.012796 0.010981 0.0098629 0.0089106 0.0080527 0.0072327 0.0064007 0.00551 0.0044781 0.0033686 0.0022954 0.0013532 0.00062587 0.00019233 6.8187e-06 0 0 0 0 0 0 0 0 0 0 
345.5 0 0 0.0060134 0.011537 0.016164 0.026661 0.040245 0.054501 0.071557 0.091026 0.10857 0.12192 0.13286 0.1414 0.14698 0.14896 0.14495 0.13697 0.12863 0.12322 0.12285 0.12447 0.12768 0.13248 0.13885 0.14985 0.16459 0.17946 0.19078 0.19564 0.19634 0.1941 0.18957 0.18256 0.17201 0.15931 0.14706 0.13757 0.13194 0.12687 0.12203 0.11752 0.11346 0.10964 0.10589 0.10222 0.098476 0.094585 0.090721 0.087081 0.083589 0.080067 0.076588 0.073239 0.069966 0.066724 0.063441 0.059732 0.055702 0.051693 0.048096 0.045247 0.043319 0.041899 0.040573 0.038951 0.036775 0.034455 0.032107 0.029735 0.02734 0.024877 0.0219 0.018623 0.015458 0.012791 0.010976 0.0098557 0.0089038 0.0080475 0.0072295 0.0063993 0.0055096 0.0044781 0.0033686 0.0022952 0.0013528 0.00062543 0.00019243 7.6685e-06 0 0 0 0 0 0 0 0 0 0 
346 0 0 0.0060197 0.011547 0.016176 0.02668 0.040269 0.054528 0.071589 0.091064 0.10861 0.12195 0.13289 0.14142 0.14699 0.14896 0.14495 0.13697 0.12862 0.12321 0.12285 0.12447 0.12768 0.13248 0.13886 0.14985 0.16458 0.17943 0.19074 0.1956 0.1963 0.19406 0.18954 0.18254 0.17199 0.15929 0.14704 0.13755 0.1319 0.12682 0.12196 0.11745 0.11341 0.10962 0.10589 0.10224 0.09851 0.094619 0.090752 0.087109 0.083612 0.080081 0.076592 0.073239 0.069967 0.066726 0.06344 0.059734 0.055713 0.051714 0.048121 0.045266 0.043336 0.041921 0.040601 0.038979 0.036795 0.034466 0.032111 0.029736 0.027338 0.024869 0.021888 0.018612 0.015451 0.012787 0.01097 0.0098484 0.0088969 0.0080422 0.0072263 0.0063978 0.0055092 0.0044781 0.0033686 0.0022949 0.0013523 0.000625 0.00019254 8.5184e-06 0 0 0 0 0 0 0 0 0 0 
346.5 0 0 0.0060259 0.011556 0.016189 0.026699 0.040292 0.054555 0.071622 0.091101 0.10865 0.12199 0.13292 0.14145 0.14701 0.14896 0.14494 0.13696 0.12861 0.12321 0.12284 0.12447 0.12768 0.13248 0.13886 0.14985 0.16456 0.1794 0.1907 0.19555 0.19626 0.19403 0.18951 0.18251 0.17197 0.15927 0.14702 0.13752 0.13186 0.12676 0.1219 0.11739 0.11337 0.1096 0.1059 0.10227 0.098544 0.094653 0.090784 0.087137 0.083634 0.080095 0.076597 0.073238 0.069968 0.066728 0.063439 0.059735 0.055724 0.051735 0.048145 0.045285 0.043354 0.041943 0.040628 0.039007 0.036815 0.034476 0.032115 0.029738 0.027336 0.024861 0.021877 0.018602 0.015443 0.012782 0.010965 0.0098412 0.0088901 0.008037 0.007223 0.0063964 0.0055088 0.004478 0.0033686 0.0022947 0.0013518 0.00062456 0.00019265 9.3682e-06 0 0 0 0 0 0 0 0 0 0 
347 0 0 0.0060275 0.011557 0.01619 0.026703 0.040296 0.05456 0.071628 0.091111 0.10866 0.122 0.13292 0.14144 0.14699 0.14894 0.14492 0.13694 0.1286 0.1232 0.12284 0.12447 0.12768 0.13248 0.13886 0.14985 0.16457 0.17937 0.19058 0.19544 0.19628 0.19415 0.18959 0.18253 0.17198 0.15929 0.14703 0.13752 0.13186 0.12677 0.12191 0.11739 0.11336 0.10959 0.10588 0.10224 0.098514 0.094624 0.090758 0.087115 0.083617 0.080082 0.076585 0.073226 0.069955 0.066716 0.063427 0.059726 0.055718 0.051733 0.048145 0.045284 0.043354 0.041946 0.040635 0.039018 0.036828 0.03449 0.032129 0.029753 0.027351 0.024877 0.021891 0.018614 0.015453 0.012789 0.010971 0.0098472 0.0088951 0.0080407 0.0072256 0.0063981 0.00551 0.0044792 0.0033698 0.0022959 0.001353 0.00062548 0.00019286 8.8929e-06 0 0 0 0 0 0 0 0 0 0 
347.5 0 0 0.0060275 0.011556 0.016188 0.026701 0.040294 0.054556 0.071626 0.09111 0.10866 0.12199 0.13291 0.14142 0.14697 0.14892 0.1449 0.13692 0.12858 0.12319 0.12283 0.12446 0.12768 0.13248 0.13887 0.14986 0.16459 0.17935 0.19045 0.1953 0.19632 0.19433 0.18971 0.18255 0.17199 0.15932 0.14705 0.13753 0.13187 0.12679 0.12194 0.11741 0.11337 0.10958 0.10586 0.1022 0.098462 0.094573 0.090712 0.087076 0.083587 0.080059 0.076567 0.073209 0.069938 0.066699 0.063412 0.059713 0.055707 0.051723 0.048136 0.045276 0.043348 0.041943 0.040636 0.039023 0.036838 0.034505 0.032147 0.029772 0.027373 0.024901 0.021915 0.018634 0.015468 0.0128 0.01098 0.0098575 0.008904 0.0080475 0.0072301 0.0064008 0.0055119 0.0044809 0.0033714 0.0022977 0.0013548 0.00062684 0.00019311 7.9721e-06 0 0 0 0 0 0 0 0 0 0 
348 0 0 0.0060275 0.011554 0.016185 0.026699 0.040291 0.054553 0.071624 0.09111 0.10866 0.12199 0.1329 0.14141 0.14695 0.14889 0.14487 0.1369 0.12857 0.12317 0.12282 0.12446 0.12767 0.13248 0.13887 0.14986 0.1646 0.17933 0.19032 0.19516 0.19637 0.19451 0.18984 0.18258 0.172 0.15934 0.14707 0.13753 0.13189 0.12682 0.12196 0.11744 0.11339 0.10958 0.10583 0.10216 0.098411 0.094523 0.090666 0.087038 0.083556 0.080037 0.076549 0.073193 0.069921 0.066682 0.063397 0.0597 0.055695 0.051712 0.048127 0.045269 0.043343 0.04194 0.040636 0.039028 0.036849 0.03452 0.032165 0.029792 0.027394 0.024925 0.021939 0.018654 0.015483 0.012811 0.01099 0.0098679 0.008913 0.0080543 0.0072346 0.0064036 0.0055137 0.0044825 0.003373 0.0022994 0.0013565 0.00062821 0.00019335 7.0513e-06 0 0 0 0 0 0 0 0 0 0 
348.5 0 0 0.0060276 0.011553 0.016183 0.026697 0.040288 0.05455 0.071622 0.09111 0.10866 0.12198 0.13289 0.14139 0.14693 0.14887 0.14485 0.13688 0.12855 0.12316 0.12281 0.12445 0.12767 0.13248 0.13887 0.14987 0.16462 0.1793 0.19018 0.19503 0.19641 0.19469 0.18996 0.1826 0.17201 0.15937 0.14709 0.13754 0.1319 0.12684 0.12199 0.11746 0.1134 0.10957 0.10581 0.10211 0.098359 0.094473 0.090621 0.086999 0.083526 0.080015 0.076531 0.073176 0.069904 0.066665 0.063382 0.059687 0.055684 0.051702 0.048118 0.045261 0.043337 0.041937 0.040636 0.039033 0.036859 0.034534 0.032183 0.029812 0.027416 0.024949 0.021963 0.018674 0.015498 0.012822 0.010999 0.0098782 0.008922 0.008061 0.0072392 0.0064064 0.0055156 0.0044841 0.0033747 0.0023012 0.0013583 0.00062958 0.0001936 6.1305e-06 0 0 0 0 0 0 0 0 0 0 
349 0 0 0.0060335 0.01156 0.016192 0.026709 0.040301 0.054561 0.07163 0.091114 0.10866 0.12198 0.13287 0.14137 0.14689 0.14883 0.1448 0.13684 0.12852 0.12314 0.12278 0.12441 0.12762 0.13242 0.13879 0.14978 0.16452 0.17918 0.19005 0.19489 0.19629 0.19459 0.18987 0.18252 0.17193 0.15929 0.14701 0.13747 0.13185 0.1268 0.12196 0.11744 0.11337 0.10953 0.10576 0.10206 0.098308 0.094422 0.090571 0.086952 0.083484 0.079977 0.076497 0.073143 0.069874 0.066636 0.063354 0.059657 0.05565 0.051667 0.048082 0.045228 0.043302 0.041898 0.040593 0.038987 0.036815 0.034493 0.032145 0.029777 0.027386 0.024926 0.021949 0.018669 0.015499 0.012829 0.011013 0.0098951 0.0089373 0.0080713 0.007243 0.0064049 0.005512 0.0044822 0.0033761 0.002306 0.0013648 0.00063508 0.00019413 4.5278e-06 0 0 0 0 0 0 0 0 0 0 
349.5 0 0 0.0060396 0.011567 0.016201 0.026722 0.040314 0.054572 0.071639 0.091119 0.10866 0.12197 0.13286 0.14134 0.14686 0.14878 0.14476 0.1368 0.12849 0.12311 0.12275 0.12437 0.12757 0.13235 0.13871 0.14968 0.16441 0.17906 0.18992 0.19476 0.19617 0.19448 0.18977 0.18244 0.17185 0.15921 0.14693 0.1374 0.13179 0.12676 0.12193 0.11742 0.11335 0.10949 0.10571 0.10201 0.098256 0.094371 0.090521 0.086906 0.083442 0.079939 0.076462 0.07311 0.069843 0.066608 0.063326 0.059626 0.055617 0.051631 0.048046 0.045194 0.043266 0.041858 0.040549 0.038941 0.03677 0.034451 0.032106 0.029742 0.027355 0.024901 0.021933 0.018662 0.0155 0.012837 0.011027 0.0099121 0.0089528 0.0080816 0.0072468 0.0064033 0.0055084 0.0044802 0.0033776 0.0023108 0.0013715 0.00064068 0.00019466 2.9085e-06 0 0 0 0 0 0 0 0 0 0 
350 0 0 0.0060456 0.011575 0.01621 0.026735 0.040327 0.054584 0.071648 0.091124 0.10866 0.12196 0.13284 0.14132 0.14683 0.14874 0.14471 0.13676 0.12846 0.12308 0.12272 0.12433 0.12752 0.13229 0.13863 0.14959 0.1643 0.17894 0.18979 0.19463 0.19605 0.19437 0.18968 0.18235 0.17177 0.15913 0.14685 0.13733 0.13174 0.12672 0.1219 0.1174 0.11332 0.10945 0.10566 0.10196 0.098204 0.09432 0.090471 0.086859 0.0834 0.079901 0.076427 0.073077 0.069812 0.066579 0.063298 0.059596 0.055583 0.051595 0.048009 0.04516 0.04323 0.041818 0.040504 0.038895 0.036725 0.034409 0.032067 0.029706 0.027324 0.024877 0.021918 0.018656 0.015501 0.012844 0.01104 0.0099292 0.0089683 0.0080919 0.0072507 0.0064016 0.0055047 0.0044783 0.0033791 0.0023156 0.0013781 0.00064628 0.00019519 1.2893e-06 0 0 0 0 0 0 0 0 0 0 
350.5 0 0 0.0060486 0.011579 0.016214 0.026741 0.040333 0.054588 0.071651 0.091125 0.10865 0.12195 0.13283 0.1413 0.1468 0.14871 0.14468 0.13673 0.12844 0.12307 0.12269 0.1243 0.12749 0.13225 0.13858 0.14953 0.16423 0.17886 0.1897 0.19454 0.19596 0.19428 0.1896 0.18228 0.1717 0.15907 0.1468 0.13729 0.1317 0.12669 0.12189 0.11739 0.11331 0.10943 0.10562 0.10192 0.09817 0.094287 0.090438 0.086827 0.08337 0.079874 0.076401 0.073054 0.069794 0.066564 0.063285 0.059581 0.055564 0.051572 0.047986 0.045138 0.043209 0.041793 0.040476 0.038864 0.036695 0.03438 0.032039 0.02968 0.027301 0.024857 0.021905 0.018649 0.015501 0.012848 0.011048 0.009939 0.0089772 0.0080978 0.0072528 0.0064006 0.0055025 0.0044772 0.0033802 0.0023188 0.0013823 0.00064976 0.00019555 3.02e-07 0 0 0 0 0 0 0 0 0 0 
351 0 0 0.0060392 0.01157 0.016203 0.026722 0.040311 0.054567 0.071632 0.091109 0.10864 0.12195 0.13283 0.1413 0.14681 0.14872 0.14469 0.13674 0.12845 0.12308 0.12271 0.12432 0.12751 0.13228 0.13862 0.14958 0.1643 0.17894 0.18977 0.19459 0.19598 0.19428 0.18958 0.18225 0.17168 0.15908 0.14684 0.13734 0.13175 0.12672 0.12191 0.1174 0.11333 0.10945 0.10566 0.10196 0.098209 0.094322 0.090469 0.086854 0.083392 0.079889 0.076414 0.073074 0.069824 0.066604 0.063329 0.059624 0.055601 0.051603 0.048014 0.045168 0.043241 0.041827 0.040508 0.038894 0.036722 0.034404 0.032059 0.029693 0.027308 0.024858 0.021902 0.018644 0.015494 0.012839 0.011034 0.0099205 0.0089606 0.0080867 0.0072483 0.0064016 0.0055059 0.0044796 0.0033798 0.0023152 0.0013768 0.00064496 0.00019528 1.7839e-06 0 0 0 0 0 0 0 0 0 0 
351.5 0 0 0.0060298 0.01156 0.016192 0.026703 0.040289 0.054546 0.071612 0.091092 0.10863 0.12194 0.13282 0.14131 0.14682 0.14873 0.1447 0.13676 0.12847 0.1231 0.12273 0.12434 0.12754 0.13231 0.13865 0.14963 0.16437 0.17903 0.18985 0.19464 0.19601 0.19428 0.18956 0.18222 0.17166 0.15909 0.14688 0.1374 0.13179 0.12675 0.12193 0.11742 0.11335 0.10948 0.10569 0.102 0.098247 0.094357 0.0905 0.08688 0.083413 0.079903 0.076426 0.073093 0.069854 0.066643 0.063374 0.059666 0.055638 0.051634 0.048041 0.045198 0.043274 0.04186 0.04054 0.038923 0.036749 0.034427 0.032078 0.029707 0.027315 0.024859 0.021899 0.018639 0.015488 0.01283 0.011019 0.009902 0.008944 0.0080755 0.0072438 0.0064027 0.0055094 0.004482 0.0033793 0.0023116 0.0013713 0.00064016 0.00019501 3.2658e-06 0 0 0 0 0 0 0 0 0 0 
352 0 0 0.0060204 0.011551 0.016181 0.026685 0.040267 0.054525 0.071593 0.091076 0.10862 0.12193 0.13282 0.14131 0.14682 0.14874 0.14472 0.13677 0.12848 0.12311 0.12275 0.12437 0.12757 0.13234 0.13869 0.14968 0.16444 0.17911 0.18993 0.1947 0.19603 0.19428 0.18954 0.18219 0.17164 0.15909 0.14692 0.13745 0.13184 0.12678 0.12195 0.11744 0.11337 0.10951 0.10573 0.10204 0.098286 0.094392 0.09053 0.086906 0.083434 0.079918 0.076439 0.073112 0.069884 0.066683 0.063418 0.059709 0.055675 0.051664 0.048069 0.045228 0.043307 0.041894 0.040572 0.038953 0.036775 0.034451 0.032097 0.02972 0.027321 0.02486 0.021895 0.018634 0.015481 0.012821 0.011005 0.0098835 0.0089274 0.0080644 0.0072393 0.0064037 0.0055128 0.0044845 0.0033789 0.002308 0.0013658 0.00063536 0.00019474 4.7476e-06 0 0 0 0 0 0 0 0 0 0 
352.5 0 0 0.0060165 0.011548 0.016176 0.026676 0.040255 0.054511 0.071575 0.091056 0.1086 0.12191 0.13279 0.14127 0.14679 0.1487 0.14468 0.13674 0.12845 0.12308 0.12271 0.12433 0.12754 0.13231 0.13866 0.14966 0.16443 0.17911 0.18993 0.19469 0.19602 0.19426 0.1895 0.18214 0.17161 0.15908 0.14691 0.13745 0.13182 0.12675 0.12191 0.11739 0.11333 0.10948 0.10572 0.10204 0.098294 0.094398 0.090534 0.086905 0.083427 0.079905 0.076426 0.073106 0.069887 0.066695 0.063435 0.059725 0.055686 0.051669 0.048071 0.045233 0.043315 0.041903 0.040581 0.038962 0.036784 0.03446 0.032105 0.029727 0.027327 0.024864 0.021899 0.018635 0.01548 0.012817 0.010996 0.0098734 0.0089188 0.0080591 0.0072377 0.0064052 0.0055157 0.0044867 0.0033793 0.0023064 0.0013628 0.00063266 0.00019464 5.7939e-06 0 0 0 0 0 0 0 0 0 0 
353 0 0 0.0060198 0.011552 0.016181 0.026681 0.040257 0.054506 0.07156 0.091031 0.10857 0.12187 0.13273 0.14119 0.14669 0.14859 0.14456 0.13663 0.12836 0.12299 0.12261 0.12423 0.12744 0.13221 0.13856 0.14954 0.16431 0.17899 0.18982 0.1946 0.19594 0.19419 0.18944 0.18209 0.17156 0.15902 0.14685 0.13736 0.13171 0.12663 0.12177 0.11725 0.1132 0.10939 0.10566 0.102 0.098261 0.094367 0.0905 0.086866 0.083382 0.079858 0.07638 0.073067 0.069856 0.066671 0.063416 0.059705 0.055662 0.05164 0.048041 0.045207 0.043291 0.04188 0.04056 0.038943 0.03677 0.034448 0.032097 0.029725 0.027331 0.024874 0.021911 0.018646 0.015486 0.012819 0.010996 0.0098742 0.0089207 0.0080615 0.0072401 0.0064074 0.0055177 0.0044886 0.0033808 0.0023073 0.0013632 0.00063271 0.00019476 6.2647e-06 0 0 0 0 0 0 0 0 0 0 
353.5 0 0 0.0060232 0.011556 0.016186 0.026687 0.04026 0.054502 0.071545 0.091006 0.10854 0.12182 0.13267 0.14111 0.14659 0.14848 0.14445 0.13653 0.12826 0.12289 0.12251 0.12413 0.12733 0.13211 0.13845 0.14943 0.1642 0.17888 0.18972 0.19451 0.19586 0.19413 0.18939 0.18204 0.17151 0.15897 0.14678 0.13728 0.13161 0.12651 0.12164 0.11711 0.11308 0.1093 0.1056 0.10196 0.098229 0.094336 0.090467 0.086827 0.083338 0.07981 0.076334 0.073028 0.069824 0.066647 0.063396 0.059686 0.055638 0.051611 0.04801 0.04518 0.043266 0.041856 0.040538 0.038925 0.036755 0.034436 0.03209 0.029723 0.027334 0.024883 0.021923 0.018656 0.015492 0.012821 0.010996 0.0098751 0.0089227 0.0080639 0.0072425 0.0064095 0.0055197 0.0044905 0.0033822 0.0023082 0.0013636 0.00063277 0.00019488 6.7354e-06 0 0 0 0 0 0 0 0 0 0 
354 0 0 0.0060265 0.011561 0.016191 0.026692 0.040262 0.054498 0.07153 0.090981 0.1085 0.12178 0.13261 0.14103 0.1465 0.14837 0.14434 0.13643 0.12817 0.1228 0.12241 0.12403 0.12723 0.13201 0.13835 0.14932 0.16408 0.17877 0.18962 0.19442 0.19578 0.19406 0.18933 0.18198 0.17146 0.15892 0.14672 0.1372 0.1315 0.12639 0.12151 0.11698 0.11296 0.10921 0.10553 0.10191 0.098197 0.094305 0.090433 0.086788 0.083293 0.079762 0.076288 0.072988 0.069793 0.066623 0.063377 0.059666 0.055614 0.051582 0.04798 0.045154 0.043241 0.041833 0.040517 0.038906 0.03674 0.034425 0.032083 0.029721 0.027338 0.024892 0.021935 0.018667 0.015498 0.012822 0.010996 0.0098759 0.0089246 0.0080663 0.0072448 0.0064116 0.0055218 0.0044924 0.0033837 0.0023091 0.0013639 0.00063283 0.000195 7.2061e-06 0 0 0 0 0 0 0 0 0 0 
354.5 0 0 0.0060308 0.011567 0.016198 0.026705 0.040279 0.054517 0.071553 0.09101 0.10854 0.12181 0.13263 0.14105 0.1465 0.14837 0.14433 0.13642 0.12817 0.1228 0.12241 0.12403 0.12724 0.13202 0.13836 0.14933 0.16409 0.17878 0.18963 0.19443 0.19579 0.19407 0.18934 0.18201 0.17147 0.15891 0.1467 0.13717 0.13148 0.12637 0.12149 0.11696 0.11294 0.1092 0.10553 0.10191 0.098194 0.094303 0.090433 0.086789 0.083295 0.079763 0.076287 0.072983 0.069784 0.066611 0.063364 0.059657 0.055612 0.051588 0.047989 0.04516 0.043245 0.041834 0.040518 0.038907 0.03674 0.034424 0.032081 0.029719 0.027337 0.024891 0.021935 0.018668 0.0155 0.012825 0.010997 0.0098769 0.0089256 0.0080675 0.0072462 0.0064131 0.0055232 0.0044937 0.0033847 0.0023096 0.0013641 0.00063279 0.00019503 7.4609e-06 0 0 0 0 0 0 0 0 0 0 
355 0 0 0.0060355 0.011574 0.016208 0.026722 0.040303 0.054549 0.071596 0.091066 0.1086 0.12188 0.1327 0.14111 0.14656 0.14842 0.14438 0.13646 0.12821 0.12284 0.12246 0.12408 0.12729 0.13208 0.13843 0.1494 0.16416 0.17885 0.18971 0.1945 0.19585 0.19411 0.1894 0.18207 0.17151 0.15893 0.1467 0.13717 0.1315 0.1264 0.12154 0.11701 0.11299 0.10924 0.10556 0.10193 0.098206 0.094316 0.09045 0.08681 0.08332 0.079789 0.076308 0.072996 0.069787 0.066605 0.063353 0.059654 0.055623 0.051612 0.048019 0.045184 0.043263 0.041849 0.04053 0.038917 0.036748 0.034428 0.032083 0.029719 0.027334 0.024886 0.02193 0.018665 0.0155 0.012827 0.011 0.009878 0.008926 0.008068 0.0072471 0.0064142 0.0055244 0.0044946 0.0033853 0.0023099 0.0013641 0.00063271 0.00019503 7.6036e-06 0 0 0 0 0 0 0 0 0 0 
355.5 0 0 0.0060403 0.01158 0.016217 0.026739 0.040328 0.054581 0.07164 0.091122 0.10866 0.12194 0.13276 0.14117 0.14661 0.14847 0.14442 0.1365 0.12825 0.12289 0.12251 0.12414 0.12735 0.13214 0.1385 0.14948 0.16424 0.17893 0.18978 0.19457 0.1959 0.19415 0.18945 0.18212 0.17156 0.15894 0.1467 0.13717 0.13152 0.12644 0.12158 0.11706 0.11304 0.10928 0.10559 0.10195 0.098219 0.094329 0.090466 0.086832 0.083345 0.079814 0.07633 0.073009 0.06979 0.066599 0.063343 0.05965 0.055633 0.051636 0.048048 0.045207 0.043281 0.041864 0.040542 0.038927 0.036755 0.034433 0.032085 0.029718 0.02733 0.024881 0.021924 0.018661 0.0155 0.01283 0.011002 0.009879 0.0089265 0.0080685 0.0072479 0.0064154 0.0055256 0.0044956 0.0033859 0.0023102 0.0013642 0.00063264 0.00019502 7.7464e-06 0 0 0 0 0 0 0 0 0 0 
356 0 0 0.006045 0.011587 0.016226 0.026756 0.040352 0.054613 0.071683 0.091178 0.10873 0.12201 0.13283 0.14123 0.14667 0.14852 0.14447 0.13655 0.1283 0.12294 0.12256 0.12419 0.12741 0.13221 0.13856 0.14955 0.16431 0.179 0.18986 0.19464 0.19595 0.19419 0.1895 0.18218 0.1716 0.15896 0.1467 0.13718 0.13153 0.12647 0.12162 0.11711 0.11308 0.10932 0.10562 0.10196 0.098231 0.094342 0.090483 0.086853 0.08337 0.07984 0.076352 0.073022 0.069793 0.066593 0.063333 0.059647 0.055644 0.05166 0.048078 0.045231 0.043299 0.041879 0.040555 0.038938 0.036763 0.034437 0.032086 0.029717 0.027327 0.024875 0.021919 0.018658 0.0155 0.012832 0.011004 0.0098801 0.0089269 0.0080689 0.0072487 0.0064166 0.0055268 0.0044966 0.0033865 0.0023105 0.0013642 0.00063256 0.00019501 7.8892e-06 0 0 0 0 0 0 0 0 0 0 
356.5 0 0 0.0060481 0.01159 0.016229 0.026761 0.040358 0.054621 0.071695 0.091194 0.10874 0.12202 0.13284 0.14125 0.14669 0.14854 0.14449 0.13657 0.12831 0.12295 0.12258 0.1242 0.12743 0.13222 0.13858 0.14957 0.16434 0.17903 0.18989 0.19468 0.196 0.19425 0.18955 0.18222 0.17163 0.15899 0.14672 0.1372 0.13158 0.12654 0.12171 0.1172 0.11316 0.10937 0.10565 0.10198 0.098239 0.094347 0.090486 0.086857 0.083378 0.079853 0.076371 0.073051 0.069832 0.066642 0.063389 0.059695 0.05567 0.051662 0.048068 0.045227 0.043302 0.041882 0.040556 0.038937 0.036764 0.03444 0.032091 0.029722 0.027331 0.024879 0.021922 0.018659 0.0155 0.01283 0.011001 0.0098771 0.0089245 0.008067 0.007247 0.006415 0.0055258 0.0044964 0.003387 0.0023109 0.0013642 0.00063236 0.00019506 8.4167e-06 0 0 0 0 0 0 0 0 0 0 
357 0 0 0.0060509 0.011592 0.01623 0.026764 0.040361 0.054625 0.071704 0.091204 0.10875 0.12203 0.13286 0.14127 0.14671 0.14856 0.14451 0.13658 0.12833 0.12296 0.12259 0.12421 0.12743 0.13223 0.13859 0.14958 0.16436 0.17905 0.18991 0.19471 0.19605 0.19431 0.18959 0.18226 0.17167 0.15902 0.14675 0.13723 0.13163 0.12661 0.12179 0.11729 0.11324 0.10943 0.10568 0.102 0.098246 0.09435 0.090487 0.086859 0.083383 0.079864 0.07639 0.073082 0.069876 0.066698 0.063453 0.05975 0.055699 0.051661 0.048052 0.045219 0.043302 0.041885 0.040556 0.038935 0.036763 0.034443 0.032095 0.029726 0.027336 0.024883 0.021926 0.018662 0.0155 0.012828 0.010998 0.0098737 0.0089217 0.0080647 0.007245 0.0064132 0.0055246 0.0044961 0.0033874 0.0023113 0.0013642 0.00063215 0.00019511 8.9943e-06 0 0 0 0 0 0 0 0 0 0 
357.5 0 0 0.0060538 0.011594 0.016232 0.026766 0.040364 0.05463 0.071712 0.091214 0.10876 0.12204 0.13287 0.14128 0.14673 0.14858 0.14453 0.1366 0.12834 0.12297 0.1226 0.12422 0.12744 0.13224 0.1386 0.1496 0.16437 0.17908 0.18994 0.19475 0.1961 0.19437 0.18964 0.18229 0.1717 0.15905 0.14678 0.13726 0.13168 0.12668 0.12188 0.11739 0.11332 0.10948 0.10571 0.10201 0.098254 0.094354 0.090488 0.086861 0.083389 0.079875 0.07641 0.073113 0.069919 0.066754 0.063518 0.059804 0.055728 0.051661 0.048037 0.045212 0.043303 0.041887 0.040555 0.038933 0.036763 0.034446 0.0321 0.029731 0.02734 0.024888 0.02193 0.018664 0.0155 0.012825 0.010994 0.0098702 0.0089189 0.0080624 0.0072429 0.0064113 0.0055233 0.0044958 0.0033879 0.0023117 0.0013643 0.00063194 0.00019516 9.5718e-06 0 0 0 0 0 0 0 0 0 0 
358 0 0 0.0060558 0.011596 0.016233 0.026768 0.040366 0.054631 0.071716 0.091219 0.10876 0.12204 0.13287 0.14129 0.14674 0.14859 0.14453 0.1366 0.12834 0.12298 0.1226 0.12422 0.12745 0.13224 0.1386 0.1496 0.16438 0.17909 0.18995 0.19476 0.19614 0.19441 0.18967 0.18231 0.17172 0.15907 0.14679 0.13727 0.13171 0.12673 0.12195 0.11746 0.11338 0.10952 0.10573 0.10202 0.09825 0.094347 0.09048 0.086854 0.083386 0.079877 0.07642 0.073134 0.069951 0.066796 0.063569 0.059847 0.055748 0.051656 0.048019 0.045201 0.0433 0.041887 0.040554 0.038931 0.036763 0.034448 0.032103 0.029735 0.027343 0.024891 0.021932 0.018665 0.015499 0.012823 0.01099 0.009867 0.0089163 0.0080602 0.007241 0.0064095 0.0055222 0.0044956 0.0033883 0.0023122 0.0013643 0.00063179 0.00019522 1.0077e-05 0 0 0 0 0 0 0 0 0 0 
358.5 0 0 0.0060516 0.011593 0.016229 0.026758 0.040351 0.054611 0.071685 0.091179 0.10872 0.12199 0.13281 0.14122 0.14666 0.1485 0.14445 0.13653 0.12828 0.12292 0.12254 0.12417 0.12739 0.13218 0.13854 0.14953 0.1643 0.17899 0.18984 0.19465 0.19601 0.19428 0.18953 0.18217 0.17159 0.15896 0.14669 0.13718 0.1316 0.12661 0.12182 0.11733 0.11326 0.10941 0.10562 0.10192 0.098156 0.094258 0.090396 0.086775 0.083313 0.07981 0.076356 0.073072 0.069889 0.066735 0.06351 0.059795 0.055704 0.051618 0.047984 0.045165 0.043269 0.041867 0.040548 0.038932 0.036762 0.034444 0.032096 0.029725 0.027332 0.024878 0.021921 0.018657 0.015495 0.012822 0.01099 0.0098659 0.0089151 0.0080593 0.0072403 0.0064091 0.0055219 0.0044954 0.0033884 0.0023125 0.0013648 0.00063216 0.00019535 1.0013e-05 0 0 0 0 0 0 0 0 0 0 
359 0 0 0.0060475 0.01159 0.016225 0.026749 0.040337 0.054591 0.071654 0.091139 0.10868 0.12194 0.13275 0.14115 0.14658 0.14842 0.14437 0.13645 0.12821 0.12286 0.12248 0.12411 0.12733 0.13213 0.13848 0.14946 0.16422 0.1789 0.18974 0.19454 0.19589 0.19415 0.18939 0.18204 0.17147 0.15885 0.14659 0.13709 0.1315 0.12649 0.1217 0.11721 0.11314 0.10929 0.10551 0.10182 0.098062 0.094169 0.090312 0.086697 0.08324 0.079743 0.076293 0.07301 0.069828 0.066674 0.063452 0.059743 0.055659 0.051581 0.047949 0.045129 0.043238 0.041848 0.040541 0.038933 0.036762 0.034439 0.032088 0.029715 0.027321 0.024865 0.021909 0.018649 0.015491 0.012821 0.01099 0.0098647 0.0089139 0.0080583 0.0072396 0.0064086 0.0055216 0.0044953 0.0033885 0.0023128 0.0013652 0.00063253 0.00019549 9.9495e-06 0 0 0 0 0 0 0 0 0 0 
359.5 0 0 0.0060433 0.011587 0.016222 0.026739 0.040322 0.05457 0.071623 0.091099 0.10863 0.1219 0.13269 0.14108 0.1465 0.14834 0.14429 0.13638 0.12815 0.12279 0.12242 0.12405 0.12727 0.13207 0.13842 0.14938 0.16414 0.17881 0.18964 0.19442 0.19577 0.19402 0.18926 0.1819 0.17134 0.15873 0.1465 0.13699 0.13139 0.12638 0.12158 0.11708 0.11302 0.10918 0.10541 0.10172 0.097968 0.094081 0.090228 0.086619 0.083168 0.079676 0.076229 0.072947 0.069766 0.066613 0.063393 0.059691 0.055615 0.051543 0.047915 0.045092 0.043208 0.041829 0.040535 0.038934 0.036761 0.034434 0.03208 0.029706 0.02731 0.024852 0.021898 0.018641 0.015487 0.01282 0.010989 0.0098635 0.0089127 0.0080573 0.007239 0.0064082 0.0055212 0.0044952 0.0033886 0.0023131 0.0013656 0.0006329 0.00019563 9.8858e-06 0 0 0 0 0 0 0 0 0 0 
360 0 0 0.0060427 0.011588 0.016223 0.02674 0.040322 0.05457 0.07162 0.091095 0.10863 0.12189 0.13268 0.14106 0.14648 0.14831 0.14426 0.13635 0.12812 0.12277 0.1224 0.12403 0.12726 0.13205 0.1384 0.14937 0.16411 0.17878 0.18961 0.19439 0.19573 0.19397 0.18921 0.18185 0.17129 0.15869 0.14646 0.13696 0.13135 0.12633 0.12153 0.11703 0.11297 0.10913 0.10536 0.10167 0.097928 0.094045 0.090197 0.086592 0.083146 0.07966 0.076217 0.072935 0.069752 0.066598 0.063378 0.059677 0.055603 0.051532 0.047903 0.04508 0.043197 0.041823 0.040535 0.038939 0.036764 0.034434 0.032079 0.029705 0.027308 0.02485 0.021896 0.01864 0.015487 0.012821 0.010991 0.0098657 0.0089147 0.0080586 0.0072394 0.006408 0.0055208 0.004495 0.0033888 0.0023138 0.0013666 0.00063372 0.00019577 9.2624e-06 0 0 0 0 0 0 0 0 0 0 
360.5 0 0 0.0060491 0.011596 0.016233 0.02676 0.040352 0.054608 0.07167 0.091161 0.10871 0.12197 0.13276 0.14114 0.14655 0.14838 0.14432 0.13641 0.12817 0.12282 0.12245 0.12409 0.12732 0.13212 0.13848 0.14945 0.16421 0.17888 0.18971 0.1945 0.19584 0.19409 0.18933 0.18196 0.1714 0.15879 0.14655 0.13704 0.13144 0.12642 0.12162 0.11712 0.11306 0.10922 0.10544 0.10174 0.097994 0.094113 0.090267 0.086666 0.083225 0.079743 0.076303 0.073019 0.06983 0.06667 0.063448 0.05974 0.055654 0.051571 0.047935 0.045112 0.043226 0.041845 0.040551 0.038949 0.036775 0.034446 0.032092 0.02972 0.027326 0.024869 0.021912 0.018652 0.015496 0.012827 0.010998 0.0098746 0.0089227 0.0080642 0.0072422 0.0064083 0.0055201 0.0044945 0.0033892 0.0023152 0.0013686 0.00063544 0.00019591 7.5561e-06 0 0 0 0 0 0 0 0 0 0 
361 0 0 0.0060554 0.011603 0.016244 0.026781 0.040381 0.054646 0.071721 0.091226 0.10878 0.12205 0.13284 0.14121 0.14662 0.14844 0.14438 0.13646 0.12823 0.12287 0.1225 0.12415 0.12738 0.13219 0.13856 0.14954 0.16431 0.17899 0.18982 0.19461 0.19596 0.19421 0.18944 0.18208 0.1715 0.15888 0.14663 0.13712 0.13153 0.12652 0.12171 0.11721 0.11315 0.1093 0.10552 0.10181 0.098061 0.09418 0.090338 0.08674 0.083303 0.079827 0.07639 0.073102 0.069908 0.066743 0.063518 0.059802 0.055704 0.05161 0.047968 0.045144 0.043254 0.041867 0.040566 0.03896 0.036785 0.034458 0.032106 0.029736 0.027343 0.024887 0.021928 0.018665 0.015504 0.012834 0.011005 0.0098835 0.0089307 0.0080698 0.0072449 0.0064087 0.0055194 0.004494 0.0033897 0.0023166 0.0013706 0.00063716 0.00019605 5.8498e-06 0 0 0 0 0 0 0 0 0 0 
361.5 0 0 0.0060618 0.011611 0.016254 0.026801 0.040411 0.054685 0.071772 0.091292 0.10886 0.12213 0.13292 0.14129 0.1467 0.14851 0.14444 0.13652 0.12828 0.12293 0.12256 0.1242 0.12745 0.13226 0.13864 0.14963 0.1644 0.17909 0.18993 0.19472 0.19608 0.19433 0.18956 0.18219 0.17161 0.15898 0.14672 0.1372 0.13161 0.12661 0.12181 0.1173 0.11323 0.10938 0.10559 0.10188 0.098127 0.094247 0.090408 0.086814 0.083381 0.07991 0.076476 0.073186 0.069986 0.066815 0.063587 0.059864 0.055755 0.05165 0.048001 0.045176 0.043283 0.04189 0.040581 0.038971 0.036796 0.03447 0.03212 0.029751 0.027361 0.024906 0.021945 0.018677 0.015512 0.01284 0.011012 0.0098924 0.0089387 0.0080754 0.0072476 0.006409 0.0055186 0.0044936 0.0033901 0.002318 0.0013726 0.00063887 0.0001962 4.1434e-06 0 0 0 0 0 0 0 0 0 0 
362 0 0 0.0060631 0.011616 0.01626 0.026808 0.040422 0.054702 0.071796 0.091322 0.10889 0.12217 0.13296 0.14129 0.14663 0.14849 0.14451 0.13659 0.1283 0.12293 0.12257 0.12422 0.12747 0.13228 0.13866 0.14966 0.16444 0.17914 0.18998 0.19478 0.19613 0.19437 0.1896 0.18222 0.17163 0.159 0.14673 0.13721 0.13161 0.1266 0.12179 0.11728 0.11321 0.10936 0.10557 0.10186 0.098102 0.094227 0.090392 0.086802 0.083375 0.07991 0.07648 0.073189 0.069986 0.066813 0.063585 0.059864 0.055756 0.051653 0.048004 0.045179 0.043284 0.041888 0.040577 0.038967 0.036793 0.034468 0.03212 0.029753 0.027363 0.02491 0.02195 0.018682 0.015515 0.01284 0.01101 0.0098899 0.0089371 0.0080753 0.0072491 0.0064116 0.0055216 0.004496 0.0033915 0.0023184 0.001372 0.00063817 0.00019629 5.4414e-06 0 0 0 0 0 0 0 0 0 0 
362.5 0 0 0.0060606 0.011619 0.016261 0.026805 0.040419 0.054703 0.0718 0.091326 0.1089 0.12218 0.13298 0.14122 0.14647 0.14839 0.14458 0.13667 0.12829 0.12289 0.12255 0.12421 0.12745 0.13226 0.13864 0.14964 0.16444 0.17915 0.19 0.19479 0.19613 0.19436 0.18958 0.18218 0.17159 0.15896 0.14668 0.13715 0.13154 0.12651 0.12169 0.11717 0.1131 0.10925 0.10547 0.10176 0.098009 0.094139 0.090309 0.086726 0.083305 0.079847 0.076421 0.073131 0.069927 0.066754 0.063528 0.059815 0.05572 0.051627 0.047985 0.04516 0.043265 0.041869 0.04056 0.038952 0.03678 0.034457 0.032109 0.029743 0.027355 0.024904 0.021947 0.018681 0.015514 0.012836 0.011002 0.0098787 0.0089281 0.0080708 0.0072495 0.0064158 0.0055273 0.0045007 0.0033937 0.0023178 0.0013696 0.00063562 0.00019634 9.0249e-06 0 0 0 0 0 0 0 0 0 0 
363 0 0 0.006058 0.011621 0.016263 0.026802 0.040416 0.054704 0.071803 0.091329 0.1089 0.1222 0.13299 0.14115 0.1463 0.14829 0.14465 0.13675 0.12828 0.12285 0.12253 0.1242 0.12743 0.13224 0.13862 0.14963 0.16443 0.17916 0.19002 0.19481 0.19613 0.19435 0.18955 0.18215 0.17155 0.15892 0.14664 0.13709 0.13146 0.12642 0.12159 0.11707 0.113 0.10915 0.10537 0.10166 0.097915 0.094051 0.090227 0.086649 0.083235 0.079784 0.076363 0.073074 0.069869 0.066694 0.063471 0.059767 0.055683 0.051602 0.047966 0.045142 0.043245 0.041851 0.040543 0.038936 0.036768 0.034446 0.032099 0.029733 0.027346 0.024897 0.021944 0.01868 0.015513 0.012833 0.010993 0.0098675 0.0089191 0.0080663 0.0072499 0.00642 0.005533 0.0045054 0.0033959 0.0023173 0.0013672 0.00063307 0.00019639 1.2608e-05 0 0 0 0 0 0 0 0 0 0 
363.5 0 0 0.0060555 0.011623 0.016265 0.026799 0.040414 0.054705 0.071806 0.091333 0.10891 0.12222 0.133 0.14109 0.14613 0.14819 0.14472 0.13683 0.12827 0.12282 0.12251 0.12419 0.12742 0.13223 0.1386 0.14961 0.16443 0.17917 0.19004 0.19482 0.19614 0.19434 0.18953 0.18211 0.17151 0.15887 0.1466 0.13704 0.13139 0.12633 0.12149 0.11696 0.11289 0.10904 0.10526 0.10156 0.097821 0.093963 0.090145 0.086573 0.083165 0.079721 0.076304 0.073016 0.06981 0.066635 0.063414 0.059719 0.055647 0.051576 0.047948 0.045123 0.043226 0.041832 0.040525 0.038921 0.036755 0.034434 0.032088 0.029724 0.027337 0.024891 0.021941 0.018679 0.015512 0.012829 0.010985 0.0098563 0.0089101 0.0080618 0.0072503 0.0064242 0.0055387 0.0045101 0.0033981 0.0023168 0.0013647 0.00063052 0.00019645 1.6192e-05 0 0 0 0 0 0 0 0 0 0 
364 0 0 0.0060517 0.011619 0.016258 0.026787 0.040398 0.054686 0.071782 0.091304 0.10887 0.12218 0.13298 0.14104 0.14607 0.14815 0.14472 0.13683 0.12825 0.12279 0.12249 0.12418 0.1274 0.1322 0.13858 0.14958 0.16438 0.17911 0.18997 0.19474 0.19605 0.19426 0.18946 0.18207 0.17147 0.15883 0.14656 0.13702 0.13138 0.12632 0.12148 0.11696 0.11288 0.10903 0.10525 0.10154 0.097798 0.093935 0.090112 0.086537 0.083126 0.07968 0.076262 0.072977 0.069776 0.066605 0.063387 0.059695 0.055629 0.051563 0.04794 0.045118 0.043221 0.041824 0.040515 0.038911 0.036747 0.03443 0.032087 0.029725 0.027342 0.024897 0.021948 0.018685 0.015517 0.012833 0.010989 0.0098625 0.0089156 0.0080655 0.0072518 0.006424 0.0055377 0.0045094 0.0033981 0.0023174 0.0013658 0.00063148 0.00019647 1.5047e-05 0 0 0 0 0 0 0 0 0 0 
364.5 0 0 0.0060477 0.011613 0.01625 0.026773 0.040379 0.054662 0.071752 0.091267 0.10883 0.12214 0.13293 0.14101 0.14604 0.14812 0.14469 0.1368 0.12823 0.12278 0.12248 0.12416 0.12738 0.13218 0.13855 0.14954 0.16432 0.17902 0.18987 0.19464 0.19594 0.19416 0.18939 0.18202 0.17142 0.15879 0.14653 0.137 0.13138 0.12633 0.1215 0.11698 0.11291 0.10904 0.10525 0.10154 0.097793 0.093923 0.090093 0.086511 0.083095 0.079644 0.076225 0.072944 0.069748 0.066583 0.063367 0.059678 0.055615 0.051554 0.047934 0.045116 0.043219 0.041818 0.040506 0.038901 0.03674 0.034427 0.032088 0.029729 0.027349 0.024907 0.021958 0.018693 0.015523 0.012839 0.010997 0.009873 0.0089248 0.0080713 0.0072537 0.0064227 0.0055351 0.0045073 0.0033974 0.0023183 0.0013678 0.00063334 0.00019649 1.2689e-05 0 0 0 0 0 0 0 0 0 0 
365 0 0 0.0060437 0.011607 0.016241 0.026758 0.040359 0.054639 0.071722 0.091229 0.10879 0.1221 0.13289 0.14097 0.146 0.14809 0.14466 0.13678 0.12821 0.12276 0.12246 0.12415 0.12737 0.13216 0.13853 0.14951 0.16426 0.17894 0.18977 0.19454 0.19583 0.19405 0.18931 0.18197 0.17138 0.15874 0.1465 0.13699 0.13138 0.12635 0.12153 0.11701 0.11293 0.10906 0.10526 0.10154 0.097788 0.093911 0.090073 0.086485 0.083064 0.079608 0.076187 0.07291 0.069721 0.066561 0.063348 0.059661 0.055601 0.051544 0.047929 0.045115 0.043217 0.041813 0.040498 0.038891 0.036734 0.034424 0.032088 0.029733 0.027356 0.024917 0.021968 0.018701 0.015529 0.012844 0.011006 0.0098836 0.0089341 0.0080771 0.0072555 0.0064213 0.0055325 0.0045052 0.0033968 0.0023192 0.0013697 0.0006352 0.00019651 1.0332e-05 0 0 0 0 0 0 0 0 0 0 
365.5 0 0 0.0060399 0.011602 0.016233 0.026744 0.040341 0.054616 0.071692 0.091193 0.10875 0.12206 0.13285 0.14093 0.14597 0.14806 0.14463 0.13675 0.12819 0.12274 0.12245 0.12413 0.12735 0.13214 0.1385 0.14947 0.16421 0.17886 0.18968 0.19444 0.19573 0.19395 0.18924 0.18192 0.17134 0.1587 0.14646 0.13698 0.13138 0.12636 0.12155 0.11704 0.11295 0.10907 0.10526 0.10154 0.097783 0.093898 0.090053 0.086459 0.083033 0.079572 0.076151 0.072877 0.069694 0.06654 0.063329 0.059644 0.055588 0.051535 0.047924 0.045114 0.043215 0.041808 0.040489 0.038882 0.036727 0.034421 0.032089 0.029737 0.027364 0.024927 0.021977 0.018708 0.015535 0.01285 0.011013 0.0098938 0.008943 0.0080827 0.0072573 0.00642 0.0055299 0.0045031 0.0033961 0.0023201 0.0013716 0.000637 0.00019653 8.0449e-06 0 0 0 0 0 0 0 0 0 0 
366 0 0 0.006048 0.01161 0.016246 0.026767 0.040364 0.054637 0.071716 0.091218 0.10877 0.12207 0.13285 0.14091 0.14594 0.14801 0.14458 0.1367 0.12813 0.12268 0.12238 0.12407 0.12728 0.13207 0.13844 0.14941 0.16416 0.17882 0.18964 0.19439 0.19568 0.1939 0.18918 0.18187 0.17129 0.15867 0.14645 0.13697 0.13137 0.12635 0.12154 0.11703 0.11294 0.10906 0.10526 0.10154 0.097776 0.093889 0.090043 0.086449 0.083023 0.079562 0.076141 0.07287 0.069693 0.066544 0.063335 0.059648 0.055586 0.051528 0.047915 0.045107 0.043208 0.041799 0.040478 0.038869 0.036716 0.034412 0.032081 0.029731 0.027359 0.024924 0.021976 0.018707 0.015533 0.012847 0.011009 0.0098899 0.00894 0.0080809 0.0072565 0.00642 0.0055302 0.0045034 0.0033961 0.0023197 0.0013709 0.00063638 0.00019648 8.7768e-06 0 0 0 0 0 0 0 0 0 0 
366.5 0 0 0.0060561 0.011618 0.016258 0.02679 0.040387 0.054658 0.071739 0.091242 0.10879 0.12208 0.13285 0.1409 0.14591 0.14797 0.14452 0.13664 0.12807 0.12262 0.12232 0.124 0.12722 0.13201 0.13837 0.14936 0.16411 0.17878 0.1896 0.19435 0.19563 0.19385 0.18913 0.18181 0.17124 0.15864 0.14643 0.13696 0.13137 0.12635 0.12154 0.11702 0.11294 0.10906 0.10525 0.10153 0.097768 0.09388 0.090032 0.086438 0.083012 0.079551 0.076131 0.072864 0.069692 0.066547 0.063342 0.059652 0.055585 0.051521 0.047905 0.0451 0.043202 0.041791 0.040466 0.038857 0.036705 0.034402 0.032074 0.029725 0.027354 0.024921 0.021975 0.018707 0.015531 0.012844 0.011005 0.009886 0.008937 0.008079 0.0072557 0.0064199 0.0055306 0.0045037 0.003396 0.0023192 0.0013702 0.00063576 0.00019644 9.5088e-06 0 0 0 0 0 0 0 0 0 0 
367 0 0 0.0060642 0.011627 0.016271 0.026813 0.040411 0.054678 0.071762 0.091266 0.1088 0.12209 0.13285 0.14088 0.14588 0.14792 0.14447 0.13658 0.12801 0.12256 0.12226 0.12394 0.12715 0.13195 0.13831 0.1493 0.16407 0.17874 0.18956 0.1943 0.19557 0.19379 0.18907 0.18176 0.1712 0.15861 0.14641 0.13695 0.13136 0.12634 0.12153 0.11701 0.11293 0.10905 0.10525 0.10153 0.097761 0.093871 0.090022 0.086427 0.083002 0.07954 0.076121 0.072858 0.06969 0.066551 0.063348 0.059657 0.055584 0.051514 0.047896 0.045093 0.043195 0.041782 0.040455 0.038844 0.036693 0.034393 0.032066 0.029718 0.027349 0.024918 0.021974 0.018706 0.01553 0.012841 0.011001 0.0098821 0.0089339 0.0080771 0.0072549 0.0064199 0.0055309 0.004504 0.0033959 0.0023187 0.0013695 0.00063514 0.0001964 1.0241e-05 0 0 0 0 0 0 0 0 0 0 
367.5 0 0 0.0060696 0.011632 0.01628 0.026829 0.040428 0.054696 0.071784 0.091291 0.10883 0.12211 0.13286 0.14089 0.14587 0.14791 0.14445 0.13656 0.12799 0.12254 0.12224 0.12391 0.12713 0.13192 0.13829 0.14928 0.16406 0.17875 0.18957 0.19431 0.19558 0.1938 0.18908 0.18176 0.17121 0.15862 0.14642 0.13696 0.13138 0.12636 0.12155 0.11703 0.11295 0.10907 0.10527 0.10155 0.097781 0.093889 0.090039 0.086444 0.083019 0.079556 0.076136 0.072873 0.069706 0.066568 0.063364 0.059669 0.05559 0.051513 0.047892 0.04509 0.043192 0.041776 0.040446 0.038834 0.036685 0.034387 0.032062 0.029716 0.027348 0.02492 0.021977 0.018709 0.015531 0.01284 0.011 0.009881 0.0089335 0.0080771 0.0072552 0.0064203 0.0055314 0.0045044 0.0033961 0.0023187 0.0013694 0.00063501 0.00019642 1.0553e-05 0 0 0 0 0 0 0 0 0 0 
368 0 0 0.0060667 0.011628 0.016275 0.026826 0.040429 0.054703 0.071801 0.091321 0.10887 0.12216 0.13292 0.14095 0.14594 0.14798 0.14453 0.13664 0.12807 0.12262 0.12232 0.124 0.12722 0.13202 0.1384 0.1494 0.16419 0.17889 0.18973 0.19448 0.19576 0.19398 0.18926 0.18193 0.17136 0.15875 0.14653 0.13705 0.13146 0.12645 0.12164 0.11713 0.11304 0.10917 0.10537 0.10165 0.097882 0.09399 0.090138 0.086542 0.083116 0.079652 0.076226 0.072952 0.069772 0.066622 0.06341 0.059707 0.055618 0.051533 0.047905 0.045099 0.043197 0.041777 0.040444 0.03883 0.036684 0.03439 0.032068 0.029726 0.027361 0.024936 0.021993 0.018721 0.01554 0.012846 0.011006 0.0098886 0.0089407 0.0080827 0.0072587 0.006422 0.0055322 0.0045052 0.0033973 0.0023203 0.0013711 0.00063634 0.00019666 9.6098e-06 0 0 0 0 0 0 0 0 0 0 
368.5 0 0 0.0060639 0.011625 0.016271 0.026822 0.04043 0.054711 0.071818 0.091351 0.10891 0.1222 0.13297 0.14101 0.14601 0.14805 0.1446 0.13672 0.12815 0.1227 0.1224 0.12409 0.12732 0.13213 0.1385 0.14951 0.16431 0.17903 0.18989 0.19465 0.19594 0.19416 0.18943 0.18211 0.17152 0.15888 0.14663 0.13713 0.13154 0.12654 0.12173 0.11722 0.11314 0.10927 0.10546 0.10175 0.097983 0.09409 0.090237 0.08664 0.083214 0.079748 0.076315 0.07303 0.069838 0.066676 0.063456 0.059744 0.055647 0.051553 0.047919 0.045109 0.043202 0.041778 0.040441 0.038827 0.036683 0.034392 0.032074 0.029735 0.027374 0.024952 0.022008 0.018734 0.015549 0.012853 0.011012 0.0098963 0.0089479 0.0080884 0.0072623 0.0064238 0.005533 0.0045061 0.0033985 0.0023219 0.0013728 0.00063768 0.0001969 8.6666e-06 0 0 0 0 0 0 0 0 0 0 
369 0 0 0.006061 0.011621 0.016266 0.026819 0.04043 0.054718 0.071835 0.09138 0.10895 0.12225 0.13303 0.14107 0.14607 0.14812 0.14468 0.1368 0.12823 0.12278 0.12248 0.12417 0.12741 0.13223 0.13861 0.14962 0.16443 0.17917 0.19004 0.19482 0.19612 0.19434 0.18961 0.18228 0.17168 0.15901 0.14674 0.13722 0.13163 0.12663 0.12182 0.11731 0.11323 0.10936 0.10556 0.10185 0.098084 0.094191 0.090336 0.086738 0.083311 0.079844 0.076405 0.073109 0.069904 0.066731 0.063502 0.059782 0.055675 0.051573 0.047932 0.045118 0.043208 0.041779 0.040439 0.038824 0.036682 0.034395 0.03208 0.029745 0.027387 0.024967 0.022024 0.018747 0.015558 0.012859 0.011019 0.0099039 0.0089552 0.008094 0.0072658 0.0064255 0.0055339 0.0045069 0.0033996 0.0023234 0.0013745 0.00063901 0.00019714 7.7234e-06 0 0 0 0 0 0 0 0 0 0 
369.5 0 0 0.0060584 0.011619 0.016263 0.026812 0.040424 0.054713 0.071829 0.091375 0.10895 0.12225 0.13302 0.14106 0.14606 0.14812 0.14468 0.1368 0.12823 0.12278 0.12248 0.12418 0.12742 0.13224 0.13862 0.14962 0.16443 0.17917 0.19004 0.19482 0.19611 0.19434 0.18961 0.18227 0.17168 0.15902 0.14674 0.13721 0.13161 0.12659 0.12178 0.11727 0.11319 0.10934 0.10555 0.10185 0.098093 0.094205 0.090354 0.086759 0.083335 0.079868 0.076429 0.073133 0.069929 0.066756 0.063529 0.059807 0.055695 0.051585 0.047938 0.045123 0.043214 0.041789 0.040452 0.038838 0.036694 0.034404 0.032088 0.029751 0.027392 0.024968 0.022022 0.018746 0.015562 0.012867 0.011028 0.009912 0.0089608 0.0080974 0.0072677 0.0064264 0.0055344 0.0045076 0.0034008 0.0023251 0.0013764 0.00064061 0.00019746 6.728e-06 0 0 0 0 0 0 0 0 0 0 
370 0 0 0.0060561 0.011619 0.016261 0.026801 0.040408 0.054693 0.071799 0.091333 0.1089 0.12219 0.13295 0.14098 0.14598 0.14802 0.14459 0.13671 0.12814 0.12269 0.1224 0.12409 0.12733 0.13214 0.13852 0.14951 0.1643 0.17901 0.18986 0.19463 0.19592 0.19414 0.18941 0.18208 0.1715 0.15888 0.14664 0.13711 0.13147 0.12641 0.12158 0.11706 0.113 0.10918 0.10542 0.10174 0.098001 0.094125 0.090283 0.086695 0.083277 0.079814 0.076382 0.073099 0.06991 0.066751 0.063535 0.059818 0.055703 0.051589 0.047938 0.045123 0.043223 0.041809 0.040481 0.038871 0.03672 0.03442 0.032096 0.029755 0.027388 0.024953 0.022001 0.018731 0.01556 0.012877 0.01104 0.0099206 0.0089647 0.0080984 0.0072676 0.0064264 0.0055345 0.0045082 0.0034021 0.0023271 0.0013787 0.00064248 0.00019786 5.6757e-06 0 0 0 0 0 0 0 0 0 0 
370.5 0 0 0.0060538 0.011619 0.016258 0.026791 0.040393 0.054673 0.071768 0.09129 0.10885 0.12213 0.13289 0.14091 0.14589 0.14793 0.14449 0.13661 0.12805 0.1226 0.12231 0.12401 0.12724 0.13205 0.13842 0.1494 0.16417 0.17886 0.18969 0.19444 0.19572 0.19394 0.18921 0.18188 0.17133 0.15874 0.14653 0.13701 0.13133 0.12624 0.12138 0.11686 0.11282 0.10902 0.10528 0.10163 0.09791 0.094044 0.090211 0.086632 0.083219 0.07976 0.076335 0.073064 0.06989 0.066746 0.063541 0.059828 0.055712 0.051592 0.047938 0.045124 0.043231 0.041828 0.040511 0.038903 0.036745 0.034435 0.032105 0.029758 0.027383 0.024938 0.02198 0.018716 0.015558 0.012888 0.011052 0.0099292 0.0089687 0.0080995 0.0072675 0.0064264 0.0055347 0.0045088 0.0034033 0.002329 0.001381 0.00064435 0.00019827 4.6233e-06 0 0 0 0 0 0 0 0 0 0 
371 0 0 0.0060515 0.01162 0.016256 0.026781 0.040378 0.054653 0.071737 0.091247 0.1088 0.12208 0.13282 0.14083 0.1458 0.14784 0.1444 0.13652 0.12796 0.12252 0.12223 0.12392 0.12715 0.13195 0.13832 0.14929 0.16404 0.1787 0.18951 0.19425 0.19552 0.19374 0.18901 0.18169 0.17115 0.1586 0.14642 0.13691 0.1312 0.12607 0.12118 0.11665 0.11263 0.10886 0.10515 0.10152 0.097818 0.093964 0.09014 0.086568 0.083161 0.079706 0.076287 0.073029 0.06987 0.066741 0.063547 0.059839 0.055721 0.051596 0.047937 0.045124 0.043239 0.041848 0.04054 0.038936 0.036771 0.034451 0.032113 0.029761 0.027379 0.024923 0.021959 0.018701 0.015557 0.012898 0.011064 0.0099378 0.0089726 0.0081005 0.0072675 0.0064263 0.0055348 0.0045094 0.0034046 0.0023309 0.0013832 0.00064623 0.00019867 3.571e-06 0 0 0 0 0 0 0 0 0 0 
371.5 0 0 0.0060566 0.011627 0.016264 0.026794 0.040396 0.054674 0.071763 0.091278 0.10883 0.12211 0.13284 0.14085 0.14581 0.14784 0.1444 0.13652 0.12796 0.12252 0.12224 0.12393 0.12717 0.13197 0.13835 0.14932 0.16406 0.17872 0.18952 0.19425 0.19551 0.19372 0.18898 0.18165 0.17111 0.15855 0.14637 0.13687 0.13117 0.12605 0.12118 0.11666 0.11263 0.10884 0.10513 0.10149 0.09778 0.093924 0.0901 0.086529 0.083124 0.079673 0.076259 0.073006 0.069852 0.066727 0.063537 0.059833 0.055718 0.051598 0.047943 0.045133 0.043245 0.041846 0.04053 0.03892 0.036753 0.034434 0.032097 0.029748 0.027368 0.024912 0.021949 0.018694 0.015553 0.012897 0.011063 0.009935 0.0089685 0.0080965 0.0072649 0.0064256 0.005535 0.0045097 0.0034044 0.0023305 0.0013829 0.0006461 0.00019874 3.9002e-06 0 0 0 0 0 0 0 0 0 0 
372 0 0 0.0060647 0.011637 0.016278 0.026817 0.040427 0.054713 0.071812 0.091339 0.1089 0.12217 0.13291 0.14091 0.14587 0.14789 0.14444 0.13656 0.128 0.12256 0.12228 0.12399 0.12723 0.13204 0.13842 0.14941 0.16416 0.17881 0.18961 0.19433 0.19558 0.19377 0.18902 0.18168 0.17112 0.15854 0.14634 0.13685 0.13119 0.12611 0.12126 0.11675 0.11271 0.10889 0.10515 0.10149 0.097765 0.093902 0.090074 0.0865 0.083096 0.079649 0.076239 0.072988 0.069834 0.066709 0.06352 0.059819 0.055712 0.051599 0.047952 0.045147 0.043251 0.041836 0.040503 0.038883 0.036718 0.034403 0.032072 0.029728 0.027354 0.024905 0.021944 0.018689 0.015548 0.01289 0.011055 0.0099275 0.0089611 0.0080905 0.0072612 0.0064244 0.0055352 0.0045098 0.0034037 0.0023292 0.0013815 0.00064514 0.00019867 4.8079e-06 0 0 0 0 0 0 0 0 0 0 
372.5 0 0 0.0060729 0.011647 0.016291 0.026841 0.040458 0.054751 0.071861 0.091399 0.10896 0.12224 0.13297 0.14097 0.14592 0.14794 0.14448 0.13659 0.12803 0.1226 0.12233 0.12404 0.12729 0.13211 0.1385 0.14949 0.16425 0.17891 0.1897 0.19441 0.19565 0.19382 0.18906 0.18171 0.17113 0.15852 0.14631 0.13683 0.13121 0.12616 0.12134 0.11684 0.11279 0.10894 0.10517 0.10149 0.09775 0.09388 0.090048 0.086472 0.083068 0.079624 0.076219 0.07297 0.069817 0.066692 0.063503 0.059806 0.055705 0.0516 0.047961 0.04516 0.043256 0.041825 0.040476 0.038846 0.036683 0.034373 0.032046 0.029708 0.02734 0.024897 0.021939 0.018685 0.015542 0.012884 0.011048 0.0099199 0.0089537 0.0080845 0.0072576 0.0064233 0.0055354 0.00451 0.0034029 0.0023278 0.0013802 0.00064418 0.0001986 5.7156e-06 0 0 0 0 0 0 0 0 0 0 
373 0 0 0.006081 0.011657 0.016304 0.026864 0.04049 0.05479 0.071911 0.09146 0.10903 0.12231 0.13304 0.14103 0.14598 0.14799 0.14452 0.13663 0.12807 0.12264 0.12237 0.12409 0.12735 0.13218 0.13858 0.14958 0.16434 0.179 0.18979 0.1945 0.19572 0.19387 0.18909 0.18174 0.17114 0.1585 0.14628 0.13681 0.13122 0.12622 0.12142 0.11694 0.11287 0.10899 0.10519 0.10149 0.097735 0.093858 0.090021 0.086443 0.08304 0.0796 0.076199 0.072952 0.069799 0.066674 0.063486 0.059792 0.055698 0.051602 0.04797 0.045174 0.043261 0.041814 0.040449 0.03881 0.036648 0.034342 0.032021 0.029688 0.027326 0.024889 0.021934 0.01868 0.015537 0.012877 0.01104 0.0099124 0.0089463 0.0080785 0.007254 0.0064222 0.0055356 0.0045101 0.0034022 0.0023265 0.0013788 0.00064322 0.00019853 6.6234e-06 0 0 0 0 0 0 0 0 0 0 
373.5 0 0 0.0060811 0.011657 0.016303 0.026861 0.040483 0.054779 0.071894 0.091437 0.109 0.12228 0.133 0.14098 0.14592 0.14793 0.14446 0.13657 0.12801 0.12258 0.12232 0.12403 0.12729 0.13212 0.13851 0.14951 0.16427 0.17893 0.18972 0.19443 0.19566 0.19382 0.18905 0.1817 0.17111 0.15849 0.14627 0.1368 0.13122 0.12621 0.12142 0.11693 0.11286 0.109 0.10519 0.10144 0.097673 0.093853 0.09008 0.086502 0.083059 0.079602 0.076207 0.072962 0.069803 0.06667 0.063479 0.059783 0.055685 0.051582 0.047946 0.045147 0.043238 0.041798 0.04044 0.038806 0.036645 0.034339 0.032017 0.029682 0.027319 0.02488 0.021926 0.018674 0.015533 0.012874 0.011035 0.0099055 0.0089405 0.0080754 0.0072541 0.0064249 0.0055393 0.0045129 0.0034032 0.0023257 0.0013767 0.00064113 0.0001983 8.7653e-06 0 0 0 0 0 0 0 0 0 0 
374 0 0 0.0060805 0.011655 0.0163 0.026856 0.040474 0.054764 0.071872 0.091407 0.10897 0.12223 0.13295 0.14092 0.14586 0.14787 0.1444 0.13651 0.12795 0.12252 0.12225 0.12397 0.12722 0.13205 0.13844 0.14943 0.16419 0.17884 0.18964 0.19435 0.19559 0.19377 0.18901 0.18166 0.17109 0.15847 0.14625 0.13679 0.1312 0.1262 0.1214 0.11691 0.11285 0.10901 0.10518 0.10138 0.097607 0.093849 0.090145 0.086567 0.083082 0.079606 0.076216 0.072974 0.069808 0.066667 0.063472 0.059774 0.05567 0.051562 0.04792 0.045117 0.043213 0.041782 0.040433 0.038804 0.036644 0.034337 0.032014 0.029678 0.027312 0.02487 0.021917 0.018668 0.01553 0.012872 0.011031 0.0098987 0.0089347 0.0080724 0.0072545 0.006428 0.0055432 0.004516 0.0034044 0.0023249 0.0013745 0.00063895 0.00019806 1.0998e-05 0 0 0 0 0 0 0 0 0 0 
374.5 0 0 0.0060799 0.011654 0.016298 0.026851 0.040465 0.05475 0.071851 0.091378 0.10893 0.12219 0.1329 0.14087 0.1458 0.1478 0.14433 0.13645 0.12789 0.12246 0.12219 0.1239 0.12715 0.13198 0.13836 0.14935 0.16411 0.17876 0.18956 0.19427 0.19552 0.19371 0.18896 0.18163 0.17106 0.15845 0.14624 0.13678 0.13119 0.12619 0.12139 0.11689 0.11285 0.10902 0.10518 0.10133 0.097542 0.093845 0.09021 0.086632 0.083105 0.079611 0.076226 0.072986 0.069813 0.066664 0.063466 0.059764 0.055656 0.051541 0.047893 0.045087 0.043188 0.041765 0.040425 0.038802 0.036643 0.034336 0.032012 0.029674 0.027305 0.024861 0.021908 0.018661 0.015526 0.01287 0.011027 0.0098919 0.0089289 0.0080695 0.0072548 0.006431 0.0055472 0.004519 0.0034056 0.0023241 0.0013724 0.00063678 0.00019781 1.323e-05 0 0 0 0 0 0 0 0 0 0 
375 0 0 0.0060788 0.011653 0.016296 0.026847 0.040458 0.054739 0.071836 0.091358 0.1089 0.12216 0.13286 0.14082 0.14575 0.14775 0.14428 0.1364 0.12784 0.12241 0.12214 0.12385 0.1271 0.13192 0.13831 0.14929 0.16405 0.1787 0.1895 0.19422 0.19547 0.19367 0.18893 0.1816 0.17104 0.15844 0.14624 0.13677 0.13119 0.12619 0.12139 0.11688 0.11284 0.10903 0.10517 0.10129 0.097484 0.09384 0.090265 0.08669 0.08313 0.079622 0.076243 0.073004 0.069824 0.066667 0.063466 0.059762 0.055649 0.051528 0.047875 0.045066 0.043169 0.041753 0.040419 0.038801 0.036642 0.034336 0.03201 0.029671 0.027301 0.024856 0.021903 0.018658 0.015525 0.012869 0.011025 0.009888 0.0089256 0.0080681 0.0072557 0.0064336 0.0055504 0.0045215 0.0034067 0.0023237 0.001371 0.00063536 0.00019768 1.48e-05 0 0 0 0 0 0 0 0 0 0 
375.5 0 0 0.0060747 0.011653 0.016298 0.026847 0.040459 0.054746 0.071855 0.09139 0.10895 0.1222 0.1329 0.14084 0.14575 0.14774 0.14428 0.13641 0.12786 0.12244 0.12216 0.12388 0.12713 0.13196 0.13835 0.14933 0.16409 0.17876 0.18956 0.19428 0.19553 0.19372 0.18897 0.18164 0.17108 0.15848 0.14628 0.13681 0.13123 0.12623 0.12143 0.11692 0.11287 0.10904 0.10517 0.10127 0.097466 0.093831 0.090268 0.086708 0.083163 0.07967 0.076298 0.073055 0.069866 0.066701 0.063498 0.059793 0.055677 0.051553 0.047897 0.045087 0.043186 0.041761 0.04042 0.038798 0.036641 0.034337 0.032016 0.02968 0.027314 0.024872 0.021919 0.018672 0.015535 0.012877 0.011034 0.009899 0.0089354 0.0080749 0.0072591 0.0064341 0.0055497 0.0045212 0.0034076 0.0023259 0.001374 0.00063791 0.00019815 1.2905e-05 0 0 0 0 0 0 0 0 0 0 
376 0 0 0.0060706 0.011653 0.016299 0.026847 0.04046 0.054754 0.071873 0.091422 0.10899 0.12224 0.13293 0.14086 0.14576 0.14774 0.14429 0.13642 0.12788 0.12246 0.12219 0.12391 0.12716 0.132 0.13839 0.14937 0.16414 0.17882 0.18963 0.19434 0.19559 0.19377 0.18902 0.18168 0.17112 0.15852 0.14631 0.13685 0.13127 0.12627 0.12147 0.11696 0.1129 0.10906 0.10517 0.10126 0.097448 0.093822 0.090272 0.086726 0.083197 0.079719 0.076354 0.073106 0.069908 0.066735 0.06353 0.059824 0.055706 0.051578 0.04792 0.045109 0.043202 0.04177 0.04042 0.038795 0.03664 0.034339 0.032021 0.029689 0.027327 0.024888 0.021936 0.018685 0.015546 0.012886 0.011043 0.0099101 0.0089453 0.0080818 0.0072624 0.0064347 0.005549 0.004521 0.0034085 0.0023281 0.0013769 0.00064045 0.00019862 1.101e-05 0 0 0 0 0 0 0 0 0 0 
376.5 0 0 0.0060666 0.011653 0.016301 0.026848 0.040461 0.054762 0.071892 0.091455 0.10903 0.12228 0.13296 0.14088 0.14576 0.14773 0.14429 0.13643 0.1279 0.12248 0.12222 0.12394 0.1272 0.13203 0.13842 0.14942 0.16419 0.17888 0.18969 0.19441 0.19565 0.19383 0.18906 0.18172 0.17116 0.15855 0.14635 0.13688 0.13131 0.12632 0.12152 0.117 0.11293 0.10907 0.10517 0.10125 0.09743 0.093812 0.090275 0.086744 0.08323 0.079767 0.076409 0.073157 0.06995 0.066769 0.063563 0.059856 0.055734 0.051603 0.047943 0.045131 0.043218 0.041778 0.040421 0.038792 0.036639 0.034341 0.032027 0.029698 0.027339 0.024904 0.021952 0.018699 0.015556 0.012894 0.011052 0.0099211 0.0089551 0.0080886 0.0072658 0.0064352 0.0055483 0.0045207 0.0034094 0.0023302 0.0013798 0.000643 0.00019909 9.1146e-06 0 0 0 0 0 0 0 0 0 0 
377 0 0 0.0060644 0.011654 0.016303 0.026849 0.040463 0.054768 0.071905 0.091476 0.10906 0.12231 0.13298 0.14089 0.14576 0.14773 0.14428 0.13643 0.1279 0.12249 0.12222 0.12393 0.12719 0.13203 0.13842 0.14943 0.16425 0.17897 0.18979 0.19448 0.19568 0.19383 0.18905 0.18169 0.17114 0.15856 0.14638 0.13693 0.13135 0.12635 0.12155 0.11703 0.11295 0.10908 0.10517 0.10123 0.097414 0.093802 0.090272 0.086749 0.083244 0.079789 0.076434 0.073177 0.069961 0.066772 0.063562 0.059857 0.055741 0.051617 0.047961 0.045148 0.043229 0.04178 0.040415 0.038783 0.036635 0.034344 0.032035 0.029712 0.027358 0.024928 0.021975 0.018717 0.015567 0.0129 0.011056 0.0099273 0.0089611 0.0080933 0.0072689 0.0064369 0.0055493 0.0045217 0.0034105 0.0023315 0.0013811 0.00064405 0.00019938 8.6801e-06 0 0 0 0 0 0 0 0 0 0 
377.5 0 0 0.0060653 0.011656 0.016305 0.026853 0.040467 0.054772 0.071909 0.091481 0.10906 0.12231 0.13298 0.14089 0.14575 0.14771 0.14426 0.13642 0.12789 0.12246 0.12217 0.12388 0.12713 0.13196 0.13835 0.14941 0.16431 0.1791 0.18994 0.19456 0.19569 0.19377 0.18893 0.18155 0.17102 0.15851 0.1464 0.13699 0.1314 0.12638 0.12156 0.11702 0.11294 0.10907 0.10516 0.10122 0.097399 0.093788 0.090259 0.086734 0.083226 0.07977 0.076411 0.073147 0.069923 0.066726 0.063509 0.05981 0.055713 0.051612 0.047971 0.045159 0.04323 0.04177 0.040397 0.038765 0.036627 0.034346 0.032047 0.029733 0.027387 0.024963 0.02201 0.018743 0.01558 0.012902 0.011054 0.0099258 0.008961 0.0080947 0.0072715 0.0064403 0.005553 0.0045246 0.0034119 0.0023313 0.0013799 0.00064274 0.00019939 1.0562e-05 0 0 0 0 0 0 0 0 0 0 
378 0 0 0.0060661 0.011658 0.016308 0.026856 0.04047 0.054776 0.071914 0.091486 0.10907 0.12231 0.13298 0.14088 0.14574 0.14769 0.14425 0.1364 0.12787 0.12244 0.12213 0.12383 0.12707 0.1319 0.13829 0.14939 0.16437 0.17924 0.19009 0.19464 0.1957 0.19371 0.18882 0.18141 0.1709 0.15846 0.14643 0.13705 0.13144 0.1264 0.12156 0.11702 0.11293 0.10906 0.10515 0.1012 0.097384 0.093775 0.090246 0.08672 0.083209 0.079751 0.076388 0.073116 0.069885 0.06668 0.063456 0.059764 0.055686 0.051607 0.047981 0.045169 0.043231 0.04176 0.04038 0.038747 0.036619 0.034349 0.03206 0.029753 0.027415 0.024999 0.022044 0.018768 0.015594 0.012905 0.011051 0.0099243 0.008961 0.0080961 0.0072741 0.0064438 0.0055567 0.0045276 0.0034133 0.0023312 0.0013787 0.00064142 0.0001994 1.2443e-05 0 0 0 0 0 0 0 0 0 0 
378.5 0 0 0.006067 0.01166 0.01631 0.026859 0.040474 0.05478 0.071918 0.09149 0.10907 0.12232 0.13298 0.14088 0.14573 0.14768 0.14423 0.13638 0.12785 0.12241 0.12209 0.12377 0.12701 0.13183 0.13822 0.14937 0.16444 0.17938 0.19024 0.19473 0.19571 0.19365 0.18871 0.18127 0.17079 0.15841 0.14645 0.13711 0.13149 0.12643 0.12157 0.11701 0.11292 0.10905 0.10514 0.10119 0.09737 0.093761 0.090233 0.086705 0.083192 0.079731 0.076365 0.073086 0.069847 0.066633 0.063403 0.059717 0.055658 0.051603 0.047992 0.045179 0.043233 0.04175 0.040362 0.038729 0.03661 0.034352 0.032072 0.029774 0.027444 0.025035 0.022079 0.018793 0.015607 0.012907 0.011048 0.0099228 0.0089609 0.0080975 0.0072767 0.0064472 0.0055604 0.0045306 0.0034148 0.0023311 0.0013775 0.0006401 0.00019942 1.4325e-05 0 0 0 0 0 0 0 0 0 0 
379 0 0 0.0060718 0.011665 0.016317 0.026871 0.040489 0.054798 0.071941 0.091519 0.1091 0.12235 0.133 0.1409 0.14574 0.14768 0.14422 0.13638 0.12785 0.12241 0.12209 0.12378 0.12702 0.13185 0.13824 0.14939 0.16444 0.17936 0.19022 0.19473 0.19573 0.19369 0.18876 0.18133 0.17084 0.15845 0.14647 0.13711 0.13148 0.12642 0.12156 0.11701 0.11292 0.10906 0.10515 0.10122 0.097403 0.093794 0.090264 0.086732 0.083214 0.079748 0.076376 0.073097 0.069861 0.066645 0.063401 0.059704 0.05566 0.051635 0.048039 0.045216 0.043256 0.041772 0.040389 0.03876 0.036637 0.034372 0.032085 0.029781 0.027445 0.025031 0.022072 0.018787 0.015601 0.012902 0.011042 0.0099158 0.0089541 0.0080917 0.0072722 0.0064439 0.0055578 0.0045284 0.0034131 0.0023298 0.0013767 0.00063967 0.00019938 1.4582e-05 0 0 0 0 0 0 0 0 0 0 
379.5 0 0 0.0060792 0.011672 0.016325 0.026889 0.040511 0.054824 0.071976 0.091562 0.10915 0.12239 0.13304 0.14092 0.14576 0.14769 0.14423 0.13638 0.12785 0.12243 0.12213 0.12383 0.12709 0.13192 0.13832 0.14942 0.16439 0.17925 0.1901 0.19468 0.19576 0.1938 0.18893 0.18152 0.171 0.15854 0.14648 0.13707 0.13144 0.12639 0.12154 0.11699 0.11292 0.10908 0.10519 0.10127 0.097467 0.093857 0.090322 0.086786 0.083262 0.079787 0.076409 0.073133 0.069907 0.066693 0.063429 0.059712 0.05568 0.05169 0.04811 0.04527 0.043294 0.041813 0.040444 0.038821 0.036685 0.034402 0.032098 0.029779 0.027428 0.025001 0.02204 0.01876 0.015583 0.012892 0.011034 0.0099053 0.0089431 0.0080813 0.0072632 0.0064363 0.0055513 0.0045231 0.0034095 0.0023279 0.001376 0.00063978 0.00019931 1.3822e-05 0 0 0 0 0 0 0 0 0 0 
380 0 0 0.0060865 0.011679 0.016334 0.026906 0.040534 0.054851 0.072011 0.091606 0.10919 0.12243 0.13307 0.14095 0.14578 0.14771 0.14424 0.13639 0.12786 0.12245 0.12217 0.12388 0.12715 0.13199 0.1384 0.14946 0.16435 0.17913 0.18997 0.19463 0.1958 0.19391 0.18909 0.18171 0.17116 0.15863 0.14649 0.13704 0.13141 0.12635 0.12151 0.11698 0.11293 0.1091 0.10523 0.10133 0.097531 0.093919 0.09038 0.086839 0.083309 0.079826 0.076442 0.073169 0.069953 0.066741 0.063458 0.05972 0.0557 0.051745 0.04818 0.045324 0.043332 0.041854 0.040499 0.038882 0.036734 0.034432 0.032112 0.029777 0.027412 0.024972 0.022008 0.018733 0.015565 0.012881 0.011026 0.0098947 0.008932 0.008071 0.0072542 0.0064287 0.0055447 0.0045178 0.0034059 0.002326 0.0013754 0.0006399 0.00019924 1.3062e-05 0 0 0 0 0 0 0 0 0 0 
380.5 0 0 0.0060939 0.011686 0.016342 0.026923 0.040556 0.054877 0.072045 0.091649 0.10924 0.12247 0.13311 0.14098 0.1458 0.14772 0.14425 0.13639 0.12787 0.12247 0.12221 0.12394 0.12721 0.13206 0.13847 0.1495 0.16431 0.17902 0.18985 0.19458 0.19583 0.19402 0.18925 0.1819 0.17132 0.15871 0.1465 0.137 0.13137 0.12632 0.12149 0.11697 0.11293 0.10912 0.10527 0.10139 0.097595 0.093981 0.090439 0.086893 0.083357 0.079866 0.076475 0.073205 0.07 0.066789 0.063486 0.059728 0.055719 0.0518 0.048251 0.045378 0.043369 0.041895 0.040554 0.038943 0.036782 0.034463 0.032125 0.029775 0.027396 0.024943 0.021975 0.018706 0.015547 0.012871 0.011018 0.0098842 0.008921 0.0080607 0.0072452 0.0064211 0.0055382 0.0045125 0.0034023 0.002324 0.0013748 0.00064002 0.00019917 1.2302e-05 0 0 0 0 0 0 0 0 0 0 
381 0 0 0.0060969 0.01169 0.016349 0.026932 0.040566 0.054891 0.072066 0.091677 0.10927 0.1225 0.13312 0.14097 0.14578 0.14769 0.14421 0.13636 0.12784 0.12245 0.12219 0.12393 0.12721 0.13206 0.13848 0.1495 0.16429 0.17899 0.1898 0.19453 0.19578 0.19396 0.18919 0.18184 0.17126 0.15865 0.14643 0.13693 0.13131 0.12628 0.12146 0.11694 0.1129 0.10909 0.10523 0.10134 0.097549 0.093929 0.09038 0.086829 0.083288 0.079793 0.076405 0.073146 0.069955 0.066757 0.063458 0.059696 0.055683 0.051762 0.048214 0.045347 0.04334 0.041866 0.040524 0.038913 0.036756 0.034439 0.032105 0.029758 0.027381 0.024931 0.021966 0.0187 0.015545 0.01287 0.011017 0.0098834 0.0089203 0.0080605 0.0072456 0.006422 0.0055394 0.0045137 0.0034031 0.0023244 0.0013749 0.00063995 0.00019931 1.2881e-05 0 0 0 0 0 0 0 0 0 0 
381.5 0 0 0.0060992 0.011695 0.016355 0.02694 0.040575 0.054902 0.072083 0.091702 0.1093 0.12252 0.13313 0.14096 0.14575 0.14765 0.14417 0.13632 0.12781 0.12243 0.12217 0.12391 0.1272 0.13206 0.13847 0.14949 0.16428 0.17897 0.18977 0.19448 0.19571 0.19388 0.1891 0.18174 0.17116 0.15856 0.14635 0.13687 0.13126 0.12624 0.12142 0.11691 0.11286 0.10904 0.10518 0.10129 0.097483 0.093855 0.0903 0.086743 0.083198 0.0797 0.076315 0.073068 0.069894 0.066709 0.063419 0.059656 0.055635 0.051707 0.048158 0.0453 0.043299 0.041823 0.040478 0.038867 0.036715 0.034406 0.032078 0.029737 0.027367 0.024922 0.021961 0.018698 0.015545 0.012871 0.011018 0.0098843 0.0089216 0.0080621 0.0072477 0.0064245 0.005542 0.004516 0.0034047 0.0023252 0.001375 0.00063986 0.00019949 1.371e-05 0 0 0 0 0 0 0 0 0 0 
382 0 0 0.0061014 0.0117 0.016361 0.026948 0.040583 0.054913 0.072101 0.091727 0.10932 0.12254 0.13314 0.14096 0.14573 0.14761 0.14413 0.13628 0.12778 0.1224 0.12215 0.1239 0.12718 0.13205 0.13847 0.14948 0.16427 0.17895 0.18974 0.19443 0.19565 0.19379 0.189 0.18163 0.17106 0.15846 0.14627 0.1368 0.13121 0.12619 0.12138 0.11687 0.11282 0.109 0.10513 0.10123 0.097416 0.093781 0.090219 0.086657 0.083107 0.079606 0.076225 0.072991 0.069832 0.066662 0.06338 0.059616 0.055588 0.051652 0.048102 0.045254 0.043258 0.041781 0.040433 0.03882 0.036674 0.034372 0.032052 0.029717 0.027352 0.024913 0.021956 0.018696 0.015545 0.012872 0.011019 0.0098853 0.0089228 0.0080638 0.0072498 0.006427 0.0055447 0.0045184 0.0034063 0.002326 0.0013752 0.00063976 0.00019968 1.4539e-05 0 0 0 0 0 0 0 0 0 0 
382.5 0 0 0.0061033 0.011704 0.016366 0.026955 0.040591 0.054923 0.072117 0.091751 0.10935 0.12256 0.13315 0.14095 0.1457 0.14758 0.14409 0.13624 0.12775 0.12238 0.12213 0.12388 0.12717 0.13204 0.13846 0.14948 0.16426 0.17894 0.18972 0.19439 0.19559 0.19372 0.18891 0.18154 0.17097 0.15838 0.14619 0.13673 0.13115 0.12615 0.12135 0.11684 0.11279 0.10895 0.10508 0.10117 0.097355 0.093712 0.090145 0.086577 0.083024 0.07952 0.076143 0.07292 0.069775 0.066618 0.063344 0.059579 0.055544 0.0516 0.048049 0.04521 0.043218 0.041741 0.040389 0.038777 0.036635 0.03434 0.032026 0.029697 0.027337 0.024902 0.02195 0.018694 0.015544 0.012873 0.01102 0.009886 0.0089237 0.0080651 0.0072516 0.0064292 0.0055471 0.0045205 0.0034079 0.0023268 0.0013754 0.0006397 0.00019986 1.532e-05 0 0 0 0 0 0 0 0 0 0 
383 0 0 0.0061004 0.011702 0.016364 0.026952 0.040586 0.054922 0.072123 0.091761 0.10936 0.12257 0.13315 0.14095 0.14569 0.14756 0.14408 0.13623 0.12774 0.12237 0.12213 0.12388 0.12717 0.13205 0.13847 0.14948 0.16427 0.17894 0.18974 0.19443 0.19564 0.19378 0.18898 0.18162 0.17103 0.15841 0.1462 0.13672 0.13114 0.12614 0.12134 0.11684 0.11279 0.10896 0.10509 0.10117 0.097356 0.093714 0.090149 0.086583 0.083031 0.079528 0.07615 0.072926 0.069781 0.066624 0.063349 0.059581 0.055542 0.051595 0.04804 0.045196 0.043205 0.04173 0.040382 0.038771 0.036626 0.034326 0.032007 0.029675 0.027314 0.024878 0.02193 0.018681 0.015538 0.012871 0.011018 0.0098826 0.0089204 0.0080624 0.0072497 0.0064279 0.0055462 0.0045202 0.0034079 0.0023272 0.0013759 0.00064019 0.00020012 1.5456e-05 0 0 0 0 0 0 0 0 0 0 
383.5 0 0 0.0060975 0.011701 0.016363 0.026948 0.040582 0.054921 0.072129 0.091772 0.10937 0.12257 0.13316 0.14094 0.14568 0.14755 0.14406 0.13623 0.12774 0.12237 0.12212 0.12388 0.12718 0.13205 0.13848 0.14949 0.16427 0.17895 0.18976 0.19447 0.19569 0.19385 0.18905 0.18169 0.17109 0.15845 0.14621 0.13671 0.13113 0.12614 0.12134 0.11684 0.11278 0.10896 0.10509 0.10118 0.097356 0.093716 0.090154 0.08659 0.083039 0.079536 0.076157 0.072933 0.069788 0.06663 0.063353 0.059582 0.05554 0.051589 0.048031 0.045183 0.043191 0.041719 0.040375 0.038765 0.036616 0.034311 0.031988 0.029654 0.02729 0.024853 0.02191 0.018667 0.015532 0.012869 0.011016 0.0098792 0.008917 0.0080597 0.0072477 0.0064266 0.0055454 0.0045198 0.003408 0.0023275 0.0013764 0.00064068 0.00020039 1.5592e-05 0 0 0 0 0 0 0 0 0 0 
384 0 0 0.0060945 0.011699 0.016362 0.026945 0.040578 0.05492 0.072135 0.091783 0.10938 0.12258 0.13316 0.14094 0.14567 0.14753 0.14405 0.13622 0.12773 0.12236 0.12212 0.12388 0.12718 0.13206 0.13849 0.1495 0.16428 0.17896 0.18978 0.19451 0.19575 0.19391 0.18913 0.18176 0.17115 0.15848 0.14621 0.1367 0.13112 0.12613 0.12134 0.11683 0.11278 0.10896 0.10509 0.10118 0.097357 0.093718 0.090158 0.086596 0.083046 0.079544 0.076165 0.072939 0.069794 0.066635 0.063358 0.059584 0.055537 0.051584 0.048021 0.04517 0.043178 0.041708 0.040368 0.038759 0.036606 0.034296 0.031969 0.029632 0.027266 0.024829 0.02189 0.018654 0.015525 0.012867 0.011014 0.0098759 0.0089137 0.0080569 0.0072458 0.0064253 0.0055445 0.0045194 0.003408 0.0023279 0.001377 0.00064117 0.00020065 1.5728e-05 0 0 0 0 0 0 0 0 0 0 
384.5 0 0 0.0060926 0.011699 0.016362 0.026944 0.040576 0.054922 0.072141 0.091793 0.10939 0.12259 0.13317 0.14094 0.14567 0.14752 0.14404 0.13621 0.12773 0.12236 0.12211 0.12387 0.12718 0.13206 0.13849 0.1495 0.16427 0.17895 0.18977 0.1945 0.19575 0.19392 0.18913 0.18177 0.17117 0.1585 0.14623 0.13671 0.1311 0.12609 0.12128 0.11677 0.11273 0.10893 0.10508 0.10118 0.097369 0.093733 0.090173 0.08661 0.083058 0.079553 0.07617 0.072943 0.069797 0.066637 0.063358 0.059583 0.055537 0.051585 0.048022 0.045169 0.043175 0.041707 0.040368 0.03876 0.036605 0.034293 0.031964 0.029626 0.027259 0.024821 0.021883 0.018651 0.015524 0.012868 0.011015 0.0098761 0.0089137 0.0080568 0.0072454 0.0064248 0.005544 0.0045192 0.0034082 0.0023285 0.0013777 0.00064182 0.00020085 1.5498e-05 0 0 0 0 0 0 0 0 0 0 
385 0 0 0.0060932 0.011702 0.016366 0.026948 0.040582 0.054929 0.072149 0.091801 0.1094 0.1226 0.13318 0.14095 0.14567 0.14752 0.14404 0.13621 0.12772 0.12236 0.12211 0.12387 0.12716 0.13204 0.13846 0.14947 0.16424 0.1789 0.1897 0.1944 0.19563 0.19379 0.189 0.18163 0.17106 0.15848 0.14627 0.13674 0.13106 0.12597 0.1211 0.11657 0.11255 0.10881 0.10503 0.10118 0.097406 0.093777 0.090213 0.086641 0.083078 0.079561 0.076171 0.07294 0.069791 0.06663 0.063348 0.059577 0.055542 0.051601 0.048047 0.045194 0.043198 0.041726 0.040385 0.038777 0.036626 0.034316 0.031991 0.029655 0.02729 0.024852 0.02191 0.01867 0.015536 0.012875 0.011022 0.009885 0.0089217 0.0080626 0.0072488 0.0064261 0.0055444 0.0045195 0.0034089 0.0023295 0.001379 0.00064287 0.00020092 1.4404e-05 0 0 0 0 0 0 0 0 0 0 
385.5 0 0 0.0060937 0.011705 0.016369 0.026953 0.040587 0.054936 0.072157 0.09181 0.10941 0.12261 0.13319 0.14096 0.14567 0.14752 0.14404 0.1362 0.12772 0.12235 0.12211 0.12386 0.12715 0.13202 0.13844 0.14944 0.1642 0.17885 0.18962 0.1943 0.19551 0.19366 0.18886 0.18149 0.17096 0.15845 0.1463 0.13678 0.13101 0.12584 0.12091 0.11636 0.11238 0.10869 0.10497 0.10118 0.097443 0.093821 0.090254 0.086672 0.083097 0.07957 0.076172 0.072937 0.069786 0.066623 0.063338 0.059571 0.055546 0.051618 0.048072 0.04522 0.043221 0.041746 0.040402 0.038794 0.036646 0.03434 0.032018 0.029684 0.027321 0.024884 0.021937 0.018689 0.015548 0.012883 0.011029 0.0098939 0.0089297 0.0080684 0.0072521 0.0064275 0.0055448 0.0045198 0.0034095 0.0023306 0.0013803 0.00064393 0.00020099 1.3309e-05 0 0 0 0 0 0 0 0 0 0 
386 0 0 0.0060942 0.011708 0.016373 0.026957 0.040593 0.054943 0.072165 0.091818 0.10942 0.12262 0.1332 0.14097 0.14568 0.14752 0.14403 0.1362 0.12771 0.12235 0.1221 0.12385 0.12714 0.13201 0.13842 0.14941 0.16417 0.1788 0.18954 0.19419 0.19539 0.19353 0.18872 0.18134 0.17086 0.15843 0.14634 0.13682 0.13097 0.12571 0.12073 0.11616 0.1122 0.10857 0.10492 0.10119 0.097481 0.093865 0.090294 0.086704 0.083117 0.079578 0.076173 0.072934 0.069781 0.066617 0.063328 0.059564 0.055551 0.051634 0.048097 0.045245 0.043244 0.041766 0.04042 0.038811 0.036666 0.034364 0.032044 0.029713 0.027352 0.024915 0.021963 0.018708 0.01556 0.01289 0.011036 0.0099028 0.0089376 0.0080742 0.0072555 0.0064289 0.0055452 0.0045201 0.0034101 0.0023316 0.0013816 0.00064498 0.00020106 1.2214e-05 0 0 0 0 0 0 0 0 0 0 
386.5 0 0 0.0060936 0.011711 0.016378 0.026962 0.040599 0.054952 0.072179 0.091839 0.10944 0.12264 0.13321 0.14098 0.14568 0.14751 0.14402 0.13619 0.12771 0.12234 0.12209 0.12384 0.12713 0.13199 0.1384 0.14939 0.16414 0.17877 0.18951 0.19417 0.19537 0.19352 0.18873 0.18135 0.17087 0.15844 0.14635 0.13682 0.13097 0.12572 0.12073 0.11616 0.11219 0.10855 0.10489 0.10115 0.097443 0.093831 0.090266 0.086682 0.083103 0.079571 0.07617 0.072931 0.069778 0.066613 0.063327 0.059566 0.055556 0.051642 0.048106 0.045255 0.043254 0.041775 0.040428 0.038819 0.036674 0.034371 0.032051 0.02972 0.027357 0.024919 0.021966 0.01871 0.015561 0.01289 0.011035 0.0099005 0.0089356 0.0080732 0.0072556 0.00643 0.0055467 0.0045212 0.0034105 0.0023313 0.0013808 0.00064417 0.00020094 1.3012e-05 0 0 0 0 0 0 0 0 0 0 
387 0 0 0.006092 0.011715 0.016384 0.026968 0.040606 0.054965 0.072201 0.091871 0.10948 0.12268 0.13324 0.14099 0.14567 0.1475 0.14401 0.13618 0.1277 0.12233 0.12208 0.12382 0.12711 0.13197 0.13839 0.14937 0.16412 0.17876 0.18952 0.19421 0.19545 0.19363 0.18886 0.1815 0.17099 0.15848 0.14633 0.1368 0.13102 0.12584 0.1209 0.11634 0.11233 0.10863 0.10489 0.10108 0.097336 0.093726 0.090176 0.086613 0.083057 0.079549 0.076163 0.07293 0.069777 0.066613 0.063333 0.059576 0.055561 0.051641 0.048101 0.04525 0.043252 0.041775 0.040428 0.038818 0.03667 0.034365 0.032041 0.029705 0.027338 0.024898 0.021948 0.018697 0.015553 0.012884 0.011026 0.0098881 0.0089245 0.0080659 0.0072528 0.006431 0.0055492 0.0045231 0.0034108 0.0023298 0.0013781 0.00064168 0.00020065 1.5529e-05 0 0 0 0 0 0 0 0 0 0 
387.5 0 0 0.0060904 0.011718 0.01639 0.026973 0.040613 0.054977 0.072222 0.091903 0.10952 0.12271 0.13327 0.141 0.14567 0.14748 0.14399 0.13617 0.12769 0.12232 0.12206 0.1238 0.12709 0.13196 0.13837 0.14935 0.1641 0.17874 0.18953 0.19426 0.19553 0.19374 0.18899 0.18164 0.1711 0.15853 0.14632 0.13678 0.13107 0.12596 0.12107 0.11651 0.11248 0.1087 0.10488 0.10101 0.09723 0.093621 0.090086 0.086543 0.083011 0.079526 0.076157 0.072929 0.069776 0.066613 0.063339 0.059585 0.055567 0.05164 0.048095 0.045246 0.04325 0.041775 0.040428 0.038816 0.036666 0.034358 0.03203 0.02969 0.02732 0.024877 0.021929 0.018683 0.015544 0.012877 0.011016 0.0098757 0.0089134 0.0080586 0.0072501 0.0064319 0.0055517 0.0045251 0.0034111 0.0023283 0.0013754 0.00063919 0.00020037 1.8045e-05 0 0 0 0 0 0 0 0 0 0 
388 0 0 0.0060888 0.011722 0.016395 0.026979 0.04062 0.05499 0.072244 0.091935 0.10956 0.12275 0.13329 0.14101 0.14566 0.14746 0.14397 0.13615 0.12768 0.12231 0.12205 0.12379 0.12707 0.13194 0.13836 0.14933 0.16407 0.17873 0.18954 0.19431 0.19561 0.19385 0.18912 0.18179 0.17121 0.15857 0.1463 0.13676 0.13112 0.12608 0.12124 0.11669 0.11262 0.10877 0.10488 0.10094 0.097124 0.093516 0.089995 0.086474 0.082965 0.079504 0.07615 0.072927 0.069775 0.066613 0.063345 0.059594 0.055573 0.051639 0.04809 0.045241 0.043249 0.041776 0.040429 0.038815 0.036662 0.034351 0.03202 0.029675 0.027301 0.024856 0.021911 0.01867 0.015536 0.01287 0.011007 0.0098633 0.0089023 0.0080512 0.0072473 0.0064328 0.0055542 0.004527 0.0034113 0.0023268 0.0013728 0.00063671 0.00020008 2.0562e-05 0 0 0 0 0 0 0 0 0 0 
388.5 0 0 0.0060893 0.01172 0.016393 0.026977 0.040615 0.054984 0.07224 0.091934 0.10956 0.12274 0.13327 0.14098 0.14562 0.14741 0.14392 0.1361 0.12763 0.12227 0.12201 0.12376 0.12706 0.13193 0.13835 0.14933 0.16406 0.17871 0.18952 0.19427 0.19557 0.19379 0.18904 0.18169 0.17113 0.15849 0.14622 0.13668 0.13107 0.12605 0.12123 0.1167 0.11263 0.10879 0.1049 0.10096 0.097141 0.093534 0.090014 0.086492 0.082982 0.079519 0.076162 0.072938 0.069784 0.066621 0.063353 0.0596 0.055576 0.05164 0.048089 0.04524 0.043248 0.041777 0.040431 0.038819 0.036667 0.034356 0.032026 0.029683 0.02731 0.024866 0.02192 0.018678 0.015542 0.012876 0.011013 0.0098701 0.0089085 0.0080558 0.0072499 0.0064338 0.0055544 0.0045272 0.0034121 0.002328 0.0013744 0.00063809 0.00020037 1.9643e-05 0 0 0 0 0 0 0 0 0 0 
389 0 0 0.0060903 0.011717 0.016387 0.026973 0.040607 0.054973 0.072229 0.091923 0.10954 0.12272 0.13323 0.14093 0.14556 0.14734 0.14385 0.13603 0.12757 0.12222 0.12197 0.12373 0.12704 0.13192 0.13835 0.14933 0.16406 0.17869 0.18948 0.19421 0.19547 0.19366 0.18888 0.18152 0.17098 0.15838 0.14612 0.13659 0.13098 0.12598 0.12117 0.11665 0.1126 0.10879 0.10492 0.10101 0.0972 0.093592 0.090068 0.086539 0.08302 0.079546 0.076181 0.072952 0.069797 0.066632 0.063361 0.059605 0.055579 0.051641 0.04809 0.04524 0.043249 0.041778 0.040435 0.038825 0.036674 0.034365 0.032038 0.029698 0.027329 0.024887 0.021938 0.018692 0.015553 0.012885 0.011024 0.0098831 0.0089204 0.0080644 0.0072544 0.0064349 0.0055538 0.0045269 0.0034129 0.0023303 0.0013774 0.00064076 0.00020084 1.7588e-05 0 0 0 0 0 0 0 0 0 0 
389.5 0 0 0.0060914 0.011713 0.016382 0.026968 0.040599 0.054962 0.072217 0.091911 0.10953 0.12269 0.1332 0.14088 0.1455 0.14728 0.14378 0.13597 0.12751 0.12217 0.12193 0.12371 0.12702 0.13191 0.13835 0.14932 0.16405 0.17867 0.18944 0.19414 0.19538 0.19354 0.18872 0.18135 0.17083 0.15826 0.14603 0.1365 0.1309 0.1259 0.12111 0.1166 0.11257 0.10878 0.10495 0.10105 0.097258 0.093651 0.090122 0.086586 0.083057 0.079573 0.076199 0.072967 0.06981 0.066643 0.063369 0.05961 0.055582 0.051643 0.04809 0.04524 0.043249 0.04178 0.040438 0.038831 0.036682 0.034374 0.032049 0.029714 0.027348 0.024907 0.021957 0.018707 0.015564 0.012895 0.011035 0.0098962 0.0089322 0.0080729 0.0072589 0.0064359 0.0055533 0.0045266 0.0034138 0.0023325 0.0013805 0.00064342 0.00020131 1.5532e-05 0 0 0 0 0 0 0 0 0 0 
390 0 0 0.0060925 0.011709 0.016377 0.026964 0.040591 0.05495 0.072206 0.0919 0.10951 0.12266 0.13316 0.14083 0.14544 0.14721 0.14371 0.1359 0.12745 0.12212 0.12189 0.12368 0.12701 0.13191 0.13835 0.14932 0.16404 0.17865 0.1894 0.19408 0.19529 0.19342 0.18856 0.18118 0.17068 0.15814 0.14593 0.13641 0.13081 0.12583 0.12104 0.11655 0.11255 0.10878 0.10497 0.1011 0.097316 0.093709 0.090176 0.086633 0.083095 0.0796 0.076218 0.072981 0.069822 0.066654 0.063376 0.059615 0.055585 0.051644 0.04809 0.04524 0.043249 0.041781 0.040442 0.038837 0.036689 0.034383 0.032061 0.029729 0.027366 0.024927 0.021975 0.018722 0.015576 0.012904 0.011045 0.0099093 0.0089441 0.0080814 0.0072634 0.006437 0.0055527 0.0045263 0.0034146 0.0023347 0.0013836 0.00064609 0.00020178 1.3476e-05 0 0 0 0 0 0 0 0 0 0 
390.5 0 0 0.0060888 0.011706 0.016372 0.026957 0.040585 0.054946 0.072203 0.091898 0.10951 0.12267 0.13317 0.14085 0.14546 0.14724 0.14375 0.13595 0.1275 0.12216 0.12194 0.12372 0.12705 0.13195 0.13839 0.14938 0.16412 0.17874 0.1895 0.19418 0.19539 0.19351 0.18866 0.18127 0.17077 0.15822 0.146 0.13648 0.13088 0.12589 0.1211 0.11661 0.11259 0.10882 0.105 0.10113 0.097332 0.093716 0.090176 0.086627 0.083083 0.079584 0.076207 0.07299 0.069857 0.066711 0.063444 0.059672 0.055619 0.051655 0.048091 0.045249 0.04326 0.041786 0.040437 0.038824 0.036675 0.034369 0.032048 0.029716 0.027354 0.024916 0.021967 0.018716 0.015572 0.012901 0.01104 0.0099025 0.008938 0.0080775 0.0072623 0.0064384 0.0055551 0.0045282 0.0034151 0.002334 0.0013821 0.00064478 0.00020175 1.5304e-05 0 0 0 0 0 0 0 0 0 0 
391 0 0 0.0060849 0.011702 0.016368 0.02695 0.040578 0.054941 0.072199 0.091897 0.10951 0.12268 0.13319 0.14087 0.14549 0.14728 0.14379 0.13599 0.12755 0.12221 0.12199 0.12377 0.12709 0.13199 0.13843 0.14943 0.16419 0.17884 0.1896 0.19428 0.19549 0.19362 0.18876 0.18137 0.17086 0.15831 0.14608 0.13656 0.13096 0.12596 0.12117 0.11667 0.11264 0.10887 0.10504 0.10115 0.097348 0.093722 0.090174 0.086619 0.083071 0.079567 0.076196 0.072999 0.069892 0.066769 0.063513 0.05973 0.055653 0.051666 0.048091 0.045257 0.043271 0.04179 0.040432 0.038811 0.03666 0.034354 0.032034 0.029703 0.027341 0.024904 0.021958 0.01871 0.015568 0.012898 0.011035 0.0098953 0.0089314 0.0080733 0.0072612 0.0064398 0.0055576 0.00453 0.0034156 0.0023332 0.0013806 0.00064338 0.00020171 1.7211e-05 0 0 0 0 0 0 0 0 0 0 
391.5 0 0 0.0060811 0.011698 0.016364 0.026943 0.040572 0.054936 0.072196 0.091895 0.10952 0.12269 0.1332 0.14089 0.14552 0.14731 0.14383 0.13604 0.1276 0.12226 0.12203 0.12381 0.12714 0.13204 0.13848 0.14949 0.16427 0.17893 0.1897 0.19438 0.1956 0.19372 0.18886 0.18146 0.17094 0.15839 0.14616 0.13664 0.13103 0.12603 0.12123 0.11673 0.11269 0.10891 0.10507 0.10117 0.097363 0.093729 0.090173 0.086611 0.083058 0.07955 0.076184 0.073008 0.069927 0.066827 0.063581 0.059788 0.055687 0.051677 0.048091 0.045266 0.043282 0.041795 0.040426 0.038798 0.036645 0.03434 0.03202 0.029689 0.027328 0.024893 0.021949 0.018704 0.015564 0.012894 0.01103 0.009888 0.0089249 0.0080692 0.00726 0.0064412 0.00556 0.0045319 0.0034161 0.0023324 0.0013791 0.00064199 0.00020167 1.9119e-05 0 0 0 0 0 0 0 0 0 0 
392 0 0 0.0060776 0.011695 0.01636 0.026937 0.040565 0.054931 0.072193 0.091895 0.10952 0.12269 0.13321 0.1409 0.14553 0.14732 0.14385 0.13606 0.12762 0.12229 0.12206 0.12384 0.12716 0.13206 0.1385 0.14952 0.16431 0.17898 0.18976 0.19444 0.19566 0.19378 0.18891 0.18151 0.17099 0.15844 0.1462 0.13667 0.13107 0.12607 0.12127 0.11676 0.11272 0.10893 0.10508 0.10118 0.097363 0.093722 0.090161 0.086597 0.083041 0.079531 0.07617 0.073008 0.069944 0.066859 0.063621 0.059821 0.055706 0.051681 0.048088 0.045269 0.043286 0.041794 0.040418 0.038784 0.036631 0.034326 0.032006 0.029677 0.027317 0.024884 0.021942 0.018699 0.01556 0.012891 0.011025 0.0098814 0.0089189 0.0080652 0.0072586 0.006442 0.0055618 0.0045333 0.0034164 0.0023317 0.0013779 0.00064083 0.00020166 2.0747e-05 0 0 0 0 0 0 0 0 0 0 
392.5 0 0 0.0060756 0.011693 0.016362 0.026939 0.040558 0.05492 0.072188 0.091897 0.10952 0.12268 0.13317 0.14084 0.14546 0.14723 0.14376 0.13598 0.12756 0.12223 0.122 0.12378 0.1271 0.13199 0.13843 0.14944 0.16422 0.17889 0.18966 0.19434 0.19555 0.19367 0.18881 0.18142 0.17089 0.15831 0.14608 0.13657 0.13098 0.126 0.12121 0.11671 0.11267 0.10887 0.10502 0.10112 0.0973 0.093666 0.090113 0.086555 0.083007 0.079505 0.076144 0.07297 0.069891 0.066793 0.06355 0.059759 0.055662 0.051655 0.048072 0.045249 0.043263 0.041772 0.040399 0.038769 0.036618 0.034314 0.031997 0.029671 0.027315 0.024884 0.021943 0.018699 0.015558 0.012887 0.01102 0.0098768 0.0089149 0.008062 0.0072563 0.0064406 0.005561 0.0045328 0.003416 0.0023314 0.0013775 0.00064059 0.00020175 2.1299e-05 0 0 0 0 0 0 0 0 0 0 
393 0 0 0.0060735 0.011691 0.016363 0.02694 0.040551 0.054909 0.072184 0.0919 0.10952 0.12267 0.13314 0.14079 0.14539 0.14715 0.14366 0.1359 0.12749 0.12217 0.12194 0.12372 0.12704 0.13193 0.13836 0.14936 0.16413 0.17879 0.18956 0.19423 0.19544 0.19356 0.18871 0.18133 0.17078 0.15819 0.14597 0.13647 0.13089 0.12592 0.12114 0.11665 0.11262 0.10881 0.10496 0.10105 0.097238 0.09361 0.090064 0.086514 0.082974 0.079478 0.076117 0.072933 0.069838 0.066727 0.063479 0.059697 0.055618 0.05163 0.048056 0.04523 0.04324 0.041749 0.04038 0.038754 0.036606 0.034303 0.031988 0.029665 0.027313 0.024885 0.021944 0.018699 0.015556 0.012883 0.011015 0.0098722 0.008911 0.0080588 0.007254 0.0064391 0.0055602 0.0045324 0.0034157 0.002331 0.0013772 0.00064035 0.00020183 2.1851e-05 0 0 0 0 0 0 0 0 0 0 
393.5 0 0 0.0060714 0.011689 0.016364 0.026942 0.040544 0.054899 0.07218 0.091902 0.10952 0.12265 0.13311 0.14073 0.14531 0.14706 0.14357 0.13582 0.12743 0.12212 0.12188 0.12365 0.12697 0.13187 0.13829 0.14928 0.16404 0.17869 0.18946 0.19413 0.19533 0.19345 0.18861 0.18123 0.17067 0.15807 0.14585 0.13636 0.13081 0.12585 0.12108 0.1166 0.11256 0.10875 0.10489 0.10099 0.097176 0.093554 0.090015 0.086472 0.08294 0.079452 0.076091 0.072895 0.069785 0.06666 0.063407 0.059635 0.055574 0.051604 0.04804 0.04521 0.043216 0.041726 0.040361 0.038739 0.036593 0.034291 0.031978 0.029659 0.027311 0.024885 0.021946 0.018699 0.015554 0.012879 0.01101 0.0098677 0.008907 0.0080557 0.0072517 0.0064377 0.0055594 0.004532 0.0034153 0.0023306 0.0013768 0.00064011 0.00020191 2.2402e-05 0 0 0 0 0 0 0 0 0 0 
394 0 0 0.0060738 0.011692 0.016368 0.026948 0.040549 0.054903 0.072188 0.091915 0.10953 0.12266 0.13309 0.1407 0.14527 0.147 0.14351 0.13576 0.12738 0.12208 0.12184 0.12362 0.12694 0.13183 0.13825 0.14924 0.16399 0.17864 0.1894 0.19406 0.19524 0.19335 0.18851 0.18113 0.17057 0.15797 0.14577 0.1363 0.13075 0.1258 0.12104 0.11656 0.11252 0.10871 0.10484 0.10093 0.097126 0.093511 0.089979 0.086445 0.08292 0.079441 0.076081 0.072877 0.069755 0.06662 0.063363 0.059598 0.05555 0.051593 0.048036 0.045202 0.043206 0.041716 0.040354 0.038735 0.036589 0.034288 0.031975 0.029658 0.02731 0.024886 0.021947 0.0187 0.015556 0.012881 0.011011 0.0098692 0.0089083 0.0080564 0.0072519 0.0064375 0.0055591 0.0045319 0.0034156 0.0023311 0.0013774 0.00064052 0.00020198 2.2113e-05 0 0 0 0 0 0 0 0 0 0 
394.5 0 0 0.0060819 0.0117 0.016374 0.026959 0.040567 0.054926 0.072212 0.09194 0.10956 0.12267 0.13311 0.1407 0.14525 0.14698 0.14349 0.13574 0.12736 0.12206 0.12183 0.12361 0.12693 0.13182 0.13825 0.14924 0.16401 0.17866 0.1894 0.19402 0.19517 0.19326 0.1884 0.18101 0.17047 0.15791 0.14574 0.1363 0.13075 0.12578 0.12102 0.11653 0.1125 0.10868 0.10481 0.1009 0.097092 0.093484 0.089961 0.086435 0.082919 0.079448 0.076092 0.072884 0.069755 0.066613 0.063355 0.059594 0.055552 0.0516 0.048046 0.045209 0.043211 0.041722 0.040362 0.038743 0.036598 0.034295 0.031981 0.029661 0.027313 0.024888 0.021949 0.018704 0.015562 0.012889 0.01102 0.0098786 0.0089165 0.0080624 0.0072553 0.0064388 0.0055595 0.0045325 0.0034168 0.0023328 0.0013791 0.00064178 0.00020204 2.0724e-05 0 0 0 0 0 0 0 0 0 0 
395 0 0 0.0060899 0.011708 0.016381 0.026971 0.040586 0.054949 0.072237 0.091965 0.10958 0.12269 0.13312 0.14071 0.14524 0.14695 0.14346 0.13571 0.12734 0.12204 0.12181 0.1236 0.12692 0.13182 0.13824 0.14924 0.16402 0.17867 0.1894 0.19399 0.19511 0.19316 0.18829 0.18089 0.17037 0.15784 0.14572 0.13629 0.13074 0.12577 0.121 0.11651 0.11247 0.10865 0.10478 0.10087 0.097058 0.093457 0.089943 0.086426 0.082918 0.079456 0.076104 0.072892 0.069754 0.066606 0.063346 0.059589 0.055554 0.051608 0.048056 0.045216 0.043217 0.041728 0.040369 0.038752 0.036606 0.034302 0.031987 0.029665 0.027315 0.024889 0.021951 0.018708 0.015568 0.012896 0.011029 0.0098881 0.0089247 0.0080683 0.0072588 0.0064402 0.0055599 0.004533 0.003418 0.0023345 0.0013808 0.00064304 0.0002021 1.9335e-05 0 0 0 0 0 0 0 0 0 0 
395.5 0 0 0.006098 0.011717 0.016387 0.026983 0.040605 0.054972 0.072262 0.091991 0.1096 0.12271 0.13313 0.14071 0.14523 0.14693 0.14344 0.13569 0.12731 0.12203 0.1218 0.12359 0.12692 0.13181 0.13824 0.14925 0.16403 0.17869 0.1894 0.19396 0.19505 0.19307 0.18818 0.18078 0.17027 0.15778 0.14569 0.13629 0.13073 0.12576 0.12098 0.11649 0.11244 0.10862 0.10475 0.10083 0.097024 0.09343 0.089925 0.086416 0.082917 0.079463 0.076115 0.072899 0.069754 0.066599 0.063338 0.059585 0.055556 0.051616 0.048066 0.045223 0.043222 0.041734 0.040377 0.038761 0.036614 0.034309 0.031992 0.029669 0.027317 0.02489 0.021953 0.018712 0.015574 0.012904 0.011039 0.0098975 0.0089328 0.0080743 0.0072623 0.0064416 0.0055603 0.0045335 0.0034192 0.0023361 0.0013825 0.00064431 0.00020216 1.7947e-05 0 0 0 0 0 0 0 0 0 0 
396 0 0 0.0061026 0.011723 0.016394 0.026994 0.040621 0.054993 0.072287 0.092021 0.10964 0.12274 0.13316 0.14074 0.14525 0.14695 0.14345 0.1357 0.12732 0.12204 0.12181 0.1236 0.12693 0.13183 0.13826 0.14927 0.16405 0.17871 0.18943 0.194 0.1951 0.19313 0.18824 0.18084 0.17032 0.15782 0.14571 0.1363 0.13074 0.12577 0.12099 0.11649 0.11244 0.10861 0.10474 0.10082 0.097006 0.093412 0.089906 0.086398 0.082901 0.079448 0.076104 0.072892 0.069752 0.066601 0.063343 0.05959 0.055558 0.051615 0.048064 0.045224 0.043226 0.041739 0.040382 0.038765 0.036619 0.034314 0.031997 0.029673 0.027321 0.024893 0.021956 0.018713 0.015574 0.012904 0.011039 0.0098978 0.0089331 0.0080745 0.0072624 0.0064415 0.00556 0.004533 0.0034186 0.0023358 0.0013825 0.00064444 0.00020219 1.7832e-05 0 0 0 0 0 0 0 0 0 0 
396.5 0 0 0.0061054 0.011728 0.016401 0.027004 0.040636 0.055013 0.072312 0.092053 0.10967 0.12278 0.13321 0.14078 0.14529 0.14699 0.14348 0.13573 0.12735 0.12206 0.12183 0.12362 0.12695 0.13185 0.13828 0.14929 0.16408 0.17874 0.18948 0.19408 0.19521 0.19327 0.18839 0.181 0.17045 0.15791 0.14576 0.13632 0.13076 0.12579 0.12101 0.1165 0.11245 0.10862 0.10474 0.10081 0.096997 0.093397 0.089887 0.086375 0.082875 0.079422 0.07608 0.072877 0.069748 0.066608 0.063355 0.059599 0.05556 0.05161 0.048056 0.045222 0.043228 0.041742 0.040384 0.038768 0.036621 0.034317 0.032001 0.029678 0.027325 0.024898 0.021958 0.018713 0.015572 0.0129 0.011034 0.0098934 0.0089294 0.0080718 0.0072607 0.0064407 0.0055593 0.004532 0.0034172 0.0023344 0.0013816 0.00064399 0.0002022 1.8371e-05 0 0 0 0 0 0 0 0 0 0 
397 0 0 0.0061082 0.011733 0.016408 0.027015 0.040651 0.055033 0.072338 0.092085 0.10971 0.12282 0.13325 0.14082 0.14533 0.14702 0.14351 0.13575 0.12738 0.12208 0.12186 0.12364 0.12697 0.13187 0.13831 0.14932 0.16411 0.17877 0.18952 0.19416 0.19532 0.19341 0.18855 0.18115 0.17059 0.158 0.14581 0.13634 0.13078 0.12581 0.12102 0.11652 0.11246 0.10862 0.10474 0.10081 0.096988 0.093383 0.089868 0.086353 0.08285 0.079396 0.076057 0.072863 0.069745 0.066615 0.063367 0.059608 0.055562 0.051604 0.048049 0.045219 0.04323 0.041746 0.040387 0.03877 0.036624 0.034321 0.032005 0.029682 0.02733 0.024902 0.02196 0.018713 0.015569 0.012896 0.011029 0.0098889 0.0089257 0.008069 0.007259 0.0064398 0.0055587 0.004531 0.0034158 0.0023331 0.0013806 0.00064354 0.00020222 1.891e-05 0 0 0 0 0 0 0 0 0 0 
397.5 0 0 0.006111 0.011738 0.016415 0.027025 0.040665 0.055053 0.072363 0.092117 0.10975 0.12286 0.13329 0.14086 0.14537 0.14706 0.14355 0.13578 0.1274 0.12211 0.12188 0.12366 0.12699 0.13189 0.13834 0.14935 0.16413 0.1788 0.18957 0.19423 0.19543 0.19354 0.1887 0.18131 0.17072 0.15809 0.14585 0.13636 0.1308 0.12583 0.12104 0.11653 0.11247 0.10863 0.10474 0.1008 0.096979 0.093369 0.089849 0.08633 0.082825 0.079369 0.076033 0.072848 0.069742 0.066621 0.063379 0.059617 0.055564 0.051599 0.048041 0.045217 0.043232 0.041749 0.04039 0.038772 0.036626 0.034324 0.03201 0.029687 0.027335 0.024906 0.021963 0.018713 0.015567 0.012892 0.011024 0.0098845 0.008922 0.0080663 0.0072573 0.006439 0.0055581 0.00453 0.0034143 0.0023317 0.0013797 0.00064309 0.00020223 1.9449e-05 0 0 0 0 0 0 0 0 0 0 
398 0 0 0.0061089 0.011741 0.016421 0.027031 0.040671 0.055064 0.072385 0.092153 0.10979 0.12291 0.13332 0.14088 0.14539 0.14707 0.14355 0.13579 0.12742 0.12213 0.1219 0.12369 0.12702 0.13193 0.13837 0.14938 0.16417 0.17884 0.18961 0.19428 0.19547 0.19359 0.18875 0.18135 0.17076 0.15813 0.14588 0.13638 0.13081 0.12582 0.12103 0.11652 0.11247 0.10865 0.10478 0.10086 0.097045 0.093429 0.0899 0.086369 0.08285 0.079379 0.076032 0.072844 0.069738 0.066617 0.063372 0.059609 0.055553 0.051586 0.048025 0.0452 0.043217 0.04174 0.040386 0.038772 0.036627 0.034326 0.032011 0.029688 0.027335 0.024906 0.021963 0.018714 0.015568 0.012895 0.01103 0.009891 0.0089273 0.0080692 0.0072574 0.0064369 0.0055554 0.0045285 0.0034147 0.0023335 0.0013822 0.0006452 0.00020256 1.7646e-05 0 0 0 0 0 0 0 0 0 0 
398.5 0 0 0.0061062 0.011744 0.016426 0.027037 0.040676 0.055073 0.072407 0.092189 0.10984 0.12295 0.13335 0.1409 0.1454 0.14708 0.14356 0.1358 0.12743 0.12215 0.12192 0.12371 0.12705 0.13196 0.1384 0.14941 0.1642 0.17888 0.18965 0.19432 0.19552 0.19363 0.18878 0.18137 0.17078 0.15815 0.14591 0.13641 0.13081 0.12581 0.12101 0.11651 0.11247 0.10868 0.10483 0.10093 0.09712 0.093499 0.08996 0.086416 0.082881 0.079393 0.076034 0.072841 0.069734 0.066612 0.063363 0.059598 0.055542 0.051572 0.048009 0.04518 0.0432 0.041728 0.040381 0.038771 0.036628 0.034326 0.032011 0.029688 0.027334 0.024905 0.021962 0.018714 0.015571 0.012899 0.011036 0.0098988 0.0089338 0.0080728 0.0072578 0.0064347 0.0055525 0.0045269 0.0034152 0.0023357 0.0013851 0.00064764 0.00020292 1.5551e-05 0 0 0 0 0 0 0 0 0 0 
399 0 0 0.0061035 0.011747 0.016432 0.027043 0.040681 0.055083 0.072429 0.092224 0.10988 0.12299 0.13338 0.14093 0.14542 0.14709 0.14356 0.13581 0.12745 0.12217 0.12194 0.12374 0.12708 0.13199 0.13844 0.14945 0.16424 0.17892 0.1897 0.19437 0.19556 0.19366 0.18881 0.1814 0.17081 0.15818 0.14594 0.13643 0.13082 0.12581 0.121 0.1165 0.11247 0.1087 0.10488 0.101 0.097195 0.093568 0.090019 0.086462 0.082912 0.079407 0.076036 0.072839 0.069729 0.066606 0.063354 0.059587 0.05553 0.051558 0.047993 0.045161 0.043183 0.041717 0.040376 0.038771 0.036628 0.034327 0.032012 0.029688 0.027334 0.024903 0.021961 0.018714 0.015573 0.012904 0.011043 0.0099066 0.0089402 0.0080764 0.0072581 0.0064325 0.0055497 0.0045254 0.0034158 0.0023379 0.001388 0.00065008 0.00020329 1.3457e-05 0 0 0 0 0 0 0 0 0 0 
399.5 0 0 0.0061009 0.011747 0.016434 0.027044 0.040682 0.055086 0.072439 0.092243 0.10991 0.12302 0.1334 0.14094 0.14544 0.1471 0.14358 0.13583 0.12747 0.12219 0.12197 0.12377 0.12711 0.13203 0.13847 0.14948 0.16428 0.17896 0.18974 0.19442 0.19561 0.19371 0.18885 0.18144 0.17084 0.15821 0.14597 0.13645 0.13083 0.12581 0.12099 0.11649 0.11248 0.10873 0.10492 0.10105 0.097256 0.093627 0.090071 0.086505 0.082944 0.079427 0.076046 0.072844 0.06973 0.066604 0.063348 0.05958 0.055522 0.051549 0.047981 0.045146 0.043169 0.041708 0.040371 0.03877 0.036628 0.034327 0.032012 0.029688 0.027333 0.024903 0.021961 0.018715 0.015575 0.012908 0.011048 0.0099133 0.0089457 0.0080796 0.0072587 0.006431 0.0055477 0.0045245 0.0034165 0.0023399 0.0013905 0.00065205 0.00020359 1.1813e-05 0 0 0 0 0 0 0 0 0 0 
400 0 0 0.0060986 0.011731 0.01641 0.027015 0.040651 0.055039 0.072359 0.092125 0.10977 0.1229 0.13333 0.14093 0.14547 0.14719 0.14367 0.13591 0.12752 0.12223 0.12202 0.12381 0.12715 0.13207 0.13852 0.14955 0.16435 0.17904 0.18983 0.19453 0.19574 0.19386 0.18899 0.18156 0.17092 0.15826 0.146 0.1365 0.13089 0.12588 0.12106 0.11655 0.11253 0.10874 0.1049 0.10101 0.09721 0.093597 0.090062 0.08652 0.082985 0.079494 0.076124 0.072908 0.069772 0.066624 0.063361 0.059594 0.055541 0.051573 0.048006 0.045165 0.04318 0.04171 0.040367 0.038762 0.03662 0.03432 0.032006 0.029683 0.02733 0.024902 0.021962 0.018717 0.015577 0.012909 0.011048 0.0099108 0.008944 0.0080798 0.0072612 0.0064353 0.0055524 0.0045283 0.0034184 0.0023399 0.0013891 0.00065038 0.00020339 1.3629e-05 0 0 0 0 0 0 0 0 0 0 
400.5 0 0 0.0060963 0.011715 0.016387 0.026986 0.04062 0.054993 0.072279 0.092007 0.10963 0.12278 0.13325 0.14091 0.14551 0.14727 0.14377 0.13599 0.12758 0.12228 0.12206 0.12386 0.12719 0.1321 0.13856 0.14961 0.16443 0.17913 0.18992 0.19463 0.19588 0.19401 0.18914 0.18168 0.17101 0.15832 0.14604 0.13654 0.13095 0.12594 0.12113 0.11662 0.11257 0.10875 0.10488 0.10097 0.097164 0.093567 0.090054 0.086535 0.083025 0.07956 0.076201 0.072972 0.069813 0.066645 0.063374 0.059608 0.05556 0.051597 0.048031 0.045184 0.043191 0.041713 0.040364 0.038754 0.036613 0.034313 0.032 0.029679 0.027327 0.024901 0.021963 0.01872 0.01558 0.01291 0.011047 0.0099084 0.0089423 0.00808 0.0072637 0.0064396 0.0055572 0.004532 0.0034204 0.0023399 0.0013877 0.00064871 0.00020318 1.5446e-05 0 0 0 0 0 0 0 0 0 0 
401 0 0 0.0060939 0.011699 0.016363 0.026957 0.040589 0.054946 0.072199 0.091889 0.10949 0.12266 0.13318 0.14089 0.14555 0.14735 0.14386 0.13606 0.12763 0.12232 0.12211 0.1239 0.12723 0.13214 0.13861 0.14968 0.16451 0.17921 0.19001 0.19474 0.19601 0.19416 0.18928 0.18179 0.17109 0.15838 0.14608 0.13658 0.13101 0.12601 0.1212 0.11668 0.11261 0.10876 0.10486 0.10092 0.097117 0.093538 0.090045 0.08655 0.083066 0.079627 0.076278 0.073037 0.069854 0.066665 0.063387 0.059623 0.05558 0.051621 0.048056 0.045204 0.043202 0.041716 0.04036 0.038747 0.036605 0.034307 0.031995 0.029674 0.027324 0.0249 0.021965 0.018722 0.015582 0.012911 0.011046 0.009906 0.0089406 0.0080803 0.0072662 0.0064438 0.005562 0.0045358 0.0034224 0.0023399 0.0013863 0.00064705 0.00020298 1.7262e-05 0 0 0 0 0 0 0 0 0 0 
401.5 0 0 0.0060914 0.011689 0.016347 0.026935 0.040565 0.054909 0.072133 0.091791 0.10938 0.12256 0.13311 0.14086 0.14556 0.1474 0.14392 0.13611 0.12766 0.12233 0.12212 0.12391 0.12723 0.13213 0.13861 0.14968 0.16451 0.17922 0.19002 0.19476 0.19605 0.19422 0.18933 0.18183 0.17111 0.15838 0.14607 0.13658 0.13101 0.12601 0.1212 0.11667 0.11259 0.10873 0.10482 0.10087 0.097069 0.093501 0.090023 0.086545 0.083078 0.079656 0.076317 0.073073 0.069882 0.066685 0.063405 0.059642 0.0556 0.051643 0.048078 0.045224 0.043218 0.041724 0.040361 0.038743 0.036601 0.034303 0.031991 0.029672 0.027323 0.024901 0.021967 0.018725 0.015585 0.012914 0.011047 0.0099057 0.0089406 0.0080813 0.0072685 0.0064472 0.0055656 0.0045387 0.003424 0.0023402 0.0013855 0.00064607 0.00020286 1.8392e-05 0 0 0 0 0 0 0 0 0 0 
402 0 0 0.0060885 0.01169 0.016348 0.026929 0.040555 0.05489 0.072094 0.091731 0.10931 0.12249 0.13306 0.14082 0.14553 0.14739 0.14391 0.13609 0.12762 0.12229 0.12207 0.12384 0.12715 0.13205 0.13851 0.14957 0.16438 0.17908 0.18988 0.19461 0.19591 0.19408 0.1892 0.18171 0.171 0.15828 0.14597 0.13647 0.13088 0.12587 0.12104 0.11651 0.11245 0.10862 0.10473 0.10081 0.097014 0.093452 0.089977 0.086501 0.083035 0.079615 0.076284 0.073055 0.069884 0.066705 0.063435 0.059671 0.055622 0.051659 0.048093 0.045247 0.043241 0.041742 0.040371 0.038747 0.036603 0.034305 0.031993 0.029674 0.027326 0.024904 0.02197 0.018729 0.015589 0.012918 0.011051 0.0099097 0.0089438 0.0080839 0.0072706 0.006449 0.005567 0.0045398 0.0034249 0.0023409 0.0013861 0.0006464 0.00020289 1.821e-05 0 0 0 0 0 0 0 0 0 0 
402.5 0 0 0.0060856 0.011691 0.016349 0.026922 0.040545 0.05487 0.072055 0.091671 0.10924 0.12243 0.133 0.14078 0.14551 0.14737 0.1439 0.13607 0.12759 0.12224 0.12202 0.12378 0.12708 0.13196 0.13842 0.14946 0.16426 0.17894 0.18973 0.19447 0.19577 0.19395 0.18907 0.18159 0.17088 0.15817 0.14587 0.13636 0.13075 0.12572 0.12089 0.11636 0.11231 0.1085 0.10464 0.10074 0.09696 0.093403 0.089931 0.086457 0.082992 0.079574 0.07625 0.073037 0.069886 0.066724 0.063465 0.0597 0.055644 0.051675 0.048108 0.045269 0.043264 0.041759 0.040381 0.038752 0.036606 0.034307 0.031995 0.029677 0.027329 0.024907 0.021974 0.018733 0.015594 0.012923 0.011056 0.0099136 0.008947 0.0080864 0.0072727 0.0064507 0.0055685 0.004541 0.0034258 0.0023417 0.0013867 0.00064673 0.00020292 1.8027e-05 0 0 0 0 0 0 0 0 0 0 
403 0 0 0.0060827 0.011692 0.01635 0.026915 0.040534 0.054851 0.072016 0.091611 0.10918 0.12237 0.13294 0.14073 0.14548 0.14736 0.14389 0.13605 0.12756 0.1222 0.12196 0.12372 0.127 0.13188 0.13832 0.14935 0.16413 0.1788 0.18958 0.19432 0.19563 0.19382 0.18895 0.18146 0.17077 0.15807 0.14577 0.13626 0.13063 0.12558 0.12073 0.1162 0.11218 0.10839 0.10455 0.10067 0.096906 0.093353 0.089885 0.086412 0.08295 0.079533 0.076216 0.07302 0.069887 0.066743 0.063495 0.059729 0.055666 0.051691 0.048123 0.045291 0.043287 0.041777 0.040391 0.038756 0.036608 0.034309 0.031997 0.029679 0.027332 0.02491 0.021977 0.018737 0.015598 0.012928 0.01106 0.0099176 0.0089502 0.008089 0.0072748 0.0064524 0.0055699 0.0045421 0.0034267 0.0023424 0.0013872 0.00064706 0.00020296 1.7845e-05 0 0 0 0 0 0 0 0 0 0 
403.5 0 0 0.0060826 0.011693 0.01635 0.026915 0.040537 0.054852 0.07201 0.091598 0.10916 0.12236 0.13296 0.14077 0.14554 0.14744 0.14397 0.13612 0.12762 0.12224 0.12201 0.12376 0.12705 0.13192 0.13837 0.1494 0.16418 0.17885 0.18964 0.19439 0.1957 0.19389 0.18902 0.18153 0.17084 0.15815 0.14585 0.13633 0.1307 0.12565 0.1208 0.11627 0.11224 0.10846 0.10463 0.10074 0.096974 0.093411 0.089932 0.086448 0.082974 0.079546 0.076226 0.073035 0.069912 0.066775 0.063529 0.059758 0.055685 0.051698 0.048124 0.045295 0.043292 0.041784 0.040397 0.03876 0.036611 0.03431 0.031997 0.029677 0.027329 0.024906 0.021973 0.018734 0.015597 0.012928 0.011062 0.0099202 0.008952 0.0080893 0.0072734 0.0064498 0.0055669 0.0045396 0.0034254 0.0023426 0.0013885 0.0006485 0.00020319 1.6405e-05 0 0 0 0 0 0 0 0 0 0 
404 0 0 0.0060845 0.011693 0.01635 0.026919 0.040549 0.054868 0.072029 0.09162 0.10919 0.12241 0.13303 0.14087 0.14566 0.14757 0.14411 0.13626 0.12774 0.12236 0.12213 0.12389 0.12718 0.13206 0.13852 0.14957 0.16437 0.17906 0.18986 0.19461 0.19592 0.19411 0.18924 0.18175 0.17106 0.15836 0.14606 0.13654 0.13092 0.12588 0.12103 0.1165 0.11246 0.10866 0.10482 0.10092 0.097133 0.093549 0.09005 0.086545 0.083049 0.079601 0.076268 0.073075 0.069953 0.066817 0.063566 0.059786 0.055699 0.051699 0.048116 0.045283 0.043285 0.041782 0.0404 0.038765 0.036614 0.034309 0.031994 0.029672 0.027321 0.024897 0.021963 0.018725 0.01559 0.012925 0.011062 0.0099219 0.0089529 0.0080879 0.0072694 0.0064439 0.0055604 0.0045345 0.0034226 0.0023424 0.0013904 0.00065078 0.00020356 1.4024e-05 0 0 0 0 0 0 0 0 0 0 
404.5 0 0 0.0060865 0.011692 0.01635 0.026924 0.040561 0.054885 0.072048 0.091642 0.10922 0.12245 0.1331 0.14097 0.14578 0.14771 0.14426 0.13639 0.12787 0.12248 0.12225 0.12401 0.12731 0.1322 0.13867 0.14973 0.16456 0.17926 0.19008 0.19483 0.19615 0.19434 0.18946 0.18197 0.17127 0.15857 0.14627 0.13675 0.13114 0.1261 0.12126 0.11673 0.11268 0.10887 0.10501 0.1011 0.097291 0.093687 0.090167 0.086641 0.083123 0.079656 0.076311 0.073115 0.069994 0.066858 0.063603 0.059813 0.055714 0.0517 0.048107 0.045272 0.043277 0.04178 0.040403 0.03877 0.036616 0.034309 0.031991 0.029667 0.027313 0.024887 0.021953 0.018716 0.015584 0.012922 0.011062 0.0099236 0.0089537 0.0080865 0.0072655 0.006438 0.005554 0.0045293 0.0034198 0.0023423 0.0013922 0.00065306 0.00020393 1.1643e-05 0 0 0 0 0 0 0 0 0 0 
405 0 0 0.0060885 0.011692 0.016349 0.026928 0.040572 0.054901 0.072067 0.091664 0.10925 0.1225 0.13317 0.14106 0.1459 0.14785 0.1444 0.13653 0.12799 0.1226 0.12237 0.12414 0.12744 0.13234 0.13882 0.1499 0.16474 0.17947 0.19029 0.19505 0.19637 0.19456 0.18968 0.18219 0.17149 0.15878 0.14647 0.13696 0.13136 0.12633 0.1215 0.11696 0.1129 0.10908 0.1052 0.10127 0.09745 0.093825 0.090285 0.086737 0.083198 0.079711 0.076354 0.073156 0.070035 0.0669 0.06364 0.059841 0.055729 0.051701 0.048098 0.045261 0.04327 0.041778 0.040406 0.038775 0.036619 0.034309 0.031988 0.029661 0.027306 0.024877 0.021943 0.018707 0.015578 0.012918 0.011062 0.0099254 0.0089546 0.008085 0.0072615 0.0064322 0.0055475 0.0045241 0.003417 0.0023421 0.001394 0.00065534 0.00020431 9.2613e-06 0 0 0 0 0 0 0 0 0 0 
405.5 0 0 0.0060878 0.011686 0.01634 0.026914 0.040554 0.054872 0.072021 0.091598 0.10917 0.12242 0.13311 0.14102 0.14587 0.14784 0.14439 0.13652 0.12796 0.12256 0.12233 0.1241 0.12739 0.13228 0.13876 0.14984 0.16467 0.17939 0.19021 0.19497 0.19631 0.19451 0.18963 0.18214 0.17143 0.15871 0.14638 0.13687 0.13129 0.12628 0.12146 0.11692 0.11286 0.10903 0.10516 0.10123 0.097399 0.093776 0.090239 0.086694 0.083158 0.079675 0.076319 0.07312 0.069996 0.066857 0.063596 0.0598 0.055697 0.05168 0.048085 0.045248 0.043255 0.04176 0.040387 0.038757 0.036604 0.034298 0.031981 0.029656 0.027303 0.024877 0.021943 0.018708 0.015577 0.012917 0.011061 0.009924 0.0089537 0.008085 0.0072623 0.0064335 0.005549 0.0045252 0.0034174 0.0023416 0.0013929 0.00065417 0.00020402 1.0105e-05 0 0 0 0 0 0 0 0 0 0 
406 0 0 0.0060865 0.011679 0.016329 0.026896 0.040528 0.054831 0.071957 0.091508 0.10906 0.12231 0.13301 0.14093 0.1458 0.14778 0.14434 0.13646 0.12789 0.12248 0.12225 0.12401 0.1273 0.13218 0.13864 0.14971 0.16453 0.17923 0.19005 0.19482 0.19617 0.19438 0.18951 0.18202 0.1713 0.15856 0.14621 0.13669 0.13114 0.12616 0.12135 0.11681 0.11275 0.10893 0.10505 0.10112 0.097295 0.093679 0.090151 0.086616 0.083089 0.079615 0.076265 0.073064 0.069936 0.066793 0.063531 0.059741 0.055653 0.051654 0.04807 0.045235 0.043237 0.041738 0.040362 0.038733 0.036585 0.034285 0.031972 0.029651 0.027301 0.024878 0.021946 0.018711 0.015579 0.012917 0.011059 0.0099218 0.0089525 0.0080854 0.0072643 0.0064367 0.0055526 0.0045278 0.0034185 0.002341 0.001391 0.00065212 0.00020356 1.1764e-05 0 0 0 0 0 0 0 0 0 0 
406.5 0 0 0.0060852 0.011672 0.016317 0.026878 0.040502 0.054791 0.071894 0.091419 0.10895 0.12221 0.13291 0.14085 0.14573 0.14773 0.14429 0.1364 0.12783 0.12241 0.12217 0.12392 0.1272 0.13207 0.13853 0.14959 0.16439 0.17907 0.18989 0.19467 0.19603 0.19426 0.18939 0.18191 0.17118 0.15841 0.14604 0.13652 0.13099 0.12603 0.12124 0.11671 0.11264 0.10882 0.10495 0.10101 0.09719 0.093582 0.090063 0.086538 0.083021 0.079556 0.076212 0.073009 0.069877 0.066729 0.063465 0.059683 0.055609 0.051627 0.048056 0.045222 0.04322 0.041716 0.040338 0.038709 0.036566 0.034271 0.031963 0.029645 0.027299 0.02488 0.02195 0.018713 0.01558 0.012916 0.011057 0.0099196 0.0089513 0.0080857 0.0072663 0.0064398 0.0055561 0.0045305 0.0034196 0.0023404 0.0013891 0.00065007 0.0002031 1.3423e-05 0 0 0 0 0 0 0 0 0 0 
407 0 0 0.0060839 0.011665 0.016306 0.02686 0.040476 0.054751 0.071831 0.091331 0.10885 0.1221 0.13282 0.14076 0.14566 0.14767 0.14424 0.13635 0.12776 0.12233 0.12209 0.12383 0.1271 0.13197 0.13842 0.14946 0.16425 0.17892 0.18973 0.19452 0.1959 0.19413 0.18928 0.1818 0.17106 0.15827 0.14588 0.13635 0.13084 0.12591 0.12113 0.1166 0.11253 0.10871 0.10484 0.10091 0.097088 0.093487 0.089977 0.086461 0.082953 0.079499 0.076159 0.072954 0.069818 0.066667 0.063402 0.059626 0.055566 0.051601 0.048041 0.045209 0.043203 0.041695 0.040314 0.038685 0.036547 0.034258 0.031954 0.02964 0.027298 0.024882 0.021953 0.018716 0.015581 0.012915 0.011055 0.0099175 0.0089501 0.008086 0.0072681 0.0064428 0.0055594 0.004533 0.0034206 0.0023398 0.0013873 0.00064812 0.00020266 1.5002e-05 0 0 0 0 0 0 0 0 0 0 
407.5 0 0 0.0060819 0.011663 0.016302 0.026851 0.040463 0.054732 0.071806 0.0913 0.10881 0.12206 0.13277 0.14071 0.14561 0.14763 0.1442 0.13631 0.12772 0.1223 0.12206 0.1238 0.12706 0.13192 0.13836 0.14939 0.16416 0.17883 0.18963 0.19444 0.19585 0.19411 0.18928 0.18181 0.17109 0.15831 0.14592 0.13638 0.13085 0.1259 0.1211 0.11656 0.11249 0.10867 0.1048 0.10087 0.097055 0.09346 0.089956 0.086445 0.082942 0.079492 0.076156 0.072953 0.069819 0.06667 0.063407 0.059629 0.055564 0.051592 0.048027 0.045195 0.043192 0.041689 0.040313 0.038689 0.036553 0.034266 0.031963 0.02965 0.027308 0.024893 0.021962 0.018721 0.015581 0.012913 0.011053 0.0099173 0.0089496 0.0080842 0.0072645 0.0064379 0.0055544 0.0045293 0.0034188 0.0023398 0.0013886 0.00064964 0.00020295 1.3589e-05 0 0 0 0 0 0 0 0 0 0 
408 0 0 0.0060799 0.01166 0.016299 0.026843 0.04045 0.054714 0.07178 0.091268 0.10878 0.12202 0.13272 0.14066 0.14556 0.14758 0.14415 0.13627 0.12769 0.12226 0.12202 0.12376 0.12702 0.13187 0.13831 0.14932 0.16408 0.17873 0.18954 0.19437 0.1958 0.1941 0.18928 0.18182 0.17112 0.15836 0.14597 0.13641 0.13085 0.12588 0.12107 0.11651 0.11244 0.10863 0.10476 0.10083 0.097023 0.093433 0.089934 0.086429 0.082931 0.079486 0.076152 0.072952 0.06982 0.066672 0.063412 0.059632 0.055561 0.051582 0.048013 0.045182 0.043182 0.041683 0.040312 0.038693 0.036559 0.034273 0.031972 0.029661 0.027319 0.024904 0.02197 0.018725 0.015582 0.012911 0.011051 0.0099171 0.0089492 0.0080823 0.0072609 0.006433 0.0055494 0.0045256 0.003417 0.0023398 0.0013899 0.00065116 0.00020324 1.2175e-05 0 0 0 0 0 0 0 0 0 0 
408.5 0 0 0.0060778 0.011658 0.016295 0.026835 0.040438 0.054696 0.071754 0.091236 0.10875 0.12198 0.13267 0.14061 0.14552 0.14753 0.14411 0.13623 0.12766 0.12223 0.12199 0.12372 0.12698 0.13183 0.13826 0.14925 0.16399 0.17864 0.18945 0.19429 0.19575 0.19408 0.18928 0.18184 0.17115 0.1584 0.14601 0.13644 0.13085 0.12587 0.12103 0.11647 0.1124 0.10859 0.10472 0.1008 0.09699 0.093406 0.089913 0.086413 0.08292 0.079479 0.076149 0.072951 0.06982 0.066675 0.063417 0.059635 0.055558 0.051573 0.047999 0.045168 0.043171 0.041677 0.040311 0.038696 0.036565 0.034281 0.031981 0.029671 0.02733 0.024914 0.021979 0.01873 0.015582 0.012908 0.011049 0.0099168 0.0089488 0.0080805 0.0072573 0.0064282 0.0055445 0.004522 0.0034152 0.0023398 0.0013911 0.00065268 0.00020352 1.0762e-05 0 0 0 0 0 0 0 0 0 0 
409 0 0 0.0060746 0.011654 0.016289 0.026825 0.040422 0.054676 0.071729 0.091206 0.10871 0.12195 0.13264 0.14058 0.14549 0.14751 0.14409 0.13621 0.12764 0.12222 0.12197 0.1237 0.12696 0.1318 0.13823 0.14921 0.16394 0.17858 0.18939 0.19425 0.19572 0.19406 0.18928 0.18184 0.17117 0.15843 0.14604 0.13646 0.13087 0.12587 0.12103 0.11646 0.11238 0.10857 0.10471 0.10079 0.096986 0.093403 0.089912 0.086413 0.082922 0.079482 0.076152 0.072954 0.069824 0.06668 0.063422 0.059639 0.055558 0.051569 0.047993 0.045162 0.043166 0.041674 0.040311 0.038698 0.036568 0.034283 0.031983 0.029673 0.027333 0.024917 0.02198 0.01873 0.015581 0.012907 0.011048 0.0099182 0.0089499 0.0080801 0.0072551 0.0064244 0.0055403 0.0045189 0.0034139 0.0023402 0.0013925 0.00065407 0.0002037 9.3431e-06 0 0 0 0 0 0 0 0 0 0 
409.5 0 0 0.0060679 0.011644 0.016277 0.026807 0.0404 0.054652 0.071704 0.09118 0.10869 0.12193 0.13263 0.14059 0.14552 0.14755 0.14413 0.13625 0.12768 0.12225 0.12201 0.12374 0.127 0.13184 0.13827 0.14926 0.164 0.17864 0.18944 0.19428 0.19574 0.19407 0.18927 0.18183 0.17115 0.15842 0.14604 0.13648 0.13091 0.12592 0.12109 0.11653 0.11246 0.10866 0.1048 0.10087 0.097064 0.093473 0.089972 0.086463 0.082961 0.079511 0.076173 0.072972 0.06984 0.066692 0.06343 0.059645 0.055568 0.051584 0.048011 0.045177 0.043177 0.041681 0.040314 0.038696 0.03656 0.034271 0.031967 0.029655 0.027312 0.024894 0.021961 0.018717 0.015576 0.012909 0.011054 0.0099245 0.0089557 0.0080843 0.0072568 0.0064237 0.0055387 0.0045179 0.0034142 0.0023414 0.0013939 0.00065506 0.00020359 7.9089e-06 0 0 0 0 0 0 0 0 0 0 
410 0 0 0.0060613 0.011634 0.016265 0.026789 0.040378 0.054627 0.071679 0.091154 0.10866 0.12191 0.13263 0.14061 0.14555 0.14759 0.14418 0.1363 0.12772 0.12229 0.12204 0.12377 0.12704 0.13188 0.13831 0.14931 0.16406 0.1787 0.18949 0.19432 0.19576 0.19407 0.18927 0.18182 0.17114 0.1584 0.14604 0.1365 0.13095 0.12598 0.12116 0.11661 0.11255 0.10874 0.10488 0.10095 0.097143 0.093543 0.090032 0.086512 0.083001 0.07954 0.076195 0.072989 0.069855 0.066705 0.063437 0.059651 0.055578 0.051599 0.048028 0.045192 0.043188 0.041689 0.040317 0.038693 0.036552 0.034259 0.031951 0.029636 0.027291 0.024872 0.021941 0.018704 0.015571 0.012912 0.011061 0.0099307 0.0089614 0.0080884 0.0072585 0.006423 0.005537 0.0045168 0.0034146 0.0023427 0.0013953 0.00065604 0.00020347 6.4747e-06 0 0 0 0 0 0 0 0 0 0 
410.5 0 0 0.0060546 0.011624 0.016253 0.026771 0.040356 0.054602 0.071654 0.091129 0.10864 0.1219 0.13263 0.14062 0.14558 0.14763 0.14422 0.13634 0.12776 0.12233 0.12208 0.12381 0.12707 0.13192 0.13834 0.14936 0.16411 0.17876 0.18955 0.19436 0.19578 0.19407 0.18926 0.18181 0.17112 0.15839 0.14604 0.13653 0.13099 0.12603 0.12123 0.11669 0.11263 0.10882 0.10496 0.10104 0.097221 0.093613 0.090091 0.086562 0.08304 0.079569 0.076217 0.073007 0.06987 0.066717 0.063445 0.059657 0.055587 0.051614 0.048046 0.045207 0.0432 0.041696 0.040319 0.038691 0.036545 0.034246 0.031936 0.029617 0.02727 0.02485 0.021922 0.018691 0.015567 0.012914 0.011067 0.0099369 0.0089672 0.0080925 0.0072602 0.0064223 0.0055353 0.0045157 0.0034149 0.0023439 0.0013968 0.00065703 0.00020335 5.0405e-06 0 0 0 0 0 0 0 0 0 0 
411 0 0 0.0060535 0.011621 0.016248 0.026764 0.040346 0.054588 0.071635 0.091104 0.10861 0.12187 0.1326 0.1406 0.14556 0.14762 0.1442 0.13632 0.12774 0.12231 0.12206 0.12378 0.12704 0.13189 0.13831 0.14932 0.16409 0.17874 0.18953 0.19433 0.19575 0.19403 0.18921 0.18176 0.17107 0.15835 0.14601 0.13651 0.13098 0.12603 0.12122 0.11668 0.11263 0.10882 0.10496 0.10104 0.09723 0.093622 0.0901 0.086569 0.083045 0.079573 0.07622 0.07301 0.069873 0.06672 0.063447 0.05966 0.055591 0.051618 0.04805 0.04521 0.043202 0.041696 0.040318 0.038689 0.036541 0.034241 0.031931 0.029613 0.027267 0.024847 0.021918 0.018689 0.015567 0.012915 0.011069 0.0099383 0.0089688 0.0080944 0.007262 0.0064239 0.0055368 0.004517 0.0034158 0.0023443 0.0013965 0.00065641 0.00020317 5.4996e-06 0 0 0 0 0 0 0 0 0 0 
411.5 0 0 0.0060586 0.011625 0.016251 0.026768 0.040349 0.054586 0.071623 0.091081 0.10858 0.12183 0.13255 0.14053 0.14548 0.14753 0.14412 0.13624 0.12766 0.12222 0.12196 0.12368 0.12694 0.13178 0.13819 0.14921 0.16398 0.17865 0.18945 0.19424 0.19565 0.19394 0.18912 0.18167 0.17099 0.15829 0.14596 0.13646 0.13091 0.12595 0.12114 0.11659 0.11254 0.10874 0.10489 0.10097 0.097164 0.093565 0.090052 0.086529 0.083014 0.07955 0.076204 0.072998 0.069862 0.066711 0.063445 0.05966 0.055588 0.051609 0.048039 0.045202 0.043195 0.04169 0.040314 0.038687 0.036542 0.034244 0.031937 0.029624 0.027282 0.024863 0.021933 0.018699 0.015572 0.012916 0.011066 0.0099345 0.008966 0.0080938 0.0072641 0.0064281 0.0055416 0.0045208 0.0034175 0.0023437 0.0013942 0.00065406 0.00020291 8.002e-06 0 0 0 0 0 0 0 0 0 0 
412 0 0 0.0060637 0.011629 0.016254 0.026772 0.040352 0.054584 0.07161 0.091057 0.10854 0.12178 0.1325 0.14047 0.14541 0.14745 0.14404 0.13616 0.12758 0.12213 0.12187 0.12358 0.12683 0.13167 0.13808 0.14909 0.16388 0.17856 0.18936 0.19415 0.19556 0.19385 0.18902 0.18157 0.17091 0.15823 0.14591 0.1364 0.13085 0.12587 0.12105 0.1165 0.11245 0.10865 0.10481 0.1009 0.097098 0.093508 0.090004 0.08649 0.082982 0.079526 0.076188 0.072986 0.069851 0.066703 0.063442 0.05966 0.055585 0.051601 0.048028 0.045193 0.043188 0.041684 0.04031 0.038685 0.036542 0.034247 0.031944 0.029636 0.027298 0.02488 0.021947 0.018709 0.015577 0.012917 0.011063 0.0099307 0.0089631 0.0080933 0.0072662 0.0064322 0.0055465 0.0045246 0.0034192 0.002343 0.001392 0.00065171 0.00020265 1.0504e-05 0 0 0 0 0 0 0 0 0 0 
412.5 0 0 0.0060687 0.011633 0.016258 0.026776 0.040355 0.054582 0.071598 0.091034 0.10851 0.12174 0.13244 0.14041 0.14534 0.14737 0.14396 0.13607 0.1275 0.12205 0.12177 0.12348 0.12673 0.13156 0.13796 0.14898 0.16377 0.17847 0.18928 0.19406 0.19547 0.19375 0.18893 0.18147 0.17083 0.15816 0.14586 0.13635 0.13078 0.12579 0.12097 0.11641 0.11236 0.10857 0.10473 0.10083 0.097032 0.093451 0.089957 0.086451 0.08295 0.079503 0.076172 0.072974 0.069841 0.066695 0.06344 0.05966 0.055581 0.051593 0.048017 0.045184 0.043181 0.041678 0.040306 0.038683 0.036543 0.03425 0.03195 0.029647 0.027313 0.024897 0.021961 0.018718 0.015582 0.012918 0.01106 0.0099268 0.0089603 0.0080927 0.0072682 0.0064363 0.0055513 0.0045284 0.0034209 0.0023424 0.0013898 0.00064937 0.00020239 1.3007e-05 0 0 0 0 0 0 0 0 0 0 
413 0 0 0.0060675 0.011631 0.016256 0.026773 0.040352 0.05458 0.071597 0.091034 0.10851 0.12175 0.13246 0.14044 0.14538 0.14743 0.14401 0.13613 0.12755 0.1221 0.12182 0.12353 0.12678 0.13161 0.13801 0.14903 0.16382 0.17851 0.18931 0.19409 0.1955 0.19378 0.18894 0.18148 0.17083 0.15816 0.14585 0.13633 0.13075 0.12576 0.12092 0.11636 0.1123 0.10851 0.10467 0.10077 0.096972 0.093395 0.089905 0.086398 0.082895 0.07945 0.076127 0.072937 0.069811 0.06667 0.06342 0.059643 0.055565 0.051576 0.048001 0.045172 0.043173 0.041673 0.040303 0.038683 0.036547 0.034257 0.03196 0.029659 0.027327 0.024912 0.021973 0.018726 0.015584 0.012917 0.011059 0.0099262 0.0089598 0.0080917 0.0072667 0.0064344 0.0055494 0.0045268 0.0034197 0.0023417 0.0013896 0.00064941 0.00020229 1.2543e-05 0 0 0 0 0 0 0 0 0 0 
413.5 0 0 0.0060638 0.011628 0.016252 0.026767 0.040347 0.054578 0.071601 0.091044 0.10853 0.12178 0.13251 0.14051 0.14547 0.14753 0.14413 0.13624 0.12766 0.12221 0.12194 0.12365 0.1269 0.13173 0.13813 0.14914 0.16393 0.1786 0.18939 0.19418 0.19558 0.19385 0.18901 0.18154 0.17087 0.15819 0.14587 0.13634 0.13075 0.12574 0.12089 0.11632 0.11226 0.10847 0.10462 0.10071 0.096914 0.09334 0.089851 0.08634 0.082831 0.079385 0.076071 0.072891 0.069772 0.066638 0.063393 0.059619 0.055542 0.051555 0.047982 0.045159 0.043164 0.041669 0.040302 0.038685 0.036552 0.034265 0.03197 0.029672 0.027341 0.024926 0.021984 0.018732 0.015585 0.012915 0.011057 0.009927 0.0089602 0.0080906 0.0072636 0.00643 0.0055447 0.0045229 0.0034173 0.002341 0.0013902 0.00065043 0.00020225 1.0859e-05 0 0 0 0 0 0 0 0 0 0 
414 0 0 0.0060601 0.011624 0.016248 0.026761 0.040342 0.054577 0.071605 0.091054 0.10855 0.12181 0.13256 0.14058 0.14556 0.14764 0.14424 0.13635 0.12777 0.12232 0.12206 0.12377 0.12702 0.13185 0.13826 0.14926 0.16404 0.1787 0.18948 0.19426 0.19566 0.19392 0.18907 0.18159 0.17091 0.15821 0.14588 0.13634 0.13074 0.12572 0.12086 0.11628 0.11221 0.10842 0.10457 0.10065 0.096856 0.093285 0.089797 0.086282 0.082766 0.079321 0.076014 0.072845 0.069734 0.066606 0.063366 0.059595 0.05552 0.051534 0.047964 0.045146 0.043155 0.041664 0.040301 0.038687 0.036557 0.034273 0.031981 0.029685 0.027355 0.02494 0.021996 0.018738 0.015586 0.012912 0.011055 0.0099277 0.0089607 0.0080894 0.0072605 0.0064255 0.0055399 0.004519 0.0034149 0.0023403 0.0013908 0.00065146 0.0002022 9.1757e-06 0 0 0 0 0 0 0 0 0 0 
414.5 0 0 0.0060564 0.01162 0.016244 0.026755 0.040337 0.054576 0.07161 0.091064 0.10857 0.12184 0.13261 0.14065 0.14566 0.14775 0.14435 0.13647 0.12788 0.12243 0.12217 0.12389 0.12714 0.13197 0.13838 0.14938 0.16415 0.17879 0.18956 0.19434 0.19574 0.194 0.18914 0.18164 0.17095 0.15824 0.14589 0.13635 0.13074 0.1257 0.12083 0.11624 0.11217 0.10837 0.10451 0.1006 0.096798 0.09323 0.089743 0.086223 0.082701 0.079256 0.075958 0.072799 0.069696 0.066574 0.063339 0.059571 0.055498 0.051513 0.047946 0.045132 0.043147 0.041659 0.040299 0.038688 0.036562 0.034281 0.031992 0.029697 0.027369 0.024955 0.022007 0.018744 0.015587 0.01291 0.011054 0.0099285 0.0089611 0.0080882 0.0072575 0.0064211 0.0055352 0.0045151 0.0034125 0.0023396 0.0013914 0.00065248 0.00020216 7.4919e-06 0 0 0 0 0 0 0 0 0 0 
415 0 0 0.0060564 0.011617 0.016239 0.026749 0.040327 0.054561 0.071591 0.09104 0.10854 0.12181 0.13258 0.14061 0.14561 0.1477 0.14431 0.13642 0.12783 0.12238 0.12213 0.12385 0.12709 0.13192 0.13833 0.14933 0.1641 0.17875 0.18951 0.19427 0.19566 0.1939 0.18904 0.18154 0.17086 0.15817 0.14584 0.13631 0.1307 0.12567 0.1208 0.11622 0.11215 0.10836 0.10452 0.10061 0.096821 0.093254 0.089768 0.086248 0.082726 0.079279 0.075975 0.072808 0.069695 0.066565 0.063328 0.05957 0.05551 0.051536 0.047976 0.045161 0.043165 0.041662 0.040288 0.038668 0.036539 0.034258 0.031971 0.029682 0.027359 0.02495 0.022004 0.018743 0.015587 0.01291 0.011053 0.0099275 0.0089605 0.0080887 0.0072592 0.0064239 0.0055383 0.0045176 0.0034138 0.0023396 0.0013905 0.00065135 0.00020202 8.6402e-06 0 0 0 0 0 0 0 0 0 0 
415.5 0 0 0.0060566 0.011613 0.016234 0.026742 0.040316 0.054545 0.07157 0.091013 0.1085 0.12177 0.13253 0.14056 0.14556 0.14764 0.14425 0.13636 0.12777 0.12233 0.12207 0.12379 0.12704 0.13186 0.13826 0.14927 0.16404 0.17869 0.18945 0.19419 0.19556 0.1938 0.18893 0.18143 0.17076 0.15809 0.14579 0.13626 0.13066 0.12564 0.12077 0.11619 0.11214 0.10836 0.10453 0.10064 0.09685 0.093284 0.089799 0.086279 0.082757 0.079307 0.075998 0.072821 0.069697 0.066558 0.063319 0.05957 0.055524 0.051563 0.04801 0.045193 0.043185 0.041666 0.040277 0.038647 0.036515 0.034233 0.031948 0.029664 0.027348 0.024943 0.022001 0.018741 0.015587 0.012911 0.011053 0.0099265 0.0089599 0.0080892 0.0072612 0.0064271 0.0055419 0.0045206 0.0034154 0.0023396 0.0013894 0.00065007 0.00020187 9.9825e-06 0 0 0 0 0 0 0 0 0 0 
416 0 0 0.0060569 0.01161 0.016228 0.026736 0.040306 0.054529 0.071549 0.090986 0.10847 0.12173 0.13249 0.14051 0.1455 0.14759 0.14419 0.1363 0.12771 0.12227 0.12201 0.12373 0.12698 0.1318 0.1382 0.14921 0.16399 0.17864 0.18939 0.19412 0.19547 0.1937 0.18882 0.18133 0.17067 0.15802 0.14573 0.13622 0.13062 0.1256 0.12074 0.11617 0.11212 0.10836 0.10454 0.10066 0.096878 0.093314 0.089829 0.08631 0.082788 0.079336 0.076021 0.072834 0.069699 0.066551 0.06331 0.059571 0.055539 0.05159 0.048044 0.045225 0.043205 0.04167 0.040266 0.038625 0.03649 0.034208 0.031926 0.029647 0.027336 0.024937 0.021998 0.01874 0.015587 0.012912 0.011053 0.0099254 0.0089592 0.0080897 0.0072633 0.0064304 0.0055456 0.0045236 0.003417 0.0023397 0.0013883 0.00064878 0.00020172 1.1325e-05 0 0 0 0 0 0 0 0 0 0 
416.5 0 0 0.0060573 0.011607 0.016225 0.026731 0.040298 0.054517 0.071533 0.090965 0.10844 0.1217 0.13245 0.14047 0.14546 0.14754 0.14414 0.13625 0.12767 0.12223 0.12197 0.12368 0.12693 0.13175 0.13815 0.14916 0.16394 0.1786 0.18934 0.19406 0.1954 0.19362 0.18874 0.18125 0.1706 0.15797 0.14569 0.13619 0.13059 0.12558 0.12072 0.11615 0.11211 0.10836 0.10456 0.10068 0.096909 0.093345 0.08986 0.086341 0.082818 0.079363 0.076042 0.072847 0.069702 0.066547 0.063304 0.059572 0.05555 0.051609 0.048068 0.045246 0.043218 0.041674 0.040261 0.038613 0.036475 0.034191 0.031909 0.029633 0.027326 0.024929 0.021992 0.018737 0.015586 0.012912 0.011052 0.0099232 0.0089574 0.0080894 0.0072647 0.0064333 0.0055489 0.0045262 0.0034183 0.0023395 0.0013871 0.00064743 0.00020156 1.2727e-05 0 0 0 0 0 0 0 0 0 0 
417 0 0 0.0060589 0.01161 0.016227 0.026734 0.040302 0.054522 0.071537 0.090968 0.10845 0.12171 0.13247 0.1405 0.14549 0.14757 0.14417 0.13628 0.12769 0.12224 0.12198 0.12369 0.12693 0.13175 0.13815 0.14916 0.16395 0.17862 0.18937 0.1941 0.19546 0.19369 0.18881 0.18132 0.17068 0.15804 0.14576 0.13625 0.13063 0.1256 0.12073 0.11615 0.11211 0.10838 0.10459 0.10072 0.096952 0.093386 0.089895 0.086372 0.082842 0.07938 0.076052 0.072857 0.069716 0.066564 0.063317 0.059575 0.055542 0.051591 0.048041 0.045214 0.043197 0.041675 0.040285 0.03865 0.036509 0.034217 0.031926 0.02964 0.027322 0.024916 0.021976 0.018724 0.015579 0.012908 0.011048 0.0099154 0.0089502 0.0080848 0.0072632 0.0064342 0.0055507 0.0045275 0.0034185 0.0023385 0.0013853 0.0006457 0.00020132 1.4437e-05 0 0 0 0 0 0 0 0 0 0 
417.5 0 0 0.0060605 0.011612 0.01623 0.026737 0.040307 0.054528 0.071541 0.090972 0.10845 0.12172 0.13249 0.14052 0.14551 0.1476 0.14421 0.13631 0.12771 0.12226 0.12199 0.12369 0.12693 0.13175 0.13814 0.14916 0.16396 0.17864 0.1894 0.19414 0.19551 0.19375 0.18889 0.1814 0.17075 0.15811 0.14582 0.1363 0.13067 0.12562 0.12074 0.11615 0.11212 0.1084 0.10462 0.10076 0.096995 0.093426 0.089931 0.086402 0.082867 0.079397 0.076063 0.072867 0.069729 0.06658 0.06333 0.059578 0.055534 0.051574 0.048014 0.045181 0.043176 0.041676 0.040308 0.038687 0.036542 0.034242 0.031942 0.029646 0.027318 0.024902 0.02196 0.018711 0.015571 0.012904 0.011043 0.0099075 0.0089429 0.0080802 0.0072617 0.006435 0.0055524 0.0045287 0.0034187 0.0023375 0.0013835 0.00064397 0.00020109 1.6147e-05 0 0 0 0 0 0 0 0 0 0 
418 0 0 0.0060621 0.011615 0.016233 0.026739 0.040311 0.054533 0.071546 0.090975 0.10846 0.12173 0.13251 0.14055 0.14554 0.14763 0.14424 0.13634 0.12774 0.12228 0.122 0.1237 0.12693 0.13174 0.13814 0.14917 0.16397 0.17866 0.18943 0.19418 0.19556 0.19382 0.18897 0.18148 0.17082 0.15818 0.14589 0.13636 0.13071 0.12564 0.12074 0.11615 0.11213 0.10842 0.10465 0.1008 0.097038 0.093466 0.089966 0.086433 0.082892 0.079414 0.076073 0.072876 0.069743 0.066596 0.063344 0.059581 0.055526 0.051556 0.047987 0.045149 0.043155 0.041677 0.040332 0.038724 0.036576 0.034268 0.031958 0.029652 0.027314 0.024888 0.021944 0.018698 0.015564 0.012901 0.011039 0.0098997 0.0089356 0.0080755 0.0072602 0.0064359 0.0055542 0.0045299 0.0034189 0.0023366 0.0013817 0.00064224 0.00020085 1.7857e-05 0 0 0 0 0 0 0 0 0 0 
418.5 0 0 0.0060627 0.011615 0.016232 0.026738 0.04031 0.054531 0.071541 0.090968 0.10845 0.12173 0.13251 0.14055 0.14554 0.14764 0.14425 0.13635 0.12774 0.12227 0.12199 0.12369 0.12691 0.13173 0.13812 0.14915 0.16397 0.17866 0.18945 0.19421 0.1956 0.19387 0.18902 0.18154 0.17088 0.15822 0.14593 0.1364 0.13075 0.12567 0.12077 0.11617 0.11215 0.10843 0.10467 0.10082 0.097052 0.09348 0.089979 0.086445 0.082903 0.079423 0.076078 0.072879 0.069744 0.066596 0.06334 0.059576 0.055522 0.051554 0.047985 0.045142 0.043152 0.041683 0.040349 0.038746 0.036595 0.034282 0.031967 0.029655 0.027311 0.02488 0.021934 0.018691 0.015559 0.012899 0.011038 0.0098979 0.0089337 0.0080736 0.0072582 0.006434 0.0055524 0.0045286 0.0034183 0.0023366 0.001382 0.00064263 0.0002009 1.7458e-05 0 0 0 0 0 0 0 0 0 0 
419 0 0 0.0060617 0.011612 0.016227 0.02673 0.040299 0.054516 0.071522 0.090945 0.10842 0.1217 0.13248 0.14052 0.14551 0.14761 0.14422 0.13632 0.12771 0.12224 0.12196 0.12365 0.12688 0.13169 0.13809 0.14912 0.16394 0.17864 0.18944 0.1942 0.19561 0.19389 0.18905 0.18157 0.1709 0.15824 0.14594 0.13641 0.13078 0.12572 0.12082 0.11622 0.11218 0.10845 0.10466 0.10079 0.097022 0.093452 0.089958 0.086428 0.082891 0.079418 0.076076 0.072871 0.069726 0.066569 0.063309 0.059556 0.055523 0.051577 0.048021 0.045176 0.043176 0.041697 0.040353 0.038745 0.036593 0.034279 0.031965 0.029653 0.02731 0.024881 0.021935 0.018691 0.015559 0.0129 0.011042 0.0099057 0.00894 0.0080757 0.0072555 0.0064277 0.0055451 0.0045234 0.0034165 0.0023381 0.0013857 0.00064631 0.00020138 1.3778e-05 0 0 0 0 0 0 0 0 0 0 
419.5 0 0 0.0060607 0.011608 0.016221 0.026723 0.040289 0.054502 0.071503 0.090922 0.1084 0.12167 0.13245 0.14049 0.14548 0.14758 0.14419 0.1363 0.12768 0.12221 0.12192 0.12362 0.12685 0.13166 0.13806 0.14909 0.16392 0.17862 0.18942 0.1942 0.19562 0.19391 0.18908 0.1816 0.17093 0.15826 0.14596 0.13643 0.13081 0.12576 0.12087 0.11627 0.11221 0.10846 0.10466 0.10077 0.096991 0.093424 0.089936 0.086412 0.08288 0.079413 0.076074 0.072862 0.069708 0.066542 0.063279 0.059536 0.055524 0.0516 0.048057 0.04521 0.043201 0.041711 0.040358 0.038744 0.036591 0.034277 0.031962 0.029651 0.027309 0.024881 0.021936 0.018692 0.01556 0.012902 0.011047 0.0099135 0.0089463 0.0080779 0.0072529 0.0064213 0.0055378 0.0045181 0.0034147 0.0023397 0.0013894 0.00064999 0.00020187 1.0097e-05 0 0 0 0 0 0 0 0 0 0 
420 0 0 0.0060597 0.011604 0.016216 0.026715 0.040278 0.054487 0.071485 0.090898 0.10837 0.12164 0.13242 0.14046 0.14545 0.14755 0.14417 0.13627 0.12765 0.12218 0.12189 0.12358 0.12681 0.13163 0.13803 0.14906 0.16389 0.17861 0.18941 0.1942 0.19563 0.19393 0.1891 0.18163 0.17096 0.15828 0.14597 0.13644 0.13083 0.12581 0.12092 0.11631 0.11225 0.10848 0.10466 0.10075 0.09696 0.093397 0.089914 0.086395 0.082869 0.079409 0.076071 0.072853 0.069689 0.066515 0.063248 0.059517 0.055526 0.051623 0.048094 0.045243 0.043225 0.041725 0.040363 0.038743 0.036588 0.034274 0.031959 0.029649 0.027309 0.024882 0.021937 0.018692 0.01556 0.012903 0.011051 0.0099213 0.0089526 0.00808 0.0072502 0.006415 0.0055305 0.0045129 0.0034129 0.0023413 0.0013931 0.00065367 0.00020236 6.4165e-06 0 0 0 0 0 0 0 0 0 0 
420.5 0 0 0.0060541 0.011597 0.016206 0.0267 0.040261 0.054469 0.071466 0.09088 0.10835 0.12163 0.13242 0.14047 0.14547 0.14758 0.14419 0.1363 0.12768 0.1222 0.12192 0.12361 0.12684 0.13166 0.13806 0.1491 0.16392 0.17863 0.18943 0.19422 0.19565 0.19395 0.18913 0.18165 0.17098 0.1583 0.14599 0.13647 0.13087 0.12584 0.12097 0.11636 0.11229 0.1085 0.10466 0.10075 0.096951 0.093386 0.089903 0.086386 0.082862 0.079406 0.076072 0.072857 0.069695 0.066522 0.063257 0.059525 0.055532 0.051629 0.0481 0.045252 0.043231 0.041725 0.040357 0.038732 0.036577 0.034264 0.031951 0.029645 0.027307 0.024883 0.021939 0.018694 0.015562 0.012905 0.011054 0.0099242 0.0089553 0.008082 0.0072514 0.0064156 0.0055307 0.0045131 0.0034132 0.0023415 0.0013934 0.00065389 0.00020233 6.0608e-06 0 0 0 0 0 0 0 0 0 0 
421 0 0 0.0060454 0.011586 0.016193 0.02668 0.04024 0.05445 0.071448 0.090866 0.10835 0.12163 0.13244 0.1405 0.14551 0.14763 0.14426 0.13636 0.12773 0.12226 0.12198 0.12368 0.12691 0.13173 0.13814 0.14917 0.16398 0.17867 0.18946 0.19424 0.19567 0.19397 0.18914 0.18167 0.171 0.15833 0.14602 0.13651 0.13091 0.12588 0.12101 0.11641 0.11234 0.10853 0.10468 0.10075 0.096955 0.093387 0.0899 0.086381 0.082858 0.079404 0.076075 0.072868 0.069716 0.066551 0.06329 0.05955 0.055542 0.051623 0.048087 0.045245 0.043226 0.041717 0.040343 0.038715 0.036561 0.034249 0.03194 0.029638 0.027304 0.024883 0.021941 0.018696 0.015564 0.012907 0.011055 0.0099241 0.0089557 0.0080839 0.007255 0.0064204 0.0055356 0.0045167 0.0034146 0.002341 0.0013916 0.00065197 0.00020197 7.7647e-06 0 0 0 0 0 0 0 0 0 0 
421.5 0 0 0.0060368 0.011575 0.01618 0.026661 0.040218 0.05443 0.071431 0.090851 0.10834 0.12163 0.13245 0.14053 0.14556 0.14769 0.14432 0.13642 0.12779 0.12232 0.12204 0.12375 0.12699 0.13181 0.13821 0.14924 0.16404 0.17872 0.1895 0.19427 0.1957 0.19399 0.18916 0.18169 0.17102 0.15835 0.14606 0.13655 0.13095 0.12591 0.12105 0.11646 0.11238 0.10856 0.10469 0.10076 0.096959 0.093387 0.089897 0.086377 0.082854 0.079401 0.076078 0.072879 0.069737 0.06658 0.063324 0.059576 0.055552 0.051618 0.048074 0.045237 0.043221 0.041708 0.04033 0.038698 0.036544 0.034234 0.031929 0.029631 0.027302 0.024884 0.021943 0.018699 0.015566 0.012909 0.011056 0.009924 0.0089561 0.0080858 0.0072586 0.0064252 0.0055406 0.0045202 0.0034161 0.0023405 0.0013898 0.00065004 0.00020162 9.4686e-06 0 0 0 0 0 0 0 0 0 0 
422 0 0 0.0060282 0.011565 0.016166 0.026641 0.040197 0.054411 0.071413 0.090836 0.10833 0.12164 0.13246 0.14056 0.1456 0.14775 0.14438 0.13648 0.12784 0.12237 0.12211 0.12382 0.12706 0.13188 0.13829 0.14931 0.16411 0.17877 0.18953 0.1943 0.19572 0.19401 0.18918 0.18171 0.17104 0.15838 0.14609 0.13659 0.13099 0.12595 0.12109 0.11651 0.11243 0.10859 0.10471 0.10077 0.096964 0.093388 0.089894 0.086372 0.082851 0.079399 0.07608 0.072891 0.069757 0.066609 0.063357 0.059602 0.055562 0.051612 0.048061 0.04523 0.043215 0.0417 0.040317 0.038682 0.036527 0.03422 0.031917 0.029624 0.0273 0.024885 0.021944 0.018701 0.015569 0.012911 0.011057 0.0099238 0.0089565 0.0080877 0.0072622 0.00643 0.0055455 0.0045238 0.0034175 0.0023399 0.001388 0.00064811 0.00020127 1.1173e-05 0 0 0 0 0 0 0 0 0 0 
422.5 0 0 0.0060281 0.011564 0.016164 0.026634 0.040186 0.054393 0.071385 0.090798 0.10828 0.12159 0.13241 0.1405 0.14554 0.14769 0.14433 0.13643 0.12779 0.12232 0.12204 0.12374 0.12698 0.13179 0.13819 0.1492 0.16397 0.17863 0.1894 0.19419 0.19564 0.19397 0.18916 0.1817 0.17103 0.15835 0.14604 0.13653 0.13094 0.12592 0.12107 0.11651 0.11243 0.10859 0.1047 0.10076 0.096951 0.093374 0.089882 0.086363 0.082844 0.079395 0.076077 0.072889 0.069759 0.066613 0.063363 0.059609 0.055568 0.051618 0.048067 0.045238 0.043221 0.041701 0.040313 0.038675 0.036521 0.034214 0.031914 0.029622 0.0273 0.024886 0.021945 0.0187 0.015566 0.012907 0.011053 0.0099211 0.0089541 0.0080856 0.0072603 0.0064282 0.0055438 0.0045222 0.0034161 0.0023388 0.0013871 0.00064752 0.00020109 1.1269e-05 0 0 0 0 0 0 0 0 0 0 
423 0 0 0.0060296 0.011565 0.016163 0.02663 0.040176 0.054375 0.071355 0.090755 0.10823 0.12153 0.13235 0.14043 0.14547 0.14761 0.14425 0.13636 0.12772 0.12224 0.12195 0.12364 0.12687 0.13167 0.13806 0.14905 0.16381 0.17846 0.18924 0.19406 0.19555 0.1939 0.18913 0.18169 0.17102 0.15832 0.14598 0.13645 0.13088 0.12588 0.12105 0.1165 0.11242 0.10858 0.10469 0.10075 0.096934 0.093357 0.089867 0.086352 0.082836 0.079389 0.076073 0.072886 0.069757 0.066613 0.063364 0.059612 0.055574 0.051625 0.048077 0.045249 0.043229 0.041704 0.040311 0.03867 0.036516 0.034211 0.031911 0.029621 0.0273 0.024887 0.021945 0.018698 0.015563 0.012902 0.011049 0.0099178 0.0089513 0.0080829 0.0072574 0.0064252 0.0055409 0.0045197 0.0034142 0.0023375 0.0013863 0.00064719 0.00020094 1.1069e-05 0 0 0 0 0 0 0 0 0 0 
423.5 0 0 0.0060311 0.011566 0.016163 0.026626 0.040167 0.054358 0.071325 0.090713 0.10818 0.12147 0.13228 0.14036 0.14539 0.14753 0.14418 0.13629 0.12765 0.12216 0.12186 0.12355 0.12676 0.13155 0.13793 0.1489 0.16364 0.17829 0.18909 0.19393 0.19545 0.19384 0.18909 0.18168 0.17101 0.15829 0.14592 0.13638 0.13082 0.12584 0.12103 0.11649 0.11241 0.10857 0.10468 0.10073 0.096918 0.093341 0.089853 0.086341 0.082828 0.079384 0.076069 0.072883 0.069755 0.066612 0.063365 0.059615 0.055579 0.051633 0.048086 0.045259 0.043237 0.041707 0.040309 0.038665 0.036511 0.034207 0.031909 0.02962 0.0273 0.024888 0.021945 0.018697 0.015559 0.012898 0.011045 0.0099145 0.0089485 0.0080801 0.0072545 0.0064222 0.005538 0.0045172 0.0034123 0.0023362 0.0013856 0.00064685 0.00020079 1.0869e-05 0 0 0 0 0 0 0 0 0 0 
424 0 0 0.0060327 0.011567 0.016163 0.026623 0.040159 0.054343 0.071299 0.090674 0.10813 0.12142 0.13222 0.14029 0.14532 0.14746 0.14411 0.13622 0.12759 0.12209 0.12178 0.12345 0.12666 0.13144 0.13781 0.14876 0.16349 0.17813 0.18893 0.19381 0.19535 0.19378 0.18905 0.18165 0.17099 0.15825 0.14586 0.13631 0.13076 0.12581 0.12101 0.11647 0.1124 0.10855 0.10466 0.10071 0.096889 0.093314 0.089831 0.086324 0.082818 0.079378 0.076064 0.072878 0.069751 0.066609 0.063364 0.059617 0.055584 0.051641 0.048097 0.04527 0.043245 0.041711 0.040308 0.03866 0.036507 0.034203 0.031906 0.029618 0.027299 0.024888 0.021945 0.018695 0.015556 0.012893 0.01104 0.0099112 0.0089456 0.0080773 0.0072516 0.0064193 0.0055352 0.0045148 0.0034105 0.002335 0.0013849 0.00064653 0.00020065 1.0663e-05 0 0 0 0 0 0 0 0 0 0 
424.5 0 0 0.0060364 0.011574 0.016172 0.026634 0.040173 0.054356 0.071313 0.090687 0.10814 0.12143 0.13223 0.14031 0.14533 0.14747 0.14411 0.13622 0.12759 0.12209 0.12178 0.12346 0.12666 0.13144 0.13781 0.14875 0.16346 0.17807 0.18884 0.19367 0.19519 0.1936 0.18887 0.18147 0.17084 0.15817 0.14585 0.13633 0.13075 0.12576 0.12092 0.11636 0.11227 0.10839 0.10447 0.10051 0.096701 0.093157 0.089705 0.086235 0.082768 0.079359 0.076056 0.072864 0.069724 0.066573 0.063331 0.059597 0.055581 0.051654 0.048118 0.045289 0.043258 0.041719 0.040312 0.038661 0.036505 0.034198 0.031898 0.029608 0.027287 0.024875 0.021933 0.018685 0.015549 0.012889 0.011037 0.0099074 0.0089417 0.0080736 0.0072484 0.0064166 0.005533 0.0045131 0.0034094 0.0023344 0.0013847 0.00064656 0.00020058 1.0394e-05 0 0 0 0 0 0 0 0 0 0 
425 0 0 0.0060401 0.011582 0.016181 0.026646 0.040186 0.05437 0.071326 0.090699 0.10816 0.12144 0.13225 0.14032 0.14534 0.14747 0.14412 0.13622 0.12758 0.12209 0.12179 0.12346 0.12667 0.13144 0.1378 0.14874 0.16343 0.17801 0.18874 0.19354 0.19503 0.19342 0.18868 0.18128 0.17069 0.15809 0.14584 0.13635 0.13074 0.12571 0.12084 0.11625 0.11213 0.10823 0.10428 0.10031 0.096513 0.092999 0.089578 0.086146 0.082717 0.079339 0.076049 0.072849 0.069696 0.066537 0.063298 0.059576 0.055578 0.051667 0.048139 0.045307 0.043272 0.041727 0.040315 0.038661 0.036502 0.034193 0.031891 0.029598 0.027275 0.024862 0.02192 0.018676 0.015543 0.012885 0.011033 0.0099035 0.0089378 0.00807 0.0072452 0.0064139 0.0055308 0.0045115 0.0034083 0.0023339 0.0013846 0.00064659 0.00020051 1.0124e-05 0 0 0 0 0 0 0 0 0 0 
425.5 0 0 0.0060437 0.011589 0.016191 0.026657 0.040199 0.054384 0.07134 0.090712 0.10817 0.12145 0.13226 0.14033 0.14535 0.14748 0.14412 0.13622 0.12758 0.12209 0.12179 0.12347 0.12667 0.13145 0.1378 0.14873 0.1634 0.17795 0.18864 0.19341 0.19488 0.19325 0.1885 0.1811 0.17054 0.15801 0.14583 0.13637 0.13073 0.12566 0.12076 0.11614 0.112 0.10807 0.10409 0.10011 0.096325 0.092841 0.089452 0.086057 0.082667 0.07932 0.076041 0.072834 0.069669 0.066501 0.063265 0.059556 0.055575 0.051679 0.04816 0.045326 0.043285 0.041735 0.040319 0.038661 0.0365 0.034188 0.031883 0.029588 0.027262 0.024848 0.021908 0.018666 0.015536 0.012881 0.01103 0.0098997 0.008934 0.0080663 0.007242 0.0064112 0.0055286 0.0045098 0.0034073 0.0023334 0.0013844 0.00064662 0.00020044 9.8542e-06 0 0 0 0 0 0 0 0 0 0 
426 0 0 0.0060491 0.011598 0.016202 0.02667 0.040214 0.054398 0.07135 0.090717 0.10817 0.12145 0.13226 0.14032 0.14534 0.14747 0.1441 0.1362 0.12756 0.12207 0.12177 0.12345 0.12665 0.13142 0.13777 0.1487 0.16335 0.17789 0.18855 0.1933 0.19475 0.19311 0.18835 0.18095 0.1704 0.15791 0.14577 0.13632 0.13067 0.12556 0.12065 0.11602 0.11187 0.10793 0.10395 0.099965 0.096187 0.092716 0.08934 0.085962 0.082593 0.079261 0.075988 0.072782 0.069617 0.06645 0.063219 0.059519 0.05555 0.051666 0.048155 0.045322 0.04328 0.041729 0.040311 0.038652 0.036491 0.034179 0.031873 0.029578 0.027252 0.024838 0.021899 0.018659 0.015531 0.012877 0.011026 0.0098965 0.0089311 0.0080637 0.0072396 0.0064091 0.0055268 0.0045085 0.0034063 0.0023327 0.0013841 0.00064641 0.00020034 9.7968e-06 0 0 0 0 0 0 0 0 0 0 
426.5 0 0 0.0060583 0.011611 0.016217 0.026688 0.040231 0.054409 0.071351 0.090706 0.10815 0.12143 0.13222 0.14028 0.14528 0.14741 0.14404 0.13613 0.12749 0.122 0.1217 0.12337 0.12657 0.13134 0.13769 0.14861 0.16327 0.17782 0.1885 0.19325 0.19471 0.19307 0.1883 0.18089 0.17031 0.15777 0.14558 0.13611 0.13046 0.12538 0.12048 0.11587 0.11175 0.10784 0.10389 0.099939 0.096163 0.092666 0.08926 0.085855 0.082461 0.079108 0.075831 0.072643 0.069506 0.066364 0.063142 0.059444 0.055475 0.051593 0.048088 0.045266 0.043233 0.041688 0.040276 0.038623 0.036467 0.034161 0.03186 0.029569 0.027247 0.024836 0.021899 0.018657 0.015528 0.012874 0.011024 0.0098949 0.0089305 0.0080635 0.0072393 0.0064083 0.0055259 0.0045077 0.0034057 0.002332 0.0013832 0.00064564 0.00020017 1.0233e-05 0 0 0 0 0 0 0 0 0 0 
427 0 0 0.0060674 0.011625 0.016233 0.026706 0.040249 0.054421 0.071352 0.090694 0.10813 0.1214 0.13218 0.14023 0.14523 0.14734 0.14397 0.13607 0.12743 0.12193 0.12162 0.12329 0.12648 0.13126 0.1376 0.14853 0.16319 0.17775 0.18844 0.19321 0.19467 0.19302 0.18825 0.18082 0.17022 0.15763 0.1454 0.1359 0.13026 0.12519 0.1203 0.11572 0.11162 0.10775 0.10384 0.099912 0.09614 0.092616 0.08918 0.085748 0.08233 0.078955 0.075673 0.072503 0.069396 0.066279 0.063066 0.059368 0.055399 0.05152 0.048021 0.04521 0.043186 0.041648 0.040242 0.038593 0.036443 0.034142 0.031846 0.029559 0.027242 0.024834 0.021898 0.018656 0.015526 0.01287 0.011021 0.0098934 0.0089299 0.0080633 0.0072389 0.0064076 0.0055251 0.0045069 0.003405 0.0023312 0.0013823 0.00064487 0.0002 1.0668e-05 0 0 0 0 0 0 0 0 0 0 
427.5 0 0 0.0060766 0.011638 0.016248 0.026724 0.040266 0.054433 0.071354 0.090683 0.10811 0.12137 0.13214 0.14018 0.14517 0.14728 0.14391 0.136 0.12736 0.12186 0.12155 0.12321 0.1264 0.13117 0.13752 0.14844 0.16311 0.17768 0.18838 0.19316 0.19462 0.19297 0.18819 0.18076 0.17013 0.15749 0.14521 0.1357 0.13006 0.125 0.12013 0.11557 0.1115 0.10766 0.10379 0.099886 0.096116 0.092566 0.0891 0.085641 0.082198 0.078802 0.075515 0.072364 0.069285 0.066193 0.06299 0.059293 0.055324 0.051447 0.047954 0.045155 0.04314 0.041608 0.040207 0.038563 0.036419 0.034124 0.031833 0.02955 0.027237 0.024832 0.021897 0.018654 0.015523 0.012867 0.011018 0.0098919 0.0089294 0.0080631 0.0072386 0.0064069 0.0055243 0.0045061 0.0034043 0.0023304 0.0013814 0.00064411 0.00019982 1.1104e-05 0 0 0 0 0 0 0 0 0 0 
428 0 0 0.0060722 0.011629 0.016236 0.026711 0.040254 0.054422 0.071347 0.090682 0.10811 0.12138 0.13217 0.14022 0.14522 0.14734 0.14398 0.13607 0.12743 0.12193 0.12162 0.12329 0.12648 0.13126 0.13762 0.14856 0.16325 0.17784 0.18856 0.19335 0.1948 0.19314 0.18835 0.1809 0.17024 0.15757 0.14526 0.13573 0.1301 0.12505 0.12019 0.11563 0.11157 0.10774 0.10387 0.099979 0.096206 0.09264 0.089159 0.085685 0.082229 0.078821 0.075528 0.072379 0.069305 0.066218 0.063013 0.05931 0.055335 0.051455 0.04796 0.04516 0.043143 0.04161 0.040209 0.038565 0.036422 0.034126 0.031835 0.029553 0.02724 0.024836 0.021899 0.018656 0.015522 0.012865 0.011016 0.009891 0.0089289 0.0080625 0.0072375 0.0064054 0.0055227 0.0045048 0.0034034 0.00233 0.0013812 0.00064412 0.00019978 1.0879e-05 0 0 0 0 0 0 0 0 0 0 
428.5 0 0 0.0060556 0.0116 0.016199 0.026669 0.040214 0.054392 0.071333 0.090691 0.10814 0.12143 0.13225 0.14033 0.14537 0.14752 0.14416 0.13625 0.12761 0.12211 0.12182 0.1235 0.12671 0.13151 0.13789 0.14886 0.16358 0.1782 0.18895 0.19374 0.19519 0.1935 0.18868 0.18122 0.17053 0.15783 0.1455 0.13597 0.13036 0.12531 0.12045 0.11589 0.11182 0.10797 0.10409 0.10018 0.096396 0.092826 0.089342 0.085865 0.082406 0.078994 0.075693 0.072531 0.069443 0.066342 0.063124 0.059409 0.055424 0.051535 0.048031 0.045219 0.04319 0.041649 0.040243 0.038596 0.036448 0.034147 0.031852 0.029567 0.027252 0.024845 0.021906 0.018659 0.015523 0.012864 0.011016 0.0098908 0.0089284 0.0080615 0.0072359 0.0064033 0.0055206 0.0045031 0.0034024 0.0023299 0.0013818 0.00064482 0.00019984 1.0064e-05 0 0 0 0 0 0 0 0 0 0 
429 0 0 0.0060391 0.01157 0.016163 0.026626 0.040174 0.054362 0.071319 0.090699 0.10817 0.12149 0.13233 0.14045 0.14552 0.14769 0.14435 0.13644 0.1278 0.1223 0.12202 0.12371 0.12694 0.13175 0.13815 0.14916 0.16392 0.17857 0.18934 0.19414 0.19557 0.19386 0.18902 0.18153 0.17082 0.1581 0.14575 0.13622 0.13061 0.12557 0.12072 0.11615 0.11207 0.10821 0.10431 0.10038 0.096587 0.093012 0.089525 0.086044 0.082582 0.079166 0.075858 0.072684 0.069581 0.066465 0.063236 0.059508 0.055513 0.051615 0.048101 0.045279 0.043238 0.041688 0.040278 0.038627 0.036474 0.034168 0.031869 0.029581 0.027263 0.024854 0.021912 0.018663 0.015524 0.012864 0.011015 0.0098906 0.0089279 0.0080604 0.0072343 0.0064013 0.0055184 0.0045013 0.0034014 0.0023298 0.0013824 0.00064553 0.0001999 9.2484e-06 0 0 0 0 0 0 0 0 0 0 
429.5 0 0 0.0060225 0.011541 0.016126 0.026584 0.040134 0.054332 0.071306 0.090708 0.1082 0.12154 0.13241 0.14056 0.14567 0.14787 0.14453 0.13662 0.12798 0.12249 0.12222 0.12393 0.12717 0.132 0.13842 0.14945 0.16425 0.17893 0.18974 0.19454 0.19595 0.19421 0.18936 0.18185 0.17111 0.15836 0.146 0.13646 0.13086 0.12583 0.12098 0.11642 0.11232 0.10844 0.10452 0.10058 0.096777 0.093198 0.089708 0.086224 0.082758 0.079339 0.076023 0.072837 0.069719 0.066588 0.063347 0.059608 0.055602 0.051695 0.048172 0.045338 0.043286 0.041728 0.040313 0.038658 0.0365 0.034189 0.031886 0.029595 0.027274 0.024863 0.021918 0.018666 0.015526 0.012864 0.011015 0.0098904 0.0089275 0.0080594 0.0072326 0.0063992 0.0055162 0.0044995 0.0034004 0.0023297 0.0013829 0.00064623 0.00019997 8.433e-06 0 0 0 0 0 0 0 0 0 0 
430 0 0 0.0060099 0.011525 0.016106 0.026552 0.040092 0.054283 0.071249 0.090644 0.10814 0.12147 0.13235 0.1405 0.14561 0.14781 0.14449 0.13659 0.12795 0.12246 0.12219 0.1239 0.12714 0.13196 0.13838 0.1494 0.16419 0.17886 0.18966 0.19448 0.1959 0.19419 0.18935 0.18185 0.17113 0.15838 0.14603 0.13649 0.13088 0.12585 0.12099 0.11643 0.11234 0.10848 0.10457 0.10063 0.096832 0.093251 0.089758 0.08627 0.082799 0.079372 0.076048 0.072857 0.069739 0.066608 0.063364 0.059617 0.055601 0.051685 0.048154 0.045317 0.043266 0.041716 0.04031 0.038661 0.036505 0.034195 0.031891 0.029597 0.027275 0.024863 0.021921 0.018671 0.015532 0.012869 0.011019 0.0098926 0.0089294 0.008062 0.0072363 0.0064037 0.0055208 0.0045031 0.0034025 0.0023303 0.0013826 0.00064556 0.00019988 9.2809e-06 0 0 0 0 0 0 0 0 0 0 
430.5 0 0 0.0059985 0.011514 0.016092 0.026523 0.040048 0.054228 0.071179 0.090558 0.10804 0.12136 0.13223 0.14037 0.14547 0.14768 0.14437 0.13649 0.12785 0.12236 0.12209 0.12379 0.12702 0.13184 0.13824 0.14924 0.16399 0.17864 0.18944 0.19427 0.19572 0.19404 0.18922 0.18175 0.17105 0.15833 0.14598 0.13644 0.13083 0.12578 0.12093 0.11637 0.1123 0.10845 0.10456 0.10064 0.096844 0.093261 0.089764 0.086273 0.082796 0.07936 0.076028 0.072835 0.06972 0.066593 0.06335 0.059597 0.055571 0.051646 0.048108 0.045269 0.043225 0.041687 0.040294 0.038656 0.036504 0.034195 0.031891 0.029596 0.027272 0.024861 0.021923 0.018677 0.015539 0.012877 0.011024 0.0098956 0.0089321 0.0080658 0.0072417 0.0064105 0.0055275 0.0045084 0.0034055 0.0023312 0.001382 0.00064444 0.00019974 1.0667e-05 0 0 0 0 0 0 0 0 0 0 
431 0 0 0.0059872 0.011502 0.016078 0.026493 0.040005 0.054173 0.071109 0.090471 0.10794 0.12126 0.13212 0.14025 0.14534 0.14755 0.14425 0.13638 0.12775 0.12226 0.12199 0.12368 0.12691 0.13172 0.13811 0.14908 0.1638 0.17843 0.18922 0.19406 0.19554 0.19389 0.1891 0.18165 0.17097 0.15827 0.14593 0.13639 0.13077 0.12572 0.12087 0.11631 0.11225 0.10842 0.10455 0.10065 0.096856 0.09327 0.089771 0.086276 0.082793 0.079348 0.076007 0.072813 0.069702 0.066579 0.063335 0.059577 0.055542 0.051607 0.048061 0.045221 0.043184 0.041658 0.040278 0.03865 0.036502 0.034196 0.031892 0.029594 0.027269 0.024859 0.021925 0.018683 0.015547 0.012885 0.01103 0.0098986 0.0089348 0.0080696 0.0072471 0.0064172 0.0055343 0.0045136 0.0034085 0.002332 0.0013813 0.00064332 0.0001996 1.2054e-05 0 0 0 0 0 0 0 0 0 0 
431.5 0 0 0.0059759 0.011491 0.016063 0.026464 0.039962 0.054118 0.071038 0.090384 0.10784 0.12115 0.132 0.14013 0.14521 0.14742 0.14414 0.13628 0.12766 0.12216 0.12188 0.12358 0.12679 0.13159 0.13798 0.14892 0.16361 0.17822 0.189 0.19386 0.19536 0.19374 0.18898 0.18155 0.1709 0.15821 0.14588 0.13634 0.13071 0.12566 0.12081 0.11625 0.1122 0.10839 0.10455 0.10065 0.096867 0.09328 0.089778 0.086279 0.082791 0.079336 0.075987 0.072791 0.069684 0.066565 0.063321 0.059557 0.055512 0.051567 0.048015 0.045173 0.043143 0.041629 0.040262 0.038644 0.036501 0.034197 0.031892 0.029593 0.027266 0.024856 0.021926 0.018688 0.015555 0.012892 0.011035 0.0099016 0.0089375 0.0080734 0.0072525 0.0064239 0.005541 0.0045189 0.0034115 0.0023329 0.0013807 0.0006422 0.00019946 1.344e-05 0 0 0 0 0 0 0 0 0 0 
432 0 0 0.0059738 0.011489 0.016061 0.026461 0.039959 0.054116 0.071036 0.090383 0.10784 0.12116 0.13201 0.14015 0.14523 0.14745 0.14417 0.1363 0.12768 0.12218 0.1219 0.1236 0.12681 0.13161 0.138 0.14896 0.16368 0.17829 0.18906 0.19389 0.19538 0.19374 0.18897 0.18153 0.17087 0.15818 0.14585 0.13632 0.13071 0.12567 0.12082 0.11627 0.11222 0.10841 0.10455 0.10065 0.096864 0.093279 0.08978 0.086284 0.082801 0.079351 0.076006 0.072812 0.069706 0.066589 0.063346 0.059578 0.055528 0.051578 0.048023 0.045185 0.043152 0.041629 0.040253 0.038629 0.036486 0.034184 0.031884 0.029588 0.027264 0.024858 0.021929 0.018689 0.015554 0.012891 0.011036 0.0099049 0.0089406 0.0080745 0.0072511 0.0064204 0.0055368 0.0045157 0.00341 0.0023332 0.0013823 0.00064399 0.0001997 1.165e-05 0 0 0 0 0 0 0 0 0 0 
432.5 0 0 0.0059718 0.011488 0.016059 0.026458 0.039957 0.054114 0.071036 0.090383 0.10785 0.12117 0.13203 0.14017 0.14526 0.14748 0.1442 0.13633 0.1277 0.1222 0.12192 0.12362 0.12684 0.13164 0.13802 0.149 0.16374 0.17837 0.18913 0.19393 0.1954 0.19375 0.18896 0.18151 0.17084 0.15815 0.14583 0.1363 0.1307 0.12568 0.12084 0.1163 0.11224 0.10842 0.10455 0.10065 0.096861 0.093277 0.089781 0.08629 0.082812 0.079367 0.076025 0.072833 0.069729 0.066613 0.063372 0.0596 0.055544 0.051589 0.048033 0.045197 0.043162 0.04163 0.040243 0.038613 0.03647 0.034172 0.031874 0.029582 0.027262 0.024859 0.021931 0.01869 0.015554 0.01289 0.011036 0.0099081 0.0089437 0.0080756 0.0072496 0.0064166 0.0055324 0.0045122 0.0034084 0.0023336 0.001384 0.00064583 0.00019995 9.8046e-06 0 0 0 0 0 0 0 0 0 0 
433 0 0 0.0059699 0.011487 0.016058 0.026455 0.039955 0.054113 0.071035 0.090383 0.10785 0.12117 0.13204 0.14019 0.14529 0.14751 0.14423 0.13636 0.12772 0.12223 0.12194 0.12364 0.12686 0.13166 0.13805 0.14904 0.16381 0.17845 0.18919 0.19397 0.19543 0.19376 0.18895 0.18149 0.17081 0.15811 0.1458 0.13628 0.1307 0.12568 0.12086 0.11632 0.11226 0.10843 0.10456 0.10065 0.096857 0.093276 0.089783 0.086296 0.082822 0.079382 0.076044 0.072855 0.069752 0.066637 0.063397 0.059623 0.055561 0.0516 0.048042 0.04521 0.043171 0.041631 0.040234 0.038597 0.036455 0.034159 0.031865 0.029577 0.027261 0.024861 0.021934 0.018691 0.015553 0.012889 0.011037 0.0099114 0.0089467 0.0080767 0.0072481 0.0064129 0.005528 0.0045088 0.0034068 0.0023339 0.0013857 0.00064766 0.0002002 7.9587e-06 0 0 0 0 0 0 0 0 0 0 
433.5 0 0 0.0059684 0.011484 0.016054 0.02645 0.039949 0.054107 0.071027 0.090374 0.10784 0.12117 0.13204 0.14019 0.14529 0.14752 0.14424 0.13637 0.12773 0.12223 0.12195 0.12364 0.12686 0.13167 0.13805 0.14905 0.16384 0.17849 0.18922 0.19398 0.19543 0.19376 0.18894 0.18147 0.17078 0.15809 0.14577 0.13626 0.13069 0.12568 0.12086 0.11632 0.11226 0.10843 0.10455 0.10064 0.096844 0.093265 0.089777 0.086296 0.082828 0.079394 0.076058 0.07287 0.069769 0.066655 0.063416 0.059639 0.055573 0.051609 0.04805 0.04522 0.043179 0.041633 0.040228 0.038586 0.036444 0.034151 0.031859 0.029573 0.027259 0.024862 0.021935 0.018692 0.015553 0.012889 0.011039 0.0099151 0.0089502 0.0080785 0.0072477 0.0064108 0.0055252 0.0045067 0.003406 0.0023344 0.0013871 0.00064911 0.00020036 6.4908e-06 0 0 0 0 0 0 0 0 0 0 
434 0 0 0.0059687 0.011479 0.016045 0.026437 0.039933 0.054083 0.070992 0.090329 0.10779 0.12111 0.13198 0.14013 0.14524 0.14747 0.14419 0.13633 0.12769 0.12219 0.1219 0.12359 0.1268 0.13159 0.13797 0.14895 0.16373 0.17838 0.18912 0.19389 0.19536 0.19371 0.18891 0.18144 0.17077 0.15808 0.14576 0.13624 0.13065 0.12564 0.12081 0.11627 0.1122 0.10837 0.10449 0.10058 0.096792 0.093222 0.089744 0.086274 0.082818 0.07939 0.076054 0.072863 0.069759 0.066646 0.063409 0.059635 0.055572 0.05161 0.048052 0.045221 0.043182 0.041638 0.040237 0.038596 0.036453 0.034157 0.031863 0.029574 0.027258 0.024859 0.021933 0.018693 0.015557 0.012896 0.011046 0.0099205 0.0089548 0.0080828 0.0072518 0.0064146 0.0055286 0.0045094 0.003408 0.0023356 0.0013876 0.00064909 0.00020024 6.4402e-06 0 0 0 0 0 0 0 0 0 0 
434.5 0 0 0.0059691 0.011474 0.016036 0.026425 0.039916 0.054058 0.070957 0.090284 0.10773 0.12105 0.13192 0.14007 0.14518 0.14741 0.14414 0.13628 0.12765 0.12215 0.12186 0.12353 0.12673 0.13151 0.13788 0.14886 0.16362 0.17828 0.18902 0.1938 0.19529 0.19366 0.18888 0.18142 0.17076 0.15807 0.14575 0.13621 0.13062 0.1256 0.12076 0.11621 0.11214 0.10831 0.10443 0.10052 0.09674 0.093179 0.089711 0.086252 0.082807 0.079387 0.076051 0.072855 0.06975 0.066637 0.063401 0.059631 0.05557 0.051611 0.048054 0.045221 0.043184 0.041644 0.040245 0.038606 0.036461 0.034163 0.031867 0.029575 0.027256 0.024855 0.02193 0.018694 0.015561 0.012902 0.011052 0.009926 0.0089595 0.0080871 0.0072559 0.0064184 0.005532 0.0045121 0.00341 0.0023368 0.0013881 0.00064907 0.00020011 6.3895e-06 0 0 0 0 0 0 0 0 0 0 
435 0 0 0.0059694 0.011468 0.016027 0.026413 0.039899 0.054033 0.070923 0.090239 0.10768 0.12099 0.13186 0.14002 0.14513 0.14736 0.1441 0.13624 0.12761 0.12211 0.12181 0.12348 0.12666 0.13143 0.1378 0.14876 0.16352 0.17817 0.18892 0.19372 0.19522 0.19362 0.18884 0.1814 0.17074 0.15806 0.14573 0.13619 0.13058 0.12556 0.12071 0.11616 0.11208 0.10825 0.10437 0.10047 0.096688 0.093136 0.089677 0.086231 0.082797 0.079383 0.076047 0.072848 0.069741 0.066628 0.063394 0.059626 0.055569 0.051612 0.048055 0.045222 0.043186 0.041649 0.040254 0.038616 0.03647 0.03417 0.031871 0.029577 0.027255 0.024852 0.021928 0.018694 0.015565 0.012908 0.011059 0.0099314 0.0089642 0.0080914 0.00726 0.0064222 0.0055353 0.0045149 0.003412 0.0023381 0.0013885 0.00064905 0.00019999 6.3389e-06 0 0 0 0 0 0 0 0 0 0 
435.5 0 0 0.0059664 0.011463 0.016019 0.026403 0.03989 0.054025 0.070915 0.090233 0.10768 0.121 0.13188 0.14004 0.14516 0.14741 0.14415 0.13629 0.12765 0.12215 0.12185 0.12352 0.1267 0.13146 0.13783 0.1488 0.16356 0.17822 0.18898 0.19377 0.19528 0.19368 0.1889 0.18146 0.1708 0.15812 0.14579 0.13624 0.13062 0.12558 0.12072 0.11615 0.11208 0.10824 0.10437 0.10046 0.096687 0.093141 0.089688 0.086248 0.082819 0.079408 0.076068 0.072861 0.069747 0.066627 0.063391 0.059625 0.055573 0.051621 0.048067 0.04523 0.043192 0.041656 0.040262 0.038625 0.036477 0.034176 0.031875 0.029579 0.027256 0.024851 0.021927 0.018694 0.015566 0.012909 0.011059 0.0099299 0.008963 0.0080912 0.0072609 0.0064241 0.0055375 0.0045165 0.0034127 0.0023377 0.0013875 0.00064797 0.00019975 7.1368e-06 0 0 0 0 0 0 0 0 0 0 
436 0 0 0.0059591 0.011457 0.016013 0.026396 0.03989 0.054037 0.070941 0.090277 0.10774 0.12108 0.13199 0.14017 0.14532 0.14758 0.14432 0.13646 0.12781 0.1223 0.12201 0.12368 0.12687 0.13164 0.13802 0.14901 0.1638 0.17847 0.18923 0.19402 0.19551 0.19388 0.18908 0.18162 0.17095 0.15826 0.14593 0.13637 0.13074 0.12568 0.12081 0.11622 0.11214 0.10831 0.10444 0.10053 0.096752 0.093207 0.089755 0.086314 0.082884 0.079469 0.076122 0.072902 0.069772 0.066638 0.063392 0.059627 0.055583 0.051641 0.048091 0.045247 0.043204 0.041664 0.04027 0.038632 0.036484 0.034183 0.031881 0.029584 0.02726 0.024855 0.021929 0.018693 0.015562 0.012903 0.01105 0.0099197 0.0089541 0.008085 0.0072579 0.0064237 0.0055382 0.0045167 0.0034116 0.0023354 0.0013846 0.00064552 0.00019935 9.0227e-06 0 0 0 0 0 0 0 0 0 0 
436.5 0 0 0.0059518 0.011451 0.016008 0.026389 0.03989 0.05405 0.070967 0.090321 0.10781 0.12117 0.1321 0.14031 0.14547 0.14775 0.1445 0.13663 0.12797 0.12246 0.12217 0.12385 0.12704 0.13182 0.13821 0.14922 0.16403 0.17873 0.18949 0.19426 0.19573 0.19408 0.18926 0.18178 0.17109 0.1584 0.14607 0.13651 0.13086 0.12579 0.12089 0.11629 0.1122 0.10837 0.1045 0.10059 0.096816 0.093273 0.089822 0.08638 0.082948 0.07953 0.076175 0.072942 0.069797 0.066649 0.063393 0.059629 0.055594 0.051661 0.048115 0.045265 0.043215 0.041673 0.040277 0.038639 0.036491 0.034189 0.031887 0.029589 0.027264 0.024858 0.02193 0.018693 0.015558 0.012896 0.011041 0.0099094 0.0089451 0.0080789 0.0072549 0.0064233 0.0055389 0.0045169 0.0034105 0.0023331 0.0013817 0.00064308 0.00019896 1.0909e-05 0 0 0 0 0 0 0 0 0 0 
437 0 0 0.0059446 0.011445 0.016002 0.026382 0.03989 0.054062 0.070994 0.090365 0.10787 0.12126 0.1322 0.14044 0.14562 0.14792 0.14467 0.13679 0.12813 0.12261 0.12233 0.12401 0.12721 0.132 0.1384 0.14943 0.16427 0.17898 0.18975 0.1945 0.19595 0.19428 0.18944 0.18194 0.17124 0.15855 0.14621 0.13664 0.13098 0.12589 0.12098 0.11636 0.11226 0.10844 0.10457 0.10066 0.096881 0.093339 0.089889 0.086446 0.083012 0.079591 0.076229 0.072982 0.069822 0.06666 0.063394 0.059631 0.055604 0.051682 0.048139 0.045282 0.043226 0.041681 0.040285 0.038647 0.036498 0.034196 0.031893 0.029594 0.027267 0.024861 0.021932 0.018692 0.015555 0.012889 0.011031 0.0098991 0.0089362 0.0080727 0.0072519 0.0064229 0.0055396 0.0045171 0.0034094 0.0023308 0.0013787 0.00064064 0.00019856 1.2795e-05 0 0 0 0 0 0 0 0 0 0 
437.5 0 0 0.0059369 0.011435 0.015991 0.026365 0.039869 0.054037 0.070964 0.090332 0.10784 0.12123 0.13218 0.14042 0.1456 0.14791 0.14467 0.13679 0.12812 0.1226 0.12232 0.124 0.1272 0.13199 0.13839 0.14942 0.16426 0.17897 0.18974 0.1945 0.19595 0.19428 0.18946 0.18195 0.17126 0.15856 0.14623 0.13666 0.13099 0.1259 0.12099 0.11636 0.11226 0.10843 0.10455 0.10063 0.096851 0.09332 0.089882 0.086453 0.08303 0.079617 0.076257 0.073011 0.069854 0.066695 0.063431 0.059662 0.055628 0.051698 0.04815 0.045292 0.043235 0.041689 0.040292 0.038652 0.036501 0.034196 0.03189 0.029589 0.027261 0.024853 0.021925 0.018687 0.015552 0.012888 0.01103 0.009896 0.008933 0.0080703 0.007251 0.0064233 0.0055405 0.0045177 0.0034095 0.0023303 0.001378 0.00063994 0.00019844 1.3406e-05 0 0 0 0 0 0 0 0 0 0 
438 0 0 0.0059291 0.011424 0.015977 0.026343 0.039836 0.053993 0.070905 0.09026 0.10776 0.12114 0.13208 0.14031 0.1455 0.1478 0.14456 0.1367 0.12803 0.12251 0.12222 0.12391 0.1271 0.13189 0.13828 0.1493 0.16413 0.17884 0.18961 0.19438 0.19585 0.1942 0.18939 0.1819 0.17121 0.15852 0.14618 0.13662 0.13095 0.12587 0.12096 0.11634 0.11223 0.10838 0.10449 0.10055 0.096775 0.093258 0.08984 0.086429 0.083024 0.079624 0.076272 0.073034 0.069889 0.066743 0.063486 0.059709 0.055658 0.051712 0.048154 0.045297 0.043243 0.041697 0.040299 0.038657 0.036502 0.034193 0.031884 0.02958 0.02725 0.02484 0.021913 0.018679 0.01555 0.01289 0.011032 0.0098966 0.0089326 0.0080699 0.0072511 0.006424 0.0055415 0.0045186 0.0034101 0.0023307 0.0013783 0.00064011 0.00019845 1.3376e-05 0 0 0 0 0 0 0 0 0 0 
438.5 0 0 0.0059213 0.011412 0.015963 0.026321 0.039803 0.053948 0.070847 0.090189 0.10768 0.12105 0.13199 0.14021 0.14539 0.14769 0.14446 0.1366 0.12795 0.12242 0.12213 0.12381 0.12701 0.13179 0.13817 0.14918 0.164 0.1787 0.18947 0.19425 0.19574 0.19411 0.18932 0.18185 0.17117 0.15847 0.14614 0.13657 0.13092 0.12584 0.12094 0.11632 0.1122 0.10834 0.10442 0.10048 0.096699 0.093197 0.089797 0.086405 0.083017 0.079632 0.076287 0.073057 0.069925 0.06679 0.063541 0.059755 0.055688 0.051726 0.048158 0.045303 0.04325 0.041705 0.040306 0.038662 0.036503 0.03419 0.031878 0.029572 0.027239 0.024827 0.021901 0.018671 0.015547 0.012892 0.011034 0.0098971 0.0089322 0.0080694 0.0072511 0.0064248 0.0055425 0.0045194 0.0034107 0.0023311 0.0013786 0.00064029 0.00019847 1.3346e-05 0 0 0 0 0 0 0 0 0 0 
439 0 0 0.0059134 0.0114 0.015949 0.026298 0.03977 0.053904 0.070789 0.090117 0.1076 0.12097 0.13189 0.14011 0.14528 0.14758 0.14436 0.13651 0.12786 0.12233 0.12204 0.12372 0.12691 0.13169 0.13807 0.14906 0.16387 0.17856 0.18933 0.19413 0.19563 0.19402 0.18926 0.1818 0.17112 0.15842 0.14609 0.13653 0.13088 0.12582 0.12092 0.11629 0.11217 0.10829 0.10436 0.1004 0.096623 0.093136 0.089754 0.086381 0.083011 0.079639 0.076303 0.07308 0.06996 0.066838 0.063595 0.059802 0.055717 0.05174 0.048163 0.045308 0.043258 0.041713 0.040313 0.038666 0.036504 0.034187 0.031871 0.029563 0.027228 0.024813 0.021889 0.018664 0.015545 0.012893 0.011037 0.0098976 0.0089318 0.008069 0.0072512 0.0064255 0.0055435 0.0045203 0.0034113 0.0023316 0.0013789 0.00064046 0.00019848 1.3317e-05 0 0 0 0 0 0 0 0 0 0 
439.5 0 0 0.0059086 0.011393 0.015938 0.02628 0.039748 0.053879 0.070758 0.090081 0.10757 0.12093 0.13186 0.14008 0.14526 0.14757 0.14436 0.13651 0.12785 0.12233 0.12204 0.12371 0.1269 0.13168 0.13806 0.14904 0.16385 0.17853 0.18929 0.19407 0.19556 0.19394 0.18917 0.18171 0.17103 0.15833 0.146 0.13645 0.13083 0.1258 0.12092 0.11631 0.1122 0.10832 0.10439 0.10043 0.09665 0.093153 0.089762 0.086381 0.083002 0.079622 0.07628 0.073058 0.069942 0.066822 0.063579 0.059785 0.055704 0.051731 0.048157 0.045304 0.043252 0.041706 0.040305 0.038659 0.0365 0.034185 0.031872 0.029565 0.027232 0.024819 0.021894 0.018665 0.015542 0.012887 0.011029 0.0098913 0.0089265 0.0080648 0.0072481 0.0064232 0.0055417 0.0045188 0.0034099 0.0023302 0.0013778 0.00063978 0.00019846 1.3933e-05 0 0 0 0 0 0 0 0 0 0 
440 0 0 0.0059041 0.011385 0.015927 0.026263 0.039728 0.053856 0.07073 0.090049 0.10753 0.1209 0.13184 0.14007 0.14526 0.14758 0.14437 0.13651 0.12786 0.12234 0.12204 0.12372 0.12691 0.13169 0.13806 0.14904 0.16384 0.17852 0.18926 0.19403 0.1955 0.19386 0.18907 0.18162 0.17093 0.15823 0.1459 0.13636 0.13078 0.12578 0.12093 0.11634 0.11223 0.10836 0.10444 0.10048 0.096689 0.09318 0.089777 0.086383 0.082993 0.079602 0.076254 0.073031 0.069917 0.066799 0.063553 0.059761 0.055685 0.051719 0.04815 0.045298 0.043246 0.041698 0.040296 0.038651 0.036495 0.034184 0.031873 0.029569 0.027238 0.024827 0.021901 0.018667 0.015539 0.01288 0.011021 0.0098842 0.0089207 0.0080602 0.0072445 0.0064206 0.0055397 0.004517 0.0034082 0.0023287 0.0013765 0.00063899 0.00019843 1.4628e-05 0 0 0 0 0 0 0 0 0 0 
440.5 0 0 0.0058997 0.011378 0.015917 0.026245 0.039707 0.053833 0.070702 0.090017 0.1075 0.12087 0.13181 0.14005 0.14526 0.14759 0.14438 0.13652 0.12786 0.12234 0.12205 0.12373 0.12692 0.13169 0.13806 0.14904 0.16384 0.1785 0.18923 0.19398 0.19544 0.19378 0.18898 0.18152 0.17084 0.15813 0.1458 0.13628 0.13073 0.12576 0.12094 0.11637 0.11227 0.1084 0.10448 0.10053 0.096729 0.093207 0.089792 0.086386 0.082984 0.079582 0.076227 0.073004 0.069892 0.066776 0.063528 0.059736 0.055666 0.051707 0.048143 0.045293 0.043239 0.04169 0.040287 0.038643 0.03649 0.034182 0.031875 0.029573 0.027245 0.024836 0.021907 0.01867 0.015536 0.012872 0.011013 0.009877 0.0089148 0.0080556 0.007241 0.0064179 0.0055376 0.0045152 0.0034065 0.0023271 0.0013753 0.00063821 0.0001984 1.5322e-05 0 0 0 0 0 0 0 0 0 0 
441 0 0 0.0058961 0.011372 0.015907 0.02623 0.039689 0.053813 0.070676 0.089987 0.10748 0.12085 0.13179 0.14004 0.14526 0.14759 0.14438 0.13652 0.12787 0.12234 0.12205 0.12373 0.12691 0.13169 0.13805 0.14904 0.16382 0.17848 0.1892 0.19393 0.19538 0.19371 0.18891 0.18145 0.17076 0.15805 0.14572 0.13622 0.1307 0.12576 0.12095 0.11639 0.1123 0.10844 0.10452 0.10056 0.096761 0.093229 0.089805 0.086388 0.082976 0.079565 0.076204 0.07298 0.06987 0.066756 0.063506 0.059715 0.055649 0.051695 0.048136 0.045286 0.043231 0.041681 0.040277 0.038635 0.036485 0.034181 0.031876 0.029577 0.027251 0.024844 0.021915 0.018673 0.015534 0.012867 0.011006 0.0098724 0.0089111 0.0080525 0.0072383 0.0064155 0.0055355 0.0045133 0.003405 0.002326 0.0013746 0.00063791 0.00019842 1.5547e-05 0 0 0 0 0 0 0 0 0 0 
441.5 0 0 0.0058989 0.011372 0.015907 0.026233 0.039692 0.053812 0.070672 0.08998 0.10746 0.12083 0.13177 0.14003 0.14525 0.14758 0.14437 0.1365 0.12784 0.12231 0.12202 0.12368 0.12686 0.13162 0.13799 0.14897 0.16373 0.17837 0.1891 0.19387 0.19535 0.19373 0.18896 0.18153 0.17086 0.15817 0.14586 0.13635 0.1308 0.12583 0.121 0.11642 0.11231 0.10844 0.10451 0.10055 0.096743 0.093217 0.089799 0.086388 0.082978 0.07957 0.07621 0.072985 0.069874 0.066758 0.063509 0.059714 0.055642 0.051683 0.048122 0.045272 0.043218 0.041668 0.040267 0.038627 0.03648 0.034178 0.031876 0.02958 0.027257 0.024853 0.021924 0.018682 0.015542 0.012875 0.011017 0.0098862 0.0089234 0.0080606 0.0072414 0.0064146 0.0055327 0.0045113 0.0034049 0.0023282 0.0013782 0.00064119 0.00019878 1.2328e-05 0 0 0 0 0 0 0 0 0 0 
442 0 0 0.0059016 0.011372 0.015906 0.026235 0.039694 0.053811 0.070667 0.089972 0.10745 0.12082 0.13176 0.14001 0.14524 0.14757 0.14435 0.13648 0.12782 0.12228 0.12198 0.12363 0.1268 0.13156 0.13793 0.14889 0.16363 0.17826 0.189 0.19381 0.19533 0.19375 0.18902 0.18161 0.17096 0.1583 0.14599 0.13648 0.1309 0.12589 0.12104 0.11644 0.11232 0.10844 0.10451 0.10053 0.096725 0.093205 0.089793 0.086387 0.082981 0.079574 0.076215 0.072989 0.069877 0.066761 0.063511 0.059713 0.055636 0.051672 0.048107 0.045258 0.043204 0.041655 0.040256 0.038619 0.036475 0.034175 0.031876 0.029583 0.027263 0.024862 0.021934 0.018691 0.01555 0.012883 0.011028 0.0099 0.0089356 0.0080686 0.0072446 0.0064137 0.00553 0.0045093 0.0034048 0.0023303 0.0013818 0.00064447 0.00019914 9.1097e-06 0 0 0 0 0 0 0 0 0 0 
442.5 0 0 0.0059044 0.011373 0.015905 0.026238 0.039697 0.05381 0.070662 0.089964 0.10744 0.12081 0.13175 0.14 0.14523 0.14756 0.14434 0.13646 0.12779 0.12225 0.12194 0.12359 0.12675 0.1315 0.13787 0.14882 0.16354 0.17815 0.18891 0.19374 0.19531 0.19377 0.18908 0.18169 0.17107 0.15842 0.14613 0.13661 0.131 0.12596 0.12108 0.11647 0.11234 0.10844 0.1045 0.10052 0.096707 0.093193 0.089788 0.086386 0.082983 0.079579 0.07622 0.072993 0.069881 0.066764 0.063514 0.059712 0.055629 0.051661 0.048093 0.045244 0.04319 0.041643 0.040246 0.038611 0.036469 0.034172 0.031876 0.029586 0.027269 0.024871 0.021944 0.018699 0.015558 0.012891 0.011039 0.0099138 0.0089478 0.0080767 0.0072477 0.0064127 0.0055273 0.0045073 0.0034048 0.0023325 0.0013854 0.00064775 0.00019951 5.8909e-06 0 0 0 0 0 0 0 0 0 0 
443 0 0 0.0059065 0.011373 0.015906 0.02624 0.039699 0.053809 0.070659 0.089959 0.10744 0.1208 0.13174 0.13999 0.14521 0.14754 0.14432 0.13645 0.12778 0.12223 0.12192 0.12356 0.12671 0.13147 0.13784 0.14879 0.16349 0.1781 0.18886 0.19371 0.19529 0.19377 0.18909 0.18171 0.1711 0.15847 0.14618 0.13665 0.13103 0.12598 0.12109 0.11646 0.11233 0.10843 0.10448 0.10049 0.096683 0.093172 0.08977 0.086368 0.082962 0.079557 0.0762 0.072974 0.069863 0.066747 0.063497 0.059696 0.055614 0.051649 0.048082 0.045232 0.043178 0.041634 0.040241 0.038608 0.036466 0.034167 0.031871 0.02958 0.027263 0.024864 0.021938 0.018697 0.015559 0.012896 0.011046 0.0099203 0.0089532 0.0080805 0.0072498 0.0064135 0.0055273 0.0045073 0.0034053 0.0023337 0.001387 0.00064912 0.00019966 4.6191e-06 0 0 0 0 0 0 0 0 0 0 
443.5 0 0 0.0059074 0.011375 0.015907 0.026242 0.039701 0.053811 0.070661 0.089962 0.10744 0.1208 0.13174 0.13998 0.1452 0.14752 0.1443 0.13644 0.12777 0.12223 0.12192 0.12357 0.12673 0.13149 0.13786 0.14881 0.16353 0.17814 0.1889 0.19373 0.19528 0.19374 0.18904 0.18164 0.17102 0.15837 0.14608 0.13656 0.13094 0.12591 0.12103 0.11641 0.11228 0.10839 0.10445 0.10046 0.096647 0.093134 0.08973 0.086317 0.082897 0.079486 0.076131 0.072911 0.069805 0.066693 0.063444 0.05965 0.055584 0.051634 0.048075 0.045222 0.04317 0.041632 0.040246 0.038615 0.036467 0.03416 0.031854 0.029556 0.027231 0.024826 0.021905 0.018675 0.015549 0.012894 0.011044 0.0099131 0.0089459 0.0080763 0.00725 0.0064174 0.0055325 0.0045113 0.0034071 0.0023332 0.0013849 0.0006469 0.00019943 7.0202e-06 0 0 0 0 0 0 0 0 0 0 
444 0 0 0.0059082 0.011377 0.015909 0.026244 0.039703 0.053812 0.070662 0.089964 0.10744 0.1208 0.13173 0.13997 0.14518 0.1475 0.14429 0.13642 0.12776 0.12223 0.12192 0.12357 0.12674 0.13151 0.13789 0.14884 0.16357 0.17819 0.18894 0.19376 0.19528 0.1937 0.18898 0.18157 0.17094 0.15828 0.14598 0.13646 0.13086 0.12584 0.12097 0.11636 0.11224 0.10835 0.10441 0.10042 0.09661 0.093096 0.089689 0.086266 0.082832 0.079414 0.076061 0.072848 0.069747 0.066639 0.06339 0.059605 0.055554 0.051619 0.048069 0.045212 0.043161 0.041629 0.04025 0.038622 0.036467 0.034152 0.031838 0.029532 0.0272 0.024789 0.021871 0.018652 0.015539 0.012893 0.011042 0.0099058 0.0089386 0.0080722 0.0072502 0.0064212 0.0055376 0.0045153 0.0034088 0.0023326 0.0013828 0.00064469 0.00019919 9.4213e-06 0 0 0 0 0 0 0 0 0 0 
444.5 0 0 0.0059091 0.011378 0.015911 0.026246 0.039705 0.053814 0.070664 0.089966 0.10744 0.1208 0.13172 0.13996 0.14516 0.14748 0.14427 0.13641 0.12776 0.12222 0.12192 0.12358 0.12676 0.13153 0.13791 0.14887 0.16361 0.17824 0.18899 0.19378 0.19528 0.19367 0.18892 0.18149 0.17085 0.15819 0.14588 0.13636 0.13077 0.12577 0.12091 0.11631 0.1122 0.10832 0.10438 0.10039 0.096574 0.093058 0.089649 0.086215 0.082767 0.079342 0.075992 0.072785 0.06969 0.066584 0.063337 0.059559 0.055524 0.051604 0.048062 0.045202 0.043152 0.041627 0.040255 0.038629 0.036468 0.034144 0.031822 0.029508 0.027168 0.024752 0.021837 0.018629 0.015528 0.012891 0.01104 0.0098986 0.0089313 0.008068 0.0072504 0.0064251 0.0055428 0.0045192 0.0034105 0.0023321 0.0013807 0.00064247 0.00019896 1.1822e-05 0 0 0 0 0 0 0 0 0 0 
445 0 0 0.005905 0.011371 0.015901 0.026231 0.039686 0.053792 0.070637 0.089934 0.10741 0.12077 0.1317 0.13994 0.14515 0.14748 0.14427 0.13641 0.12776 0.12223 0.12192 0.12359 0.12677 0.13154 0.13792 0.14888 0.16361 0.17824 0.18898 0.19376 0.19524 0.19362 0.18886 0.18143 0.17079 0.15811 0.14581 0.13629 0.13071 0.12572 0.12088 0.11629 0.11218 0.1083 0.10436 0.10038 0.096563 0.09305 0.089643 0.086207 0.082756 0.07933 0.07598 0.07277 0.06967 0.066559 0.063309 0.059539 0.055519 0.051617 0.048085 0.045224 0.043168 0.041636 0.040258 0.038629 0.036468 0.034145 0.031825 0.029513 0.027176 0.024762 0.021845 0.018634 0.015529 0.012889 0.011037 0.0098965 0.0089298 0.0080672 0.0072502 0.0064253 0.005543 0.004519 0.0034097 0.0023309 0.0013796 0.00064168 0.00019878 1.2261e-05 0 0 0 0 0 0 0 0 0 0 
445.5 0 0 0.0058974 0.011358 0.015882 0.026201 0.039651 0.053752 0.070589 0.089876 0.10734 0.12071 0.13166 0.13991 0.14514 0.14748 0.14428 0.13642 0.12777 0.12224 0.12193 0.12359 0.12677 0.13154 0.13791 0.14887 0.1636 0.17821 0.18894 0.19371 0.19519 0.19357 0.18881 0.18138 0.17073 0.15806 0.14575 0.13624 0.13068 0.1257 0.12087 0.11629 0.11218 0.1083 0.10436 0.10038 0.09657 0.093064 0.089662 0.086231 0.082785 0.079362 0.076009 0.07279 0.069678 0.066556 0.0633 0.059538 0.055534 0.051649 0.04813 0.04527 0.043202 0.041652 0.04026 0.038624 0.036468 0.034153 0.031842 0.029541 0.027214 0.024806 0.021885 0.018659 0.015539 0.012887 0.011034 0.0098981 0.0089326 0.0080688 0.0072497 0.0064228 0.0055396 0.0045156 0.0034069 0.0023293 0.0013792 0.00064194 0.00019865 1.1247e-05 0 0 0 0 0 0 0 0 0 0 
446 0 0 0.0058898 0.011345 0.015863 0.026172 0.039617 0.053713 0.070541 0.089818 0.10728 0.12065 0.13162 0.13989 0.14513 0.14749 0.14429 0.13644 0.12778 0.12224 0.12194 0.1236 0.12678 0.13155 0.13791 0.14887 0.16358 0.17818 0.1889 0.19367 0.19514 0.19351 0.18876 0.18133 0.17068 0.158 0.1457 0.1362 0.13065 0.12568 0.12086 0.11629 0.11218 0.1083 0.10436 0.10038 0.096578 0.093078 0.089681 0.086255 0.082813 0.079394 0.076039 0.072811 0.069686 0.066552 0.063291 0.059536 0.055549 0.051681 0.048174 0.045315 0.043235 0.041669 0.040262 0.038618 0.036468 0.03416 0.031859 0.029568 0.027251 0.024851 0.021924 0.018684 0.015548 0.012885 0.01103 0.0098997 0.0089354 0.0080704 0.0072492 0.0064204 0.0055362 0.0045122 0.0034041 0.0023277 0.0013789 0.00064221 0.00019852 1.0232e-05 0 0 0 0 0 0 0 0 0 0 
446.5 0 0 0.0058822 0.011331 0.015844 0.026143 0.039582 0.053674 0.070494 0.08976 0.10722 0.1206 0.13157 0.13987 0.14513 0.1475 0.14431 0.13645 0.12779 0.12225 0.12195 0.12361 0.12678 0.13155 0.13791 0.14886 0.16356 0.17815 0.18886 0.19362 0.19509 0.19346 0.1887 0.18128 0.17063 0.15794 0.14564 0.13615 0.13062 0.12566 0.12085 0.11628 0.11218 0.1083 0.10436 0.10038 0.096585 0.093092 0.0897 0.086279 0.082842 0.079426 0.076069 0.072831 0.069694 0.066549 0.063283 0.059535 0.055563 0.051714 0.048219 0.045361 0.043269 0.041686 0.040263 0.038613 0.036467 0.034168 0.031875 0.029596 0.027289 0.024896 0.021964 0.01871 0.015558 0.012883 0.011027 0.0099013 0.0089381 0.0080721 0.0072487 0.0064179 0.0055327 0.0045088 0.0034013 0.0023261 0.0013785 0.00064247 0.00019838 9.2179e-06 0 0 0 0 0 0 0 0 0 0 
447 0 0 0.005875 0.011321 0.015829 0.026121 0.039554 0.05364 0.070452 0.089712 0.10717 0.12054 0.13153 0.13982 0.14509 0.14747 0.14428 0.13643 0.12777 0.12224 0.12194 0.1236 0.12677 0.13153 0.1379 0.14884 0.16355 0.17814 0.18885 0.19362 0.19508 0.19345 0.18871 0.1813 0.17064 0.15795 0.14564 0.13615 0.13063 0.12568 0.12087 0.11631 0.1122 0.10832 0.10437 0.10038 0.096581 0.093085 0.089691 0.08627 0.082833 0.079417 0.076064 0.072833 0.069704 0.066568 0.063305 0.05955 0.055564 0.0517 0.048197 0.045342 0.043254 0.041672 0.040251 0.038601 0.036457 0.034159 0.031868 0.029591 0.027287 0.024895 0.021963 0.018709 0.015558 0.012883 0.011028 0.0099024 0.008939 0.0080723 0.0072482 0.006417 0.0055318 0.004508 0.0034009 0.0023262 0.001379 0.00064311 0.00019851 8.7308e-06 0 0 0 0 0 0 0 0 0 0 
447.5 0 0 0.0058679 0.011311 0.015816 0.0261 0.039528 0.053608 0.070413 0.089666 0.10712 0.12049 0.13148 0.13978 0.14504 0.14742 0.14425 0.13641 0.12775 0.12222 0.12191 0.12357 0.12675 0.13152 0.13788 0.14882 0.16353 0.17813 0.18886 0.19363 0.19509 0.19346 0.18873 0.18133 0.17067 0.15798 0.14566 0.13617 0.13065 0.1257 0.1209 0.11635 0.11223 0.10833 0.10437 0.10038 0.096574 0.093072 0.089675 0.086253 0.082815 0.079399 0.07605 0.072831 0.069716 0.066592 0.063336 0.05957 0.055561 0.051674 0.048158 0.045307 0.043227 0.041652 0.040235 0.038588 0.036444 0.034145 0.031855 0.029579 0.027275 0.024883 0.021953 0.018703 0.015555 0.012884 0.011029 0.0099033 0.0089393 0.0080721 0.0072478 0.0064166 0.0055314 0.004508 0.0034012 0.0023268 0.0013798 0.00064383 0.0001987 8.3745e-06 0 0 0 0 0 0 0 0 0 0 
448 0 0 0.0058608 0.011301 0.015802 0.026079 0.039501 0.053576 0.070373 0.08962 0.10707 0.12044 0.13143 0.13973 0.14499 0.14738 0.14422 0.13638 0.12773 0.12219 0.12189 0.12355 0.12673 0.1315 0.13786 0.1488 0.16351 0.17812 0.18886 0.19365 0.1951 0.19347 0.18874 0.18136 0.1707 0.158 0.14568 0.13618 0.13066 0.12573 0.12093 0.11638 0.11226 0.10835 0.10438 0.10038 0.096567 0.09306 0.08966 0.086235 0.082797 0.079381 0.076036 0.072828 0.069727 0.066616 0.063367 0.05959 0.055559 0.051648 0.048119 0.045272 0.043199 0.041631 0.040219 0.038575 0.036431 0.034132 0.031842 0.029566 0.027263 0.024871 0.021943 0.018696 0.015552 0.012884 0.01103 0.0099043 0.0089396 0.0080719 0.0072474 0.0064162 0.0055311 0.0045079 0.0034014 0.0023274 0.0013806 0.00064455 0.00019889 8.0181e-06 0 0 0 0 0 0 0 0 0 0 
448.5 0 0 0.0058536 0.011291 0.015789 0.026058 0.039475 0.053543 0.070333 0.089574 0.10702 0.1204 0.13138 0.13968 0.14495 0.14734 0.14419 0.13636 0.12771 0.12217 0.12187 0.12353 0.12671 0.13148 0.13784 0.14878 0.16349 0.17811 0.18887 0.19366 0.19511 0.19348 0.18876 0.18138 0.17073 0.15802 0.1457 0.1362 0.13068 0.12575 0.12096 0.11641 0.11229 0.10836 0.10439 0.10038 0.096561 0.093048 0.089645 0.086219 0.08278 0.079364 0.076023 0.072826 0.069739 0.06664 0.063397 0.05961 0.055557 0.051624 0.048082 0.045239 0.043173 0.041611 0.040204 0.038563 0.036418 0.034119 0.031829 0.029555 0.027252 0.02486 0.021933 0.018689 0.01555 0.012885 0.011032 0.009905 0.0089398 0.0080717 0.007247 0.0064158 0.0055308 0.0045078 0.0034016 0.0023278 0.0013813 0.00064519 0.00019907 7.7211e-06 0 0 0 0 0 0 0 0 0 0 
449 0 0 0.0058423 0.01128 0.015775 0.026034 0.039447 0.053514 0.0703 0.089539 0.10699 0.12037 0.13137 0.13968 0.14496 0.14737 0.14423 0.1364 0.12774 0.1222 0.12189 0.12355 0.12672 0.13149 0.13785 0.14879 0.16351 0.17813 0.18889 0.19368 0.19514 0.1935 0.18878 0.18139 0.17073 0.15802 0.14569 0.13618 0.13065 0.1257 0.12091 0.11636 0.11225 0.10833 0.10436 0.10037 0.096558 0.093052 0.089654 0.086233 0.082797 0.079383 0.076044 0.072847 0.069761 0.066663 0.063422 0.059634 0.055579 0.051644 0.0481 0.045257 0.04319 0.041624 0.040214 0.038569 0.036422 0.03412 0.03183 0.029556 0.027254 0.024862 0.021935 0.018689 0.015548 0.012881 0.011025 0.009898 0.0089341 0.0080684 0.0072462 0.0064169 0.0055325 0.0045087 0.003401 0.0023261 0.001379 0.00064322 0.00019879 9.418e-06 0 0 0 0 0 0 0 0 0 0 
449.5 0 0 0.0058309 0.011268 0.015762 0.026011 0.039419 0.053485 0.070268 0.089503 0.10696 0.12035 0.13135 0.13968 0.14498 0.1474 0.14426 0.13643 0.12777 0.12222 0.1219 0.12356 0.12674 0.1315 0.13786 0.1488 0.16352 0.17815 0.18891 0.19371 0.19516 0.19352 0.18879 0.1814 0.17074 0.15802 0.14568 0.13616 0.13061 0.12566 0.12086 0.11631 0.1122 0.1083 0.10434 0.10036 0.096556 0.093057 0.089664 0.086246 0.082814 0.079403 0.076065 0.072869 0.069783 0.066686 0.063446 0.059658 0.055601 0.051664 0.048119 0.045276 0.043206 0.041637 0.040223 0.038575 0.036426 0.034122 0.031831 0.029557 0.027256 0.024864 0.021936 0.018689 0.015546 0.012877 0.011019 0.009891 0.0089284 0.008065 0.0072454 0.006418 0.0055341 0.0045095 0.0034005 0.0023244 0.0013767 0.00064124 0.0001985 1.1115e-05 0 0 0 0 0 0 0 0 0 0 
450 0 0 0.0058195 0.011257 0.015749 0.025987 0.039391 0.053456 0.070235 0.089468 0.10692 0.12033 0.13134 0.13968 0.14499 0.14742 0.1443 0.13647 0.1278 0.12224 0.12192 0.12357 0.12675 0.13151 0.13786 0.14881 0.16353 0.17817 0.18894 0.19373 0.19518 0.19353 0.1888 0.18141 0.17074 0.15802 0.14568 0.13614 0.13058 0.12561 0.12081 0.11626 0.11216 0.10827 0.10432 0.10035 0.096554 0.093061 0.089674 0.08626 0.082831 0.079423 0.076086 0.072891 0.069806 0.066709 0.06347 0.059682 0.055623 0.051684 0.048138 0.045295 0.043222 0.04165 0.040233 0.038582 0.03643 0.034124 0.031832 0.029559 0.027258 0.024867 0.021938 0.018689 0.015544 0.012872 0.011013 0.009884 0.0089227 0.0080617 0.0072446 0.0064191 0.0055358 0.0045104 0.0034 0.0023227 0.0013743 0.00063927 0.00019822 1.2812e-05 0 0 0 0 0 0 0 0 0 0 
450.5 0 0 0.0058109 0.011248 0.015737 0.025967 0.039368 0.053433 0.070209 0.08944 0.1069 0.12031 0.13134 0.13969 0.14501 0.14745 0.14433 0.13651 0.12783 0.12227 0.12194 0.12359 0.12676 0.13152 0.13787 0.14882 0.16355 0.17818 0.18896 0.19375 0.1952 0.19355 0.18882 0.18142 0.17075 0.15803 0.14568 0.13615 0.13057 0.12559 0.12078 0.11623 0.11214 0.10825 0.10431 0.10035 0.096558 0.093065 0.089678 0.086266 0.08284 0.079432 0.076095 0.072901 0.069821 0.066729 0.063493 0.059703 0.055641 0.0517 0.048153 0.045311 0.043237 0.041662 0.040243 0.03859 0.036436 0.034128 0.031835 0.029563 0.027263 0.024871 0.021941 0.01869 0.015543 0.01287 0.01101 0.0098802 0.0089194 0.0080597 0.007244 0.0064197 0.0055368 0.0045108 0.0033995 0.0023214 0.0013728 0.00063801 0.00019799 1.3746e-05 0 0 0 0 0 0 0 0 0 0 
451 0 0 0.0058102 0.011244 0.015731 0.025961 0.039362 0.053427 0.070203 0.089436 0.1069 0.12031 0.13135 0.13971 0.14503 0.14748 0.14436 0.13654 0.12786 0.12229 0.12197 0.12361 0.12678 0.13154 0.13789 0.14883 0.16355 0.17819 0.18896 0.19375 0.1952 0.19356 0.18884 0.18145 0.17079 0.15808 0.14574 0.13621 0.13062 0.12563 0.12082 0.11628 0.11218 0.10829 0.10434 0.10038 0.096581 0.09307 0.089666 0.086249 0.082825 0.079412 0.076069 0.072882 0.069817 0.06674 0.063508 0.059716 0.055649 0.051704 0.048157 0.045318 0.043247 0.041673 0.040254 0.038601 0.036448 0.03414 0.031847 0.029574 0.027274 0.024882 0.021949 0.018696 0.015548 0.012875 0.011015 0.0098857 0.0089231 0.0080613 0.0072441 0.0064188 0.0055355 0.0045097 0.0033989 0.0023216 0.0013736 0.00063883 0.00019793 1.2476e-05 0 0 0 0 0 0 0 0 0 0 
451.5 0 0 0.0058094 0.01124 0.015725 0.025954 0.039357 0.053422 0.070197 0.089431 0.1069 0.12031 0.13135 0.13972 0.14505 0.14751 0.14439 0.13657 0.12789 0.12232 0.12199 0.12364 0.1268 0.13156 0.13791 0.14884 0.16356 0.17819 0.18897 0.19376 0.19521 0.19358 0.18886 0.18147 0.17082 0.15813 0.1458 0.13627 0.13067 0.12567 0.12086 0.11633 0.11223 0.10832 0.10437 0.10041 0.096605 0.093075 0.089654 0.086232 0.082809 0.079392 0.076043 0.072862 0.069812 0.06675 0.063524 0.059728 0.055657 0.051709 0.048161 0.045326 0.043257 0.041684 0.040266 0.038613 0.036459 0.034151 0.031859 0.029586 0.027286 0.024892 0.021957 0.018702 0.015553 0.01288 0.011021 0.0098912 0.0089267 0.008063 0.0072441 0.006418 0.0055343 0.0045086 0.0033984 0.0023218 0.0013744 0.00063965 0.00019787 1.1207e-05 0 0 0 0 0 0 0 0 0 0 
452 0 0 0.0058086 0.011237 0.01572 0.025948 0.039351 0.053416 0.070191 0.089427 0.1069 0.12032 0.13136 0.13974 0.14508 0.14754 0.14443 0.1366 0.12792 0.12235 0.12202 0.12366 0.12683 0.13158 0.13793 0.14885 0.16356 0.17819 0.18897 0.19376 0.19522 0.19359 0.18888 0.1815 0.17086 0.15817 0.14586 0.13633 0.13072 0.12571 0.1209 0.11637 0.11227 0.10836 0.1044 0.10044 0.096628 0.09308 0.089641 0.086215 0.082794 0.079372 0.076017 0.072842 0.069808 0.066761 0.063539 0.05974 0.055664 0.051713 0.048165 0.045334 0.043267 0.041695 0.040277 0.038624 0.036471 0.034163 0.031871 0.029598 0.027297 0.024902 0.021965 0.018708 0.015557 0.012884 0.011026 0.0098966 0.0089304 0.0080646 0.0072442 0.0064171 0.0055331 0.0045076 0.0033978 0.002322 0.0013752 0.00064046 0.00019781 9.9372e-06 0 0 0 0 0 0 0 0 0 0 
452.5 0 0 0.0058041 0.011232 0.015714 0.025939 0.03934 0.053403 0.070175 0.089413 0.10689 0.12029 0.1313 0.13972 0.14514 0.14762 0.14447 0.13662 0.12795 0.12237 0.12203 0.12368 0.12684 0.1316 0.13794 0.14886 0.16357 0.17819 0.18897 0.19377 0.19522 0.1936 0.18889 0.18151 0.17087 0.15818 0.14587 0.13633 0.13073 0.12572 0.12091 0.11639 0.11229 0.10836 0.10439 0.10042 0.096609 0.093067 0.089636 0.086215 0.0828 0.079381 0.076028 0.07285 0.069812 0.066762 0.06354 0.059741 0.055666 0.051716 0.048166 0.045333 0.043265 0.041696 0.040283 0.038635 0.036483 0.034174 0.031882 0.029608 0.027307 0.024911 0.021971 0.018713 0.01556 0.012885 0.011025 0.0098953 0.0089287 0.0080632 0.0072435 0.0064173 0.0055337 0.004508 0.0033977 0.0023215 0.0013746 0.00063992 0.0001977 1.0353e-05 0 0 0 0 0 0 0 0 0 0 
453 0 0 0.0057956 0.011225 0.015708 0.025927 0.039325 0.053384 0.07015 0.089389 0.10687 0.12023 0.13118 0.13966 0.14526 0.14778 0.14454 0.13665 0.12798 0.12239 0.12205 0.12369 0.12685 0.13161 0.13795 0.14887 0.16357 0.1782 0.18897 0.19377 0.19523 0.1936 0.18889 0.18151 0.17086 0.15815 0.14582 0.13628 0.13069 0.12568 0.12088 0.11637 0.11226 0.10833 0.10434 0.10035 0.096544 0.093035 0.089638 0.086235 0.082827 0.079421 0.076076 0.072887 0.069825 0.066753 0.063524 0.05973 0.055661 0.051716 0.048166 0.045322 0.043251 0.041687 0.040285 0.038644 0.036495 0.034185 0.031891 0.029617 0.027314 0.024917 0.021977 0.018716 0.01556 0.012882 0.011019 0.0098867 0.0089212 0.0080585 0.0072422 0.0064187 0.0055362 0.0045099 0.0033982 0.0023204 0.0013724 0.00063793 0.00019755 1.2565e-05 0 0 0 0 0 0 0 0 0 0 
453.5 0 0 0.0057871 0.011218 0.015702 0.025915 0.03931 0.053364 0.070124 0.089365 0.10685 0.12016 0.13105 0.13961 0.14538 0.14793 0.1446 0.13667 0.12801 0.12241 0.12206 0.12369 0.12686 0.13162 0.13796 0.14888 0.16358 0.1782 0.18897 0.19377 0.19523 0.19361 0.18889 0.18151 0.17085 0.15812 0.14577 0.13622 0.13064 0.12565 0.12086 0.11635 0.11224 0.10829 0.10429 0.10028 0.096478 0.093004 0.08964 0.086255 0.082854 0.079462 0.076125 0.072925 0.069839 0.066745 0.063508 0.059718 0.055657 0.051717 0.048166 0.045311 0.043237 0.041678 0.040286 0.038654 0.036506 0.034196 0.031901 0.029626 0.027322 0.024923 0.021982 0.018719 0.015561 0.01288 0.011012 0.0098781 0.0089137 0.0080538 0.0072408 0.0064201 0.0055387 0.0045118 0.0033986 0.0023192 0.0013703 0.00063594 0.0001974 1.4778e-05 0 0 0 0 0 0 0 0 0 0 
454 0 0 0.0057786 0.011212 0.015697 0.025903 0.039295 0.053345 0.070098 0.089341 0.10683 0.1201 0.13092 0.13956 0.1455 0.14809 0.14466 0.13669 0.12803 0.12244 0.12207 0.1237 0.12687 0.13163 0.13798 0.14889 0.16358 0.1782 0.18897 0.19377 0.19523 0.19361 0.1889 0.18151 0.17084 0.15809 0.14572 0.13617 0.1306 0.12562 0.12084 0.11633 0.11221 0.10825 0.10423 0.10021 0.096413 0.092972 0.089642 0.086275 0.082881 0.079502 0.076174 0.072962 0.069852 0.066736 0.063492 0.059706 0.055652 0.051718 0.048165 0.0453 0.043222 0.04167 0.040287 0.038664 0.036518 0.034207 0.031911 0.029635 0.027329 0.02493 0.021987 0.018722 0.015561 0.012877 0.011005 0.0098695 0.0089062 0.0080491 0.0072395 0.0064214 0.0055412 0.0045137 0.003399 0.002318 0.0013681 0.00063395 0.00019725 1.6991e-05 0 0 0 0 0 0 0 0 0 0 
454.5 0 0 0.0057673 0.011195 0.015676 0.025871 0.039255 0.053297 0.07004 0.089275 0.10676 0.12002 0.13083 0.13949 0.1455 0.14811 0.14466 0.13668 0.12803 0.12243 0.12205 0.12368 0.12685 0.13161 0.13797 0.14886 0.16349 0.17811 0.189 0.19389 0.19529 0.19359 0.18887 0.18151 0.17084 0.15809 0.14573 0.13618 0.13061 0.12563 0.12084 0.11633 0.11221 0.10825 0.10422 0.10019 0.096392 0.092958 0.089639 0.086278 0.082888 0.079514 0.076194 0.072987 0.06988 0.066767 0.063527 0.059743 0.055687 0.05175 0.048194 0.045329 0.04325 0.041694 0.040307 0.038679 0.03653 0.034216 0.031917 0.029638 0.027331 0.024929 0.021985 0.018721 0.015561 0.012877 0.011005 0.0098695 0.0089059 0.0080484 0.0072384 0.0064201 0.0055399 0.0045127 0.0033985 0.0023181 0.0013686 0.00063452 0.0001974 1.6558e-05 0 0 0 0 0 0 0 0 0 0 
455 0 0 0.0057549 0.011175 0.01565 0.025831 0.039205 0.053238 0.069969 0.089192 0.10668 0.11994 0.13075 0.13943 0.14544 0.14807 0.14464 0.13666 0.12801 0.12241 0.12203 0.12365 0.12681 0.13158 0.13795 0.14881 0.16336 0.17798 0.18905 0.19405 0.19538 0.19357 0.18884 0.1815 0.17084 0.15811 0.14575 0.13621 0.13063 0.12565 0.12086 0.11634 0.11222 0.10826 0.10424 0.1002 0.096389 0.092952 0.089635 0.086275 0.082886 0.079516 0.076202 0.073007 0.069914 0.066813 0.063582 0.059799 0.055737 0.051794 0.048235 0.045374 0.043295 0.041732 0.040334 0.038697 0.036542 0.034223 0.031921 0.029639 0.02733 0.024926 0.021981 0.018718 0.01556 0.012878 0.011008 0.009873 0.0089084 0.0080492 0.0072374 0.0064177 0.005537 0.0045105 0.0033976 0.0023186 0.0013701 0.00063612 0.00019766 1.5051e-05 0 0 0 0 0 0 0 0 0 0 
455.5 0 0 0.0057424 0.011155 0.015623 0.025791 0.039155 0.053179 0.069898 0.089109 0.10659 0.11985 0.13067 0.13936 0.14539 0.14803 0.14461 0.13664 0.128 0.12238 0.122 0.12361 0.12677 0.13154 0.13793 0.14877 0.16323 0.17784 0.1891 0.19422 0.19546 0.19354 0.1888 0.18149 0.17085 0.15812 0.14578 0.13624 0.13066 0.12567 0.12088 0.11635 0.11223 0.10828 0.10425 0.1002 0.096385 0.092946 0.08963 0.086272 0.082885 0.079518 0.076211 0.073027 0.069948 0.06686 0.063637 0.059855 0.055788 0.051837 0.048277 0.04542 0.04334 0.04177 0.040362 0.038715 0.036554 0.034231 0.031925 0.029641 0.027329 0.024922 0.021977 0.018715 0.015559 0.01288 0.011011 0.0098765 0.008911 0.0080501 0.0072364 0.0064153 0.005534 0.0045082 0.0033967 0.0023192 0.0013716 0.00063772 0.00019793 1.3544e-05 0 0 0 0 0 0 0 0 0 0 
456 0 0 0.00573 0.011135 0.015596 0.025752 0.039104 0.05312 0.069827 0.089026 0.1065 0.11977 0.13059 0.13929 0.14534 0.148 0.14459 0.13663 0.12798 0.12236 0.12198 0.12358 0.12673 0.13151 0.13791 0.14872 0.1631 0.17771 0.18915 0.19438 0.19554 0.19352 0.18877 0.18148 0.17085 0.15813 0.1458 0.13627 0.13068 0.1257 0.1209 0.11636 0.11224 0.10829 0.10426 0.1002 0.096382 0.09294 0.089625 0.086269 0.082884 0.079519 0.076219 0.073047 0.069981 0.066906 0.063693 0.059911 0.055838 0.051881 0.048318 0.045465 0.043385 0.041808 0.040389 0.038733 0.036565 0.034238 0.031929 0.029642 0.027327 0.024919 0.021973 0.018712 0.015559 0.012881 0.011014 0.00988 0.0089135 0.0080509 0.0072354 0.0064129 0.0055311 0.004506 0.0033959 0.0023198 0.0013732 0.00063932 0.0001982 1.2038e-05 0 0 0 0 0 0 0 0 0 0 
456.5 0 0 0.0057316 0.011136 0.015596 0.025753 0.03911 0.053129 0.069838 0.089042 0.10652 0.11979 0.13062 0.13933 0.14538 0.14804 0.14464 0.13667 0.12802 0.12241 0.12202 0.12363 0.12678 0.13157 0.13798 0.14879 0.16316 0.17778 0.18922 0.19446 0.19562 0.19358 0.18883 0.18154 0.1709 0.15817 0.14584 0.1363 0.13072 0.12573 0.12093 0.1164 0.11228 0.10833 0.10431 0.10026 0.096437 0.092978 0.089644 0.086274 0.082878 0.079502 0.07619 0.073011 0.06994 0.066859 0.063638 0.059854 0.055785 0.051833 0.048274 0.045422 0.043343 0.041769 0.040354 0.038702 0.036539 0.034217 0.031914 0.029632 0.027323 0.024919 0.021975 0.018716 0.015564 0.012887 0.011021 0.0098863 0.0089195 0.0080568 0.0072412 0.0064184 0.0055361 0.0045097 0.0033979 0.0023203 0.0013727 0.00063846 0.00019788 1.2577e-05 0 0 0 0 0 0 0 0 0 0 
457 0 0 0.005734 0.011138 0.015598 0.025758 0.039119 0.053142 0.069855 0.089063 0.10655 0.11982 0.13066 0.13937 0.14543 0.1481 0.14469 0.13672 0.12807 0.12245 0.12207 0.12369 0.12684 0.13164 0.13805 0.14886 0.16324 0.17785 0.1893 0.19453 0.19569 0.19365 0.18889 0.1816 0.17096 0.15822 0.14587 0.13634 0.13076 0.12577 0.12097 0.11644 0.11233 0.10838 0.10436 0.10032 0.096495 0.093019 0.089665 0.08628 0.082873 0.079484 0.07616 0.072971 0.069893 0.066806 0.063577 0.05979 0.055724 0.051778 0.048224 0.045373 0.043296 0.041726 0.040315 0.038668 0.036511 0.034195 0.031897 0.029622 0.027318 0.024919 0.021978 0.01872 0.01557 0.012894 0.011028 0.0098927 0.0089257 0.008063 0.0072474 0.0064245 0.0055416 0.0045137 0.0034002 0.0023209 0.0013721 0.00063743 0.00019752 1.3247e-05 0 0 0 0 0 0 0 0 0 0 
457.5 0 0 0.0057365 0.01114 0.015599 0.025762 0.039128 0.053155 0.069872 0.089085 0.10657 0.11985 0.13069 0.13941 0.14548 0.14815 0.14474 0.13677 0.12812 0.1225 0.12213 0.12374 0.12691 0.1317 0.13812 0.14894 0.16331 0.17793 0.18937 0.19461 0.19576 0.19372 0.18896 0.18166 0.17101 0.15826 0.14591 0.13638 0.1308 0.12581 0.12101 0.11648 0.11237 0.10843 0.10442 0.10038 0.096553 0.09306 0.089686 0.086286 0.082867 0.079466 0.076129 0.072931 0.069847 0.066753 0.063516 0.059726 0.055664 0.051724 0.048174 0.045324 0.043249 0.041682 0.040277 0.038634 0.036483 0.034172 0.031881 0.029611 0.027313 0.024918 0.021981 0.018725 0.015575 0.0129 0.011035 0.0098992 0.008932 0.0080692 0.0072536 0.0064306 0.005547 0.0045178 0.0034024 0.0023215 0.0013715 0.00063641 0.00019716 1.3918e-05 0 0 0 0 0 0 0 0 0 0 
458 0 0 0.0057374 0.01114 0.015599 0.025762 0.039132 0.053161 0.069879 0.089095 0.10659 0.11987 0.13072 0.13944 0.14552 0.14819 0.14478 0.13681 0.12815 0.12254 0.12216 0.12378 0.12695 0.13175 0.13817 0.149 0.16337 0.17798 0.18942 0.19466 0.19581 0.19377 0.18901 0.18171 0.17105 0.15829 0.14593 0.1364 0.13082 0.12583 0.12103 0.11651 0.1124 0.10846 0.10445 0.10043 0.096594 0.093087 0.089697 0.086285 0.082858 0.079447 0.0761 0.072895 0.069807 0.066709 0.063465 0.059673 0.055614 0.051679 0.048133 0.045284 0.04321 0.041646 0.040244 0.038606 0.036459 0.034153 0.031867 0.029603 0.027309 0.024919 0.021984 0.018729 0.015579 0.012904 0.011039 0.0099033 0.0089362 0.0080737 0.0072583 0.0064352 0.0055512 0.0045208 0.003404 0.0023217 0.0013708 0.00063546 0.00019685 1.4537e-05 0 0 0 0 0 0 0 0 0 0 
458.5 0 0 0.0057304 0.011131 0.015586 0.025742 0.039106 0.053131 0.069842 0.08905 0.10654 0.11983 0.13068 0.13941 0.14549 0.14818 0.14477 0.13679 0.12812 0.1225 0.12212 0.12375 0.12691 0.13172 0.13814 0.14895 0.16332 0.17792 0.18936 0.19461 0.19577 0.19374 0.18898 0.18169 0.17102 0.15825 0.14589 0.13634 0.13076 0.12577 0.12098 0.11646 0.11235 0.10841 0.10441 0.10038 0.096546 0.093043 0.089659 0.086252 0.08283 0.079424 0.076082 0.072883 0.069801 0.066708 0.063469 0.059678 0.055618 0.051679 0.048133 0.045288 0.043216 0.04165 0.040244 0.038603 0.036457 0.034153 0.031868 0.029604 0.027311 0.024923 0.021988 0.01873 0.015576 0.012896 0.01103 0.0098955 0.0089304 0.0080694 0.0072549 0.0064324 0.0055488 0.0045188 0.0034024 0.0023205 0.0013698 0.00063487 0.00019676 1.4893e-05 0 0 0 0 0 0 0 0 0 0 
459 0 0 0.0057234 0.011121 0.015574 0.025721 0.039081 0.053101 0.069805 0.089006 0.10649 0.11978 0.13064 0.13938 0.14547 0.14817 0.14476 0.13677 0.12809 0.12246 0.12209 0.12371 0.12688 0.13168 0.1381 0.14891 0.16326 0.17786 0.1893 0.19456 0.19573 0.1937 0.18895 0.18166 0.17099 0.15822 0.14584 0.13629 0.13071 0.12572 0.12092 0.1164 0.11229 0.10836 0.10436 0.10033 0.096498 0.093 0.089621 0.08622 0.082802 0.079401 0.076065 0.072871 0.069794 0.066706 0.063472 0.059683 0.055621 0.05168 0.048134 0.045292 0.043221 0.041653 0.040244 0.038601 0.036455 0.034153 0.031868 0.029605 0.027313 0.024927 0.021992 0.018732 0.015572 0.012888 0.011021 0.0098878 0.0089246 0.0080651 0.0072516 0.0064296 0.0055464 0.0045168 0.0034008 0.0023192 0.0013689 0.00063428 0.00019668 1.5249e-05 0 0 0 0 0 0 0 0 0 0 
459.5 0 0 0.0057163 0.011112 0.015561 0.025701 0.039055 0.053071 0.069767 0.088961 0.10645 0.11974 0.1306 0.13935 0.14545 0.14816 0.14475 0.13675 0.12806 0.12242 0.12205 0.12367 0.12684 0.13164 0.13807 0.14887 0.16321 0.1778 0.18924 0.19451 0.19568 0.19366 0.18892 0.18163 0.17097 0.15818 0.14579 0.13624 0.13065 0.12566 0.12087 0.11635 0.11224 0.10831 0.10431 0.10028 0.09645 0.092956 0.089584 0.086187 0.082774 0.079378 0.076047 0.072859 0.069787 0.066705 0.063475 0.059688 0.055624 0.051681 0.048134 0.045296 0.043226 0.041656 0.040244 0.038599 0.036454 0.034153 0.031869 0.029606 0.027315 0.024931 0.021997 0.018733 0.015569 0.01288 0.011011 0.00988 0.0089188 0.0080609 0.0072483 0.0064268 0.0055441 0.0045149 0.0033992 0.0023179 0.001368 0.00063369 0.00019659 1.5605e-05 0 0 0 0 0 0 0 0 0 0 
460 0 0 0.0057086 0.011095 0.015537 0.025668 0.039033 0.053049 0.069723 0.088895 0.10639 0.11974 0.13068 0.13953 0.14574 0.14854 0.14511 0.13695 0.12808 0.12232 0.12195 0.12359 0.12677 0.1316 0.13806 0.14888 0.16322 0.17779 0.18923 0.19451 0.1957 0.19368 0.18894 0.18166 0.17099 0.1582 0.1458 0.13623 0.13064 0.12565 0.12086 0.11633 0.11222 0.10828 0.10428 0.10025 0.096438 0.092982 0.089724 0.086471 0.083173 0.079811 0.076441 0.073191 0.070043 0.066881 0.063579 0.059755 0.055683 0.051736 0.048171 0.045287 0.043197 0.041629 0.04023 0.038596 0.036452 0.034151 0.031867 0.029604 0.027313 0.02493 0.021996 0.018732 0.015565 0.012875 0.011007 0.0098766 0.0089168 0.0080596 0.0072473 0.006426 0.0055437 0.0045157 0.0034017 0.0023222 0.0013733 0.00063932 0.00020113 1.8524e-05 0 0 0 0 9.5406e-07 2.8678e-06 2.7917e-06 2.4475e-06 1.9984e-06 1.5958e-06 
460.5 0 0 0.0056996 0.011065 0.015493 0.025615 0.039017 0.05304 0.069669 0.088796 0.10632 0.1198 0.13095 0.14003 0.14649 0.14952 0.14602 0.13749 0.12818 0.12214 0.12175 0.12342 0.12666 0.13155 0.13811 0.14898 0.16331 0.17787 0.1893 0.1946 0.1958 0.19378 0.18904 0.18176 0.17109 0.15829 0.14589 0.13631 0.13071 0.12571 0.12091 0.11638 0.11225 0.1083 0.10429 0.10027 0.096482 0.093115 0.09014 0.087241 0.084227 0.080947 0.077466 0.07405 0.070702 0.06733 0.063837 0.059919 0.055826 0.051874 0.048263 0.045261 0.043114 0.041556 0.040194 0.038595 0.036452 0.034146 0.03186 0.029596 0.027305 0.024921 0.021988 0.018726 0.015562 0.012875 0.011008 0.0098799 0.0089205 0.0080629 0.0072499 0.0064282 0.0055463 0.0045208 0.0034107 0.0023348 0.0013885 0.00065449 0.00021279 2.5385e-05 0 0 0 0 3.376e-06 1.0148e-05 9.8787e-06 8.6607e-06 7.0716e-06 5.647e-06 
461 0 0 0.0056907 0.011035 0.015449 0.025562 0.039002 0.05303 0.069615 0.088697 0.10624 0.11987 0.13121 0.14054 0.14725 0.15051 0.14693 0.13803 0.12828 0.12195 0.12156 0.12326 0.12654 0.13151 0.13815 0.14907 0.16341 0.17794 0.18936 0.19469 0.1959 0.19389 0.18914 0.18185 0.17118 0.15839 0.14598 0.13639 0.13077 0.12577 0.12097 0.11643 0.11229 0.10832 0.1043 0.10029 0.096526 0.093248 0.090556 0.088011 0.085281 0.082083 0.078491 0.074909 0.071361 0.06778 0.064095 0.060082 0.055969 0.052011 0.048355 0.045234 0.043031 0.041482 0.040159 0.038593 0.036451 0.034141 0.031853 0.029588 0.027297 0.024913 0.021981 0.01872 0.015558 0.012874 0.01101 0.0098832 0.0089242 0.0080662 0.0072525 0.0064304 0.005549 0.0045259 0.0034196 0.0023475 0.0014036 0.00066966 0.00022446 3.2246e-05 0 0 0 0 5.798e-06 1.7428e-05 1.6966e-05 1.4874e-05 1.2145e-05 9.6982e-06 
461.5 0 0 0.0056817 0.011006 0.015405 0.02551 0.038986 0.053021 0.069561 0.088598 0.10617 0.11993 0.13148 0.14105 0.148 0.1515 0.14784 0.13857 0.12837 0.12176 0.12137 0.1231 0.12643 0.13146 0.13819 0.14917 0.1635 0.17801 0.18943 0.19478 0.196 0.19399 0.18924 0.18195 0.17128 0.15849 0.14607 0.13647 0.13083 0.12582 0.12102 0.11648 0.11232 0.10833 0.10431 0.10031 0.096569 0.093381 0.090971 0.088782 0.086335 0.083219 0.079516 0.075768 0.07202 0.068229 0.064353 0.060246 0.056112 0.052149 0.048447 0.045208 0.042948 0.041409 0.040124 0.038591 0.036451 0.034136 0.031846 0.029581 0.027289 0.024904 0.021973 0.018714 0.015555 0.012873 0.011012 0.0098865 0.008928 0.0080695 0.0072552 0.0064326 0.0055516 0.004531 0.0034285 0.0023602 0.0014187 0.00068484 0.00023612 3.9107e-05 0 0 0 0 8.22e-06 2.4709e-05 2.4053e-05 2.1087e-05 1.7218e-05 1.3749e-05 
462 0 0 0.0056762 0.01099 0.015382 0.025479 0.038966 0.053 0.069517 0.088531 0.10611 0.11992 0.13155 0.14121 0.14827 0.15185 0.14817 0.13876 0.1284 0.12168 0.12128 0.12302 0.12636 0.13142 0.13818 0.14918 0.16351 0.17801 0.18942 0.19478 0.196 0.19399 0.18924 0.18194 0.17127 0.15848 0.14607 0.13647 0.13082 0.12581 0.121 0.11646 0.1123 0.1083 0.10426 0.10026 0.096522 0.093364 0.091061 0.089007 0.086674 0.083595 0.079858 0.076054 0.072239 0.068377 0.064434 0.060293 0.056149 0.052184 0.048467 0.045191 0.042916 0.041381 0.040109 0.038586 0.036446 0.03413 0.03184 0.029574 0.027282 0.024897 0.021967 0.01871 0.015553 0.012873 0.011014 0.0098889 0.0089304 0.0080715 0.0072566 0.0064336 0.0055526 0.0045327 0.0034317 0.0023648 0.0014244 0.00069052 0.00024044 4.1497e-05 0 0 0 0 9.1058e-06 2.7434e-05 2.6696e-05 2.3396e-05 1.9096e-05 1.5242e-05 
462.5 0 0 0.0056728 0.010982 0.015371 0.025462 0.038944 0.052971 0.06948 0.088484 0.10606 0.11987 0.1315 0.14116 0.14823 0.15182 0.14815 0.13874 0.12838 0.12166 0.12126 0.123 0.12633 0.13138 0.13814 0.14913 0.16346 0.17796 0.18937 0.19472 0.19593 0.19392 0.18917 0.18187 0.1712 0.1584 0.14601 0.13642 0.13077 0.12574 0.12093 0.1164 0.11223 0.10822 0.10418 0.10016 0.096419 0.093257 0.090952 0.088901 0.086576 0.083509 0.079783 0.075991 0.072189 0.06834 0.064408 0.060269 0.056123 0.052155 0.048443 0.045181 0.042915 0.041381 0.040105 0.038578 0.036438 0.034124 0.031834 0.029568 0.027276 0.02489 0.021961 0.018707 0.015552 0.012874 0.011016 0.0098908 0.0089319 0.0080727 0.0072573 0.0064339 0.0055526 0.0045324 0.0034313 0.0023645 0.0014242 0.00069041 0.0002403 4.1162e-05 0 0 0 0 9.0555e-06 2.7383e-05 2.663e-05 2.3326e-05 1.9026e-05 1.5174e-05 
463 0 0 0.0056693 0.010975 0.01536 0.025445 0.038922 0.052943 0.069442 0.088438 0.106 0.11981 0.13144 0.14111 0.14819 0.15179 0.14812 0.13872 0.12836 0.12164 0.12123 0.12297 0.1263 0.13134 0.1381 0.14909 0.16341 0.17791 0.18931 0.19465 0.19586 0.19384 0.18909 0.1818 0.17112 0.15833 0.14595 0.13637 0.13072 0.12568 0.12087 0.11634 0.11217 0.10815 0.10409 0.10007 0.096317 0.093149 0.090842 0.088795 0.086479 0.083422 0.079707 0.075927 0.07214 0.068304 0.064382 0.060245 0.056096 0.052126 0.048418 0.045172 0.042914 0.041381 0.040101 0.038571 0.036431 0.034117 0.031828 0.029562 0.027269 0.024884 0.021956 0.018703 0.015551 0.012875 0.011018 0.0098926 0.0089335 0.0080738 0.0072581 0.0064342 0.0055525 0.0045321 0.003431 0.0023642 0.001424 0.00069029 0.00024016 4.0827e-05 0 0 0 0 9.0052e-06 2.7332e-05 2.6565e-05 2.3257e-05 1.8956e-05 1.5107e-05 
463.5 0 0 0.0056659 0.010968 0.015349 0.025428 0.0389 0.052915 0.069405 0.088391 0.10595 0.11975 0.13139 0.14106 0.14815 0.15176 0.1481 0.1387 0.12834 0.12162 0.12121 0.12294 0.12627 0.13131 0.13806 0.14904 0.16336 0.17786 0.18925 0.19459 0.19579 0.19377 0.18902 0.18173 0.17105 0.15826 0.14589 0.13632 0.13067 0.12562 0.1208 0.11628 0.11211 0.10807 0.10401 0.099971 0.096214 0.093042 0.090733 0.088689 0.086381 0.083335 0.079632 0.075864 0.07209 0.068268 0.064356 0.06022 0.056069 0.052097 0.048394 0.045162 0.042913 0.041381 0.040098 0.038563 0.036423 0.034111 0.031821 0.029555 0.027263 0.024877 0.021951 0.0187 0.01555 0.012876 0.011019 0.0098945 0.0089351 0.008075 0.0072588 0.0064346 0.0055525 0.0045318 0.0034306 0.0023639 0.0014238 0.00069018 0.00024002 4.0492e-05 0 0 0 0 8.9549e-06 2.7281e-05 2.6499e-05 2.3187e-05 1.8887e-05 1.504e-05 
464 0 0 0.0056557 0.010953 0.01533 0.025398 0.038865 0.052878 0.069365 0.088348 0.10591 0.11972 0.13136 0.14105 0.14815 0.15178 0.14813 0.13873 0.12837 0.12164 0.12123 0.12297 0.12629 0.13133 0.13808 0.14906 0.16337 0.17786 0.18925 0.19459 0.1958 0.19379 0.18904 0.18174 0.17106 0.15828 0.14592 0.13636 0.13071 0.12565 0.12084 0.11631 0.11214 0.1081 0.10403 0.099987 0.096226 0.093051 0.090747 0.088718 0.086426 0.08339 0.079687 0.075917 0.072143 0.068319 0.064404 0.060261 0.056098 0.052116 0.048407 0.045176 0.042928 0.041396 0.040112 0.038577 0.036435 0.03412 0.031829 0.029561 0.027267 0.02488 0.021952 0.0187 0.015549 0.012873 0.011014 0.0098879 0.0089291 0.0080708 0.0072567 0.0064343 0.0055531 0.0045323 0.0034304 0.0023631 0.0014227 0.00068925 0.00024005 4.1785e-05 0 0 0 0 9.1236e-06 2.7255e-05 2.6474e-05 2.3162e-05 1.8861e-05 1.5012e-05 
464.5 0 0 0.0056443 0.010938 0.015309 0.025365 0.038827 0.05284 0.069324 0.088306 0.10587 0.11968 0.13133 0.14104 0.14816 0.1518 0.14816 0.13876 0.1284 0.12167 0.12126 0.123 0.12633 0.13136 0.13811 0.14909 0.1634 0.17788 0.18926 0.1946 0.19582 0.19382 0.18907 0.18176 0.17109 0.15833 0.14597 0.13641 0.13076 0.12571 0.12089 0.11636 0.11218 0.10814 0.10407 0.10002 0.096258 0.09308 0.090784 0.08877 0.086496 0.083469 0.079764 0.075991 0.072214 0.068387 0.064466 0.060312 0.056137 0.052144 0.048428 0.045195 0.042947 0.041414 0.040131 0.038594 0.03645 0.034132 0.031838 0.029569 0.027273 0.024884 0.021954 0.0187 0.015547 0.012869 0.011007 0.0098799 0.0089219 0.0080657 0.0072542 0.006434 0.0055538 0.0045328 0.0034302 0.0023622 0.0014214 0.00068816 0.0002401 4.3367e-05 0 0 0 0 9.331e-06 2.7233e-05 2.6457e-05 2.3145e-05 1.8842e-05 1.4992e-05 
465 0 0 0.0056329 0.010922 0.015288 0.025333 0.03879 0.052802 0.069284 0.088264 0.10583 0.11965 0.13131 0.14102 0.14816 0.15182 0.1482 0.1388 0.12843 0.1217 0.12129 0.12303 0.12636 0.1314 0.13814 0.14912 0.16342 0.1779 0.18927 0.1946 0.19584 0.19385 0.18909 0.18179 0.17112 0.15837 0.14602 0.13647 0.13082 0.12576 0.12094 0.11641 0.11223 0.10819 0.10411 0.10006 0.09629 0.09311 0.090821 0.088822 0.086566 0.083548 0.079841 0.076065 0.072285 0.068454 0.064528 0.060363 0.056176 0.052171 0.048448 0.045214 0.042965 0.041432 0.040149 0.038612 0.036465 0.034144 0.031848 0.029577 0.027279 0.024888 0.021957 0.018701 0.015545 0.012865 0.011001 0.0098718 0.0089147 0.0080606 0.0072516 0.0064336 0.0055545 0.0045334 0.00343 0.0023613 0.00142 0.00068708 0.00024016 4.4949e-05 0 0 0 0 9.5384e-06 2.7211e-05 2.6439e-05 2.3128e-05 1.8824e-05 1.4972e-05 
465.5 0 0 0.0056221 0.010907 0.015268 0.025301 0.038753 0.052764 0.069243 0.088221 0.10579 0.11961 0.13128 0.14101 0.14816 0.15184 0.14823 0.13883 0.12846 0.12172 0.12132 0.12306 0.12639 0.13142 0.13817 0.14914 0.16344 0.17791 0.18927 0.1946 0.19585 0.19388 0.18912 0.1818 0.17115 0.1584 0.14606 0.13651 0.13086 0.1258 0.12098 0.11645 0.11227 0.10823 0.10414 0.10009 0.096317 0.093134 0.090851 0.088867 0.086627 0.083617 0.079908 0.076128 0.072344 0.06851 0.064578 0.060405 0.056207 0.052193 0.048464 0.045228 0.042978 0.041445 0.040162 0.038625 0.036476 0.034153 0.031855 0.029583 0.027285 0.024892 0.021959 0.018701 0.015543 0.012861 0.010994 0.0098645 0.0089081 0.0080559 0.0072492 0.0064331 0.0055549 0.0045337 0.0034297 0.0023604 0.0014189 0.00068612 0.00024021 4.6328e-05 0 0 0 0 9.7208e-06 2.7193e-05 2.6424e-05 2.3114e-05 1.8809e-05 1.4955e-05 
466 0 0 0.0056177 0.010894 0.015251 0.025279 0.038723 0.052723 0.069191 0.088157 0.10571 0.11953 0.1312 0.14093 0.1481 0.15178 0.14817 0.13878 0.12841 0.12168 0.12127 0.12301 0.12634 0.13137 0.13811 0.14907 0.16335 0.1778 0.18915 0.19449 0.19575 0.19379 0.18904 0.18173 0.17107 0.15831 0.14595 0.1364 0.13076 0.12572 0.12092 0.1164 0.11223 0.10819 0.10411 0.10006 0.09628 0.093092 0.090809 0.088829 0.08659 0.083567 0.07984 0.076049 0.072264 0.068429 0.064494 0.060326 0.056143 0.052147 0.048425 0.045183 0.04293 0.041398 0.040118 0.038586 0.036443 0.034126 0.031835 0.029569 0.027276 0.024888 0.021956 0.018698 0.01554 0.012857 0.010993 0.0098657 0.0089096 0.0080561 0.0072477 0.0064301 0.0055514 0.0045308 0.003428 0.0023598 0.0014192 0.00068674 0.00024019 4.5249e-05 0 0 0 0 9.5981e-06 2.7217e-05 2.6441e-05 2.3131e-05 1.8829e-05 1.4977e-05 
466.5 0 0 0.0056133 0.010882 0.015233 0.025256 0.038692 0.052683 0.06914 0.088094 0.10564 0.11945 0.13112 0.14086 0.14803 0.15172 0.14811 0.13873 0.12836 0.12163 0.12123 0.12296 0.12629 0.13132 0.13805 0.14899 0.16326 0.17769 0.18903 0.19438 0.19566 0.1937 0.18896 0.18166 0.17099 0.15821 0.14584 0.13628 0.13067 0.12565 0.12086 0.11635 0.11218 0.10815 0.10407 0.10002 0.096242 0.09305 0.090767 0.088791 0.086552 0.083518 0.079773 0.075971 0.072183 0.068347 0.06441 0.060247 0.05608 0.0521 0.048387 0.045138 0.042881 0.04135 0.040074 0.038548 0.036411 0.0341 0.031815 0.029554 0.027267 0.024884 0.021953 0.018695 0.015536 0.012853 0.010992 0.009867 0.0089111 0.0080564 0.0072462 0.0064271 0.005548 0.004528 0.0034262 0.0023593 0.0014195 0.00068735 0.00024018 4.417e-05 0 0 0 0 9.4754e-06 2.7241e-05 2.6459e-05 2.3148e-05 1.8848e-05 1.5e-05 
467 0 0 0.0056089 0.010869 0.015216 0.025234 0.038662 0.052643 0.069089 0.088031 0.10557 0.11938 0.13104 0.14079 0.14796 0.15166 0.14806 0.13867 0.12831 0.12158 0.12118 0.12291 0.12624 0.13126 0.13799 0.14892 0.16317 0.17758 0.18891 0.19427 0.19556 0.19361 0.18888 0.18159 0.17092 0.15812 0.14573 0.13617 0.13057 0.12557 0.1208 0.1163 0.11214 0.10811 0.10404 0.099986 0.096204 0.093007 0.090725 0.088752 0.086514 0.083468 0.079705 0.075893 0.072102 0.068266 0.064326 0.060168 0.056016 0.052053 0.048348 0.045093 0.042832 0.041302 0.040031 0.038509 0.036378 0.034074 0.031795 0.02954 0.027258 0.024879 0.021951 0.018692 0.015532 0.01285 0.01099 0.0098683 0.0089125 0.0080567 0.0072447 0.0064241 0.0055445 0.0045251 0.0034245 0.0023587 0.0014199 0.00068797 0.00024016 4.309e-05 0 0 0 0 9.3527e-06 2.7265e-05 2.6476e-05 2.3165e-05 1.8867e-05 1.5023e-05 
467.5 0 0 0.005605 0.010859 0.015203 0.025216 0.038639 0.052614 0.069052 0.087987 0.10552 0.11932 0.131 0.14074 0.14793 0.15163 0.14803 0.13865 0.12829 0.12156 0.12115 0.12289 0.12621 0.13123 0.13795 0.14888 0.16312 0.17752 0.18885 0.1942 0.1955 0.19356 0.18882 0.18153 0.17086 0.15807 0.14568 0.13611 0.13051 0.12551 0.12074 0.11624 0.11209 0.10807 0.104 0.099958 0.096183 0.092991 0.090712 0.088739 0.0865 0.083447 0.079675 0.075857 0.072064 0.068227 0.064284 0.060129 0.055984 0.05203 0.04833 0.045071 0.042807 0.041277 0.040006 0.038487 0.036359 0.034058 0.031783 0.029532 0.027253 0.024877 0.02195 0.01869 0.01553 0.012847 0.010989 0.0098691 0.0089138 0.0080573 0.0072442 0.0064227 0.0055429 0.0045241 0.0034248 0.0023604 0.0014225 0.00069061 0.00024158 4.2808e-05 0 0 0 0 9.2286e-06 2.7285e-05 2.6472e-05 2.313e-05 1.8804e-05 1.4937e-05 
468 0 0 0.0056023 0.010857 0.015199 0.025208 0.038632 0.05261 0.06905 0.087989 0.10553 0.11934 0.13101 0.14077 0.14796 0.15168 0.14808 0.1387 0.12833 0.12159 0.12118 0.12291 0.12623 0.13125 0.13797 0.14891 0.16316 0.17758 0.18892 0.19426 0.19553 0.19357 0.18882 0.18152 0.17087 0.15811 0.14574 0.13617 0.13053 0.12548 0.12068 0.11617 0.11202 0.10801 0.10397 0.099948 0.096199 0.093035 0.090764 0.088786 0.08654 0.083492 0.079729 0.075916 0.072124 0.068286 0.064342 0.060179 0.056024 0.052061 0.048357 0.045102 0.042837 0.041302 0.040027 0.038503 0.036372 0.034068 0.03179 0.029537 0.027257 0.02488 0.021952 0.018692 0.015531 0.012847 0.010989 0.0098688 0.0089144 0.0080588 0.0072463 0.0064251 0.0055454 0.0045275 0.0034298 0.0023671 0.0014303 0.00069795 0.00024632 4.4362e-05 0 0 0 0 9.1013e-06 2.7295e-05 2.6417e-05 2.2978e-05 1.8548e-05 1.46e-05 
468.5 0 0 0.0055996 0.010855 0.015195 0.0252 0.038625 0.052606 0.069048 0.087991 0.10554 0.11936 0.13103 0.14079 0.148 0.15172 0.14813 0.13874 0.12837 0.12162 0.12121 0.12293 0.12625 0.13127 0.13799 0.14893 0.1632 0.17765 0.18899 0.19431 0.19556 0.19359 0.18882 0.18151 0.17087 0.15814 0.14581 0.13624 0.13054 0.12545 0.12062 0.1161 0.11195 0.10796 0.10394 0.099938 0.096215 0.093079 0.090816 0.088833 0.08658 0.083536 0.079784 0.075976 0.072185 0.068345 0.064399 0.060229 0.056064 0.052092 0.048383 0.045132 0.042867 0.041328 0.040048 0.038519 0.036385 0.034078 0.031797 0.029543 0.027261 0.024883 0.021954 0.018694 0.015531 0.012847 0.010988 0.0098686 0.008915 0.0080602 0.0072484 0.0064275 0.0055479 0.0045308 0.0034348 0.0023739 0.0014381 0.00070528 0.00025106 4.5916e-05 0 0 0 0 8.974e-06 2.7304e-05 2.6362e-05 2.2825e-05 1.8292e-05 1.4263e-05 
469 0 0 0.0055969 0.010853 0.015191 0.025192 0.038618 0.052603 0.069046 0.087993 0.10555 0.11937 0.13105 0.14082 0.14804 0.15177 0.14818 0.13879 0.12841 0.12166 0.12123 0.12296 0.12627 0.13129 0.13801 0.14896 0.16325 0.17771 0.18906 0.19437 0.1956 0.1936 0.18882 0.1815 0.17087 0.15818 0.14588 0.1363 0.13055 0.12542 0.12056 0.11602 0.11188 0.10791 0.10391 0.099927 0.096232 0.093123 0.090868 0.08888 0.08662 0.08358 0.079839 0.076035 0.072245 0.068404 0.064456 0.06028 0.056103 0.052122 0.04841 0.045162 0.042897 0.041354 0.040068 0.038535 0.036397 0.034088 0.031805 0.029548 0.027265 0.024886 0.021956 0.018695 0.015532 0.012848 0.010988 0.0098683 0.0089156 0.0080617 0.0072504 0.0064299 0.0055504 0.0045342 0.0034397 0.0023806 0.0014459 0.00071261 0.0002558 4.747e-05 0 0 0 0 8.8467e-06 2.7314e-05 2.6307e-05 2.2672e-05 1.8037e-05 1.3926e-05 
469.5 0 0 0.0055901 0.010839 0.015172 0.025163 0.038585 0.05257 0.069014 0.087965 0.10553 0.11935 0.13104 0.14082 0.14805 0.15179 0.14821 0.13882 0.12843 0.12167 0.12125 0.12297 0.12628 0.13129 0.138 0.14896 0.16326 0.17772 0.18907 0.19437 0.1956 0.1936 0.18882 0.18149 0.17087 0.15819 0.1459 0.13632 0.13057 0.12543 0.12055 0.11601 0.11187 0.1079 0.10389 0.099909 0.096213 0.093108 0.09086 0.088878 0.08662 0.083578 0.079832 0.076027 0.072237 0.068397 0.064451 0.06028 0.056113 0.05214 0.048432 0.04518 0.042911 0.041366 0.040077 0.038542 0.036402 0.034091 0.031807 0.029549 0.027265 0.024885 0.021954 0.018692 0.015529 0.012845 0.010986 0.0098669 0.0089148 0.0080611 0.0072498 0.0064292 0.0055497 0.004534 0.0034408 0.0023831 0.0014493 0.00071609 0.00025794 4.7804e-05 0 0 0 0 8.7434e-06 2.7324e-05 2.6286e-05 2.2607e-05 1.7926e-05 1.3779e-05 
470 0 0 0.0055798 0.010816 0.015141 0.025117 0.038529 0.052512 0.068957 0.087911 0.10547 0.11931 0.131 0.1408 0.14804 0.15179 0.14821 0.13882 0.12844 0.12168 0.12125 0.12296 0.12627 0.13127 0.13799 0.14894 0.16323 0.1777 0.18904 0.19434 0.19557 0.19358 0.18881 0.18148 0.17086 0.15818 0.14588 0.13631 0.13059 0.12547 0.12061 0.11607 0.11191 0.10792 0.10389 0.099884 0.096164 0.09304 0.090798 0.088832 0.086585 0.083534 0.079772 0.07596 0.072168 0.068331 0.06439 0.060238 0.056097 0.052147 0.048448 0.045186 0.04291 0.041364 0.040076 0.038541 0.036401 0.034089 0.031804 0.029545 0.02726 0.02488 0.021948 0.018686 0.015523 0.012839 0.010982 0.0098645 0.0089126 0.0080586 0.0072468 0.0064256 0.005546 0.0045308 0.0034384 0.0023818 0.0014489 0.00071616 0.00025778 4.706e-05 0 0 0 0 8.6613e-06 2.7335e-05 2.6295e-05 2.2619e-05 1.7942e-05 1.3799e-05 
470.5 0 0 0.0055695 0.010793 0.015109 0.025071 0.038473 0.052453 0.0689 0.087856 0.10542 0.11926 0.13097 0.14078 0.14803 0.1518 0.14822 0.13883 0.12844 0.12168 0.12125 0.12296 0.12626 0.13126 0.13797 0.14891 0.16321 0.17767 0.18901 0.19431 0.19555 0.19356 0.18879 0.18148 0.17086 0.15816 0.14586 0.1363 0.1306 0.1255 0.12066 0.11612 0.11195 0.10794 0.10389 0.099859 0.096115 0.092973 0.090736 0.088786 0.086549 0.083491 0.079711 0.075892 0.072099 0.068265 0.064328 0.060195 0.056081 0.052153 0.048464 0.045192 0.04291 0.041362 0.040074 0.038541 0.0364 0.034087 0.031801 0.029541 0.027256 0.024874 0.021942 0.018679 0.015517 0.012834 0.010979 0.009862 0.0089105 0.0080562 0.0072438 0.0064221 0.0055423 0.0045275 0.0034361 0.0023805 0.0014486 0.00071623 0.00025761 4.6317e-05 0 0 0 0 8.5792e-06 2.7346e-05 2.6305e-05 2.2631e-05 1.7958e-05 1.382e-05 
471 0 0 0.0055591 0.01077 0.015077 0.025025 0.038417 0.052395 0.068843 0.087802 0.10537 0.11921 0.13094 0.14076 0.14803 0.1518 0.14823 0.13884 0.12845 0.12168 0.12125 0.12295 0.12625 0.13125 0.13795 0.14889 0.16318 0.17764 0.18898 0.19428 0.19552 0.19354 0.18878 0.18147 0.17085 0.15815 0.14584 0.13629 0.13062 0.12554 0.12071 0.11618 0.112 0.10796 0.10388 0.099833 0.096065 0.092905 0.090675 0.08874 0.086514 0.083447 0.079651 0.075824 0.072031 0.068199 0.064267 0.060152 0.056065 0.05216 0.04848 0.045198 0.042909 0.04136 0.040073 0.03854 0.036398 0.034085 0.031798 0.029538 0.027252 0.024869 0.021936 0.018672 0.01551 0.012829 0.010975 0.0098596 0.0089083 0.0080537 0.0072407 0.0064185 0.0055386 0.0045243 0.0034337 0.0023792 0.0014482 0.0007163 0.00025745 4.5573e-05 0 0 0 0 8.4971e-06 2.7357e-05 2.6314e-05 2.2643e-05 1.7975e-05 1.384e-05 
471.5 0 0 0.0055499 0.010754 0.015057 0.024995 0.038381 0.052356 0.068801 0.087759 0.10533 0.11917 0.1309 0.14073 0.14801 0.1518 0.14823 0.13885 0.12845 0.12168 0.12124 0.12294 0.12623 0.13122 0.13792 0.14886 0.16313 0.17758 0.18893 0.19426 0.19553 0.19357 0.18883 0.18153 0.17091 0.15819 0.14586 0.13629 0.13062 0.12555 0.12072 0.11618 0.112 0.10797 0.10389 0.099839 0.09607 0.092911 0.090681 0.088744 0.086517 0.083457 0.079671 0.075851 0.072062 0.068232 0.0643 0.060175 0.056075 0.052158 0.048475 0.045201 0.042917 0.041367 0.040078 0.038543 0.036402 0.03409 0.031804 0.029545 0.027259 0.024877 0.021943 0.018677 0.015513 0.01283 0.010975 0.0098588 0.0089074 0.0080531 0.0072408 0.0064192 0.0055396 0.0045248 0.0034337 0.0023787 0.0014475 0.00071566 0.00025733 4.6115e-05 0 0 0 0 8.6171e-06 2.7366e-05 2.6322e-05 2.2651e-05 1.7982e-05 1.3846e-05 
472 0 0 0.0055409 0.010741 0.015041 0.024972 0.038352 0.052323 0.068765 0.087721 0.10529 0.11914 0.13087 0.14071 0.148 0.15179 0.14824 0.13886 0.12846 0.12168 0.12124 0.12293 0.12621 0.1312 0.13789 0.14881 0.16307 0.17752 0.18888 0.19424 0.19555 0.19362 0.1889 0.18162 0.17099 0.15825 0.14589 0.13629 0.13061 0.12554 0.12071 0.11618 0.112 0.10797 0.1039 0.099855 0.096092 0.092941 0.090708 0.088763 0.086532 0.083484 0.079717 0.075909 0.072125 0.068296 0.064362 0.06022 0.056093 0.052154 0.048463 0.045203 0.042927 0.041378 0.040086 0.038549 0.036408 0.034097 0.031813 0.029556 0.027271 0.02489 0.021953 0.018685 0.015518 0.012832 0.010975 0.0098586 0.0089068 0.0080531 0.0072418 0.0064213 0.0055419 0.0045267 0.0034345 0.0023785 0.0014466 0.00071478 0.00025723 4.7065e-05 0 0 0 0 8.8015e-06 2.7375e-05 2.6328e-05 2.2657e-05 1.7986e-05 1.3848e-05 
472.5 0 0 0.0055319 0.010728 0.015025 0.024948 0.038322 0.05229 0.068728 0.087683 0.10526 0.11911 0.13083 0.14068 0.14798 0.15179 0.14825 0.13887 0.12846 0.12168 0.12123 0.12292 0.1262 0.13117 0.13786 0.14877 0.16301 0.17745 0.18882 0.19422 0.19556 0.19367 0.18898 0.1817 0.17107 0.15831 0.14592 0.1363 0.13061 0.12553 0.1207 0.11617 0.112 0.10798 0.10392 0.099871 0.096114 0.09297 0.090736 0.088783 0.086547 0.083511 0.079764 0.075967 0.072188 0.06836 0.064424 0.060265 0.056112 0.05215 0.048451 0.045205 0.042938 0.041389 0.040094 0.038554 0.036414 0.034104 0.031822 0.029566 0.027283 0.024902 0.021964 0.018694 0.015524 0.012835 0.010976 0.0098584 0.0089063 0.0080531 0.0072429 0.0064233 0.0055443 0.0045285 0.0034353 0.0023783 0.0014458 0.00071391 0.00025713 4.8016e-05 0 0 0 0 8.9858e-06 2.7384e-05 2.6335e-05 2.2663e-05 1.799e-05 1.385e-05 
473 0 0 0.005523 0.010715 0.015009 0.024924 0.038292 0.052257 0.068691 0.087644 0.10522 0.11907 0.1308 0.14065 0.14797 0.15179 0.14826 0.13888 0.12847 0.12167 0.12122 0.12291 0.12618 0.13115 0.13784 0.14873 0.16295 0.17738 0.18877 0.1942 0.19558 0.19372 0.18905 0.18179 0.17115 0.15837 0.14595 0.1363 0.1306 0.12552 0.12069 0.11616 0.112 0.10799 0.10393 0.099887 0.096135 0.093 0.090764 0.088802 0.086561 0.083538 0.07981 0.076024 0.072251 0.068424 0.064486 0.06031 0.05613 0.052146 0.04844 0.045207 0.042948 0.0414 0.040101 0.038559 0.03642 0.034112 0.031831 0.029577 0.027295 0.024914 0.021975 0.018702 0.015529 0.012838 0.010977 0.0098581 0.0089058 0.0080531 0.0072439 0.0064254 0.0055467 0.0045303 0.0034361 0.0023782 0.001445 0.00071303 0.00025703 4.8966e-05 0 0 0 0 9.1702e-06 2.7393e-05 2.6342e-05 2.2669e-05 1.7994e-05 1.3851e-05 
473.5 0 0 0.0055128 0.010695 0.014983 0.024887 0.038249 0.052208 0.068634 0.087578 0.10515 0.119 0.13074 0.14061 0.14795 0.1518 0.14828 0.13889 0.12848 0.12168 0.12124 0.12293 0.12618 0.13115 0.13785 0.14875 0.16298 0.17741 0.18879 0.19421 0.19558 0.19371 0.18903 0.18177 0.17113 0.15836 0.14595 0.13631 0.13062 0.12555 0.12072 0.11619 0.11202 0.10801 0.10395 0.099908 0.096155 0.093021 0.09079 0.088829 0.086584 0.083557 0.079829 0.076042 0.072264 0.068432 0.06449 0.060315 0.056141 0.052162 0.048458 0.045221 0.042955 0.041401 0.040099 0.038555 0.036417 0.034109 0.03183 0.029579 0.0273 0.024922 0.021983 0.018708 0.015533 0.01284 0.01098 0.0098623 0.0089094 0.0080552 0.0072444 0.0064245 0.0055454 0.0045294 0.003436 0.002379 0.0014465 0.00071441 0.00025726 4.7815e-05 0 0 0 0 8.926e-06 2.733e-05 2.6275e-05 2.2598e-05 1.7919e-05 1.3774e-05 
474 0 0 0.0055026 0.010676 0.014957 0.02485 0.038205 0.052158 0.068576 0.087512 0.10508 0.11894 0.13069 0.14058 0.14794 0.1518 0.14829 0.1389 0.12848 0.1217 0.12127 0.12295 0.12619 0.13115 0.13786 0.14877 0.16301 0.17744 0.18881 0.19421 0.19557 0.1937 0.18902 0.18175 0.17112 0.15835 0.14595 0.13633 0.13064 0.12557 0.12074 0.11622 0.11205 0.10804 0.10397 0.099929 0.096175 0.093041 0.090815 0.088856 0.086607 0.083576 0.079847 0.076059 0.072277 0.06844 0.064493 0.06032 0.056152 0.052179 0.048476 0.045235 0.042961 0.041402 0.040097 0.038551 0.036413 0.034106 0.031829 0.029581 0.027305 0.02493 0.021991 0.018714 0.015537 0.012843 0.010983 0.0098665 0.008913 0.0080574 0.0072448 0.0064237 0.005544 0.0045284 0.0034359 0.0023799 0.0014481 0.00071582 0.00025749 4.6634e-05 0 0 0 0 8.6758e-06 2.7265e-05 2.6208e-05 2.2526e-05 1.7843e-05 1.3695e-05 
474.5 0 0 0.0054924 0.010656 0.014931 0.024813 0.038161 0.052109 0.068519 0.087445 0.10501 0.11887 0.13063 0.14054 0.14792 0.15181 0.14831 0.13891 0.12849 0.12171 0.12129 0.12297 0.1262 0.13115 0.13787 0.1488 0.16304 0.17746 0.18882 0.19422 0.19557 0.19369 0.189 0.18173 0.1711 0.15835 0.14596 0.13634 0.13066 0.12559 0.12077 0.11624 0.11208 0.10806 0.104 0.09995 0.096194 0.093062 0.090841 0.088883 0.08663 0.083595 0.079865 0.076077 0.072289 0.068447 0.064497 0.060326 0.056162 0.052196 0.048495 0.045248 0.042968 0.041402 0.040095 0.038548 0.03641 0.034104 0.031828 0.029583 0.02731 0.024938 0.021999 0.01872 0.015541 0.012845 0.010986 0.0098707 0.0089166 0.0080595 0.0072453 0.0064228 0.0055426 0.0045274 0.0034358 0.0023808 0.0014496 0.00071723 0.00025773 4.5453e-05 0 0 0 0 8.4256e-06 2.7201e-05 2.614e-05 2.2454e-05 1.7768e-05 1.3617e-05 
475 0 0 0.0054846 0.010641 0.01491 0.024784 0.038128 0.052074 0.068477 0.087398 0.10496 0.11882 0.1306 0.14053 0.14793 0.15184 0.14834 0.13894 0.12851 0.12173 0.12132 0.123 0.12622 0.13117 0.13789 0.14883 0.16309 0.17752 0.18887 0.19425 0.19559 0.1937 0.18901 0.18173 0.1711 0.15836 0.14598 0.13638 0.1307 0.12563 0.12081 0.11628 0.11211 0.10809 0.10403 0.099976 0.096218 0.093086 0.090868 0.08891 0.086654 0.083616 0.079885 0.076097 0.072306 0.068458 0.064505 0.060334 0.056173 0.052209 0.048509 0.045258 0.042973 0.041403 0.040093 0.038546 0.036409 0.034103 0.031829 0.029585 0.027315 0.024945 0.022006 0.018726 0.015544 0.012847 0.010988 0.0098736 0.0089192 0.008061 0.0072455 0.0064221 0.0055415 0.0045266 0.0034357 0.0023814 0.0014506 0.0007182 0.00025787 4.4599e-05 0 0 0 0 8.2507e-06 2.7156e-05 2.6093e-05 2.2404e-05 1.7715e-05 1.3562e-05 
475.5 0 0 0.0054853 0.010643 0.014911 0.024786 0.038136 0.052088 0.068495 0.087421 0.10499 0.11886 0.13065 0.14059 0.148 0.15192 0.14843 0.13903 0.1286 0.12181 0.12139 0.12307 0.12629 0.13123 0.13794 0.1489 0.1632 0.17767 0.18903 0.19439 0.19571 0.1938 0.18909 0.1818 0.17118 0.15845 0.14609 0.13648 0.13079 0.12571 0.12088 0.11634 0.11217 0.10815 0.10408 0.10002 0.096259 0.093124 0.090901 0.088938 0.086678 0.083642 0.079915 0.076127 0.072335 0.068486 0.06453 0.060353 0.056183 0.052211 0.048505 0.045256 0.042972 0.041404 0.040096 0.038551 0.036414 0.034109 0.031834 0.029591 0.02732 0.024949 0.02201 0.018729 0.015546 0.012847 0.010987 0.0098721 0.0089178 0.00806 0.007245 0.0064219 0.0055415 0.0045265 0.0034353 0.0023808 0.0014499 0.00071755 0.00025768 4.495e-05 0 0 0 0 8.3534e-06 2.7181e-05 2.612e-05 2.2434e-05 1.7746e-05 1.3593e-05 
476 0 0 0.005486 0.010645 0.014912 0.024788 0.038144 0.052102 0.068514 0.087445 0.10502 0.1189 0.1307 0.14065 0.14808 0.15201 0.14852 0.13912 0.12868 0.12188 0.12146 0.12314 0.12636 0.1313 0.138 0.14896 0.16331 0.17782 0.18919 0.19452 0.19582 0.1939 0.18917 0.18187 0.17126 0.15854 0.14619 0.13658 0.13088 0.12579 0.12095 0.11641 0.11223 0.1082 0.10413 0.10007 0.0963 0.093162 0.090935 0.088965 0.086702 0.083668 0.079944 0.076157 0.072365 0.068514 0.064556 0.060373 0.056194 0.052212 0.048502 0.045254 0.042972 0.041406 0.040099 0.038555 0.03642 0.034115 0.03184 0.029596 0.027325 0.024953 0.022013 0.018731 0.015547 0.012848 0.010985 0.0098706 0.0089164 0.008059 0.0072445 0.0064218 0.0055414 0.0045263 0.0034348 0.0023801 0.0014491 0.00071689 0.0002575 4.53e-05 0 0 0 0 8.4561e-06 2.7207e-05 2.6148e-05 2.2464e-05 1.7777e-05 1.3624e-05 
476.5 0 0 0.0054868 0.010647 0.014913 0.02479 0.038152 0.052116 0.068532 0.087469 0.10505 0.11894 0.13075 0.14071 0.14815 0.15209 0.14861 0.13921 0.12877 0.12196 0.12153 0.12321 0.12643 0.13136 0.13805 0.14903 0.16342 0.17798 0.18935 0.19466 0.19594 0.194 0.18925 0.18194 0.17133 0.15863 0.14629 0.13669 0.13097 0.12588 0.12103 0.11647 0.11229 0.10826 0.10418 0.10011 0.096342 0.0932 0.090968 0.088993 0.086726 0.083694 0.079973 0.076187 0.072394 0.068541 0.064581 0.060392 0.056204 0.052214 0.048499 0.045251 0.042971 0.041407 0.040102 0.03856 0.036426 0.03412 0.031846 0.029601 0.027329 0.024957 0.022017 0.018734 0.015549 0.012848 0.010984 0.0098691 0.0089151 0.0080581 0.007244 0.0064216 0.0055414 0.0045261 0.0034344 0.0023795 0.0014483 0.00071624 0.00025731 4.565e-05 0 0 0 0 8.5588e-06 2.7232e-05 2.6176e-05 2.2494e-05 1.7809e-05 1.3655e-05 
477 0 0 0.0054859 0.010643 0.014907 0.024782 0.038148 0.052114 0.068532 0.08747 0.10505 0.11895 0.13077 0.14075 0.1482 0.15215 0.14868 0.13927 0.12882 0.12201 0.12158 0.12325 0.12647 0.1314 0.13808 0.14906 0.16348 0.17806 0.18943 0.19473 0.196 0.19405 0.1893 0.18198 0.17137 0.15868 0.14634 0.13674 0.13102 0.12593 0.12108 0.11653 0.11234 0.1083 0.10422 0.10015 0.096376 0.093231 0.090992 0.089009 0.086736 0.0837 0.07998 0.076194 0.072399 0.068545 0.064584 0.060393 0.056203 0.052209 0.048492 0.045243 0.042965 0.041404 0.040104 0.038564 0.036429 0.034123 0.031847 0.0296 0.027326 0.024952 0.022012 0.01873 0.015547 0.012847 0.010984 0.0098671 0.0089132 0.0080572 0.0072442 0.0064228 0.005543 0.0045272 0.0034348 0.0023789 0.0014472 0.00071503 0.00025701 4.6484e-05 0 0 0 0 8.7433e-06 2.7251e-05 2.6193e-05 2.2513e-05 1.7828e-05 1.3675e-05 
477.5 0 0 0.005483 0.010632 0.014891 0.024764 0.038128 0.052092 0.068508 0.087442 0.10502 0.11893 0.13076 0.14075 0.14822 0.15217 0.1487 0.13929 0.12883 0.12202 0.12159 0.12326 0.12647 0.1314 0.13808 0.14906 0.16348 0.17805 0.18941 0.1947 0.19598 0.19404 0.18929 0.18198 0.17136 0.15866 0.14631 0.13672 0.13103 0.12595 0.12111 0.11656 0.11237 0.10834 0.10425 0.10018 0.096403 0.093252 0.091004 0.089011 0.086727 0.083683 0.07996 0.076172 0.072375 0.068519 0.064559 0.060372 0.056187 0.052197 0.04848 0.045228 0.042951 0.041397 0.040103 0.038566 0.03643 0.034121 0.031841 0.02959 0.027312 0.024935 0.021996 0.018719 0.015541 0.012846 0.010983 0.0098646 0.0089108 0.0080564 0.0072455 0.0064258 0.0055465 0.0045301 0.0034362 0.0023786 0.0014455 0.00071312 0.00025659 4.7929e-05 0 0 0 0 9.0313e-06 2.7262e-05 2.6197e-05 2.2516e-05 1.7832e-05 1.368e-05 
478 0 0 0.0054802 0.01062 0.014875 0.024745 0.038107 0.05207 0.068483 0.087414 0.10499 0.1189 0.13075 0.14076 0.14823 0.1522 0.14872 0.1393 0.12884 0.12203 0.1216 0.12327 0.12647 0.13139 0.13807 0.14906 0.16348 0.17804 0.18939 0.19468 0.19596 0.19403 0.18929 0.18198 0.17136 0.15864 0.14629 0.1367 0.13103 0.12596 0.12113 0.11659 0.11241 0.10837 0.10429 0.10021 0.09643 0.093273 0.091016 0.089013 0.086718 0.083665 0.079939 0.076149 0.07235 0.068493 0.064533 0.06035 0.05617 0.052185 0.048468 0.045212 0.042938 0.04139 0.040102 0.038568 0.03643 0.034119 0.031836 0.029581 0.027299 0.024918 0.02198 0.018708 0.015536 0.012845 0.010983 0.009862 0.0089083 0.0080555 0.0072468 0.0064288 0.0055501 0.0045329 0.0034376 0.0023783 0.0014438 0.00071121 0.00025616 4.9374e-05 0 0 0 0 9.3194e-06 2.7273e-05 2.6201e-05 2.2519e-05 1.7836e-05 1.3686e-05 
478.5 0 0 0.0054773 0.010609 0.014859 0.024726 0.038087 0.052048 0.068459 0.087386 0.10496 0.11887 0.13074 0.14076 0.14825 0.15222 0.14874 0.13932 0.12885 0.12204 0.12162 0.12327 0.12647 0.13139 0.13807 0.14906 0.16347 0.17803 0.18937 0.19466 0.19594 0.19402 0.18928 0.18198 0.17135 0.15861 0.14626 0.13669 0.13103 0.12598 0.12116 0.11663 0.11244 0.10841 0.10432 0.10024 0.096456 0.093294 0.091029 0.089014 0.086709 0.083648 0.079918 0.076126 0.072325 0.068467 0.064508 0.060329 0.056154 0.052173 0.048456 0.045197 0.042924 0.041382 0.040101 0.038571 0.036431 0.034117 0.03183 0.029571 0.027285 0.024902 0.021964 0.018696 0.01553 0.012844 0.010983 0.0098595 0.0089059 0.0080547 0.0072481 0.0064318 0.0055536 0.0045357 0.003439 0.002378 0.0014422 0.0007093 0.00025574 5.0819e-05 0 0 0 0 9.6075e-06 2.7284e-05 2.6205e-05 2.2522e-05 1.784e-05 1.3691e-05 
479 0 0 0.0054742 0.010601 0.014847 0.024709 0.038065 0.05202 0.068423 0.087341 0.1049 0.11882 0.13069 0.14072 0.1482 0.15219 0.14871 0.13929 0.12883 0.12201 0.12159 0.12324 0.12644 0.13135 0.13802 0.14901 0.16343 0.17798 0.18933 0.19461 0.19589 0.19397 0.18924 0.18194 0.17131 0.15859 0.14624 0.13667 0.13101 0.12596 0.12114 0.1166 0.11242 0.10838 0.1043 0.10023 0.096446 0.093289 0.091033 0.089027 0.086724 0.083659 0.079921 0.076121 0.072313 0.068448 0.064484 0.060305 0.056133 0.052153 0.048434 0.045167 0.042894 0.041358 0.040085 0.038561 0.036424 0.034112 0.031826 0.029566 0.027279 0.024895 0.021958 0.018692 0.015527 0.012842 0.010982 0.0098589 0.0089056 0.0080546 0.007248 0.0064315 0.0055534 0.0045357 0.0034392 0.0023779 0.0014416 0.00070856 0.00025546 5.1054e-05 0 0 0 0 9.7054e-06 2.7296e-05 2.6209e-05 2.2525e-05 1.7845e-05 1.37e-05 
479.5 0 0 0.0054711 0.010593 0.014836 0.024692 0.038041 0.051988 0.06838 0.087287 0.10484 0.11875 0.13061 0.14064 0.14813 0.15212 0.14865 0.13924 0.12878 0.12196 0.12153 0.12318 0.12638 0.13129 0.13795 0.14894 0.16336 0.17792 0.18927 0.19455 0.19583 0.1939 0.18917 0.18187 0.17126 0.15856 0.14623 0.13666 0.13098 0.12592 0.12109 0.11655 0.11237 0.10834 0.10426 0.10019 0.096418 0.093271 0.091034 0.089046 0.086752 0.083684 0.079935 0.076126 0.072307 0.068432 0.064461 0.060281 0.05611 0.05213 0.048407 0.04513 0.042857 0.041326 0.040061 0.038545 0.036413 0.034105 0.031822 0.029563 0.027276 0.024894 0.021957 0.018691 0.015525 0.01284 0.010981 0.0098593 0.0089064 0.0080549 0.0072471 0.0064295 0.0055513 0.0045342 0.0034387 0.0023778 0.0014415 0.00070841 0.00025525 5.0688e-05 0 0 0 0 9.7089e-06 2.7309e-05 2.6213e-05 2.2529e-05 1.7852e-05 1.3711e-05 
480 0 0 0.005468 0.010586 0.014826 0.024676 0.038017 0.051955 0.068338 0.087233 0.10478 0.11868 0.13054 0.14056 0.14806 0.15206 0.14859 0.13919 0.12873 0.12191 0.12148 0.12313 0.12632 0.13123 0.13788 0.14886 0.16329 0.17786 0.18921 0.19449 0.19576 0.19383 0.1891 0.1818 0.1712 0.15852 0.14621 0.13664 0.13095 0.12588 0.12105 0.1165 0.11232 0.10829 0.10421 0.10015 0.096389 0.093254 0.091035 0.089064 0.08678 0.08371 0.07995 0.07613 0.072301 0.068417 0.064438 0.060256 0.056087 0.052107 0.04838 0.045094 0.042819 0.041294 0.040037 0.038529 0.036402 0.034098 0.031818 0.029559 0.027274 0.024892 0.021957 0.01869 0.015524 0.012838 0.01098 0.0098597 0.0089072 0.0080551 0.0072462 0.0064276 0.0055492 0.0045328 0.0034382 0.0023778 0.0014415 0.00070825 0.00025504 5.0322e-05 0 0 0 0 9.7125e-06 2.7322e-05 2.6216e-05 2.2532e-05 1.7858e-05 1.3722e-05 
480.5 0 0 0.0054649 0.010578 0.014815 0.024659 0.037993 0.051923 0.068295 0.08718 0.10472 0.11861 0.13046 0.14048 0.14799 0.15199 0.14854 0.13914 0.12868 0.12186 0.12142 0.12307 0.12627 0.13117 0.13781 0.14879 0.16322 0.1778 0.18916 0.19443 0.1957 0.19376 0.18903 0.18174 0.17115 0.15849 0.14619 0.13662 0.13092 0.12584 0.121 0.11645 0.11227 0.10824 0.10417 0.10012 0.096361 0.093236 0.091036 0.089083 0.086808 0.083735 0.079964 0.076135 0.072295 0.068402 0.064415 0.060231 0.056063 0.052084 0.048353 0.045057 0.042781 0.041262 0.040014 0.038514 0.036391 0.034092 0.031813 0.029556 0.027271 0.024891 0.021956 0.018689 0.015522 0.012836 0.010979 0.0098601 0.008908 0.0080554 0.0072454 0.0064256 0.005547 0.0045314 0.0034377 0.0023777 0.0014414 0.00070809 0.00025483 4.9956e-05 0 0 0 0 9.716e-06 2.7334e-05 2.622e-05 2.2535e-05 1.7864e-05 1.3732e-05 
481 0 0 0.005457 0.010568 0.014802 0.024638 0.037967 0.051894 0.068261 0.087141 0.10468 0.11857 0.13042 0.14045 0.14797 0.15198 0.14854 0.13915 0.12869 0.12186 0.12142 0.12307 0.12627 0.13117 0.13781 0.14877 0.1632 0.17777 0.18913 0.19441 0.19569 0.19375 0.18902 0.18173 0.17114 0.15846 0.14614 0.13656 0.13086 0.12577 0.12093 0.11639 0.11221 0.10818 0.10411 0.10006 0.096306 0.093185 0.090979 0.089019 0.086745 0.083692 0.079952 0.076144 0.072319 0.068438 0.064463 0.060277 0.056093 0.052097 0.048363 0.045087 0.04282 0.041297 0.040038 0.038527 0.036399 0.034095 0.031812 0.02955 0.027262 0.02488 0.021947 0.018683 0.015518 0.012834 0.010977 0.0098565 0.008904 0.0080515 0.0072422 0.0064231 0.0055451 0.0045298 0.0034366 0.0023772 0.0014413 0.0007082 0.00025479 4.9626e-05 0 0 0 0 9.658e-06 2.7319e-05 2.6205e-05 2.2522e-05 1.7853e-05 1.3723e-05 
481.5 0 0 0.0054486 0.010557 0.014788 0.024615 0.037939 0.051865 0.068227 0.087104 0.10464 0.11853 0.13039 0.14043 0.14795 0.15198 0.14855 0.13916 0.1287 0.12187 0.12143 0.12308 0.12627 0.13117 0.13781 0.14877 0.16318 0.17775 0.18911 0.1944 0.19568 0.19375 0.18902 0.18173 0.17113 0.15844 0.14609 0.13649 0.13078 0.1257 0.12086 0.11632 0.11214 0.10811 0.10404 0.099996 0.096247 0.093129 0.090915 0.088945 0.086672 0.083642 0.079936 0.076153 0.072347 0.068481 0.064519 0.06033 0.056128 0.052114 0.048378 0.045125 0.042869 0.04134 0.040068 0.038545 0.036409 0.034099 0.03181 0.029545 0.027253 0.024869 0.021937 0.018676 0.015514 0.012831 0.010974 0.0098523 0.0088994 0.0080473 0.0072387 0.0064206 0.0055431 0.0045283 0.0034355 0.0023766 0.0014412 0.00070833 0.00025477 4.93e-05 0 0 0 0 9.5929e-06 2.73e-05 2.6188e-05 2.2506e-05 1.784e-05 1.3712e-05 
482 0 0 0.0054401 0.010547 0.014775 0.024593 0.037912 0.051835 0.068194 0.087067 0.1046 0.1185 0.13036 0.1404 0.14794 0.15198 0.14856 0.13917 0.12871 0.12188 0.12143 0.12308 0.12628 0.13117 0.13781 0.14876 0.16316 0.17772 0.18909 0.1944 0.19568 0.19375 0.18902 0.18173 0.17112 0.15841 0.14604 0.13642 0.13071 0.12563 0.12079 0.11626 0.11208 0.10805 0.10398 0.099933 0.096189 0.093074 0.090852 0.088871 0.086599 0.083591 0.07992 0.076163 0.072375 0.068523 0.064575 0.060383 0.056164 0.05213 0.048393 0.045163 0.042917 0.041383 0.040099 0.038562 0.036419 0.034103 0.031809 0.029539 0.027244 0.024858 0.021927 0.018669 0.01551 0.012829 0.010971 0.0098481 0.0088948 0.008043 0.0072352 0.006418 0.0055411 0.0045268 0.0034344 0.002376 0.0014411 0.00070847 0.00025474 4.8975e-05 0 0 0 0 9.5277e-06 2.7281e-05 2.6171e-05 2.2491e-05 1.7826e-05 1.3701e-05 
482.5 0 0 0.0054321 0.010535 0.014759 0.024569 0.037882 0.051803 0.068158 0.087028 0.10457 0.11846 0.13032 0.14037 0.14792 0.15197 0.14856 0.13917 0.12871 0.12188 0.12143 0.12308 0.12627 0.13117 0.1378 0.14874 0.16313 0.17769 0.18907 0.19438 0.19567 0.19375 0.18902 0.18172 0.17111 0.15838 0.14599 0.13636 0.13065 0.12557 0.12073 0.1162 0.11202 0.10799 0.10392 0.099883 0.096143 0.093031 0.0908 0.088809 0.086535 0.083546 0.079905 0.07617 0.072398 0.068558 0.064622 0.060428 0.056192 0.052142 0.048403 0.045193 0.042957 0.041419 0.040124 0.038576 0.036427 0.034106 0.031808 0.029534 0.027236 0.024848 0.021918 0.018663 0.015506 0.012827 0.010969 0.0098451 0.0088914 0.0080396 0.0072323 0.0064158 0.0055394 0.0045254 0.0034334 0.0023755 0.0014411 0.0007087 0.00025473 4.8557e-05 0 0 0 0 9.4451e-06 2.7256e-05 2.6147e-05 2.2467e-05 1.7805e-05 1.3681e-05 
483 0 0 0.0054265 0.010515 0.014731 0.024528 0.03783 0.051747 0.068105 0.086981 0.10452 0.11841 0.13028 0.14033 0.14787 0.15192 0.14851 0.13912 0.12866 0.12182 0.12137 0.12302 0.1262 0.13109 0.13772 0.14867 0.16306 0.17764 0.18902 0.19435 0.19565 0.19373 0.189 0.18171 0.1711 0.15837 0.14598 0.13635 0.13064 0.12556 0.12073 0.1162 0.11204 0.10802 0.10396 0.099924 0.096191 0.093081 0.09084 0.088831 0.086541 0.083542 0.079899 0.076161 0.072383 0.068539 0.064601 0.060408 0.056173 0.052122 0.048381 0.04517 0.042937 0.041404 0.040112 0.038568 0.036421 0.034101 0.031805 0.029532 0.027235 0.024847 0.021917 0.018661 0.015506 0.012828 0.010973 0.0098503 0.008896 0.0080429 0.007234 0.0064161 0.005539 0.004525 0.0034335 0.0023762 0.0014421 0.00070955 0.00025473 4.7492e-05 0 0 0 0 9.2389e-06 2.7192e-05 2.6073e-05 2.2388e-05 1.7725e-05 1.3605e-05 
483.5 0 0 0.005421 0.010495 0.014702 0.024488 0.037778 0.05169 0.068052 0.086934 0.10448 0.11837 0.13023 0.14028 0.14783 0.15187 0.14845 0.13907 0.12861 0.12177 0.12131 0.12295 0.12613 0.13102 0.13765 0.1486 0.163 0.17758 0.18898 0.19431 0.19562 0.19371 0.18899 0.18171 0.1711 0.15837 0.14597 0.13634 0.13063 0.12556 0.12073 0.11621 0.11205 0.10804 0.10399 0.099965 0.096239 0.093131 0.09088 0.088854 0.086546 0.083538 0.079893 0.076151 0.072368 0.06852 0.064581 0.060387 0.056153 0.052101 0.048359 0.045146 0.042916 0.041388 0.040101 0.038559 0.036414 0.034097 0.031803 0.029531 0.027235 0.024846 0.021915 0.01866 0.015506 0.01283 0.010977 0.0098556 0.0089006 0.0080462 0.0072357 0.0064164 0.0055386 0.0045246 0.0034336 0.0023768 0.0014431 0.0007104 0.00025474 4.6427e-05 0 0 0 0 9.0328e-06 2.7128e-05 2.5998e-05 2.2309e-05 1.7646e-05 1.3529e-05 
484 0 0 0.0054155 0.010475 0.014673 0.024448 0.037726 0.051634 0.067999 0.086888 0.10443 0.11832 0.13019 0.14024 0.14778 0.15182 0.1484 0.13902 0.12855 0.12172 0.12126 0.12289 0.12606 0.13094 0.13757 0.14852 0.16293 0.17753 0.18894 0.19428 0.19559 0.19369 0.18898 0.1817 0.17109 0.15836 0.14597 0.13633 0.13062 0.12555 0.12073 0.11621 0.11206 0.10806 0.10402 0.10001 0.096287 0.093181 0.090919 0.088876 0.086551 0.083534 0.079887 0.076142 0.072353 0.068501 0.06456 0.060367 0.056133 0.05208 0.048336 0.045123 0.042896 0.041372 0.040089 0.03855 0.036407 0.034092 0.0318 0.02953 0.027234 0.024846 0.021914 0.018659 0.015506 0.012832 0.010981 0.0098608 0.0089053 0.0080494 0.0072373 0.0064167 0.0055382 0.0045242 0.0034337 0.0023775 0.0014441 0.00071125 0.00025474 4.5361e-05 0 0 0 0 8.8266e-06 2.7064e-05 2.5924e-05 2.2229e-05 1.7567e-05 1.3453e-05 
484.5 0 0 0.0054114 0.010461 0.014653 0.024421 0.037693 0.0516 0.067971 0.086866 0.10441 0.11831 0.13018 0.14023 0.14778 0.15182 0.1484 0.13902 0.12855 0.12171 0.12125 0.12288 0.12606 0.13095 0.13757 0.14852 0.16294 0.17753 0.18894 0.19428 0.19559 0.19369 0.18898 0.1817 0.17109 0.15836 0.14597 0.13633 0.13063 0.12557 0.12075 0.11623 0.11208 0.10808 0.10404 0.10002 0.096297 0.09319 0.090924 0.088875 0.086544 0.083522 0.079873 0.076126 0.072335 0.068481 0.06454 0.060349 0.056117 0.052066 0.048322 0.045109 0.042883 0.04136 0.040077 0.038539 0.036398 0.034086 0.031796 0.029528 0.027234 0.024847 0.021915 0.01866 0.015508 0.012834 0.010984 0.0098642 0.0089085 0.0080523 0.0072398 0.0064188 0.0055399 0.0045254 0.0034345 0.0023779 0.0014442 0.0007112 0.00025469 4.538e-05 0 0 0 0 8.8311e-06 2.7049e-05 2.5906e-05 2.221e-05 1.7546e-05 1.343e-05 
485 0 0 0.00541 0.010458 0.014649 0.024418 0.037695 0.051609 0.067987 0.08689 0.10445 0.11835 0.13023 0.14031 0.14787 0.15192 0.1485 0.13912 0.12865 0.12181 0.12134 0.12299 0.12621 0.13111 0.13772 0.14866 0.16306 0.17764 0.18902 0.19434 0.19564 0.19373 0.18901 0.18172 0.17111 0.15838 0.146 0.13637 0.13068 0.12562 0.12079 0.11626 0.1121 0.10809 0.10402 0.099981 0.096238 0.093121 0.090866 0.088832 0.086514 0.083496 0.079844 0.076098 0.072311 0.06846 0.064521 0.060334 0.056107 0.052062 0.048323 0.045112 0.042884 0.041355 0.040065 0.038523 0.036384 0.034077 0.031791 0.029526 0.027234 0.02485 0.02192 0.018666 0.015513 0.012838 0.010986 0.0098643 0.008909 0.0080544 0.0072439 0.0064243 0.0055455 0.0045296 0.0034364 0.0023778 0.0014427 0.00070947 0.00025452 4.7404e-05 0 0 0 0 9.2257e-06 2.7123e-05 2.5993e-05 2.2302e-05 1.7632e-05 1.3505e-05 
485.5 0 0 0.0054087 0.010455 0.014646 0.024415 0.037697 0.051617 0.068003 0.086914 0.10448 0.11839 0.13029 0.14038 0.14796 0.15203 0.1486 0.13922 0.12875 0.1219 0.12143 0.12309 0.12635 0.13127 0.13787 0.14879 0.16319 0.17775 0.1891 0.1944 0.19569 0.19377 0.18904 0.18174 0.17112 0.1584 0.14602 0.13641 0.13073 0.12566 0.12084 0.11629 0.11212 0.10809 0.10401 0.099943 0.096179 0.093053 0.090807 0.088789 0.086484 0.083469 0.079815 0.076071 0.072286 0.068438 0.064503 0.06032 0.056098 0.052058 0.048323 0.045116 0.042885 0.041349 0.040052 0.038508 0.036371 0.034067 0.031785 0.029523 0.027235 0.024854 0.021926 0.018672 0.015518 0.012842 0.010987 0.0098643 0.0089095 0.0080566 0.0072479 0.0064297 0.005551 0.0045337 0.0034383 0.0023776 0.0014412 0.00070774 0.00025436 4.9428e-05 0 0 0 0 9.6203e-06 2.7197e-05 2.6081e-05 2.2394e-05 1.7718e-05 1.3581e-05 
486 0 0 0.0054073 0.010452 0.014642 0.024412 0.037699 0.051626 0.068019 0.086938 0.10451 0.11843 0.13035 0.14046 0.14805 0.15213 0.1487 0.13932 0.12886 0.122 0.12152 0.1232 0.1265 0.13143 0.13801 0.14892 0.16331 0.17786 0.18918 0.19446 0.19574 0.19381 0.18907 0.18176 0.17114 0.15842 0.14605 0.13645 0.13077 0.12571 0.12088 0.11633 0.11214 0.1081 0.104 0.099905 0.096119 0.092985 0.090748 0.088746 0.086453 0.083442 0.079786 0.076043 0.072262 0.068417 0.064484 0.060305 0.056089 0.052054 0.048324 0.045119 0.042886 0.041344 0.04004 0.038492 0.036357 0.034058 0.031779 0.029521 0.027236 0.024858 0.021931 0.018678 0.015523 0.012846 0.010989 0.0098643 0.00891 0.0080587 0.0072519 0.0064351 0.0055566 0.0045378 0.0034403 0.0023775 0.0014397 0.00070601 0.00025419 5.1452e-05 0 0 0 0 1.0015e-05 2.7271e-05 2.6168e-05 2.2486e-05 1.7804e-05 1.3656e-05 
486.5 0 0 0.0054058 0.010447 0.014636 0.024407 0.037694 0.051622 0.068017 0.086937 0.10451 0.11844 0.13037 0.14048 0.14809 0.15217 0.14874 0.13936 0.12889 0.12203 0.12155 0.12323 0.12654 0.13149 0.13806 0.14897 0.16336 0.1779 0.18922 0.19448 0.19576 0.19382 0.18907 0.18176 0.17113 0.15841 0.14603 0.13643 0.13076 0.12571 0.12089 0.11634 0.11215 0.10811 0.10401 0.099918 0.096129 0.092993 0.090754 0.088748 0.086452 0.083442 0.079791 0.076051 0.072273 0.068431 0.064499 0.060319 0.056099 0.05206 0.048331 0.045132 0.0429 0.041355 0.040047 0.038497 0.036365 0.034069 0.031794 0.029538 0.027256 0.02488 0.021951 0.01869 0.015528 0.012845 0.010986 0.0098635 0.0089106 0.0080598 0.0072527 0.0064352 0.0055563 0.0045373 0.0034396 0.0023767 0.0014389 0.00070534 0.00025398 5.1705e-05 0 0 0 0 1.0113e-05 2.7308e-05 2.6209e-05 2.2529e-05 1.7847e-05 1.3696e-05 
487 0 0 0.0054041 0.010441 0.014629 0.024399 0.037684 0.051608 0.068001 0.086917 0.10448 0.11841 0.13035 0.14047 0.14808 0.15216 0.14874 0.13935 0.12888 0.12202 0.12153 0.12321 0.12652 0.13146 0.13803 0.14894 0.16334 0.1779 0.18921 0.19448 0.19576 0.19382 0.18907 0.18175 0.17111 0.15837 0.14597 0.13636 0.13071 0.12567 0.12086 0.11633 0.11215 0.10813 0.10405 0.099966 0.096189 0.093057 0.090806 0.088782 0.086472 0.083462 0.07982 0.076086 0.072311 0.06847 0.06454 0.060353 0.056123 0.052075 0.048344 0.045152 0.042924 0.041378 0.040069 0.038518 0.036388 0.034095 0.031823 0.02957 0.027289 0.024915 0.02198 0.018708 0.015533 0.01284 0.010981 0.0098621 0.0089113 0.0080601 0.0072511 0.0064314 0.0055517 0.0045334 0.0034371 0.0023755 0.0014386 0.00070544 0.00025375 5.0663e-05 0 0 0 0 9.9941e-06 2.7319e-05 2.6216e-05 2.2536e-05 1.7858e-05 1.3712e-05 
487.5 0 0 0.0054024 0.010434 0.014621 0.02439 0.037673 0.051595 0.067985 0.086897 0.10446 0.11839 0.13033 0.14046 0.14806 0.15215 0.14873 0.13934 0.12887 0.12201 0.12152 0.12319 0.1265 0.13144 0.138 0.14892 0.16333 0.17789 0.18921 0.19448 0.19576 0.19382 0.18906 0.18173 0.17109 0.15833 0.14591 0.1363 0.13065 0.12563 0.12083 0.11632 0.11216 0.10815 0.10408 0.10002 0.096249 0.093122 0.090859 0.088816 0.086492 0.083482 0.079849 0.076121 0.072348 0.06851 0.06458 0.060388 0.056146 0.05209 0.048356 0.045172 0.042948 0.041402 0.04009 0.038539 0.036411 0.034121 0.031851 0.029601 0.027323 0.02495 0.02201 0.018726 0.015538 0.012835 0.010975 0.0098607 0.008912 0.0080604 0.0072494 0.0064275 0.005547 0.0045294 0.0034346 0.0023743 0.0014383 0.00070554 0.00025351 4.9621e-05 0 0 0 0 9.8752e-06 2.733e-05 2.6222e-05 2.2544e-05 1.7869e-05 1.3727e-05 
488 0 0 0.0054006 0.010428 0.014613 0.024382 0.037663 0.051581 0.067969 0.086877 0.10443 0.11836 0.13031 0.14045 0.14805 0.15214 0.14873 0.13934 0.12886 0.122 0.1215 0.12317 0.12648 0.13141 0.13798 0.1489 0.16331 0.17789 0.18921 0.19447 0.19576 0.19382 0.18905 0.18172 0.17106 0.15829 0.14585 0.13623 0.1306 0.12559 0.12081 0.1163 0.11216 0.10817 0.10412 0.10006 0.096309 0.093186 0.090912 0.088851 0.086513 0.083502 0.079878 0.076156 0.072386 0.068549 0.06462 0.060422 0.05617 0.052104 0.048368 0.045192 0.042971 0.041425 0.040112 0.038559 0.036435 0.034147 0.03188 0.029632 0.027357 0.024986 0.022039 0.018744 0.015542 0.01283 0.010969 0.0098593 0.0089127 0.0080607 0.0072478 0.0064237 0.0055424 0.0045255 0.0034321 0.0023731 0.001438 0.00070564 0.00025328 4.8579e-05 0 0 0 0 9.7563e-06 2.734e-05 2.6229e-05 2.2551e-05 1.788e-05 1.3742e-05 
488.5 0 0 0.0054021 0.010427 0.01461 0.024378 0.037654 0.051566 0.067947 0.086845 0.10439 0.11831 0.13026 0.14039 0.14799 0.15208 0.14866 0.13928 0.12881 0.12195 0.12145 0.12312 0.12642 0.13135 0.13792 0.14883 0.16324 0.1778 0.18912 0.1944 0.1957 0.19377 0.18901 0.18169 0.17103 0.15825 0.14582 0.13619 0.13056 0.12556 0.12078 0.11627 0.11212 0.10812 0.10405 0.099984 0.096219 0.093089 0.090813 0.088756 0.086428 0.083433 0.079829 0.076123 0.072369 0.068544 0.064626 0.060427 0.056169 0.052097 0.048364 0.045203 0.042989 0.041437 0.040114 0.038554 0.036429 0.034145 0.03188 0.029635 0.027361 0.024992 0.022044 0.018746 0.015542 0.012829 0.010968 0.0098583 0.0089115 0.0080593 0.0072465 0.0064229 0.0055422 0.0045266 0.0034348 0.0023774 0.0014432 0.00071074 0.00025667 4.9662e-05 0 0 0 0 9.6758e-06 2.7354e-05 2.6185e-05 2.243e-05 1.7681e-05 1.3484e-05 
489 0 0 0.0054044 0.010427 0.014608 0.024374 0.037646 0.051551 0.067923 0.086811 0.10434 0.11826 0.1302 0.14032 0.14792 0.152 0.14859 0.13921 0.12875 0.12188 0.12139 0.12306 0.12636 0.13129 0.13785 0.14875 0.16315 0.1777 0.18902 0.19431 0.19562 0.19372 0.18897 0.18165 0.171 0.15822 0.14579 0.13616 0.13054 0.12554 0.12075 0.11624 0.11207 0.10804 0.10396 0.099873 0.096093 0.092953 0.090677 0.088631 0.086318 0.083343 0.07976 0.076074 0.072338 0.068529 0.064623 0.060426 0.056161 0.052085 0.048356 0.045213 0.043004 0.041446 0.04011 0.038541 0.036417 0.034135 0.031873 0.02963 0.027359 0.02499 0.022043 0.018744 0.015541 0.012828 0.010967 0.0098575 0.0089098 0.0080575 0.0072454 0.0064229 0.0055432 0.0045289 0.0034389 0.0023831 0.0014498 0.00071705 0.00026095 5.1259e-05 0 0 0 0 9.6046e-06 2.7368e-05 2.6129e-05 2.2279e-05 1.7432e-05 1.3159e-05 
489.5 0 0 0.0054067 0.010428 0.014606 0.024369 0.037637 0.051536 0.067899 0.086777 0.1043 0.11821 0.13014 0.14025 0.14784 0.15192 0.14851 0.13913 0.12868 0.12182 0.12133 0.123 0.1263 0.13123 0.13778 0.14868 0.16305 0.1776 0.18892 0.19422 0.19555 0.19366 0.18892 0.18162 0.17097 0.15819 0.14576 0.13613 0.13051 0.12551 0.12073 0.1162 0.11202 0.10797 0.10386 0.099762 0.095967 0.092817 0.090542 0.088505 0.086209 0.083253 0.079691 0.076026 0.072307 0.068514 0.06462 0.060425 0.056154 0.052072 0.048348 0.045223 0.04302 0.041455 0.040107 0.038529 0.036404 0.034125 0.031865 0.029625 0.027356 0.024989 0.022042 0.018743 0.01554 0.012827 0.010966 0.0098566 0.008908 0.0080556 0.0072442 0.0064229 0.0055441 0.0045311 0.0034429 0.0023887 0.0014564 0.00072336 0.00026523 5.2857e-05 0 0 0 0 9.5334e-06 2.7381e-05 2.6074e-05 2.2128e-05 1.7183e-05 1.2834e-05 
490 0 0 0.0054089 0.010428 0.014604 0.024365 0.037629 0.051521 0.067876 0.086745 0.10426 0.11816 0.13008 0.14019 0.14777 0.15185 0.14844 0.13907 0.12862 0.12177 0.12127 0.12294 0.12624 0.13117 0.13772 0.1486 0.16297 0.1775 0.18882 0.19413 0.19548 0.1936 0.18888 0.18158 0.17094 0.15817 0.14573 0.1361 0.13048 0.12549 0.1207 0.11617 0.11197 0.1079 0.10377 0.099656 0.095846 0.092686 0.090412 0.088385 0.086104 0.083168 0.079625 0.075979 0.072277 0.068499 0.064617 0.060423 0.056147 0.05206 0.04834 0.045232 0.043034 0.041463 0.040104 0.038517 0.036392 0.034115 0.031858 0.029619 0.027352 0.024987 0.02204 0.018741 0.015538 0.012827 0.010966 0.0098559 0.0089064 0.0080538 0.0072431 0.0064228 0.0055449 0.0045333 0.0034468 0.0023943 0.0014629 0.00072952 0.00026937 5.4341e-05 0 0 0 0 9.4545e-06 2.7394e-05 2.6019e-05 2.198e-05 1.6942e-05 1.2519e-05 
490.5 0 0 0.0054089 0.010426 0.014602 0.024365 0.037633 0.05153 0.067891 0.086768 0.10429 0.1182 0.13013 0.14025 0.14784 0.15193 0.14852 0.13914 0.12869 0.12183 0.12134 0.12301 0.12631 0.13124 0.1378 0.14869 0.16305 0.17758 0.18891 0.19423 0.19556 0.19367 0.18893 0.18163 0.17099 0.15822 0.14579 0.13617 0.13054 0.12554 0.12075 0.11622 0.11202 0.10795 0.10382 0.099695 0.095882 0.09272 0.09045 0.088429 0.086152 0.08321 0.079656 0.076 0.072291 0.068505 0.064615 0.060417 0.056143 0.052062 0.048341 0.045223 0.043018 0.041443 0.040085 0.038499 0.036374 0.034095 0.031837 0.029597 0.027329 0.024964 0.02202 0.018728 0.015533 0.012826 0.010969 0.0098595 0.008909 0.0080546 0.007242 0.0064204 0.005542 0.004531 0.003446 0.002395 0.0014647 0.00073135 0.00026955 5.2457e-05 0 0 0 0 9.1458e-06 2.7372e-05 2.5993e-05 2.1953e-05 1.6915e-05 1.2494e-05 
491 0 0 0.0054088 0.010425 0.014599 0.024364 0.037637 0.051539 0.067907 0.08679 0.10432 0.11823 0.13018 0.14031 0.14791 0.152 0.1486 0.13922 0.12876 0.1219 0.12141 0.12308 0.12639 0.13131 0.13788 0.14877 0.16313 0.17766 0.18901 0.19432 0.19564 0.19373 0.18899 0.18168 0.17104 0.15828 0.14585 0.13623 0.13061 0.1256 0.12081 0.11627 0.11206 0.10799 0.10386 0.099734 0.095919 0.092754 0.090488 0.088473 0.086199 0.083253 0.079687 0.076022 0.072305 0.068511 0.064612 0.060411 0.05614 0.052063 0.048342 0.045215 0.043001 0.041424 0.040067 0.038482 0.036355 0.034076 0.031816 0.029574 0.027305 0.02494 0.022001 0.018715 0.015527 0.012826 0.010972 0.0098631 0.0089115 0.0080554 0.007241 0.0064179 0.005539 0.0045288 0.0034451 0.0023958 0.0014666 0.00073318 0.00026972 5.0573e-05 0 0 0 0 8.8372e-06 2.7349e-05 2.5967e-05 2.1925e-05 1.6888e-05 1.2469e-05 
491.5 0 0 0.0054088 0.010423 0.014597 0.024363 0.03764 0.051548 0.067922 0.086813 0.10435 0.11827 0.13023 0.14037 0.14798 0.15208 0.14868 0.13929 0.12883 0.12197 0.12148 0.12316 0.12646 0.13139 0.13795 0.14885 0.16321 0.17775 0.1891 0.19441 0.19572 0.19379 0.18904 0.18172 0.17109 0.15834 0.14592 0.1363 0.13067 0.12566 0.12086 0.11632 0.11211 0.10803 0.1039 0.099773 0.095955 0.092788 0.090526 0.088517 0.086247 0.083295 0.079718 0.076043 0.072318 0.068517 0.06461 0.060404 0.056136 0.052065 0.048343 0.045206 0.042985 0.041404 0.040048 0.038465 0.036337 0.034056 0.031794 0.029551 0.027281 0.024917 0.021982 0.018703 0.015521 0.012826 0.010976 0.0098667 0.0089141 0.0080562 0.0072399 0.0064155 0.0055361 0.0045265 0.0034443 0.0023965 0.0014684 0.00073501 0.0002699 4.869e-05 0 0 0 0 8.5285e-06 2.7327e-05 2.5941e-05 2.1898e-05 1.6862e-05 1.2444e-05 
492 0 0 0.0054087 0.010419 0.01459 0.024359 0.03764 0.051553 0.067931 0.086828 0.10437 0.1183 0.13027 0.14043 0.14805 0.15216 0.14876 0.13937 0.1289 0.12204 0.12156 0.12323 0.12652 0.13145 0.13803 0.14893 0.1633 0.17785 0.18921 0.19452 0.19582 0.19388 0.18912 0.1818 0.17117 0.15842 0.146 0.13638 0.13074 0.12572 0.12092 0.11637 0.11216 0.10809 0.10395 0.099825 0.096009 0.092843 0.090584 0.08858 0.08631 0.083351 0.079761 0.076074 0.072339 0.068529 0.064612 0.060403 0.056138 0.052071 0.048348 0.0452 0.042972 0.041391 0.040038 0.038457 0.03633 0.034048 0.031786 0.029541 0.02727 0.024905 0.021972 0.018697 0.015519 0.012829 0.01098 0.0098718 0.0089181 0.0080586 0.0072406 0.0064149 0.0055348 0.0045255 0.0034442 0.0023974 0.0014701 0.00073656 0.00027005 4.7156e-05 0 0 0 0 8.283e-06 2.7316e-05 2.5928e-05 2.1884e-05 1.6849e-05 1.2433e-05 
492.5 0 0 0.0054085 0.010407 0.014573 0.024343 0.03763 0.051544 0.067922 0.086821 0.10436 0.11831 0.13029 0.14047 0.14811 0.15224 0.14884 0.13944 0.12897 0.12213 0.12166 0.12332 0.12658 0.13149 0.13809 0.14903 0.16343 0.17799 0.18935 0.19466 0.19598 0.19407 0.18931 0.18198 0.17133 0.15856 0.14613 0.13649 0.13083 0.1258 0.12098 0.11643 0.11223 0.10815 0.10403 0.099915 0.09611 0.092954 0.090701 0.088695 0.086418 0.083444 0.079836 0.076132 0.072381 0.068556 0.064626 0.060413 0.056151 0.052088 0.048362 0.045201 0.042971 0.041396 0.040052 0.038478 0.036353 0.034073 0.031811 0.029567 0.027295 0.024929 0.021992 0.018712 0.015531 0.012838 0.010989 0.0098808 0.0089262 0.0080655 0.0072462 0.0064194 0.0055384 0.0045281 0.003446 0.0023988 0.0014712 0.0007373 0.00027013 4.6613e-05 0 0 0 0 8.2166e-06 2.7341e-05 2.5954e-05 2.191e-05 1.6875e-05 1.246e-05 
493 0 0 0.0054083 0.010396 0.014556 0.024327 0.037619 0.051535 0.067914 0.086813 0.10436 0.11831 0.13032 0.14051 0.14817 0.15232 0.14892 0.13952 0.12904 0.12221 0.12176 0.12341 0.12663 0.13153 0.13815 0.14913 0.16356 0.17814 0.18949 0.1948 0.19614 0.19425 0.18949 0.18215 0.17149 0.15871 0.14626 0.13661 0.13093 0.12587 0.12104 0.11649 0.11229 0.10822 0.10411 0.1 0.096212 0.093066 0.090817 0.088811 0.086526 0.083536 0.079911 0.07619 0.072423 0.068583 0.064641 0.060424 0.056165 0.052105 0.048376 0.045203 0.042969 0.041401 0.040066 0.038499 0.036376 0.034098 0.031837 0.029592 0.02732 0.024952 0.022011 0.018727 0.015542 0.012847 0.010998 0.0098899 0.0089343 0.0080723 0.0072519 0.006424 0.005542 0.0045307 0.0034478 0.0024002 0.0014723 0.00073804 0.00027022 4.6069e-05 0 0 0 0 8.1503e-06 2.7365e-05 2.598e-05 2.1936e-05 1.6902e-05 1.2487e-05 
493.5 0 0 0.0054081 0.010385 0.014539 0.024311 0.037609 0.051527 0.067905 0.086806 0.10435 0.11831 0.13034 0.14056 0.14824 0.1524 0.149 0.13959 0.12911 0.12229 0.12186 0.1235 0.12668 0.13157 0.13821 0.14923 0.16369 0.17829 0.18964 0.19495 0.1963 0.19443 0.18968 0.18232 0.17164 0.15885 0.14639 0.13672 0.13102 0.12594 0.1211 0.11655 0.11235 0.10829 0.10418 0.10009 0.096313 0.093178 0.090934 0.088926 0.086634 0.083629 0.079986 0.076248 0.072465 0.06861 0.064655 0.060434 0.056179 0.052122 0.048389 0.045204 0.042968 0.041406 0.04008 0.03852 0.0364 0.034123 0.031862 0.029618 0.027345 0.024975 0.022031 0.018743 0.015554 0.012856 0.011007 0.009899 0.0089424 0.0080792 0.0072575 0.0064286 0.0055456 0.0045334 0.0034496 0.0024016 0.0014734 0.00073879 0.0002703 4.5526e-05 0 0 0 0 8.0839e-06 2.739e-05 2.6005e-05 2.1963e-05 1.6928e-05 1.2514e-05 
494 0 0 0.0054087 0.010378 0.014527 0.024298 0.037595 0.05151 0.067882 0.086775 0.10432 0.11827 0.13031 0.14054 0.14822 0.15239 0.14899 0.13959 0.12911 0.1223 0.12188 0.1235 0.12667 0.13155 0.13819 0.14922 0.16369 0.17829 0.18963 0.19493 0.19628 0.1944 0.18964 0.18229 0.17161 0.15883 0.14638 0.13672 0.13101 0.12592 0.12107 0.11652 0.11233 0.10827 0.10417 0.10008 0.096311 0.093183 0.090939 0.088929 0.086635 0.083631 0.079988 0.076251 0.072471 0.06862 0.064667 0.060445 0.056184 0.052122 0.048387 0.045206 0.042976 0.041417 0.040092 0.038534 0.036414 0.034138 0.031879 0.029635 0.027362 0.024992 0.022043 0.01875 0.015557 0.012856 0.011007 0.0098993 0.0089427 0.0080792 0.0072572 0.006428 0.0055448 0.0045324 0.0034488 0.0024011 0.0014733 0.00073883 0.00027023 4.5216e-05 0 0 0 0 8.0579e-06 2.7383e-05 2.5994e-05 2.1951e-05 1.6919e-05 1.2507e-05 
494.5 0 0 0.0054102 0.010376 0.014522 0.024289 0.037579 0.051484 0.067843 0.086721 0.10425 0.1182 0.13022 0.14045 0.14813 0.1523 0.1489 0.13949 0.12902 0.12222 0.1218 0.12342 0.12658 0.13145 0.13809 0.1491 0.16355 0.17813 0.18947 0.19474 0.19606 0.19415 0.18938 0.18203 0.17138 0.15863 0.14621 0.13657 0.13087 0.12579 0.12095 0.1164 0.11221 0.10815 0.10405 0.099969 0.096201 0.093075 0.090826 0.088813 0.086525 0.083536 0.079914 0.076197 0.07244 0.068611 0.064677 0.060455 0.056181 0.052104 0.048369 0.04521 0.042993 0.041435 0.040103 0.038539 0.036418 0.034143 0.031885 0.029644 0.027372 0.025001 0.022048 0.018749 0.01555 0.012846 0.010996 0.0098903 0.0089347 0.0080719 0.0072505 0.006422 0.0055394 0.0045278 0.0034451 0.0023986 0.0014718 0.00073814 0.00027002 4.5151e-05 0 0 0 0 8.0743e-06 2.7344e-05 2.5945e-05 2.1901e-05 1.6872e-05 1.2465e-05 
495 0 0 0.0054116 0.010373 0.014516 0.024279 0.037563 0.051458 0.067805 0.086667 0.10418 0.11812 0.13014 0.14036 0.14804 0.1522 0.1488 0.1394 0.12893 0.12214 0.12172 0.12334 0.12649 0.13136 0.13799 0.14899 0.16341 0.17797 0.1893 0.19456 0.19584 0.1939 0.18912 0.18177 0.17114 0.15843 0.14605 0.13643 0.13074 0.12566 0.12082 0.11628 0.11209 0.10803 0.10393 0.099854 0.09609 0.092967 0.090712 0.088697 0.086416 0.083442 0.079839 0.076142 0.072408 0.068602 0.064686 0.060465 0.056178 0.052086 0.04835 0.045213 0.04301 0.041453 0.040115 0.038543 0.036422 0.034147 0.031891 0.029652 0.027381 0.02501 0.022053 0.018747 0.015543 0.012836 0.010986 0.0098813 0.0089268 0.0080647 0.0072439 0.0064159 0.0055339 0.0045232 0.0034415 0.002396 0.0014703 0.00073745 0.0002698 4.5086e-05 0 0 0 0 8.0908e-06 2.7305e-05 2.5896e-05 2.1851e-05 1.6825e-05 1.2423e-05 
495.5 0 0 0.0054131 0.010371 0.014511 0.02427 0.037547 0.051432 0.067766 0.086613 0.10411 0.11804 0.13005 0.14027 0.14794 0.1521 0.1487 0.13931 0.12885 0.12205 0.12164 0.12326 0.12641 0.13127 0.13788 0.14887 0.16327 0.17782 0.18913 0.19437 0.19562 0.19365 0.18886 0.18152 0.17091 0.15823 0.14588 0.13629 0.13061 0.12553 0.1207 0.11616 0.11197 0.10791 0.10381 0.09974 0.09598 0.092859 0.090599 0.088581 0.086306 0.083348 0.079765 0.076087 0.072377 0.068594 0.064696 0.060476 0.056175 0.052068 0.048332 0.045217 0.043028 0.041471 0.040126 0.038548 0.036426 0.034152 0.031898 0.02966 0.027391 0.025019 0.022057 0.018746 0.015536 0.012825 0.010975 0.0098723 0.0089188 0.0080574 0.0072373 0.0064099 0.0055285 0.0045186 0.0034379 0.0023935 0.0014689 0.00073676 0.00026958 4.502e-05 0 0 0 0 8.1072e-06 2.7265e-05 2.5846e-05 2.1801e-05 1.6778e-05 1.238e-05 
496 0 0 0.0054118 0.010369 0.014508 0.024267 0.037543 0.051429 0.067762 0.086608 0.1041 0.11803 0.13005 0.14027 0.14795 0.15212 0.14872 0.13932 0.12885 0.12205 0.12163 0.12325 0.12641 0.13128 0.13788 0.14886 0.16326 0.17779 0.18911 0.19436 0.19562 0.19365 0.18887 0.18153 0.17091 0.15822 0.14586 0.13626 0.13058 0.1255 0.12067 0.11613 0.11194 0.10788 0.10378 0.09971 0.095953 0.092835 0.090576 0.088557 0.086282 0.083334 0.079767 0.076101 0.072397 0.068617 0.064724 0.060504 0.056199 0.052086 0.04835 0.045243 0.043055 0.041491 0.040136 0.038549 0.036423 0.034147 0.03189 0.029652 0.027382 0.025009 0.022048 0.018738 0.015531 0.012822 0.010973 0.0098695 0.0089162 0.0080551 0.0072351 0.0064078 0.0055266 0.0045169 0.0034366 0.0023925 0.001468 0.00073607 0.00026925 4.4932e-05 0 0 0 0 8.1265e-06 2.7238e-05 2.5811e-05 2.1765e-05 1.6745e-05 1.235e-05 
496.5 0 0 0.0054094 0.010367 0.014507 0.024266 0.037544 0.051434 0.067772 0.086623 0.10412 0.11806 0.13009 0.14032 0.14801 0.15218 0.14878 0.13937 0.1289 0.12208 0.12164 0.12327 0.12645 0.13132 0.13793 0.1489 0.16329 0.17783 0.18915 0.19442 0.1957 0.19376 0.18898 0.18164 0.17101 0.15829 0.1459 0.13628 0.13059 0.12551 0.12068 0.11613 0.11194 0.10789 0.10378 0.099714 0.095959 0.092845 0.090589 0.088569 0.086293 0.083352 0.079799 0.076142 0.072436 0.068654 0.06476 0.06054 0.056233 0.052119 0.048384 0.045279 0.043086 0.041512 0.040145 0.038549 0.036417 0.034137 0.031877 0.029636 0.027365 0.024992 0.022033 0.018728 0.015525 0.01282 0.010973 0.0098691 0.0089157 0.0080547 0.0072347 0.0064073 0.0055261 0.0045164 0.0034362 0.002392 0.0014673 0.00073537 0.00026888 4.4835e-05 0 0 0 0 8.1469e-06 2.7216e-05 2.5782e-05 2.1735e-05 1.6717e-05 1.2324e-05 
497 0 0 0.005407 0.010364 0.014507 0.024265 0.037545 0.051439 0.067782 0.086638 0.10414 0.11809 0.13013 0.14036 0.14806 0.15224 0.14884 0.13943 0.12894 0.12211 0.12166 0.12329 0.12649 0.13137 0.13797 0.14893 0.16332 0.17786 0.18919 0.19448 0.19579 0.19387 0.1891 0.18176 0.17111 0.15836 0.14593 0.13629 0.1306 0.12552 0.12068 0.11614 0.11195 0.10789 0.10379 0.099717 0.095965 0.092855 0.090602 0.088582 0.086304 0.08337 0.079831 0.076183 0.072476 0.06869 0.064795 0.060575 0.056267 0.052152 0.048417 0.045315 0.043117 0.041532 0.040155 0.038548 0.036411 0.034127 0.031864 0.029621 0.027348 0.024975 0.022018 0.018718 0.01552 0.012819 0.010973 0.0098688 0.0089153 0.0080544 0.0072344 0.0064068 0.0055255 0.0045159 0.0034359 0.0023915 0.0014666 0.00073467 0.00026851 4.4737e-05 0 0 0 0 8.1673e-06 2.7194e-05 2.5753e-05 2.1705e-05 1.6688e-05 1.2298e-05 
497.5 0 0 0.0054046 0.010362 0.014506 0.024264 0.037546 0.051444 0.067792 0.086653 0.10417 0.11812 0.13016 0.14041 0.14811 0.1523 0.1489 0.13948 0.12898 0.12214 0.12167 0.12331 0.12653 0.13142 0.13801 0.14896 0.16335 0.17789 0.18923 0.19455 0.19588 0.19397 0.18921 0.18187 0.17121 0.15843 0.14597 0.13631 0.13061 0.12553 0.12069 0.11614 0.11195 0.10789 0.10379 0.099721 0.095971 0.092865 0.090614 0.088594 0.086315 0.083388 0.079864 0.076224 0.072516 0.068726 0.064831 0.060611 0.056302 0.052185 0.048451 0.04535 0.043148 0.041553 0.040164 0.038548 0.036405 0.034117 0.031851 0.029605 0.027331 0.024957 0.022003 0.018708 0.015515 0.012818 0.010973 0.0098684 0.0089148 0.008054 0.007234 0.0064063 0.005525 0.0045154 0.0034355 0.0023911 0.0014659 0.00073398 0.00026814 4.464e-05 0 0 0 0 8.1877e-06 2.7172e-05 2.5724e-05 2.1675e-05 1.666e-05 1.2272e-05 
498 0 0 0.0054087 0.010362 0.014503 0.024266 0.037553 0.051453 0.067804 0.086671 0.10419 0.11815 0.13019 0.14044 0.14816 0.15235 0.14895 0.13953 0.12903 0.12218 0.12172 0.12336 0.1266 0.13149 0.13808 0.14905 0.16346 0.17802 0.18937 0.19466 0.19598 0.19406 0.18928 0.18193 0.17127 0.15851 0.14606 0.1364 0.13071 0.12564 0.12081 0.11626 0.11206 0.10799 0.10388 0.099799 0.096037 0.092917 0.090667 0.088658 0.086388 0.083448 0.079897 0.076237 0.07252 0.068724 0.06482 0.060595 0.056287 0.052174 0.048438 0.045329 0.04312 0.041526 0.040141 0.038529 0.036388 0.034101 0.031838 0.029595 0.027324 0.024954 0.022 0.018704 0.015511 0.012813 0.010969 0.0098641 0.0089112 0.0080513 0.0072322 0.0064053 0.0055244 0.0045147 0.0034344 0.0023896 0.0014644 0.00073273 0.00026786 4.5396e-05 0 0 0 0 8.3496e-06 2.7182e-05 2.5735e-05 2.1689e-05 1.6678e-05 1.2293e-05 
498.5 0 0 0.0054132 0.010361 0.014501 0.024269 0.03756 0.051462 0.067816 0.086689 0.10421 0.11817 0.13023 0.14048 0.1482 0.1524 0.14899 0.13957 0.12907 0.12223 0.12177 0.12342 0.12666 0.13156 0.13815 0.14914 0.16357 0.17815 0.1895 0.19479 0.19608 0.19414 0.18935 0.18199 0.17134 0.15858 0.14615 0.13651 0.13083 0.12577 0.12093 0.11638 0.11217 0.10809 0.10397 0.099881 0.096107 0.092973 0.090723 0.088724 0.086463 0.083511 0.07993 0.076249 0.072522 0.06872 0.064806 0.060576 0.05627 0.05216 0.048423 0.045304 0.043089 0.041496 0.040117 0.038509 0.03637 0.034085 0.031824 0.029585 0.027319 0.024951 0.021998 0.018701 0.015507 0.012808 0.010964 0.0098597 0.0089075 0.0080485 0.0072304 0.0064044 0.0055238 0.004514 0.0034333 0.0023881 0.0014628 0.00073144 0.00026758 4.6205e-05 0 0 0 0 8.5202e-06 2.7195e-05 2.5748e-05 2.1706e-05 1.6698e-05 1.2317e-05 
499 0 0 0.0054178 0.010361 0.014498 0.024271 0.037567 0.051471 0.067829 0.086707 0.10424 0.1182 0.13026 0.14052 0.14824 0.15245 0.14904 0.13962 0.12912 0.12227 0.12182 0.12347 0.12672 0.13163 0.13823 0.14922 0.16368 0.17829 0.18964 0.19491 0.19619 0.19423 0.18942 0.18205 0.1714 0.15866 0.14624 0.13661 0.13094 0.12589 0.12106 0.1165 0.11228 0.10819 0.10406 0.099964 0.096177 0.093028 0.090778 0.088791 0.086539 0.083573 0.079963 0.07626 0.072524 0.068715 0.064792 0.060557 0.056252 0.052147 0.048408 0.045278 0.043058 0.041467 0.040092 0.038489 0.036352 0.034068 0.03181 0.029576 0.027313 0.024948 0.021996 0.018698 0.015503 0.012803 0.010959 0.0098552 0.0089037 0.0080457 0.0072286 0.0064034 0.0055233 0.0045133 0.0034321 0.0023866 0.0014611 0.00073016 0.0002673 4.7013e-05 0 0 0 0 8.6908e-06 2.7207e-05 2.5761e-05 2.1723e-05 1.6719e-05 1.2341e-05 
499.5 0 0 0.005419 0.010357 0.014491 0.024264 0.037562 0.051464 0.067822 0.086701 0.10423 0.1182 0.13026 0.14053 0.14826 0.15247 0.14907 0.13966 0.12916 0.12233 0.12187 0.12352 0.12677 0.13168 0.13827 0.14928 0.16375 0.17837 0.18973 0.19499 0.19626 0.19428 0.18947 0.1821 0.17144 0.15871 0.1463 0.13669 0.13103 0.12598 0.12116 0.1166 0.11237 0.10828 0.10414 0.10003 0.096237 0.093077 0.090827 0.088849 0.086605 0.083627 0.079992 0.076271 0.072527 0.068712 0.064781 0.060541 0.056239 0.052136 0.048396 0.045257 0.043033 0.041444 0.040076 0.038479 0.036344 0.03406 0.031804 0.029572 0.027312 0.024948 0.021995 0.018696 0.0155 0.0128 0.010956 0.0098525 0.0089013 0.0080438 0.0072273 0.0064025 0.0055226 0.0045125 0.0034311 0.0023855 0.00146 0.00072931 0.00026705 4.739e-05 0 0 0 0 8.7896e-06 2.7215e-05 2.5769e-05 2.1734e-05 1.6734e-05 1.2359e-05 
500 0 0 0.0054041 0.010332 0.014457 0.024211 0.037491 0.05138 0.067721 0.08658 0.10409 0.11805 0.13012 0.14039 0.14814 0.15236 0.149 0.13965 0.12922 0.12241 0.12194 0.12355 0.12676 0.13163 0.13819 0.14916 0.16361 0.17822 0.18959 0.19487 0.19616 0.19421 0.18942 0.18207 0.17142 0.15867 0.14626 0.13665 0.13099 0.12595 0.12113 0.11658 0.11236 0.10828 0.10414 0.10005 0.096254 0.093096 0.090845 0.088864 0.086616 0.083637 0.08 0.076278 0.072532 0.068716 0.064782 0.060543 0.056243 0.052144 0.048401 0.045255 0.043034 0.041457 0.040104 0.038517 0.036381 0.034095 0.031835 0.029598 0.027333 0.024963 0.022005 0.018703 0.015505 0.012805 0.010962 0.0098581 0.0089059 0.0080466 0.0072283 0.006402 0.0055214 0.0045115 0.003431 0.0023863 0.0014615 0.00073062 0.00026698 4.565e-05 0 0 0 0 8.5365e-06 2.7202e-05 2.5755e-05 2.1721e-05 1.6723e-05 1.235e-05 
500.5 0 0 0.0053892 0.010307 0.014424 0.024158 0.037421 0.051296 0.067621 0.086458 0.10395 0.1179 0.12997 0.14026 0.14801 0.15225 0.14893 0.13965 0.12927 0.12249 0.122 0.12358 0.12674 0.13157 0.1381 0.14905 0.16346 0.17806 0.18945 0.19475 0.19605 0.19413 0.18938 0.18204 0.17139 0.15864 0.14621 0.1366 0.13096 0.12592 0.1211 0.11656 0.11235 0.10827 0.10415 0.10006 0.096271 0.093116 0.090864 0.088879 0.086628 0.083647 0.080008 0.076284 0.072537 0.068719 0.064784 0.060545 0.056248 0.052151 0.048406 0.045252 0.043035 0.041471 0.040132 0.038554 0.036419 0.034129 0.031865 0.029625 0.027354 0.024978 0.022015 0.01871 0.015511 0.01281 0.010967 0.0098638 0.0089104 0.0080494 0.0072292 0.0064016 0.0055202 0.0045105 0.0034308 0.0023871 0.001463 0.00073193 0.00026691 4.391e-05 0 0 0 0 8.2834e-06 2.7189e-05 2.574e-05 2.1707e-05 1.6712e-05 1.2342e-05 
501 0 0 0.0053743 0.010283 0.014391 0.024105 0.03735 0.051212 0.06752 0.086337 0.10381 0.11775 0.12982 0.14012 0.14789 0.15213 0.14886 0.13964 0.12933 0.12257 0.12206 0.12361 0.12673 0.13152 0.13801 0.14893 0.16332 0.1779 0.18931 0.19463 0.19595 0.19406 0.18933 0.18202 0.17136 0.1586 0.14617 0.13656 0.13092 0.12589 0.12108 0.11654 0.11234 0.10827 0.10416 0.10007 0.096288 0.093135 0.090882 0.088894 0.08664 0.083656 0.080016 0.076291 0.072542 0.068722 0.064786 0.060547 0.056253 0.052158 0.048411 0.04525 0.043036 0.041484 0.040159 0.038592 0.036456 0.034164 0.031896 0.029651 0.027375 0.024993 0.022026 0.018717 0.015516 0.012815 0.010973 0.0098694 0.0089149 0.0080522 0.0072302 0.0064012 0.0055191 0.0045096 0.0034306 0.0023879 0.0014644 0.00073323 0.00026685 4.217e-05 0 0 0 0 8.0302e-06 2.7176e-05 2.5725e-05 2.1693e-05 1.6701e-05 1.2333e-05 
501.5 0 0 0.0053585 0.010251 0.014348 0.02404 0.037268 0.051113 0.067396 0.086184 0.10364 0.11757 0.12966 0.13999 0.14779 0.15206 0.14883 0.13964 0.12935 0.1226 0.12208 0.1236 0.12669 0.13145 0.13792 0.14882 0.16319 0.17776 0.18916 0.19449 0.19583 0.19395 0.18924 0.18194 0.17129 0.15853 0.14611 0.1365 0.13085 0.12581 0.121 0.11647 0.11228 0.10821 0.10411 0.10003 0.096256 0.093111 0.090857 0.088864 0.086605 0.083626 0.079997 0.07628 0.072536 0.068719 0.064784 0.060546 0.05625 0.052153 0.048407 0.045249 0.043038 0.041489 0.040168 0.038602 0.036466 0.034174 0.031905 0.029659 0.027382 0.024999 0.02203 0.018721 0.015519 0.012818 0.010975 0.0098715 0.0089167 0.0080536 0.0072313 0.0064019 0.0055195 0.0045097 0.0034306 0.0023879 0.0014644 0.0007332 0.00026671 4.1844e-05 0 0 0 0 8.0014e-06 2.7164e-05 2.5709e-05 2.1676e-05 1.6683e-05 1.2315e-05 
502 0 0 0.0053413 0.010209 0.014289 0.023956 0.037168 0.050991 0.067236 0.085984 0.10341 0.11735 0.12948 0.13985 0.14771 0.15206 0.14885 0.13965 0.12932 0.12255 0.12202 0.12354 0.12662 0.13137 0.13783 0.14872 0.16307 0.17763 0.18902 0.19433 0.19566 0.19378 0.18908 0.18178 0.17114 0.15841 0.14602 0.13641 0.13074 0.12568 0.12085 0.11631 0.11212 0.10807 0.10397 0.099904 0.096147 0.093022 0.090769 0.088766 0.086499 0.083535 0.079938 0.076244 0.072512 0.068703 0.064778 0.06054 0.056235 0.052132 0.048389 0.045249 0.043042 0.041482 0.040146 0.03857 0.036435 0.034145 0.031881 0.02964 0.027369 0.024991 0.022026 0.018719 0.015517 0.012816 0.010972 0.0098683 0.0089145 0.0080531 0.0072326 0.0064044 0.0055223 0.0045115 0.0034309 0.0023866 0.0014622 0.00073113 0.00026647 4.3658e-05 0 0 0 0 8.3121e-06 2.7154e-05 2.5691e-05 2.1653e-05 1.6655e-05 1.2283e-05 
502.5 0 0 0.0053242 0.010168 0.01423 0.023872 0.037068 0.050869 0.067077 0.085784 0.10319 0.11714 0.12929 0.13972 0.14764 0.15205 0.14887 0.13965 0.12929 0.1225 0.12197 0.12348 0.12654 0.13128 0.13774 0.14862 0.16296 0.1775 0.18887 0.19417 0.1955 0.19362 0.18891 0.18162 0.171 0.15829 0.14592 0.13633 0.13064 0.12555 0.1207 0.11615 0.11196 0.10792 0.10383 0.099778 0.096039 0.092932 0.090681 0.088667 0.086393 0.083444 0.079879 0.076209 0.072489 0.068688 0.064772 0.060533 0.056221 0.05211 0.048371 0.04525 0.043045 0.041475 0.040124 0.038538 0.036403 0.034117 0.031857 0.029621 0.027355 0.024984 0.022022 0.018717 0.015516 0.012814 0.010969 0.0098651 0.0089123 0.0080527 0.0072339 0.0064069 0.0055251 0.0045134 0.0034311 0.0023853 0.0014599 0.00072906 0.00026622 4.5473e-05 0 0 0 0 8.6228e-06 2.7143e-05 2.5672e-05 2.1629e-05 1.6627e-05 1.2251e-05 
503 0 0 0.0053071 0.010126 0.014172 0.023788 0.036968 0.050746 0.066917 0.085584 0.10297 0.11692 0.1291 0.13958 0.14757 0.15204 0.14888 0.13965 0.12926 0.12244 0.12192 0.12342 0.12647 0.1312 0.13764 0.14851 0.16284 0.17737 0.18872 0.19401 0.19533 0.19346 0.18875 0.18146 0.17085 0.15818 0.14583 0.13624 0.13053 0.12542 0.12055 0.11599 0.11181 0.10777 0.10369 0.099652 0.095931 0.092843 0.090593 0.088568 0.086287 0.083353 0.07982 0.076173 0.072466 0.068673 0.064766 0.060527 0.056206 0.052088 0.048353 0.04525 0.043049 0.041468 0.040103 0.038506 0.036371 0.034089 0.031833 0.029602 0.027342 0.024976 0.022018 0.018715 0.015515 0.012812 0.010966 0.0098619 0.0089101 0.0080522 0.0072351 0.0064095 0.0055279 0.0045152 0.0034314 0.002384 0.0014577 0.000727 0.00026598 4.7287e-05 0 0 0 0 8.9335e-06 2.7133e-05 2.5654e-05 2.1606e-05 1.6599e-05 1.2218e-05 
503.5 0 0 0.0052904 0.010088 0.014118 0.023712 0.036882 0.050648 0.066793 0.085431 0.1028 0.11677 0.12899 0.13952 0.14756 0.1521 0.14897 0.13972 0.12929 0.12245 0.12191 0.1234 0.12644 0.13115 0.13759 0.14845 0.16278 0.17731 0.18868 0.19398 0.19533 0.19348 0.18879 0.18151 0.17091 0.15824 0.14588 0.13628 0.13055 0.12542 0.12054 0.11597 0.11179 0.10775 0.10367 0.099634 0.095917 0.092836 0.09059 0.088566 0.086282 0.083346 0.079813 0.076163 0.072451 0.068653 0.064744 0.060505 0.056186 0.052069 0.048334 0.045231 0.04303 0.04145 0.040084 0.038487 0.036354 0.034073 0.03182 0.029591 0.027332 0.024968 0.022011 0.018707 0.015506 0.012802 0.010956 0.0098505 0.008901 0.0080467 0.0072334 0.0064105 0.0055299 0.004516 0.0034302 0.0023809 0.0014535 0.00072339 0.00026544 5.0074e-05 0 0 0 0 9.4253e-06 2.7131e-05 2.5645e-05 2.1596e-05 1.6587e-05 1.2206e-05 
504 0 0 0.0052741 0.010052 0.014068 0.023642 0.036805 0.050563 0.06669 0.085307 0.10267 0.11665 0.12891 0.13949 0.1476 0.1522 0.1491 0.13983 0.12937 0.12249 0.12194 0.12341 0.12643 0.13113 0.13756 0.14842 0.16275 0.17729 0.18869 0.19403 0.19542 0.19361 0.18896 0.18169 0.17108 0.1584 0.14602 0.1364 0.13065 0.12551 0.12062 0.11604 0.11184 0.1078 0.10372 0.09968 0.095961 0.092879 0.09064 0.088623 0.086339 0.08339 0.079836 0.07617 0.072441 0.06863 0.064711 0.060473 0.056162 0.052052 0.048315 0.045201 0.042998 0.041424 0.040067 0.038476 0.036345 0.034066 0.031813 0.029584 0.027324 0.024959 0.022 0.018695 0.015493 0.012788 0.01094 0.0098342 0.0088877 0.0080381 0.0072298 0.0064106 0.0055313 0.0045163 0.0034282 0.0023766 0.0014481 0.00071885 0.00026472 5.3449e-05 0 0 0 0 1.0026e-05 2.7134e-05 2.5641e-05 2.1593e-05 1.6585e-05 1.2205e-05 
504.5 0 0 0.0052577 0.010016 0.014019 0.023572 0.036728 0.050478 0.066586 0.085183 0.10253 0.11653 0.12883 0.13947 0.14764 0.1523 0.14922 0.13994 0.12944 0.12253 0.12196 0.12342 0.12642 0.1311 0.13752 0.14839 0.16272 0.17728 0.1887 0.19408 0.19551 0.19374 0.18912 0.18186 0.17126 0.15856 0.14616 0.13651 0.13075 0.1256 0.12069 0.1161 0.1119 0.10785 0.10377 0.099727 0.096004 0.092921 0.090689 0.088679 0.086396 0.083434 0.07986 0.076176 0.072432 0.068607 0.064678 0.060441 0.056138 0.052034 0.048296 0.04517 0.042966 0.041399 0.04005 0.038466 0.036336 0.034058 0.031806 0.029576 0.027316 0.02495 0.02199 0.018684 0.01548 0.012774 0.010925 0.0098179 0.0088743 0.0080296 0.0072262 0.0064107 0.0055328 0.0045166 0.0034262 0.0023724 0.0014427 0.00071431 0.000264 5.6823e-05 0 0 0 0 1.0627e-05 2.7136e-05 2.5637e-05 2.159e-05 1.6583e-05 1.2204e-05 
505 0 0 0.0052414 0.0099793 0.013969 0.023502 0.036652 0.050394 0.066483 0.085059 0.1024 0.11642 0.12875 0.13944 0.14768 0.1524 0.14935 0.14005 0.12952 0.12258 0.12199 0.12343 0.12641 0.13108 0.13749 0.14835 0.16269 0.17726 0.18871 0.19413 0.1956 0.19388 0.18929 0.18204 0.17144 0.15872 0.1463 0.13663 0.13085 0.12568 0.12077 0.11617 0.11196 0.10791 0.10382 0.099773 0.096047 0.092964 0.090738 0.088736 0.086453 0.083477 0.079884 0.076182 0.072422 0.068584 0.064645 0.060409 0.056114 0.052016 0.048278 0.04514 0.042934 0.041373 0.040033 0.038455 0.036327 0.03405 0.031799 0.029569 0.027309 0.024942 0.02198 0.018672 0.015467 0.012759 0.010909 0.0098016 0.008861 0.008021 0.0072226 0.0064109 0.0055342 0.0045168 0.0034242 0.0023682 0.0014373 0.00070978 0.00026327 6.0198e-05 0 0 0 0 1.1228e-05 2.7139e-05 2.5633e-05 2.1587e-05 1.6582e-05 1.2203e-05 
505.5 0 0 0.0052233 0.0099301 0.013895 0.023393 0.036558 0.050269 0.066244 0.084675 0.10194 0.11599 0.12845 0.13934 0.14783 0.15285 0.14989 0.14047 0.12972 0.12263 0.12203 0.12345 0.12642 0.13107 0.13749 0.14835 0.16268 0.17725 0.18869 0.19411 0.1956 0.19388 0.18931 0.18207 0.17147 0.15875 0.14634 0.13667 0.13091 0.12575 0.12084 0.11624 0.11203 0.10797 0.10388 0.099835 0.096105 0.093015 0.090785 0.088779 0.086492 0.083513 0.079915 0.076211 0.072449 0.068609 0.064669 0.060434 0.056141 0.052046 0.048308 0.04517 0.042959 0.041391 0.040044 0.038462 0.036334 0.034058 0.031808 0.02958 0.027321 0.024956 0.021994 0.018686 0.015481 0.012775 0.01093 0.0098248 0.0088803 0.0080332 0.007227 0.006409 0.0055297 0.0045135 0.0034242 0.0023717 0.001443 0.00071471 0.00026316 5.4108e-05 0 0 0 0 1.0352e-05 2.7148e-05 2.5646e-05 2.1602e-05 1.6602e-05 1.2228e-05 
506 0 0 0.0052049 0.0098786 0.013816 0.023278 0.036461 0.050137 0.065981 0.084247 0.10141 0.11552 0.12812 0.13922 0.148 0.15335 0.15051 0.14094 0.12996 0.12269 0.12207 0.12347 0.12642 0.13106 0.13749 0.14836 0.16269 0.17724 0.18867 0.19409 0.19558 0.19387 0.1893 0.18207 0.17148 0.15877 0.14636 0.13671 0.13095 0.12581 0.12091 0.11631 0.1121 0.10805 0.10395 0.0999 0.096165 0.093069 0.090832 0.08882 0.086529 0.083547 0.079948 0.076243 0.072482 0.068643 0.064703 0.060469 0.056176 0.052083 0.048347 0.04521 0.042994 0.041417 0.040061 0.038473 0.036343 0.034068 0.031819 0.029593 0.027337 0.024973 0.022012 0.018703 0.015499 0.012796 0.010957 0.0098548 0.0089053 0.008049 0.0072327 0.0064068 0.0055242 0.0045096 0.0034246 0.0023767 0.0014506 0.0007213 0.00026315 4.6365e-05 0 0 0 0 9.217e-06 2.7158e-05 2.5661e-05 2.1622e-05 1.6627e-05 1.2257e-05 
506.5 0 0 0.0051865 0.0098271 0.013738 0.023163 0.036363 0.050005 0.065719 0.083818 0.10089 0.11504 0.12778 0.1391 0.14817 0.15385 0.15112 0.14141 0.13019 0.12275 0.12211 0.1235 0.12643 0.13106 0.13748 0.14836 0.16269 0.17724 0.18866 0.19407 0.19556 0.19386 0.1893 0.18207 0.17148 0.15878 0.14638 0.13674 0.131 0.12587 0.12098 0.11639 0.11218 0.10812 0.10402 0.099965 0.096224 0.093122 0.090878 0.088861 0.086566 0.083581 0.079981 0.076275 0.072515 0.068677 0.064738 0.060504 0.056212 0.05212 0.048387 0.04525 0.043029 0.041443 0.040078 0.038484 0.036353 0.034078 0.031831 0.029607 0.027353 0.024991 0.02203 0.018721 0.015518 0.012818 0.010984 0.0098848 0.0089303 0.0080648 0.0072385 0.0064046 0.0055186 0.0045057 0.003425 0.0023816 0.0014582 0.00072788 0.00026314 3.8623e-05 0 0 0 0 8.0824e-06 2.7169e-05 2.5676e-05 2.1641e-05 1.6652e-05 1.2287e-05 
507 0 0 0.0051676 0.0097751 0.01366 0.023047 0.036263 0.049872 0.065464 0.083411 0.1004 0.11458 0.12746 0.13899 0.14831 0.15431 0.15168 0.14183 0.13039 0.1228 0.12214 0.12351 0.12643 0.13104 0.13747 0.14835 0.16268 0.17721 0.18862 0.19402 0.19552 0.19383 0.18928 0.18206 0.17148 0.15879 0.1464 0.13677 0.13104 0.12591 0.12103 0.11644 0.11223 0.10817 0.10408 0.10002 0.096278 0.093172 0.090922 0.088898 0.086597 0.083609 0.080009 0.076305 0.072546 0.068709 0.064771 0.060537 0.056245 0.052154 0.048422 0.045287 0.043062 0.041468 0.040094 0.038494 0.036362 0.034088 0.031841 0.029619 0.027366 0.025006 0.022045 0.018736 0.015534 0.012837 0.011008 0.0099118 0.0089528 0.008079 0.0072436 0.0064026 0.0055135 0.0045022 0.0034253 0.0023859 0.001465 0.00073379 0.00026311 3.164e-05 0 0 0 0 7.0629e-06 2.718e-05 2.5692e-05 2.166e-05 1.6676e-05 1.2315e-05 
507.5 0 0 0.0051422 0.0097174 0.013581 0.022937 0.036128 0.049722 0.065304 0.083243 0.10022 0.11441 0.12729 0.13884 0.14819 0.15421 0.15161 0.14177 0.13033 0.12274 0.12206 0.12342 0.12631 0.13091 0.13732 0.14817 0.16247 0.17699 0.18838 0.19378 0.1953 0.19363 0.18911 0.18192 0.17137 0.15873 0.14639 0.13675 0.13096 0.12578 0.12085 0.11624 0.11205 0.10803 0.10397 0.099957 0.096259 0.093192 0.090937 0.088882 0.086553 0.083568 0.079992 0.076303 0.072554 0.068724 0.064791 0.060552 0.056248 0.052146 0.04841 0.045285 0.043068 0.041478 0.040104 0.038501 0.036365 0.034086 0.031835 0.029608 0.027351 0.024986 0.022025 0.01872 0.015523 0.012829 0.011001 0.0099036 0.0089459 0.0080745 0.0072417 0.0064026 0.0055142 0.0045022 0.0034243 0.002384 0.0014626 0.00073185 0.00026297 3.3435e-05 0 0 0 0 7.3738e-06 2.7207e-05 2.5717e-05 2.1684e-05 1.6698e-05 1.2334e-05 
508 0 0 0.0051167 0.0096596 0.013502 0.022826 0.035993 0.049571 0.065144 0.083076 0.10005 0.11423 0.12713 0.1387 0.14808 0.15412 0.15153 0.1417 0.13027 0.12267 0.12199 0.12333 0.1262 0.13078 0.13716 0.148 0.16227 0.17676 0.18814 0.19354 0.19508 0.19344 0.18894 0.18177 0.17126 0.15868 0.14637 0.13673 0.13088 0.12564 0.12067 0.11605 0.11188 0.10789 0.10387 0.099894 0.096241 0.093212 0.090953 0.088867 0.086509 0.083526 0.079975 0.076302 0.072562 0.068738 0.064811 0.060567 0.056252 0.052138 0.048399 0.045283 0.043074 0.041488 0.040114 0.038508 0.036368 0.034085 0.031829 0.029597 0.027335 0.024966 0.022005 0.018704 0.015511 0.012821 0.010994 0.0098954 0.008939 0.00807 0.0072398 0.0064027 0.0055149 0.0045023 0.0034233 0.002382 0.0014602 0.00072991 0.00026283 3.5229e-05 0 0 0 0 7.6847e-06 2.7233e-05 2.5742e-05 2.1708e-05 1.6719e-05 1.2353e-05 
508.5 0 0 0.0050913 0.0096019 0.013424 0.022715 0.035858 0.049421 0.064984 0.082909 0.099875 0.11406 0.12697 0.13856 0.14796 0.15403 0.15146 0.14164 0.13021 0.12261 0.12192 0.12324 0.12609 0.13064 0.13701 0.14782 0.16206 0.17653 0.1879 0.1933 0.19486 0.19325 0.18878 0.18162 0.17115 0.15862 0.14636 0.13672 0.13081 0.12551 0.12049 0.11585 0.1117 0.10775 0.10377 0.099832 0.096222 0.093232 0.090968 0.088852 0.086465 0.083485 0.079958 0.076301 0.07257 0.068753 0.064831 0.060583 0.056255 0.05213 0.048388 0.045281 0.043081 0.041498 0.040124 0.038515 0.03637 0.034083 0.031822 0.029585 0.027319 0.024946 0.021985 0.018687 0.0155 0.012813 0.010987 0.0098872 0.0089321 0.0080656 0.007238 0.0064027 0.0055155 0.0045023 0.0034223 0.00238 0.0014578 0.00072797 0.00026269 3.7024e-05 0 0 0 0 7.9956e-06 2.726e-05 2.5767e-05 2.1731e-05 1.674e-05 1.2372e-05 
509 0 0 0.0050659 0.0095461 0.013348 0.022609 0.03573 0.049284 0.06484 0.082761 0.099725 0.11391 0.12684 0.13846 0.14789 0.15399 0.15144 0.14162 0.13019 0.12258 0.12188 0.12319 0.12602 0.13055 0.1369 0.1477 0.16192 0.17638 0.18774 0.19315 0.19473 0.19315 0.1887 0.18156 0.17111 0.15861 0.14636 0.13671 0.13078 0.12546 0.12043 0.11578 0.11163 0.10769 0.10373 0.099807 0.096214 0.093238 0.090969 0.088837 0.086437 0.083459 0.079945 0.076297 0.072573 0.068761 0.064843 0.060593 0.05626 0.052129 0.048385 0.045284 0.043089 0.041509 0.040136 0.038525 0.036377 0.034087 0.031823 0.029583 0.027313 0.024937 0.021975 0.018679 0.015494 0.01281 0.010985 0.0098852 0.0089304 0.0080644 0.0072372 0.0064022 0.005515 0.0045015 0.0034212 0.0023789 0.0014567 0.00072722 0.00026248 3.7295e-05 0 0 0 0 8.4673e-06 2.7703e-05 2.6228e-05 2.2211e-05 1.7233e-05 1.2872e-05 
509.5 0 0 0.0050404 0.0094945 0.013278 0.022512 0.035622 0.049175 0.064732 0.082655 0.099626 0.11383 0.12678 0.13844 0.14792 0.15406 0.15153 0.14171 0.13026 0.12263 0.12192 0.12322 0.12604 0.13057 0.13691 0.14771 0.16194 0.1764 0.18777 0.19322 0.19482 0.19327 0.18884 0.18172 0.17124 0.15869 0.14639 0.13674 0.13087 0.12561 0.12062 0.11599 0.11182 0.10784 0.10383 0.099868 0.09623 0.093214 0.090939 0.088824 0.086444 0.083467 0.079941 0.076288 0.072565 0.068755 0.064838 0.060592 0.056267 0.052144 0.048403 0.045297 0.0431 0.041521 0.040151 0.038543 0.036395 0.034105 0.031841 0.029601 0.02733 0.024953 0.021988 0.01869 0.015502 0.012818 0.010995 0.0098972 0.0089405 0.0080706 0.007239 0.0064005 0.0055117 0.0044987 0.0034201 0.0023797 0.0014588 0.00072914 0.0002621 3.4121e-05 0 0 0 0 9.3023e-06 2.9088e-05 2.7678e-05 2.3722e-05 1.879e-05 1.4458e-05 
510 0 0 0.0050149 0.0094429 0.013209 0.022415 0.035513 0.049066 0.064623 0.08255 0.099528 0.11375 0.12673 0.13842 0.14794 0.15414 0.15163 0.1418 0.13033 0.12269 0.12197 0.12326 0.12606 0.13058 0.13692 0.14772 0.16195 0.17642 0.18781 0.19328 0.19491 0.19338 0.18898 0.18187 0.17137 0.15876 0.14642 0.13677 0.13096 0.12576 0.12081 0.11619 0.112 0.10799 0.10394 0.09993 0.096246 0.093189 0.090909 0.088811 0.086451 0.083476 0.079937 0.076279 0.072557 0.06875 0.064833 0.060591 0.056274 0.052159 0.04842 0.04531 0.043111 0.041534 0.040167 0.038561 0.036413 0.034122 0.031858 0.029618 0.027347 0.024969 0.022002 0.0187 0.01551 0.012826 0.011005 0.0099093 0.0089506 0.0080768 0.0072409 0.0063988 0.0055083 0.0044958 0.0034189 0.0023805 0.0014608 0.00073107 0.00026172 3.0948e-05 0 0 0 0 1.0137e-05 3.0473e-05 2.9128e-05 2.5232e-05 2.0347e-05 1.6044e-05 
510.5 0 0 0.0049894 0.0093912 0.01314 0.022318 0.035404 0.048957 0.064515 0.082444 0.09943 0.11367 0.12668 0.13841 0.14797 0.15421 0.15172 0.14189 0.1304 0.12274 0.12202 0.12329 0.12608 0.13059 0.13693 0.14773 0.16196 0.17644 0.18785 0.19334 0.195 0.1935 0.18912 0.18202 0.1715 0.15884 0.14645 0.1368 0.13105 0.12591 0.121 0.1164 0.11219 0.10813 0.10404 0.099991 0.096262 0.093164 0.090878 0.088798 0.086458 0.083484 0.079933 0.076271 0.072549 0.068744 0.064827 0.06059 0.056281 0.052173 0.048438 0.045323 0.043122 0.041546 0.040182 0.038579 0.036431 0.03414 0.031876 0.029636 0.027365 0.024985 0.022015 0.01871 0.015518 0.012833 0.011016 0.0099213 0.0089607 0.008083 0.0072427 0.006397 0.005505 0.004493 0.0034178 0.0023812 0.0014629 0.00073299 0.00026134 2.7775e-05 0 0 0 0 1.0972e-05 3.1858e-05 3.0578e-05 2.6743e-05 2.1904e-05 1.763e-05 
511 0 0 0.0049681 0.0093458 0.013078 0.022233 0.03531 0.048864 0.064424 0.082358 0.099351 0.1136 0.12664 0.13841 0.14801 0.15429 0.15181 0.14198 0.13047 0.1228 0.12207 0.12333 0.12612 0.13061 0.13695 0.14775 0.16199 0.17648 0.18789 0.1934 0.19507 0.19359 0.18922 0.18213 0.17159 0.1589 0.14649 0.13684 0.13112 0.126 0.12111 0.11651 0.11229 0.10821 0.1041 0.10003 0.096276 0.093161 0.090873 0.088801 0.086473 0.083505 0.079954 0.076295 0.072576 0.068773 0.064856 0.060613 0.056295 0.052181 0.048443 0.045335 0.043134 0.041553 0.040183 0.038575 0.036429 0.03414 0.031879 0.029643 0.027375 0.024998 0.022026 0.018717 0.015521 0.012834 0.011016 0.009923 0.0089615 0.0080828 0.0072419 0.0063962 0.0055039 0.0044914 0.003416 0.0023799 0.0014623 0.0007329 0.00026101 2.6822e-05 0 0 0 0 1.1448e-05 3.2494e-05 3.124e-05 2.7432e-05 2.2614e-05 1.8355e-05 
511.5 0 0 0.0049503 0.0093059 0.013023 0.022158 0.035229 0.048784 0.064348 0.082288 0.099289 0.11355 0.12661 0.13841 0.14805 0.15437 0.15191 0.14206 0.13054 0.12286 0.12212 0.12338 0.12615 0.13064 0.13698 0.14779 0.16204 0.17654 0.18795 0.19345 0.19513 0.19365 0.18928 0.18219 0.17164 0.15895 0.14653 0.13689 0.13117 0.12604 0.12115 0.11654 0.11232 0.10824 0.10412 0.10004 0.09629 0.093176 0.090889 0.088819 0.086495 0.083536 0.079998 0.076347 0.072634 0.068833 0.064915 0.060657 0.056316 0.052181 0.048439 0.045347 0.043148 0.041556 0.040171 0.038553 0.036409 0.034126 0.031871 0.029641 0.027379 0.025008 0.022035 0.018721 0.015519 0.012828 0.011009 0.0099159 0.0089541 0.0080769 0.0072388 0.006396 0.0055046 0.0044909 0.0034136 0.0023766 0.0014594 0.00073105 0.00026071 2.7799e-05 0 0 0 0 1.1612e-05 3.2478e-05 3.1217e-05 2.7406e-05 2.2588e-05 1.833e-05 
512 0 0 0.0049325 0.0092659 0.012968 0.022083 0.035148 0.048705 0.064272 0.082217 0.099226 0.1135 0.12659 0.13842 0.14809 0.15444 0.152 0.14214 0.13061 0.12292 0.12218 0.12342 0.12619 0.13068 0.13701 0.14782 0.16209 0.1766 0.18801 0.19351 0.19519 0.19371 0.18935 0.18225 0.17169 0.15899 0.14658 0.13694 0.13121 0.12608 0.12118 0.11657 0.11234 0.10826 0.10414 0.10006 0.096304 0.093191 0.090905 0.088837 0.086517 0.083567 0.080042 0.0764 0.072692 0.068893 0.064974 0.0607 0.056336 0.052182 0.048435 0.045358 0.043162 0.041559 0.040159 0.038531 0.036389 0.034111 0.031863 0.029639 0.027384 0.025018 0.022044 0.018726 0.015518 0.012822 0.011002 0.0099087 0.0089468 0.008071 0.0072357 0.0063958 0.0055053 0.0044904 0.0034112 0.0023734 0.0014565 0.00072919 0.00026042 2.8776e-05 0 0 0 0 1.1776e-05 3.2463e-05 3.1195e-05 2.738e-05 2.2561e-05 1.8305e-05 
512.5 0 0 0.0049148 0.0092259 0.012913 0.022008 0.035067 0.048626 0.064196 0.082147 0.099164 0.11345 0.12657 0.13843 0.14814 0.15452 0.15209 0.14223 0.13068 0.12297 0.12223 0.12347 0.12623 0.13071 0.13703 0.14786 0.16214 0.17665 0.18807 0.19356 0.19525 0.19377 0.18941 0.1823 0.17175 0.15904 0.14662 0.13698 0.13126 0.12612 0.12122 0.1166 0.11237 0.10828 0.10416 0.10007 0.096317 0.093206 0.090922 0.088855 0.086539 0.083598 0.080086 0.076453 0.072749 0.068952 0.065033 0.060744 0.056357 0.052183 0.048431 0.045369 0.043176 0.041562 0.040147 0.038509 0.036368 0.034097 0.031855 0.029637 0.027388 0.025028 0.022053 0.01873 0.015516 0.012815 0.010995 0.0099015 0.0089395 0.0080651 0.0072326 0.0063956 0.005506 0.0044899 0.0034088 0.0023702 0.0014536 0.00072734 0.00026012 2.9753e-05 0 0 0 0 1.1939e-05 3.2447e-05 3.1172e-05 2.7354e-05 2.2535e-05 1.828e-05 
513 0 0 0.0048974 0.0091928 0.012869 0.021944 0.034994 0.048546 0.064102 0.082037 0.099044 0.11334 0.12647 0.13836 0.1481 0.15452 0.15211 0.14224 0.13068 0.12296 0.1222 0.12342 0.12617 0.13062 0.13694 0.14776 0.16204 0.17656 0.18798 0.19349 0.1952 0.19376 0.18942 0.18233 0.17178 0.15908 0.14666 0.13702 0.13129 0.12615 0.12124 0.11662 0.11239 0.1083 0.10418 0.1001 0.096343 0.093233 0.090945 0.088873 0.086551 0.083604 0.080088 0.07645 0.072743 0.068943 0.065021 0.060733 0.056348 0.052176 0.048424 0.045358 0.043165 0.041557 0.040147 0.038511 0.036369 0.034095 0.03185 0.029629 0.027377 0.025013 0.022038 0.018716 0.015507 0.01281 0.010992 0.0098995 0.0089381 0.0080639 0.007231 0.0063935 0.0055036 0.0044877 0.0034075 0.0023698 0.0014538 0.00072782 0.00026046 2.9585e-05 0 0 0 0 1.1933e-05 3.246e-05 3.1168e-05 2.7332e-05 2.2496e-05 1.8227e-05 
513.5 0 0 0.00488 0.0091617 0.012828 0.021883 0.034923 0.048466 0.064004 0.081915 0.098906 0.1132 0.12634 0.13825 0.14803 0.15449 0.1521 0.14224 0.13066 0.12292 0.12214 0.12334 0.12606 0.1305 0.13681 0.14762 0.16189 0.17642 0.18785 0.19339 0.19513 0.19372 0.18941 0.18234 0.17181 0.15911 0.1467 0.13705 0.13132 0.12617 0.12126 0.11664 0.11241 0.10832 0.1042 0.10012 0.096373 0.093263 0.090971 0.088891 0.086559 0.083602 0.080076 0.076431 0.072717 0.068912 0.064988 0.060705 0.056331 0.052168 0.048415 0.04534 0.043147 0.041549 0.04015 0.038521 0.036375 0.034097 0.031847 0.029619 0.02736 0.02499 0.022014 0.018698 0.015495 0.012804 0.010991 0.0098991 0.0089386 0.0080641 0.0072299 0.0063907 0.0055001 0.004485 0.0034066 0.0023702 0.001455 0.00072903 0.000261 2.906e-05 0 0 0 0 1.1874e-05 3.2482e-05 3.1169e-05 2.7311e-05 2.2452e-05 1.8166e-05 
514 0 0 0.0048627 0.0091306 0.012787 0.021822 0.034852 0.048386 0.063905 0.081792 0.098768 0.11306 0.12622 0.13815 0.14796 0.15446 0.1521 0.14224 0.13064 0.12288 0.12209 0.12327 0.12596 0.13038 0.13667 0.14747 0.16175 0.17627 0.18772 0.19328 0.19505 0.19368 0.18941 0.18236 0.17183 0.15915 0.14673 0.13708 0.13134 0.12619 0.12128 0.11665 0.11242 0.10834 0.10422 0.10015 0.096403 0.093293 0.090997 0.088909 0.086568 0.0836 0.080065 0.076411 0.072692 0.068882 0.064954 0.060677 0.056314 0.052159 0.048407 0.045321 0.04313 0.041541 0.040153 0.03853 0.036382 0.034099 0.031843 0.029609 0.027343 0.024967 0.021991 0.018679 0.015482 0.012799 0.01099 0.0098987 0.008939 0.0080643 0.0072288 0.0063879 0.0054966 0.0044824 0.0034056 0.0023707 0.0014561 0.00073024 0.00026153 2.8535e-05 0 0 0 0 1.1814e-05 3.2504e-05 3.117e-05 2.7289e-05 2.2408e-05 1.8105e-05 
514.5 0 0 0.0048454 0.0090995 0.012745 0.021762 0.034781 0.048306 0.063806 0.08167 0.09863 0.11292 0.12609 0.13805 0.14789 0.15444 0.1521 0.14224 0.13063 0.12284 0.12203 0.12319 0.12586 0.13026 0.13654 0.14733 0.1616 0.17613 0.18759 0.19317 0.19497 0.19364 0.1894 0.18237 0.17186 0.15918 0.14677 0.13711 0.13137 0.12622 0.12129 0.11667 0.11244 0.10836 0.10424 0.10018 0.096432 0.093323 0.091022 0.088927 0.086576 0.083598 0.080053 0.076392 0.072666 0.068851 0.064921 0.060649 0.056296 0.052151 0.048399 0.045303 0.043112 0.041532 0.040156 0.038539 0.036388 0.034102 0.03184 0.029599 0.027326 0.024944 0.021967 0.01866 0.01547 0.012793 0.010988 0.0098982 0.0089395 0.0080645 0.0072277 0.006385 0.0054932 0.0044797 0.0034047 0.0023711 0.0014573 0.00073145 0.00026206 2.801e-05 0 0 0 0 1.1755e-05 3.2525e-05 3.1172e-05 2.7268e-05 2.2364e-05 1.8043e-05 
515 0 1.7249e-06 0.0048332 0.0090302 0.012641 0.021638 0.034658 0.048173 0.063669 0.08154 0.09851 0.11283 0.12604 0.13807 0.14799 0.15462 0.15232 0.14243 0.13078 0.12297 0.12214 0.12329 0.12595 0.13033 0.1366 0.1474 0.16168 0.17622 0.18769 0.19325 0.19505 0.19371 0.18947 0.18244 0.17192 0.15926 0.14685 0.1372 0.13144 0.12627 0.12133 0.11669 0.11245 0.10837 0.10425 0.10018 0.096434 0.093325 0.091017 0.08891 0.086549 0.083566 0.080021 0.076364 0.072642 0.068833 0.064908 0.060644 0.056301 0.052165 0.04842 0.045325 0.043132 0.041549 0.040168 0.038548 0.036397 0.034109 0.031848 0.029607 0.027335 0.024953 0.021974 0.018663 0.015469 0.012788 0.010982 0.0098912 0.008934 0.0080613 0.0072265 0.0063853 0.0054941 0.0044794 0.0034022 0.0023661 0.0014509 0.00072623 0.00026171 3.3054e-05 0 0 0 0 1.6005e-05 3.643e-05 3.5285e-05 3.1552e-05 2.6761e-05 2.2497e-05 
515.5 0 3.4687e-06 0.0048211 0.0089604 0.012537 0.021513 0.034534 0.04804 0.063532 0.081411 0.09839 0.11273 0.126 0.13809 0.14809 0.1548 0.15254 0.14264 0.13094 0.12309 0.12226 0.12339 0.12603 0.1304 0.13666 0.14746 0.16176 0.17632 0.18778 0.19333 0.19513 0.19379 0.18954 0.1825 0.17199 0.15933 0.14694 0.13728 0.1315 0.12632 0.12136 0.11671 0.11247 0.10837 0.10425 0.10018 0.096435 0.093327 0.091011 0.088893 0.086522 0.083533 0.079989 0.076335 0.072619 0.068815 0.064896 0.06064 0.056306 0.05218 0.048441 0.045349 0.043153 0.041565 0.04018 0.038557 0.036405 0.034117 0.031856 0.029616 0.027344 0.024963 0.021981 0.018667 0.015469 0.012784 0.010975 0.009884 0.0089284 0.008058 0.0072253 0.0063856 0.005495 0.0044792 0.0033997 0.0023611 0.0014445 0.00072094 0.00026135 3.8158e-05 0 0 0 0 2.0302e-05 4.0378e-05 3.9443e-05 3.5883e-05 3.1206e-05 2.7001e-05 
516 0 5.2125e-06 0.004809 0.0088906 0.012432 0.021389 0.034411 0.047907 0.063395 0.081281 0.098269 0.11264 0.12595 0.13811 0.14819 0.15499 0.15276 0.14284 0.1311 0.12322 0.12238 0.12349 0.12612 0.13048 0.13672 0.14753 0.16184 0.17641 0.18788 0.19342 0.19521 0.19386 0.18961 0.18256 0.17205 0.15941 0.14702 0.13737 0.13157 0.12637 0.1214 0.11674 0.11248 0.10838 0.10425 0.10018 0.096436 0.093329 0.091005 0.088876 0.086494 0.0835 0.079958 0.076306 0.072595 0.068797 0.064884 0.060636 0.056311 0.052194 0.048462 0.045372 0.043174 0.041582 0.040192 0.038566 0.036413 0.034125 0.031864 0.029624 0.027353 0.024972 0.021988 0.01867 0.015468 0.012779 0.010969 0.0098769 0.0089228 0.0080546 0.0072241 0.0063859 0.005496 0.004479 0.0033972 0.0023561 0.0014381 0.00071565 0.00026099 4.3263e-05 0 0 0 0 2.46e-05 4.4325e-05 4.3601e-05 4.0213e-05 3.5651e-05 3.1504e-05 
516.5 0 7.4063e-06 0.0047939 0.0088232 0.012331 0.021264 0.034284 0.047769 0.063244 0.081123 0.098109 0.11249 0.12585 0.13808 0.14824 0.15513 0.15294 0.14301 0.13123 0.12331 0.12245 0.12355 0.12616 0.1305 0.13674 0.14755 0.16187 0.17644 0.18791 0.19345 0.19524 0.1939 0.18966 0.18261 0.1721 0.15946 0.14708 0.13743 0.13162 0.1264 0.12142 0.11675 0.11249 0.10838 0.10424 0.10017 0.096426 0.093318 0.09099 0.088856 0.08647 0.083473 0.079931 0.076283 0.072577 0.068784 0.064875 0.060633 0.056317 0.052208 0.048482 0.045393 0.043194 0.041599 0.040206 0.038577 0.036424 0.034135 0.031873 0.029634 0.027363 0.024981 0.021995 0.018673 0.015467 0.012775 0.010963 0.0098712 0.0089182 0.0080516 0.0072225 0.0063852 0.0054958 0.0044781 0.0033948 0.0023521 0.0014332 0.00071165 0.00026066 4.6918e-05 0 0 0 0 2.7923e-05 4.7424e-05 4.687e-05 4.3619e-05 3.9146e-05 3.5044e-05 
517 0 1.1222e-05 0.0047678 0.0087643 0.012248 0.021139 0.034149 0.047616 0.063041 0.080859 0.097805 0.11219 0.12558 0.13787 0.14813 0.15514 0.15302 0.14306 0.13122 0.12324 0.12237 0.12345 0.12604 0.13036 0.13658 0.14737 0.16167 0.17623 0.1877 0.19328 0.19511 0.19383 0.18962 0.18261 0.17211 0.15946 0.14706 0.13739 0.1316 0.1264 0.12142 0.11675 0.11248 0.10837 0.10422 0.10013 0.096377 0.093262 0.090943 0.088826 0.086458 0.083468 0.079925 0.076279 0.072577 0.068788 0.06488 0.060637 0.056324 0.05222 0.048496 0.045407 0.043209 0.041616 0.040225 0.038597 0.036442 0.034152 0.031889 0.029647 0.027375 0.02499 0.022 0.018674 0.015466 0.012773 0.010962 0.0098706 0.0089172 0.0080494 0.0072191 0.0063811 0.0054916 0.0044748 0.0033928 0.0023516 0.0014337 0.00071233 0.00026041 4.5352e-05 0 0 0 0 2.7734e-05 4.7466e-05 4.6933e-05 4.3691e-05 3.9218e-05 3.5107e-05 
517.5 0 1.5037e-05 0.0047417 0.0087055 0.012164 0.021015 0.034013 0.047462 0.062839 0.080596 0.097501 0.11189 0.12531 0.13766 0.14801 0.15516 0.1531 0.14312 0.13121 0.12318 0.12229 0.12335 0.12591 0.13021 0.13642 0.14719 0.16147 0.17602 0.1875 0.1931 0.19499 0.19375 0.18959 0.1826 0.17211 0.15945 0.14703 0.13736 0.13158 0.12639 0.12142 0.11675 0.11248 0.10835 0.1042 0.10009 0.096327 0.093206 0.090897 0.088797 0.086445 0.083463 0.079919 0.076275 0.072578 0.068792 0.064884 0.060642 0.056332 0.052231 0.048511 0.045422 0.043224 0.041633 0.040244 0.038617 0.036461 0.034169 0.031904 0.029661 0.027386 0.024998 0.022005 0.018676 0.015464 0.012771 0.01096 0.0098701 0.0089162 0.0080473 0.0072158 0.0063769 0.0054873 0.0044714 0.0033909 0.002351 0.0014341 0.00071301 0.00026016 4.3785e-05 0 0 0 0 2.7545e-05 4.7508e-05 4.6996e-05 4.3763e-05 3.9289e-05 3.517e-05 
518 0 1.8853e-05 0.0047156 0.0086466 0.01208 0.02089 0.033877 0.047308 0.062636 0.080332 0.097197 0.11158 0.12504 0.13745 0.1479 0.15517 0.15317 0.14317 0.1312 0.12312 0.12221 0.12325 0.12579 0.13007 0.13626 0.14702 0.16127 0.17581 0.18729 0.19293 0.19486 0.19367 0.18956 0.1826 0.17211 0.15944 0.14701 0.13733 0.13156 0.12638 0.12142 0.11675 0.11247 0.10834 0.10417 0.10006 0.096278 0.09315 0.09085 0.088768 0.086433 0.083457 0.079913 0.076271 0.072578 0.068796 0.064888 0.060646 0.056339 0.052243 0.048525 0.045436 0.043239 0.04165 0.040263 0.038637 0.036479 0.034186 0.031919 0.029675 0.027397 0.025007 0.02201 0.018677 0.015463 0.012769 0.010959 0.0098696 0.0089152 0.0080452 0.0072125 0.0063727 0.0054831 0.004468 0.0033889 0.0023505 0.0014346 0.00071369 0.00025992 4.2218e-05 0 0 0 0 2.7355e-05 4.755e-05 4.7059e-05 4.3835e-05 3.936e-05 3.5233e-05 
518.5 0 2.1948e-05 0.0046911 0.0085918 0.012003 0.020779 0.033761 0.047182 0.062475 0.080124 0.096961 0.11135 0.12484 0.13732 0.14785 0.15524 0.1533 0.14327 0.13124 0.1231 0.12218 0.1232 0.12573 0.12999 0.13617 0.14691 0.16116 0.17569 0.18717 0.19283 0.19479 0.19364 0.18956 0.18262 0.17214 0.15946 0.14702 0.13734 0.13157 0.12639 0.12143 0.11676 0.11247 0.10834 0.10416 0.10004 0.096259 0.093129 0.090832 0.088757 0.086431 0.083459 0.079914 0.076273 0.072583 0.068803 0.064894 0.060649 0.05634 0.052244 0.048526 0.045439 0.043243 0.041652 0.040263 0.038635 0.036477 0.034184 0.031918 0.029674 0.027397 0.025007 0.022008 0.018674 0.01546 0.012766 0.010958 0.0098695 0.0089147 0.0080439 0.0072102 0.0063697 0.0054798 0.0044652 0.003387 0.0023496 0.0014345 0.00071384 0.00025954 4.0934e-05 0 0 0 0 2.7223e-05 4.7539e-05 4.7041e-05 4.3814e-05 3.934e-05 3.5216e-05 
519 0 2.4137e-05 0.0046685 0.0085421 0.011934 0.020685 0.033669 0.047091 0.062365 0.079987 0.096808 0.11122 0.12474 0.13728 0.14789 0.15538 0.15348 0.14342 0.13133 0.12315 0.12221 0.12323 0.12574 0.12999 0.13617 0.14691 0.16115 0.17568 0.18716 0.19282 0.1948 0.19366 0.1896 0.18267 0.17219 0.15952 0.14709 0.1374 0.13162 0.12643 0.12146 0.11678 0.11249 0.10835 0.10417 0.10006 0.096278 0.093151 0.09085 0.088771 0.086441 0.083468 0.079925 0.076284 0.072594 0.068813 0.064903 0.060652 0.056334 0.05223 0.04851 0.045429 0.043232 0.041636 0.04024 0.038607 0.03645 0.034159 0.031896 0.029656 0.027383 0.024995 0.021998 0.018666 0.015454 0.012762 0.010957 0.00987 0.0089151 0.0080436 0.0072091 0.006368 0.0054777 0.0044629 0.0033851 0.0023482 0.0014336 0.00071333 0.000259 4.0004e-05 0 0 0 0 2.7161e-05 4.7463e-05 4.6919e-05 4.3677e-05 3.9205e-05 3.5097e-05 
519.5 0 2.6326e-05 0.004646 0.0084923 0.011866 0.02059 0.033577 0.047 0.062255 0.07985 0.096656 0.11108 0.12464 0.13723 0.14793 0.15552 0.15367 0.14357 0.13142 0.12319 0.12225 0.12325 0.12576 0.12999 0.13616 0.1469 0.16115 0.17568 0.18715 0.19281 0.1948 0.19369 0.18964 0.18271 0.17224 0.15958 0.14715 0.13746 0.13167 0.12647 0.12149 0.1168 0.11251 0.10836 0.10418 0.10007 0.096297 0.093172 0.090868 0.088784 0.08645 0.083477 0.079936 0.076296 0.072606 0.068824 0.064912 0.060654 0.056327 0.052216 0.048495 0.045419 0.043222 0.04162 0.040217 0.038579 0.036422 0.034134 0.031875 0.029638 0.027368 0.024983 0.021988 0.018657 0.015447 0.012758 0.010957 0.0098705 0.0089154 0.0080433 0.0072081 0.0063664 0.0054756 0.0044607 0.0033832 0.0023468 0.0014328 0.00071282 0.00025846 3.9074e-05 0 0 0 0 2.7099e-05 4.7386e-05 4.6798e-05 4.3539e-05 3.907e-05 3.4979e-05 
520 0 2.8515e-05 0.0046234 0.0084425 0.011798 0.020495 0.033486 0.046909 0.062145 0.079712 0.096503 0.11094 0.12454 0.13719 0.14797 0.15566 0.15385 0.14372 0.13152 0.12324 0.12229 0.12328 0.12577 0.12999 0.13615 0.14689 0.16114 0.17567 0.18714 0.1928 0.19481 0.19371 0.18967 0.18276 0.17229 0.15963 0.14721 0.13752 0.13172 0.1265 0.12151 0.11682 0.11252 0.10837 0.1042 0.10008 0.096316 0.093194 0.090886 0.088797 0.08646 0.083486 0.079947 0.076307 0.072617 0.068835 0.064921 0.060657 0.056321 0.052202 0.048479 0.045409 0.043211 0.041604 0.040194 0.038551 0.036394 0.034109 0.031853 0.02962 0.027354 0.024972 0.021978 0.018649 0.015441 0.012755 0.010956 0.009871 0.0089158 0.0080431 0.0072071 0.0063647 0.0054736 0.0044585 0.0033812 0.0023454 0.0014319 0.00071231 0.00025792 3.8144e-05 0 0 0 0 2.7037e-05 4.731e-05 4.6676e-05 4.3401e-05 3.8936e-05 3.486e-05 
520.5 0 3.1985e-05 0.0045946 0.0083793 0.011709 0.02037 0.033363 0.046788 0.062 0.079534 0.096308 0.11076 0.1244 0.13712 0.148 0.15583 0.15408 0.14392 0.13164 0.1233 0.12233 0.1233 0.12577 0.12998 0.13614 0.14687 0.16113 0.17568 0.18717 0.19285 0.19489 0.19382 0.18981 0.1829 0.17245 0.1598 0.14738 0.13769 0.13187 0.12663 0.12162 0.1169 0.1126 0.10846 0.10429 0.10018 0.096412 0.093295 0.090992 0.088905 0.086566 0.08358 0.080024 0.076369 0.072665 0.068871 0.064946 0.060678 0.056344 0.052226 0.048499 0.045418 0.043213 0.041604 0.040195 0.038552 0.036394 0.034107 0.03185 0.029615 0.027349 0.024967 0.021975 0.01865 0.015446 0.012762 0.010962 0.0098737 0.0089186 0.0080478 0.0072143 0.0063737 0.0054823 0.0044648 0.003384 0.002345 0.0014294 0.00070962 0.00025771 4.0771e-05 0 0 0 0 2.743e-05 4.7269e-05 4.6622e-05 4.3339e-05 3.8871e-05 3.4797e-05 
521 0 3.6078e-05 0.0045627 0.0083094 0.01161 0.02023 0.033225 0.046653 0.061837 0.079335 0.096093 0.11056 0.12425 0.13704 0.14803 0.156 0.15432 0.14413 0.13177 0.12337 0.12237 0.12333 0.12578 0.12997 0.13611 0.14685 0.16113 0.1757 0.18722 0.19293 0.195 0.19397 0.18998 0.1831 0.17266 0.16003 0.14761 0.1379 0.13206 0.12681 0.12177 0.11702 0.11271 0.10858 0.10442 0.10031 0.096546 0.093433 0.09114 0.08906 0.086718 0.083715 0.080133 0.076455 0.072731 0.068919 0.06498 0.06071 0.056381 0.052269 0.048537 0.045436 0.043222 0.041613 0.040208 0.038568 0.036407 0.034116 0.031855 0.029618 0.027349 0.024965 0.021975 0.018655 0.015456 0.012774 0.010971 0.0098774 0.0089226 0.0080551 0.0072256 0.0063878 0.0054962 0.0044751 0.0033891 0.0023451 0.0014261 0.00070587 0.00025765 4.5133e-05 0 0 0 0 2.8046e-05 4.7247e-05 4.66e-05 4.3315e-05 3.8841e-05 3.476e-05 
521.5 0 4.0172e-05 0.0045309 0.0082395 0.011512 0.02009 0.033088 0.046517 0.061675 0.079137 0.095877 0.11037 0.12409 0.13696 0.14805 0.15617 0.15456 0.14434 0.13191 0.12344 0.12241 0.12335 0.12578 0.12995 0.13609 0.14683 0.16112 0.17572 0.18727 0.19301 0.19511 0.19412 0.19016 0.18329 0.17287 0.16025 0.14784 0.13811 0.13225 0.12698 0.12191 0.11713 0.11281 0.1087 0.10456 0.10045 0.09668 0.093571 0.091289 0.089215 0.08687 0.08385 0.080242 0.076541 0.072797 0.068967 0.065013 0.060741 0.056418 0.052311 0.048575 0.045454 0.04323 0.041621 0.040221 0.038584 0.036419 0.034125 0.03186 0.02962 0.027349 0.024963 0.021976 0.018661 0.015466 0.012785 0.010979 0.0098811 0.0089266 0.0080623 0.0072368 0.0064019 0.0055102 0.0044854 0.0033942 0.0023451 0.0014229 0.00070213 0.0002576 4.9494e-05 0 0 0 0 2.8662e-05 4.7224e-05 4.6578e-05 4.329e-05 3.8811e-05 3.4723e-05 
522 0 4.4266e-05 0.004499 0.0081696 0.011413 0.01995 0.03295 0.046381 0.061512 0.078938 0.095662 0.11017 0.12394 0.13688 0.14808 0.15634 0.15481 0.14456 0.13205 0.1235 0.12246 0.12337 0.12578 0.12994 0.13607 0.14681 0.16111 0.17573 0.18732 0.19309 0.19522 0.19426 0.19034 0.18348 0.17308 0.16048 0.14806 0.13832 0.13244 0.12716 0.12206 0.11724 0.11292 0.10882 0.10469 0.10058 0.096814 0.09371 0.091437 0.08937 0.087022 0.083985 0.080352 0.076627 0.072863 0.069016 0.065047 0.060772 0.056456 0.052354 0.048612 0.045472 0.043239 0.04163 0.040234 0.038599 0.036432 0.034134 0.031866 0.029623 0.027349 0.024961 0.021976 0.018666 0.015476 0.012797 0.010988 0.0098848 0.0089306 0.0080695 0.0072481 0.006416 0.0055242 0.0044958 0.0033993 0.0023452 0.0014196 0.00069838 0.00025754 5.3856e-05 0 0 0 0 2.9278e-05 4.7201e-05 4.6556e-05 4.3266e-05 3.8781e-05 3.4686e-05 
522.5 0 5.6686e-05 0.0044701 0.0081056 0.011325 0.019823 0.032806 0.046237 0.061374 0.078809 0.095544 0.11006 0.12386 0.13683 0.14807 0.15636 0.15485 0.14458 0.13205 0.12349 0.12243 0.12333 0.12572 0.12986 0.13598 0.14671 0.161 0.1756 0.18718 0.19298 0.19515 0.19424 0.19035 0.18351 0.17309 0.16046 0.14801 0.13824 0.13236 0.12708 0.12198 0.11716 0.11283 0.10875 0.10462 0.10051 0.096741 0.093641 0.09137 0.089301 0.086951 0.083917 0.08029 0.076572 0.072815 0.068975 0.065011 0.060742 0.056431 0.052334 0.048597 0.045462 0.043233 0.041629 0.040236 0.038604 0.036436 0.034137 0.031869 0.029626 0.027351 0.024962 0.021974 0.018663 0.015473 0.012797 0.010993 0.0098935 0.0089374 0.0080715 0.0072445 0.0064081 0.005515 0.0044889 0.0033968 0.0023472 0.0014245 0.00070312 0.00025737 4.8001e-05 0 0 0 0 2.8451e-05 4.7208e-05 4.6566e-05 4.3277e-05 3.8793e-05 3.4698e-05 
523 0 7.0049e-05 0.0044415 0.0080423 0.011238 0.019698 0.032661 0.046093 0.061239 0.078689 0.095438 0.10997 0.12379 0.13679 0.14805 0.15637 0.15486 0.14459 0.13204 0.12346 0.12239 0.12327 0.12565 0.12978 0.13589 0.1466 0.16086 0.17545 0.18703 0.19285 0.19506 0.19419 0.19033 0.18351 0.17308 0.16041 0.14792 0.13813 0.13225 0.12697 0.12187 0.11705 0.11273 0.10865 0.10452 0.10041 0.096644 0.093549 0.091278 0.089207 0.086855 0.083825 0.080209 0.076502 0.072754 0.068923 0.064968 0.060705 0.056398 0.052307 0.048576 0.045448 0.043225 0.041626 0.040238 0.038606 0.036439 0.03414 0.031872 0.029629 0.027353 0.024963 0.021972 0.018658 0.015468 0.012795 0.010997 0.0099028 0.0089445 0.0080728 0.0072392 0.0063978 0.0055033 0.0044802 0.0033935 0.0023495 0.0014304 0.00070882 0.00025719 4.0991e-05 0 0 0 0 2.746e-05 4.7218e-05 4.658e-05 4.3293e-05 3.8809e-05 3.4714e-05 
523.5 0 8.3413e-05 0.0044129 0.007979 0.011151 0.019573 0.032515 0.045948 0.061103 0.078568 0.095332 0.10988 0.12371 0.13674 0.14803 0.15638 0.15488 0.1446 0.13203 0.12343 0.12236 0.12322 0.12558 0.12969 0.13579 0.1465 0.16073 0.17529 0.18687 0.19272 0.19498 0.19414 0.19032 0.18352 0.17307 0.16037 0.14783 0.13802 0.13214 0.12686 0.12176 0.11695 0.11263 0.10855 0.10442 0.10031 0.096547 0.093457 0.091186 0.089112 0.08676 0.083734 0.080127 0.076431 0.072694 0.068872 0.064925 0.060667 0.056366 0.05228 0.048555 0.045434 0.043217 0.041623 0.040239 0.038609 0.036442 0.034143 0.031874 0.029631 0.027356 0.024964 0.02197 0.018653 0.015463 0.012792 0.011002 0.0099121 0.0089517 0.0080742 0.007234 0.0063875 0.0054915 0.0044714 0.0033901 0.0023517 0.0014363 0.00071452 0.000257 3.398e-05 0 0 0 0 2.647e-05 4.7228e-05 4.6594e-05 4.3308e-05 3.8826e-05 3.4731e-05 
524 0 9.6702e-05 0.0043834 0.007915 0.011064 0.019446 0.032367 0.045801 0.060969 0.078455 0.095239 0.1098 0.12366 0.13671 0.14802 0.15639 0.15489 0.1446 0.13202 0.12342 0.12233 0.12318 0.12552 0.12962 0.13571 0.1464 0.16061 0.17516 0.18673 0.19261 0.1949 0.1941 0.19032 0.18354 0.17308 0.16034 0.14776 0.13793 0.13206 0.12678 0.12168 0.11686 0.11255 0.10847 0.10434 0.10023 0.096469 0.093382 0.091112 0.089038 0.086687 0.083666 0.080069 0.076381 0.072652 0.068837 0.064897 0.060642 0.056343 0.052259 0.048536 0.045422 0.043213 0.041624 0.040244 0.038616 0.036448 0.034148 0.031879 0.029635 0.027359 0.024964 0.021967 0.018649 0.015459 0.012791 0.011007 0.0099204 0.008958 0.0080758 0.0072301 0.0063794 0.0054821 0.0044644 0.0033874 0.0023535 0.001441 0.00071906 0.00025677 2.8203e-05 0 0 0 0 2.5668e-05 4.7243e-05 4.6613e-05 4.333e-05 3.885e-05 3.4757e-05 
524.5 0 0.00010948 0.0043474 0.0078461 0.010972 0.019313 0.0322 0.045639 0.060849 0.078396 0.095233 0.10982 0.12369 0.13675 0.14805 0.15638 0.15487 0.1446 0.13206 0.12347 0.12238 0.12321 0.12553 0.12962 0.1357 0.14637 0.16058 0.17512 0.1867 0.19259 0.19491 0.19415 0.19039 0.18362 0.17316 0.16042 0.14784 0.13801 0.13213 0.12685 0.12176 0.11696 0.11264 0.10855 0.10441 0.10029 0.096522 0.093427 0.091161 0.089103 0.086771 0.083761 0.080165 0.076475 0.072742 0.068921 0.064973 0.060705 0.056384 0.052276 0.04854 0.045427 0.043229 0.04165 0.040275 0.038647 0.036474 0.034169 0.031895 0.029646 0.027364 0.024963 0.021965 0.01865 0.015464 0.012798 0.011012 0.0099215 0.008959 0.0080787 0.0072355 0.0063867 0.0054894 0.0044693 0.0033891 0.002352 0.0014375 0.00071556 0.00025617 3.0923e-05 0 0 0 0 2.6164e-05 4.7284e-05 4.6667e-05 4.3398e-05 3.8929e-05 3.4841e-05 
525 0 0.00012226 0.0043113 0.0077771 0.01088 0.019179 0.032032 0.045478 0.060728 0.078337 0.095227 0.10984 0.12372 0.13679 0.14808 0.15637 0.15484 0.1446 0.13209 0.12352 0.12242 0.12324 0.12555 0.12961 0.13568 0.14635 0.16055 0.17509 0.18667 0.19258 0.19493 0.19419 0.19046 0.18371 0.17325 0.1605 0.14792 0.13809 0.13221 0.12692 0.12184 0.11705 0.11273 0.10862 0.10447 0.10035 0.096575 0.093473 0.091211 0.089168 0.086855 0.083857 0.080262 0.076569 0.072832 0.069005 0.06505 0.060767 0.056424 0.052293 0.048543 0.045432 0.043244 0.041676 0.040306 0.038679 0.036501 0.034191 0.031912 0.029657 0.027368 0.024962 0.021963 0.018651 0.015469 0.012805 0.011017 0.0099227 0.00896 0.0080816 0.0072409 0.0063939 0.0054966 0.0044743 0.0033907 0.0023505 0.001434 0.00071206 0.00025557 3.3643e-05 0 0 0 0 2.6661e-05 4.7326e-05 4.6721e-05 4.3466e-05 3.9008e-05 3.4926e-05 
525.5 0 0.00013504 0.0042753 0.0077082 0.010788 0.019046 0.031864 0.045316 0.060607 0.078279 0.095221 0.10985 0.12375 0.13682 0.1481 0.15636 0.15482 0.1446 0.13212 0.12358 0.12246 0.12327 0.12556 0.12961 0.13567 0.14632 0.16051 0.17505 0.18665 0.19257 0.19494 0.19423 0.19053 0.18379 0.17334 0.16058 0.148 0.13817 0.13228 0.12699 0.12191 0.11714 0.11282 0.10869 0.10453 0.10041 0.096629 0.093519 0.09126 0.089233 0.086939 0.083952 0.080358 0.076663 0.072921 0.069089 0.065127 0.06083 0.056464 0.05231 0.048546 0.045437 0.04326 0.041702 0.040337 0.038711 0.036528 0.034213 0.031928 0.029668 0.027373 0.024961 0.021961 0.018652 0.015473 0.012812 0.011021 0.0099239 0.0089611 0.0080845 0.0072463 0.0064012 0.0055038 0.0044792 0.0033923 0.002349 0.0014305 0.00070856 0.00025497 3.6363e-05 0 0 0 0 2.7158e-05 4.7368e-05 4.6775e-05 4.3534e-05 3.9087e-05 3.5011e-05 
526 0 0.00014665 0.0042396 0.0076405 0.010698 0.018914 0.031695 0.045148 0.060474 0.0782 0.095185 0.10983 0.12375 0.13682 0.14809 0.1563 0.15475 0.14456 0.13212 0.12359 0.12247 0.12326 0.12553 0.12957 0.13561 0.14625 0.16043 0.17496 0.18656 0.19249 0.19489 0.19421 0.19053 0.1838 0.17336 0.16061 0.14803 0.13819 0.13231 0.12701 0.12194 0.11718 0.11285 0.10872 0.10455 0.10043 0.09665 0.093536 0.091274 0.089248 0.086959 0.083974 0.080379 0.076683 0.072942 0.06911 0.065146 0.060844 0.056472 0.05231 0.048543 0.045438 0.043267 0.04171 0.040343 0.038715 0.036531 0.034215 0.03193 0.02967 0.027375 0.024962 0.021962 0.018653 0.015475 0.012814 0.011022 0.0099227 0.0089603 0.0080854 0.0072493 0.0064056 0.0055083 0.004482 0.0033926 0.002347 0.0014272 0.00070548 0.00025451 3.8689e-05 0 0 0 0 2.7574e-05 4.739e-05 4.6801e-05 4.3566e-05 3.9125e-05 3.5051e-05 
526.5 0 0.00015613 0.0042047 0.0075748 0.010611 0.018785 0.031524 0.04497 0.06032 0.078083 0.095096 0.10975 0.12367 0.13674 0.14798 0.15616 0.15461 0.14444 0.13203 0.12353 0.1224 0.12318 0.12543 0.12945 0.13548 0.1461 0.16026 0.17477 0.18636 0.1923 0.19471 0.19405 0.19039 0.18369 0.17326 0.16052 0.14796 0.13813 0.13224 0.12694 0.12187 0.1171 0.11278 0.10865 0.10449 0.10038 0.096613 0.093502 0.091223 0.089173 0.086861 0.083861 0.080261 0.076567 0.072835 0.069015 0.065061 0.060772 0.056419 0.052278 0.048529 0.045432 0.043255 0.041685 0.040304 0.038668 0.036489 0.034182 0.031907 0.029656 0.027371 0.024967 0.021967 0.018654 0.015471 0.012806 0.011015 0.0099172 0.0089563 0.0080828 0.0072478 0.0064049 0.0055077 0.0044808 0.0033906 0.0023442 0.0014241 0.00070317 0.00025428 4.0298e-05 0 0 0 0 2.7842e-05 4.7378e-05 4.6776e-05 4.3533e-05 3.9085e-05 3.5009e-05 
527 0 0.00016562 0.0041697 0.0075092 0.010524 0.018655 0.031353 0.044792 0.060166 0.077967 0.095007 0.10967 0.12359 0.13665 0.14788 0.15602 0.15446 0.14432 0.13194 0.12347 0.12233 0.1231 0.12534 0.12934 0.13534 0.14594 0.16008 0.17458 0.18616 0.1921 0.19453 0.1939 0.19026 0.18357 0.17316 0.16044 0.14788 0.13806 0.13217 0.12687 0.12179 0.11703 0.11271 0.10859 0.10443 0.10033 0.096576 0.093468 0.091172 0.089098 0.086764 0.083749 0.080144 0.076451 0.072729 0.06892 0.064975 0.0607 0.056366 0.052247 0.048515 0.045427 0.043244 0.04166 0.040264 0.038621 0.036447 0.034149 0.031883 0.029643 0.027367 0.024971 0.021972 0.018655 0.015467 0.012799 0.011008 0.0099118 0.0089524 0.0080802 0.0072464 0.0064041 0.0055072 0.0044797 0.0033885 0.0023414 0.0014211 0.00070086 0.00025406 4.1906e-05 0 0 0 0 2.8111e-05 4.7365e-05 4.6751e-05 4.35e-05 3.9046e-05 3.4967e-05 
527.5 0 0.0001751 0.0041348 0.0074436 0.010437 0.018526 0.031182 0.044614 0.060012 0.07785 0.094917 0.10958 0.12351 0.13657 0.14778 0.15588 0.15431 0.1442 0.13186 0.1234 0.12227 0.12302 0.12524 0.12922 0.13521 0.14579 0.15991 0.17439 0.18596 0.19191 0.19435 0.19374 0.19013 0.18345 0.17306 0.16036 0.14781 0.13799 0.1321 0.1268 0.12172 0.11695 0.11264 0.10852 0.10437 0.10029 0.096539 0.093434 0.091121 0.089023 0.086666 0.083637 0.080026 0.076336 0.072623 0.068825 0.06489 0.060628 0.056314 0.052215 0.048501 0.045422 0.043233 0.041634 0.040225 0.038574 0.036405 0.034116 0.031859 0.029629 0.027364 0.024976 0.021977 0.018656 0.015463 0.012791 0.011001 0.0099063 0.0089484 0.0080776 0.0072449 0.0064034 0.0055067 0.0044785 0.0033865 0.0023385 0.001418 0.00069854 0.00025383 4.3515e-05 0 0 0 0 2.8379e-05 4.7353e-05 4.6726e-05 4.3466e-05 3.9007e-05 3.4925e-05 
528 0 0.00018311 0.0040997 0.0073781 0.010351 0.0184 0.031021 0.044454 0.059883 0.077771 0.09488 0.10956 0.1235 0.13656 0.14776 0.15583 0.15425 0.14415 0.13184 0.1234 0.12226 0.123 0.1252 0.12916 0.13514 0.14571 0.15983 0.17431 0.18588 0.19183 0.19429 0.19371 0.19011 0.18345 0.17307 0.16039 0.14785 0.13803 0.13213 0.12683 0.12175 0.11698 0.11267 0.10855 0.1044 0.10031 0.09657 0.093465 0.091147 0.089039 0.086675 0.083642 0.080031 0.076341 0.072627 0.068828 0.064891 0.060626 0.056308 0.052208 0.048494 0.045418 0.043228 0.041625 0.04021 0.038555 0.036386 0.034098 0.031843 0.029615 0.027352 0.024966 0.021969 0.018652 0.015462 0.012795 0.01101 0.0099177 0.0089584 0.0080842 0.0072471 0.0064019 0.0055036 0.0044762 0.0033864 0.0023407 0.0014215 0.00070153 0.00025353 3.956e-05 0 0 0 0 2.7895e-05 4.7417e-05 4.6806e-05 4.3552e-05 3.909e-05 3.4999e-05 
528.5 0 0.00019006 0.0040644 0.0073126 0.010264 0.018277 0.030867 0.044305 0.059773 0.07772 0.094879 0.10959 0.12354 0.13661 0.1478 0.15584 0.15424 0.14416 0.13187 0.12345 0.12229 0.12302 0.12521 0.12916 0.13512 0.1457 0.15982 0.17431 0.18589 0.19185 0.19433 0.19376 0.19018 0.18354 0.17316 0.16049 0.14796 0.13814 0.13224 0.12695 0.12186 0.11708 0.11277 0.10864 0.10449 0.1004 0.096651 0.093544 0.091227 0.089122 0.08676 0.083731 0.080125 0.076433 0.072712 0.068902 0.064956 0.060675 0.056338 0.052219 0.048493 0.045415 0.043228 0.041628 0.040214 0.038558 0.036384 0.034092 0.031833 0.029601 0.027335 0.024947 0.021953 0.018644 0.015464 0.012808 0.011031 0.0099411 0.0089785 0.0080973 0.0072521 0.0064 0.0054986 0.0044729 0.0033876 0.0023465 0.0014298 0.00070834 0.00025316 3.1598e-05 0 0 0 0 2.6869e-05 4.7536e-05 4.6961e-05 4.3723e-05 3.9261e-05 3.5159e-05 
529 0 0.00019701 0.0040292 0.007247 0.010178 0.018154 0.030713 0.044157 0.059662 0.077668 0.094879 0.10961 0.12358 0.13666 0.14784 0.15585 0.15424 0.14417 0.1319 0.12349 0.12233 0.12304 0.12521 0.12915 0.13511 0.14568 0.15981 0.17431 0.18589 0.19186 0.19436 0.19381 0.19025 0.18362 0.17326 0.16059 0.14807 0.13825 0.13236 0.12706 0.12197 0.11719 0.11287 0.10873 0.10458 0.10048 0.096731 0.093622 0.091307 0.089204 0.086845 0.08382 0.080218 0.076525 0.072796 0.068976 0.065021 0.060724 0.056367 0.052229 0.048491 0.045413 0.043228 0.041631 0.040218 0.03856 0.036382 0.034085 0.031823 0.029587 0.027317 0.024927 0.021937 0.018636 0.015466 0.01282 0.011052 0.0099645 0.0089987 0.0081105 0.007257 0.006398 0.0054936 0.0044697 0.0033888 0.0023523 0.0014381 0.00071515 0.00025279 2.3635e-05 0 0 0 0 2.5844e-05 4.7655e-05 4.7116e-05 4.3894e-05 3.9433e-05 3.5318e-05 
529.5 0 0.00020396 0.003994 0.0071815 0.010092 0.01803 0.03056 0.044009 0.059552 0.077616 0.094879 0.10963 0.12362 0.13671 0.14788 0.15586 0.15423 0.14418 0.13193 0.12353 0.12236 0.12306 0.12522 0.12914 0.13509 0.14566 0.1598 0.17431 0.1859 0.19188 0.19439 0.19386 0.19033 0.1837 0.17335 0.16069 0.14817 0.13836 0.13247 0.12717 0.12208 0.11729 0.11296 0.10883 0.10467 0.10057 0.096811 0.093701 0.091388 0.089287 0.086929 0.083909 0.080312 0.076617 0.07288 0.069051 0.065085 0.060773 0.056396 0.052239 0.04849 0.04541 0.043228 0.041633 0.040222 0.038562 0.036379 0.034079 0.031813 0.029573 0.0273 0.024908 0.021921 0.018627 0.015468 0.012832 0.011073 0.009988 0.0090188 0.0081236 0.007262 0.0063961 0.0054886 0.0044665 0.0033901 0.0023581 0.0014464 0.00072196 0.00025242 1.5673e-05 0 0 0 0 2.4818e-05 4.7774e-05 4.7272e-05 4.4065e-05 3.9604e-05 3.5477e-05 
530 0 0.00021259 0.0039632 0.0071205 0.01001 0.017912 0.03041 0.043859 0.059429 0.077536 0.094835 0.10961 0.12361 0.1367 0.14787 0.15583 0.1542 0.14416 0.13193 0.12354 0.12236 0.12304 0.12518 0.12908 0.13501 0.14558 0.15972 0.17423 0.18585 0.19185 0.19441 0.19392 0.19042 0.18381 0.17343 0.16075 0.14824 0.13843 0.1325 0.12715 0.12203 0.11723 0.1129 0.10877 0.10461 0.10052 0.096768 0.093663 0.091336 0.089218 0.086849 0.083828 0.080238 0.076554 0.072831 0.069017 0.065064 0.060758 0.056384 0.052232 0.048491 0.045427 0.043245 0.041641 0.040216 0.038547 0.036366 0.03407 0.031809 0.029575 0.027309 0.024921 0.021934 0.018639 0.015477 0.01284 0.011082 0.0099979 0.0090279 0.0081308 0.0072667 0.0063986 0.0054899 0.0044672 0.0033909 0.0023591 0.0014474 0.00072261 0.00025194 1.3982e-05 0 0 0 0 2.459e-05 4.7753e-05 4.7264e-05 4.4064e-05 3.9604e-05 3.5473e-05 
530.5 0 0.00022163 0.0039335 0.0070606 0.0099289 0.017794 0.030261 0.043708 0.059303 0.07745 0.094781 0.10957 0.12358 0.13669 0.14785 0.1558 0.15415 0.14413 0.13193 0.12355 0.12235 0.123 0.12512 0.12901 0.13493 0.14549 0.15962 0.17415 0.18578 0.19182 0.19442 0.19398 0.19052 0.18392 0.17351 0.1608 0.14829 0.13848 0.13251 0.12711 0.12194 0.11713 0.1128 0.10867 0.10452 0.10043 0.096696 0.093597 0.091253 0.089113 0.086729 0.083707 0.080125 0.076454 0.072751 0.068957 0.065023 0.060729 0.056364 0.052219 0.048492 0.045447 0.043267 0.041649 0.040208 0.038528 0.03635 0.034061 0.031808 0.029582 0.027323 0.024942 0.021955 0.018654 0.015487 0.012846 0.011088 0.010005 0.0090345 0.0081365 0.0072714 0.0064022 0.0054925 0.0044689 0.0033916 0.002359 0.0014468 0.00072181 0.00025144 1.377e-05 0 0 0 0 2.455e-05 4.7698e-05 4.7217e-05 4.4022e-05 3.9563e-05 3.5431e-05 
531 0 0.00023018 0.0038966 0.0069879 0.0098305 0.017645 0.030058 0.043481 0.059074 0.07723 0.094564 0.10934 0.12334 0.13643 0.14758 0.15549 0.15385 0.14386 0.1317 0.12334 0.12213 0.12276 0.12485 0.12871 0.13461 0.14515 0.15925 0.17376 0.18539 0.19146 0.1941 0.19371 0.1903 0.18372 0.1733 0.16058 0.14809 0.13829 0.1323 0.12684 0.12165 0.11683 0.11251 0.10839 0.10425 0.10018 0.09646 0.093373 0.091016 0.088857 0.086464 0.083444 0.079878 0.076225 0.072548 0.068781 0.064871 0.060597 0.056248 0.052118 0.048411 0.04539 0.043215 0.041587 0.040131 0.038443 0.036272 0.033993 0.031751 0.029538 0.027291 0.024921 0.021938 0.018638 0.015471 0.01283 0.011076 0.0099946 0.0090258 0.0081285 0.0072637 0.0063949 0.0054859 0.004463 0.0033865 0.0023549 0.0014437 0.00071981 0.00025051 1.3527e-05 0 0 0 0 2.4466e-05 4.7561e-05 4.7089e-05 4.3905e-05 3.9455e-05 3.5328e-05 
531.5 0 0 0 0 0 0 0 0 0 0 0 0 0 0 0 0 0 0 0 0 0 0 0 0 0 0 0 0 0 0 0 0 0 0 0 0 0 0 0 0 0 0 0 0 0 0 0 0 0 0 0 0 0 0 0 0 0 0 0 0 0 0 0 0 0 0 0 0 0 0 0 0 0 0 0 0 0 0 0 0 0 0 0 0 0 0 0 0 0 0 0 0 0 0 0 0 0 0 0 0 
532 0 0 0 0 0 0 0 0 0 0 0 0 0 0 0 0 0 0 0 0 0 0 0 0 0 0 0 0 0 0 0 0 0 0 0 0 0 0 0 0 0 0 0 0 0 0 0 0 0 0 0 0 0 0 0 0 0 0 0 0 0 0 0 0 0 0 0 0 0 0 0 0 0 0 0 0 0 0 0 0 0 0 0 0 0 0 0 0 0 0 0 0 0 0 0 0 0 0 0 0 
532.5 0 0 0 0 0 0 0 0 0 0 0 0 0 0 0 0 0 0 0 0 0 0 0 0 0 0 0 0 0 0 0 0 0 0 0 0 0 0 0 0 0 0 0 0 0 0 0 0 0 0 0 0 0 0 0 0 0 0 0 0 0 0 0 0 0 0 0 0 0 0 0 0 0 0 0 0 0 0 0 0 0 0 0 0 0 0 0 0 0 0 0 0 0 0 0 0 0 0 0 0 
533 0 0 0 0 0 0 0 0 0 0 0 0 0 0 0 0 0 0 0 0 0 0 0 0 0 0 0 0 0 0 0 0 0 0 0 0 0 0 0 0 0 0 0 0 0 0 0 0 0 0 0 0 0 0 0 0 0 0 0 0 0 0 0 0 0 0 0 0 0 0 0 0 0 0 0 0 0 0 0 0 0 0 0 0 0 0 0 0 0 0 0 0 0 0 0 0 0 0 0 0 
533.5 0 0 0 0 0 0 0 0 0 0 0 0 0 0 0 0 0 0 0 0 0 0 0 0 0 0 0 0 0 0 0 0 0 0 0 0 0 0 0 0 0 0 0 0 0 0 0 0 0 0 0 0 0 0 0 0 0 0 0 0 0 0 0 0 0 0 0 0 0 0 0 0 0 0 0 0 0 0 0 0 0 0 0 0 0 0 0 0 0 0 0 0 0 0 0 0 0 0 0 0 
534 0 0 0 0 0 0 0 0 0 0 0 0 0 0 0 0 0 0 0 0 0 0 0 0 0 0 0 0 0 0 0 0 0 0 0 0 0 0 0 0 0 0 0 0 0 0 0 0 0 0 0 0 0 0 0 0 0 0 0 0 0 0 0 0 0 0 0 0 0 0 0 0 0 0 0 0 0 0 0 0 0 0 0 0 0 0 0 0 0 0 0 0 0 0 0 0 0 0 0 0 
534.5 0 0 0 0 0 0 0 0 0 0 0 0 0 0 0 0 0 0 0 0 0 0 0 0 0 0 0 0 0 0 0 0 0 0 0 0 0 0 0 0 0 0 0 0 0 0 0 0 0 0 0 0 0 0 0 0 0 0 0 0 0 0 0 0 0 0 0 0 0 0 0 0 0 0 0 0 0 0 0 0 0 0 0 0 0 0 0 0 0 0 0 0 0 0 0 0 0 0 0 0 
535 0 0 0 0 0 0 0 0 0 0 0 0 0 0 0 0 0 0 0 0 0 0 0 0 0 0 0 0 0 0 0 0 0 0 0 0 0 0 0 0 0 0 0 0 0 0 0 0 0 0 0 0 0 0 0 0 0 0 0 0 0 0 0 0 0 0 0 0 0 0 0 0 0 0 0 0 0 0 0 0 0 0 0 0 0 0 0 0 0 0 0 0 0 0 0 0 0 0 0 0 
535.5 0 0 0 0 0 0 0 0 0 0 0 0 0 0 0 0 0 0 0 0 0 0 0 0 0 0 0 0 0 0 0 0 0 0 0 0 0 0 0 0 0 0 0 0 0 0 0 0 0 0 0 0 0 0 0 0 0 0 0 0 0 0 0 0 0 0 0 0 0 0 0 0 0 0 0 0 0 0 0 0 0 0 0 0 0 0 0 0 0 0 0 0 0 0 0 0 0 0 0 0 
536 0 0 0 0 0 0 0 0 0 0 0 0 0 0 0 0 0 0 0 0 0 0 0 0 0 0 0 0 0 0 0 0 0 0 0 0 0 0 0 0 0 0 0 0 0 0 0 0 0 0 0 0 0 0 0 0 0 0 0 0 0 0 0 0 0 0 0 0 0 0 0 0 0 0 0 0 0 0 0 0 0 0 0 0 0 0 0 0 0 0 0 0 0 0 0 0 0 0 0 0 
536.5 0 0 0 0 0 0 0 0 0 0 0 0 0 0 0 0 0 0 0 0 0 0 0 0 0 0 0 0 0 0 0 0 0 0 0 0 0 0 0 0 0 0 0 0 0 0 0 0 0 0 0 0 0 0 0 0 0 0 0 0 0 0 0 0 0 0 0 0 0 0 0 0 0 0 0 0 0 0 0 0 0 0 0 0 0 0 0 0 0 0 0 0 0 0 0 0 0 0 0 0 
537 0 0 0 0 0 0 0 0 0 0 0 0 0 0 0 0 0 0 0 0 0 0 0 0 0 0 0 0 0 0 0 0 0 0 0 0 0 0 0 0 0 0 0 0 0 0 0 0 0 0 0 0 0 0 0 0 0 0 0 0 0 0 0 0 0 0 0 0 0 0 0 0 0 0 0 0 0 0 0 0 0 0 0 0 0 0 0 0 0 0 0 0 0 0 0 0 0 0 0 0 
537.5 0 0 0 0 0 0 0 0 0 0 0 0 0 0 0 0 0 0 0 0 0 0 0 0 0 0 0 0 0 0 0 0 0 0 0 0 0 0 0 0 0 0 0 0 0 0 0 0 0 0 0 0 0 0 0 0 0 0 0 0 0 0 0 0 0 0 0 0 0 0 0 0 0 0 0 0 0 0 0 0 0 0 0 0 0 0 0 0 0 0 0 0 0 0 0 0 0 0 0 0 
538 0 0 0 0 0 0 0 0 0 0 0 0 0 0 0 0 0 0 0 0 0 0 0 0 0 0 0 0 0 0 0 0 0 0 0 0 0 0 0 0 0 0 0 0 0 0 0 0 0 0 0 0 0 0 0 0 0 0 0 0 0 0 0 0 0 0 0 0 0 0 0 0 0 0 0 0 0 0 0 0 0 0 0 0 0 0 0 0 0 0 0 0 0 0 0 0 0 0 0 0 
538.5 0 0 0 0 0 0 0 0 0 0 0 0 0 0 0 0 0 0 0 0 0 0 0 0 0 0 0 0 0 0 0 0 0 0 0 0 0 0 0 0 0 0 0 0 0 0 0 0 0 0 0 0 0 0 0 0 0 0 0 0 0 0 0 0 0 0 0 0 0 0 0 0 0 0 0 0 0 0 0 0 0 0 0 0 0 0 0 0 0 0 0 0 0 0 0 0 0 0 0 0 
539 0 0 0 0 0 0 0 0 0 0 0 0 0 0 0 0 0 0 0 0 0 0 0 0 0 0 0 0 0 0 0 0 0 0 0 0 0 0 0 0 0 0 0 0 0 0 0 0 0 0 0 0 0 0 0 0 0 0 0 0 0 0 0 0 0 0 0 0 0 0 0 0 0 0 0 0 0 0 0 0 0 0 0 0 0 0 0 0 0 0 0 0 0 0 0 0 0 0 0 0 
539.5 0 0 0 0 0 0 0 0 0 0 0 0 0 0 0 0 0 0 0 0 0 0 0 0 0 0 0 0 0 0 0 0 0 0 0 0 0 0 0 0 0 0 0 0 0 0 0 0 0 0 0 0 0 0 0 0 0 0 0 0 0 0 0 0 0 0 0 0 0 0 0 0 0 0 0 0 0 0 0 0 0 0 0 0 0 0 0 0 0 0 0 0 0 0 0 0 0 0 0 0 
540 0 0 0 0 0 0 0 0 0 0 0 0 0 0 0 0 0 0 0 0 0 0 0 0 0 0 0 0 0 0 0 0 0 0 0 0 0 0 0 0 0 0 0 0 0 0 0 0 0 0 0 0 0 0 0 0 0 0 0 0 0 0 0 0 0 0 0 0 0 0 0 0 0 0 0 0 0 0 0 0 0 0 0 0 0 0 0 0 0 0 0 0 0 0 0 0 0 0 0 0 
540.5 0 0 0 0 0 0 0 0 0 0 0 0 0 0 0 0 0 0 0 0 0 0 0 0 0 0 0 0 0 0 0 0 0 0 0 0 0 0 0 0 0 0 0 0 0 0 0 0 0 0 0 0 0 0 0 0 0 0 0 0 0 0 0 0 0 0 0 0 0 0 0 0 0 0 0 0 0 0 0 0 0 0 0 0 0 0 0 0 0 0 0 0 0 0 0 0 0 0 0 0 
541 0 0 0 0 0 0 0 0 0 0 0 0 0 0 0 0 0 0 0 0 0 0 0 0 0 0 0 0 0 0 0 0 0 0 0 0 0 0 0 0 0 0 0 0 0 0 0 0 0 0 0 0 0 0 0 0 0 0 0 0 0 0 0 0 0 0 0 0 0 0 0 0 0 0 0 0 0 0 0 0 0 0 0 0 0 0 0 0 0 0 0 0 0 0 0 0 0 0 0 0 
541.5 0 0 0 0 0 0 0 0 0 0 0 0 0 0 0 0 0 0 0 0 0 0 0 0 0 0 0 0 0 0 0 0 0 0 0 0 0 0 0 0 0 0 0 0 0 0 0 0 0 0 0 0 0 0 0 0 0 0 0 0 0 0 0 0 0 0 0 0 0 0 0 0 0 0 0 0 0 0 0 0 0 0 0 0 0 0 0 0 0 0 0 0 0 0 0 0 0 0 0 0 
542 0 0 0 0 0 0 0 0 0 0 0 0 0 0 0 0 0 0 0 0 0 0 0 0 0 0 0 0 0 0 0 0 0 0 0 0 0 0 0 0 0 0 0 0 0 0 0 0 0 0 0 0 0 0 0 0 0 0 0 0 0 0 0 0 0 0 0 0 0 0 0 0 0 0 0 0 0 0 0 0 0 0 0 0 0 0 0 0 0 0 0 0 0 0 0 0 0 0 0 0 
542.5 0 0 0 0 0 0 0 0 0 0 0 0 0 0 0 0 0 0 0 0 0 0 0 0 0 0 0 0 0 0 0 0 0 0 0 0 0 0 0 0 0 0 0 0 0 0 0 0 0 0 0 0 0 0 0 0 0 0 0 0 0 0 0 0 0 0 0 0 0 0 0 0 0 0 0 0 0 0 0 0 0 0 0 0 0 0 0 0 0 0 0 0 0 0 0 0 0 0 0 0 
543 0 0 0 0 0 0 0 0 0 0 0 0 0 0 0 0 0 0 0 0 0 0 0 0 0 0 0 0 0 0 0 0 0 0 0 0 0 0 0 0 0 0 0 0 0 0 0 0 0 0 0 0 0 0 0 0 0 0 0 0 0 0 0 0 0 0 0 0 0 0 0 0 0 0 0 0 0 0 0 0 0 0 0 0 0 0 0 0 0 0 0 0 0 0 0 0 0 0 0 0 
543.5 0 0 0 0 0 0 0 0 0 0 0 0 0 0 0 0 0 0 0 0 0 0 0 0 0 0 0 0 0 0 0 0 0 0 0 0 0 0 0 0 0 0 0 0 0 0 0 0 0 0 0 0 0 0 0 0 0 0 0 0 0 0 0 0 0 0 0 0 0 0 0 0 0 0 0 0 0 0 0 0 0 0 0 0 0 0 0 0 0 0 0 0 0 0 0 0 0 0 0 0 
544 0 0 0 0 0 0 0 0 0 0 0 0 0 0 0 0 0 0 0 0 0 0 0 0 0 0 0 0 0 0 0 0 0 0 0 0 0 0 0 0 0 0 0 0 0 0 0 0 0 0 0 0 0 0 0 0 0 0 0 0 0 0 0 0 0 0 0 0 0 0 0 0 0 0 0 0 0 0 0 0 0 0 0 0 0 0 0 0 0 0 0 0 0 0 0 0 0 0 0 0 
544.5 0 0 0 0 0 0 0 0 0 0 0 0 0 0 0 0 0 0 0 0 0 0 0 0 0 0 0 0 0 0 0 0 0 0 0 0 0 0 0 0 0 0 0 0 0 0 0 0 0 0 0 0 0 0 0 0 0 0 0 0 0 0 0 0 0 0 0 0 0 0 0 0 0 0 0 0 0 0 0 0 0 0 0 0 0 0 0 0 0 0 0 0 0 0 0 0 0 0 0 0 
545 0 0 0 0 0 0 0 0 0 0 0 0 0 0 0 0 0 0 0 0 0 0 0 0 0 0 0 0 0 0 0 0 0 0 0 0 0 0 0 0 0 0 0 0 0 0 0 0 0 0 0 0 0 0 0 0 0 0 0 0 0 0 0 0 0 0 0 0 0 0 0 0 0 0 0 0 0 0 0 0 0 0 0 0 0 0 0 0 0 0 0 0 0 0 0 0 0 0 0 0 
545.5 0 0 0 0 0 0 0 0 0 0 0 0 0 0 0 0 0 0 0 0 0 0 0 0 0 0 0 0 0 0 0 0 0 0 0 0 0 0 0 0 0 0 0 0 0 0 0 0 0 0 0 0 0 0 0 0 0 0 0 0 0 0 0 0 0 0 0 0 0 0 0 0 0 0 0 0 0 0 0 0 0 0 0 0 0 0 0 0 0 0 0 0 0 0 0 0 0 0 0 0 
546 0 0 0 0 0 0 0 0 0 0 0 0 0 0 0 0 0 0 0 0 0 0 0 0 0 0 0 0 0 0 0 0 0 0 0 0 0 0 0 0 0 0 0 0 0 0 0 0 0 0 0 0 0 0 0 0 0 0 0 0 0 0 0 0 0 0 0 0 0 0 0 0 0 0 0 0 0 0 0 0 0 0 0 0 0 0 0 0 0 0 0 0 0 0 0 0 0 0 0 0 
546.5 0 0 0 0 0 0 0 0 0 0 0 0 0 0 0 0 0 0 0 0 0 0 0 0 0 0 0 0 0 0 0 0 0 0 0 0 0 0 0 0 0 0 0 0 0 0 0 0 0 0 0 0 0 0 0 0 0 0 0 0 0 0 0 0 0 0 0 0 0 0 0 0 0 0 0 0 0 0 0 0 0 0 0 0 0 0 0 0 0 0 0 0 0 0 0 0 0 0 0 0 
547 0 0 0 0 0 0 0 0 0 0 0 0 0 0 0 0 0 0 0 0 0 0 0 0 0 0 0 0 0 0 0 0 0 0 0 0 0 0 0 0 0 0 0 0 0 0 0 0 0 0 0 0 0 0 0 0 0 0 0 0 0 0 0 0 0 0 0 0 0 0 0 0 0 0 0 0 0 0 0 0 0 0 0 0 0 0 0 0 0 0 0 0 0 0 0 0 0 0 0 0 
547.5 0 0 0 0 0 0 0 0 0 0 0 0 0 0 0 0 0 0 0 0 0 0 0 0 0 0 0 0 0 0 0 0 0 0 0 0 0 0 0 0 0 0 0 0 0 0 0 0 0 0 0 0 0 0 0 0 0 0 0 0 0 0 0 0 0 0 0 0 0 0 0 0 0 0 0 0 0 0 0 0 0 0 0 0 0 0 0 0 0 0 0 0 0 0 0 0 0 0 0 0 
548 0 0 0 0 0 0 0 0 0 0 0 0 0 0 0 0 0 0 0 0 0 0 0 0 0 0 0 0 0 0 0 0 0 0 0 0 0 0 0 0 0 0 0 0 0 0 0 0 0 0 0 0 0 0 0 0 0 0 0 0 0 0 0 0 0 0 0 0 0 0 0 0 0 0 0 0 0 0 0 0 0 0 0 0 0 0 0 0 0 0 0 0 0 0 0 0 0 0 0 0 
548.5 0 0 0 0 0 0 0 0 0 0 0 0 0 0 0 0 0 0 0 0 0 0 0 0 0 0 0 0 0 0 0 0 0 0 0 0 0 0 0 0 0 0 0 0 0 0 0 0 0 0 0 0 0 0 0 0 0 0 0 0 0 0 0 0 0 0 0 0 0 0 0 0 0 0 0 0 0 0 0 0 0 0 0 0 0 0 0 0 0 0 0 0 0 0 0 0 0 0 0 0 
549 0 0 0 0 0 0 0 0 0 0 0 0 0 0 0 0 0 0 0 0 0 0 0 0 0 0 0 0 0 0 0 0 0 0 0 0 0 0 0 0 0 0 0 0 0 0 0 0 0 0 0 0 0 0 0 0 0 0 0 0 0 0 0 0 0 0 0 0 0 0 0 0 0 0 0 0 0 0 0 0 0 0 0 0 0 0 0 0 0 0 0 0 0 0 0 0 0 0 0 0 
549.5 0 0 0 0 0 0 0 0 0 0 0 0 0 0 0 0 0 0 0 0 0 0 0 0 0 0 0 0 0 0 0 0 0 0 0 0 0 0 0 0 0 0 0 0 0 0 0 0 0 0 0 0 0 0 0 0 0 0 0 0 0 0 0 0 0 0 0 0 0 0 0 0 0 0 0 0 0 0 0 0 0 0 0 0 0 0 0 0 0 0 0 0 0 0 0 0 0 0 0 0 
550 0 0 0 0 0 0 0 0 0 0 0 0 0 0 0 0 0 0 0 0 0 0 0 0 0 0 0 0 0 0 0 0 0 0 0 0 0 0 0 0 0 0 0 0 0 0 0 0 0 0 0 0 0 0 0 0 0 0 0 0 0 0 0 0 0 0 0 0 0 0 0 0 0 0 0 0 0 0 0 0 0 0 0 0 0 0 0 0 0 0 0 0 0 0 0 0 0 0 0 0 
550.5 0 0 0 0 0 0 0 0 0 0 0 0 0 0 0 0 0 0 0 0 0 0 0 0 0 0 0 0 0 0 0 0 0 0 0 0 0 0 0 0 0 0 0 0 0 0 0 0 0 0 0 0 0 0 0 0 0 0 0 0 0 0 0 0 0 0 0 0 0 0 0 0 0 0 0 0 0 0 0 0 0 0 0 0 0 0 0 0 0 0 0 0 0 0 0 0 0 0 0 0 
551 0 0 0 0 0 0 0 0 0 0 0 0 0 0 0 0 0 0 0 0 0 0 0 0 0 0 0 0 0 0 0 0 0 0 0 0 0 0 0 0 0 0 0 0 0 0 0 0 0 0 0 0 0 0 0 0 0 0 0 0 0 0 0 0 0 0 0 0 0 0 0 0 0 0 0 0 0 0 0 0 0 0 0 0 0 0 0 0 0 0 0 0 0 0 0 0 0 0 0 0 
551.5 0 0 0 0 0 0 0 0 0 0 0 0 0 0 0 0 0 0 0 0 0 0 0 0 0 0 0 0 0 0 0 0 0 0 0 0 0 0 0 0 0 0 0 0 0 0 0 0 0 0 0 0 0 0 0 0 0 0 0 0 0 0 0 0 0 0 0 0 0 0 0 0 0 0 0 0 0 0 0 0 0 0 0 0 0 0 0 0 0 0 0 0 0 0 0 0 0 0 0 0 
552 0 0 0 0 0 0 0 0 0 0 0 0 0 0 0 0 0 0 0 0 0 0 0 0 0 0 0 0 0 0 0 0 0 0 0 0 0 0 0 0 0 0 0 0 0 0 0 0 0 0 0 0 0 0 0 0 0 0 0 0 0 0 0 0 0 0 0 0 0 0 0 0 0 0 0 0 0 0 0 0 0 0 0 0 0 0 0 0 0 0 0 0 0 0 0 0 0 0 0 0 
552.5 0 0 0 0 0 0 0 0 0 0 0 0 0 0 0 0 0 0 0 0 0 0 0 0 0 0 0 0 0 0 0 0 0 0 0 0 0 0 0 0 0 0 0 0 0 0 0 0 0 0 0 0 0 0 0 0 0 0 0 0 0 0 0 0 0 0 0 0 0 0 0 0 0 0 0 0 0 0 0 0 0 0 0 0 0 0 0 0 0 0 0 0 0 0 0 0 0 0 0 0 
553 0 0 0 0 0 0 0 0 0 0 0 0 0 0 0 0 0 0 0 0 0 0 0 0 0 0 0 0 0 0 0 0 0 0 0 0 0 0 0 0 0 0 0 0 0 0 0 0 0 0 0 0 0 0 0 0 0 0 0 0 0 0 0 0 0 0 0 0 0 0 0 0 0 0 0 0 0 0 0 0 0 0 0 0 0 0 0 0 0 0 0 0 0 0 0 0 0 0 0 0 
553.5 0 0 0 0 0 0 0 0 0 0 0 0 0 0 0 0 0 0 0 0 0 0 0 0 0 0 0 0 0 0 0 0 0 0 0 0 0 0 0 0 0 0 0 0 0 0 0 0 0 0 0 0 0 0 0 0 0 0 0 0 0 0 0 0 0 0 0 0 0 0 0 0 0 0 0 0 0 0 0 0 0 0 0 0 0 0 0 0 0 0 0 0 0 0 0 0 0 0 0 0 
554 0 0 0 0 0 0 0 0 0 0 0 0 0 0 0 0 0 0 0 0 0 0 0 0 0 0 0 0 0 0 0 0 0 0 0 0 0 0 0 0 0 0 0 0 0 0 0 0 0 0 0 0 0 0 0 0 0 0 0 0 0 0 0 0 0 0 0 0 0 0 0 0 0 0 0 0 0 0 0 0 0 0 0 0 0 0 0 0 0 0 0 0 0 0 0 0 0 0 0 0 
554.5 0 0 0 0 0 0 0 0 0 0 0 0 0 0 0 0 0 0 0 0 0 0 0 0 0 0 0 0 0 0 0 0 0 0 0 0 0 0 0 0 0 0 0 0 0 0 0 0 0 0 0 0 0 0 0 0 0 0 0 0 0 0 0 0 0 0 0 0 0 0 0 0 0 0 0 0 0 0 0 0 0 0 0 0 0 0 0 0 0 0 0 0 0 0 0 0 0 0 0 0 
555 0 0 0 0 0 0 0 0 0 0 0 0 0 0 0 0 0 0 0 0 0 0 0 0 0 0 0 0 0 0 0 0 0 0 0 0 0 0 0 0 0 0 0 0 0 0 0 0 0 0 0 0 0 0 0 0 0 0 0 0 0 0 0 0 0 0 0 0 0 0 0 0 0 0 0 0 0 0 0 0 0 0 0 0 0 0 0 0 0 0 0 0 0 0 0 0 0 0 0 0 
555.5 0 0 0 0 0 0 0 0 0 0 0 0 0 0 0 0 0 0 0 0 0 0 0 0 0 0 0 0 0 0 0 0 0 0 0 0 0 0 0 0 0 0 0 0 0 0 0 0 0 0 0 0 0 0 0 0 0 0 0 0 0 0 0 0 0 0 0 0 0 0 0 0 0 0 0 0 0 0 0 0 0 0 0 0 0 0 0 0 0 0 0 0 0 0 0 0 0 0 0 0 
556 0 0 0 0 0 0 0 0 0 0 0 0 0 0 0 0 0 0 0 0 0 0 0 0 0 0 0 0 0 0 0 0 0 0 0 0 0 0 0 0 0 0 0 0 0 0 0 0 0 0 0 0 0 0 0 0 0 0 0 0 0 0 0 0 0 0 0 0 0 0 0 0 0 0 0 0 0 0 0 0 0 0 0 0 0 0 0 0 0 0 0 0 0 0 0 0 0 0 0 0 
556.5 0 0 0 0 0 0 0 0 0 0 0 0 0 0 0 0 0 0 0 0 0 0 0 0 0 0 0 0 0 0 0 0 0 0 0 0 0 0 0 0 0 0 0 0 0 0 0 0 0 0 0 0 0 0 0 0 0 0 0 0 0 0 0 0 0 0 0 0 0 0 0 0 0 0 0 0 0 0 0 0 0 0 0 0 0 0 0 0 0 0 0 0 0 0 0 0 0 0 0 0 
557 0 0 0 0 0 0 0 0 0 0 0 0 0 0 0 0 0 0 0 0 0 0 0 0 0 0 0 0 0 0 0 0 0 0 0 0 0 0 0 0 0 0 0 0 0 0 0 0 0 0 0 0 0 0 0 0 0 0 0 0 0 0 0 0 0 0 0 0 0 0 0 0 0 0 0 0 0 0 0 0 0 0 0 0 0 0 0 0 0 0 0 0 0 0 0 0 0 0 0 0 
557.5 0 0 0 0 0 0 0 0 0 0 0 0 0 0 0 0 0 0 0 0 0 0 0 0 0 0 0 0 0 0 0 0 0 0 0 0 0 0 0 0 0 0 0 0 0 0 0 0 0 0 0 0 0 0 0 0 0 0 0 0 0 0 0 0 0 0 0 0 0 0 0 0 0 0 0 0 0 0 0 0 0 0 0 0 0 0 0 0 0 0 0 0 0 0 0 0 0 0 0 0 
558 0 0 0 0 0 0 0 0 0 0 0 0 0 0 0 0 0 0 0 0 0 0 0 0 0 0 0 0 0 0 0 0 0 0 0 0 0 0 0 0 0 0 0 0 0 0 0 0 0 0 0 0 0 0 0 0 0 0 0 0 0 0 0 0 0 0 0 0 0 0 0 0 0 0 0 0 0 0 0 0 0 0 0 0 0 0 0 0 0 0 0 0 0 0 0 0 0 0 0 0 
558.5 0 0 0 0 0 0 0 0 0 0 0 0 0 0 0 0 0 0 0 0 0 0 0 0 0 0 0 0 0 0 0 0 0 0 0 0 0 0 0 0 0 0 0 0 0 0 0 0 0 0 0 0 0 0 0 0 0 0 0 0 0 0 0 0 0 0 0 0 0 0 0 0 0 0 0 0 0 0 0 0 0 0 0 0 0 0 0 0 0 0 0 0 0 0 0 0 0 0 0 0 
559 0 0 0 0 0 0 0 0 0 0 0 0 0 0 0 0 0 0 0 0 0 0 0 0 0 0 0 0 0 0 0 0 0 0 0 0 0 0 0 0 0 0 0 0 0 0 0 0 0 0 0 0 0 0 0 0 0 0 0 0 0 0 0 0 0 0 0 0 0 0 0 0 0 0 0 0 0 0 0 0 0 0 0 0 0 0 0 0 0 0 0 0 0 0 0 0 0 0 0 0 
559.5 0 0 0 0 0 0 0 0 0 0 0 0 0 0 0 0 0 0 0 0 0 0 0 0 0 0 0 0 0 0 0 0 0 0 0 0 0 0 0 0 0 0 0 0 0 0 0 0 0 0 0 0 0 0 0 0 0 0 0 0 0 0 0 0 0 0 0 0 0 0 0 0 0 0 0 0 0 0 0 0 0 0 0 0 0 0 0 0 0 0 0 0 0 0 0 0 0 0 0 0 
560 0 0 0 0 0 0 0 0 0 0 0 0 0 0 0 0 0 0 0 0 0 0 0 0 0 0 0 0 0 0 0 0 0 0 0 0 0 0 0 0 0 0 0 0 0 0 0 0 0 0 0 0 0 0 0 0 0 0 0 0 0 0 0 0 0 0 0 0 0 0 0 0 0 0 0 0 0 0 0 0 0 0 0 0 0 0 0 0 0 0 0 0 0 0 0 0 0 0 0 0 
560.5 0 0 0 0 0 0 0 0 0 0 0 0 0 0 0 0 0 0 0 0 0 0 0 0 0 0 0 0 0 0 0 0 0 0 0 0 0 0 0 0 0 0 0 0 0 0 0 0 0 0 0 0 0 0 0 0 0 0 0 0 0 0 0 0 0 0 0 0 0 0 0 0 0 0 0 0 0 0 0 0 0 0 0 0 0 0 0 0 0 0 0 0 0 0 0 0 0 0 0 0 
561 0 0 0 0 0 0 0 0 0 0 0 0 0 0 0 0 0 0 0 0 0 0 0 0 0 0 0 0 0 0 0 0 0 0 0 0 0 0 0 0 0 0 0 0 0 0 0 0 0 0 0 0 0 0 0 0 0 0 0 0 0 0 0 0 0 0 0 0 0 0 0 0 0 0 0 0 0 0 0 0 0 0 0 0 0 0 0 0 0 0 0 0 0 0 0 0 0 0 0 0 
561.5 0 0 0 0 0 0 0 0 0 0 0 0 0 0 0 0 0 0 0 0 0 0 0 0 0 0 0 0 0 0 0 0 0 0 0 0 0 0 0 0 0 0 0 0 0 0 0 0 0 0 0 0 0 0 0 0 0 0 0 0 0 0 0 0 0 0 0 0 0 0 0 0 0 0 0 0 0 0 0 0 0 0 0 0 0 0 0 0 0 0 0 0 0 0 0 0 0 0 0 0 
562 0 0 0 0 0 0 0 0 0 0 0 0 0 0 0 0 0 0 0 0 0 0 0 0 0 0 0 0 0 0 0 0 0 0 0 0 0 0 0 0 0 0 0 0 0 0 0 0 0 0 0 0 0 0 0 0 0 0 0 0 0 0 0 0 0 0 0 0 0 0 0 0 0 0 0 0 0 0 0 0 0 0 0 0 0 0 0 0 0 0 0 0 0 0 0 0 0 0 0 0 
562.5 0 0 0 0 0 0 0 0 0 0 0 0 0 0 0 0 0 0 0 0 0 0 0 0 0 0 0 0 0 0 0 0 0 0 0 0 0 0 0 0 0 0 0 0 0 0 0 0 0 0 0 0 0 0 0 0 0 0 0 0 0 0 0 0 0 0 0 0 0 0 0 0 0 0 0 0 0 0 0 0 0 0 0 0 0 0 0 0 0 0 0 0 0 0 0 0 0 0 0 0 
563 0 0 0 0 0 0 0 0 0 0 0 0 0 0 0 0 0 0 0 0 0 0 0 0 0 0 0 0 0 0 0 0 0 0 0 0 0 0 0 0 0 0 0 0 0 0 0 0 0 0 0 0 0 0 0 0 0 0 0 0 0 0 0 0 0 0 0 0 0 0 0 0 0 0 0 0 0 0 0 0 0 0 0 0 0 0 0 0 0 0 0 0 0 0 0 0 0 0 0 0 
563.5 0 0 0 0 0 0 0 0 0 0 0 0 0 0 0 0 0 0 0 0 0 0 0 0 0 0 0 0 0 0 0 0 0 0 0 0 0 0 0 0 0 0 0 0 0 0 0 0 0 0 0 0 0 0 0 0 0 0 0 0 0 0 0 0 0 0 0 0 0 0 0 0 0 0 0 0 0 0 0 0 0 0 0 0 0 0 0 0 0 0 0 0 0 0 0 0 0 0 0 0 
564 0 0 0 0 0 0 0 0 0 0 0 0 0 0 0 0 0 0 0 0 0 0 0 0 0 0 0 0 0 0 0 0 0 0 0 0 0 0 0 0 0 0 0 0 0 0 0 0 0 0 0 0 0 0 0 0 0 0 0 0 0 0 0 0 0 0 0 0 0 0 0 0 0 0 0 0 0 0 0 0 0 0 0 0 0 0 0 0 0 0 0 0 0 0 0 0 0 0 0 0 
564.5 0 0 0 0 0 0 0 0 0 0 0 0 0 0 0 0 0 0 0 0 0 0 0 0 0 0 0 0 0 0 0 0 0 0 0 0 0 0 0 0 0 0 0 0 0 0 0 0 0 0 0 0 0 0 0 0 0 0 0 0 0 0 0 0 0 0 0 0 0 0 0 0 0 0 0 0 0 0 0 0 0 0 0 0 0 0 0 0 0 0 0 0 0 0 0 0 0 0 0 0 
565 0 0 0 0 0 0 0 0 0 0 0 0 0 0 0 0 0 0 0 0 0 0 0 0 0 0 0 0 0 0 0 0 0 0 0 0 0 0 0 0 0 0 0 0 0 0 0 0 0 0 0 0 0 0 0 0 0 0 0 0 0 0 0 0 0 0 0 0 0 0 0 0 0 0 0 0 0 0 0 0 0 0 0 0 0 0 0 0 0 0 0 0 0 0 0 0 0 0 0 0 
565.5 0 0 0 0 0 0 0 0 0 0 0 0 0 0 0 0 0 0 0 0 0 0 0 0 0 0 0 0 0 0 0 0 0 0 0 0 0 0 0 0 0 0 0 0 0 0 0 0 0 0 0 0 0 0 0 0 0 0 0 0 0 0 0 0 0 0 0 0 0 0 0 0 0 0 0 0 0 0 0 0 0 0 0 0 0 0 0 0 0 0 0 0 0 0 0 0 0 0 0 0 
566 0 0 0 0 0 0 0 0 0 0 0 0 0 0 0 0 0 0 0 0 0 0 0 0 0 0 0 0 0 0 0 0 0 0 0 0 0 0 0 0 0 0 0 0 0 0 0 0 0 0 0 0 0 0 0 0 0 0 0 0 0 0 0 0 0 0 0 0 0 0 0 0 0 0 0 0 0 0 0 0 0 0 0 0 0 0 0 0 0 0 0 0 0 0 0 0 0 0 0 0 
566.5 0 0 0 0 0 0 0 0 0 0 0 0 0 0 0 0 0 0 0 0 0 0 0 0 0 0 0 0 0 0 0 0 0 0 0 0 0 0 0 0 0 0 0 0 0 0 0 0 0 0 0 0 0 0 0 0 0 0 0 0 0 0 0 0 0 0 0 0 0 0 0 0 0 0 0 0 0 0 0 0 0 0 0 0 0 0 0 0 0 0 0 0 0 0 0 0 0 0 0 0 
567 0 0 0 0 0 0 0 0 0 0 0 0 0 0 0 0 0 0 0 0 0 0 0 0 0 0 0 0 0 0 0 0 0 0 0 0 0 0 0 0 0 0 0 0 0 0 0 0 0 0 0 0 0 0 0 0 0 0 0 0 0 0 0 0 0 0 0 0 0 0 0 0 0 0 0 0 0 0 0 0 0 0 0 0 0 0 0 0 0 0 0 0 0 0 0 0 0 0 0 0 
567.5 0 0 0 0 0 0 0 0 0 0 0 0 0 0 0 0 0 0 0 0 0 0 0 0 0 0 0 0 0 0 0 0 0 0 0 0 0 0 0 0 0 0 0 0 0 0 0 0 0 0 0 0 0 0 0 0 0 0 0 0 0 0 0 0 0 0 0 0 0 0 0 0 0 0 0 0 0 0 0 0 0 0 0 0 0 0 0 0 0 0 0 0 0 0 0 0 0 0 0 0 
568 0 0 0 0 0 0 0 0 0 0 0 0 0 0 0 0 0 0 0 0 0 0 0 0 0 0 0 0 0 0 0 0 0 0 0 0 0 0 0 0 0 0 0 0 0 0 0 0 0 0 0 0 0 0 0 0 0 0 0 0 0 0 0 0 0 0 0 0 0 0 0 0 0 0 0 0 0 0 0 0 0 0 0 0 0 0 0 0 0 0 0 0 0 0 0 0 0 0 0 0 
568.5 0 0 0 0 0 0 0 0 0 0 0 0 0 0 0 0 0 0 0 0 0 0 0 0 0 0 0 0 0 0 0 0 0 0 0 0 0 0 0 0 0 0 0 0 0 0 0 0 0 0 0 0 0 0 0 0 0 0 0 0 0 0 0 0 0 0 0 0 0 0 0 0 0 0 0 0 0 0 0 0 0 0 0 0 0 0 0 0 0 0 0 0 0 0 0 0 0 0 0 0 
569 0 0 0 0 0 0 0 0 0 0 0 0 0 0 0 0 0 0 0 0 0 0 0 0 0 0 0 0 0 0 0 0 0 0 0 0 0 0 0 0 0 0 0 0 0 0 0 0 0 0 0 0 0 0 0 0 0 0 0 0 0 0 0 0 0 0 0 0 0 0 0 0 0 0 0 0 0 0 0 0 0 0 0 0 0 0 0 0 0 0 0 0 0 0 0 0 0 0 0 0 
569.5 0 0 0 0 0 0 0 0 0 0 0 0 0 0 0 0 0 0 0 0 0 0 0 0 0 0 0 0 0 0 0 0 0 0 0 0 0 0 0 0 0 0 0 0 0 0 0 0 0 0 0 0 0 0 0 0 0 0 0 0 0 0 0 0 0 0 0 0 0 0 0 0 0 0 0 0 0 0 0 0 0 0 0 0 0 0 0 0 0 0 0 0 0 0 0 0 0 0 0 0 
570 0 0 0 0 0 0 0 0 0 0 0 0 0 0 0 0 0 0 0 0 0 0 0 0 0 0 0 0 0 0 0 0 0 0 0 0 0 0 0 0 0 0 0 0 0 0 0 0 0 0 0 0 0 0 0 0 0 0 0 0 0 0 0 0 0 0 0 0 0 0 0 0 0 0 0 0 0 0 0 0 0 0 0 0 0 0 0 0 0 0 0 0 0 0 0 0 0 0 0 0 
570.5 0 0 0 0 0 0 0 0 0 0 0 0 0 0 0 0 0 0 0 0 0 0 0 0 0 0 0 0 0 0 0 0 0 0 0 0 0 0 0 0 0 0 0 0 0 0 0 0 0 0 0 0 0 0 0 0 0 0 0 0 0 0 0 0 0 0 0 0 0 0 0 0 0 0 0 0 0 0 0 0 0 0 0 0 0 0 0 0 0 0 0 0 0 0 0 0 0 0 0 0 
571 0 0 0 0 0 0 0 0 0 0 0 0 0 0 0 0 0 0 0 0 0 0 0 0 0 0 0 0 0 0 0 0 0 0 0 0 0 0 0 0 0 0 0 0 0 0 0 0 0 0 0 0 0 0 0 0 0 0 0 0 0 0 0 0 0 0 0 0 0 0 0 0 0 0 0 0 0 0 0 0 0 0 0 0 0 0 0 0 0 0 0 0 0 0 0 0 0 0 0 0 
571.5 0 0 0 0 0 0 0 0 0 0 0 0 0 0 0 0 0 0 0 0 0 0 0 0 0 0 0 0 0 0 0 0 0 0 0 0 0 0 0 0 0 0 0 0 0 0 0 0 0 0 0 0 0 0 0 0 0 0 0 0 0 0 0 0 0 0 0 0 0 0 0 0 0 0 0 0 0 0 0 0 0 0 0 0 0 0 0 0 0 0 0 0 0 0 0 0 0 0 0 0 
572 0 0 0 0 0 0 0 0 0 0 0 0 0 0 0 0 0 0 0 0 0 0 0 0 0 0 0 0 0 0 0 0 0 0 0 0 0 0 0 0 0 0 0 0 0 0 0 0 0 0 0 0 0 0 0 0 0 0 0 0 0 0 0 0 0 0 0 0 0 0 0 0 0 0 0 0 0 0 0 0 0 0 0 0 0 0 0 0 0 0 0 0 0 0 0 0 0 0 0 0 
572.5 0 0 0 0 0 0 0 0 0 0 0 0 0 0 0 0 0 0 0 0 0 0 0 0 0 0 0 0 0 0 0 0 0 0 0 0 0 0 0 0 0 0 0 0 0 0 0 0 0 0 0 0 0 0 0 0 0 0 0 0 0 0 0 0 0 0 0 0 0 0 0 0 0 0 0 0 0 0 0 0 0 0 0 0 0 0 0 0 0 0 0 0 0 0 0 0 0 0 0 0 
573 0 0 0 0 0 0 0 0 0 0 0 0 0 0 0 0 0 0 0 0 0 0 0 0 0 0 0 0 0 0 0 0 0 0 0 0 0 0 0 0 0 0 0 0 0 0 0 0 0 0 0 0 0 0 0 0 0 0 0 0 0 0 0 0 0 0 0 0 0 0 0 0 0 0 0 0 0 0 0 0 0 0 0 0 0 0 0 0 0 0 0 0 0 0 0 0 0 0 0 0 
573.5 0 0 0 0 0 0 0 0 0 0 0 0 0 0 0 0 0 0 0 0 0 0 0 0 0 0 0 0 0 0 0 0 0 0 0 0 0 0 0 0 0 0 0 0 0 0 0 0 0 0 0 0 0 0 0 0 0 0 0 0 0 0 0 0 0 0 0 0 0 0 0 0 0 0 0 0 0 0 0 0 0 0 0 0 0 0 0 0 0 0 0 0 0 0 0 0 0 0 0 0 
574 0 0 0 0 0 0 0 0 0 0 0 0 0 0 0 0 0 0 0 0 0 0 0 0 0 0 0 0 0 0 0 0 0 0 0 0 0 0 0 0 0 0 0 0 0 0 0 0 0 0 0 0 0 0 0 0 0 0 0 0 0 0 0 0 0 0 0 0 0 0 0 0 0 0 0 0 0 0 0 0 0 0 0 0 0 0 0 0 0 0 0 0 0 0 0 0 0 0 0 0 
574.5 0 0 0 0 0 0 0 0 0 0 0 0 0 0 0 0 0 0 0 0 0 0 0 0 0 0 0 0 0 0 0 0 0 0 0 0 0 0 0 0 0 0 0 0 0 0 0 0 0 0 0 0 0 0 0 0 0 0 0 0 0 0 0 0 0 0 0 0 0 0 0 0 0 0 0 0 0 0 0 0 0 0 0 0 0 0 0 0 0 0 0 0 0 0 0 0 0 0 0 0 
575 0 0 0 0 0 0 0 0 0 0 0 0 0 0 0 0 0 0 0 0 0 0 0 0 0 0 0 0 0 0 0 0 0 0 0 0 0 0 0 0 0 0 0 0 0 0 0 0 0 0 0 0 0 0 0 0 0 0 0 0 0 0 0 0 0 0 0 0 0 0 0 0 0 0 0 0 0 0 0 0 0 0 0 0 0 0 0 0 0 0 0 0 0 0 0 0 0 0 0 0 
575.5 0 0 0 0 0 0 0 0 0 0 0 0 0 0 0 0 0 0 0 0 0 0 0 0 0 0 0 0 0 0 0 0 0 0 0 0 0 0 0 0 0 0 0 0 0 0 0 0 0 0 0 0 0 0 0 0 0 0 0 0 0 0 0 0 0 0 0 0 0 0 0 0 0 0 0 0 0 0 0 0 0 0 0 0 0 0 0 0 0 0 0 0 0 0 0 0 0 0 0 0 
576 0 0 0 0 0 0 0 0 0 0 0 0 0 0 0 0 0 0 0 0 0 0 0 0 0 0 0 0 0 0 0 0 0 0 0 0 0 0 0 0 0 0 0 0 0 0 0 0 0 0 0 0 0 0 0 0 0 0 0 0 0 0 0 0 0 0 0 0 0 0 0 0 0 0 0 0 0 0 0 0 0 0 0 0 0 0 0 0 0 0 0 0 0 0 0 0 0 0 0 0 
576.5 0 0 0 0 0 0 0 0 0 0 0 0 0 0 0 0 0 0 0 0 0 0 0 0 0 0 0 0 0 0 0 0 0 0 0 0 0 0 0 0 0 0 0 0 0 0 0 0 0 0 0 0 0 0 0 0 0 0 0 0 0 0 0 0 0 0 0 0 0 0 0 0 0 0 0 0 0 0 0 0 0 0 0 0 0 0 0 0 0 0 0 0 0 0 0 0 0 0 0 0 
577 0 0 0 0 0 0 0 0 0 0 0 0 0 0 0 0 0 0 0 0 0 0 0 0 0 0 0 0 0 0 0 0 0 0 0 0 0 0 0 0 0 0 0 0 0 0 0 0 0 0 0 0 0 0 0 0 0 0 0 0 0 0 0 0 0 0 0 0 0 0 0 0 0 0 0 0 0 0 0 0 0 0 0 0 0 0 0 0 0 0 0 0 0 0 0 0 0 0 0 0 
577.5 0 0 0 0 0 0 0 0 0 0 0 0 0 0 0 0 0 0 0 0 0 0 0 0 0 0 0 0 0 0 0 0 0 0 0 0 0 0 0 0 0 0 0 0 0 0 0 0 0 0 0 0 0 0 0 0 0 0 0 0 0 0 0 0 0 0 0 0 0 0 0 0 0 0 0 0 0 0 0 0 0 0 0 0 0 0 0 0 0 0 0 0 0 0 0 0 0 0 0 0 
578 0 0 0 0 0 0 0 0 0 0 0 0 0 0 0 0 0 0 0 0 0 0 0 0 0 0 0 0 0 0 0 0 0 0 0 0 0 0 0 0 0 0 0 0 0 0 0 0 0 0 0 0 0 0 0 0 0 0 0 0 0 0 0 0 0 0 0 0 0 0 0 0 0 0 0 0 0 0 0 0 0 0 0 0 0 0 0 0 0 0 0 0 0 0 0 0 0 0 0 0 
578.5 0 0 0 0 0 0 0 0 0 0 0 0 0 0 0 0 0 0 0 0 0 0 0 0 0 0 0 0 0 0 0 0 0 0 0 0 0 0 0 0 0 0 0 0 0 0 0 0 0 0 0 0 0 0 0 0 0 0 0 0 0 0 0 0 0 0 0 0 0 0 0 0 0 0 0 0 0 0 0 0 0 0 0 0 0 0 0 0 0 0 0 0 0 0 0 0 0 0 0 0 
579 0 0 0 0 0 0 0 0 0 0 0 0 0 0 0 0 0 0 0 0 0 0 0 0 0 0 0 0 0 0 0 0 0 0 0 0 0 0 0 0 0 0 0 0 0 0 0 0 0 0 0 0 0 0 0 0 0 0 0 0 0 0 0 0 0 0 0 0 0 0 0 0 0 0 0 0 0 0 0 0 0 0 0 0 0 0 0 0 0 0 0 0 0 0 0 0 0 0 0 0 
579.5 0 0 0 0 0 0 0 0 0 0 0 0 0 0 0 0 0 0 0 0 0 0 0 0 0 0 0 0 0 0 0 0 0 0 0 0 0 0 0 0 0 0 0 0 0 0 0 0 0 0 0 0 0 0 0 0 0 0 0 0 0 0 0 0 0 0 0 0 0 0 0 0 0 0 0 0 0 0 0 0 0 0 0 0 0 0 0 0 0 0 0 0 0 0 0 0 0 0 0 0 
580 0 0 0 0 0 0 0 0 0 0 0 0 0 0 0 0 0 0 0 0 0 0 0 0 0 0 0 0 0 0 0 0 0 0 0 0 0 0 0 0 0 0 0 0 0 0 0 0 0 0 0 0 0 0 0 0 0 0 0 0 0 0 0 0 0 0 0 0 0 0 0 0 0 0 0 0 0 0 0 0 0 0 0 0 0 0 0 0 0 0 0 0 0 0 0 0 0 0 0 0 
580.5 0 0 0 0 0 0 0 0 0 0 0 0 0 0 0 0 0 0 0 0 0 0 0 0 0 0 0 0 0 0 0 0 0 0 0 0 0 0 0 0 0 0 0 0 0 0 0 0 0 0 0 0 0 0 0 0 0 0 0 0 0 0 0 0 0 0 0 0 0 0 0 0 0 0 0 0 0 0 0 0 0 0 0 0 0 0 0 0 0 0 0 0 0 0 0 0 0 0 0 0 
581 0 0 0 0 0 0 0 0 0 0 0 0 0 0 0 0 0 0 0 0 0 0 0 0 0 0 0 0 0 0 0 0 0 0 0 0 0 0 0 0 0 0 0 0 0 0 0 0 0 0 0 0 0 0 0 0 0 0 0 0 0 0 0 0 0 0 0 0 0 0 0 0 0 0 0 0 0 0 0 0 0 0 0 0 0 0 0 0 0 0 0 0 0 0 0 0 0 0 0 0 
581.5 0 0 0 0 0 0 0 0 0 0 0 0 0 0 0 0 0 0 0 0 0 0 0 0 0 0 0 0 0 0 0 0 0 0 0 0 0 0 0 0 0 0 0 0 0 0 0 0 0 0 0 0 0 0 0 0 0 0 0 0 0 0 0 0 0 0 0 0 0 0 0 0 0 0 0 0 0 0 0 0 0 0 0 0 0 0 0 0 0 0 0 0 0 0 0 0 0 0 0 0 
582 0 0 0 0 0 0 0 0 0 0 0 0 0 0 0 0 0 0 0 0 0 0 0 0 0 0 0 0 0 0 0 0 0 0 0 0 0 0 0 0 0 0 0 0 0 0 0 0 0 0 0 0 0 0 0 0 0 0 0 0 0 0 0 0 0 0 0 0 0 0 0 0 0 0 0 0 0 0 0 0 0 0 0 0 0 0 0 0 0 0 0 0 0 0 0 0 0 0 0 0 
582.5 0 0 0 0 0 0 0 0 0 0 0 0 0 0 0 0 0 0 0 0 0 0 0 0 0 0 0 0 0 0 0 0 0 0 0 0 0 0 0 0 0 0 0 0 0 0 0 0 0 0 0 0 0 0 0 0 0 0 0 0 0 0 0 0 0 0 0 0 0 0 0 0 0 0 0 0 0 0 0 0 0 0 0 0 0 0 0 0 0 0 0 0 0 0 0 0 0 0 0 0 
583 0 0 0 0 0 0 0 0 0 0 0 0 0 0 0 0 0 0 0 0 0 0 0 0 0 0 0 0 0 0 0 0 0 0 0 0 0 0 0 0 0 0 0 0 0 0 0 0 0 0 0 0 0 0 0 0 0 0 0 0 0 0 0 0 0 0 0 0 0 0 0 0 0 0 0 0 0 0 0 0 0 0 0 0 0 0 0 0 0 0 0 0 0 0 0 0 0 0 0 0 
583.5 0 0 0 0 0 0 0 0 0 0 0 0 0 0 0 0 0 0 0 0 0 0 0 0 0 0 0 0 0 0 0 0 0 0 0 0 0 0 0 0 0 0 0 0 0 0 0 0 0 0 0 0 0 0 0 0 0 0 0 0 0 0 0 0 0 0 0 0 0 0 0 0 0 0 0 0 0 0 0 0 0 0 0 0 0 0 0 0 0 0 0 0 0 0 0 0 0 0 0 0 
584 0 0 0 0 0 0 0 0 0 0 0 0 0 0 0 0 0 0 0 0 0 0 0 0 0 0 0 0 0 0 0 0 0 0 0 0 0 0 0 0 0 0 0 0 0 0 0 0 0 0 0 0 0 0 0 0 0 0 0 0 0 0 0 0 0 0 0 0 0 0 0 0 0 0 0 0 0 0 0 0 0 0 0 0 0 0 0 0 0 0 0 0 0 0 0 0 0 0 0 0 
584.5 0 0 0 0 0 0 0 0 0 0 0 0 0 0 0 0 0 0 0 0 0 0 0 0 0 0 0 0 0 0 0 0 0 0 0 0 0 0 0 0 0 0 0 0 0 0 0 0 0 0 0 0 0 0 0 0 0 0 0 0 0 0 0 0 0 0 0 0 0 0 0 0 0 0 0 0 0 0 0 0 0 0 0 0 0 0 0 0 0 0 0 0 0 0 0 0 0 0 0 0 
585 0 0 0 0 0 0 0 0 0 0 0 0 0 0 0 0 0 0 0 0 0 0 0 0 0 0 0 0 0 0 0 0 0 0 0 0 0 0 0 0 0 0 0 0 0 0 0 0 0 0 0 0 0 0 0 0 0 0 0 0 0 0 0 0 0 0 0 0 0 0 0 0 0 0 0 0 0 0 0 0 0 0 0 0 0 0 0 0 0 0 0 0 0 0 0 0 0 0 0 0 
585.5 0 0 0 0 0 0 0 0 0 0 0 0 0 0 0 0 0 0 0 0 0 0 0 0 0 0 0 0 0 0 0 0 0 0 0 0 0 0 0 0 0 0 0 0 0 0 0 0 0 0 0 0 0 0 0 0 0 0 0 0 0 0 0 0 0 0 0 0 0 0 0 0 0 0 0 0 0 0 0 0 0 0 0 0 0 0 0 0 0 0 0 0 0 0 0 0 0 0 0 0 
586 0 0 0 0 0 0 0 0 0 0 0 0 0 0 0 0 0 0 0 0 0 0 0 0 0 0 0 0 0 0 0 0 0 0 0 0 0 0 0 0 0 0 0 0 0 0 0 0 0 0 0 0 0 0 0 0 0 0 0 0 0 0 0 0 0 0 0 0 0 0 0 0 0 0 0 0 0 0 0 0 0 0 0 0 0 0 0 0 0 0 0 0 0 0 0 0 0 0 0 0 
586.5 0 0 0 0 0 0 0 0 0 0 0 0 0 0 0 0 0 0 0 0 0 0 0 0 0 0 0 0 0 0 0 0 0 0 0 0 0 0 0 0 0 0 0 0 0 0 0 0 0 0 0 0 0 0 0 0 0 0 0 0 0 0 0 0 0 0 0 0 0 0 0 0 0 0 0 0 0 0 0 0 0 0 0 0 0 0 0 0 0 0 0 0 0 0 0 0 0 0 0 0 
587 0 0 0 0 0 0 0 0 0 0 0 0 0 0 0 0 0 0 0 0 0 0 0 0 0 0 0 0 0 0 0 0 0 0 0 0 0 0 0 0 0 0 0 0 0 0 0 0 0 0 0 0 0 0 0 0 0 0 0 0 0 0 0 0 0 0 0 0 0 0 0 0 0 0 0 0 0 0 0 0 0 0 0 0 0 0 0 0 0 0 0 0 0 0 0 0 0 0 0 0 
587.5 0 0 0 0 0 0 0 0 0 0 0 0 0 0 0 0 0 0 0 0 0 0 0 0 0 0 0 0 0 0 0 0 0 0 0 0 0 0 0 0 0 0 0 0 0 0 0 0 0 0 0 0 0 0 0 0 0 0 0 0 0 0 0 0 0 0 0 0 0 0 0 0 0 0 0 0 0 0 0 0 0 0 0 0 0 0 0 0 0 0 0 0 0 0 0 0 0 0 0 0 
588 0 0 0 0 0 0 0 0 0 0 0 0 0 0 0 0 0 0 0 0 0 0 0 0 0 0 0 0 0 0 0 0 0 0 0 0 0 0 0 0 0 0 0 0 0 0 0 0 0 0 0 0 0 0 0 0 0 0 0 0 0 0 0 0 0 0 0 0 0 0 0 0 0 0 0 0 0 0 0 0 0 0 0 0 0 0 0 0 0 0 0 0 0 0 0 0 0 0 0 0 
588.5 0 0 0 0 0 0 0 0 0 0 0 0 0 0 0 0 0 0 0 0 0 0 0 0 0 0 0 0 0 0 0 0 0 0 0 0 0 0 0 0 0 0 0 0 0 0 0 0 0 0 0 0 0 0 0 0 0 0 0 0 0 0 0 0 0 0 0 0 0 0 0 0 0 0 0 0 0 0 0 0 0 0 0 0 0 0 0 0 0 0 0 0 0 0 0 0 0 0 0 0 
589 0 0 0 0 0 0 0 0 0 0 0 0 0 0 0 0 0 0 0 0 0 0 0 0 0 0 0 0 0 0 0 0 0 0 0 0 0 0 0 0 0 0 0 0 0 0 0 0 0 0 0 0 0 0 0 0 0 0 0 0 0 0 0 0 0 0 0 0 0 0 0 0 0 0 0 0 0 0 0 0 0 0 0 0 0 0 0 0 0 0 0 0 0 0 0 0 0 0 0 0 
589.5 0 0 0 0 0 0 0 0 0 0 0 0 0 0 0 0 0 0 0 0 0 0 0 0 0 0 0 0 0 0 0 0 0 0 0 0 0 0 0 0 0 0 0 0 0 0 0 0 0 0 0 0 0 0 0 0 0 0 0 0 0 0 0 0 0 0 0 0 0 0 0 0 0 0 0 0 0 0 0 0 0 0 0 0 0 0 0 0 0 0 0 0 0 0 0 0 0 0 0 0 
590 0 0 0 0 0 0 0 0 0 0 0 0 0 0 0 0 0 0 0 0 0 0 0 0 0 0 0 0 0 0 0 0 0 0 0 0 0 0 0 0 0 0 0 0 0 0 0 0 0 0 0 0 0 0 0 0 0 0 0 0 0 0 0 0 0 0 0 0 0 0 0 0 0 0 0 0 0 0 0 0 0 0 0 0 0 0 0 0 0 0 0 0 0 0 0 0 0 0 0 0 
