100 -0.0050251 0.015075 0.025126 0.035176 0.045226 0.055276 0.065327 0.075377 0.085427 0.095477 0.10553 0.11558 0.12563 0.13568 0.14573 0.15578 0.16583 0.17588 0.18593 0.19598 0.20603 0.21608 0.22613 0.23618 0.24623 0.25628 0.26633 0.27638 0.28643 0.29648 0.30653 0.31658 0.32663 0.33668 0.34673 0.35678 0.36683 0.37688 0.38693 0.39698 0.40704 0.41709 0.42714 0.43719 0.44724 0.45729 0.46734 0.47739 0.48744 0.49749 0.50754 0.51759 0.52764 0.53769 0.54774 0.55779 0.56784 0.57789 0.58794 0.59799 0.60804 0.61809 0.62814 0.63819 0.64824 0.65829 0.66834 0.67839 0.68844 0.69849 0.70854 0.71859 0.72864 0.73869 0.74874 0.75879 0.76884 0.77889 0.78894 0.79899 0.80905 0.8191 0.82915 0.8392 0.84925 0.8593 0.86935 0.8794 0.88945 0.8995 0.90955 0.9196 0.92965 0.9397 0.94975 0.9598 0.96985 0.9799 0.98995 1 
3.4 7.9408 7.9315 7.7356 7.6808 7.6595 7.6531 7.656 7.6636 7.6722 7.6802 7.6874 7.6944 7.7013 7.7075 7.7131 7.718 7.7222 7.7259 7.729 7.7315 7.7335 7.7349 7.7357 7.736 7.7357 7.7349 7.7335 7.7316 7.7291 7.7259 7.7222 7.7178 7.7127 7.707 7.7007 7.6936 7.686 7.6778 7.669 7.6598 7.6501 7.6401 7.6298 7.6195 7.6092 7.599 7.5892 7.5799 7.5711 7.5631 7.5561 7.5504 7.5463 7.5438 7.5432 7.5442 7.5469 7.5517 7.5593 7.5699 7.5834 7.5997 7.6188 7.6409 7.6663 7.6949 7.7269 7.7624 7.8013 7.8438 7.8899 7.9396 7.9932 8.0507 8.112 8.1774 8.2469 8.3205 8.3984 8.4806 8.5674 8.6588 8.7551 8.8565 8.9632 9.0755 9.1937 9.318 9.4489 9.5867 9.732 9.8851 10.0464 10.2158 10.3936 10.581 10.7797 10.991 11.2138 11.4462 
4 7.1624 7.1529 6.9758 6.9287 6.9124 6.9083 6.912 6.9204 6.9298 6.9383 6.9455 6.9521 6.958 6.9629 6.9666 6.9691 6.9705 6.9707 6.9698 6.9678 6.9647 6.9604 6.9551 6.9487 6.9412 6.9329 6.9236 6.9134 6.9025 6.8908 6.8785 6.8657 6.8525 6.8389 6.8251 6.8113 6.7975 6.784 6.7708 6.758 6.7459 6.7346 6.7241 6.7146 6.7063 6.6992 6.6935 6.6892 6.6865 6.6855 6.6862 6.6888 6.6932 6.6995 6.7079 6.7183 6.7308 6.7455 6.7624 6.7816 6.8031 6.8269 6.8531 6.8814 6.9117 6.9444 6.98 7.0186 7.0601 7.1042 7.1511 7.2007 7.2534 7.3091 7.3679 7.4299 7.4953 7.5641 7.6365 7.7126 7.7924 7.8763 7.9644 8.0568 8.1539 8.256 8.3633 8.476 8.5947 8.7197 8.8515 8.9906 9.1372 9.2915 9.4538 9.6252 9.8073 10.0012 10.2058 10.4196 
4.5 6.4888 6.4777 6.3214 6.2862 6.2793 6.2793 6.2833 6.2912 6.3004 6.3083 6.3142 6.3188 6.3223 6.3245 6.325 6.324 6.3214 6.3175 6.3121 6.3054 6.2975 6.2884 6.2783 6.2672 6.2553 6.2426 6.2294 6.2156 6.2014 6.187 6.1725 6.1579 6.1435 6.1293 6.1154 6.102 6.0893 6.0772 6.0659 6.0556 6.0462 6.0379 6.0308 6.0249 6.0204 6.0173 6.0156 6.0154 6.0169 6.0201 6.0249 6.0313 6.0395 6.0494 6.0613 6.0752 6.0913 6.1096 6.1301 6.1529 6.1779 6.2054 6.2353 6.2678 6.3029 6.3407 6.3812 6.4247 6.471 6.5205 6.573 6.6288 6.688 6.7505 6.8166 6.8863 6.9596 7.0368 7.1179 7.2029 7.2921 7.3854 7.483 7.5851 7.6918 7.8033 7.9199 8.0418 8.1693 8.3031 8.4438 8.5922 8.7491 8.915 9.091 9.2783 9.478 9.69 9.9113 10.1388 
5 5.9604 5.9515 5.8123 5.771 5.752 5.7452 5.7489 5.7582 5.7676 5.7747 5.7794 5.7827 5.7846 5.7848 5.7832 5.7797 5.7747 5.7683 5.7604 5.7513 5.741 5.7296 5.7174 5.7045 5.691 5.6769 5.6623 5.6477 5.6329 5.6183 5.6038 5.5895 5.5757 5.5625 5.5503 5.5393 5.5289 5.5183 5.5073 5.4972 5.4896 5.4845 5.4809 5.4782 5.4768 5.477 5.479 5.4828 5.4885 5.4963 5.5061 5.5182 5.5325 5.5491 5.568 5.5894 5.6133 5.6398 5.6688 5.7006 5.735 5.7722 5.8121 5.855 5.9008 5.9495 6.0012 6.056 6.114 6.1751 6.2396 6.3075 6.3789 6.4539 6.5325 6.615 6.7013 6.7917 6.8861 6.9848 7.0877 7.1951 7.3069 7.4233 7.5445 7.6705 7.8016 7.938 8.0801 8.2276 8.3806 8.539 8.7033 8.8744 9.0529 9.2399 9.4363 9.6428 9.858 10.0801 
5.5 5.4539 5.4419 5.3227 5.2963 5.2893 5.2871 5.2908 5.2995 5.309 5.3162 5.3207 5.3236 5.3249 5.3243 5.3217 5.3169 5.3108 5.3042 5.297 5.2878 5.2751 5.2604 5.2459 5.2323 5.2186 5.2042 5.1893 5.1744 5.1598 5.1455 5.1315 5.118 5.1052 5.0931 5.0819 5.0718 5.0629 5.0552 5.0489 5.044 5.0407 5.0391 5.0393 5.0414 5.0453 5.0514 5.0595 5.0698 5.0823 5.0971 5.1143 5.134 5.1562 5.1809 5.2082 5.2382 5.2708 5.3063 5.3446 5.3857 5.4297 5.4766 5.5265 5.5795 5.6354 5.6945 5.7567 5.8221 5.8907 5.9626 6.0378 6.1165 6.1985 6.2842 6.3734 6.4663 6.5631 6.6637 6.7682 6.8766 6.989 7.1058 7.2274 7.3533 7.4831 7.6167 7.7548 7.8985 8.0486 8.2051 8.3679 8.537 8.7126 8.8947 9.084 9.2815 9.4885 9.7057 9.9313 10.1634 
6 5.0058 4.9953 4.8976 4.8828 4.8836 4.8878 4.8974 4.9091 4.9174 4.9218 4.9248 4.9271 4.9277 4.9259 4.922 4.9165 4.9095 4.901 4.8911 4.8801 4.8681 4.8554 4.842 4.8282 4.8142 4.8001 4.7861 4.7722 4.7588 4.7458 4.7336 4.7222 4.7118 4.7025 4.6944 4.6877 4.6824 4.6788 4.6768 4.6766 4.6783 4.682 4.6877 4.6956 4.7056 4.718 4.7326 4.7497 4.7691 4.7911 4.8156 4.8427 4.8723 4.9046 4.9396 4.9773 5.0178 5.0611 5.1072 5.1561 5.208 5.2628 5.3206 5.3813 5.4451 5.512 5.582 5.6551 5.7314 5.8109 5.8937 5.9799 6.0695 6.1626 6.2591 6.3588 6.4617 6.568 6.6784 6.7935 6.9131 7.0371 7.1655 7.2983 7.436 7.5786 7.7264 7.8795 8.0382 8.2029 8.3738 8.5513 8.7354 8.9265 9.1249 9.3318 9.5482 9.7747 10.0094 10.2505 
6.5 4.6024 4.5891 4.5082 4.5095 4.5234 4.5318 4.54 4.551 4.5622 4.5703 4.575 4.5772 4.5776 4.576 4.5723 4.5667 4.5595 4.551 4.5412 4.5304 4.5188 4.5065 4.4939 4.481 4.4681 4.4553 4.4428 4.4309 4.4196 4.409 4.3995 4.3911 4.3839 4.3781 4.3738 4.3711 4.3701 4.3709 4.3736 4.3784 4.3852 4.3942 4.4054 4.4188 4.4346 4.4528 4.4734 4.4965 4.522 4.5502 4.5809 4.6142 4.6502 4.6888 4.7302 4.7742 4.8211 4.8707 4.9232 4.9785 5.0367 5.0978 5.1619 5.229 5.2992 5.3724 5.4487 5.5281 5.6106 5.6959 5.784 5.8752 5.9698 6.0683 6.1707 6.2769 6.3866 6.5 6.6175 6.7391 6.8651 6.9954 7.1304 7.2702 7.4151 7.5654 7.7213 7.8829 8.0505 8.2247 8.4056 8.5934 8.7877 8.9882 9.1956 9.4124 9.6408 9.8817 10.1322 10.3887 
7 4.2502 4.2375 4.1735 4.1838 4.2029 4.2146 4.2256 4.2391 4.252 4.2613 4.2668 4.2698 4.2707 4.2695 4.2661 4.261 4.2542 4.2462 4.237 4.227 4.2163 4.2052 4.1939 4.1826 4.1714 4.1606 4.1503 4.1408 4.1321 4.1245 4.1181 4.113 4.1093 4.1072 4.1068 4.1081 4.1113 4.1165 4.1237 4.1331 4.1446 4.1584 4.1745 4.1929 4.2138 4.237 4.2628 4.291 4.3218 4.3552 4.3911 4.4297 4.471 4.5149 4.5616 4.611 4.6632 4.7182 4.776 4.8367 4.9003 4.9666 5.0358 5.1077 5.1823 5.2596 5.34 5.424 5.5115 5.6024 5.6965 5.7939 5.8948 5.9992 6.1072 6.2189 6.3345 6.4539 6.5774 6.7051 6.8371 6.9736 7.1149 7.2611 7.4124 7.5692 7.7314 7.8994 8.0737 8.2553 8.4451 8.6431 8.8492 9.0631 9.2856 9.5186 9.7638 10.0215 10.2884 10.561 
7.5 3.9474 3.9352 3.885 3.9015 3.9233 3.9368 3.9497 3.9649 3.9789 3.989 3.9953 3.9991 4.0007 4.0001 3.9975 3.993 3.9871 3.98 3.972 3.9632 3.9539 3.9443 3.9347 3.9253 3.9162 3.9077 3.8999 3.893 3.8872 3.8826 3.8793 3.8775 3.8772 3.8787 3.882 3.8871 3.8943 3.9034 3.9147 3.9282 3.9439 3.9619 3.9823 4.0051 4.0303 4.0579 4.0881 4.1208 4.156 4.1939 4.2343 4.2774 4.3232 4.3717 4.423 4.4769 4.5334 4.5924 4.654 4.7183 4.7854 4.8555 4.9289 5.0055 5.0851 5.1677 5.2534 5.3422 5.4343 5.5297 5.6284 5.7306 5.8364 5.9457 6.0588 6.1756 6.2964 6.4214 6.5506 6.6842 6.8221 6.9643 7.1112 7.2627 7.4193 7.5812 7.7491 7.9235 8.1049 8.2935 8.4898 8.6936 8.9051 9.1242 9.3526 9.5925 9.8464 10.1142 10.3922 10.6761 
8 3.6817 3.6699 3.6318 3.6534 3.6771 3.6918 3.7064 3.7231 3.738 3.7488 3.7558 3.7604 3.7628 3.763 3.7613 3.7578 3.753 3.7471 3.7404 3.7331 3.7254 3.7176 3.71 3.7026 3.6958 3.6896 3.6844 3.6801 3.6771 3.6753 3.6751 3.6764 3.6794 3.6841 3.6908 3.6994 3.7101 3.7228 3.7377 3.7548 3.7742 3.7959 3.82 3.8465 3.8755 3.907 3.941 3.9776 4.0165 4.0579 4.1019 4.1487 4.1982 4.25 4.304 4.3607 4.4205 4.4833 4.5491 4.6176 4.6889 4.7631 4.8403 4.9205 5.0037 5.0899 5.1793 5.2719 5.3677 5.4669 5.5694 5.6755 5.7852 5.8985 6.0155 6.1363 6.261 6.3895 6.522 6.6589 6.8004 6.9471 7.099 7.2563 7.4192 7.5881 7.7632 7.9452 8.1344 8.3314 8.5367 8.7502 8.9717 9.2013 9.4411 9.6941 9.9635 10.2486 10.5448 10.8466 
8.5 3.4412 3.4286 3.4009 3.4299 3.4586 3.4756 3.4909 3.5083 3.524 3.5356 3.5435 3.5488 3.5521 3.5532 3.5525 3.5501 3.5466 3.5421 3.5368 3.5311 3.5252 3.5193 3.5136 3.5084 3.5038 3.5001 3.4973 3.4956 3.4953 3.4964 3.499 3.5032 3.509 3.5167 3.5265 3.5382 3.552 3.5679 3.586 3.6064 3.6289 3.6537 3.6807 3.7102 3.7422 3.7767 3.8136 3.8531 3.895 3.9395 3.9865 4.0362 4.0884 4.1433 4.2009 4.2611 4.324 4.3897 4.4582 4.5294 4.6035 4.6805 4.7603 4.8432 4.9291 5.0181 5.11 5.2051 5.3034 5.4051 5.5102 5.6186 5.7305 5.846 5.9654 6.0888 6.2164 6.3482 6.4843 6.625 6.7704 6.9208 7.0763 7.2372 7.4037 7.5762 7.7549 7.9406 8.1341 8.3362 8.5477 8.7689 8.9999 9.2414 9.4956 9.7654 10.053 10.3569 10.6715 10.9912 
9 3.2281 3.217 3.1997 3.2321 3.2617 3.281 3.2997 3.3192 3.3357 3.3474 3.3554 3.3611 3.3653 3.3676 3.3681 3.367 3.3647 3.3616 3.3579 3.3538 3.3496 3.3456 3.3419 3.3388 3.3364 3.3349 3.3344 3.3352 3.3373 3.3408 3.3459 3.3527 3.3613 3.3717 3.3841 3.3984 3.4148 3.4333 3.454 3.4769 3.502 3.5295 3.5593 3.5914 3.626 3.6629 3.7023 3.7442 3.7885 3.8354 3.8848 3.9368 3.9914 4.0485 4.1083 4.1708 4.236 4.3039 4.3746 4.4481 4.5243 4.6031 4.6847 4.7693 4.8569 4.9477 5.0417 5.139 5.2396 5.3435 5.4509 5.5619 5.6766 5.7951 5.9177 6.0445 6.1754 6.3106 6.4503 6.5947 6.744 6.8986 7.0587 7.2249 7.3973 7.5765 7.7627 7.9564 8.1579 8.3678 8.5864 8.8143 9.0518 9.3002 9.5621 9.8406 10.1383 10.4531 10.7796 11.1117 
9.5 3.0427 3.0315 3.0222 3.0587 3.0903 3.11 3.1286 3.1485 3.1657 3.1786 3.1881 3.1952 3.2003 3.2034 3.2048 3.2049 3.2039 3.2022 3.1999 3.1974 3.1949 3.1927 3.1909 3.1896 3.1892 3.1897 3.1914 3.1942 3.1985 3.2042 3.2115 3.2205 3.2313 3.244 3.2585 3.2751 3.2937 3.3143 3.3372 3.3622 3.3894 3.419 3.4508 3.485 3.5215 3.5604 3.6018 3.6455 3.6918 3.7406 3.792 3.8459 3.9022 3.9609 4.0223 4.0865 4.1535 4.2231 4.2952 4.3702 4.4481 4.5289 4.6128 4.6996 4.7894 4.8824 4.9786 5.0781 5.181 5.2874 5.3973 5.5108 5.628 5.7492 5.8744 6.0039 6.1379 6.2766 6.4201 6.5689 6.723 6.8829 7.0488 7.2211 7.4001 7.5861 7.7795 7.9813 8.1923 8.4133 8.6446 8.8862 9.1382 9.4021 9.6817 9.9812 10.3042 10.6471 11.0028 11.3636 
10 2.8733 2.8647 2.8659 2.9022 2.9313 2.9514 2.9719 2.993 3.0108 3.0242 3.0345 3.0426 3.0487 3.0528 3.0552 3.0564 3.0566 3.0561 3.0552 3.0541 3.0531 3.0524 3.0522 3.0526 3.0538 3.0561 3.0594 3.0641 3.0701 3.0776 3.0867 3.0975 3.1101 3.1246 3.1409 3.1592 3.1796 3.2021 3.2267 3.2535 3.2825 3.3139 3.3477 3.3839 3.4222 3.4625 3.5052 3.5506 3.5988 3.6494 3.7024 3.7579 3.816 3.8767 3.9401 4.0061 4.0748 4.1463 4.2205 4.2976 4.3775 4.4604 4.5462 4.6351 4.7273 4.8227 4.9214 5.0231 5.1277 5.2357 5.3476 5.4637 5.5839 5.7082 5.8366 5.9695 6.1073 6.2501 6.398 6.5509 6.7093 6.8737 7.0448 7.2231 7.4089 7.6028 7.8053 8.0171 8.239 8.4716 8.7154 8.9708 9.2383 9.5209 9.8237 10.1521 10.5097 10.8906 11.2857 11.6853 
10.5 2.7283 2.7184 2.7236 2.7588 2.7861 2.8054 2.8262 2.8479 2.8663 2.8803 2.8914 2.9003 2.9073 2.9123 2.9158 2.9181 2.9195 2.9203 2.9208 2.9211 2.9216 2.9224 2.9237 2.9257 2.9285 2.9324 2.9375 2.9438 2.9515 2.9608 2.9717 2.9843 2.9987 3.015 3.0333 3.0535 3.0758 3.1003 3.1269 3.1555 3.186 3.2188 3.254 3.2917 3.3318 3.3742 3.4191 3.4664 3.5161 3.5684 3.6232 3.6805 3.7404 3.8028 3.868 3.9358 4.0063 4.0795 4.1556 4.2346 4.3166 4.4013 4.4888 4.5793 4.6729 4.7698 4.87 4.9737 5.0809 5.1917 5.3064 5.4249 5.5477 5.6748 5.8063 5.9424 6.083 6.2286 6.3795 6.5363 6.6994 6.8693 7.0465 7.2313 7.4239 7.6246 7.8343 8.0547 8.2871 8.5323 8.7899 9.0593 9.3407 9.6396 9.964 10.3226 10.72 11.147 11.5909 12.0383 
11 2.5739 2.5639 2.5764 2.619 2.6519 2.673 2.6936 2.7152 2.734 2.7486 2.7604 2.7701 2.7779 2.7839 2.7884 2.7919 2.7945 2.7966 2.7983 2.8001 2.8019 2.8042 2.807 2.8106 2.8151 2.8206 2.8273 2.8354 2.845 2.8562 2.8689 2.8831 2.8992 2.9171 2.9369 2.9587 2.9825 3.0085 3.0366 3.0669 3.0994 3.1341 3.1711 3.2105 3.2522 3.2962 3.3427 3.3915 3.4428 3.4966 3.5529 3.6117 3.6731 3.737 3.8036 3.8729 3.9449 4.0197 4.0971 4.1772 4.2601 4.346 4.435 4.5272 4.6226 4.7212 4.8232 4.9286 5.0377 5.1506 5.2674 5.3883 5.5132 5.6423 5.7759 5.9143 6.058 6.207 6.3618 6.5227 6.6899 6.8639 7.0452 7.2344 7.4322 7.6395 7.8576 8.0883 8.3331 8.592 8.8643 9.1489 9.4471 9.7684 10.1247 10.5284 10.9841 11.4776 11.9913 12.5066 
11.5 2.4428 2.4333 2.451 2.4958 2.5296 2.5514 2.5728 2.5949 2.6141 2.6293 2.6418 2.6522 2.6609 2.6678 2.6733 2.6778 2.6816 2.6848 2.688 2.6912 2.6945 2.698 2.7022 2.7072 2.7133 2.7204 2.7286 2.7382 2.7492 2.7617 2.7759 2.7917 2.8094 2.8289 2.8503 2.8737 2.8991 2.9266 2.9561 2.9879 3.0218 3.058 3.0964 3.1371 3.1801 3.2255 3.2732 3.3233 3.3758 3.4308 3.4883 3.5483 3.6109 3.6761 3.7438 3.8142 3.8873 3.9631 4.0417 4.1232 4.2078 4.2954 4.3861 4.4801 4.5773 4.678 4.7823 4.8903 5.002 5.1177 5.2374 5.3614 5.4901 5.6236 5.7622 5.9061 6.0556 6.2109 6.3723 6.5403 6.7154 6.8982 7.089 7.2882 7.4961 7.7137 7.9431 8.1867 8.4463 8.7212 9.01 9.3115 9.6315 9.9863 10.3937 10.8717 11.4217 12.0217 12.6466 13.2702 
12 2.321 2.3118 2.3357 2.3858 2.4223 2.4441 2.4647 2.4867 2.5063 2.5221 2.5355 2.5473 2.5573 2.565 2.5702 2.5746 2.5792 2.584 2.5884 2.5927 2.5972 2.6022 2.6078 2.6142 2.6215 2.6299 2.6395 2.6504 2.6628 2.6767 2.6922 2.7094 2.7284 2.7492 2.7719 2.7965 2.8232 2.8518 2.8826 2.9155 2.9506 2.9879 3.0275 3.0693 3.1135 3.16 3.2089 3.2603 3.3142 3.3707 3.4293 3.4901 3.5534 3.6197 3.6889 3.7609 3.8356 3.9132 3.9938 4.0775 4.1643 4.2543 4.3477 4.4447 4.5452 4.6492 4.7564 4.8673 4.9823 5.1019 5.2263 5.3554 5.4896 5.6288 5.7733 5.9232 6.0791 6.2414 6.4106 6.5875 6.7726 6.9665 7.1695 7.3813 7.6024 7.8345 8.0805 8.3432 8.6237 8.9199 9.2289 9.5487 9.8892 10.2719 10.7192 11.2536 11.8719 12.5469 13.2491 13.9476 
12.5 2.2199 2.2109 2.2373 2.2861 2.3211 2.344 2.3665 2.3895 2.4097 2.4263 2.4402 2.4516 2.4607 2.4685 2.4757 2.4822 2.488 2.4933 2.4984 2.5037 2.5093 2.5154 2.5221 2.5297 2.5382 2.5477 2.5585 2.5706 2.5841 2.5991 2.6158 2.6341 2.6542 2.6761 2.6998 2.7255 2.7532 2.783 2.8148 2.8487 2.8848 2.9232 2.9638 3.0067 3.0519 3.0995 3.1496 3.2022 3.2574 3.3149 3.3748 3.4371 3.5022 3.5704 3.6415 3.7154 3.7922 3.8721 3.955 4.0412 4.1308 4.2237 4.32 4.4197 4.523 4.6303 4.7416 4.8572 4.9772 5.1016 5.2309 5.3654 5.5052 5.6505 5.8014 5.9582 6.1218 6.2927 6.4714 6.6586 6.8545 7.0597 7.2746 7.4997 7.7361 7.9869 8.2551 8.5438 8.8512 9.1733 9.5058 9.8485 10.2228 10.6574 11.1826 11.825 12.5707 13.3843 14.2287 15.0646 
13 2.1259 2.1172 2.1459 2.1948 2.2297 2.2529 2.2759 2.2994 2.3196 2.3361 2.3501 2.3623 2.3727 2.3818 2.3898 2.3969 2.4031 2.409 2.4151 2.4214 2.4281 2.4352 2.4429 2.4514 2.4609 2.4715 2.4832 2.4963 2.5109 2.5269 2.5445 2.5638 2.5848 2.6077 2.6324 2.6591 2.6877 2.7184 2.7512 2.7862 2.8234 2.8628 2.9045 2.9487 2.9952 3.0441 3.0956 3.1497 3.2064 3.2656 3.3273 3.3917 3.459 3.5294 3.6027 3.679 3.7584 3.8409 3.9267 4.0158 4.1083 4.2043 4.3037 4.4067 4.5133 4.624 4.7387 4.8575 4.9806 5.1081 5.2404 5.3776 5.5199 5.6672 5.8197 5.9778 6.1422 6.3133 6.4916 6.6775 6.8714 7.0736 7.2845 7.5047 7.7357 7.981 8.2441 8.5275 8.8284 9.1417 9.462 9.7918 10.1594 10.5992 11.1476 11.8334 12.6351 13.5121 14.4218 15.3193 
13.5 2.0395 2.0314 2.0613 2.1095 2.1438 2.1669 2.1899 2.2134 2.2337 2.2505 2.265 2.2778 2.289 2.2987 2.3074 2.3154 2.3228 2.3298 2.3365 2.3432 2.3505 2.3585 2.3672 2.3767 2.3872 2.3988 2.4115 2.4256 2.441 2.458 2.4766 2.4969 2.519 2.5429 2.5687 2.5964 2.6263 2.6582 2.6922 2.7285 2.767 2.8079 2.8512 2.8969 2.945 2.9956 3.0488 3.1047 3.1632 3.2242 3.2877 3.3537 3.4227 3.4946 3.5694 3.647 3.7275 3.8109 3.8973 3.9868 4.0795 4.1752 4.2741 4.376 4.4811 4.5898 4.7021 4.8181 4.9379 5.0616 5.1893 5.3211 5.4573 5.5981 5.7439 5.8948 6.0513 6.2137 6.3825 6.5579 6.7405 6.9306 7.1287 7.3354 7.5519 7.7813 8.0268 8.2915 8.5729 8.8661 9.1655 9.471 9.8086 10.2134 10.7222 11.3667 12.1294 12.9691 13.8426 14.7046 
14 1.958 1.9502 1.981 2.0286 2.0624 2.0855 2.1087 2.1321 2.1526 2.1697 2.1846 2.1979 2.2096 2.2199 2.2292 2.2378 2.2459 2.2538 2.2617 2.2696 2.2776 2.2861 2.2954 2.3058 2.3172 2.3298 2.3436 2.3587 2.3752 2.3933 2.413 2.4344 2.4577 2.4828 2.5098 2.5389 2.5701 2.6034 2.6388 2.6765 2.7165 2.7588 2.8034 2.8504 2.8999 2.9517 3.006 3.0629 3.1223 3.184 3.2479 3.3143 3.3833 3.4551 3.5296 3.6066 3.6862 3.7685 3.8536 3.9414 4.0321 4.1257 4.222 4.3211 4.4231 4.5284 4.6371 4.7493 4.865 4.9844 5.1075 5.2344 5.3654 5.5009 5.641 5.7862 5.9367 6.0928 6.2551 6.4239 6.5996 6.7827 6.9734 7.1721 7.3799 7.6 7.8359 8.0909 8.3632 8.6475 8.9382 9.2336 9.5576 9.9444 10.4296 11.0453 11.7768 12.5841 13.4249 14.255 
14.5 1.8812 1.8738 1.9053 1.9522 1.9854 2.0085 2.0318 2.0552 2.0758 2.0931 2.1083 2.122 2.1342 2.145 2.155 2.1642 2.173 2.1816 2.1902 2.199 2.2083 2.2181 2.2282 2.2391 2.2513 2.2648 2.2798 2.296 2.3137 2.3329 2.3539 2.3765 2.401 2.4274 2.4557 2.4861 2.5185 2.553 2.5896 2.6284 2.6694 2.7127 2.7582 2.806 2.856 2.9083 2.963 3.02 3.0794 3.1409 3.2045 3.2704 3.3387 3.4096 3.483 3.5588 3.637 3.7177 3.8009 3.8868 3.9755 4.0668 4.1607 4.2572 4.3564 4.4588 4.5645 4.6736 4.7861 4.9021 5.0217 5.1449 5.2721 5.4036 5.5397 5.6807 5.8267 5.9781 6.1352 6.2987 6.4692 6.6472 6.8327 7.0259 7.2276 7.441 7.6696 7.9167 8.181 8.4572 8.7399 9.0268 9.3403 9.7135 10.1812 10.775 11.4819 12.2627 13.0763 13.8795 
15 1.8088 1.8018 1.8338 1.8798 1.9125 1.9356 1.9589 1.9823 2.0029 2.0203 2.0358 2.0499 2.0625 2.0739 2.0844 2.0943 2.1038 2.1132 2.1226 2.1322 2.1423 2.153 2.1644 2.1766 2.1898 2.2042 2.22 2.2374 2.2562 2.2767 2.2988 2.3227 2.3483 2.3758 2.4052 2.4366 2.47 2.5054 2.5429 2.5825 2.6241 2.6679 2.7138 2.7618 2.812 2.8645 2.919 2.9756 3.0342 3.0949 3.158 3.2234 3.291 3.3608 3.4328 3.5072 3.5839 3.663 3.7446 3.8285 3.9148 4.0036 4.0951 4.1893 4.2864 4.3863 4.4893 4.5953 4.7048 4.8176 4.9339 5.0537 5.1772 5.3048 5.437 5.5739 5.7157 5.8626 6.015 6.1736 6.339 6.5116 6.6917 6.8791 7.0748 7.2816 7.5029 7.7422 7.9984 8.2663 8.5406 8.8188 9.1216 9.4815 9.9324 10.5055 11.1893 11.9458 12.7348 13.5141 
15.5 1.7413 1.735 1.7674 1.8118 1.8432 1.8661 1.8896 1.913 1.9336 1.9511 1.9669 1.9813 1.9944 2.0063 2.0174 2.0279 2.0382 2.0483 2.0585 2.069 2.08 2.0917 2.1043 2.1178 2.1321 2.1474 2.1641 2.1825 2.2025 2.2241 2.2472 2.2721 2.2987 2.3272 2.3575 2.3897 2.4238 2.4598 2.4978 2.5378 2.5797 2.6237 2.6697 2.7177 2.7678 2.8199 2.8741 2.9302 2.9881 3.0481 3.1103 3.1747 3.2412 3.3097 3.3804 3.4533 3.5284 3.6059 3.6857 3.7677 3.852 3.9386 4.0278 4.1196 4.2142 4.3116 4.4119 4.5151 4.6217 4.7315 4.8447 4.9611 5.0812 5.2052 5.3336 5.4667 5.6046 5.7473 5.8954 6.0493 6.2099 6.3777 6.5526 6.7348 6.9249 7.1257 7.3405 7.5726 7.8214 8.0818 8.3486 8.6188 8.9119 9.2593 9.6939 10.2466 10.9076 11.6398 12.404 13.1592 
16 1.6789 1.6728 1.7046 1.7473 1.7776 1.8002 1.8237 1.8471 1.8676 1.8853 1.9014 1.9161 1.9296 1.9421 1.9538 1.965 1.976 1.9869 1.998 2.0094 2.0214 2.0341 2.0477 2.0622 2.0775 2.0939 2.1116 2.131 2.152 2.1745 2.1986 2.2243 2.2517 2.2808 2.3118 2.3445 2.3791 2.4155 2.4538 2.494 2.5361 2.5801 2.6259 2.6737 2.7234 2.7752 2.8288 2.8842 2.9413 3.0004 3.0617 3.125 3.1903 3.2576 3.3269 3.3982 3.4718 3.5476 3.6256 3.7057 3.788 3.8726 3.9595 4.0492 4.1414 4.2364 4.3341 4.4348 4.5386 4.6457 4.756 4.8695 4.9864 5.1072 5.2323 5.3621 5.4965 5.6356 5.7798 5.9298 6.0864 6.2499 6.4206 6.5983 6.7836 6.9793 7.1886 7.4149 7.6576 7.9118 8.1721 8.4354 8.7202 9.0573 9.4791 10.016 10.6594 11.373 12.1181 12.8545 
16.5 1.6188 1.6133 1.645 1.686 1.7151 1.7376 1.7611 1.7844 1.8049 1.8227 1.839 1.8542 1.8681 1.8811 1.8934 1.9054 1.9171 1.9288 1.9407 1.9531 1.966 1.9796 1.994 2.0094 2.026 2.0438 2.0627 2.0826 2.1041 2.1273 2.1522 2.1786 2.2067 2.2364 2.2678 2.3009 2.3358 2.3725 2.4109 2.4511 2.4931 2.5369 2.5825 2.6299 2.6792 2.7304 2.7834 2.838 2.8943 2.9525 3.0127 3.0749 3.139 3.205 3.273 3.3429 3.4149 3.4891 3.5655 3.6439 3.7243 3.8069 3.8919 3.9794 4.0696 4.1624 4.2579 4.3562 4.4575 4.5618 4.6693 4.7801 4.8944 5.0126 5.1349 5.2616 5.3927 5.5284 5.6692 5.8155 5.9683 6.128 6.2945 6.468 6.6489 6.8398 7.0438 7.2641 7.5003 7.7477 8.0014 8.258 8.5352 8.8629 9.2728 9.795 10.4217 11.1173 11.8441 12.5625 
17 1.5606 1.5552 1.5868 1.6273 1.6561 1.6783 1.7016 1.7248 1.7453 1.7633 1.7799 1.7954 1.8098 1.8233 1.8363 1.8489 1.8614 1.8739 1.8867 1.8999 1.9137 1.9282 1.9436 1.9599 1.9774 1.996 2.0157 2.0365 2.0586 2.0825 2.108 2.135 2.1635 2.1936 2.2253 2.2587 2.2937 2.3304 2.3689 2.409 2.4508 2.4943 2.5396 2.5866 2.6353 2.6859 2.7382 2.7921 2.8475 2.9048 2.9639 3.0251 3.088 3.1528 3.2194 3.288 3.3586 3.4312 3.506 3.5828 3.6615 3.7423 3.8253 3.9109 3.9991 4.0898 4.1832 4.2793 4.3782 4.48 4.585 4.6933 4.8051 4.9207 5.0404 5.1642 5.2923 5.4249 5.5623 5.7053 5.8545 6.0105 6.1733 6.3428 6.5196 6.7059 6.905 7.12 7.3505 7.592 7.8397 8.0904 8.3607 8.6801 9.0795 9.5884 10.1996 10.8786 11.5882 12.2898 
17.5 1.5053 1.5001 1.5316 1.5715 1.5999 1.622 1.6452 1.6682 1.6887 1.7069 1.7238 1.7396 1.7545 1.7686 1.7822 1.7955 1.8087 1.822 1.8356 1.8496 1.8643 1.8796 1.8958 1.913 1.9313 1.9506 1.971 1.9925 2.0153 2.0397 2.0656 2.093 2.1219 2.1523 2.1842 2.2177 2.2528 2.2895 2.3278 2.3677 2.4093 2.4525 2.4974 2.5439 2.5921 2.642 2.6936 2.7467 2.8013 2.8576 2.9157 2.9758 3.0376 3.1012 3.1666 3.2338 3.303 3.3742 3.4474 3.5226 3.5997 3.6787 3.76 3.8437 3.9299 4.0187 4.11 4.204 4.3007 4.4002 4.5027 4.6086 4.7179 4.8309 4.9478 5.0687 5.1939 5.3234 5.4576 5.5972 5.7429 5.8953 6.0542 6.2197 6.3922 6.574 6.7682 6.9779 7.203 7.4388 7.6807 7.9252 8.1884 8.4993 8.888 9.3839 9.9805 10.6437 11.3373 12.0232 
18 1.453 1.4482 1.4793 1.5185 1.5467 1.5686 1.5916 1.6145 1.6351 1.6534 1.6706 1.6868 1.7022 1.7168 1.731 1.745 1.7589 1.7729 1.7873 1.8021 1.8175 1.8336 1.8506 1.8684 1.8874 1.9074 1.9284 1.9504 1.9737 1.9986 2.025 2.0527 2.0818 2.1123 2.1444 2.178 2.213 2.2496 2.2878 2.3275 2.3687 2.4116 2.456 2.5019 2.5495 2.5988 2.6497 2.702 2.7557 2.811 2.8682 2.9272 2.9879 3.0502 3.1144 3.1803 3.2481 3.3178 3.3895 3.4631 3.5385 3.6158 3.6952 3.7771 3.8614 3.9482 4.0374 4.1293 4.2237 4.3209 4.421 4.5243 4.6311 4.7414 4.8555 4.9737 5.0959 5.2223 5.3533 5.4896 5.6318 5.7805 5.9356 6.0972 6.2656 6.4429 6.6324 6.837 7.0566 7.2868 7.523 7.7615 8.0178 8.3203 8.6986 9.1817 9.7639 10.4116 11.0893 11.7595 
18.5 1.4036 1.399 1.4298 1.4684 1.4963 1.518 1.5408 1.5637 1.5843 1.6029 1.6203 1.6369 1.6527 1.6679 1.6826 1.6972 1.7118 1.7265 1.7416 1.7571 1.7732 1.79 1.8076 1.8261 1.8457 1.8663 1.8878 1.9102 1.934 1.9592 1.9859 2.0138 2.0431 2.0738 2.1059 2.1394 2.1744 2.2108 2.2488 2.2882 2.3291 2.3715 2.4154 2.4608 2.5079 2.5564 2.6065 2.6579 2.7108 2.7652 2.8214 2.8792 2.9387 2.9999 3.0628 3.1274 3.1938 3.262 3.3318 3.4036 3.4773 3.5531 3.631 3.7111 3.7934 3.878 3.9652 4.0548 4.147 4.2418 4.3394 4.4402 4.5442 4.6518 4.7631 4.8783 4.9974 5.1206 5.2482 5.381 5.5195 5.6644 5.8157 5.9732 6.1373 6.3101 6.4947 6.694 6.9083 7.1331 7.3639 7.5971 7.8472 8.1419 8.5103 8.9809 9.5487 10.1811 10.843 11.4978 
19 1.3573 1.3529 1.3835 1.4213 1.4486 1.4702 1.493 1.5157 1.5364 1.5551 1.5728 1.5898 1.606 1.6217 1.637 1.6521 1.6673 1.6827 1.6984 1.7145 1.7312 1.7487 1.7668 1.7859 1.806 1.8271 1.849 1.8719 1.8959 1.9214 1.9483 1.9764 2.0058 2.0366 2.0686 2.1021 2.1369 2.1732 2.2108 2.2499 2.2904 2.3324 2.3758 2.4207 2.467 2.5146 2.5636 2.6141 2.6662 2.7199 2.7751 2.8319 2.8902 2.9501 3.0116 3.0749 3.1399 3.2065 3.2748 3.3449 3.4169 3.4909 3.567 3.6452 3.7255 3.8082 3.8933 3.9808 4.0707 4.1632 4.2584 4.3567 4.4582 4.5631 4.6717 4.7841 4.9004 5.0206 5.145 5.2744 5.4094 5.5508 5.6983 5.8519 6.0118 6.1802 6.3599 6.5541 6.7629 6.9822 7.2073 7.4347 7.6784 7.9653 8.3241 8.7827 9.3368 9.9545 10.6012 11.241 
19.5 1.3137 1.3096 1.3398 1.3769 1.4038 1.4253 1.4479 1.4706 1.4913 1.5102 1.5282 1.5455 1.5621 1.5782 1.5939 1.6096 1.6254 1.6413 1.6576 1.6743 1.6916 1.7095 1.7282 1.7477 1.7682 1.7897 1.812 1.8352 1.8595 1.8852 1.9123 1.9405 1.9699 2.0006 2.0326 2.066 2.1006 2.1366 2.1739 2.2126 2.2526 2.2941 2.3369 2.3812 2.4268 2.4736 2.5218 2.5714 2.6225 2.6752 2.7294 2.785 2.8421 2.9007 2.961 3.0229 3.0864 3.1515 3.2182 3.2866 3.3569 3.4292 3.5034 3.5796 3.658 3.7386 3.8215 3.9068 3.9944 4.0844 4.177 4.2726 4.3714 4.4735 4.5789 4.6879 4.8005 4.9172 5.0382 5.1641 5.2955 5.4328 5.576 5.725 5.88 6.0431 6.2171 6.4051 6.6075 6.8202 7.0389 7.2598 7.4958 7.7732 8.12 8.5637 9.1009 9.7003 10.3284 10.95 
20 1.273 1.269 1.2988 1.3353 1.3619 1.3832 1.4057 1.4283 1.4491 1.4681 1.4863 1.5039 1.5209 1.5374 1.5536 1.5697 1.586 1.6024 1.6191 1.6363 1.6541 1.6725 1.6916 1.7115 1.7324 1.7542 1.7768 1.8002 1.8247 1.8505 1.8776 1.9059 1.9353 1.9659 1.9977 2.0308 2.0652 2.1009 2.1378 2.1761 2.2156 2.2565 2.2987 2.3423 2.3872 2.4332 2.4804 2.5291 2.5793 2.6309 2.6839 2.7384 2.7942 2.8516 2.9105 2.971 3.0331 3.0966 3.1616 3.2283 3.2968 3.3672 3.4395 3.5138 3.5901 3.6686 3.7493 3.8323 3.9176 4.0051 4.0952 4.1883 4.2845 4.3839 4.4865 4.5926 4.7023 4.8161 4.9341 5.0569 5.185 5.3187 5.4581 5.6034 5.755 5.9146 6.085 6.269 6.467 6.6753 6.8893 7.1057 7.3365 7.6076 7.9462 8.3793 8.904 9.4898 10.1039 10.7118 
20.5 1.2361 1.2319 1.2616 1.2978 1.3242 1.3455 1.3679 1.3905 1.4113 1.4304 1.4487 1.4665 1.4837 1.5005 1.5171 1.5335 1.5501 1.5669 1.5839 1.6014 1.6195 1.6382 1.6576 1.6777 1.6988 1.7208 1.7435 1.7669 1.7914 1.8172 1.8443 1.8724 1.9016 1.932 1.9636 1.9963 2.0303 2.0655 2.102 2.1397 2.1786 2.2188 2.2603 2.3032 2.3472 2.3923 2.4386 2.4862 2.5354 2.5859 2.6378 2.6911 2.7457 2.8018 2.8593 2.9185 2.9791 3.0412 3.1046 3.1696 3.2365 3.3052 3.3759 3.4485 3.523 3.5995 3.6781 3.7589 3.8421 3.9277 4.0161 4.1072 4.2013 4.2984 4.3988 4.5025 4.6098 4.7211 4.8366 4.9568 5.0822 5.2131 5.3496 5.492 5.6404 5.7968 5.9637 6.1439 6.3379 6.5418 6.7514 6.9632 7.1891 7.4542 7.7855 8.2093 8.723 9.2968 9.8983 10.4936 
21 1.2037 1.1992 1.2289 1.265 1.2913 1.3126 1.3349 1.3574 1.3781 1.3972 1.4157 1.4336 1.4509 1.4679 1.4846 1.5013 1.5181 1.5351 1.5524 1.5701 1.5883 1.6071 1.6266 1.6469 1.6679 1.6897 1.7122 1.7358 1.7603 1.786 1.8127 1.8405 1.8694 1.8994 1.9306 1.9629 1.9963 2.031 2.0668 2.1038 2.1421 2.1816 2.2223 2.264 2.307 2.3512 2.3967 2.4434 2.4915 2.5409 2.5916 2.6437 2.6972 2.752 2.8083 2.8661 2.9253 2.9859 3.048 3.1117 3.1771 3.2443 3.3134 3.3844 3.4573 3.5322 3.6091 3.6881 3.7695 3.8533 3.9398 4.0291 4.1212 4.2164 4.3147 4.4164 4.5216 4.6306 4.7439 4.8618 4.9848 5.1132 5.2471 5.3868 5.5324 5.6858 5.8496 6.0264 6.2166 6.4166 6.6222 6.8299 7.0513 7.3112 7.636 8.0518 8.5559 9.119 9.7093 10.2935 
21.5 1.1756 1.171 1.2006 1.2364 1.2626 1.2839 1.3061 1.3285 1.3491 1.3683 1.3867 1.4046 1.422 1.439 1.4559 1.4727 1.4896 1.5066 1.524 1.5418 1.5601 1.579 1.5985 1.6187 1.6395 1.6609 1.6833 1.7068 1.7313 1.7567 1.7831 1.8105 1.8389 1.8685 1.8991 1.9308 1.9636 1.9976 2.0327 2.069 2.1064 2.1451 2.1848 2.2256 2.2675 2.3108 2.3553 2.4011 2.4482 2.4965 2.5461 2.597 2.6494 2.7031 2.7581 2.8145 2.8723 2.9315 2.9924 3.0549 3.1191 3.1849 3.2526 3.3221 3.3936 3.467 3.5423 3.6198 3.6995 3.7818 3.8666 3.9541 4.0446 4.1379 4.2344 4.3341 4.4373 4.5444 4.6556 4.7714 4.8921 5.0182 5.1497 5.2868 5.4298 5.5805 5.7413 5.9149 6.1016 6.2979 6.4997 6.7036 6.9209 7.1761 7.495 7.903 8.3974 8.9495 9.5282 10.1009 
22 1.1512 1.1463 1.1757 1.2113 1.2374 1.2586 1.2808 1.303 1.3236 1.3427 1.3611 1.379 1.3964 1.4135 1.4303 1.4471 1.464 1.4811 1.4985 1.5163 1.5345 1.5533 1.5728 1.5929 1.6135 1.6347 1.6568 1.68 1.7041 1.7292 1.7551 1.7821 1.81 1.839 1.869 1.9001 1.9322 1.9655 1.9998 2.0353 2.0719 2.1097 2.1485 2.1883 2.2292 2.2715 2.315 2.3598 2.4058 2.453 2.5015 2.5514 2.6026 2.6551 2.709 2.7642 2.8208 2.8788 2.9385 2.9998 3.0627 3.1272 3.1936 3.2618 3.332 3.404 3.4779 3.5539 3.6322 3.7129 3.7962 3.8823 3.9711 4.0628 4.1576 4.2556 4.357 4.4623 4.5717 4.6857 4.8045 4.9285 5.0579 5.1928 5.3335 5.4819 5.6402 5.8111 5.9949 6.1881 6.3867 6.5873 6.8014 7.0528 7.3669 7.7687 8.2554 8.7987 9.3681 9.9316 
22.5 1.13 1.1249 1.1539 1.1893 1.2152 1.2364 1.2584 1.2805 1.301 1.3201 1.3384 1.3563 1.3737 1.3907 1.4075 1.4243 1.4412 1.4582 1.4755 1.4932 1.5113 1.53 1.5493 1.5692 1.5895 1.6105 1.6323 1.6551 1.6789 1.7034 1.7289 1.7553 1.7827 1.8111 1.8405 1.8709 1.9023 1.9347 1.9683 2.0029 2.0387 2.0755 2.1134 2.1523 2.1922 2.2335 2.276 2.3197 2.3647 2.4108 2.4583 2.507 2.5571 2.6086 2.6614 2.7155 2.7709 2.8278 2.8863 2.9465 3.0082 3.0716 3.1368 3.2038 3.2728 3.3436 3.4163 3.4911 3.5682 3.6477 3.7297 3.8145 3.9021 3.9925 4.086 4.1827 4.2828 4.3868 4.4949 4.6075 4.7249 4.8476 4.9756 5.109 5.2483 5.3952 5.552 5.7212 5.9031 6.0941 6.2905 6.4889 6.7009 6.95 7.2613 7.6592 8.1403 8.6768 9.2389 9.7952 
23 1.1115 1.1062 1.1348 1.1699 1.1956 1.2167 1.2386 1.2606 1.2809 1.2999 1.3181 1.336 1.3533 1.3703 1.3871 1.4038 1.4206 1.4375 1.4547 1.4722 1.4901 1.5086 1.5277 1.5474 1.5674 1.5881 1.6095 1.6319 1.6553 1.6794 1.7043 1.7302 1.757 1.7847 1.8134 1.8431 1.8737 1.9054 1.9381 1.9719 2.0068 2.0427 2.0797 2.1176 2.1566 2.1968 2.2383 2.2811 2.325 2.3701 2.4165 2.4642 2.5133 2.5638 2.6155 2.6685 2.7229 2.7788 2.8363 2.8954 2.9562 3.0186 3.0827 3.1488 3.2167 3.2866 3.3583 3.4321 3.5081 3.5866 3.6677 3.7515 3.838 3.9275 4.0199 4.1155 4.2146 4.3175 4.4245 4.5359 4.6522 4.7736 4.9004 5.0325 5.1705 5.316 5.4714 5.6389 5.8189 6.0078 6.2019 6.398 6.608 6.8548 7.1632 7.557 8.0325 8.5623 9.1171 9.666 
23.5 1.0951 1.0896 1.1179 1.1526 1.1782 1.1991 1.2209 1.2426 1.2628 1.2817 1.2999 1.3176 1.3349 1.3518 1.3685 1.3851 1.4018 1.4187 1.4357 1.4531 1.4708 1.489 1.5079 1.5272 1.547 1.5672 1.5883 1.6103 1.6332 1.6568 1.6812 1.7064 1.7326 1.7597 1.7877 1.8166 1.8465 1.8774 1.9093 1.9422 1.9762 2.0113 2.0473 2.0843 2.1223 2.1616 2.2022 2.2439 2.2869 2.331 2.3765 2.4232 2.4713 2.5208 2.5716 2.6237 2.6771 2.7321 2.7887 2.8469 2.9067 2.9682 3.0315 3.0967 3.1637 3.2327 3.3035 3.3764 3.4516 3.5292 3.6093 3.6921 3.7777 3.8662 3.9576 4.0522 4.1502 4.252 4.3579 4.4681 4.5832 4.7033 4.8287 4.9594 5.0959 5.2398 5.3935 5.5592 5.737 5.9235 6.1151 6.3088 6.5164 6.7607 7.0659 7.4553 7.9249 8.4477 8.995 9.5365 
24 1.0798 1.0742 1.1023 1.1367 1.1621 1.1829 1.2045 1.2261 1.2462 1.2649 1.283 1.3006 1.3178 1.3346 1.3512 1.3678 1.3843 1.401 1.418 1.4351 1.4527 1.4707 1.4892 1.5082 1.5276 1.5475 1.5682 1.5897 1.6121 1.6352 1.6591 1.6838 1.7093 1.7357 1.763 1.7913 1.8204 1.8505 1.8816 1.9137 1.9469 1.9812 2.0163 2.0524 2.0895 2.1279 2.1676 2.2084 2.2505 2.2937 2.3383 2.3841 2.4313 2.4799 2.5299 2.5811 2.6337 2.6878 2.7435 2.8009 2.8599 2.9205 2.983 3.0473 3.1135 3.1815 3.2515 3.3235 3.3977 3.4744 3.5536 3.6355 3.72 3.8075 3.8978 3.9913 4.0882 4.1888 4.2934 4.4024 4.5161 4.6348 4.7587 4.888 5.0229 5.1651 5.317 5.4808 5.6565 5.8408 6.03 6.2215 6.4268 6.6686 6.9704 7.3552 7.8187 8.3344 8.8742 9.4082 
24.5 1.0653 1.0597 1.0876 1.1218 1.147 1.1677 1.1891 1.2105 1.2304 1.249 1.267 1.2845 1.3016 1.3183 1.3348 1.3512 1.3677 1.3843 1.401 1.418 1.4355 1.4532 1.4713 1.4897 1.5088 1.5285 1.5489 1.57 1.5918 1.6144 1.6377 1.6618 1.6868 1.7125 1.7392 1.7667 1.7951 1.8245 1.8548 1.8862 1.9186 1.952 1.9863 2.0216 2.0579 2.0955 2.1343 2.1743 2.2155 2.258 2.3017 2.3467 2.3931 2.4409 2.49 2.5404 2.5922 2.6455 2.7004 2.7569 2.8151 2.8749 2.9366 3 3.0654 3.1326 3.2016 3.2728 3.3461 3.4219 3.5002 3.5811 3.6647 3.7511 3.8404 3.9329 4.0286 4.1281 4.2316 4.3394 4.4518 4.5692 4.6918 4.8195 4.953 5.0937 5.2439 5.4059 5.5796 5.7618 5.9488 6.1381 6.3414 6.5807 6.8793 7.2598 7.7176 8.2268 8.7594 9.2865 
25 1.0516 1.046 1.0738 1.1077 1.1327 1.1532 1.1744 1.1957 1.2155 1.234 1.2518 1.2692 1.2862 1.3027 1.3191 1.3355 1.3518 1.3682 1.3848 1.4016 1.4188 1.4363 1.4539 1.472 1.4907 1.5101 1.5301 1.5508 1.5721 1.5941 1.6169 1.6405 1.6648 1.6899 1.7159 1.7428 1.7705 1.7992 1.8288 1.8594 1.891 1.9237 1.9573 1.9918 2.0273 2.0641 2.1022 2.1414 2.1819 2.2235 2.2664 2.3107 2.3563 2.4033 2.4517 2.5013 2.5523 2.6048 2.659 2.7148 2.7722 2.8312 2.892 2.9547 3.0192 3.0856 3.1538 3.2241 3.2966 3.3714 3.4488 3.5288 3.6114 3.6968 3.7851 3.8765 3.9712 4.0695 4.1718 4.2784 4.3895 4.5056 4.6267 4.7531 4.885 5.0241 5.1727 5.3328 5.5045 5.6845 5.8692 6.0563 6.2574 6.4943 6.7898 7.1661 7.6185 8.1214 8.6474 9.1678 
25.5 1.0387 1.0331 1.0607 1.0943 1.1191 1.1394 1.1605 1.1816 1.2012 1.2196 1.2373 1.2546 1.2714 1.2879 1.3041 1.3203 1.3365 1.3527 1.3691 1.3857 1.4026 1.4198 1.4372 1.4549 1.4732 1.4922 1.5118 1.532 1.5529 1.5744 1.5967 1.6196 1.6434 1.6679 1.6932 1.7195 1.7466 1.7745 1.8035 1.8334 1.8643 1.8963 1.9292 1.9629 1.9977 2.0338 2.0711 2.1096 2.1494 2.1903 2.2325 2.276 2.3209 2.3672 2.4148 2.4637 2.514 2.5658 2.6192 2.6742 2.7308 2.7891 2.8491 2.911 2.9747 3.0403 3.1077 3.1771 3.2487 3.3227 3.3991 3.4781 3.5598 3.6442 3.7314 3.8217 3.9152 4.0124 4.1135 4.2187 4.3286 4.4432 4.5629 4.6877 4.818 4.9554 5.1022 5.2603 5.4298 5.6075 5.7898 5.9745 6.1732 6.4074 6.6995 7.0714 7.5183 8.0148 8.5342 9.0481 
26 1.0264 1.0209 1.0482 1.0815 1.1061 1.1262 1.1472 1.1681 1.1876 1.2058 1.2234 1.2406 1.2573 1.2736 1.2897 1.3057 1.3217 1.3377 1.3539 1.3703 1.387 1.4039 1.4209 1.4382 1.4562 1.4748 1.494 1.5137 1.5341 1.5551 1.5769 1.5993 1.6225 1.6464 1.6712 1.6968 1.7232 1.7506 1.7789 1.8081 1.8384 1.8697 1.9019 1.935 1.9691 2.0045 2.0411 2.079 2.118 2.1582 2.1997 2.2426 2.2868 2.3324 2.3793 2.4274 2.477 2.5281 2.5808 2.6351 2.6909 2.7485 2.8077 2.8688 2.9317 2.9964 3.063 3.1316 3.2023 3.2754 3.3509 3.4289 3.5096 3.593 3.6791 3.7683 3.8607 3.9567 4.0565 4.1606 4.2691 4.3824 4.5006 4.6239 4.7526 4.8885 5.0335 5.1898 5.3573 5.5328 5.713 5.8955 6.0919 6.3234 6.6122 6.9796 7.4209 7.9111 8.4238 8.931 
26.5 1.0147 1.0092 1.0363 1.0693 1.0937 1.1137 1.1344 1.1552 1.1745 1.1926 1.2101 1.2271 1.2436 1.2598 1.2758 1.2916 1.3074 1.3232 1.3392 1.3553 1.3717 1.3884 1.4051 1.4221 1.4397 1.4579 1.4766 1.4959 1.5158 1.5364 1.5576 1.5795 1.6021 1.6255 1.6497 1.6747 1.7006 1.7273 1.7551 1.7837 1.8132 1.8436 1.8751 1.9077 1.9414 1.9762 2.0122 2.0493 2.0877 2.1273 2.1681 2.2103 2.2538 2.2987 2.3449 2.3924 2.4413 2.4917 2.5436 2.5972 2.6524 2.7091 2.7676 2.828 2.8901 2.954 3.0197 3.0874 3.1573 3.2295 3.3042 3.3813 3.461 3.5434 3.6286 3.7167 3.8081 3.9031 4.0018 4.1047 4.2121 4.3242 4.4412 4.5632 4.6907 4.8252 4.9689 5.1237 5.2896 5.4633 5.6416 5.8222 6.0168 6.2462 6.5324 6.8964 7.3333 7.8186 8.3259 8.8279 
27 1.0045 1.0001 1.0253 1.0576 1.0818 1.1016 1.1222 1.1428 1.162 1.1799 1.1972 1.2141 1.2305 1.2465 1.2623 1.278 1.2936 1.3092 1.3249 1.3408 1.357 1.3733 1.3897 1.4063 1.4235 1.4413 1.4597 1.4785 1.498 1.518 1.5388 1.5602 1.5823 1.6051 1.6288 1.6532 1.6785 1.7047 1.7318 1.7599 1.7887 1.8185 1.8494 1.8814 1.9145 1.9487 1.9841 2.0206 2.0583 2.0973 2.1375 2.179 2.2219 2.2662 2.3117 2.3586 2.4068 2.4565 2.5077 2.5606 2.6151 2.6711 2.7289 2.7885 2.8499 2.913 2.978 3.0449 3.114 3.1854 3.2592 3.3354 3.4143 3.4957 3.58 3.6671 3.7575 3.8514 3.949 4.0508 4.1569 4.2678 4.3835 4.5041 4.6301 4.7631 4.9051 5.0582 5.2222 5.3939 5.57 5.7485 5.9409 6.1679 6.4511 6.8113 7.2434 7.7232 8.2248 8.7211 
27.5 1.0032 1 1.0174 1.0471 1.0705 1.0901 1.1104 1.1308 1.1499 1.1677 1.1848 1.2015 1.2178 1.2337 1.2493 1.2648 1.2802 1.2956 1.311 1.3267 1.3425 1.3586 1.3746 1.3909 1.4078 1.4252 1.4432 1.4616 1.4806 1.5002 1.5204 1.5413 1.5629 1.5853 1.6084 1.6323 1.657 1.6826 1.7092 1.7367 1.765 1.7942 1.8245 1.8559 1.8884 1.9221 1.9568 1.9928 2.0299 2.0683 2.1079 2.1488 2.1911 2.2347 2.2796 2.3258 2.3734 2.4224 2.4731 2.5253 2.579 2.6344 2.6915 2.7504 2.811 2.8734 2.9376 3.0038 3.0721 3.1426 3.2156 3.2909 3.3688 3.4494 3.5326 3.6188 3.7082 3.8009 3.8975 3.9981 4.103 4.2126 4.327 4.4463 4.5709 4.7024 4.8428 4.9942 5.1562 5.3259 5.5 5.6764 5.8666 6.0912 6.3715 6.7278 7.1552 7.6296 8.1256 8.6162 
28 1.0028 0.99998 1.0107 1.0375 1.06 1.0791 1.0992 1.1193 1.1382 1.1558 1.1728 1.1894 1.2055 1.2212 1.2366 1.2519 1.2671 1.2823 1.2975 1.3129 1.3285 1.3442 1.36 1.3759 1.3924 1.4095 1.427 1.445 1.4636 1.4827 1.5025 1.5229 1.544 1.5659 1.5885 1.6119 1.6361 1.6612 1.6872 1.7142 1.7419 1.7706 1.8003 1.8312 1.8632 1.8963 1.9304 1.9658 2.0024 2.0402 2.0792 2.1195 2.1612 2.2042 2.2485 2.2941 2.3411 2.3895 2.4395 2.491 2.5441 2.5988 2.6552 2.7134 2.7733 2.835 2.8984 2.9638 3.0313 3.101 3.1731 3.2476 3.3246 3.4042 3.4865 3.5717 3.66 3.7517 3.8472 3.9466 4.0504 4.1588 4.2718 4.3898 4.513 4.6431 4.782 4.9318 5.0921 5.2599 5.4321 5.6066 5.7949 6.0174 6.295 6.6479 7.0709 7.5403 8.0309 8.5163 
28.5 1.0025 1.0001 1.0047 1.0287 1.0501 1.0686 1.0883 1.1083 1.1269 1.1444 1.1612 1.1776 1.1936 1.2091 1.2244 1.2394 1.2544 1.2694 1.2844 1.2995 1.3148 1.3301 1.3456 1.3613 1.3774 1.3941 1.4112 1.4288 1.447 1.4657 1.485 1.505 1.5256 1.547 1.5691 1.592 1.6157 1.6403 1.6659 1.6923 1.7196 1.7477 1.7769 1.8072 1.8387 1.8712 1.9049 1.9397 1.9757 2.0129 2.0514 2.0912 2.1323 2.1747 2.2184 2.2634 2.3097 2.3576 2.4069 2.4578 2.5103 2.5643 2.62 2.6775 2.7367 2.7976 2.8603 2.925 2.9917 3.0606 3.1318 3.2055 3.2816 3.3603 3.4417 3.5259 3.6132 3.7039 3.7983 3.8967 3.9993 4.1064 4.2183 4.3349 4.4568 4.5855 4.723 4.8712 5.0297 5.1957 5.3659 5.5384 5.7247 5.9449 6.2198 6.5692 6.9879 7.4525 7.938 8.4184 
29 1.0024 0.99994 1.001 1.0207 1.0408 1.0586 1.0779 1.0976 1.116 1.1333 1.15 1.1662 1.182 1.1973 1.2124 1.2273 1.2421 1.2568 1.2717 1.2865 1.3013 1.3161 1.3313 1.3469 1.3629 1.3792 1.3959 1.413 1.4308 1.449 1.4679 1.4875 1.5077 1.5286 1.5502 1.5727 1.5959 1.62 1.6451 1.671 1.6978 1.7255 1.7541 1.784 1.8149 1.8469 1.8801 1.9144 1.9498 1.9865 2.0245 2.0637 2.1042 2.1461 2.1892 2.2336 2.2794 2.3266 2.3753 2.4256 2.4774 2.5308 2.5859 2.6427 2.7012 2.7614 2.8234 2.8872 2.9532 3.0213 3.0918 3.1646 3.2399 3.3177 3.3981 3.4814 3.5677 3.6574 3.7508 3.8481 3.9496 4.0555 4.1661 4.2814 4.402 4.5293 4.6653 4.8119 4.9687 5.1329 5.3012 5.4717 5.6561 5.874 6.1461 6.4918 6.9059 7.3653 7.8453 8.3202 
29.5 1.0024 0.99984 1.0004 1.0143 1.0322 1.0492 1.0679 1.0873 1.1055 1.1226 1.1391 1.1552 1.1707 1.1859 1.2008 1.2155 1.23 1.2446 1.2592 1.2737 1.2881 1.3027 1.3176 1.3329 1.3485 1.3645 1.3808 1.3976 1.4149 1.4328 1.4513 1.4704 1.4902 1.5106 1.5319 1.5539 1.5766 1.6003 1.6249 1.6504 1.6767 1.7038 1.732 1.7614 1.7918 1.8234 1.856 1.8898 1.9248 1.9609 1.9983 2.037 2.077 2.1183 2.1609 2.2048 2.2499 2.2965 2.3447 2.3943 2.4455 2.4983 2.5527 2.6088 2.6667 2.7262 2.7874 2.8506 2.9158 2.9832 3.0528 3.1248 3.1993 3.2762 3.3558 3.4381 3.5235 3.6123 3.7047 3.8009 3.9013 4.0062 4.1156 4.2297 4.349 4.4751 4.6097 4.7548 4.9101 5.0725 5.2391 5.408 5.5907 5.8067 6.0763 6.4188 6.8287 7.2832 7.758 8.2278 
30 1.0024 0.99998 1.0001 1.0086 1.0244 1.0402 1.0584 1.0774 1.0953 1.1122 1.1285 1.1444 1.1598 1.1748 1.1895 1.204 1.2183 1.2326 1.2469 1.2612 1.2753 1.2896 1.3042 1.3192 1.3345 1.3501 1.3661 1.3826 1.3995 1.417 1.435 1.4537 1.4731 1.4932 1.514 1.5355 1.5579 1.5811 1.6053 1.6303 1.6561 1.6829 1.7106 1.7395 1.7694 1.8005 1.8326 1.8659 1.9004 1.9361 1.973 2.0111 2.0506 2.0914 2.1334 2.1767 2.2213 2.2673 2.3149 2.364 2.4146 2.4667 2.5205 2.5759 2.6331 2.692 2.7526 2.815 2.8795 2.9461 3.015 3.0862 3.1598 3.236 3.3147 3.3961 3.4806 3.5684 3.6598 3.755 3.8543 3.958 4.0662 4.1791 4.2971 4.4218 4.555 4.6985 4.852 5.0125 5.1772 5.3441 5.5249 5.7385 6.0052 6.3439 6.749 7.1981 7.6673 8.1316 
30.5 1.0042 1.0023 0.99994 1.0055 1.0172 1.0318 1.0493 1.0678 1.0855 1.1021 1.1182 1.1339 1.1491 1.1639 1.1784 1.1927 1.2068 1.2209 1.235 1.249 1.2628 1.2768 1.2911 1.3058 1.3208 1.3361 1.3517 1.3678 1.3844 1.4015 1.4192 1.4375 1.4565 1.4761 1.4965 1.5177 1.5397 1.5625 1.5862 1.6108 1.6362 1.6625 1.6897 1.7182 1.7477 1.7783 1.81 1.8428 1.8768 1.912 1.9484 1.986 2.0249 2.0652 2.1067 2.1495 2.1935 2.239 2.286 2.3345 2.3844 2.436 2.4891 2.544 2.6005 2.6587 2.7186 2.7803 2.844 2.9099 2.978 3.0485 3.1213 3.1966 3.2744 3.355 3.4385 3.5254 3.6158 3.71 3.8083 3.9109 4.018 4.1297 4.2466 4.37 4.502 4.6441 4.7962 4.9552 5.1182 5.2836 5.4627 5.6744 5.9388 6.2744 6.6758 7.1207 7.5855 8.0453 
31 1.0075 1.0059 0.99995 1.002 1.0107 1.0239 1.0406 1.0586 1.076 1.0924 1.1083 1.1237 1.1388 1.1534 1.1677 1.1817 1.1956 1.2095 1.2233 1.2371 1.2506 1.2643 1.2783 1.2927 1.3074 1.3224 1.3377 1.3535 1.3697 1.3865 1.4038 1.4217 1.4403 1.4596 1.4796 1.5003 1.5219 1.5443 1.5676 1.5918 1.6168 1.6426 1.6695 1.6975 1.7266 1.7567 1.7879 1.8203 1.8538 1.8885 1.9244 1.9616 2 2.0398 2.0808 2.123 2.1665 2.2114 2.2578 2.3057 2.3552 2.4061 2.4586 2.5128 2.5687 2.6263 2.6855 2.7466 2.8096 2.8748 2.9422 3.0119 3.0839 3.1584 3.2355 3.3152 3.3979 3.4839 3.5734 3.6667 3.7641 3.8657 3.9718 4.0825 4.1983 4.3206 4.4514 4.5924 4.7431 4.9007 5.0623 5.2262 5.404 5.6143 5.8768 6.21 6.6081 7.0491 7.5097 7.9655 
31.5 1.0104 1.0083 0.99991 1.0002 1.0049 1.0164 1.0323 1.0498 1.0668 1.0829 1.0986 1.1138 1.1287 1.1431 1.1572 1.171 1.1847 1.1983 1.2119 1.2254 1.2387 1.2521 1.2658 1.2799 1.2943 1.309 1.324 1.3394 1.3553 1.3718 1.3887 1.4063 1.4245 1.4434 1.4631 1.4834 1.5046 1.5266 1.5496 1.5733 1.5979 1.6234 1.6498 1.6774 1.706 1.7357 1.7665 1.7984 1.8315 1.8657 1.9012 1.9378 1.9758 2.015 2.0555 2.0972 2.1402 2.1846 2.2305 2.2778 2.3267 2.377 2.429 2.4826 2.5379 2.5948 2.6534 2.7138 2.7762 2.8407 2.9074 2.9764 3.0477 3.1215 3.1977 3.2767 3.3586 3.4437 3.5323 3.6247 3.7211 3.8217 3.9267 4.0363 4.151 4.2722 4.4017 4.5413 4.6905 4.8466 5.0065 5.1688 5.345 5.5535 5.8138 6.1441 6.5386 6.9755 7.4318 7.8832 
32 1.0116 1.0097 1.0005 0.99998 1.0013 1.0096 1.0244 1.0413 1.0579 1.0737 1.0891 1.1042 1.1188 1.133 1.1469 1.1606 1.174 1.1874 1.2008 1.214 1.227 1.2401 1.2536 1.2674 1.2815 1.2959 1.3106 1.3257 1.3413 1.3574 1.374 1.3913 1.4091 1.4277 1.447 1.467 1.4878 1.5094 1.532 1.5554 1.5796 1.6046 1.6306 1.6578 1.686 1.7153 1.7457 1.7771 1.8098 1.8435 1.8785 1.9147 1.9522 1.991 2.031 2.0722 2.1146 2.1585 2.2039 2.2507 2.299 2.3488 2.4002 2.4532 2.5079 2.5642 2.6222 2.682 2.7437 2.8075 2.8735 2.9418 3.0124 3.0853 3.1608 3.2389 3.3199 3.4041 3.4918 3.5832 3.6785 3.778 3.8818 3.9902 4.1036 4.2234 4.3515 4.4896 4.6371 4.7914 4.9495 5.11 5.2843 5.4906 5.7482 6.075 6.4653 6.8977 7.3491 7.7958 
32.5 1.015 1.0134 1.0023 1 1.0001 1.0042 1.0172 1.0333 1.0493 1.0648 1.08 1.0948 1.1092 1.1232 1.1369 1.1503 1.1636 1.1767 1.1899 1.2028 1.2156 1.2285 1.2417 1.2552 1.269 1.2831 1.2975 1.3124 1.3277 1.3434 1.3597 1.3766 1.3941 1.4124 1.4313 1.451 1.4714 1.4927 1.5149 1.5379 1.5617 1.5863 1.612 1.6387 1.6666 1.6955 1.7254 1.7564 1.7886 1.822 1.8565 1.8923 1.9293 1.9676 2.0071 2.0478 2.0897 2.1331 2.1779 2.2243 2.272 2.3213 2.3721 2.4245 2.4786 2.5343 2.5917 2.6508 2.7119 2.775 2.8403 2.9079 2.9777 3.0499 3.1246 3.2019 3.2821 3.3655 3.4523 3.5427 3.6371 3.7356 3.8385 3.9458 4.058 4.1767 4.3035 4.4402 4.5862 4.7389 4.8952 5.0539 5.2263 5.4305 5.6855 6.0091 6.3957 6.8237 7.2708 7.7131 
33 1.0163 1.0142 1.0026 1 0.99998 1.0014 1.0109 1.0257 1.0411 1.0562 1.0711 1.0857 1.0999 1.1136 1.1271 1.1404 1.1536 1.1665 1.179 1.1916 1.2043 1.2172 1.2302 1.2434 1.2569 1.2706 1.2848 1.2993 1.3143 1.3298 1.3458 1.3623 1.3795 1.3974 1.416 1.4353 1.4555 1.4764 1.4982 1.5209 1.5443 1.5686 1.5938 1.6202 1.6477 1.6761 1.7057 1.7363 1.7681 1.801 1.8351 1.8704 1.9069 1.9448 1.9838 2.024 2.0655 2.1084 2.1527 2.1985 2.2457 2.2944 2.3446 2.3965 2.45 2.5051 2.5619 2.6204 2.6808 2.7433 2.8079 2.8748 2.9439 3.0154 3.0893 3.1659 3.2453 3.3279 3.4139 3.5036 3.5972 3.6949 3.7968 3.9033 4.0146 4.1324 4.2583 4.394 4.5389 4.6903 4.8455 5.003 5.1743 5.3774 5.6309 5.9524 6.3361 6.7608 7.2042 7.6428 
33.5 1.0204 1.0189 1.0056 1.0013 0.99997 1.0002 1.0061 1.019 1.0334 1.0479 1.0625 1.0768 1.0908 1.1043 1.1176 1.1307 1.1436 1.1563 1.1686 1.1808 1.1933 1.206 1.2188 1.2318 1.245 1.2585 1.2723 1.2866 1.3013 1.3164 1.3321 1.3484 1.3653 1.3829 1.4011 1.4201 1.4399 1.4605 1.482 1.5043 1.5274 1.5513 1.5762 1.6022 1.6292 1.6573 1.6864 1.7167 1.748 1.7805 1.8142 1.8491 1.8852 1.9226 1.9611 2.0009 2.0419 2.0842 2.128 2.1733 2.22 2.2682 2.3179 2.3693 2.4222 2.4768 2.5329 2.5909 2.6507 2.7126 2.7766 2.8428 2.9113 2.9821 3.0554 3.1312 3.2099 3.2918 3.377 3.4658 3.5585 3.6553 3.7563 3.8617 3.9721 4.0887 4.2134 4.3478 4.4912 4.6411 4.7947 4.9506 5.1203 5.3216 5.573 5.8917 6.2719 6.6927 7.1319 7.5665 
34 1.0231 1.021 1.0069 1.0019 0.99998 1 1.0023 1.013 1.0262 1.0401 1.0541 1.0682 1.0819 1.0953 1.1083 1.1212 1.1339 1.1463 1.1584 1.1704 1.1827 1.1951 1.2077 1.2204 1.2333 1.2466 1.2602 1.2742 1.2886 1.3034 1.3188 1.3348 1.3514 1.3687 1.3866 1.4053 1.4248 1.445 1.4662 1.4882 1.5109 1.5344 1.5589 1.5846 1.6113 1.639 1.6677 1.6975 1.7285 1.7606 1.7938 1.8283 1.864 1.9009 1.939 1.9783 2.0188 2.0607 2.1041 2.1488 2.195 2.2427 2.2919 2.3427 2.3952 2.4491 2.5047 2.562 2.6213 2.6825 2.7459 2.8114 2.8792 2.9493 3.0217 3.0968 3.1746 3.2556 3.3399 3.4278 3.5195 3.6152 3.7151 3.8193 3.9284 4.0438 4.1672 4.3001 4.4419 4.5902 4.742 4.8962 5.0641 5.2632 5.5119 5.8272 6.2033 6.6195 7.054 7.4839 
34.5 1.0242 1.0221 1.0077 1.0023 1.0002 0.99998 1.0006 1.0078 1.0196 1.0326 1.0462 1.0598 1.0733 1.0864 1.0992 1.1119 1.1244 1.1365 1.1484 1.1602 1.1722 1.1844 1.1968 1.2092 1.2219 1.2349 1.2483 1.262 1.2761 1.2907 1.3059 1.3216 1.3379 1.3548 1.3725 1.3908 1.41 1.4299 1.4508 1.4724 1.4948 1.518 1.5422 1.5674 1.5938 1.6211 1.6495 1.6789 1.7095 1.7412 1.774 1.808 1.8433 1.8798 1.9175 1.9563 1.9964 2.0378 2.0806 2.1249 2.1706 2.2178 2.2665 2.3167 2.3686 2.422 2.477 2.5337 2.5923 2.6529 2.7155 2.7804 2.8475 2.9168 2.9886 3.0628 3.1399 3.22 3.3035 3.3906 3.4814 3.5761 3.6751 3.7784 3.8865 4.0009 4.1232 4.255 4.3956 4.5426 4.6931 4.8461 5.0127 5.2103 5.4571 5.77 6.1429 6.5554 6.986 7.412 
35 1.0248 1.0223 1.0073 1.0024 1.0006 0.99998 1.0001 1.0038 1.0137 1.0256 1.0385 1.0517 1.0649 1.0777 1.0904 1.1028 1.1151 1.127 1.1386 1.1502 1.162 1.174 1.1861 1.1983 1.2108 1.2236 1.2367 1.2501 1.264 1.2783 1.2932 1.3086 1.3246 1.3413 1.3586 1.3767 1.3956 1.4153 1.4357 1.4569 1.479 1.5019 1.5258 1.5508 1.5767 1.6036 1.6317 1.6607 1.6909 1.7222 1.7546 1.7882 1.8231 1.8592 1.8964 1.9348 1.9744 2.0153 2.0577 2.1015 2.1467 2.1934 2.2415 2.2913 2.3426 2.3954 2.4498 2.5059 2.5639 2.6239 2.6859 2.7501 2.8165 2.8852 2.9562 3.0297 3.106 3.1854 3.268 3.3542 3.4442 3.538 3.636 3.7383 3.8455 3.9589 4.0801 4.2107 4.3502 4.4959 4.6452 4.7969 4.9624 5.1587 5.4039 5.7145 6.0845 6.4936 6.9206 7.3431 
35.5 1.0246 1.0221 1.0072 1.0025 1.0008 1 1 1.0008 1.0084 1.0191 1.0312 1.044 1.0567 1.0693 1.0817 1.0939 1.1059 1.1176 1.1291 1.1405 1.1521 1.1638 1.1757 1.1877 1.1999 1.2124 1.2253 1.2385 1.2521 1.2662 1.2808 1.296 1.3117 1.3281 1.3452 1.363 1.3816 1.4009 1.421 1.4418 1.4635 1.4862 1.5099 1.5345 1.5601 1.5867 1.6143 1.643 1.6728 1.7037 1.7357 1.7689 1.8034 1.839 1.8759 1.9138 1.9529 1.9934 2.0353 2.0787 2.1234 2.1695 2.2172 2.2664 2.3172 2.3695 2.4233 2.4789 2.5363 2.5957 2.6572 2.7208 2.7866 2.8547 2.925 2.9979 3.0735 3.1522 3.2343 3.3198 3.409 3.502 3.5992 3.7008 3.8071 3.9196 4.0399 4.1695 4.3077 4.4522 4.6003 4.7509 4.9152 5.1101 5.3534 5.6612 6.0275 6.4324 6.8549 7.2729 
36 1.0246 1.0219 1.007 1.0026 1.0011 1.0002 0.99993 1.0005 1.0043 1.0133 1.0244 1.0365 1.0488 1.0612 1.0735 1.0853 1.0968 1.1082 1.1196 1.131 1.1424 1.1539 1.1655 1.1773 1.1893 1.2016 1.2142 1.2272 1.2405 1.2544 1.2688 1.2837 1.2991 1.3152 1.332 1.3496 1.3679 1.3869 1.4066 1.4271 1.4485 1.4709 1.4943 1.5186 1.5438 1.5701 1.5973 1.6257 1.6551 1.6856 1.7173 1.7501 1.7841 1.8194 1.8558 1.8933 1.932 1.972 2.0135 2.0563 2.1006 2.1463 2.1934 2.2422 2.2925 2.3442 2.3976 2.4526 2.5095 2.5684 2.6293 2.6923 2.7575 2.825 2.8948 2.967 3.042 3.12 3.2013 3.2861 3.3746 3.4669 3.5633 3.664 3.7694 3.8811 4.0004 4.129 4.2661 4.4094 4.5562 4.7057 4.8688 5.0623 5.3038 5.6093 5.9725 6.3737 6.7924 7.2065 
36.5 1.0245 1.0218 1.0069 1.0027 1.0013 1.0003 0.99986 1.0003 1.001 1.0081 1.018 1.0294 1.0413 1.0533 1.0653 1.0769 1.0881 1.0992 1.1104 1.1217 1.1329 1.1441 1.1555 1.1671 1.1789 1.1909 1.2033 1.2161 1.2292 1.2428 1.2569 1.2716 1.2868 1.3027 1.3192 1.3364 1.3544 1.3732 1.3926 1.4128 1.4339 1.456 1.479 1.503 1.5279 1.5538 1.5808 1.6087 1.6378 1.668 1.6992 1.7317 1.7653 1.8002 1.8362 1.8732 1.9115 1.9511 1.9922 2.0346 2.0784 2.1236 2.1703 2.2186 2.2684 2.3197 2.3725 2.427 2.4834 2.5417 2.6021 2.6645 2.7292 2.796 2.8652 2.9367 3.0111 3.0884 3.169 3.253 3.3407 3.4322 3.5277 3.6275 3.732 3.8426 3.9609 4.0883 4.2242 4.3662 4.5116 4.6597 4.8214 5.0133 5.2527 5.5555 5.9155 6.3131 6.7279 7.1382 
37 1.0247 1.022 1.0069 1.0028 1.0015 1.0004 0.9998 1 1 1.0042 1.0123 1.0227 1.034 1.0456 1.0572 1.0686 1.0795 1.0904 1.1014 1.1125 1.1235 1.1346 1.1458 1.1571 1.1687 1.1805 1.1927 1.2052 1.2181 1.2315 1.2454 1.2598 1.2748 1.2903 1.3066 1.3236 1.3413 1.3598 1.3789 1.3988 1.4196 1.4414 1.4642 1.4878 1.5124 1.538 1.5646 1.5922 1.6209 1.6507 1.6816 1.7137 1.7469 1.7814 1.817 1.8537 1.8916 1.9308 1.9714 2.0134 2.0567 2.1015 2.1477 2.1955 2.2448 2.2956 2.348 2.4019 2.4578 2.5155 2.5753 2.6371 2.7011 2.7673 2.8357 2.9065 2.98 3.0565 3.1362 3.2194 3.306 3.3965 3.491 3.5896 3.6929 3.8023 3.9192 4.0452 4.1796 4.3199 4.4637 4.6101 4.77 4.9598 5.1965 5.496 5.852 6.2452 6.6555 7.0615 
37.5 1.0249 1.0221 1.007 1.003 1.0017 1.0005 0.99973 0.99975 1.0004 1.0008 1.0073 1.0165 1.0271 1.0382 1.0494 1.0605 1.0712 1.0818 1.0926 1.1035 1.1144 1.1252 1.1362 1.1473 1.1587 1.1703 1.1823 1.1946 1.2073 1.2204 1.2341 1.2482 1.263 1.2783 1.2943 1.311 1.3285 1.3467 1.3656 1.3852 1.4057 1.4272 1.4496 1.4729 1.4972 1.5225 1.5487 1.5761 1.6044 1.6339 1.6644 1.6961 1.729 1.7631 1.7983 1.8346 1.8721 1.9108 1.951 1.9926 2.0355 2.0798 2.1256 2.1729 2.2217 2.2719 2.3237 2.3772 2.4324 2.4895 2.5487 2.6099 2.6733 2.7388 2.8065 2.8766 2.9494 3.0251 3.1041 3.1864 3.2723 3.3619 3.4555 3.5531 3.6554 3.7636 3.8794 4.0043 4.1377 4.277 4.4198 4.5651 4.7237 4.9118 5.1467 5.4437 5.7968 6.1869 6.5938 6.9965 
38 1.0251 1.0223 1.007 1.0031 1.0018 1.0005 0.99963 0.99953 0.99991 1.0003 1.0034 1.0109 1.0206 1.0311 1.0418 1.0524 1.063 1.0735 1.0841 1.0947 1.1054 1.116 1.1268 1.1378 1.1489 1.1604 1.1721 1.1842 1.1967 1.2096 1.223 1.237 1.2515 1.2666 1.2823 1.2988 1.316 1.3339 1.3525 1.3718 1.3921 1.4133 1.4354 1.4584 1.4824 1.5073 1.5333 1.5603 1.5883 1.6174 1.6477 1.679 1.7115 1.7451 1.7798 1.8157 1.8529 1.8914 1.9312 1.9722 2.0147 2.0585 2.1038 2.1506 2.1989 2.2487 2.3 2.3529 2.4076 2.4642 2.5227 2.5834 2.6462 2.7111 2.7782 2.8477 2.9199 2.9949 3.0732 3.1548 3.24 3.3289 3.4217 3.5185 3.6198 3.727 3.8417 3.9656 4.098 4.2362 4.3779 4.5219 4.6791 4.8658 5.0988 5.3935 5.7439 6.1309 6.5346 6.934 
38.5 1.0253 1.0225 1.0071 1.0031 1.0018 1.0005 0.99945 0.99928 0.99964 1.0004 1.0004 1.0062 1.0148 1.0244 1.0343 1.0445 1.0549 1.0654 1.0758 1.0862 1.0966 1.1071 1.1177 1.1284 1.1394 1.1506 1.1621 1.174 1.1863 1.199 1.2122 1.2259 1.2402 1.255 1.2706 1.2868 1.3037 1.3214 1.3397 1.3588 1.3788 1.3997 1.4215 1.4443 1.4679 1.4926 1.5182 1.5449 1.5726 1.6014 1.6313 1.6622 1.6943 1.7275 1.7618 1.7973 1.8342 1.8723 1.9116 1.9523 1.9943 2.0377 2.0825 2.1289 2.1767 2.226 2.2767 2.3291 2.3833 2.4393 2.4974 2.5574 2.6196 2.6839 2.7504 2.8192 2.8907 2.9651 3.0426 3.1235 3.2079 3.296 3.3879 3.4837 3.5841 3.6903 3.804 3.9268 4.0579 4.195 4.3353 4.478 4.6338 4.8188 5.0498 5.342 5.6894 6.0732 6.4735 6.8696 
39 1.0264 1.0241 1.0083 1.0027 1.0005 0.99984 0.99967 0.99938 0.99932 0.9998 1.0007 1.0028 1.0094 1.0178 1.0272 1.0371 1.0472 1.0574 1.0676 1.0778 1.088 1.0983 1.1087 1.1192 1.13 1.141 1.1524 1.164 1.1761 1.1886 1.2016 1.2151 1.2291 1.2438 1.2591 1.275 1.2918 1.3092 1.3272 1.346 1.3657 1.3864 1.408 1.4304 1.4538 1.4781 1.5034 1.5298 1.5572 1.5856 1.6152 1.6458 1.6775 1.7103 1.7442 1.7794 1.8158 1.8535 1.8925 1.9327 1.9743 2.0172 2.0616 2.1075 2.1549 2.2037 2.2539 2.3058 2.3594 2.415 2.4724 2.5319 2.5935 2.6572 2.7231 2.7912 2.862 2.9357 3.0125 3.0926 3.1762 3.2635 3.3545 3.4495 3.5489 3.6542 3.7669 3.8886 4.0186 4.1544 4.2935 4.435 4.5894 4.7729 5.0019 5.2917 5.6361 6.0165 6.4133 6.8059 
39.5 1.0275 1.0248 1.0084 1.0025 1.0001 0.9992 0.99899 0.99911 0.99941 0.99971 1.0001 1 1.0045 1.0118 1.0205 1.03 1.0397 1.0496 1.0596 1.0695 1.0796 1.0897 1.0999 1.1102 1.1208 1.1317 1.1428 1.1543 1.1661 1.1784 1.1912 1.2045 1.2184 1.2328 1.2478 1.2636 1.2801 1.2972 1.315 1.3336 1.353 1.3734 1.3947 1.4168 1.4399 1.464 1.489 1.515 1.5421 1.5702 1.5994 1.6297 1.661 1.6935 1.727 1.7618 1.7979 1.8352 1.8737 1.9135 1.9547 1.9972 2.0412 2.0866 2.1335 2.1818 2.2316 2.2829 2.336 2.391 2.4479 2.5069 2.5679 2.631 2.6962 2.7638 2.8339 2.9069 2.9831 3.0625 3.1454 3.2319 3.3223 3.4165 3.5152 3.6197 3.7316 3.8525 3.9817 4.1167 4.2549 4.3954 4.5491 4.7316 4.9597 5.2481 5.5908 5.9692 6.3639 6.7544 
40 1.0278 1.0251 1.0085 1.0024 0.99988 0.99895 0.9987 0.99873 0.99891 0.99922 0.9997 1.0005 1.0013 1.0068 1.0144 1.0232 1.0325 1.0421 1.0518 1.0615 1.0713 1.0812 1.0912 1.1014 1.1118 1.1225 1.1334 1.1447 1.1564 1.1685 1.1811 1.1942 1.2078 1.222 1.2368 1.2524 1.2686 1.2855 1.3031 1.3214 1.3405 1.3607 1.3817 1.4036 1.4264 1.4501 1.4748 1.5006 1.5273 1.5551 1.584 1.6139 1.6449 1.677 1.7102 1.7446 1.7803 1.8172 1.8553 1.8948 1.9355 1.9776 2.0211 2.0661 2.1125 2.1604 2.2097 2.2606 2.3132 2.3677 2.4242 2.4826 2.5431 2.6057 2.6704 2.7375 2.8071 2.8796 2.9552 3.034 3.1163 3.2022 3.2919 3.3855 3.4834 3.5872 3.6984 3.8185 3.9467 4.0807 4.2178 4.3572 4.5097 4.6909 4.9172 5.2035 5.5435 5.919 6.3106 6.698 
40.5 1.028 1.0253 1.0085 1.0023 0.99961 0.99862 0.99835 0.99833 0.99849 0.99882 0.99927 0.99979 1.0005 1.0028 1.0089 1.0168 1.0256 1.0348 1.0441 1.0537 1.0633 1.073 1.0828 1.0928 1.103 1.1135 1.1243 1.1354 1.1468 1.1588 1.1711 1.184 1.1975 1.2115 1.2261 1.2414 1.2574 1.2741 1.2914 1.3094 1.3284 1.3482 1.369 1.3906 1.4131 1.4366 1.461 1.4864 1.5128 1.5403 1.5689 1.5985 1.6292 1.6609 1.6937 1.7278 1.7631 1.7996 1.8374 1.8764 1.9167 1.9584 2.0015 2.0461 2.0921 2.1395 2.1884 2.2388 2.291 2.345 2.4009 2.4588 2.5188 2.5808 2.6449 2.7113 2.7803 2.852 2.9268 3.0049 3.0863 3.1713 3.26 3.3525 3.4494 3.552 3.6619 3.7806 3.9074 4.0398 4.1754 4.3132 4.4638 4.6428 4.8665 5.1496 5.486 5.8575 6.2451 6.6285 
41 1.0282 1.0256 1.0086 1.0021 0.99928 0.99825 0.99797 0.99793 0.99807 0.99841 0.9989 0.99949 1.0002 1.0002 1.0043 1.011 1.019 1.0277 1.0368 1.046 1.0554 1.0649 1.0745 1.0844 1.0944 1.1047 1.1153 1.1262 1.1375 1.1492 1.1614 1.1741 1.1873 1.2011 1.2155 1.2306 1.2464 1.2629 1.28 1.2978 1.3164 1.336 1.3565 1.3779 1.4001 1.4233 1.4474 1.4726 1.4987 1.5259 1.5541 1.5834 1.6137 1.6451 1.6776 1.7113 1.7462 1.7824 1.8198 1.8584 1.8983 1.9396 1.9823 2.0264 2.072 2.119 2.1673 2.2173 2.2689 2.3224 2.3778 2.4352 2.4946 2.5561 2.6196 2.6853 2.7537 2.8248 2.899 2.9764 3.0572 3.1415 3.2295 3.3214 3.4176 3.5196 3.6288 3.7469 3.873 4.0047 4.1395 4.2765 4.4265 4.6047 4.8274 5.1092 5.4439 5.8134 6.1988 6.5801 
41.5 1.0285 1.0257 1.0085 1.0019 0.99895 0.99788 0.99757 0.99752 0.99766 0.998 0.99846 0.999 0.99962 1.0005 1.0012 1.006 1.013 1.021 1.0296 1.0386 1.0477 1.057 1.0665 1.0761 1.086 1.0961 1.1065 1.1172 1.1283 1.1399 1.1519 1.1644 1.1774 1.191 1.2052 1.2201 1.2357 1.2519 1.2688 1.2863 1.3048 1.3241 1.3444 1.3654 1.3874 1.4103 1.4342 1.459 1.4848 1.5117 1.5396 1.5686 1.5986 1.6296 1.6618 1.6951 1.7297 1.7655 1.8025 1.8407 1.8803 1.9212 1.9635 2.0071 2.0521 2.0986 2.1466 2.1963 2.2476 2.3006 2.3555 2.4122 2.4709 2.5317 2.5948 2.6602 2.7282 2.7988 2.8725 2.9492 3.0294 3.1131 3.2005 3.2916 3.3871 3.4883 3.5968 3.714 3.8391 3.9698 4.1036 4.2396 4.3884 4.5655 4.7868 5.0667 5.3991 5.7661 6.1488 6.5273 
42 1.0286 1.0258 1.0084 1.0016 0.99858 0.99748 0.99717 0.99711 0.99723 0.99756 0.99803 0.99855 0.99912 0.99973 1.0006 1.0023 1.0077 1.0148 1.0228 1.0314 1.0402 1.0493 1.0585 1.068 1.0777 1.0876 1.0979 1.1084 1.1194 1.1307 1.1425 1.1549 1.1677 1.1811 1.1952 1.2098 1.2251 1.2411 1.2577 1.2751 1.2934 1.3125 1.3324 1.3533 1.375 1.3976 1.4212 1.4457 1.4713 1.4978 1.5254 1.5541 1.5838 1.6145 1.6463 1.6793 1.7135 1.749 1.7856 1.8235 1.8627 1.9032 1.945 1.9882 2.0327 2.0788 2.1264 2.1756 2.2265 2.2791 2.3335 2.3897 2.4479 2.5082 2.5707 2.6356 2.703 2.7731 2.8461 2.9222 3.0017 3.0847 3.1713 3.2617 3.3564 3.4567 3.5642 3.6804 3.8044 3.934 4.0666 4.2014 4.3491 4.5249 4.7445 5.0223 5.3522 5.7162 6.0959 6.4715 
42.5 1.0287 1.0259 1.0084 1.0014 0.99819 0.99705 0.99674 0.99668 0.99679 0.9971 0.99755 0.99808 0.99866 0.99931 1 1.0002 1.0033 1.0092 1.0165 1.0245 1.033 1.0418 1.0508 1.0601 1.0696 1.0794 1.0894 1.0998 1.1106 1.1218 1.1334 1.1456 1.1582 1.1715 1.1854 1.1998 1.2148 1.2304 1.2469 1.2641 1.2822 1.3011 1.3208 1.3413 1.3628 1.3851 1.4085 1.4327 1.458 1.4842 1.5115 1.5399 1.5692 1.5996 1.6311 1.6638 1.6977 1.7327 1.769 1.8065 1.8453 1.8854 1.9269 1.9696 2.0138 2.0594 2.1066 2.1554 2.2058 2.2579 2.3118 2.3676 2.4253 2.4851 2.5471 2.6114 2.6782 2.7477 2.8202 2.8957 2.9745 3.0569 3.1429 3.2326 3.3267 3.4263 3.5331 3.6486 3.7719 3.9007 4.0325 4.1666 4.3135 4.4885 4.7072 4.984 5.3125 5.675 6.0531 6.427 
43 1.0288 1.026 1.0083 1.0011 0.99779 0.99661 0.9963 0.99622 0.99632 0.99662 0.99707 0.99759 0.99816 0.99879 0.99947 1.0003 1.0006 1.0045 1.0106 1.018 1.026 1.0345 1.0433 1.0524 1.0617 1.0713 1.0811 1.0914 1.102 1.113 1.1245 1.1364 1.1489 1.162 1.1757 1.1899 1.2046 1.2201 1.2363 1.2534 1.2712 1.2899 1.3093 1.3296 1.3508 1.3729 1.396 1.42 1.4449 1.4709 1.4979 1.526 1.555 1.5851 1.6162 1.6485 1.6821 1.7168 1.7527 1.7899 1.8283 1.8681 1.9091 1.9515 1.9952 2.0405 2.0872 2.1356 2.1856 2.2373 2.2908 2.3461 2.4034 2.4627 2.5243 2.5881 2.6545 2.7236 2.7955 2.8706 2.9489 3.0308 3.1162 3.2054 3.2988 3.3978 3.504 3.6188 3.7413 3.8692 4.0001 4.1332 4.2792 4.4532 4.6707 4.9459 5.2723 5.6326 6.0081 6.3796 
43.5 1.0289 1.0261 1.0081 1.0008 0.99736 0.99615 0.99583 0.99575 0.99584 0.99613 0.99657 0.99709 0.99766 0.99826 0.99889 0.99959 1.0005 1.0013 1.0057 1.012 1.0194 1.0275 1.036 1.0448 1.0539 1.0633 1.0731 1.0831 1.0935 1.1044 1.1157 1.1275 1.1398 1.1527 1.1662 1.1802 1.1947 1.21 1.226 1.2428 1.2605 1.2789 1.2981 1.3182 1.3391 1.361 1.3837 1.4075 1.4321 1.4578 1.4846 1.5123 1.541 1.5708 1.6016 1.6336 1.6668 1.7012 1.7368 1.7736 1.8117 1.8511 1.8917 1.9337 1.9771 2.022 2.0684 2.1163 2.1659 2.2172 2.2703 2.3252 2.382 2.4408 2.5018 2.5652 2.631 2.6995 2.7709 2.8453 2.923 3.0042 3.0889 3.1774 3.27 3.3683 3.4736 3.5874 3.7089 3.8358 3.9655 4.0977 4.2426 4.4154 4.6315 4.9049 5.2291 5.5867 5.9595 6.3283 
44 1.029 1.0261 1.008 1.0005 0.99692 0.99567 0.99535 0.99526 0.99534 0.99562 0.99605 0.99656 0.99712 0.99772 0.99835 0.99902 0.99971 1.0005 1.002 1.0068 1.0133 1.0208 1.0289 1.0375 1.0464 1.0556 1.0651 1.075 1.0853 1.096 1.1071 1.1187 1.1308 1.1435 1.1568 1.1707 1.185 1.2001 1.2159 1.2325 1.2499 1.2681 1.2871 1.3069 1.3276 1.3492 1.3717 1.3952 1.4196 1.445 1.4715 1.4989 1.5274 1.5568 1.5873 1.619 1.6519 1.686 1.7212 1.7577 1.7954 1.8344 1.8748 1.9164 1.9594 2.0038 2.0498 2.0974 2.1466 2.1975 2.2501 2.3045 2.3609 2.4193 2.4798 2.5426 2.608 2.676 2.7468 2.8207 2.8978 2.9784 3.0625 3.1504 3.2424 3.34 3.4446 3.5577 3.6784 3.8044 3.9333 4.0646 4.2088 4.3807 4.5957 4.8676 5.1899 5.5453 5.9158 6.2822 
44.5 1.029 1.0261 1.0078 1.0001 0.99645 0.99517 0.99484 0.99474 0.99481 0.99508 0.99551 0.99601 0.99656 0.99716 0.99781 0.99848 0.99917 0.99988 1.0005 1.0028 1.008 1.0146 1.0222 1.0304 1.039 1.048 1.0574 1.0671 1.0772 1.0877 1.0987 1.1101 1.1221 1.1346 1.1477 1.1614 1.1755 1.1903 1.206 1.2224 1.2396 1.2575 1.2763 1.2959 1.3164 1.3377 1.36 1.3832 1.4073 1.4325 1.4586 1.4858 1.514 1.5431 1.5733 1.6047 1.6373 1.671 1.7059 1.742 1.7794 1.8181 1.8581 1.8994 1.942 1.9861 2.0317 2.0789 2.1276 2.1781 2.2303 2.2843 2.3402 2.3982 2.4582 2.5206 2.5854 2.6529 2.7232 2.7965 2.8731 2.9531 3.0366 3.1237 3.2151 3.3119 3.4158 3.528 3.6479 3.773 3.9009 4.0312 4.1744 4.3452 4.5588 4.8289 5.1491 5.5022 5.8703 6.2343 
45 1.0289 1.0261 1.0076 0.99975 0.99596 0.99465 0.99432 0.99421 0.99427 0.99453 0.99495 0.99544 0.99599 0.99659 0.99724 0.99791 0.9986 0.99932 1.0001 1.0004 1.0036 1.0091 1.0159 1.0236 1.0319 1.0407 1.0498 1.0593 1.0693 1.0796 1.0904 1.1017 1.1135 1.1258 1.1388 1.1522 1.1662 1.1808 1.1962 1.2124 1.2294 1.2472 1.2657 1.2851 1.3053 1.3264 1.3484 1.3714 1.3953 1.4202 1.4461 1.4729 1.5008 1.5296 1.5596 1.5906 1.6229 1.6563 1.6909 1.7267 1.7638 1.8021 1.8418 1.8827 1.9249 1.9686 2.0139 2.0607 2.1091 2.1591 2.2109 2.2645 2.3199 2.3774 2.437 2.4989 2.5632 2.6302 2.7 2.7728 2.8488 2.9281 3.011 3.0976 3.1882 3.2844 3.3875 3.499 3.618 3.7422 3.8693 3.9987 4.1411 4.3109 4.5234 4.792 5.1102 5.4611 5.8267 6.1884 
45.5 1.029 1.0261 1.0075 0.99939 0.99544 0.99409 0.99377 0.99366 0.9937 0.99395 0.99436 0.99486 0.99541 0.99601 0.99665 0.99731 0.99799 0.99871 0.99947 1.0003 1.0007 1.0045 1.0103 1.0173 1.0251 1.0336 1.0424 1.0518 1.0615 1.0717 1.0823 1.0934 1.105 1.1172 1.13 1.1433 1.1571 1.1715 1.1867 1.2027 1.2195 1.237 1.2553 1.2745 1.2945 1.3154 1.3371 1.3598 1.3835 1.4081 1.4337 1.4603 1.4879 1.5165 1.5461 1.5769 1.6088 1.642 1.6762 1.7117 1.7484 1.7865 1.8257 1.8663 1.9082 1.9515 1.9964 2.0428 2.0908 2.1404 2.1918 2.245 2.3 2.357 2.4161 2.4775 2.5413 2.6078 2.677 2.7492 2.8246 2.9033 2.9855 3.0714 3.1613 3.2567 3.359 3.4696 3.5877 3.711 3.8373 3.966 4.1073 4.2757 4.4863 4.7526 5.0685 5.4171 5.7806 6.1402 
46 1.0294 1.0266 1.0077 0.99918 0.99488 0.99348 0.99319 0.99309 0.99311 0.99335 0.99376 0.99426 0.9948 0.9954 0.99604 0.99671 0.9974 0.99811 0.99883 0.99958 1.0005 1.0014 1.0055 1.0115 1.0187 1.0267 1.0353 1.0444 1.0539 1.0639 1.0744 1.0853 1.0967 1.1088 1.1214 1.1345 1.1481 1.1623 1.1773 1.1931 1.2097 1.227 1.2451 1.2641 1.2838 1.3045 1.326 1.3485 1.3719 1.3962 1.4216 1.448 1.4753 1.5036 1.5329 1.5633 1.595 1.6278 1.6618 1.697 1.7334 1.7711 1.81 1.8502 1.8918 1.9347 1.9792 2.0252 2.0728 2.1221 2.1731 2.2258 2.2804 2.3369 2.3956 2.4565 2.5199 2.5858 2.6545 2.7262 2.801 2.8791 2.9607 3.0459 3.1351 3.2297 3.3312 3.441 3.5581 3.6804 3.8056 3.9332 4.0733 4.2401 4.4484 4.7115 5.0232 5.3671 5.7255 6.0802 
46.5 1.0301 1.0274 1.0083 0.99911 0.99432 0.99282 0.99259 0.9925 0.9925 0.99273 0.99314 0.99363 0.99418 0.99477 0.99541 0.99609 0.9968 0.99752 0.99823 0.99895 0.99969 1.0006 1.002 1.0065 1.0128 1.0202 1.0284 1.0372 1.0465 1.0563 1.0666 1.0774 1.0888 1.1006 1.1128 1.1257 1.1392 1.1533 1.1682 1.1838 1.2001 1.2172 1.2351 1.2539 1.2734 1.2938 1.3151 1.3374 1.3605 1.3846 1.4098 1.4359 1.4629 1.4909 1.5199 1.5501 1.5815 1.614 1.6477 1.6825 1.7186 1.756 1.7946 1.8345 1.8756 1.9182 1.9623 2.008 2.0552 2.1041 2.1546 2.2069 2.261 2.3171 2.3753 2.4357 2.4985 2.564 2.6322 2.7032 2.7774 2.8549 2.9357 3.0202 3.1087 3.2025 3.3032 3.412 3.5282 3.6496 3.774 3.901 4.0405 4.206 4.412 4.6711 4.9772 5.3143 5.6656 6.0133 
47 1.0311 1.0285 1.009 0.99914 0.99379 0.99217 0.99198 0.99189 0.99187 0.99209 0.9925 0.99299 0.99353 0.99413 0.99477 0.99546 0.99616 0.99689 0.99763 0.99838 0.99912 0.99978 1.0005 1.0026 1.0077 1.0143 1.0219 1.0304 1.0394 1.0489 1.059 1.0697 1.0809 1.0925 1.1045 1.1171 1.1304 1.1445 1.1592 1.1746 1.1907 1.2076 1.2253 1.2438 1.2632 1.2834 1.3045 1.3265 1.3494 1.3733 1.3982 1.4241 1.4508 1.4785 1.5072 1.5371 1.5682 1.6004 1.6338 1.6683 1.7042 1.7412 1.7795 1.819 1.8597 1.9019 1.9457 1.991 2.0378 2.0863 2.1365 2.1883 2.2419 2.2975 2.3552 2.4151 2.4775 2.5424 2.6101 2.6807 2.7543 2.831 2.9112 2.9948 3.0826 3.1757 3.2756 3.3835 3.4987 3.6191 3.7426 3.8689 4.0075 4.1717 4.3756 4.6315 4.9333 5.2654 5.6114 5.954 
47.5 1.0321 1.0295 1.0097 0.99919 0.99329 0.99153 0.99135 0.99126 0.99122 0.99142 0.99183 0.99233 0.99287 0.99347 0.99412 0.9948 0.99551 0.99624 0.99699 0.99775 0.99852 0.99931 1.0001 1.0004 1.0036 1.0091 1.0159 1.0238 1.0325 1.0418 1.0517 1.0621 1.0732 1.0846 1.0963 1.1087 1.1219 1.1358 1.1503 1.1656 1.1815 1.1982 1.2157 1.234 1.2532 1.2732 1.294 1.3158 1.3385 1.3621 1.3868 1.4125 1.439 1.4663 1.4947 1.5243 1.5551 1.5871 1.6201 1.6544 1.6899 1.7267 1.7646 1.8037 1.8441 1.8859 1.9293 1.9742 2.0207 2.0688 2.1186 2.1699 2.2231 2.2782 2.3354 2.3948 2.4567 2.5212 2.5884 2.6584 2.7314 2.8075 2.887 2.97 3.057 3.1494 3.2484 3.3555 3.4698 3.5893 3.7119 3.8372 3.9746 4.1373 4.3388 4.5912 4.8888 5.2163 5.5574 5.8952 
48 1.0318 1.0282 1.0077 0.99808 0.99308 0.9912 0.99071 0.99054 0.99054 0.99076 0.99115 0.99164 0.99219 0.99279 0.99344 0.99413 0.99485 0.99559 0.99635 0.99711 0.99787 0.99865 0.99947 1.0004 1.001 1.0048 1.0106 1.0178 1.026 1.0349 1.0445 1.0547 1.0655 1.0767 1.0883 1.1006 1.1136 1.1273 1.1416 1.1567 1.1725 1.189 1.2063 1.2244 1.2433 1.2631 1.2838 1.3053 1.3278 1.3512 1.3755 1.4008 1.4271 1.4543 1.4826 1.5119 1.5424 1.574 1.6068 1.6407 1.6758 1.7122 1.7498 1.7886 1.8288 1.8703 1.9133 1.9578 2.0038 2.0515 2.1007 2.1517 2.2046 2.2593 2.3161 2.3751 2.4364 2.5002 2.5667 2.636 2.7084 2.7841 2.8632 2.9457 3.0323 3.124 3.2224 3.3286 3.4418 3.5601 3.6815 3.8058 3.9427 4.1048 4.3055 4.5566 4.8517 5.1758 5.5133 5.8474 
48.5 1.0283 1.0251 1.0053 0.99661 0.99227 0.99063 0.9901 0.98987 0.98985 0.99007 0.99046 0.99094 0.99149 0.99209 0.99275 0.99345 0.99417 0.99492 0.99569 0.99647 0.99724 0.99802 0.9988 0.99961 1.0006 1.0018 1.0061 1.0124 1.0199 1.0284 1.0376 1.0475 1.058 1.069 1.0805 1.0927 1.1055 1.119 1.1332 1.148 1.1636 1.18 1.1971 1.215 1.2337 1.2533 1.2737 1.295 1.3172 1.3404 1.3645 1.3896 1.4156 1.4425 1.4705 1.4997 1.5299 1.5612 1.5936 1.6272 1.662 1.6981 1.7353 1.7738 1.8137 1.8549 1.8975 1.9416 1.9872 2.0345 2.0833 2.1339 2.1863 2.2406 2.297 2.3555 2.4163 2.4795 2.5454 2.6142 2.686 2.7611 2.8395 2.9215 3.0073 3.0984 3.1959 3.3012 3.4135 3.5308 3.6513 3.7748 3.9108 4.0718 4.2712 4.5204 4.8134 5.1352 5.4702 5.8019 
49 1.0275 1.0244 1.0047 0.99583 0.99139 0.98981 0.98938 0.98918 0.98915 0.98935 0.98974 0.99023 0.99078 0.99138 0.99205 0.99275 0.99348 0.99424 0.99501 0.9958 0.9966 0.99741 0.99822 0.99901 0.99977 1.0005 1.0027 1.0077 1.0143 1.0222 1.031 1.0406 1.0508 1.0616 1.0729 1.0849 1.0975 1.1109 1.1249 1.1396 1.155 1.1711 1.188 1.2057 1.2242 1.2436 1.2638 1.2849 1.3069 1.3298 1.3537 1.3785 1.4043 1.431 1.4587 1.4875 1.5175 1.5485 1.5807 1.614 1.6485 1.6842 1.7211 1.7593 1.7988 1.8396 1.8819 1.9256 1.9709 2.0177 2.0662 2.1163 2.1683 2.2221 2.278 2.336 2.3964 2.4592 2.5246 2.5929 2.6643 2.7388 2.8167 2.8981 2.9834 3.074 3.171 3.2759 3.3877 3.5046 3.6247 3.7477 3.8831 4.0437 4.2427 4.4919 4.7849 5.107 5.4422 5.7742 
49.5 1.0272 1.0241 1.0042 0.99521 0.99067 0.98905 0.98861 0.98843 0.98841 0.98862 0.98901 0.98949 0.99004 0.99065 0.99132 0.99203 0.99278 0.99354 0.99433 0.99513 0.99595 0.99677 0.99759 0.99842 0.99927 1.0002 1.0008 1.0039 1.0094 1.0166 1.0248 1.0339 1.0437 1.0542 1.0654 1.0773 1.0898 1.1029 1.1167 1.1312 1.1464 1.1624 1.1791 1.1966 1.215 1.2341 1.2541 1.275 1.2967 1.3194 1.3431 1.3677 1.3932 1.4196 1.4471 1.4756 1.5053 1.536 1.5679 1.6009 1.6351 1.6705 1.7071 1.745 1.7841 1.8246 1.8665 1.9099 1.9548 2.0012 2.0493 2.0991 2.1507 2.2042 2.2596 2.3173 2.3772 2.4396 2.5047 2.5726 2.6435 2.7176 2.7951 2.8759 2.9608 3.0508 3.1474 3.2518 3.3633 3.4797 3.5991 3.7212 3.8556 4.0155 4.2142 4.4639 4.7581 5.0818 5.419 5.7526 
50 1.0244 1.0205 1.0007 0.99353 0.99046 0.9888 0.98789 0.98757 0.98763 0.98788 0.98826 0.98873 0.98929 0.98991 0.99059 0.9913 0.99205 0.99283 0.99363 0.99445 0.99528 0.99612 0.99695 0.99778 0.99863 0.99952 1.0005 1.0014 1.0055 1.0116 1.0191 1.0277 1.0371 1.0472 1.0582 1.0699 1.0822 1.0951 1.1087 1.1231 1.1381 1.1539 1.1704 1.1877 1.2058 1.2248 1.2446 1.2652 1.2868 1.3092 1.3327 1.357 1.3823 1.4085 1.4356 1.4639 1.4933 1.5238 1.5553 1.5881 1.622 1.6571 1.6934 1.7309 1.7697 1.8098 1.8514 1.8945 1.9391 1.9852 2.033 2.0824 2.1336 2.1868 2.2419 2.2992 2.3588 2.4209 2.4856 2.5532 2.6238 2.6976 2.7746 2.8551 2.9395 3.0292 3.1254 3.2295 3.3407 3.4567 3.5755 3.6969 3.8306 3.99 4.1889 4.4394 4.7352 5.0607 5.3997 5.7351 
50.5 1.0217 1.018 0.99873 0.99231 0.98978 0.98822 0.9872 0.98681 0.98685 0.98711 0.98749 0.98796 0.98853 0.98915 0.98984 0.99056 0.99132 0.99211 0.99293 0.99376 0.9946 0.99545 0.99632 0.99718 0.99804 0.99887 0.9997 1.0007 1.0026 1.0073 1.0138 1.0217 1.0307 1.0406 1.0513 1.0627 1.0747 1.0875 1.1009 1.1151 1.1299 1.1455 1.1618 1.179 1.1969 1.2156 1.2352 1.2557 1.277 1.2993 1.3224 1.3464 1.3714 1.3974 1.4244 1.4525 1.4816 1.5117 1.543 1.5755 1.6091 1.6439 1.6799 1.7171 1.7556 1.7955 1.8367 1.8795 1.9238 1.9696 2.0171 2.0662 2.1171 2.1698 2.2246 2.2816 2.3409 2.4025 2.4668 2.5339 2.6041 2.6774 2.7541 2.8341 2.918 3.0071 3.1028 3.2063 3.3169 3.4323 3.5502 3.6706 3.8034 3.9621 4.1607 4.4115 4.708 5.0344 5.3743 5.7106 
51 1.0205 1.0169 0.99767 0.9914 0.989 0.98748 0.98645 0.98604 0.98607 0.98633 0.9867 0.98718 0.98775 0.98838 0.98907 0.98981 0.99058 0.99138 0.99221 0.99306 0.99392 0.99479 0.99566 0.99654 0.99744 0.99837 0.99929 1.0001 1.0006 1.0037 1.0092 1.0164 1.0248 1.0342 1.0446 1.0557 1.0675 1.0801 1.0933 1.1072 1.1219 1.1373 1.1534 1.1704 1.1881 1.2066 1.226 1.2463 1.2674 1.2894 1.3123 1.336 1.3608 1.3865 1.4133 1.4411 1.47 1.4999 1.5309 1.5631 1.5965 1.631 1.6668 1.7037 1.7419 1.7814 1.8224 1.8648 1.9088 1.9544 2.0015 2.0503 2.1008 2.1533 2.2077 2.2644 2.3233 2.3845 2.4483 2.515 2.5848 2.6578 2.7342 2.814 2.8976 2.9863 3.0815 3.1845 3.2945 3.4092 3.5266 3.6465 3.779 3.9373 4.1356 4.3858 4.6813 5.0066 5.3454 5.6804 
51.5 1.0197 1.016 0.99677 0.9906 0.98828 0.98673 0.98566 0.98523 0.98527 0.98553 0.9859 0.98638 0.98695 0.98759 0.98829 0.98904 0.98982 0.99064 0.99148 0.99234 0.99322 0.9941 0.99502 0.99597 0.9969 0.99778 0.99864 0.99951 1.0005 1.0015 1.0055 1.0116 1.0193 1.0283 1.0382 1.049 1.0605 1.0728 1.0858 1.0996 1.114 1.1292 1.1452 1.1619 1.1795 1.1978 1.217 1.237 1.258 1.2798 1.3024 1.3259 1.3504 1.3759 1.4025 1.43 1.4586 1.4883 1.5191 1.551 1.5841 1.6184 1.6538 1.6905 1.7284 1.7676 1.8083 1.8505 1.8942 1.9394 1.9863 2.0347 2.085 2.1371 2.1913 2.2476 2.3062 2.3671 2.4306 2.497 2.5664 2.6392 2.7152 2.7947 2.8779 2.9663 3.0612 3.1638 3.2733 3.3876 3.5046 3.6243 3.7567 3.915 4.1132 4.363 4.6578 4.982 5.3195 5.6534 
52 1.019 1.0153 0.99593 0.9898 0.98753 0.98597 0.98486 0.98441 0.98445 0.98471 0.98509 0.98557 0.98615 0.98679 0.9875 0.98826 0.98905 0.98989 0.99074 0.99162 0.99253 0.99348 0.99445 0.99541 0.9963 0.99714 0.99795 0.99882 0.99974 1.0007 1.0027 1.0076 1.0144 1.0227 1.0321 1.0425 1.0538 1.0658 1.0786 1.0921 1.1064 1.1214 1.1371 1.1537 1.171 1.1891 1.2081 1.2279 1.2487 1.2702 1.2926 1.3159 1.3402 1.3655 1.3918 1.4191 1.4475 1.4769 1.5074 1.5391 1.5719 1.606 1.6412 1.6776 1.7152 1.7542 1.7946 1.8365 1.8799 1.9249 1.9714 2.0197 2.0696 2.1214 2.1753 2.2314 2.2896 2.3503 2.4134 2.4795 2.5486 2.621 2.6967 2.7758 2.8587 2.9467 3.0411 3.1432 3.2522 3.3659 3.4823 3.6016 3.7338 3.8918 4.0896 4.3386 4.6322 4.9549 5.2909 5.6232 
52.5 1.0183 1.0145 0.99509 0.98901 0.98678 0.9852 0.98404 0.98357 0.98361 0.98387 0.98425 0.98474 0.98532 0.98598 0.9867 0.98747 0.98828 0.98912 0.99001 0.99096 0.99194 0.99291 0.99382 0.99465 0.9955 0.99643 0.99739 0.99835 0.99929 1.0003 1.0008 1.0044 1.0102 1.0176 1.0265 1.0364 1.0473 1.059 1.0715 1.0848 1.0988 1.1136 1.1292 1.1455 1.1627 1.1806 1.1994 1.219 1.2395 1.2609 1.2831 1.3062 1.3302 1.3553 1.3813 1.4084 1.4366 1.4658 1.496 1.5275 1.5601 1.5938 1.6288 1.6649 1.7023 1.741 1.7812 1.8228 1.866 1.9107 1.9569 2.0049 2.0545 2.1061 2.1596 2.2153 2.2733 2.3335 2.3964 2.462 2.5307 2.6027 2.6779 2.7565 2.839 2.9265 3.0204 3.1219 3.2302 3.3433 3.4591 3.5778 3.7094 3.8668 4.0637 4.3117 4.6038 4.925 5.2593 5.59 
53 1.0176 1.0137 0.99426 0.9882 0.98601 0.98441 0.98321 0.98272 0.98276 0.98303 0.98341 0.9839 0.98449 0.98516 0.98589 0.98667 0.98752 0.98844 0.98941 0.99037 0.99125 0.99207 0.99294 0.9939 0.99488 0.99585 0.99678 0.99771 0.99865 0.99963 1.0007 1.0022 1.0066 1.0131 1.0212 1.0306 1.0411 1.0525 1.0647 1.0777 1.0915 1.1061 1.1215 1.1376 1.1545 1.1723 1.1908 1.2103 1.2306 1.2517 1.2737 1.2965 1.3204 1.3452 1.3711 1.398 1.4258 1.4548 1.4849 1.516 1.5484 1.582 1.6167 1.6525 1.6896 1.7281 1.768 1.8094 1.8522 1.8967 1.9427 1.9903 2.0396 2.0909 2.1441 2.1995 2.2571 2.317 2.3795 2.4448 2.5131 2.5847 2.6595 2.7377 2.8197 2.9068 3.0003 3.1014 3.2091 3.3217 3.437 3.5552 3.6864 3.8435 4.0399 4.2871 4.5782 4.898 5.2309 5.5602 
53.5 1.0168 1.013 0.99342 0.98743 0.98528 0.98364 0.98238 0.98186 0.9819 0.98218 0.98257 0.98306 0.98365 0.98435 0.98518 0.98607 0.98691 0.98773 0.98858 0.98946 0.99037 0.99131 0.99229 0.99326 0.99423 0.9952 0.99618 0.99717 0.99814 0.99909 0.99995 1.0004 1.0036 1.0091 1.0165 1.0252 1.0352 1.0462 1.0581 1.0708 1.0844 1.0987 1.1139 1.1298 1.1465 1.1641 1.1824 1.2017 1.2218 1.2427 1.2645 1.2871 1.3107 1.3354 1.361 1.3877 1.4153 1.4441 1.4739 1.5048 1.537 1.5703 1.6047 1.6404 1.6772 1.7154 1.7551 1.7962 1.8388 1.8829 1.9286 1.976 2.025 2.076 2.1289 2.184 2.2413 2.3009 2.3631 2.4281 2.4961 2.5674 2.6419 2.7198 2.8015 2.8883 2.9815 3.0822 3.1896 3.3018 3.4167 3.5346 3.6656 3.8226 4.0189 4.2658 4.5565 4.8758 5.208 5.5366 
54 1.0169 1.0135 0.99367 0.98632 0.9833 0.98222 0.98176 0.98133 0.9811 0.98126 0.98169 0.98224 0.98288 0.98365 0.98455 0.9854 0.98608 0.98676 0.98762 0.98863 0.98964 0.99061 0.99158 0.99257 0.99357 0.99456 0.99556 0.99654 0.99752 0.99851 0.99953 1.0006 1.0018 1.0059 1.0123 1.0203 1.0297 1.0402 1.0518 1.0642 1.0775 1.0916 1.1065 1.1222 1.1387 1.156 1.1742 1.1932 1.2131 1.2339 1.2554 1.2779 1.3013 1.3257 1.3511 1.3776 1.405 1.4335 1.4631 1.4939 1.5258 1.5588 1.5931 1.6284 1.665 1.703 1.7424 1.7832 1.8256 1.8695 1.9149 1.962 2.0108 2.0615 2.1142 2.169 2.226 2.2853 2.3472 2.4118 2.4795 2.5503 2.6245 2.7019 2.7832 2.8695 2.9621 3.0622 3.1689 3.2802 3.3943 3.5114 3.6415 3.7974 3.9923 4.2375 4.5259 4.8428 5.1725 5.4986 
54.5 1.017 1.0133 0.99277 0.98466 0.9814 0.9808 0.98092 0.9807 0.98039 0.98046 0.98093 0.98161 0.98236 0.98303 0.98358 0.9842 0.98504 0.986 0.98696 0.9879 0.98886 0.98986 0.99087 0.99188 0.9929 0.99392 0.99494 0.99596 0.99697 0.99795 0.99889 0.99978 1.0008 1.0033 1.0086 1.0158 1.0245 1.0346 1.0457 1.0578 1.0708 1.0846 1.0993 1.1147 1.131 1.1482 1.1661 1.1849 1.2047 1.2252 1.2466 1.2688 1.292 1.3162 1.3414 1.3677 1.3949 1.4232 1.4526 1.4831 1.5148 1.5476 1.5816 1.6167 1.6531 1.6908 1.73 1.7706 1.8127 1.8563 1.9015 1.9482 1.9967 2.0471 2.0995 2.1539 2.2106 2.2696 2.3311 2.3953 2.4626 2.5331 2.6069 2.684 2.7649 2.8508 2.9431 3.0428 3.1491 3.2601 3.3737 3.4906 3.6205 3.7761 3.9706 4.2152 4.5027 4.8186 5.1471 5.4721 
55 1.0158 1.012 0.99154 0.98367 0.98058 0.97972 0.97962 0.97969 0.97987 0.9801 0.98037 0.98075 0.98124 0.98184 0.98258 0.98342 0.9843 0.9852 0.98614 0.98711 0.9881 0.98912 0.99015 0.99118 0.99222 0.99326 0.9943 0.99533 0.99636 0.99738 0.99841 0.99946 1.0006 1.0016 1.0056 1.0119 1.0199 1.0293 1.04 1.0517 1.0643 1.0778 1.0922 1.1075 1.1236 1.1405 1.1582 1.1768 1.1964 1.2167 1.2379 1.2599 1.2829 1.3069 1.3319 1.3579 1.385 1.413 1.4422 1.4725 1.504 1.5366 1.5703 1.6052 1.6414 1.6788 1.7177 1.7581 1.7999 1.8432 1.8882 1.9347 1.9829 2.0329 2.085 2.1391 2.1954 2.2541 2.3152 2.379 2.4459 2.516 2.5892 2.6658 2.7462 2.8316 2.9233 3.0224 3.128 3.2384 3.3514 3.4677 3.5969 3.7518 3.9455 4.1888 4.4748 4.7889 5.1156 5.4388 
55.5 1.0155 1.0118 0.99131 0.98339 0.98007 0.97894 0.97864 0.97858 0.97867 0.97893 0.97932 0.9798 0.98037 0.98103 0.98177 0.98259 0.98346 0.98439 0.98534 0.98633 0.98734 0.98838 0.98942 0.99047 0.99153 0.9926 0.99366 0.99473 0.99578 0.99683 0.99784 0.99882 0.99976 1.0009 1.0032 1.0084 1.0156 1.0244 1.0345 1.0458 1.0581 1.0713 1.0854 1.1004 1.1163 1.133 1.1505 1.1689 1.1882 1.2084 1.2293 1.2512 1.2739 1.2977 1.3226 1.3484 1.3752 1.4031 1.432 1.4621 1.4933 1.5257 1.5593 1.5939 1.6298 1.667 1.7057 1.7458 1.7873 1.8304 1.8751 1.9213 1.9692 2.0189 2.0707 2.1245 2.1806 2.2388 2.2996 2.3631 2.4296 2.4993 2.5722 2.6484 2.7283 2.8133 2.9045 3.003 3.1081 3.2177 3.3301 3.4457 3.5743 3.7284 3.9211 4.1632 4.4477 4.7602 5.0852 5.4066 
56 1.0151 1.0114 0.99081 0.98271 0.97923 0.978 0.97763 0.97752 0.9776 0.97788 0.97831 0.97885 0.97946 0.98015 0.98091 0.98175 0.98263 0.98357 0.98454 0.98554 0.98657 0.98762 0.98869 0.98976 0.99085 0.99193 0.99301 0.99409 0.99516 0.99623 0.99729 0.99835 0.99943 1.0006 1.0016 1.0056 1.0118 1.0199 1.0294 1.0402 1.0521 1.065 1.0789 1.0936 1.1092 1.1257 1.143 1.1612 1.1802 1.2 1.2208 1.2426 1.2652 1.2889 1.3134 1.339 1.3657 1.3933 1.4221 1.4519 1.4829 1.5151 1.5484 1.5829 1.6185 1.6555 1.6938 1.7337 1.775 1.8178 1.8622 1.9081 1.9557 2.0051 2.0565 2.11 2.1657 2.2235 2.2839 2.3469 2.413 2.4821 2.5545 2.6301 2.7094 2.7936 2.884 2.9817 3.0857 3.1944 3.3058 3.4203 3.5477 3.7003 3.8911 4.1309 4.4127 4.7222 5.0441 5.3626 
56.5 1.0146 1.0109 0.99008 0.98184 0.97827 0.97699 0.9766 0.97649 0.97657 0.97687 0.97733 0.97789 0.97853 0.97925 0.98004 0.98089 0.9818 0.98274 0.98373 0.98475 0.9858 0.98687 0.98795 0.98905 0.99015 0.99126 0.99236 0.99347 0.99457 0.99566 0.99674 0.99779 0.99879 0.99977 1.0009 1.0033 1.0085 1.0158 1.0247 1.035 1.0464 1.059 1.0725 1.0869 1.1023 1.1185 1.1357 1.1536 1.1724 1.192 1.2126 1.2342 1.2566 1.2801 1.3045 1.3299 1.3563 1.3838 1.4123 1.4419 1.4727 1.5047 1.5377 1.5719 1.6073 1.644 1.6821 1.7217 1.7627 1.8052 1.8492 1.8948 1.9421 1.9911 2.0422 2.0952 2.1504 2.2079 2.2677 2.3303 2.3958 2.4644 2.5361 2.6111 2.6897 2.7733 2.8629 2.9598 3.063 3.1709 3.2814 3.3951 3.5215 3.6729 3.8622 4.0999 4.3794 4.6863 5.0056 5.3214 
57 1.0139 1.0101 0.98925 0.9809 0.97726 0.97596 0.97558 0.97547 0.97556 0.97587 0.97635 0.97694 0.9776 0.97834 0.97915 0.98002 0.98094 0.98191 0.98291 0.98395 0.98502 0.98611 0.98721 0.98833 0.98945 0.99058 0.99171 0.99283 0.99395 0.99506 0.99615 0.99724 0.99833 0.99944 1.0006 1.0018 1.0059 1.0122 1.0204 1.0301 1.0411 1.0532 1.0664 1.0805 1.0956 1.1116 1.1285 1.1462 1.1648 1.1842 1.2046 1.2259 1.2482 1.2715 1.2957 1.3209 1.3471 1.3743 1.4027 1.4321 1.4626 1.4943 1.5271 1.5611 1.5962 1.6327 1.6705 1.7097 1.7504 1.7926 1.8364 1.8816 1.9285 1.9772 2.0278 2.0805 2.1353 2.1924 2.2518 2.314 2.3791 2.4473 2.5186 2.5932 2.6714 2.7546 2.8438 2.9403 3.0432 3.1506 3.2608 3.3742 3.5003 3.6513 3.8401 4.0772 4.3559 4.6619 4.9801 5.295 
57.5 1.0132 1.0094 0.98843 0.97995 0.97623 0.97492 0.97455 0.97446 0.97456 0.97489 0.97539 0.97599 0.97667 0.97743 0.97825 0.97914 0.98009 0.98107 0.98209 0.98315 0.98424 0.98534 0.98647 0.9876 0.98875 0.9899 0.99105 0.99219 0.99334 0.99447 0.9956 0.99671 0.99778 0.99883 0.99989 1.0008 1.0036 1.009 1.0164 1.0255 1.036 1.0477 1.0605 1.0743 1.0891 1.1048 1.1215 1.139 1.1574 1.1766 1.1967 1.2179 1.24 1.263 1.287 1.312 1.338 1.3651 1.3932 1.4224 1.4526 1.484 1.5165 1.5502 1.5852 1.6215 1.6591 1.698 1.7384 1.7803 1.8237 1.8687 1.9152 1.9636 2.0139 2.0663 2.1207 2.1774 2.2365 2.2982 2.3628 2.4306 2.5014 2.5755 2.6531 2.7356 2.8242 2.9199 3.0219 3.1284 3.2377 3.3501 3.475 3.6247 3.8118 4.0469 4.3233 4.6268 4.9426 5.255 
58 1.0125 1.0087 0.98763 0.97902 0.9752 0.97387 0.97353 0.97344 0.97356 0.9739 0.97441 0.97503 0.97573 0.9765 0.97735 0.97826 0.97922 0.98022 0.98126 0.98234 0.98344 0.98457 0.98571 0.98687 0.98804 0.98921 0.99038 0.99155 0.99271 0.99386 0.99501 0.99613 0.99725 0.99837 0.99952 1.0008 1.0021 1.0064 1.013 1.0213 1.0312 1.0425 1.0549 1.0684 1.0828 1.0983 1.1147 1.132 1.1501 1.1691 1.1891 1.21 1.2319 1.2547 1.2785 1.3033 1.3291 1.3559 1.3838 1.4128 1.4428 1.4739 1.5062 1.5397 1.5744 1.6104 1.6477 1.6864 1.7265 1.7681 1.8112 1.8558 1.902 1.95 1.9999 2.0519 2.106 2.1622 2.2208 2.282 2.3462 2.4135 2.4838 2.5573 2.6344 2.7163 2.8043 2.8994 3.0008 3.1068 3.2154 3.3272 3.4514 3.6002 3.7862 4.02 4.2948 4.5965 4.9105 5.2212 
58.5 1.0118 1.008 0.98681 0.97808 0.97419 0.97284 0.9725 0.97244 0.97256 0.97291 0.97344 0.97408 0.97479 0.97558 0.97645 0.97737 0.97835 0.97937 0.98043 0.98153 0.98265 0.9838 0.98496 0.98614 0.98733 0.98852 0.98971 0.9909 0.99209 0.99327 0.99445 0.99561 0.99676 0.99789 0.99897 1 1.001 1.0041 1.0098 1.0175 1.0268 1.0375 1.0495 1.0627 1.0769 1.092 1.1081 1.125 1.143 1.1618 1.1816 1.2024 1.224 1.2466 1.2702 1.2948 1.3203 1.347 1.3746 1.4034 1.4331 1.464 1.496 1.5292 1.5637 1.5994 1.6364 1.6748 1.7146 1.7559 1.7987 1.843 1.8889 1.9365 1.9861 2.0377 2.0914 2.1473 2.2055 2.2663 2.3301 2.3969 2.4668 2.5398 2.6165 2.6979 2.7853 2.8799 2.9807 3.0861 3.1942 3.3053 3.4289 3.577 3.762 3.9947 4.2682 4.5685 4.881 5.1902 
59 1.0111 1.0073 0.986 0.97714 0.97315 0.9718 0.97148 0.97143 0.97156 0.97192 0.97246 0.97312 0.97385 0.97465 0.97553 0.97648 0.97747 0.97851 0.97959 0.98071 0.98185 0.98302 0.9842 0.9854 0.98661 0.98782 0.98904 0.99025 0.99147 0.99267 0.99386 0.99503 0.99619 0.99732 0.99845 0.99961 1.0009 1.0026 1.0072 1.0141 1.0227 1.0329 1.0445 1.0572 1.0711 1.0859 1.1017 1.1183 1.136 1.1547 1.1743 1.1948 1.2163 1.2387 1.262 1.2864 1.3117 1.3381 1.3656 1.3941 1.4236 1.4542 1.4859 1.5189 1.5531 1.5886 1.6253 1.6634 1.7029 1.744 1.7864 1.8304 1.876 1.9233 1.9726 2.0238 2.0772 2.1327 2.1905 2.251 2.3143 2.3807 2.4502 2.5227 2.5989 2.6798 2.7666 2.8605 2.9606 3.0653 3.1726 3.2829 3.4056 3.5526 3.7364 3.9674 4.2391 4.5375 4.848 5.1551 
59.5 1.0104 1.0066 0.98519 0.97621 0.97213 0.97076 0.97046 0.97042 0.97056 0.97094 0.97149 0.97216 0.9729 0.97372 0.97462 0.97558 0.9766 0.97766 0.97875 0.97989 0.98105 0.98224 0.98344 0.98466 0.98589 0.98713 0.98836 0.9896 0.99083 0.99206 0.99327 0.99448 0.99567 0.99686 0.99802 0.99918 1.0004 1.0012 1.005 1.011 1.019 1.0286 1.0397 1.052 1.0655 1.08 1.0955 1.1119 1.1293 1.1478 1.1671 1.1874 1.2086 1.2308 1.254 1.2781 1.3033 1.3294 1.3566 1.3849 1.4142 1.4445 1.476 1.5088 1.5427 1.5779 1.6144 1.6522 1.6914 1.7322 1.7743 1.818 1.8632 1.9102 1.9591 2.0101 2.063 2.1181 2.1755 2.2355 2.2984 2.3644 2.4333 2.5054 2.581 2.6613 2.7475 2.8407 2.9401 3.044 3.1505 3.2601 3.3818 3.5277 3.7101 3.9394 4.2091 4.5054 4.8138 5.1189 
60 1.0097 1.0059 0.98439 0.97528 0.97112 0.96973 0.96944 0.96941 0.96956 0.96995 0.97051 0.97119 0.97195 0.97279 0.97371 0.97469 0.97572 0.9768 0.97791 0.97906 0.98025 0.98145 0.98268 0.98392 0.98517 0.98643 0.98769 0.98895 0.9902 0.99145 0.99269 0.99392 0.99512 0.9963 0.99744 0.99858 0.99974 1.001 1.0033 1.0084 1.0156 1.0246 1.0352 1.0471 1.0601 1.0743 1.0895 1.1057 1.1229 1.141 1.1601 1.1802 1.2012 1.2232 1.2461 1.27 1.2949 1.3209 1.3478 1.3759 1.4049 1.435 1.4663 1.4987 1.5324 1.5673 1.6035 1.6411 1.68 1.7205 1.7623 1.8056 1.8505 1.8972 1.9457 1.9963 2.0488 2.1035 2.1605 2.22 2.2825 2.3479 2.4164 2.4879 2.563 2.6427 2.7283 2.8209 2.9197 3.023 3.129 3.238 3.3591 3.5041 3.6855 3.9135 4.1818 4.4765 4.7832 5.0867 
60.5 1.0091 1.0053 0.9837 0.97441 0.9701 0.96869 0.96842 0.96841 0.96856 0.96895 0.96953 0.97023 0.971 0.97186 0.97279 0.97378 0.97483 0.97593 0.97706 0.97823 0.97944 0.98066 0.98191 0.98317 0.98444 0.98572 0.98701 0.98829 0.98957 0.99083 0.99209 0.99334 0.99457 0.99579 0.997 0.99821 0.99944 1.0007 1.002 1.0062 1.0126 1.021 1.031 1.0424 1.055 1.0687 1.0836 1.0996 1.1165 1.1344 1.1533 1.1731 1.1939 1.2156 1.2384 1.262 1.2867 1.3124 1.3392 1.367 1.3958 1.4257 1.4566 1.4888 1.5223 1.5569 1.5928 1.6301 1.6687 1.7089 1.7504 1.7934 1.838 1.8843 1.9324 1.9826 2.0348 2.0891 2.1457 2.2048 2.2668 2.3317 2.3997 2.4707 2.5452 2.6243 2.7092 2.8011 2.8992 3.0017 3.1069 3.2151 3.3352 3.4792 3.6593 3.8858 4.1525 4.4456 4.7506 5.0525 
61 1.0085 1.0047 0.9829 0.97349 0.96911 0.96767 0.96741 0.96741 0.96757 0.96797 0.96856 0.96927 0.97006 0.97093 0.97187 0.97289 0.97395 0.97507 0.97622 0.97741 0.97863 0.97988 0.98115 0.98243 0.98372 0.98502 0.98633 0.98763 0.98893 0.99022 0.99151 0.99279 0.99406 0.99531 0.99654 0.99773 0.99888 0.99995 1.0007 1.004 1.0098 1.0176 1.0271 1.038 1.0501 1.0635 1.078 1.0937 1.1104 1.128 1.1466 1.1662 1.1868 1.2083 1.2308 1.2542 1.2787 1.3042 1.3307 1.3583 1.3868 1.4164 1.4471 1.4791 1.5122 1.5466 1.5823 1.6192 1.6576 1.6974 1.7387 1.7814 1.8256 1.8715 1.9194 1.9692 2.0211 2.075 2.1312 2.19 2.2516 2.3162 2.3839 2.4546 2.5287 2.6074 2.6919 2.7834 2.8811 2.9831 3.0879 3.1955 3.3151 3.4583 3.6375 3.863 4.1285 4.4203 4.724 5.0245 
61.5 1.0079 1.0041 0.98224 0.97264 0.9681 0.96663 0.96639 0.9664 0.96657 0.96698 0.96758 0.9683 0.9691 0.96999 0.97095 0.97198 0.97306 0.9742 0.97537 0.97658 0.97782 0.97909 0.98037 0.98168 0.98299 0.98431 0.98564 0.98697 0.98829 0.98961 0.99092 0.99222 0.99349 0.99475 0.99598 0.99719 0.9984 0.99964 1.001 1.0029 1.0077 1.0146 1.0233 1.0336 1.0454 1.0585 1.0727 1.088 1.1044 1.1218 1.1402 1.1595 1.1798 1.2011 1.2233 1.2465 1.2708 1.296 1.3223 1.3496 1.378 1.4073 1.4378 1.4695 1.5024 1.5365 1.5719 1.6086 1.6466 1.686 1.7269 1.7693 1.8133 1.8591 1.9067 1.9562 2.0077 2.0613 2.1171 2.1755 2.2367 2.3009 2.3681 2.4383 2.5119 2.59 2.674 2.7648 2.8617 2.9631 3.067 3.1739 3.2925 3.4346 3.6125 3.8365 4.1003 4.3902 4.6921 4.9908 
62 1.0072 1.0034 0.98143 0.97172 0.96711 0.96562 0.96538 0.9654 0.96557 0.96599 0.9666 0.96734 0.96815 0.96905 0.97003 0.97108 0.97218 0.97333 0.97452 0.97574 0.977 0.97829 0.9796 0.98093 0.98226 0.98361 0.98496 0.98631 0.98765 0.98899 0.99032 0.99164 0.99294 0.99423 0.9955 0.99677 0.99803 0.99928 1.0006 1.0017 1.0057 1.0118 1.0199 1.0297 1.041 1.0537 1.0676 1.0826 1.0986 1.1157 1.1338 1.1529 1.173 1.194 1.216 1.239 1.263 1.288 1.3141 1.3412 1.3693 1.3984 1.4286 1.46 1.4926 1.5265 1.5617 1.5981 1.6358 1.6749 1.7155 1.7576 1.8013 1.8468 1.894 1.9432 1.9943 2.0475 2.103 2.161 2.2218 2.2855 2.3523 2.422 2.4952 2.5728 2.6563 2.7466 2.843 2.9439 3.0474 3.1537 3.2718 3.4133 3.5903 3.8133 4.076 4.3648 4.6655 4.9629 
62.5 1.0068 1.0029 0.98084 0.97091 0.96612 0.96459 0.96437 0.9644 0.96458 0.965 0.96563 0.96638 0.96721 0.96812 0.96912 0.97018 0.9713 0.97246 0.97367 0.97492 0.9762 0.9775 0.97883 0.98018 0.98154 0.9829 0.98427 0.98565 0.98701 0.98838 0.98973 0.99108 0.99241 0.99372 0.99501 0.99628 0.99752 0.99872 0.99982 1.0009 1.0036 1.0091 1.0167 1.026 1.0369 1.0491 1.0626 1.0772 1.093 1.1098 1.1277 1.1465 1.1663 1.1871 1.2089 1.2316 1.2554 1.2802 1.306 1.3329 1.3607 1.3895 1.4195 1.4507 1.483 1.5167 1.5515 1.5877 1.6251 1.664 1.7042 1.746 1.7895 1.8346 1.8815 1.9304 1.9812 2.034 2.0891 2.1467 2.2071 2.2704 2.3367 2.4059 2.4786 2.5557 2.6385 2.7281 2.8238 2.924 3.0267 3.1322 3.2493 3.3897 3.5654 3.7868 4.0478 4.3347 4.6335 4.9291 
63 1.0062 1.0024 0.98019 0.97007 0.96513 0.96356 0.96336 0.96341 0.96359 0.96401 0.96465 0.96541 0.96626 0.96718 0.96819 0.96927 0.9704 0.97159 0.97281 0.97408 0.97538 0.97671 0.97806 0.97942 0.9808 0.98219 0.98358 0.98498 0.98637 0.98776 0.98914 0.9905 0.99185 0.99319 0.99452 0.99584 0.99709 0.9983 0.99953 1.0009 1.0026 1.0071 1.0139 1.0226 1.0329 1.0447 1.0578 1.0721 1.0876 1.1041 1.1217 1.1402 1.1598 1.1803 1.2019 1.2244 1.248 1.2725 1.298 1.3245 1.3521 1.3808 1.4106 1.4415 1.4736 1.507 1.5416 1.5774 1.6146 1.6532 1.6931 1.7346 1.7777 1.8226 1.8692 1.9177 1.9682 2.0206 2.0754 2.1326 2.1925 2.2555 2.3213 2.3902 2.4624 2.539 2.6212 2.7103 2.8054 2.9049 3.007 3.1118 3.2281 3.3674 3.5419 3.7618 4.0211 4.3063 4.6033 4.8971 
63.5 1.0057 1.0019 0.97958 0.96926 0.96417 0.96255 0.96235 0.96241 0.9626 0.96303 0.96368 0.96445 0.96531 0.96625 0.96727 0.96836 0.96952 0.97072 0.97196 0.97325 0.97456 0.97591 0.97728 0.97867 0.98007 0.98148 0.98289 0.98431 0.98573 0.98714 0.98854 0.98995 0.99137 0.99278 0.99409 0.99533 0.99657 0.99786 0.99916 1.0004 1.0014 1.0052 1.0113 1.0194 1.0292 1.0406 1.0533 1.0672 1.0823 1.0986 1.1158 1.1341 1.1534 1.1737 1.195 1.2173 1.2406 1.2649 1.2902 1.3164 1.3438 1.3722 1.4018 1.4325 1.4643 1.4974 1.5317 1.5673 1.6042 1.6425 1.6822 1.7234 1.7662 1.8107 1.8569 1.9051 1.9552 2.0073 2.0616 2.1184 2.178 2.2404 2.3058 2.3742 2.4459 2.5219 2.6037 2.6921 2.7866 2.8855 2.987 3.0912 3.2067 3.3452 3.5186 3.7373 3.9953 4.2791 4.5747 4.8672 
64 1.0052 1.0014 0.97894 0.96844 0.9632 0.96155 0.96136 0.96142 0.96161 0.96205 0.96271 0.96349 0.96436 0.96532 0.96635 0.96746 0.96863 0.96985 0.97111 0.97241 0.97375 0.97512 0.97651 0.97792 0.97934 0.98077 0.98222 0.98366 0.9851 0.98656 0.98805 0.9895 0.99086 0.99215 0.99346 0.9948 0.9961 0.99734 0.99855 0.99978 1.0011 1.0037 1.009 1.0165 1.0258 1.0366 1.0489 1.0625 1.0773 1.0932 1.1101 1.1282 1.1472 1.1672 1.1883 1.2103 1.2334 1.2575 1.2825 1.3085 1.3356 1.3638 1.3931 1.4235 1.4552 1.488 1.522 1.5574 1.594 1.632 1.6713 1.7122 1.7547 1.7989 1.8449 1.8927 1.9425 1.9943 2.0482 2.1046 2.1638 2.2259 2.2909 2.3589 2.4302 2.5058 2.5871 2.675 2.7691 2.8675 2.9685 3.0721 3.1871 3.3249 3.4975 3.7151 3.972 4.2546 4.5488 4.84 
64.5 1.0047 1.0009 0.97826 0.96761 0.96225 0.96055 0.96037 0.96043 0.96062 0.96106 0.96173 0.96253 0.96341 0.96438 0.96543 0.96656 0.96774 0.96898 0.97026 0.97158 0.97294 0.97433 0.97574 0.97717 0.97862 0.98007 0.98154 0.98304 0.98456 0.98605 0.98746 0.98883 0.9902 0.99158 0.99294 0.99428 0.9956 0.99691 0.99822 0.99955 1.0009 1.0027 1.0072 1.0139 1.0226 1.0329 1.0448 1.0579 1.0724 1.088 1.1046 1.1224 1.1411 1.1609 1.1817 1.2035 1.2264 1.2502 1.2749 1.3007 1.3275 1.3555 1.3846 1.4148 1.4461 1.4787 1.5125 1.5475 1.5839 1.6216 1.6607 1.7013 1.7435 1.7874 1.833 1.8806 1.93 1.9815 2.0351 2.0912 2.15 2.2117 2.2764 2.344 2.4149 2.4901 2.5709 2.6584 2.752 2.8499 2.9504 3.0536 3.168 3.3051 3.4769 3.6937 3.9495 4.2309 4.524 4.814 
65 1.0006 0.99607 0.97372 0.96523 0.96175 0.9602 0.9595 0.95935 0.95961 0.96011 0.96078 0.96157 0.96247 0.96345 0.96452 0.96566 0.96686 0.96811 0.96941 0.97075 0.97213 0.97354 0.97498 0.97643 0.97791 0.97942 0.98095 0.98247 0.98395 0.98538 0.98679 0.9882 0.98961 0.99103 0.99244 0.99382 0.99518 0.99652 0.99784 0.99915 1.0005 1.0015 1.0054 1.0115 1.0196 1.0294 1.0408 1.0536 1.0677 1.0829 1.0993 1.1167 1.1352 1.1547 1.1753 1.1968 1.2194 1.243 1.2675 1.293 1.3196 1.3473 1.3761 1.4061 1.4372 1.4695 1.5031 1.5379 1.574 1.6114 1.6502 1.6905 1.7324 1.7761 1.8214 1.8687 1.9179 1.969 2.0223 2.0781 2.1366 2.1981 2.2624 2.3297 2.4003 2.4752 2.5556 2.6427 2.7359 2.8334 2.9335 3.0363 3.1502 3.2868 3.458 3.674 3.9289 4.2094 4.5016 4.7907 
65.5 0.99785 0.99355 0.97167 0.96372 0.96065 0.95927 0.95858 0.9584 0.95865 0.95916 0.95983 0.96063 0.96153 0.96253 0.96361 0.96476 0.96598 0.96725 0.96857 0.96993 0.97133 0.97276 0.97423 0.97574 0.97728 0.97882 0.98033 0.9818 0.98323 0.98466 0.98613 0.98762 0.98908 0.99052 0.99193 0.99333 0.9947 0.99602 0.99731 0.99856 0.9998 1.0011 1.0038 1.0092 1.0167 1.0261 1.037 1.0494 1.0631 1.078 1.0941 1.1112 1.1294 1.1487 1.169 1.1903 1.2126 1.2359 1.2602 1.2855 1.3118 1.3393 1.3679 1.3976 1.4284 1.4605 1.4938 1.5284 1.5642 1.6014 1.6399 1.68 1.7216 1.765 1.8101 1.8571 1.906 1.9568 2.0098 2.0652 2.1234 2.1845 2.2486 2.3155 2.3857 2.4602 2.5402 2.6268 2.7195 2.8166 2.9162 3.0185 3.132 3.268 3.4385 3.6535 3.9073 4.1865 4.4772 4.7649 
66 0.99665 0.99236 0.9705 0.96264 0.95965 0.95829 0.9576 0.95742 0.95767 0.95819 0.95887 0.95968 0.9606 0.9616 0.9627 0.96387 0.9651 0.9664 0.96774 0.96912 0.97055 0.97204 0.97358 0.97511 0.97662 0.97809 0.97954 0.98101 0.98252 0.98405 0.98556 0.98705 0.98852 0.98997 0.9914 0.99281 0.99419 0.99555 0.99689 0.99822 0.99957 1.001 1.0029 1.0075 1.0143 1.023 1.0335 1.0454 1.0587 1.0733 1.089 1.1059 1.1238 1.1428 1.1628 1.1839 1.206 1.229 1.2531 1.2781 1.3041 1.3314 1.3597 1.3892 1.4198 1.4517 1.4847 1.5191 1.5546 1.5915 1.6298 1.6696 1.711 1.7541 1.7989 1.8457 1.8943 1.9448 1.9975 2.0526 2.1105 2.1713 2.235 2.3017 2.3715 2.4456 2.5253 2.6115 2.7038 2.8004 2.8997 3.0016 3.1147 3.2503 3.4202 3.6345 3.8873 4.1655 4.4552 4.7418 
66.5 0.99563 0.99132 0.96946 0.96165 0.95871 0.95734 0.95663 0.95644 0.9567 0.95723 0.95792 0.95874 0.95967 0.96069 0.9618 0.96299 0.96424 0.96556 0.96693 0.96835 0.96984 0.9714 0.97294 0.97436 0.97575 0.97722 0.97879 0.98037 0.98191 0.98343 0.98495 0.98646 0.98796 0.98943 0.99088 0.99232 0.99374 0.99513 0.99651 0.99787 0.99922 1.0006 1.0018 1.0058 1.012 1.0202 1.0301 1.0416 1.0545 1.0687 1.0841 1.1007 1.1183 1.1371 1.1569 1.1776 1.1994 1.2221 1.2459 1.2708 1.2967 1.3237 1.3518 1.381 1.4114 1.443 1.4758 1.5099 1.5453 1.5819 1.6199 1.6595 1.7006 1.7434 1.788 1.8345 1.8828 1.9331 1.9855 2.0403 2.0979 2.1584 2.2219 2.2882 2.3576 2.4314 2.5106 2.5965 2.6883 2.7845 2.8833 2.9848 3.0974 3.2324 3.4016 3.615 3.8668 4.1438 4.4323 4.7178 
67 0.99471 0.99037 0.96845 0.9607 0.95781 0.95643 0.95567 0.95547 0.95574 0.95628 0.95698 0.95781 0.95875 0.95979 0.96092 0.96212 0.96342 0.9648 0.96624 0.96771 0.96915 0.97055 0.97197 0.97346 0.97502 0.97658 0.97814 0.97969 0.98125 0.98281 0.98435 0.98589 0.9874 0.9889 0.99038 0.99184 0.99328 0.99468 0.99605 0.99736 0.99862 0.99988 1.0012 1.0042 1.0097 1.0174 1.0269 1.0379 1.0505 1.0643 1.0794 1.0956 1.113 1.1315 1.151 1.1715 1.1929 1.2154 1.239 1.2636 1.2893 1.3161 1.344 1.373 1.4031 1.4345 1.4671 1.5009 1.536 1.5724 1.6102 1.6495 1.6904 1.733 1.7773 1.8235 1.8716 1.9216 1.9737 2.0282 2.0855 2.1457 2.2089 2.2748 2.344 2.4174 2.4963 2.5818 2.6733 2.7691 2.8675 2.9686 3.0809 3.2154 3.384 3.5967 3.8477 4.1237 4.4112 4.6957 
67.5 0.99378 0.98942 0.96748 0.95977 0.95692 0.95553 0.95473 0.95452 0.95479 0.95534 0.95605 0.95689 0.95786 0.95892 0.96007 0.96134 0.96272 0.96416 0.96552 0.96678 0.96811 0.96961 0.9712 0.97276 0.97431 0.97587 0.97745 0.97903 0.98061 0.98219 0.98375 0.98531 0.98684 0.98836 0.98986 0.99133 0.99277 0.99418 0.99557 0.99692 0.99827 0.99965 1.0011 1.0032 1.008 1.015 1.0239 1.0345 1.0466 1.0601 1.0748 1.0907 1.1078 1.126 1.1452 1.1655 1.1867 1.2089 1.2322 1.2566 1.2821 1.3087 1.3363 1.3651 1.395 1.4261 1.4585 1.4921 1.527 1.5632 1.6007 1.6397 1.6804 1.7227 1.7668 1.8128 1.8606 1.9103 1.9622 2.0164 2.0734 2.1334 2.1962 2.2619 2.3308 2.4038 2.4824 2.5675 2.6585 2.7539 2.852 2.9526 3.0643 3.1983 3.3663 3.5782 3.8282 4.1033 4.3898 4.6732 
68 0.9939 0.98983 0.96758 0.95861 0.95487 0.95393 0.95395 0.95395 0.95399 0.95437 0.95511 0.95602 0.95701 0.95813 0.95941 0.96073 0.96194 0.9631 0.96439 0.96585 0.96739 0.96891 0.97043 0.97199 0.97357 0.97517 0.97677 0.97837 0.97997 0.98156 0.98315 0.98472 0.98628 0.98781 0.98933 0.99082 0.99229 0.99374 0.99516 0.99657 0.99796 0.99936 1.0008 1.0022 1.0063 1.0127 1.0211 1.0312 1.0429 1.056 1.0704 1.086 1.1027 1.1206 1.1396 1.1596 1.1806 1.2025 1.2256 1.2498 1.275 1.3014 1.3288 1.3573 1.387 1.4179 1.4501 1.4835 1.5182 1.5541 1.5914 1.6302 1.6706 1.7127 1.7565 1.8021 1.8495 1.899 1.9507 2.0048 2.0615 2.121 2.1833 2.2486 2.3172 2.39 2.4684 2.5531 2.6438 2.7387 2.8362 2.9364 3.0476 3.181 3.3482 3.5593 3.8083 4.0824 4.3679 4.6503 
68.5 0.99284 0.98865 0.96616 0.95701 0.95331 0.95263 0.95296 0.95311 0.95317 0.95359 0.95443 0.95541 0.95636 0.95732 0.95842 0.95961 0.96088 0.96223 0.96364 0.96509 0.96659 0.96812 0.96968 0.97126 0.97286 0.97447 0.97609 0.97771 0.97933 0.98095 0.98255 0.98414 0.98572 0.98728 0.98882 0.99033 0.99183 0.99331 0.99476 0.99617 0.99753 0.99886 1.0002 1.0011 1.0047 1.0105 1.0184 1.0281 1.0393 1.052 1.0661 1.0814 1.0979 1.1155 1.1341 1.1538 1.1745 1.1963 1.2192 1.2431 1.2681 1.2942 1.3214 1.3498 1.3793 1.41 1.4418 1.4749 1.5093 1.5451 1.5822 1.6208 1.661 1.7028 1.7463 1.7916 1.8388 1.888 1.9394 1.9932 2.0496 2.1088 2.1708 2.2358 2.3041 2.3766 2.4546 2.5391 2.6294 2.724 2.8211 2.921 3.0318 3.1647 3.3314 3.5418 3.7901 4.0634 4.3481 4.6297 
69 0.9919 0.98772 0.96533 0.95642 0.95273 0.95161 0.95159 0.95197 0.95252 0.95308 0.95364 0.95434 0.95526 0.95633 0.95749 0.95872 0.96002 0.96139 0.96282 0.96429 0.9658 0.96735 0.96892 0.97052 0.97214 0.97377 0.97541 0.97705 0.97869 0.98033 0.98195 0.98357 0.98517 0.98674 0.9883 0.98984 0.99135 0.99283 0.99427 0.99566 0.99702 0.99837 0.99974 1.0012 1.0036 1.0087 1.016 1.0251 1.0359 1.0483 1.062 1.0769 1.0931 1.1104 1.1287 1.1481 1.1686 1.1902 1.2129 1.2366 1.2614 1.2872 1.3142 1.3423 1.3716 1.4021 1.4337 1.4665 1.5007 1.5362 1.5731 1.6115 1.6515 1.6931 1.7363 1.7813 1.8282 1.8772 1.9283 1.9818 2.0379 2.0967 2.1584 2.223 2.2909 2.3631 2.4406 2.5245 2.6143 2.7084 2.805 2.9042 3.0144 3.1465 3.3123 3.5216 3.7687 4.0406 4.3239 4.6042 
69.5 0.99151 0.9873 0.9648 0.9558 0.95205 0.95089 0.95076 0.95092 0.95126 0.95182 0.95256 0.95343 0.95439 0.95545 0.95661 0.95786 0.95917 0.96056 0.962 0.96348 0.96501 0.96657 0.96817 0.96979 0.97142 0.97307 0.97473 0.97639 0.97805 0.97971 0.98135 0.98299 0.9846 0.9862 0.98778 0.98933 0.99085 0.99235 0.99381 0.99525 0.99666 0.99808 0.99949 1.001 1.0027 1.0071 1.0138 1.0224 1.0328 1.0447 1.058 1.0726 1.0885 1.1054 1.1235 1.1426 1.1629 1.1843 1.2067 1.2302 1.2547 1.2804 1.3071 1.335 1.3641 1.3943 1.4257 1.4583 1.4922 1.5275 1.5642 1.6024 1.6421 1.6834 1.7264 1.7711 1.8178 1.8664 1.9173 1.9705 2.0263 2.0849 2.1463 2.2106 2.2782 2.3501 2.4273 2.511 2.6005 2.6943 2.7907 2.8898 2.9997 3.1316 3.297 3.5058 3.7522 4.0233 4.3057 4.5851 
70 0.9909 0.98665 0.96406 0.95496 0.95113 0.94993 0.94976 0.94989 0.95023 0.9508 0.95157 0.95247 0.95346 0.95455 0.95573 0.95699 0.95833 0.95973 0.96118 0.96268 0.96423 0.96581 0.96742 0.96906 0.97071 0.97238 0.97405 0.97574 0.97741 0.97909 0.98075 0.98241 0.98404 0.98566 0.98725 0.98882 0.99037 0.99189 0.99339 0.99486 0.99631 0.99773 0.99912 1.0005 1.0017 1.0056 1.0117 1.0198 1.0297 1.0412 1.0542 1.0685 1.084 1.1006 1.1184 1.1373 1.1573 1.1784 1.2006 1.2239 1.2482 1.2736 1.3002 1.3278 1.3567 1.3867 1.4178 1.4502 1.4839 1.5189 1.5554 1.5934 1.6329 1.6739 1.7167 1.7612 1.8076 1.856 1.9066 1.9596 2.0152 2.0734 2.1345 2.1986 2.2658 2.3374 2.4143 2.4976 2.5867 2.6801 2.776 2.8746 2.984 3.1152 3.2798 3.4876 3.7329 4.0028 4.2839 4.5621 
70.5 0.99013 0.98586 0.96318 0.95401 0.95014 0.94893 0.94876 0.9489 0.94924 0.94983 0.95061 0.95153 0.95255 0.95366 0.95486 0.95613 0.95749 0.9589 0.96037 0.96189 0.96345 0.96505 0.96668 0.96833 0.97 0.97169 0.97338 0.97508 0.97678 0.97847 0.98016 0.98183 0.98349 0.98512 0.98674 0.98833 0.9899 0.99144 0.99295 0.99442 0.99585 0.99722 0.99854 0.99983 1.0012 1.0041 1.0097 1.0173 1.0268 1.0379 1.0505 1.0644 1.0795 1.0959 1.1134 1.1321 1.1519 1.1728 1.1947 1.2177 1.2418 1.267 1.2933 1.3208 1.3494 1.3792 1.4101 1.4422 1.4757 1.5105 1.5468 1.5845 1.6238 1.6646 1.7071 1.7514 1.7975 1.8457 1.896 1.9487 2.004 2.062 2.1228 2.1865 2.2535 2.3247 2.4013 2.4842 2.5729 2.6659 2.7615 2.8598 2.9689 3.0997 3.2638 3.471 3.7154 3.9844 4.2646 4.5419 
71 0.98926 0.98497 0.96223 0.95303 0.94916 0.94794 0.94777 0.94791 0.94827 0.94887 0.94966 0.9506 0.95163 0.95276 0.95397 0.95527 0.95664 0.95807 0.95956 0.96109 0.96267 0.96429 0.96593 0.9676 0.96929 0.971 0.97271 0.97443 0.97615 0.97786 0.97956 0.98125 0.98293 0.98458 0.98622 0.98783 0.98941 0.99096 0.99247 0.99395 0.9954 0.99682 0.99823 0.99965 1.0012 1.0033 1.0081 1.0152 1.0241 1.0348 1.047 1.0605 1.0753 1.0913 1.1086 1.127 1.1466 1.1672 1.1889 1.2117 1.2356 1.2605 1.2866 1.3139 1.3423 1.3718 1.4025 1.4344 1.4677 1.5023 1.5383 1.5758 1.6149 1.6555 1.6977 1.7418 1.7877 1.8356 1.8857 1.9382 1.9932 2.051 2.1115 2.175 2.2418 2.3128 2.3892 2.4719 2.5604 2.6532 2.7486 2.8468 2.9557 3.0862 3.2498 3.456 3.6993 3.9669 4.2457 4.5215 
71.5 0.98833 0.98403 0.96127 0.95206 0.94818 0.94696 0.94679 0.94694 0.94731 0.94792 0.94873 0.94967 0.95072 0.95187 0.9531 0.95441 0.9558 0.95725 0.95875 0.9603 0.96189 0.96353 0.96519 0.96688 0.96858 0.97031 0.97204 0.97377 0.97551 0.97724 0.97896 0.98067 0.98237 0.98404 0.98569 0.98732 0.98891 0.99048 0.99202 0.99354 0.99503 0.99649 0.99794 0.99938 1.0009 1.0024 1.0067 1.0132 1.0216 1.0318 1.0435 1.0566 1.0712 1.087 1.1039 1.1221 1.1414 1.1617 1.1832 1.2058 1.2294 1.2542 1.28 1.3071 1.3353 1.3646 1.3951 1.4268 1.4598 1.4942 1.53 1.5673 1.6062 1.6466 1.6887 1.7325 1.7782 1.8259 1.8758 1.9281 1.9829 2.0405 2.1008 2.1641 2.2307 2.3015 2.3777 2.4602 2.5485 2.641 2.7362 2.8341 2.9427 3.073 3.2362 3.4419 3.6846 3.9516 4.2296 4.5046 
72 0.9875 0.98319 0.96036 0.95111 0.94721 0.94599 0.94583 0.94598 0.94636 0.94698 0.94781 0.94877 0.94983 0.95099 0.95223 0.95356 0.95496 0.95643 0.95795 0.95951 0.96112 0.96277 0.96445 0.96616 0.96788 0.96962 0.97137 0.97313 0.97488 0.97663 0.97837 0.9801 0.98181 0.9835 0.98517 0.98682 0.98844 0.99003 0.9916 0.99314 0.99465 0.99613 0.99756 0.99896 1.0003 1.0014 1.0052 1.0112 1.0192 1.0289 1.0402 1.053 1.0672 1.0827 1.0994 1.1173 1.1363 1.1564 1.1777 1.2 1.2234 1.2479 1.2736 1.3004 1.3284 1.3576 1.3879 1.4193 1.4521 1.4863 1.522 1.5591 1.5977 1.6379 1.6798 1.7234 1.7689 1.8164 1.8661 1.9181 1.9727 2.03 2.0901 2.1531 2.2193 2.2898 2.3655 2.4476 2.5353 2.6273 2.7219 2.8192 2.9271 3.0564 3.2184 3.4229 3.6641 3.9294 4.2058 4.4793 
72.5 0.98672 0.98236 0.95943 0.95014 0.94626 0.94504 0.94488 0.94504 0.94543 0.94606 0.94689 0.94787 0.94894 0.95011 0.95137 0.95272 0.95413 0.95561 0.95715 0.95873 0.96036 0.96202 0.96372 0.96544 0.96718 0.96894 0.97071 0.97248 0.97425 0.97602 0.97778 0.97953 0.98126 0.98297 0.98466 0.98632 0.98796 0.98958 0.99116 0.9927 0.99421 0.99565 0.99705 0.99842 0.99981 1.0013 1.0041 1.0093 1.0167 1.026 1.037 1.0495 1.0634 1.0785 1.095 1.1126 1.1313 1.1512 1.1722 1.1943 1.2175 1.2419 1.2673 1.2939 1.3217 1.3507 1.3807 1.412 1.4446 1.4786 1.514 1.5509 1.5893 1.6293 1.671 1.7143 1.7595 1.8067 1.8561 1.9079 1.9622 2.0191 2.0789 2.1416 2.2075 2.2776 2.3531 2.4347 2.5222 2.6138 2.7081 2.805 2.9125 3.0414 3.2028 3.4064 3.6466 3.9109 4.1861 4.4585 
73 0.98584 0.98149 0.95856 0.94923 0.94531 0.94409 0.94393 0.9441 0.9445 0.94514 0.94598 0.94697 0.94806 0.94924 0.95051 0.95187 0.9533 0.9548 0.95635 0.95795 0.95959 0.96127 0.96298 0.96472 0.96648 0.96826 0.97004 0.97183 0.97362 0.97541 0.97719 0.97895 0.9807 0.98243 0.98414 0.98582 0.98747 0.9891 0.99068 0.99224 0.99375 0.99524 0.9967 0.99816 0.99962 1.0011 1.0032 1.0078 1.0147 1.0235 1.034 1.0461 1.0597 1.0745 1.0907 1.108 1.1265 1.1462 1.1669 1.1888 1.2118 1.2359 1.2611 1.2875 1.3151 1.3439 1.3737 1.4048 1.4372 1.4709 1.5061 1.5428 1.581 1.6208 1.6622 1.7053 1.7502 1.7972 1.8463 1.8978 1.9519 2.0085 2.068 2.1304 2.196 2.2658 2.3408 2.4222 2.5092 2.6005 2.6944 2.7909 2.8979 3.0263 3.1871 3.39 3.6294 3.8928 4.167 4.4385 
73.5 0.9849 0.98053 0.95762 0.9483 0.94439 0.94316 0.943 0.94317 0.94358 0.94423 0.94508 0.94608 0.94718 0.94838 0.94966 0.95104 0.95248 0.95399 0.95556 0.95717 0.95883 0.96052 0.96226 0.96401 0.96579 0.96758 0.96938 0.97119 0.973 0.9748 0.97659 0.97838 0.98014 0.98189 0.98361 0.98531 0.98698 0.98862 0.99023 0.99181 0.99337 0.99491 0.99644 0.99793 0.99935 1.0008 1.0022 1.0064 1.0128 1.0211 1.0312 1.0429 1.0561 1.0707 1.0865 1.1036 1.1218 1.1412 1.1618 1.1834 1.2062 1.2301 1.2552 1.2813 1.3086 1.337 1.3667 1.3976 1.4299 1.4635 1.4984 1.5349 1.5728 1.6124 1.6536 1.6964 1.7411 1.7878 1.8368 1.888 1.9418 1.9982 2.0574 2.1196 2.1849 2.2544 2.3292 2.4103 2.4971 2.588 2.6816 2.7776 2.8842 3.012 3.1722 3.3746 3.6133 3.876 4.1496 4.4203 
74 0.98397 0.97964 0.95683 0.94746 0.94348 0.94225 0.9421 0.94228 0.94269 0.94335 0.94421 0.94522 0.94633 0.94754 0.94884 0.95023 0.95168 0.95321 0.95478 0.95641 0.95808 0.9598 0.96155 0.96332 0.96511 0.96691 0.96873 0.97056 0.97238 0.9742 0.97601 0.97781 0.9796 0.98136 0.9831 0.98482 0.98651 0.98817 0.9898 0.99143 0.99304 0.9946 0.99608 0.99749 0.99885 1.0002 1.0012 1.0049 1.0109 1.0188 1.0285 1.0399 1.0527 1.0669 1.0825 1.0993 1.1173 1.1364 1.1567 1.1781 1.2007 1.2244 1.2492 1.2752 1.3022 1.3304 1.3599 1.3906 1.4227 1.4561 1.4908 1.527 1.5648 1.6041 1.6451 1.6877 1.7321 1.7786 1.8272 1.8781 1.9316 1.9876 2.0464 2.1081 2.173 2.2419 2.3161 2.3964 2.4824 2.5725 2.6651 2.7602 2.8655 2.9918 3.1503 3.3506 3.5873 3.8479 4.1193 4.388 
74.5 0.98316 0.97888 0.95615 0.94667 0.9426 0.94135 0.94122 0.94141 0.94183 0.94249 0.94337 0.94438 0.94551 0.94672 0.94804 0.94943 0.9509 0.95244 0.95403 0.95567 0.95736 0.95908 0.96085 0.96263 0.96444 0.96626 0.96809 0.96993 0.97178 0.97361 0.97544 0.97726 0.97906 0.98084 0.9826 0.98434 0.98605 0.98774 0.9894 0.99104 0.99266 0.99419 0.99559 0.99695 0.99833 0.99978 1.0013 1.004 1.0093 1.0166 1.0259 1.0369 1.0494 1.0633 1.0786 1.0951 1.1128 1.1317 1.1518 1.173 1.1953 1.2188 1.2434 1.2691 1.296 1.324 1.3532 1.3838 1.4156 1.4487 1.4832 1.5192 1.5567 1.5958 1.6364 1.6786 1.7227 1.7688 1.817 1.8674 1.9203 1.9758 2.034 2.0949 2.1591 2.2272 2.3004 2.3796 2.4644 2.5535 2.645 2.7389 2.8427 2.967 3.1229 3.3201 3.5535 3.8107 4.0788 4.3443 
75 0.9823 0.97815 0.9556 0.946 0.94176 0.94046 0.94036 0.94058 0.94099 0.94166 0.94254 0.94357 0.9447 0.94592 0.94724 0.94865 0.95013 0.95168 0.95329 0.95494 0.95664 0.95838 0.96016 0.96196 0.96378 0.96562 0.96746 0.96932 0.97118 0.97303 0.97487 0.97671 0.97853 0.98033 0.98211 0.98386 0.9856 0.98733 0.98904 0.99066 0.99217 0.99365 0.99515 0.99665 0.99813 0.9996 1.0012 1.0032 1.0079 1.0148 1.0236 1.0341 1.0462 1.0598 1.0748 1.091 1.1085 1.1272 1.147 1.168 1.1901 1.2133 1.2377 1.2632 1.2898 1.3176 1.3466 1.3769 1.4084 1.4413 1.4755 1.5112 1.5484 1.5871 1.6273 1.6691 1.7128 1.7583 1.806 1.856 1.9083 1.9632 2.0207 2.0811 2.1445 2.2119 2.2842 2.3626 2.4466 2.5347 2.6255 2.7186 2.8214 2.9445 3.099 3.2946 3.5263 3.7818 4.0482 4.312 
75.5 1.0348 1.0269 0.98492 0.96564 0.95696 0.95252 0.94792 0.94346 0.94071 0.93887 0.93754 0.93687 0.93703 0.93802 0.93974 0.94195 0.94438 0.94689 0.94942 0.95195 0.95442 0.9567 0.95869 0.96039 0.96189 0.96335 0.96487 0.96648 0.96818 0.96996 0.97184 0.97381 0.97585 0.97794 0.98002 0.98208 0.98408 0.98603 0.98791 0.98969 0.99133 0.9929 0.99445 0.996 0.99755 0.99914 1.0009 1.0031 1.0077 1.0145 1.0231 1.0334 1.0454 1.0588 1.0736 1.0897 1.1071 1.1257 1.1455 1.1664 1.1884 1.2116 1.2358 1.2612 1.2877 1.3153 1.3441 1.3742 1.4055 1.4381 1.4721 1.5075 1.5443 1.5826 1.6224 1.6639 1.7071 1.7523 1.7995 1.849 1.9008 1.9552 2.0123 2.0723 2.1354 2.2023 2.274 2.3518 2.4356 2.5238 2.6161 2.7105 2.8133 2.9355 3.0887 3.2835 3.5163 3.7742 4.0438 4.311 
76 1.0872 1.0757 1.0142 0.98529 0.97216 0.96458 0.95547 0.94635 0.94043 0.93607 0.93255 0.93018 0.92937 0.93012 0.93224 0.93524 0.93862 0.94209 0.94556 0.94896 0.95219 0.95502 0.95723 0.95882 0.95999 0.96108 0.96228 0.96364 0.96518 0.9669 0.96881 0.97091 0.97318 0.97555 0.97794 0.9803 0.98256 0.98472 0.98678 0.98872 0.9905 0.99215 0.99375 0.99535 0.99698 0.99868 1.0006 1.0029 1.0075 1.0141 1.0226 1.0327 1.0445 1.0577 1.0724 1.0884 1.1057 1.1242 1.144 1.1648 1.1868 1.2098 1.234 1.2592 1.2855 1.313 1.3417 1.3715 1.4026 1.435 1.4686 1.5037 1.5402 1.5781 1.6176 1.6586 1.7015 1.7462 1.793 1.842 1.8933 1.9472 2.004 2.0636 2.1263 2.1927 2.2638 2.341 2.4245 2.5128 2.6067 2.7024 2.8053 2.9265 3.0784 3.2725 3.5062 3.7666 4.0394 4.31 
76.5 1.1397 1.1245 1.0436 1.0049 0.98737 0.97664 0.96303 0.94923 0.94014 0.93328 0.92755 0.92349 0.92171 0.92222 0.92474 0.92854 0.93287 0.93729 0.9417 0.94598 0.94997 0.95334 0.95577 0.95725 0.9581 0.95881 0.95969 0.96081 0.96219 0.96383 0.96578 0.96801 0.97051 0.97316 0.97586 0.97851 0.98104 0.98341 0.98566 0.98775 0.98966 0.9914 0.99305 0.99469 0.9964 0.99822 1.0003 1.0027 1.0073 1.0138 1.0221 1.0321 1.0436 1.0567 1.0712 1.0871 1.1043 1.1228 1.1425 1.1633 1.1852 1.2081 1.2321 1.2572 1.2834 1.3107 1.3392 1.3689 1.3997 1.4318 1.4652 1.5 1.5361 1.5737 1.6127 1.6534 1.6958 1.7402 1.7865 1.835 1.8858 1.9392 1.9956 2.0549 2.1173 2.1831 2.2536 2.3301 2.4135 2.5019 2.5973 2.6944 2.7973 2.9175 3.068 3.2614 3.4962 3.759 4.035 4.309 
77 1.1805 1.1622 1.0663 1.0201 0.99901 0.9857 0.96842 0.95084 0.93918 0.93032 0.92286 0.91747 0.91497 0.91534 0.91821 0.92268 0.92778 0.93299 0.93815 0.94313 0.94773 0.95154 0.95413 0.95554 0.95614 0.95656 0.9572 0.95813 0.9594 0.961 0.96299 0.96535 0.96804 0.97094 0.97391 0.97682 0.97958 0.98214 0.98456 0.9868 0.98885 0.99069 0.99241 0.99412 0.99591 0.99786 1.0001 1.0027 1.0072 1.0136 1.0218 1.0316 1.043 1.0559 1.0703 1.0861 1.1032 1.1216 1.1413 1.162 1.1838 1.2067 1.2305 1.2555 1.2816 1.3088 1.3372 1.3666 1.3973 1.4292 1.4623 1.4969 1.5328 1.57 1.6088 1.6492 1.6914 1.7355 1.7815 1.8296 1.8801 1.9332 1.9893 2.0485 2.1106 2.1761 2.2462 2.3223 2.4056 2.494 2.5905 2.6885 2.7912 2.9103 3.0594 3.2516 3.4865 3.7504 4.0281 4.3041 
77.5 1.1815 1.1626 1.0667 1.0201 0.9985 0.98452 0.96646 0.9481 0.93589 0.92677 0.9192 0.91379 0.91138 0.91193 0.91502 0.9197 0.925 0.93038 0.93568 0.94077 0.94545 0.9493 0.95191 0.95334 0.95395 0.95438 0.95504 0.95599 0.95731 0.95898 0.96105 0.9635 0.96629 0.96929 0.97238 0.97543 0.97831 0.98101 0.98355 0.98594 0.98813 0.99011 0.99197 0.99382 0.99574 0.9978 1.0002 1.0028 1.0074 1.0139 1.022 1.0318 1.0432 1.0561 1.0704 1.0861 1.1031 1.1215 1.1411 1.1618 1.1836 1.2063 1.2301 1.255 1.281 1.3082 1.3365 1.3659 1.3965 1.4284 1.4616 1.4961 1.5319 1.5692 1.6081 1.6486 1.691 1.7352 1.7815 1.8298 1.8805 1.9339 1.9903 2.0498 2.1122 2.178 2.2483 2.3247 2.4082 2.4969 2.5928 2.6901 2.7919 2.9094 3.0564 3.246 3.4778 3.7383 4.0128 4.2858 
78 1.1824 1.1629 1.0671 1.0201 0.99799 0.98335 0.96449 0.94536 0.93261 0.92322 0.91553 0.91011 0.9078 0.90852 0.91182 0.91673 0.92222 0.92777 0.93322 0.93842 0.94316 0.94706 0.9497 0.95114 0.95176 0.95221 0.95288 0.95386 0.95523 0.95697 0.9591 0.96164 0.96453 0.96765 0.97086 0.97403 0.97705 0.97987 0.98255 0.98508 0.98741 0.98953 0.99153 0.99351 0.99557 0.99775 1.0002 1.003 1.0077 1.0141 1.0223 1.0321 1.0434 1.0562 1.0705 1.0861 1.1031 1.1214 1.1409 1.1616 1.1833 1.2059 1.2296 1.2545 1.2805 1.3076 1.3358 1.3652 1.3958 1.4276 1.4608 1.4952 1.5311 1.5685 1.6074 1.6481 1.6906 1.735 1.7815 1.83 1.881 1.9347 1.9913 2.051 2.1138 2.1799 2.2505 2.3271 2.4107 2.4997 2.5951 2.6918 2.7925 2.9084 3.0534 3.2403 3.4691 3.7263 3.9975 4.2676 
78.5 1.1833 1.1633 1.0675 1.0201 0.99747 0.98217 0.96253 0.94262 0.92932 0.91967 0.91187 0.90643 0.90421 0.9051 0.90863 0.91375 0.91944 0.92516 0.93075 0.93606 0.94088 0.94482 0.94748 0.94893 0.94957 0.95003 0.95072 0.95173 0.95314 0.95495 0.95716 0.95979 0.96278 0.966 0.96934 0.97263 0.97578 0.97874 0.98155 0.98422 0.98669 0.98895 0.99109 0.99321 0.99539 0.99769 1.0003 1.0031 1.0079 1.0144 1.0226 1.0323 1.0436 1.0564 1.0706 1.0861 1.1031 1.1213 1.1408 1.1613 1.183 1.2056 1.2292 1.254 1.2799 1.307 1.3352 1.3645 1.3951 1.4269 1.46 1.4944 1.5303 1.5677 1.6067 1.6475 1.6902 1.7348 1.7814 1.8302 1.8814 1.9354 1.9923 2.0523 2.1153 2.1817 2.2527 2.3295 2.4133 2.5026 2.5973 2.6934 2.7932 2.9075 3.0504 3.2347 3.4605 3.7143 3.9821 4.2493 
79 1.1823 1.1619 1.0664 1.0188 0.99589 0.98016 0.96012 0.93987 0.92633 0.91655 0.9087 0.90329 0.90114 0.90215 0.9058 0.91107 0.91689 0.92272 0.92842 0.93382 0.9387 0.94269 0.94539 0.94687 0.94754 0.94803 0.94874 0.94979 0.95124 0.9531 0.95538 0.95809 0.96117 0.9645 0.96794 0.97135 0.97462 0.9777 0.98064 0.98344 0.98604 0.98843 0.9907 0.99295 0.99526 0.99767 1.0003 1.0033 1.0081 1.0147 1.0229 1.0326 1.0439 1.0566 1.0708 1.0863 1.1032 1.1214 1.1408 1.1613 1.1829 1.2054 1.229 1.2538 1.2797 1.3067 1.3348 1.3642 1.3947 1.4266 1.4597 1.4942 1.5301 1.5676 1.6067 1.6476 1.6905 1.7352 1.7821 1.8311 1.8825 1.9367 1.9939 2.0542 2.1175 2.1841 2.2554 2.3325 2.4165 2.5061 2.6005 2.6963 2.7955 2.9088 3.0502 3.2326 3.4561 3.7074 3.9726 4.2375 
79.5 1.1789 1.1585 1.0633 1.016 0.993 0.97714 0.95717 0.93711 0.92368 0.91395 0.90614 0.90079 0.8987 0.89975 0.90343 0.90873 0.91461 0.92049 0.92625 0.9317 0.93664 0.94068 0.94345 0.94498 0.9457 0.94623 0.94698 0.94807 0.94956 0.95147 0.95381 0.95659 0.95975 0.96316 0.9667 0.97021 0.97358 0.97677 0.97983 0.98275 0.98547 0.98799 0.99037 0.99274 0.99516 0.99768 1.0005 1.0035 1.0084 1.015 1.0232 1.033 1.0443 1.0569 1.0711 1.0866 1.1034 1.1216 1.1409 1.1614 1.183 1.2055 1.2291 1.2539 1.2798 1.3068 1.335 1.3643 1.3949 1.4268 1.46 1.4946 1.5306 1.5682 1.6075 1.6485 1.6915 1.7365 1.7835 1.8327 1.8844 1.9388 1.9963 2.0568 2.1203 2.1872 2.2587 2.3361 2.4205 2.5104 2.6049 2.7007 2.7999 2.9127 3.0533 3.2348 3.4569 3.7066 3.97 4.2335 
80 1.1754 1.155 1.0602 1.0132 0.99011 0.97412 0.95423 0.93434 0.92103 0.91135 0.90358 0.89829 0.89627 0.89735 0.90106 0.90639 0.91232 0.91827 0.92408 0.92959 0.93458 0.93868 0.94151 0.9431 0.94387 0.94444 0.94523 0.94635 0.94789 0.94984 0.95223 0.95508 0.95832 0.96183 0.96546 0.96906 0.97254 0.97585 0.97902 0.98206 0.9849 0.98754 0.99005 0.99253 0.99506 0.99769 1.0006 1.0037 1.0087 1.0154 1.0236 1.0334 1.0446 1.0573 1.0714 1.0868 1.1036 1.1218 1.1411 1.1616 1.1831 1.2056 1.2292 1.254 1.2799 1.3069 1.3351 1.3645 1.3951 1.4271 1.4603 1.495 1.5311 1.5688 1.6082 1.6495 1.6926 1.7378 1.785 1.8343 1.8862 1.9409 1.9986 2.0593 2.1231 2.1903 2.262 2.3398 2.4245 2.5147 2.6093 2.7051 2.8042 2.9166 3.0565 3.2369 3.4577 3.7058 3.9674 4.2294 
80.5 1.172 1.1516 1.0572 1.0104 0.98723 0.9711 0.95129 0.93157 0.91838 0.90874 0.90102 0.8958 0.89383 0.89495 0.89868 0.90405 0.91004 0.91604 0.92191 0.92748 0.93251 0.93668 0.93957 0.94121 0.94203 0.94265 0.94347 0.94463 0.94621 0.94821 0.95066 0.95358 0.95689 0.96049 0.96422 0.96792 0.9715 0.97492 0.97822 0.98138 0.98434 0.98709 0.98972 0.99232 0.99496 0.9977 1.0007 1.004 1.009 1.0157 1.024 1.0337 1.045 1.0576 1.0717 1.0871 1.1039 1.122 1.1413 1.1618 1.1833 1.2058 1.2293 1.2541 1.28 1.307 1.3352 1.3646 1.3953 1.4273 1.4606 1.4954 1.5316 1.5694 1.609 1.6504 1.6937 1.739 1.7864 1.836 1.8881 1.943 2.0009 2.0619 2.1259 2.1934 2.2654 2.3434 2.4284 2.5191 2.6136 2.7095 2.8085 2.9205 3.0597 3.2391 3.4585 3.7049 3.9648 4.2254 
81 1.171 1.1504 1.0552 1.0084 0.98512 0.96898 0.94918 0.92944 0.9162 0.90654 0.89877 0.8935 0.89152 0.89269 0.89645 0.90181 0.90782 0.91388 0.91984 0.92548 0.9306 0.93486 0.93782 0.93951 0.94037 0.94102 0.94187 0.94305 0.94466 0.9467 0.9492 0.95219 0.95558 0.95927 0.96308 0.96688 0.97057 0.9741 0.97751 0.98078 0.98385 0.98671 0.98944 0.99214 0.99488 0.99771 1.0008 1.0042 1.0093 1.016 1.0243 1.034 1.0453 1.0579 1.0719 1.0874 1.1042 1.1223 1.1416 1.1621 1.1836 1.2061 1.2297 1.2544 1.2804 1.3074 1.3357 1.3652 1.3959 1.428 1.4614 1.4962 1.5325 1.5704 1.6101 1.6517 1.6951 1.7406 1.7882 1.838 1.8902 1.9454 2.0035 2.0647 2.129 2.1967 2.269 2.3473 2.4327 2.5237 2.6183 2.7143 2.8134 2.9251 3.0636 3.2421 3.4601 3.7048 3.9628 4.2216 
81.5 1.1712 1.1504 1.0539 1.0067 0.98337 0.96726 0.94745 0.92759 0.91424 0.90452 0.89667 0.89129 0.88927 0.89048 0.89428 0.89962 0.90562 0.91175 0.9178 0.92354 0.92876 0.93313 0.93617 0.9379 0.93879 0.93947 0.94034 0.94155 0.94318 0.94525 0.9478 0.95086 0.95433 0.9581 0.962 0.9659 0.96969 0.97333 0.97685 0.98022 0.98339 0.98635 0.98918 0.99197 0.9948 0.99771 1.0009 1.0043 1.0095 1.0162 1.0245 1.0343 1.0455 1.0582 1.0722 1.0877 1.1045 1.1226 1.142 1.1625 1.184 1.2065 1.2302 1.255 1.2809 1.3081 1.3364 1.3659 1.3967 1.4288 1.4623 1.4972 1.5336 1.5717 1.6115 1.6531 1.6968 1.7424 1.7901 1.8401 1.8926 1.9479 2.0062 2.0677 2.1321 2.2001 2.2726 2.3513 2.437 2.5283 2.6232 2.7193 2.8186 2.93 3.068 3.2455 3.4621 3.705 3.9609 4.218 
82 1.1714 1.1503 1.0525 1.0051 0.98162 0.96555 0.94573 0.92575 0.91229 0.9025 0.89456 0.88909 0.88703 0.88828 0.89211 0.89742 0.90343 0.90962 0.91577 0.9216 0.92692 0.9314 0.93451 0.93629 0.93721 0.93791 0.93881 0.94004 0.9417 0.9438 0.9464 0.94952 0.95307 0.95693 0.96092 0.96492 0.96881 0.97256 0.97619 0.97967 0.98293 0.986 0.98892 0.99181 0.99472 0.99771 1.0009 1.0045 1.0097 1.0165 1.0248 1.0346 1.0458 1.0585 1.0725 1.088 1.1048 1.1229 1.1423 1.1628 1.1844 1.207 1.2306 1.2555 1.2815 1.3087 1.337 1.3666 1.3975 1.4297 1.4632 1.4982 1.5347 1.5729 1.6128 1.6546 1.6984 1.7442 1.7921 1.8422 1.8949 1.9504 2.009 2.0706 2.1353 2.2035 2.2763 2.3553 2.4414 2.533 2.628 2.7243 2.8237 2.935 3.0723 3.2489 3.4641 3.7052 3.9591 4.2144 
82.5 1.1715 1.1502 1.0511 1.0034 0.97987 0.96384 0.94401 0.92391 0.91033 0.90048 0.89246 0.88688 0.88478 0.88607 0.88994 0.89523 0.90123 0.90749 0.91373 0.91966 0.92508 0.92967 0.93286 0.93467 0.93563 0.93636 0.93728 0.93853 0.94021 0.94236 0.945 0.94819 0.95181 0.95576 0.95984 0.96394 0.96793 0.97179 0.97553 0.97911 0.98248 0.98564 0.98866 0.99164 0.99464 0.99771 1.001 1.0046 1.0099 1.0167 1.0251 1.0349 1.0461 1.0587 1.0728 1.0883 1.1051 1.1233 1.1427 1.1632 1.1848 1.2074 1.2311 1.256 1.2821 1.3093 1.3377 1.3673 1.3983 1.4305 1.4642 1.4992 1.5358 1.5741 1.6141 1.6561 1.7 1.746 1.7941 1.8444 1.8972 1.9529 2.0117 2.0735 2.1384 2.2068 2.28 2.3593 2.4457 2.5377 2.6328 2.7293 2.8289 2.9399 3.0767 3.2523 3.4661 3.7054 3.9572 4.2108 
83 1.1744 1.1525 1.0512 1.003 0.97917 0.96293 0.9429 0.92262 0.90884 0.89877 0.89054 0.88481 0.88261 0.88387 0.88777 0.89312 0.89916 0.90544 0.91174 0.9178 0.92339 0.92811 0.93139 0.93324 0.93421 0.93494 0.93587 0.93713 0.93883 0.941 0.9437 0.94694 0.95065 0.95468 0.95886 0.96304 0.96716 0.97114 0.97498 0.97864 0.98208 0.98532 0.98842 0.99147 0.99454 0.99767 1.0011 1.0047 1.0101 1.0169 1.0253 1.0351 1.0463 1.059 1.073 1.0885 1.1054 1.1236 1.143 1.1636 1.1852 1.2079 1.2317 1.2566 1.2827 1.31 1.3385 1.3682 1.3992 1.4315 1.4652 1.5003 1.537 1.5754 1.6156 1.6577 1.7017 1.7478 1.796 1.8465 1.8995 1.9553 2.0143 2.0763 2.1414 2.21 2.2834 2.3629 2.4496 2.5419 2.6372 2.7338 2.8335 2.9441 3.0799 3.254 3.4658 3.7027 3.9519 4.2029 
83.5 1.1775 1.1552 1.0514 1.0027 0.97858 0.96211 0.94184 0.92139 0.9074 0.89709 0.88864 0.88274 0.88044 0.88166 0.88559 0.89102 0.89711 0.90339 0.90975 0.91596 0.92173 0.92658 0.92993 0.93182 0.9328 0.93353 0.93447 0.93575 0.93746 0.93966 0.9424 0.9457 0.94949 0.95361 0.95788 0.96216 0.96639 0.9705 0.97444 0.97817 0.98168 0.985 0.98817 0.99129 0.99443 0.99763 1.0011 1.0048 1.0102 1.0171 1.0255 1.0353 1.0465 1.0592 1.0733 1.0888 1.1057 1.1239 1.1434 1.164 1.1857 1.2084 1.2322 1.2572 1.2834 1.3107 1.3392 1.369 1.4001 1.4325 1.4663 1.5015 1.5383 1.5768 1.617 1.6592 1.7034 1.7496 1.7979 1.8485 1.9017 1.9577 2.0168 2.079 2.1443 2.2131 2.2867 2.3665 2.4534 2.546 2.6414 2.7382 2.8379 2.9481 3.0829 3.2556 3.4653 3.6998 3.9462 4.1946 
84 1.1806 1.1578 1.0517 1.0024 0.97799 0.96128 0.94079 0.92015 0.90595 0.89541 0.88674 0.88068 0.87828 0.87945 0.88342 0.88892 0.89505 0.90135 0.90777 0.91412 0.92006 0.92505 0.92848 0.9304 0.93139 0.93213 0.93307 0.93436 0.93609 0.93831 0.9411 0.94447 0.94833 0.95254 0.9569 0.96127 0.96562 0.96986 0.97391 0.97771 0.98129 0.98468 0.98793 0.99112 0.99432 0.99759 1.0011 1.0049 1.0104 1.0173 1.0256 1.0355 1.0467 1.0594 1.0735 1.089 1.106 1.1243 1.1438 1.1644 1.1862 1.2089 1.2328 1.2578 1.284 1.3114 1.34 1.3699 1.401 1.4335 1.4673 1.5026 1.5395 1.5781 1.6185 1.6608 1.7051 1.7514 1.7999 1.8506 1.9039 1.9601 2.0194 2.0817 2.1472 2.2162 2.29 2.3701 2.4573 2.55 2.6457 2.7427 2.8424 2.9522 3.086 3.2571 3.4648 3.6968 3.9405 4.1863 
84.5 1.1841 1.1608 1.0521 1.0022 0.97751 0.96054 0.93979 0.91895 0.90454 0.89375 0.88484 0.87862 0.87612 0.87725 0.88126 0.88682 0.89299 0.89932 0.90581 0.9123 0.91841 0.92353 0.92704 0.929 0.92999 0.93073 0.93168 0.93298 0.93472 0.93697 0.93981 0.94324 0.94719 0.95148 0.95593 0.9604 0.96486 0.96923 0.97338 0.97725 0.9809 0.98437 0.98769 0.99094 0.99421 0.99755 1.0011 1.005 1.0105 1.0174 1.0258 1.0357 1.0469 1.0596 1.0737 1.0893 1.1063 1.1246 1.1441 1.1649 1.1866 1.2094 1.2333 1.2584 1.2847 1.3122 1.3408 1.3707 1.4019 1.4345 1.4684 1.5038 1.5408 1.5794 1.6199 1.6623 1.7067 1.7532 1.8018 1.8527 1.9061 1.9624 2.0218 2.0844 2.15 2.2192 2.2932 2.3735 2.461 2.554 2.6498 2.7469 2.8467 2.9561 3.0888 3.2584 3.464 3.6935 3.9345 4.1776 
85 1.1899 1.166 1.0539 1.0029 0.97775 0.9603 0.93911 0.91801 0.90329 0.89216 0.88296 0.87655 0.87397 0.87509 0.87913 0.8847 0.89092 0.89736 0.90402 0.91065 0.91687 0.9221 0.92569 0.92768 0.92868 0.92942 0.93038 0.93168 0.93343 0.93571 0.93858 0.94208 0.94611 0.95049 0.95503 0.9596 0.96415 0.96861 0.97286 0.97684 0.98058 0.98412 0.98749 0.99078 0.99409 0.99748 1.0011 1.0051 1.0106 1.0175 1.0259 1.0357 1.047 1.0597 1.0738 1.0895 1.1065 1.1249 1.1444 1.1652 1.1871 1.21 1.2339 1.2591 1.2854 1.3129 1.3416 1.3716 1.4029 1.4355 1.4695 1.5049 1.542 1.5807 1.6213 1.6637 1.7082 1.7548 1.8035 1.8545 1.908 1.9645 2.024 2.0866 2.1524 2.2217 2.2958 2.3763 2.4639 2.5571 2.653 2.7502 2.8499 2.9587 3.0903 3.2581 3.4614 3.6882 3.9261 4.1662 
85.5 1.1957 1.1712 1.0557 1.0036 0.97799 0.96007 0.93844 0.91707 0.90205 0.89058 0.88107 0.87448 0.87183 0.87293 0.87699 0.88258 0.88884 0.89541 0.90223 0.90901 0.91534 0.92067 0.92433 0.92637 0.92737 0.92812 0.92907 0.93037 0.93213 0.93444 0.93736 0.94092 0.94503 0.9495 0.95413 0.95879 0.96344 0.96799 0.97235 0.97643 0.98026 0.98387 0.98729 0.99062 0.99397 0.99741 1.0011 1.0051 1.0106 1.0176 1.026 1.0358 1.0471 1.0598 1.074 1.0896 1.1067 1.1251 1.1447 1.1656 1.1875 1.2105 1.2346 1.2597 1.2861 1.3136 1.3424 1.3725 1.4038 1.4364 1.4705 1.5061 1.5432 1.582 1.6226 1.6652 1.7097 1.7564 1.8052 1.8563 1.9099 1.9665 2.0261 2.0889 2.1547 2.2242 2.2985 2.379 2.4668 2.5601 2.6561 2.7534 2.8531 2.9613 3.0917 3.2577 3.4587 3.6829 3.9178 4.1548 
86 1.2015 1.1764 1.0574 1.0044 0.97823 0.95984 0.93777 0.91613 0.90081 0.88899 0.87919 0.87241 0.86968 0.87077 0.87486 0.88046 0.88677 0.89346 0.90044 0.90736 0.9138 0.91924 0.92297 0.92505 0.92606 0.92681 0.92777 0.92907 0.93084 0.93317 0.93613 0.93976 0.94395 0.94851 0.95323 0.95799 0.96273 0.96738 0.97183 0.97602 0.97994 0.98362 0.98709 0.99046 0.99385 0.99734 1.0011 1.0052 1.0107 1.0176 1.0261 1.0359 1.0471 1.0599 1.0741 1.0898 1.1069 1.1254 1.145 1.1659 1.1879 1.211 1.2352 1.2604 1.2868 1.3144 1.3432 1.3733 1.4047 1.4374 1.4716 1.5072 1.5445 1.5834 1.624 1.6666 1.7112 1.758 1.8069 1.8581 1.9118 1.9685 2.0282 2.0911 2.1571 2.2266 2.3011 2.3818 2.4697 2.5632 2.6593 2.7567 2.8563 2.964 3.0932 3.2574 3.4561 3.6776 3.9094 4.1433 
86.5 1.2076 1.1818 1.0593 1.0052 0.97852 0.95968 0.93719 0.91526 0.89962 0.88745 0.87735 0.87039 0.86756 0.86861 0.87273 0.87837 0.88474 0.89152 0.89866 0.90574 0.91231 0.91787 0.92169 0.92379 0.9248 0.92554 0.9265 0.9278 0.92957 0.93192 0.93493 0.93862 0.9429 0.94754 0.95235 0.95721 0.96205 0.96678 0.97134 0.97562 0.97962 0.98337 0.98689 0.9903 0.99374 0.99727 1.0011 1.0052 1.0107 1.0177 1.0261 1.0359 1.0472 1.0599 1.0742 1.0899 1.1071 1.1256 1.1453 1.1662 1.1883 1.2115 1.2357 1.261 1.2875 1.3151 1.344 1.3742 1.4056 1.4384 1.4726 1.5084 1.5457 1.5846 1.6253 1.6679 1.7127 1.7595 1.8085 1.8598 1.9136 1.9704 2.0302 2.0932 2.1593 2.229 2.3035 2.3844 2.4724 2.5661 2.6624 2.76 2.8597 2.9668 3.0949 3.2574 3.4539 3.6727 3.9016 4.1324 
87 1.2142 1.1876 1.0612 1.0061 0.97891 0.95964 0.93677 0.91452 0.89852 0.88598 0.87559 0.86843 0.86548 0.86648 0.87059 0.87635 0.88277 0.88962 0.89689 0.90415 0.91091 0.91662 0.92051 0.92263 0.92361 0.92434 0.92529 0.92658 0.92835 0.93072 0.93376 0.93752 0.94187 0.94661 0.95151 0.95646 0.96139 0.96622 0.97087 0.97524 0.97931 0.98311 0.98669 0.99017 0.99365 0.99721 1.0011 1.0052 1.0107 1.0177 1.0261 1.0359 1.0472 1.0599 1.0742 1.09 1.1072 1.1257 1.1455 1.1665 1.1887 1.2119 1.2362 1.2616 1.2881 1.3158 1.3448 1.375 1.4065 1.4393 1.4736 1.5094 1.5468 1.5857 1.6265 1.6692 1.714 1.7609 1.81 1.8613 1.9153 1.9721 2.032 2.0951 2.1612 2.231 2.3057 2.3867 2.475 2.5689 2.6654 2.7633 2.8632 2.97 3.0971 3.258 3.4523 3.6686 3.8946 4.1222 
87.5 1.2208 1.1933 1.0632 1.007 0.9793 0.95961 0.93635 0.91378 0.89741 0.88451 0.87383 0.86647 0.8634 0.86434 0.86845 0.87432 0.88081 0.88771 0.89513 0.90256 0.90951 0.91537 0.91934 0.92147 0.92243 0.92314 0.92409 0.92536 0.92714 0.92952 0.9326 0.93642 0.94085 0.94567 0.95067 0.95571 0.96074 0.96567 0.97041 0.97486 0.979 0.98285 0.98649 0.99003 0.99357 0.99715 1.001 1.0052 1.0107 1.0177 1.0261 1.0359 1.0471 1.0599 1.0742 1.09 1.1073 1.1259 1.1457 1.1668 1.189 1.2124 1.2367 1.2622 1.2887 1.3165 1.3455 1.3758 1.4073 1.4402 1.4745 1.5104 1.5478 1.5869 1.6277 1.6705 1.7154 1.7624 1.8115 1.8629 1.9169 1.9738 2.0338 2.0969 2.1632 2.233 2.3078 2.3891 2.4775 2.5717 2.6685 2.7666 2.8667 2.9732 3.0994 3.2586 3.4508 3.6645 3.8876 4.112 
88 1.2274 1.1991 1.0651 1.0079 0.97969 0.95957 0.93593 0.91304 0.89631 0.88304 0.87207 0.86452 0.86133 0.86221 0.86632 0.87229 0.87885 0.88581 0.89336 0.90097 0.90811 0.91413 0.91817 0.92031 0.92125 0.92194 0.92289 0.92414 0.92592 0.92832 0.93143 0.93532 0.93983 0.94474 0.94982 0.95495 0.96009 0.96511 0.96994 0.97448 0.97868 0.98259 0.98628 0.9899 0.99348 0.99709 1.001 1.0052 1.0107 1.0177 1.026 1.0358 1.0471 1.0599 1.0742 1.09 1.1073 1.126 1.146 1.1671 1.1894 1.2128 1.2372 1.2627 1.2893 1.3172 1.3462 1.3766 1.4082 1.4411 1.4755 1.5114 1.5489 1.588 1.6289 1.6718 1.7167 1.7638 1.8129 1.8644 1.9185 1.9755 2.0355 2.0987 2.1651 2.2351 2.31 2.3914 2.4801 2.5745 2.6715 2.77 2.8702 2.9764 3.1016 3.2592 3.4493 3.6604 3.8806 4.1018 
88.5 1.2332 1.2043 1.0675 1.009 0.98002 0.95945 0.93546 0.91221 0.8951 0.88154 0.87033 0.86259 0.85927 0.86011 0.86424 0.87034 0.87707 0.88417 0.8918 0.89951 0.90679 0.91289 0.91698 0.91915 0.92007 0.92075 0.92169 0.92295 0.92474 0.92717 0.93032 0.93427 0.93886 0.94385 0.94902 0.95424 0.95946 0.96457 0.96949 0.9741 0.97837 0.98234 0.98609 0.98976 0.99339 0.99704 1.001 1.0052 1.0107 1.0177 1.026 1.0358 1.047 1.0598 1.0741 1.09 1.1074 1.1261 1.1461 1.1673 1.1897 1.2132 1.2377 1.2632 1.2899 1.3178 1.3469 1.3773 1.409 1.442 1.4764 1.5124 1.5499 1.5891 1.63 1.6729 1.718 1.7651 1.8143 1.8658 1.92 1.977 2.0372 2.1005 2.1669 2.237 2.3121 2.3936 2.4825 2.5772 2.6745 2.7734 2.874 2.98 3.1045 3.2608 3.4489 3.6577 3.8752 4.0937 
89 1.2383 1.2092 1.0702 1.0104 0.98031 0.95926 0.93495 0.91131 0.89383 0.88001 0.8686 0.86067 0.85724 0.85804 0.86221 0.86844 0.87543 0.88272 0.89039 0.89814 0.90553 0.91166 0.91579 0.91799 0.91891 0.91957 0.9205 0.92177 0.92359 0.92606 0.92926 0.93326 0.93792 0.94299 0.94824 0.95355 0.95886 0.96406 0.96905 0.97372 0.97806 0.9821 0.98591 0.98961 0.99328 0.99698 1.001 1.0052 1.0108 1.0176 1.026 1.0358 1.047 1.0598 1.0741 1.0901 1.1075 1.1262 1.1463 1.1676 1.19 1.2135 1.2381 1.2637 1.2904 1.3184 1.3476 1.378 1.4097 1.4428 1.4772 1.5132 1.5508 1.59 1.6311 1.6741 1.7191 1.7663 1.8156 1.8671 1.9213 1.9785 2.0387 2.1021 2.1686 2.2388 2.314 2.3958 2.4849 2.5799 2.6776 2.7768 2.8779 2.9839 3.1078 3.263 3.4493 3.6559 3.871 4.087 
89.5 1.2435 1.214 1.0729 1.0118 0.98061 0.95908 0.93444 0.91041 0.89255 0.87848 0.86688 0.85876 0.8552 0.85597 0.86018 0.86654 0.87379 0.88127 0.88897 0.89677 0.90427 0.91043 0.9146 0.91683 0.91775 0.91838 0.91931 0.9206 0.92243 0.92495 0.9282 0.93226 0.93698 0.94213 0.94746 0.95287 0.95826 0.96354 0.96861 0.97334 0.97775 0.98186 0.98572 0.98947 0.99318 0.99693 1.001 1.0052 1.0108 1.0176 1.026 1.0357 1.0469 1.0597 1.0741 1.0901 1.1075 1.1263 1.1464 1.1678 1.1903 1.2139 1.2385 1.2642 1.2909 1.3189 1.3482 1.3787 1.4104 1.4436 1.4781 1.5141 1.5517 1.591 1.6321 1.6752 1.7203 1.7675 1.8168 1.8685 1.9227 1.9799 2.0403 2.1037 2.1703 2.2406 2.316 2.398 2.4873 2.5827 2.6806 2.7803 2.8819 2.9877 3.111 3.2652 3.4497 3.654 3.8668 4.0803 
90 1.2487 1.2188 1.0756 1.0131 0.9809 0.95889 0.93393 0.90951 0.89127 0.87696 0.86515 0.85685 0.85317 0.85391 0.85815 0.86465 0.87214 0.87982 0.88756 0.8954 0.90301 0.90921 0.9134 0.91567 0.91658 0.9172 0.91813 0.91942 0.92127 0.92383 0.92714 0.93125 0.93605 0.94127 0.94669 0.95218 0.95766 0.96302 0.96816 0.97295 0.97743 0.98162 0.98554 0.98933 0.99307 0.99688 1.001 1.0052 1.0108 1.0176 1.0259 1.0357 1.0469 1.0597 1.0741 1.0901 1.1076 1.1264 1.1466 1.168 1.1905 1.2142 1.2389 1.2646 1.2915 1.3195 1.3488 1.3794 1.4112 1.4444 1.4789 1.515 1.5526 1.592 1.6332 1.6763 1.7215 1.7687 1.8181 1.8698 1.9241 1.9814 2.0418 2.1053 2.172 2.2425 2.318 2.4001 2.4897 2.5854 2.6836 2.7838 2.8858 2.9916 3.1143 3.2674 3.4501 3.6522 3.8625 4.0736 
90.5 1.2505 1.2196 1.0758 1.013 0.98064 0.95816 0.93282 0.90824 0.88983 0.87533 0.86341 0.85508 0.85142 0.85218 0.85648 0.86306 0.87069 0.87856 0.88647 0.89436 0.90188 0.90803 0.91222 0.91447 0.91539 0.91603 0.91696 0.91829 0.9202 0.92281 0.92618 0.93034 0.9352 0.94049 0.94597 0.95154 0.95708 0.96251 0.96772 0.97257 0.97711 0.98135 0.98534 0.9892 0.99302 0.99686 1.001 1.0052 1.0108 1.0177 1.026 1.0357 1.0469 1.0597 1.0741 1.0901 1.1077 1.1265 1.1467 1.1682 1.1908 1.2145 1.2393 1.2651 1.2919 1.3201 1.3494 1.38 1.4119 1.4451 1.4797 1.5158 1.5535 1.5929 1.6341 1.6773 1.7226 1.7699 1.8193 1.8711 1.9255 1.9828 2.0433 2.1069 2.1737 2.2443 2.32 2.4024 2.4924 2.5884 2.687 2.7876 2.8901 2.996 3.1183 3.2705 3.4517 3.6519 3.8601 4.0691 
91 1.2517 1.2195 1.0753 1.0126 0.98025 0.95732 0.93157 0.90689 0.88835 0.87369 0.86166 0.85334 0.84972 0.85053 0.85489 0.86154 0.86929 0.87735 0.88546 0.89339 0.90079 0.90685 0.91103 0.91326 0.91418 0.91486 0.91581 0.91717 0.91915 0.92181 0.92523 0.92945 0.93437 0.93972 0.94527 0.9509 0.95651 0.96201 0.96727 0.97219 0.97678 0.98108 0.98515 0.98909 0.99297 0.99686 1.001 1.0053 1.0109 1.0178 1.0261 1.0358 1.047 1.0598 1.0742 1.0902 1.1078 1.1267 1.1469 1.1684 1.191 1.2148 1.2396 1.2655 1.2924 1.3206 1.35 1.3806 1.4125 1.4458 1.4805 1.5166 1.5544 1.5938 1.6351 1.6783 1.7236 1.771 1.8205 1.8723 1.9268 1.9842 2.0448 2.1085 2.1754 2.2461 2.322 2.4048 2.495 2.5914 2.6905 2.7916 2.8945 3.0005 3.1224 3.2737 3.4535 3.6519 3.8582 4.0651 
91.5 1.2528 1.2193 1.0749 1.0122 0.97987 0.95647 0.93032 0.90554 0.88687 0.87205 0.85992 0.85161 0.84803 0.84888 0.8533 0.86003 0.86788 0.87614 0.88445 0.89243 0.8997 0.90568 0.90985 0.91205 0.91298 0.91369 0.91465 0.91606 0.91809 0.92081 0.92429 0.92857 0.93355 0.93895 0.94457 0.95026 0.95595 0.9615 0.96683 0.97181 0.97646 0.98082 0.98495 0.98897 0.99292 0.99685 1.001 1.0054 1.011 1.0179 1.0262 1.0359 1.0471 1.0599 1.0743 1.0903 1.1079 1.1268 1.147 1.1686 1.1913 1.2151 1.24 1.2659 1.2929 1.3211 1.3506 1.3812 1.4132 1.4465 1.4812 1.5175 1.5553 1.5947 1.636 1.6793 1.7247 1.7721 1.8217 1.8735 1.9281 1.9856 2.0462 2.1101 2.1771 2.2479 2.3241 2.4071 2.4977 2.5945 2.694 2.7955 2.899 3.0049 3.1265 3.277 3.4554 3.652 3.8562 4.0611 
92 1.2535 1.2189 1.0743 1.0117 0.97939 0.95555 0.92903 0.90416 0.88538 0.8704 0.85819 0.84989 0.84637 0.84726 0.85173 0.85853 0.86648 0.87493 0.88343 0.89146 0.89862 0.90452 0.90868 0.91085 0.91178 0.91254 0.91351 0.91495 0.91705 0.91981 0.92335 0.92769 0.93272 0.93819 0.94387 0.94963 0.95538 0.961 0.96639 0.97143 0.97613 0.98055 0.98475 0.98885 0.99287 0.99685 1.0011 1.0054 1.0111 1.018 1.0263 1.036 1.0472 1.06 1.0744 1.0904 1.108 1.1269 1.1472 1.1688 1.1915 1.2154 1.2403 1.2663 1.2934 1.3216 1.3511 1.3819 1.4139 1.4472 1.482 1.5183 1.5561 1.5957 1.637 1.6803 1.7257 1.7732 1.8229 1.8748 1.9294 1.987 2.0477 2.1116 2.1788 2.2497 2.3261 2.4094 2.5004 2.5976 2.6974 2.7995 2.9034 3.0094 3.1306 3.2802 3.4572 3.6519 3.8541 4.057 
92.5 1.2453 1.2109 1.0706 1.009 0.97684 0.9531 0.92687 0.90224 0.88357 0.86876 0.85671 0.84855 0.84516 0.84615 0.85063 0.85738 0.86531 0.87377 0.88233 0.89048 0.89777 0.90368 0.90771 0.90984 0.91082 0.91163 0.91265 0.91413 0.91622 0.91899 0.92255 0.92692 0.93199 0.9375 0.94321 0.94901 0.95482 0.9605 0.96594 0.97103 0.9758 0.9803 0.98457 0.98872 0.9928 0.99686 1.0012 1.0056 1.0113 1.0182 1.0265 1.0363 1.0475 1.0603 1.0747 1.0907 1.1083 1.1272 1.1475 1.1691 1.1918 1.2157 1.2407 1.2667 1.2938 1.3222 1.3517 1.3825 1.4145 1.4479 1.4827 1.519 1.5569 1.5965 1.6379 1.6813 1.7268 1.7744 1.8241 1.8761 1.9307 1.9884 2.0493 2.1133 2.1806 2.2518 2.3284 2.4121 2.5035 2.6013 2.7016 2.8041 2.9083 3.014 3.1342 3.2824 3.4575 3.65 3.8499 4.0506 
93 1.237 1.203 1.0669 1.0063 0.9743 0.95066 0.9247 0.90032 0.88176 0.86712 0.85523 0.84721 0.84396 0.84504 0.84953 0.85624 0.86414 0.87262 0.88122 0.88949 0.89693 0.90283 0.90674 0.90882 0.90986 0.91072 0.9118 0.9133 0.91539 0.91816 0.92176 0.92616 0.93126 0.93682 0.94255 0.94839 0.95426 0.96 0.96549 0.97064 0.97547 0.98004 0.98438 0.98859 0.99272 0.99687 1.0013 1.0057 1.0115 1.0184 1.0268 1.0366 1.0478 1.0606 1.075 1.091 1.1086 1.1275 1.1478 1.1694 1.1921 1.216 1.241 1.2671 1.2943 1.3227 1.3523 1.3831 1.4152 1.4486 1.4835 1.5198 1.5578 1.5974 1.6389 1.6823 1.7279 1.7755 1.8253 1.8773 1.9321 1.9899 2.0508 2.115 2.1824 2.2538 2.3308 2.4148 2.5067 2.605 2.7058 2.8088 2.9133 3.0185 3.1378 3.2846 3.4578 3.6481 3.8457 4.0442 
93.5 1.2288 1.1951 1.0632 1.0036 0.97176 0.94821 0.92253 0.8984 0.87995 0.86547 0.85375 0.84587 0.84276 0.84392 0.84843 0.8551 0.86297 0.87146 0.88012 0.88851 0.89608 0.90198 0.90577 0.90781 0.9089 0.90982 0.91094 0.91248 0.91455 0.91733 0.92096 0.9254 0.93053 0.93614 0.9419 0.94778 0.9537 0.9595 0.96505 0.97024 0.97515 0.97979 0.98419 0.98846 0.99265 0.99688 1.0014 1.0059 1.0117 1.0187 1.0271 1.0368 1.0481 1.0609 1.0753 1.0913 1.1089 1.1278 1.1481 1.1697 1.1924 1.2163 1.2413 1.2675 1.2948 1.3232 1.3529 1.3837 1.4159 1.4494 1.4842 1.5206 1.5586 1.5983 1.6399 1.6834 1.729 1.7767 1.8265 1.8786 1.9334 1.9913 2.0524 2.1167 2.1843 2.2559 2.3331 2.4175 2.5098 2.6087 2.7099 2.8134 2.9182 3.023 3.1414 3.2868 3.4581 3.6463 3.8415 4.0377 
94 1.2202 1.1868 1.0589 1.0005 0.96896 0.94554 0.92022 0.89646 0.87821 0.86392 0.85237 0.84465 0.84167 0.84291 0.84741 0.85403 0.86185 0.87034 0.87903 0.88751 0.8952 0.90113 0.90486 0.90688 0.90803 0.90899 0.91016 0.91172 0.91379 0.91657 0.92021 0.92467 0.92983 0.93547 0.94126 0.94717 0.95315 0.95901 0.96461 0.96986 0.97482 0.97954 0.984 0.98833 0.99259 0.9969 1.0015 1.006 1.0119 1.0189 1.0274 1.0372 1.0484 1.0613 1.0757 1.0917 1.1092 1.1281 1.1484 1.17 1.1928 1.2167 1.2417 1.2679 1.2953 1.3238 1.3534 1.3843 1.4166 1.4501 1.485 1.5214 1.5594 1.5992 1.6408 1.6844 1.7301 1.7778 1.8277 1.8799 1.9348 1.9928 2.054 2.1184 2.1862 2.258 2.3355 2.4203 2.5131 2.6125 2.7143 2.8184 2.9236 3.0282 3.1458 3.29 3.4595 3.6455 3.8384 4.0322 
94.5 1.2107 1.1775 1.0529 0.99641 0.96549 0.94229 0.91754 0.89448 0.87665 0.8626 0.85127 0.84376 0.8409 0.84216 0.84661 0.85316 0.86091 0.86932 0.87798 0.88647 0.89424 0.90027 0.90412 0.9062 0.90738 0.9084 0.9096 0.91114 0.9132 0.91597 0.91959 0.92403 0.9292 0.93486 0.94067 0.94662 0.95263 0.95853 0.9642 0.9695 0.97451 0.97927 0.9838 0.98822 0.99257 0.99696 1.0016 1.0062 1.0122 1.0193 1.0278 1.0376 1.0489 1.0618 1.0762 1.0922 1.1097 1.1286 1.1489 1.1704 1.1932 1.2171 1.2421 1.2684 1.2958 1.3243 1.354 1.385 1.4172 1.4508 1.4858 1.5222 1.5602 1.6001 1.6418 1.6854 1.7312 1.779 1.8289 1.8812 1.9362 1.9943 2.0557 2.1203 2.1882 2.2602 2.3381 2.4234 2.5167 2.6168 2.7192 2.8241 2.9302 3.0352 3.1525 3.2959 3.4638 3.6476 3.8381 4.0293 
95 1.2012 1.1681 1.047 0.99232 0.96202 0.93904 0.91485 0.8925 0.87508 0.86129 0.85016 0.84286 0.84013 0.84141 0.8458 0.85228 0.85996 0.8683 0.87692 0.88544 0.89327 0.89942 0.90337 0.90551 0.90674 0.90781 0.90903 0.91055 0.91261 0.91536 0.91897 0.92339 0.92857 0.93425 0.94009 0.94606 0.95211 0.95806 0.96378 0.96914 0.9742 0.979 0.9836 0.98812 0.99254 0.99701 1.0017 1.0064 1.0125 1.0196 1.0282 1.0381 1.0494 1.0623 1.0767 1.0927 1.1101 1.129 1.1493 1.1708 1.1936 1.2175 1.2426 1.2688 1.2963 1.3248 1.3546 1.3856 1.4179 1.4515 1.4865 1.523 1.5611 1.6009 1.6427 1.6864 1.7323 1.7801 1.8301 1.8825 1.9376 1.9959 2.0574 2.1221 2.1902 2.2625 2.3407 2.4265 2.5204 2.6211 2.7241 2.8299 2.9369 3.0421 3.1593 3.3018 3.4682 3.6498 3.8377 4.0263 
95.5 1.1917 1.1588 1.0411 0.98824 0.95855 0.93578 0.91217 0.89051 0.87352 0.85997 0.84906 0.84196 0.83936 0.84066 0.845 0.85141 0.85901 0.86728 0.87587 0.8844 0.8923 0.89857 0.90262 0.90483 0.90609 0.90722 0.90846 0.90997 0.91202 0.91476 0.91834 0.92276 0.92794 0.93364 0.93951 0.94551 0.95159 0.95759 0.96337 0.96878 0.97389 0.97874 0.9834 0.98801 0.99252 0.99706 1.0018 1.0066 1.0127 1.02 1.0286 1.0385 1.0499 1.0628 1.0772 1.0931 1.1106 1.1294 1.1497 1.1713 1.194 1.2179 1.243 1.2693 1.2968 1.3254 1.3552 1.3862 1.4186 1.4523 1.4873 1.5238 1.5619 1.6018 1.6437 1.6875 1.7334 1.7813 1.8314 1.8838 1.939 1.9974 2.0591 2.124 2.1923 2.2648 2.3433 2.4296 2.524 2.6253 2.7291 2.8356 2.9435 3.0491 3.166 3.3077 3.4725 3.652 3.8374 4.0233 
96 1.1849 1.1523 1.0366 0.98486 0.95552 0.93292 0.90984 0.88887 0.87224 0.85886 0.8481 0.84112 0.83858 0.83988 0.84419 0.85055 0.8581 0.86632 0.87488 0.88342 0.89138 0.89774 0.9019 0.90418 0.90549 0.90666 0.90792 0.90943 0.91147 0.9142 0.91777 0.92219 0.92737 0.93306 0.93895 0.94499 0.9511 0.95714 0.96297 0.96843 0.97359 0.9785 0.98324 0.98791 0.99251 0.99712 1.002 1.0068 1.013 1.0203 1.029 1.0389 1.0503 1.0633 1.0777 1.0936 1.111 1.1299 1.1501 1.1717 1.1944 1.2184 1.2435 1.2698 1.2973 1.3259 1.3558 1.3869 1.4193 1.4529 1.488 1.5246 1.5627 1.6027 1.6446 1.6885 1.7344 1.7824 1.8326 1.8851 1.9405 1.999 2.0608 2.1258 2.1943 2.2672 2.3462 2.433 2.528 2.6302 2.7349 2.8429 2.9524 3.059 3.1761 3.3172 3.4804 3.6575 3.84 4.0225 
96.5 1.1808 1.1487 1.0334 0.98217 0.95293 0.93044 0.90787 0.88756 0.87124 0.85795 0.84727 0.84033 0.83779 0.83909 0.84338 0.84971 0.85723 0.86541 0.87397 0.8825 0.89049 0.89694 0.90122 0.90358 0.90495 0.90613 0.90741 0.90894 0.91096 0.91368 0.91724 0.92168 0.92686 0.93249 0.93842 0.94452 0.95063 0.95672 0.96259 0.96808 0.97331 0.9783 0.9831 0.98783 0.9925 0.99719 1.0021 1.007 1.0133 1.0206 1.0294 1.0394 1.0508 1.0638 1.0781 1.0941 1.1115 1.1304 1.1506 1.1721 1.1949 1.2188 1.2439 1.2703 1.2978 1.3265 1.3563 1.3875 1.4199 1.4536 1.4887 1.5253 1.5635 1.6036 1.6455 1.6894 1.7354 1.7835 1.8338 1.8864 1.9419 2.0005 2.0624 2.1277 2.1964 2.2697 2.3492 2.4367 2.5324 2.6356 2.7416 2.8516 2.9635 3.0718 3.1896 3.3303 3.4919 3.6664 3.8455 4.0238 
97 1.1766 1.1451 1.0303 0.97949 0.95034 0.92796 0.9059 0.88624 0.87025 0.85704 0.84644 0.83954 0.837 0.83829 0.84256 0.84886 0.85635 0.86451 0.87305 0.88158 0.8896 0.89613 0.90053 0.90299 0.90441 0.9056 0.9069 0.90845 0.91046 0.91316 0.91671 0.92117 0.92635 0.93193 0.93789 0.94404 0.95016 0.95629 0.96221 0.96773 0.97303 0.9781 0.98297 0.98774 0.9925 0.99727 1.0022 1.0072 1.0136 1.021 1.0298 1.0398 1.0512 1.0643 1.0786 1.0946 1.112 1.1308 1.151 1.1725 1.1953 1.2193 1.2444 1.2708 1.2983 1.327 1.3569 1.3881 1.4205 1.4542 1.4894 1.526 1.5643 1.6045 1.6464 1.6904 1.7365 1.7846 1.835 1.8877 1.9434 2.0021 2.0641 2.1295 2.1985 2.2721 2.3523 2.4404 2.5368 2.641 2.7483 2.8604 2.9747 3.0847 3.2031 3.3434 3.5034 3.6752 3.851 4.0251 
97.5 1.1725 1.1416 1.0272 0.97681 0.94775 0.92548 0.90393 0.88493 0.86925 0.85613 0.84562 0.83875 0.83621 0.8375 0.84175 0.84801 0.85548 0.8636 0.87213 0.88066 0.88871 0.89533 0.89984 0.90239 0.90387 0.90507 0.90638 0.90795 0.90995 0.91264 0.91618 0.92067 0.92584 0.93137 0.93736 0.94357 0.94968 0.95587 0.96183 0.96738 0.97274 0.9779 0.98283 0.98765 0.99249 0.99734 1.0024 1.0074 1.0139 1.0213 1.0302 1.0402 1.0517 1.0647 1.0791 1.0951 1.1125 1.1313 1.1515 1.1729 1.1957 1.2197 1.2449 1.2713 1.2988 1.3276 1.3574 1.3887 1.4212 1.4549 1.4901 1.5268 1.5651 1.6053 1.6473 1.6913 1.7375 1.7857 1.8362 1.889 1.9448 2.0036 2.0658 2.1314 2.2006 2.2746 2.3553 2.4441 2.5411 2.6464 2.755 2.8691 2.9858 3.0975 3.2165 3.3565 3.5148 3.6841 3.8565 4.0264 
98 1.1754 1.1445 1.0264 0.97563 0.94672 0.92439 0.90286 0.88409 0.86851 0.85536 0.84483 0.83793 0.83531 0.83655 0.84078 0.84703 0.8545 0.86264 0.8712 0.87979 0.8879 0.8946 0.89919 0.9018 0.90332 0.90454 0.90585 0.90741 0.90941 0.91208 0.9156 0.92013 0.92532 0.93085 0.93686 0.9431 0.94926 0.95549 0.96149 0.9671 0.9725 0.97771 0.98272 0.98759 0.99249 0.9974 1.0025 1.0076 1.0142 1.0216 1.0305 1.0406 1.0521 1.0651 1.0794 1.0955 1.1128 1.1316 1.1518 1.1732 1.1961 1.2201 1.2453 1.2717 1.2993 1.328 1.3579 1.3892 1.4217 1.4555 1.4907 1.5274 1.5658 1.6061 1.6482 1.6922 1.7384 1.7867 1.8372 1.8902 1.9462 2.0051 2.0675 2.1331 2.2027 2.2772 2.3585 2.448 2.5461 2.6528 2.7633 2.8805 3.0009 3.1149 3.2344 3.3721 3.5258 3.6892 3.8548 4.0175 
98.5 1.181 1.1498 1.0265 0.97501 0.94627 0.92382 0.90214 0.88341 0.86785 0.85464 0.84405 0.8371 0.83438 0.83554 0.83975 0.846 0.85348 0.86167 0.87026 0.87892 0.88712 0.8939 0.89855 0.90121 0.90277 0.90402 0.90532 0.90686 0.90886 0.9115 0.915 0.91958 0.92479 0.93035 0.93637 0.94264 0.94886 0.95512 0.96116 0.96683 0.97227 0.97752 0.98261 0.98753 0.99248 0.99746 1.0026 1.0078 1.0144 1.0218 1.0308 1.0408 1.0524 1.0654 1.0797 1.0958 1.1131 1.1319 1.1521 1.1735 1.1964 1.2204 1.2456 1.2721 1.2997 1.3284 1.3584 1.3897 1.4221 1.456 1.4913 1.528 1.5665 1.6067 1.6489 1.6931 1.7392 1.7876 1.8383 1.8913 1.9474 2.0065 2.0691 2.1349 2.2048 2.2798 2.3618 2.452 2.5512 2.6596 2.7723 2.893 3.0174 3.1341 3.2539 3.3885 3.5367 3.6928 3.8504 4.0048 
99 1.1866 1.1552 1.0266 0.97439 0.94583 0.92325 0.90141 0.88274 0.8672 0.85392 0.84327 0.83626 0.83345 0.83453 0.83872 0.84497 0.85246 0.86069 0.86933 0.87806 0.88634 0.89319 0.8979 0.90062 0.90223 0.90349 0.90478 0.90631 0.90831 0.91093 0.9144 0.91902 0.92427 0.92985 0.93588 0.94218 0.94845 0.95475 0.96083 0.96657 0.97205 0.97733 0.98251 0.98748 0.99248 0.99751 1.0028 1.0079 1.0146 1.0221 1.0311 1.0411 1.0528 1.0657 1.08 1.0961 1.1133 1.1322 1.1525 1.1737 1.1967 1.2207 1.2459 1.2725 1.3001 1.3288 1.3589 1.3902 1.4226 1.4566 1.4919 1.5286 1.5672 1.6074 1.6497 1.6939 1.7401 1.7886 1.8393 1.8924 1.9487 2.0079 2.0707 2.1366 2.2069 2.2825 2.3651 2.456 2.5564 2.6663 2.7813 2.9054 3.034 3.1533 3.2734 3.4049 3.5476 3.6965 3.846 3.9921 
99.5 1.1922 1.1606 1.0267 0.97377 0.94538 0.92268 0.90068 0.88207 0.86655 0.85321 0.8425 0.83543 0.83252 0.83352 0.83769 0.84394 0.85144 0.85971 0.8684 0.8772 0.88556 0.89249 0.89726 0.90004 0.90168 0.90297 0.90425 0.90575 0.90776 0.91035 0.9138 0.91847 0.92375 0.92935 0.93539 0.94172 0.94805 0.95438 0.9605 0.9663 0.97182 0.97715 0.9824 0.98742 0.99247 0.99757 1.0029 1.0081 1.0148 1.0223 1.0314 1.0414 1.0531 1.066 1.0803 1.0965 1.1136 1.1325 1.1528 1.174 1.197 1.2211 1.2462 1.2729 1.3005 1.3292 1.3594 1.3907 1.4231 1.4572 1.4925 1.5291 1.5679 1.6081 1.6504 1.6948 1.7409 1.7895 1.8404 1.8936 1.95 2.0093 2.0723 2.1384 2.209 2.2851 2.3684 2.46 2.5615 2.6731 2.7903 2.9178 3.0505 3.1724 3.293 3.4214 3.5584 3.7002 3.8416 3.9794 
100 1.2038 1.171 1.0309 0.97607 0.94664 0.92319 0.90054 0.88146 0.86562 0.85204 0.84118 0.83408 0.83122 0.83233 0.83658 0.84291 0.85047 0.85881 0.86759 0.87651 0.88495 0.89189 0.89663 0.89937 0.90099 0.90228 0.90356 0.90506 0.90708 0.90972 0.91324 0.91791 0.9232 0.92887 0.93499 0.94138 0.94773 0.95402 0.96025 0.96609 0.97163 0.97702 0.98234 0.98739 0.99247 0.99763 1.003 1.0082 1.0149 1.0225 1.0315 1.0416 1.0532 1.0661 1.0804 1.0965 1.1137 1.1326 1.1528 1.1742 1.1971 1.2212 1.2465 1.2731 1.3007 1.3295 1.3597 1.391 1.4235 1.4575 1.4928 1.5296 1.5683 1.6086 1.651 1.6954 1.7416 1.7903 1.8412 1.8945 1.9511 2.0106 2.0737 2.1403 2.2115 2.288 2.3721 2.4647 2.5668 2.6797 2.7994 2.9301 3.0666 3.1916 3.3123 3.4373 3.5685 3.7029 3.8367 3.9682 
100.5 1.2156 1.1816 1.0353 0.97851 0.94799 0.92375 0.90042 0.88085 0.86467 0.85085 0.83984 0.8327 0.8299 0.83112 0.83547 0.84188 0.8495 0.85791 0.8668 0.87582 0.88434 0.89129 0.89601 0.8987 0.90029 0.90157 0.90286 0.90437 0.90639 0.90908 0.91268 0.91735 0.92265 0.92839 0.9346 0.94105 0.94741 0.95366 0.95999 0.96588 0.97145 0.9769 0.98227 0.98736 0.99247 0.9977 1.0031 1.0082 1.015 1.0226 1.0315 1.0417 1.0533 1.0662 1.0805 1.0965 1.1139 1.1327 1.1528 1.1743 1.1972 1.2213 1.2467 1.2732 1.3009 1.3298 1.3599 1.3913 1.4238 1.4578 1.4932 1.53 1.5688 1.6091 1.6515 1.6959 1.7422 1.791 1.8421 1.8954 1.9521 2.0119 2.0751 2.1422 2.214 2.291 2.3758 2.4695 2.5721 2.6864 2.8085 2.9424 3.0826 3.2108 3.3316 3.4533 3.5786 3.7057 3.8318 3.957 
101 1.2274 1.1923 1.0397 0.98096 0.94933 0.92432 0.9003 0.88024 0.86372 0.84966 0.8385 0.83132 0.82859 0.82991 0.83436 0.84084 0.84853 0.85701 0.866 0.87514 0.88373 0.8907 0.89538 0.89803 0.89959 0.90087 0.90216 0.90368 0.9057 0.90845 0.91213 0.91678 0.9221 0.92791 0.93421 0.94072 0.94709 0.95329 0.95974 0.96567 0.97126 0.97677 0.98221 0.98732 0.99247 0.99776 1.0032 1.0083 1.0151 1.0228 1.0316 1.0419 1.0533 1.0662 1.0806 1.0965 1.114 1.1328 1.1528 1.1745 1.1973 1.2214 1.247 1.2734 1.301 1.3301 1.3601 1.3916 1.4242 1.4581 1.4935 1.5304 1.5692 1.6096 1.652 1.6965 1.7429 1.7917 1.843 1.8963 1.9531 2.0132 2.0765 2.1441 2.2165 2.294 2.3795 2.4742 2.5774 2.693 2.8176 2.9547 3.0987 3.23 3.3509 3.4693 3.5886 3.7084 3.8269 3.9458 
101.5 1.237 1.2002 1.0431 0.98281 0.95024 0.92458 0.90002 0.87955 0.86276 0.84851 0.83724 0.83001 0.82731 0.82871 0.83325 0.83981 0.84756 0.85613 0.86521 0.87444 0.8831 0.89008 0.89475 0.89737 0.89892 0.90019 0.90148 0.90301 0.90504 0.90785 0.9116 0.91624 0.92159 0.92745 0.9338 0.94036 0.94676 0.95295 0.95948 0.96545 0.97108 0.97665 0.98213 0.98729 0.99248 0.99782 1.0033 1.0084 1.0152 1.0229 1.0317 1.042 1.0534 1.0663 1.0808 1.0966 1.1141 1.1329 1.1529 1.1747 1.1975 1.2215 1.2472 1.2736 1.3012 1.3304 1.3604 1.3919 1.4246 1.4584 1.4939 1.5309 1.5697 1.61 1.6525 1.697 1.7436 1.7925 1.8439 1.8973 1.9542 2.0146 2.078 2.1462 2.219 2.297 2.3833 2.479 2.5828 2.6997 2.8265 2.9662 3.1133 3.247 3.3676 3.4827 3.5967 3.7099 3.8217 3.9351 
102 1.2364 1.1961 1.0421 0.98208 0.94921 0.92349 0.89903 0.87853 0.86174 0.84755 0.8363 0.829 0.8262 0.82755 0.83212 0.83878 0.84664 0.85529 0.86443 0.87367 0.88235 0.88938 0.89411 0.89679 0.89835 0.89962 0.90092 0.90248 0.90455 0.90744 0.91119 0.9158 0.92122 0.9271 0.93334 0.93993 0.94637 0.95265 0.9592 0.96521 0.97091 0.97651 0.98199 0.98723 0.99249 0.99783 1.0033 1.0086 1.0154 1.023 1.0319 1.0422 1.0536 1.0666 1.081 1.0968 1.1143 1.1331 1.1531 1.1748 1.1976 1.2217 1.2474 1.2738 1.3015 1.3307 1.3607 1.3922 1.4249 1.4588 1.4943 1.5313 1.5701 1.6106 1.6532 1.6977 1.7443 1.7933 1.8448 1.8984 1.9557 2.0161 2.08 2.1486 2.2217 2.3004 2.3875 2.4839 2.5886 2.7064 2.8341 2.9745 3.1217 3.2543 3.3729 3.4852 3.5959 3.706 3.815 3.9263 
102.5 1.2358 1.192 1.0411 0.98134 0.94819 0.92241 0.89805 0.87752 0.86071 0.84659 0.83536 0.82799 0.8251 0.8264 0.83099 0.83775 0.84571 0.85445 0.86364 0.87291 0.8816 0.88868 0.89348 0.89621 0.89778 0.89905 0.90036 0.90195 0.90407 0.90703 0.91079 0.91536 0.92085 0.92674 0.93288 0.93949 0.94598 0.95236 0.95892 0.96496 0.97074 0.97637 0.98185 0.98718 0.9925 0.99784 1.0034 1.0087 1.0155 1.0232 1.0321 1.0424 1.0538 1.0668 1.0812 1.0971 1.1145 1.1332 1.1533 1.175 1.1978 1.2219 1.2476 1.2741 1.3018 1.331 1.361 1.3926 1.4253 1.4592 1.4948 1.5318 1.5706 1.6112 1.6538 1.6984 1.7451 1.7942 1.8457 1.8996 1.9572 2.0176 2.082 2.1511 2.2244 2.3038 2.3916 2.4888 2.5943 2.7131 2.8417 2.9829 3.1301 3.2616 3.3781 3.4876 3.5951 3.702 3.8082 3.9175 
103 1.2352 1.1878 1.0401 0.9806 0.94716 0.92132 0.89706 0.8765 0.85969 0.84563 0.83442 0.82698 0.82399 0.82524 0.82986 0.83672 0.84479 0.8536 0.86286 0.87215 0.88085 0.88798 0.89285 0.89563 0.89722 0.89848 0.8998 0.90141 0.90358 0.90662 0.91038 0.91491 0.92049 0.92638 0.93241 0.93906 0.9456 0.95206 0.95863 0.96471 0.97057 0.97623 0.98171 0.98712 0.99252 0.99784 1.0034 1.0088 1.0156 1.0233 1.0323 1.0425 1.0539 1.067 1.0814 1.0973 1.1146 1.1334 1.1535 1.1751 1.198 1.2221 1.2478 1.2743 1.3021 1.3313 1.3613 1.3929 1.4257 1.4596 1.4953 1.5323 1.5711 1.6117 1.6545 1.6991 1.7458 1.7951 1.8466 1.9008 1.9586 2.0192 2.084 2.1536 2.2271 2.3073 2.3958 2.4936 2.6001 2.7199 2.8494 2.9912 3.1385 3.2689 3.3833 3.4901 3.5944 3.698 3.8015 3.9087 
103.5 1.232 1.1826 1.0379 0.97903 0.94563 0.91988 0.89585 0.8754 0.85868 0.84471 0.83355 0.8261 0.82306 0.82428 0.8289 0.8358 0.84393 0.8528 0.86209 0.87138 0.88008 0.88724 0.89219 0.89507 0.89671 0.89801 0.89936 0.90097 0.90312 0.90619 0.90997 0.91449 0.92007 0.92599 0.932 0.93864 0.94522 0.95177 0.95833 0.96446 0.97039 0.97608 0.9816 0.98707 0.99252 0.99786 1.0034 1.0089 1.0158 1.0235 1.0325 1.0428 1.0542 1.0673 1.0817 1.0976 1.1149 1.1336 1.1537 1.1753 1.1982 1.2224 1.248 1.2746 1.3024 1.3316 1.3616 1.3933 1.4261 1.4601 1.4957 1.5328 1.5716 1.6123 1.6551 1.6999 1.7467 1.7961 1.8477 1.9021 1.9601 2.0209 2.0862 2.1561 2.2299 2.3107 2.3999 2.4985 2.6058 2.7264 2.8565 2.9984 3.1453 3.2742 3.3867 3.4911 3.593 3.6944 3.796 3.9017 
104 1.2253 1.1759 1.0342 0.97627 0.94337 0.91793 0.89431 0.87419 0.85768 0.84385 0.83279 0.82539 0.82238 0.82359 0.82817 0.83503 0.84317 0.85207 0.86135 0.87059 0.87927 0.88646 0.89152 0.89453 0.8963 0.89768 0.89909 0.90066 0.90271 0.90573 0.90956 0.91408 0.9196 0.92557 0.93167 0.93826 0.94486 0.95147 0.95801 0.96421 0.9702 0.97593 0.98152 0.98704 0.99249 0.99789 1.0035 1.009 1.0159 1.0237 1.0328 1.043 1.0545 1.0676 1.082 1.0979 1.1152 1.134 1.154 1.1756 1.1985 1.2226 1.2483 1.2749 1.3027 1.332 1.362 1.3937 1.4265 1.4606 1.4962 1.5333 1.5723 1.6129 1.6559 1.7007 1.7476 1.7972 1.8489 1.9036 1.9618 2.023 2.0886 2.1586 2.233 2.3143 2.4039 2.5034 2.6116 2.7328 2.8628 3.0042 3.1498 3.2766 3.3872 3.4901 3.5908 3.6913 3.7921 3.8973 
104.5 1.2186 1.1692 1.0304 0.9735 0.9411 0.91598 0.89277 0.87298 0.85668 0.843 0.83203 0.82469 0.8217 0.8229 0.82743 0.83427 0.84242 0.85133 0.8606 0.8698 0.87846 0.88569 0.89084 0.894 0.89589 0.89735 0.89882 0.90035 0.90231 0.90527 0.90915 0.91368 0.91913 0.92514 0.93134 0.93787 0.94451 0.95118 0.95769 0.96395 0.97001 0.97578 0.98145 0.98701 0.99246 0.99792 1.0036 1.0091 1.0161 1.0239 1.033 1.0433 1.0548 1.0679 1.0823 1.0982 1.1155 1.1343 1.1543 1.1759 1.1988 1.2228 1.2486 1.2751 1.3031 1.3323 1.3624 1.3941 1.4269 1.4611 1.4967 1.5339 1.5729 1.6136 1.6566 1.7015 1.7486 1.7982 1.8501 1.905 1.9634 2.025 2.091 2.1611 2.2361 2.3178 2.408 2.5083 2.6173 2.7391 2.8692 3.0099 3.1543 3.279 3.3877 3.4891 3.5886 3.6881 3.7882 3.8928 
105 1.2119 1.1624 1.0267 0.97073 0.93884 0.91403 0.89123 0.87177 0.85568 0.84214 0.83127 0.82398 0.82101 0.82221 0.8267 0.8335 0.84166 0.85059 0.85985 0.86902 0.87765 0.88491 0.89016 0.89346 0.89548 0.89702 0.89855 0.90004 0.9019 0.90482 0.90875 0.91327 0.91866 0.92472 0.93101 0.93749 0.94415 0.95089 0.95737 0.9637 0.96981 0.97563 0.98138 0.98697 0.99244 0.99795 1.0036 1.0092 1.0162 1.0241 1.0333 1.0436 1.0552 1.0682 1.0826 1.0985 1.1158 1.1347 1.1546 1.1762 1.1992 1.2231 1.2489 1.2754 1.3034 1.3327 1.3627 1.3945 1.4273 1.4616 1.4972 1.5345 1.5735 1.6142 1.6573 1.7023 1.7496 1.7993 1.8513 1.9065 1.965 2.0271 2.0933 2.1637 2.2392 2.3214 2.412 2.5131 2.6231 2.7455 2.8756 3.0157 3.1588 3.2815 3.3883 3.4881 3.5863 3.685 3.7843 3.8884 
105.5 1.2058 1.1567 1.0231 0.96796 0.9366 0.91217 0.88976 0.87061 0.85474 0.84135 0.8306 0.82337 0.82042 0.8216 0.82605 0.8328 0.84093 0.84984 0.8591 0.86827 0.87693 0.88425 0.88957 0.89295 0.89505 0.89663 0.89818 0.89969 0.90154 0.90443 0.90833 0.91288 0.91826 0.9243 0.93065 0.93713 0.94381 0.95059 0.95709 0.96346 0.96962 0.97548 0.98129 0.98692 0.99241 0.99798 1.0037 1.0093 1.0164 1.0243 1.0335 1.0438 1.0555 1.0685 1.0829 1.0989 1.1161 1.135 1.1549 1.1765 1.1995 1.2234 1.2492 1.2758 1.3038 1.333 1.3631 1.3949 1.4277 1.4621 1.4977 1.5351 1.5742 1.615 1.6581 1.7032 1.7506 1.8005 1.8527 1.908 1.9668 2.0292 2.0957 2.1663 2.2423 2.3248 2.4159 2.5176 2.6281 2.7508 2.8808 3.0201 3.162 3.2829 3.3881 3.4866 3.5838 3.6817 3.7804 3.884 
106 1.2001 1.1514 1.0195 0.9652 0.93436 0.91036 0.88833 0.86948 0.85383 0.8406 0.82997 0.82281 0.81989 0.82104 0.82545 0.83214 0.84022 0.84909 0.85833 0.86753 0.87626 0.88366 0.88904 0.89245 0.89461 0.89621 0.89776 0.89931 0.9012 0.90409 0.9079 0.91249 0.91789 0.92389 0.93028 0.93678 0.94347 0.95028 0.95682 0.96323 0.96943 0.97533 0.98118 0.98685 0.99239 0.99801 1.0038 1.0094 1.0165 1.0244 1.0338 1.0441 1.0558 1.0688 1.0832 1.0992 1.1164 1.1354 1.1553 1.1769 1.1998 1.2238 1.2495 1.2761 1.3042 1.3334 1.3635 1.3953 1.4282 1.4626 1.4983 1.5357 1.5749 1.6158 1.6589 1.7042 1.7517 1.8016 1.8541 1.9096 1.9686 2.0313 2.0981 2.1691 2.2453 2.3282 2.4198 2.5219 2.6327 2.7556 2.8853 3.0238 3.1644 3.2838 3.3875 3.4849 3.5811 3.6783 3.7765 3.8795 
106.5 1.1944 1.1462 1.016 0.96243 0.93213 0.90855 0.88689 0.86834 0.85292 0.83985 0.82934 0.82226 0.81935 0.82048 0.82484 0.83148 0.83952 0.84835 0.85757 0.8668 0.8756 0.88307 0.88851 0.89196 0.89417 0.89578 0.89733 0.89894 0.90087 0.90374 0.90748 0.91211 0.91752 0.92347 0.9299 0.93643 0.94313 0.94997 0.95655 0.96301 0.96924 0.97518 0.98108 0.98678 0.99237 0.99804 1.0039 1.0095 1.0167 1.0246 1.034 1.0444 1.0561 1.0691 1.0835 1.0996 1.1168 1.1357 1.1556 1.1772 1.2002 1.2241 1.2499 1.2765 1.3045 1.3338 1.3639 1.3958 1.4287 1.4631 1.4989 1.5363 1.5755 1.6165 1.6597 1.7051 1.7527 1.8028 1.8556 1.9112 1.9705 2.0335 2.1005 2.1718 2.2483 2.3316 2.4237 2.5262 2.6374 2.7604 2.8898 3.0275 3.1669 3.2847 3.3869 3.4831 3.5785 3.675 3.7725 3.8751 
107 1.1887 1.1409 1.0124 0.95966 0.9299 0.90674 0.88546 0.86721 0.85201 0.8391 0.82871 0.8217 0.81881 0.81992 0.82424 0.83082 0.83881 0.8476 0.85681 0.86606 0.87494 0.88248 0.88797 0.89146 0.89373 0.89535 0.89691 0.89856 0.90053 0.9034 0.90705 0.91172 0.91715 0.92306 0.92953 0.93608 0.94279 0.94967 0.95629 0.96278 0.96905 0.97503 0.98098 0.98671 0.99235 0.99807 1.0039 1.0096 1.0168 1.0248 1.0342 1.0446 1.0564 1.0694 1.0838 1.0999 1.1171 1.136 1.156 1.1776 1.2005 1.2245 1.2502 1.2769 1.3049 1.3342 1.3643 1.3962 1.4291 1.4635 1.4995 1.5368 1.5762 1.6173 1.6606 1.7061 1.7538 1.804 1.857 1.9128 1.9723 2.0356 2.1028 2.1746 2.2513 2.335 2.4275 2.5304 2.642 2.7652 2.8943 3.0312 3.1694 3.2855 3.3864 3.4813 3.5758 3.6716 3.7686 3.8706 
107.5 1.1839 1.1368 1.0095 0.9573 0.92793 0.90513 0.88418 0.86621 0.8512 0.83843 0.82814 0.82118 0.81828 0.81937 0.82365 0.8302 0.83813 0.84688 0.85608 0.86537 0.87428 0.88187 0.88741 0.89095 0.89326 0.89496 0.89654 0.89817 0.90013 0.90303 0.90671 0.91135 0.91678 0.92271 0.92915 0.93574 0.94249 0.94938 0.95602 0.96255 0.96887 0.97489 0.98087 0.98665 0.99234 0.9981 1.004 1.0098 1.017 1.025 1.0345 1.0449 1.0567 1.0697 1.0841 1.1003 1.1174 1.1364 1.1564 1.1779 1.2009 1.2249 1.2506 1.2773 1.3053 1.3346 1.3648 1.3966 1.4297 1.4641 1.5001 1.5375 1.5769 1.6182 1.6614 1.7071 1.7549 1.8053 1.8585 1.9144 1.9741 2.0377 2.1052 2.1772 2.2542 2.3381 2.4309 2.534 2.6458 2.7689 2.8977 3.0339 3.171 3.2859 3.3856 3.4796 3.5735 3.669 3.7657 3.8674 
108 1.1793 1.1328 1.0067 0.955 0.926 0.90354 0.88293 0.86522 0.85041 0.83777 0.82757 0.82066 0.81776 0.81881 0.82306 0.82958 0.83746 0.84616 0.85536 0.86467 0.87362 0.88125 0.88684 0.89043 0.8928 0.89457 0.89619 0.89778 0.89972 0.90265 0.90638 0.91098 0.9164 0.92237 0.92877 0.9354 0.94219 0.94909 0.95575 0.96232 0.96868 0.97476 0.98076 0.98659 0.99234 0.99812 1.004 1.0099 1.0172 1.0252 1.0347 1.0452 1.057 1.07 1.0845 1.1006 1.1178 1.1367 1.1567 1.1783 1.2013 1.2253 1.2509 1.2777 1.3056 1.335 1.3653 1.3971 1.4302 1.4646 1.5007 1.5382 1.5776 1.619 1.6623 1.7082 1.7561 1.8066 1.86 1.916 1.976 2.0398 2.1075 2.1797 2.2571 2.3412 2.4342 2.5375 2.6494 2.7725 2.9008 3.0363 3.1724 3.2862 3.3847 3.478 3.5714 3.6665 3.763 3.8644 
108.5 1.1746 1.1288 1.0038 0.9527 0.92408 0.90196 0.88167 0.86424 0.84962 0.83712 0.827 0.82014 0.81724 0.81825 0.82248 0.82897 0.83679 0.84545 0.85465 0.86398 0.87296 0.88063 0.88627 0.88991 0.89234 0.89419 0.89583 0.89739 0.89931 0.90228 0.90605 0.91061 0.91602 0.92202 0.92839 0.93505 0.9419 0.9488 0.95548 0.96209 0.96849 0.97462 0.98065 0.98653 0.99234 0.99814 1.0041 1.01 1.0173 1.0254 1.0349 1.0454 1.0573 1.0704 1.0848 1.1009 1.1181 1.137 1.1571 1.1786 1.2016 1.2256 1.2513 1.2781 1.306 1.3354 1.3658 1.3976 1.4307 1.4651 1.5012 1.5388 1.5783 1.6199 1.6632 1.7092 1.7573 1.8079 1.8615 1.9177 1.9778 2.0419 2.1098 2.1823 2.2599 2.3443 2.4375 2.541 2.653 2.776 2.904 3.0388 3.1738 3.2865 3.3839 3.4763 3.5692 3.6641 3.7603 3.8614 
109 1.1701 1.1248 1.001 0.95042 0.92216 0.90039 0.88043 0.86326 0.84884 0.83646 0.82643 0.81962 0.81672 0.8177 0.8219 0.82835 0.83613 0.84474 0.85393 0.86329 0.8723 0.88001 0.8857 0.8894 0.89188 0.8938 0.89547 0.897 0.8989 0.9019 0.90571 0.91024 0.91564 0.92168 0.92802 0.93471 0.9416 0.94851 0.95521 0.96186 0.96831 0.97449 0.98054 0.98648 0.99234 0.99816 1.0042 1.0101 1.0175 1.0256 1.0351 1.0457 1.0575 1.0707 1.0851 1.1012 1.1185 1.1374 1.1575 1.1789 1.202 1.226 1.2517 1.2785 1.3064 1.3358 1.3663 1.398 1.4312 1.4657 1.5018 1.5395 1.579 1.6207 1.6641 1.7102 1.7584 1.8092 1.8629 1.9193 1.9797 2.0441 2.1122 2.1848 2.2628 2.3474 2.4407 2.5445 2.6566 2.7795 2.9071 3.0412 3.1753 3.2869 3.3832 3.4748 3.5671 3.6617 3.7577 3.8586 
109.5 1.1658 1.1208 0.99836 0.94829 0.92037 0.89893 0.8793 0.86238 0.84812 0.83585 0.82588 0.8191 0.81622 0.8172 0.82137 0.82777 0.83549 0.84407 0.85324 0.86259 0.87162 0.87939 0.88514 0.88892 0.89144 0.89342 0.89513 0.89669 0.89854 0.90151 0.90534 0.9099 0.91528 0.92132 0.92767 0.9344 0.94129 0.94822 0.95499 0.96165 0.96813 0.97435 0.98045 0.98643 0.99232 0.99819 1.0042 1.0102 1.0176 1.0258 1.0354 1.0459 1.0578 1.071 1.0854 1.1016 1.1188 1.1377 1.1578 1.1793 1.2023 1.2264 1.2521 1.2789 1.3068 1.3362 1.3667 1.3985 1.4317 1.4663 1.5025 1.5402 1.5798 1.6215 1.6651 1.7113 1.7596 1.8105 1.8645 1.921 1.9815 2.0461 2.1143 2.1871 2.2654 2.35 2.4434 2.5474 2.6595 2.7823 2.9097 3.0431 3.1765 3.2873 3.383 3.4741 3.5663 3.6607 3.7567 3.8575 
110 1.1615 1.1167 0.9957 0.94615 0.91858 0.89746 0.87816 0.86149 0.8474 0.83523 0.82532 0.81858 0.81573 0.81671 0.82083 0.82718 0.83486 0.8434 0.85255 0.8619 0.87095 0.87877 0.88458 0.88843 0.891 0.89303 0.89479 0.89638 0.89819 0.90112 0.90497 0.90956 0.91491 0.92095 0.92732 0.93409 0.94097 0.94793 0.95476 0.96145 0.96795 0.97421 0.98036 0.98639 0.9923 0.99821 1.0043 1.0103 1.0178 1.026 1.0356 1.0462 1.0581 1.0713 1.0857 1.1019 1.1192 1.1381 1.1582 1.1797 1.2027 1.2268 1.2525 1.2793 1.3073 1.3367 1.3671 1.3991 1.4323 1.4669 1.5031 1.5409 1.5806 1.6224 1.6661 1.7124 1.7608 1.8119 1.866 1.9226 1.9833 2.0482 2.1165 2.1895 2.268 2.3526 2.4462 2.5503 2.6624 2.7852 2.9122 3.0451 3.1777 3.2878 3.3828 3.4735 3.5654 3.6597 3.7556 3.8563 
110.5 1.1573 1.1127 0.99304 0.94402 0.91678 0.896 0.87703 0.86061 0.84669 0.83462 0.82476 0.81806 0.81524 0.81622 0.8203 0.82659 0.83423 0.84274 0.85186 0.8612 0.87028 0.87814 0.88403 0.88795 0.89057 0.89265 0.89445 0.89606 0.89783 0.90072 0.90461 0.90921 0.91454 0.92059 0.92698 0.93378 0.94066 0.94764 0.95453 0.96124 0.96777 0.97407 0.98026 0.98634 0.99228 0.99824 1.0044 1.0104 1.0179 1.0262 1.0358 1.0465 1.0584 1.0716 1.0861 1.1023 1.1195 1.1385 1.1586 1.1801 1.2031 1.2272 1.2529 1.2796 1.3077 1.3371 1.3675 1.3996 1.4328 1.4675 1.5038 1.5415 1.5814 1.6232 1.6671 1.7135 1.762 1.8132 1.8675 1.9242 1.9852 2.0503 2.1186 2.1919 2.2706 2.3552 2.4489 2.5532 2.6654 2.788 2.9147 3.047 3.179 3.2882 3.3826 3.4729 3.5645 3.6587 3.7545 3.8552 
111 1.1527 1.1084 0.9903 0.94187 0.91499 0.89452 0.87587 0.85971 0.84596 0.834 0.82421 0.81755 0.81476 0.81575 0.81979 0.82603 0.83362 0.84209 0.8512 0.86052 0.8696 0.87752 0.88347 0.88747 0.89014 0.89227 0.89412 0.89576 0.89749 0.90036 0.90426 0.90888 0.91419 0.92024 0.92664 0.93347 0.94036 0.94736 0.9543 0.96103 0.9676 0.97393 0.98017 0.98629 0.99226 0.99826 1.0044 1.0106 1.0181 1.0264 1.0361 1.0467 1.0588 1.0719 1.0864 1.1027 1.1199 1.1388 1.159 1.1804 1.2035 1.2276 1.2533 1.28 1.3082 1.3376 1.368 1.4001 1.4333 1.4681 1.5044 1.5422 1.5822 1.6241 1.6681 1.7146 1.7632 1.8146 1.869 1.9259 1.987 2.0523 2.1208 2.1942 2.273 2.3577 2.4516 2.556 2.6682 2.7907 2.9171 3.0489 3.1801 3.2885 3.3821 3.4719 3.5632 3.6571 3.7527 3.8533 
111.5 1.1477 1.1036 0.9874 0.93967 0.91318 0.89302 0.87469 0.8588 0.84523 0.83339 0.82366 0.81706 0.81433 0.81533 0.81933 0.8255 0.83306 0.84151 0.85058 0.85987 0.86893 0.87688 0.88292 0.88699 0.88972 0.89191 0.8938 0.89549 0.89722 0.90004 0.90395 0.90858 0.91388 0.91992 0.92634 0.93317 0.94007 0.94711 0.95407 0.9608 0.96744 0.97382 0.98008 0.98624 0.99225 0.99829 1.0045 1.0107 1.0182 1.0266 1.0363 1.047 1.059 1.0722 1.0868 1.103 1.1203 1.1392 1.1594 1.1809 1.2039 1.2281 1.2538 1.2805 1.3086 1.3381 1.3685 1.4007 1.4339 1.4687 1.5052 1.543 1.5831 1.625 1.6691 1.7157 1.7645 1.816 1.8705 1.9276 1.9889 2.0541 2.1229 2.1965 2.2752 2.3601 2.4542 2.5585 2.6707 2.7931 2.9192 3.0506 3.1813 3.2885 3.3812 3.4703 3.5609 3.6542 3.7494 3.8499 
112 1.1426 1.0987 0.98449 0.93747 0.91137 0.89151 0.8735 0.85788 0.8445 0.83277 0.82311 0.81656 0.81389 0.81491 0.81886 0.82497 0.83249 0.84092 0.84996 0.85921 0.86826 0.87625 0.88237 0.88651 0.8893 0.89155 0.89348 0.89522 0.89695 0.89972 0.90365 0.90827 0.91357 0.9196 0.92605 0.93287 0.93979 0.94685 0.95384 0.96058 0.96728 0.97371 0.97998 0.98618 0.99224 0.99832 1.0046 1.0108 1.0184 1.0268 1.0366 1.0473 1.0593 1.0726 1.0872 1.1034 1.1207 1.1396 1.1598 1.1813 1.2043 1.2285 1.2542 1.2809 1.3091 1.3385 1.369 1.4012 1.4345 1.4694 1.5059 1.5438 1.5839 1.626 1.6702 1.7169 1.7658 1.8174 1.8719 1.9293 1.9907 2.056 2.125 2.1988 2.2774 2.3625 2.4567 2.5609 2.6732 2.7956 2.9214 3.0524 3.1824 3.2885 3.3803 3.4687 3.5586 3.6513 3.7461 3.8465 
112.5 1.1376 1.0938 0.98158 0.93527 0.90956 0.89 0.87232 0.85697 0.84377 0.83216 0.82256 0.81607 0.81346 0.81449 0.8184 0.82445 0.83193 0.84034 0.84935 0.85856 0.86758 0.87562 0.88182 0.88604 0.88889 0.89119 0.89317 0.89495 0.89668 0.89941 0.90334 0.90796 0.91326 0.91928 0.92575 0.93257 0.9395 0.94659 0.95361 0.96036 0.96712 0.9736 0.97989 0.98612 0.99223 0.99835 1.0046 1.0109 1.0185 1.027 1.0368 1.0476 1.0596 1.0729 1.0876 1.1038 1.1211 1.14 1.1602 1.1817 1.2047 1.2289 1.2546 1.2813 1.3096 1.339 1.3695 1.4017 1.4351 1.47 1.5066 1.5446 1.5848 1.6269 1.6712 1.718 1.7671 1.8187 1.8734 1.931 1.9925 2.0578 2.1272 2.2011 2.2795 2.3649 2.4593 2.5634 2.6758 2.7981 2.9236 3.0541 3.1835 3.2884 3.3794 3.467 3.5563 3.6484 3.7427 3.8431 
113 1.1321 1.0886 0.97847 0.93289 0.90762 0.8884 0.87106 0.856 0.843 0.83154 0.82202 0.81561 0.81309 0.81414 0.81802 0.824 0.83143 0.8398 0.84878 0.85794 0.86694 0.87499 0.88126 0.88556 0.88848 0.89084 0.89287 0.89469 0.89643 0.89914 0.90309 0.90767 0.91298 0.91901 0.92547 0.9323 0.93924 0.94634 0.95339 0.96017 0.96696 0.97348 0.97981 0.98607 0.99222 0.99838 1.0047 1.011 1.0187 1.0272 1.0371 1.0479 1.06 1.0733 1.088 1.1043 1.1216 1.1405 1.1606 1.1822 1.2052 1.2294 1.2551 1.2818 1.3101 1.3395 1.3701 1.4023 1.4357 1.4707 1.5073 1.5454 1.5857 1.6279 1.6723 1.7192 1.7684 1.8202 1.8749 1.9327 1.9944 2.0597 2.1293 2.2032 2.2817 2.3673 2.4616 2.5658 2.6783 2.8006 2.9258 3.0558 3.1844 3.2883 3.3783 3.4653 3.5541 3.6458 3.74 3.8403 
113.5 1.1262 1.083 0.97518 0.93038 0.90557 0.88672 0.86975 0.85499 0.84222 0.83091 0.8215 0.81519 0.81277 0.81385 0.8177 0.82363 0.831 0.83931 0.84824 0.85736 0.86632 0.87437 0.88071 0.88508 0.88809 0.8905 0.89259 0.89444 0.8962 0.89892 0.90288 0.9074 0.91273 0.91879 0.92521 0.93205 0.939 0.9461 0.95319 0.96001 0.96679 0.97337 0.97973 0.98602 0.99222 0.99841 1.0048 1.0111 1.0189 1.0274 1.0374 1.0482 1.0604 1.0737 1.0884 1.1047 1.122 1.141 1.1611 1.1827 1.2057 1.2299 1.2556 1.2823 1.3106 1.3401 1.3707 1.4029 1.4364 1.4715 1.5081 1.5463 1.5866 1.6289 1.6734 1.7204 1.7697 1.8217 1.8765 1.9344 1.9962 2.0617 2.1314 2.2053 2.2839 2.3695 2.4638 2.5681 2.6808 2.8031 2.9281 3.0575 3.1853 3.288 3.3771 3.4635 3.552 3.6435 3.7378 3.8382 
114 1.1203 1.0775 0.97189 0.92787 0.90351 0.88504 0.86843 0.85398 0.84143 0.83028 0.82097 0.81477 0.81244 0.81356 0.81738 0.82325 0.83057 0.83883 0.84771 0.85677 0.8657 0.87375 0.88015 0.8846 0.88769 0.89016 0.89231 0.89419 0.89598 0.8987 0.90267 0.90713 0.91248 0.91858 0.92494 0.9318 0.93877 0.94586 0.95299 0.95985 0.96663 0.97325 0.97965 0.98596 0.99222 0.99844 1.0048 1.0112 1.019 1.0277 1.0377 1.0485 1.0607 1.0741 1.0889 1.1052 1.1225 1.1415 1.1616 1.1832 1.2062 1.2303 1.2561 1.2829 1.3111 1.3406 1.3713 1.4035 1.4371 1.4722 1.5088 1.5472 1.5876 1.6299 1.6746 1.7216 1.771 1.8231 1.878 1.9361 1.998 2.0636 2.1334 2.2074 2.2861 2.3717 2.4659 2.5704 2.6833 2.8056 2.9303 3.0592 3.1861 3.2877 3.3758 3.4616 3.5499 3.6413 3.7355 3.836 
114.5 1.1145 1.0719 0.9686 0.92536 0.90146 0.88336 0.86712 0.85297 0.84065 0.82965 0.82044 0.81434 0.81212 0.81327 0.81706 0.82287 0.83013 0.83834 0.84717 0.85618 0.86509 0.87313 0.87959 0.88412 0.88729 0.88982 0.89203 0.89394 0.89575 0.89847 0.90245 0.90686 0.91223 0.91836 0.92468 0.93154 0.93853 0.94563 0.95279 0.95968 0.96646 0.97313 0.97957 0.98591 0.99222 0.99847 1.0049 1.0114 1.0192 1.0279 1.0379 1.0489 1.0611 1.0746 1.0893 1.1056 1.123 1.142 1.1621 1.1837 1.2067 1.2308 1.2566 1.2834 1.3116 1.3412 1.3719 1.4041 1.4378 1.4729 1.5096 1.5481 1.5885 1.6309 1.6757 1.7228 1.7723 1.8246 1.8796 1.9378 1.9998 2.0655 2.1355 2.2095 2.2883 2.374 2.4681 2.5727 2.6857 2.8081 2.9326 3.0609 3.187 3.2874 3.3746 3.4598 3.5478 3.639 3.7332 3.8339 
115 1.1081 1.0661 0.96506 0.9227 0.89935 0.88169 0.86586 0.85203 0.83993 0.82905 0.81992 0.81395 0.81186 0.81308 0.81685 0.82262 0.82981 0.83796 0.84672 0.85566 0.86454 0.87259 0.87906 0.88365 0.88692 0.88953 0.89175 0.89365 0.89556 0.8983 0.9022 0.90668 0.91203 0.91815 0.9245 0.93132 0.93834 0.94544 0.95258 0.95954 0.96633 0.97302 0.97951 0.98587 0.99223 0.99851 1.005 1.0115 1.0194 1.0282 1.0383 1.0492 1.0615 1.075 1.0898 1.1061 1.1235 1.1425 1.1627 1.1843 1.2073 1.2314 1.2571 1.2839 1.3122 1.3418 1.3726 1.4048 1.4385 1.4737 1.5105 1.549 1.5895 1.632 1.6769 1.7241 1.7737 1.8261 1.8812 1.9395 2.0016 2.0674 2.1375 2.2115 2.2905 2.3761 2.4703 2.575 2.6881 2.8104 2.9345 3.0622 3.1873 3.2866 3.3728 3.4575 3.5453 3.6366 3.731 3.8319 
115.5 1.1016 1.0601 0.96146 0.92001 0.89722 0.88002 0.86463 0.85113 0.83923 0.82846 0.81941 0.81356 0.81161 0.81291 0.81669 0.8224 0.82953 0.83762 0.84629 0.85515 0.86401 0.87207 0.87854 0.88317 0.88655 0.88927 0.89147 0.89333 0.89538 0.89814 0.90195 0.90653 0.91185 0.91793 0.92435 0.9311 0.93815 0.94527 0.95238 0.95939 0.9662 0.97291 0.97945 0.98584 0.99224 0.99856 1.005 1.0117 1.0196 1.0284 1.0386 1.0496 1.062 1.0755 1.0903 1.1067 1.1241 1.1431 1.1632 1.1849 1.2078 1.232 1.2577 1.2845 1.3128 1.3424 1.3732 1.4056 1.4393 1.4745 1.5114 1.5499 1.5905 1.6331 1.6781 1.7254 1.7751 1.8276 1.8828 1.9413 2.0035 2.0693 2.1395 2.2135 2.2926 2.3782 2.4725 2.5773 2.6904 2.8126 2.9364 3.0633 3.1875 3.2855 3.3709 3.4551 3.5427 3.6341 3.7288 3.8299 
116 1.0951 1.0542 0.95785 0.91731 0.89509 0.87835 0.86339 0.85022 0.83852 0.82787 0.8189 0.81317 0.81136 0.81274 0.81652 0.82218 0.82924 0.83728 0.84585 0.85464 0.86348 0.87154 0.87802 0.8827 0.88618 0.889 0.8912 0.89302 0.8952 0.89797 0.90169 0.90637 0.91166 0.91771 0.92419 0.93089 0.93797 0.9451 0.95218 0.95925 0.96608 0.97279 0.97939 0.98581 0.99225 0.99861 1.0051 1.0118 1.0198 1.0287 1.0389 1.05 1.0624 1.076 1.0909 1.1072 1.1246 1.1436 1.1638 1.1854 1.2084 1.2326 1.2583 1.2851 1.3134 1.3431 1.3739 1.4063 1.44 1.4753 1.5123 1.5508 1.5916 1.6342 1.6792 1.7268 1.7764 1.8291 1.8844 1.943 2.0054 2.0712 2.1415 2.2155 2.2947 2.3802 2.4746 2.5796 2.6927 2.8148 2.9382 3.0645 3.1876 3.2845 3.3689 3.4526 3.5401 3.6316 3.7266 3.828 
116.5 1.0886 1.0482 0.95424 0.91461 0.89296 0.87668 0.86215 0.84931 0.83782 0.82728 0.81839 0.81278 0.81111 0.81257 0.81635 0.82196 0.82896 0.83694 0.84542 0.85414 0.86295 0.87102 0.87751 0.88223 0.88581 0.88874 0.89092 0.89271 0.89501 0.89781 0.90143 0.90622 0.91148 0.9175 0.92404 0.93067 0.93779 0.94493 0.95198 0.95911 0.96595 0.97268 0.97934 0.98578 0.99225 0.99866 1.0052 1.012 1.02 1.029 1.0392 1.0504 1.0628 1.0765 1.0914 1.1077 1.1252 1.1442 1.1644 1.186 1.209 1.2332 1.2589 1.2857 1.3141 1.3437 1.3745 1.407 1.4408 1.4761 1.5132 1.5518 1.5926 1.6353 1.6804 1.7281 1.7778 1.8306 1.886 1.9447 2.0072 2.0731 2.1435 2.2175 2.2968 2.3823 2.4768 2.5819 2.6949 2.817 2.9401 3.0657 3.1878 3.2835 3.367 3.4502 3.5375 3.6291 3.7244 3.826 
117 1.0837 1.044 0.95161 0.91236 0.89104 0.87517 0.86099 0.8484 0.83711 0.82674 0.818 0.81252 0.81096 0.81246 0.81624 0.82181 0.82876 0.83669 0.84511 0.85381 0.86258 0.87063 0.87713 0.88193 0.88542 0.88825 0.89054 0.89243 0.89479 0.89766 0.90131 0.90608 0.91136 0.91737 0.92389 0.93053 0.93763 0.94478 0.95185 0.95898 0.96584 0.9726 0.97928 0.98577 0.99227 0.99872 1.0053 1.0121 1.0203 1.0293 1.0396 1.0508 1.0633 1.077 1.0919 1.1083 1.1258 1.1448 1.165 1.1867 1.2096 1.2339 1.2596 1.2864 1.3148 1.3444 1.3753 1.4078 1.4416 1.477 1.5142 1.5528 1.5937 1.6365 1.6817 1.7294 1.7793 1.8321 1.8876 1.9464 2.009 2.075 2.1454 2.2195 2.2988 2.3843 2.4788 2.5839 2.697 2.819 2.9418 3.0668 3.1883 3.2831 3.3658 3.4485 3.5357 3.6274 3.7226 3.8244 
117.5 1.0788 1.0398 0.94899 0.9101 0.88912 0.87367 0.85982 0.84749 0.8364 0.8262 0.81761 0.81226 0.8108 0.81236 0.81613 0.82165 0.82856 0.83643 0.8448 0.85348 0.86222 0.87024 0.87675 0.88162 0.88503 0.88776 0.89016 0.89216 0.89456 0.89751 0.90119 0.90594 0.91124 0.91724 0.92374 0.93039 0.93748 0.94463 0.95171 0.95884 0.96573 0.97251 0.97922 0.98575 0.99229 0.99878 1.0054 1.0123 1.0205 1.0296 1.04 1.0512 1.0638 1.0775 1.0925 1.1088 1.1264 1.1454 1.1656 1.1873 1.2102 1.2346 1.2602 1.287 1.3155 1.3451 1.3761 1.4086 1.4425 1.478 1.5151 1.5539 1.5948 1.6377 1.683 1.7307 1.7807 1.8337 1.8892 1.9481 2.0108 2.0768 2.1473 2.2215 2.3007 2.3864 2.4808 2.5859 2.6991 2.821 2.9434 3.068 3.1887 3.2826 3.3646 3.4469 3.5339 3.6256 3.7209 3.8228 
118 1.074 1.0356 0.94636 0.90784 0.8872 0.87216 0.85866 0.84659 0.83569 0.82566 0.81721 0.81199 0.81064 0.81225 0.81602 0.8215 0.82837 0.83617 0.84449 0.85315 0.86186 0.86985 0.87638 0.88132 0.88464 0.88727 0.88977 0.89188 0.89434 0.89736 0.90108 0.9058 0.91112 0.91712 0.92359 0.93025 0.93733 0.94448 0.95158 0.9587 0.96563 0.97243 0.97916 0.98574 0.9923 0.99885 1.0055 1.0125 1.0208 1.0299 1.0403 1.0516 1.0643 1.0781 1.0931 1.1094 1.127 1.146 1.1663 1.188 1.2109 1.2353 1.2609 1.2877 1.3162 1.3457 1.3769 1.4094 1.4433 1.4789 1.516 1.5549 1.5959 1.6388 1.6843 1.732 1.7822 1.8352 1.8907 1.9498 2.0126 2.0787 2.1493 2.2235 2.3027 2.3885 2.4828 2.588 2.7012 2.823 2.9451 3.0691 3.1892 3.2821 3.3634 3.4452 3.532 3.6238 3.7192 3.8212 
118.5 1.0692 1.0315 0.94369 0.90567 0.88539 0.8707 0.85752 0.84571 0.83503 0.82516 0.81685 0.81176 0.81049 0.81216 0.81591 0.82136 0.82818 0.83592 0.8442 0.85284 0.86152 0.86948 0.87602 0.88098 0.88422 0.8868 0.8894 0.89161 0.89412 0.8972 0.90096 0.90566 0.91101 0.917 0.92344 0.93012 0.93718 0.94433 0.95145 0.95858 0.96552 0.97236 0.97911 0.98572 0.99232 0.99891 1.0057 1.0126 1.021 1.0302 1.0407 1.0521 1.0648 1.0786 1.0936 1.11 1.1276 1.1466 1.1669 1.1886 1.2115 1.236 1.2615 1.2884 1.3169 1.3464 1.3777 1.4102 1.4442 1.4798 1.5169 1.556 1.597 1.64 1.6856 1.7333 1.7836 1.8367 1.8923 1.9515 2.0143 2.0805 2.1511 2.2255 2.3046 2.3905 2.4848 2.5899 2.7032 2.8249 2.9468 3.0703 3.1896 3.2817 3.3622 3.4436 3.5302 3.6219 3.7173 3.8194 
119 1.0649 1.0274 0.94091 0.90381 0.88397 0.86942 0.85647 0.84496 0.83451 0.82479 0.8166 0.81159 0.81039 0.81207 0.81582 0.82125 0.82803 0.83572 0.84398 0.85261 0.86127 0.8692 0.8757 0.88052 0.88372 0.88643 0.88906 0.89134 0.89393 0.89704 0.90085 0.90556 0.91091 0.91691 0.92332 0.93 0.93707 0.9442 0.95135 0.95848 0.96543 0.9723 0.97907 0.98572 0.99237 0.999 1.0058 1.0128 1.0213 1.0305 1.0411 1.0525 1.0652 1.0791 1.0942 1.1106 1.1282 1.1473 1.1676 1.1893 1.2122 1.2366 1.2622 1.2892 1.3176 1.3473 1.3785 1.411 1.4451 1.4807 1.518 1.5571 1.5981 1.6413 1.6868 1.7347 1.7851 1.8382 1.894 1.9531 2.0161 2.0823 2.153 2.2273 2.3065 2.3923 2.4867 2.5917 2.7051 2.8267 2.9483 3.0714 3.1901 3.2813 3.3611 3.442 3.5283 3.6198 3.715 3.8171 
119.5 1.0606 1.0233 0.93812 0.90195 0.88255 0.86814 0.85542 0.84421 0.83399 0.82443 0.81635 0.81143 0.81029 0.81199 0.81574 0.82114 0.82788 0.83552 0.84376 0.85238 0.86102 0.86892 0.87539 0.88006 0.88322 0.88605 0.88872 0.89107 0.89374 0.89688 0.90073 0.90545 0.91081 0.91682 0.92319 0.92989 0.93695 0.94407 0.95124 0.95838 0.96535 0.97224 0.97903 0.98571 0.99241 0.99908 1.0059 1.013 1.0215 1.0308 1.0415 1.0529 1.0657 1.0797 1.0948 1.1112 1.1289 1.1479 1.1682 1.19 1.2129 1.2373 1.263 1.2899 1.3183 1.3481 1.3793 1.4118 1.446 1.4817 1.519 1.5581 1.5993 1.6425 1.6881 1.7361 1.7865 1.8397 1.8956 1.9548 2.0178 2.0842 2.1548 2.2292 2.3084 2.3941 2.4885 2.5935 2.707 2.8285 2.9498 3.0725 3.1906 3.2809 3.36 3.4404 3.5263 3.6176 3.7127 3.8147 
120 1.0563 1.0192 0.93534 0.90009 0.88113 0.86686 0.85437 0.84346 0.83348 0.82406 0.81609 0.81126 0.81018 0.81191 0.81565 0.82103 0.82773 0.83532 0.84355 0.85215 0.86077 0.86864 0.87508 0.8796 0.88271 0.88568 0.88838 0.8908 0.89354 0.89671 0.90062 0.90534 0.91071 0.91674 0.92307 0.92977 0.93684 0.94394 0.95113 0.95828 0.96526 0.97218 0.97899 0.9857 0.99245 0.99917 1.006 1.0132 1.0218 1.0312 1.0419 1.0534 1.0662 1.0802 1.0954 1.1118 1.1295 1.1486 1.1689 1.1907 1.2136 1.238 1.2637 1.2907 1.3191 1.3489 1.3801 1.4127 1.447 1.4826 1.5201 1.5592 1.6004 1.6437 1.6893 1.7375 1.7879 1.8412 1.8972 1.9565 2.0195 2.086 2.1567 2.2311 2.3103 2.3959 2.4904 2.5953 2.7088 2.8303 2.9514 3.0736 3.1911 3.2806 3.359 3.4388 3.5244 3.6155 3.7104 3.8124 
120.5 1.0527 1.0159 0.93311 0.89848 0.87986 0.86574 0.85343 0.84274 0.83296 0.82371 0.81588 0.81114 0.81009 0.81182 0.81556 0.82093 0.82759 0.83515 0.84335 0.85193 0.86051 0.86834 0.87474 0.87919 0.88228 0.88531 0.88807 0.89055 0.89335 0.89656 0.9005 0.90524 0.91061 0.91665 0.92297 0.92967 0.93674 0.94384 0.95103 0.95819 0.96519 0.97213 0.97896 0.98571 0.9925 0.99926 1.0062 1.0134 1.022 1.0315 1.0422 1.0538 1.0667 1.0808 1.0959 1.1124 1.1301 1.1493 1.1696 1.1913 1.2143 1.2388 1.2644 1.2915 1.3198 1.3497 1.381 1.4135 1.4479 1.4836 1.5211 1.5603 1.6016 1.645 1.6906 1.7389 1.7894 1.8427 1.8988 1.9581 2.0212 2.0878 2.1585 2.2329 2.3121 2.3977 2.4922 2.5971 2.7106 2.832 2.9528 3.0745 3.1914 3.2802 3.3579 3.4373 3.5226 3.6135 3.7084 3.8103 
121 1.05 1.0135 0.93155 0.89719 0.87878 0.86481 0.85263 0.84206 0.83243 0.82338 0.81572 0.81107 0.81002 0.81173 0.81548 0.82083 0.82747 0.83502 0.84318 0.8517 0.86022 0.868 0.87437 0.87883 0.88193 0.88496 0.8878 0.89032 0.89316 0.89642 0.90039 0.90514 0.91052 0.91656 0.92288 0.92958 0.93664 0.94375 0.95094 0.95811 0.96514 0.97209 0.97895 0.98575 0.99255 0.99935 1.0063 1.0136 1.0223 1.0318 1.0426 1.0543 1.0672 1.0813 1.0965 1.1131 1.1308 1.1499 1.1703 1.1921 1.2151 1.2395 1.2652 1.2923 1.3207 1.3505 1.3818 1.4144 1.4488 1.4846 1.5222 1.5614 1.6028 1.6462 1.6919 1.7402 1.7908 1.8442 1.9004 1.9597 2.0228 2.0895 2.1602 2.2347 2.3139 2.3994 2.4938 2.5988 2.7122 2.8334 2.9539 3.0753 3.1916 3.2797 3.3569 3.4359 3.521 3.6116 3.7065 3.8084 
121.5 1.0474 1.0111 0.92998 0.8959 0.87769 0.86388 0.85183 0.84138 0.83191 0.82305 0.81555 0.81099 0.80994 0.81164 0.81539 0.82073 0.82736 0.83489 0.84302 0.85148 0.85994 0.86767 0.874 0.87847 0.88158 0.8846 0.88752 0.8901 0.89297 0.89629 0.90027 0.90504 0.91043 0.91646 0.9228 0.92949 0.93654 0.94366 0.95085 0.95802 0.96509 0.97205 0.97893 0.98578 0.99261 0.99944 1.0064 1.0138 1.0226 1.0322 1.043 1.0547 1.0677 1.0819 1.0971 1.1137 1.1314 1.1506 1.171 1.1928 1.2158 1.2402 1.2659 1.293 1.3215 1.3513 1.3827 1.4154 1.4497 1.4856 1.5232 1.5625 1.604 1.6474 1.6932 1.7416 1.7923 1.8457 1.902 1.9613 2.0244 2.0913 2.1619 2.2364 2.3157 2.4011 2.4955 2.6004 2.7137 2.8349 2.9551 3.0761 3.1918 3.2793 3.3559 3.4346 3.5193 3.6098 3.7047 3.8066 
122 1.0447 1.0088 0.92842 0.89461 0.87661 0.86296 0.85102 0.8407 0.83139 0.82271 0.81539 0.81092 0.80987 0.81155 0.8153 0.82064 0.82724 0.83475 0.84285 0.85126 0.85965 0.86734 0.87363 0.87811 0.88122 0.88425 0.88724 0.88987 0.89278 0.89615 0.90015 0.90493 0.91034 0.91637 0.92272 0.92939 0.93645 0.94358 0.95076 0.95794 0.96504 0.97201 0.97892 0.98581 0.99266 0.99952 1.0066 1.014 1.0229 1.0325 1.0434 1.0552 1.0683 1.0824 1.0977 1.1143 1.1321 1.1513 1.1717 1.1935 1.2165 1.241 1.2667 1.2938 1.3223 1.3522 1.3836 1.4163 1.4507 1.4866 1.5242 1.5637 1.6051 1.6486 1.6946 1.7429 1.7937 1.8472 1.9036 1.963 2.0261 2.093 2.1637 2.2381 2.3174 2.4028 2.4972 2.6021 2.7153 2.8363 2.9563 3.0769 3.192 3.2788 3.3549 3.4332 3.5177 3.608 3.7028 3.8048 
122.5 1.0424 1.0066 0.92692 0.89338 0.87557 0.86206 0.85025 0.84007 0.83092 0.82241 0.81523 0.81083 0.8098 0.81148 0.81523 0.82055 0.82713 0.83462 0.84267 0.85103 0.85938 0.86701 0.87327 0.87781 0.88093 0.88395 0.887 0.88966 0.89261 0.89602 0.90005 0.90484 0.91026 0.91629 0.92265 0.92932 0.93637 0.9435 0.95069 0.95788 0.96499 0.97199 0.97892 0.98584 0.99272 0.99962 1.0067 1.0142 1.0231 1.0328 1.0438 1.0556 1.0688 1.083 1.0983 1.115 1.1328 1.152 1.1724 1.1942 1.2173 1.2417 1.2675 1.2946 1.3231 1.353 1.3845 1.4172 1.4516 1.4877 1.5253 1.5648 1.6064 1.6499 1.6959 1.7443 1.7951 1.8487 1.9051 1.9645 2.0277 2.0947 2.1654 2.2399 2.3191 2.4044 2.4988 2.6037 2.7168 2.8377 2.9574 3.0775 3.1921 3.2782 3.3539 3.4319 3.5164 3.6068 3.7018 3.8039 
123 1.0402 1.0046 0.92545 0.89219 0.87456 0.86118 0.8495 0.83946 0.83047 0.82213 0.81507 0.81074 0.80974 0.81142 0.81516 0.82048 0.82703 0.83448 0.84248 0.85081 0.8591 0.86668 0.87292 0.87752 0.88067 0.88367 0.88677 0.88947 0.89245 0.89589 0.89994 0.90475 0.91018 0.91622 0.92257 0.92926 0.9363 0.94342 0.95064 0.95783 0.96495 0.97197 0.97893 0.98587 0.99278 0.99971 1.0068 1.0144 1.0234 1.0332 1.0442 1.0561 1.0693 1.0835 1.0989 1.1156 1.1334 1.1527 1.1731 1.1949 1.2181 1.2425 1.2683 1.2955 1.324 1.3539 1.3854 1.4182 1.4527 1.4887 1.5264 1.5659 1.6076 1.6511 1.6972 1.7457 1.7965 1.8501 1.9066 1.9661 2.0293 2.0963 2.167 2.2416 2.3207 2.4061 2.5003 2.6052 2.7183 2.839 2.9584 3.0781 3.1921 3.2777 3.3529 3.4308 3.5153 3.6059 3.7011 3.8035 
123.5 1.038 1.0025 0.92398 0.89099 0.87355 0.8603 0.84875 0.83885 0.83002 0.82184 0.81491 0.81065 0.80968 0.81136 0.81509 0.8204 0.82693 0.83435 0.8423 0.85059 0.85883 0.86635 0.87257 0.87724 0.88041 0.8834 0.88654 0.88928 0.89228 0.89576 0.89984 0.90467 0.91011 0.91614 0.9225 0.92919 0.93622 0.94334 0.95059 0.95778 0.9649 0.97196 0.97894 0.9859 0.99284 0.99981 1.0069 1.0146 1.0237 1.0335 1.0446 1.0565 1.0698 1.0841 1.0995 1.1162 1.1341 1.1534 1.1738 1.1957 1.2188 1.2433 1.2691 1.2963 1.3248 1.3548 1.3863 1.4191 1.4537 1.4897 1.5275 1.5671 1.6088 1.6524 1.6985 1.747 1.798 1.8516 1.9081 1.9676 2.0309 2.0979 2.1687 2.2433 2.3222 2.4078 2.5018 2.6067 2.7197 2.8403 2.9594 3.0787 3.1922 3.2771 3.3519 3.4296 3.5142 3.6049 3.7005 3.8032 
124 1.0358 1.0004 0.92251 0.8898 0.87254 0.85942 0.848 0.83824 0.82956 0.82155 0.81475 0.81056 0.80962 0.8113 0.81503 0.82033 0.82683 0.83421 0.84211 0.85037 0.85855 0.86602 0.87223 0.87695 0.88015 0.88313 0.88631 0.88908 0.89212 0.89563 0.89974 0.90458 0.91003 0.91607 0.92243 0.92913 0.93615 0.94326 0.95053 0.95774 0.96486 0.97195 0.97895 0.98593 0.99291 0.99991 1.0071 1.0148 1.024 1.0338 1.045 1.057 1.0703 1.0846 1.1001 1.1169 1.1348 1.1541 1.1746 1.1964 1.2196 1.2441 1.2699 1.2971 1.3257 1.3557 1.3872 1.4201 1.4547 1.4908 1.5287 1.5682 1.61 1.6537 1.6998 1.7484 1.7994 1.8531 1.9096 1.9692 2.0325 2.0995 2.1703 2.2451 2.3238 2.4094 2.5034 2.6082 2.7212 2.8416 2.9604 3.0792 3.1922 3.2765 3.3509 3.4284 3.5131 3.604 3.6998 3.8028 
124.5 1.0336 0.99838 0.92113 0.88865 0.87155 0.85856 0.84728 0.83765 0.82912 0.82127 0.8146 0.81049 0.80958 0.81127 0.81498 0.82027 0.82674 0.83408 0.84195 0.85017 0.8583 0.86573 0.87192 0.87669 0.87996 0.88293 0.88609 0.88891 0.892 0.89554 0.89967 0.90452 0.90998 0.91602 0.92238 0.92909 0.9361 0.94322 0.9505 0.9577 0.96484 0.97195 0.97897 0.98599 0.99298 1 1.0072 1.0151 1.0242 1.0342 1.0454 1.0575 1.0708 1.0852 1.1007 1.1175 1.1355 1.1548 1.1753 1.1972 1.2204 1.2449 1.2708 1.298 1.3266 1.3567 1.3881 1.4211 1.4557 1.4918 1.5298 1.5694 1.6112 1.655 1.7011 1.7498 1.8008 1.8545 1.9111 1.9707 2.034 2.1011 2.1719 2.2466 2.3254 2.411 2.5049 2.6096 2.7224 2.8426 2.9612 3.0797 3.1923 3.2773 3.3513 3.4286 3.513 3.6038 3.6994 3.8023 
125 1.0314 0.99635 0.91975 0.8875 0.87056 0.8577 0.84656 0.83706 0.82869 0.82099 0.81445 0.81042 0.80955 0.81125 0.81494 0.82021 0.82666 0.83396 0.84179 0.84996 0.85806 0.86544 0.87163 0.87644 0.87978 0.88274 0.88588 0.88875 0.89189 0.89545 0.89962 0.90446 0.90994 0.91598 0.92233 0.92905 0.93605 0.94317 0.95047 0.95766 0.96483 0.97195 0.97898 0.98605 0.99306 1.0002 1.0073 1.0153 1.0245 1.0346 1.0458 1.058 1.0713 1.0858 1.1014 1.1182 1.1362 1.1555 1.1761 1.198 1.2212 1.2458 1.2716 1.2989 1.3275 1.3576 1.3891 1.4221 1.4567 1.4929 1.5309 1.5706 1.6124 1.6563 1.7024 1.7511 1.8022 1.856 1.9126 1.9723 2.0356 2.1027 2.1735 2.2482 2.3271 2.4125 2.5064 2.6109 2.7236 2.8436 2.9619 3.0801 3.1925 3.2782 3.352 3.4289 3.5131 3.6036 3.699 3.8018 
125.5 1.0292 0.99431 0.91837 0.88636 0.86957 0.85685 0.84583 0.83648 0.82825 0.8207 0.8143 0.81035 0.80951 0.81123 0.8149 0.82015 0.82659 0.83384 0.84163 0.84976 0.85781 0.86516 0.87133 0.87619 0.8796 0.88255 0.88566 0.88859 0.89177 0.89536 0.89956 0.90441 0.90989 0.91594 0.92228 0.92901 0.936 0.94313 0.95044 0.95762 0.96482 0.97196 0.979 0.98611 0.99314 1.0003 1.0074 1.0156 1.0247 1.0349 1.0462 1.0585 1.0718 1.0863 1.102 1.1188 1.1369 1.1562 1.1769 1.1988 1.2221 1.2466 1.2725 1.2997 1.3284 1.3585 1.39 1.4231 1.4577 1.494 1.532 1.5718 1.6136 1.6576 1.7038 1.7525 1.8037 1.8574 1.9141 1.9738 2.0372 2.1043 2.1751 2.2497 2.3287 2.414 2.508 2.6122 2.7249 2.8447 2.9627 3.0805 3.1927 3.2791 3.3526 3.4292 3.5131 3.6034 3.6986 3.8013 
126 1.027 0.99238 0.91706 0.88523 0.86859 0.856 0.84512 0.83589 0.82781 0.82043 0.81416 0.81028 0.80948 0.81121 0.81487 0.8201 0.82651 0.83372 0.84147 0.84957 0.85757 0.86488 0.87104 0.87593 0.8794 0.88236 0.88546 0.88843 0.89166 0.89528 0.8995 0.90436 0.90985 0.9159 0.92223 0.92897 0.93595 0.94309 0.95041 0.95759 0.9648 0.97196 0.97902 0.98618 0.99322 1.0005 1.0075 1.0158 1.025 1.0353 1.0466 1.059 1.0724 1.0869 1.1026 1.1195 1.1376 1.157 1.1777 1.1996 1.2229 1.2474 1.2733 1.3006 1.3293 1.3594 1.391 1.4241 1.4588 1.4951 1.5332 1.573 1.6148 1.6588 1.7051 1.7538 1.8051 1.8588 1.9155 1.9753 2.0387 2.1058 2.1767 2.2513 2.3303 2.4155 2.5094 2.6135 2.726 2.8456 2.9633 3.0809 3.193 3.2804 3.3536 3.4298 3.5132 3.6031 3.6979 3.8003 
126.5 1.0255 0.99107 0.91614 0.88423 0.86763 0.85518 0.84443 0.83532 0.82739 0.82018 0.81405 0.81025 0.80947 0.81121 0.81487 0.82009 0.82647 0.83363 0.84136 0.8494 0.85737 0.86466 0.87081 0.87567 0.87912 0.88213 0.88531 0.88832 0.89157 0.89522 0.89945 0.90434 0.90984 0.91589 0.92222 0.92895 0.93594 0.94307 0.95039 0.95758 0.96481 0.97199 0.97908 0.98625 0.99333 1.0006 1.0077 1.0161 1.0253 1.0357 1.047 1.0595 1.0729 1.0875 1.1033 1.1202 1.1384 1.1577 1.1785 1.2005 1.2238 1.2483 1.2742 1.3015 1.3303 1.3604 1.392 1.4252 1.4599 1.4962 1.5343 1.5742 1.6161 1.6601 1.7064 1.7552 1.8065 1.8603 1.917 1.9768 2.0402 2.1073 2.1782 2.2528 2.3318 2.417 2.5107 2.6145 2.7265 2.8458 2.9634 3.0813 3.194 3.2838 3.357 3.4321 3.514 3.6022 3.6954 3.7963 
127 1.0239 0.98975 0.91523 0.88323 0.86667 0.85436 0.84374 0.83475 0.82697 0.81993 0.81395 0.81021 0.80945 0.8112 0.81488 0.82009 0.82643 0.83354 0.84124 0.84924 0.85717 0.86444 0.87057 0.87541 0.87883 0.8819 0.88516 0.88821 0.89148 0.89515 0.89941 0.90433 0.90983 0.91587 0.9222 0.92893 0.93592 0.94305 0.95037 0.95758 0.96482 0.97202 0.97914 0.98633 0.99344 1.0008 1.0079 1.0163 1.0256 1.036 1.0474 1.06 1.0734 1.0881 1.1039 1.1209 1.1391 1.1585 1.1793 1.2013 1.2246 1.2492 1.2751 1.3025 1.3312 1.3614 1.393 1.4262 1.461 1.4973 1.5355 1.5754 1.6173 1.6614 1.7077 1.7566 1.8079 1.8618 1.9185 1.9783 2.0417 2.1088 2.1797 2.2544 2.3333 2.4185 2.512 2.6154 2.7271 2.8461 2.9636 3.0816 3.195 3.2871 3.3603 3.4343 3.5147 3.6013 3.6928 3.7923 
127.5 1.0223 0.98844 0.91431 0.88223 0.86571 0.85354 0.84305 0.83418 0.82654 0.81968 0.81384 0.81018 0.80944 0.81119 0.81489 0.82008 0.82639 0.83346 0.84112 0.84908 0.85697 0.86422 0.87034 0.87514 0.87855 0.88167 0.88502 0.8881 0.89139 0.89509 0.89936 0.90431 0.90982 0.91586 0.92219 0.92892 0.93591 0.94303 0.95036 0.95758 0.96483 0.97205 0.97919 0.9864 0.99355 1.0009 1.0081 1.0166 1.0259 1.0364 1.0478 1.0604 1.074 1.0887 1.1046 1.1216 1.1398 1.1593 1.1801 1.2021 1.2255 1.2501 1.276 1.3034 1.3322 1.3624 1.394 1.4272 1.4621 1.4985 1.5367 1.5766 1.6186 1.6627 1.7091 1.758 1.8093 1.8633 1.92 1.9798 2.0432 2.1103 2.1812 2.2559 2.3348 2.42 2.5132 2.6164 2.7277 2.8463 2.9637 3.082 3.196 3.2905 3.3637 3.4366 3.5155 3.6004 3.6903 3.7883 
128 1.0212 0.98765 0.91373 0.88133 0.86475 0.85275 0.8424 0.83365 0.82615 0.81945 0.81375 0.81016 0.80945 0.81123 0.8149 0.82006 0.82634 0.83338 0.84102 0.84894 0.85679 0.86401 0.87011 0.87487 0.87827 0.88148 0.88488 0.88798 0.89131 0.89503 0.89933 0.90431 0.90981 0.91586 0.92218 0.9289 0.9359 0.94302 0.95035 0.95759 0.96485 0.97209 0.97926 0.98649 0.99368 1.0011 1.0083 1.0169 1.0262 1.0368 1.0483 1.0609 1.0745 1.0893 1.1052 1.1223 1.1406 1.1601 1.1809 1.2029 1.2263 1.251 1.277 1.3043 1.3331 1.3634 1.3951 1.4283 1.4632 1.4996 1.5378 1.5778 1.6198 1.664 1.7104 1.7594 1.8107 1.8647 1.9215 1.9813 2.0447 2.1118 2.1826 2.2574 2.3362 2.4214 2.5144 2.6174 2.7284 2.8468 2.9641 3.0825 3.1969 3.2928 3.3659 3.438 3.5157 3.5993 3.6879 3.7849 
128.5 1.021 0.98778 0.91371 0.88059 0.86382 0.85202 0.84183 0.83317 0.8258 0.81924 0.81367 0.81016 0.80953 0.81132 0.81493 0.82001 0.82626 0.83332 0.84095 0.84883 0.85663 0.86383 0.8699 0.87459 0.87801 0.88133 0.88476 0.88786 0.89121 0.89498 0.89932 0.90431 0.90981 0.91587 0.92219 0.92891 0.9359 0.94303 0.95036 0.95761 0.96489 0.97215 0.97933 0.98661 0.99385 1.0013 1.0085 1.0171 1.0265 1.0372 1.0487 1.0614 1.0751 1.0899 1.1059 1.123 1.1413 1.1608 1.1817 1.2038 1.2272 1.2519 1.2779 1.3053 1.3341 1.3644 1.3961 1.4294 1.4643 1.5008 1.539 1.579 1.6211 1.6653 1.7118 1.7608 1.8122 1.8662 1.9229 1.9827 2.0461 2.1132 2.184 2.2587 2.3376 2.4226 2.5156 2.6184 2.7293 2.8478 2.965 3.0834 3.1976 3.2932 3.3663 3.4379 3.5149 3.5979 3.6861 3.7827 
129 1.0208 0.98791 0.9137 0.87986 0.86288 0.85129 0.84126 0.83269 0.82545 0.81904 0.8136 0.81016 0.8096 0.81142 0.81497 0.81996 0.82618 0.83326 0.84088 0.84872 0.85648 0.86365 0.86969 0.8743 0.87775 0.88119 0.88463 0.88774 0.89112 0.89493 0.89932 0.90431 0.90981 0.91587 0.92219 0.92891 0.93591 0.94304 0.95037 0.95764 0.96493 0.9722 0.97941 0.98672 0.99402 1.0015 1.0088 1.0174 1.0268 1.0376 1.0492 1.0619 1.0757 1.0905 1.1065 1.1237 1.1421 1.1616 1.1826 1.2047 1.2282 1.2528 1.2788 1.3062 1.335 1.3654 1.3972 1.4305 1.4655 1.5019 1.5402 1.5802 1.6223 1.6665 1.7131 1.7621 1.8136 1.8677 1.9244 1.9842 2.0475 2.1146 2.1854 2.26 2.339 2.4237 2.5167 2.6194 2.7303 2.8488 2.9659 3.0842 3.1983 3.2936 3.3666 3.4377 3.5141 3.5965 3.6842 3.7804 
129.5 1.0205 0.98804 0.91369 0.87912 0.86195 0.85056 0.84069 0.83222 0.8251 0.81883 0.81352 0.81016 0.80967 0.81152 0.815 0.81991 0.8261 0.8332 0.8408 0.8486 0.85633 0.86347 0.86948 0.87401 0.87749 0.88105 0.88451 0.88762 0.89103 0.89488 0.89932 0.90432 0.90981 0.91588 0.9222 0.92891 0.93591 0.94305 0.95038 0.95766 0.96497 0.97226 0.97949 0.98683 0.99418 1.0017 1.009 1.0177 1.0272 1.0379 1.0496 1.0625 1.0762 1.0911 1.1072 1.1244 1.1428 1.1624 1.1834 1.2055 1.2291 1.2538 1.2798 1.3072 1.336 1.3663 1.3982 1.4316 1.4666 1.5031 1.5414 1.5813 1.6235 1.6678 1.7144 1.7635 1.8151 1.8691 1.9258 1.9856 2.0489 2.116 2.1868 2.2613 2.3403 2.4249 2.5179 2.6204 2.7313 2.8498 2.9668 3.0851 3.199 3.294 3.3669 3.4376 3.5134 3.5951 3.6823 3.7781 
130 1.0195 0.98713 0.91295 0.87837 0.86124 0.84994 0.84018 0.83181 0.82481 0.81866 0.81347 0.81019 0.80972 0.81155 0.81503 0.81993 0.82608 0.83312 0.84069 0.84848 0.85617 0.86328 0.86927 0.8738 0.87729 0.88088 0.88439 0.88754 0.89098 0.89484 0.89929 0.90432 0.90982 0.9159 0.92221 0.92892 0.93592 0.94306 0.9504 0.9577 0.96502 0.97234 0.97959 0.98697 0.99436 1.0019 1.0093 1.018 1.0275 1.0383 1.0501 1.063 1.0768 1.0918 1.1078 1.1251 1.1435 1.1632 1.1842 1.2064 1.23 1.2547 1.2807 1.3081 1.3369 1.3674 1.3992 1.4327 1.4677 1.5042 1.5425 1.5826 1.6248 1.669 1.7158 1.7649 1.8165 1.8705 1.9272 1.9871 2.0503 2.1174 2.1881 2.2626 2.3416 2.4261 2.519 2.6215 2.7324 2.8508 2.9676 3.0856 3.199 3.2934 3.366 3.4365 3.5121 3.5938 3.6809 3.7765 
130.5 1.018 0.98551 0.91173 0.87761 0.86068 0.84939 0.8397 0.83145 0.82456 0.81852 0.81342 0.81022 0.80974 0.81155 0.81506 0.82 0.82609 0.83302 0.84055 0.84834 0.85602 0.86309 0.86907 0.87364 0.87714 0.88071 0.88427 0.88749 0.89096 0.89481 0.89926 0.90431 0.90984 0.91591 0.92223 0.92893 0.93593 0.94307 0.95043 0.95775 0.96509 0.97242 0.97971 0.98711 0.99454 1.0022 1.0095 1.0183 1.0279 1.0387 1.0505 1.0635 1.0773 1.0924 1.1085 1.1258 1.1443 1.164 1.185 1.2072 1.2308 1.2556 1.2817 1.3091 1.3379 1.3684 1.4003 1.4338 1.4688 1.5054 1.5437 1.5838 1.626 1.6703 1.7171 1.7662 1.8178 1.8719 1.9286 1.9885 2.0518 2.1187 2.1895 2.2639 2.3428 2.4273 2.5202 2.6227 2.7336 2.852 2.9684 3.0858 3.1985 3.2922 3.3643 3.4348 3.5106 3.5924 3.6797 3.7754 
131 1.0165 0.98388 0.9105 0.87685 0.86012 0.84885 0.83921 0.83109 0.82431 0.81838 0.81338 0.81026 0.80977 0.81154 0.81509 0.82007 0.82611 0.83292 0.84041 0.84821 0.85586 0.8629 0.86886 0.87348 0.87698 0.88053 0.88415 0.88744 0.89094 0.89479 0.89922 0.9043 0.90987 0.91593 0.92224 0.92895 0.93595 0.94309 0.95045 0.95779 0.96515 0.97251 0.97982 0.98726 0.99472 1.0024 1.0098 1.0186 1.0282 1.0391 1.051 1.064 1.0779 1.093 1.1092 1.1265 1.145 1.1647 1.1858 1.2081 1.2317 1.2566 1.2826 1.3101 1.3389 1.3694 1.4013 1.4348 1.47 1.5066 1.5449 1.585 1.6273 1.6716 1.7184 1.7675 1.8192 1.8733 1.9301 1.9899 2.0532 2.12 2.1908 2.2651 2.344 2.4285 2.5214 2.6239 2.7348 2.8531 2.9692 3.086 3.198 3.2909 3.3626 3.4331 3.5091 3.5911 3.6785 3.7743 
131.5 1.015 0.98226 0.90928 0.87609 0.85956 0.8483 0.83873 0.83073 0.82407 0.81823 0.81334 0.8103 0.8098 0.81153 0.81512 0.82014 0.82612 0.83282 0.84027 0.84807 0.85571 0.8627 0.86866 0.87331 0.87683 0.88036 0.88403 0.88739 0.89093 0.89476 0.89919 0.90429 0.90989 0.91595 0.92226 0.92896 0.93596 0.9431 0.95048 0.95784 0.96521 0.9726 0.97994 0.9874 0.9949 1.0026 1.0101 1.0189 1.0286 1.0395 1.0515 1.0645 1.0784 1.0936 1.1098 1.1272 1.1458 1.1655 1.1866 1.209 1.2326 1.2575 1.2836 1.311 1.3399 1.3704 1.4024 1.4359 1.4711 1.5077 1.5461 1.5862 1.6285 1.6728 1.7197 1.7688 1.8206 1.8746 1.9315 1.9913 2.0546 2.1213 2.1922 2.2664 2.3452 2.4298 2.5226 2.6251 2.736 2.8543 2.97 3.0862 3.1975 3.2896 3.3608 3.4313 3.5075 3.5897 3.6773 3.7733 
132 1.0133 0.98054 0.90805 0.87535 0.85903 0.84781 0.83831 0.83041 0.82385 0.8181 0.81327 0.81028 0.8098 0.81156 0.81518 0.82021 0.82614 0.83276 0.84016 0.84793 0.85555 0.86252 0.86847 0.87317 0.87671 0.88023 0.88394 0.88735 0.89093 0.89476 0.89917 0.9043 0.9099 0.91597 0.92229 0.92899 0.93599 0.94314 0.95052 0.95789 0.9653 0.97271 0.98008 0.98757 0.99508 1.0028 1.0103 1.0192 1.029 1.04 1.0519 1.065 1.079 1.0942 1.1105 1.1279 1.1465 1.1663 1.1875 1.2098 1.2335 1.2584 1.2845 1.312 1.341 1.3715 1.4035 1.437 1.4722 1.5089 1.5473 1.5874 1.6298 1.6741 1.721 1.7702 1.822 1.876 1.9329 1.9926 2.056 2.1227 2.1935 2.2676 2.3465 2.4309 2.5238 2.6263 2.7372 2.8554 2.9707 3.0865 3.1972 3.2888 3.3599 3.4306 3.5071 3.5895 3.6773 3.7733 
132.5 1.0115 0.97879 0.90682 0.87461 0.85851 0.84732 0.83791 0.83011 0.82364 0.81797 0.8132 0.81025 0.80981 0.8116 0.81524 0.82028 0.82616 0.8327 0.84004 0.84779 0.85538 0.86233 0.86828 0.87303 0.8766 0.88012 0.88385 0.88732 0.89093 0.89476 0.89917 0.9043 0.90991 0.916 0.92232 0.92902 0.93602 0.94317 0.95057 0.95795 0.96539 0.97282 0.98022 0.98774 0.99527 1.003 1.0106 1.0196 1.0293 1.0404 1.0524 1.0655 1.0796 1.0948 1.1112 1.1286 1.1473 1.1671 1.1883 1.2107 1.2344 1.2593 1.2855 1.313 1.342 1.3725 1.4046 1.4382 1.4734 1.51 1.5485 1.5887 1.631 1.6754 1.7223 1.7715 1.8233 1.8774 1.9342 1.9939 2.0573 2.124 2.1948 2.2689 2.3477 2.4321 2.5249 2.6274 2.7383 2.8564 2.9714 3.0868 3.197 3.2881 3.3592 3.4301 3.5069 3.5896 3.6776 3.7737 
133 1.0098 0.97704 0.90559 0.87387 0.85798 0.84684 0.83751 0.82981 0.82343 0.81784 0.81313 0.81022 0.80981 0.81163 0.81531 0.82036 0.82617 0.83265 0.83993 0.84765 0.85522 0.86214 0.86809 0.87289 0.87649 0.88 0.88376 0.88729 0.89094 0.89477 0.89916 0.90431 0.90993 0.91602 0.92235 0.92905 0.93605 0.94321 0.95061 0.95801 0.96547 0.97294 0.98036 0.98791 0.99546 1.0033 1.0109 1.0199 1.0297 1.0408 1.0528 1.066 1.0802 1.0955 1.1118 1.1293 1.1481 1.1679 1.1891 1.2116 1.2353 1.2603 1.2865 1.314 1.343 1.3736 1.4056 1.4393 1.4745 1.5112 1.5497 1.5899 1.6323 1.6767 1.7237 1.7728 1.8247 1.8787 1.9356 1.9953 2.0586 2.1253 2.196 2.2701 2.3489 2.4333 2.5261 2.6285 2.7394 2.8575 2.9722 3.0871 3.1968 3.2874 3.3585 3.4296 3.5067 3.5897 3.6778 3.774 
133.5 1.008 0.9753 0.90437 0.87314 0.85746 0.84636 0.83711 0.82951 0.82322 0.81771 0.81306 0.81019 0.80981 0.81167 0.81537 0.82042 0.82619 0.83259 0.83982 0.84751 0.85506 0.86196 0.86791 0.87275 0.87638 0.87989 0.88367 0.88726 0.89094 0.89478 0.89916 0.90432 0.90994 0.91605 0.92239 0.92909 0.93609 0.94325 0.95066 0.95808 0.96556 0.97305 0.9805 0.98808 0.99564 1.0035 1.0112 1.0203 1.0301 1.0412 1.0533 1.0665 1.0807 1.0961 1.1125 1.1301 1.1488 1.1687 1.19 1.2124 1.2362 1.2612 1.2874 1.315 1.344 1.3746 1.4067 1.4404 1.4756 1.5124 1.5509 1.5911 1.6336 1.678 1.725 1.7741 1.826 1.8801 1.937 1.9966 2.06 2.1266 2.1973 2.2714 2.3501 2.4345 2.5272 2.6296 2.7405 2.8586 2.9729 3.0873 3.1965 3.2867 3.3578 3.4291 3.5065 3.5897 3.6781 3.7743 
134 1.006 0.97365 0.90339 0.87245 0.85694 0.84594 0.83675 0.82922 0.82301 0.81758 0.81298 0.81017 0.80985 0.81174 0.81542 0.82041 0.82617 0.83259 0.83979 0.84743 0.85494 0.86182 0.86777 0.87264 0.87629 0.87981 0.88361 0.88722 0.89092 0.89479 0.89919 0.90436 0.90999 0.91609 0.92243 0.92914 0.93615 0.94332 0.95075 0.95817 0.96567 0.97318 0.98065 0.98826 0.99587 1.0037 1.0115 1.0206 1.0305 1.0417 1.0538 1.067 1.0813 1.0967 1.1132 1.1308 1.1496 1.1695 1.1908 1.2133 1.2371 1.2622 1.2884 1.316 1.3451 1.3757 1.4078 1.4415 1.4768 1.5136 1.5521 1.5924 1.6348 1.6792 1.7263 1.7755 1.8273 1.8814 1.9383 1.9979 2.0613 2.1279 2.1986 2.2727 2.3514 2.4357 2.5284 2.6308 2.7417 2.8595 2.9734 3.0873 3.1958 3.2854 3.3566 3.4283 3.5061 3.5899 3.6786 3.7749 
134.5 1.004 0.97201 0.90241 0.87176 0.85642 0.84551 0.83639 0.82894 0.8228 0.81744 0.81289 0.81014 0.80989 0.81182 0.81546 0.8204 0.82616 0.83259 0.83976 0.84735 0.85481 0.86169 0.86764 0.87252 0.8762 0.87974 0.88355 0.88718 0.89091 0.8948 0.89922 0.9044 0.91003 0.91613 0.92248 0.92919 0.93621 0.9434 0.95083 0.95827 0.96578 0.97331 0.98081 0.98845 0.99609 1.004 1.0118 1.021 1.0309 1.0421 1.0543 1.0676 1.0819 1.0973 1.1139 1.1315 1.1503 1.1703 1.1917 1.2142 1.2381 1.2631 1.2894 1.317 1.3461 1.3768 1.4089 1.4426 1.4779 1.5148 1.5533 1.5936 1.6361 1.6805 1.7276 1.7768 1.8287 1.8827 1.9396 1.9993 2.0626 2.1292 2.1999 2.2739 2.3526 2.437 2.5296 2.632 2.7428 2.8605 2.9739 3.0872 3.195 3.2842 3.3554 3.4275 3.5058 3.5901 3.6791 3.7755 
135 1.002 0.97037 0.90142 0.87107 0.8559 0.84509 0.83603 0.82865 0.82259 0.81731 0.81281 0.81012 0.80993 0.81189 0.81551 0.82039 0.82614 0.83259 0.83973 0.84727 0.85469 0.86156 0.8675 0.87241 0.87611 0.87966 0.88349 0.88715 0.89089 0.89482 0.89925 0.90444 0.91008 0.91617 0.92252 0.92924 0.93627 0.94347 0.95092 0.95836 0.96589 0.97344 0.98097 0.98864 0.99631 1.0043 1.0121 1.0213 1.0313 1.0426 1.0548 1.0681 1.0825 1.098 1.1145 1.1322 1.1511 1.1711 1.1925 1.2151 1.239 1.2641 1.2904 1.318 1.3472 1.3778 1.41 1.4438 1.4791 1.5159 1.5545 1.5948 1.6373 1.6818 1.7289 1.7781 1.83 1.8841 1.941 2.0006 2.0639 2.1305 2.2012 2.2752 2.3539 2.4382 2.5308 2.6331 2.7439 2.8615 2.9744 3.0871 3.1943 3.283 3.3543 3.4266 3.5054 3.5903 3.6796 3.7761 
135.5 1.0004 0.96909 0.90065 0.87043 0.85536 0.84466 0.83569 0.82837 0.82239 0.8172 0.81275 0.81012 0.80998 0.81198 0.81554 0.82036 0.82611 0.83258 0.83971 0.8472 0.85458 0.86144 0.86737 0.8723 0.87602 0.87959 0.88344 0.88712 0.8909 0.89484 0.89929 0.90448 0.91013 0.91622 0.92257 0.9293 0.93634 0.94356 0.95101 0.95847 0.96601 0.97357 0.98113 0.98883 0.99653 1.0045 1.0124 1.0217 1.0317 1.043 1.0553 1.0686 1.0831 1.0986 1.1152 1.133 1.1519 1.172 1.1934 1.216 1.2399 1.265 1.2913 1.319 1.3482 1.3789 1.4111 1.4449 1.4803 1.5171 1.5557 1.5961 1.6386 1.6831 1.7302 1.7794 1.8313 1.8854 1.9423 2.0019 2.0652 2.1318 2.2024 2.2765 2.3552 2.4394 2.532 2.6342 2.7449 2.8624 2.9748 3.0869 3.1937 3.2821 3.3537 3.4263 3.5052 3.5901 3.6793 3.7755 
136 0.99972 0.96875 0.90043 0.86992 0.85478 0.84422 0.83537 0.82812 0.82222 0.81711 0.81274 0.81017 0.8101 0.81208 0.81557 0.8203 0.82605 0.83257 0.8397 0.84717 0.85451 0.86134 0.86726 0.87218 0.87593 0.87954 0.88342 0.88714 0.89095 0.89491 0.89935 0.90454 0.91018 0.91628 0.92264 0.92937 0.93643 0.94366 0.95113 0.95859 0.96614 0.97373 0.9813 0.98902 0.99675 1.0048 1.0128 1.0221 1.0322 1.0435 1.0558 1.0692 1.0837 1.0993 1.1159 1.1337 1.1527 1.1728 1.1942 1.2169 1.2408 1.266 1.2923 1.3201 1.3493 1.38 1.4123 1.4461 1.4814 1.5183 1.557 1.5973 1.6399 1.6844 1.7315 1.7807 1.8326 1.8867 1.9436 2.0032 2.0665 2.1331 2.2037 2.2777 2.3564 2.4407 2.5333 2.6353 2.7457 2.8628 2.9747 3.0865 3.1932 3.2823 3.3547 3.4273 3.5054 3.5892 3.6769 3.7716 
136.5 0.99906 0.96842 0.90022 0.8694 0.85419 0.84378 0.83506 0.82788 0.82204 0.81702 0.81274 0.81023 0.81021 0.81219 0.81559 0.82023 0.82599 0.83255 0.8397 0.84714 0.85445 0.86124 0.86715 0.87206 0.87583 0.87949 0.8834 0.88716 0.891 0.89497 0.89941 0.90459 0.91024 0.91634 0.9227 0.92944 0.93652 0.94376 0.95124 0.95872 0.96628 0.97388 0.98148 0.98922 0.99697 1.005 1.0131 1.0225 1.0326 1.0439 1.0563 1.0698 1.0843 1.0999 1.1166 1.1344 1.1535 1.1736 1.1951 1.2178 1.2418 1.2669 1.2933 1.3211 1.3503 1.3811 1.4134 1.4472 1.4826 1.5195 1.5582 1.5986 1.6411 1.6857 1.7328 1.782 1.8339 1.888 1.945 2.0045 2.0678 2.1343 2.205 2.279 2.3577 2.442 2.5345 2.6363 2.7464 2.8633 2.9747 3.0861 3.1927 3.2824 3.3558 3.4283 3.5056 3.5882 3.6745 3.7677 
137 0.9984 0.96808 0.9 0.86888 0.85361 0.84335 0.83474 0.82763 0.82187 0.81693 0.81273 0.81028 0.81032 0.81229 0.81561 0.82017 0.82593 0.83254 0.83969 0.84711 0.85438 0.86114 0.86704 0.87195 0.87574 0.87944 0.88338 0.88718 0.89106 0.89503 0.89947 0.90464 0.91029 0.9164 0.92277 0.92951 0.9366 0.94387 0.95136 0.95884 0.96641 0.97403 0.98166 0.98942 0.99718 1.0053 1.0134 1.0229 1.0331 1.0444 1.0567 1.0703 1.0849 1.1006 1.1173 1.1352 1.1542 1.1744 1.1959 1.2187 1.2427 1.2679 1.2943 1.3221 1.3514 1.3822 1.4145 1.4483 1.4838 1.5207 1.5594 1.5998 1.6424 1.687 1.7341 1.7833 1.8352 1.8893 1.9463 2.0058 2.0691 2.1356 2.2062 2.2803 2.359 2.4433 2.5357 2.6373 2.7472 2.8637 2.9747 3.0857 3.1923 3.2825 3.3568 3.4293 3.5058 3.5872 3.672 3.7638 
137.5 0.997 0.96685 0.89918 0.86834 0.85319 0.84298 0.83445 0.82742 0.82174 0.81688 0.81275 0.81034 0.81042 0.81239 0.81565 0.82015 0.8259 0.83252 0.83968 0.84708 0.85432 0.86104 0.86694 0.87185 0.87566 0.8794 0.88337 0.8872 0.89112 0.8951 0.89954 0.90471 0.91036 0.91647 0.92284 0.92959 0.9367 0.94397 0.95148 0.95898 0.96655 0.9742 0.98185 0.98962 0.99741 1.0055 1.0138 1.0233 1.0335 1.0449 1.0573 1.0709 1.0855 1.1012 1.118 1.1359 1.155 1.1753 1.1968 1.2196 1.2436 1.2689 1.2953 1.3232 1.3524 1.3833 1.4156 1.4495 1.485 1.5219 1.5606 1.6011 1.6437 1.6882 1.7354 1.7846 1.8365 1.8906 1.9476 2.0071 2.0704 2.1369 2.2075 2.2815 2.3602 2.4445 2.5368 2.6382 2.7479 2.8642 2.9748 3.0857 3.1924 3.2832 3.3582 3.4308 3.5066 3.5871 3.6708 3.7614 
138 0.99485 0.96473 0.89777 0.86779 0.85294 0.84268 0.83417 0.82724 0.82164 0.81685 0.81279 0.81042 0.8105 0.81247 0.8157 0.82016 0.82589 0.83251 0.83966 0.84704 0.85426 0.86096 0.86685 0.87176 0.8756 0.87936 0.88336 0.88724 0.89118 0.89518 0.89963 0.90479 0.91043 0.91655 0.92293 0.92968 0.9368 0.94408 0.95161 0.95912 0.96671 0.97437 0.98204 0.98984 0.99766 1.0058 1.0141 1.0237 1.034 1.0454 1.0578 1.0714 1.0861 1.1019 1.1187 1.1367 1.1558 1.1761 1.1977 1.2205 1.2446 1.2699 1.2964 1.3242 1.3535 1.3844 1.4168 1.4507 1.4861 1.5231 1.5619 1.6023 1.645 1.6895 1.7367 1.7859 1.8378 1.8919 1.9489 2.0084 2.0716 2.1381 2.2087 2.2827 2.3614 2.4457 2.5378 2.639 2.7484 2.8645 2.975 3.0861 3.1932 3.2846 3.3601 3.4327 3.5081 3.5878 3.6707 3.7605 
138.5 0.99271 0.96261 0.89637 0.86723 0.85269 0.84238 0.83389 0.82706 0.82155 0.81682 0.81283 0.81049 0.81059 0.81254 0.81576 0.82018 0.82588 0.8325 0.83965 0.847 0.8542 0.86088 0.86676 0.87167 0.87555 0.87933 0.88336 0.88727 0.89124 0.89527 0.89971 0.90487 0.91051 0.91662 0.92301 0.92977 0.9369 0.9442 0.95174 0.95926 0.96686 0.97454 0.98223 0.99006 0.9979 1.0061 1.0144 1.0241 1.0344 1.0458 1.0583 1.072 1.0867 1.1025 1.1194 1.1374 1.1566 1.1769 1.1986 1.2214 1.2455 1.2708 1.2974 1.3253 1.3546 1.3855 1.4179 1.4518 1.4873 1.5243 1.5631 1.6036 1.6462 1.6908 1.738 1.7872 1.8391 1.8932 1.9502 2.0097 2.0729 2.1394 2.2099 2.2839 2.3626 2.4468 2.5388 2.6398 2.7489 2.8649 2.9753 3.0865 3.1939 3.2859 3.362 3.4347 3.5096 3.5886 3.6707 3.7596 
139 0.99057 0.96049 0.89496 0.86667 0.85244 0.84208 0.83361 0.82688 0.82146 0.8168 0.81287 0.81057 0.81068 0.81262 0.81581 0.8202 0.82588 0.83249 0.83963 0.84697 0.85414 0.8608 0.86667 0.87158 0.87549 0.87929 0.88335 0.88731 0.8913 0.89535 0.8998 0.90495 0.91058 0.9167 0.9231 0.92986 0.93701 0.94431 0.95186 0.95941 0.96702 0.97471 0.98242 0.99028 0.99814 1.0063 1.0147 1.0245 1.0348 1.0463 1.0588 1.0726 1.0873 1.1032 1.1201 1.1382 1.1574 1.1778 1.1994 1.2223 1.2464 1.2718 1.2984 1.3263 1.3557 1.3866 1.419 1.453 1.4885 1.5256 1.5643 1.6048 1.6475 1.6921 1.7393 1.7885 1.8404 1.8945 1.9515 2.011 2.0742 2.1407 2.2112 2.2852 2.3638 2.4479 2.5398 2.6405 2.7494 2.8653 2.9755 3.0869 3.1947 3.2872 3.3639 3.4366 3.511 3.5893 3.6706 3.7586 
139.5 0.98922 0.95932 0.89421 0.86623 0.85213 0.84182 0.83341 0.82676 0.8214 0.81679 0.81291 0.81064 0.81077 0.81271 0.81587 0.82024 0.82589 0.83249 0.83962 0.84695 0.8541 0.86073 0.86659 0.87151 0.87543 0.87927 0.88336 0.88736 0.89139 0.89545 0.8999 0.90505 0.91067 0.91678 0.92319 0.92996 0.93712 0.94443 0.952 0.95956 0.96718 0.9749 0.98262 0.9905 0.99838 1.0066 1.0151 1.0248 1.0352 1.0468 1.0594 1.0732 1.088 1.1039 1.1209 1.1389 1.1582 1.1786 1.2003 1.2232 1.2474 1.2728 1.2994 1.3274 1.3568 1.3877 1.4201 1.4541 1.4897 1.5268 1.5655 1.6061 1.6488 1.6934 1.7406 1.7898 1.8417 1.8958 1.9527 2.0123 2.0754 2.1419 2.2123 2.2863 2.365 2.4491 2.5408 2.6413 2.7499 2.8654 2.9755 3.0871 3.1956 3.2895 3.3676 3.4402 3.5134 3.5898 3.6691 3.755 
140 0.98818 0.9585 0.8937 0.86582 0.8518 0.84157 0.83325 0.82665 0.82135 0.81679 0.81295 0.81072 0.81085 0.81279 0.81593 0.82029 0.82592 0.83249 0.83962 0.84693 0.85406 0.86066 0.86651 0.87143 0.87537 0.87925 0.88339 0.88743 0.89149 0.89556 0.9 0.90514 0.91076 0.91688 0.92329 0.93007 0.93723 0.94455 0.95213 0.95971 0.96735 0.97508 0.98282 0.99072 0.99862 1.0068 1.0154 1.0252 1.0357 1.0473 1.0599 1.0738 1.0886 1.1045 1.1216 1.1397 1.159 1.1795 1.2012 1.2241 1.2483 1.2738 1.3004 1.3284 1.3578 1.3888 1.4213 1.4553 1.4909 1.528 1.5668 1.6073 1.65 1.6946 1.7418 1.791 1.843 1.8971 1.954 2.0135 2.0767 2.1431 2.2135 2.2875 2.3662 2.4503 2.5419 2.6421 2.7503 2.8655 2.9754 3.0872 3.1965 3.2922 3.372 3.4446 3.5162 3.5903 3.667 3.7504 
140.5 0.98713 0.95768 0.89319 0.86541 0.85146 0.84133 0.83308 0.82655 0.8213 0.81678 0.813 0.81079 0.81094 0.81287 0.816 0.82034 0.82595 0.83249 0.83961 0.84692 0.85402 0.86059 0.86642 0.87136 0.87532 0.87924 0.88341 0.8875 0.89158 0.89566 0.90011 0.90523 0.91085 0.91697 0.92339 0.93017 0.93734 0.94468 0.95227 0.95986 0.96752 0.97527 0.98303 0.99094 0.99885 1.0071 1.0157 1.0256 1.0361 1.0478 1.0605 1.0743 1.0892 1.1052 1.1223 1.1405 1.1598 1.1803 1.2021 1.225 1.2493 1.2747 1.3014 1.3295 1.3589 1.3899 1.4224 1.4564 1.492 1.5292 1.568 1.6085 1.6513 1.6959 1.7431 1.7923 1.8442 1.8983 1.9553 2.0148 2.0779 2.1443 2.2147 2.2887 2.3674 2.4515 2.543 2.6429 2.7507 2.8656 2.9753 3.0874 3.1975 3.2949 3.3763 3.4489 3.5189 3.5907 3.6649 3.7459 
141 0.98608 0.95686 0.89267 0.86501 0.85113 0.84108 0.83291 0.82644 0.82126 0.81678 0.81304 0.81087 0.81103 0.81296 0.81606 0.82039 0.82597 0.83249 0.83961 0.84691 0.85398 0.86053 0.86634 0.87128 0.87526 0.87922 0.88344 0.88756 0.89168 0.89577 0.90021 0.90533 0.91093 0.91706 0.92348 0.93028 0.93746 0.9448 0.95241 0.96002 0.96769 0.97546 0.98323 0.99115 0.99909 1.0073 1.016 1.026 1.0365 1.0483 1.061 1.0749 1.0899 1.1059 1.123 1.1412 1.1606 1.1811 1.2029 1.2259 1.2502 1.2757 1.3025 1.3305 1.36 1.391 1.4235 1.4576 1.4932 1.5304 1.5692 1.6098 1.6525 1.6972 1.7444 1.7936 1.8455 1.8996 1.9565 2.0161 2.0792 2.1455 2.2158 2.2898 2.3686 2.4526 2.544 2.6436 2.7511 2.8657 2.9752 3.0875 3.1984 3.2975 3.3807 3.4532 3.5216 3.5912 3.6629 3.7413 
141.5 0.98545 0.95632 0.8923 0.86473 0.85091 0.84091 0.8328 0.82638 0.82124 0.8168 0.81309 0.81094 0.81111 0.81304 0.81613 0.82043 0.82599 0.83249 0.83959 0.84687 0.85394 0.86047 0.8663 0.87126 0.87526 0.87924 0.88348 0.88762 0.89176 0.89587 0.90031 0.90543 0.91104 0.91717 0.92359 0.93039 0.93758 0.94494 0.95255 0.96017 0.96786 0.97564 0.98343 0.99136 0.9993 1.0075 1.0163 1.0263 1.037 1.0487 1.0615 1.0755 1.0905 1.1066 1.1237 1.142 1.1614 1.182 1.2038 1.2268 1.2512 1.2767 1.3035 1.3315 1.3611 1.3921 1.4247 1.4587 1.4944 1.5315 1.5704 1.611 1.6538 1.6984 1.7456 1.7948 1.8468 1.9009 1.9578 2.0173 2.0804 2.1466 2.217 2.291 2.3697 2.4537 2.5449 2.6444 2.7516 2.8662 2.9757 3.0883 3.1996 3.2994 3.3832 3.4555 3.5232 3.5919 3.6626 3.7399 
142 0.98484 0.9558 0.89193 0.86445 0.85069 0.84075 0.83268 0.82631 0.82122 0.81682 0.81315 0.81102 0.81119 0.81312 0.81621 0.82046 0.826 0.83248 0.83956 0.84683 0.85389 0.86042 0.86626 0.87124 0.87527 0.87927 0.88353 0.88768 0.89184 0.89596 0.90041 0.90553 0.91115 0.91727 0.9237 0.93051 0.93771 0.94507 0.9527 0.96033 0.96803 0.97582 0.98362 0.99157 0.99952 1.0078 1.0166 1.0267 1.0374 1.0492 1.0621 1.0761 1.0911 1.1072 1.1244 1.1427 1.1622 1.1828 1.2047 1.2277 1.2521 1.2777 1.3045 1.3326 1.3621 1.3932 1.4258 1.4599 1.4956 1.5327 1.5716 1.6122 1.655 1.6996 1.7469 1.7961 1.848 1.9021 1.959 2.0185 2.0816 2.1478 2.2181 2.2921 2.3707 2.4547 2.5458 2.6451 2.7522 2.8667 2.9763 3.0892 3.2009 3.3013 3.3856 3.4578 3.5248 3.5925 3.6625 3.7386 
142.5 0.98423 0.95527 0.89156 0.86417 0.85047 0.84058 0.83257 0.82624 0.8212 0.81684 0.8132 0.8111 0.81128 0.8132 0.81628 0.8205 0.82602 0.83248 0.83954 0.84679 0.85384 0.86037 0.86622 0.87122 0.87528 0.87929 0.88357 0.88774 0.89192 0.89606 0.9005 0.90564 0.91125 0.91738 0.92381 0.93062 0.93784 0.94521 0.95285 0.96049 0.96821 0.97601 0.98382 0.99178 0.99974 1.008 1.0169 1.027 1.0378 1.0497 1.0626 1.0767 1.0917 1.1079 1.1251 1.1435 1.163 1.1836 1.2055 1.2286 1.253 1.2786 1.3055 1.3336 1.3632 1.3943 1.4269 1.461 1.4967 1.5339 1.5728 1.6135 1.6562 1.7009 1.7481 1.7973 1.8492 1.9033 1.9603 2.0197 2.0827 2.149 2.2193 2.2932 2.3718 2.4557 2.5467 2.6458 2.7527 2.8671 2.9768 3.09 3.2021 3.3032 3.388 3.4601 3.5263 3.5932 3.6623 3.7373 
143 0.98365 0.95478 0.89122 0.86391 0.85026 0.84042 0.83246 0.82619 0.82119 0.81687 0.81326 0.81118 0.81136 0.81328 0.81635 0.82054 0.82604 0.83248 0.83952 0.84675 0.8538 0.86032 0.86618 0.8712 0.87529 0.87932 0.88361 0.8878 0.892 0.89615 0.9006 0.90574 0.91136 0.91748 0.92392 0.93073 0.93796 0.94534 0.95299 0.96064 0.96838 0.97619 0.98402 0.99199 0.99996 1.0082 1.0172 1.0274 1.0382 1.0502 1.0631 1.0772 1.0924 1.1086 1.1259 1.1442 1.1638 1.1845 1.2064 1.2295 1.254 1.2796 1.3065 1.3346 1.3642 1.3954 1.428 1.4622 1.4979 1.5351 1.574 1.6147 1.6575 1.7021 1.7494 1.7986 1.8505 1.9046 1.9615 2.0209 2.0839 2.1502 2.2205 2.2943 2.3729 2.4567 2.5477 2.6465 2.7533 2.8676 2.9773 3.0908 3.2033 3.3051 3.3905 3.4624 3.5279 3.5938 3.6619 3.7358 
143.5 0.98315 0.95441 0.89102 0.86374 0.85011 0.84032 0.83241 0.82617 0.82121 0.81693 0.81333 0.81126 0.81144 0.81335 0.81641 0.82059 0.82606 0.83249 0.83952 0.84675 0.85378 0.86031 0.86616 0.87119 0.8753 0.87934 0.88364 0.88786 0.89209 0.89625 0.90071 0.90585 0.91147 0.91759 0.92404 0.93086 0.93809 0.94549 0.95314 0.96081 0.96855 0.97637 0.98422 0.99218 1.0002 1.0084 1.0176 1.0277 1.0387 1.0506 1.0637 1.0778 1.093 1.1093 1.1266 1.145 1.1646 1.1853 1.2073 1.2304 1.2549 1.2806 1.3075 1.3357 1.3653 1.3965 1.4291 1.4633 1.499 1.5363 1.5752 1.6159 1.6587 1.7033 1.7506 1.7998 1.8517 1.9058 1.9627 2.0221 2.0851 2.1513 2.2215 2.2954 2.3739 2.4577 2.5486 2.6473 2.7539 2.8681 2.9778 3.0915 3.2045 3.3072 3.3932 3.465 3.5296 3.5942 3.6606 3.7333 
144 0.98265 0.95405 0.89082 0.86357 0.84996 0.84022 0.83235 0.82616 0.82123 0.81698 0.8134 0.81134 0.81152 0.81343 0.81647 0.82064 0.82609 0.83249 0.83952 0.84674 0.85377 0.86029 0.86615 0.87119 0.87532 0.87936 0.88368 0.88792 0.89217 0.89635 0.90082 0.90596 0.91158 0.91771 0.92417 0.93099 0.93823 0.94563 0.95329 0.96097 0.96872 0.97655 0.98442 0.99237 1.0005 1.0086 1.0179 1.0281 1.0391 1.0511 1.0642 1.0784 1.0936 1.1099 1.1273 1.1458 1.1654 1.1861 1.2082 1.2313 1.2559 1.2815 1.3085 1.3367 1.3664 1.3975 1.4302 1.4644 1.5002 1.5374 1.5764 1.6171 1.6599 1.7046 1.7518 1.801 1.8529 1.907 1.9639 2.0233 2.0863 2.1524 2.2226 2.2965 2.375 2.4588 2.5496 2.6481 2.7545 2.8686 2.9783 3.0922 3.2057 3.3092 3.396 3.4676 3.5313 3.5945 3.6594 3.7308 
144.5 0.98216 0.95368 0.89062 0.8634 0.84982 0.84012 0.8323 0.82614 0.82125 0.81704 0.81348 0.81143 0.8116 0.81351 0.81653 0.82069 0.82611 0.8325 0.83952 0.84674 0.85376 0.86027 0.86613 0.87118 0.87533 0.87939 0.88371 0.88798 0.89226 0.89645 0.90093 0.90607 0.91169 0.91782 0.92429 0.93112 0.93836 0.94577 0.95344 0.96113 0.96889 0.97673 0.98462 0.99256 1.0007 1.0089 1.0183 1.0284 1.0396 1.0516 1.0647 1.079 1.0942 1.1106 1.128 1.1465 1.1662 1.187 1.209 1.2322 1.2568 1.2825 1.3095 1.3377 1.3674 1.3986 1.4313 1.4656 1.5013 1.5386 1.5776 1.6183 1.6611 1.7058 1.753 1.8022 1.8541 1.9082 1.9651 2.0245 2.0875 2.1536 2.2237 2.2976 2.3761 2.4598 2.5505 2.6489 2.7552 2.8691 2.9787 3.0929 3.2069 3.3113 3.3987 3.4702 3.533 3.5948 3.6581 3.7283 
145 0.98175 0.95336 0.89043 0.86325 0.84969 0.84004 0.83226 0.82614 0.82127 0.81709 0.81355 0.81151 0.81168 0.81358 0.81659 0.82074 0.82614 0.83251 0.83952 0.84674 0.85375 0.86026 0.86611 0.87117 0.87535 0.87941 0.88375 0.88804 0.89235 0.89655 0.90104 0.90618 0.9118 0.91793 0.92442 0.93125 0.93849 0.94592 0.9536 0.9613 0.96907 0.97692 0.98482 0.99277 1.001 1.0091 1.0186 1.0288 1.04 1.0521 1.0652 1.0795 1.0949 1.1113 1.1287 1.1473 1.167 1.1878 1.2099 1.2331 1.2577 1.2835 1.3105 1.3387 1.3685 1.3997 1.4324 1.4667 1.5025 1.5398 1.5788 1.6195 1.6623 1.707 1.7542 1.8034 1.8553 1.9094 1.9662 2.0257 2.0886 2.1547 2.2248 2.2986 2.3771 2.4609 2.5515 2.6497 2.7557 2.8695 2.9791 3.0935 3.2081 3.3136 3.4019 3.4731 3.5349 3.5952 3.6569 3.7256 
145.5 0.98145 0.95312 0.89026 0.86313 0.84961 0.84 0.83225 0.82615 0.8213 0.81713 0.81361 0.81158 0.81176 0.81365 0.81665 0.82079 0.82617 0.83254 0.83953 0.84674 0.85375 0.86025 0.86611 0.87117 0.87535 0.87943 0.8838 0.88812 0.89244 0.89666 0.90115 0.90629 0.91192 0.91806 0.92454 0.93139 0.93863 0.94606 0.95375 0.96147 0.96925 0.97711 0.98504 0.99301 1.0013 1.0094 1.019 1.0292 1.0404 1.0525 1.0658 1.0801 1.0955 1.1119 1.1294 1.148 1.1678 1.1886 1.2107 1.234 1.2587 1.2844 1.3115 1.3398 1.3695 1.4008 1.4335 1.4678 1.5036 1.5409 1.5799 1.6206 1.6635 1.7082 1.7554 1.8046 1.8565 1.9106 1.9674 2.0269 2.0898 2.1558 2.2259 2.2997 2.3782 2.4619 2.5524 2.6504 2.7561 2.8697 2.9792 3.0941 3.2095 3.3162 3.4056 3.4766 3.5371 3.5957 3.6558 3.7226 
146 0.98116 0.95287 0.89008 0.86301 0.84953 0.83995 0.83224 0.82616 0.82132 0.81717 0.81367 0.81165 0.81183 0.81371 0.81671 0.82084 0.82621 0.83256 0.83955 0.84675 0.85375 0.86025 0.8661 0.87117 0.87536 0.87946 0.88385 0.88819 0.89253 0.89677 0.90127 0.9064 0.91203 0.91818 0.92466 0.93152 0.93877 0.94621 0.95391 0.96163 0.96943 0.97731 0.98525 0.99324 1.0015 1.0097 1.0193 1.0295 1.0409 1.053 1.0663 1.0807 1.0961 1.1126 1.1301 1.1488 1.1685 1.1894 1.2116 1.2349 1.2596 1.2854 1.3124 1.3408 1.3706 1.4018 1.4346 1.4689 1.5047 1.5421 1.5811 1.6218 1.6647 1.7094 1.7566 1.8058 1.8577 1.9117 1.9686 2.028 2.0909 2.1569 2.227 2.3008 2.3793 2.463 2.5534 2.6511 2.7565 2.8698 2.9794 3.0947 3.2108 3.3188 3.4093 3.48 3.5392 3.5962 3.6547 3.7196 
146.5 0.98087 0.95262 0.88991 0.86289 0.84945 0.8399 0.83222 0.82618 0.82135 0.81721 0.81374 0.81172 0.81191 0.81378 0.81677 0.82089 0.82624 0.83259 0.83956 0.84675 0.85375 0.86024 0.86609 0.87117 0.87537 0.87948 0.8839 0.88827 0.89262 0.89688 0.90138 0.90651 0.91215 0.9183 0.92479 0.93165 0.9389 0.94635 0.95407 0.9618 0.96961 0.97751 0.98546 0.99348 1.0018 1.01 1.0196 1.0299 1.0413 1.0535 1.0668 1.0813 1.0967 1.1132 1.1308 1.1495 1.1693 1.1903 1.2125 1.2358 1.2605 1.2863 1.3134 1.3418 1.3716 1.4029 1.4357 1.47 1.5059 1.5432 1.5823 1.623 1.6658 1.7105 1.7578 1.807 1.8589 1.9129 1.9698 2.0292 2.092 2.158 2.2281 2.3019 2.3804 2.464 2.5543 2.6518 2.7568 2.87 2.9796 3.0952 3.2121 3.3215 3.413 3.4834 3.5413 3.5967 3.6536 3.7166 
147 0.98064 0.95242 0.88977 0.86279 0.84939 0.83987 0.83222 0.8262 0.82139 0.81727 0.81382 0.81181 0.812 0.81386 0.81684 0.82094 0.82628 0.83261 0.83957 0.84676 0.85375 0.86024 0.8661 0.87117 0.87538 0.87952 0.88396 0.88835 0.89272 0.89699 0.9015 0.90663 0.91226 0.91842 0.92491 0.93179 0.93905 0.9465 0.95423 0.96198 0.9698 0.97771 0.98569 0.99373 1.0021 1.0103 1.02 1.0303 1.0417 1.054 1.0674 1.0818 1.0973 1.1139 1.1315 1.1503 1.1701 1.1911 1.2133 1.2367 1.2614 1.2873 1.3144 1.3428 1.3726 1.404 1.4368 1.4711 1.507 1.5443 1.5834 1.6241 1.667 1.7117 1.759 1.8081 1.86 1.9141 1.971 2.0304 2.0932 2.1591 2.2291 2.3029 2.3815 2.4651 2.5552 2.6525 2.7573 2.8703 2.9799 3.0958 3.2134 3.3238 3.4162 3.4865 3.5434 3.5973 3.6528 3.7143 
147.5 0.98043 0.95225 0.88965 0.86271 0.84934 0.83985 0.83223 0.82622 0.82144 0.81734 0.81391 0.81191 0.8121 0.81394 0.8169 0.82099 0.82632 0.83264 0.83959 0.84677 0.85376 0.86024 0.8661 0.87117 0.87539 0.87956 0.88402 0.88844 0.89283 0.89711 0.90162 0.90674 0.91238 0.91854 0.92504 0.93193 0.9392 0.94666 0.9544 0.96215 0.96999 0.97792 0.98593 0.994 1.0024 1.0107 1.0204 1.0307 1.0422 1.0545 1.0679 1.0824 1.0979 1.1146 1.1322 1.151 1.1709 1.1919 1.2141 1.2376 1.2623 1.2882 1.3154 1.3438 1.3737 1.405 1.4379 1.4722 1.5081 1.5455 1.5845 1.6253 1.6682 1.7129 1.7601 1.8093 1.8612 1.9152 1.9721 2.0315 2.0943 2.1602 2.2302 2.3039 2.3825 2.4661 2.5562 2.6533 2.7579 2.8706 2.9801 3.0963 3.2146 3.326 3.4191 3.4893 3.5454 3.5981 3.6521 3.7123 
148 0.98023 0.95208 0.88954 0.86263 0.84929 0.83983 0.83223 0.82624 0.82149 0.81741 0.814 0.812 0.8122 0.81402 0.81697 0.82105 0.82636 0.83267 0.83961 0.84678 0.85377 0.86025 0.8661 0.87118 0.87541 0.87961 0.88409 0.88853 0.89295 0.89723 0.90174 0.90685 0.91249 0.91865 0.92516 0.93206 0.93934 0.94682 0.95457 0.96233 0.97018 0.97814 0.98617 0.99426 1.0026 1.011 1.0207 1.0311 1.0426 1.0549 1.0684 1.083 1.0986 1.1152 1.1329 1.1517 1.1717 1.1927 1.215 1.2385 1.2632 1.2892 1.3163 1.3448 1.3747 1.4061 1.4389 1.4733 1.5092 1.5466 1.5857 1.6264 1.6693 1.714 1.7613 1.8104 1.8623 1.9164 1.9732 2.0326 2.0954 2.1613 2.2312 2.305 2.3835 2.4671 2.5571 2.6541 2.7584 2.871 2.9804 3.0969 3.2158 3.3281 3.4221 3.4921 3.5474 3.5988 3.6514 3.7102 
148.5 0.98002 0.95191 0.88942 0.86255 0.84924 0.83981 0.83223 0.82627 0.82153 0.81748 0.81408 0.8121 0.8123 0.81411 0.81703 0.8211 0.8264 0.83269 0.83963 0.84679 0.85378 0.86025 0.86611 0.87118 0.87542 0.87965 0.88415 0.88862 0.89306 0.89735 0.90185 0.90697 0.9126 0.91877 0.92529 0.9322 0.93949 0.94697 0.95473 0.96251 0.97038 0.97835 0.98641 0.99452 1.0029 1.0113 1.0211 1.0315 1.0431 1.0554 1.0689 1.0836 1.0992 1.1159 1.1336 1.1525 1.1724 1.1935 1.2158 1.2393 1.2641 1.2901 1.3173 1.3458 1.3757 1.4071 1.44 1.4744 1.5103 1.5477 1.5868 1.6276 1.6705 1.7152 1.7624 1.8116 1.8635 1.9175 1.9744 2.0338 2.0966 2.1624 2.2322 2.306 2.3846 2.4681 2.5581 2.6548 2.759 2.8713 2.9807 3.0974 3.217 3.3303 3.425 3.4949 3.5494 3.5995 3.6507 3.7082 
149 0.97979 0.9517 0.88928 0.86247 0.8492 0.8398 0.83225 0.82631 0.8216 0.81757 0.81417 0.81219 0.81238 0.81418 0.8171 0.82116 0.82644 0.83271 0.83964 0.8468 0.85379 0.86025 0.86611 0.87121 0.87548 0.87971 0.88421 0.8887 0.89316 0.89746 0.90197 0.90709 0.91272 0.91889 0.92542 0.93234 0.93964 0.94714 0.95491 0.9627 0.97059 0.97858 0.98665 0.9948 1.0032 1.0117 1.0215 1.0319 1.0435 1.0559 1.0695 1.0841 1.0998 1.1165 1.1343 1.1532 1.1732 1.1943 1.2167 1.2402 1.265 1.291 1.3183 1.3468 1.3767 1.4081 1.441 1.4754 1.5114 1.5488 1.588 1.6287 1.6716 1.7163 1.7636 1.8127 1.8646 1.9187 1.9755 2.0349 2.0976 2.1634 2.2333 2.307 2.3856 2.4691 2.559 2.6555 2.7593 2.8715 2.9809 3.0981 3.2185 3.333 3.4286 3.4983 3.5516 3.5998 3.6489 3.7046 
149.5 0.97955 0.95148 0.88915 0.86239 0.84916 0.8398 0.83228 0.82636 0.82168 0.81766 0.81426 0.81228 0.81246 0.81425 0.81716 0.82121 0.82647 0.83274 0.83965 0.84681 0.85379 0.86024 0.86611 0.87124 0.87555 0.87977 0.88427 0.88878 0.89325 0.89757 0.90209 0.90721 0.91285 0.91902 0.92555 0.93248 0.93979 0.9473 0.95509 0.96289 0.9708 0.97881 0.9869 0.99508 1.0035 1.012 1.0218 1.0323 1.044 1.0564 1.07 1.0847 1.1004 1.1172 1.135 1.1539 1.174 1.1951 1.2175 1.2411 1.2659 1.292 1.3192 1.3478 1.3777 1.4092 1.4421 1.4765 1.5125 1.5499 1.5891 1.6298 1.6728 1.7175 1.7647 1.8139 1.8658 1.9198 1.9766 2.036 2.0987 2.1645 2.2343 2.308 2.3866 2.4701 2.5599 2.6561 2.7597 2.8716 2.9811 3.0987 3.2199 3.3357 3.4323 3.5018 3.5538 3.6 3.6469 3.7007 
150 0.97931 0.95127 0.88901 0.86231 0.84912 0.83979 0.8323 0.82641 0.82175 0.81776 0.81435 0.81237 0.81254 0.81433 0.81723 0.82126 0.82651 0.83276 0.83966 0.84682 0.8538 0.86024 0.86612 0.87127 0.87562 0.87983 0.88434 0.88886 0.89335 0.89768 0.90221 0.90734 0.91297 0.91915 0.92568 0.93262 0.93994 0.94747 0.95527 0.96309 0.97101 0.97904 0.98715 0.99535 1.0039 1.0123 1.0222 1.0328 1.0444 1.0569 1.0705 1.0853 1.101 1.1178 1.1357 1.1546 1.1747 1.1959 1.2183 1.2419 1.2668 1.2929 1.3202 1.3487 1.3787 1.4102 1.4431 1.4776 1.5136 1.551 1.5902 1.631 1.6739 1.7186 1.7658 1.815 1.8669 1.9209 1.9777 2.0371 2.0997 2.1655 2.2354 2.3091 2.3876 2.4711 2.5608 2.6568 2.76 2.8718 2.9812 3.0993 3.2214 3.3385 3.4361 3.5053 3.5559 3.6003 3.645 3.6968 
150.5 0.97909 0.95106 0.88888 0.86224 0.84909 0.83979 0.83232 0.82646 0.82182 0.81784 0.81443 0.81246 0.81261 0.8144 0.8173 0.82132 0.82655 0.83278 0.83967 0.84683 0.8538 0.86024 0.86612 0.87131 0.87569 0.87989 0.8844 0.88894 0.89345 0.89779 0.90233 0.90746 0.91309 0.91928 0.92581 0.93276 0.9401 0.94763 0.95546 0.96328 0.97122 0.97927 0.9874 0.99563 1.0042 1.0127 1.0226 1.0332 1.0449 1.0574 1.0711 1.0858 1.1016 1.1185 1.1363 1.1554 1.1755 1.1967 1.2192 1.2428 1.2677 1.2938 1.3211 1.3497 1.3797 1.4112 1.4442 1.4786 1.5147 1.5521 1.5913 1.6321 1.675 1.7197 1.767 1.8161 1.868 1.922 1.9788 2.0382 2.1008 2.1666 2.2364 2.3101 2.3886 2.4721 2.5617 2.6574 2.7604 2.872 2.9815 3.1 3.2228 3.3411 3.4395 3.5085 3.5579 3.6004 3.6431 3.6931 
151 0.97896 0.95093 0.8888 0.86219 0.84906 0.83979 0.83235 0.8265 0.82187 0.8179 0.8145 0.81253 0.81265 0.81441 0.81738 0.82147 0.82665 0.83277 0.83965 0.84684 0.85383 0.86027 0.86615 0.87134 0.87573 0.87996 0.88448 0.88903 0.89355 0.8979 0.90245 0.90758 0.91322 0.91941 0.92595 0.93291 0.94026 0.94781 0.95564 0.96348 0.97144 0.9795 0.98766 0.99591 1.0045 1.013 1.023 1.0336 1.0453 1.0579 1.0716 1.0864 1.1022 1.1191 1.137 1.1561 1.1762 1.1975 1.22 1.2437 1.2686 1.2947 1.3221 1.3507 1.3807 1.4123 1.4452 1.4797 1.5157 1.5532 1.5924 1.6332 1.6761 1.7208 1.7681 1.8172 1.8691 1.9231 1.9799 2.0392 2.1019 2.1676 2.2374 2.3111 2.3896 2.473 2.5625 2.6582 2.7612 2.8728 2.9823 3.1009 3.2238 3.3419 3.4401 3.5087 3.5575 3.5994 3.6416 3.6912 
151.5 0.97882 0.9508 0.88872 0.86214 0.84904 0.8398 0.83237 0.82654 0.82192 0.81795 0.81457 0.8126 0.8127 0.81443 0.81746 0.82162 0.82675 0.83277 0.83962 0.84685 0.85385 0.86029 0.86618 0.87138 0.87578 0.88002 0.88455 0.88912 0.89365 0.89801 0.90257 0.9077 0.91335 0.91955 0.92609 0.93306 0.94042 0.94798 0.95583 0.96368 0.97166 0.97974 0.98792 0.99619 1.0048 1.0134 1.0233 1.034 1.0458 1.0584 1.0721 1.087 1.1028 1.1198 1.1377 1.1568 1.177 1.1983 1.2208 1.2445 1.2695 1.2956 1.323 1.3517 1.3817 1.4133 1.4463 1.4807 1.5168 1.5543 1.5935 1.6343 1.6772 1.722 1.7692 1.8183 1.8702 1.9242 1.981 2.0403 2.1029 2.1687 2.2384 2.312 2.3905 2.4739 2.5633 2.659 2.7619 2.8736 2.9832 3.1018 3.2247 3.3428 3.4407 3.5089 3.5571 3.5985 3.6402 3.6894 
152 0.97869 0.95067 0.88863 0.86208 0.84902 0.8398 0.8324 0.82658 0.82197 0.818 0.81463 0.81268 0.81274 0.81445 0.81754 0.82177 0.82684 0.83277 0.8396 0.84686 0.85388 0.86032 0.86621 0.87142 0.87582 0.88008 0.88463 0.88921 0.89375 0.89813 0.90269 0.90782 0.91348 0.91968 0.92623 0.93321 0.94058 0.94815 0.95601 0.96388 0.97188 0.97998 0.98818 0.99648 1.0051 1.0137 1.0237 1.0344 1.0462 1.0589 1.0727 1.0875 1.1034 1.1204 1.1384 1.1575 1.1778 1.1991 1.2216 1.2454 1.2704 1.2965 1.3239 1.3526 1.3827 1.4143 1.4473 1.4818 1.5178 1.5554 1.5945 1.6354 1.6783 1.7231 1.7703 1.8194 1.8713 1.9253 1.9821 2.0414 2.104 2.1697 2.2394 2.313 2.3914 2.4748 2.5642 2.6598 2.7627 2.8744 2.9841 3.1027 3.2256 3.3436 3.4413 3.5091 3.5568 3.5975 3.6387 3.6875 
152.5 0.97855 0.95055 0.88856 0.86204 0.849 0.83981 0.83242 0.82661 0.82201 0.81805 0.8147 0.81276 0.8128 0.8145 0.81763 0.8219 0.82693 0.83279 0.83959 0.84687 0.8539 0.86034 0.86624 0.87146 0.87587 0.88014 0.88471 0.8893 0.89385 0.89824 0.90281 0.90794 0.91361 0.91982 0.92637 0.93337 0.94074 0.94832 0.9562 0.96409 0.9721 0.98022 0.98844 0.99676 1.0054 1.014 1.0241 1.0348 1.0467 1.0594 1.0732 1.0881 1.104 1.121 1.1391 1.1582 1.1785 1.1999 1.2225 1.2462 1.2713 1.2975 1.3249 1.3536 1.3837 1.4153 1.4483 1.4828 1.5189 1.5564 1.5956 1.6365 1.6794 1.7242 1.7714 1.8205 1.8724 1.9264 1.9832 2.0424 2.105 2.1707 2.2405 2.314 2.3924 2.4757 2.565 2.6606 2.7635 2.8752 2.9848 3.1035 3.2263 3.3442 3.4417 3.5092 3.5565 3.5969 3.6378 3.6864 
153 0.97841 0.95043 0.88851 0.862 0.84898 0.83981 0.83244 0.82664 0.82203 0.81811 0.81478 0.81284 0.81288 0.8146 0.81773 0.82199 0.827 0.83283 0.83961 0.84688 0.8539 0.86036 0.86626 0.8715 0.87594 0.88022 0.88478 0.88937 0.89394 0.89835 0.90294 0.90808 0.91374 0.91996 0.92653 0.93352 0.94091 0.94851 0.9564 0.9643 0.97233 0.98046 0.9887 0.99703 1.0057 1.0144 1.0245 1.0353 1.0471 1.0599 1.0738 1.0887 1.1047 1.1217 1.1398 1.159 1.1793 1.2007 1.2233 1.247 1.2721 1.2983 1.3258 1.3545 1.3847 1.4163 1.4493 1.4839 1.5199 1.5575 1.5967 1.6375 1.6805 1.7252 1.7725 1.8216 1.8735 1.9275 1.9842 2.0435 2.1061 2.1718 2.2415 2.315 2.3933 2.4766 2.5659 2.6615 2.7643 2.876 2.9854 3.1039 3.2266 3.3443 3.4417 3.5091 3.5566 3.5971 3.6381 3.6866 
153.5 0.97826 0.95032 0.88845 0.86196 0.84896 0.83981 0.83246 0.82666 0.82206 0.81816 0.81486 0.81293 0.81297 0.8147 0.81784 0.82208 0.82708 0.83288 0.83963 0.84689 0.85391 0.86038 0.86629 0.87155 0.87601 0.88029 0.88486 0.88945 0.89403 0.89845 0.90306 0.90821 0.91387 0.92009 0.92668 0.93368 0.94108 0.94869 0.95659 0.96451 0.97255 0.9807 0.98895 0.9973 1.0059 1.0147 1.0249 1.0357 1.0476 1.0604 1.0743 1.0893 1.1053 1.1223 1.1404 1.1597 1.18 1.2014 1.2241 1.2479 1.273 1.2992 1.3267 1.3555 1.3856 1.4173 1.4503 1.4849 1.521 1.5585 1.5977 1.6386 1.6816 1.7263 1.7736 1.8227 1.8745 1.9285 1.9853 2.0445 2.1071 2.1728 2.2425 2.3159 2.3942 2.4775 2.5668 2.6623 2.7651 2.8767 2.986 3.1044 3.2268 3.3444 3.4417 3.5091 3.5566 3.5972 3.6383 3.6869 
154 0.97811 0.95021 0.8884 0.86193 0.84894 0.83981 0.83247 0.82669 0.82208 0.81822 0.81494 0.81302 0.81305 0.8148 0.81794 0.82217 0.82715 0.83292 0.83966 0.84689 0.85392 0.8604 0.86632 0.87159 0.87607 0.88037 0.88494 0.88952 0.89411 0.89856 0.90318 0.90834 0.914 0.92023 0.92683 0.93383 0.94125 0.94887 0.95678 0.96472 0.97278 0.98095 0.98921 0.99757 1.0062 1.015 1.0252 1.0361 1.0481 1.0609 1.0748 1.0898 1.1059 1.123 1.1411 1.1604 1.1807 1.2022 1.2249 1.2487 1.2739 1.3001 1.3276 1.3564 1.3866 1.4182 1.4513 1.4859 1.522 1.5596 1.5988 1.6397 1.6827 1.7274 1.7746 1.8238 1.8756 1.9296 1.9863 2.0456 2.1081 2.1738 2.2435 2.3169 2.3952 2.4784 2.5677 2.6632 2.7659 2.8774 2.9866 3.1048 3.2271 3.3445 3.4416 3.5091 3.5567 3.5974 3.6386 3.6871 
154.5 0.97798 0.95009 0.88832 0.86187 0.84891 0.83981 0.83249 0.82672 0.82213 0.81829 0.81503 0.81313 0.81316 0.81491 0.81805 0.82226 0.82721 0.83297 0.83968 0.8469 0.85393 0.86042 0.86635 0.87164 0.87613 0.88044 0.88501 0.8896 0.8942 0.89869 0.90333 0.90849 0.91414 0.92037 0.92699 0.934 0.94142 0.94905 0.95698 0.96494 0.973 0.98119 0.98947 0.99784 1.0065 1.0154 1.0256 1.0365 1.0485 1.0614 1.0754 1.0904 1.1065 1.1236 1.1418 1.1611 1.1815 1.203 1.2257 1.2496 1.2747 1.301 1.3286 1.3574 1.3876 1.4192 1.4523 1.4869 1.523 1.5606 1.5999 1.6407 1.6837 1.7285 1.7757 1.8248 1.8767 1.9306 1.9874 2.0466 2.1091 2.1748 2.2445 2.3179 2.3961 2.4793 2.5685 2.664 2.7667 2.8781 2.9872 3.1052 3.2272 3.3444 3.4413 3.5087 3.5563 3.5971 3.6383 3.6869 
155 0.97785 0.94995 0.88821 0.86181 0.84888 0.8398 0.8325 0.82676 0.8222 0.81837 0.81513 0.81324 0.81329 0.81504 0.81815 0.82234 0.82727 0.833 0.8397 0.84692 0.85395 0.86045 0.86639 0.87169 0.87619 0.88051 0.88509 0.88967 0.89429 0.89883 0.9035 0.90864 0.91427 0.92051 0.92714 0.93417 0.9416 0.94924 0.95718 0.96515 0.97323 0.98143 0.98972 0.99811 1.0068 1.0157 1.026 1.0369 1.049 1.0619 1.0759 1.091 1.1071 1.1243 1.1425 1.1618 1.1822 1.2038 1.2265 1.2504 1.2756 1.3019 1.3295 1.3583 1.3885 1.4202 1.4533 1.4879 1.5241 1.5616 1.6009 1.6418 1.6848 1.7295 1.7768 1.8259 1.8777 1.9317 1.9884 2.0476 2.1102 2.1758 2.2454 2.3188 2.397 2.4801 2.5693 2.6648 2.7674 2.8788 2.9877 3.1055 3.2273 3.3441 3.4408 3.508 3.5555 3.5963 3.6376 3.6863 
155.5 0.97773 0.94982 0.8881 0.86174 0.84884 0.83979 0.83252 0.8268 0.82228 0.81845 0.81524 0.81336 0.81343 0.81516 0.81826 0.82241 0.82733 0.83304 0.83972 0.84694 0.85398 0.86048 0.86644 0.87174 0.87624 0.88059 0.88517 0.88974 0.89438 0.89897 0.90367 0.9088 0.9144 0.92064 0.9273 0.93434 0.94178 0.94943 0.95738 0.96536 0.97345 0.98167 0.98998 0.99837 1.0071 1.016 1.0263 1.0373 1.0494 1.0624 1.0764 1.0916 1.1077 1.1249 1.1431 1.1625 1.183 1.2045 1.2273 1.2512 1.2764 1.3028 1.3304 1.3592 1.3895 1.4212 1.4543 1.4889 1.5251 1.5627 1.602 1.6428 1.6858 1.7306 1.7778 1.827 1.8788 1.9327 1.9895 2.0487 2.1112 2.1768 2.2464 2.3197 2.3979 2.481 2.5701 2.6655 2.7682 2.8794 2.9883 3.1058 3.2273 3.3439 3.4403 3.5073 3.5547 3.5955 3.637 3.6857 
156 0.9776 0.94969 0.88799 0.86167 0.84881 0.83978 0.83253 0.82684 0.82235 0.81854 0.81534 0.81348 0.81356 0.81529 0.81836 0.82249 0.82739 0.83308 0.83974 0.84695 0.854 0.86051 0.86648 0.87179 0.8763 0.88066 0.88525 0.88981 0.89446 0.89911 0.90384 0.90895 0.91454 0.92078 0.92745 0.93451 0.94196 0.94961 0.95758 0.96558 0.97368 0.98191 0.99023 0.99863 1.0073 1.0163 1.0267 1.0377 1.0499 1.0629 1.077 1.0921 1.1083 1.1256 1.1438 1.1632 1.1837 1.2053 1.2281 1.2521 1.2773 1.3037 1.3313 1.3602 1.3904 1.4222 1.4553 1.4899 1.5261 1.5637 1.603 1.6439 1.6869 1.7316 1.7789 1.828 1.8798 1.9338 1.9905 2.0497 2.1122 2.1778 2.2473 2.3207 2.3988 2.4819 2.5709 2.6663 2.7689 2.8801 2.9888 3.1061 3.2273 3.3436 3.4398 3.5066 3.5539 3.5948 3.6363 3.6851 
156.5 0.97741 0.94951 0.88788 0.86161 0.84879 0.83979 0.83258 0.82692 0.82245 0.81864 0.81545 0.8136 0.81368 0.8154 0.81845 0.82256 0.82745 0.83313 0.83978 0.84698 0.85402 0.86054 0.86652 0.87185 0.87636 0.88073 0.88533 0.8899 0.89456 0.89923 0.90398 0.90909 0.91468 0.92093 0.92761 0.93468 0.94214 0.9498 0.95778 0.96579 0.9739 0.98214 0.99047 0.99888 1.0076 1.0166 1.027 1.0381 1.0503 1.0634 1.0775 1.0927 1.1089 1.1262 1.1445 1.1639 1.1845 1.2061 1.2289 1.2529 1.2782 1.3046 1.3322 1.3611 1.3914 1.4231 1.4563 1.4909 1.5271 1.5647 1.604 1.6449 1.6879 1.7327 1.7799 1.8291 1.8809 1.9348 1.9915 2.0507 2.1132 2.1787 2.2483 2.3216 2.3997 2.4827 2.5717 2.667 2.7695 2.8806 2.9892 3.1063 3.2273 3.3434 3.4394 3.5061 3.5535 3.5943 3.6358 3.6848 
157 0.97719 0.94932 0.88776 0.86155 0.84877 0.83981 0.83264 0.827 0.82255 0.81875 0.81556 0.81372 0.8138 0.8155 0.81853 0.82263 0.8275 0.83318 0.83983 0.84701 0.85405 0.86058 0.86656 0.8719 0.87643 0.88081 0.88542 0.89 0.89467 0.89934 0.90411 0.90923 0.91483 0.92109 0.92777 0.93485 0.94232 0.94999 0.95798 0.966 0.97413 0.98237 0.9907 0.99912 1.0078 1.0169 1.0274 1.0385 1.0508 1.0639 1.0781 1.0933 1.1095 1.1268 1.1452 1.1646 1.1852 1.2068 1.2297 1.2537 1.279 1.3054 1.3331 1.362 1.3923 1.4241 1.4572 1.4919 1.5281 1.5657 1.6051 1.6459 1.689 1.7337 1.7809 1.8301 1.8819 1.9358 1.9925 2.0517 2.1141 2.1797 2.2492 2.3225 2.4005 2.4835 2.5725 2.6677 2.7701 2.8811 2.9895 3.1064 3.2273 3.3432 3.4391 3.5058 3.5531 3.5939 3.6355 3.6845 
157.5 0.97698 0.94912 0.88765 0.86149 0.84875 0.83984 0.83269 0.82709 0.82266 0.81885 0.81568 0.81383 0.81391 0.81561 0.81862 0.8227 0.82755 0.83323 0.83987 0.84705 0.85408 0.86061 0.86661 0.87196 0.87649 0.88089 0.88551 0.8901 0.89478 0.89946 0.90424 0.90937 0.91498 0.92125 0.92794 0.93502 0.94249 0.95018 0.95818 0.96621 0.97435 0.9826 0.99094 0.99936 1.008 1.0172 1.0277 1.0389 1.0512 1.0644 1.0786 1.0938 1.1101 1.1274 1.1458 1.1654 1.1859 1.2076 1.2305 1.2545 1.2798 1.3063 1.334 1.3629 1.3932 1.425 1.4582 1.4929 1.5291 1.5667 1.6061 1.647 1.69 1.7347 1.782 1.8311 1.8829 1.9368 1.9935 2.0526 2.1151 2.1806 2.2501 2.3234 2.4014 2.4843 2.5733 2.6684 2.7707 2.8816 2.9898 3.1066 3.2273 3.343 3.4388 3.5054 3.5527 3.5935 3.6351 3.6841 
158 0.97676 0.94893 0.88754 0.86143 0.84873 0.83986 0.83275 0.82717 0.82276 0.81896 0.81579 0.81395 0.81403 0.81571 0.8187 0.82276 0.8276 0.83329 0.83992 0.84708 0.85411 0.86065 0.86665 0.87202 0.87655 0.88096 0.8856 0.89019 0.89488 0.89957 0.90437 0.90951 0.91513 0.92141 0.9281 0.93519 0.94267 0.95037 0.95838 0.96642 0.97457 0.98283 0.99117 0.9996 1.0083 1.0175 1.028 1.0393 1.0517 1.065 1.0792 1.0944 1.1106 1.1281 1.1465 1.1661 1.1867 1.2084 1.2313 1.2554 1.2807 1.3072 1.3349 1.3638 1.3942 1.426 1.4592 1.4939 1.5301 1.5678 1.6071 1.648 1.691 1.7358 1.783 1.8321 1.8839 1.9378 1.9945 2.0536 2.1161 2.1816 2.251 2.3243 2.4022 2.4851 2.574 2.6691 2.7713 2.8821 2.9902 3.1068 3.2272 3.3428 3.4385 3.505 3.5523 3.5931 3.6348 3.6838 
158.5 0.97654 0.94873 0.88743 0.86138 0.84874 0.83991 0.83285 0.8273 0.82291 0.81911 0.81591 0.81406 0.81414 0.81581 0.81878 0.82282 0.82766 0.83333 0.83996 0.84712 0.85415 0.8607 0.86671 0.87208 0.87663 0.88105 0.88568 0.89029 0.89499 0.89969 0.9045 0.90966 0.91529 0.92157 0.92826 0.93536 0.94285 0.95056 0.95858 0.96663 0.97478 0.98304 0.99137 0.99985 1.0085 1.0178 1.0283 1.0397 1.0521 1.0654 1.0797 1.0949 1.1112 1.1287 1.1472 1.1668 1.1874 1.2091 1.2321 1.2562 1.2815 1.308 1.3357 1.3647 1.3951 1.4269 1.4601 1.4949 1.5311 1.5687 1.6081 1.649 1.692 1.7368 1.784 1.8331 1.8849 1.9388 1.9954 2.0546 2.117 2.1825 2.2519 2.3251 2.403 2.4859 2.5747 2.6697 2.7718 2.8825 2.9904 3.1068 3.227 3.3423 3.4378 3.5043 3.5515 3.5924 3.6341 3.6832 
159 0.97632 0.94853 0.88731 0.86133 0.84875 0.83997 0.83295 0.82743 0.82306 0.81925 0.81604 0.81417 0.81425 0.81591 0.81887 0.82289 0.82772 0.83338 0.84 0.84716 0.85419 0.86075 0.86677 0.87214 0.87671 0.88113 0.88577 0.89038 0.8951 0.89981 0.90463 0.9098 0.91545 0.92173 0.92843 0.93553 0.94303 0.95076 0.95878 0.96683 0.97498 0.98326 0.99156 1.0001 1.0086 1.0181 1.0286 1.0401 1.0525 1.0659 1.0803 1.0955 1.1118 1.1293 1.1479 1.1674 1.1881 1.2099 1.2329 1.257 1.2824 1.3089 1.3366 1.3656 1.396 1.4279 1.4611 1.4958 1.532 1.5697 1.6091 1.65 1.693 1.7378 1.785 1.8341 1.8859 1.9398 1.9964 2.0555 2.1179 2.1834 2.2528 2.3259 2.4038 2.4866 2.5753 2.6703 2.7723 2.8829 2.9907 3.1068 3.2268 3.3419 3.4372 3.5035 3.5507 3.5917 3.6335 3.6826 
159.5 0.9761 0.94833 0.8872 0.86129 0.84875 0.84003 0.83304 0.82755 0.8232 0.8194 0.81616 0.81428 0.81436 0.816 0.81896 0.82295 0.82778 0.83342 0.84004 0.8472 0.85423 0.8608 0.86682 0.8722 0.87678 0.88121 0.88586 0.89048 0.8952 0.89993 0.90476 0.90994 0.9156 0.92189 0.9286 0.9357 0.94321 0.95095 0.95897 0.96703 0.97519 0.98347 0.99176 1.0003 1.0088 1.0184 1.0289 1.0404 1.053 1.0664 1.0808 1.0961 1.1125 1.1299 1.1485 1.1681 1.1889 1.2106 1.2336 1.2578 1.2832 1.3098 1.3375 1.3665 1.3969 1.4288 1.4621 1.4968 1.533 1.5707 1.6101 1.651 1.694 1.7388 1.786 1.8351 1.8869 1.9408 1.9974 2.0565 2.1189 2.1843 2.2536 2.3268 2.4046 2.4873 2.576 2.6709 2.7729 2.8833 2.9909 3.1068 3.2266 3.3414 3.4365 3.5028 3.55 3.591 3.6328 3.682 
160 0.97589 0.94814 0.8871 0.86125 0.84877 0.84009 0.83314 0.82768 0.82334 0.81954 0.81629 0.8144 0.81447 0.81611 0.81904 0.82301 0.82783 0.83347 0.84009 0.84723 0.85427 0.86084 0.86688 0.87227 0.87686 0.8813 0.88595 0.89058 0.89531 0.90005 0.90489 0.91009 0.91576 0.92205 0.92877 0.93587 0.94339 0.95114 0.95917 0.96723 0.97539 0.98369 0.99196 1.0006 1.009 1.0188 1.0292 1.0408 1.0534 1.0669 1.0813 1.0966 1.1131 1.1306 1.1492 1.1688 1.1896 1.2114 1.2344 1.2586 1.284 1.3106 1.3384 1.3674 1.3979 1.4297 1.463 1.4978 1.534 1.5717 1.611 1.652 1.695 1.7398 1.787 1.8361 1.8879 1.9417 1.9983 2.0574 2.1198 2.1852 2.2545 2.3276 2.4054 2.488 2.5766 2.6715 2.7734 2.8836 2.9911 3.1069 3.2264 3.341 3.4359 3.5021 3.5492 3.5902 3.632 3.6812 
160.5 0.97576 0.94802 0.88702 0.86124 0.8488 0.84015 0.83323 0.82778 0.82345 0.81968 0.81644 0.81454 0.81461 0.81623 0.81913 0.82308 0.82786 0.83351 0.84012 0.84727 0.8543 0.86089 0.86694 0.87233 0.87693 0.88139 0.88606 0.8907 0.89543 0.90017 0.90502 0.91023 0.91591 0.92221 0.92893 0.93605 0.94357 0.95132 0.95936 0.96743 0.97559 0.9839 0.99219 1.0008 1.0093 1.0191 1.0296 1.0412 1.0538 1.0674 1.0818 1.0972 1.1136 1.1312 1.1498 1.1695 1.1903 1.2121 1.2352 1.2594 1.2848 1.3114 1.3393 1.3683 1.3988 1.4306 1.4639 1.4987 1.535 1.5726 1.612 1.653 1.696 1.7407 1.788 1.8371 1.8888 1.9427 1.9993 2.0583 2.1207 2.186 2.2553 2.3284 2.4061 2.4887 2.5772 2.672 2.7738 2.884 2.9914 3.107 3.2264 3.3409 3.4356 3.5015 3.5484 3.5891 3.6307 3.6797 
161 0.97563 0.9479 0.88695 0.86124 0.84884 0.84022 0.83332 0.82789 0.82357 0.81981 0.81658 0.81468 0.81475 0.81635 0.81923 0.82314 0.8279 0.83355 0.84016 0.84731 0.85434 0.86093 0.86699 0.8724 0.877 0.88147 0.88616 0.89081 0.89555 0.90029 0.90516 0.91037 0.91606 0.92237 0.9291 0.93622 0.94375 0.95151 0.95955 0.96763 0.9758 0.98411 0.99242 1.0011 1.0096 1.0194 1.0299 1.0416 1.0543 1.0678 1.0823 1.0977 1.1142 1.1318 1.1505 1.1702 1.191 1.2129 1.236 1.2602 1.2857 1.3123 1.3401 1.3692 1.3997 1.4316 1.4649 1.4996 1.5359 1.5736 1.613 1.6539 1.697 1.7417 1.7889 1.838 1.8898 1.9436 2.0002 2.0592 2.1215 2.1869 2.2561 2.3292 2.4069 2.4894 2.5779 2.6725 2.7742 2.8843 2.9916 3.1071 3.2265 3.3408 3.4353 3.501 3.5476 3.588 3.6294 3.6783 
161.5 0.97549 0.94778 0.88688 0.86123 0.84888 0.84028 0.83341 0.828 0.82368 0.81995 0.81673 0.81482 0.81488 0.81647 0.81932 0.8232 0.82794 0.83358 0.84019 0.84734 0.85437 0.86098 0.86705 0.87247 0.87707 0.88156 0.88627 0.89093 0.89566 0.90041 0.90529 0.91051 0.91621 0.92254 0.92927 0.93639 0.94393 0.9517 0.95974 0.96783 0.976 0.98433 0.99264 1.0013 1.0098 1.0197 1.0303 1.042 1.0547 1.0683 1.0828 1.0983 1.1148 1.1324 1.1511 1.1709 1.1917 1.2136 1.2367 1.261 1.2865 1.3131 1.341 1.3701 1.4006 1.4325 1.4658 1.5006 1.5369 1.5746 1.614 1.6549 1.698 1.7427 1.7899 1.839 1.8907 1.9446 2.0011 2.0601 2.1224 2.1877 2.257 2.3299 2.4076 2.4901 2.5785 2.673 2.7747 2.8847 2.9918 3.1073 3.2265 3.3407 3.435 3.5004 3.5467 3.5869 3.6281 3.6768 
162 0.97534 0.94765 0.88682 0.86123 0.84892 0.84037 0.83352 0.82812 0.82381 0.82009 0.81687 0.81495 0.81501 0.81658 0.81941 0.82327 0.82799 0.83363 0.84024 0.84738 0.85442 0.86103 0.86712 0.87254 0.87715 0.88166 0.88638 0.89105 0.89578 0.90053 0.90543 0.91066 0.91637 0.9227 0.92943 0.93657 0.94412 0.95188 0.95993 0.96803 0.97621 0.98455 0.99288 1.0016 1.0101 1.02 1.0306 1.0424 1.0551 1.0688 1.0833 1.0988 1.1154 1.1331 1.1518 1.1716 1.1924 1.2144 1.2375 1.2618 1.2873 1.314 1.3418 1.371 1.4015 1.4334 1.4667 1.5015 1.5378 1.5755 1.6149 1.6559 1.6989 1.7437 1.7909 1.8399 1.8916 1.9455 2.002 2.061 2.1233 2.1886 2.2578 2.3307 2.4083 2.4908 2.5791 2.6736 2.7751 2.8849 2.992 3.1073 3.2264 3.3405 3.4347 3.4999 3.5461 3.5862 3.6273 3.676 
162.5 0.97518 0.94753 0.88678 0.86125 0.84898 0.84046 0.83365 0.82827 0.82397 0.82023 0.81701 0.81508 0.81511 0.81668 0.81949 0.82335 0.82806 0.83369 0.84028 0.84742 0.85447 0.86108 0.86719 0.87262 0.87724 0.88176 0.88649 0.89117 0.89591 0.90066 0.90556 0.91082 0.91653 0.92287 0.9296 0.93674 0.9443 0.95207 0.96012 0.96823 0.97643 0.98478 0.99313 1.0019 1.0104 1.0203 1.031 1.0428 1.0555 1.0692 1.0838 1.0994 1.116 1.1337 1.1524 1.1722 1.1931 1.2151 1.2383 1.2625 1.2881 1.3148 1.3427 1.3719 1.4024 1.4343 1.4676 1.5024 1.5387 1.5765 1.6159 1.6568 1.6999 1.7446 1.7918 1.8409 1.8926 1.9464 2.0029 2.0619 2.1241 2.1894 2.2586 2.3314 2.409 2.4914 2.5797 2.6741 2.7755 2.8852 2.992 3.1071 3.2261 3.3401 3.4342 3.4994 3.5457 3.5859 3.6271 3.6759 
163 0.97502 0.9474 0.88675 0.86127 0.84904 0.84056 0.83378 0.82842 0.82413 0.82037 0.81715 0.8152 0.81522 0.81678 0.81958 0.82342 0.82813 0.83374 0.84033 0.84747 0.85452 0.86114 0.86726 0.87269 0.87733 0.88187 0.8866 0.89129 0.89603 0.90078 0.9057 0.91098 0.9167 0.92304 0.92977 0.93691 0.94448 0.95226 0.96032 0.96843 0.97664 0.98501 0.99338 1.0021 1.0107 1.0206 1.0313 1.0432 1.056 1.0697 1.0843 1.0999 1.1166 1.1343 1.1531 1.1729 1.1938 1.2158 1.239 1.2633 1.2889 1.3156 1.3435 1.3727 1.4032 1.4352 1.4686 1.5034 1.5397 1.5774 1.6168 1.6578 1.7008 1.7455 1.7927 1.8418 1.8935 1.9473 2.0038 2.0628 2.1249 2.1902 2.2593 2.3322 2.4097 2.4921 2.5804 2.6746 2.7759 2.8854 2.992 3.107 3.2258 3.3397 3.4337 3.4989 3.5452 3.5855 3.6269 3.6759 
163.5 0.97485 0.94727 0.88671 0.86129 0.8491 0.84066 0.8339 0.82857 0.82428 0.82051 0.81729 0.81532 0.81532 0.81688 0.81966 0.8235 0.8282 0.8338 0.84038 0.84751 0.85457 0.8612 0.86733 0.87277 0.87741 0.88197 0.88671 0.89141 0.89615 0.90091 0.90583 0.91114 0.91687 0.9232 0.92993 0.93709 0.94467 0.95245 0.96051 0.96864 0.97686 0.98524 0.99363 1.0024 1.011 1.021 1.0317 1.0436 1.0564 1.0702 1.0849 1.1004 1.1171 1.1349 1.1537 1.1736 1.1945 1.2165 1.2398 1.2641 1.2897 1.3164 1.3444 1.3736 1.4041 1.4361 1.4695 1.5043 1.5406 1.5783 1.6178 1.6587 1.7018 1.7465 1.7937 1.8427 1.8944 1.9482 2.0047 2.0636 2.1258 2.191 2.2601 2.3329 2.4104 2.4928 2.581 2.6752 2.7763 2.8856 2.9921 3.1069 3.2255 3.3393 3.4333 3.4985 3.5448 3.5852 3.6267 3.6759 
164 0.97476 0.94719 0.88669 0.86133 0.84919 0.84078 0.83405 0.82874 0.82445 0.82067 0.81743 0.81545 0.81544 0.81698 0.81975 0.82357 0.82826 0.83386 0.84044 0.84755 0.85462 0.86126 0.8674 0.87285 0.87751 0.88207 0.88682 0.89153 0.89628 0.90104 0.90598 0.91129 0.91703 0.92337 0.93011 0.93727 0.94485 0.95264 0.96072 0.96885 0.97709 0.98549 0.99389 1.0027 1.0113 1.0213 1.0321 1.044 1.0568 1.0706 1.0854 1.101 1.1177 1.1355 1.1544 1.1743 1.1952 1.2173 1.2405 1.2649 1.2905 1.3173 1.3452 1.3744 1.405 1.437 1.4704 1.5052 1.5415 1.5793 1.6187 1.6596 1.7027 1.7474 1.7946 1.8436 1.8953 1.9491 2.0056 2.0645 2.1266 2.1918 2.2608 2.3336 2.4111 2.4934 2.5815 2.6756 2.7766 2.8858 2.9921 3.1068 3.2253 3.339 3.4329 3.4981 3.5444 3.5848 3.6263 3.6755 
164.5 0.9747 0.94713 0.88668 0.86139 0.84929 0.84091 0.83421 0.82891 0.82463 0.82084 0.81758 0.81559 0.81556 0.81708 0.81983 0.82365 0.82833 0.83392 0.84049 0.8476 0.85467 0.86132 0.86747 0.87294 0.87761 0.88217 0.88693 0.89164 0.89641 0.90118 0.90612 0.91145 0.91719 0.92354 0.93028 0.93745 0.94504 0.95283 0.96092 0.96906 0.97732 0.98573 0.99416 1.003 1.0116 1.0217 1.0324 1.0444 1.0573 1.0711 1.0859 1.1015 1.1183 1.1361 1.155 1.1749 1.1959 1.218 1.2413 1.2656 1.2913 1.3181 1.346 1.3753 1.4059 1.4379 1.4712 1.5061 1.5424 1.5802 1.6196 1.6606 1.7036 1.7483 1.7955 1.8445 1.8962 1.95 2.0064 2.0653 2.1274 2.1926 2.2616 2.3343 2.4118 2.494 2.582 2.676 2.7769 2.886 2.9922 3.1067 3.2252 3.3388 3.4326 3.4977 3.544 3.5843 3.6258 3.6751 
165 0.97464 0.94707 0.88666 0.86145 0.8494 0.84104 0.83437 0.82909 0.82481 0.82101 0.81773 0.81573 0.81568 0.81717 0.81992 0.82372 0.8284 0.83399 0.84055 0.84765 0.85472 0.86137 0.86754 0.87302 0.8777 0.88226 0.88704 0.89176 0.89654 0.90132 0.90627 0.9116 0.91735 0.9237 0.93046 0.93763 0.94522 0.95302 0.96112 0.96928 0.97755 0.98597 0.99442 1.0033 1.0119 1.022 1.0328 1.0448 1.0577 1.0716 1.0864 1.1021 1.1188 1.1367 1.1556 1.1756 1.1966 1.2187 1.242 1.2664 1.2921 1.3189 1.3469 1.3761 1.4067 1.4387 1.4721 1.507 1.5434 1.5811 1.6205 1.6615 1.7045 1.7493 1.7964 1.8454 1.8971 1.9508 2.0073 2.0662 2.1282 2.1933 2.2623 2.3351 2.4125 2.4946 2.5825 2.6765 2.7772 2.8862 2.9923 3.1067 3.225 3.3385 3.4323 3.4974 3.5436 3.5839 3.6254 3.6746 
165.5 0.97458 0.94702 0.88665 0.86151 0.8495 0.84117 0.83453 0.82927 0.82499 0.82118 0.81788 0.81586 0.81581 0.81727 0.82001 0.82379 0.82846 0.83405 0.84061 0.84769 0.85477 0.86143 0.86761 0.87311 0.8778 0.88236 0.88715 0.89187 0.89667 0.90146 0.90642 0.91176 0.91751 0.92387 0.93063 0.9378 0.94541 0.95322 0.96133 0.9695 0.97778 0.98622 0.99469 1.0035 1.0122 1.0223 1.0332 1.0452 1.0581 1.072 1.0869 1.1026 1.1194 1.1373 1.1563 1.1762 1.1973 1.2194 1.2427 1.2672 1.2929 1.3197 1.3477 1.377 1.4076 1.4396 1.473 1.5079 1.5443 1.582 1.6215 1.6625 1.7054 1.7502 1.7974 1.8463 1.898 1.9517 2.0081 2.067 2.1291 2.1941 2.263 2.3358 2.4131 2.4952 2.583 2.6769 2.7775 2.8864 2.9924 3.1066 3.2249 3.3383 3.432 3.497 3.5432 3.5834 3.6249 3.6741 
166 0.97434 0.94682 0.88657 0.86153 0.84959 0.84131 0.83471 0.82949 0.82522 0.82137 0.81803 0.81598 0.8159 0.81736 0.82008 0.82386 0.82853 0.83412 0.84067 0.84776 0.85483 0.86151 0.86769 0.87319 0.87789 0.88246 0.88726 0.89199 0.8968 0.90161 0.90657 0.91191 0.91767 0.92404 0.9308 0.93798 0.94559 0.95341 0.96153 0.96972 0.97801 0.98647 0.99496 1.0038 1.0126 1.0227 1.0336 1.0456 1.0586 1.0725 1.0874 1.1031 1.12 1.1379 1.1569 1.1769 1.198 1.2201 1.2435 1.2679 1.2936 1.3205 1.3485 1.3778 1.4084 1.4405 1.4739 1.5088 1.5452 1.5829 1.6224 1.6633 1.7063 1.7511 1.7982 1.8472 1.8988 1.9526 2.009 2.0678 2.1298 2.1948 2.2637 2.3364 2.4137 2.4957 2.5835 2.6773 2.7779 2.8866 2.9924 3.1065 3.2245 3.3378 3.4315 3.4966 3.543 3.5835 3.6252 3.6746 
166.5 0.97409 0.94661 0.88648 0.86154 0.84967 0.84145 0.83491 0.82972 0.82545 0.82157 0.81817 0.8161 0.81599 0.81745 0.82016 0.82393 0.82859 0.83419 0.84073 0.84783 0.8549 0.86158 0.86777 0.87327 0.87797 0.88256 0.88737 0.89211 0.89693 0.90175 0.90672 0.91206 0.91783 0.92421 0.93097 0.93816 0.94578 0.95361 0.96174 0.96994 0.97825 0.98673 0.99523 1.0041 1.0129 1.023 1.0339 1.046 1.059 1.073 1.0879 1.1037 1.1205 1.1385 1.1575 1.1775 1.1987 1.2208 1.2442 1.2687 1.2944 1.3213 1.3493 1.3787 1.4093 1.4413 1.4748 1.5097 1.546 1.5838 1.6233 1.6642 1.7072 1.752 1.7991 1.8481 1.8997 1.9534 2.0098 2.0686 2.1306 2.1956 2.2644 2.3371 2.4143 2.4963 2.584 2.6777 2.7782 2.8868 2.9925 3.1064 3.2242 3.3373 3.4309 3.4962 3.5428 3.5836 3.6256 3.6752 
167 0.97383 0.94639 0.8864 0.86156 0.84976 0.8416 0.8351 0.82994 0.82568 0.82177 0.81832 0.81621 0.81609 0.81754 0.82024 0.824 0.82865 0.83426 0.8408 0.84789 0.85496 0.86166 0.86785 0.87335 0.87805 0.88266 0.88748 0.89223 0.89706 0.90189 0.90687 0.91222 0.918 0.92439 0.93114 0.93834 0.94597 0.9538 0.96195 0.97016 0.97848 0.98698 0.99551 1.0044 1.0132 1.0234 1.0343 1.0464 1.0594 1.0734 1.0884 1.1042 1.1211 1.1391 1.1581 1.1782 1.1994 1.2215 1.2449 1.2694 1.2952 1.3221 1.3501 1.3795 1.4101 1.4422 1.4757 1.5105 1.5469 1.5847 1.6242 1.6651 1.7081 1.7529 1.8 1.849 1.9006 1.9543 2.0106 2.0694 2.1314 2.1963 2.2651 2.3377 2.415 2.4968 2.5844 2.6781 2.7785 2.887 2.9925 3.1062 3.2238 3.3368 3.4304 3.4957 3.5426 3.5837 3.626 3.6758 
167.5 0.97362 0.94622 0.88633 0.86159 0.84985 0.84174 0.83529 0.83016 0.8259 0.82196 0.81847 0.81633 0.81618 0.81763 0.82031 0.82406 0.82872 0.83433 0.84086 0.84796 0.85503 0.86173 0.86792 0.87343 0.87814 0.88277 0.8876 0.89235 0.89719 0.90203 0.90703 0.91237 0.91816 0.92456 0.93131 0.93852 0.94615 0.954 0.96216 0.97038 0.97872 0.98723 0.99578 1.0047 1.0135 1.0237 1.0347 1.0468 1.0599 1.0739 1.0889 1.1047 1.1217 1.1397 1.1588 1.1789 1.2 1.2222 1.2457 1.2702 1.296 1.3229 1.3509 1.3803 1.411 1.4431 1.4765 1.5114 1.5478 1.5856 1.625 1.666 1.709 1.7538 1.8009 1.8499 1.9014 1.9551 2.0114 2.0702 2.1322 2.1971 2.2658 2.3384 2.4155 2.4973 2.5849 2.6785 2.7788 2.8872 2.9926 3.1061 3.2235 3.3363 3.4299 3.4953 3.5423 3.5837 3.6263 3.6763 
168 0.97367 0.94628 0.88642 0.86172 0.85001 0.84191 0.83548 0.83036 0.82609 0.82213 0.81863 0.81645 0.81629 0.81772 0.82039 0.82413 0.82879 0.83439 0.84093 0.84803 0.8551 0.8618 0.868 0.87352 0.87825 0.88288 0.88771 0.89248 0.89733 0.90218 0.90718 0.91254 0.91833 0.92474 0.93149 0.9387 0.94635 0.9542 0.96238 0.97061 0.97896 0.98749 0.99604 1.005 1.0138 1.0241 1.0351 1.0472 1.0603 1.0744 1.0894 1.1053 1.1222 1.1403 1.1594 1.1795 1.2007 1.2229 1.2464 1.2709 1.2967 1.3236 1.3518 1.3811 1.4118 1.4439 1.4774 1.5123 1.5487 1.5865 1.6259 1.6669 1.7099 1.7546 1.8017 1.8507 1.9023 1.9559 2.0122 2.071 2.1329 2.1978 2.2665 2.339 2.4161 2.4978 2.5854 2.6789 2.7791 2.8874 2.9927 3.1062 3.2235 3.3363 3.4298 3.4951 3.542 3.5832 3.6257 3.6757 
168.5 0.97371 0.94634 0.88651 0.86185 0.85016 0.84208 0.83566 0.83055 0.82628 0.82231 0.81878 0.81658 0.8164 0.81781 0.82047 0.8242 0.82886 0.83445 0.841 0.8481 0.85517 0.86187 0.86808 0.87361 0.87835 0.88299 0.88783 0.89261 0.89747 0.90233 0.90734 0.91271 0.91851 0.92491 0.93167 0.93888 0.94654 0.95441 0.96259 0.97084 0.9792 0.98774 0.99631 1.0053 1.0142 1.0244 1.0355 1.0476 1.0608 1.0748 1.0899 1.1058 1.1228 1.1409 1.16 1.1801 1.2014 1.2236 1.2471 1.2717 1.2975 1.3244 1.3526 1.3819 1.4126 1.4447 1.4782 1.5131 1.5495 1.5873 1.6268 1.6678 1.7108 1.7555 1.8026 1.8515 1.9031 1.9567 2.013 2.0717 2.1336 2.1985 2.2672 2.3396 2.4167 2.4984 2.5858 2.6792 2.7793 2.8875 2.9928 3.1062 3.2235 3.3362 3.4297 3.4949 3.5416 3.5828 3.6251 3.6752 
169 0.97376 0.94639 0.88659 0.86198 0.85032 0.84225 0.83584 0.83074 0.82647 0.82248 0.81894 0.8167 0.81651 0.8179 0.82054 0.82427 0.82893 0.83452 0.84107 0.84816 0.85524 0.86194 0.86816 0.8737 0.87846 0.88311 0.88794 0.89274 0.89761 0.90248 0.90749 0.91288 0.91868 0.92509 0.93184 0.93906 0.94673 0.95461 0.9628 0.97107 0.97944 0.988 0.99658 1.0056 1.0145 1.0248 1.0358 1.048 1.0612 1.0753 1.0904 1.1063 1.1234 1.1415 1.1606 1.1808 1.2021 1.2243 1.2478 1.2724 1.2983 1.3252 1.3534 1.3827 1.4135 1.4456 1.4791 1.514 1.5504 1.5882 1.6277 1.6686 1.7116 1.7564 1.8035 1.8524 1.9039 1.9575 2.0138 2.0725 2.1343 2.1992 2.2678 2.3402 2.4172 2.4989 2.5863 2.6795 2.7796 2.8877 2.9929 3.1062 3.2235 3.3362 3.4296 3.4947 3.5413 3.5823 3.6246 3.6746 
169.5 0.97381 0.94647 0.88671 0.86212 0.85048 0.84242 0.83602 0.83092 0.82665 0.82264 0.81909 0.81683 0.81662 0.81799 0.82063 0.82434 0.829 0.83458 0.84114 0.84823 0.85531 0.86201 0.86824 0.87379 0.87857 0.88322 0.88806 0.89287 0.89776 0.90262 0.90765 0.91305 0.91886 0.92527 0.93202 0.93924 0.94693 0.95482 0.96302 0.97129 0.97968 0.98825 0.99684 1.0059 1.0148 1.0251 1.0362 1.0485 1.0617 1.0758 1.0909 1.1069 1.1239 1.1421 1.1613 1.1814 1.2027 1.225 1.2485 1.2732 1.299 1.326 1.3541 1.3836 1.4143 1.4464 1.4799 1.5149 1.5513 1.5891 1.6285 1.6695 1.7125 1.7572 1.8043 1.8532 1.9047 1.9583 2.0146 2.0732 2.135 2.1999 2.2685 2.3408 2.4177 2.4994 2.5867 2.6799 2.7798 2.8879 2.993 3.1063 3.2235 3.3361 3.4294 3.4944 3.541 3.5819 3.6242 3.6744 
170 0.97385 0.94657 0.88687 0.86228 0.85064 0.84259 0.83619 0.83109 0.82681 0.8228 0.81922 0.81696 0.81673 0.81809 0.82072 0.82443 0.82908 0.83465 0.8412 0.84829 0.85538 0.86209 0.86833 0.87389 0.87867 0.88334 0.88819 0.89301 0.8979 0.90277 0.9078 0.91322 0.91904 0.92545 0.9322 0.93942 0.94712 0.95503 0.96323 0.97152 0.97992 0.98851 0.99711 1.0061 1.0151 1.0255 1.0366 1.0489 1.0621 1.0763 1.0914 1.1074 1.1245 1.1427 1.1619 1.1821 1.2034 1.2257 1.2493 1.2739 1.2998 1.3268 1.3549 1.3844 1.4151 1.4472 1.4808 1.5157 1.5521 1.5899 1.6294 1.6703 1.7133 1.758 1.8051 1.854 1.9055 1.9591 2.0153 2.074 2.1357 2.2005 2.2691 2.3414 2.4183 2.4998 2.5871 2.6802 2.7801 2.8881 2.9931 3.1063 3.2233 3.3358 3.429 3.494 3.5407 3.5818 3.6244 3.6749 
170.5 0.9739 0.94667 0.88703 0.86245 0.8508 0.84276 0.83637 0.83126 0.82696 0.82295 0.81936 0.81708 0.81684 0.81818 0.82081 0.82452 0.82916 0.83472 0.84127 0.84836 0.85545 0.86217 0.86842 0.87398 0.87877 0.88345 0.88833 0.89315 0.89804 0.90291 0.90796 0.91339 0.91923 0.92562 0.93238 0.93961 0.94731 0.95523 0.96345 0.97175 0.98017 0.98876 0.99738 1.0064 1.0154 1.0258 1.037 1.0493 1.0625 1.0767 1.0919 1.1079 1.1251 1.1432 1.1625 1.1827 1.2041 1.2264 1.25 1.2746 1.3005 1.3275 1.3557 1.3852 1.4159 1.4481 1.4816 1.5165 1.553 1.5908 1.6302 1.6712 1.7142 1.7589 1.8059 1.8548 1.9063 1.9599 2.0161 2.0747 2.1364 2.2012 2.2697 2.342 2.4188 2.5003 2.5875 2.6806 2.7804 2.8884 2.9933 3.1063 3.2232 3.3355 3.4285 3.4936 3.5404 3.5817 3.6245 3.6753 
171 0.97395 0.94677 0.88719 0.86261 0.85096 0.84293 0.83654 0.83143 0.82712 0.8231 0.81949 0.81721 0.81695 0.81828 0.8209 0.8246 0.82924 0.83479 0.84133 0.84842 0.85552 0.86225 0.86851 0.87408 0.87888 0.88357 0.88846 0.89329 0.89818 0.90305 0.90812 0.91357 0.91942 0.9258 0.93256 0.93979 0.94751 0.95544 0.96367 0.97198 0.98041 0.98902 0.99765 1.0067 1.0157 1.0262 1.0374 1.0497 1.063 1.0772 1.0924 1.1085 1.1256 1.1438 1.1631 1.1834 1.2047 1.2271 1.2507 1.2753 1.3012 1.3283 1.3565 1.386 1.4167 1.4489 1.4824 1.5174 1.5538 1.5916 1.6311 1.672 1.715 1.7597 1.8068 1.8556 1.9071 1.9607 2.0168 2.0754 2.1372 2.2018 2.2703 2.3425 2.4193 2.5008 2.5879 2.681 2.7807 2.8886 2.9934 3.1063 3.223 3.3352 3.4281 3.4932 3.5401 3.5816 3.6246 3.6758 
171.5 0.97398 0.94682 0.88729 0.86274 0.85111 0.84309 0.83671 0.83161 0.8273 0.82326 0.81962 0.81734 0.81706 0.81838 0.82099 0.82468 0.82931 0.83487 0.8414 0.84849 0.85559 0.86233 0.86859 0.87418 0.87899 0.88369 0.88859 0.89343 0.89833 0.9032 0.90827 0.91375 0.91962 0.92599 0.93274 0.93998 0.9477 0.95565 0.96389 0.97221 0.98065 0.98927 0.99791 1.0069 1.016 1.0265 1.0377 1.0501 1.0634 1.0777 1.0929 1.109 1.1262 1.1444 1.1637 1.184 1.2054 1.2278 1.2514 1.2761 1.302 1.3291 1.3573 1.3868 1.4175 1.4497 1.4833 1.5182 1.5547 1.5924 1.6319 1.6729 1.7159 1.7605 1.8076 1.8564 1.9079 1.9614 2.0176 2.0761 2.1378 2.2025 2.2709 2.3431 2.4198 2.5012 2.5883 2.6813 2.781 2.8888 2.9935 3.1063 3.2229 3.3349 3.4278 3.4928 3.5398 3.5815 3.6247 3.6759 
172 0.974 0.94684 0.88734 0.86285 0.85124 0.84323 0.83689 0.83181 0.82749 0.82343 0.81977 0.81746 0.81716 0.81847 0.82107 0.82476 0.82939 0.83495 0.84148 0.84856 0.85566 0.8624 0.86868 0.87428 0.8791 0.88381 0.88872 0.89357 0.89847 0.90334 0.90843 0.91394 0.91982 0.92619 0.93292 0.94016 0.9479 0.95586 0.96411 0.97243 0.98089 0.98951 0.99816 1.0072 1.0163 1.0269 1.0381 1.0505 1.0639 1.0781 1.0934 1.1095 1.1267 1.145 1.1643 1.1846 1.206 1.2284 1.2521 1.2768 1.3027 1.3298 1.358 1.3875 1.4183 1.4505 1.4841 1.519 1.5555 1.5933 1.6328 1.6737 1.7167 1.7613 1.8084 1.8572 1.9087 1.9622 2.0183 2.0769 2.1385 2.2031 2.2715 2.3437 2.4204 2.5017 2.5887 2.6816 2.7813 2.889 2.9937 3.1063 3.2228 3.3347 3.4276 3.4926 3.5396 3.5813 3.6246 3.6759 
172.5 0.97403 0.94686 0.8874 0.86295 0.85137 0.84338 0.83706 0.832 0.82768 0.8236 0.81991 0.81758 0.81727 0.81857 0.82116 0.82484 0.82947 0.83504 0.84155 0.84863 0.85573 0.86248 0.86876 0.87438 0.87922 0.88394 0.88885 0.8937 0.89862 0.90349 0.90858 0.91412 0.92002 0.92638 0.93311 0.94035 0.94809 0.95607 0.96433 0.97266 0.98113 0.98975 0.99841 1.0074 1.0166 1.0272 1.0385 1.0509 1.0643 1.0786 1.0939 1.11 1.1273 1.1456 1.1649 1.1853 1.2067 1.2291 1.2528 1.2775 1.3035 1.3306 1.3588 1.3883 1.4191 1.4513 1.4849 1.5199 1.5563 1.5941 1.6336 1.6745 1.7175 1.7622 1.8092 1.858 1.9094 1.9629 2.019 2.0776 2.1392 2.2038 2.2721 2.3442 2.4209 2.5021 2.5891 2.682 2.7816 2.8892 2.9938 3.1063 3.2227 3.3345 3.4273 3.4923 3.5393 3.5812 3.6246 3.6758 
173 0.97405 0.94688 0.88745 0.86306 0.8515 0.84353 0.83723 0.8322 0.82788 0.82376 0.82005 0.8177 0.81737 0.81866 0.82124 0.82491 0.82954 0.83512 0.84162 0.8487 0.8558 0.86256 0.86884 0.87448 0.87933 0.88406 0.88898 0.89384 0.89876 0.90363 0.90874 0.91431 0.92023 0.92658 0.93329 0.94054 0.94829 0.95628 0.96455 0.97289 0.98137 0.98999 0.99866 1.0077 1.0169 1.0275 1.0389 1.0513 1.0647 1.0791 1.0944 1.1106 1.1278 1.1462 1.1655 1.1859 1.2073 1.2298 1.2535 1.2782 1.3042 1.3313 1.3596 1.3891 1.4199 1.4521 1.4857 1.5207 1.5571 1.5949 1.6344 1.6754 1.7183 1.763 1.81 1.8588 1.9102 1.9637 2.0198 2.0783 2.1399 2.2044 2.2727 2.3448 2.4214 2.5025 2.5895 2.6823 2.7819 2.8895 2.994 3.1064 3.2226 3.3343 3.427 3.492 3.5391 3.581 3.6246 3.6758 
173.5 0.97404 0.94688 0.88749 0.86315 0.85163 0.84368 0.83741 0.83239 0.82806 0.82394 0.82019 0.81781 0.81747 0.81876 0.82133 0.82499 0.82962 0.8352 0.8417 0.84877 0.85587 0.86263 0.86893 0.87458 0.87946 0.88419 0.88911 0.89399 0.89891 0.90379 0.90891 0.91449 0.92042 0.92678 0.93348 0.94073 0.94849 0.95648 0.96476 0.97311 0.9816 0.99022 0.99889 1.0079 1.0172 1.0279 1.0392 1.0517 1.0652 1.0795 1.0948 1.1111 1.1284 1.1467 1.1661 1.1865 1.208 1.2305 1.2542 1.2789 1.3049 1.332 1.3603 1.3899 1.4207 1.4529 1.4865 1.5215 1.5579 1.5958 1.6352 1.6762 1.7191 1.7638 1.8108 1.8596 1.911 1.9644 2.0205 2.0789 2.1405 2.205 2.2733 2.3453 2.4219 2.503 2.5898 2.6826 2.7822 2.8897 2.9941 3.1063 3.2224 3.334 3.4266 3.4917 3.5389 3.581 3.6248 3.6762 
174 0.97401 0.94688 0.88753 0.86324 0.85175 0.84384 0.83759 0.83258 0.82825 0.82411 0.82033 0.81793 0.81757 0.81885 0.82141 0.82507 0.8297 0.83528 0.84177 0.84884 0.85593 0.86269 0.86901 0.87468 0.87958 0.88432 0.88925 0.89414 0.89905 0.90395 0.90909 0.91467 0.92061 0.92697 0.93367 0.94093 0.94869 0.95669 0.96498 0.97333 0.98182 0.99045 0.99911 1.0081 1.0175 1.0282 1.0396 1.0521 1.0656 1.08 1.0953 1.1116 1.1289 1.1473 1.1667 1.1871 1.2086 1.2311 1.2548 1.2796 1.3056 1.3328 1.3611 1.3906 1.4215 1.4537 1.4873 1.5223 1.5587 1.5965 1.636 1.677 1.7199 1.7645 1.8115 1.8604 1.9117 1.9652 2.0212 2.0796 2.1411 2.2056 2.2739 2.3459 2.4223 2.5034 2.5902 2.683 2.7824 2.8899 2.9941 3.1063 3.2222 3.3337 3.4262 3.4913 3.5387 3.5811 3.6251 3.6768 
174.5 0.97399 0.94688 0.88757 0.86333 0.85188 0.844 0.83777 0.83278 0.82844 0.82428 0.82047 0.81804 0.81767 0.81894 0.8215 0.82515 0.82978 0.83535 0.84184 0.84891 0.856 0.86276 0.8691 0.87479 0.8797 0.88445 0.88939 0.89428 0.8992 0.90411 0.90926 0.91485 0.9208 0.92717 0.93386 0.94113 0.9489 0.9569 0.96519 0.97355 0.98205 0.99067 0.99934 1.0084 1.0178 1.0285 1.0399 1.0525 1.066 1.0805 1.0958 1.1121 1.1295 1.1479 1.1673 1.1878 1.2093 1.2318 1.2555 1.2803 1.3064 1.3335 1.3618 1.3914 1.4223 1.4545 1.4881 1.5231 1.5595 1.5973 1.6368 1.6778 1.7207 1.7653 1.8123 1.8611 1.9125 1.9659 2.0219 2.0803 2.1418 2.2063 2.2745 2.3464 2.4228 2.5039 2.5906 2.6833 2.7827 2.89 2.9942 3.1062 3.222 3.3333 3.4259 3.491 3.5385 3.5811 3.6253 3.6773 
175 0.97397 0.94689 0.88762 0.86342 0.85201 0.84416 0.83795 0.83297 0.82862 0.82445 0.82061 0.81815 0.81777 0.81904 0.82158 0.82524 0.82987 0.83543 0.84191 0.84898 0.85606 0.86283 0.86918 0.87489 0.87983 0.88459 0.88953 0.89443 0.89934 0.90426 0.90944 0.91503 0.92099 0.92737 0.93405 0.94133 0.9491 0.9571 0.96541 0.97377 0.98227 0.9909 0.99956 1.0086 1.018 1.0288 1.0403 1.0529 1.0664 1.0809 1.0963 1.1127 1.13 1.1485 1.1679 1.1884 1.2099 1.2325 1.2562 1.281 1.3071 1.3342 1.3626 1.3922 1.423 1.4553 1.4889 1.5239 1.5603 1.5981 1.6376 1.6786 1.7215 1.7661 1.8131 1.8619 1.9132 1.9666 2.0226 2.0809 2.1424 2.2069 2.2751 2.3469 2.4233 2.5043 2.591 2.6836 2.783 2.8902 2.9943 3.1062 3.2218 3.333 3.4255 3.4906 3.5383 3.5811 3.6256 3.6779 
175.5 0.97412 0.94707 0.88781 0.86359 0.85217 0.84432 0.83811 0.83312 0.82877 0.82459 0.82075 0.81829 0.8179 0.81914 0.82169 0.82533 0.82995 0.83551 0.84199 0.84906 0.85615 0.86293 0.8693 0.875 0.87993 0.88471 0.88968 0.89459 0.89951 0.90443 0.90961 0.91521 0.92117 0.92755 0.93424 0.94152 0.9493 0.95731 0.96561 0.97398 0.98249 0.9911 0.99981 1.0087 1.0183 1.0291 1.0407 1.0533 1.0669 1.0814 1.0968 1.1132 1.1306 1.149 1.1685 1.189 1.2105 1.2331 1.2569 1.2817 1.3078 1.335 1.3633 1.3929 1.4238 1.456 1.4897 1.5247 1.5611 1.5989 1.6384 1.6793 1.7223 1.7669 1.8138 1.8626 1.9139 1.9673 2.0233 2.0816 2.143 2.2075 2.2756 2.3474 2.4238 2.5047 2.5914 2.6839 2.7832 2.8904 2.9944 3.1062 3.2217 3.3328 3.4253 3.4905 3.5384 3.5813 3.626 3.6783 
176 0.97427 0.94725 0.888 0.86376 0.85233 0.84448 0.83827 0.83327 0.82891 0.82472 0.82088 0.81843 0.81802 0.81925 0.82179 0.82543 0.83004 0.83559 0.84207 0.84914 0.85624 0.86303 0.86941 0.8751 0.88003 0.88484 0.88983 0.89474 0.89967 0.9046 0.90978 0.91539 0.92135 0.92774 0.93444 0.94172 0.9495 0.95751 0.96582 0.97419 0.9827 0.9913 1.0001 1.0089 1.0186 1.0294 1.041 1.0537 1.0673 1.0818 1.0973 1.1137 1.1311 1.1496 1.1691 1.1896 1.2112 1.2338 1.2576 1.2824 1.3085 1.3357 1.3641 1.3937 1.4246 1.4568 1.4904 1.5254 1.5619 1.5997 1.6392 1.6801 1.723 1.7677 1.8146 1.8633 1.9146 1.968 2.0239 2.0822 2.1436 2.2081 2.2762 2.348 2.4242 2.5051 2.5917 2.6842 2.7834 2.8905 2.9945 3.1061 3.2216 3.3327 3.4251 3.4904 3.5384 3.5815 3.6263 3.6787 
176.5 0.97441 0.94743 0.8882 0.86393 0.85249 0.84464 0.83843 0.83342 0.82905 0.82485 0.82101 0.81856 0.81815 0.81936 0.82189 0.82553 0.83013 0.83567 0.84214 0.84922 0.85632 0.86313 0.86952 0.87521 0.88013 0.88497 0.88998 0.8949 0.89984 0.90477 0.90996 0.91556 0.92153 0.92792 0.93463 0.94191 0.9497 0.95771 0.96603 0.9744 0.98292 0.9915 1.0003 1.009 1.0189 1.0296 1.0414 1.054 1.0677 1.0823 1.0978 1.1142 1.1316 1.1502 1.1697 1.1902 1.2118 1.2344 1.2583 1.2831 1.3092 1.3364 1.3648 1.3944 1.4253 1.4576 1.4912 1.5262 1.5627 1.6005 1.64 1.6809 1.7238 1.7684 1.8153 1.8641 1.9153 1.9687 2.0246 2.0829 2.1443 2.2086 2.2767 2.3485 2.4247 2.5055 2.5921 2.6845 2.7836 2.8907 2.9945 3.1061 3.2215 3.3325 3.4249 3.4903 3.5385 3.5817 3.6266 3.6791 
177 0.97456 0.94761 0.88838 0.8641 0.85265 0.8448 0.83858 0.83357 0.82919 0.82498 0.82115 0.8187 0.81828 0.81947 0.82199 0.82562 0.83021 0.83576 0.84223 0.8493 0.85641 0.86323 0.86963 0.87532 0.88024 0.8851 0.89012 0.89506 0.9 0.90494 0.91013 0.91574 0.92171 0.92811 0.93482 0.94211 0.94989 0.95792 0.96624 0.97461 0.98314 0.9917 1.0005 1.0092 1.0192 1.0299 1.0418 1.0544 1.0681 1.0827 1.0982 1.1147 1.1322 1.1507 1.1703 1.1908 1.2124 1.2351 1.2589 1.2838 1.3099 1.3372 1.3655 1.3952 1.4261 1.4584 1.492 1.527 1.5635 1.6013 1.6407 1.6817 1.7246 1.7692 1.8161 1.8648 1.9161 1.9694 2.0253 2.0835 2.1449 2.2092 2.2773 2.349 2.4252 2.506 2.5924 2.6848 2.7839 2.8908 2.9946 3.1061 3.2214 3.3323 3.4247 3.4902 3.5384 3.5818 3.6267 3.6793 
177.5 0.97473 0.94779 0.88856 0.86427 0.8528 0.84494 0.83872 0.8337 0.82932 0.82512 0.82128 0.81882 0.8184 0.81959 0.82209 0.82571 0.83031 0.83585 0.84232 0.84939 0.8565 0.86333 0.86973 0.87544 0.88037 0.88524 0.89027 0.89521 0.90017 0.90512 0.9103 0.91592 0.9219 0.92829 0.93501 0.9423 0.95009 0.95812 0.96644 0.97482 0.98335 0.99192 1.0008 1.0095 1.0195 1.0302 1.0421 1.0548 1.0685 1.0832 1.0987 1.1152 1.1327 1.1513 1.1709 1.1914 1.2131 1.2357 1.2596 1.2845 1.3106 1.3379 1.3663 1.3959 1.4268 1.4591 1.4927 1.5278 1.5642 1.602 1.6415 1.6825 1.7253 1.7699 1.8168 1.8655 1.9167 1.97 2.0259 2.0841 2.1455 2.2098 2.2778 2.3494 2.4256 2.5064 2.5928 2.6851 2.7841 2.8909 2.9946 3.106 3.2214 3.3323 3.4246 3.49 3.5382 3.5816 3.6265 3.679 
178 0.97489 0.94796 0.88874 0.86443 0.85295 0.84508 0.83885 0.83383 0.82945 0.82526 0.82141 0.81894 0.81851 0.8197 0.82219 0.8258 0.8304 0.83595 0.84241 0.84947 0.85659 0.86343 0.86983 0.87555 0.8805 0.88538 0.89042 0.89537 0.90033 0.90529 0.91048 0.9161 0.92208 0.92848 0.93521 0.94249 0.95029 0.95832 0.96665 0.97503 0.98356 0.99214 1.001 1.0097 1.0198 1.0305 1.0424 1.0552 1.0689 1.0836 1.0992 1.1157 1.1332 1.1519 1.1714 1.192 1.2137 1.2364 1.2603 1.2852 1.3113 1.3386 1.367 1.3966 1.4276 1.4599 1.4935 1.5285 1.565 1.6028 1.6422 1.6832 1.7261 1.7707 1.8176 1.8662 1.9174 1.9707 2.0266 2.0847 2.1461 2.2103 2.2783 2.3499 2.426 2.5068 2.5931 2.6854 2.7843 2.8911 2.9946 3.106 3.2213 3.3322 3.4245 3.4899 3.538 3.5814 3.6262 3.6788 
178.5 0.97505 0.94814 0.88892 0.8646 0.8531 0.84522 0.83899 0.83396 0.82959 0.8254 0.82154 0.81906 0.81863 0.81981 0.82229 0.82589 0.83049 0.83604 0.84251 0.84956 0.85668 0.86353 0.86993 0.87567 0.88064 0.88552 0.89056 0.89552 0.90049 0.90546 0.91066 0.91628 0.92226 0.92866 0.9354 0.94269 0.95048 0.95851 0.96685 0.97524 0.98377 0.99236 1.0012 1.01 1.0201 1.0308 1.0428 1.0555 1.0693 1.084 1.0996 1.1162 1.1338 1.1524 1.172 1.1927 1.2143 1.237 1.2609 1.2858 1.312 1.3393 1.3677 1.3974 1.4283 1.4606 1.4943 1.5293 1.5658 1.6036 1.643 1.684 1.7268 1.7714 1.8183 1.8669 1.9181 1.9714 2.0272 2.0854 2.1467 2.2109 2.2788 2.3504 2.4265 2.5072 2.5935 2.6857 2.7845 2.8912 2.9947 3.106 3.2212 3.3321 3.4244 3.4897 3.5378 3.5812 3.6259 3.6785 
179 0.97524 0.94834 0.88912 0.86478 0.85327 0.84538 0.83913 0.8341 0.82972 0.82553 0.82167 0.81919 0.81875 0.81992 0.82239 0.82598 0.83059 0.83613 0.8426 0.84965 0.85678 0.86363 0.87004 0.87579 0.88077 0.88566 0.89071 0.89569 0.90066 0.90564 0.91084 0.91647 0.92245 0.92885 0.93559 0.94288 0.95068 0.95871 0.96706 0.97545 0.98399 0.99259 1.0015 1.0102 1.0203 1.0311 1.0431 1.0559 1.0697 1.0845 1.1001 1.1167 1.1343 1.153 1.1726 1.1933 1.2149 1.2377 1.2616 1.2865 1.3127 1.34 1.3684 1.3981 1.429 1.4614 1.495 1.53 1.5665 1.6043 1.6438 1.6847 1.7276 1.7721 1.819 1.8676 1.9188 1.972 2.0278 2.086 2.1472 2.2114 2.2793 2.3508 2.4269 2.5075 2.5938 2.6859 2.7847 2.8913 2.9947 3.1059 3.2211 3.332 3.4243 3.4895 3.5376 3.581 3.6258 3.6784 
179.5 0.97545 0.94855 0.88933 0.86497 0.85345 0.84554 0.83928 0.83424 0.82985 0.82566 0.82179 0.81931 0.81888 0.82004 0.8225 0.82608 0.83068 0.83622 0.84269 0.84974 0.85687 0.86374 0.87015 0.87591 0.88088 0.88579 0.89087 0.89585 0.90083 0.90582 0.91103 0.91666 0.92263 0.92904 0.93578 0.94307 0.95087 0.95891 0.96726 0.97566 0.98421 0.99283 1.0017 1.0105 1.0206 1.0315 1.0435 1.0563 1.0701 1.0849 1.1006 1.1172 1.1348 1.1535 1.1732 1.1938 1.2156 1.2383 1.2622 1.2872 1.3134 1.3407 1.3691 1.3988 1.4298 1.4621 1.4958 1.5308 1.5673 1.6051 1.6445 1.6854 1.7283 1.7729 1.8197 1.8683 1.9195 1.9727 2.0284 2.0866 2.1478 2.2119 2.2798 2.3513 2.4273 2.5079 2.5941 2.6862 2.7849 2.8914 2.9948 3.1059 3.221 3.3318 3.4241 3.4893 3.5374 3.5809 3.6259 3.6786 
180 0.97566 0.94877 0.88955 0.86517 0.85363 0.84571 0.83943 0.83437 0.82999 0.82578 0.82191 0.81944 0.819 0.82015 0.82261 0.82618 0.83078 0.83631 0.84278 0.84983 0.85696 0.86384 0.87026 0.87603 0.881 0.88593 0.89103 0.89602 0.90101 0.906 0.91121 0.91684 0.92282 0.92922 0.93597 0.94326 0.95107 0.95911 0.96747 0.97587 0.98443 0.99306 1.002 1.0108 1.0209 1.0318 1.0438 1.0567 1.0706 1.0853 1.101 1.1177 1.1354 1.1541 1.1737 1.1944 1.2162 1.2389 1.2629 1.2879 1.3141 1.3414 1.3698 1.3995 1.4305 1.4628 1.4965 1.5315 1.568 1.6058 1.6453 1.6862 1.7291 1.7736 1.8204 1.869 1.9201 1.9733 2.0291 2.0871 2.1483 2.2125 2.2803 2.3518 2.4277 2.5083 2.5945 2.6865 2.7851 2.8916 2.9948 3.1059 3.2209 3.3317 3.4239 3.4891 3.5372 3.5808 3.6259 3.6788 
180.5 0.97587 0.94898 0.88976 0.86536 0.85381 0.84587 0.83958 0.83451 0.83012 0.8259 0.82203 0.81957 0.81912 0.82027 0.82271 0.82628 0.83088 0.83639 0.84287 0.84992 0.85706 0.86394 0.87038 0.87614 0.88112 0.88607 0.89119 0.89619 0.90118 0.90618 0.9114 0.91703 0.923 0.92941 0.93616 0.94345 0.95126 0.95931 0.96767 0.97608 0.98466 0.99329 1.0022 1.011 1.0212 1.0321 1.0442 1.057 1.071 1.0858 1.1015 1.1182 1.1359 1.1546 1.1743 1.195 1.2168 1.2396 1.2635 1.2885 1.3148 1.3421 1.3706 1.4003 1.4312 1.4636 1.4972 1.5323 1.5688 1.6066 1.646 1.6869 1.7298 1.7743 1.8211 1.8697 1.9208 1.974 2.0297 2.0877 2.1489 2.213 2.2808 2.3522 2.4282 2.5087 2.5948 2.6867 2.7853 2.8917 2.9949 3.1059 3.2209 3.3315 3.4237 3.4889 3.537 3.5808 3.626 3.679 
181 0.97605 0.94916 0.88994 0.86553 0.85396 0.84601 0.83971 0.83464 0.83025 0.82603 0.82216 0.81969 0.81925 0.82039 0.82282 0.82638 0.83098 0.83652 0.84298 0.85001 0.85713 0.86402 0.87048 0.87626 0.88126 0.88622 0.89134 0.89636 0.90136 0.90636 0.9116 0.91723 0.9232 0.9296 0.93635 0.94364 0.95145 0.95951 0.96788 0.97629 0.98489 0.99354 1.0025 1.0113 1.0215 1.0324 1.0445 1.0574 1.0714 1.0862 1.102 1.1187 1.1364 1.1552 1.1749 1.1956 1.2174 1.2402 1.2642 1.2892 1.3154 1.3428 1.3713 1.401 1.432 1.4643 1.498 1.533 1.5695 1.6073 1.6467 1.6876 1.7305 1.775 1.8218 1.8704 1.9215 1.9746 2.0303 2.0883 2.1495 2.2135 2.2813 2.3527 2.4286 2.5091 2.5951 2.687 2.7855 2.8918 2.9949 3.1059 3.2208 3.3314 3.4235 3.4886 3.5365 3.58 3.625 3.6778 
181.5 0.97621 0.94933 0.89011 0.86568 0.8541 0.84615 0.83984 0.83476 0.83037 0.82615 0.82228 0.81981 0.81937 0.82051 0.82292 0.82647 0.83108 0.83666 0.8431 0.85008 0.8572 0.8641 0.87057 0.87637 0.8814 0.88637 0.8915 0.89653 0.90155 0.90656 0.91179 0.91742 0.92339 0.92979 0.93654 0.94383 0.95165 0.95972 0.96809 0.97651 0.98512 0.99378 1.0027 1.0116 1.0218 1.0328 1.0449 1.0578 1.0718 1.0866 1.1024 1.1192 1.1369 1.1557 1.1754 1.1962 1.218 1.2408 1.2648 1.2899 1.3161 1.3434 1.372 1.4017 1.4327 1.465 1.4987 1.5337 1.5702 1.608 1.6475 1.6884 1.7312 1.7757 1.8225 1.871 1.9221 1.9752 2.0309 2.0889 2.15 2.214 2.2818 2.3531 2.429 2.5094 2.5955 2.6873 2.7857 2.8919 2.995 3.1059 3.2207 3.3313 3.4233 3.4881 3.5358 3.579 3.6236 3.6761 
182 0.97637 0.94949 0.89028 0.86584 0.85425 0.84628 0.83996 0.83489 0.8305 0.82628 0.82241 0.81993 0.81949 0.82063 0.82303 0.82657 0.83119 0.83679 0.84322 0.85016 0.85727 0.86418 0.87067 0.87649 0.88154 0.88653 0.89166 0.8967 0.90174 0.90675 0.91199 0.91762 0.92358 0.92998 0.93673 0.94402 0.95184 0.95992 0.96829 0.97673 0.98535 0.99403 1.003 1.0119 1.0221 1.0331 1.0452 1.0582 1.0722 1.0871 1.1029 1.1197 1.1374 1.1562 1.176 1.1968 1.2186 1.2414 1.2655 1.2905 1.3168 1.3441 1.3727 1.4024 1.4334 1.4657 1.4994 1.5345 1.5709 1.6088 1.6482 1.6891 1.7319 1.7764 1.8232 1.8717 1.9227 1.9758 2.0315 2.0895 2.1506 2.2146 2.2822 2.3536 2.4294 2.5098 2.5958 2.6875 2.7859 2.892 2.995 3.1058 3.2206 3.3311 3.423 3.4877 3.5351 3.5779 3.6222 3.6744 
182.5 0.97653 0.94966 0.89045 0.866 0.85439 0.84641 0.84009 0.83501 0.83063 0.8264 0.82253 0.82005 0.81961 0.82075 0.82313 0.82666 0.83129 0.83693 0.84334 0.85024 0.85734 0.86426 0.87076 0.8766 0.88169 0.88668 0.89181 0.89687 0.90192 0.90694 0.91219 0.91782 0.92378 0.93017 0.93692 0.94421 0.95204 0.96012 0.9685 0.97695 0.98558 0.99427 1.0033 1.0122 1.0225 1.0334 1.0456 1.0585 1.0726 1.0875 1.1034 1.1202 1.1379 1.1568 1.1766 1.1974 1.2192 1.2421 1.2661 1.2912 1.3175 1.3448 1.3733 1.4031 1.4341 1.4665 1.5001 1.5352 1.5717 1.6095 1.6489 1.6898 1.7326 1.7771 1.8238 1.8723 1.9234 1.9765 2.0321 2.0901 2.1511 2.2151 2.2827 2.354 2.4298 2.5102 2.5961 2.6878 2.786 2.8921 2.9951 3.1058 3.2206 3.331 3.4228 3.4873 3.5344 3.5769 3.6208 3.6727 
183 0.97708 0.95025 0.8909 0.86617 0.85447 0.84653 0.84022 0.83512 0.83073 0.82652 0.82266 0.82018 0.81974 0.82088 0.82324 0.82676 0.83141 0.83706 0.84345 0.85032 0.85741 0.86435 0.87087 0.87672 0.88182 0.88685 0.892 0.89706 0.90211 0.90712 0.91236 0.91801 0.92397 0.93036 0.93711 0.94441 0.95224 0.96033 0.96872 0.97718 0.98582 0.99453 1.0035 1.0125 1.0228 1.0338 1.0459 1.0589 1.073 1.0879 1.1038 1.1206 1.1384 1.1573 1.1771 1.198 1.2198 1.2427 1.2667 1.2918 1.3181 1.3455 1.374 1.4038 1.4348 1.4672 1.5008 1.5359 1.5724 1.6102 1.6496 1.6905 1.7333 1.7777 1.8245 1.873 1.924 1.9771 2.0327 2.0907 2.1517 2.2156 2.2832 2.3544 2.4302 2.5105 2.5964 2.688 2.7862 2.8922 2.995 3.1057 3.2203 3.3305 3.4222 3.4866 3.5337 3.5762 3.6201 3.6723 
183.5 0.97765 0.95085 0.89135 0.86634 0.85455 0.84664 0.84034 0.83523 0.83083 0.82664 0.82279 0.82031 0.81988 0.82101 0.82335 0.82686 0.83153 0.83719 0.84356 0.8504 0.85749 0.86443 0.87098 0.87685 0.88196 0.88701 0.8922 0.89725 0.90229 0.90731 0.91254 0.91819 0.92416 0.93055 0.9373 0.94461 0.95244 0.96054 0.96894 0.9774 0.98606 0.99478 1.0038 1.0128 1.0231 1.0341 1.0463 1.0593 1.0734 1.0884 1.1043 1.1211 1.1389 1.1578 1.1777 1.1985 1.2204 1.2433 1.2674 1.2925 1.3188 1.3461 1.3747 1.4045 1.4355 1.4679 1.5016 1.5366 1.5731 1.6109 1.6503 1.6912 1.734 1.7784 1.8252 1.8736 1.9246 1.9777 2.0333 2.0912 2.1522 2.2161 2.2836 2.3549 2.4306 2.5108 2.5967 2.6882 2.7863 2.8923 2.995 3.1055 3.22 3.33 3.4215 3.4859 3.5329 3.5754 3.6195 3.6719 
184 0.97822 0.95146 0.89181 0.86652 0.85463 0.84676 0.84047 0.83534 0.83094 0.82675 0.82293 0.82044 0.82001 0.82113 0.82346 0.82697 0.83164 0.83732 0.84367 0.85048 0.85756 0.86452 0.8711 0.87697 0.88209 0.88718 0.89239 0.89744 0.90248 0.90749 0.91272 0.91838 0.92435 0.93074 0.93749 0.94481 0.95265 0.96074 0.96916 0.97763 0.98629 0.99503 1.0041 1.013 1.0234 1.0344 1.0467 1.0597 1.0738 1.0888 1.1047 1.1216 1.1395 1.1584 1.1782 1.1991 1.221 1.2439 1.268 1.2931 1.3194 1.3468 1.3754 1.4052 1.4362 1.4686 1.5023 1.5373 1.5738 1.6116 1.651 1.6919 1.7346 1.7791 1.8258 1.8743 1.9252 1.9783 2.0338 2.0918 2.1527 2.2166 2.2841 2.3553 2.431 2.5112 2.5969 2.6884 2.7865 2.8923 2.995 3.1053 3.2196 3.3296 3.4209 3.4851 3.5321 3.5747 3.6189 3.6715 
184.5 0.97876 0.95201 0.89222 0.86669 0.85472 0.84687 0.84059 0.83545 0.83104 0.82687 0.82305 0.82057 0.82014 0.82126 0.82358 0.82707 0.83176 0.83744 0.84378 0.85057 0.85764 0.86462 0.87121 0.87709 0.88223 0.88734 0.89258 0.89763 0.90267 0.90767 0.9129 0.91857 0.92454 0.93094 0.93769 0.94501 0.95285 0.96095 0.96938 0.97786 0.98653 0.99529 1.0043 1.0133 1.0237 1.0348 1.047 1.0601 1.0742 1.0893 1.1052 1.1221 1.14 1.1589 1.1788 1.1997 1.2216 1.2445 1.2686 1.2937 1.3201 1.3475 1.376 1.4058 1.4369 1.4693 1.503 1.538 1.5745 1.6123 1.6517 1.6925 1.7353 1.7798 1.8265 1.8749 1.9259 1.9789 2.0344 2.0923 2.1532 2.2171 2.2846 2.3557 2.4313 2.5115 2.5972 2.6886 2.7866 2.8924 2.9949 3.1052 3.2194 3.3291 3.4204 3.4846 3.5317 3.5744 3.6187 3.6716 
185 0.97915 0.9523 0.89242 0.86685 0.85486 0.84699 0.84069 0.83555 0.83113 0.82697 0.82317 0.82071 0.82028 0.82139 0.8237 0.82719 0.83188 0.83755 0.84388 0.85067 0.85775 0.86474 0.87135 0.87723 0.88237 0.88749 0.89274 0.89781 0.90285 0.90787 0.9131 0.91876 0.92474 0.93113 0.93788 0.94521 0.95306 0.96116 0.9696 0.97809 0.98677 0.99554 1.0046 1.0136 1.024 1.0351 1.0474 1.0605 1.0747 1.0897 1.1057 1.1226 1.1405 1.1594 1.1793 1.2002 1.2222 1.2451 1.2692 1.2944 1.3207 1.3481 1.3767 1.4065 1.4376 1.4699 1.5036 1.5387 1.5752 1.613 1.6523 1.6932 1.736 1.7804 1.8271 1.8755 1.9265 1.9795 2.035 2.0929 2.1537 2.2176 2.285 2.3561 2.4317 2.5118 2.5975 2.6888 2.7868 2.8924 2.9949 3.105 3.2192 3.329 3.4204 3.4849 3.5324 3.5756 3.6205 3.6736 
185.5 0.97954 0.9526 0.89262 0.86702 0.855 0.8471 0.84079 0.83564 0.83123 0.82707 0.82329 0.82084 0.82041 0.82153 0.82382 0.82731 0.832 0.83765 0.84398 0.85078 0.85786 0.86486 0.87148 0.87737 0.88251 0.88764 0.89291 0.89799 0.90304 0.90806 0.9133 0.91895 0.92493 0.93133 0.93808 0.94541 0.95326 0.96138 0.96982 0.97832 0.98701 0.99579 1.0049 1.0139 1.0244 1.0355 1.0478 1.0609 1.0751 1.0901 1.1061 1.1231 1.141 1.1599 1.1799 1.2008 1.2227 1.2457 1.2698 1.295 1.3213 1.3488 1.3774 1.4072 1.4382 1.4706 1.5043 1.5394 1.5759 1.6137 1.653 1.6939 1.7366 1.7811 1.8278 1.8762 1.9271 1.9801 2.0356 2.0934 2.1542 2.218 2.2854 2.3565 2.432 2.5121 2.5978 2.689 2.7869 2.8925 2.9949 3.1049 3.219 3.3289 3.4204 3.4853 3.5332 3.5769 3.6222 3.6757 
186 0.97994 0.95289 0.89282 0.86718 0.85514 0.84722 0.84089 0.83574 0.83133 0.82717 0.82341 0.82098 0.82054 0.82166 0.82394 0.82743 0.83212 0.83776 0.84408 0.85089 0.85797 0.86498 0.87161 0.87751 0.88265 0.88779 0.89308 0.89817 0.90323 0.90826 0.9135 0.91915 0.92512 0.93152 0.93827 0.94561 0.95347 0.96159 0.97004 0.97855 0.98726 0.99605 1.0051 1.0142 1.0247 1.0358 1.0481 1.0613 1.0755 1.0906 1.1066 1.1235 1.1415 1.1605 1.1804 1.2013 1.2233 1.2463 1.2704 1.2956 1.322 1.3494 1.378 1.4079 1.4389 1.4713 1.505 1.5401 1.5765 1.6143 1.6537 1.6945 1.7373 1.7817 1.8284 1.8768 1.9277 1.9807 2.0361 2.0939 2.1548 2.2185 2.2859 2.3569 2.4324 2.5124 2.598 2.6892 2.787 2.8925 2.9948 3.1048 3.2188 3.3287 3.4205 3.4856 3.534 3.5781 3.624 3.6778 
186.5 0.98013 0.95298 0.89287 0.8673 0.85528 0.84733 0.84098 0.83583 0.83143 0.82728 0.82353 0.82111 0.82068 0.82179 0.82407 0.82755 0.83223 0.83786 0.84419 0.85099 0.85808 0.86509 0.87173 0.87765 0.88279 0.88795 0.89325 0.89835 0.90342 0.90845 0.9137 0.91935 0.92532 0.93172 0.93847 0.94581 0.95368 0.9618 0.97026 0.97878 0.9875 0.9963 1.0054 1.0145 1.025 1.0361 1.0485 1.0617 1.0759 1.091 1.107 1.124 1.142 1.161 1.1809 1.2019 1.2239 1.2469 1.2711 1.2962 1.3226 1.3501 1.3787 1.4085 1.4396 1.472 1.5057 1.5407 1.5772 1.615 1.6544 1.6952 1.738 1.7823 1.829 1.8774 1.9283 1.9812 2.0367 2.0944 2.1553 2.2189 2.2863 2.3573 2.4327 2.5128 2.5983 2.6894 2.7871 2.8926 2.9948 3.1047 3.2187 3.3285 3.4203 3.4857 3.5343 3.5788 3.625 3.679 
187 0.98004 0.95279 0.89274 0.86734 0.8554 0.84743 0.84107 0.83594 0.83156 0.8274 0.82365 0.82123 0.82082 0.82193 0.8242 0.82767 0.83233 0.83797 0.84429 0.8511 0.85818 0.8652 0.87185 0.87778 0.88295 0.88811 0.89342 0.89854 0.90362 0.90866 0.91391 0.91956 0.92552 0.93192 0.93868 0.94602 0.95389 0.96202 0.97048 0.97901 0.98774 0.99655 1.0057 1.0148 1.0253 1.0365 1.0489 1.062 1.0763 1.0914 1.1075 1.1245 1.1425 1.1615 1.1815 1.2025 1.2245 1.2475 1.2717 1.2969 1.3232 1.3507 1.3793 1.4092 1.4402 1.4726 1.5063 1.5414 1.5779 1.6157 1.655 1.6959 1.7386 1.783 1.8296 1.878 1.9289 1.9818 2.0372 2.095 2.1557 2.2194 2.2867 2.3577 2.4331 2.5131 2.5985 2.6896 2.7873 2.8926 2.9947 3.1046 3.2185 3.3283 3.4201 3.4854 3.5341 3.5787 3.6249 3.6791 
187.5 0.97994 0.95259 0.8926 0.86738 0.85553 0.84753 0.84116 0.83604 0.83168 0.82753 0.82378 0.82136 0.82096 0.82206 0.82433 0.82779 0.83243 0.83807 0.84439 0.85121 0.85829 0.86531 0.87196 0.8779 0.8831 0.88827 0.89359 0.89872 0.90381 0.90886 0.91412 0.91977 0.92573 0.93213 0.93889 0.94622 0.9541 0.96224 0.97071 0.97925 0.98799 0.9968 1.0059 1.0151 1.0256 1.0368 1.0492 1.0624 1.0767 1.0919 1.1079 1.125 1.143 1.162 1.182 1.203 1.225 1.2481 1.2723 1.2975 1.3239 1.3513 1.38 1.4098 1.4409 1.4733 1.507 1.5421 1.5785 1.6163 1.6557 1.6965 1.7392 1.7836 1.8303 1.8786 1.9295 1.9824 2.0378 2.0955 2.1562 2.2199 2.2871 2.3581 2.4335 2.5134 2.5988 2.6898 2.7874 2.8927 2.9947 3.1044 3.2183 3.328 3.4198 3.4851 3.5339 3.5785 3.6248 3.6792 
188 0.97985 0.9524 0.89246 0.86742 0.85565 0.84763 0.84125 0.83614 0.8318 0.82765 0.82391 0.82149 0.8211 0.82219 0.82446 0.82791 0.83253 0.83817 0.84449 0.85131 0.85839 0.86541 0.87208 0.87803 0.88325 0.88844 0.89376 0.89891 0.90401 0.90907 0.91433 0.91999 0.92593 0.93233 0.93909 0.94642 0.9543 0.96246 0.97093 0.97949 0.98823 0.99705 1.0062 1.0154 1.0259 1.0371 1.0496 1.0628 1.0771 1.0923 1.1084 1.1254 1.1435 1.1626 1.1826 1.2036 1.2256 1.2487 1.2729 1.2981 1.3245 1.352 1.3806 1.4105 1.4416 1.474 1.5077 1.5427 1.5792 1.617 1.6563 1.6972 1.7399 1.7843 1.8309 1.8792 1.9301 1.9829 2.0383 2.096 2.1567 2.2203 2.2876 2.3585 2.4338 2.5137 2.599 2.69 2.7875 2.8927 2.9946 3.1043 3.2181 3.3278 3.4195 3.4849 3.5336 3.5784 3.6248 3.6793 
188.5 0.97985 0.95247 0.89255 0.86748 0.8557 0.8477 0.84133 0.83623 0.83189 0.82776 0.82403 0.82162 0.82124 0.82233 0.82459 0.82804 0.83264 0.83828 0.8446 0.85141 0.85849 0.86552 0.87219 0.87817 0.88341 0.88862 0.89394 0.8991 0.90421 0.90927 0.91454 0.92019 0.92614 0.93253 0.9393 0.94663 0.95451 0.96268 0.97115 0.97972 0.98847 0.99729 1.0064 1.0156 1.0262 1.0375 1.0499 1.0632 1.0775 1.0927 1.1088 1.1259 1.144 1.1631 1.1831 1.2041 1.2262 1.2492 1.2735 1.2987 1.3251 1.3526 1.3813 1.4111 1.4422 1.4746 1.5083 1.5434 1.5798 1.6176 1.657 1.6978 1.7405 1.7849 1.8315 1.8798 1.9307 1.9835 2.0388 2.0965 2.1572 2.2208 2.288 2.3588 2.4341 2.514 2.5993 2.6902 2.7876 2.8927 2.9946 3.1043 3.2181 3.3278 3.4196 3.485 3.5339 3.5786 3.6251 3.6797 
189 0.97992 0.95268 0.89277 0.86753 0.8557 0.84775 0.84141 0.83631 0.83197 0.82786 0.82415 0.82176 0.82138 0.82248 0.82473 0.82817 0.83277 0.8384 0.84471 0.85151 0.85859 0.86562 0.87231 0.87831 0.88358 0.8888 0.89413 0.89929 0.9044 0.90947 0.91474 0.92039 0.92635 0.93274 0.93951 0.94685 0.95472 0.96289 0.97137 0.97994 0.9887 0.99753 1.0067 1.0159 1.0265 1.0378 1.0503 1.0636 1.0779 1.0932 1.1093 1.1264 1.1445 1.1636 1.1836 1.2047 1.2268 1.2498 1.2741 1.2993 1.3257 1.3532 1.3819 1.4118 1.4429 1.4753 1.509 1.544 1.5805 1.6183 1.6576 1.6984 1.7411 1.7855 1.8321 1.8804 1.9312 1.984 2.0394 2.097 2.1577 2.2212 2.2884 2.3592 2.4345 2.5143 2.5995 2.6904 2.7877 2.8928 2.9946 3.1043 3.2182 3.328 3.42 3.4855 3.5343 3.5792 3.6256 3.6803 
189.5 0.97998 0.95289 0.893 0.86759 0.8557 0.8478 0.84149 0.83639 0.83205 0.82795 0.82426 0.8219 0.82152 0.82262 0.82486 0.8283 0.8329 0.83852 0.84482 0.85161 0.85869 0.86572 0.87242 0.87846 0.88375 0.88899 0.89433 0.89949 0.9046 0.90967 0.91494 0.92059 0.92656 0.93294 0.93972 0.94706 0.95494 0.96311 0.9716 0.98017 0.98893 0.99777 1.0069 1.0162 1.0268 1.0381 1.0507 1.064 1.0783 1.0936 1.1098 1.1269 1.1449 1.1641 1.1842 1.2052 1.2273 1.2504 1.2747 1.2999 1.3264 1.3539 1.3825 1.4124 1.4435 1.4759 1.5096 1.5447 1.5811 1.6189 1.6583 1.6991 1.7418 1.7861 1.8327 1.881 1.9318 1.9846 2.0399 2.0975 2.1581 2.2217 2.2888 2.3596 2.4348 2.5146 2.5998 2.6906 2.7879 2.8928 2.9946 3.1043 3.2183 3.3283 3.4203 3.4859 3.5348 3.5797 3.6262 3.6808 
190 0.98004 0.9531 0.89322 0.86764 0.85571 0.84786 0.84157 0.83647 0.83213 0.82805 0.82437 0.82204 0.82166 0.82276 0.825 0.82843 0.83303 0.83863 0.84493 0.85171 0.85879 0.86583 0.87254 0.8786 0.88392 0.88918 0.89452 0.89968 0.9048 0.90987 0.91514 0.9208 0.92677 0.93315 0.93993 0.94728 0.95515 0.96332 0.97182 0.9804 0.98916 0.99801 1.0071 1.0164 1.0271 1.0385 1.051 1.0643 1.0788 1.094 1.1102 1.1273 1.1454 1.1646 1.1847 1.2058 1.2279 1.251 1.2753 1.3005 1.327 1.3545 1.3832 1.413 1.4441 1.4766 1.5103 1.5453 1.5818 1.6195 1.6589 1.6997 1.7424 1.7867 1.8333 1.8816 1.9324 1.9851 2.0404 2.098 2.1586 2.2221 2.2892 2.36 2.4351 2.5149 2.6 2.6908 2.788 2.8928 2.9946 3.1043 3.2184 3.3285 3.4206 3.4863 3.5353 3.5802 3.6267 3.6814 
190.5 0.98072 0.95395 0.89383 0.86776 0.85564 0.84787 0.84164 0.83654 0.83222 0.82817 0.82452 0.82219 0.82182 0.82292 0.82516 0.82858 0.83317 0.83876 0.84504 0.85182 0.8589 0.86595 0.87267 0.87874 0.88407 0.88934 0.8947 0.89987 0.905 0.91008 0.91535 0.921 0.92697 0.93336 0.94014 0.94749 0.95536 0.96354 0.97204 0.98062 0.98938 0.99823 1.0074 1.0167 1.0274 1.0388 1.0514 1.0647 1.0792 1.0944 1.1107 1.1278 1.1459 1.1651 1.1852 1.2063 1.2285 1.2516 1.2758 1.3011 1.3276 1.3551 1.3838 1.4137 1.4448 1.4772 1.5109 1.5459 1.5824 1.6202 1.6595 1.7003 1.743 1.7873 1.8339 1.8822 1.9329 1.9857 2.0409 2.0985 2.1591 2.2225 2.2896 2.3603 2.4355 2.5152 2.6003 2.691 2.7881 2.8929 2.9947 3.1043 3.2184 3.3284 3.4206 3.4862 3.5352 3.5801 3.6267 3.6814 
191 0.98149 0.95489 0.89451 0.86788 0.85556 0.84789 0.84171 0.83662 0.83232 0.82831 0.82467 0.82235 0.82199 0.82309 0.82532 0.82873 0.8333 0.83889 0.84515 0.85193 0.85902 0.86608 0.8728 0.87888 0.88421 0.8895 0.89487 0.90007 0.90521 0.91029 0.91555 0.92121 0.92718 0.93357 0.94035 0.94769 0.95558 0.96375 0.97226 0.98084 0.98961 0.99845 1.0076 1.017 1.0277 1.0391 1.0517 1.0651 1.0796 1.0949 1.1111 1.1283 1.1464 1.1656 1.1857 1.2069 1.229 1.2521 1.2764 1.3017 1.3282 1.3557 1.3844 1.4143 1.4454 1.4778 1.5115 1.5466 1.583 1.6208 1.6601 1.7009 1.7436 1.7879 1.8344 1.8827 1.9335 1.9862 2.0415 2.099 2.1595 2.2229 2.29 2.3607 2.4358 2.5155 2.6005 2.6912 2.7883 2.893 2.9947 3.1043 3.2183 3.3284 3.4205 3.4861 3.5351 3.58 3.6266 3.6814 
191.5 0.98226 0.95584 0.89519 0.86801 0.85548 0.8479 0.84179 0.83669 0.83241 0.82844 0.82481 0.8225 0.82215 0.82325 0.82548 0.82887 0.83344 0.83901 0.84527 0.85205 0.85914 0.86621 0.87294 0.87902 0.88436 0.88966 0.89505 0.90026 0.90541 0.91049 0.91576 0.92142 0.92739 0.93378 0.94056 0.9479 0.9558 0.96397 0.97247 0.98106 0.98983 0.99867 1.0078 1.0172 1.028 1.0395 1.0521 1.0655 1.08 1.0953 1.1115 1.1287 1.1469 1.1661 1.1863 1.2074 1.2296 1.2527 1.277 1.3023 1.3288 1.3563 1.385 1.4149 1.4461 1.4785 1.5122 1.5472 1.5837 1.6214 1.6608 1.7016 1.7442 1.7885 1.835 1.8833 1.934 1.9867 2.042 2.0995 2.16 2.2234 2.2904 2.361 2.4361 2.5158 2.6008 2.6914 2.7884 2.8931 2.9947 3.1043 3.2183 3.3283 3.4204 3.486 3.5349 3.5798 3.6265 3.6814 
192 0.98304 0.95678 0.89586 0.86813 0.8554 0.84791 0.84186 0.83677 0.83251 0.82856 0.82496 0.82265 0.82232 0.82342 0.82564 0.82902 0.83358 0.83914 0.84539 0.85216 0.85925 0.86633 0.87307 0.87916 0.88451 0.88982 0.89523 0.90045 0.90562 0.9107 0.91597 0.92163 0.92759 0.93399 0.94077 0.94811 0.95602 0.96418 0.97269 0.98128 0.99005 0.99889 1.008 1.0175 1.0283 1.0398 1.0524 1.0658 1.0803 1.0957 1.112 1.1292 1.1474 1.1666 1.1868 1.208 1.2301 1.2533 1.2776 1.3029 1.3294 1.357 1.3857 1.4156 1.4467 1.4791 1.5128 1.5478 1.5843 1.6221 1.6614 1.7022 1.7448 1.7891 1.8356 1.8839 1.9346 1.9873 2.0425 2.1 2.1605 2.2238 2.2908 2.3614 2.4365 2.5161 2.6011 2.6916 2.7886 2.8932 2.9948 3.1043 3.2183 3.3283 3.4203 3.4859 3.5348 3.5797 3.6263 3.6813 
192.5 0.98391 0.95773 0.8965 0.86828 0.85536 0.84793 0.84193 0.83684 0.83257 0.82866 0.82509 0.82281 0.82248 0.82358 0.8258 0.82918 0.83372 0.83927 0.84552 0.85229 0.85938 0.86646 0.87321 0.8793 0.88466 0.88998 0.89541 0.90064 0.90582 0.9109 0.91619 0.92185 0.92781 0.93421 0.94098 0.94833 0.95623 0.9644 0.9729 0.98149 0.99025 0.99909 1.0082 1.0177 1.0286 1.0401 1.0528 1.0662 1.0807 1.0961 1.1124 1.1297 1.1479 1.1671 1.1873 1.2085 1.2307 1.2538 1.2782 1.3035 1.33 1.3576 1.3863 1.4162 1.4473 1.4797 1.5134 1.5485 1.5849 1.6227 1.662 1.7028 1.7454 1.7897 1.8362 1.8844 1.9351 1.9878 2.043 2.1004 2.1609 2.2242 2.2911 2.3617 2.4368 2.5164 2.6013 2.6919 2.7887 2.8933 2.9948 3.1044 3.2184 3.3285 3.4206 3.4861 3.535 3.5797 3.6262 3.6811 
193 0.98478 0.95868 0.89714 0.86842 0.85531 0.84795 0.842 0.8369 0.83264 0.82877 0.82522 0.82297 0.82264 0.82374 0.82597 0.82933 0.83387 0.83941 0.84565 0.85242 0.85951 0.86659 0.87334 0.87944 0.8848 0.89014 0.89559 0.90084 0.90601 0.91111 0.9164 0.92206 0.92803 0.93443 0.94119 0.94855 0.95644 0.96461 0.97311 0.98169 0.99046 0.99928 1.0084 1.018 1.0289 1.0404 1.0531 1.0666 1.0811 1.0965 1.1129 1.1301 1.1483 1.1676 1.1878 1.209 1.2312 1.2544 1.2787 1.3041 1.3306 1.3581 1.3869 1.4168 1.4479 1.4803 1.514 1.5491 1.5855 1.6233 1.6626 1.7034 1.746 1.7903 1.8367 1.885 1.9357 1.9883 2.0434 2.1009 2.1613 2.2246 2.2915 2.3621 2.4371 2.5167 2.6016 2.6921 2.7889 2.8933 2.9948 3.1044 3.2185 3.3287 3.4209 3.4864 3.5352 3.5798 3.6261 3.6809 
193.5 0.98565 0.95962 0.89777 0.86856 0.85527 0.84797 0.84207 0.83697 0.83271 0.82887 0.82536 0.82313 0.82281 0.8239 0.82613 0.82949 0.83401 0.83954 0.84578 0.85254 0.85964 0.86671 0.87347 0.87958 0.88495 0.8903 0.89577 0.90103 0.90621 0.91132 0.91661 0.92228 0.92825 0.93465 0.94141 0.94877 0.95665 0.96482 0.97333 0.9819 0.99066 0.99948 1.0086 1.0182 1.0291 1.0407 1.0535 1.067 1.0815 1.097 1.1133 1.1306 1.1488 1.1681 1.1883 1.2096 1.2317 1.255 1.2793 1.3046 1.3312 1.3587 1.3875 1.4174 1.4485 1.4809 1.5147 1.5497 1.5861 1.6239 1.6632 1.704 1.7466 1.7908 1.8373 1.8855 1.9362 1.9888 2.0439 2.1013 2.1617 2.225 2.2919 2.3624 2.4374 2.517 2.6019 2.6923 2.789 2.8934 2.9949 3.1044 3.2186 3.3289 3.4211 3.4867 3.5354 3.5799 3.6261 3.6807 
194 0.98589 0.95977 0.89784 0.86866 0.85534 0.84802 0.84212 0.83704 0.83279 0.82897 0.82549 0.82329 0.82298 0.82407 0.8263 0.82965 0.83416 0.83968 0.84591 0.85267 0.85976 0.86684 0.8736 0.87972 0.88511 0.89046 0.89596 0.90122 0.90641 0.91152 0.91683 0.92249 0.92846 0.93487 0.94162 0.94898 0.95686 0.96503 0.97353 0.98211 0.99085 0.99969 1.0087 1.0184 1.0294 1.041 1.0538 1.0673 1.0819 1.0974 1.1138 1.1311 1.1493 1.1686 1.1888 1.2101 1.2323 1.2555 1.2799 1.3052 1.3318 1.3593 1.3881 1.418 1.4491 1.4816 1.5153 1.5503 1.5868 1.6245 1.6638 1.7045 1.7472 1.7914 1.8379 1.886 1.9367 1.9893 2.0444 2.1018 2.1622 2.2254 2.2923 2.3628 2.4378 2.5172 2.6021 2.6925 2.7891 2.8935 2.9949 3.1045 3.2187 3.329 3.4213 3.4869 3.5355 3.5799 3.626 3.6806 
194.5 0.98484 0.95826 0.89675 0.86865 0.85567 0.84812 0.84213 0.83711 0.83291 0.82909 0.82564 0.82346 0.82315 0.82426 0.82648 0.82982 0.83433 0.83983 0.84606 0.85281 0.85988 0.86695 0.87372 0.87986 0.88528 0.89065 0.89614 0.90141 0.9066 0.91172 0.91703 0.9227 0.92867 0.93508 0.94183 0.94918 0.95707 0.96523 0.97373 0.98231 0.99102 0.99992 1.0089 1.0187 1.0296 1.0413 1.0541 1.0677 1.0823 1.0978 1.1142 1.1315 1.1498 1.1691 1.1893 1.2106 1.2328 1.2561 1.2804 1.3058 1.3323 1.3599 1.3887 1.4186 1.4497 1.4822 1.5159 1.5509 1.5874 1.6251 1.6644 1.7051 1.7477 1.7919 1.8384 1.8866 1.9372 1.9898 2.0449 2.1023 2.1626 2.2259 2.2927 2.3632 2.4381 2.5175 2.6024 2.6927 2.7892 2.8935 2.9949 3.1045 3.2186 3.3289 3.4212 3.4868 3.5354 3.5799 3.6261 3.6807 
195 0.98378 0.95676 0.89566 0.86864 0.856 0.84822 0.84215 0.83719 0.83303 0.82922 0.82578 0.82362 0.82332 0.82444 0.82665 0.82999 0.83449 0.83999 0.8462 0.85294 0.85999 0.86706 0.87384 0.88 0.88545 0.89083 0.89632 0.90159 0.9068 0.91193 0.91724 0.92291 0.92888 0.93529 0.94204 0.94938 0.95728 0.96544 0.97392 0.98251 0.99119 1.0002 1.009 1.019 1.0299 1.0416 1.0544 1.068 1.0827 1.0982 1.1146 1.132 1.1503 1.1696 1.1899 1.2111 1.2334 1.2566 1.281 1.3063 1.3329 1.3605 1.3893 1.4192 1.4503 1.4828 1.5165 1.5515 1.588 1.6257 1.665 1.7057 1.7483 1.7925 1.839 1.8871 1.9377 1.9903 2.0454 2.1027 2.1631 2.2263 2.2931 2.3635 2.4384 2.5178 2.6026 2.6928 2.7894 2.8936 2.995 3.1045 3.2186 3.3289 3.4212 3.4867 3.5354 3.58 3.6262 3.6809 
195.5 0.98273 0.95526 0.89457 0.86863 0.85632 0.84832 0.84217 0.83726 0.83314 0.82934 0.82593 0.82379 0.82349 0.82463 0.82683 0.83015 0.83466 0.84014 0.84635 0.85307 0.86011 0.86717 0.87396 0.88015 0.88562 0.89102 0.8965 0.90178 0.90699 0.91213 0.91745 0.92313 0.92909 0.93551 0.94225 0.94958 0.95749 0.96565 0.97412 0.98271 0.99135 1.0004 1.0091 1.0192 1.0301 1.042 1.0547 1.0684 1.0831 1.0986 1.1151 1.1324 1.1507 1.1701 1.1904 1.2116 1.2339 1.2572 1.2815 1.3069 1.3335 1.3611 1.3898 1.4198 1.4509 1.4834 1.5171 1.5521 1.5886 1.6263 1.6656 1.7063 1.7489 1.7931 1.8395 1.8876 1.9382 1.9908 2.0459 2.1032 2.1635 2.2267 2.2934 2.3639 2.4387 2.5181 2.6028 2.693 2.7895 2.8937 2.995 3.1045 3.2186 3.3288 3.4211 3.4867 3.5354 3.58 3.6263 3.681 
196 0.98314 0.95571 0.89487 0.8687 0.85631 0.84836 0.84224 0.83735 0.83325 0.82947 0.82609 0.82396 0.82368 0.82482 0.82701 0.83033 0.83481 0.84028 0.84649 0.85321 0.86024 0.8673 0.87409 0.88029 0.88577 0.89118 0.89667 0.90197 0.90719 0.91233 0.91766 0.92333 0.9293 0.93573 0.94248 0.9498 0.95769 0.96584 0.97431 0.98291 0.99154 1.0006 1.0093 1.0195 1.0303 1.0423 1.055 1.0687 1.0835 1.099 1.1155 1.1329 1.1512 1.1706 1.1909 1.2121 1.2344 1.2577 1.2821 1.3075 1.334 1.3617 1.3904 1.4204 1.4515 1.4839 1.5177 1.5527 1.5891 1.6269 1.6662 1.7068 1.7494 1.7936 1.8401 1.8881 1.9387 1.9913 2.0463 2.1036 2.1639 2.2271 2.2938 2.3642 2.4391 2.5184 2.6031 2.6932 2.7896 2.8938 2.995 3.1045 3.2185 3.3287 3.421 3.4865 3.5351 3.5797 3.6261 3.6808 
196.5 0.98473 0.95773 0.8963 0.86882 0.85604 0.84836 0.84237 0.83745 0.83335 0.82961 0.82625 0.82414 0.82387 0.82501 0.8272 0.8305 0.83496 0.84042 0.84661 0.85334 0.86038 0.86744 0.87424 0.88043 0.88591 0.89134 0.89685 0.90216 0.90739 0.91254 0.91787 0.92353 0.92951 0.93595 0.94272 0.95003 0.95788 0.96603 0.97451 0.98311 0.99174 1.0008 1.0095 1.0197 1.0306 1.0425 1.0554 1.0691 1.0838 1.0994 1.1159 1.1333 1.1517 1.1711 1.1914 1.2126 1.2349 1.2582 1.2826 1.308 1.3346 1.3622 1.391 1.4209 1.4521 1.4845 1.5183 1.5533 1.5897 1.6274 1.6667 1.7074 1.75 1.7942 1.8406 1.8887 1.9392 1.9918 2.0468 2.1041 2.1644 2.2275 2.2942 2.3646 2.4394 2.5186 2.6033 2.6934 2.7898 2.8939 2.9951 3.1045 3.2184 3.3286 3.4208 3.4862 3.5347 3.5792 3.6255 3.6803 
197 0.98631 0.95975 0.89773 0.86895 0.85577 0.84836 0.8425 0.83754 0.83344 0.82975 0.82641 0.82432 0.82407 0.8252 0.82738 0.83067 0.83512 0.84056 0.84674 0.85347 0.86052 0.86758 0.87438 0.88057 0.88605 0.89149 0.89702 0.90235 0.90759 0.91275 0.91807 0.92373 0.92971 0.93618 0.94296 0.95025 0.95808 0.96621 0.9747 0.9833 0.99194 1.001 1.0098 1.02 1.0309 1.0428 1.0557 1.0694 1.0842 1.0998 1.1164 1.1338 1.1522 1.1716 1.1918 1.2132 1.2355 1.2588 1.2832 1.3086 1.3352 1.3628 1.3916 1.4215 1.4527 1.4851 1.5188 1.5539 1.5903 1.628 1.6673 1.708 1.7505 1.7947 1.8411 1.8892 1.9397 1.9923 2.0473 2.1045 2.1648 2.2279 2.2945 2.3649 2.4397 2.5189 2.6035 2.6936 2.7899 2.894 2.9951 3.1044 3.2184 3.3285 3.4206 3.4859 3.5343 3.5787 3.625 3.6798 
197.5 0.98789 0.96177 0.89916 0.86908 0.85549 0.84836 0.84262 0.83764 0.83354 0.82989 0.82658 0.8245 0.82426 0.8254 0.82757 0.83085 0.83527 0.84069 0.84687 0.8536 0.86066 0.86772 0.87452 0.88071 0.88618 0.89164 0.89719 0.90253 0.90779 0.91296 0.91828 0.92393 0.92992 0.93641 0.9432 0.95048 0.95827 0.9664 0.97489 0.9835 0.99215 1.0012 1.01 1.0202 1.0311 1.0431 1.056 1.0698 1.0845 1.1002 1.1168 1.1343 1.1527 1.172 1.1923 1.2137 1.236 1.2593 1.2837 1.3091 1.3357 1.3634 1.3921 1.4221 1.4533 1.4857 1.5194 1.5545 1.5909 1.6286 1.6679 1.7086 1.7511 1.7952 1.8416 1.8897 1.9402 1.9928 2.0477 2.105 2.1652 2.2282 2.2949 2.3652 2.44 2.5192 2.6038 2.6938 2.7901 2.8941 2.9952 3.1044 3.2183 3.3284 3.4204 3.4856 3.5339 3.5782 3.6244 3.6793 
198 0.98805 0.96176 0.89913 0.86917 0.85561 0.84844 0.84271 0.83775 0.83367 0.83004 0.82674 0.82468 0.82445 0.82558 0.82774 0.83102 0.83542 0.84084 0.84701 0.85374 0.8608 0.86786 0.87467 0.88086 0.88634 0.89181 0.89737 0.90272 0.90798 0.91316 0.91848 0.92414 0.93013 0.93662 0.94342 0.9507 0.95848 0.9666 0.97509 0.98371 0.99236 1.0014 1.0102 1.0205 1.0314 1.0434 1.0563 1.0701 1.0849 1.1005 1.1172 1.1347 1.1532 1.1725 1.1928 1.2142 1.2365 1.2598 1.2843 1.3097 1.3363 1.3639 1.3927 1.4227 1.4538 1.4863 1.52 1.5551 1.5915 1.6292 1.6684 1.7091 1.7516 1.7958 1.8422 1.8902 1.9407 1.9933 2.0482 2.1054 2.1656 2.2287 2.2953 2.3656 2.4403 2.5195 2.604 2.694 2.7902 2.8941 2.9952 3.1044 3.2182 3.3282 3.4201 3.4853 3.5336 3.5779 3.6241 3.679 
198.5 0.9878 0.9612 0.89869 0.86924 0.85583 0.84855 0.84279 0.83786 0.83381 0.83019 0.8269 0.82485 0.82463 0.82576 0.82792 0.83118 0.83558 0.841 0.84715 0.85387 0.86093 0.86801 0.87481 0.88101 0.8865 0.89198 0.89755 0.90292 0.90817 0.91336 0.91868 0.92435 0.93034 0.93683 0.94364 0.95091 0.95868 0.96681 0.9753 0.98392 0.99258 1.0017 1.0105 1.0207 1.0317 1.0437 1.0566 1.0705 1.0853 1.1009 1.1176 1.1352 1.1536 1.173 1.1933 1.2147 1.237 1.2604 1.2848 1.3102 1.3368 1.3645 1.3933 1.4233 1.4544 1.4869 1.5206 1.5556 1.592 1.6297 1.669 1.7097 1.7522 1.7963 1.8427 1.8907 1.9412 1.9937 2.0487 2.1059 2.166 2.2291 2.2957 2.3659 2.4405 2.5197 2.6042 2.6942 2.7902 2.8941 2.9952 3.1043 3.2181 3.328 3.4199 3.485 3.5334 3.5777 3.624 3.6788 
199 0.98756 0.96063 0.89825 0.86931 0.85605 0.84866 0.84287 0.83798 0.83394 0.83035 0.82707 0.82502 0.82481 0.82594 0.82809 0.83134 0.83574 0.84115 0.8473 0.85401 0.86106 0.86815 0.87496 0.88116 0.88666 0.89215 0.89773 0.90311 0.90837 0.91355 0.91889 0.92456 0.93055 0.93704 0.94385 0.95112 0.95889 0.96702 0.97551 0.98413 0.9928 1.0019 1.0107 1.021 1.032 1.044 1.057 1.0708 1.0856 1.1013 1.118 1.1356 1.1541 1.1735 1.1938 1.2152 1.2376 1.2609 1.2853 1.3108 1.3374 1.3651 1.3938 1.4238 1.455 1.4874 1.5212 1.5562 1.5926 1.6303 1.6695 1.7102 1.7527 1.7968 1.8432 1.8912 1.9417 1.9942 2.0491 2.1063 2.1665 2.2295 2.296 2.3662 2.4408 2.52 2.6044 2.6944 2.7903 2.8941 2.9952 3.1043 3.218 3.3278 3.4196 3.4848 3.5331 3.5775 3.6238 3.6786 
199.5 0.98731 0.96006 0.89781 0.86939 0.85628 0.84878 0.84295 0.83809 0.83408 0.8305 0.82723 0.8252 0.825 0.82612 0.82827 0.83151 0.83589 0.8413 0.84744 0.85415 0.8612 0.86829 0.8751 0.88132 0.88682 0.89232 0.89791 0.9033 0.90856 0.91375 0.91909 0.92477 0.93076 0.93725 0.94406 0.95133 0.9591 0.96722 0.97571 0.98435 0.99302 1.0021 1.0109 1.0212 1.0322 1.0443 1.0573 1.0711 1.086 1.1017 1.1184 1.136 1.1545 1.1739 1.1943 1.2157 1.2381 1.2614 1.2859 1.3113 1.3379 1.3656 1.3944 1.4244 1.4556 1.488 1.5217 1.5568 1.5932 1.6309 1.6701 1.7108 1.7532 1.7974 1.8437 1.8917 1.9422 1.9947 2.0496 2.1068 2.1669 2.2299 2.2964 2.3666 2.4411 2.5202 2.6045 2.6946 2.7904 2.8941 2.9952 3.1043 3.2179 3.3276 3.4193 3.4845 3.5329 3.5773 3.6236 3.6783 
200 0.98658 0.95923 0.89729 0.86944 0.85653 0.84893 0.84307 0.83824 0.83424 0.83065 0.82739 0.82536 0.82515 0.82628 0.82843 0.83167 0.83605 0.84145 0.84759 0.85429 0.86135 0.86844 0.87526 0.88148 0.88699 0.8925 0.89809 0.90348 0.90875 0.91395 0.91929 0.92498 0.93097 0.93745 0.94425 0.95152 0.95931 0.96744 0.97593 0.98457 0.99324 1.0024 1.0112 1.0215 1.0325 1.0446 1.0576 1.0715 1.0864 1.1021 1.1188 1.1364 1.155 1.1744 1.1948 1.2162 1.2386 1.2619 1.2864 1.3119 1.3385 1.3662 1.395 1.425 1.4561 1.4886 1.5223 1.5573 1.5937 1.6314 1.6706 1.7113 1.7538 1.7979 1.8442 1.8922 1.9427 1.9952 2.05 2.1072 2.1673 2.2302 2.2968 2.3669 2.4414 2.5205 2.6047 2.6947 2.7905 2.8943 2.9952 3.1042 3.2177 3.3273 3.4189 3.4838 3.5321 3.5765 3.6228 3.6775 
200.5 0.98586 0.9584 0.89677 0.86949 0.85677 0.84909 0.84318 0.83838 0.83441 0.83081 0.82755 0.82551 0.82531 0.82645 0.8286 0.83183 0.8362 0.84161 0.84774 0.85444 0.86149 0.86859 0.87542 0.88164 0.88716 0.89267 0.89827 0.90366 0.90894 0.91415 0.91949 0.92518 0.93118 0.93765 0.94444 0.95172 0.95952 0.96765 0.97614 0.98478 0.99347 1.0026 1.0115 1.0218 1.0328 1.0449 1.0579 1.0719 1.0868 1.1025 1.1193 1.1369 1.1554 1.1749 1.1953 1.2167 1.2391 1.2624 1.2869 1.3124 1.339 1.3667 1.3955 1.4255 1.4567 1.4891 1.5229 1.5579 1.5943 1.632 1.6712 1.7119 1.7543 1.7984 1.8447 1.8927 1.9432 1.9956 2.0505 2.1076 2.1677 2.2306 2.2971 2.3672 2.4417 2.5207 2.6049 2.6948 2.7907 2.8944 2.9953 3.1041 3.2175 3.3269 3.4184 3.4832 3.5314 3.5756 3.6219 3.6766 
201 0.98513 0.95757 0.89625 0.86954 0.85702 0.84925 0.8433 0.83852 0.83457 0.83096 0.82771 0.82567 0.82546 0.82661 0.82877 0.83199 0.83636 0.84176 0.84789 0.85459 0.86164 0.86875 0.87558 0.88181 0.88733 0.89285 0.89846 0.90385 0.90913 0.91434 0.9197 0.92539 0.93139 0.93784 0.94463 0.95191 0.95973 0.96787 0.97636 0.985 0.9937 1.0029 1.0117 1.022 1.0331 1.0452 1.0583 1.0722 1.0871 1.1029 1.1197 1.1373 1.1558 1.1753 1.1958 1.2172 1.2396 1.263 1.2875 1.3129 1.3396 1.3673 1.3961 1.4261 1.4572 1.4897 1.5234 1.5584 1.5948 1.6325 1.6717 1.7124 1.7548 1.799 1.8452 1.8932 1.9437 1.996 2.0509 2.108 2.1681 2.231 2.2975 2.3676 2.442 2.5209 2.6051 2.6949 2.7909 2.8945 2.9953 3.1041 3.2173 3.3266 3.4179 3.4826 3.5306 3.5748 3.621 3.6757 
201.5 0.98481 0.95722 0.89605 0.86961 0.8572 0.84939 0.84343 0.83867 0.83473 0.83112 0.82787 0.82583 0.82562 0.82677 0.82893 0.83216 0.83652 0.84191 0.84804 0.85473 0.86179 0.8689 0.87574 0.88197 0.88751 0.89302 0.89864 0.90403 0.90932 0.91454 0.9199 0.9256 0.9316 0.93804 0.94482 0.95211 0.95994 0.96808 0.97657 0.98522 0.99393 1.0031 1.012 1.0223 1.0334 1.0456 1.0586 1.0726 1.0875 1.1033 1.1201 1.1377 1.1562 1.1758 1.1962 1.2177 1.2401 1.2635 1.288 1.3135 1.3401 1.3678 1.3966 1.4266 1.4578 1.4903 1.524 1.559 1.5954 1.6331 1.6723 1.7129 1.7553 1.7995 1.8457 1.8937 1.9442 1.9965 2.0513 2.1085 2.1685 2.2314 2.2978 2.3679 2.4423 2.5211 2.6053 2.695 2.791 2.8947 2.9953 3.104 3.2171 3.3262 3.4174 3.4819 3.5299 3.5741 3.6203 3.675 
202 0.98581 0.95838 0.89688 0.86978 0.85717 0.8495 0.84361 0.83883 0.83488 0.83127 0.82801 0.82599 0.82579 0.82693 0.82909 0.83231 0.83668 0.84207 0.84819 0.85488 0.86194 0.86906 0.8759 0.88214 0.88769 0.89321 0.89882 0.90421 0.90951 0.91473 0.92009 0.92578 0.93179 0.93825 0.94504 0.95233 0.96015 0.96829 0.9768 0.98545 0.99416 1.0034 1.0122 1.0226 1.0337 1.0459 1.0589 1.0729 1.0879 1.1037 1.1205 1.1381 1.1567 1.1762 1.1967 1.2182 1.2406 1.264 1.2885 1.314 1.3407 1.3684 1.3972 1.4272 1.4584 1.4908 1.5245 1.5595 1.5959 1.6336 1.6728 1.7135 1.7558 1.8 1.8462 1.8942 1.9447 1.997 2.0518 2.1089 2.1689 2.2318 2.2982 2.3682 2.4425 2.5214 2.6055 2.6951 2.7911 2.8947 2.9953 3.1038 3.2167 3.3257 3.4168 3.4813 3.5293 3.5735 3.6198 3.6746 
202.5 0.98681 0.95955 0.89771 0.86995 0.85713 0.84961 0.84379 0.83899 0.83502 0.83142 0.82816 0.82615 0.82595 0.82709 0.82924 0.83247 0.83685 0.84222 0.84834 0.85503 0.86209 0.86921 0.87606 0.88232 0.88788 0.89339 0.899 0.90439 0.9097 0.91492 0.92029 0.92597 0.93198 0.93846 0.94525 0.95255 0.96036 0.96851 0.97702 0.98568 0.9944 1.0036 1.0125 1.0229 1.034 1.0462 1.0593 1.0733 1.0883 1.1041 1.1209 1.1385 1.1571 1.1767 1.1972 1.2187 1.2411 1.2645 1.289 1.3145 1.3412 1.3689 1.3977 1.4277 1.4589 1.4914 1.5251 1.5601 1.5965 1.6342 1.6734 1.714 1.7564 1.8005 1.8467 1.8947 1.9451 1.9974 2.0522 2.1093 2.1693 2.2321 2.2985 2.3685 2.4428 2.5216 2.6057 2.6953 2.7912 2.8947 2.9952 3.1036 3.2164 3.3252 3.4162 3.4807 3.5286 3.5729 3.6194 3.6743 
203 0.98781 0.96072 0.89854 0.87012 0.8571 0.84972 0.84397 0.83915 0.83517 0.83157 0.82831 0.82631 0.82611 0.82725 0.82939 0.83263 0.83701 0.84238 0.84849 0.85518 0.86224 0.86937 0.87622 0.88249 0.88806 0.89358 0.89918 0.90458 0.90989 0.91511 0.92049 0.92616 0.93218 0.93868 0.94547 0.95276 0.96057 0.96872 0.97724 0.98591 0.99463 1.0038 1.0128 1.0232 1.0343 1.0465 1.0596 1.0736 1.0886 1.1045 1.1213 1.1389 1.1576 1.1771 1.1977 1.2191 1.2416 1.265 1.2896 1.3151 1.3417 1.3695 1.3983 1.4283 1.4595 1.4919 1.5256 1.5607 1.5971 1.6347 1.6739 1.7145 1.7569 1.801 1.8472 1.8952 1.9456 1.9979 2.0527 2.1097 2.1697 2.2325 2.2988 2.3688 2.4431 2.5218 2.6059 2.6954 2.7913 2.8948 2.9951 3.1034 3.216 3.3247 3.4156 3.48 3.528 3.5724 3.6189 3.674 
203.5 0.98852 0.96165 0.89926 0.8703 0.85711 0.84984 0.84414 0.8393 0.83532 0.83172 0.82846 0.82646 0.82627 0.82741 0.82955 0.83279 0.83717 0.84254 0.84864 0.85534 0.8624 0.86953 0.87639 0.88266 0.88824 0.89376 0.89936 0.90476 0.91008 0.9153 0.92068 0.92636 0.93238 0.93888 0.94568 0.95297 0.96078 0.96894 0.97747 0.98614 0.99487 1.0041 1.013 1.0234 1.0346 1.0468 1.0599 1.074 1.089 1.1049 1.1217 1.1393 1.158 1.1776 1.1981 1.2196 1.2421 1.2655 1.2901 1.3156 1.3423 1.37 1.3988 1.4288 1.46 1.4925 1.5262 1.5612 1.5976 1.6352 1.6744 1.715 1.7574 1.8015 1.8477 1.8956 1.946 1.9983 2.0531 2.1102 2.1701 2.2329 2.2992 2.3691 2.4433 2.522 2.6061 2.6956 2.7914 2.8948 2.9951 3.1032 3.2156 3.3242 3.4149 3.4793 3.5273 3.5717 3.6183 3.6734 
204 0.98889 0.96232 0.89985 0.8705 0.85719 0.85 0.84431 0.83945 0.83546 0.83187 0.82863 0.82661 0.82642 0.82756 0.8297 0.83294 0.83732 0.84269 0.84881 0.85551 0.86258 0.86969 0.87655 0.88283 0.88841 0.89393 0.89955 0.90495 0.91026 0.91549 0.92088 0.92656 0.93258 0.93907 0.94587 0.95318 0.961 0.96916 0.9777 0.98637 0.99512 1.0043 1.0133 1.0237 1.0349 1.0471 1.0603 1.0743 1.0894 1.1053 1.1221 1.1398 1.1584 1.1781 1.1986 1.2201 1.2426 1.266 1.2906 1.3161 1.3428 1.3705 1.3994 1.4294 1.4606 1.493 1.5267 1.5617 1.5981 1.6358 1.675 1.7155 1.7579 1.802 1.8482 1.8961 1.9465 1.9988 2.0535 2.1105 2.1704 2.2332 2.2995 2.3694 2.4436 2.5222 2.6062 2.6957 2.7914 2.8948 2.995 3.1029 3.2152 3.3236 3.4142 3.4784 3.5264 3.5708 3.6174 3.6725 
204.5 0.98926 0.96299 0.90044 0.8707 0.85727 0.85015 0.84447 0.8396 0.83561 0.83203 0.82879 0.82677 0.82657 0.82771 0.82986 0.83309 0.83746 0.84285 0.84897 0.85568 0.86275 0.86985 0.87672 0.88299 0.88857 0.89411 0.89974 0.90514 0.91045 0.91568 0.92107 0.92677 0.93278 0.93927 0.94607 0.95338 0.96122 0.96939 0.97792 0.9866 0.99536 1.0046 1.0136 1.024 1.0352 1.0475 1.0606 1.0747 1.0897 1.1056 1.1225 1.1402 1.1589 1.1785 1.1991 1.2206 1.2431 1.2665 1.2911 1.3166 1.3433 1.3711 1.3999 1.4299 1.4611 1.4936 1.5273 1.5623 1.5987 1.6363 1.6755 1.7161 1.7584 1.8025 1.8487 1.8966 1.947 1.9992 2.0539 2.1109 2.1708 2.2336 2.2998 2.3697 2.4438 2.5224 2.6064 2.6958 2.7915 2.8948 2.9949 3.1027 3.2148 3.323 3.4134 3.4776 3.5255 3.5699 3.6165 3.6716 
205 0.98964 0.96366 0.90104 0.8709 0.85735 0.8503 0.84464 0.83974 0.83576 0.83218 0.82895 0.82692 0.82673 0.82786 0.83002 0.83324 0.8376 0.843 0.84914 0.85585 0.86292 0.87002 0.87688 0.88316 0.88874 0.89429 0.89993 0.90533 0.91063 0.91587 0.92127 0.92697 0.93299 0.93946 0.94626 0.95359 0.96143 0.96961 0.97815 0.98684 0.9956 1.0048 1.0138 1.0243 1.0355 1.0478 1.0609 1.075 1.0901 1.106 1.1229 1.1406 1.1593 1.179 1.1995 1.2211 1.2436 1.267 1.2916 1.3172 1.3439 1.3716 1.4004 1.4304 1.4616 1.4941 1.5278 1.5628 1.5992 1.6368 1.676 1.7166 1.759 1.803 1.8491 1.8971 1.9474 1.9997 2.0544 2.1113 2.1712 2.2339 2.3001 2.3699 2.444 2.5226 2.6065 2.696 2.7916 2.8948 2.9948 3.1025 3.2145 3.3225 3.4127 3.4767 3.5246 3.569 3.6156 3.6708 
205.5 0.98862 0.96266 0.90048 0.87099 0.85766 0.85051 0.84478 0.83989 0.83592 0.83234 0.82911 0.82707 0.82688 0.82802 0.83018 0.83339 0.83776 0.84316 0.8493 0.85601 0.86309 0.87018 0.87705 0.88332 0.88891 0.89446 0.90011 0.90552 0.91083 0.91607 0.92147 0.92718 0.93319 0.93966 0.94645 0.95379 0.96165 0.96984 0.97838 0.98707 0.99584 1.0051 1.0141 1.0246 1.0358 1.0481 1.0613 1.0754 1.0905 1.1064 1.1233 1.141 1.1597 1.1794 1.2 1.2215 1.244 1.2675 1.2921 1.3177 1.3444 1.3721 1.401 1.431 1.4622 1.4946 1.5283 1.5634 1.5997 1.6374 1.6765 1.7171 1.7595 1.8035 1.8496 1.8976 1.9479 2.0001 2.0548 2.1117 2.1716 2.2343 2.3004 2.3702 2.4443 2.5228 2.6067 2.696 2.7916 2.8947 2.9947 3.1022 3.214 3.3219 3.4121 3.4762 3.5242 3.5688 3.6156 3.671 
206 0.98699 0.9609 0.89941 0.87103 0.85807 0.85074 0.84491 0.84004 0.83608 0.8325 0.82927 0.82723 0.82704 0.82817 0.83033 0.83355 0.83793 0.84333 0.84947 0.85618 0.86326 0.87035 0.87722 0.88348 0.88908 0.89464 0.90028 0.90571 0.91102 0.91627 0.92167 0.92739 0.9334 0.93985 0.94665 0.954 0.96187 0.97007 0.97861 0.9873 0.99608 1.0053 1.0143 1.0249 1.0361 1.0484 1.0616 1.0757 1.0909 1.1068 1.1237 1.1414 1.1601 1.1798 1.2004 1.222 1.2445 1.268 1.2926 1.3182 1.3449 1.3726 1.4015 1.4315 1.4627 1.4952 1.5289 1.5639 1.6003 1.6379 1.6771 1.7176 1.76 1.8039 1.8501 1.898 1.9483 2.0006 2.0552 2.1121 2.1719 2.2346 2.3008 2.3705 2.4445 2.523 2.6068 2.6961 2.7916 2.8946 2.9945 3.1019 3.2136 3.3214 3.4115 3.4758 3.5241 3.5689 3.6161 3.6718 
206.5 0.98536 0.95914 0.89834 0.87106 0.85849 0.85097 0.84504 0.8402 0.83624 0.83266 0.82943 0.82738 0.8272 0.82833 0.83049 0.83371 0.8381 0.84349 0.84964 0.85635 0.86343 0.87052 0.87738 0.88364 0.88924 0.89481 0.90046 0.90589 0.91121 0.91647 0.92188 0.92759 0.93361 0.94005 0.94684 0.9542 0.96209 0.9703 0.97884 0.98754 0.99632 1.0056 1.0146 1.0251 1.0364 1.0487 1.0619 1.0761 1.0912 1.1072 1.1241 1.1418 1.1606 1.1803 1.2009 1.2225 1.245 1.2685 1.2931 1.3187 1.3454 1.3732 1.402 1.432 1.4632 1.4957 1.5294 1.5644 1.6008 1.6384 1.6776 1.7181 1.7605 1.8044 1.8506 1.8985 1.9488 2.001 2.0556 2.1125 2.1723 2.2349 2.3011 2.3708 2.4448 2.5232 2.6069 2.6961 2.7916 2.8946 2.9943 3.1016 3.2131 3.3208 3.411 3.4754 3.5239 3.5691 3.6166 3.6726 
207 0.98373 0.95739 0.89727 0.8711 0.8589 0.8512 0.84517 0.84035 0.83639 0.83282 0.82959 0.82754 0.82736 0.82849 0.83064 0.83388 0.83826 0.84365 0.8498 0.85651 0.8636 0.87069 0.87755 0.88381 0.88941 0.89499 0.90063 0.90608 0.91141 0.91667 0.92208 0.9278 0.93382 0.94024 0.94703 0.95441 0.96231 0.97053 0.97907 0.98777 0.99656 1.0058 1.0149 1.0254 1.0367 1.0491 1.0623 1.0764 1.0916 1.1076 1.1245 1.1423 1.161 1.1807 1.2013 1.2229 1.2455 1.269 1.2936 1.3192 1.3459 1.3737 1.4025 1.4326 1.4637 1.4962 1.5299 1.5649 1.6013 1.6389 1.6781 1.7186 1.761 1.8049 1.8511 1.8989 1.9492 2.0014 2.056 2.1129 2.1727 2.2353 2.3014 2.3711 2.445 2.5234 2.607 2.6962 2.7916 2.8945 2.9941 3.1013 3.2127 3.3203 3.4105 3.475 3.5237 3.5692 3.617 3.6733 
207.5 0.98538 0.95918 0.89849 0.87138 0.85886 0.85131 0.84535 0.84051 0.83654 0.83297 0.82975 0.8277 0.8275 0.82864 0.8308 0.83402 0.83842 0.84381 0.84996 0.85666 0.86375 0.87086 0.87772 0.88398 0.88958 0.89516 0.90082 0.90626 0.9116 0.91686 0.92227 0.928 0.93402 0.94045 0.94724 0.95462 0.96253 0.97075 0.9793 0.988 0.9968 1.006 1.0151 1.0257 1.037 1.0494 1.0626 1.0768 1.092 1.108 1.1249 1.1427 1.1614 1.1812 1.2018 1.2234 1.2459 1.2695 1.2941 1.3197 1.3464 1.3742 1.4031 1.4331 1.4643 1.4967 1.5304 1.5654 1.6018 1.6394 1.6786 1.7191 1.7615 1.8054 1.8516 1.8994 1.9496 2.0018 2.0564 2.1133 2.173 2.2356 2.3017 2.3713 2.4452 2.5235 2.6072 2.6962 2.7916 2.8945 2.9941 3.1012 3.2125 3.32 3.4101 3.4745 3.5231 3.5686 3.6163 3.6725 
208 0.98733 0.96129 0.89991 0.87168 0.85878 0.8514 0.84555 0.84068 0.83669 0.83312 0.8299 0.82786 0.82765 0.82879 0.83095 0.83417 0.83857 0.84396 0.85011 0.85681 0.8639 0.87102 0.87788 0.88415 0.88975 0.89534 0.901 0.90645 0.91178 0.91704 0.92246 0.9282 0.93422 0.94066 0.94745 0.95483 0.96275 0.97097 0.97952 0.98823 0.99703 1.0063 1.0154 1.026 1.0373 1.0497 1.063 1.0771 1.0923 1.1083 1.1253 1.1431 1.1619 1.1816 1.2023 1.2239 1.2464 1.2699 1.2946 1.3202 1.3469 1.3747 1.4036 1.4336 1.4648 1.4973 1.531 1.566 1.6023 1.64 1.6791 1.7196 1.762 1.8059 1.852 1.8998 1.9501 2.0022 2.0568 2.1137 2.1734 2.2359 2.302 2.3716 2.4454 2.5237 2.6073 2.6963 2.7917 2.8945 2.994 3.101 3.2123 3.3197 3.4097 3.474 3.5225 3.5678 3.6155 3.6716 
208.5 0.98927 0.9634 0.90133 0.87198 0.8587 0.8515 0.84574 0.84084 0.83684 0.83327 0.83005 0.82801 0.8278 0.82894 0.8311 0.83432 0.83872 0.84412 0.85027 0.85696 0.86404 0.87118 0.87805 0.88433 0.88992 0.89552 0.90119 0.90663 0.91197 0.91723 0.92264 0.92839 0.93442 0.94086 0.94766 0.95504 0.96297 0.97119 0.97975 0.98847 0.99726 1.0065 1.0157 1.0263 1.0376 1.05 1.0633 1.0775 1.0927 1.1087 1.1257 1.1435 1.1623 1.1821 1.2027 1.2243 1.2469 1.2704 1.2951 1.3207 1.3474 1.3752 1.4041 1.4341 1.4653 1.4978 1.5315 1.5665 1.6029 1.6405 1.6796 1.7201 1.7625 1.8064 1.8525 1.9003 1.9505 2.0026 2.0572 2.114 2.1738 2.2363 2.3023 2.3718 2.4456 2.5239 2.6074 2.6964 2.7917 2.8944 2.994 3.1009 3.2121 3.3195 3.4093 3.4735 3.5219 3.5671 3.6146 3.6707 
209 0.9909 0.96512 0.90249 0.87226 0.85867 0.85161 0.84592 0.841 0.83699 0.83342 0.8302 0.82817 0.82795 0.82909 0.83126 0.83447 0.83888 0.84427 0.85042 0.85712 0.86419 0.87134 0.87822 0.8845 0.89009 0.89569 0.90137 0.90682 0.91216 0.91742 0.92283 0.92859 0.93462 0.94107 0.94787 0.95526 0.96319 0.97141 0.97998 0.9887 0.99749 1.0067 1.0159 1.0266 1.0379 1.0503 1.0636 1.0778 1.0931 1.1091 1.1261 1.1439 1.1627 1.1825 1.2032 1.2248 1.2474 1.2709 1.2956 1.3212 1.3479 1.3757 1.4046 1.4346 1.4658 1.4983 1.532 1.567 1.6034 1.641 1.6801 1.7206 1.7629 1.8069 1.853 1.9008 1.9509 2.003 2.0576 2.1144 2.1741 2.2366 2.3026 2.3721 2.4458 2.524 2.6075 2.6965 2.7917 2.8944 2.9939 3.1008 3.2119 3.3192 3.4089 3.473 3.5213 3.5664 3.6138 3.6698 
209.5 0.99067 0.9646 0.90212 0.87239 0.85896 0.85179 0.84607 0.84116 0.83715 0.83358 0.83036 0.82832 0.8281 0.82924 0.83141 0.83463 0.83903 0.84443 0.85058 0.85728 0.86436 0.87151 0.87839 0.88467 0.89027 0.89587 0.90155 0.907 0.91235 0.91761 0.92303 0.92879 0.93482 0.94128 0.94808 0.95547 0.96341 0.97164 0.9802 0.98892 0.99771 1.007 1.0162 1.0268 1.0382 1.0507 1.064 1.0782 1.0934 1.1095 1.1265 1.1443 1.1631 1.1829 1.2036 1.2252 1.2478 1.2714 1.296 1.3217 1.3484 1.3762 1.4051 1.4352 1.4663 1.4988 1.5325 1.5675 1.6039 1.6415 1.6806 1.7211 1.7634 1.8074 1.8535 1.9012 1.9513 2.0034 2.0579 2.1147 2.1745 2.2369 2.3029 2.3723 2.4461 2.5242 2.6077 2.6966 2.7918 2.8944 2.9938 3.1006 3.2116 3.3188 3.4085 3.4725 3.5207 3.5657 3.6131 3.669 
210 0.99044 0.96408 0.90174 0.87253 0.85925 0.85198 0.84621 0.84132 0.83731 0.83374 0.83051 0.82848 0.82826 0.82939 0.83157 0.83479 0.83919 0.84459 0.85074 0.85744 0.86453 0.87168 0.87856 0.88484 0.89044 0.89604 0.90172 0.90717 0.91254 0.91781 0.92323 0.92898 0.93502 0.94149 0.9483 0.95569 0.96364 0.97186 0.98042 0.98914 0.99793 1.0072 1.0164 1.0271 1.0385 1.051 1.0643 1.0785 1.0938 1.1099 1.1269 1.1447 1.1636 1.1834 1.204 1.2257 1.2483 1.2719 1.2965 1.3221 1.3489 1.3767 1.4056 1.4357 1.4668 1.4993 1.533 1.568 1.6044 1.642 1.6811 1.7216 1.7639 1.8078 1.8539 1.9016 1.9517 2.0038 2.0583 2.1151 2.1748 2.2372 2.3032 2.3726 2.4463 2.5244 2.6078 2.6967 2.7918 2.8944 2.9937 3.1005 3.2114 3.3184 3.408 3.4719 3.5201 3.5651 3.6124 3.6683 
210.5 0.99021 0.96356 0.90137 0.87266 0.85955 0.85217 0.84636 0.84148 0.83748 0.83389 0.83067 0.82863 0.82842 0.82955 0.83172 0.83495 0.83934 0.84475 0.85091 0.85761 0.8647 0.87185 0.87874 0.88501 0.89062 0.89622 0.90189 0.90735 0.91273 0.918 0.92343 0.92918 0.93522 0.94169 0.94851 0.95591 0.96386 0.97208 0.98065 0.98937 0.99815 1.0074 1.0167 1.0274 1.0388 1.0513 1.0646 1.0789 1.0942 1.1103 1.1273 1.1451 1.164 1.1838 1.2045 1.2262 1.2488 1.2723 1.297 1.3226 1.3494 1.3772 1.4061 1.4362 1.4674 1.4998 1.5335 1.5685 1.6049 1.6425 1.6816 1.7221 1.7644 1.8083 1.8544 1.902 1.9521 2.0042 2.0587 2.1154 2.1751 2.2376 2.3034 2.3728 2.4465 2.5246 2.6079 2.6968 2.7919 2.8944 2.9936 3.1003 3.2111 3.318 3.4076 3.4714 3.5195 3.5645 3.6117 3.6675 
211 0.99043 0.96367 0.90145 0.87284 0.85974 0.85233 0.84651 0.84164 0.83763 0.83404 0.83082 0.82878 0.82858 0.8297 0.83187 0.83511 0.8395 0.84491 0.85107 0.85777 0.86487 0.87202 0.87891 0.88518 0.8908 0.89639 0.90207 0.90753 0.91292 0.91819 0.92362 0.92938 0.93542 0.9419 0.94871 0.95612 0.96408 0.9723 0.98086 0.98958 0.99837 1.0076 1.0169 1.0276 1.0391 1.0516 1.065 1.0792 1.0945 1.1106 1.1277 1.1456 1.1644 1.1842 1.2049 1.2266 1.2492 1.2728 1.2975 1.3231 1.3499 1.3777 1.4066 1.4367 1.4679 1.5003 1.534 1.569 1.6054 1.643 1.6821 1.7226 1.7649 1.8088 1.8548 1.9025 1.9525 2.0045 2.059 2.1158 2.1755 2.2379 2.3037 2.3731 2.4467 2.5247 2.6081 2.6968 2.7919 2.8944 2.9935 3.1001 3.2108 3.3177 3.4071 3.4709 3.519 3.5639 3.6113 3.6671 
211.5 0.9914 0.96483 0.90229 0.87308 0.85979 0.85247 0.84669 0.84179 0.83778 0.83419 0.83096 0.82893 0.82872 0.82985 0.83202 0.83526 0.83965 0.84507 0.85122 0.85793 0.86503 0.87217 0.87907 0.88536 0.89099 0.89658 0.90225 0.90772 0.9131 0.91838 0.92382 0.92957 0.93562 0.9421 0.94892 0.95633 0.96428 0.97251 0.98107 0.98978 0.99856 1.0078 1.0171 1.0279 1.0394 1.0519 1.0653 1.0796 1.0949 1.111 1.1281 1.146 1.1648 1.1846 1.2054 1.2271 1.2497 1.2733 1.298 1.3236 1.3504 1.3782 1.4071 1.4372 1.4684 1.5008 1.5345 1.5695 1.6059 1.6435 1.6826 1.723 1.7653 1.8092 1.8552 1.9029 1.9529 2.0049 2.0594 2.1161 2.1758 2.2382 2.304 2.3733 2.4469 2.5249 2.6082 2.6969 2.7919 2.8943 2.9934 3.0999 3.2105 3.3173 3.4067 3.4704 3.5186 3.5637 3.6111 3.6671 
212 0.99236 0.96599 0.90314 0.87332 0.85983 0.85261 0.84686 0.84195 0.83793 0.83433 0.8311 0.82907 0.82887 0.83001 0.83217 0.83541 0.8398 0.84522 0.85138 0.8581 0.86519 0.87233 0.87923 0.88553 0.89117 0.89677 0.90243 0.9079 0.91328 0.91856 0.92401 0.92976 0.93582 0.9423 0.94912 0.95653 0.96448 0.97272 0.98128 0.98998 0.99876 1.008 1.0173 1.0281 1.0396 1.0522 1.0656 1.0799 1.0952 1.1114 1.1284 1.1464 1.1652 1.1851 1.2058 1.2275 1.2502 1.2738 1.2985 1.3241 1.3509 1.3787 1.4076 1.4377 1.4689 1.5013 1.535 1.57 1.6064 1.6439 1.6831 1.7235 1.7658 1.8097 1.8557 1.9033 1.9534 2.0053 2.0598 2.1165 2.1761 2.2385 2.3043 2.3736 2.4471 2.5251 2.6083 2.697 2.7919 2.8942 2.9933 3.0996 3.2102 3.3169 3.4062 3.47 3.5182 3.5634 3.611 3.6672 
212.5 0.99333 0.96715 0.90399 0.87357 0.85987 0.85274 0.84703 0.8421 0.83808 0.83448 0.83123 0.82922 0.82901 0.83016 0.83232 0.83556 0.83996 0.84537 0.85153 0.85826 0.86535 0.87249 0.87939 0.8857 0.89136 0.89695 0.90261 0.90808 0.91346 0.91875 0.9242 0.92996 0.93602 0.9425 0.94932 0.95674 0.96469 0.97293 0.98148 0.99019 0.99896 1.0082 1.0176 1.0284 1.0399 1.0525 1.0659 1.0803 1.0956 1.1118 1.1288 1.1468 1.1656 1.1855 1.2062 1.228 1.2506 1.2742 1.2989 1.3246 1.3514 1.3792 1.4081 1.4382 1.4694 1.5018 1.5355 1.5705 1.6069 1.6444 1.6835 1.724 1.7662 1.8101 1.8561 1.9038 1.9538 2.0057 2.0602 2.1168 2.1764 2.2388 2.3045 2.3738 2.4473 2.5252 2.6084 2.6971 2.7919 2.8942 2.9931 3.0994 3.2099 3.3165 3.4058 3.4695 3.5178 3.5631 3.6109 3.6673 
213 0.99365 0.96759 0.90437 0.87374 0.85999 0.8529 0.8472 0.84225 0.83822 0.83462 0.83138 0.82937 0.82917 0.83031 0.83247 0.83571 0.84011 0.84553 0.85169 0.85842 0.86551 0.87266 0.87956 0.88587 0.89154 0.89713 0.90279 0.90827 0.91365 0.91894 0.92439 0.93015 0.93622 0.9427 0.94952 0.95694 0.96489 0.97313 0.98168 0.99038 0.99915 1.0083 1.0178 1.0286 1.0402 1.0528 1.0662 1.0806 1.096 1.1121 1.1292 1.1472 1.1661 1.1859 1.2067 1.2284 1.2511 1.2747 1.2994 1.3251 1.3519 1.3797 1.4086 1.4387 1.4699 1.5023 1.536 1.571 1.6074 1.6449 1.684 1.7244 1.7667 1.8106 1.8565 1.9042 1.9542 2.0061 2.0605 2.1172 2.1768 2.2391 2.3048 2.3741 2.4475 2.5254 2.6085 2.6971 2.7919 2.8942 2.993 3.0992 3.2096 3.3161 3.4053 3.469 3.5173 3.5627 3.6105 3.6669 
213.5 0.99354 0.96756 0.90445 0.87388 0.86015 0.85306 0.84735 0.84239 0.83835 0.83477 0.83152 0.82952 0.82932 0.83047 0.83263 0.83587 0.84027 0.84569 0.85185 0.85859 0.86568 0.87283 0.87973 0.88604 0.8917 0.8973 0.90297 0.90846 0.91384 0.91913 0.92458 0.93035 0.93642 0.9429 0.94971 0.95714 0.96509 0.97333 0.98188 0.99057 0.99933 1.0085 1.018 1.0289 1.0405 1.0531 1.0666 1.0809 1.0963 1.1125 1.1296 1.1476 1.1665 1.1863 1.2071 1.2288 1.2515 1.2751 1.2999 1.3255 1.3524 1.3802 1.4091 1.4391 1.4704 1.5028 1.5365 1.5715 1.6078 1.6454 1.6845 1.7249 1.7671 1.811 1.857 1.9046 1.9546 2.0065 2.0609 2.1175 2.1771 2.2394 2.3051 2.3743 2.4477 2.5255 2.6086 2.6972 2.792 2.8941 2.9929 3.099 3.2093 3.3156 3.4047 3.4684 3.5167 3.5621 3.6099 3.6664 
214 0.99342 0.96753 0.90452 0.87401 0.86031 0.85323 0.84751 0.84254 0.83849 0.83491 0.83167 0.82967 0.82947 0.83062 0.83278 0.83602 0.84043 0.84585 0.85201 0.85875 0.86585 0.873 0.87991 0.88621 0.89186 0.89748 0.90316 0.90865 0.91403 0.91932 0.92478 0.93055 0.93661 0.94309 0.94991 0.95733 0.9653 0.97353 0.98208 0.99076 0.99952 1.0087 1.0182 1.0291 1.0407 1.0534 1.0669 1.0813 1.0967 1.1129 1.13 1.148 1.1669 1.1868 1.2076 1.2293 1.252 1.2756 1.3003 1.326 1.3528 1.3807 1.4096 1.4396 1.4708 1.5033 1.537 1.572 1.6083 1.6459 1.6849 1.7254 1.7676 1.8114 1.8574 1.905 1.955 2.0068 2.0612 2.1179 2.1774 2.2397 2.3053 2.3745 2.4479 2.5257 2.6087 2.6972 2.792 2.8941 2.9928 3.0989 3.209 3.3152 3.4042 3.4678 3.5161 3.5615 3.6094 3.6658 
214.5 0.99331 0.9675 0.90459 0.87414 0.86047 0.85339 0.84766 0.84268 0.83863 0.83505 0.83182 0.82982 0.82962 0.83078 0.83293 0.83618 0.84059 0.84601 0.85217 0.85892 0.86602 0.87318 0.88008 0.88639 0.89203 0.89765 0.90334 0.90884 0.91422 0.91951 0.92497 0.93075 0.93681 0.94329 0.9501 0.95753 0.9655 0.97373 0.98228 0.99095 0.9997 1.0088 1.0184 1.0294 1.041 1.0537 1.0672 1.0816 1.097 1.1132 1.1304 1.1484 1.1673 1.1872 1.208 1.2297 1.2524 1.2761 1.3008 1.3265 1.3533 1.3812 1.4101 1.4401 1.4713 1.5038 1.5375 1.5725 1.6088 1.6464 1.6854 1.7258 1.7681 1.8119 1.8578 1.9054 1.9554 2.0072 2.0616 2.1182 2.1777 2.24 2.3056 2.3748 2.4481 2.5258 2.6088 2.6973 2.792 2.8941 2.9928 3.0987 3.2087 3.3148 3.4037 3.4672 3.5155 3.5609 3.6088 3.6652 
215 0.9932 0.96741 0.90461 0.8743 0.86068 0.85357 0.84781 0.84283 0.83878 0.8352 0.83196 0.82997 0.82977 0.83093 0.83309 0.83634 0.84074 0.84616 0.85232 0.85907 0.86619 0.87334 0.88025 0.88656 0.89221 0.89782 0.90352 0.90902 0.91441 0.91971 0.92516 0.93095 0.93701 0.94349 0.95031 0.95773 0.9657 0.97392 0.98247 0.99112 0.99991 1.0089 1.0186 1.0296 1.0413 1.0539 1.0675 1.0819 1.0974 1.1136 1.1307 1.1488 1.1677 1.1876 1.2084 1.2302 1.2529 1.2765 1.3013 1.327 1.3538 1.3816 1.4106 1.4406 1.4718 1.5043 1.538 1.5729 1.6093 1.6468 1.6859 1.7263 1.7685 1.8123 1.8582 1.9058 1.9558 2.0076 2.062 2.1186 2.178 2.2402 2.3058 2.375 2.4483 2.526 2.6089 2.6974 2.792 2.894 2.9927 3.0985 3.2085 3.3146 3.4034 3.467 3.5152 3.5605 3.6084 3.6648 
215.5 0.99309 0.96732 0.90462 0.87446 0.86089 0.85374 0.84796 0.84298 0.83894 0.83535 0.83211 0.83011 0.82991 0.83108 0.83324 0.8365 0.84089 0.84631 0.85248 0.85923 0.86635 0.87351 0.88043 0.88673 0.89239 0.898 0.90369 0.9092 0.91459 0.9199 0.92536 0.93115 0.93721 0.94369 0.95051 0.95793 0.96589 0.97411 0.98266 0.99128 1.0001 1.009 1.0189 1.0298 1.0415 1.0542 1.0678 1.0823 1.0977 1.114 1.1311 1.1492 1.1681 1.188 1.2088 1.2306 1.2533 1.277 1.3017 1.3274 1.3543 1.3821 1.411 1.4411 1.4723 1.5048 1.5385 1.5734 1.6097 1.6473 1.6863 1.7267 1.7689 1.8128 1.8587 1.9062 1.9562 2.008 2.0623 2.1189 2.1783 2.2405 2.3061 2.3752 2.4485 2.5261 2.6091 2.6974 2.792 2.8939 2.9925 3.0984 3.2083 3.3144 3.4032 3.4667 3.5149 3.5602 3.608 3.6645 
216 0.99298 0.96723 0.90464 0.87463 0.8611 0.85392 0.84811 0.84313 0.8391 0.8355 0.83226 0.83025 0.83006 0.83122 0.8334 0.83666 0.84105 0.84646 0.85263 0.85938 0.86652 0.87368 0.8806 0.8869 0.89257 0.89818 0.90387 0.90937 0.91478 0.92009 0.92556 0.93136 0.93742 0.94388 0.95072 0.95813 0.96608 0.97431 0.98286 0.99144 1.0004 1.0091 1.0191 1.03 1.0418 1.0545 1.0681 1.0826 1.098 1.1143 1.1315 1.1495 1.1685 1.1884 1.2093 1.231 1.2538 1.2774 1.3022 1.3279 1.3547 1.3826 1.4115 1.4416 1.4728 1.5052 1.5389 1.5739 1.6102 1.6477 1.6868 1.7272 1.7694 1.8132 1.8591 1.9066 1.9566 2.0083 2.0627 2.1192 2.1787 2.2408 2.3064 2.3755 2.4487 2.5263 2.6092 2.6975 2.792 2.8939 2.9924 3.0982 3.2081 3.3142 3.403 3.4665 3.5146 3.5598 3.6076 3.6641 
216.5 0.99292 0.96717 0.90467 0.87479 0.8613 0.85409 0.84826 0.84328 0.83926 0.83565 0.8324 0.83039 0.8302 0.83137 0.83356 0.83681 0.8412 0.84661 0.85278 0.85954 0.86668 0.87385 0.88077 0.88707 0.89275 0.89836 0.90405 0.90955 0.91497 0.92028 0.92575 0.93156 0.93762 0.94408 0.95093 0.95833 0.96627 0.9745 0.98305 0.9916 1.0006 1.0092 1.0193 1.0302 1.042 1.0548 1.0684 1.0829 1.0984 1.1147 1.1319 1.1499 1.1689 1.1889 1.2097 1.2315 1.2542 1.2779 1.3026 1.3283 1.3552 1.3831 1.412 1.4421 1.4732 1.5057 1.5394 1.5744 1.6107 1.6482 1.6873 1.7277 1.7698 1.8136 1.8595 1.907 1.957 2.0087 2.063 2.1196 2.179 2.2411 2.3066 2.3757 2.4489 2.5265 2.6093 2.6976 2.792 2.8938 2.9923 3.098 3.2079 3.314 3.4028 3.4663 3.5143 3.5595 3.6073 3.6638 
217 0.9935 0.96772 0.90505 0.87498 0.86143 0.85424 0.84842 0.84344 0.83941 0.8358 0.83255 0.83053 0.83035 0.83152 0.83371 0.83697 0.84136 0.84678 0.85295 0.85971 0.86685 0.87403 0.88095 0.88725 0.89291 0.89853 0.90423 0.90974 0.91515 0.92047 0.92594 0.93175 0.93781 0.94428 0.95112 0.95853 0.96647 0.97469 0.98324 0.9918 1.0008 1.0094 1.0196 1.0304 1.0423 1.055 1.0687 1.0832 1.0987 1.1151 1.1322 1.1503 1.1693 1.1893 1.2101 1.2319 1.2546 1.2783 1.3031 1.3288 1.3557 1.3835 1.4125 1.4425 1.4737 1.5062 1.5399 1.5748 1.6111 1.6487 1.6877 1.7281 1.7702 1.8141 1.8599 1.9074 1.9573 2.0091 2.0634 2.1199 2.1793 2.2414 2.3069 2.3759 2.449 2.5266 2.6094 2.6976 2.792 2.8938 2.9922 3.0979 3.2077 3.3137 3.4025 3.4659 3.514 3.5592 3.6071 3.6636 
217.5 0.99409 0.96827 0.90543 0.87518 0.86156 0.85438 0.84859 0.8436 0.83956 0.83595 0.83269 0.83068 0.8305 0.83167 0.83386 0.83712 0.84151 0.84694 0.85312 0.85988 0.86702 0.8742 0.88113 0.88743 0.89308 0.8987 0.90442 0.90992 0.91532 0.92065 0.92613 0.93194 0.938 0.94448 0.95131 0.95872 0.96666 0.97488 0.98343 0.99199 1.001 1.0096 1.0198 1.0306 1.0425 1.0553 1.069 1.0835 1.099 1.1154 1.1326 1.1507 1.1697 1.1897 1.2105 1.2323 1.2551 1.2788 1.3035 1.3293 1.3561 1.384 1.4129 1.443 1.4742 1.5067 1.5404 1.5753 1.6116 1.6491 1.6881 1.7285 1.7706 1.8145 1.8603 1.9079 1.9577 2.0095 2.0637 2.1202 2.1796 2.2417 2.3071 2.3761 2.4492 2.5268 2.6095 2.6977 2.7921 2.8938 2.9921 3.0977 3.2074 3.3134 3.4021 3.4656 3.5137 3.559 3.6069 3.6634 
218 0.99468 0.96882 0.90581 0.87537 0.86168 0.85453 0.84875 0.84376 0.83971 0.8361 0.83284 0.83083 0.83065 0.83182 0.83401 0.83727 0.84167 0.84711 0.8533 0.86005 0.86718 0.87437 0.88132 0.88761 0.89324 0.89888 0.9046 0.91011 0.9155 0.92084 0.92632 0.93212 0.9382 0.94467 0.9515 0.95892 0.96685 0.97508 0.98362 0.99219 1.0012 1.0098 1.02 1.0309 1.0428 1.0556 1.0693 1.0839 1.0994 1.1158 1.133 1.1511 1.1701 1.1901 1.211 1.2328 1.2555 1.2792 1.304 1.3297 1.3566 1.3845 1.4134 1.4435 1.4747 1.5071 1.5408 1.5758 1.6121 1.6496 1.6886 1.729 1.7711 1.8149 1.8606 1.9083 1.9581 2.0098 2.0641 2.1205 2.1799 2.2419 2.3074 2.3763 2.4494 2.5269 2.6096 2.6978 2.7921 2.8938 2.9921 3.0976 3.2072 3.3131 3.4018 3.4653 3.5135 3.5588 3.6067 3.6633 
218.5 0.99512 0.96917 0.90604 0.87556 0.86185 0.85469 0.84891 0.84391 0.83986 0.83625 0.83299 0.83097 0.8308 0.83197 0.83416 0.83743 0.84183 0.84728 0.85346 0.86022 0.86735 0.87455 0.88149 0.88778 0.89341 0.89905 0.90478 0.91029 0.91568 0.92102 0.92651 0.93231 0.93839 0.94486 0.95169 0.95911 0.96705 0.97527 0.98382 0.99238 1.0013 1.0101 1.0202 1.0311 1.043 1.0559 1.0696 1.0842 1.0997 1.1161 1.1333 1.1515 1.1705 1.1905 1.2114 1.2332 1.256 1.2797 1.3045 1.3302 1.3571 1.3849 1.4139 1.4439 1.4751 1.5076 1.5413 1.5762 1.6125 1.65 1.689 1.7294 1.7715 1.8153 1.861 1.9087 1.9584 2.0102 2.0644 2.1209 2.1802 2.2422 2.3076 2.3766 2.4496 2.5271 2.6097 2.6978 2.7921 2.8937 2.992 3.0974 3.2069 3.3127 3.4014 3.4648 3.513 3.5583 3.6062 3.6628 
219 0.99516 0.969 0.90592 0.87573 0.8621 0.85486 0.84905 0.84407 0.84002 0.83641 0.83314 0.83113 0.83096 0.83213 0.83433 0.8376 0.84201 0.84744 0.85363 0.86039 0.86752 0.87471 0.88165 0.88795 0.89358 0.89923 0.90496 0.91047 0.91587 0.92121 0.92669 0.9325 0.93857 0.94505 0.95188 0.95929 0.96724 0.97546 0.98401 0.99258 1.0016 1.0103 1.0204 1.0313 1.0433 1.0561 1.0699 1.0845 1.1 1.1165 1.1337 1.1518 1.1709 1.1909 1.2118 1.2336 1.2564 1.2801 1.3049 1.3306 1.3575 1.3854 1.4143 1.4444 1.4756 1.5081 1.5418 1.5767 1.613 1.6505 1.6895 1.7298 1.7719 1.8157 1.8615 1.909 1.9588 2.0106 2.0647 2.1212 2.1805 2.2425 2.3079 2.3768 2.4498 2.5272 2.6098 2.6979 2.7921 2.8937 2.9919 3.0972 3.2066 3.3122 3.4007 3.4639 3.5119 3.5571 3.605 3.6615 
219.5 0.99521 0.96884 0.90579 0.87591 0.86236 0.85504 0.84919 0.84422 0.84018 0.83656 0.83328 0.83128 0.83112 0.8323 0.83449 0.83777 0.84218 0.84761 0.8538 0.86056 0.8677 0.87488 0.88182 0.88811 0.89375 0.89941 0.90514 0.91065 0.91606 0.9214 0.92688 0.93268 0.93876 0.94524 0.95207 0.95948 0.96743 0.97566 0.98421 0.99278 1.0018 1.0105 1.0207 1.0316 1.0436 1.0564 1.0702 1.0848 1.1004 1.1168 1.1341 1.1522 1.1713 1.1913 1.2122 1.234 1.2568 1.2805 1.3053 1.3311 1.358 1.3858 1.4148 1.4448 1.476 1.5085 1.5422 1.5771 1.6134 1.6509 1.6899 1.7302 1.7723 1.8161 1.8619 1.9094 1.9592 2.0109 2.0651 2.1215 2.1808 2.2427 2.3081 2.377 2.4499 2.5273 2.6099 2.6979 2.7921 2.8936 2.9918 3.097 3.2063 3.3117 3.4 3.4631 3.5109 3.5559 3.6037 3.6602 
220 0.99525 0.96867 0.90566 0.87608 0.86262 0.85521 0.84934 0.84438 0.84033 0.83671 0.83343 0.83144 0.83127 0.83246 0.83466 0.83794 0.84236 0.84777 0.85396 0.86073 0.86787 0.87505 0.88198 0.88827 0.89392 0.89959 0.90532 0.91083 0.91626 0.92159 0.92707 0.93287 0.93894 0.94543 0.95225 0.95967 0.96763 0.97585 0.98441 0.99298 1.002 1.0107 1.0209 1.0318 1.0438 1.0567 1.0705 1.0851 1.1007 1.1171 1.1344 1.1526 1.1717 1.1917 1.2126 1.2345 1.2573 1.281 1.3058 1.3315 1.3584 1.3863 1.4152 1.4453 1.4765 1.509 1.5427 1.5776 1.6139 1.6514 1.6904 1.7307 1.7728 1.8165 1.8623 1.9098 1.9596 2.0113 2.0654 2.1218 2.181 2.243 2.3083 2.3772 2.4501 2.5274 2.61 2.698 2.7921 2.8935 2.9916 3.0968 3.2059 3.3112 3.3993 3.4622 3.5099 3.5548 3.6025 3.659 
220.5 0.99545 0.96886 0.90583 0.87625 0.86278 0.85537 0.8495 0.84453 0.84049 0.83686 0.83359 0.83159 0.83143 0.83261 0.83481 0.83809 0.84252 0.84793 0.85412 0.86089 0.86804 0.87522 0.88214 0.88844 0.8941 0.89976 0.9055 0.91102 0.91644 0.92178 0.92725 0.93305 0.93913 0.94562 0.95244 0.95986 0.96782 0.97605 0.98461 0.99319 1.0022 1.0109 1.0211 1.0321 1.0441 1.057 1.0708 1.0854 1.101 1.1175 1.1348 1.153 1.172 1.1921 1.213 1.2349 1.2577 1.2814 1.3062 1.332 1.3589 1.3867 1.4157 1.4458 1.477 1.5094 1.5431 1.578 1.6143 1.6518 1.6908 1.7311 1.7732 1.8169 1.8627 1.9101 1.9599 2.0116 2.0657 2.1221 2.1813 2.2433 2.3086 2.3774 2.4502 2.5276 2.61 2.698 2.7921 2.8935 2.9915 3.0966 3.2056 3.3108 3.3987 3.4615 3.5091 3.5539 3.6016 3.6582 
221 0.99579 0.96939 0.90629 0.87642 0.86287 0.85553 0.84967 0.84469 0.84063 0.83702 0.83375 0.83174 0.83158 0.83276 0.83495 0.83823 0.84266 0.84809 0.85427 0.86105 0.8682 0.87539 0.88231 0.88862 0.89428 0.89994 0.90568 0.9112 0.91662 0.92196 0.92743 0.93324 0.93932 0.94581 0.95264 0.96006 0.96801 0.97625 0.98482 0.99339 1.0024 1.0111 1.0214 1.0323 1.0444 1.0572 1.071 1.0857 1.1013 1.1178 1.1351 1.1533 1.1724 1.1925 1.2134 1.2353 1.2581 1.2818 1.3067 1.3324 1.3593 1.3872 1.4161 1.4462 1.4774 1.5099 1.5436 1.5785 1.6148 1.6523 1.6912 1.7315 1.7736 1.8173 1.8631 1.9105 1.9603 2.012 2.0661 2.1224 2.1816 2.2435 2.3088 2.3776 2.4504 2.5277 2.6101 2.6981 2.792 2.8934 2.9913 3.0963 3.2052 3.3103 3.3982 3.4609 3.5085 3.5534 3.6012 3.6578 
221.5 0.99612 0.96992 0.90675 0.87658 0.86295 0.85568 0.84985 0.84485 0.84078 0.83718 0.83391 0.83189 0.83174 0.83291 0.83509 0.83837 0.84281 0.84824 0.85443 0.8612 0.86836 0.87555 0.88247 0.88879 0.89445 0.90012 0.90586 0.91138 0.9168 0.92214 0.92761 0.93342 0.9395 0.946 0.95284 0.96026 0.96821 0.97644 0.98502 0.9936 1.0026 1.0114 1.0216 1.0326 1.0446 1.0575 1.0713 1.086 1.1017 1.1182 1.1355 1.1537 1.1728 1.1929 1.2138 1.2357 1.2585 1.2823 1.3071 1.3329 1.3598 1.3876 1.4166 1.4467 1.4779 1.5103 1.544 1.5789 1.6152 1.6527 1.6917 1.732 1.7741 1.8177 1.8635 1.9109 1.9606 2.0123 2.0664 2.1227 2.1819 2.2438 2.309 2.3778 2.4506 2.5278 2.6102 2.6981 2.792 2.8933 2.9911 3.096 3.2049 3.3099 3.3977 3.4603 3.5079 3.5528 3.6007 3.6575 
222 0.99646 0.97045 0.90722 0.87675 0.86304 0.85584 0.85003 0.84501 0.84093 0.83734 0.83407 0.83204 0.83189 0.83306 0.83524 0.83851 0.84295 0.84839 0.85458 0.86136 0.86852 0.87572 0.88264 0.88896 0.89463 0.90029 0.90604 0.91156 0.91698 0.92232 0.92779 0.93361 0.93969 0.94619 0.95304 0.96046 0.9684 0.97664 0.98522 0.99381 1.0028 1.0116 1.0218 1.0328 1.0449 1.0578 1.0716 1.0863 1.102 1.1185 1.1358 1.1541 1.1732 1.1933 1.2142 1.2361 1.259 1.2827 1.3075 1.3333 1.3602 1.3881 1.417 1.4471 1.4783 1.5108 1.5445 1.5794 1.6157 1.6531 1.6921 1.7324 1.7745 1.8181 1.8639 1.9113 1.961 2.0127 2.0667 2.123 2.1822 2.244 2.3093 2.378 2.4507 2.5279 2.6103 2.6982 2.792 2.8932 2.991 3.0957 3.2045 3.3094 3.3972 3.4597 3.5073 3.5522 3.6002 3.6572 
222.5 0.99608 0.97023 0.9072 0.87689 0.86324 0.85602 0.85019 0.84517 0.84109 0.83749 0.83422 0.8322 0.83205 0.83322 0.83539 0.83867 0.84312 0.84856 0.85474 0.86152 0.86868 0.87589 0.88281 0.88914 0.8948 0.90047 0.90622 0.91175 0.91717 0.9225 0.92798 0.93379 0.93988 0.94639 0.95324 0.96066 0.9686 0.97684 0.98542 0.99402 1.003 1.0118 1.0221 1.0331 1.0451 1.0581 1.0719 1.0866 1.1023 1.1188 1.1362 1.1544 1.1736 1.1937 1.2146 1.2365 1.2594 1.2831 1.308 1.3337 1.3606 1.3885 1.4175 1.4476 1.4788 1.5112 1.5449 1.5798 1.6161 1.6536 1.6925 1.7328 1.7749 1.8185 1.8643 1.9116 1.9613 2.013 2.067 2.1233 2.1825 2.2443 2.3095 2.3781 2.4509 2.528 2.6104 2.6982 2.7919 2.893 2.9908 3.0955 3.2041 3.309 3.3967 3.4593 3.5069 3.552 3.6001 3.657 
223 0.99544 0.96974 0.90702 0.87702 0.86348 0.85622 0.85034 0.84532 0.84124 0.83765 0.83437 0.83235 0.83221 0.83339 0.83556 0.83884 0.84328 0.84872 0.85491 0.86169 0.86885 0.87606 0.88298 0.88931 0.89497 0.90065 0.9064 0.91193 0.91736 0.92269 0.92817 0.93399 0.94008 0.94658 0.95344 0.96085 0.9688 0.97703 0.98563 0.99423 1.0032 1.012 1.0223 1.0333 1.0454 1.0584 1.0722 1.087 1.1026 1.1192 1.1365 1.1548 1.1739 1.1941 1.215 1.2369 1.2598 1.2835 1.3084 1.3342 1.3611 1.389 1.4179 1.448 1.4792 1.5117 1.5454 1.5803 1.6165 1.654 1.6929 1.7332 1.7753 1.8189 1.8646 1.912 1.9617 2.0133 2.0673 2.1236 2.1827 2.2445 2.3097 2.3783 2.451 2.5281 2.6104 2.6982 2.7918 2.8929 2.9906 3.0952 3.2038 3.3085 3.3962 3.459 3.5067 3.5519 3.6001 3.657 
223.5 0.9948 0.96925 0.90683 0.87715 0.86373 0.85642 0.85049 0.84547 0.8414 0.83781 0.83452 0.8325 0.83237 0.83355 0.83572 0.839 0.84345 0.84889 0.85509 0.86185 0.86901 0.87623 0.88316 0.88949 0.89514 0.90083 0.90658 0.91211 0.91755 0.92288 0.92836 0.93418 0.94027 0.94678 0.95363 0.96104 0.969 0.97723 0.98583 0.99444 1.0035 1.0123 1.0226 1.0336 1.0457 1.0586 1.0725 1.0873 1.103 1.1195 1.1369 1.1552 1.1743 1.1944 1.2154 1.2373 1.2602 1.284 1.3088 1.3346 1.3615 1.3894 1.4184 1.4484 1.4797 1.5121 1.5458 1.5807 1.617 1.6544 1.6933 1.7336 1.7757 1.8193 1.865 1.9124 1.9621 2.0136 2.0677 2.1239 2.183 2.2448 2.3099 2.3785 2.4512 2.5282 2.6105 2.6983 2.7918 2.8928 2.9904 3.095 3.2034 3.3081 3.3958 3.4586 3.5065 3.5519 3.6001 3.6569 
224 0.99417 0.96875 0.90665 0.87728 0.86397 0.85662 0.85064 0.84562 0.84156 0.83796 0.83466 0.83265 0.83254 0.83371 0.83589 0.83917 0.84362 0.84906 0.85526 0.86202 0.86918 0.87641 0.88333 0.88966 0.89532 0.90101 0.90676 0.9123 0.91773 0.92307 0.92856 0.93437 0.94047 0.94698 0.95383 0.96123 0.96919 0.97743 0.98603 0.99465 1.0037 1.0125 1.0228 1.0338 1.046 1.0589 1.0728 1.0876 1.1033 1.1198 1.1372 1.1555 1.1747 1.1948 1.2158 1.2378 1.2606 1.2844 1.3092 1.335 1.3619 1.3899 1.4188 1.4489 1.4801 1.5126 1.5462 1.5812 1.6174 1.6548 1.6937 1.734 1.776 1.8197 1.8654 1.9127 1.9624 2.014 2.068 2.1242 2.1833 2.245 2.3101 2.3786 2.4513 2.5283 2.6105 2.6983 2.7917 2.8926 2.9902 3.0947 3.2031 3.3077 3.3954 3.4582 3.5063 3.5518 3.6001 3.6569 
224.5 0.99385 0.96784 0.9059 0.87743 0.86437 0.8568 0.85075 0.84577 0.84173 0.8381 0.83481 0.8328 0.83268 0.83386 0.83604 0.83932 0.84377 0.84921 0.85541 0.86219 0.86935 0.87657 0.8835 0.88983 0.89549 0.90119 0.90694 0.91248 0.91791 0.92325 0.92874 0.93456 0.94066 0.94717 0.95402 0.96143 0.9694 0.97764 0.98624 0.99486 1.0039 1.0127 1.0231 1.0341 1.0462 1.0592 1.0731 1.0879 1.1036 1.1202 1.1376 1.1559 1.1751 1.1952 1.2162 1.2382 1.261 1.2848 1.3097 1.3355 1.3624 1.3903 1.4192 1.4493 1.4805 1.513 1.5467 1.5816 1.6178 1.6553 1.6942 1.7345 1.7764 1.8201 1.8657 1.9131 1.9628 2.0143 2.0683 2.1245 2.1835 2.2453 2.3103 2.3788 2.4514 2.5285 2.6106 2.6984 2.7917 2.8926 2.9902 3.0946 3.2029 3.3075 3.3952 3.458 3.506 3.5515 3.5998 3.6568 
225 0.99354 0.96692 0.90513 0.87757 0.86478 0.85698 0.85086 0.84593 0.84189 0.83824 0.83496 0.83296 0.83283 0.83401 0.83619 0.83947 0.84392 0.84937 0.85557 0.86236 0.86952 0.87674 0.88367 0.89 0.89567 0.90137 0.90712 0.91266 0.91809 0.92343 0.92893 0.93474 0.94085 0.94736 0.95422 0.96163 0.9696 0.97785 0.98646 0.99508 1.0041 1.013 1.0233 1.0344 1.0465 1.0595 1.0734 1.0882 1.1039 1.1205 1.1379 1.1562 1.1754 1.1956 1.2166 1.2386 1.2614 1.2852 1.3101 1.3359 1.3628 1.3907 1.4197 1.4498 1.481 1.5134 1.5471 1.582 1.6182 1.6557 1.6946 1.7349 1.7768 1.8205 1.8661 1.9135 1.9631 2.0146 2.0686 2.1248 2.1837 2.2455 2.3105 2.379 2.4516 2.5286 2.6107 2.6984 2.7917 2.8925 2.9901 3.0944 3.2028 3.3073 3.395 3.4578 3.5058 3.5512 3.5996 3.6567 
225.5 0.99323 0.96599 0.90437 0.87772 0.86519 0.85717 0.85097 0.84608 0.84206 0.83838 0.83511 0.83312 0.83297 0.83416 0.83634 0.83962 0.84408 0.84952 0.85573 0.86253 0.86968 0.8769 0.88385 0.89017 0.89585 0.90156 0.9073 0.91284 0.91827 0.92361 0.92912 0.93493 0.94104 0.94755 0.95441 0.96183 0.9698 0.97806 0.98667 0.99529 1.0043 1.0132 1.0235 1.0346 1.0468 1.0598 1.0737 1.0885 1.1043 1.1209 1.1383 1.1566 1.1758 1.196 1.217 1.239 1.2618 1.2856 1.3105 1.3363 1.3632 1.3911 1.4201 1.4502 1.4814 1.5139 1.5475 1.5824 1.6186 1.6561 1.695 1.7353 1.7772 1.8209 1.8664 1.9139 1.9634 2.0149 2.0689 2.1251 2.184 2.2458 2.3107 2.3792 2.4517 2.5287 2.6108 2.6985 2.7917 2.8925 2.99 3.0943 3.2026 3.3071 3.3948 3.4576 3.5055 3.5508 3.5993 3.6566 
226 0.99308 0.96546 0.90394 0.87787 0.86551 0.85734 0.8511 0.84623 0.84222 0.83853 0.83525 0.83327 0.83312 0.83431 0.83649 0.83977 0.84423 0.84967 0.85589 0.8627 0.86985 0.87707 0.88402 0.89034 0.89602 0.90173 0.90748 0.91302 0.91845 0.9238 0.92931 0.93512 0.94123 0.94774 0.9546 0.96203 0.97001 0.97827 0.98688 0.99551 1.0046 1.0134 1.0238 1.0349 1.047 1.0601 1.074 1.0888 1.1046 1.1212 1.1386 1.157 1.1762 1.1964 1.2174 1.2394 1.2623 1.2861 1.311 1.3368 1.3637 1.3916 1.4205 1.4506 1.4818 1.5143 1.5479 1.5828 1.6191 1.6565 1.6954 1.7357 1.7776 1.8213 1.8668 1.9142 1.9638 2.0153 2.0692 2.1254 2.1842 2.246 2.3109 2.3794 2.4519 2.5288 2.6109 2.6985 2.7917 2.8924 2.9899 3.0942 3.2024 3.3069 3.3945 3.4573 3.5052 3.5505 3.5991 3.6564 
226.5 0.9936 0.96661 0.90496 0.87803 0.86542 0.85748 0.8513 0.84639 0.84236 0.83869 0.83541 0.83342 0.83327 0.83446 0.83665 0.83994 0.8444 0.84984 0.85606 0.86286 0.87003 0.87725 0.8842 0.89051 0.89619 0.9019 0.90767 0.9132 0.91864 0.92399 0.9295 0.93531 0.94142 0.94794 0.9548 0.96223 0.97021 0.97848 0.98709 0.99572 1.0048 1.0137 1.024 1.0351 1.0473 1.0603 1.0743 1.0891 1.1049 1.1215 1.139 1.1573 1.1766 1.1967 1.2178 1.2398 1.2627 1.2865 1.3114 1.3372 1.3641 1.392 1.421 1.4511 1.4823 1.5147 1.5483 1.5833 1.6195 1.6569 1.6958 1.736 1.778 1.8216 1.8672 1.9145 1.9641 2.0156 2.0695 2.1256 2.1845 2.2462 2.3111 2.3796 2.452 2.5289 2.6109 2.6985 2.7917 2.8923 2.9897 3.0939 3.202 3.3063 3.3938 3.4566 3.5046 3.55 3.5987 3.6562 
227 0.99412 0.96776 0.90598 0.87818 0.86534 0.85762 0.85151 0.84655 0.84251 0.83884 0.83556 0.83356 0.83343 0.83462 0.83682 0.84011 0.84457 0.85001 0.85624 0.86303 0.8702 0.87742 0.88437 0.89068 0.89635 0.90207 0.90785 0.91339 0.91883 0.92418 0.92969 0.93551 0.94162 0.94813 0.955 0.96243 0.97041 0.97868 0.9873 0.99594 1.005 1.0139 1.0243 1.0354 1.0476 1.0606 1.0746 1.0895 1.1052 1.1219 1.1393 1.1577 1.1769 1.1971 1.2182 1.2402 1.2631 1.2869 1.3118 1.3376 1.3645 1.3924 1.4214 1.4515 1.4827 1.5151 1.5488 1.5837 1.6199 1.6573 1.6962 1.7364 1.7784 1.822 1.8676 1.9149 1.9644 2.0159 2.0698 2.1259 2.1848 2.2465 2.3113 2.3797 2.4522 2.529 2.611 2.6985 2.7917 2.8923 2.9895 3.0936 3.2016 3.3058 3.3932 3.4559 3.504 3.5495 3.5984 3.6559 
227.5 0.99464 0.9689 0.907 0.87834 0.86526 0.85776 0.85172 0.8467 0.84265 0.839 0.83571 0.83371 0.83359 0.83477 0.83698 0.84027 0.84474 0.85018 0.85642 0.8632 0.87038 0.8776 0.88454 0.89085 0.89652 0.90224 0.90804 0.91358 0.91901 0.92437 0.92988 0.9357 0.94181 0.94833 0.95519 0.96263 0.97061 0.97888 0.98751 0.99616 1.0052 1.0141 1.0245 1.0357 1.0479 1.0609 1.0749 1.0898 1.1056 1.1222 1.1397 1.1581 1.1773 1.1975 1.2186 1.2405 1.2635 1.2873 1.3122 1.338 1.3649 1.3929 1.4218 1.4519 1.4831 1.5156 1.5492 1.5841 1.6203 1.6577 1.6966 1.7368 1.7788 1.8223 1.8679 1.9152 1.9648 2.0162 2.0701 2.1261 2.1851 2.2467 2.3115 2.3799 2.4523 2.5291 2.6111 2.6985 2.7917 2.8922 2.9894 3.0933 3.2011 3.3052 3.3925 3.4552 3.5034 3.5491 3.598 3.6556 
228 0.99563 0.97015 0.90793 0.87855 0.86525 0.85789 0.8519 0.84686 0.84279 0.83915 0.83586 0.83385 0.83374 0.83493 0.83715 0.84044 0.84491 0.85035 0.85659 0.86337 0.87055 0.87777 0.88472 0.89102 0.89669 0.90242 0.90822 0.91376 0.9192 0.92456 0.93007 0.93589 0.94201 0.94852 0.95539 0.96283 0.97082 0.97909 0.98771 0.99637 1.0054 1.0144 1.0248 1.0359 1.0481 1.0612 1.0752 1.0901 1.1059 1.1225 1.14 1.1584 1.1777 1.1979 1.2189 1.2409 1.2639 1.2877 1.3126 1.3384 1.3654 1.3933 1.4223 1.4524 1.4835 1.516 1.5496 1.5845 1.6207 1.6581 1.697 1.7372 1.7791 1.8227 1.8683 1.9155 1.9651 2.0165 2.0704 2.1264 2.1853 2.2469 2.3117 2.3801 2.4525 2.5292 2.6111 2.6985 2.7917 2.8922 2.9892 3.0931 3.2008 3.3047 3.3919 3.4546 3.5027 3.5484 3.5974 3.655 
228.5 0.99725 0.97154 0.90874 0.87884 0.86533 0.858 0.85206 0.84701 0.84293 0.8393 0.836 0.834 0.8339 0.8351 0.83731 0.84061 0.84508 0.85053 0.85677 0.86354 0.87072 0.87794 0.88489 0.8912 0.89688 0.9026 0.90839 0.91393 0.91938 0.92474 0.93026 0.93609 0.9422 0.94872 0.95559 0.96303 0.97102 0.97929 0.98792 0.99657 1.0056 1.0146 1.025 1.0362 1.0484 1.0615 1.0755 1.0904 1.1062 1.1229 1.1404 1.1588 1.178 1.1982 1.2193 1.2413 1.2642 1.2881 1.313 1.3388 1.3658 1.3937 1.4227 1.4528 1.4839 1.5164 1.55 1.5849 1.6211 1.6585 1.6974 1.7376 1.7795 1.8231 1.8687 1.9159 1.9654 2.0168 2.0707 2.1267 2.1856 2.2471 2.3119 2.3802 2.4526 2.5293 2.6112 2.6985 2.7916 2.8921 2.9891 3.0929 3.2005 3.3043 3.3914 3.454 3.502 3.5475 3.5964 3.654 
229 0.99888 0.97292 0.90956 0.87913 0.86541 0.85812 0.85222 0.84717 0.84307 0.83944 0.83615 0.83415 0.83405 0.83527 0.83747 0.84077 0.84525 0.85071 0.85694 0.86371 0.8709 0.87811 0.88506 0.89138 0.89707 0.90279 0.90857 0.91411 0.91957 0.92493 0.93045 0.93628 0.94239 0.94891 0.9558 0.96322 0.97122 0.9795 0.98812 0.99678 1.0058 1.0148 1.0253 1.0364 1.0487 1.0618 1.0758 1.0907 1.1065 1.1232 1.1407 1.1591 1.1784 1.1986 1.2197 1.2417 1.2646 1.2885 1.3134 1.3392 1.3662 1.3941 1.4231 1.4532 1.4844 1.5168 1.5504 1.5853 1.6215 1.6589 1.6978 1.738 1.7799 1.8234 1.869 1.9162 1.9657 2.0171 2.0709 2.1269 2.1858 2.2473 2.3121 2.3804 2.4527 2.5294 2.6112 2.6985 2.7916 2.892 2.9889 3.0926 3.2002 3.304 3.391 3.4534 3.5012 3.5465 3.5953 3.6529 
229.5 1.0005 0.9743 0.91037 0.87942 0.86549 0.85823 0.85238 0.84732 0.8432 0.83959 0.83629 0.8343 0.83421 0.83543 0.83764 0.84094 0.84541 0.85089 0.85711 0.86388 0.87107 0.87828 0.88523 0.89156 0.89725 0.90297 0.90874 0.91429 0.91975 0.92512 0.93064 0.93647 0.94258 0.94911 0.956 0.96342 0.97142 0.9797 0.98832 0.99698 1.006 1.015 1.0255 1.0367 1.0489 1.0621 1.0761 1.091 1.1069 1.1235 1.1411 1.1595 1.1787 1.199 1.2201 1.2421 1.265 1.2889 1.3138 1.3396 1.3666 1.3945 1.4235 1.4536 1.4848 1.5172 1.5509 1.5857 1.6219 1.6593 1.6982 1.7384 1.7803 1.8238 1.8694 1.9165 1.9661 2.0174 2.0712 2.1272 2.186 2.2475 2.3123 2.3805 2.4528 2.5295 2.6112 2.6985 2.7915 2.8919 2.9888 3.0924 3.1999 3.3036 3.3905 3.4528 3.5004 3.5456 3.5943 3.6518 
230 1.0006 0.97435 0.91044 0.87959 0.86569 0.8584 0.85253 0.84747 0.84335 0.83973 0.83644 0.83446 0.83437 0.8356 0.83781 0.84111 0.84558 0.85106 0.85727 0.86406 0.87124 0.87845 0.8854 0.89173 0.89743 0.90315 0.90892 0.91446 0.91994 0.92531 0.93083 0.93666 0.94278 0.9493 0.95619 0.96362 0.97162 0.9799 0.98852 0.99718 1.0062 1.0153 1.0257 1.0369 1.0492 1.0623 1.0764 1.0913 1.1072 1.1239 1.1414 1.1598 1.1791 1.1994 1.2205 1.2425 1.2654 1.2893 1.3142 1.34 1.367 1.3949 1.4239 1.454 1.4852 1.5176 1.5513 1.5861 1.6223 1.6597 1.6985 1.7387 1.7806 1.8242 1.8697 1.9169 1.9664 2.0177 2.0715 2.1275 2.1863 2.2477 2.3125 2.3807 2.4529 2.5296 2.6113 2.6985 2.7914 2.8917 2.9886 3.0922 3.1996 3.3033 3.3902 3.4524 3.5001 3.5453 3.594 3.6517 
230.5 0.99987 0.97368 0.91011 0.8797 0.86596 0.8586 0.85268 0.84762 0.84351 0.83988 0.8366 0.83462 0.83453 0.83576 0.83798 0.84127 0.84574 0.85122 0.85743 0.86422 0.8714 0.87863 0.88557 0.89189 0.8976 0.90333 0.9091 0.91464 0.92012 0.92549 0.93101 0.93686 0.94297 0.9495 0.95638 0.96382 0.97182 0.9801 0.98873 0.99738 1.0064 1.0155 1.026 1.0372 1.0495 1.0626 1.0767 1.0916 1.1075 1.1242 1.1417 1.1602 1.1795 1.1997 1.2208 1.2429 1.2658 1.2897 1.3146 1.3404 1.3674 1.3954 1.4243 1.4544 1.4856 1.518 1.5517 1.5865 1.6227 1.6601 1.6989 1.7391 1.781 1.8245 1.87 1.9172 1.9667 2.018 2.0718 2.1277 2.1865 2.248 2.3127 2.3809 2.4531 2.5297 2.6114 2.6985 2.7914 2.8916 2.9884 3.092 3.1993 3.303 3.3899 3.4523 3.5001 3.5454 3.5943 3.652 
231 0.99913 0.973 0.90977 0.87981 0.86622 0.8588 0.85283 0.84777 0.84367 0.84003 0.83675 0.83478 0.83469 0.83592 0.83815 0.84144 0.8459 0.85138 0.85759 0.86439 0.87157 0.8788 0.88574 0.89206 0.89778 0.90351 0.90928 0.91482 0.9203 0.92567 0.93119 0.93705 0.94316 0.94969 0.95657 0.96402 0.97201 0.9803 0.98893 0.99758 1.0066 1.0157 1.0262 1.0374 1.0498 1.0629 1.077 1.0919 1.1078 1.1245 1.1421 1.1605 1.1798 1.2001 1.2212 1.2432 1.2662 1.2901 1.315 1.3408 1.3678 1.3958 1.4247 1.4548 1.486 1.5184 1.5521 1.5869 1.6231 1.6605 1.6993 1.7395 1.7813 1.8249 1.8703 1.9176 1.967 2.0183 2.0721 2.128 2.1868 2.2482 2.3129 2.381 2.4532 2.5298 2.6114 2.6986 2.7913 2.8915 2.9883 3.0917 3.1991 3.3027 3.3897 3.4521 3.5 3.5455 3.5945 3.6523 
231.5 0.99839 0.97232 0.90944 0.87992 0.86649 0.859 0.85297 0.84792 0.84383 0.84017 0.83691 0.83494 0.83485 0.83608 0.83832 0.8416 0.84606 0.85154 0.85775 0.86456 0.87173 0.87898 0.8859 0.89222 0.89795 0.90368 0.90946 0.915 0.92048 0.92585 0.93138 0.93724 0.94336 0.94989 0.95676 0.96422 0.97221 0.9805 0.98913 0.99777 1.0068 1.0159 1.0264 1.0377 1.05 1.0632 1.0773 1.0922 1.1081 1.1248 1.1424 1.1609 1.1802 1.2005 1.2216 1.2436 1.2666 1.2904 1.3154 1.3413 1.3682 1.3962 1.4251 1.4552 1.4864 1.5189 1.5525 1.5873 1.6235 1.6609 1.6997 1.7399 1.7817 1.8253 1.8706 1.9179 1.9673 2.0186 2.0724 2.1283 2.187 2.2484 2.313 2.3812 2.4534 2.5299 2.6115 2.6986 2.7913 2.8913 2.9881 3.0915 3.1988 3.3025 3.3894 3.4519 3.5 3.5456 3.5947 3.6526 
232 0.99852 0.97253 0.90967 0.88007 0.86662 0.85916 0.85314 0.84808 0.84399 0.84034 0.83707 0.8351 0.835 0.83624 0.83848 0.84177 0.84622 0.8517 0.85791 0.86472 0.8719 0.87915 0.88608 0.8924 0.89813 0.90386 0.90963 0.91518 0.92066 0.92604 0.93156 0.93743 0.94355 0.95008 0.95695 0.96441 0.97241 0.98069 0.98932 0.99796 1.007 1.0161 1.0267 1.038 1.0503 1.0635 1.0776 1.0925 1.1084 1.1252 1.1427 1.1612 1.1805 1.2008 1.2219 1.244 1.267 1.2908 1.3158 1.3416 1.3686 1.3966 1.4255 1.4556 1.4868 1.5193 1.5529 1.5877 1.6239 1.6613 1.7 1.7402 1.7821 1.8256 1.871 1.9182 1.9676 2.0189 2.0726 2.1285 2.1872 2.2486 2.3132 2.3813 2.4535 2.53 2.6115 2.6986 2.7912 2.8912 2.9879 3.0913 3.1985 3.3021 3.389 3.4516 3.4997 3.5454 3.5947 3.6527 
232.5 0.99877 0.97287 0.90997 0.88022 0.86673 0.85931 0.85331 0.84824 0.84415 0.84051 0.83723 0.83525 0.83516 0.8364 0.83864 0.84194 0.84639 0.85186 0.85807 0.86488 0.87207 0.87932 0.88626 0.89259 0.89831 0.90403 0.9098 0.91536 0.92084 0.92622 0.93175 0.93761 0.94374 0.95026 0.95714 0.9646 0.9726 0.98089 0.98951 0.99814 1.0072 1.0163 1.0269 1.0382 1.0505 1.0637 1.0779 1.0928 1.1088 1.1255 1.1431 1.1616 1.1809 1.2012 1.2223 1.2444 1.2673 1.2912 1.3162 1.342 1.369 1.397 1.4259 1.456 1.4872 1.5196 1.5533 1.5881 1.6243 1.6616 1.7004 1.7406 1.7824 1.8259 1.8713 1.9185 1.9679 2.0192 2.0729 2.1288 2.1874 2.2488 2.3134 2.3815 2.4536 2.5301 2.6116 2.6986 2.7912 2.8911 2.9878 3.0911 3.1982 3.3017 3.3886 3.4512 3.4994 3.5453 3.5946 3.6527 
233 0.99902 0.9732 0.91028 0.88037 0.86685 0.85947 0.85348 0.8484 0.84432 0.84068 0.8374 0.83541 0.83531 0.83656 0.8388 0.84212 0.84656 0.85202 0.85822 0.86503 0.87223 0.87948 0.88644 0.89277 0.89848 0.90421 0.90997 0.91554 0.92102 0.92641 0.93193 0.9378 0.94393 0.95044 0.95733 0.9648 0.97279 0.98108 0.9897 0.99832 1.0074 1.0165 1.0271 1.0384 1.0508 1.064 1.0781 1.0931 1.1091 1.1258 1.1434 1.1619 1.1812 1.2015 1.2227 1.2447 1.2677 1.2916 1.3166 1.3424 1.3694 1.3974 1.4263 1.4564 1.4876 1.52 1.5537 1.5885 1.6247 1.662 1.7008 1.7409 1.7828 1.8263 1.8717 1.9188 1.9682 2.0195 2.0731 2.129 2.1877 2.249 2.3136 2.3816 2.4537 2.5301 2.6116 2.6986 2.7911 2.891 2.9876 3.0908 3.1979 3.3013 3.3882 3.4508 3.4991 3.5451 3.5945 3.6527 
233.5 0.99919 0.97341 0.91048 0.88053 0.86699 0.85963 0.85364 0.84856 0.84448 0.84084 0.83756 0.83556 0.83546 0.83672 0.83896 0.84228 0.84673 0.85218 0.85838 0.86519 0.8724 0.87965 0.88662 0.89295 0.89866 0.90438 0.91014 0.91572 0.9212 0.92659 0.93212 0.93798 0.94412 0.95063 0.95752 0.96499 0.97299 0.98128 0.98989 0.9985 1.0075 1.0167 1.0274 1.0387 1.0511 1.0643 1.0784 1.0934 1.1094 1.1261 1.1438 1.1622 1.1816 1.2019 1.2231 1.2451 1.2681 1.292 1.3169 1.3428 1.3698 1.3978 1.4267 1.4568 1.488 1.5204 1.5541 1.5889 1.6251 1.6624 1.7012 1.7413 1.7831 1.8266 1.872 1.9191 1.9685 2.0197 2.0734 2.1293 2.1879 2.2492 2.3138 2.3818 2.4538 2.5302 2.6116 2.6986 2.7911 2.8909 2.9875 3.0906 3.1976 3.3009 3.3877 3.4504 3.4988 3.5449 3.5944 3.6526 
234 0.99866 0.97247 0.90979 0.88068 0.86739 0.85983 0.85376 0.84872 0.84465 0.84101 0.83772 0.83572 0.83562 0.83687 0.83911 0.84243 0.84688 0.85233 0.85854 0.86537 0.87257 0.87983 0.88679 0.89313 0.89883 0.90455 0.91032 0.9159 0.92139 0.92677 0.9323 0.93817 0.9443 0.95082 0.95771 0.96517 0.97317 0.98146 0.99006 0.99867 1.0077 1.0169 1.0276 1.0389 1.0513 1.0646 1.0787 1.0937 1.1097 1.1265 1.1441 1.1626 1.1819 1.2023 1.2234 1.2455 1.2685 1.2924 1.3173 1.3432 1.3702 1.3982 1.4271 1.4572 1.4884 1.5208 1.5544 1.5893 1.6254 1.6628 1.7015 1.7416 1.7835 1.8269 1.8723 1.9194 1.9688 2.02 2.0737 2.1295 2.1881 2.2494 2.314 2.382 2.4539 2.5303 2.6117 2.6986 2.791 2.8909 2.9874 3.0905 3.1974 3.3006 3.3875 3.4501 3.4984 3.5444 3.5938 3.652 
234.5 0.99813 0.97154 0.9091 0.88083 0.86779 0.86003 0.85389 0.84888 0.84482 0.84117 0.83787 0.83589 0.83577 0.83702 0.83925 0.84257 0.84703 0.85249 0.85871 0.86554 0.87275 0.88 0.88697 0.8933 0.89899 0.90472 0.9105 0.91609 0.92157 0.92695 0.93248 0.93835 0.94448 0.95101 0.9579 0.96535 0.97336 0.98163 0.99023 0.99885 1.0078 1.0171 1.0278 1.0392 1.0516 1.0648 1.079 1.094 1.11 1.1268 1.1444 1.1629 1.1823 1.2026 1.2238 1.2459 1.2689 1.2927 1.3177 1.3436 1.3706 1.3986 1.4275 1.4576 1.4888 1.5212 1.5548 1.5897 1.6258 1.6631 1.7019 1.742 1.7838 1.8273 1.8727 1.9198 1.9691 2.0203 2.0739 2.1297 2.1883 2.2496 2.3141 2.3821 2.454 2.5304 2.6117 2.6986 2.791 2.8908 2.9873 3.0903 3.1972 3.3004 3.3872 3.4497 3.498 3.5439 3.5932 3.6513 
235 0.9976 0.97061 0.90841 0.88098 0.86818 0.86023 0.85401 0.84904 0.84499 0.84133 0.83802 0.83605 0.83593 0.83716 0.8394 0.84271 0.84719 0.85264 0.85887 0.86571 0.87292 0.88017 0.88714 0.89348 0.89915 0.90488 0.91068 0.91627 0.92176 0.92713 0.93267 0.93854 0.94466 0.95121 0.95808 0.96553 0.97355 0.98181 0.99041 0.99902 1.008 1.0173 1.028 1.0394 1.0518 1.0651 1.0793 1.0943 1.1103 1.1271 1.1447 1.1633 1.1826 1.203 1.2241 1.2462 1.2692 1.2931 1.3181 1.344 1.371 1.3989 1.4279 1.458 1.4892 1.5216 1.5552 1.59 1.6262 1.6635 1.7023 1.7423 1.7842 1.8276 1.873 1.9201 1.9694 2.0206 2.0742 2.13 2.1886 2.2498 2.3143 2.3823 2.4541 2.5305 2.6117 2.6986 2.791 2.8907 2.9872 3.0902 3.197 3.3002 3.3869 3.4494 3.4976 3.5434 3.5927 3.6507 
235.5 0.99783 0.97055 0.90832 0.88117 0.86845 0.8604 0.85416 0.84921 0.84516 0.84149 0.83818 0.83621 0.83609 0.83732 0.83955 0.84286 0.84734 0.8528 0.85904 0.86588 0.87309 0.88034 0.88731 0.89365 0.89932 0.90505 0.91086 0.91645 0.92194 0.92731 0.93285 0.93872 0.94485 0.9514 0.95827 0.9657 0.97373 0.98198 0.99058 0.99919 1.0081 1.0175 1.0282 1.0396 1.0521 1.0654 1.0796 1.0946 1.1106 1.1274 1.1451 1.1636 1.183 1.2033 1.2245 1.2466 1.2696 1.2935 1.3185 1.3444 1.3714 1.3993 1.4283 1.4584 1.4896 1.522 1.5556 1.5904 1.6266 1.6639 1.7026 1.7427 1.7845 1.8279 1.8733 1.9204 1.9697 2.0209 2.0745 2.1302 2.1888 2.25 2.3145 2.3824 2.4542 2.5306 2.6117 2.6987 2.7909 2.8907 2.9871 3.0901 3.1969 3.3 3.3867 3.449 3.497 3.5426 3.5916 3.6495 
236 0.99958 0.97227 0.90944 0.88146 0.86844 0.86051 0.85435 0.84938 0.84532 0.84165 0.83833 0.83636 0.83626 0.83748 0.83971 0.84303 0.84751 0.85298 0.85922 0.86605 0.87325 0.88051 0.88748 0.89381 0.8995 0.90523 0.91104 0.91663 0.92212 0.9275 0.93304 0.93891 0.94503 0.95158 0.95845 0.96589 0.9739 0.98215 0.99074 0.99934 1.0083 1.0176 1.0284 1.0398 1.0523 1.0656 1.0799 1.0949 1.1109 1.1278 1.1454 1.1639 1.1833 1.2037 1.2249 1.247 1.27 1.2939 1.3189 1.3448 1.3718 1.3997 1.4287 1.4588 1.49 1.5224 1.556 1.5908 1.6269 1.6642 1.703 1.743 1.7849 1.8283 1.8736 1.9207 1.97 2.0212 2.0747 2.1305 2.189 2.2502 2.3147 2.3826 2.4543 2.5306 2.6118 2.6987 2.7909 2.8906 2.9871 3.0901 3.1969 3.3 3.3865 3.4485 3.496 3.5411 3.5897 3.6472 
236.5 1.0013 0.97399 0.91056 0.88174 0.86842 0.86063 0.85455 0.84956 0.84548 0.8418 0.83849 0.83652 0.83643 0.83765 0.83988 0.8432 0.84768 0.85315 0.85939 0.86621 0.87342 0.88068 0.88765 0.89398 0.89967 0.9054 0.91121 0.91681 0.9223 0.92768 0.93322 0.93909 0.94522 0.95176 0.95863 0.96607 0.97407 0.98231 0.9909 0.99949 1.0084 1.0178 1.0286 1.0401 1.0526 1.0659 1.0801 1.0952 1.1112 1.1281 1.1457 1.1643 1.1837 1.204 1.2252 1.2473 1.2704 1.2943 1.3193 1.3452 1.3721 1.4001 1.4291 1.4592 1.4904 1.5228 1.5564 1.5912 1.6273 1.6646 1.7034 1.7434 1.7852 1.8286 1.874 1.921 1.9703 2.0214 2.075 2.1307 2.1892 2.2504 2.3148 2.3827 2.4545 2.5307 2.6118 2.6987 2.7909 2.8906 2.987 3.0901 3.1969 3.3 3.3863 3.448 3.495 3.5396 3.5878 3.645 
237 1.0031 0.97572 0.91168 0.88202 0.86841 0.86074 0.85474 0.84973 0.84564 0.84196 0.83865 0.83667 0.8366 0.83782 0.84004 0.84336 0.84785 0.85333 0.85957 0.86638 0.87358 0.88084 0.88782 0.89414 0.89985 0.90558 0.91139 0.91699 0.92248 0.92786 0.93341 0.93927 0.94541 0.95194 0.95881 0.96625 0.97423 0.98248 0.99106 0.99963 1.0086 1.018 1.0288 1.0403 1.0528 1.0662 1.0804 1.0955 1.1115 1.1284 1.1461 1.1646 1.184 1.2044 1.2256 1.2477 1.2707 1.2946 1.3197 1.3455 1.3725 1.4005 1.4295 1.4595 1.4907 1.5231 1.5567 1.5916 1.6277 1.665 1.7037 1.7438 1.7856 1.8289 1.8743 1.9213 1.9706 2.0217 2.0752 2.1309 2.1895 2.2506 2.315 2.3829 2.4546 2.5308 2.6119 2.6987 2.7909 2.8906 2.987 3.0901 3.1969 3.3 3.3861 3.4475 3.4941 3.5382 3.5858 3.6427 
237.5 1.0036 0.97642 0.91225 0.88222 0.86849 0.86089 0.85492 0.8499 0.8458 0.84212 0.83881 0.83683 0.83676 0.83798 0.8402 0.84352 0.84801 0.85349 0.85974 0.86655 0.87375 0.88101 0.88799 0.89431 0.90002 0.90576 0.91157 0.91717 0.92266 0.92805 0.93359 0.93946 0.94559 0.95212 0.95899 0.96642 0.9744 0.98264 0.99119 0.99981 1.0087 1.0182 1.029 1.0405 1.053 1.0664 1.0807 1.0958 1.1118 1.1287 1.1464 1.1649 1.1844 1.2048 1.226 1.2481 1.2711 1.295 1.32 1.3459 1.3729 1.4009 1.4298 1.4599 1.4911 1.5235 1.5571 1.5919 1.6281 1.6654 1.7041 1.7441 1.7859 1.8292 1.8746 1.9216 1.9708 2.022 2.0755 2.1312 2.1897 2.2508 2.3152 2.3831 2.4547 2.5309 2.6119 2.6987 2.7909 2.8906 2.9869 3.09 3.1967 3.2997 3.3857 3.447 3.4935 3.5376 3.5853 3.6422 
238 1.0032 0.97632 0.91238 0.88235 0.86865 0.86108 0.8551 0.85005 0.84595 0.84228 0.83898 0.83699 0.83691 0.83813 0.84035 0.84368 0.84816 0.85365 0.85989 0.86672 0.87392 0.88118 0.88816 0.89448 0.9002 0.90595 0.91176 0.91735 0.92284 0.92823 0.93378 0.93964 0.94577 0.95229 0.95916 0.96659 0.97456 0.9828 0.99132 1 1.0087 1.0184 1.0291 1.0407 1.0533 1.0667 1.081 1.0961 1.1121 1.129 1.1467 1.1653 1.1847 1.2051 1.2263 1.2484 1.2715 1.2954 1.3204 1.3463 1.3733 1.4013 1.4302 1.4603 1.4915 1.5239 1.5575 1.5923 1.6284 1.6657 1.7044 1.7444 1.7862 1.8295 1.8749 1.9219 1.9711 2.0222 2.0757 2.1314 2.1899 2.251 2.3154 2.3832 2.4549 2.531 2.612 2.6986 2.7909 2.8906 2.9868 3.0897 3.1964 3.2992 3.3851 3.4464 3.4932 3.5376 3.5857 3.643 
238.5 1.0028 0.97623 0.91251 0.88247 0.8688 0.86127 0.85527 0.8502 0.8461 0.84244 0.83915 0.83716 0.83705 0.83828 0.84051 0.84383 0.84832 0.8538 0.86005 0.86689 0.8741 0.88135 0.88832 0.89465 0.90037 0.90613 0.91194 0.91753 0.92301 0.92841 0.93396 0.93982 0.94595 0.95246 0.95933 0.96675 0.97472 0.98296 0.99144 1.0002 1.0088 1.0186 1.0293 1.041 1.0535 1.0669 1.0812 1.0963 1.1124 1.1293 1.147 1.1656 1.185 1.2055 1.2267 1.2488 1.2718 1.2958 1.3208 1.3467 1.3737 1.4016 1.4306 1.4607 1.4919 1.5243 1.5579 1.5927 1.6288 1.6661 1.7048 1.7448 1.7865 1.8299 1.8752 1.9222 1.9714 2.0225 2.076 2.1317 2.1901 2.2512 2.3156 2.3833 2.455 2.531 2.6121 2.6986 2.791 2.8906 2.9868 3.0895 3.196 3.2986 3.3846 3.4459 3.4929 3.5377 3.5862 3.6438 
239 1.0024 0.97613 0.91264 0.8826 0.86895 0.86146 0.85545 0.85036 0.84626 0.84259 0.83932 0.83732 0.8372 0.83843 0.84066 0.84399 0.84847 0.85396 0.86021 0.86706 0.87427 0.88152 0.88849 0.89482 0.90055 0.90632 0.91213 0.91771 0.92319 0.92859 0.93414 0.94 0.94612 0.95263 0.9595 0.96692 0.97488 0.98312 0.99156 1.0004 1.0089 1.0188 1.0294 1.0412 1.0537 1.0672 1.0815 1.0966 1.1128 1.1296 1.1474 1.1659 1.1854 1.2058 1.227 1.2492 1.2722 1.2961 1.3211 1.347 1.3741 1.402 1.431 1.4611 1.4923 1.5246 1.5582 1.593 1.6291 1.6664 1.7051 1.7451 1.7869 1.8302 1.8755 1.9225 1.9717 2.0228 2.0763 2.1319 2.1903 2.2514 2.3157 2.3835 2.4551 2.5311 2.6121 2.6986 2.791 2.8905 2.9867 3.0893 3.1956 3.2981 3.384 3.4454 3.4927 3.5378 3.5867 3.6446 
239.5 1.0028 0.97661 0.91305 0.88278 0.86907 0.86162 0.85562 0.85052 0.84642 0.84276 0.83948 0.83749 0.83736 0.83859 0.84083 0.84415 0.84863 0.85411 0.86036 0.86722 0.87444 0.88169 0.88866 0.895 0.90073 0.90649 0.91231 0.91789 0.92337 0.92878 0.93433 0.94018 0.9463 0.95281 0.95967 0.96709 0.97504 0.98328 0.9917 1.0006 1.009 1.019 1.0296 1.0414 1.054 1.0674 1.0817 1.0969 1.113 1.1299 1.1477 1.1663 1.1857 1.2061 1.2274 1.2495 1.2726 1.2965 1.3215 1.3474 1.3744 1.4024 1.4314 1.4615 1.4926 1.525 1.5586 1.5934 1.6295 1.6668 1.7054 1.7454 1.7872 1.8305 1.8758 1.9228 1.972 2.023 2.0765 2.1321 2.1906 2.2516 2.3159 2.3836 2.4552 2.5312 2.6122 2.6987 2.791 2.8905 2.9865 3.089 3.1951 3.2974 3.383 3.4444 3.4917 3.5371 3.5862 3.6443 
240 1.0034 0.97726 0.91353 0.88299 0.86918 0.86178 0.85579 0.85069 0.84658 0.84293 0.83965 0.83765 0.83753 0.83875 0.841 0.84432 0.84878 0.85426 0.86052 0.86739 0.87461 0.88185 0.88883 0.89518 0.90092 0.90667 0.91248 0.91807 0.92355 0.92896 0.93451 0.94036 0.94648 0.95299 0.95984 0.96726 0.97519 0.98343 0.99185 1.0007 1.0092 1.0191 1.0298 1.0416 1.0542 1.0677 1.082 1.0972 1.1133 1.1302 1.148 1.1666 1.1861 1.2065 1.2277 1.2499 1.2729 1.2969 1.3219 1.3478 1.3748 1.4028 1.4317 1.4618 1.493 1.5254 1.559 1.5938 1.6299 1.6671 1.7058 1.7458 1.7875 1.8308 1.8761 1.923 1.9723 2.0233 2.0767 2.1324 2.1908 2.2518 2.3161 2.3837 2.4553 2.5312 2.6122 2.6987 2.7909 2.8904 2.9864 3.0887 3.1946 3.2966 3.382 3.4432 3.4906 3.5361 3.5854 3.6436 
240.5 1.0039 0.9779 0.91401 0.88319 0.86929 0.86193 0.85597 0.85086 0.84674 0.8431 0.83981 0.83782 0.8377 0.83891 0.84117 0.84448 0.84894 0.85442 0.86067 0.86755 0.87477 0.88202 0.889 0.89536 0.9011 0.90684 0.91266 0.91826 0.92373 0.92914 0.93469 0.94055 0.94666 0.95316 0.96001 0.96743 0.97535 0.98358 0.992 1.0009 1.0093 1.0193 1.03 1.0418 1.0544 1.0679 1.0823 1.0975 1.1136 1.1305 1.1483 1.1669 1.1864 1.2068 1.2281 1.2502 1.2733 1.2972 1.3222 1.3482 1.3752 1.4032 1.4321 1.4622 1.4934 1.5258 1.5593 1.5941 1.6302 1.6675 1.7061 1.7461 1.7878 1.8311 1.8764 1.9233 1.9725 2.0235 2.077 2.1326 2.191 2.252 2.3162 2.3839 2.4554 2.5313 2.6122 2.6987 2.7909 2.8903 2.9862 3.0884 3.194 3.2958 3.381 3.4421 3.4895 3.5351 3.5846 3.643 
241 1.0045 0.97854 0.91448 0.88339 0.8694 0.86208 0.85614 0.85102 0.8469 0.84327 0.83997 0.83799 0.83787 0.83908 0.84134 0.84465 0.8491 0.85457 0.86083 0.86771 0.87494 0.88219 0.88917 0.89554 0.90129 0.90702 0.91283 0.91844 0.92391 0.92933 0.93488 0.94073 0.94684 0.95334 0.96018 0.9676 0.97551 0.98374 0.99215 1.001 1.0095 1.0195 1.0302 1.042 1.0546 1.0682 1.0825 1.0977 1.1139 1.1308 1.1486 1.1672 1.1867 1.2072 1.2284 1.2506 1.2736 1.2976 1.3226 1.3485 1.3755 1.4035 1.4325 1.4626 1.4937 1.5261 1.5597 1.5945 1.6306 1.6678 1.7065 1.7464 1.7881 1.8314 1.8767 1.9236 1.9728 2.0238 2.0772 2.1328 2.1912 2.2521 2.3164 2.384 2.4555 2.5314 2.6123 2.6987 2.7908 2.8902 2.9861 3.0881 3.1935 3.295 3.3799 3.4409 3.4884 3.5341 3.5838 3.6423 
241.5 1.0049 0.9789 0.91476 0.88361 0.86959 0.86226 0.85631 0.85119 0.84707 0.84343 0.84013 0.83814 0.83803 0.83924 0.8415 0.84481 0.84927 0.85474 0.86101 0.86788 0.87511 0.88237 0.88935 0.89571 0.90144 0.90718 0.91301 0.91861 0.92409 0.9295 0.93505 0.94091 0.94701 0.95351 0.96035 0.96776 0.97568 0.9839 0.99232 1.0012 1.0097 1.0197 1.0304 1.0423 1.0549 1.0684 1.0828 1.098 1.1142 1.1311 1.1489 1.1675 1.187 1.2075 1.2288 1.2509 1.274 1.2979 1.323 1.3489 1.3759 1.4039 1.4329 1.4629 1.4941 1.5265 1.5601 1.5948 1.6309 1.6682 1.7068 1.7468 1.7884 1.8317 1.877 1.9239 1.9731 2.0241 2.0775 2.133 2.1914 2.2523 2.3165 2.3841 2.4556 2.5314 2.6123 2.6987 2.7907 2.89 2.9858 3.0879 3.1934 3.295 3.3801 3.4413 3.4888 3.5347 3.5844 3.643 
242 1.0053 0.97925 0.91503 0.88383 0.86978 0.86244 0.85648 0.85136 0.84724 0.8436 0.84029 0.83829 0.83819 0.83941 0.84166 0.84497 0.84943 0.85491 0.86119 0.86805 0.87528 0.88254 0.88953 0.89587 0.9016 0.90735 0.91318 0.91879 0.92427 0.92967 0.93522 0.94108 0.94719 0.95369 0.96052 0.96792 0.97585 0.98406 0.99249 1.0014 1.0098 1.0199 1.0306 1.0425 1.0551 1.0686 1.0831 1.0983 1.1145 1.1314 1.1492 1.1679 1.1874 1.2078 1.2291 1.2513 1.2744 1.2983 1.3233 1.3493 1.3763 1.4043 1.4332 1.4633 1.4944 1.5268 1.5604 1.5952 1.6313 1.6685 1.7071 1.7471 1.7887 1.832 1.8772 1.9242 1.9733 2.0243 2.0777 2.1332 2.1916 2.2525 2.3167 2.3842 2.4557 2.5315 2.6123 2.6987 2.7906 2.8898 2.9856 3.0877 3.1932 3.295 3.3803 3.4416 3.4893 3.5352 3.5851 3.6437 
242.5 1.0057 0.97961 0.91531 0.88405 0.86998 0.86261 0.85665 0.85152 0.84741 0.84376 0.84045 0.83844 0.83835 0.83958 0.84182 0.84512 0.8496 0.85509 0.86137 0.86822 0.87545 0.88272 0.88971 0.89604 0.90175 0.90752 0.91336 0.91896 0.92445 0.92984 0.93539 0.94126 0.94736 0.95386 0.96069 0.96808 0.97602 0.98423 0.99265 1.0015 1.01 1.0201 1.0308 1.0427 1.0553 1.0689 1.0833 1.0985 1.1148 1.1317 1.1496 1.1682 1.1877 1.2082 1.2295 1.2516 1.2747 1.2987 1.3237 1.3496 1.3766 1.4046 1.4336 1.4637 1.4948 1.5272 1.5608 1.5955 1.6316 1.6688 1.7075 1.7474 1.7891 1.8323 1.8775 1.9245 1.9736 2.0246 2.0779 2.1334 2.1918 2.2527 2.3168 2.3843 2.4558 2.5316 2.6123 2.6987 2.7905 2.8897 2.9854 3.0875 3.1931 3.295 3.3804 3.442 3.4898 3.5358 3.5857 3.6443 
243 1.0059 0.97988 0.91554 0.88426 0.87016 0.86279 0.85682 0.85169 0.84758 0.84392 0.84062 0.8386 0.83852 0.83975 0.84198 0.84529 0.84978 0.85526 0.86155 0.86839 0.87562 0.8829 0.88989 0.89621 0.90192 0.90769 0.91353 0.91913 0.92463 0.93001 0.93556 0.94143 0.94753 0.95403 0.96085 0.96825 0.97618 0.9844 0.99282 1.0017 1.0102 1.0203 1.031 1.0429 1.0556 1.0691 1.0836 1.0988 1.1151 1.132 1.1499 1.1685 1.188 1.2085 1.2298 1.252 1.2751 1.299 1.3241 1.35 1.377 1.405 1.434 1.464 1.4952 1.5275 1.5611 1.5959 1.632 1.6692 1.7078 1.7477 1.7894 1.8326 1.8778 1.9247 1.9739 2.0248 2.0782 2.1337 2.192 2.2528 2.317 2.3845 2.4559 2.5316 2.6123 2.6986 2.7904 2.8895 2.9852 3.0873 3.193 3.2949 3.3804 3.4421 3.49 3.5361 3.5861 3.6448 
243.5 1.0058 0.97987 0.91563 0.88439 0.87033 0.86297 0.857 0.85186 0.84773 0.84408 0.84079 0.83878 0.8387 0.83992 0.84215 0.84547 0.84996 0.85543 0.86171 0.86856 0.87579 0.88307 0.89006 0.89638 0.9021 0.90788 0.91369 0.9193 0.9248 0.93019 0.93574 0.9416 0.9477 0.95419 0.96102 0.96842 0.97635 0.98457 0.99299 1.0019 1.0104 1.0204 1.0312 1.0431 1.0558 1.0694 1.0838 1.0991 1.1154 1.1323 1.1502 1.1688 1.1883 1.2088 1.2301 1.2523 1.2754 1.2994 1.3244 1.3503 1.3774 1.4053 1.4343 1.4644 1.4955 1.5279 1.5615 1.5962 1.6323 1.6695 1.7081 1.748 1.7897 1.8329 1.8781 1.925 1.9741 2.0251 2.0784 2.1339 2.1922 2.253 2.3171 2.3846 2.456 2.5317 2.6124 2.6987 2.7904 2.8895 2.9852 3.0872 3.1927 3.2945 3.38 3.4416 3.4896 3.5357 3.5858 3.6446 
244 1.0058 0.97987 0.91572 0.88453 0.8705 0.86316 0.85718 0.85203 0.84789 0.84424 0.84095 0.83895 0.83887 0.84009 0.84232 0.84565 0.85014 0.8556 0.86188 0.86874 0.87597 0.88324 0.89023 0.89656 0.90229 0.90806 0.91386 0.91947 0.92497 0.93036 0.93591 0.94176 0.94786 0.95435 0.96119 0.96858 0.97651 0.98474 0.99317 1.0021 1.0106 1.0206 1.0314 1.0433 1.056 1.0696 1.0841 1.0994 1.1156 1.1326 1.1505 1.1691 1.1887 1.2092 1.2305 1.2527 1.2757 1.2997 1.3248 1.3507 1.3777 1.4057 1.4347 1.4647 1.4959 1.5282 1.5618 1.5966 1.6326 1.6698 1.7085 1.7483 1.79 1.8332 1.8784 1.9253 1.9744 2.0253 2.0787 2.1341 2.1924 2.2532 2.3173 2.3847 2.4561 2.5318 2.6124 2.6987 2.7904 2.8895 2.9851 3.087 3.1924 3.2941 3.3795 3.4411 3.4891 3.5353 3.5854 3.6444 
244.5 1.0057 0.97987 0.91581 0.88467 0.87067 0.86334 0.85736 0.8522 0.84804 0.8444 0.84112 0.83913 0.83905 0.84027 0.84249 0.84583 0.85032 0.85578 0.86204 0.86891 0.87614 0.88342 0.8904 0.89674 0.90247 0.90824 0.91402 0.91963 0.92514 0.93054 0.93608 0.94192 0.94803 0.95452 0.96135 0.96875 0.97667 0.98491 0.99334 1.0022 1.0107 1.0208 1.0316 1.0436 1.0563 1.0699 1.0843 1.0996 1.1159 1.1329 1.1508 1.1695 1.189 1.2095 1.2308 1.253 1.2761 1.3001 1.3251 1.351 1.3781 1.406 1.435 1.4651 1.4962 1.5286 1.5621 1.5969 1.633 1.6701 1.7088 1.7487 1.7903 1.8335 1.8787 1.9256 1.9747 2.0256 2.0789 2.1343 2.1925 2.2534 2.3174 2.3849 2.4562 2.5318 2.6124 2.6987 2.7904 2.8895 2.9851 3.0869 3.1922 3.2937 3.379 3.4406 3.4886 3.5349 3.5851 3.6442 
245 1.006 0.98011 0.91601 0.88485 0.87084 0.86351 0.85753 0.85237 0.84821 0.84457 0.84129 0.8393 0.83922 0.84043 0.84266 0.846 0.85049 0.85595 0.86221 0.86908 0.87631 0.88359 0.89057 0.89691 0.90264 0.90841 0.91419 0.9198 0.92532 0.93071 0.93625 0.94209 0.9482 0.95468 0.96152 0.96892 0.97684 0.98509 0.99351 1.0024 1.0109 1.021 1.0318 1.0438 1.0565 1.0701 1.0846 1.0999 1.1162 1.1332 1.1511 1.1698 1.1893 1.2098 1.2311 1.2533 1.2764 1.3004 1.3255 1.3514 1.3784 1.4064 1.4354 1.4654 1.4966 1.5289 1.5625 1.5972 1.6333 1.6705 1.7091 1.749 1.7906 1.8338 1.879 1.9259 1.9749 2.0258 2.0791 2.1345 2.1927 2.2535 2.3176 2.385 2.4563 2.5319 2.6124 2.6987 2.7904 2.8894 2.985 3.0867 3.1919 3.2934 3.3786 3.4402 3.4882 3.5345 3.5848 3.6439 
245.5 1.0066 0.98063 0.91633 0.88506 0.87101 0.86368 0.8577 0.85255 0.84839 0.84475 0.84145 0.83947 0.83938 0.8406 0.84283 0.84616 0.85065 0.85612 0.86238 0.86925 0.87648 0.88375 0.89074 0.89707 0.90281 0.90858 0.91437 0.91998 0.92549 0.93088 0.93642 0.94226 0.94836 0.95485 0.96169 0.96909 0.97702 0.98526 0.99369 1.0026 1.0111 1.0212 1.032 1.044 1.0567 1.0704 1.0849 1.1002 1.1165 1.1335 1.1514 1.1701 1.1896 1.2101 1.2315 1.2537 1.2768 1.3008 1.3258 1.3517 1.3788 1.4067 1.4357 1.4658 1.4969 1.5293 1.5628 1.5976 1.6336 1.6708 1.7094 1.7493 1.7909 1.8341 1.8793 1.9261 1.9752 2.0261 2.0793 2.1347 2.1929 2.2537 2.3177 2.3851 2.4564 2.532 2.6125 2.6987 2.7903 2.8893 2.9848 3.0865 3.1916 3.2931 3.3783 3.4398 3.4878 3.5342 3.5845 3.6437 
246 1.0073 0.98116 0.91666 0.88528 0.87118 0.86384 0.85787 0.85273 0.84858 0.84492 0.8416 0.83963 0.83954 0.84077 0.84299 0.84631 0.85081 0.85629 0.86255 0.86942 0.87665 0.88392 0.89091 0.89724 0.90297 0.90874 0.91455 0.92016 0.92566 0.93105 0.93658 0.94243 0.94853 0.95502 0.96186 0.96926 0.97719 0.98543 0.99387 1.0028 1.0113 1.0214 1.0323 1.0442 1.057 1.0706 1.0851 1.1004 1.1168 1.1338 1.1517 1.1704 1.19 1.2105 1.2318 1.254 1.2771 1.3011 1.3262 1.3521 1.3791 1.4071 1.4361 1.4661 1.4973 1.5296 1.5632 1.5979 1.634 1.6711 1.7097 1.7496 1.7912 1.8344 1.8795 1.9264 1.9754 2.0263 2.0796 2.135 2.1931 2.2539 2.3179 2.3852 2.4564 2.5321 2.6125 2.6987 2.7903 2.8892 2.9847 3.0863 3.1914 3.2927 3.3779 3.4394 3.4875 3.5338 3.5842 3.6435 
246.5 1.0079 0.98168 0.91698 0.8855 0.87135 0.86401 0.85805 0.85291 0.84876 0.84509 0.84176 0.8398 0.83971 0.84093 0.84316 0.84646 0.85096 0.85647 0.86273 0.86959 0.87683 0.88409 0.89108 0.8974 0.90313 0.9089 0.91474 0.92034 0.92584 0.93122 0.93675 0.9426 0.94869 0.95519 0.96203 0.96943 0.97736 0.9856 0.99406 1.003 1.0115 1.0216 1.0325 1.0445 1.0572 1.0709 1.0854 1.1007 1.117 1.1341 1.152 1.1707 1.1903 1.2108 1.2321 1.2543 1.2775 1.3014 1.3265 1.3524 1.3795 1.4074 1.4364 1.4665 1.4976 1.53 1.5635 1.5983 1.6343 1.6715 1.71 1.7499 1.7915 1.8347 1.8798 1.9266 1.9757 2.0265 2.0798 2.1352 2.1933 2.2541 2.318 2.3854 2.4565 2.5321 2.6126 2.6987 2.7902 2.8891 2.9845 3.0861 3.1911 3.2924 3.3775 3.439 3.4871 3.5335 3.5839 3.6432 
247 1.0081 0.98187 0.91716 0.88569 0.87155 0.86419 0.85822 0.85307 0.84892 0.84525 0.84192 0.83995 0.83987 0.8411 0.84333 0.84663 0.85113 0.85663 0.86289 0.86975 0.87699 0.88425 0.89125 0.89757 0.90329 0.90907 0.91492 0.92051 0.92601 0.93139 0.93692 0.94277 0.94886 0.95536 0.9622 0.9696 0.97754 0.98578 0.99424 1.0032 1.0117 1.0218 1.0327 1.0447 1.0574 1.0711 1.0856 1.101 1.1173 1.1344 1.1523 1.171 1.1906 1.2111 1.2324 1.2547 1.2778 1.3018 1.3268 1.3528 1.3798 1.4078 1.4368 1.4668 1.498 1.5303 1.5638 1.5986 1.6346 1.6718 1.7104 1.7502 1.7918 1.835 1.8801 1.9269 1.9759 2.0268 2.08 2.1354 2.1935 2.2543 2.3182 2.3855 2.4566 2.5322 2.6126 2.6987 2.7902 2.889 2.9844 3.0859 3.1908 3.292 3.3771 3.4386 3.4866 3.533 3.5834 3.6428 
247.5 1.0081 0.98192 0.91728 0.88588 0.87176 0.86438 0.85839 0.85323 0.84907 0.84541 0.84208 0.8401 0.84002 0.84126 0.8435 0.8468 0.85129 0.8568 0.86305 0.8699 0.87714 0.88441 0.89141 0.89773 0.90345 0.90924 0.91509 0.92069 0.92619 0.93157 0.9371 0.94295 0.94904 0.95553 0.96237 0.96977 0.97772 0.98595 0.99442 1.0034 1.0119 1.022 1.0329 1.0449 1.0577 1.0713 1.0859 1.1012 1.1176 1.1347 1.1526 1.1713 1.1909 1.2114 1.2328 1.255 1.2781 1.3021 1.3272 1.3531 1.3802 1.4081 1.4371 1.4672 1.4983 1.5306 1.5642 1.5989 1.6349 1.6721 1.7107 1.7505 1.7921 1.8353 1.8803 1.9272 1.9762 2.027 2.0802 2.1356 2.1937 2.2544 2.3183 2.3856 2.4567 2.5322 2.6126 2.6986 2.7901 2.8889 2.9842 3.0857 3.1905 3.2917 3.3766 3.4381 3.4861 3.5325 3.5829 3.6422 
248 1.0081 0.98196 0.9174 0.88607 0.87197 0.86457 0.85856 0.8534 0.84922 0.84556 0.84225 0.84025 0.84018 0.84143 0.84366 0.84698 0.85146 0.85697 0.86321 0.87006 0.87729 0.88457 0.89158 0.8979 0.90361 0.9094 0.91527 0.92087 0.92636 0.93174 0.93727 0.94312 0.94921 0.95569 0.96254 0.96994 0.97789 0.98613 0.9946 1.0036 1.0121 1.0223 1.0331 1.0451 1.0579 1.0716 1.0861 1.1015 1.1179 1.1349 1.1529 1.1716 1.1912 1.2117 1.2331 1.2553 1.2785 1.3025 1.3275 1.3535 1.3805 1.4085 1.4374 1.4675 1.4986 1.531 1.5645 1.5992 1.6353 1.6724 1.711 1.7508 1.7924 1.8356 1.8806 1.9274 1.9764 2.0272 2.0804 2.1358 2.1939 2.2546 2.3185 2.3857 2.4568 2.5323 2.6126 2.6986 2.7901 2.8888 2.9841 3.0855 3.1902 3.2913 3.3762 3.4376 3.4856 3.532 3.5823 3.6416 
248.5 1.0081 0.982 0.91751 0.88625 0.87218 0.86476 0.85873 0.85356 0.84936 0.84571 0.84241 0.84041 0.84034 0.84159 0.84383 0.84715 0.85162 0.85713 0.86337 0.87022 0.87745 0.88473 0.89174 0.89806 0.90377 0.90957 0.91544 0.92104 0.92654 0.93192 0.93744 0.9433 0.94939 0.95586 0.96271 0.9701 0.97807 0.98631 0.99479 1.0037 1.0123 1.0225 1.0333 1.0454 1.0581 1.0718 1.0864 1.1018 1.1181 1.1352 1.1532 1.1719 1.1915 1.2121 1.2334 1.2557 1.2788 1.3028 1.3279 1.3538 1.3809 1.4089 1.4378 1.4679 1.499 1.5313 1.5648 1.5996 1.6356 1.6728 1.7113 1.7511 1.7926 1.8359 1.8809 1.9277 1.9766 2.0275 2.0806 2.136 2.1941 2.2547 2.3186 2.3858 2.4569 2.5323 2.6126 2.6985 2.79 2.8888 2.984 3.0853 3.1899 3.2909 3.3757 3.4371 3.4851 3.5315 3.5818 3.641 
249 1.0082 0.9819 0.91745 0.88645 0.87244 0.86494 0.85888 0.85371 0.84952 0.84587 0.84256 0.84056 0.8405 0.84175 0.84399 0.8473 0.85178 0.85729 0.86353 0.87038 0.87761 0.88489 0.8919 0.89823 0.90395 0.90975 0.91561 0.92121 0.92671 0.93209 0.93762 0.94347 0.94956 0.95604 0.96289 0.97028 0.97825 0.98649 0.99497 1.0039 1.0125 1.0227 1.0336 1.0456 1.0584 1.0721 1.0867 1.102 1.1184 1.1355 1.1534 1.1722 1.1918 1.2124 1.2337 1.256 1.2791 1.3031 1.3282 1.3541 1.3812 1.4092 1.4381 1.4682 1.4993 1.5316 1.5652 1.5999 1.6359 1.6731 1.7116 1.7514 1.7929 1.8361 1.8812 1.928 1.9769 2.0277 2.0808 2.1362 2.1942 2.2549 2.3187 2.3859 2.457 2.5323 2.6127 2.6985 2.7899 2.8886 2.9838 3.085 3.1896 3.2905 3.3754 3.4367 3.4847 3.5312 3.5816 3.641 
249.5 1.0082 0.98179 0.91736 0.88664 0.8727 0.86513 0.85903 0.85387 0.84969 0.84604 0.84272 0.84072 0.84065 0.84191 0.84415 0.84746 0.85194 0.85744 0.8637 0.87054 0.87777 0.88506 0.89206 0.8984 0.90412 0.90992 0.91578 0.92139 0.92688 0.93226 0.93779 0.94364 0.94973 0.95622 0.96306 0.97046 0.97842 0.98667 0.99515 1.0041 1.0127 1.0229 1.0338 1.0458 1.0586 1.0723 1.0869 1.1023 1.1187 1.1358 1.1537 1.1725 1.1921 1.2127 1.2341 1.2563 1.2794 1.3035 1.3285 1.3545 1.3815 1.4095 1.4385 1.4685 1.4996 1.532 1.5655 1.6002 1.6362 1.6734 1.7119 1.7517 1.7932 1.8364 1.8814 1.9282 1.9771 2.0279 2.081 2.1363 2.1944 2.255 2.3189 2.386 2.4571 2.5324 2.6126 2.6985 2.7898 2.8885 2.9836 3.0848 3.1893 3.2902 3.375 3.4363 3.4844 3.531 3.5815 3.641 
250 1.0083 0.98168 0.91728 0.88683 0.87297 0.86531 0.85918 0.85403 0.84985 0.8462 0.84287 0.84087 0.84081 0.84207 0.8443 0.84762 0.8521 0.8576 0.86386 0.8707 0.87793 0.88522 0.89222 0.89856 0.9043 0.91009 0.91596 0.92156 0.92705 0.93243 0.93796 0.94381 0.94991 0.9564 0.96324 0.97063 0.97859 0.98684 0.99533 1.0043 1.0129 1.0231 1.034 1.046 1.0588 1.0726 1.0872 1.1026 1.119 1.1361 1.154 1.1728 1.1924 1.213 1.2344 1.2566 1.2798 1.3038 1.3289 1.3548 1.3819 1.4099 1.4388 1.4689 1.5 1.5323 1.5658 1.6005 1.6365 1.6737 1.7122 1.752 1.7935 1.8367 1.8817 1.9285 1.9774 2.0281 2.0812 2.1365 2.1946 2.2552 2.319 2.3861 2.4571 2.5324 2.6126 2.6985 2.7898 2.8883 2.9834 3.0845 3.1891 3.2899 3.3746 3.4359 3.4841 3.5307 3.5813 3.641 
250.5 1.0084 0.98157 0.9172 0.88702 0.87322 0.86549 0.85932 0.85418 0.85001 0.84636 0.84303 0.84103 0.84096 0.84222 0.84446 0.84777 0.85227 0.85776 0.86402 0.87086 0.8781 0.88539 0.89239 0.89873 0.90447 0.91027 0.91613 0.92173 0.92722 0.9326 0.93814 0.94398 0.95008 0.95658 0.96341 0.97081 0.97877 0.98702 0.99552 1.0045 1.0131 1.0233 1.0342 1.0463 1.0591 1.0728 1.0874 1.1028 1.1192 1.1363 1.1543 1.1731 1.1927 1.2133 1.2347 1.257 1.2801 1.3041 1.3292 1.3552 1.3822 1.4102 1.4391 1.4692 1.5003 1.5326 1.5662 1.6009 1.6369 1.674 1.7125 1.7523 1.7938 1.837 1.882 1.9287 1.9776 2.0284 2.0814 2.1367 2.1947 2.2553 2.3191 2.3862 2.4572 2.5324 2.6126 2.6984 2.7897 2.8882 2.9832 3.0843 3.1888 3.2895 3.3742 3.4355 3.4837 3.5305 3.5812 3.6411 
251 1.0085 0.98149 0.91716 0.88718 0.87344 0.86566 0.85948 0.85435 0.85018 0.84652 0.8432 0.84119 0.84112 0.84238 0.84461 0.84793 0.85243 0.85792 0.86418 0.87103 0.87827 0.88556 0.89255 0.8989 0.90465 0.91044 0.91629 0.9219 0.92739 0.93277 0.93831 0.94416 0.95025 0.95674 0.96358 0.97098 0.97895 0.98721 0.9957 1.0047 1.0133 1.0235 1.0344 1.0465 1.0593 1.0731 1.0877 1.1031 1.1195 1.1366 1.1546 1.1734 1.193 1.2136 1.235 1.2573 1.2804 1.3045 1.3295 1.3555 1.3826 1.4106 1.4395 1.4696 1.5007 1.533 1.5665 1.6011 1.6371 1.6742 1.7127 1.7526 1.7941 1.8372 1.8822 1.9289 1.9778 2.0286 2.0817 2.1369 2.1949 2.2555 2.3192 2.3863 2.4573 2.5325 2.6127 2.6984 2.7896 2.8881 2.9831 3.0842 3.1886 3.2893 3.374 3.4353 3.4836 3.5304 3.5812 3.641 
251.5 1.0085 0.98141 0.91711 0.88734 0.87366 0.86583 0.85963 0.85451 0.85035 0.84667 0.84336 0.84135 0.84128 0.84253 0.84477 0.84809 0.85259 0.85808 0.86434 0.8712 0.87844 0.88573 0.89272 0.89906 0.90482 0.91062 0.91646 0.92207 0.92757 0.93295 0.93848 0.94433 0.95042 0.95691 0.96375 0.97116 0.97913 0.98739 0.99588 1.0048 1.0135 1.0237 1.0346 1.0467 1.0595 1.0733 1.0879 1.1034 1.1198 1.1369 1.1549 1.1737 1.1933 1.2139 1.2353 1.2576 1.2808 1.3048 1.3299 1.3559 1.3829 1.4109 1.4399 1.47 1.5011 1.5333 1.5668 1.6014 1.6374 1.6745 1.713 1.7528 1.7943 1.8375 1.8824 1.9292 1.978 2.0288 2.0819 2.1371 2.195 2.2556 2.3193 2.3864 2.4573 2.5325 2.6127 2.6984 2.7896 2.888 2.983 3.084 3.1884 3.289 3.3737 3.4351 3.4834 3.5303 3.5812 3.641 
252 1.0086 0.98133 0.91706 0.8875 0.87388 0.866 0.85979 0.85467 0.85052 0.84683 0.84353 0.84151 0.84143 0.84268 0.84492 0.84824 0.85276 0.85824 0.8645 0.87136 0.87861 0.8859 0.89289 0.89923 0.905 0.91079 0.91662 0.92223 0.92775 0.93312 0.93865 0.9445 0.95059 0.95708 0.96392 0.97133 0.97931 0.98758 0.99607 1.005 1.0137 1.0239 1.0349 1.0469 1.0598 1.0735 1.0882 1.1036 1.1201 1.1372 1.1552 1.174 1.1936 1.2143 1.2356 1.2579 1.2811 1.3051 1.3302 1.3562 1.3833 1.4113 1.4403 1.4704 1.5014 1.5337 1.5671 1.6017 1.6377 1.6747 1.7132 1.7531 1.7946 1.8377 1.8827 1.9294 1.9783 2.029 2.0821 2.1373 2.1952 2.2558 2.3194 2.3865 2.4574 2.5325 2.6127 2.6984 2.7895 2.8879 2.9829 3.0838 3.1881 3.2888 3.3734 3.4348 3.4832 3.5302 3.5812 3.641 
252.5 1.0088 0.98127 0.91701 0.88768 0.87412 0.86617 0.85994 0.85484 0.85069 0.84698 0.84368 0.84167 0.84159 0.84284 0.84508 0.8484 0.85292 0.8584 0.86466 0.87153 0.87878 0.88607 0.89306 0.8994 0.90517 0.91096 0.91679 0.9224 0.92792 0.93329 0.93882 0.94467 0.95076 0.95725 0.96409 0.97151 0.97949 0.98776 0.99625 1.0052 1.0139 1.0241 1.0351 1.0472 1.06 1.0738 1.0884 1.1039 1.1203 1.1375 1.1555 1.1743 1.1939 1.2146 1.236 1.2583 1.2814 1.3055 1.3306 1.3566 1.3836 1.4117 1.4407 1.4707 1.5018 1.534 1.5674 1.602 1.6379 1.675 1.7135 1.7533 1.7948 1.8379 1.8829 1.9296 1.9785 2.0292 2.0823 2.1375 2.1953 2.256 2.3195 2.3866 2.4574 2.5326 2.6127 2.6984 2.7894 2.8878 2.9827 3.0836 3.1879 3.2884 3.3731 3.4345 3.483 3.5301 3.5813 3.6411 
253 1.0091 0.98126 0.91693 0.8879 0.87439 0.86634 0.86008 0.855 0.85086 0.84715 0.84383 0.84183 0.84175 0.84299 0.84524 0.84856 0.85308 0.85856 0.86482 0.8717 0.87895 0.88625 0.89323 0.89957 0.90533 0.91113 0.91696 0.92258 0.92809 0.93345 0.93898 0.94484 0.95094 0.95742 0.96426 0.97169 0.97966 0.98794 0.99643 1.0054 1.0141 1.0243 1.0353 1.0474 1.0603 1.074 1.0887 1.1042 1.1206 1.1378 1.1558 1.1746 1.1942 1.2149 1.2363 1.2586 1.2817 1.3058 1.3309 1.3569 1.384 1.4121 1.441 1.4711 1.5022 1.5344 1.5677 1.6023 1.6382 1.6753 1.7137 1.7535 1.795 1.8381 1.8831 1.9298 1.9787 2.0294 2.0824 2.1376 2.1955 2.2561 2.3197 2.3867 2.4575 2.5326 2.6126 2.6983 2.7894 2.8877 2.9826 3.0833 3.1875 3.2879 3.3725 3.4341 3.4827 3.53 3.5813 3.6414 
253.5 1.0094 0.98125 0.91686 0.88811 0.87467 0.86651 0.86023 0.85517 0.85104 0.84731 0.84397 0.84198 0.84191 0.84315 0.8454 0.84873 0.85324 0.85872 0.86498 0.87186 0.87912 0.88642 0.8934 0.89975 0.9055 0.9113 0.91714 0.92275 0.92825 0.93362 0.93915 0.94501 0.95111 0.95759 0.96444 0.97186 0.97984 0.98812 0.99661 1.0056 1.0143 1.0246 1.0355 1.0476 1.0605 1.0743 1.089 1.1044 1.1209 1.138 1.1561 1.1749 1.1945 1.2152 1.2366 1.2589 1.2821 1.3061 1.3312 1.3573 1.3844 1.4124 1.4414 1.4715 1.5025 1.5347 1.5681 1.6026 1.6385 1.6755 1.714 1.7538 1.7952 1.8383 1.8833 1.93 1.9789 2.0296 2.0826 2.1378 2.1957 2.2562 2.3198 2.3868 2.4576 2.5327 2.6126 2.6983 2.7893 2.8876 2.9824 3.0831 3.187 3.2874 3.372 3.4336 3.4824 3.5299 3.5814 3.6417 
254 1.0098 0.98124 0.91678 0.88833 0.87495 0.86668 0.86037 0.85534 0.85121 0.84747 0.84412 0.84214 0.84207 0.84331 0.84556 0.84889 0.8534 0.85889 0.86514 0.87202 0.87929 0.8866 0.89358 0.89992 0.90566 0.91146 0.91731 0.92293 0.92842 0.93378 0.93931 0.94518 0.95129 0.95776 0.96461 0.97204 0.98001 0.98829 0.99679 1.0057 1.0145 1.0248 1.0357 1.0479 1.0608 1.0745 1.0892 1.1047 1.1211 1.1383 1.1563 1.1752 1.1948 1.2155 1.2369 1.2592 1.2824 1.3065 1.3316 1.3576 1.3847 1.4128 1.4418 1.4719 1.5029 1.5351 1.5684 1.6029 1.6388 1.6758 1.7142 1.754 1.7954 1.8386 1.8835 1.9302 1.9791 2.0297 2.0828 2.138 2.1958 2.2563 2.3199 2.3869 2.4576 2.5327 2.6126 2.6983 2.7892 2.8875 2.9822 3.0828 3.1866 3.2869 3.3715 3.4332 3.4821 3.5298 3.5815 3.6419 
254.5 1.01 0.98157 0.91708 0.8885 0.87508 0.86684 0.86055 0.8555 0.85137 0.84763 0.84428 0.84229 0.84223 0.84347 0.84572 0.84905 0.85356 0.85905 0.8653 0.87219 0.87945 0.88676 0.89374 0.90009 0.90582 0.91163 0.91748 0.9231 0.92858 0.93395 0.93948 0.94535 0.95146 0.95793 0.96478 0.97221 0.98018 0.98847 0.99696 1.0059 1.0147 1.025 1.036 1.0481 1.061 1.0748 1.0895 1.105 1.1214 1.1386 1.1566 1.1755 1.1951 1.2158 1.2372 1.2595 1.2827 1.3068 1.3319 1.358 1.3851 1.4132 1.4422 1.4722 1.5032 1.5354 1.5687 1.6032 1.639 1.676 1.7144 1.7542 1.7957 1.8388 1.8837 1.9304 1.9793 2.0299 2.083 2.1381 2.196 2.2564 2.32 2.387 2.4577 2.5327 2.6126 2.6983 2.7892 2.8874 2.9821 3.0826 3.1865 3.2867 3.3713 3.433 3.4819 3.5296 3.5813 3.6418 
255 1.0101 0.98211 0.91762 0.88864 0.87513 0.86701 0.86074 0.85567 0.85153 0.84779 0.84444 0.84245 0.84239 0.84364 0.84588 0.84922 0.85372 0.85921 0.86547 0.87235 0.87961 0.88691 0.8939 0.90026 0.906 0.91179 0.91764 0.92326 0.92874 0.93412 0.93966 0.94553 0.95163 0.95811 0.96495 0.97238 0.98036 0.98864 0.99713 1.0061 1.0148 1.0252 1.0362 1.0483 1.0612 1.075 1.0897 1.1052 1.1217 1.1389 1.1569 1.1758 1.1954 1.2161 1.2375 1.2598 1.283 1.3071 1.3323 1.3583 1.3854 1.4135 1.4425 1.4725 1.5035 1.5357 1.569 1.6035 1.6393 1.6763 1.7147 1.7545 1.7959 1.839 1.8839 1.9306 1.9795 2.0301 2.0831 2.1383 2.1961 2.2565 2.3201 2.387 2.4578 2.5328 2.6127 2.6982 2.7891 2.8873 2.982 3.0825 3.1864 3.2868 3.3713 3.433 3.4818 3.5294 3.581 3.6415 
255.5 1.0102 0.98265 0.91816 0.88877 0.87517 0.86717 0.86093 0.85584 0.85169 0.84796 0.84461 0.8426 0.84255 0.8438 0.84605 0.84939 0.85388 0.85937 0.86564 0.8725 0.87977 0.88707 0.89406 0.90042 0.90617 0.91196 0.91781 0.92342 0.9289 0.93429 0.93984 0.9457 0.9518 0.95829 0.96513 0.97255 0.98053 0.98881 0.9973 1.0062 1.015 1.0254 1.0364 1.0485 1.0615 1.0753 1.09 1.1055 1.122 1.1392 1.1572 1.176 1.1957 1.2164 1.2378 1.2602 1.2834 1.3074 1.3326 1.3586 1.3858 1.4138 1.4428 1.4729 1.5039 1.536 1.5693 1.6038 1.6396 1.6766 1.715 1.7547 1.7961 1.8392 1.8841 1.9308 1.9797 2.0303 2.0833 2.1384 2.1962 2.2567 2.3202 2.3871 2.4578 2.5328 2.6127 2.6982 2.789 2.8872 2.9819 3.0825 3.1864 3.2868 3.3714 3.433 3.4817 3.5292 3.5807 3.6411 
256 1.0104 0.98319 0.9187 0.88891 0.87521 0.86734 0.86112 0.856 0.85185 0.84812 0.84478 0.84276 0.84271 0.84397 0.84621 0.84956 0.85404 0.85953 0.8658 0.87266 0.87993 0.88722 0.89423 0.90059 0.90634 0.91213 0.91797 0.92358 0.92906 0.93446 0.94001 0.94587 0.95197 0.95847 0.9653 0.97273 0.98071 0.98898 0.99746 1.0064 1.0152 1.0256 1.0366 1.0488 1.0617 1.0755 1.0902 1.1057 1.1222 1.1394 1.1575 1.1763 1.196 1.2167 1.2381 1.2605 1.2837 1.3078 1.3329 1.359 1.3861 1.4142 1.4432 1.4732 1.5042 1.5363 1.5696 1.6041 1.6399 1.6768 1.7152 1.755 1.7964 1.8394 1.8844 1.931 1.9798 2.0305 2.0834 2.1386 2.1964 2.2568 2.3203 2.3872 2.4579 2.5328 2.6127 2.6981 2.789 2.8871 2.9818 3.0824 3.1864 3.2868 3.3714 3.433 3.4816 3.529 3.5804 3.6407 
256.5 1.0112 0.98426 0.91953 0.88914 0.87526 0.86749 0.86132 0.85617 0.852 0.84828 0.84494 0.84292 0.84286 0.84413 0.84637 0.84972 0.8542 0.85969 0.86597 0.87283 0.8801 0.88739 0.89439 0.90075 0.90649 0.91228 0.91813 0.92374 0.92922 0.93462 0.94018 0.94604 0.95214 0.95864 0.96547 0.9729 0.98087 0.98915 0.99763 1.0066 1.0154 1.0258 1.0368 1.049 1.0619 1.0757 1.0905 1.106 1.1225 1.1397 1.1578 1.1766 1.1963 1.217 1.2384 1.2608 1.284 1.3081 1.3333 1.3593 1.3865 1.4145 1.4435 1.4735 1.5045 1.5367 1.5699 1.6044 1.6402 1.6771 1.7155 1.7552 1.7966 1.8397 1.8846 1.9312 1.98 2.0306 2.0836 2.1387 2.1965 2.2569 2.3204 2.3873 2.458 2.5328 2.6127 2.6981 2.7889 2.8871 2.9817 3.0822 3.1861 3.2865 3.3709 3.4323 3.4808 3.5281 3.5794 3.6397 
257 1.0122 0.98545 0.92041 0.88939 0.8753 0.86764 0.86151 0.85633 0.85215 0.84843 0.8451 0.84308 0.84301 0.84428 0.84653 0.84987 0.85436 0.85985 0.86613 0.873 0.88027 0.88756 0.89456 0.9009 0.90665 0.91244 0.9183 0.9239 0.92938 0.93478 0.94035 0.9462 0.95232 0.95882 0.96565 0.97307 0.98104 0.98931 0.99779 1.0067 1.0156 1.0259 1.037 1.0492 1.0621 1.076 1.0907 1.1062 1.1228 1.14 1.1581 1.1769 1.1966 1.2173 1.2388 1.2611 1.2843 1.3084 1.3336 1.3597 1.3868 1.4149 1.4439 1.4739 1.5048 1.537 1.5702 1.6047 1.6404 1.6774 1.7157 1.7555 1.7968 1.8399 1.8848 1.9314 1.9802 2.0308 2.0837 2.1388 2.1966 2.257 2.3205 2.3873 2.458 2.5329 2.6127 2.6981 2.7889 2.887 2.9816 3.0821 3.1859 3.286 3.3703 3.4316 3.4799 3.5271 3.5784 3.6386 
257.5 1.0132 0.98664 0.92129 0.88964 0.87534 0.86779 0.86171 0.8565 0.8523 0.84859 0.84526 0.84324 0.84317 0.84443 0.84668 0.85003 0.85452 0.86001 0.8663 0.87317 0.88043 0.88772 0.89473 0.90106 0.9068 0.91259 0.91846 0.92407 0.92954 0.93494 0.94051 0.94637 0.95249 0.959 0.96582 0.97324 0.9812 0.98948 0.99795 1.0069 1.0157 1.0261 1.0372 1.0494 1.0624 1.0762 1.091 1.1065 1.123 1.1403 1.1583 1.1772 1.1969 1.2176 1.2391 1.2614 1.2846 1.3087 1.3339 1.36 1.3871 1.4152 1.4442 1.4742 1.5052 1.5373 1.5705 1.605 1.6407 1.6777 1.716 1.7557 1.7971 1.8401 1.8849 1.9316 1.9803 2.031 2.0839 2.139 2.1967 2.2571 2.3206 2.3874 2.4581 2.5329 2.6127 2.6981 2.7889 2.887 2.9815 3.0819 3.1856 3.2856 3.3697 3.4308 3.479 3.5261 3.5773 3.6374 
258 1.0141 0.98771 0.9221 0.88988 0.87539 0.86795 0.8619 0.85666 0.85245 0.84874 0.84542 0.8434 0.84332 0.84458 0.84684 0.85018 0.85468 0.86017 0.86646 0.87333 0.8806 0.88789 0.8949 0.90121 0.90695 0.91275 0.91862 0.92424 0.9297 0.9351 0.94068 0.94654 0.95266 0.95917 0.966 0.97341 0.98137 0.98964 0.99811 1.007 1.0159 1.0263 1.0374 1.0496 1.0626 1.0765 1.0912 1.1068 1.1233 1.1405 1.1586 1.1775 1.1972 1.2179 1.2394 1.2617 1.285 1.3091 1.3342 1.3603 1.3875 1.4155 1.4445 1.4745 1.5055 1.5376 1.5708 1.6053 1.641 1.6779 1.7163 1.7559 1.7973 1.8403 1.8851 1.9318 1.9805 2.0311 2.084 2.1391 2.1969 2.2572 2.3207 2.3875 2.4581 2.5329 2.6127 2.6981 2.7889 2.8869 2.9814 3.0818 3.1853 3.2852 3.3692 3.4301 3.4782 3.5251 3.5763 3.6364 
258.5 1.0132 0.98694 0.92173 0.88994 0.87563 0.86815 0.86206 0.85681 0.85261 0.8489 0.84557 0.84356 0.84348 0.84475 0.84701 0.85034 0.85483 0.86033 0.86662 0.87349 0.88076 0.88805 0.89506 0.90139 0.90713 0.91292 0.91879 0.92441 0.92987 0.93526 0.94084 0.94671 0.95283 0.95933 0.96617 0.97358 0.98153 0.9898 0.99826 1.0072 1.0161 1.0265 1.0376 1.0498 1.0628 1.0767 1.0915 1.107 1.1236 1.1408 1.1589 1.1778 1.1975 1.2182 1.2397 1.2621 1.2853 1.3094 1.3346 1.3606 1.3878 1.4159 1.4448 1.4748 1.5058 1.5379 1.5711 1.6056 1.6413 1.6782 1.7165 1.7562 1.7975 1.8405 1.8853 1.932 1.9807 2.0313 2.0842 2.1392 2.197 2.2573 2.3208 2.3875 2.4582 2.533 2.6127 2.6981 2.7888 2.8868 2.9813 3.0816 3.1852 3.2851 3.3691 3.43 3.4782 3.5253 3.5766 3.6367 
259 1.0123 0.98618 0.92137 0.89 0.87586 0.86835 0.86222 0.85697 0.85276 0.84906 0.84572 0.84372 0.84365 0.84492 0.84717 0.85051 0.85499 0.86049 0.86678 0.87364 0.88091 0.88822 0.89522 0.90156 0.90731 0.9131 0.91896 0.92458 0.93004 0.93543 0.941 0.94688 0.953 0.95949 0.96633 0.97375 0.9817 0.98996 0.99841 1.0073 1.0162 1.0267 1.0378 1.0501 1.0631 1.0769 1.0917 1.1073 1.1238 1.1411 1.1592 1.1781 1.1978 1.2185 1.24 1.2624 1.2856 1.3097 1.3349 1.361 1.3881 1.4162 1.4452 1.4751 1.5061 1.5382 1.5714 1.6059 1.6416 1.6785 1.7168 1.7564 1.7978 1.8408 1.8856 1.9322 1.9809 2.0315 2.0844 2.1394 2.1972 2.2574 2.3209 2.3876 2.4582 2.533 2.6127 2.698 2.7887 2.8867 2.9811 3.0814 3.185 3.2849 3.369 3.43 3.4783 3.5255 3.5769 3.6371 
259.5 1.0114 0.98541 0.921 0.89005 0.87609 0.86855 0.86237 0.85712 0.85292 0.84921 0.84587 0.84388 0.84382 0.84508 0.84733 0.85067 0.85514 0.86064 0.86693 0.8738 0.88107 0.88838 0.89538 0.90173 0.90749 0.91327 0.91913 0.92475 0.93022 0.9356 0.94116 0.94705 0.95316 0.95965 0.9665 0.97391 0.98186 0.99011 0.99856 1.0075 1.0164 1.0269 1.038 1.0503 1.0633 1.0772 1.092 1.1075 1.1241 1.1414 1.1595 1.1784 1.1981 1.2188 1.2403 1.2627 1.2859 1.31 1.3352 1.3613 1.3884 1.4165 1.4455 1.4755 1.5064 1.5385 1.5717 1.6061 1.6419 1.6787 1.717 1.7567 1.798 1.841 1.8858 1.9324 1.9811 2.0317 2.0845 2.1396 2.1973 2.2576 2.321 2.3877 2.4583 2.533 2.6127 2.698 2.7886 2.8865 2.981 3.0813 3.1849 3.2848 3.3689 3.43 3.4784 3.5257 3.5772 3.6374 
260 1.0111 0.98518 0.92092 0.89017 0.87629 0.86873 0.86253 0.85728 0.85308 0.84936 0.84602 0.84403 0.84398 0.84525 0.84749 0.85083 0.8553 0.8608 0.86709 0.87395 0.88123 0.88854 0.89554 0.9019 0.90766 0.91344 0.9193 0.92492 0.93039 0.93577 0.94133 0.94722 0.95333 0.95982 0.96667 0.97407 0.98202 0.99027 0.99871 1.0076 1.0165 1.027 1.0382 1.0505 1.0635 1.0774 1.0922 1.1078 1.1244 1.1416 1.1597 1.1786 1.1984 1.2191 1.2406 1.263 1.2862 1.3104 1.3355 1.3616 1.3887 1.4168 1.4458 1.4758 1.5067 1.5388 1.572 1.6064 1.6421 1.679 1.7173 1.7569 1.7982 1.8412 1.886 1.9326 1.9812 2.0319 2.0847 2.1397 2.1974 2.2577 2.3211 2.3878 2.4583 2.5331 2.6127 2.698 2.7885 2.8864 2.9808 3.0811 3.1847 3.2846 3.3687 3.4299 3.4784 3.5258 3.5774 3.6377 
260.5 1.0124 0.98627 0.92158 0.89044 0.8764 0.86886 0.8627 0.85744 0.85322 0.84951 0.84616 0.84418 0.84414 0.8454 0.84764 0.85098 0.85545 0.86096 0.86726 0.87413 0.8814 0.8887 0.89569 0.90205 0.90783 0.91362 0.91947 0.92508 0.93056 0.93595 0.9415 0.94738 0.95349 0.95998 0.96682 0.97423 0.98217 0.99041 0.99885 1.0077 1.0167 1.0272 1.0384 1.0507 1.0637 1.0777 1.0925 1.108 1.1246 1.1419 1.16 1.1789 1.1987 1.2194 1.2409 1.2633 1.2865 1.3107 1.3359 1.3619 1.3891 1.4171 1.4461 1.4761 1.507 1.5391 1.5723 1.6067 1.6424 1.6793 1.7176 1.7572 1.7985 1.8415 1.8862 1.9328 1.9814 2.032 2.0849 2.1399 2.1976 2.2578 2.3212 2.3879 2.4584 2.5331 2.6127 2.6979 2.7885 2.8864 2.9807 3.081 3.1845 3.2844 3.3685 3.4297 3.4782 3.5256 3.5771 3.6375 
261 1.0137 0.98736 0.92223 0.89071 0.87651 0.86899 0.86286 0.8576 0.85337 0.84966 0.84631 0.84433 0.8443 0.84555 0.84779 0.85113 0.8556 0.86112 0.86742 0.8743 0.88156 0.88885 0.89584 0.90221 0.90799 0.91379 0.91963 0.92525 0.93074 0.93613 0.94168 0.94755 0.95365 0.96014 0.96698 0.97438 0.98232 0.99055 0.99898 1.0078 1.0169 1.0274 1.0386 1.0509 1.0639 1.0779 1.0927 1.1083 1.1249 1.1422 1.1603 1.1792 1.199 1.2197 1.2412 1.2636 1.2869 1.311 1.3362 1.3622 1.3894 1.4174 1.4464 1.4764 1.5073 1.5394 1.5726 1.607 1.6427 1.6795 1.7178 1.7575 1.7987 1.8417 1.8864 1.933 1.9816 2.0322 2.085 2.14 2.1977 2.2579 2.3213 2.3879 2.4584 2.5331 2.6127 2.6979 2.7885 2.8863 2.9806 3.0808 3.1843 3.2842 3.3682 3.4294 3.4779 3.5254 3.5769 3.6373 
261.5 1.0149 0.98846 0.92289 0.89098 0.87662 0.86912 0.86302 0.85776 0.85351 0.8498 0.84645 0.84448 0.84446 0.84571 0.84793 0.85127 0.85576 0.86129 0.86758 0.87447 0.88173 0.889 0.89599 0.90236 0.90815 0.91396 0.9198 0.92541 0.93091 0.93631 0.94185 0.94771 0.95381 0.9603 0.96714 0.97454 0.98247 0.99069 0.99912 1.008 1.017 1.0276 1.0388 1.0511 1.0642 1.0781 1.0929 1.1085 1.1251 1.1424 1.1606 1.1795 1.1993 1.22 1.2415 1.2639 1.2872 1.3113 1.3365 1.3626 1.3897 1.4178 1.4467 1.4767 1.5076 1.5397 1.5729 1.6073 1.643 1.6798 1.7181 1.7577 1.7989 1.8419 1.8866 1.9332 1.9818 2.0324 2.0852 2.1401 2.1978 2.258 2.3214 2.388 2.4585 2.5331 2.6127 2.6978 2.7884 2.8862 2.9805 3.0807 3.1841 3.2839 3.368 3.4292 3.4777 3.5251 3.5767 3.6371 
262 1.0154 0.98857 0.92288 0.89119 0.87687 0.86928 0.86316 0.85792 0.85368 0.84996 0.84661 0.84464 0.84462 0.84586 0.84809 0.85143 0.85592 0.86145 0.86775 0.87464 0.88189 0.88916 0.89615 0.90252 0.90831 0.91413 0.91996 0.92557 0.93108 0.93648 0.94202 0.94787 0.95397 0.96046 0.96729 0.97469 0.98262 0.99083 0.99925 1.0081 1.0172 1.0277 1.039 1.0513 1.0644 1.0783 1.0932 1.1088 1.1254 1.1427 1.1608 1.1798 1.1996 1.2203 1.2418 1.2642 1.2875 1.3116 1.3368 1.3629 1.39 1.4181 1.447 1.477 1.5079 1.54 1.5732 1.6075 1.6433 1.6801 1.7183 1.7579 1.7992 1.8421 1.8868 1.9334 1.982 2.0326 2.0853 2.1403 2.198 2.2581 2.3215 2.3881 2.4585 2.5331 2.6127 2.6978 2.7884 2.8861 2.9804 3.0805 3.1839 3.2836 3.3676 3.4287 3.4772 3.5246 3.5761 3.6366 
262.5 1.0151 0.98775 0.92223 0.89135 0.87725 0.86946 0.86328 0.85808 0.85386 0.85013 0.84678 0.8448 0.84478 0.84602 0.84825 0.85159 0.85609 0.86161 0.8679 0.87479 0.88205 0.88933 0.89633 0.90269 0.90848 0.91428 0.92012 0.92573 0.93125 0.93665 0.94219 0.94804 0.95414 0.96063 0.96746 0.97484 0.98276 0.99096 0.99937 1.0082 1.0173 1.0279 1.0391 1.0515 1.0646 1.0786 1.0934 1.1091 1.1257 1.143 1.1611 1.1801 1.1999 1.2206 1.2421 1.2645 1.2878 1.3119 1.3371 1.3632 1.3903 1.4184 1.4473 1.4773 1.5082 1.5403 1.5735 1.6078 1.6435 1.6803 1.7186 1.7582 1.7994 1.8424 1.8871 1.9336 1.9822 2.0328 2.0855 2.1404 2.1981 2.2583 2.3216 2.3882 2.4586 2.5332 2.6127 2.6978 2.7883 2.8861 2.9803 3.0803 3.1836 3.2832 3.3671 3.4281 3.4764 3.5237 3.5753 3.6358 
263 1.0148 0.98693 0.92159 0.89151 0.87762 0.86964 0.8634 0.85824 0.85404 0.8503 0.84695 0.84496 0.84494 0.84618 0.84841 0.85175 0.85626 0.86178 0.86806 0.87494 0.88221 0.88949 0.8965 0.90285 0.90864 0.91444 0.92028 0.9259 0.93141 0.93681 0.94236 0.9482 0.9543 0.96079 0.96762 0.97499 0.9829 0.9911 0.9995 1.0083 1.0174 1.0281 1.0393 1.0517 1.0648 1.0788 1.0937 1.1093 1.1259 1.1432 1.1614 1.1803 1.2001 1.2209 1.2424 1.2648 1.2881 1.3122 1.3374 1.3635 1.3906 1.4187 1.4476 1.4776 1.5085 1.5406 1.5737 1.6081 1.6438 1.6806 1.7188 1.7584 1.7997 1.8426 1.8873 1.9338 1.9824 2.0329 2.0857 2.1406 2.1982 2.2584 2.3216 2.3883 2.4586 2.5332 2.6127 2.6978 2.7883 2.886 2.9802 3.0801 3.1833 3.2828 3.3666 3.4274 3.4757 3.5229 3.5744 3.6349 
263.5 1.0145 0.98611 0.92094 0.89167 0.878 0.86982 0.86352 0.85841 0.85422 0.85046 0.84712 0.84513 0.84509 0.84634 0.84856 0.85192 0.85643 0.86194 0.86822 0.8751 0.88237 0.88966 0.89667 0.90302 0.9088 0.9146 0.92045 0.92606 0.93158 0.93697 0.94252 0.94836 0.95446 0.96095 0.96778 0.97514 0.98304 0.99123 0.99962 1.0084 1.0176 1.0282 1.0395 1.0519 1.065 1.079 1.0939 1.1096 1.1262 1.1435 1.1617 1.1806 1.2004 1.2212 1.2427 1.2651 1.2884 1.3125 1.3377 1.3638 1.3909 1.419 1.4479 1.4779 1.5088 1.5409 1.574 1.6084 1.644 1.6809 1.7191 1.7587 1.7999 1.8428 1.8875 1.934 1.9826 2.0331 2.0858 2.1408 2.1983 2.2585 2.3217 2.3884 2.4586 2.5332 2.6127 2.6978 2.7882 2.8859 2.98 3.0799 3.183 3.2824 3.3661 3.4268 3.4749 3.5221 3.5735 3.6341 
264 1.0146 0.98608 0.92098 0.89182 0.8782 0.86999 0.86368 0.85857 0.85438 0.85063 0.84728 0.84528 0.84525 0.8465 0.84873 0.85208 0.85659 0.8621 0.86837 0.87525 0.88252 0.88981 0.89683 0.90318 0.90897 0.91476 0.92061 0.92622 0.93174 0.93713 0.94268 0.94852 0.95461 0.9611 0.96792 0.97528 0.98318 0.99134 0.99977 1.0085 1.0177 1.0283 1.0397 1.0521 1.0652 1.0793 1.0941 1.1098 1.1264 1.1438 1.1619 1.1809 1.2007 1.2215 1.243 1.2654 1.2887 1.3128 1.338 1.3641 1.3912 1.4193 1.4482 1.4782 1.5091 1.5411 1.5743 1.6087 1.6443 1.6811 1.7193 1.7589 1.8001 1.843 1.8877 1.9342 1.9828 2.0333 2.086 2.1409 2.1984 2.2586 2.3218 2.3884 2.4587 2.5333 2.6127 2.6978 2.7881 2.8858 2.9799 3.0798 3.1829 3.2823 3.3658 3.4265 3.4746 3.5217 3.5732 3.6337 
264.5 1.0147 0.98634 0.92124 0.89198 0.87833 0.87016 0.86386 0.85874 0.85454 0.85079 0.84744 0.84543 0.8454 0.84666 0.8489 0.85224 0.85675 0.86226 0.86852 0.8754 0.88268 0.88997 0.89698 0.90334 0.90913 0.91493 0.92077 0.92639 0.9319 0.93729 0.94283 0.94868 0.95477 0.96124 0.96806 0.97542 0.98332 0.99144 0.99993 1.0085 1.0179 1.0285 1.0399 1.0523 1.0654 1.0795 1.0944 1.1101 1.1267 1.144 1.1622 1.1812 1.201 1.2217 1.2433 1.2657 1.289 1.3131 1.3383 1.3644 1.3915 1.4196 1.4485 1.4785 1.5094 1.5414 1.5746 1.6089 1.6446 1.6814 1.7196 1.7591 1.8003 1.8432 1.8879 1.9344 1.983 2.0334 2.0861 2.141 2.1986 2.2587 2.3219 2.3885 2.4587 2.5333 2.6127 2.6977 2.7881 2.8857 2.9798 3.0797 3.1828 3.2822 3.3657 3.4264 3.4745 3.5216 3.573 3.6334 
265 1.0148 0.98659 0.92151 0.89213 0.87846 0.87033 0.86403 0.8589 0.8547 0.85095 0.84759 0.84558 0.84556 0.84682 0.84907 0.8524 0.85691 0.86242 0.86868 0.87555 0.88283 0.89012 0.89713 0.9035 0.9093 0.9151 0.92093 0.92655 0.93206 0.93745 0.94299 0.94885 0.95493 0.96138 0.96819 0.97556 0.98347 0.99154 1.0001 1.0085 1.0181 1.0286 1.0401 1.0524 1.0656 1.0797 1.0946 1.1103 1.1269 1.1443 1.1625 1.1815 1.2013 1.222 1.2436 1.266 1.2893 1.3134 1.3386 1.3647 1.3918 1.4199 1.4488 1.4788 1.5097 1.5417 1.5749 1.6092 1.6448 1.6816 1.7198 1.7594 1.8006 1.8434 1.8881 1.9346 1.9831 2.0336 2.0863 2.1412 2.1987 2.2588 2.322 2.3885 2.4588 2.5333 2.6127 2.6977 2.788 2.8856 2.9797 3.0795 3.1826 3.282 3.3656 3.4263 3.4744 3.5214 3.5728 3.6332 
265.5 1.0149 0.98684 0.92178 0.89228 0.87859 0.8705 0.86421 0.85907 0.85486 0.85111 0.84775 0.84573 0.84571 0.84698 0.84925 0.85256 0.85706 0.86259 0.86883 0.87571 0.88299 0.89028 0.89729 0.90366 0.90946 0.91527 0.9211 0.92671 0.93223 0.93761 0.94314 0.94901 0.95509 0.96152 0.96833 0.9757 0.98361 0.99164 1.0003 1.0085 1.0182 1.0287 1.0402 1.0526 1.0658 1.0799 1.0948 1.1105 1.1272 1.1446 1.1627 1.1817 1.2016 1.2223 1.2439 1.2663 1.2896 1.3137 1.3389 1.365 1.3921 1.4202 1.4491 1.4791 1.51 1.542 1.5751 1.6095 1.6451 1.6819 1.7201 1.7596 1.8008 1.8437 1.8883 1.9348 1.9833 2.0338 2.0864 2.1413 2.1988 2.2589 2.3221 2.3886 2.4589 2.5333 2.6127 2.6977 2.7879 2.8855 2.9796 3.0794 3.1825 3.2819 3.3655 3.4262 3.4742 3.5212 3.5726 3.6329 
266 1.0152 0.98723 0.92212 0.89244 0.8787 0.87066 0.86439 0.85923 0.85502 0.85127 0.84791 0.8459 0.84586 0.84713 0.84939 0.85272 0.85723 0.86274 0.86899 0.87587 0.88315 0.89044 0.89745 0.90382 0.90961 0.91542 0.92126 0.92688 0.93238 0.93777 0.9433 0.94916 0.95524 0.96168 0.96848 0.97585 0.98376 0.99176 1.0004 1.0086 1.0184 1.0288 1.0404 1.0528 1.066 1.0801 1.095 1.1108 1.1274 1.1448 1.163 1.182 1.2018 1.2226 1.2442 1.2666 1.2899 1.314 1.3392 1.3653 1.3924 1.4205 1.4494 1.4794 1.5102 1.5423 1.5754 1.6097 1.6454 1.6821 1.7203 1.7598 1.801 1.8439 1.8885 1.935 1.9835 2.0339 2.0866 2.1414 2.199 2.259 2.3222 2.3887 2.4589 2.5334 2.6127 2.6976 2.7879 2.8854 2.9794 3.0792 3.1822 3.2815 3.365 3.4257 3.4737 3.5208 3.5722 3.6326 
266.5 1.0155 0.98763 0.92246 0.8926 0.87881 0.87082 0.86457 0.8594 0.85518 0.85142 0.84806 0.84607 0.84601 0.84728 0.84953 0.85288 0.85739 0.8629 0.86916 0.87603 0.8833 0.8906 0.8976 0.90398 0.90976 0.91556 0.92142 0.92704 0.93254 0.93793 0.94346 0.9493 0.95539 0.96183 0.96864 0.97599 0.9839 0.99189 1.0005 1.0087 1.0185 1.029 1.0406 1.053 1.0662 1.0803 1.0953 1.111 1.1277 1.1451 1.1633 1.1823 1.2021 1.2229 1.2444 1.2669 1.2902 1.3143 1.3395 1.3656 1.3927 1.4207 1.4497 1.4796 1.5105 1.5426 1.5757 1.61 1.6456 1.6824 1.7206 1.7601 1.8012 1.8441 1.8887 1.9352 1.9837 2.0341 2.0867 2.1416 2.1991 2.2591 2.3223 2.3887 2.459 2.5334 2.6127 2.6976 2.7878 2.8853 2.9793 3.079 3.1819 3.2811 3.3645 3.4251 3.4732 3.5204 3.5718 3.6322 
267 1.0158 0.98802 0.9228 0.89276 0.87893 0.87098 0.86474 0.85956 0.85534 0.85158 0.84822 0.84624 0.84616 0.84743 0.84967 0.85304 0.85755 0.86306 0.86932 0.8762 0.88346 0.89076 0.89776 0.90414 0.90991 0.91571 0.92158 0.9272 0.9327 0.93809 0.94361 0.94945 0.95554 0.96199 0.96879 0.97614 0.98405 0.99202 1.0006 1.0088 1.0186 1.0291 1.0407 1.0532 1.0664 1.0805 1.0955 1.1112 1.1279 1.1453 1.1635 1.1825 1.2024 1.2232 1.2447 1.2672 1.2905 1.3146 1.3398 1.3659 1.393 1.421 1.45 1.4799 1.5108 1.5428 1.576 1.6103 1.6459 1.6826 1.7208 1.7603 1.8015 1.8443 1.8889 1.9354 1.9838 2.0343 2.0869 2.1417 2.1992 2.2593 2.3224 2.3888 2.459 2.5334 2.6127 2.6975 2.7878 2.8853 2.9792 3.0788 3.1816 3.2807 3.364 3.4246 3.4727 3.5199 3.5715 3.6319 
267.5 1.0159 0.98838 0.92315 0.89291 0.87903 0.87115 0.86492 0.85972 0.85549 0.85174 0.84838 0.8464 0.84632 0.84758 0.84982 0.85319 0.85771 0.86322 0.86948 0.87636 0.88362 0.89092 0.89792 0.9043 0.91007 0.91587 0.92175 0.92737 0.93286 0.93825 0.94377 0.9496 0.95569 0.96214 0.96895 0.97628 0.98419 0.99214 1.0007 1.009 1.0187 1.0293 1.0409 1.0533 1.0666 1.0808 1.0957 1.1115 1.1281 1.1456 1.1638 1.1828 1.2027 1.2234 1.245 1.2675 1.2908 1.3149 1.3401 1.3662 1.3933 1.4213 1.4502 1.4802 1.5111 1.5431 1.5762 1.6105 1.6461 1.6829 1.721 1.7605 1.8017 1.8445 1.8891 1.9356 1.984 2.0344 2.087 2.1419 2.1993 2.2594 2.3225 2.3889 2.4591 2.5334 2.6127 2.6975 2.7877 2.8852 2.9791 3.0786 3.1813 3.2804 3.3636 3.4241 3.4722 3.5195 3.5711 3.6316 
268 1.0156 0.98857 0.92353 0.89303 0.8791 0.87133 0.86511 0.85988 0.85565 0.85188 0.84852 0.84654 0.84647 0.84773 0.84997 0.85335 0.85786 0.86338 0.86964 0.87651 0.88377 0.89107 0.89808 0.90446 0.91023 0.91603 0.92191 0.92753 0.93302 0.93841 0.94393 0.94976 0.95585 0.96229 0.96909 0.97642 0.98433 0.99228 1.0009 1.0091 1.0189 1.0294 1.041 1.0535 1.0668 1.081 1.0959 1.1117 1.1284 1.1458 1.164 1.1831 1.2029 1.2237 1.2453 1.2677 1.291 1.3152 1.3404 1.3665 1.3935 1.4215 1.4505 1.4805 1.5114 1.5434 1.5765 1.6108 1.6464 1.6831 1.7213 1.7608 1.8019 1.8447 1.8893 1.9358 1.9842 2.0346 2.0872 2.142 2.1994 2.2595 2.3226 2.389 2.4591 2.5335 2.6126 2.6975 2.7876 2.885 2.9789 3.0785 3.1811 3.2801 3.3634 3.4238 3.4718 3.519 3.5705 3.631 
268.5 1.0153 0.98877 0.92391 0.89314 0.87917 0.8715 0.8653 0.86004 0.8558 0.85202 0.84867 0.84668 0.84662 0.84788 0.85013 0.8535 0.85801 0.86353 0.8698 0.87666 0.88392 0.89123 0.89824 0.90462 0.9104 0.9162 0.92207 0.92769 0.93318 0.93856 0.94409 0.94993 0.956 0.96244 0.96923 0.97656 0.98446 0.99241 1.001 1.0092 1.019 1.0296 1.0412 1.0537 1.067 1.0812 1.0961 1.1119 1.1286 1.1461 1.1643 1.1833 1.2032 1.224 1.2456 1.268 1.2913 1.3155 1.3407 1.3667 1.3938 1.4218 1.4508 1.4808 1.5117 1.5437 1.5768 1.6111 1.6466 1.6834 1.7215 1.761 1.8021 1.8449 1.8895 1.9359 1.9844 2.0347 2.0874 2.1421 2.1996 2.2596 2.3226 2.389 2.4591 2.5335 2.6126 2.6974 2.7875 2.8849 2.9788 3.0783 3.181 3.2799 3.3631 3.4235 3.4715 3.5186 3.57 3.6304 
269 1.015 0.98896 0.92429 0.89325 0.87924 0.87168 0.86549 0.8602 0.85596 0.85217 0.84881 0.84682 0.84677 0.84803 0.85028 0.85365 0.85816 0.86369 0.86995 0.87681 0.88407 0.89138 0.8984 0.90478 0.91057 0.91637 0.92223 0.92785 0.93334 0.93872 0.94424 0.95009 0.95615 0.96259 0.96937 0.97669 0.9846 0.99254 1.0011 1.0094 1.0192 1.0297 1.0414 1.0539 1.0672 1.0814 1.0964 1.1122 1.1289 1.1463 1.1646 1.1836 1.2035 1.2243 1.2459 1.2683 1.2916 1.3158 1.341 1.367 1.3941 1.4221 1.451 1.481 1.512 1.544 1.577 1.6113 1.6469 1.6836 1.7218 1.7612 1.8024 1.8451 1.8898 1.9361 1.9846 2.0349 2.0875 2.1423 2.1997 2.2596 2.3227 2.3891 2.4592 2.5335 2.6126 2.6974 2.7874 2.8848 2.9786 3.0781 3.1808 3.2797 3.3629 3.4232 3.4711 3.5181 3.5695 3.6298 
269.5 1.0144 0.98872 0.92433 0.89335 0.87939 0.87187 0.86566 0.86035 0.85611 0.85232 0.84896 0.84696 0.84692 0.84819 0.85044 0.8538 0.85831 0.86384 0.87011 0.87697 0.88423 0.89154 0.89856 0.90494 0.91073 0.91653 0.92238 0.92801 0.9335 0.93887 0.9444 0.95024 0.9563 0.96274 0.96951 0.97683 0.98474 0.99268 1.0013 1.0095 1.0193 1.0299 1.0415 1.054 1.0674 1.0816 1.0966 1.1124 1.1291 1.1466 1.1648 1.1839 1.2037 1.2245 1.2461 1.2686 1.2919 1.3161 1.3413 1.3673 1.3944 1.4224 1.4513 1.4813 1.5122 1.5442 1.5773 1.6116 1.6471 1.6839 1.722 1.7615 1.8026 1.8453 1.89 1.9363 1.9848 2.035 2.0877 2.1424 2.1998 2.2598 2.3228 2.3892 2.4592 2.5335 2.6126 2.6973 2.7874 2.8847 2.9785 3.078 3.1806 3.2795 3.3627 3.423 3.4709 3.5179 3.5693 3.6296 
270 1.0135 0.98789 0.9239 0.89343 0.87967 0.87208 0.8658 0.8605 0.85627 0.85248 0.84911 0.8471 0.84707 0.84835 0.8506 0.85396 0.85846 0.86399 0.87026 0.87714 0.8844 0.8917 0.89872 0.90509 0.91088 0.91669 0.92254 0.92816 0.93365 0.93902 0.94454 0.95039 0.95644 0.96288 0.96966 0.97697 0.98488 0.99283 1.0014 1.0097 1.0195 1.03 1.0417 1.0542 1.0676 1.0818 1.0968 1.1126 1.1293 1.1468 1.1651 1.1841 1.204 1.2248 1.2464 1.2689 1.2922 1.3163 1.3416 1.3676 1.3946 1.4226 1.4516 1.4816 1.5125 1.5445 1.5776 1.6118 1.6474 1.6841 1.7222 1.7617 1.8028 1.8456 1.8901 1.9365 1.9849 2.0352 2.0878 2.1425 2.1999 2.2599 2.3229 2.3892 2.4592 2.5335 2.6125 2.6972 2.7873 2.8845 2.9783 3.0778 3.1804 3.2793 3.3625 3.423 3.471 3.5181 3.5696 3.63 
270.5 1.0126 0.98705 0.92347 0.89351 0.87994 0.87228 0.86595 0.86065 0.85642 0.85264 0.84926 0.84725 0.84722 0.84851 0.85077 0.85411 0.85862 0.86414 0.87042 0.8773 0.88457 0.89187 0.89889 0.90525 0.91103 0.91684 0.92269 0.92832 0.93381 0.93917 0.94469 0.95053 0.95659 0.96303 0.96981 0.97711 0.98502 0.99297 1.0016 1.0098 1.0196 1.0302 1.0419 1.0544 1.0678 1.082 1.097 1.1129 1.1296 1.1471 1.1653 1.1844 1.2043 1.2251 1.2467 1.2691 1.2925 1.3166 1.3418 1.3679 1.3949 1.4229 1.4519 1.4819 1.5128 1.5448 1.5778 1.6121 1.6476 1.6844 1.7225 1.7619 1.803 1.8458 1.8903 1.9367 1.9851 2.0354 2.088 2.1427 2.2 2.26 2.323 2.3893 2.4593 2.5335 2.6125 2.6972 2.7872 2.8844 2.9782 3.0776 3.1802 3.2791 3.3624 3.4229 3.471 3.5183 3.5699 3.6304 
271 1.0117 0.98622 0.92303 0.8936 0.88022 0.87249 0.86609 0.8608 0.85657 0.85281 0.84941 0.84739 0.84737 0.84868 0.85093 0.85427 0.85877 0.86428 0.87057 0.87747 0.88474 0.89203 0.89905 0.9054 0.91118 0.917 0.92284 0.92847 0.93396 0.93932 0.94483 0.95067 0.95673 0.96317 0.96995 0.97726 0.98516 0.99312 1.0017 1.01 1.0198 1.0304 1.0421 1.0546 1.068 1.0822 1.0972 1.1131 1.1298 1.1473 1.1656 1.1846 1.2045 1.2253 1.247 1.2694 1.2927 1.3169 1.3421 1.3681 1.3952 1.4232 1.4521 1.4821 1.513 1.545 1.5781 1.6123 1.6479 1.6846 1.7227 1.7621 1.8032 1.846 1.8905 1.9369 1.9852 2.0356 2.0881 2.1428 2.2001 2.2601 2.323 2.3893 2.4593 2.5335 2.6125 2.6971 2.7871 2.8843 2.978 3.0774 3.18 3.2789 3.3623 3.4229 3.4711 3.5185 3.5702 3.6308 
271.5 1.0126 0.98681 0.92334 0.89382 0.88039 0.87262 0.86624 0.86096 0.85673 0.85297 0.84956 0.84754 0.84752 0.84882 0.85108 0.85442 0.85893 0.86443 0.87072 0.87762 0.8849 0.89219 0.89921 0.90556 0.91133 0.91715 0.92299 0.92862 0.93412 0.93948 0.94499 0.95082 0.95688 0.96331 0.97009 0.9774 0.98531 0.99326 1.0019 1.0101 1.02 1.0305 1.0422 1.0548 1.0682 1.0824 1.0974 1.1133 1.13 1.1476 1.1658 1.1849 1.2048 1.2256 1.2472 1.2697 1.293 1.3172 1.3424 1.3684 1.3955 1.4235 1.4524 1.4824 1.5133 1.5453 1.5783 1.6126 1.6481 1.6848 1.7229 1.7624 1.8034 1.8462 1.8907 1.937 1.9854 2.0357 2.0882 2.143 2.2003 2.2602 2.3231 2.3894 2.4593 2.5335 2.6125 2.6971 2.787 2.8842 2.9779 3.0772 3.1798 3.2787 3.362 3.4226 3.4709 3.5183 3.5701 3.6308 
272 1.0144 0.98818 0.92405 0.89412 0.8805 0.87273 0.8664 0.86113 0.85689 0.85312 0.84972 0.8477 0.84767 0.84896 0.85123 0.85457 0.85908 0.86457 0.87086 0.87777 0.88505 0.89235 0.89937 0.90573 0.91149 0.91731 0.92315 0.92877 0.93427 0.93963 0.94514 0.95098 0.95703 0.96346 0.97024 0.97755 0.98546 0.99342 1.002 1.0103 1.0201 1.0307 1.0424 1.055 1.0683 1.0826 1.0976 1.1135 1.1303 1.1478 1.1661 1.1851 1.205 1.2259 1.2475 1.2699 1.2933 1.3175 1.3427 1.3687 1.3957 1.4237 1.4527 1.4827 1.5136 1.5455 1.5786 1.6128 1.6484 1.6851 1.7232 1.7626 1.8036 1.8464 1.8909 1.9372 1.9856 2.0359 2.0884 2.1431 2.2004 2.2603 2.3232 2.3894 2.4593 2.5335 2.6125 2.697 2.787 2.8841 2.9778 3.077 3.1795 3.2783 3.3615 3.4221 3.4704 3.5179 3.5698 3.6306 
272.5 1.0163 0.98954 0.92475 0.89442 0.8806 0.87283 0.86656 0.8613 0.85705 0.85328 0.84988 0.84786 0.84781 0.84909 0.85137 0.85471 0.85923 0.86471 0.87101 0.87792 0.88521 0.89251 0.89953 0.90589 0.91165 0.91747 0.9233 0.92893 0.93443 0.93979 0.9453 0.95113 0.95718 0.96361 0.97038 0.97769 0.9856 0.99357 1.0022 1.0104 1.0203 1.0309 1.0426 1.0551 1.0685 1.0828 1.0979 1.1138 1.1305 1.148 1.1663 1.1854 1.2053 1.2261 1.2477 1.2702 1.2935 1.3177 1.343 1.369 1.396 1.424 1.4529 1.4829 1.5138 1.5458 1.5788 1.6131 1.6486 1.6853 1.7234 1.7628 1.8039 1.8466 1.8911 1.9374 1.9857 2.036 2.0885 2.1432 2.2005 2.2604 2.3233 2.3895 2.4594 2.5335 2.6125 2.697 2.7869 2.884 2.9777 3.0769 3.1793 3.278 3.3611 3.4217 3.47 3.5176 3.5695 3.6304 
273 1.0181 0.9909 0.92546 0.89472 0.88071 0.87293 0.86672 0.86147 0.85721 0.85344 0.85004 0.84802 0.84795 0.84923 0.85151 0.85486 0.85939 0.86485 0.87115 0.87806 0.88536 0.89268 0.89969 0.90606 0.91181 0.91763 0.92346 0.92908 0.93458 0.93994 0.94545 0.95129 0.95733 0.96376 0.97052 0.97784 0.98575 0.99372 1.0023 1.0106 1.0204 1.031 1.0428 1.0553 1.0687 1.083 1.0981 1.114 1.1307 1.1483 1.1666 1.1856 1.2056 1.2264 1.248 1.2705 1.2938 1.318 1.3432 1.3692 1.3963 1.4243 1.4532 1.4832 1.5141 1.5461 1.5791 1.6133 1.6489 1.6856 1.7236 1.763 1.8041 1.8468 1.8913 1.9376 1.9859 2.0361 2.0887 2.1433 2.2006 2.2605 2.3233 2.3896 2.4594 2.5336 2.6124 2.697 2.7869 2.884 2.9775 3.0767 3.179 3.2776 3.3607 3.4212 3.4696 3.5172 3.5692 3.6302 
273.5 1.0185 0.99127 0.92576 0.89492 0.88087 0.87309 0.86688 0.86162 0.85735 0.85358 0.85018 0.84817 0.84811 0.84939 0.85167 0.85503 0.85954 0.86501 0.87131 0.87822 0.88552 0.89283 0.89984 0.9062 0.91195 0.91777 0.92362 0.92924 0.93474 0.9401 0.9456 0.95144 0.95748 0.9639 0.97067 0.97799 0.9859 0.99386 1.0025 1.0107 1.0206 1.0312 1.0429 1.0555 1.0689 1.0832 1.0983 1.1142 1.131 1.1485 1.1668 1.1859 1.2058 1.2266 1.2483 1.2707 1.2941 1.3183 1.3435 1.3695 1.3966 1.4245 1.4535 1.4835 1.5143 1.5463 1.5793 1.6136 1.6491 1.6858 1.7239 1.7632 1.8043 1.8469 1.8915 1.9377 1.9861 2.0363 2.0888 2.1434 2.2007 2.2606 2.3234 2.3896 2.4594 2.5336 2.6124 2.697 2.7869 2.884 2.9776 3.0768 3.179 3.2778 3.36 3.4196 3.468 3.516 3.5686 3.6305 
274 1.0186 0.9915 0.926 0.8951 0.88103 0.87326 0.86704 0.86177 0.8575 0.85372 0.85032 0.84832 0.84827 0.84956 0.85183 0.85519 0.8597 0.86517 0.87147 0.87837 0.88568 0.89299 0.89999 0.90634 0.91209 0.91792 0.92378 0.9294 0.9349 0.94025 0.94575 0.95159 0.95764 0.96405 0.97082 0.97814 0.98604 0.99401 1.0026 1.0109 1.0208 1.0314 1.0431 1.0557 1.0691 1.0834 1.0985 1.1144 1.1312 1.1487 1.167 1.1861 1.2061 1.2269 1.2485 1.271 1.2944 1.3185 1.3438 1.3698 1.3968 1.4248 1.4537 1.4837 1.5146 1.5466 1.5796 1.6138 1.6494 1.686 1.7241 1.7635 1.8045 1.8471 1.8917 1.9379 1.9863 2.0365 2.0889 2.1435 2.2008 2.2607 2.3235 2.3897 2.4594 2.5335 2.6123 2.6969 2.7869 2.8841 2.9778 3.0768 3.179 3.278 3.3593 3.4178 3.4663 3.5146 3.5678 3.6308 
274.5 1.0188 0.99173 0.92624 0.89528 0.88119 0.87343 0.8672 0.86192 0.85764 0.85385 0.85047 0.84847 0.84844 0.84973 0.852 0.85536 0.85985 0.86533 0.87163 0.87853 0.88584 0.89315 0.90014 0.90648 0.91223 0.91806 0.92394 0.92956 0.93505 0.94041 0.9459 0.95175 0.95779 0.96419 0.97097 0.97828 0.98619 0.99416 1.0028 1.0111 1.0209 1.0315 1.0433 1.0559 1.0693 1.0836 1.0987 1.1146 1.1314 1.149 1.1673 1.1864 1.2063 1.2272 1.2488 1.2713 1.2946 1.3188 1.344 1.3701 1.3971 1.4251 1.454 1.484 1.5149 1.5468 1.5799 1.6141 1.6496 1.6863 1.7243 1.7637 1.8047 1.8473 1.8919 1.9381 1.9864 2.0366 2.0891 2.1437 2.2009 2.2607 2.3236 2.3897 2.4595 2.5335 2.6123 2.6969 2.7869 2.8842 2.9779 3.0769 3.179 3.2782 3.3586 3.4161 3.4646 3.5133 3.5671 3.6311 
275 1.0188 0.99188 0.92644 0.89545 0.88136 0.8736 0.86736 0.86207 0.85778 0.85399 0.85061 0.84862 0.8486 0.8499 0.85216 0.85553 0.86001 0.86549 0.87179 0.87869 0.88601 0.8933 0.90029 0.90662 0.91238 0.91821 0.9241 0.92971 0.93521 0.94056 0.94605 0.9519 0.95794 0.96434 0.97113 0.97843 0.98633 0.9943 1.003 1.0112 1.0211 1.0317 1.0435 1.0561 1.0695 1.0838 1.0989 1.1148 1.1316 1.1492 1.1675 1.1866 1.2066 1.2274 1.2491 1.2715 1.2949 1.3191 1.3443 1.3703 1.3974 1.4253 1.4543 1.4843 1.5151 1.5471 1.5801 1.6143 1.6498 1.6865 1.7245 1.7639 1.8049 1.8475 1.8921 1.9383 1.9866 2.0368 2.0892 2.1438 2.201 2.2608 2.3237 2.3898 2.4595 2.5335 2.6122 2.6968 2.7869 2.8843 2.9781 3.077 3.1789 3.2781 3.3575 3.4139 3.4626 3.5119 3.5665 3.6316 
275.5 1.0178 0.99133 0.92632 0.89551 0.88152 0.8738 0.86753 0.86222 0.85793 0.85415 0.85077 0.84877 0.84874 0.85005 0.85233 0.85571 0.86015 0.86559 0.87191 0.87885 0.88618 0.89346 0.90043 0.90678 0.91255 0.91838 0.92425 0.92986 0.93536 0.94071 0.9462 0.95204 0.95809 0.96449 0.97128 0.97859 0.98649 0.99446 1.0031 1.0114 1.0213 1.0319 1.0437 1.0563 1.0697 1.084 1.0991 1.1151 1.1319 1.1494 1.1678 1.1869 1.2068 1.2277 1.2493 1.2718 1.2951 1.3193 1.3446 1.3706 1.3976 1.4256 1.4545 1.4845 1.5154 1.5473 1.5803 1.6146 1.6501 1.6867 1.7248 1.7641 1.8051 1.8477 1.8922 1.9384 1.9868 2.0369 2.0893 2.1439 2.2011 2.2609 2.3237 2.3899 2.4595 2.5335 2.6122 2.697 2.7874 2.8851 2.9788 3.0771 3.1778 3.2752 3.3526 3.4082 3.4581 3.5099 3.5672 3.6344 
276 1.0169 0.99078 0.9262 0.89556 0.88168 0.874 0.8677 0.86237 0.85809 0.8543 0.85093 0.84892 0.84888 0.8502 0.8525 0.85589 0.86028 0.86569 0.87202 0.87902 0.88635 0.89361 0.90058 0.90693 0.91272 0.91855 0.9244 0.93 0.9355 0.94086 0.94635 0.95219 0.95823 0.96465 0.97143 0.97874 0.98665 0.99462 1.0033 1.0115 1.0214 1.0321 1.0438 1.0565 1.0699 1.0842 1.0993 1.1153 1.1321 1.1497 1.168 1.1871 1.2071 1.2279 1.2496 1.2721 1.2954 1.3196 1.3448 1.3709 1.3979 1.4259 1.4548 1.4848 1.5156 1.5476 1.5806 1.6148 1.6503 1.687 1.725 1.7643 1.8053 1.8479 1.8924 1.9386 1.9869 2.037 2.0895 2.144 2.2012 2.2611 2.3238 2.39 2.4595 2.5334 2.6122 2.6971 2.7879 2.8859 2.9796 3.0773 3.1768 3.2724 3.3478 3.4025 3.4535 3.5078 3.5679 3.6371 
276.5 1.0159 0.99023 0.92608 0.89562 0.88185 0.8742 0.86787 0.86253 0.85824 0.85446 0.85108 0.84906 0.84903 0.85035 0.85267 0.85607 0.86042 0.86579 0.87214 0.87918 0.88652 0.89377 0.90073 0.90709 0.91289 0.91871 0.92455 0.93015 0.93565 0.94101 0.9465 0.95234 0.95837 0.9648 0.97158 0.9789 0.98681 0.99478 1.0034 1.0117 1.0216 1.0322 1.044 1.0566 1.0701 1.0844 1.0996 1.1155 1.1323 1.1499 1.1682 1.1874 1.2073 1.2282 1.2498 1.2723 1.2957 1.3199 1.3451 1.3711 1.3982 1.4261 1.455 1.485 1.5159 1.5478 1.5808 1.6151 1.6506 1.6872 1.7252 1.7645 1.8055 1.8481 1.8926 1.9388 1.9871 2.0372 2.0896 2.1441 2.2013 2.2612 2.3239 2.39 2.4596 2.5334 2.6122 2.6973 2.7885 2.8867 2.9804 3.0774 3.1757 3.2695 3.3429 3.3968 3.449 3.5058 3.5686 3.6398 
277 1.0151 0.98967 0.92586 0.89571 0.88207 0.8744 0.86803 0.86268 0.8584 0.85462 0.85124 0.84921 0.84917 0.8505 0.85284 0.85624 0.86056 0.86591 0.87227 0.87934 0.88668 0.89393 0.90089 0.90725 0.91305 0.91887 0.9247 0.9303 0.93579 0.94117 0.94666 0.95248 0.9585 0.96495 0.97173 0.97905 0.98696 0.99493 1.0036 1.0119 1.0218 1.0324 1.0442 1.0568 1.0703 1.0846 1.0998 1.1157 1.1326 1.1501 1.1685 1.1876 1.2076 1.2284 1.2501 1.2726 1.2959 1.3201 1.3454 1.3714 1.3984 1.4264 1.4553 1.4853 1.5162 1.5481 1.5811 1.6153 1.6508 1.6874 1.7254 1.7647 1.8057 1.8483 1.8928 1.9389 1.9872 2.0373 2.0897 2.1443 2.2014 2.2613 2.324 2.3901 2.4596 2.5334 2.6122 2.6974 2.7887 2.8872 2.9807 3.0773 3.1747 3.2672 3.3393 3.3927 3.4456 3.5042 3.5689 3.6415 
277.5 1.0148 0.98911 0.92546 0.89587 0.88241 0.8746 0.86816 0.86283 0.85856 0.85477 0.85138 0.84936 0.84932 0.85065 0.853 0.85638 0.86071 0.86605 0.87241 0.87949 0.88684 0.89409 0.90105 0.90741 0.9132 0.91902 0.92485 0.93045 0.93595 0.94134 0.94682 0.95261 0.95863 0.96508 0.97188 0.97921 0.98711 0.99509 1.0037 1.012 1.022 1.0326 1.0444 1.057 1.0705 1.0848 1.1 1.116 1.1328 1.1503 1.1687 1.1878 1.2078 1.2287 1.2503 1.2728 1.2962 1.3204 1.3456 1.3716 1.3987 1.4266 1.4556 1.4855 1.5164 1.5483 1.5813 1.6155 1.651 1.6876 1.7256 1.7649 1.8059 1.8485 1.893 1.9391 1.9874 2.0375 2.0898 2.1444 2.2015 2.2613 2.3241 2.3902 2.4597 2.5334 2.6122 2.6973 2.7886 2.8869 2.9803 3.0767 3.1739 3.2662 3.3382 3.3916 3.4447 3.5035 3.5683 3.6412 
278 1.0145 0.98854 0.92506 0.89603 0.88274 0.8748 0.86829 0.86298 0.85872 0.85493 0.85152 0.84951 0.84947 0.8508 0.85316 0.85653 0.86085 0.86619 0.87256 0.87965 0.88699 0.89426 0.90122 0.90757 0.91334 0.91916 0.925 0.93061 0.9361 0.9415 0.94698 0.95275 0.95875 0.9652 0.97203 0.97936 0.98727 0.99524 1.0039 1.0122 1.0221 1.0328 1.0446 1.0572 1.0707 1.0851 1.1002 1.1162 1.133 1.1505 1.1689 1.1881 1.2081 1.2289 1.2506 1.2731 1.2964 1.3206 1.3459 1.3719 1.3989 1.4269 1.4558 1.4858 1.5166 1.5486 1.5816 1.6158 1.6512 1.6878 1.7258 1.7651 1.8061 1.8487 1.8931 1.9393 1.9875 2.0376 2.0899 2.1445 2.2016 2.2614 2.3242 2.3902 2.4598 2.5334 2.6122 2.6972 2.7884 2.8866 2.9799 3.0761 3.1731 3.2652 3.3371 3.3905 3.4438 3.5027 3.5678 3.6409 
278.5 1.0142 0.98798 0.92467 0.89619 0.88308 0.87499 0.86842 0.86314 0.85888 0.85508 0.85167 0.84966 0.84961 0.85096 0.85331 0.85667 0.861 0.86633 0.8727 0.8798 0.88715 0.89442 0.90139 0.90773 0.91348 0.91931 0.92515 0.93076 0.93626 0.94167 0.94714 0.95288 0.95887 0.96533 0.97218 0.97952 0.98742 0.99539 1.004 1.0124 1.0223 1.033 1.0447 1.0574 1.0709 1.0853 1.1004 1.1164 1.1332 1.1508 1.1691 1.1883 1.2083 1.2292 1.2508 1.2733 1.2967 1.3209 1.3461 1.3721 1.3992 1.4272 1.4561 1.486 1.5169 1.5488 1.5818 1.616 1.6515 1.6881 1.7261 1.7653 1.8063 1.8489 1.8933 1.9395 1.9876 2.0377 2.0901 2.1446 2.2017 2.2615 2.3243 2.3903 2.4598 2.5335 2.6122 2.6972 2.7882 2.8863 2.9794 3.0755 3.1722 3.2642 3.336 3.3894 3.4428 3.502 3.5673 3.6406 
279 1.0145 0.98787 0.92448 0.89641 0.88338 0.87516 0.86855 0.86329 0.85904 0.85524 0.85181 0.8498 0.84976 0.8511 0.85346 0.85682 0.86115 0.86648 0.87285 0.87995 0.88731 0.89458 0.90154 0.90788 0.91364 0.91946 0.9253 0.93091 0.93641 0.94182 0.94729 0.95302 0.95901 0.96548 0.97233 0.97967 0.98757 0.99554 1.0042 1.0125 1.0225 1.0331 1.0449 1.0576 1.0711 1.0855 1.1007 1.1166 1.1334 1.151 1.1693 1.1886 1.2086 1.2294 1.2511 1.2736 1.2969 1.3211 1.3464 1.3724 1.3995 1.4274 1.4563 1.4863 1.5171 1.549 1.582 1.6162 1.6517 1.6883 1.7263 1.7655 1.8065 1.8491 1.8934 1.9397 1.9878 2.0379 2.0902 2.1447 2.2018 2.2616 2.3244 2.3903 2.4599 2.5334 2.6121 2.6971 2.788 2.886 2.9791 3.075 3.1717 3.2636 3.3353 3.3888 3.4422 3.5015 3.5669 3.6402 
279.5 1.0153 0.98811 0.92446 0.89665 0.88366 0.8753 0.86867 0.86344 0.8592 0.85539 0.85196 0.84995 0.8499 0.85124 0.85359 0.85696 0.8613 0.86663 0.87301 0.88011 0.88747 0.89473 0.90169 0.90804 0.9138 0.91962 0.92545 0.93106 0.93656 0.94197 0.94743 0.95316 0.95915 0.96563 0.97247 0.97982 0.98771 0.99569 1.0044 1.0127 1.0226 1.0333 1.0451 1.0578 1.0713 1.0857 1.1009 1.1168 1.1336 1.1512 1.1696 1.1888 1.2088 1.2297 1.2513 1.2738 1.2972 1.3214 1.3466 1.3727 1.3997 1.4277 1.4566 1.4865 1.5174 1.5493 1.5823 1.6165 1.6519 1.6885 1.7265 1.7657 1.8067 1.8493 1.8936 1.9398 1.9879 2.0381 2.0903 2.1448 2.2019 2.2617 2.3244 2.3904 2.4598 2.5334 2.612 2.6969 2.7878 2.8858 2.9788 3.0747 3.1714 3.2633 3.3351 3.3885 3.4419 3.5012 3.5665 3.6399 
280 1.0162 0.98835 0.92443 0.8969 0.88393 0.87544 0.8688 0.86359 0.85935 0.85554 0.8521 0.85009 0.85005 0.85138 0.85372 0.8571 0.86145 0.86678 0.87316 0.88027 0.88762 0.89488 0.90184 0.90819 0.91397 0.91977 0.92561 0.93121 0.93672 0.94211 0.94757 0.9533 0.95929 0.96578 0.97262 0.97997 0.98786 0.99584 1.0045 1.0128 1.0228 1.0335 1.0453 1.058 1.0715 1.0859 1.1011 1.1171 1.1339 1.1514 1.1698 1.189 1.2091 1.2299 1.2516 1.2741 1.2974 1.3216 1.3469 1.3729 1.4 1.4279 1.4568 1.4868 1.5176 1.5495 1.5825 1.6167 1.6521 1.6887 1.7267 1.7659 1.8069 1.8494 1.8938 1.94 1.9881 2.0382 2.0904 2.145 2.202 2.2617 2.3245 2.3904 2.4598 2.5333 2.6119 2.6967 2.7876 2.8855 2.9785 3.0744 3.1711 3.263 3.3348 3.3882 3.4417 3.5009 3.5662 3.6395 
280.5 1.017 0.98859 0.92441 0.89715 0.88421 0.87558 0.86892 0.86374 0.8595 0.85569 0.85225 0.85023 0.85019 0.85151 0.85385 0.85725 0.86161 0.86693 0.87332 0.88042 0.88778 0.89504 0.90199 0.90834 0.91413 0.91993 0.92576 0.93136 0.93687 0.94225 0.94771 0.95344 0.95944 0.96593 0.97277 0.98011 0.98801 0.99599 1.0047 1.013 1.023 1.0337 1.0455 1.0582 1.0717 1.0861 1.1013 1.1173 1.1341 1.1516 1.17 1.1893 1.2093 1.2302 1.2518 1.2743 1.2977 1.3219 1.3471 1.3732 1.4002 1.4282 1.4571 1.487 1.5179 1.5498 1.5827 1.6169 1.6524 1.6889 1.7269 1.7661 1.807 1.8496 1.894 1.9401 1.9882 2.0384 2.0905 2.1451 2.202 2.2618 2.3245 2.3904 2.4598 2.5333 2.6118 2.6966 2.7874 2.8853 2.9782 3.0741 3.1708 3.2627 3.3345 3.3879 3.4414 3.5006 3.5659 3.6392 
281 1.0171 0.98861 0.92445 0.89731 0.8844 0.87575 0.86908 0.8639 0.85966 0.85583 0.85239 0.85037 0.85034 0.85166 0.854 0.8574 0.86176 0.86708 0.87347 0.88058 0.88794 0.89519 0.90214 0.90849 0.91427 0.92008 0.92591 0.93151 0.93701 0.94239 0.94785 0.95358 0.95958 0.96608 0.97292 0.98026 0.98816 0.99614 1.0048 1.0132 1.0231 1.0338 1.0457 1.0584 1.0719 1.0863 1.1015 1.1175 1.1343 1.1519 1.1703 1.1895 1.2095 1.2304 1.2521 1.2746 1.2979 1.3222 1.3474 1.3734 1.4005 1.4284 1.4573 1.4873 1.5181 1.55 1.583 1.6171 1.6526 1.6892 1.7271 1.7663 1.8072 1.8498 1.8942 1.9403 1.9884 2.0385 2.0906 2.1452 2.2021 2.2619 2.3245 2.3904 2.4598 2.5332 2.6117 2.6964 2.7872 2.885 2.9779 3.0738 3.1704 3.2623 3.3341 3.3876 3.4411 3.5004 3.5658 3.6392 
281.5 1.017 0.98858 0.9245 0.89743 0.88457 0.87593 0.86925 0.86406 0.85982 0.85597 0.85254 0.85052 0.85049 0.85181 0.85416 0.85755 0.86191 0.86723 0.87362 0.88073 0.8881 0.89534 0.90229 0.90863 0.91441 0.92023 0.92606 0.93166 0.93716 0.94253 0.948 0.95373 0.95973 0.96623 0.97307 0.98041 0.98831 0.99629 1.005 1.0133 1.0233 1.034 1.0459 1.0586 1.0721 1.0865 1.1017 1.1177 1.1345 1.1521 1.1705 1.1897 1.2098 1.2307 1.2523 1.2748 1.2982 1.3224 1.3476 1.3737 1.4007 1.4287 1.4576 1.4875 1.5183 1.5502 1.5832 1.6174 1.6528 1.6894 1.7273 1.7665 1.8074 1.85 1.8943 1.9405 1.9885 2.0386 2.0907 2.1453 2.2022 2.2619 2.3246 2.3904 2.4597 2.5332 2.6116 2.6963 2.787 2.8848 2.9776 3.0735 3.1701 3.262 3.3338 3.3873 3.4409 3.5002 3.5658 3.6393 
282 1.0169 0.98855 0.92456 0.89756 0.88473 0.8761 0.86942 0.86423 0.85997 0.85611 0.85269 0.85066 0.85065 0.85197 0.85433 0.85771 0.86206 0.86738 0.87377 0.88089 0.88825 0.8955 0.90244 0.90877 0.91455 0.92037 0.92621 0.93181 0.9373 0.94267 0.94815 0.95388 0.95988 0.96638 0.97322 0.98056 0.98845 0.99644 1.0051 1.0135 1.0235 1.0342 1.0461 1.0588 1.0723 1.0867 1.1019 1.1179 1.1347 1.1523 1.1707 1.19 1.21 1.2309 1.2526 1.2751 1.2984 1.3227 1.3479 1.3739 1.4009 1.4289 1.4578 1.4877 1.5186 1.5505 1.5834 1.6176 1.653 1.6896 1.7275 1.7667 1.8076 1.8501 1.8945 1.9406 1.9886 2.0388 2.0908 2.1454 2.2023 2.262 2.3246 2.3904 2.4597 2.5331 2.6116 2.6962 2.7868 2.8845 2.9773 3.0731 3.1697 3.2616 3.3334 3.387 3.4406 3.5001 3.5657 3.6395 
282.5 1.0169 0.98852 0.92462 0.89769 0.8849 0.87628 0.86958 0.86439 0.86013 0.85625 0.85284 0.85081 0.8508 0.85212 0.85449 0.85786 0.86221 0.86753 0.87392 0.88104 0.88841 0.89565 0.90259 0.90891 0.91469 0.92052 0.92636 0.93196 0.93744 0.94281 0.94829 0.95403 0.96003 0.96653 0.97338 0.98071 0.9886 0.99659 1.0052 1.0136 1.0236 1.0344 1.0462 1.059 1.0725 1.0869 1.1021 1.1181 1.135 1.1525 1.1709 1.1902 1.2102 1.2312 1.2528 1.2753 1.2987 1.3229 1.3481 1.3742 1.4012 1.4291 1.4581 1.488 1.5188 1.5507 1.5837 1.6178 1.6532 1.6898 1.7277 1.7669 1.8078 1.8503 1.8946 1.9408 1.9888 2.0389 2.091 2.1455 2.2023 2.262 2.3246 2.3904 2.4597 2.5331 2.6115 2.6961 2.7867 2.8843 2.9771 3.0728 3.1694 3.2613 3.3331 3.3867 3.4404 3.4999 3.5657 3.6396 
283 1.0172 0.98893 0.92494 0.89785 0.88501 0.87642 0.86974 0.86454 0.86028 0.8564 0.85298 0.85095 0.85094 0.85227 0.85464 0.85803 0.86236 0.86769 0.87407 0.88118 0.88855 0.8958 0.90275 0.90907 0.91484 0.92067 0.92651 0.93211 0.9376 0.94297 0.94844 0.95417 0.96017 0.96667 0.97352 0.98086 0.98875 0.99673 1.0054 1.0138 1.0238 1.0346 1.0464 1.0591 1.0727 1.0871 1.1023 1.1184 1.1352 1.1528 1.1712 1.1904 1.2105 1.2314 1.253 1.2756 1.2989 1.3232 1.3484 1.3744 1.4014 1.4294 1.4583 1.4882 1.519 1.5509 1.5839 1.618 1.6534 1.69 1.7279 1.7671 1.808 1.8505 1.8948 1.9409 1.9889 2.039 2.0911 2.1456 2.2024 2.2621 2.3247 2.3905 2.4597 2.533 2.6114 2.696 2.7865 2.8841 2.9769 3.0726 3.1692 3.2611 3.333 3.3865 3.4402 3.4997 3.5655 3.6393 
283.5 1.0176 0.98933 0.92525 0.89802 0.88513 0.87657 0.86991 0.86469 0.86043 0.85654 0.85312 0.85109 0.85108 0.85242 0.8548 0.85819 0.86252 0.86785 0.87422 0.88133 0.88869 0.89594 0.9029 0.90924 0.915 0.92082 0.92666 0.93226 0.93775 0.94313 0.94859 0.95432 0.96031 0.96681 0.97367 0.98101 0.9889 0.99688 1.0055 1.014 1.024 1.0347 1.0466 1.0593 1.0729 1.0873 1.1025 1.1186 1.1354 1.153 1.1714 1.1907 1.2107 1.2316 1.2533 1.2758 1.2992 1.3234 1.3486 1.3747 1.4017 1.4296 1.4585 1.4885 1.5193 1.5512 1.5841 1.6182 1.6537 1.6902 1.7281 1.7673 1.8081 1.8507 1.895 1.9411 1.989 2.0391 2.0912 2.1456 2.2025 2.2622 2.3247 2.3905 2.4597 2.533 2.6113 2.6959 2.7864 2.884 2.9767 3.0725 3.1691 3.261 3.3328 3.3864 3.4401 3.4996 3.5652 3.639 
284 1.018 0.98974 0.92557 0.89818 0.88524 0.87671 0.87007 0.86485 0.86058 0.85669 0.85325 0.85124 0.85121 0.85258 0.85495 0.85835 0.86268 0.868 0.87438 0.88147 0.88884 0.89609 0.90305 0.9094 0.91515 0.92097 0.92681 0.93241 0.9379 0.94329 0.94874 0.95446 0.96046 0.96695 0.97382 0.98116 0.98905 0.99702 1.0057 1.0141 1.0241 1.0349 1.0468 1.0595 1.0731 1.0875 1.1028 1.1188 1.1356 1.1532 1.1716 1.1909 1.2109 1.2319 1.2535 1.276 1.2994 1.3236 1.3489 1.3749 1.4019 1.4299 1.4588 1.4887 1.5195 1.5514 1.5843 1.6184 1.6539 1.6904 1.7283 1.7675 1.8083 1.8508 1.8951 1.9412 1.9892 2.0392 2.0913 2.1457 2.2026 2.2622 2.3247 2.3905 2.4596 2.533 2.6112 2.6958 2.7862 2.8838 2.9766 3.0723 3.1689 3.2608 3.3327 3.3863 3.4399 3.4994 3.565 3.6387 
284.5 1.0183 0.9901 0.92585 0.89834 0.88536 0.87686 0.87022 0.865 0.86073 0.85684 0.8534 0.85138 0.85136 0.85273 0.8551 0.85851 0.86283 0.86816 0.87452 0.88161 0.88898 0.89624 0.90321 0.90956 0.91531 0.92112 0.92696 0.93256 0.93806 0.94344 0.94889 0.9546 0.9606 0.96709 0.97397 0.98131 0.9892 0.99717 1.0058 1.0143 1.0243 1.0351 1.047 1.0597 1.0733 1.0877 1.103 1.119 1.1358 1.1534 1.1718 1.1911 1.2112 1.2321 1.2537 1.2763 1.2997 1.3239 1.3491 1.3751 1.4022 1.4301 1.459 1.4889 1.5197 1.5516 1.5845 1.6187 1.6541 1.6906 1.7285 1.7676 1.8085 1.851 1.8953 1.9414 1.9893 2.0393 2.0914 2.1458 2.2027 2.2623 2.3247 2.3905 2.4596 2.5329 2.6112 2.6957 2.7861 2.8837 2.9764 3.0722 3.1687 3.2607 3.3326 3.3862 3.4398 3.4992 3.5648 3.6384 
285 1.0187 0.99036 0.92601 0.89851 0.88553 0.877 0.87036 0.86514 0.86087 0.85699 0.85354 0.85153 0.85151 0.85288 0.85525 0.85864 0.86298 0.8683 0.87467 0.88176 0.88913 0.89638 0.90335 0.9097 0.91546 0.92128 0.92711 0.93271 0.93821 0.94359 0.94904 0.95476 0.96074 0.96723 0.97411 0.98144 0.98934 0.99731 1.0059 1.0144 1.0245 1.0352 1.0471 1.0599 1.0735 1.0879 1.1032 1.1192 1.136 1.1536 1.1721 1.1913 1.2114 1.2323 1.254 1.2765 1.2999 1.3241 1.3493 1.3754 1.4024 1.4303 1.4592 1.4892 1.52 1.5518 1.5847 1.6189 1.6543 1.6908 1.7287 1.7678 1.8087 1.8512 1.8954 1.9415 1.9895 2.0395 2.0915 2.1459 2.2027 2.2624 2.3248 2.3905 2.4596 2.5329 2.6111 2.6956 2.786 2.8836 2.9763 3.072 3.1686 3.2606 3.3325 3.3862 3.4398 3.4993 3.5649 3.6385 
285.5 1.0191 0.99062 0.92618 0.89868 0.8857 0.87715 0.87051 0.86529 0.86101 0.85713 0.85369 0.85168 0.85167 0.85303 0.85539 0.85878 0.86312 0.86845 0.87482 0.88191 0.88928 0.89653 0.90349 0.90984 0.91562 0.92144 0.92726 0.93286 0.93837 0.94374 0.94919 0.95491 0.96089 0.96738 0.97425 0.98158 0.98948 0.99744 1.0061 1.0146 1.0246 1.0354 1.0473 1.0601 1.0737 1.0881 1.1034 1.1194 1.1362 1.1539 1.1723 1.1916 1.2116 1.2326 1.2542 1.2767 1.3001 1.3243 1.3496 1.3756 1.4026 1.4306 1.4594 1.4894 1.5202 1.552 1.585 1.6191 1.6545 1.691 1.7289 1.768 1.8088 1.8513 1.8956 1.9416 1.9896 2.0396 2.0916 2.146 2.2028 2.2624 2.3248 2.3905 2.4596 2.5329 2.6111 2.6955 2.7859 2.8834 2.9761 3.0719 3.1685 3.2605 3.3325 3.3861 3.4398 3.4993 3.5649 3.6386 
286 1.0194 0.99087 0.92634 0.89885 0.88586 0.8773 0.87065 0.86543 0.86115 0.85727 0.85384 0.85183 0.85183 0.85317 0.85553 0.85892 0.86326 0.86859 0.87496 0.88206 0.88942 0.89668 0.90363 0.90998 0.91577 0.9216 0.92741 0.93301 0.93852 0.94389 0.94934 0.95506 0.96103 0.96753 0.97439 0.98172 0.98962 0.99758 1.0062 1.0147 1.0248 1.0356 1.0475 1.0603 1.0738 1.0883 1.1036 1.1196 1.1365 1.1541 1.1725 1.1918 1.2118 1.2328 1.2544 1.277 1.3004 1.3246 1.3498 1.3758 1.4029 1.4308 1.4597 1.4896 1.5204 1.5523 1.5852 1.6193 1.6547 1.6912 1.7291 1.7682 1.809 1.8515 1.8957 1.9417 1.9898 2.0397 2.0917 2.1461 2.2028 2.2625 2.3248 2.3906 2.4596 2.5328 2.6111 2.6955 2.7859 2.8833 2.976 3.0718 3.1684 3.2604 3.3324 3.3861 3.4398 3.4993 3.5649 3.6386 
286.5 1.0194 0.99088 0.92639 0.89899 0.88604 0.87746 0.8708 0.86558 0.86129 0.85742 0.85398 0.85198 0.85199 0.85332 0.85568 0.85906 0.86341 0.86873 0.87511 0.8822 0.88957 0.89683 0.90378 0.91013 0.91593 0.92175 0.92756 0.93316 0.93867 0.94404 0.94949 0.9552 0.96118 0.96767 0.97453 0.98186 0.98976 0.99771 1.0063 1.0148 1.0249 1.0357 1.0477 1.0604 1.074 1.0885 1.1038 1.1198 1.1367 1.1543 1.1727 1.192 1.2121 1.233 1.2547 1.2772 1.3006 1.3248 1.3501 1.3761 1.4031 1.431 1.4599 1.4898 1.5206 1.5525 1.5854 1.6195 1.6549 1.6914 1.7292 1.7684 1.8092 1.8516 1.8959 1.9419 1.9899 2.0398 2.0918 2.1462 2.2029 2.2625 2.3249 2.3906 2.4596 2.5328 2.611 2.6954 2.7858 2.8832 2.9759 3.0716 3.1683 3.2603 3.3323 3.386 3.4397 3.4991 3.5648 3.6385 
287 1.019 0.99062 0.92633 0.8991 0.88622 0.87763 0.87095 0.86572 0.86144 0.85758 0.85413 0.85212 0.85214 0.85347 0.85583 0.8592 0.86355 0.86887 0.87525 0.88235 0.88971 0.89698 0.90393 0.91028 0.91607 0.92189 0.92771 0.9333 0.93882 0.9442 0.94964 0.95535 0.96132 0.96781 0.97467 0.98199 0.98988 0.99784 1.0065 1.015 1.0251 1.0359 1.0478 1.0606 1.0742 1.0887 1.104 1.12 1.1369 1.1545 1.173 1.1922 1.2123 1.2332 1.2549 1.2774 1.3008 1.3251 1.3503 1.3763 1.4033 1.4313 1.4601 1.49 1.5208 1.5527 1.5856 1.6197 1.6551 1.6916 1.7294 1.7686 1.8094 1.8518 1.8961 1.942 1.99 2.0399 2.0919 2.1462 2.203 2.2626 2.3249 2.3906 2.4596 2.5328 2.611 2.6954 2.7857 2.8832 2.9758 3.0715 3.1681 3.2601 3.332 3.3857 3.4393 3.4988 3.5644 3.6381 
287.5 1.0187 0.99036 0.92627 0.89921 0.8864 0.8778 0.8711 0.86586 0.86159 0.85773 0.85428 0.85227 0.85229 0.85362 0.85599 0.85934 0.86369 0.86901 0.8754 0.88249 0.88985 0.89712 0.90408 0.91043 0.91622 0.92203 0.92785 0.93345 0.93896 0.94435 0.94979 0.9555 0.96147 0.96795 0.97481 0.98213 0.99001 0.99796 1.0066 1.0151 1.0252 1.0361 1.048 1.0608 1.0744 1.0889 1.1042 1.1202 1.1371 1.1547 1.1732 1.1925 1.2125 1.2335 1.2551 1.2777 1.3011 1.3253 1.3505 1.3765 1.4036 1.4315 1.4604 1.4903 1.5211 1.5529 1.5858 1.6199 1.6553 1.6918 1.7296 1.7688 1.8095 1.852 1.8962 1.9422 1.9901 2.04 2.092 2.1463 2.2031 2.2626 2.325 2.3906 2.4596 2.5328 2.611 2.6953 2.7856 2.8831 2.9757 3.0714 3.1679 3.2599 3.3318 3.3854 3.439 3.4984 3.564 3.6378 
288 1.0183 0.99009 0.9262 0.89932 0.88658 0.87797 0.87124 0.86601 0.86174 0.85788 0.85443 0.85242 0.85244 0.85377 0.85614 0.85948 0.86383 0.86915 0.87555 0.88263 0.88999 0.89727 0.90423 0.91058 0.91636 0.92217 0.92799 0.93359 0.93911 0.9445 0.94994 0.95564 0.96162 0.96809 0.97496 0.98227 0.99014 0.99809 1.0067 1.0153 1.0254 1.0362 1.0482 1.061 1.0746 1.0891 1.1044 1.1204 1.1373 1.1549 1.1734 1.1927 1.2128 1.2337 1.2554 1.2779 1.3013 1.3255 1.3508 1.3768 1.4038 1.4317 1.4606 1.4905 1.5213 1.5531 1.586 1.6201 1.6555 1.692 1.7298 1.769 1.8097 1.8521 1.8964 1.9423 1.9903 2.0401 2.0921 2.1464 2.2031 2.2627 2.325 2.3906 2.4596 2.5328 2.6109 2.6953 2.7856 2.883 2.9756 3.0713 3.1678 3.2596 3.3315 3.385 3.4387 3.4981 3.5637 3.6374 
288.5 1.0186 0.99044 0.92648 0.89949 0.88672 0.87812 0.8714 0.86616 0.86188 0.85802 0.85457 0.85256 0.85258 0.85391 0.85628 0.85962 0.86397 0.86929 0.87569 0.88279 0.89014 0.89742 0.90438 0.91073 0.91651 0.92231 0.92814 0.93374 0.93926 0.94465 0.95008 0.95579 0.96177 0.96823 0.97509 0.98241 0.99026 0.99821 1.0068 1.0154 1.0255 1.0364 1.0484 1.0612 1.0748 1.0893 1.1046 1.1206 1.1375 1.1552 1.1736 1.1929 1.213 1.2339 1.2556 1.2781 1.3015 1.3258 1.351 1.377 1.404 1.432 1.4608 1.4907 1.5215 1.5533 1.5862 1.6203 1.6557 1.6921 1.73 1.7691 1.8099 1.8523 1.8965 1.9425 1.9904 2.0402 2.0922 2.1465 2.2032 2.2627 2.3251 2.3907 2.4597 2.5328 2.6109 2.6952 2.7855 2.8829 2.9755 3.0711 3.1676 3.2594 3.3312 3.3847 3.4384 3.4979 3.5636 3.6374 
289 1.0192 0.99105 0.9269 0.89968 0.88683 0.87827 0.87156 0.86631 0.86203 0.85816 0.8547 0.85269 0.85272 0.85404 0.85641 0.85977 0.86411 0.86943 0.87582 0.88294 0.8903 0.89756 0.90453 0.91087 0.91665 0.92245 0.92828 0.93389 0.9394 0.94479 0.95023 0.95593 0.96192 0.96838 0.97523 0.98254 0.99039 0.99833 1.0069 1.0155 1.0257 1.0366 1.0485 1.0614 1.075 1.0895 1.1048 1.1209 1.1377 1.1554 1.1738 1.1931 1.2132 1.2341 1.2558 1.2784 1.3018 1.326 1.3512 1.3772 1.4043 1.4322 1.461 1.4909 1.5217 1.5536 1.5865 1.6205 1.6559 1.6923 1.7302 1.7693 1.81 1.8525 1.8966 1.9426 1.9905 2.0404 2.0923 2.1466 2.2033 2.2628 2.3251 2.3907 2.4597 2.5328 2.6109 2.6952 2.7854 2.8828 2.9754 3.0709 3.1673 3.2591 3.3308 3.3844 3.4381 3.4977 3.5636 3.6375 
289.5 1.0199 0.99166 0.92733 0.89987 0.88694 0.87841 0.87172 0.86646 0.86217 0.8583 0.85483 0.85282 0.85285 0.85418 0.85654 0.85991 0.86425 0.86957 0.87596 0.88309 0.89045 0.89771 0.90468 0.91102 0.9168 0.9226 0.92843 0.93403 0.93954 0.94494 0.95038 0.95608 0.96206 0.96852 0.97537 0.98268 0.99051 0.99845 1.007 1.0156 1.0258 1.0367 1.0487 1.0615 1.0752 1.0897 1.105 1.1211 1.1379 1.1556 1.174 1.1934 1.2134 1.2344 1.2561 1.2786 1.302 1.3262 1.3515 1.3775 1.4045 1.4324 1.4613 1.4912 1.5219 1.5538 1.5867 1.6207 1.6561 1.6925 1.7303 1.7695 1.8102 1.8526 1.8968 1.9427 1.9906 2.0405 2.0924 2.1467 2.2034 2.2629 2.3252 2.3907 2.4597 2.5328 2.6109 2.6952 2.7854 2.8827 2.9753 3.0708 3.1671 3.2587 3.3305 3.3841 3.4379 3.4976 3.5636 3.6376 
290 1.0205 0.99227 0.92775 0.90006 0.88705 0.87855 0.87188 0.86661 0.86231 0.85844 0.85496 0.85295 0.85299 0.85431 0.85667 0.86006 0.86439 0.86971 0.8761 0.88325 0.8906 0.89786 0.90482 0.91116 0.91694 0.92274 0.92858 0.93418 0.93968 0.94508 0.95052 0.95622 0.96221 0.96866 0.97551 0.98282 0.99063 0.99857 1.0071 1.0158 1.026 1.0369 1.0489 1.0617 1.0754 1.0899 1.1052 1.1213 1.1382 1.1558 1.1743 1.1936 1.2137 1.2346 1.2563 1.2788 1.3022 1.3265 1.3517 1.3777 1.4047 1.4326 1.4615 1.4914 1.5222 1.554 1.5869 1.6209 1.6563 1.6927 1.7305 1.7697 1.8104 1.8527 1.8969 1.9429 1.9907 2.0406 2.0925 2.1468 2.2035 2.2629 2.3252 2.3908 2.4597 2.5328 2.6109 2.6951 2.7853 2.8826 2.9751 3.0706 3.1668 3.2584 3.3301 3.3837 3.4376 3.4975 3.5636 3.6377 
290.5 1.0201 0.99194 0.92762 0.90016 0.88724 0.87871 0.87202 0.86675 0.86245 0.85858 0.85511 0.8531 0.85313 0.85445 0.85681 0.86019 0.86453 0.86986 0.87624 0.88338 0.89074 0.89799 0.90497 0.91131 0.91709 0.92288 0.92872 0.93432 0.93983 0.94522 0.95067 0.95637 0.96234 0.96879 0.97563 0.98293 0.99075 0.99868 1.0072 1.0159 1.0261 1.037 1.049 1.0619 1.0755 1.0901 1.1054 1.1215 1.1384 1.156 1.1745 1.1938 1.2139 1.2348 1.2565 1.2791 1.3025 1.3267 1.3519 1.3779 1.4049 1.4329 1.4617 1.4916 1.5224 1.5542 1.5871 1.6211 1.6564 1.6929 1.7307 1.7698 1.8105 1.8529 1.8971 1.943 1.9908 2.0407 2.0926 2.1469 2.2035 2.263 2.3253 2.3908 2.4597 2.5328 2.6108 2.695 2.7852 2.8825 2.975 3.0704 3.1666 3.2582 3.3298 3.3834 3.4373 3.4972 3.5633 3.6374 
291 1.0196 0.99153 0.92745 0.90025 0.88743 0.87888 0.87216 0.86689 0.8626 0.85872 0.85526 0.85326 0.85327 0.85459 0.85695 0.86032 0.86467 0.87 0.87639 0.88352 0.89087 0.89813 0.90511 0.91146 0.91723 0.92303 0.92886 0.93447 0.93998 0.94537 0.95081 0.95651 0.96247 0.96893 0.97576 0.98305 0.99088 0.99878 1.0073 1.016 1.0262 1.0372 1.0492 1.0621 1.0757 1.0903 1.1056 1.1217 1.1386 1.1562 1.1747 1.194 1.2141 1.235 1.2567 1.2793 1.3027 1.3269 1.3522 1.3782 1.4052 1.4331 1.4619 1.4918 1.5226 1.5544 1.5873 1.6213 1.6566 1.693 1.7308 1.77 1.8107 1.8531 1.8972 1.9431 1.991 2.0408 2.0927 2.147 2.2036 2.263 2.3253 2.3908 2.4597 2.5328 2.6108 2.695 2.7852 2.8824 2.9749 3.0703 3.1664 3.258 3.3296 3.3831 3.4369 3.4968 3.5629 3.637 
291.5 1.0192 0.99113 0.92728 0.90035 0.88762 0.87905 0.8723 0.86703 0.86274 0.85887 0.85541 0.85341 0.85341 0.85473 0.85709 0.86046 0.86481 0.87015 0.87654 0.88366 0.89101 0.89827 0.90525 0.91161 0.91737 0.92317 0.92901 0.93461 0.94012 0.94551 0.95096 0.95665 0.9626 0.96907 0.97589 0.98316 0.991 0.99889 1.0074 1.0161 1.0264 1.0373 1.0494 1.0622 1.0759 1.0904 1.1058 1.1219 1.1388 1.1564 1.1749 1.1942 1.2143 1.2353 1.257 1.2795 1.3029 1.3271 1.3524 1.3784 1.4054 1.4333 1.4622 1.492 1.5228 1.5546 1.5875 1.6215 1.6568 1.6932 1.731 1.7702 1.8109 1.8533 1.8974 1.9433 1.9911 2.0409 2.0929 2.147 2.2037 2.2631 2.3253 2.3909 2.4597 2.5328 2.6107 2.6949 2.7851 2.8823 2.9748 3.0701 3.1663 3.2577 3.3293 3.3828 3.4366 3.4964 3.5625 3.6367 
292 1.0188 0.99078 0.92714 0.90045 0.88781 0.87921 0.87245 0.86717 0.86288 0.85901 0.85556 0.85357 0.85355 0.85487 0.85723 0.86059 0.86495 0.87029 0.87669 0.8838 0.89114 0.89841 0.9054 0.91175 0.91752 0.92332 0.92915 0.93475 0.94027 0.94565 0.9511 0.95679 0.96273 0.9692 0.97602 0.98328 0.99112 0.999 1.0075 1.0163 1.0265 1.0375 1.0495 1.0624 1.0761 1.0906 1.106 1.1221 1.139 1.1566 1.1751 1.1945 1.2145 1.2355 1.2572 1.2797 1.3031 1.3274 1.3526 1.3786 1.4056 1.4335 1.4624 1.4922 1.523 1.5549 1.5877 1.6217 1.657 1.6934 1.7312 1.7703 1.811 1.8534 1.8975 1.9434 1.9912 2.041 2.093 2.1471 2.2038 2.2631 2.3254 2.3909 2.4597 2.5328 2.6107 2.6948 2.785 2.8822 2.9746 3.07 3.1661 3.2575 3.329 3.3825 3.4363 3.4961 3.5622 3.6364 
292.5 1.0188 0.9908 0.92721 0.9006 0.88799 0.87937 0.87259 0.86732 0.86303 0.85917 0.85571 0.85371 0.85369 0.85501 0.85738 0.86074 0.86509 0.87043 0.87683 0.88394 0.89129 0.89856 0.90555 0.9119 0.91767 0.92347 0.92931 0.9349 0.94041 0.94578 0.95124 0.95692 0.96287 0.96933 0.97614 0.9834 0.99123 0.9991 1.0076 1.0164 1.0267 1.0376 1.0497 1.0626 1.0763 1.0908 1.1062 1.1223 1.1392 1.1568 1.1753 1.1947 1.2148 1.2357 1.2574 1.2799 1.3033 1.3276 1.3528 1.3788 1.4058 1.4337 1.4626 1.4925 1.5232 1.5551 1.5879 1.6219 1.6571 1.6935 1.7313 1.7705 1.8112 1.8536 1.8977 1.9436 1.9914 2.0411 2.093 2.1472 2.2038 2.2632 2.3254 2.3909 2.4597 2.5327 2.6107 2.6948 2.7849 2.8821 2.9745 3.0698 3.1658 3.2572 3.3287 3.3822 3.4361 3.4961 3.5624 3.6367 
293 1.0188 0.99083 0.92728 0.90075 0.88817 0.87954 0.87274 0.86747 0.86318 0.85932 0.85585 0.85386 0.85384 0.85516 0.85753 0.86088 0.86524 0.87058 0.87696 0.88409 0.89143 0.89871 0.9057 0.91206 0.91782 0.92363 0.92946 0.93505 0.94055 0.94592 0.95137 0.95705 0.963 0.96946 0.97626 0.98351 0.99134 0.99921 1.0077 1.0165 1.0268 1.0378 1.0498 1.0627 1.0764 1.091 1.1063 1.1225 1.1394 1.1571 1.1755 1.1949 1.215 1.2359 1.2576 1.2802 1.3036 1.3278 1.353 1.379 1.406 1.434 1.4628 1.4927 1.5234 1.5553 1.5881 1.6221 1.6573 1.6937 1.7315 1.7706 1.8114 1.8537 1.8978 1.9437 1.9915 2.0413 2.0931 2.1473 2.2039 2.2633 2.3254 2.3909 2.4597 2.5327 2.6106 2.6947 2.7848 2.882 2.9743 3.0696 3.1655 3.2568 3.3283 3.3819 3.436 3.4961 3.5626 3.637 
293.5 1.0188 0.99085 0.92736 0.9009 0.88835 0.8797 0.87289 0.86762 0.86334 0.85948 0.856 0.854 0.85398 0.85531 0.85768 0.86103 0.86538 0.87072 0.8771 0.88424 0.89157 0.89886 0.90585 0.91221 0.91797 0.92378 0.92961 0.93519 0.94069 0.94606 0.95151 0.95718 0.96313 0.96959 0.97639 0.98363 0.99145 0.99931 1.0078 1.0166 1.0269 1.0379 1.05 1.0629 1.0766 1.0912 1.1065 1.1227 1.1396 1.1573 1.1758 1.1951 1.2152 1.2361 1.2578 1.2804 1.3038 1.328 1.3533 1.3793 1.4063 1.4342 1.463 1.4929 1.5237 1.5555 1.5883 1.6223 1.6575 1.6939 1.7317 1.7708 1.8115 1.8539 1.8979 1.9438 1.9916 2.0414 2.0932 2.1474 2.2039 2.2633 2.3255 2.3909 2.4597 2.5327 2.6106 2.6947 2.7848 2.8819 2.9742 3.0694 3.1652 3.2565 3.328 3.3816 3.4358 3.4962 3.5628 3.6373 
294 1.0191 0.99116 0.92762 0.90105 0.88847 0.87985 0.87305 0.86777 0.86348 0.85963 0.85614 0.85415 0.85413 0.85545 0.85782 0.86118 0.86552 0.87086 0.87725 0.88439 0.89172 0.89901 0.906 0.91235 0.91812 0.92392 0.92976 0.93534 0.94083 0.94619 0.95164 0.95731 0.96326 0.96971 0.97651 0.98375 0.99155 0.99941 1.0079 1.0167 1.0271 1.0381 1.0502 1.0631 1.0768 1.0914 1.1067 1.1229 1.1398 1.1575 1.176 1.1953 1.2154 1.2364 1.2581 1.2806 1.304 1.3282 1.3535 1.3795 1.4065 1.4344 1.4632 1.4931 1.5239 1.5557 1.5885 1.6225 1.6577 1.6941 1.7319 1.771 1.8117 1.854 1.8981 1.9439 1.9917 2.0415 2.0933 2.1475 2.204 2.2634 2.3255 2.391 2.4598 2.5327 2.6106 2.6946 2.7847 2.8818 2.974 3.0692 3.165 3.2562 3.3276 3.3812 3.4353 3.4957 3.5623 3.6369 
294.5 1.0198 0.99197 0.9282 0.90123 0.88852 0.87997 0.87321 0.86792 0.86362 0.85976 0.85628 0.85429 0.85427 0.85559 0.85796 0.86132 0.86567 0.871 0.8774 0.88454 0.89187 0.89916 0.90614 0.91248 0.91825 0.92406 0.9299 0.93548 0.94097 0.94633 0.95177 0.95744 0.96338 0.96983 0.97662 0.98386 0.99165 0.9995 1.008 1.0168 1.0272 1.0382 1.0503 1.0632 1.077 1.0915 1.1069 1.1231 1.14 1.1577 1.1762 1.1955 1.2156 1.2366 1.2583 1.2808 1.3042 1.3284 1.3537 1.3797 1.4067 1.4346 1.4634 1.4933 1.5241 1.5559 1.5887 1.6227 1.6579 1.6942 1.732 1.7711 1.8118 1.8542 1.8982 1.9441 1.9918 2.0416 2.0934 2.1476 2.2041 2.2635 2.3255 2.391 2.4598 2.5327 2.6105 2.6946 2.7846 2.8817 2.974 3.0691 3.1648 3.2559 3.3271 3.3804 3.4343 3.4943 3.5607 3.6351 
295 1.0205 0.99278 0.92878 0.90141 0.88857 0.8801 0.87337 0.86807 0.86376 0.8599 0.85643 0.85443 0.85441 0.85573 0.85809 0.86146 0.86581 0.87115 0.87754 0.88468 0.89202 0.8993 0.90628 0.91261 0.91839 0.92419 0.93004 0.93563 0.94111 0.94648 0.95191 0.95757 0.9635 0.96994 0.97674 0.98397 0.99174 0.99959 1.0081 1.0169 1.0273 1.0383 1.0504 1.0634 1.0771 1.0917 1.1071 1.1233 1.1402 1.1579 1.1764 1.1957 1.2158 1.2368 1.2585 1.281 1.3044 1.3287 1.3539 1.3799 1.4069 1.4348 1.4636 1.4935 1.5243 1.5561 1.5889 1.6229 1.6581 1.6944 1.7322 1.7713 1.812 1.8543 1.8984 1.9442 1.992 2.0417 2.0935 2.1477 2.2041 2.2635 2.3256 2.391 2.4598 2.5327 2.6105 2.6945 2.7845 2.8816 2.9739 3.0689 3.1647 3.2557 3.3267 3.3797 3.4333 3.493 3.5591 3.6333 
295.5 1.0212 0.99359 0.92937 0.90158 0.88862 0.88023 0.87354 0.86821 0.8639 0.86003 0.85658 0.85457 0.85455 0.85586 0.85822 0.8616 0.86596 0.87129 0.87769 0.88483 0.89218 0.89945 0.90642 0.91274 0.91852 0.92432 0.93018 0.93577 0.94126 0.94662 0.95204 0.9577 0.96362 0.97006 0.97685 0.98408 0.99184 0.99968 1.0081 1.017 1.0274 1.0385 1.0506 1.0636 1.0773 1.0919 1.1073 1.1234 1.1404 1.1581 1.1766 1.1959 1.216 1.237 1.2587 1.2813 1.3047 1.3289 1.3541 1.3801 1.4071 1.435 1.4638 1.4937 1.5245 1.5563 1.5891 1.623 1.6582 1.6946 1.7324 1.7715 1.8122 1.8544 1.8985 1.9443 1.9921 2.0418 2.0936 2.1477 2.2042 2.2636 2.3256 2.3911 2.4598 2.5327 2.6105 2.6945 2.7845 2.8815 2.9738 3.0688 3.1645 3.2554 3.3262 3.379 3.4323 3.4917 3.5575 3.6316 
296 1.0213 0.99368 0.92946 0.90174 0.88879 0.88038 0.87368 0.86836 0.86405 0.86017 0.85672 0.85471 0.8547 0.85601 0.85837 0.86174 0.8661 0.87143 0.87784 0.88498 0.89233 0.89959 0.90656 0.91288 0.91866 0.92447 0.93032 0.93591 0.94139 0.94676 0.95217 0.95783 0.96375 0.97018 0.97696 0.98419 0.99193 0.99976 1.0082 1.0171 1.0275 1.0386 1.0507 1.0637 1.0775 1.0921 1.1075 1.1236 1.1406 1.1583 1.1768 1.1961 1.2162 1.2372 1.2589 1.2815 1.3049 1.3291 1.3543 1.3803 1.4073 1.4352 1.464 1.4939 1.5247 1.5564 1.5893 1.6232 1.6584 1.6948 1.7325 1.7716 1.8123 1.8546 1.8987 1.9444 1.9922 2.0419 2.0937 2.1478 2.2043 2.2636 2.3257 2.3911 2.4598 2.5327 2.6104 2.6944 2.7844 2.8814 2.9736 3.0687 3.1643 3.2552 3.3261 3.3789 3.4322 3.4916 3.5574 3.6315 
296.5 1.0211 0.99332 0.92924 0.90188 0.88904 0.88055 0.87381 0.8685 0.8642 0.86032 0.85686 0.85485 0.85484 0.85617 0.85853 0.86189 0.86624 0.87158 0.87799 0.88512 0.89247 0.89973 0.9067 0.91303 0.91882 0.92462 0.93046 0.93605 0.94153 0.94689 0.95231 0.95796 0.96388 0.9703 0.97707 0.98429 0.99202 0.99983 1.0083 1.0172 1.0276 1.0387 1.0509 1.0639 1.0776 1.0923 1.1077 1.1238 1.1408 1.1585 1.177 1.1963 1.2165 1.2374 1.2591 1.2817 1.3051 1.3293 1.3546 1.3806 1.4075 1.4354 1.4642 1.4941 1.5249 1.5566 1.5895 1.6234 1.6586 1.6949 1.7327 1.7718 1.8125 1.8547 1.8988 1.9445 1.9923 2.042 2.0938 2.1479 2.2044 2.2637 2.3257 2.3911 2.4598 2.5327 2.6104 2.6943 2.7842 2.8813 2.9734 3.0685 3.1642 3.2551 3.3261 3.3791 3.4326 3.4922 3.5583 3.6325 
297 1.0209 0.99295 0.92902 0.90202 0.88929 0.88072 0.87394 0.86865 0.86434 0.86046 0.857 0.85499 0.85499 0.85632 0.85869 0.86204 0.86638 0.87173 0.87814 0.88527 0.89262 0.89987 0.90685 0.91318 0.91897 0.92478 0.9306 0.93618 0.94167 0.94703 0.95244 0.95809 0.96401 0.97042 0.97717 0.98439 0.99211 0.99991 1.0083 1.0173 1.0277 1.0388 1.051 1.064 1.0778 1.0924 1.1078 1.124 1.141 1.1587 1.1772 1.1966 1.2167 1.2376 1.2593 1.2819 1.3053 1.3295 1.3548 1.3808 1.4077 1.4356 1.4644 1.4943 1.5251 1.5568 1.5897 1.6236 1.6588 1.6951 1.7329 1.7719 1.8126 1.8549 1.8989 1.9447 1.9924 2.0422 2.0939 2.148 2.2044 2.2637 2.3258 2.3911 2.4598 2.5327 2.6104 2.6943 2.7841 2.8811 2.9732 3.0683 3.164 3.255 3.3261 3.3793 3.4331 3.4929 3.5591 3.6335 
297.5 1.0206 0.99259 0.9288 0.90216 0.88954 0.88089 0.87407 0.86879 0.86449 0.86061 0.85714 0.85513 0.85514 0.85648 0.85885 0.8622 0.86652 0.87188 0.87829 0.88542 0.89277 0.90001 0.90699 0.91332 0.91912 0.92494 0.93075 0.93632 0.9418 0.94717 0.95258 0.95822 0.96414 0.97054 0.97728 0.98448 0.9922 0.99998 1.0084 1.0174 1.0278 1.039 1.0511 1.0642 1.078 1.0926 1.108 1.1242 1.1412 1.1589 1.1774 1.1968 1.2169 1.2379 1.2596 1.2821 1.3055 1.3297 1.355 1.381 1.408 1.4358 1.4647 1.4945 1.5252 1.557 1.5899 1.6238 1.659 1.6953 1.733 1.7721 1.8128 1.855 1.899 1.9448 1.9925 2.0423 2.094 2.1481 2.2045 2.2638 2.3258 2.3911 2.4598 2.5326 2.6103 2.6942 2.784 2.8809 2.9731 3.0681 3.1638 3.2549 3.3262 3.3796 3.4335 3.4936 3.56 3.6345 
298 1.0224 0.99408 0.92968 0.90247 0.88961 0.88099 0.87422 0.86894 0.86463 0.86075 0.85728 0.85527 0.85528 0.85661 0.85899 0.86234 0.86667 0.87202 0.87843 0.88556 0.89291 0.90016 0.90712 0.91346 0.91925 0.92508 0.93089 0.93646 0.94194 0.9473 0.9527 0.95835 0.96425 0.97064 0.97738 0.98457 0.99226 1.0001 1.0084 1.0175 1.0279 1.0391 1.0513 1.0643 1.0781 1.0928 1.1082 1.1244 1.1414 1.1591 1.1776 1.197 1.2171 1.2381 1.2598 1.2823 1.3057 1.33 1.3552 1.3812 1.4082 1.436 1.4649 1.4947 1.5254 1.5572 1.59 1.624 1.6591 1.6955 1.7332 1.7722 1.8129 1.8552 1.8992 1.9449 1.9926 2.0424 2.0941 2.1481 2.2046 2.2638 2.3258 2.3911 2.4598 2.5326 2.6103 2.6942 2.784 2.8808 2.9729 3.0679 3.1636 3.2546 3.3258 3.3792 3.4331 3.4933 3.5597 3.6342 
298.5 1.0245 0.99595 0.93077 0.90281 0.88965 0.88107 0.87437 0.86908 0.86476 0.86089 0.85742 0.85541 0.85542 0.85675 0.85913 0.86248 0.86682 0.87217 0.87858 0.88569 0.89304 0.9003 0.90726 0.9136 0.91938 0.92521 0.93103 0.9366 0.94207 0.94743 0.95283 0.95847 0.96437 0.97074 0.97747 0.98466 0.99231 1.0003 1.0084 1.0176 1.028 1.0393 1.0514 1.0645 1.0783 1.0929 1.1084 1.1245 1.1416 1.1593 1.1778 1.1972 1.2173 1.2383 1.26 1.2826 1.3059 1.3302 1.3554 1.3814 1.4084 1.4362 1.4651 1.4949 1.5256 1.5574 1.5902 1.6241 1.6593 1.6956 1.7333 1.7724 1.813 1.8553 1.8993 1.9451 1.9928 2.0425 2.0942 2.1482 2.2046 2.2639 2.3259 2.3912 2.4598 2.5326 2.6102 2.6941 2.7839 2.8808 2.9728 3.0678 3.1633 3.2543 3.3254 3.3787 3.4326 3.4927 3.5591 3.6336 
299 1.0267 0.99781 0.93187 0.90315 0.88969 0.88116 0.87453 0.86923 0.8649 0.86103 0.85757 0.85556 0.85556 0.85688 0.85926 0.86262 0.86697 0.87232 0.87872 0.88583 0.89317 0.90044 0.9074 0.91374 0.91952 0.92535 0.93118 0.93674 0.94221 0.94755 0.95295 0.95859 0.96448 0.97084 0.97757 0.98475 0.99235 1.0004 1.0084 1.0178 1.0281 1.0394 1.0516 1.0646 1.0784 1.0931 1.1086 1.1247 1.1418 1.1595 1.178 1.1974 1.2175 1.2385 1.2602 1.2828 1.3062 1.3304 1.3556 1.3816 1.4086 1.4365 1.4653 1.4951 1.5258 1.5576 1.5904 1.6243 1.6595 1.6958 1.7335 1.7725 1.8132 1.8554 1.8994 1.9452 1.9929 2.0426 2.0943 2.1483 2.2047 2.2639 2.3259 2.3912 2.4598 2.5326 2.6102 2.6941 2.7838 2.8807 2.9727 3.0676 3.1631 3.2539 3.3249 3.3782 3.432 3.4921 3.5586 3.6331 
299.5 1.0286 0.99953 0.93288 0.90348 0.88974 0.88125 0.87468 0.86938 0.86504 0.86117 0.85771 0.8557 0.8557 0.85702 0.85939 0.86276 0.86712 0.87247 0.87886 0.88596 0.89331 0.90058 0.90753 0.91388 0.91965 0.92548 0.93132 0.93689 0.94234 0.94768 0.95308 0.95871 0.96459 0.97094 0.97766 0.98484 0.99241 1.0006 1.0084 1.0179 1.0281 1.0396 1.0517 1.0648 1.0786 1.0932 1.1087 1.1249 1.142 1.1596 1.1782 1.1976 1.2177 1.2387 1.2604 1.283 1.3064 1.3306 1.3558 1.3818 1.4088 1.4367 1.4655 1.4953 1.526 1.5578 1.5906 1.6245 1.6597 1.6959 1.7337 1.7727 1.8133 1.8556 1.8996 1.9453 1.993 2.0426 2.0944 2.1484 2.2048 2.264 2.3259 2.3912 2.4598 2.5326 2.6102 2.694 2.7838 2.8806 2.9726 3.0675 3.1629 3.2536 3.3245 3.3777 3.4315 3.4916 3.5581 3.6326 
300 1.028 0.99907 0.93272 0.90358 0.88995 0.88144 0.87483 0.86952 0.86518 0.8613 0.85783 0.85583 0.85583 0.85716 0.85953 0.8629 0.86725 0.87261 0.879 0.88611 0.89345 0.90071 0.90766 0.914 0.91978 0.92561 0.93145 0.93702 0.94247 0.94781 0.9532 0.95882 0.9647 0.97104 0.97776 0.98493 0.99249 1.0007 1.0085 1.018 1.0283 1.0397 1.0518 1.0649 1.0788 1.0934 1.1089 1.1251 1.1421 1.1598 1.1784 1.1978 1.2179 1.2389 1.2606 1.2832 1.3066 1.3308 1.356 1.382 1.409 1.4369 1.4657 1.4955 1.5262 1.558 1.5908 1.6247 1.6598 1.6961 1.7338 1.7729 1.8135 1.8557 1.8997 1.9454 1.9931 2.0427 2.0944 2.1485 2.2048 2.264 2.326 2.3912 2.4598 2.5325 2.6101 2.6939 2.7837 2.8805 2.9725 3.0673 3.1627 3.2535 3.3245 3.3777 3.4316 3.4917 3.5582 3.6328 
300.5 1.0274 0.99861 0.93256 0.90368 0.89016 0.88163 0.87498 0.86967 0.86532 0.86143 0.85796 0.85596 0.85597 0.85731 0.85967 0.86304 0.86739 0.87274 0.87913 0.88625 0.89359 0.90085 0.9078 0.91413 0.91991 0.92574 0.93158 0.93715 0.94261 0.94793 0.95332 0.95894 0.96481 0.97115 0.97785 0.98503 0.99258 1.0008 1.0086 1.0182 1.0284 1.0398 1.052 1.065 1.0789 1.0936 1.1091 1.1253 1.1423 1.16 1.1786 1.198 1.2181 1.2391 1.2608 1.2834 1.3068 1.331 1.3562 1.3822 1.4092 1.4371 1.4659 1.4957 1.5264 1.5582 1.591 1.6249 1.66 1.6963 1.734 1.773 1.8136 1.8559 1.8998 1.9455 1.9932 2.0428 2.0945 2.1485 2.2049 2.2641 2.326 2.3913 2.4598 2.5325 2.6101 2.6939 2.7836 2.8804 2.9724 3.0672 3.1626 3.2535 3.3245 3.3778 3.4317 3.4918 3.5583 3.6329 
301 1.0268 0.99815 0.9324 0.90378 0.89036 0.88182 0.87514 0.86981 0.86547 0.86156 0.85808 0.85609 0.85611 0.85745 0.85981 0.86319 0.86753 0.87288 0.87927 0.88639 0.89373 0.90098 0.90793 0.91426 0.92004 0.92587 0.93171 0.93729 0.94274 0.94805 0.95344 0.95905 0.96491 0.97125 0.97794 0.98512 0.99267 1.0009 1.0087 1.0183 1.0285 1.04 1.0521 1.0652 1.0791 1.0937 1.1092 1.1254 1.1425 1.1602 1.1788 1.1982 1.2183 1.2393 1.261 1.2836 1.307 1.3312 1.3565 1.3824 1.4094 1.4373 1.4661 1.4959 1.5266 1.5584 1.5912 1.625 1.6602 1.6964 1.7341 1.7732 1.8137 1.856 1.8999 1.9456 1.9933 2.0429 2.0946 2.1486 2.2049 2.2641 2.326 2.3913 2.4598 2.5325 2.6101 2.6938 2.7835 2.8803 2.9722 3.067 3.1625 3.2534 3.3245 3.3778 3.4318 3.4919 3.5585 3.6331 
301.5 1.0263 0.99786 0.93236 0.90389 0.89054 0.882 0.87529 0.86996 0.86561 0.86169 0.85821 0.85622 0.85624 0.85759 0.85995 0.86333 0.86767 0.87302 0.87941 0.88653 0.89387 0.90112 0.90806 0.91439 0.92017 0.926 0.93184 0.93742 0.94287 0.94818 0.95356 0.95917 0.96502 0.97135 0.97804 0.98522 0.99276 1.001 1.0089 1.0184 1.0286 1.0401 1.0523 1.0653 1.0792 1.0939 1.1094 1.1256 1.1427 1.1604 1.179 1.1984 1.2185 1.2395 1.2612 1.2838 1.3072 1.3315 1.3567 1.3826 1.4096 1.4375 1.4663 1.4961 1.5268 1.5586 1.5913 1.6252 1.6603 1.6966 1.7343 1.7733 1.8139 1.8561 1.9 1.9458 1.9934 2.043 2.0947 2.1487 2.205 2.2642 2.326 2.3913 2.4598 2.5325 2.6101 2.6938 2.7835 2.8802 2.9721 3.0669 3.1624 3.2533 3.3244 3.3778 3.4318 3.4919 3.5585 3.6332 
302 1.0262 0.99797 0.93261 0.90401 0.89064 0.88216 0.87546 0.8701 0.86575 0.86184 0.85836 0.85636 0.85637 0.85773 0.86009 0.86347 0.86782 0.87317 0.87956 0.88667 0.89401 0.90127 0.9082 0.91453 0.92031 0.92614 0.93197 0.93754 0.94299 0.9483 0.95368 0.95928 0.96513 0.97145 0.97815 0.98532 0.99286 1.0011 1.009 1.0185 1.0288 1.0402 1.0524 1.0655 1.0794 1.094 1.1096 1.1258 1.1429 1.1606 1.1792 1.1986 1.2187 1.2397 1.2615 1.284 1.3074 1.3316 1.3569 1.3829 1.4098 1.4377 1.4665 1.4963 1.527 1.5587 1.5915 1.6254 1.6605 1.6968 1.7344 1.7735 1.814 1.8563 1.9001 1.9459 1.9935 2.0431 2.0948 2.1487 2.2051 2.2642 2.3261 2.3913 2.4599 2.5325 2.61 2.6937 2.7834 2.8801 2.9721 3.0668 3.1623 3.2532 3.3242 3.3775 3.4314 3.4916 3.5582 3.633 
302.5 1.026 0.99809 0.93286 0.90413 0.89074 0.88232 0.87563 0.87025 0.86589 0.86198 0.8585 0.8565 0.85651 0.85786 0.86024 0.86362 0.86797 0.87332 0.87971 0.88681 0.89416 0.90141 0.90834 0.91466 0.92045 0.92627 0.9321 0.93767 0.94312 0.94843 0.95379 0.95939 0.96524 0.97156 0.97826 0.98541 0.99296 1.0012 1.0091 1.0186 1.0289 1.0404 1.0525 1.0656 1.0795 1.0942 1.1098 1.126 1.143 1.1608 1.1794 1.1988 1.2189 1.2399 1.2617 1.2842 1.3076 1.3318 1.3571 1.3831 1.41 1.4379 1.4667 1.4965 1.5272 1.5589 1.5917 1.6256 1.6607 1.6969 1.7346 1.7736 1.8142 1.8564 1.9003 1.946 1.9936 2.0432 2.0949 2.1488 2.2051 2.2643 2.3261 2.3914 2.4599 2.5325 2.61 2.6937 2.7834 2.8801 2.972 3.0668 3.1622 3.253 3.324 3.3772 3.4311 3.4913 3.558 3.6328 
303 1.0259 0.9982 0.93311 0.90426 0.89084 0.88248 0.87579 0.8704 0.86603 0.86213 0.85864 0.85664 0.85664 0.858 0.86038 0.86376 0.86812 0.87347 0.87986 0.88695 0.8943 0.90156 0.90849 0.9148 0.92059 0.92641 0.93223 0.93779 0.94325 0.94855 0.95391 0.95951 0.96535 0.97166 0.97836 0.98551 0.99306 1.0013 1.0092 1.0187 1.029 1.0405 1.0527 1.0658 1.0797 1.0944 1.1099 1.1261 1.1432 1.161 1.1795 1.199 1.2191 1.2401 1.2619 1.2844 1.3078 1.332 1.3573 1.3833 1.4102 1.4381 1.4669 1.4967 1.5274 1.5591 1.5919 1.6257 1.6608 1.6971 1.7348 1.7737 1.8143 1.8565 1.9004 1.9461 1.9937 2.0433 2.095 2.1489 2.2052 2.2644 2.3262 2.3914 2.4599 2.5325 2.61 2.6937 2.7833 2.88 2.9719 3.0667 3.1621 3.2529 3.3238 3.3769 3.4308 3.491 3.5577 3.6325 
303.5 1.0254 0.99781 0.93295 0.90436 0.89104 0.88265 0.87594 0.87054 0.86617 0.86227 0.85878 0.85678 0.85678 0.85814 0.86052 0.8639 0.86827 0.87361 0.88 0.88709 0.89444 0.90169 0.90862 0.91494 0.92072 0.92654 0.93236 0.93792 0.94337 0.94867 0.95402 0.95962 0.96546 0.97177 0.97847 0.98561 0.99317 1.0014 1.0093 1.0188 1.0291 1.0406 1.0528 1.0659 1.0798 1.0945 1.1101 1.1263 1.1434 1.1612 1.1797 1.1991 1.2193 1.2403 1.2621 1.2846 1.308 1.3322 1.3575 1.3835 1.4104 1.4383 1.467 1.4969 1.5275 1.5593 1.592 1.6259 1.661 1.6973 1.7349 1.7739 1.8144 1.8567 1.9005 1.9462 1.9938 2.0434 2.095 2.149 2.2053 2.2644 2.3262 2.3914 2.4599 2.5325 2.61 2.6937 2.7833 2.88 2.9719 3.0666 3.162 3.2527 3.3236 3.3767 3.4305 3.4907 3.5574 3.6322 
304 1.0247 0.99695 0.93241 0.90443 0.89133 0.88283 0.87606 0.87067 0.86631 0.8624 0.85891 0.85691 0.85692 0.85828 0.86066 0.86405 0.8684 0.87374 0.88013 0.88723 0.89457 0.90182 0.90875 0.91507 0.92086 0.92668 0.93248 0.93805 0.94349 0.94879 0.95414 0.95972 0.96556 0.97187 0.97857 0.98572 0.99328 1.0015 1.0094 1.019 1.0292 1.0407 1.053 1.0661 1.08 1.0947 1.1103 1.1265 1.1436 1.1613 1.1799 1.1993 1.2195 1.2405 1.2623 1.2848 1.3082 1.3324 1.3577 1.3837 1.4106 1.4385 1.4672 1.4971 1.5277 1.5595 1.5922 1.6261 1.6612 1.6974 1.7351 1.7741 1.8146 1.8568 1.9007 1.9463 1.9939 2.0435 2.0951 2.1491 2.2053 2.2645 2.3263 2.3914 2.4599 2.5325 2.61 2.6936 2.7833 2.8799 2.9718 3.0666 3.1619 3.2526 3.3235 3.3765 3.4303 3.4904 3.557 3.6317 
304.5 1.0239 0.99609 0.93187 0.90451 0.89163 0.88302 0.87618 0.87081 0.86645 0.86254 0.85904 0.85704 0.85707 0.85842 0.8608 0.86419 0.86854 0.87387 0.88026 0.88736 0.8947 0.90194 0.90889 0.9152 0.92099 0.92681 0.93261 0.93817 0.9436 0.9489 0.95426 0.95983 0.96567 0.97198 0.97867 0.98583 0.9934 1.0016 1.0095 1.0191 1.0294 1.0409 1.0531 1.0662 1.0801 1.0948 1.1104 1.1267 1.1438 1.1615 1.1801 1.1995 1.2197 1.2407 1.2624 1.285 1.3084 1.3326 1.3579 1.3839 1.4108 1.4386 1.4674 1.4972 1.5279 1.5597 1.5924 1.6262 1.6613 1.6976 1.7352 1.7742 1.8147 1.8569 1.9008 1.9465 1.994 2.0436 2.0952 2.1491 2.2054 2.2645 2.3263 2.3915 2.4599 2.5325 2.6099 2.6936 2.7832 2.8799 2.9718 3.0665 3.1619 3.2525 3.3234 3.3764 3.4301 3.4901 3.5566 3.6312 
305 1.0232 0.99523 0.93133 0.90459 0.89192 0.8832 0.8763 0.87094 0.86659 0.86267 0.85918 0.85718 0.85721 0.85856 0.86094 0.86434 0.86867 0.87401 0.88039 0.8875 0.89483 0.90206 0.90902 0.91533 0.92113 0.92695 0.93273 0.9383 0.94371 0.94902 0.95437 0.95994 0.96578 0.97209 0.97877 0.98594 0.99351 1.0017 1.0096 1.0192 1.0295 1.041 1.0532 1.0664 1.0803 1.095 1.1106 1.1268 1.1439 1.1617 1.1803 1.1997 1.2199 1.2409 1.2626 1.2852 1.3086 1.3328 1.3581 1.3841 1.411 1.4388 1.4676 1.4974 1.5281 1.5598 1.5926 1.6264 1.6615 1.6977 1.7354 1.7744 1.8149 1.8571 1.9009 1.9466 1.9942 2.0437 2.0953 2.1492 2.2055 2.2645 2.3264 2.3915 2.4599 2.5325 2.6099 2.6936 2.7832 2.8799 2.9718 3.0665 3.1618 3.2525 3.3232 3.3762 3.4299 3.4898 3.5562 3.6307 
305.5 1.0235 0.99545 0.93146 0.90475 0.89208 0.88334 0.87643 0.87108 0.86673 0.86281 0.85932 0.85731 0.85735 0.8587 0.86107 0.86447 0.86879 0.87413 0.88051 0.88763 0.89496 0.9022 0.90915 0.91546 0.92126 0.92707 0.93286 0.93842 0.94383 0.94913 0.95449 0.96006 0.96589 0.9722 0.97888 0.98605 0.99362 1.0019 1.0097 1.0193 1.0296 1.0411 1.0534 1.0665 1.0804 1.0952 1.1108 1.127 1.1441 1.1619 1.1805 1.1999 1.2201 1.2411 1.2628 1.2854 1.3088 1.333 1.3583 1.3842 1.4112 1.439 1.4678 1.4976 1.5283 1.56 1.5927 1.6266 1.6617 1.6979 1.7355 1.7745 1.815 1.8572 1.901 1.9467 1.9943 2.0438 2.0954 2.1493 2.2055 2.2646 2.3264 2.3915 2.46 2.5325 2.6099 2.6936 2.7831 2.8798 2.9717 3.0663 3.1616 3.2521 3.3228 3.3758 3.4294 3.4894 3.5558 3.6302 
306 1.0241 0.99603 0.93183 0.90493 0.8922 0.88347 0.87658 0.87122 0.86687 0.86295 0.85946 0.85746 0.85748 0.85883 0.8612 0.86459 0.86891 0.87425 0.88064 0.88776 0.89509 0.90233 0.90929 0.91559 0.92138 0.92719 0.93299 0.93855 0.94395 0.94925 0.9546 0.96017 0.966 0.97232 0.979 0.98617 0.99373 1.002 1.0099 1.0194 1.0297 1.0413 1.0535 1.0667 1.0806 1.0953 1.1109 1.1272 1.1443 1.1621 1.1807 1.2001 1.2203 1.2413 1.263 1.2856 1.309 1.3332 1.3585 1.3844 1.4114 1.4392 1.468 1.4978 1.5285 1.5602 1.5929 1.6267 1.6618 1.698 1.7357 1.7747 1.8151 1.8573 1.9012 1.9468 1.9944 2.0439 2.0955 2.1494 2.2056 2.2647 2.3264 2.3915 2.46 2.5325 2.6099 2.6935 2.7831 2.8797 2.9715 3.0661 3.1613 3.2517 3.3223 3.3752 3.4289 3.4889 3.5553 3.6298 
306.5 1.0248 0.99661 0.9322 0.90512 0.89231 0.8836 0.87672 0.87136 0.86701 0.86309 0.85961 0.8576 0.85761 0.85896 0.86133 0.86472 0.86903 0.87437 0.88076 0.88788 0.89522 0.90247 0.90942 0.91572 0.92151 0.92732 0.93312 0.93867 0.94407 0.94936 0.95472 0.96028 0.96612 0.97243 0.97911 0.98628 0.99384 1.0021 1.01 1.0196 1.0299 1.0414 1.0536 1.0668 1.0807 1.0955 1.1111 1.1273 1.1445 1.1623 1.1809 1.2003 1.2205 1.2415 1.2632 1.2858 1.3092 1.3334 1.3587 1.3846 1.4116 1.4394 1.4682 1.498 1.5287 1.5604 1.5931 1.6269 1.662 1.6982 1.7358 1.7748 1.8153 1.8575 1.9013 1.9469 1.9945 2.044 2.0956 2.1494 2.2057 2.2647 2.3265 2.3916 2.46 2.5325 2.6099 2.6935 2.783 2.8796 2.9714 3.0659 3.161 3.2513 3.3219 3.3747 3.4283 3.4884 3.5549 3.6294 
307 1.0255 0.99719 0.93256 0.9053 0.89243 0.88372 0.87686 0.87151 0.86715 0.86324 0.85975 0.85774 0.85775 0.85909 0.86146 0.86484 0.86915 0.87449 0.88089 0.88801 0.89534 0.9026 0.90955 0.91586 0.92163 0.92744 0.93325 0.93879 0.94419 0.94948 0.95483 0.9604 0.96623 0.97255 0.97922 0.98639 0.99395 1.0022 1.0101 1.0197 1.03 1.0415 1.0538 1.0669 1.0809 1.0956 1.1113 1.1275 1.1447 1.1624 1.181 1.2005 1.2207 1.2417 1.2634 1.286 1.3094 1.3336 1.3589 1.3848 1.4118 1.4396 1.4684 1.4982 1.5288 1.5605 1.5932 1.6271 1.6621 1.6984 1.736 1.7749 1.8154 1.8576 1.9014 1.9471 1.9946 2.0441 2.0956 2.1495 2.2057 2.2648 2.3265 2.3916 2.46 2.5325 2.6099 2.6934 2.783 2.8795 2.9713 3.0657 3.1606 3.2509 3.3214 3.3741 3.4278 3.4879 3.5545 3.629 
307.5 1.0252 0.99696 0.93251 0.90542 0.8926 0.88389 0.87701 0.87165 0.8673 0.86338 0.85988 0.85787 0.85788 0.85922 0.86159 0.86497 0.86929 0.87462 0.88102 0.88814 0.89548 0.90274 0.90968 0.91599 0.92176 0.92757 0.93338 0.93891 0.94432 0.94961 0.95495 0.96051 0.96634 0.97265 0.97933 0.98649 0.99406 1.0023 1.0102 1.0198 1.0301 1.0417 1.0539 1.0671 1.0811 1.0958 1.1114 1.1277 1.1448 1.1626 1.1812 1.2007 1.2208 1.2419 1.2636 1.2862 1.3096 1.3338 1.3591 1.385 1.412 1.4398 1.4685 1.4984 1.529 1.5607 1.5934 1.6272 1.6623 1.6985 1.7361 1.7751 1.8156 1.8577 1.9015 1.9472 1.9947 2.0442 2.0957 2.1496 2.2058 2.2648 2.3265 2.3916 2.46 2.5325 2.6098 2.6934 2.7829 2.8794 2.9711 3.0655 3.1605 3.2508 3.3213 3.3741 3.4279 3.488 3.5546 3.6292 
308 1.0248 0.9967 0.93245 0.90553 0.89278 0.88405 0.87716 0.87179 0.86744 0.86352 0.86001 0.858 0.85802 0.85936 0.86173 0.8651 0.86943 0.87476 0.88115 0.88827 0.89561 0.90287 0.90981 0.91612 0.92189 0.9277 0.9335 0.93904 0.94446 0.94974 0.95506 0.96063 0.96645 0.97275 0.97943 0.9866 0.99417 1.0024 1.0103 1.0199 1.0303 1.0418 1.0541 1.0672 1.0812 1.096 1.1116 1.1278 1.145 1.1628 1.1814 1.2009 1.221 1.2421 1.2638 1.2864 1.3098 1.334 1.3592 1.3852 1.4121 1.44 1.4687 1.4985 1.5292 1.5609 1.5936 1.6274 1.6625 1.6987 1.7363 1.7752 1.8157 1.8579 1.9017 1.9473 1.9948 2.0443 2.0958 2.1496 2.2058 2.2649 2.3266 2.3916 2.46 2.5325 2.6098 2.6933 2.7828 2.8793 2.9709 3.0654 3.1604 3.2506 3.3212 3.3742 3.4279 3.4881 3.5547 3.6293 
308.5 1.0244 0.99644 0.93239 0.90564 0.89296 0.88422 0.8773 0.87194 0.86759 0.86367 0.86014 0.85813 0.85815 0.85949 0.86186 0.86522 0.86956 0.8749 0.88129 0.88841 0.89574 0.90301 0.90993 0.91625 0.92202 0.92783 0.93363 0.93916 0.94459 0.94987 0.95518 0.96075 0.96656 0.97285 0.97954 0.98671 0.99428 1.0025 1.0105 1.0201 1.0304 1.0419 1.0542 1.0674 1.0814 1.0961 1.1118 1.128 1.1452 1.163 1.1816 1.201 1.2212 1.2423 1.264 1.2866 1.31 1.3342 1.3594 1.3854 1.4123 1.4402 1.4689 1.4987 1.5294 1.5611 1.5938 1.6276 1.6626 1.6988 1.7364 1.7754 1.8158 1.858 1.9018 1.9474 1.9949 2.0444 2.0959 2.1497 2.2059 2.2649 2.3266 2.3917 2.46 2.5324 2.6098 2.6932 2.7827 2.8791 2.9708 3.0652 3.1602 3.2505 3.3212 3.3742 3.428 3.4882 3.5549 3.6295 
309 1.0242 0.99635 0.93243 0.90576 0.89312 0.88438 0.87745 0.87208 0.86773 0.86381 0.86027 0.85826 0.85829 0.85962 0.86199 0.86535 0.8697 0.87504 0.88142 0.88854 0.89587 0.90314 0.91006 0.91638 0.92214 0.92796 0.93375 0.93929 0.94472 0.94999 0.95529 0.96086 0.96667 0.97295 0.97965 0.98682 0.99439 1.0026 1.0106 1.0202 1.0305 1.0421 1.0543 1.0675 1.0815 1.0963 1.1119 1.1282 1.1453 1.1631 1.1818 1.2012 1.2214 1.2424 1.2642 1.2868 1.3102 1.3344 1.3596 1.3856 1.4125 1.4403 1.4691 1.4989 1.5295 1.5612 1.5939 1.6277 1.6628 1.699 1.7366 1.7755 1.816 1.8581 1.9019 1.9475 1.995 2.0445 2.096 2.1498 2.206 2.265 2.3266 2.3917 2.46 2.5324 2.6097 2.6932 2.7826 2.879 2.9706 3.0651 3.1601 3.2504 3.3211 3.3741 3.428 3.4883 3.5549 3.6296 
309.5 1.0246 0.99692 0.9329 0.90591 0.89318 0.88452 0.87762 0.87222 0.86786 0.86393 0.8604 0.85838 0.8584 0.85975 0.86212 0.86549 0.86983 0.87516 0.88155 0.88867 0.89601 0.90328 0.91019 0.9165 0.92227 0.92809 0.93388 0.93941 0.94483 0.9501 0.95541 0.96096 0.96677 0.97307 0.97976 0.98693 0.9945 1.0028 1.0107 1.0203 1.0306 1.0422 1.0545 1.0677 1.0817 1.0964 1.1121 1.1283 1.1455 1.1633 1.1819 1.2014 1.2216 1.2426 1.2644 1.287 1.3104 1.3346 1.3598 1.3858 1.4127 1.4405 1.4693 1.4991 1.5297 1.5614 1.5941 1.6279 1.663 1.6992 1.7367 1.7756 1.8161 1.8582 1.902 1.9476 1.9951 2.0445 2.0961 2.1499 2.206 2.265 2.3267 2.3917 2.46 2.5324 2.6097 2.6931 2.7825 2.8789 2.9705 3.0649 3.1599 3.2503 3.3209 3.3739 3.4277 3.488 3.5546 3.6293 
310 1.025 0.9975 0.93338 0.90607 0.89325 0.88466 0.87778 0.87237 0.86799 0.86406 0.86054 0.8585 0.85852 0.85987 0.86225 0.86562 0.86996 0.87529 0.88168 0.8888 0.89615 0.90341 0.91033 0.91662 0.9224 0.92822 0.934 0.93953 0.94494 0.95021 0.95552 0.96106 0.96688 0.97318 0.97988 0.98705 0.99461 1.0029 1.0108 1.0204 1.0308 1.0423 1.0546 1.0678 1.0818 1.0966 1.1122 1.1285 1.1457 1.1635 1.1821 1.2016 1.2218 1.2428 1.2646 1.2871 1.3106 1.3348 1.36 1.386 1.4129 1.4407 1.4695 1.4992 1.5299 1.5616 1.5943 1.6281 1.6631 1.6993 1.7369 1.7758 1.8162 1.8583 1.9022 1.9477 1.9952 2.0446 2.0961 2.15 2.2061 2.2651 2.3267 2.3917 2.46 2.5324 2.6097 2.6931 2.7824 2.8789 2.9705 3.0648 3.1598 3.2501 3.3207 3.3736 3.4274 3.4876 3.5543 3.6291 
310.5 1.0255 0.99807 0.93385 0.90623 0.89332 0.8848 0.87794 0.87251 0.86812 0.86419 0.86067 0.85862 0.85864 0.85999 0.86238 0.86575 0.8701 0.87542 0.88181 0.88894 0.89629 0.90355 0.91046 0.91674 0.92252 0.92835 0.93412 0.93966 0.94505 0.95032 0.95564 0.96117 0.96698 0.9733 0.98 0.98716 0.99472 1.003 1.0109 1.0206 1.0309 1.0425 1.0548 1.068 1.082 1.0967 1.1124 1.1287 1.1458 1.1637 1.1823 1.2017 1.2219 1.243 1.2647 1.2873 1.3107 1.335 1.3602 1.3862 1.4131 1.4409 1.4696 1.4994 1.5301 1.5618 1.5945 1.6282 1.6633 1.6995 1.737 1.7759 1.8164 1.8585 1.9023 1.9478 1.9953 2.0447 2.0962 2.1501 2.2062 2.2651 2.3268 2.3917 2.46 2.5324 2.6096 2.693 2.7824 2.8788 2.9704 3.0647 3.1597 3.2499 3.3205 3.3733 3.4271 3.4873 3.554 3.6289 
311 1.0257 0.99833 0.93405 0.90638 0.89346 0.88495 0.87809 0.87265 0.86826 0.86431 0.86079 0.85874 0.85876 0.86012 0.86251 0.86588 0.87023 0.87554 0.88194 0.88907 0.89642 0.90368 0.91059 0.91686 0.92265 0.92848 0.93424 0.93977 0.94516 0.95043 0.95575 0.96128 0.9671 0.97341 0.98011 0.98727 0.99484 1.0031 1.0111 1.0207 1.031 1.0426 1.0549 1.0681 1.0821 1.0969 1.1125 1.1288 1.146 1.1638 1.1825 1.2019 1.2221 1.2432 1.2649 1.2875 1.3109 1.3352 1.3604 1.3863 1.4133 1.4411 1.4698 1.4996 1.5302 1.5619 1.5946 1.6284 1.6634 1.6996 1.7372 1.7761 1.8165 1.8586 1.9024 1.9479 1.9954 2.0448 2.0963 2.1501 2.2062 2.2651 2.3268 2.3917 2.46 2.5323 2.6096 2.693 2.7823 2.8787 2.9703 3.0646 3.1596 3.2498 3.3203 3.3731 3.4268 3.487 3.5536 3.6285 
311.5 1.0257 0.99815 0.93391 0.90653 0.8937 0.8851 0.87821 0.87278 0.86839 0.86444 0.86092 0.85887 0.85889 0.86024 0.86264 0.86601 0.87036 0.87568 0.88207 0.8892 0.89656 0.9038 0.91072 0.917 0.92278 0.9286 0.93436 0.93989 0.94528 0.95054 0.95586 0.9614 0.96722 0.97352 0.98022 0.98738 0.99495 1.0032 1.0112 1.0208 1.0312 1.0427 1.0551 1.0683 1.0823 1.097 1.1127 1.129 1.1462 1.164 1.1826 1.2021 1.2223 1.2434 1.2651 1.2877 1.3111 1.3353 1.3606 1.3865 1.4135 1.4413 1.47 1.4998 1.5304 1.5621 1.5948 1.6286 1.6636 1.6998 1.7373 1.7762 1.8166 1.8587 1.9025 1.9481 1.9955 2.0449 2.0963 2.1502 2.2063 2.2652 2.3269 2.3918 2.4601 2.5323 2.6096 2.6929 2.7822 2.8786 2.9702 3.0645 3.1595 3.2497 3.3201 3.3729 3.4266 3.4866 3.5533 3.6281 
312 1.0258 0.99797 0.93376 0.90668 0.89393 0.88526 0.87833 0.87292 0.86852 0.86456 0.86104 0.859 0.85902 0.86037 0.86277 0.86614 0.87048 0.87581 0.8822 0.88933 0.89669 0.90393 0.91085 0.91713 0.9229 0.92872 0.93448 0.94 0.94539 0.95065 0.95597 0.96152 0.96734 0.97363 0.98033 0.98749 0.99507 1.0033 1.0113 1.0209 1.0313 1.0429 1.0552 1.0684 1.0824 1.0972 1.1129 1.1292 1.1464 1.1642 1.1828 1.2023 1.2225 1.2435 1.2653 1.2879 1.3113 1.3355 1.3607 1.3867 1.4136 1.4414 1.4702 1.5 1.5306 1.5623 1.595 1.6287 1.6637 1.6999 1.7375 1.7763 1.8168 1.8588 1.9026 1.9482 1.9956 2.0451 2.0964 2.1503 2.2063 2.2652 2.3269 2.3918 2.4601 2.5323 2.6095 2.6929 2.7822 2.8786 2.9701 3.0644 3.1593 3.2496 3.32 3.3727 3.4263 3.4863 3.5529 3.6276 
312.5 1.0258 0.9978 0.93361 0.90684 0.89417 0.88541 0.87846 0.87305 0.86866 0.86469 0.86116 0.85913 0.85915 0.8605 0.8629 0.86628 0.87061 0.87594 0.88233 0.88945 0.89682 0.90406 0.91098 0.91727 0.92303 0.92884 0.9346 0.94011 0.9455 0.95075 0.95608 0.96164 0.96746 0.97373 0.98044 0.9876 0.99518 1.0035 1.0114 1.0211 1.0314 1.043 1.0553 1.0685 1.0826 1.0974 1.113 1.1293 1.1465 1.1643 1.183 1.2024 1.2226 1.2437 1.2655 1.2881 1.3115 1.3357 1.3609 1.3869 1.4138 1.4416 1.4704 1.5001 1.5308 1.5624 1.5951 1.6289 1.6639 1.7001 1.7376 1.7765 1.8169 1.859 1.9027 1.9483 1.9957 2.0452 2.0965 2.1503 2.2064 2.2652 2.327 2.3918 2.4601 2.5323 2.6095 2.6928 2.7821 2.8785 2.97 3.0643 3.1592 3.2494 3.3198 3.3725 3.426 3.4859 3.5525 3.6271 
313 1.026 0.99812 0.93389 0.90699 0.89429 0.88556 0.8786 0.87319 0.86879 0.86482 0.86129 0.85926 0.85928 0.86063 0.86303 0.86641 0.87074 0.87607 0.88246 0.88957 0.89694 0.90418 0.9111 0.9174 0.92316 0.92896 0.93473 0.94023 0.94563 0.95087 0.9562 0.96176 0.96757 0.97385 0.98056 0.98772 0.9953 1.0036 1.0115 1.0212 1.0316 1.0432 1.0555 1.0687 1.0827 1.0975 1.1132 1.1295 1.1467 1.1645 1.1831 1.2026 1.2228 1.2439 1.2656 1.2883 1.3117 1.3359 1.3611 1.3871 1.414 1.4418 1.4705 1.5003 1.5309 1.5626 1.5953 1.6291 1.6641 1.7002 1.7377 1.7766 1.817 1.8591 1.9028 1.9484 1.9958 2.0453 2.0966 2.1504 2.2064 2.2653 2.327 2.3918 2.4601 2.5323 2.6095 2.6928 2.782 2.8784 2.9699 3.0642 3.159 3.2491 3.3194 3.372 3.4255 3.4855 3.552 3.6267 
313.5 1.0264 0.99869 0.9344 0.90715 0.89435 0.8857 0.87877 0.87333 0.86892 0.86496 0.86143 0.85938 0.8594 0.86076 0.86316 0.86654 0.87086 0.87619 0.88258 0.88969 0.89705 0.9043 0.91123 0.91752 0.92328 0.92908 0.93485 0.94036 0.94575 0.951 0.95632 0.96187 0.96768 0.97397 0.98068 0.98785 0.99542 1.0037 1.0117 1.0213 1.0317 1.0433 1.0556 1.0688 1.0829 1.0977 1.1133 1.1297 1.1468 1.1647 1.1833 1.2028 1.223 1.2441 1.2658 1.2884 1.3118 1.3361 1.3613 1.3873 1.4142 1.442 1.4707 1.5005 1.5311 1.5628 1.5955 1.6292 1.6642 1.7004 1.7379 1.7768 1.8171 1.8592 1.9029 1.9485 1.9958 2.0453 2.0966 2.1504 2.2065 2.2654 2.327 2.3919 2.4601 2.5323 2.6094 2.6927 2.782 2.8783 2.9697 3.0639 3.1586 3.2485 3.3188 3.3713 3.4249 3.4849 3.5516 3.6264 
314 1.0267 0.99927 0.93491 0.90731 0.89441 0.88584 0.87893 0.87347 0.86905 0.8651 0.86157 0.85951 0.85953 0.86089 0.8633 0.86667 0.87099 0.87632 0.8827 0.88981 0.89717 0.90442 0.91135 0.91764 0.92341 0.92921 0.93498 0.9405 0.94588 0.95113 0.95644 0.96199 0.9678 0.97409 0.9808 0.98797 0.99555 1.0038 1.0118 1.0214 1.0318 1.0434 1.0558 1.069 1.083 1.0978 1.1135 1.1298 1.147 1.1648 1.1835 1.203 1.2232 1.2443 1.266 1.2886 1.312 1.3362 1.3615 1.3874 1.4144 1.4422 1.4709 1.5007 1.5313 1.5629 1.5956 1.6294 1.6644 1.7005 1.738 1.7769 1.8173 1.8594 1.903 1.9486 1.9959 2.0454 2.0967 2.1505 2.2065 2.2654 2.327 2.3919 2.4601 2.5323 2.6094 2.6927 2.7819 2.8782 2.9696 3.0637 3.1582 3.248 3.3181 3.3707 3.4243 3.4844 3.5512 3.6261 
314.5 1.027 0.99985 0.93541 0.90747 0.89447 0.88598 0.8791 0.87361 0.86919 0.86524 0.86171 0.85963 0.85966 0.86102 0.86343 0.8668 0.87112 0.87644 0.88282 0.88992 0.89728 0.90454 0.91148 0.91777 0.92353 0.92933 0.9351 0.94063 0.94601 0.95125 0.95656 0.96211 0.96791 0.9742 0.98093 0.9881 0.99567 1.0039 1.0119 1.0216 1.032 1.0436 1.0559 1.0691 1.0832 1.098 1.1137 1.13 1.1472 1.165 1.1837 1.2031 1.2233 1.2444 1.2662 1.2888 1.3122 1.3364 1.3617 1.3876 1.4145 1.4423 1.4711 1.5008 1.5315 1.5631 1.5958 1.6295 1.6645 1.7007 1.7382 1.777 1.8174 1.8595 1.9031 1.9487 1.996 2.0455 2.0968 2.1506 2.2066 2.2655 2.327 2.3919 2.4601 2.5323 2.6094 2.6926 2.7818 2.8781 2.9695 3.0635 3.1579 3.2475 3.3175 3.37 3.4237 3.4839 3.5508 3.6258 
315 1.0271 0.99976 0.93533 0.90763 0.89469 0.88613 0.87922 0.87375 0.86933 0.86539 0.86185 0.85978 0.8598 0.86115 0.86356 0.86693 0.87124 0.87656 0.88294 0.89005 0.89741 0.90466 0.91159 0.91789 0.92365 0.92945 0.93523 0.94075 0.94613 0.95137 0.95668 0.96223 0.96803 0.97432 0.98104 0.98821 0.99578 1.0041 1.012 1.0217 1.0321 1.0437 1.056 1.0693 1.0833 1.0981 1.1138 1.1301 1.1473 1.1652 1.1838 1.2033 1.2235 1.2446 1.2664 1.289 1.3124 1.3366 1.3618 1.3878 1.4147 1.4425 1.4712 1.501 1.5316 1.5633 1.5959 1.6297 1.6647 1.7008 1.7383 1.7772 1.8175 1.8596 1.9032 1.9488 1.9961 2.0456 2.0969 2.1506 2.2067 2.2655 2.3271 2.3919 2.4601 2.5323 2.6093 2.6926 2.7817 2.878 2.9693 3.0634 3.1578 3.2476 3.3176 3.3702 3.424 3.4844 3.5514 3.6265 
315.5 1.0272 0.99957 0.93518 0.90779 0.89493 0.88629 0.87935 0.8739 0.86948 0.86553 0.86199 0.85993 0.85994 0.86128 0.86369 0.86706 0.87137 0.87668 0.88306 0.89017 0.89753 0.90478 0.91171 0.91801 0.92378 0.92957 0.93536 0.94088 0.94625 0.95149 0.9568 0.96235 0.96814 0.97444 0.98114 0.98833 0.99589 1.0042 1.0122 1.0218 1.0322 1.0438 1.0562 1.0694 1.0835 1.0983 1.114 1.1303 1.1475 1.1653 1.184 1.2035 1.2237 1.2448 1.2665 1.2891 1.3125 1.3368 1.362 1.388 1.4149 1.4427 1.4714 1.5012 1.5318 1.5634 1.5961 1.6298 1.6648 1.7009 1.7384 1.7773 1.8176 1.8597 1.9034 1.9489 1.9962 2.0456 2.097 2.1507 2.2067 2.2655 2.3271 2.3919 2.4601 2.5323 2.6093 2.6925 2.7817 2.8779 2.9692 3.0633 3.1578 3.2477 3.3179 3.3706 3.4245 3.485 3.5522 3.6273 
316 1.0273 0.99939 0.93502 0.90795 0.89518 0.88644 0.87947 0.87404 0.86963 0.86567 0.86213 0.86008 0.86007 0.86142 0.86381 0.86719 0.8715 0.87681 0.88319 0.8903 0.89766 0.9049 0.91183 0.91813 0.9239 0.9297 0.93549 0.941 0.94637 0.95161 0.95693 0.96247 0.96826 0.97455 0.98125 0.98844 0.99601 1.0043 1.0123 1.0219 1.0324 1.044 1.0563 1.0696 1.0836 1.0984 1.1141 1.1305 1.1477 1.1655 1.1842 1.2037 1.2239 1.245 1.2667 1.2893 1.3127 1.337 1.3622 1.3881 1.4151 1.4429 1.4716 1.5013 1.5319 1.5636 1.5963 1.63 1.665 1.7011 1.7386 1.7774 1.8178 1.8598 1.9035 1.949 1.9963 2.0457 2.0971 2.1508 2.2068 2.2656 2.3271 2.3919 2.4601 2.5322 2.6093 2.6924 2.7816 2.8778 2.9691 3.0632 3.1578 3.2478 3.3181 3.3709 3.425 3.4857 3.5529 3.6282 
316.5 1.0273 0.99924 0.93489 0.90811 0.89541 0.88659 0.8796 0.87418 0.86978 0.86581 0.86227 0.86022 0.86021 0.86155 0.86394 0.86732 0.87162 0.87693 0.88331 0.89042 0.89779 0.90502 0.91194 0.91826 0.92402 0.92982 0.93561 0.94112 0.94648 0.95173 0.95705 0.96258 0.96838 0.97467 0.98136 0.98856 0.99612 1.0044 1.0124 1.0221 1.0325 1.0441 1.0565 1.0697 1.0838 1.0986 1.1143 1.1306 1.1478 1.1657 1.1844 1.2038 1.2241 1.2451 1.2669 1.2895 1.3129 1.3371 1.3624 1.3883 1.4152 1.4431 1.4717 1.5015 1.5321 1.5637 1.5964 1.6301 1.6651 1.7012 1.7387 1.7775 1.8179 1.8599 1.9036 1.9491 1.9964 2.0458 2.0971 2.1508 2.2069 2.2656 2.3272 2.3919 2.4601 2.5322 2.6092 2.6924 2.7815 2.8777 2.969 3.0631 3.1578 3.2478 3.3182 3.3712 3.4253 3.4861 3.5535 3.6288 
317 1.0275 0.99938 0.93503 0.90825 0.89556 0.88674 0.87974 0.87432 0.86992 0.86594 0.86239 0.86035 0.86034 0.86168 0.86406 0.86744 0.87175 0.87705 0.88344 0.89055 0.89791 0.90514 0.91207 0.91837 0.92414 0.92994 0.93573 0.94124 0.9466 0.95185 0.95717 0.9627 0.9685 0.97479 0.98147 0.98867 0.99623 1.0045 1.0125 1.0222 1.0326 1.0443 1.0566 1.0699 1.0839 1.0988 1.1144 1.1308 1.148 1.1658 1.1845 1.204 1.2242 1.2453 1.2671 1.2897 1.3131 1.3373 1.3625 1.3885 1.4154 1.4432 1.4719 1.5017 1.5323 1.5639 1.5966 1.6303 1.6653 1.7014 1.7388 1.7777 1.818 1.86 1.9037 1.9492 1.9965 2.0459 2.0972 2.1509 2.2069 2.2657 2.3272 2.392 2.4601 2.5322 2.6092 2.6923 2.7814 2.8776 2.969 3.063 3.1576 3.2475 3.3177 3.3706 3.4246 3.4853 3.5526 3.6279 
317.5 1.0276 0.99952 0.93517 0.90839 0.89571 0.88689 0.87989 0.87447 0.87006 0.86607 0.86251 0.86047 0.86047 0.86181 0.86417 0.86756 0.87187 0.87718 0.88356 0.89068 0.89803 0.90526 0.91219 0.91849 0.92427 0.93006 0.93584 0.94136 0.94672 0.95198 0.95729 0.96282 0.96862 0.97491 0.98158 0.98878 0.99634 1.0046 1.0126 1.0223 1.0328 1.0444 1.0568 1.07 1.0841 1.0989 1.1146 1.131 1.1482 1.166 1.1847 1.2042 1.2244 1.2455 1.2672 1.2898 1.3133 1.3375 1.3627 1.3887 1.4156 1.4434 1.4721 1.5018 1.5324 1.5641 1.5967 1.6304 1.6654 1.7015 1.739 1.7778 1.8181 1.8601 1.9038 1.9493 1.9966 2.046 2.0973 2.151 2.2069 2.2657 2.3272 2.392 2.4601 2.5322 2.6092 2.6923 2.7814 2.8776 2.9689 3.0629 3.1574 3.2471 3.3173 3.37 3.424 3.4846 3.5517 3.6269 
318 1.0277 0.99965 0.93531 0.90854 0.89585 0.88704 0.88004 0.87461 0.8702 0.8662 0.86263 0.86059 0.8606 0.86194 0.86429 0.86767 0.87199 0.8773 0.88369 0.89081 0.89815 0.90538 0.91231 0.91861 0.92439 0.93018 0.93596 0.94148 0.94683 0.9521 0.95741 0.96294 0.96874 0.97502 0.98169 0.98888 0.99645 1.0047 1.0128 1.0224 1.0329 1.0445 1.0569 1.0702 1.0842 1.0991 1.1148 1.1311 1.1483 1.1662 1.1849 1.2043 1.2246 1.2456 1.2674 1.29 1.3134 1.3377 1.3629 1.3888 1.4157 1.4435 1.4723 1.502 1.5326 1.5642 1.5969 1.6306 1.6655 1.7016 1.7391 1.7779 1.8182 1.8603 1.9039 1.9494 1.9967 2.0461 2.0973 2.151 2.207 2.2658 2.3273 2.392 2.4601 2.5322 2.6091 2.6923 2.7814 2.8775 2.9688 3.0628 3.1571 3.2468 3.3168 3.3694 3.4233 3.4838 3.5508 3.626 
318.5 1.0279 0.99981 0.93547 0.90869 0.896 0.88719 0.88018 0.87475 0.87033 0.86633 0.86276 0.86071 0.86072 0.86206 0.8644 0.86779 0.87212 0.87743 0.88382 0.89093 0.89828 0.90551 0.91243 0.91873 0.92452 0.9303 0.93608 0.9416 0.94695 0.95222 0.95753 0.96306 0.96885 0.97514 0.98181 0.98899 0.99655 1.0048 1.0129 1.0226 1.033 1.0447 1.057 1.0703 1.0844 1.0992 1.1149 1.1313 1.1485 1.1664 1.185 1.2045 1.2247 1.2458 1.2676 1.2902 1.3136 1.3378 1.363 1.389 1.4159 1.4437 1.4724 1.5021 1.5327 1.5644 1.597 1.6307 1.6657 1.7018 1.7392 1.778 1.8184 1.8604 1.904 1.9495 1.9968 2.0461 2.0974 2.1511 2.207 2.2658 2.3273 2.392 2.4601 2.5322 2.6091 2.6922 2.7813 2.8775 2.9688 3.0627 3.157 3.2465 3.3165 3.369 3.4229 3.4834 3.5504 3.6255 
319 1.0281 1 0.93565 0.90885 0.89615 0.88733 0.88032 0.87488 0.87044 0.86645 0.86288 0.86083 0.86084 0.86218 0.86452 0.86791 0.87224 0.87756 0.88394 0.89106 0.89841 0.90564 0.91257 0.91887 0.92464 0.93043 0.9362 0.94171 0.94707 0.95234 0.95765 0.96317 0.96896 0.97525 0.98192 0.9891 0.99666 1.0049 1.013 1.0227 1.0331 1.0448 1.0572 1.0704 1.0845 1.0994 1.1151 1.1314 1.1487 1.1665 1.1852 1.2047 1.2249 1.246 1.2677 1.2904 1.3138 1.338 1.3632 1.3892 1.4161 1.4439 1.4726 1.5023 1.5329 1.5645 1.5972 1.6309 1.6658 1.7019 1.7394 1.7782 1.8185 1.8605 1.9041 1.9496 1.9969 2.0462 2.0975 2.1512 2.2071 2.2658 2.3273 2.3921 2.4601 2.5322 2.6091 2.6922 2.7812 2.8774 2.9686 3.0625 3.1569 3.2465 3.3165 3.3692 3.4231 3.4837 3.5509 3.6261 
319.5 1.0282 1.0002 0.93582 0.90901 0.89631 0.88748 0.88046 0.875 0.87056 0.86657 0.863 0.86094 0.86095 0.86229 0.86464 0.86804 0.87237 0.87769 0.88406 0.89119 0.89854 0.90577 0.9127 0.919 0.92476 0.93055 0.93633 0.94183 0.9472 0.95245 0.95776 0.96328 0.96908 0.97536 0.98203 0.9892 0.99677 1.005 1.0131 1.0228 1.0333 1.0449 1.0573 1.0706 1.0847 1.0995 1.1153 1.1316 1.1488 1.1667 1.1854 1.2049 1.2251 1.2462 1.2679 1.2905 1.3139 1.3382 1.3634 1.3893 1.4162 1.444 1.4727 1.5025 1.5331 1.5647 1.5973 1.631 1.666 1.702 1.7395 1.7783 1.8186 1.8606 1.9042 1.9497 1.997 2.0463 2.0975 2.1512 2.2071 2.2659 2.3273 2.3921 2.4601 2.5322 2.6091 2.6921 2.7812 2.8773 2.9685 3.0624 3.1567 3.2464 3.3165 3.3693 3.4234 3.4841 3.5514 3.6268 
320 1.0284 1.0004 0.936 0.90918 0.89646 0.88763 0.8806 0.87513 0.87067 0.86669 0.86313 0.86105 0.86106 0.86241 0.86476 0.86816 0.87249 0.87782 0.88418 0.89132 0.89867 0.9059 0.91283 0.91913 0.92488 0.93068 0.93646 0.94195 0.94732 0.95257 0.95788 0.9634 0.96919 0.97547 0.98214 0.9893 0.99688 1.0052 1.0132 1.0229 1.0334 1.0451 1.0575 1.0707 1.0848 1.0997 1.1154 1.1318 1.149 1.1668 1.1855 1.205 1.2253 1.2463 1.2681 1.2907 1.3141 1.3383 1.3636 1.3895 1.4164 1.4442 1.4729 1.5026 1.5332 1.5648 1.5975 1.6312 1.6661 1.7022 1.7396 1.7784 1.8187 1.8607 1.9043 1.9498 1.9971 2.0464 2.0976 2.1513 2.2072 2.2659 2.3274 2.3921 2.4601 2.5322 2.609 2.6921 2.7811 2.8772 2.9684 3.0623 3.1566 3.2463 3.3165 3.3694 3.4236 3.4845 3.5519 3.6274 
320.5 1.0286 1.0006 0.93617 0.90933 0.89661 0.88777 0.88073 0.87526 0.8708 0.86682 0.86324 0.86117 0.86117 0.86252 0.86488 0.86827 0.87261 0.87794 0.8843 0.89145 0.8988 0.90603 0.91295 0.91925 0.925 0.9308 0.93657 0.94207 0.94744 0.95269 0.95799 0.96351 0.9693 0.97558 0.98226 0.98941 0.99698 1.0053 1.0133 1.0231 1.0335 1.0452 1.0576 1.0709 1.085 1.0998 1.1156 1.1319 1.1492 1.167 1.1857 1.2052 1.2254 1.2465 1.2683 1.2909 1.3143 1.3385 1.3637 1.3897 1.4166 1.4444 1.473 1.5028 1.5334 1.565 1.5976 1.6313 1.6663 1.7023 1.7398 1.7785 1.8188 1.8608 1.9044 1.9499 1.9972 2.0464 2.0977 2.1514 2.2072 2.266 2.3274 2.3921 2.4601 2.5322 2.609 2.692 2.781 2.8771 2.9683 3.0621 3.1565 3.2462 3.3164 3.3692 3.4234 3.4842 3.5515 3.6269 
321 1.0288 1.0008 0.93634 0.90948 0.89675 0.8879 0.88087 0.87539 0.87094 0.86694 0.86336 0.86128 0.86129 0.86263 0.865 0.86839 0.87273 0.87805 0.88443 0.89157 0.89893 0.90616 0.91307 0.91937 0.92512 0.93092 0.93669 0.94218 0.94756 0.9528 0.9581 0.96363 0.96942 0.97569 0.98237 0.98953 0.9971 1.0054 1.0134 1.0232 1.0337 1.0453 1.0577 1.071 1.0851 1.1 1.1157 1.1321 1.1493 1.1672 1.1858 1.2054 1.2256 1.2467 1.2684 1.291 1.3144 1.3387 1.3639 1.3898 1.4167 1.4445 1.4732 1.5029 1.5335 1.5651 1.5978 1.6315 1.6664 1.7024 1.7399 1.7787 1.819 1.8609 1.9045 1.95 1.9972 2.0465 2.0977 2.1514 2.2073 2.266 2.3274 2.3921 2.4601 2.5321 2.609 2.692 2.781 2.877 2.9682 3.0621 3.1564 3.246 3.3161 3.3688 3.4227 3.4833 3.5505 3.6257 
321.5 1.029 1.001 0.93651 0.90963 0.89689 0.88804 0.881 0.87553 0.87107 0.86707 0.86347 0.8614 0.8614 0.86275 0.86512 0.8685 0.87284 0.87817 0.88455 0.89169 0.89906 0.90629 0.91318 0.91948 0.92524 0.93104 0.9368 0.94229 0.94767 0.9529 0.9582 0.96375 0.96953 0.9758 0.98248 0.98965 0.99721 1.0055 1.0136 1.0233 1.0338 1.0455 1.0579 1.0712 1.0853 1.1001 1.1159 1.1322 1.1495 1.1673 1.186 1.2055 1.2258 1.2468 1.2686 1.2912 1.3146 1.3388 1.3641 1.39 1.4169 1.4447 1.4734 1.5031 1.5337 1.5653 1.5979 1.6316 1.6665 1.7026 1.74 1.7788 1.8191 1.861 1.9046 1.9501 1.9973 2.0466 2.0978 2.1515 2.2073 2.266 2.3274 2.3921 2.4601 2.5321 2.609 2.6919 2.7809 2.8769 2.9681 3.062 3.1562 3.2458 3.3158 3.3683 3.4221 3.4825 3.5495 3.6244 
322 1.0293 1.0012 0.93667 0.90978 0.89704 0.88818 0.88113 0.87566 0.87121 0.86719 0.86359 0.86152 0.86151 0.86286 0.86524 0.86861 0.87296 0.87828 0.88468 0.89181 0.89919 0.90641 0.9133 0.91959 0.92535 0.93115 0.93692 0.94241 0.94779 0.95301 0.95831 0.96387 0.96965 0.97591 0.98259 0.98977 0.99732 1.0056 1.0137 1.0234 1.0339 1.0456 1.058 1.0713 1.0854 1.1003 1.116 1.1324 1.1496 1.1675 1.1862 1.2057 1.2259 1.247 1.2688 1.2914 1.3148 1.339 1.3642 1.3902 1.4171 1.4448 1.4735 1.5032 1.5338 1.5654 1.5981 1.6317 1.6667 1.7027 1.7402 1.7789 1.8192 1.8611 1.9047 1.9502 1.9974 2.0467 2.0979 2.1515 2.2074 2.2661 2.3275 2.3921 2.4601 2.5321 2.6089 2.6919 2.7808 2.8769 2.968 3.0619 3.1561 3.2456 3.3155 3.3679 3.4215 3.4817 3.5484 3.6231 
322.5 1.0294 1.0014 0.93683 0.90994 0.89718 0.88832 0.88126 0.87579 0.87133 0.86731 0.86371 0.86164 0.86163 0.86299 0.86537 0.86874 0.87308 0.87841 0.88481 0.89193 0.89931 0.90655 0.91343 0.91972 0.92548 0.93127 0.93703 0.94252 0.9479 0.95313 0.95842 0.96398 0.96976 0.97602 0.9827 0.98988 0.99743 1.0057 1.0138 1.0236 1.034 1.0457 1.0581 1.0715 1.0856 1.1004 1.1162 1.1325 1.1498 1.1676 1.1863 1.2059 1.2261 1.2472 1.2689 1.2915 1.3149 1.3392 1.3644 1.3903 1.4172 1.445 1.4737 1.5034 1.534 1.5656 1.5982 1.6319 1.6668 1.7028 1.7403 1.779 1.8193 1.8612 1.9048 1.9503 1.9975 2.0468 2.098 2.1516 2.2074 2.2661 2.3275 2.3921 2.4601 2.5321 2.6089 2.6918 2.7808 2.8768 2.9679 3.0618 3.156 3.2455 3.3154 3.3679 3.4215 3.4817 3.5485 3.6232 
323 1.0296 1.0015 0.93698 0.91009 0.89733 0.88846 0.8814 0.87591 0.87146 0.86743 0.86383 0.86176 0.86176 0.86312 0.8655 0.86887 0.8732 0.87855 0.88494 0.89206 0.89944 0.90668 0.91356 0.91986 0.9256 0.93139 0.93714 0.94263 0.948 0.95324 0.95853 0.96408 0.96987 0.97614 0.98282 0.98999 0.99753 1.0058 1.0139 1.0237 1.0342 1.0459 1.0583 1.0716 1.0857 1.1006 1.1163 1.1327 1.1499 1.1678 1.1865 1.206 1.2263 1.2473 1.2691 1.2917 1.3151 1.3393 1.3646 1.3905 1.4174 1.4452 1.4739 1.5036 1.5341 1.5657 1.5983 1.632 1.6669 1.703 1.7404 1.7791 1.8194 1.8614 1.9049 1.9503 1.9975 2.0468 2.098 2.1516 2.2075 2.2661 2.3275 2.3922 2.4601 2.5321 2.6089 2.6918 2.7807 2.8766 2.9678 3.0616 3.1559 3.2455 3.3154 3.3679 3.4216 3.4819 3.5488 3.6237 
323.5 1.0298 1.0017 0.93713 0.91024 0.89748 0.88859 0.88153 0.87604 0.87158 0.86755 0.86395 0.86188 0.86189 0.86325 0.86563 0.869 0.87332 0.87868 0.88508 0.89218 0.89957 0.90682 0.91369 0.91999 0.92573 0.93151 0.93726 0.94274 0.94811 0.95335 0.95864 0.96418 0.96998 0.97626 0.98293 0.9901 0.99763 1.0059 1.014 1.0238 1.0343 1.046 1.0584 1.0717 1.0858 1.1007 1.1165 1.1328 1.1501 1.168 1.1867 1.2062 1.2264 1.2475 1.2693 1.2919 1.3153 1.3395 1.3647 1.3907 1.4176 1.4453 1.474 1.5037 1.5343 1.5659 1.5985 1.6322 1.6671 1.7031 1.7405 1.7793 1.8195 1.8615 1.905 1.9504 1.9976 2.0469 2.0981 2.1517 2.2075 2.2662 2.3275 2.3922 2.4601 2.532 2.6088 2.6917 2.7806 2.8765 2.9677 3.0615 3.1558 3.2454 3.3154 3.368 3.4217 3.4821 3.5491 3.6241 
324 1.03 1.0019 0.93729 0.91039 0.89762 0.88873 0.88166 0.87617 0.8717 0.86767 0.86407 0.862 0.86202 0.86338 0.86576 0.86912 0.87345 0.87882 0.88521 0.89231 0.89969 0.90695 0.91382 0.92012 0.92585 0.93162 0.93737 0.94285 0.94821 0.95346 0.95875 0.96428 0.97009 0.97638 0.98304 0.99021 0.99774 1.006 1.0141 1.0239 1.0344 1.0461 1.0586 1.0719 1.086 1.1009 1.1166 1.133 1.1502 1.1681 1.1868 1.2063 1.2266 1.2477 1.2695 1.2921 1.3155 1.3397 1.3649 1.3908 1.4177 1.4455 1.4742 1.5039 1.5344 1.566 1.5986 1.6323 1.6672 1.7032 1.7406 1.7794 1.8196 1.8616 1.9051 1.9505 1.9977 2.047 2.0981 2.1517 2.2076 2.2662 2.3276 2.3922 2.4601 2.532 2.6088 2.6917 2.7805 2.8764 2.9676 3.0614 3.1557 3.2454 3.3154 3.368 3.4218 3.4822 3.5494 3.6246 
324.5 1.0302 1.0021 0.93747 0.91054 0.89777 0.88887 0.8818 0.8763 0.87184 0.8678 0.8642 0.86213 0.86215 0.86351 0.86589 0.86926 0.87357 0.87894 0.88533 0.89244 0.89981 0.90707 0.91395 0.92023 0.92596 0.93174 0.93749 0.94298 0.94834 0.95358 0.95887 0.9644 0.9702 0.97648 0.98315 0.99031 0.99784 1.0061 1.0142 1.024 1.0345 1.0463 1.0587 1.072 1.0861 1.101 1.1168 1.1331 1.1504 1.1683 1.187 1.2065 1.2267 1.2478 1.2696 1.2922 1.3156 1.3399 1.3651 1.391 1.4179 1.4457 1.4743 1.504 1.5346 1.5662 1.5988 1.6324 1.6673 1.7033 1.7408 1.7795 1.8197 1.8617 1.9052 1.9506 1.9978 2.047 2.0982 2.1518 2.2076 2.2662 2.3276 2.3922 2.4601 2.532 2.6087 2.6916 2.7805 2.8764 2.9675 3.0613 3.1555 3.2449 3.3148 3.3672 3.4208 3.4812 3.5482 3.6233 
325 1.0305 1.0023 0.93765 0.9107 0.89791 0.88902 0.88193 0.87644 0.87197 0.86794 0.86432 0.86225 0.86228 0.86364 0.86601 0.86939 0.87369 0.87905 0.88544 0.89256 0.89994 0.90719 0.91407 0.92033 0.92606 0.93185 0.93762 0.94311 0.94846 0.9537 0.95899 0.96451 0.97031 0.97658 0.98326 0.99042 0.99793 1.0061 1.0143 1.0241 1.0347 1.0464 1.0588 1.0722 1.0863 1.1012 1.1169 1.1333 1.1506 1.1684 1.1871 1.2067 1.2269 1.248 1.2698 1.2924 1.3158 1.34 1.3652 1.3912 1.4181 1.4458 1.4745 1.5042 1.5347 1.5663 1.5989 1.6326 1.6675 1.7035 1.7409 1.7796 1.8198 1.8618 1.9053 1.9507 1.9978 2.0471 2.0983 2.1518 2.2076 2.2662 2.3276 2.3922 2.4601 2.532 2.6087 2.6916 2.7804 2.8763 2.9674 3.0611 3.1552 3.2445 3.3141 3.3664 3.4199 3.4801 3.5471 3.6221 
325.5 1.0307 1.0026 0.93784 0.91085 0.89806 0.88916 0.88207 0.87657 0.87211 0.86807 0.86445 0.86238 0.8624 0.86377 0.86614 0.86952 0.87381 0.87917 0.88556 0.89269 0.90006 0.90731 0.9142 0.92044 0.92617 0.93197 0.93774 0.94323 0.94859 0.95383 0.95911 0.96462 0.97042 0.97669 0.98337 0.99052 0.99803 1.0062 1.0144 1.0243 1.0348 1.0465 1.059 1.0723 1.0864 1.1013 1.1171 1.1335 1.1507 1.1686 1.1873 1.2068 1.2271 1.2482 1.27 1.2926 1.316 1.3402 1.3654 1.3913 1.4182 1.446 1.4746 1.5043 1.5349 1.5665 1.5991 1.6327 1.6676 1.7036 1.741 1.7797 1.82 1.8619 1.9054 1.9508 1.9979 2.0472 2.0983 2.1519 2.2077 2.2663 2.3277 2.3922 2.4601 2.532 2.6087 2.6915 2.7804 2.8763 2.9674 3.061 3.1549 3.244 3.3135 3.3655 3.4189 3.4791 3.5459 3.6209 
326 1.0309 1.0028 0.93801 0.911 0.8982 0.8893 0.88221 0.8767 0.87224 0.8682 0.86458 0.86251 0.86253 0.86389 0.86626 0.86965 0.87394 0.87929 0.88567 0.89281 0.90018 0.90743 0.91432 0.92055 0.92629 0.93209 0.93786 0.94335 0.94871 0.95395 0.95923 0.96474 0.97053 0.97679 0.98348 0.99062 0.99812 1.0063 1.0145 1.0244 1.0349 1.0467 1.0591 1.0724 1.0866 1.1014 1.1172 1.1336 1.1509 1.1688 1.1874 1.207 1.2272 1.2483 1.2701 1.2927 1.3161 1.3403 1.3655 1.3915 1.4184 1.4461 1.4748 1.5045 1.535 1.5666 1.5992 1.6328 1.6677 1.7037 1.7411 1.7798 1.8201 1.862 1.9055 1.9509 1.998 2.0473 2.0984 2.1519 2.2077 2.2663 2.3277 2.3922 2.4601 2.5319 2.6086 2.6915 2.7803 2.8762 2.9673 3.0608 3.1547 3.2437 3.313 3.365 3.4183 3.4784 3.5452 3.62 
326.5 1.031 1.0029 0.93815 0.91115 0.89835 0.88944 0.88234 0.87684 0.87237 0.86833 0.86471 0.86264 0.86266 0.86402 0.86638 0.86978 0.87407 0.87941 0.88578 0.89293 0.9003 0.90754 0.91443 0.92067 0.92642 0.93221 0.93798 0.94346 0.94882 0.95407 0.95935 0.96486 0.97063 0.9769 0.98357 0.99071 0.99821 1.0064 1.0146 1.0245 1.035 1.0468 1.0592 1.0726 1.0867 1.1016 1.1174 1.1338 1.151 1.1689 1.1876 1.2071 1.2274 1.2485 1.2703 1.2929 1.3163 1.3405 1.3657 1.3916 1.4185 1.4463 1.4749 1.5046 1.5352 1.5668 1.5993 1.633 1.6679 1.7039 1.7412 1.78 1.8202 1.8621 1.9056 1.951 1.9981 2.0473 2.0984 2.152 2.2078 2.2663 2.3277 2.3922 2.4601 2.5319 2.6086 2.6914 2.7802 2.8761 2.9671 3.0607 3.1546 3.2437 3.3131 3.3651 3.4185 3.4786 3.5454 3.6204 
327 1.0312 1.0031 0.9383 0.9113 0.89849 0.88957 0.88248 0.87697 0.8725 0.86845 0.86484 0.86277 0.86279 0.86414 0.86651 0.8699 0.87421 0.87954 0.88589 0.89305 0.90043 0.90765 0.91454 0.9208 0.92656 0.93234 0.9381 0.94358 0.94894 0.95418 0.95947 0.96498 0.97074 0.97701 0.98367 0.9908 0.9983 1.0065 1.0147 1.0246 1.0351 1.0469 1.0593 1.0727 1.0868 1.1017 1.1175 1.1339 1.1512 1.1691 1.1878 1.2073 1.2275 1.2487 1.2704 1.293 1.3164 1.3407 1.3659 1.3918 1.4187 1.4464 1.4751 1.5048 1.5353 1.5669 1.5995 1.6331 1.668 1.704 1.7414 1.7801 1.8203 1.8622 1.9057 1.951 1.9982 2.0474 2.0985 2.152 2.2078 2.2664 2.3277 2.3922 2.4601 2.5319 2.6086 2.6914 2.7801 2.8759 2.9669 3.0605 3.1545 3.2436 3.3132 3.3653 3.4187 3.4788 3.5457 3.6207 
327.5 1.0313 1.0032 0.93845 0.91144 0.89863 0.88971 0.88261 0.87711 0.87263 0.86858 0.86497 0.8629 0.86292 0.86426 0.86663 0.87003 0.87434 0.87966 0.886 0.89318 0.90055 0.90776 0.91465 0.92093 0.9267 0.93247 0.93822 0.94369 0.94905 0.9543 0.95959 0.9651 0.97085 0.97711 0.98376 0.99088 0.99839 1.0066 1.0148 1.0247 1.0352 1.047 1.0595 1.0728 1.087 1.1019 1.1177 1.1341 1.1513 1.1692 1.1879 1.2075 1.2277 1.2488 1.2706 1.2932 1.3166 1.3408 1.366 1.392 1.4188 1.4466 1.4753 1.5049 1.5355 1.567 1.5996 1.6333 1.6681 1.7041 1.7415 1.7802 1.8204 1.8623 1.9058 1.9511 1.9983 2.0474 2.0986 2.1521 2.2079 2.2664 2.3278 2.3922 2.4601 2.5319 2.6085 2.6913 2.78 2.8758 2.9667 3.0604 3.1544 3.2436 3.3133 3.3655 3.4189 3.4791 3.546 3.621 
328 1.0315 1.0034 0.93861 0.91159 0.89878 0.88985 0.88275 0.87724 0.87276 0.86871 0.86509 0.86302 0.86304 0.86439 0.86675 0.87015 0.87447 0.87979 0.88612 0.89329 0.90067 0.90787 0.91477 0.92106 0.92683 0.93259 0.93833 0.9438 0.94916 0.95442 0.9597 0.96521 0.97096 0.97722 0.98386 0.99097 0.99847 1.0066 1.0149 1.0248 1.0353 1.0471 1.0596 1.0729 1.0871 1.102 1.1178 1.1342 1.1515 1.1694 1.1881 1.2076 1.2279 1.249 1.2708 1.2934 1.3168 1.341 1.3662 1.3921 1.419 1.4467 1.4754 1.5051 1.5356 1.5672 1.5998 1.6334 1.6683 1.7043 1.7416 1.7803 1.8205 1.8624 1.9059 1.9512 1.9984 2.0475 2.0986 2.1521 2.2079 2.2665 2.3278 2.3923 2.46 2.5319 2.6085 2.6912 2.7799 2.8757 2.9666 3.0602 3.1542 3.2435 3.3132 3.3655 3.419 3.4792 3.5461 3.6212 
328.5 1.0317 1.0036 0.93878 0.91175 0.89892 0.88999 0.88289 0.87737 0.87289 0.86883 0.86522 0.86314 0.86316 0.86451 0.86687 0.87027 0.87459 0.87991 0.88625 0.89341 0.90077 0.90799 0.91488 0.92118 0.92695 0.93271 0.93844 0.94391 0.94928 0.95453 0.95981 0.96532 0.97107 0.97732 0.98395 0.99105 0.99855 1.0067 1.015 1.0249 1.0354 1.0472 1.0597 1.0731 1.0872 1.1021 1.1179 1.1344 1.1516 1.1695 1.1882 1.2078 1.228 1.2491 1.2709 1.2935 1.3169 1.3411 1.3663 1.3923 1.4191 1.4469 1.4756 1.5052 1.5358 1.5673 1.5999 1.6335 1.6684 1.7044 1.7417 1.7804 1.8206 1.8625 1.906 1.9513 1.9984 2.0476 2.0987 2.1522 2.208 2.2665 2.3278 2.3923 2.46 2.5318 2.6084 2.6912 2.7799 2.8756 2.9666 3.0601 3.1542 3.2434 3.3131 3.3654 3.419 3.4793 3.5462 3.6214 
329 1.0319 1.0038 0.93895 0.9119 0.89907 0.89014 0.88303 0.87751 0.87302 0.86896 0.86534 0.86326 0.86329 0.86463 0.86699 0.87039 0.87472 0.88003 0.88638 0.89353 0.90088 0.9081 0.91499 0.9213 0.92706 0.93283 0.93855 0.94403 0.9494 0.95464 0.95992 0.96543 0.97117 0.97742 0.98404 0.99114 0.99863 1.0068 1.0151 1.025 1.0356 1.0474 1.0598 1.0732 1.0874 1.1023 1.1181 1.1345 1.1518 1.1697 1.1884 1.2079 1.2282 1.2493 1.2711 1.2937 1.3171 1.3413 1.3665 1.3924 1.4193 1.447 1.4757 1.5054 1.5359 1.5675 1.6 1.6337 1.6685 1.7045 1.7418 1.7805 1.8207 1.8626 1.9061 1.9513 1.9985 2.0476 2.0988 2.1522 2.208 2.2665 2.3278 2.3923 2.46 2.5318 2.6084 2.6911 2.7798 2.8756 2.9665 3.0601 3.1541 3.2433 3.313 3.3653 3.419 3.4793 3.5463 3.6216 
329.5 1.0321 1.004 0.93912 0.91206 0.89922 0.89028 0.88316 0.87764 0.87315 0.86908 0.86546 0.86338 0.86341 0.86475 0.86711 0.87052 0.87484 0.88015 0.88651 0.89364 0.90098 0.90821 0.91511 0.92143 0.92717 0.93295 0.93866 0.94415 0.94951 0.95476 0.96003 0.96553 0.97128 0.97752 0.98414 0.99123 0.9987 1.0069 1.0151 1.0251 1.0357 1.0475 1.06 1.0733 1.0875 1.1024 1.1182 1.1347 1.1519 1.1698 1.1886 1.2081 1.2283 1.2494 1.2712 1.2938 1.3172 1.3414 1.3667 1.3926 1.4194 1.4472 1.4758 1.5055 1.5361 1.5676 1.6002 1.6338 1.6686 1.7046 1.742 1.7806 1.8208 1.8627 1.9062 1.9514 1.9986 2.0477 2.0988 2.1523 2.208 2.2666 2.3278 2.3923 2.46 2.5318 2.6084 2.691 2.7797 2.8755 2.9664 3.06 3.154 3.2432 3.3129 3.3652 3.4189 3.4793 3.5464 3.6217 
330 1.0323 1.0042 0.93928 0.91221 0.89936 0.89042 0.8833 0.87777 0.87328 0.86921 0.86558 0.86349 0.86352 0.86486 0.86723 0.87063 0.87496 0.88026 0.88663 0.89376 0.9011 0.90833 0.91523 0.92155 0.92729 0.93307 0.93877 0.94426 0.94962 0.95487 0.96013 0.96564 0.97138 0.97761 0.98423 0.99131 0.99878 1.0069 1.0152 1.0252 1.0358 1.0476 1.0601 1.0735 1.0876 1.1026 1.1184 1.1348 1.1521 1.17 1.1887 1.2083 1.2285 1.2496 1.2714 1.294 1.3174 1.3416 1.3668 1.3927 1.4196 1.4473 1.476 1.5057 1.5362 1.5677 1.6003 1.6339 1.6688 1.7047 1.7421 1.7807 1.8209 1.8628 1.9063 1.9515 1.9987 2.0478 2.0989 2.1523 2.2081 2.2666 2.3278 2.3923 2.46 2.5318 2.6083 2.691 2.7797 2.8754 2.9663 3.0599 3.1539 3.2431 3.3128 3.3652 3.4189 3.4794 3.5465 3.6219 
330.5 1.0325 1.0043 0.93943 0.91236 0.8995 0.89055 0.88343 0.87791 0.87341 0.86933 0.8657 0.86361 0.86363 0.86497 0.86735 0.87075 0.87507 0.88037 0.88675 0.89387 0.90121 0.90845 0.91535 0.92167 0.92741 0.93319 0.93889 0.94437 0.94973 0.95497 0.96024 0.96574 0.97148 0.9777 0.98432 0.9914 0.99886 1.007 1.0153 1.0253 1.0359 1.0477 1.0602 1.0736 1.0878 1.1027 1.1185 1.1349 1.1522 1.1702 1.1889 1.2084 1.2287 1.2498 1.2715 1.2941 1.3176 1.3418 1.367 1.3929 1.4197 1.4475 1.4761 1.5058 1.5363 1.5679 1.6004 1.634 1.6689 1.7048 1.7422 1.7809 1.821 1.8629 1.9064 1.9516 1.9988 2.0478 2.099 2.1524 2.2081 2.2666 2.3278 2.3923 2.46 2.5317 2.6083 2.691 2.7796 2.8754 2.9663 3.0598 3.1538 3.243 3.3127 3.3651 3.4189 3.4794 3.5466 3.622 
331 1.0327 1.0045 0.93958 0.91251 0.89965 0.89069 0.88356 0.87804 0.87354 0.86946 0.86581 0.86372 0.86374 0.86508 0.86747 0.87086 0.87518 0.88049 0.88687 0.89399 0.90133 0.90858 0.91548 0.92179 0.92753 0.9333 0.93901 0.94448 0.94984 0.95508 0.96035 0.96584 0.97158 0.97779 0.98441 0.99148 0.99894 1.0071 1.0154 1.0254 1.036 1.0478 1.0603 1.0737 1.0879 1.1028 1.1187 1.1351 1.1524 1.1703 1.189 1.2086 1.2288 1.2499 1.2717 1.2943 1.3177 1.3419 1.3671 1.393 1.4199 1.4476 1.4763 1.506 1.5365 1.568 1.6006 1.6342 1.669 1.705 1.7423 1.781 1.8211 1.863 1.9064 1.9517 1.9988 2.0479 2.099 2.1524 2.2081 2.2666 2.3278 2.3923 2.46 2.5317 2.6083 2.691 2.7796 2.8753 2.9662 3.0597 3.1537 3.243 3.3126 3.3651 3.4189 3.4794 3.5466 3.6221 
331.5 1.0329 1.0047 0.93974 0.91266 0.89979 0.89083 0.88369 0.87817 0.87367 0.86958 0.86592 0.86383 0.86385 0.86519 0.86759 0.87097 0.87529 0.8806 0.88699 0.8941 0.90144 0.9087 0.9156 0.92191 0.92765 0.93342 0.93912 0.94459 0.94995 0.95519 0.96045 0.96594 0.97167 0.97788 0.9845 0.99157 0.99902 1.0071 1.0155 1.0255 1.0361 1.0479 1.0605 1.0739 1.088 1.103 1.1188 1.1352 1.1525 1.1705 1.1892 1.2087 1.229 1.2501 1.2718 1.2945 1.3179 1.3421 1.3673 1.3932 1.4201 1.4478 1.4764 1.5061 1.5366 1.5681 1.6007 1.6343 1.6691 1.7051 1.7424 1.7811 1.8212 1.8631 1.9065 1.9518 1.9989 2.048 2.0991 2.1525 2.2082 2.2667 2.3278 2.3923 2.46 2.5317 2.6082 2.6909 2.7795 2.8752 2.9661 3.0597 3.1536 3.2429 3.3126 3.365 3.4189 3.4794 3.5467 3.6222 
332 1.033 1.0049 0.93991 0.91281 0.89994 0.89097 0.88383 0.8783 0.87379 0.8697 0.86605 0.86396 0.86397 0.8653 0.8677 0.87108 0.87539 0.88071 0.8871 0.89423 0.90158 0.90882 0.91572 0.92201 0.92776 0.93353 0.93924 0.94471 0.95006 0.95529 0.96055 0.96604 0.97177 0.97798 0.98458 0.99165 0.9991 1.0072 1.0156 1.0255 1.0362 1.048 1.0606 1.074 1.0882 1.1031 1.1189 1.1354 1.1527 1.1706 1.1893 1.2089 1.2291 1.2502 1.272 1.2946 1.318 1.3422 1.3674 1.3933 1.4202 1.4479 1.4766 1.5062 1.5367 1.5683 1.6008 1.6344 1.6692 1.7052 1.7425 1.7812 1.8213 1.8632 1.9066 1.9519 1.999 2.0481 2.0991 2.1525 2.2082 2.2667 2.3279 2.3923 2.46 2.5317 2.6082 2.6909 2.7795 2.8752 2.966 3.0595 3.1534 3.2426 3.3122 3.3647 3.4185 3.4792 3.5466 3.6221 
332.5 1.0332 1.0051 0.94008 0.91297 0.90009 0.89111 0.88396 0.87842 0.87391 0.86982 0.86617 0.86408 0.86409 0.86542 0.86781 0.87118 0.8755 0.88083 0.88722 0.89436 0.90171 0.90895 0.91584 0.92212 0.92787 0.93365 0.93937 0.94482 0.95017 0.9554 0.96065 0.96614 0.97187 0.97807 0.98466 0.99173 0.99917 1.0073 1.0156 1.0256 1.0363 1.0482 1.0607 1.0741 1.0883 1.1032 1.1191 1.1355 1.1528 1.1708 1.1895 1.209 1.2293 1.2504 1.2722 1.2948 1.3182 1.3424 1.3676 1.3935 1.4204 1.4481 1.4767 1.5064 1.5369 1.5684 1.601 1.6346 1.6694 1.7053 1.7426 1.7813 1.8214 1.8633 1.9067 1.9519 1.9991 2.0481 2.0992 2.1526 2.2083 2.2667 2.3279 2.3923 2.46 2.5317 2.6082 2.6908 2.7794 2.8751 2.966 3.0594 3.1532 3.2423 3.3119 3.3643 3.4182 3.4789 3.5464 3.6221 
333 1.0334 1.0053 0.94024 0.91312 0.90023 0.89125 0.8841 0.87855 0.87403 0.86994 0.8663 0.86421 0.86421 0.86554 0.86791 0.87129 0.8756 0.88094 0.88733 0.89449 0.90184 0.90907 0.91597 0.92223 0.92798 0.93376 0.93949 0.94494 0.95028 0.9555 0.96075 0.96624 0.97196 0.97816 0.98474 0.99181 0.99924 1.0073 1.0157 1.0257 1.0364 1.0483 1.0608 1.0742 1.0884 1.1034 1.1192 1.1357 1.153 1.1709 1.1896 1.2092 1.2294 1.2505 1.2723 1.2949 1.3183 1.3425 1.3677 1.3936 1.4205 1.4482 1.4769 1.5065 1.537 1.5685 1.6011 1.6347 1.6695 1.7054 1.7427 1.7814 1.8215 1.8634 1.9068 1.952 1.9992 2.0482 2.0993 2.1526 2.2083 2.2668 2.3279 2.3923 2.46 2.5317 2.6082 2.6908 2.7794 2.8751 2.9659 3.0593 3.153 3.242 3.3115 3.3639 3.4178 3.4786 3.5463 3.6221 
333.5 1.0336 1.0054 0.94041 0.91327 0.90038 0.89139 0.88423 0.87868 0.87416 0.87006 0.86642 0.86434 0.86433 0.86565 0.86802 0.8714 0.87571 0.88106 0.88745 0.89462 0.90197 0.9092 0.91608 0.92234 0.92809 0.93387 0.9396 0.94505 0.95039 0.95561 0.96085 0.96634 0.97206 0.97825 0.98483 0.99188 0.99931 1.0074 1.0158 1.0258 1.0365 1.0484 1.0609 1.0743 1.0886 1.1035 1.1194 1.1358 1.1531 1.171 1.1898 1.2093 1.2296 1.2507 1.2725 1.2951 1.3185 1.3427 1.3679 1.3938 1.4206 1.4484 1.477 1.5066 1.5371 1.5687 1.6012 1.6348 1.6696 1.7055 1.7428 1.7815 1.8216 1.8634 1.9069 1.9521 1.9993 2.0482 2.0993 2.1527 2.2083 2.2668 2.3279 2.3923 2.46 2.5316 2.6081 2.6908 2.7793 2.875 2.9658 3.0592 3.1528 3.2417 3.3112 3.3635 3.4175 3.4784 3.5461 3.622 
334 1.0338 1.0056 0.94058 0.91342 0.90051 0.89152 0.88436 0.87881 0.87428 0.87018 0.86654 0.86445 0.86444 0.86576 0.86814 0.87152 0.87583 0.88118 0.88757 0.89472 0.90208 0.90931 0.91619 0.92245 0.9282 0.93398 0.9397 0.94515 0.95049 0.95571 0.96095 0.96643 0.97215 0.97833 0.9849 0.99195 0.99937 1.0074 1.0159 1.0259 1.0366 1.0485 1.061 1.0745 1.0887 1.1037 1.1195 1.1359 1.1533 1.1712 1.1899 1.2095 1.2297 1.2509 1.2726 1.2952 1.3186 1.3428 1.368 1.3939 1.4208 1.4485 1.4771 1.5068 1.5373 1.5688 1.6013 1.6349 1.6697 1.7056 1.7429 1.7816 1.8217 1.8635 1.907 1.9522 1.9993 2.0483 2.0994 2.1527 2.2084 2.2668 2.3279 2.3923 2.46 2.5316 2.6081 2.6907 2.7793 2.8749 2.9657 3.059 3.1526 3.2414 3.3108 3.3631 3.4171 3.478 3.5459 3.6218 
334.5 1.0339 1.0058 0.94075 0.91356 0.90064 0.89165 0.88449 0.87893 0.8744 0.87031 0.86666 0.86457 0.86454 0.86587 0.86825 0.87164 0.87596 0.88129 0.88768 0.89482 0.90219 0.90941 0.91629 0.92257 0.92832 0.93408 0.93979 0.94525 0.9506 0.95581 0.96104 0.96652 0.97224 0.97841 0.98498 0.99201 0.99943 1.0075 1.0159 1.026 1.0367 1.0486 1.0611 1.0746 1.0888 1.1038 1.1196 1.1361 1.1534 1.1713 1.1901 1.2096 1.2299 1.251 1.2728 1.2954 1.3188 1.343 1.3682 1.3941 1.4209 1.4487 1.4773 1.5069 1.5374 1.5689 1.6015 1.635 1.6698 1.7058 1.7431 1.7817 1.8218 1.8636 1.9071 1.9523 1.9994 2.0484 2.0994 2.1528 2.2084 2.2669 2.3279 2.3923 2.46 2.5316 2.6081 2.6907 2.7792 2.8748 2.9656 3.0589 3.1524 3.2411 3.3104 3.3627 3.4167 3.4777 3.5456 3.6217 
335 1.0341 1.006 0.94092 0.91371 0.90078 0.89179 0.88462 0.87906 0.87452 0.87043 0.86678 0.86469 0.86465 0.86598 0.86836 0.87176 0.87608 0.88141 0.8878 0.89492 0.90229 0.90952 0.9164 0.92269 0.92844 0.93418 0.93989 0.94536 0.9507 0.95591 0.96113 0.96661 0.97233 0.97849 0.98505 0.99208 0.99949 1.0075 1.016 1.0261 1.0368 1.0487 1.0612 1.0747 1.0889 1.1039 1.1198 1.1362 1.1535 1.1715 1.1902 1.2098 1.23 1.2512 1.2729 1.2955 1.3189 1.3431 1.3683 1.3942 1.4211 1.4488 1.4774 1.5071 1.5376 1.5691 1.6016 1.6352 1.67 1.7059 1.7432 1.7818 1.8219 1.8637 1.9071 1.9523 1.9994 2.0484 2.0995 2.1528 2.2084 2.2669 2.328 2.3924 2.46 2.5316 2.608 2.6906 2.7792 2.8748 2.9655 3.0588 3.1522 3.2409 3.31 3.3622 3.4163 3.4774 3.5454 3.6215 
335.5 1.0343 1.0061 0.94108 0.91386 0.90091 0.89192 0.88475 0.87918 0.87464 0.87055 0.86689 0.8648 0.86476 0.86609 0.86847 0.87187 0.87621 0.88152 0.88791 0.89503 0.9024 0.90963 0.9165 0.9228 0.92855 0.93429 0.93999 0.94546 0.95081 0.956 0.96123 0.9667 0.97242 0.97857 0.98513 0.99214 0.99954 1.0076 1.016 1.0261 1.0369 1.0488 1.0614 1.0748 1.089 1.104 1.1199 1.1364 1.1537 1.1716 1.1904 1.2099 1.2302 1.2513 1.2731 1.2957 1.3191 1.3433 1.3685 1.3944 1.4212 1.4489 1.4776 1.5072 1.5377 1.5692 1.6017 1.6353 1.6701 1.706 1.7433 1.7819 1.822 1.8638 1.9072 1.9524 1.9995 2.0485 2.0995 2.1529 2.2085 2.2669 2.328 2.3924 2.4599 2.5316 2.608 2.6906 2.7791 2.8747 2.9654 3.0587 3.1522 3.2408 3.31 3.3622 3.4163 3.4774 3.5455 3.6217 
336 1.0345 1.0063 0.94123 0.914 0.90106 0.89205 0.88488 0.8793 0.87476 0.87066 0.86699 0.86489 0.86487 0.86621 0.86859 0.87199 0.87633 0.88164 0.88802 0.89515 0.90252 0.90975 0.91662 0.9229 0.92865 0.9344 0.94011 0.94558 0.95091 0.95609 0.96133 0.9668 0.97251 0.97865 0.9852 0.9922 0.99959 1.0076 1.0161 1.0262 1.0369 1.0489 1.0615 1.0749 1.0892 1.1042 1.12 1.1365 1.1538 1.1718 1.1905 1.2101 1.2303 1.2514 1.2732 1.2958 1.3192 1.3434 1.3686 1.3945 1.4214 1.4491 1.4777 1.5074 1.5378 1.5693 1.6019 1.6354 1.6702 1.7061 1.7434 1.782 1.8221 1.8639 1.9073 1.9525 1.9995 2.0486 2.0996 2.1529 2.2085 2.2669 2.328 2.3924 2.4599 2.5316 2.608 2.6905 2.779 2.8746 2.9654 3.0587 3.1523 3.2411 3.3105 3.3629 3.417 3.4782 3.5462 3.6224 
336.5 1.0347 1.0065 0.94138 0.91415 0.9012 0.89219 0.885 0.87942 0.87488 0.87076 0.86709 0.86499 0.86498 0.86632 0.86872 0.87211 0.87645 0.88176 0.88814 0.89527 0.90263 0.90987 0.91673 0.92299 0.92876 0.93451 0.94023 0.94569 0.95101 0.95618 0.96142 0.96689 0.97259 0.97873 0.98527 0.99226 0.99964 1.0076 1.0162 1.0263 1.037 1.049 1.0616 1.075 1.0893 1.1043 1.1202 1.1366 1.154 1.1719 1.1907 1.2102 1.2305 1.2516 1.2734 1.296 1.3194 1.3436 1.3688 1.3947 1.4215 1.4492 1.4778 1.5075 1.538 1.5695 1.602 1.6355 1.6703 1.7062 1.7435 1.7821 1.8222 1.864 1.9074 1.9526 1.9996 2.0486 2.0996 2.153 2.2086 2.267 2.3281 2.3924 2.4599 2.5316 2.608 2.6905 2.779 2.8745 2.9653 3.0587 3.1524 3.2414 3.311 3.3636 3.4178 3.4789 3.5469 3.6231 
337 1.0349 1.0067 0.94153 0.91429 0.90135 0.89232 0.88513 0.87954 0.87499 0.87087 0.86719 0.86508 0.8651 0.86643 0.86884 0.87223 0.87657 0.88187 0.88825 0.8954 0.90275 0.90999 0.91684 0.92309 0.92886 0.93462 0.94035 0.94581 0.95112 0.95627 0.96152 0.96698 0.97268 0.97882 0.98534 0.99232 0.99969 1.0077 1.0162 1.0263 1.0371 1.049 1.0617 1.0752 1.0894 1.1044 1.1203 1.1368 1.1541 1.1721 1.1908 1.2104 1.2306 1.2517 1.2735 1.2961 1.3195 1.3437 1.3689 1.3948 1.4217 1.4494 1.478 1.5076 1.5381 1.5696 1.6021 1.6357 1.6704 1.7063 1.7436 1.7822 1.8223 1.8641 1.9075 1.9526 1.9997 2.0487 2.0997 2.153 2.2086 2.267 2.3281 2.3924 2.4599 2.5316 2.6079 2.6905 2.7789 2.8745 2.9652 3.0586 3.1525 3.2417 3.3115 3.3643 3.4185 3.4797 3.5476 3.6238 
337.5 1.0351 1.0069 0.94168 0.91444 0.90148 0.89245 0.88525 0.87966 0.8751 0.87099 0.86731 0.86519 0.8652 0.86654 0.86894 0.87234 0.87669 0.88199 0.88837 0.89551 0.90286 0.9101 0.91696 0.9232 0.92897 0.93473 0.94046 0.94592 0.95121 0.95637 0.96161 0.96706 0.97276 0.9789 0.98541 0.99239 0.99974 1.0077 1.0163 1.0264 1.0372 1.0491 1.0618 1.0753 1.0895 1.1046 1.1204 1.1369 1.1542 1.1722 1.1909 1.2105 1.2308 1.2519 1.2736 1.2963 1.3197 1.3439 1.3691 1.3949 1.4218 1.4495 1.4781 1.5077 1.5382 1.5697 1.6022 1.6358 1.6705 1.7064 1.7437 1.7823 1.8224 1.8642 1.9076 1.9527 1.9998 2.0488 2.0997 2.1531 2.2087 2.267 2.3281 2.3924 2.4599 2.5315 2.6079 2.6905 2.7789 2.8744 2.9652 3.0586 3.1524 3.2416 3.3114 3.3641 3.4184 3.4795 3.5474 3.6234 
338 1.0353 1.0071 0.94184 0.91458 0.90161 0.89257 0.88537 0.87977 0.87522 0.8711 0.86743 0.86531 0.86531 0.86664 0.86904 0.87244 0.8768 0.8821 0.88849 0.89563 0.90298 0.91021 0.91708 0.92332 0.92908 0.93484 0.94056 0.94601 0.95131 0.95647 0.9617 0.96713 0.97282 0.97897 0.98548 0.99245 0.99979 1.0078 1.0163 1.0265 1.0373 1.0492 1.0619 1.0754 1.0897 1.1047 1.1206 1.137 1.1544 1.1723 1.1911 1.2106 1.2309 1.252 1.2738 1.2964 1.3198 1.344 1.3692 1.3951 1.4219 1.4496 1.4782 1.5079 1.5384 1.5699 1.6023 1.6359 1.6707 1.7066 1.7438 1.7824 1.8225 1.8643 1.9076 1.9528 1.9998 2.0488 2.0998 2.1531 2.2087 2.267 2.3281 2.3924 2.4599 2.5315 2.6079 2.6905 2.7789 2.8744 2.9652 3.0585 3.1522 3.2413 3.3109 3.3635 3.4177 3.4787 3.5465 3.6225 
338.5 1.0354 1.0072 0.942 0.91472 0.90174 0.8927 0.88549 0.87989 0.87533 0.87122 0.86754 0.86543 0.86541 0.86674 0.86914 0.87254 0.87691 0.88222 0.88861 0.89574 0.9031 0.91032 0.91719 0.92344 0.92919 0.93495 0.94066 0.94611 0.9514 0.95657 0.96179 0.9672 0.97289 0.97905 0.98556 0.99252 0.99983 1.0078 1.0164 1.0266 1.0374 1.0493 1.062 1.0755 1.0898 1.1048 1.1207 1.1372 1.1545 1.1725 1.1912 1.2108 1.2311 1.2522 1.2739 1.2966 1.32 1.3441 1.3693 1.3952 1.4221 1.4498 1.4784 1.508 1.5385 1.57 1.6025 1.636 1.6708 1.7067 1.7439 1.7825 1.8226 1.8644 1.9077 1.9529 1.9999 2.0489 2.0998 2.1531 2.2087 2.2671 2.3281 2.3924 2.4599 2.5315 2.6079 2.6904 2.7789 2.8744 2.9651 3.0584 3.152 3.2409 3.3104 3.3629 3.417 3.478 3.5457 3.6216 
339 1.0356 1.0074 0.94216 0.91485 0.90186 0.89282 0.88561 0.88 0.87544 0.87133 0.86766 0.86555 0.86552 0.86684 0.86924 0.87264 0.87702 0.88234 0.88873 0.89586 0.90321 0.91043 0.91731 0.92357 0.92931 0.93506 0.94076 0.94621 0.9515 0.95667 0.96187 0.96728 0.97296 0.97913 0.98563 0.99258 0.99988 1.0079 1.0165 1.0266 1.0374 1.0494 1.0621 1.0756 1.0899 1.1049 1.1208 1.1373 1.1547 1.1726 1.1914 1.2109 1.2312 1.2523 1.2741 1.2967 1.3201 1.3443 1.3695 1.3953 1.4222 1.4499 1.4785 1.5082 1.5386 1.5701 1.6026 1.6361 1.6709 1.7068 1.744 1.7826 1.8227 1.8645 1.9078 1.953 2 2.0489 2.0999 2.1532 2.2087 2.2671 2.3281 2.3924 2.4599 2.5315 2.6079 2.6904 2.7789 2.8744 2.9651 3.0583 3.1519 3.2406 3.3099 3.3623 3.4163 3.4772 3.5448 3.6206 
339.5 1.0358 1.0075 0.94229 0.91499 0.902 0.89294 0.88573 0.88012 0.87555 0.87144 0.86777 0.86565 0.86562 0.86696 0.86936 0.87276 0.87712 0.88245 0.88884 0.89597 0.90333 0.91054 0.91743 0.92369 0.92942 0.93517 0.94086 0.9463 0.95159 0.95676 0.96196 0.96736 0.97304 0.97919 0.98571 0.99262 1 1.0078 1.0166 1.0267 1.0376 1.0495 1.0622 1.0757 1.09 1.1051 1.1209 1.1375 1.1548 1.1728 1.1915 1.2111 1.2313 1.2525 1.2742 1.2968 1.3202 1.3444 1.3696 1.3955 1.4223 1.45 1.4786 1.5083 1.5387 1.5702 1.6027 1.6363 1.671 1.7069 1.7441 1.7827 1.8228 1.8646 1.9079 1.9531 2 2.049 2.0999 2.1532 2.2088 2.2671 2.3281 2.3925 2.46 2.5315 2.6079 2.6904 2.7788 2.8743 2.965 3.0581 3.1516 3.2403 3.3095 3.3618 3.4157 3.4765 3.5441 3.6199 
340 1.036 1.0077 0.94242 0.91512 0.90213 0.89307 0.88585 0.88024 0.87567 0.87154 0.86786 0.86575 0.86572 0.86707 0.86948 0.87287 0.87723 0.88255 0.88896 0.89608 0.90343 0.91065 0.91755 0.92382 0.92954 0.93527 0.94097 0.9464 0.95169 0.95685 0.96205 0.96745 0.97312 0.97924 0.9858 0.99265 1.0001 1.0078 1.0167 1.0267 1.0377 1.0496 1.0623 1.0758 1.0901 1.1052 1.1211 1.1376 1.1549 1.1729 1.1916 1.2112 1.2315 1.2526 1.2744 1.297 1.3204 1.3446 1.3697 1.3956 1.4225 1.4502 1.4788 1.5084 1.5389 1.5704 1.6028 1.6364 1.6711 1.707 1.7442 1.7828 1.8229 1.8646 1.908 1.9531 2.0001 2.0491 2.1 2.1533 2.2088 2.2672 2.3282 2.3925 2.46 2.5315 2.6078 2.6903 2.7787 2.8742 2.9648 3.0579 3.1514 3.24 3.3092 3.3613 3.4151 3.4759 3.5434 3.6192 
340.5 1.0361 1.0079 0.94255 0.91525 0.90226 0.89319 0.88597 0.88036 0.87578 0.87165 0.86796 0.86585 0.86582 0.86719 0.8696 0.87299 0.87734 0.88266 0.88907 0.89619 0.90354 0.91077 0.91767 0.92395 0.92966 0.93538 0.94107 0.9465 0.95178 0.95694 0.96213 0.96754 0.9732 0.9793 0.98589 0.99268 1.0003 1.0077 1.0168 1.0267 1.0378 1.0497 1.0624 1.076 1.0902 1.1053 1.1212 1.1377 1.155 1.173 1.1918 1.2113 1.2316 1.2527 1.2745 1.2971 1.3205 1.3447 1.3699 1.3958 1.4226 1.4503 1.4789 1.5085 1.539 1.5705 1.603 1.6365 1.6712 1.7071 1.7443 1.7829 1.823 1.8647 1.9081 1.9532 2.0002 2.0491 2.1 2.1533 2.2088 2.2672 2.3282 2.3925 2.46 2.5315 2.6078 2.6902 2.7786 2.874 2.9646 3.0577 3.1511 3.2397 3.3088 3.3608 3.4146 3.4752 3.5428 3.6185 
341 1.0363 1.008 0.94268 0.91538 0.90239 0.89332 0.88608 0.88047 0.87589 0.87175 0.86806 0.86594 0.86592 0.86731 0.86971 0.8731 0.87745 0.88277 0.88919 0.8963 0.90365 0.91088 0.9178 0.92407 0.92978 0.93548 0.94117 0.9466 0.95187 0.95703 0.96222 0.96762 0.97328 0.97936 0.98597 0.99271 1.0004 1.0077 1.0169 1.0268 1.0379 1.0497 1.0625 1.0761 1.0903 1.1054 1.1213 1.1379 1.1552 1.1731 1.1919 1.2115 1.2318 1.2529 1.2747 1.2973 1.3207 1.3449 1.37 1.3959 1.4227 1.4504 1.479 1.5087 1.5391 1.5706 1.6031 1.6366 1.6714 1.7072 1.7444 1.783 1.8231 1.8648 1.9081 1.9533 2.0002 2.0492 2.1001 2.1534 2.2089 2.2672 2.3282 2.3925 2.46 2.5315 2.6078 2.6902 2.7785 2.8739 2.9644 3.0575 3.1509 3.2394 3.3084 3.3604 3.4141 3.4747 3.5422 3.6178 
341.5 1.0365 1.0082 0.94285 0.91553 0.90253 0.89345 0.88621 0.88059 0.87601 0.87187 0.86817 0.86605 0.86603 0.86742 0.86982 0.87321 0.87755 0.88287 0.88929 0.89641 0.90377 0.911 0.91791 0.92418 0.9299 0.93559 0.94127 0.94669 0.95197 0.95712 0.9623 0.96771 0.97335 0.97943 0.98605 0.99279 1.0005 1.0078 1.0169 1.0269 1.038 1.0498 1.0626 1.0762 1.0904 1.1056 1.1214 1.138 1.1553 1.1733 1.192 1.2116 1.2319 1.253 1.2748 1.2974 1.3208 1.345 1.3702 1.3961 1.4229 1.4506 1.4792 1.5088 1.5392 1.5707 1.6032 1.6367 1.6715 1.7073 1.7446 1.7831 1.8232 1.8649 1.9082 1.9534 2.0003 2.0493 2.1001 2.1534 2.2089 2.2672 2.3282 2.3925 2.4599 2.5315 2.6077 2.6901 2.7784 2.8738 2.9643 3.0574 3.1508 3.2394 3.3085 3.3606 3.4144 3.4751 3.5427 3.6185 
342 1.0367 1.0085 0.94302 0.91568 0.90267 0.89358 0.88633 0.88071 0.87612 0.87198 0.86828 0.86616 0.86615 0.86753 0.86992 0.87332 0.87765 0.88297 0.88939 0.89652 0.90389 0.91112 0.91802 0.92429 0.93001 0.93571 0.94137 0.94679 0.95206 0.95721 0.96239 0.96779 0.97343 0.97951 0.98612 0.99286 1.0005 1.0078 1.017 1.0269 1.038 1.0499 1.0627 1.0763 1.0906 1.1057 1.1215 1.1381 1.1554 1.1734 1.1922 1.2117 1.232 1.2531 1.2749 1.2975 1.3209 1.3451 1.3703 1.3962 1.423 1.4507 1.4793 1.5089 1.5394 1.5708 1.6033 1.6368 1.6716 1.7074 1.7447 1.7832 1.8233 1.8649 1.9083 1.9534 2.0004 2.0493 2.1002 2.1534 2.209 2.2673 2.3282 2.3925 2.4599 2.5314 2.6077 2.6901 2.7784 2.8737 2.9642 3.0573 3.1507 3.2393 3.3085 3.3607 3.4146 3.4756 3.5433 3.6191 
342.5 1.037 1.0087 0.94319 0.91583 0.90281 0.89371 0.88646 0.88083 0.87624 0.8721 0.86839 0.86626 0.86626 0.86764 0.87003 0.87342 0.87775 0.88308 0.88949 0.89663 0.90402 0.91124 0.91814 0.92439 0.93012 0.93582 0.94147 0.94688 0.95215 0.9573 0.96247 0.96787 0.9735 0.97959 0.98619 0.99294 1.0006 1.0079 1.0171 1.027 1.0381 1.05 1.0628 1.0764 1.0907 1.1058 1.1217 1.1382 1.1555 1.1735 1.1923 1.2119 1.2322 1.2533 1.2751 1.2977 1.3211 1.3453 1.3705 1.3963 1.4231 1.4508 1.4794 1.509 1.5395 1.571 1.6034 1.637 1.6717 1.7076 1.7448 1.7833 1.8233 1.865 1.9084 1.9535 2.0004 2.0494 2.1002 2.1535 2.209 2.2673 2.3282 2.3924 2.4599 2.5314 2.6076 2.69 2.7783 2.8736 2.9641 3.0572 3.1506 3.2393 3.3085 3.3609 3.4149 3.476 3.5438 3.6197 
343 1.0372 1.0089 0.94337 0.91598 0.90294 0.89384 0.88658 0.88095 0.87635 0.87222 0.8685 0.86638 0.86638 0.86775 0.87014 0.87353 0.87786 0.88319 0.88959 0.89674 0.90413 0.91136 0.91825 0.9245 0.93023 0.93592 0.94158 0.94698 0.95225 0.95739 0.96256 0.96795 0.97358 0.97966 0.98627 0.99301 1.0007 1.008 1.0171 1.0271 1.0382 1.0501 1.0629 1.0765 1.0908 1.1059 1.1218 1.1384 1.1557 1.1737 1.1924 1.212 1.2323 1.2534 1.2752 1.2978 1.3212 1.3454 1.3706 1.3965 1.4233 1.451 1.4796 1.5092 1.5396 1.5711 1.6036 1.6371 1.6718 1.7077 1.7449 1.7834 1.8234 1.8651 1.9085 1.9536 2.0005 2.0494 2.1003 2.1535 2.209 2.2673 2.3283 2.3924 2.4599 2.5314 2.6076 2.69 2.7782 2.8735 2.964 3.0571 3.1505 3.2391 3.3084 3.3608 3.415 3.4762 3.5442 3.6201 
343.5 1.0374 1.0091 0.94354 0.91613 0.90308 0.89397 0.88671 0.88107 0.87647 0.87233 0.86862 0.8665 0.86649 0.86786 0.87025 0.87363 0.87797 0.8833 0.8897 0.89685 0.90424 0.91147 0.91835 0.92459 0.93032 0.93602 0.94168 0.94709 0.95234 0.95748 0.96265 0.96803 0.97366 0.97974 0.98634 0.99308 1.0008 1.0081 1.0172 1.0272 1.0383 1.0502 1.063 1.0766 1.0909 1.106 1.1219 1.1385 1.1558 1.1738 1.1925 1.2121 1.2324 1.2535 1.2753 1.2979 1.3213 1.3455 1.3707 1.3966 1.4234 1.4511 1.4797 1.5093 1.5398 1.5712 1.6037 1.6372 1.6719 1.7078 1.745 1.7835 1.8235 1.8652 1.9086 1.9537 2.0006 2.0495 2.1003 2.1536 2.209 2.2673 2.3283 2.3924 2.4599 2.5314 2.6076 2.6899 2.7781 2.8734 2.9639 3.0569 3.1502 3.2388 3.3081 3.3604 3.4146 3.4759 3.5439 3.6199 
344 1.0375 1.0092 0.94372 0.91627 0.90321 0.8941 0.88683 0.88119 0.87658 0.87243 0.86874 0.86662 0.8666 0.86797 0.87035 0.87374 0.87809 0.88342 0.88982 0.89696 0.90435 0.91158 0.91845 0.92468 0.93041 0.93612 0.94179 0.94719 0.95244 0.95757 0.96273 0.96811 0.97374 0.97981 0.98642 0.99315 1.0008 1.0081 1.0173 1.0272 1.0384 1.0503 1.0631 1.0767 1.091 1.1061 1.122 1.1386 1.1559 1.1739 1.1927 1.2123 1.2325 1.2537 1.2755 1.2981 1.3215 1.3457 1.3709 1.3967 1.4235 1.4512 1.4798 1.5094 1.5399 1.5713 1.6038 1.6373 1.672 1.7079 1.745 1.7836 1.8236 1.8653 1.9086 1.9537 2.0006 2.0496 2.1004 2.1536 2.209 2.2673 2.3283 2.3925 2.4599 2.5314 2.6076 2.6899 2.7781 2.8734 2.9638 3.0567 3.15 3.2385 3.3077 3.36 3.4143 3.4756 3.5437 3.6198 
344.5 1.0377 1.0094 0.9439 0.91642 0.90334 0.89423 0.88696 0.88131 0.87669 0.87254 0.86886 0.86674 0.86671 0.86808 0.87046 0.87384 0.87821 0.88353 0.88993 0.89708 0.90445 0.91168 0.91856 0.92478 0.93049 0.93622 0.9419 0.9473 0.95253 0.95766 0.96282 0.96819 0.97382 0.97988 0.98649 0.99322 1.0009 1.0082 1.0174 1.0273 1.0385 1.0504 1.0631 1.0768 1.0911 1.1063 1.1221 1.1387 1.156 1.174 1.1928 1.2124 1.2327 1.2538 1.2756 1.2982 1.3216 1.3458 1.371 1.3969 1.4237 1.4514 1.4799 1.5095 1.54 1.5714 1.6039 1.6374 1.6721 1.708 1.7451 1.7837 1.8237 1.8654 1.9087 1.9538 2.0007 2.0497 2.1004 2.1536 2.209 2.2673 2.3283 2.3925 2.4599 2.5313 2.6075 2.6898 2.778 2.8733 2.9637 3.0566 3.1497 3.2382 3.3073 3.3596 3.4139 3.4752 3.5434 3.6196 
345 1.0379 1.0096 0.94406 0.91656 0.90347 0.89436 0.88708 0.88143 0.87681 0.87266 0.86897 0.86685 0.86681 0.86818 0.87057 0.87395 0.87832 0.88364 0.89004 0.89719 0.90456 0.91179 0.91866 0.92488 0.93059 0.93632 0.942 0.9474 0.95263 0.95775 0.96291 0.96828 0.9739 0.97996 0.98657 0.99329 1.001 1.0083 1.0174 1.0274 1.0385 1.0505 1.0632 1.0769 1.0912 1.1064 1.1223 1.1389 1.1562 1.1742 1.1929 1.2125 1.2328 1.2539 1.2757 1.2983 1.3217 1.3459 1.3711 1.397 1.4238 1.4515 1.48 1.5097 1.5401 1.5716 1.604 1.6375 1.6722 1.7081 1.7452 1.7838 1.8238 1.8655 1.9088 1.9539 2.0008 2.0497 2.1005 2.1536 2.209 2.2673 2.3283 2.3925 2.4599 2.5313 2.6075 2.6898 2.778 2.8732 2.9636 3.0565 3.1496 3.2379 3.307 3.3592 3.4134 3.4746 3.5428 3.6189 
345.5 1.038 1.0098 0.94419 0.9167 0.9036 0.89448 0.88721 0.88156 0.87694 0.87277 0.86907 0.86695 0.86692 0.86828 0.87069 0.87407 0.87843 0.88375 0.89015 0.8973 0.90466 0.91189 0.91877 0.92498 0.93069 0.93642 0.94209 0.9475 0.95274 0.95784 0.96299 0.96837 0.97398 0.98004 0.98665 0.99337 1.001 1.0083 1.0175 1.0275 1.0386 1.0505 1.0633 1.077 1.0913 1.1065 1.1224 1.139 1.1563 1.1743 1.1931 1.2126 1.2329 1.2541 1.2759 1.2985 1.3219 1.3461 1.3713 1.3971 1.4239 1.4516 1.4802 1.5098 1.5402 1.5717 1.6041 1.6376 1.6723 1.7082 1.7453 1.7839 1.8239 1.8656 1.9088 1.9539 2.0008 2.0498 2.1005 2.1537 2.209 2.2673 2.3282 2.3925 2.4599 2.5313 2.6075 2.6897 2.7779 2.8732 2.9636 3.0564 3.1495 3.2378 3.3067 3.3588 3.4127 3.4738 3.5418 3.6178 
346 1.0382 1.0099 0.94433 0.91683 0.90374 0.89461 0.88733 0.88168 0.87706 0.87289 0.86917 0.86705 0.86702 0.86838 0.8708 0.87419 0.87854 0.88386 0.89026 0.8974 0.90476 0.912 0.91887 0.92509 0.93079 0.93652 0.94219 0.9476 0.95284 0.95794 0.96308 0.96846 0.97407 0.98012 0.98673 0.99344 1.0011 1.0084 1.0176 1.0276 1.0387 1.0506 1.0634 1.0771 1.0914 1.1066 1.1225 1.1391 1.1564 1.1744 1.1932 1.2128 1.2331 1.2542 1.276 1.2986 1.322 1.3462 1.3714 1.3973 1.4241 1.4517 1.4803 1.5099 1.5403 1.5718 1.6042 1.6377 1.6724 1.7082 1.7454 1.784 1.824 1.8656 1.9089 1.954 2.0009 2.0498 2.1006 2.1537 2.2091 2.2673 2.3282 2.3925 2.4599 2.5313 2.6075 2.6897 2.7779 2.8731 2.9635 3.0564 3.1495 3.2377 3.3065 3.3584 3.4121 3.473 3.5408 3.6167 
346.5 1.0384 1.0101 0.94447 0.91697 0.90387 0.89474 0.88746 0.88181 0.87719 0.87301 0.86927 0.86715 0.86713 0.86848 0.87091 0.87431 0.87865 0.88398 0.89037 0.89751 0.90486 0.91211 0.91898 0.9252 0.93089 0.93662 0.94228 0.9477 0.95295 0.95803 0.96316 0.96855 0.97415 0.9802 0.9868 0.99352 1.0012 1.0085 1.0177 1.0277 1.0388 1.0507 1.0635 1.0772 1.0915 1.1067 1.1226 1.1392 1.1566 1.1745 1.1933 1.2129 1.2332 1.2543 1.2761 1.2987 1.3221 1.3463 1.3715 1.3974 1.4242 1.4519 1.4804 1.51 1.5405 1.5719 1.6043 1.6378 1.6725 1.7083 1.7455 1.784 1.8241 1.8657 1.909 1.9541 2.001 2.0499 2.1006 2.1537 2.2091 2.2673 2.3282 2.3925 2.4599 2.5313 2.6074 2.6896 2.7778 2.8731 2.9635 3.0564 3.1494 3.2376 3.3062 3.3579 3.4115 3.4722 3.5398 3.6156 
347 1.0386 1.0103 0.94462 0.91711 0.90401 0.89487 0.88758 0.88193 0.8773 0.87312 0.86937 0.86723 0.86722 0.86857 0.87101 0.87442 0.87876 0.88408 0.89048 0.89762 0.90497 0.91221 0.91908 0.9253 0.931 0.93672 0.94238 0.9478 0.95304 0.95811 0.96324 0.96863 0.97423 0.98028 0.98688 0.99359 1.0013 1.0086 1.0178 1.0277 1.0389 1.0508 1.0636 1.0773 1.0916 1.1068 1.1227 1.1393 1.1567 1.1747 1.1935 1.213 1.2333 1.2545 1.2763 1.2989 1.3223 1.3465 1.3716 1.3975 1.4243 1.452 1.4806 1.5101 1.5406 1.572 1.6045 1.6379 1.6726 1.7084 1.7456 1.7841 1.8241 1.8658 1.9091 1.9541 2.001 2.0499 2.1007 2.1538 2.2091 2.2673 2.3282 2.3925 2.4599 2.5313 2.6074 2.6896 2.7777 2.873 2.9634 3.0563 3.1493 3.2375 3.3062 3.3579 3.4114 3.4721 3.5397 3.6154 
347.5 1.0388 1.0105 0.94478 0.91725 0.90414 0.895 0.8877 0.88204 0.87741 0.87322 0.86947 0.86731 0.86731 0.86867 0.8711 0.87452 0.87887 0.88419 0.89059 0.89772 0.90508 0.91231 0.91918 0.9254 0.9311 0.93682 0.94249 0.94791 0.95313 0.9582 0.96332 0.9687 0.97431 0.98036 0.98695 0.99367 1.0014 1.0087 1.0178 1.0278 1.039 1.0509 1.0637 1.0774 1.0917 1.1069 1.1228 1.1394 1.1568 1.1748 1.1936 1.2132 1.2335 1.2546 1.2764 1.299 1.3224 1.3466 1.3718 1.3976 1.4245 1.4521 1.4807 1.5103 1.5407 1.5721 1.6046 1.6381 1.6727 1.7085 1.7457 1.7842 1.8242 1.8659 1.9091 1.9542 2.0011 2.05 2.1007 2.1538 2.2091 2.2673 2.3282 2.3925 2.4599 2.5312 2.6073 2.6895 2.7776 2.8729 2.9632 3.0561 3.1492 3.2374 3.3062 3.358 3.4116 3.4722 3.5398 3.6155 
348 1.039 1.0107 0.94494 0.9174 0.90428 0.89513 0.88783 0.88216 0.87752 0.87333 0.86957 0.8674 0.8674 0.86877 0.8712 0.87463 0.87898 0.8843 0.8907 0.89782 0.90519 0.91241 0.91927 0.92551 0.93121 0.93692 0.9426 0.94801 0.95322 0.95829 0.9634 0.96877 0.97439 0.98044 0.98703 0.99375 1.0014 1.0087 1.0179 1.0279 1.0391 1.051 1.0638 1.0775 1.0918 1.107 1.1229 1.1396 1.1569 1.1749 1.1937 1.2133 1.2336 1.2547 1.2765 1.2991 1.3225 1.3467 1.3719 1.3978 1.4246 1.4522 1.4808 1.5104 1.5408 1.5722 1.6047 1.6382 1.6729 1.7086 1.7458 1.7843 1.8243 1.866 1.9092 1.9543 2.0012 2.05 2.1008 2.1538 2.2092 2.2673 2.3283 2.3925 2.4598 2.5312 2.6073 2.6894 2.7775 2.8727 2.9631 3.056 3.1491 3.2374 3.3062 3.3581 3.4117 3.4724 3.5399 3.6156 
348.5 1.0392 1.0108 0.94509 0.91754 0.90442 0.89526 0.88795 0.88227 0.87763 0.87344 0.86967 0.86748 0.86748 0.86887 0.87129 0.87474 0.87908 0.88441 0.89081 0.89793 0.9053 0.91251 0.91937 0.92561 0.93131 0.93702 0.94271 0.94811 0.95331 0.95837 0.96348 0.96885 0.97447 0.98053 0.9871 0.99382 1.0015 1.0088 1.018 1.028 1.0392 1.0511 1.0639 1.0776 1.092 1.1071 1.1231 1.1397 1.157 1.175 1.1938 1.2134 1.2337 1.2548 1.2766 1.2992 1.3226 1.3468 1.372 1.3979 1.4247 1.4523 1.4809 1.5105 1.5409 1.5724 1.6048 1.6383 1.673 1.7088 1.7459 1.7844 1.8244 1.866 1.9093 1.9543 2.0012 2.05 2.1008 2.1538 2.2092 2.2673 2.3283 2.3925 2.4598 2.5312 2.6072 2.6894 2.7775 2.8726 2.963 3.0558 3.149 3.2373 3.3062 3.3581 3.4118 3.4725 3.54 3.6158 
349 1.0394 1.011 0.94523 0.91768 0.90455 0.89538 0.88807 0.88238 0.87774 0.87354 0.86978 0.8676 0.86761 0.86899 0.87141 0.87486 0.87919 0.88451 0.89091 0.89804 0.9054 0.91261 0.91947 0.9257 0.93141 0.93712 0.9428 0.9482 0.9534 0.95845 0.96355 0.96893 0.97456 0.98061 0.98719 0.99391 1.0016 1.0089 1.0181 1.0281 1.0393 1.0512 1.064 1.0777 1.0921 1.1073 1.1232 1.1398 1.1572 1.1752 1.194 1.2135 1.2339 1.255 1.2768 1.2994 1.3228 1.347 1.3721 1.398 1.4248 1.4525 1.481 1.5106 1.541 1.5725 1.6049 1.6384 1.6731 1.7088 1.746 1.7845 1.8245 1.8661 1.9094 1.9544 2.0013 2.0501 2.1009 2.1539 2.2092 2.2674 2.3283 2.3925 2.4598 2.5311 2.6072 2.6893 2.7774 2.8725 2.9628 3.0557 3.1489 3.2373 3.3062 3.3583 3.4121 3.4729 3.5406 3.6164 
349.5 1.0396 1.0112 0.94538 0.91781 0.90468 0.89551 0.88818 0.8825 0.87786 0.87365 0.86989 0.86772 0.86773 0.8691 0.87152 0.87498 0.8793 0.88462 0.89101 0.89814 0.9055 0.9127 0.91956 0.9258 0.93151 0.93721 0.94289 0.9483 0.95349 0.95853 0.96363 0.96902 0.97466 0.98069 0.98727 0.99399 1.0017 1.009 1.0182 1.0282 1.0393 1.0513 1.0641 1.0778 1.0922 1.1074 1.1233 1.1399 1.1573 1.1753 1.1941 1.2137 1.234 1.2551 1.2769 1.2995 1.3229 1.3471 1.3723 1.3981 1.4249 1.4526 1.4812 1.5107 1.5412 1.5726 1.605 1.6385 1.6732 1.7089 1.7461 1.7846 1.8245 1.8662 1.9094 1.9545 2.0013 2.0501 2.1009 2.1539 2.2093 2.2674 2.3283 2.3924 2.4598 2.5311 2.6072 2.6893 2.7773 2.8724 2.9627 3.0556 3.1488 3.2372 3.3062 3.3584 3.4123 3.4733 3.5411 3.6171 
350 1.0397 1.0114 0.94552 0.91794 0.90481 0.89563 0.8883 0.88261 0.87797 0.87376 0.87 0.86784 0.86785 0.86922 0.87163 0.8751 0.87941 0.88472 0.89111 0.89825 0.90559 0.9128 0.91966 0.9259 0.93161 0.93731 0.94298 0.94839 0.95358 0.95861 0.9637 0.9691 0.97475 0.98077 0.98736 0.99407 1.0017 1.0091 1.0183 1.0283 1.0394 1.0514 1.0642 1.0779 1.0923 1.1075 1.1234 1.14 1.1574 1.1754 1.1942 1.2138 1.2341 1.2552 1.277 1.2996 1.323 1.3472 1.3724 1.3983 1.4251 1.4527 1.4813 1.5109 1.5413 1.5727 1.6051 1.6386 1.6732 1.709 1.7462 1.7847 1.8246 1.8663 1.9095 1.9545 2.0014 2.0502 2.101 2.1539 2.2093 2.2674 2.3283 2.3924 2.4598 2.5311 2.6071 2.6892 2.7772 2.8723 2.9626 3.0555 3.1487 3.2371 3.3062 3.3585 3.4126 3.4737 3.5417 3.6178 
350.5 1.0399 1.0115 0.94567 0.91808 0.90493 0.89575 0.88841 0.88272 0.87808 0.87386 0.87011 0.86796 0.86797 0.86934 0.87175 0.87521 0.87952 0.88482 0.89121 0.89836 0.90569 0.9129 0.91976 0.92599 0.9317 0.9374 0.94307 0.94848 0.95367 0.95869 0.96377 0.96918 0.97484 0.98085 0.98744 0.99415 1.0018 1.0091 1.0183 1.0283 1.0395 1.0515 1.0643 1.078 1.0924 1.1076 1.1235 1.1402 1.1575 1.1755 1.1943 1.2139 1.2342 1.2553 1.2771 1.2998 1.3231 1.3473 1.3725 1.3984 1.4252 1.4529 1.4814 1.511 1.5414 1.5728 1.6052 1.6387 1.6733 1.7091 1.7463 1.7847 1.8247 1.8663 1.9096 1.9546 2.0014 2.0503 2.101 2.154 2.2093 2.2674 2.3283 2.3924 2.4598 2.5311 2.6071 2.6891 2.7771 2.8722 2.9625 3.0554 3.1485 3.237 3.3062 3.3585 3.4127 3.4739 3.542 3.6182 
351 1.04 1.0117 0.94583 0.91821 0.90505 0.89586 0.88853 0.88283 0.87818 0.87396 0.87022 0.86807 0.86808 0.86944 0.87185 0.87531 0.87962 0.88493 0.89131 0.89846 0.9058 0.913 0.91987 0.9261 0.9318 0.93749 0.94316 0.94858 0.95376 0.95876 0.96385 0.96926 0.97492 0.98094 0.98751 0.99423 1.0019 1.0092 1.0184 1.0284 1.0396 1.0516 1.0644 1.0781 1.0925 1.1077 1.1236 1.1403 1.1576 1.1756 1.1944 1.214 1.2344 1.2555 1.2773 1.2999 1.3233 1.3475 1.3726 1.3985 1.4253 1.453 1.4815 1.5111 1.5415 1.5729 1.6053 1.6388 1.6734 1.7092 1.7464 1.7848 1.8248 1.8664 1.9096 1.9547 2.0015 2.0503 2.101 2.154 2.2093 2.2674 2.3283 2.3924 2.4597 2.531 2.607 2.6891 2.7771 2.8722 2.9624 3.0552 3.1483 3.2367 3.3058 3.3581 3.4123 3.4735 3.5416 3.6178 
351.5 1.0402 1.0118 0.94599 0.91834 0.90517 0.89598 0.88864 0.88293 0.87828 0.87407 0.87032 0.86819 0.86819 0.86954 0.87196 0.8754 0.87973 0.88503 0.89141 0.89856 0.9059 0.9131 0.91997 0.9262 0.9319 0.93758 0.94326 0.94867 0.95385 0.95884 0.96392 0.96933 0.975 0.98102 0.98758 0.9943 1.002 1.0093 1.0185 1.0285 1.0397 1.0517 1.0645 1.0782 1.0926 1.1078 1.1237 1.1404 1.1577 1.1758 1.1946 1.2142 1.2345 1.2556 1.2774 1.3 1.3234 1.3476 1.3728 1.3986 1.4254 1.4531 1.4816 1.5112 1.5416 1.573 1.6054 1.6389 1.6735 1.7093 1.7464 1.7849 1.8249 1.8665 1.9097 1.9547 2.0016 2.0503 2.1011 2.154 2.2093 2.2674 2.3283 2.3924 2.4597 2.531 2.607 2.689 2.777 2.8721 2.9623 3.0551 3.1481 3.2365 3.3055 3.3577 3.4119 3.4731 3.5412 3.6174 
352 1.0403 1.012 0.94615 0.91847 0.90528 0.8961 0.88875 0.88304 0.87838 0.87417 0.87043 0.8683 0.8683 0.86963 0.87207 0.8755 0.87983 0.88514 0.89152 0.89867 0.90601 0.91321 0.92008 0.92631 0.93199 0.93768 0.94335 0.94877 0.95393 0.95891 0.964 0.9694 0.97508 0.9811 0.98766 0.99438 1.0021 1.0094 1.0186 1.0286 1.0398 1.0518 1.0646 1.0783 1.0927 1.1079 1.1238 1.1405 1.1578 1.1759 1.1947 1.2143 1.2346 1.2557 1.2775 1.3001 1.3235 1.3477 1.3729 1.3988 1.4256 1.4532 1.4817 1.5113 1.5417 1.5731 1.6055 1.639 1.6736 1.7094 1.7465 1.785 1.8249 1.8665 1.9098 1.9548 2.0016 2.0504 2.1011 2.1541 2.2093 2.2674 2.3283 2.3924 2.4597 2.531 2.607 2.689 2.777 2.872 2.9622 3.0549 3.148 3.2362 3.3052 3.3573 3.4114 3.4726 3.5408 3.617 
352.5 1.0405 1.0122 0.9463 0.9186 0.9054 0.89621 0.88887 0.88315 0.87849 0.87428 0.87054 0.86841 0.86841 0.86973 0.87217 0.8756 0.87994 0.88524 0.89162 0.89876 0.90611 0.91331 0.92018 0.92641 0.93209 0.93777 0.94345 0.94886 0.95402 0.95899 0.96408 0.96948 0.97516 0.98119 0.98773 0.99446 1.0022 1.0095 1.0187 1.0287 1.0399 1.0519 1.0647 1.0784 1.0928 1.108 1.1239 1.1406 1.1579 1.176 1.1948 1.2144 1.2347 1.2559 1.2776 1.3002 1.3237 1.3478 1.373 1.3989 1.4257 1.4533 1.4819 1.5114 1.5418 1.5732 1.6056 1.6391 1.6737 1.7095 1.7466 1.7851 1.825 1.8666 1.9099 1.9548 2.0017 2.0504 2.1011 2.1541 2.2093 2.2674 2.3283 2.3924 2.4597 2.531 2.6069 2.6889 2.7769 2.8719 2.9621 3.0548 3.1478 3.236 3.3049 3.357 3.4111 3.4723 3.5404 3.6166 
353 1.0406 1.0123 0.94644 0.91873 0.90553 0.89633 0.88899 0.88327 0.87861 0.87439 0.87065 0.86851 0.86851 0.86983 0.87226 0.8757 0.88004 0.88535 0.89172 0.89886 0.9062 0.91341 0.92028 0.92652 0.93219 0.93787 0.94355 0.94895 0.95411 0.95908 0.96416 0.96957 0.97525 0.98128 0.98782 0.99455 1.0022 1.0096 1.0188 1.0288 1.04 1.052 1.0648 1.0785 1.0929 1.1081 1.124 1.1407 1.1581 1.1761 1.1949 1.2145 1.2349 1.256 1.2778 1.3004 1.3238 1.348 1.3731 1.399 1.4258 1.4535 1.482 1.5115 1.5419 1.5733 1.6057 1.6392 1.6738 1.7096 1.7467 1.7852 1.8251 1.8667 1.9099 1.9549 2.0017 2.0505 2.1012 2.1541 2.2094 2.2675 2.3283 2.3924 2.4597 2.5309 2.6069 2.6889 2.7768 2.8718 2.962 3.0547 3.1477 3.2358 3.3047 3.3567 3.4108 3.4719 3.54 3.6162 
353.5 1.0408 1.0125 0.94659 0.91886 0.90565 0.89645 0.8891 0.88339 0.87872 0.87451 0.87076 0.86862 0.8686 0.86993 0.87236 0.87581 0.88013 0.88546 0.89182 0.89895 0.9063 0.9135 0.92038 0.92662 0.93229 0.93797 0.94365 0.94904 0.9542 0.95916 0.96424 0.96965 0.97533 0.98136 0.98791 0.99463 1.0023 1.0097 1.0189 1.0289 1.0401 1.052 1.0649 1.0786 1.093 1.1082 1.1242 1.1408 1.1582 1.1762 1.195 1.2147 1.235 1.2561 1.2779 1.3005 1.3239 1.3481 1.3733 1.3991 1.4259 1.4536 1.4821 1.5116 1.542 1.5734 1.6058 1.6393 1.6739 1.7097 1.7468 1.7852 1.8252 1.8668 1.91 1.9549 2.0018 2.0506 2.1012 2.1542 2.2094 2.2675 2.3283 2.3924 2.4597 2.5309 2.6068 2.6888 2.7768 2.8718 2.9619 3.0546 3.1475 3.2357 3.3045 3.3565 3.4105 3.4716 3.5396 3.6159 
354 1.041 1.0127 0.94673 0.91899 0.90577 0.89657 0.88922 0.8835 0.87884 0.87463 0.87087 0.86872 0.8687 0.87004 0.87246 0.87591 0.88023 0.88556 0.89192 0.89904 0.90639 0.9136 0.92048 0.92672 0.9324 0.93806 0.94374 0.94913 0.95429 0.95925 0.96433 0.96974 0.97541 0.98145 0.988 0.99471 1.0024 1.0097 1.019 1.029 1.0402 1.0521 1.065 1.0787 1.0931 1.1083 1.1243 1.1409 1.1583 1.1763 1.1951 1.2148 1.2351 1.2562 1.278 1.3006 1.324 1.3482 1.3734 1.3992 1.426 1.4537 1.4822 1.5117 1.5421 1.5736 1.606 1.6394 1.674 1.7098 1.7469 1.7853 1.8253 1.8668 1.91 1.955 2.0018 2.0506 2.1012 2.1542 2.2094 2.2675 2.3283 2.3924 2.4596 2.5309 2.6068 2.6888 2.7767 2.8717 2.9619 3.0545 3.1474 3.2355 3.3042 3.3562 3.4102 3.4712 3.5393 3.6155 
354.5 1.0412 1.0128 0.94686 0.91912 0.9059 0.8967 0.88934 0.88362 0.87896 0.87474 0.87098 0.86883 0.8688 0.87014 0.87256 0.87601 0.88033 0.88566 0.89202 0.89915 0.9065 0.9137 0.92057 0.92681 0.9325 0.93816 0.94383 0.94922 0.95437 0.95933 0.96441 0.96982 0.97549 0.98153 0.98809 0.9948 1.0025 1.0098 1.0191 1.0291 1.0403 1.0522 1.0651 1.0788 1.0932 1.1084 1.1244 1.141 1.1584 1.1764 1.1953 1.2149 1.2352 1.2564 1.2781 1.3007 1.3242 1.3483 1.3735 1.3993 1.4261 1.4538 1.4823 1.5119 1.5423 1.5737 1.6061 1.6395 1.6741 1.7099 1.747 1.7854 1.8253 1.8669 1.9101 1.9551 2.0019 2.0506 2.1013 2.1543 2.2095 2.2676 2.3283 2.3924 2.4596 2.5308 2.6067 2.6887 2.7766 2.8716 2.9618 3.0544 3.1473 3.2354 3.3042 3.3562 3.4102 3.4713 3.5394 3.6158 
355 1.0414 1.013 0.94699 0.91925 0.90604 0.89682 0.88946 0.88374 0.87908 0.87486 0.87109 0.86893 0.8689 0.87025 0.87267 0.87611 0.88044 0.88576 0.89212 0.89925 0.9066 0.9138 0.92067 0.9269 0.93259 0.93826 0.94392 0.94931 0.95446 0.95942 0.9645 0.96991 0.97558 0.98162 0.98818 0.99489 1.0026 1.0099 1.0191 1.0292 1.0404 1.0523 1.0652 1.0789 1.0933 1.1085 1.1245 1.1411 1.1585 1.1766 1.1954 1.215 1.2353 1.2565 1.2783 1.3009 1.3243 1.3484 1.3736 1.3995 1.4262 1.4539 1.4824 1.512 1.5424 1.5738 1.6061 1.6396 1.6742 1.7099 1.7471 1.7855 1.8254 1.867 1.9102 1.9551 2.0019 2.0507 2.1013 2.1543 2.2095 2.2676 2.3283 2.3924 2.4596 2.5308 2.6067 2.6887 2.7766 2.8715 2.9617 3.0543 3.1472 3.2353 3.3042 3.3563 3.4104 3.4717 3.5399 3.6163 
355.5 1.0415 1.0131 0.94712 0.91939 0.90617 0.89695 0.88958 0.88386 0.8792 0.87498 0.8712 0.86904 0.869 0.87037 0.87277 0.8762 0.88054 0.88585 0.89222 0.89936 0.90671 0.91391 0.92076 0.92699 0.93269 0.93836 0.94401 0.94939 0.95455 0.95951 0.96458 0.96999 0.97566 0.9817 0.98827 0.99498 1.0027 1.01 1.0192 1.0293 1.0405 1.0524 1.0653 1.079 1.0934 1.1086 1.1246 1.1413 1.1586 1.1767 1.1955 1.2151 1.2354 1.2566 1.2784 1.301 1.3244 1.3486 1.3737 1.3996 1.4264 1.454 1.4825 1.5121 1.5425 1.5739 1.6062 1.6397 1.6743 1.71 1.7471 1.7856 1.8255 1.8671 1.9102 1.9552 2.002 2.0507 2.1014 2.1543 2.2095 2.2676 2.3283 2.3924 2.4596 2.5308 2.6067 2.6886 2.7765 2.8714 2.9616 3.0542 3.1471 3.2353 3.3042 3.3564 3.4106 3.472 3.5403 3.6168 
356 1.0417 1.0133 0.94725 0.91952 0.90631 0.89708 0.88971 0.88398 0.87931 0.87509 0.87132 0.86915 0.8691 0.87048 0.87288 0.8763 0.88065 0.88595 0.89233 0.89947 0.90682 0.91401 0.92086 0.92709 0.93279 0.93845 0.94409 0.94947 0.95464 0.9596 0.96467 0.97008 0.97575 0.98179 0.98836 0.99508 1.0028 1.0101 1.0193 1.0293 1.0405 1.0525 1.0654 1.0791 1.0935 1.1088 1.1247 1.1414 1.1588 1.1768 1.1956 1.2152 1.2356 1.2567 1.2785 1.3011 1.3245 1.3487 1.3739 1.3997 1.4265 1.4541 1.4826 1.5122 1.5426 1.574 1.6063 1.6398 1.6744 1.7101 1.7472 1.7856 1.8256 1.8671 1.9103 1.9553 2.0021 2.0507 2.1014 2.1543 2.2095 2.2676 2.3283 2.3924 2.4596 2.5308 2.6066 2.6885 2.7764 2.8714 2.9615 3.0541 3.147 3.2352 3.3042 3.3565 3.4108 3.4724 3.5408 3.6174 
356.5 1.0419 1.0135 0.94739 0.91966 0.90644 0.89721 0.88983 0.8841 0.87943 0.8752 0.87142 0.86925 0.86922 0.87058 0.87298 0.8764 0.88075 0.88605 0.89243 0.89956 0.90692 0.91411 0.92096 0.92719 0.93288 0.93855 0.94418 0.94956 0.95472 0.95968 0.96475 0.97016 0.97584 0.98187 0.98844 0.99516 1.0028 1.0102 1.0194 1.0294 1.0406 1.0526 1.0655 1.0792 1.0936 1.1089 1.1248 1.1415 1.1589 1.1769 1.1957 1.2154 1.2357 1.2568 1.2786 1.3012 1.3246 1.3488 1.374 1.3998 1.4266 1.4542 1.4827 1.5123 1.5427 1.5741 1.6064 1.6399 1.6745 1.7102 1.7473 1.7857 1.8256 1.8672 1.9104 1.9553 2.0021 2.0508 2.1014 2.1543 2.2095 2.2676 2.3283 2.3924 2.4596 2.5307 2.6066 2.6885 2.7764 2.8713 2.9614 3.0541 3.1469 3.235 3.3039 3.3561 3.4104 3.4719 3.5403 3.6168 
357 1.0421 1.0136 0.94753 0.9198 0.90658 0.89734 0.88995 0.88422 0.87954 0.87531 0.87153 0.86935 0.86933 0.87069 0.87309 0.8765 0.88085 0.88615 0.89253 0.89966 0.90702 0.9142 0.92105 0.92729 0.93297 0.93864 0.94427 0.94965 0.95481 0.95976 0.96483 0.97025 0.97592 0.98196 0.98852 0.99523 1.0029 1.0103 1.0195 1.0295 1.0407 1.0527 1.0656 1.0793 1.0937 1.109 1.1249 1.1416 1.159 1.177 1.1959 1.2155 1.2358 1.2569 1.2787 1.3013 1.3247 1.3489 1.3741 1.3999 1.4267 1.4543 1.4829 1.5124 1.5428 1.5742 1.6065 1.64 1.6746 1.7103 1.7474 1.7858 1.8257 1.8673 1.9104 1.9554 2.0022 2.0508 2.1015 2.1544 2.2096 2.2676 2.3284 2.3924 2.4596 2.5307 2.6066 2.6885 2.7763 2.8713 2.9614 3.054 3.1468 3.2348 3.3036 3.3556 3.4098 3.4713 3.5396 3.6161 
357.5 1.0423 1.0138 0.94767 0.91993 0.90671 0.89746 0.89007 0.88433 0.87965 0.87541 0.87164 0.86946 0.86944 0.87079 0.87319 0.8766 0.88095 0.88625 0.89263 0.89975 0.90712 0.9143 0.92115 0.9274 0.93307 0.93873 0.94436 0.94974 0.95489 0.95985 0.96491 0.97033 0.97601 0.98204 0.9886 0.99531 1.003 1.0104 1.0196 1.0296 1.0408 1.0528 1.0657 1.0794 1.0938 1.1091 1.125 1.1417 1.1591 1.1772 1.196 1.2156 1.2359 1.2571 1.2789 1.3015 1.3249 1.349 1.3742 1.4001 1.4268 1.4544 1.483 1.5125 1.5429 1.5743 1.6066 1.6401 1.6747 1.7104 1.7475 1.7859 1.8258 1.8673 1.9105 1.9554 2.0022 2.0509 2.1015 2.1544 2.2096 2.2676 2.3284 2.3924 2.4596 2.5307 2.6065 2.6884 2.7763 2.8712 2.9614 3.0539 3.1467 3.2346 3.3033 3.3552 3.4093 3.4707 3.539 3.6153 
358 1.0424 1.014 0.94781 0.92007 0.90684 0.89759 0.8902 0.88445 0.87976 0.87552 0.87175 0.86956 0.86955 0.87089 0.8733 0.8767 0.88104 0.88635 0.89273 0.89985 0.90722 0.91439 0.92125 0.9275 0.93316 0.93882 0.94445 0.94983 0.95498 0.95993 0.965 0.97042 0.97609 0.98213 0.98868 0.99539 1.0031 1.0104 1.0197 1.0297 1.0409 1.0529 1.0658 1.0795 1.0939 1.1092 1.1251 1.1418 1.1592 1.1773 1.1961 1.2157 1.2361 1.2572 1.279 1.3016 1.325 1.3491 1.3743 1.4002 1.4269 1.4546 1.4831 1.5126 1.543 1.5744 1.6067 1.6401 1.6748 1.7105 1.7475 1.7859 1.8258 1.8674 1.9106 1.9555 2.0022 2.051 2.1015 2.1545 2.2096 2.2676 2.3284 2.3924 2.4595 2.5307 2.6065 2.6884 2.7762 2.8712 2.9613 3.0539 3.1466 3.2344 3.303 3.3548 3.4088 3.4701 3.5384 3.6147 
358.5 1.0426 1.0142 0.94797 0.9202 0.90697 0.89771 0.89031 0.88456 0.87987 0.87562 0.87185 0.86968 0.86967 0.871 0.8734 0.87679 0.88113 0.88644 0.89283 0.89995 0.90731 0.9145 0.92135 0.92759 0.93325 0.9389 0.94454 0.94992 0.95507 0.96001 0.96508 0.9705 0.97617 0.98221 0.98876 0.99548 1.0032 1.0105 1.0198 1.0298 1.041 1.053 1.0659 1.0796 1.094 1.1093 1.1252 1.1419 1.1593 1.1774 1.1962 1.2158 1.2362 1.2573 1.2791 1.3017 1.3251 1.3493 1.3744 1.4003 1.427 1.4547 1.4832 1.5127 1.5431 1.5745 1.6068 1.6402 1.6748 1.7106 1.7476 1.786 1.8259 1.8675 1.9106 1.9556 2.0023 2.051 2.1016 2.1545 2.2096 2.2676 2.3284 2.3924 2.4595 2.5306 2.6064 2.6883 2.7761 2.8711 2.9612 3.0538 3.1465 3.2344 3.3031 3.3549 3.4089 3.4702 3.5384 3.6146 
359 1.0428 1.0143 0.94813 0.92034 0.90709 0.89783 0.89043 0.88468 0.87998 0.87573 0.87195 0.86979 0.86978 0.87112 0.87349 0.87688 0.88121 0.88653 0.89293 0.90006 0.90741 0.9146 0.92145 0.92769 0.93333 0.93898 0.94462 0.95001 0.95515 0.96009 0.96516 0.97058 0.97625 0.98229 0.98885 0.99557 1.0033 1.0106 1.0199 1.0299 1.0411 1.0531 1.066 1.0797 1.0941 1.1094 1.1254 1.142 1.1594 1.1775 1.1963 1.2159 1.2363 1.2574 1.2792 1.3018 1.3252 1.3494 1.3745 1.4004 1.4272 1.4548 1.4833 1.5128 1.5432 1.5746 1.6069 1.6403 1.6749 1.7106 1.7477 1.7861 1.826 1.8675 1.9107 1.9556 2.0023 2.0511 2.1016 2.1545 2.2096 2.2676 2.3284 2.3924 2.4595 2.5306 2.6064 2.6883 2.7761 2.871 2.9611 3.0537 3.1465 3.2345 3.3031 3.355 3.4089 3.4702 3.5384 3.6146 
359.5 1.0429 1.0145 0.94829 0.92047 0.90721 0.89795 0.89055 0.88479 0.88009 0.87583 0.87206 0.86991 0.86989 0.87123 0.87359 0.87697 0.88129 0.88662 0.89303 0.90016 0.9075 0.91471 0.92155 0.92778 0.93342 0.93906 0.94471 0.95009 0.95524 0.96017 0.96525 0.97066 0.97632 0.98238 0.98893 0.99565 1.0033 1.0107 1.02 1.03 1.0412 1.0532 1.0661 1.0798 1.0942 1.1095 1.1255 1.1421 1.1596 1.1776 1.1964 1.2161 1.2364 1.2575 1.2793 1.3019 1.3253 1.3495 1.3747 1.4005 1.4273 1.4549 1.4834 1.5129 1.5433 1.5747 1.607 1.6404 1.675 1.7107 1.7478 1.7861 1.826 1.8676 1.9107 1.9557 2.0024 2.0511 2.1017 2.1546 2.2097 2.2677 2.3284 2.3924 2.4595 2.5306 2.6064 2.6882 2.776 2.8709 2.961 3.0536 3.1464 3.2345 3.3032 3.3551 3.409 3.4702 3.5383 3.6146 
360 1.0431 1.0147 0.94845 0.9206 0.90733 0.89808 0.89067 0.8849 0.8802 0.87594 0.87216 0.87002 0.87 0.87134 0.87369 0.87706 0.88138 0.88672 0.89314 0.90027 0.9076 0.91481 0.92165 0.92787 0.93351 0.93914 0.9448 0.95018 0.95532 0.96025 0.96533 0.97074 0.97641 0.98246 0.98902 0.99574 1.0034 1.0108 1.0201 1.0301 1.0413 1.0533 1.0662 1.0799 1.0943 1.1096 1.1256 1.1423 1.1597 1.1777 1.1965 1.2162 1.2365 1.2577 1.2795 1.302 1.3255 1.3496 1.3748 1.4006 1.4274 1.455 1.4835 1.513 1.5434 1.5748 1.6071 1.6405 1.6751 1.7108 1.7479 1.7862 1.8261 1.8677 1.9108 1.9557 2.0024 2.0511 2.1017 2.1546 2.2097 2.2677 2.3284 2.3923 2.4595 2.5306 2.6063 2.6881 2.7759 2.8708 2.9609 3.0535 3.1463 3.2344 3.3031 3.3551 3.409 3.4703 3.5384 3.6147 
360.5 1.0433 1.0149 0.9486 0.92073 0.90745 0.8982 0.89079 0.88502 0.88032 0.87606 0.87227 0.87011 0.8701 0.87144 0.87377 0.87712 0.88147 0.88684 0.89326 0.90038 0.9077 0.91491 0.92175 0.92794 0.93359 0.93924 0.94489 0.95027 0.95541 0.96034 0.96542 0.97083 0.9765 0.98255 0.98911 0.99582 1.0035 1.0109 1.0201 1.0302 1.0414 1.0534 1.0663 1.08 1.0945 1.1097 1.1257 1.1424 1.1598 1.1778 1.1967 1.2163 1.2366 1.2578 1.2796 1.3022 1.3256 1.3497 1.3749 1.4007 1.4275 1.4551 1.4836 1.5131 1.5435 1.5749 1.6072 1.6406 1.6752 1.7109 1.748 1.7863 1.8262 1.8677 1.9109 1.9558 2.0025 2.0512 2.1017 2.1546 2.2097 2.2677 2.3284 2.3923 2.4595 2.5305 2.6063 2.6881 2.7759 2.8707 2.9608 3.0533 3.146 3.234 3.3028 3.3548 3.4089 3.4703 3.5387 3.6152 
361 1.0435 1.015 0.94874 0.92086 0.90758 0.89832 0.8909 0.88513 0.88044 0.87617 0.87238 0.87021 0.8702 0.87154 0.87386 0.87719 0.88156 0.88696 0.89337 0.90048 0.90781 0.91502 0.92184 0.92802 0.93367 0.93933 0.94498 0.95035 0.9555 0.96043 0.96551 0.97091 0.97659 0.98264 0.9892 0.9959 1.0036 1.011 1.0202 1.0303 1.0415 1.0535 1.0664 1.0801 1.0946 1.1098 1.1258 1.1425 1.1599 1.1779 1.1968 1.2164 1.2367 1.2579 1.2797 1.3023 1.3257 1.3498 1.375 1.4008 1.4276 1.4552 1.4837 1.5132 1.5436 1.575 1.6073 1.6407 1.6753 1.711 1.748 1.7864 1.8263 1.8678 1.9109 1.9558 2.0025 2.0512 2.1017 2.1546 2.2097 2.2677 2.3284 2.3923 2.4594 2.5305 2.6062 2.688 2.7758 2.8706 2.9607 3.0531 3.1458 3.2337 3.3024 3.3545 3.4088 3.4704 3.539 3.6156 
361.5 1.0437 1.0152 0.94888 0.92099 0.9077 0.89844 0.89102 0.88525 0.88055 0.87629 0.87249 0.8703 0.8703 0.87165 0.87395 0.87726 0.88165 0.88707 0.89349 0.90059 0.90791 0.91512 0.92194 0.9281 0.93375 0.93942 0.94507 0.95044 0.95558 0.96052 0.96559 0.97099 0.97668 0.98273 0.98929 0.99599 1.0037 1.0111 1.0203 1.0304 1.0416 1.0536 1.0665 1.0802 1.0947 1.1099 1.1259 1.1426 1.16 1.178 1.1969 1.2165 1.2369 1.258 1.2798 1.3024 1.3258 1.35 1.3751 1.4009 1.4277 1.4553 1.4838 1.5133 1.5437 1.5751 1.6074 1.6408 1.6754 1.7111 1.7481 1.7865 1.8263 1.8678 1.911 1.9558 2.0026 2.0512 2.1018 2.1546 2.2097 2.2677 2.3284 2.3923 2.4594 2.5305 2.6062 2.688 2.7757 2.8706 2.9605 3.0529 3.1455 3.2334 3.3021 3.3543 3.4087 3.4705 3.5393 3.6161 
362 1.0438 1.0154 0.94903 0.92112 0.90782 0.89856 0.89114 0.88536 0.88066 0.87639 0.87258 0.87039 0.8704 0.87175 0.87404 0.87733 0.88173 0.88718 0.8936 0.9007 0.90801 0.91521 0.92204 0.9282 0.93385 0.93952 0.94516 0.95053 0.95567 0.96061 0.96568 0.97108 0.97677 0.98282 0.98937 0.99607 1.0038 1.0112 1.0204 1.0305 1.0417 1.0537 1.0666 1.0803 1.0948 1.11 1.126 1.1427 1.1601 1.1782 1.197 1.2166 1.237 1.2581 1.2799 1.3025 1.3259 1.3501 1.3752 1.4011 1.4278 1.4554 1.4839 1.5134 1.5438 1.5752 1.6075 1.6409 1.6755 1.7111 1.7482 1.7865 1.8264 1.8679 1.911 1.9559 2.0026 2.0512 2.1018 2.1547 2.2097 2.2677 2.3284 2.3923 2.4594 2.5304 2.6062 2.688 2.7757 2.8705 2.9605 3.0528 3.1454 3.2331 3.3018 3.354 3.4084 3.4702 3.5391 3.616 
362.5 1.044 1.0155 0.94917 0.92125 0.90795 0.89868 0.89125 0.88547 0.88075 0.8765 0.87267 0.87048 0.87049 0.87185 0.87412 0.87741 0.88182 0.88728 0.89371 0.90079 0.9081 0.9153 0.92214 0.9283 0.93395 0.93962 0.94525 0.95062 0.95577 0.9607 0.96577 0.97117 0.97686 0.98291 0.98945 0.99615 1.0038 1.0112 1.0205 1.0306 1.0418 1.0538 1.0667 1.0804 1.0949 1.1101 1.1261 1.1428 1.1602 1.1783 1.1971 1.2168 1.2371 1.2582 1.28 1.3026 1.326 1.3502 1.3753 1.4012 1.4279 1.4555 1.484 1.5135 1.5439 1.5753 1.6076 1.641 1.6756 1.7112 1.7483 1.7866 1.8265 1.868 1.9111 1.9559 2.0027 2.0513 2.1018 2.1547 2.2098 2.2677 2.3284 2.3923 2.4594 2.5304 2.6061 2.6879 2.7756 2.8704 2.9604 3.0528 3.1453 3.233 3.3016 3.3537 3.408 3.4697 3.5385 3.6154 
363 1.0441 1.0157 0.94932 0.92138 0.90807 0.8988 0.89137 0.88558 0.88085 0.8766 0.87275 0.87058 0.87059 0.87196 0.87421 0.87749 0.8819 0.88737 0.89381 0.90089 0.90819 0.91539 0.92223 0.92841 0.93405 0.93972 0.94535 0.95071 0.95586 0.96079 0.96586 0.97126 0.97695 0.98299 0.98953 0.99624 1.0039 1.0113 1.0206 1.0307 1.0419 1.0539 1.0668 1.0806 1.095 1.1103 1.1262 1.1429 1.1603 1.1784 1.1972 1.2169 1.2372 1.2583 1.2801 1.3027 1.3261 1.3503 1.3754 1.4013 1.428 1.4556 1.4841 1.5136 1.544 1.5753 1.6077 1.6411 1.6756 1.7113 1.7483 1.7867 1.8265 1.868 1.9111 1.956 2.0027 2.0513 2.1019 2.1548 2.2098 2.2677 2.3284 2.3923 2.4594 2.5304 2.606 2.6878 2.7756 2.8704 2.9604 3.0528 3.1452 3.2329 3.3014 3.3533 3.4076 3.4691 3.5379 3.6148 
363.5 1.0443 1.0158 0.94946 0.92151 0.9082 0.89892 0.89149 0.88569 0.88095 0.8767 0.87283 0.87067 0.87068 0.87206 0.8743 0.87757 0.88198 0.88747 0.89391 0.90099 0.90828 0.91549 0.92233 0.92851 0.93416 0.93981 0.94544 0.9508 0.95595 0.96089 0.96595 0.97136 0.97704 0.98308 0.98961 0.99632 1.004 1.0114 1.0207 1.0308 1.042 1.054 1.0669 1.0807 1.0951 1.1104 1.1264 1.143 1.1604 1.1785 1.1973 1.217 1.2373 1.2584 1.2802 1.3028 1.3262 1.3504 1.3755 1.4014 1.4281 1.4558 1.4842 1.5138 1.5441 1.5754 1.6078 1.6411 1.6757 1.7114 1.7484 1.7867 1.8266 1.8681 1.9112 1.956 2.0027 2.0514 2.1019 2.1548 2.2098 2.2677 2.3284 2.3923 2.4593 2.5303 2.606 2.6878 2.7755 2.8703 2.9603 3.0527 3.1452 3.2328 3.3012 3.353 3.4071 3.4686 3.5373 3.6143 
364 1.0445 1.016 0.94961 0.92164 0.90832 0.89904 0.89159 0.88579 0.88105 0.87679 0.87292 0.87076 0.87078 0.87216 0.87439 0.87765 0.88207 0.88757 0.89401 0.90108 0.90838 0.91558 0.92242 0.92861 0.93425 0.93991 0.94554 0.95089 0.95604 0.96098 0.96604 0.97144 0.97712 0.98316 0.98969 0.9964 1.0041 1.0115 1.0208 1.0308 1.0421 1.0541 1.067 1.0808 1.0952 1.1105 1.1265 1.1431 1.1605 1.1786 1.1974 1.2171 1.2374 1.2586 1.2804 1.303 1.3263 1.3505 1.3757 1.4015 1.4282 1.4559 1.4843 1.5139 1.5442 1.5755 1.6079 1.6412 1.6758 1.7115 1.7485 1.7868 1.8267 1.8682 1.9112 1.9561 2.0028 2.0514 2.1019 2.1548 2.2098 2.2677 2.3284 2.3923 2.4593 2.5303 2.606 2.6877 2.7755 2.8703 2.9603 3.0527 3.1453 3.233 3.3015 3.3533 3.4074 3.4687 3.5373 3.6142 
364.5 1.0446 1.0162 0.94975 0.92177 0.90843 0.89915 0.8917 0.88589 0.88115 0.87688 0.87302 0.87085 0.87088 0.87226 0.87447 0.87773 0.88217 0.88768 0.89412 0.90118 0.90848 0.91567 0.92251 0.9287 0.93435 0.94001 0.94563 0.95098 0.95612 0.96107 0.96612 0.97152 0.9772 0.98324 0.98978 0.99648 1.0042 1.0116 1.0209 1.0309 1.0422 1.0542 1.0671 1.0809 1.0953 1.1106 1.1266 1.1432 1.1607 1.1787 1.1975 1.2172 1.2375 1.2587 1.2805 1.3031 1.3265 1.3506 1.3758 1.4016 1.4283 1.456 1.4844 1.5139 1.5443 1.5756 1.608 1.6413 1.6759 1.7115 1.7486 1.7869 1.8267 1.8682 1.9113 1.9561 2.0028 2.0514 2.1019 2.1548 2.2098 2.2677 2.3284 2.3922 2.4593 2.5303 2.606 2.6877 2.7754 2.8702 2.9603 3.0527 3.1454 3.2332 3.3018 3.3537 3.4078 3.469 3.5375 3.6143 
365 1.0448 1.0163 0.9499 0.9219 0.90855 0.89926 0.89181 0.88599 0.88125 0.87697 0.87312 0.87094 0.87098 0.87235 0.87456 0.87781 0.88227 0.88778 0.89422 0.90128 0.90858 0.91577 0.9226 0.92879 0.93444 0.9401 0.94573 0.95107 0.95621 0.96116 0.96621 0.97161 0.97728 0.98331 0.98986 0.99656 1.0042 1.0116 1.0209 1.031 1.0423 1.0543 1.0672 1.081 1.0954 1.1107 1.1267 1.1433 1.1608 1.1788 1.1977 1.2173 1.2376 1.2588 1.2806 1.3032 1.3266 1.3507 1.3759 1.4017 1.4285 1.4561 1.4845 1.514 1.5444 1.5757 1.6081 1.6414 1.676 1.7116 1.7487 1.787 1.8268 1.8683 1.9113 1.9562 2.0028 2.0515 2.102 2.1548 2.2098 2.2677 2.3283 2.3922 2.4593 2.5303 2.6059 2.6877 2.7754 2.8702 2.9602 3.0527 3.1455 3.2335 3.3022 3.3541 3.4082 3.4694 3.5377 3.6143 
365.5 1.0449 1.0165 0.95004 0.92202 0.90867 0.89938 0.89192 0.8861 0.88135 0.87706 0.87322 0.87103 0.87108 0.87245 0.87465 0.87789 0.88237 0.88789 0.89432 0.90138 0.90869 0.91586 0.92268 0.92888 0.93454 0.9402 0.94582 0.95116 0.9563 0.96125 0.9663 0.97169 0.97736 0.98339 0.98995 0.99664 1.0043 1.0117 1.021 1.0311 1.0423 1.0544 1.0673 1.0811 1.0955 1.1108 1.1267 1.1434 1.1609 1.1789 1.1978 1.2174 1.2378 1.2589 1.2807 1.3033 1.3267 1.3508 1.376 1.4018 1.4286 1.4562 1.4846 1.5141 1.5445 1.5758 1.6082 1.6415 1.6761 1.7117 1.7487 1.787 1.8269 1.8683 1.9114 1.9562 2.0029 2.0515 2.102 2.1548 2.2098 2.2677 2.3283 2.3922 2.4593 2.5303 2.6059 2.6877 2.7754 2.8702 2.9602 3.0527 3.1456 3.2337 3.3025 3.3545 3.4086 3.4697 3.5379 3.6144 
366 1.0451 1.0166 0.95015 0.92214 0.90879 0.89949 0.89202 0.8862 0.88145 0.87716 0.87332 0.87114 0.87119 0.87255 0.87475 0.87799 0.88246 0.88799 0.89442 0.90148 0.90878 0.91596 0.92278 0.92897 0.93463 0.94029 0.94591 0.95125 0.95638 0.96133 0.96638 0.97177 0.97744 0.98347 0.99002 0.99672 1.0044 1.0118 1.0211 1.0312 1.0424 1.0545 1.0674 1.0812 1.0956 1.1109 1.1269 1.1436 1.161 1.179 1.1979 1.2175 1.2379 1.259 1.2808 1.3034 1.3268 1.351 1.3761 1.4019 1.4287 1.4563 1.4847 1.5142 1.5446 1.5759 1.6082 1.6416 1.6761 1.7118 1.7488 1.7871 1.8269 1.8684 1.9115 1.9563 2.0029 2.0515 2.102 2.1548 2.2098 2.2677 2.3283 2.3922 2.4593 2.5303 2.6059 2.6876 2.7753 2.8701 2.9601 3.0527 3.1455 3.2335 3.3023 3.3544 3.4084 3.4696 3.5379 3.6144 
366.5 1.0453 1.0168 0.95027 0.92226 0.90891 0.8996 0.89212 0.8863 0.88155 0.87726 0.87342 0.87124 0.87129 0.87265 0.87484 0.87809 0.88256 0.88809 0.89453 0.90159 0.90888 0.91606 0.92287 0.92905 0.93472 0.94038 0.946 0.95134 0.95646 0.96141 0.96646 0.97185 0.97752 0.98355 0.9901 0.99679 1.0045 1.0119 1.0212 1.0313 1.0425 1.0546 1.0675 1.0812 1.0957 1.111 1.127 1.1437 1.1611 1.1791 1.198 1.2176 1.238 1.2591 1.2809 1.3035 1.3269 1.3511 1.3762 1.402 1.4288 1.4564 1.4848 1.5143 1.5447 1.576 1.6083 1.6417 1.6762 1.7119 1.7489 1.7872 1.827 1.8685 1.9115 1.9563 2.003 2.0516 2.102 2.1549 2.2099 2.2678 2.3284 2.3922 2.4593 2.5303 2.6059 2.6876 2.7753 2.8701 2.9601 3.0526 3.1453 3.2334 3.3021 3.3542 3.4083 3.4695 3.5379 3.6145 
367 1.0454 1.0169 0.95038 0.92238 0.90903 0.89971 0.89223 0.8864 0.88166 0.87736 0.87353 0.87134 0.87139 0.87275 0.87494 0.8782 0.88265 0.88819 0.89463 0.90169 0.90898 0.91616 0.92296 0.92914 0.9348 0.94047 0.94609 0.95142 0.95654 0.96149 0.96654 0.97194 0.97761 0.98362 0.99017 0.99687 1.0046 1.012 1.0213 1.0314 1.0426 1.0547 1.0676 1.0813 1.0958 1.1111 1.1271 1.1438 1.1612 1.1793 1.1981 1.2177 1.2381 1.2592 1.281 1.3036 1.327 1.3512 1.3763 1.4021 1.4289 1.4565 1.4849 1.5144 1.5448 1.5761 1.6084 1.6418 1.6763 1.7119 1.7489 1.7872 1.827 1.8685 1.9116 1.9564 2.003 2.0516 2.1021 2.1549 2.2099 2.2678 2.3284 2.3922 2.4593 2.5303 2.6059 2.6876 2.7753 2.87 2.96 3.0525 3.1452 3.2332 3.3019 3.354 3.4081 3.4695 3.5379 3.6145 
367.5 1.0456 1.0171 0.9505 0.9225 0.90915 0.89982 0.89233 0.88651 0.88176 0.87746 0.87363 0.87145 0.87149 0.87284 0.87504 0.8783 0.88275 0.88829 0.89473 0.90179 0.90908 0.91625 0.92306 0.92923 0.93489 0.94055 0.94618 0.95151 0.95663 0.96157 0.96662 0.97202 0.97769 0.9837 0.99024 0.99695 1.0046 1.012 1.0214 1.0315 1.0427 1.0548 1.0677 1.0814 1.0959 1.1112 1.1272 1.1439 1.1613 1.1794 1.1982 1.2179 1.2382 1.2593 1.2811 1.3037 1.3271 1.3513 1.3764 1.4022 1.429 1.4566 1.485 1.5145 1.5449 1.5762 1.6085 1.6418 1.6764 1.712 1.749 1.7873 1.8271 1.8686 1.9116 1.9565 2.003 2.0516 2.1021 2.1549 2.2099 2.2678 2.3284 2.3922 2.4593 2.5303 2.6059 2.6876 2.7752 2.87 2.9599 3.0524 3.1451 3.233 3.3017 3.3538 3.408 3.4695 3.538 3.6146 
368 1.0458 1.0172 0.95064 0.92262 0.90926 0.89993 0.89244 0.88661 0.88187 0.87756 0.87372 0.87154 0.87159 0.87294 0.87514 0.87839 0.88283 0.88837 0.89482 0.90188 0.90916 0.91635 0.92315 0.92932 0.93498 0.94064 0.94626 0.9516 0.95672 0.96165 0.96671 0.9721 0.97777 0.98379 0.99032 0.99702 1.0047 1.0121 1.0214 1.0315 1.0428 1.0549 1.0678 1.0815 1.096 1.1113 1.1273 1.144 1.1614 1.1795 1.1983 1.218 1.2383 1.2594 1.2812 1.3038 1.3272 1.3514 1.3765 1.4023 1.4291 1.4567 1.4851 1.5146 1.5449 1.5763 1.6086 1.6419 1.6765 1.7121 1.7491 1.7874 1.8272 1.8686 1.9116 1.9565 2.0031 2.0517 2.1021 2.1549 2.21 2.2678 2.3284 2.3922 2.4593 2.5302 2.6059 2.6875 2.7752 2.8699 2.9598 3.0522 3.1449 3.2327 3.3014 3.3536 3.4079 3.4696 3.5382 3.615 
368.5 1.046 1.0174 0.95078 0.92275 0.90938 0.90004 0.89255 0.88672 0.88197 0.87766 0.87381 0.87164 0.87169 0.87303 0.87524 0.87849 0.88292 0.88844 0.89491 0.90196 0.90925 0.91644 0.92325 0.92942 0.93507 0.94072 0.94635 0.95169 0.95681 0.96174 0.96679 0.97219 0.97785 0.98387 0.9904 0.99709 1.0048 1.0122 1.0215 1.0316 1.0429 1.055 1.0679 1.0816 1.0961 1.1114 1.1274 1.1441 1.1615 1.1796 1.1984 1.2181 1.2384 1.2595 1.2813 1.3039 1.3273 1.3515 1.3766 1.4024 1.4292 1.4568 1.4852 1.5147 1.545 1.5764 1.6087 1.642 1.6766 1.7122 1.7492 1.7875 1.8272 1.8687 1.9117 1.9565 2.0031 2.0517 2.1022 2.155 2.21 2.2679 2.3284 2.3922 2.4592 2.5302 2.6058 2.6875 2.7751 2.8698 2.9597 3.0521 3.1446 3.2325 3.3012 3.3534 3.4079 3.4696 3.5384 3.6154 
369 1.0462 1.0176 0.95092 0.92287 0.9095 0.90015 0.89266 0.88683 0.88208 0.87776 0.8739 0.87174 0.87179 0.87312 0.87534 0.87859 0.88301 0.88852 0.895 0.90205 0.90934 0.91654 0.92334 0.92952 0.93516 0.94081 0.94644 0.95178 0.9569 0.96183 0.96688 0.97227 0.97793 0.98396 0.99048 0.99716 1.0048 1.0123 1.0216 1.0317 1.043 1.0551 1.068 1.0817 1.0962 1.1115 1.1275 1.1442 1.1616 1.1797 1.1985 1.2182 1.2385 1.2596 1.2815 1.304 1.3274 1.3516 1.3767 1.4026 1.4293 1.4569 1.4853 1.5148 1.5451 1.5765 1.6088 1.6421 1.6766 1.7123 1.7493 1.7875 1.8273 1.8687 1.9117 1.9565 2.0031 2.0518 2.1023 2.155 2.21 2.2679 2.3284 2.3922 2.4592 2.5302 2.6058 2.6875 2.7751 2.8698 2.9596 3.0519 3.1444 3.2322 3.3009 3.3532 3.4078 3.4697 3.5387 3.6158 
369.5 1.0463 1.0178 0.95106 0.92299 0.90961 0.90026 0.89277 0.88693 0.88218 0.87786 0.874 0.87184 0.87188 0.87322 0.87544 0.87868 0.8831 0.88861 0.89509 0.90214 0.90944 0.91663 0.92343 0.92961 0.93525 0.9409 0.94653 0.95188 0.95699 0.96191 0.96696 0.97235 0.97801 0.98404 0.99055 0.99723 1.0049 1.0123 1.0217 1.0318 1.0431 1.0551 1.0681 1.0818 1.0963 1.1116 1.1276 1.1443 1.1618 1.1798 1.1986 1.2183 1.2386 1.2597 1.2816 1.3041 1.3275 1.3517 1.3768 1.4027 1.4294 1.457 1.4854 1.5149 1.5452 1.5765 1.6089 1.6422 1.6767 1.7123 1.7493 1.7876 1.8274 1.8688 1.9117 1.9566 2.0032 2.0518 2.1023 2.1551 2.2101 2.2679 2.3284 2.3922 2.4592 2.5302 2.6058 2.6874 2.775 2.8697 2.9596 3.0518 3.1443 3.232 3.3006 3.3529 3.4074 3.4693 3.5383 3.6154 
370 1.0464 1.0179 0.95119 0.9231 0.90972 0.90037 0.89287 0.88703 0.88228 0.87797 0.8741 0.87194 0.87198 0.87332 0.87553 0.87876 0.88318 0.88871 0.89517 0.90224 0.90953 0.91672 0.92353 0.92971 0.93535 0.941 0.94662 0.95197 0.95707 0.96199 0.96704 0.97243 0.97808 0.98411 0.99063 0.9973 1.005 1.0124 1.0218 1.0319 1.0432 1.0552 1.0682 1.0819 1.0964 1.1117 1.1277 1.1444 1.1619 1.1799 1.1987 1.2184 1.2387 1.2599 1.2817 1.3042 1.3276 1.3518 1.3769 1.4028 1.4295 1.4571 1.4855 1.515 1.5453 1.5766 1.609 1.6423 1.6768 1.7124 1.7494 1.7877 1.8274 1.8688 1.9118 1.9566 2.0032 2.0519 2.1024 2.1551 2.2101 2.2679 2.3284 2.3922 2.4592 2.5301 2.6057 2.6874 2.775 2.8697 2.9595 3.0518 3.1442 3.2319 3.3004 3.3524 3.4068 3.4684 3.5371 3.6141 
370.5 1.0465 1.018 0.95132 0.92322 0.90983 0.90048 0.89298 0.88713 0.88238 0.87807 0.87421 0.87204 0.87208 0.87342 0.87563 0.87884 0.88326 0.8888 0.89526 0.90234 0.90963 0.91681 0.92362 0.92981 0.93544 0.9411 0.94672 0.95206 0.95716 0.96208 0.96712 0.97252 0.97816 0.98419 0.9907 0.99737 1.005 1.0125 1.0219 1.032 1.0433 1.0553 1.0682 1.082 1.0965 1.1118 1.1278 1.1445 1.162 1.18 1.1988 1.2185 1.2388 1.26 1.2818 1.3044 1.3277 1.3519 1.377 1.4029 1.4296 1.4572 1.4856 1.5151 1.5454 1.5767 1.609 1.6424 1.6769 1.7125 1.7495 1.7878 1.8275 1.8689 1.9118 1.9567 2.0033 2.0519 2.1024 2.1551 2.2101 2.2679 2.3284 2.3922 2.4592 2.5301 2.6057 2.6873 2.7749 2.8696 2.9595 3.0517 3.1441 3.2317 3.3001 3.352 3.4061 3.4674 3.536 3.6127 
371 1.0466 1.0181 0.95145 0.92334 0.90994 0.90059 0.89309 0.88724 0.88247 0.87817 0.87432 0.87213 0.87217 0.87352 0.87572 0.87892 0.88334 0.8889 0.89534 0.90244 0.90973 0.9169 0.92371 0.9299 0.93554 0.94119 0.94681 0.95215 0.95724 0.96216 0.9672 0.9726 0.97823 0.98426 0.99078 0.99744 1.0051 1.0126 1.0219 1.0321 1.0433 1.0554 1.0683 1.0821 1.0966 1.1119 1.1279 1.1446 1.1621 1.1801 1.1989 1.2186 1.2389 1.2601 1.2819 1.3045 1.3278 1.352 1.3771 1.403 1.4297 1.4573 1.4857 1.5152 1.5455 1.5768 1.6091 1.6424 1.677 1.7126 1.7496 1.7879 1.8276 1.869 1.9119 1.9567 2.0033 2.0519 2.1025 2.1552 2.2102 2.2679 2.3285 2.3922 2.4592 2.5301 2.6056 2.6873 2.7749 2.8695 2.9594 3.0517 3.144 3.2315 3.2998 3.3516 3.4054 3.4665 3.5349 3.6114 
371.5 1.0468 1.0183 0.95158 0.92345 0.91005 0.9007 0.89319 0.88734 0.88257 0.87826 0.87441 0.87222 0.87226 0.87361 0.87581 0.87902 0.88343 0.889 0.89544 0.90253 0.90983 0.91699 0.9238 0.92999 0.93562 0.94128 0.9469 0.95224 0.95734 0.96225 0.96728 0.97268 0.97832 0.98434 0.99085 0.99751 1.0051 1.0126 1.022 1.0321 1.0434 1.0555 1.0684 1.0822 1.0967 1.112 1.128 1.1447 1.1622 1.1802 1.1991 1.2187 1.239 1.2602 1.282 1.3046 1.3279 1.3521 1.3772 1.4031 1.4298 1.4574 1.4858 1.5153 1.5456 1.5769 1.6092 1.6425 1.677 1.7127 1.7496 1.7879 1.8276 1.869 1.9119 1.9568 2.0034 2.052 2.1025 2.1552 2.2102 2.2679 2.3285 2.3922 2.4592 2.5301 2.6056 2.6872 2.7748 2.8695 2.9593 3.0515 3.1439 3.2313 3.2996 3.3513 3.4052 3.4663 3.5347 3.6113 
372 1.047 1.0184 0.9517 0.92357 0.91016 0.90081 0.8933 0.88744 0.88267 0.87834 0.87449 0.87231 0.87235 0.8737 0.8759 0.87911 0.88354 0.88909 0.89554 0.90263 0.90992 0.91708 0.92388 0.93007 0.93571 0.94137 0.94699 0.95232 0.95743 0.96233 0.96737 0.97276 0.9784 0.98441 0.99092 0.99759 1.0052 1.0127 1.0221 1.0322 1.0435 1.0556 1.0685 1.0823 1.0968 1.1121 1.1281 1.1448 1.1623 1.1803 1.1992 1.2188 1.2391 1.2603 1.2821 1.3047 1.328 1.3522 1.3773 1.4032 1.4299 1.4575 1.4859 1.5154 1.5457 1.577 1.6093 1.6426 1.6771 1.7127 1.7497 1.788 1.8277 1.8691 1.912 1.9568 2.0034 2.052 2.1025 2.1552 2.2102 2.268 2.3285 2.3922 2.4592 2.53 2.6056 2.6872 2.7747 2.8694 2.9592 3.0514 3.1437 3.2311 3.2993 3.3511 3.4051 3.4664 3.535 3.6117 
372.5 1.0471 1.0186 0.95183 0.92369 0.91028 0.90092 0.89341 0.88754 0.88277 0.87843 0.87458 0.87239 0.87244 0.87379 0.87598 0.8792 0.88364 0.88919 0.89564 0.90272 0.91002 0.91718 0.92396 0.93015 0.93579 0.94145 0.94708 0.95241 0.95752 0.96242 0.96745 0.97284 0.97849 0.98448 0.99099 0.99766 1.0053 1.0128 1.0222 1.0323 1.0436 1.0557 1.0686 1.0824 1.0969 1.1122 1.1282 1.1449 1.1624 1.1804 1.1993 1.2189 1.2392 1.2604 1.2822 1.3048 1.3282 1.3523 1.3774 1.4033 1.43 1.4576 1.486 1.5155 1.5458 1.5771 1.6094 1.6427 1.6772 1.7128 1.7498 1.788 1.8278 1.8691 1.912 1.9568 2.0035 2.0521 2.1025 2.1553 2.2102 2.268 2.3285 2.3922 2.4592 2.53 2.6055 2.6871 2.7747 2.8693 2.9591 3.0513 3.1435 3.2309 3.2991 3.3509 3.405 3.4665 3.5353 3.6121 
373 1.0473 1.0187 0.95195 0.92381 0.91039 0.90103 0.89351 0.88765 0.88286 0.87851 0.87466 0.87248 0.87253 0.87388 0.87607 0.8793 0.88375 0.88929 0.89574 0.90282 0.91012 0.91727 0.92404 0.93023 0.93588 0.94153 0.94717 0.95249 0.95762 0.96251 0.96753 0.97292 0.97857 0.98456 0.99107 0.99773 1.0054 1.0129 1.0222 1.0324 1.0437 1.0558 1.0687 1.0825 1.097 1.1123 1.1283 1.145 1.1625 1.1805 1.1994 1.219 1.2394 1.2605 1.2823 1.3049 1.3283 1.3524 1.3775 1.4033 1.4301 1.4577 1.4861 1.5156 1.5459 1.5771 1.6094 1.6427 1.6773 1.7129 1.7498 1.7881 1.8278 1.8692 1.9121 1.9569 2.0035 2.0521 2.1025 2.1553 2.2102 2.268 2.3285 2.3922 2.4591 2.53 2.6055 2.6871 2.7746 2.8692 2.959 3.0511 3.1433 3.2306 3.2988 3.3507 3.405 3.4666 3.5356 3.6125 
373.5 1.0474 1.0189 0.95207 0.92393 0.9105 0.90114 0.89361 0.88774 0.88296 0.87861 0.87475 0.87257 0.87261 0.87397 0.87616 0.87939 0.88383 0.88937 0.89583 0.90291 0.9102 0.91736 0.92414 0.93033 0.93598 0.94163 0.94725 0.95258 0.9577 0.96259 0.96761 0.973 0.97865 0.98463 0.99113 0.99779 1.0054 1.0129 1.0223 1.0325 1.0438 1.0559 1.0688 1.0826 1.0971 1.1124 1.1284 1.1451 1.1626 1.1806 1.1995 1.2191 1.2395 1.2606 1.2824 1.305 1.3284 1.3525 1.3776 1.4034 1.4302 1.4577 1.4862 1.5156 1.5459 1.5772 1.6095 1.6428 1.6773 1.7129 1.7499 1.7882 1.8279 1.8692 1.9121 1.9569 2.0035 2.0522 2.1026 2.1553 2.2102 2.268 2.3285 2.3922 2.4591 2.5299 2.6054 2.687 2.7745 2.8691 2.9589 3.0511 3.1433 3.2307 3.299 3.3509 3.4053 3.4669 3.5359 3.6128 
374 1.0476 1.019 0.95219 0.92404 0.91061 0.90124 0.89371 0.88784 0.88305 0.87871 0.87484 0.87266 0.8727 0.87407 0.87625 0.87948 0.88392 0.88946 0.89591 0.90299 0.91029 0.91746 0.92425 0.93043 0.93608 0.94172 0.94734 0.95267 0.95778 0.96267 0.96768 0.97307 0.97872 0.9847 0.9912 0.99785 1.0055 1.013 1.0224 1.0326 1.0439 1.0559 1.0689 1.0827 1.0972 1.1125 1.1285 1.1452 1.1627 1.1808 1.1996 1.2192 1.2396 1.2607 1.2825 1.3051 1.3285 1.3526 1.3777 1.4035 1.4303 1.4578 1.4863 1.5157 1.546 1.5773 1.6096 1.6429 1.6774 1.713 1.75 1.7882 1.8279 1.8693 1.9122 1.957 2.0036 2.0522 2.1026 2.1553 2.2102 2.268 2.3285 2.3922 2.4591 2.5299 2.6054 2.687 2.7745 2.8691 2.9589 3.0511 3.1434 3.2309 3.2992 3.3512 3.4056 3.4672 3.5361 3.6131 
374.5 1.0477 1.0192 0.95231 0.92415 0.91072 0.90135 0.89381 0.88794 0.88315 0.87881 0.87493 0.87275 0.87279 0.87416 0.87635 0.87957 0.884 0.88955 0.896 0.90308 0.91038 0.91756 0.92435 0.93053 0.93618 0.94181 0.94742 0.95276 0.95786 0.96274 0.96775 0.97315 0.9788 0.98477 0.99126 0.99791 1.0055 1.0131 1.0225 1.0326 1.0439 1.056 1.069 1.0828 1.0973 1.1126 1.1286 1.1453 1.1627 1.1809 1.1997 1.2194 1.2397 1.2608 1.2826 1.3052 1.3286 1.3527 1.3778 1.4036 1.4304 1.4579 1.4863 1.5158 1.5461 1.5774 1.6097 1.643 1.6775 1.7131 1.75 1.7883 1.828 1.8693 1.9122 1.957 2.0036 2.0522 2.1026 2.1553 2.2102 2.268 2.3285 2.3922 2.4591 2.5299 2.6054 2.6869 2.7744 2.869 2.9588 3.0511 3.1434 3.231 3.2995 3.3515 3.4059 3.4675 3.5364 3.6134 
375 1.0479 1.0193 0.95244 0.92426 0.91083 0.90145 0.89391 0.88804 0.88325 0.87891 0.87502 0.87284 0.87287 0.87426 0.87644 0.87965 0.88408 0.88963 0.89608 0.90316 0.91046 0.91765 0.92445 0.93063 0.93628 0.9419 0.94751 0.95285 0.95794 0.96282 0.96783 0.97322 0.97887 0.98484 0.99132 0.99798 1.0056 1.0131 1.0225 1.0327 1.044 1.0561 1.0691 1.0829 1.0974 1.1127 1.1287 1.1454 1.1628 1.181 1.1998 1.2195 1.2398 1.2609 1.2827 1.3053 1.3287 1.3528 1.3779 1.4037 1.4305 1.458 1.4864 1.5159 1.5462 1.5775 1.6098 1.6431 1.6775 1.7131 1.7501 1.7883 1.828 1.8694 1.9123 1.9571 2.0036 2.0522 2.1026 2.1554 2.2103 2.268 2.3285 2.3922 2.4591 2.5299 2.6054 2.6869 2.7744 2.869 2.9588 3.051 3.1434 3.2311 3.2996 3.3517 3.4061 3.4676 3.5366 3.6135 
375.5 1.048 1.0195 0.95258 0.92439 0.91094 0.90156 0.89402 0.88814 0.88335 0.879 0.87513 0.87294 0.87297 0.87432 0.87651 0.87973 0.88415 0.88971 0.89616 0.90324 0.91054 0.91772 0.92453 0.93071 0.93636 0.94199 0.9476 0.95292 0.95802 0.9629 0.96791 0.97329 0.97894 0.98491 0.9914 0.99804 1.0056 1.0132 1.0226 1.0328 1.0441 1.0562 1.0692 1.083 1.0975 1.1128 1.1288 1.1455 1.1629 1.1811 1.1999 1.2196 1.2399 1.261 1.2828 1.3054 1.3288 1.3529 1.378 1.4038 1.4305 1.4581 1.4865 1.516 1.5463 1.5776 1.6098 1.6431 1.6776 1.7132 1.7502 1.7884 1.8281 1.8695 1.9123 1.9571 2.0037 2.0523 2.1027 2.1554 2.2103 2.268 2.3285 2.3922 2.4591 2.5299 2.6053 2.6869 2.7743 2.8689 2.9587 3.0509 3.1433 3.2308 3.2993 3.3513 3.4056 3.4672 3.5361 3.6131 
376 1.0482 1.0196 0.95273 0.92451 0.91105 0.90167 0.89413 0.88824 0.88344 0.8791 0.87524 0.87304 0.87307 0.87439 0.87658 0.8798 0.88423 0.8898 0.89624 0.90331 0.91062 0.9178 0.92461 0.93079 0.93644 0.94207 0.94768 0.953 0.95809 0.96298 0.96799 0.97336 0.97901 0.98499 0.99147 0.99811 1.0057 1.0133 1.0227 1.0329 1.0442 1.0563 1.0693 1.0831 1.0976 1.1129 1.1289 1.1456 1.163 1.1812 1.2 1.2197 1.24 1.2611 1.2829 1.3055 1.3289 1.353 1.3781 1.4039 1.4306 1.4582 1.4866 1.5161 1.5464 1.5777 1.6099 1.6432 1.6777 1.7133 1.7502 1.7885 1.8282 1.8695 1.9124 1.9571 2.0037 2.0523 2.1027 2.1554 2.2103 2.2681 2.3285 2.3922 2.4591 2.5299 2.6053 2.6869 2.7743 2.8689 2.9587 3.0508 3.1431 3.2306 3.2989 3.3509 3.4052 3.4667 3.5357 3.6127 
376.5 1.0483 1.0198 0.95288 0.92463 0.91116 0.90178 0.89423 0.88834 0.88354 0.87919 0.87535 0.87313 0.87316 0.87446 0.87665 0.87988 0.8843 0.88988 0.89632 0.90339 0.9107 0.91787 0.92469 0.93086 0.93652 0.94215 0.94777 0.95308 0.95817 0.96306 0.96808 0.97343 0.97908 0.98506 0.99154 0.99818 1.0058 1.0133 1.0228 1.0329 1.0443 1.0564 1.0693 1.0832 1.0977 1.113 1.129 1.1456 1.1631 1.1813 1.2001 1.2198 1.2401 1.2612 1.283 1.3056 1.329 1.3531 1.3782 1.404 1.4307 1.4583 1.4867 1.5162 1.5465 1.5777 1.61 1.6433 1.6777 1.7133 1.7503 1.7885 1.8282 1.8695 1.9124 1.9572 2.0037 2.0523 2.1027 2.1554 2.2103 2.2681 2.3285 2.3922 2.459 2.5298 2.6053 2.6868 2.7743 2.8689 2.9586 3.0507 3.1429 3.2303 3.2985 3.3504 3.4047 3.4662 3.5352 3.6123 
377 1.0485 1.0199 0.95302 0.92475 0.91127 0.90188 0.89434 0.88845 0.88364 0.87929 0.87545 0.87322 0.87325 0.87455 0.87673 0.87996 0.88439 0.88996 0.89641 0.90347 0.91078 0.91796 0.92477 0.93095 0.9366 0.94224 0.94785 0.95315 0.95824 0.96314 0.96815 0.97351 0.97914 0.98513 0.99161 0.99825 1.0058 1.0134 1.0228 1.033 1.0443 1.0565 1.0694 1.0833 1.0978 1.1131 1.1291 1.1457 1.1632 1.1814 1.2003 1.2199 1.2402 1.2613 1.2831 1.3057 1.3291 1.3532 1.3783 1.4041 1.4308 1.4584 1.4868 1.5162 1.5465 1.5778 1.6101 1.6434 1.6778 1.7134 1.7503 1.7886 1.8283 1.8696 1.9125 1.9572 2.0038 2.0524 2.1027 2.1555 2.2103 2.2681 2.3285 2.3922 2.459 2.5298 2.6053 2.6868 2.7743 2.8688 2.9585 3.0506 3.1428 3.2301 3.2982 3.3501 3.4043 3.4659 3.5349 3.612 
377.5 1.0486 1.0201 0.95313 0.92486 0.91137 0.90199 0.89444 0.88854 0.88374 0.87938 0.87553 0.8733 0.87334 0.87465 0.87683 0.88006 0.88448 0.89005 0.8965 0.90356 0.91087 0.91805 0.92487 0.93105 0.9367 0.94233 0.94792 0.95323 0.95832 0.96321 0.96822 0.97358 0.97921 0.98518 0.99167 0.9983 1.0059 1.0135 1.0229 1.0331 1.0444 1.0566 1.0695 1.0834 1.0979 1.1132 1.1292 1.1458 1.1633 1.1815 1.2004 1.22 1.2403 1.2614 1.2832 1.3058 1.3292 1.3533 1.3784 1.4042 1.4309 1.4585 1.4869 1.5163 1.5466 1.5779 1.6102 1.6434 1.6779 1.7135 1.7504 1.7887 1.8283 1.8696 1.9125 1.9572 2.0038 2.0524 2.1028 2.1555 2.2103 2.2681 2.3285 2.3922 2.459 2.5298 2.6052 2.6867 2.7742 2.8687 2.9584 3.0505 3.1426 3.2299 3.298 3.3498 3.4041 3.4656 3.5347 3.6118 
378 1.0487 1.0202 0.95325 0.92497 0.91148 0.90209 0.89454 0.88864 0.88383 0.87947 0.87562 0.87338 0.87342 0.87475 0.87694 0.88015 0.88458 0.89014 0.89659 0.90366 0.91096 0.91814 0.92497 0.93115 0.9368 0.94242 0.948 0.9533 0.9584 0.96329 0.9683 0.97365 0.97928 0.98524 0.99172 0.99835 1.0059 1.0135 1.023 1.0332 1.0445 1.0566 1.0696 1.0835 1.098 1.1133 1.1293 1.1459 1.1634 1.1816 1.2005 1.2201 1.2404 1.2615 1.2833 1.3059 1.3293 1.3534 1.3785 1.4043 1.431 1.4586 1.487 1.5164 1.5467 1.578 1.6102 1.6435 1.678 1.7135 1.7505 1.7887 1.8284 1.8697 1.9126 1.9573 2.0039 2.0524 2.1028 2.1555 2.2103 2.2681 2.3285 2.3922 2.459 2.5298 2.6052 2.6867 2.7741 2.8687 2.9583 3.0504 3.1424 3.2297 3.2977 3.3495 3.4038 3.4654 3.5344 3.6116 
378.5 1.0488 1.0203 0.95337 0.92508 0.91159 0.90219 0.89464 0.88874 0.88393 0.87956 0.8757 0.87346 0.8735 0.87485 0.87704 0.88025 0.88468 0.89023 0.89669 0.90376 0.91105 0.91824 0.92506 0.93125 0.93689 0.94251 0.94807 0.95338 0.95848 0.96336 0.96837 0.97373 0.97935 0.98529 0.99178 0.9984 1.006 1.0136 1.023 1.0332 1.0446 1.0567 1.0697 1.0836 1.0981 1.1134 1.1294 1.146 1.1635 1.1817 1.2006 1.2202 1.2405 1.2616 1.2834 1.306 1.3294 1.3535 1.3786 1.4044 1.4311 1.4587 1.4871 1.5165 1.5468 1.5781 1.6103 1.6436 1.6781 1.7136 1.7506 1.7888 1.8285 1.8697 1.9126 1.9573 2.0039 2.0524 2.1029 2.1555 2.2104 2.2681 2.3285 2.3922 2.459 2.5297 2.6051 2.6866 2.774 2.8686 2.9582 3.0502 3.1423 3.2295 3.2975 3.3493 3.4035 3.4652 3.5342 3.6114 
379 1.049 1.0205 0.95348 0.92519 0.9117 0.9023 0.89474 0.88884 0.88402 0.87965 0.87578 0.87355 0.87358 0.87494 0.87713 0.88034 0.88477 0.89032 0.89677 0.90385 0.91114 0.91832 0.92515 0.93134 0.93698 0.9426 0.94816 0.95346 0.95856 0.96344 0.96844 0.9738 0.97941 0.98535 0.99183 0.99845 1.006 1.0136 1.0231 1.0333 1.0447 1.0568 1.0698 1.0836 1.0982 1.1135 1.1294 1.1461 1.1636 1.1818 1.2007 1.2203 1.2406 1.2617 1.2835 1.3061 1.3295 1.3536 1.3787 1.4045 1.4312 1.4587 1.4871 1.5166 1.5469 1.5781 1.6104 1.6437 1.6781 1.7137 1.7506 1.7888 1.8285 1.8698 1.9127 1.9573 2.0039 2.0525 2.1029 2.1555 2.2104 2.2681 2.3285 2.3922 2.459 2.5297 2.6051 2.6866 2.774 2.8685 2.9581 3.0501 3.1422 3.2294 3.2975 3.3493 3.4036 3.4653 3.5344 3.6116 
379.5 1.0492 1.0206 0.95358 0.9253 0.91182 0.90241 0.89484 0.88893 0.88411 0.87974 0.87586 0.87364 0.87367 0.87501 0.87721 0.88042 0.88486 0.8904 0.89686 0.90394 0.91122 0.91841 0.92523 0.93142 0.93706 0.94268 0.94824 0.95355 0.95864 0.96352 0.96851 0.97386 0.97946 0.98541 0.99188 0.9985 1.0061 1.0137 1.0231 1.0334 1.0447 1.0569 1.0699 1.0837 1.0982 1.1136 1.1295 1.1462 1.1637 1.1818 1.2007 1.2204 1.2407 1.2618 1.2836 1.3062 1.3296 1.3537 1.3788 1.4046 1.4313 1.4588 1.4872 1.5167 1.5469 1.5782 1.6105 1.6437 1.6782 1.7137 1.7507 1.7889 1.8286 1.8698 1.9127 1.9574 2.004 2.0525 2.1029 2.1555 2.2104 2.2681 2.3285 2.3922 2.4589 2.5297 2.6051 2.6865 2.7739 2.8684 2.958 3.0501 3.1421 3.2294 3.2976 3.3495 3.4039 3.4656 3.5348 3.612 
380 1.0494 1.0208 0.95368 0.92541 0.91193 0.90252 0.89494 0.88903 0.88421 0.87983 0.87594 0.87373 0.87375 0.87509 0.8773 0.88051 0.88495 0.89049 0.89694 0.90403 0.91131 0.91849 0.92531 0.9315 0.93714 0.94276 0.94833 0.95364 0.95872 0.96359 0.96858 0.97392 0.97952 0.98546 0.99193 0.99856 1.0061 1.0138 1.0232 1.0334 1.0448 1.057 1.0699 1.0838 1.0983 1.1137 1.1296 1.1463 1.1638 1.1819 1.2008 1.2205 1.2408 1.2619 1.2837 1.3063 1.3297 1.3538 1.3789 1.4047 1.4314 1.4589 1.4873 1.5168 1.547 1.5783 1.6106 1.6438 1.6783 1.7138 1.7507 1.789 1.8286 1.8699 1.9127 1.9574 2.004 2.0525 2.1029 2.1555 2.2104 2.2681 2.3285 2.3921 2.4589 2.5296 2.605 2.6865 2.7738 2.8683 2.9579 3.05 3.1421 3.2294 3.2977 3.3497 3.4042 3.466 3.5352 3.6125 
380.5 1.0496 1.0209 0.95379 0.92553 0.91205 0.90262 0.89504 0.88913 0.8843 0.87992 0.87602 0.87382 0.87383 0.87517 0.87738 0.8806 0.88504 0.89057 0.89702 0.90412 0.91139 0.91858 0.92539 0.93158 0.93722 0.94284 0.94842 0.95373 0.9588 0.96367 0.96865 0.97399 0.97958 0.98552 0.99197 0.99861 1.0062 1.0138 1.0233 1.0335 1.0449 1.057 1.07 1.0839 1.0984 1.1138 1.1297 1.1464 1.1639 1.182 1.2009 1.2206 1.2409 1.262 1.2838 1.3064 1.3298 1.3539 1.379 1.4047 1.4314 1.459 1.4874 1.5169 1.5471 1.5784 1.6106 1.6439 1.6783 1.7139 1.7508 1.789 1.8286 1.8699 1.9128 1.9574 2.004 2.0526 2.1029 2.1556 2.2104 2.2681 2.3285 2.3921 2.4589 2.5296 2.605 2.6864 2.7738 2.8682 2.9579 3.0499 3.1421 3.2295 3.2978 3.3499 3.4045 3.4664 3.5357 3.6129 
381 1.0498 1.0211 0.95392 0.92564 0.91216 0.90273 0.89514 0.88922 0.88439 0.88001 0.87612 0.87392 0.87392 0.87526 0.87747 0.88069 0.88513 0.89067 0.89713 0.90422 0.91149 0.91867 0.92547 0.93166 0.93731 0.94292 0.9485 0.9538 0.95888 0.96374 0.96872 0.97405 0.97964 0.98558 0.99203 0.99865 1.0062 1.0139 1.0233 1.0336 1.045 1.0571 1.0701 1.084 1.0985 1.1138 1.1298 1.1465 1.164 1.1821 1.201 1.2207 1.241 1.2621 1.2839 1.3065 1.3299 1.354 1.379 1.4048 1.4315 1.4591 1.4875 1.5169 1.5472 1.5785 1.6107 1.644 1.6784 1.7139 1.7508 1.7891 1.8287 1.8699 1.9128 1.9575 2.004 2.0526 2.103 2.1556 2.2104 2.2681 2.3285 2.3921 2.4589 2.5296 2.605 2.6864 2.7737 2.8682 2.9578 3.0498 3.142 3.2294 3.2977 3.3497 3.4042 3.4659 3.5351 3.6123 
381.5 1.0499 1.0212 0.95405 0.92576 0.91227 0.90283 0.89524 0.88932 0.88448 0.88011 0.87621 0.87401 0.87402 0.87535 0.87755 0.88078 0.88522 0.89077 0.89724 0.90431 0.91159 0.91876 0.92556 0.93174 0.93739 0.94301 0.94857 0.95387 0.95895 0.96381 0.96879 0.97411 0.9797 0.98564 0.99208 0.9987 1.0062 1.0139 1.0234 1.0337 1.045 1.0572 1.0702 1.0841 1.0986 1.1139 1.1299 1.1466 1.1641 1.1822 1.2011 1.2208 1.2411 1.2622 1.284 1.3066 1.33 1.3541 1.3791 1.4049 1.4316 1.4592 1.4876 1.517 1.5473 1.5785 1.6108 1.644 1.6785 1.714 1.7509 1.7891 1.8287 1.87 1.9128 1.9575 2.0041 2.0526 2.103 2.1556 2.2104 2.2681 2.3285 2.3921 2.4589 2.5296 2.6049 2.6863 2.7737 2.8681 2.9578 3.0498 3.1419 3.2293 3.2975 3.3495 3.4038 3.4654 3.5344 3.6114 
382 1.0501 1.0214 0.95418 0.92587 0.91237 0.90293 0.89534 0.88941 0.88458 0.8802 0.8763 0.8741 0.87411 0.87544 0.87764 0.88087 0.88532 0.89087 0.89734 0.90441 0.91169 0.91885 0.92564 0.93181 0.93747 0.94309 0.94865 0.95395 0.95902 0.96389 0.96885 0.97417 0.97976 0.9857 0.99213 0.99874 1.0063 1.014 1.0235 1.0337 1.0451 1.0573 1.0703 1.0841 1.0987 1.114 1.13 1.1467 1.1642 1.1823 1.2012 1.2209 1.2412 1.2623 1.2841 1.3067 1.3301 1.3542 1.3792 1.405 1.4317 1.4593 1.4877 1.5171 1.5474 1.5786 1.6109 1.6441 1.6785 1.7141 1.751 1.7892 1.8288 1.8701 1.9129 1.9575 2.0041 2.0526 2.103 2.1556 2.2104 2.2681 2.3285 2.3921 2.4588 2.5295 2.6049 2.6863 2.7736 2.8681 2.9577 3.0497 3.1419 3.2292 3.2974 3.3492 3.4034 3.4648 3.5336 3.6106 
382.5 1.0502 1.0215 0.95431 0.92599 0.91248 0.90304 0.89544 0.88951 0.88467 0.88029 0.87639 0.87419 0.87421 0.87553 0.87773 0.88096 0.88541 0.89096 0.89745 0.90451 0.91179 0.91894 0.92572 0.93189 0.93755 0.94317 0.94872 0.95402 0.95909 0.96396 0.96892 0.97423 0.97982 0.98576 0.99219 0.99879 1.0063 1.014 1.0235 1.0338 1.0452 1.0573 1.0703 1.0842 1.0988 1.1141 1.1301 1.1468 1.1643 1.1824 1.2013 1.221 1.2413 1.2624 1.2842 1.3068 1.3302 1.3543 1.3793 1.405 1.4318 1.4594 1.4878 1.5172 1.5474 1.5787 1.6109 1.6442 1.6786 1.7141 1.751 1.7892 1.8288 1.8701 1.9129 1.9576 2.0042 2.0526 2.103 2.1556 2.2104 2.2681 2.3285 2.3921 2.4588 2.5295 2.6049 2.6862 2.7736 2.868 2.9577 3.0497 3.1418 3.2291 3.2972 3.3489 3.403 3.4642 3.5329 3.6098 
383 1.0503 1.0217 0.95444 0.9261 0.91259 0.90314 0.89554 0.88961 0.88477 0.88038 0.87648 0.87428 0.8743 0.87561 0.8778 0.88104 0.88549 0.89105 0.89754 0.90461 0.91189 0.91903 0.9258 0.93197 0.93763 0.94325 0.9488 0.95409 0.95916 0.96403 0.96899 0.9743 0.97989 0.98582 0.99224 0.99884 1.0064 1.0141 1.0236 1.0339 1.0453 1.0574 1.0704 1.0843 1.0989 1.1142 1.1302 1.1469 1.1643 1.1825 1.2014 1.2211 1.2414 1.2625 1.2843 1.3069 1.3303 1.3543 1.3794 1.4051 1.4319 1.4594 1.4879 1.5173 1.5475 1.5788 1.611 1.6442 1.6787 1.7142 1.7511 1.7893 1.8289 1.8701 1.913 1.9576 2.0042 2.0526 2.103 2.1557 2.2104 2.2681 2.3285 2.3921 2.4588 2.5295 2.6048 2.6862 2.7735 2.8679 2.9576 3.0495 3.1416 3.2288 3.2968 3.3485 3.4024 3.4636 3.5323 3.6091 
383.5 1.0504 1.0218 0.95457 0.92622 0.9127 0.90325 0.89565 0.88971 0.88486 0.88047 0.87657 0.87436 0.87438 0.87569 0.87788 0.88112 0.88557 0.89114 0.89763 0.90471 0.91198 0.91912 0.92588 0.93205 0.9377 0.94332 0.94887 0.95416 0.95923 0.96409 0.96906 0.97437 0.97995 0.98588 0.99229 0.99889 1.0064 1.0141 1.0236 1.0339 1.0453 1.0575 1.0705 1.0844 1.0989 1.1143 1.1303 1.1469 1.1644 1.1826 1.2015 1.2212 1.2415 1.2626 1.2844 1.307 1.3304 1.3544 1.3795 1.4052 1.4319 1.4595 1.488 1.5174 1.5476 1.5789 1.6111 1.6443 1.6788 1.7142 1.7511 1.7893 1.829 1.8702 1.913 1.9577 2.0042 2.0527 2.103 2.1557 2.2104 2.2681 2.3285 2.3921 2.4588 2.5295 2.6048 2.6861 2.7735 2.8679 2.9574 3.0494 3.1414 3.2285 3.2965 3.348 3.4019 3.463 3.5317 3.6084 
384 1.0506 1.0219 0.9547 0.92633 0.9128 0.90335 0.89575 0.88981 0.88496 0.88056 0.87666 0.87445 0.87447 0.87577 0.87795 0.88119 0.88565 0.89122 0.89772 0.9048 0.91207 0.91921 0.92596 0.93212 0.93777 0.94339 0.94895 0.95423 0.95931 0.96416 0.96913 0.97444 0.98002 0.98593 0.99235 0.99894 1.0065 1.0142 1.0237 1.034 1.0454 1.0576 1.0706 1.0845 1.099 1.1144 1.1304 1.147 1.1645 1.1827 1.2016 1.2213 1.2416 1.2627 1.2845 1.3071 1.3304 1.3545 1.3795 1.4053 1.432 1.4596 1.488 1.5174 1.5477 1.5789 1.6112 1.6444 1.6788 1.7143 1.7512 1.7894 1.829 1.8702 1.9131 1.9577 2.0043 2.0527 2.1031 2.1557 2.2105 2.2681 2.3284 2.392 2.4588 2.5294 2.6047 2.6861 2.7734 2.8678 2.9573 3.0492 3.1412 3.2282 3.2961 3.3476 3.4014 3.4625 3.5311 3.6078 
384.5 1.0507 1.0221 0.95483 0.92644 0.91291 0.90346 0.89585 0.88991 0.88505 0.88064 0.87675 0.87454 0.87456 0.87585 0.87803 0.88127 0.88573 0.89131 0.8978 0.90489 0.91216 0.91929 0.92605 0.9322 0.93785 0.94347 0.94902 0.9543 0.95937 0.96422 0.9692 0.97451 0.98008 0.98599 0.9924 0.99899 1.0065 1.0142 1.0237 1.034 1.0454 1.0576 1.0707 1.0846 1.0991 1.1144 1.1305 1.1471 1.1646 1.1828 1.2017 1.2214 1.2417 1.2628 1.2846 1.3072 1.3305 1.3546 1.3796 1.4054 1.4321 1.4597 1.4881 1.5175 1.5478 1.579 1.6112 1.6445 1.6789 1.7144 1.7513 1.7894 1.8291 1.8703 1.9131 1.9578 2.0043 2.0528 2.1031 2.1557 2.2105 2.2681 2.3284 2.392 2.4587 2.5294 2.6047 2.686 2.7734 2.8677 2.9572 3.0491 3.141 3.228 3.2958 3.3473 3.4011 3.4622 3.5307 3.6074 
385 1.0508 1.0222 0.95497 0.92656 0.91301 0.90356 0.89594 0.89 0.88513 0.88073 0.87683 0.87461 0.87463 0.87594 0.87813 0.88136 0.88583 0.8914 0.89788 0.90497 0.91223 0.91938 0.92614 0.93229 0.93793 0.94354 0.94909 0.95437 0.95944 0.96429 0.96926 0.97457 0.98014 0.98605 0.99244 0.99902 1.0065 1.0142 1.0238 1.0341 1.0455 1.0577 1.0707 1.0847 1.0992 1.1145 1.1305 1.1472 1.1647 1.1829 1.2018 1.2214 1.2418 1.2629 1.2847 1.3073 1.3306 1.3547 1.3797 1.4054 1.4322 1.4598 1.4882 1.5176 1.5478 1.5791 1.6113 1.6445 1.6789 1.7144 1.7513 1.7895 1.8291 1.8703 1.9132 1.9578 2.0043 2.0528 2.1031 2.1557 2.2105 2.2681 2.3284 2.392 2.4587 2.5294 2.6047 2.686 2.7733 2.8676 2.9571 3.049 3.141 3.2281 3.296 3.3475 3.4014 3.4625 3.5312 3.6079 
385.5 1.0509 1.0223 0.9551 0.92667 0.91311 0.90366 0.89604 0.89008 0.88522 0.88081 0.8769 0.87468 0.8747 0.87602 0.87822 0.88145 0.88592 0.89148 0.89795 0.90504 0.91231 0.91946 0.92623 0.93237 0.93801 0.94362 0.94916 0.95444 0.9595 0.96436 0.96933 0.97463 0.9802 0.9861 0.99249 0.99905 1.0066 1.0143 1.0238 1.0342 1.0456 1.0578 1.0708 1.0847 1.0993 1.1146 1.1306 1.1473 1.1648 1.183 1.2019 1.2215 1.2418 1.263 1.2848 1.3074 1.3307 1.3548 1.3798 1.4055 1.4323 1.4598 1.4883 1.5177 1.5479 1.5792 1.6114 1.6446 1.679 1.7145 1.7514 1.7895 1.8292 1.8704 1.9132 1.9579 2.0043 2.0529 2.1031 2.1557 2.2105 2.2681 2.3284 2.392 2.4587 2.5293 2.6046 2.6859 2.7732 2.8675 2.957 3.049 3.141 3.2281 3.2961 3.3478 3.4017 3.4629 3.5316 3.6083 
386 1.0511 1.0225 0.95523 0.92679 0.91322 0.90376 0.89613 0.89017 0.8853 0.8809 0.87698 0.87475 0.87477 0.8761 0.87831 0.88154 0.88601 0.89157 0.89803 0.90511 0.91238 0.91954 0.92633 0.93246 0.93809 0.94369 0.94923 0.95451 0.95957 0.96443 0.9694 0.9747 0.98026 0.98616 0.99254 0.99909 1.0066 1.0143 1.0239 1.0342 1.0457 1.0579 1.0709 1.0848 1.0994 1.1147 1.1307 1.1474 1.1649 1.1831 1.202 1.2216 1.2419 1.2631 1.2849 1.3074 1.3308 1.3549 1.3799 1.4056 1.4323 1.4599 1.4883 1.5178 1.548 1.5792 1.6114 1.6447 1.6791 1.7146 1.7514 1.7896 1.8292 1.8704 1.9132 1.9579 2.0044 2.0529 2.1031 2.1557 2.2105 2.2681 2.3284 2.392 2.4587 2.5293 2.6046 2.6859 2.7731 2.8674 2.9569 3.0489 3.141 3.2282 3.2963 3.348 3.402 3.4633 3.532 3.6088 
386.5 1.0512 1.0226 0.95535 0.92689 0.91332 0.90385 0.89623 0.89026 0.88539 0.88099 0.87706 0.87483 0.87485 0.87619 0.8784 0.88162 0.88609 0.89165 0.89811 0.90519 0.91246 0.91962 0.92641 0.93255 0.93817 0.94377 0.94931 0.95458 0.95964 0.9645 0.96946 0.97475 0.98032 0.98621 0.99258 0.99913 1.0066 1.0144 1.024 1.0343 1.0457 1.0579 1.071 1.0849 1.0995 1.1148 1.1308 1.1475 1.165 1.1832 1.2021 1.2217 1.242 1.2632 1.285 1.3075 1.3309 1.355 1.38 1.4057 1.4324 1.46 1.4884 1.5178 1.5481 1.5793 1.6115 1.6447 1.6791 1.7146 1.7515 1.7896 1.8293 1.8705 1.9133 1.9579 2.0044 2.0529 2.1032 2.1557 2.2105 2.2681 2.3284 2.3919 2.4587 2.5293 2.6046 2.6858 2.773 2.8674 2.9569 3.0488 3.1409 3.2282 3.2963 3.3481 3.4021 3.4635 3.5322 3.6091 
387 1.0513 1.0228 0.95546 0.927 0.91342 0.90395 0.89632 0.89036 0.88549 0.88108 0.87715 0.87492 0.87494 0.87628 0.87849 0.88171 0.88617 0.89173 0.89819 0.90527 0.91254 0.9197 0.92649 0.93263 0.93825 0.94386 0.94939 0.95466 0.95971 0.96456 0.96952 0.97481 0.98037 0.98625 0.99262 0.99916 1.0067 1.0144 1.024 1.0343 1.0458 1.058 1.071 1.085 1.0995 1.1149 1.1309 1.1476 1.1651 1.1832 1.2022 1.2218 1.2421 1.2633 1.285 1.3076 1.331 1.3551 1.3801 1.4058 1.4325 1.4601 1.4885 1.5179 1.5481 1.5794 1.6116 1.6448 1.6792 1.7147 1.7515 1.7897 1.8293 1.8705 1.9133 1.958 2.0044 2.0529 2.1032 2.1557 2.2105 2.2681 2.3284 2.3919 2.4586 2.5292 2.6045 2.6858 2.773 2.8673 2.9568 3.0487 3.1408 3.228 3.2961 3.3479 3.402 3.4634 3.5323 3.6093 
387.5 1.0515 1.0229 0.95558 0.9271 0.91352 0.90405 0.89641 0.89045 0.88558 0.88118 0.87725 0.87501 0.87502 0.87637 0.87858 0.88179 0.88624 0.89181 0.89827 0.90535 0.91263 0.91977 0.92656 0.93272 0.93833 0.94395 0.94948 0.95474 0.95978 0.96462 0.96958 0.97486 0.98042 0.98629 0.99266 0.9992 1.0067 1.0145 1.0241 1.0344 1.0458 1.0581 1.0711 1.085 1.0996 1.115 1.131 1.1477 1.1652 1.1833 1.2023 1.2219 1.2422 1.2633 1.2851 1.3077 1.3311 1.3551 1.3801 1.4059 1.4326 1.4602 1.4886 1.518 1.5482 1.5794 1.6117 1.6449 1.6793 1.7147 1.7516 1.7897 1.8294 1.8706 1.9134 1.958 2.0044 2.0529 2.1032 2.1558 2.2105 2.2681 2.3284 2.3919 2.4586 2.5292 2.6045 2.6857 2.773 2.8672 2.9567 3.0486 3.1407 3.2279 3.296 3.3478 3.402 3.4634 3.5324 3.6094 
388 1.0516 1.023 0.95569 0.92721 0.91362 0.90414 0.89651 0.89054 0.88568 0.88127 0.87734 0.8751 0.87511 0.87646 0.87866 0.88188 0.88632 0.89189 0.89835 0.90544 0.91271 0.91985 0.92664 0.93281 0.93841 0.94404 0.94956 0.95482 0.95986 0.96469 0.96964 0.97491 0.98047 0.98633 0.9927 0.99924 1.0067 1.0145 1.0241 1.0345 1.0459 1.0581 1.0712 1.0851 1.0997 1.1151 1.131 1.1477 1.1653 1.1834 1.2023 1.222 1.2423 1.2634 1.2852 1.3078 1.3312 1.3552 1.3802 1.406 1.4327 1.4603 1.4887 1.5181 1.5483 1.5795 1.6117 1.6449 1.6793 1.7148 1.7516 1.7898 1.8294 1.8706 1.9134 1.958 2.0045 2.0529 2.1032 2.1558 2.2105 2.2681 2.3284 2.3919 2.4586 2.5292 2.6044 2.6857 2.7729 2.8672 2.9567 3.0485 3.1405 3.2277 3.2958 3.3476 3.4019 3.4634 3.5324 3.6096 
388.5 1.0518 1.0232 0.9558 0.92732 0.91372 0.90424 0.89661 0.89064 0.88577 0.88136 0.87742 0.87518 0.87519 0.87654 0.87874 0.88196 0.88641 0.89198 0.89843 0.90552 0.91279 0.91994 0.92672 0.93288 0.93849 0.94411 0.94964 0.95489 0.95993 0.96475 0.96969 0.97496 0.98052 0.98637 0.99275 0.99928 1.0068 1.0145 1.0242 1.0345 1.046 1.0582 1.0713 1.0852 1.0998 1.1151 1.1311 1.1478 1.1653 1.1835 1.2024 1.2221 1.2424 1.2635 1.2853 1.3079 1.3313 1.3553 1.3803 1.406 1.4327 1.4603 1.4887 1.5181 1.5484 1.5796 1.6118 1.645 1.6794 1.7149 1.7517 1.7899 1.8295 1.8706 1.9134 1.958 2.0045 2.053 2.1032 2.1558 2.2105 2.2681 2.3284 2.3919 2.4585 2.5291 2.6044 2.6856 2.7728 2.8671 2.9566 3.0484 3.1404 3.2275 3.2956 3.3474 3.4017 3.4633 3.5324 3.6096 
389 1.0519 1.0233 0.95592 0.92742 0.91383 0.90435 0.8967 0.89073 0.88586 0.88144 0.8775 0.87527 0.87527 0.87663 0.87882 0.88204 0.8865 0.89206 0.89852 0.90561 0.91288 0.92003 0.9268 0.93295 0.93857 0.94418 0.94971 0.95495 0.96 0.96482 0.96975 0.97501 0.98056 0.98642 0.99279 0.99932 1.0068 1.0146 1.0242 1.0346 1.046 1.0583 1.0713 1.0853 1.0998 1.1152 1.1312 1.1479 1.1654 1.1836 1.2025 1.2222 1.2425 1.2636 1.2854 1.308 1.3313 1.3554 1.3804 1.4061 1.4328 1.4604 1.4888 1.5182 1.5484 1.5796 1.6119 1.6451 1.6794 1.7149 1.7518 1.7899 1.8295 1.8707 1.9135 1.9581 2.0045 2.053 2.1032 2.1558 2.2105 2.2681 2.3284 2.3919 2.4585 2.5291 2.6043 2.6856 2.7728 2.867 2.9565 3.0483 3.1402 3.2273 3.2954 3.3472 3.4015 3.4632 3.5324 3.6097 
389.5 1.0521 1.0234 0.95603 0.92753 0.91394 0.90445 0.8968 0.89083 0.88595 0.88151 0.87758 0.87535 0.87535 0.87671 0.8789 0.88212 0.88659 0.89215 0.89861 0.9057 0.91296 0.92012 0.92688 0.93302 0.93865 0.94425 0.94978 0.95502 0.96006 0.96488 0.9698 0.97507 0.98061 0.98647 0.99284 0.99936 1.0068 1.0146 1.0243 1.0346 1.0461 1.0583 1.0714 1.0853 1.0999 1.1153 1.1313 1.148 1.1655 1.1837 1.2026 1.2223 1.2426 1.2637 1.2855 1.3081 1.3314 1.3555 1.3805 1.4062 1.4329 1.4605 1.4889 1.5183 1.5485 1.5797 1.6119 1.6451 1.6795 1.715 1.7518 1.79 1.8295 1.8707 1.9135 1.9581 2.0046 2.053 2.1033 2.1558 2.2105 2.2681 2.3284 2.3919 2.4585 2.5291 2.6043 2.6855 2.7727 2.867 2.9564 3.0482 3.1401 3.2272 3.2952 3.347 3.4013 3.4631 3.5323 3.6097 
390 1.0523 1.0236 0.95614 0.92764 0.91404 0.90455 0.8969 0.89093 0.88604 0.88159 0.87766 0.87544 0.87543 0.87679 0.87897 0.8822 0.88668 0.89223 0.8987 0.90579 0.91305 0.92021 0.92696 0.93308 0.93872 0.94432 0.94985 0.95509 0.96013 0.96495 0.96985 0.97512 0.98065 0.98652 0.99289 0.9994 1.0068 1.0147 1.0243 1.0347 1.0462 1.0584 1.0715 1.0854 1.1 1.1154 1.1314 1.1481 1.1656 1.1838 1.2027 1.2224 1.2427 1.2638 1.2856 1.3082 1.3315 1.3556 1.3806 1.4063 1.433 1.4606 1.489 1.5184 1.5486 1.5798 1.612 1.6452 1.6796 1.715 1.7519 1.79 1.8296 1.8708 1.9135 1.9581 2.0046 2.0531 2.1033 2.1558 2.2105 2.2681 2.3284 2.3919 2.4585 2.529 2.6042 2.6855 2.7726 2.8669 2.9563 3.0481 3.1399 3.227 3.295 3.3468 3.4012 3.463 3.5323 3.6097 
390.5 1.0524 1.0237 0.95627 0.92775 0.91414 0.90465 0.897 0.89102 0.88612 0.88168 0.87774 0.87552 0.87552 0.87687 0.87905 0.88228 0.88676 0.89231 0.89877 0.90586 0.91312 0.92028 0.92704 0.93317 0.9388 0.94439 0.94992 0.95516 0.96019 0.965 0.96991 0.97517 0.9807 0.98656 0.99292 0.99943 1.0069 1.0147 1.0244 1.0347 1.0462 1.0585 1.0715 1.0855 1.1001 1.1154 1.1315 1.1482 1.1657 1.1839 1.2028 1.2224 1.2428 1.2639 1.2857 1.3082 1.3316 1.3557 1.3807 1.4064 1.4331 1.4607 1.4891 1.5184 1.5487 1.5799 1.6121 1.6453 1.6796 1.7151 1.7519 1.7901 1.8296 1.8708 1.9136 1.9582 2.0046 2.0531 2.1033 2.1558 2.2105 2.2681 2.3284 2.3919 2.4585 2.529 2.6042 2.6854 2.7726 2.8668 2.9563 3.048 3.1398 3.2269 3.2948 3.3466 3.4009 3.4625 3.5318 3.6091 
391 1.0525 1.0238 0.95639 0.92785 0.91424 0.90474 0.89709 0.89111 0.88621 0.88177 0.87783 0.8756 0.8756 0.87695 0.87913 0.88236 0.88683 0.89239 0.89885 0.90593 0.9132 0.92035 0.92712 0.93325 0.93888 0.94446 0.95 0.95524 0.96025 0.96505 0.96997 0.97522 0.98075 0.98661 0.99295 0.99946 1.0069 1.0147 1.0244 1.0348 1.0463 1.0585 1.0716 1.0856 1.1002 1.1155 1.1315 1.1483 1.1658 1.184 1.2029 1.2225 1.2428 1.264 1.2858 1.3083 1.3317 1.3557 1.3807 1.4065 1.4332 1.4607 1.4891 1.5185 1.5487 1.5799 1.6121 1.6453 1.6797 1.7151 1.752 1.7901 1.8297 1.8709 1.9136 1.9582 2.0047 2.0531 2.1033 2.1559 2.2105 2.2681 2.3283 2.3918 2.4585 2.529 2.6042 2.6854 2.7725 2.8668 2.9562 3.048 3.1398 3.2268 3.2947 3.3463 3.4005 3.4621 3.5312 3.6085 
391.5 1.0526 1.024 0.95652 0.92796 0.91434 0.90484 0.89718 0.8912 0.8863 0.88186 0.87791 0.87568 0.87568 0.87703 0.87921 0.88244 0.8869 0.89247 0.89893 0.906 0.91327 0.92042 0.92719 0.93334 0.93896 0.94454 0.95007 0.95531 0.96031 0.96511 0.97002 0.97527 0.98079 0.98665 0.99298 0.99949 1.0069 1.0148 1.0245 1.0348 1.0463 1.0586 1.0717 1.0856 1.1002 1.1156 1.1316 1.1483 1.1659 1.184 1.203 1.2226 1.2429 1.264 1.2858 1.3084 1.3318 1.3558 1.3808 1.4065 1.4332 1.4608 1.4892 1.5186 1.5488 1.58 1.6122 1.6454 1.6797 1.7152 1.752 1.7901 1.8297 1.8709 1.9137 1.9583 2.0047 2.0531 2.1033 2.1559 2.2105 2.2681 2.3283 2.3918 2.4584 2.5289 2.6041 2.6853 2.7725 2.8667 2.9562 3.0479 3.1397 3.2267 3.2945 3.3461 3.4002 3.4617 3.5307 3.6078 
392 1.0527 1.0241 0.95664 0.92807 0.91444 0.90494 0.89728 0.89129 0.88639 0.88194 0.87799 0.87576 0.87576 0.8771 0.87928 0.88252 0.88698 0.89255 0.899 0.90607 0.91334 0.92049 0.92727 0.93342 0.93904 0.94461 0.95014 0.95538 0.96036 0.96516 0.97008 0.97532 0.98084 0.98669 0.99301 0.99953 1.007 1.0148 1.0245 1.0349 1.0464 1.0587 1.0717 1.0857 1.1003 1.1157 1.1317 1.1484 1.1659 1.1841 1.203 1.2227 1.243 1.2641 1.2859 1.3085 1.3318 1.3559 1.3809 1.4066 1.4333 1.4609 1.4893 1.5187 1.5489 1.5801 1.6123 1.6454 1.6798 1.7152 1.7521 1.7902 1.8298 1.871 1.9137 1.9583 2.0047 2.0531 2.1034 2.1559 2.2105 2.2681 2.3283 2.3918 2.4584 2.5289 2.6041 2.6853 2.7724 2.8667 2.9561 3.0479 3.1397 3.2266 3.2944 3.3459 3.4 3.4613 3.5303 3.6073 
392.5 1.0529 1.0243 0.95677 0.92819 0.91455 0.90504 0.89737 0.89138 0.88647 0.88202 0.87806 0.87583 0.87583 0.87717 0.87936 0.88259 0.88705 0.89262 0.89908 0.90614 0.91342 0.92057 0.92736 0.9335 0.93912 0.94468 0.9502 0.95544 0.96042 0.96522 0.97013 0.97537 0.98088 0.98673 0.99305 0.99955 1.007 1.0149 1.0245 1.0349 1.0464 1.0587 1.0718 1.0858 1.1004 1.1158 1.1318 1.1485 1.166 1.1842 1.2031 1.2228 1.2431 1.2642 1.286 1.3086 1.3319 1.356 1.381 1.4067 1.4334 1.461 1.4894 1.5187 1.5489 1.5801 1.6123 1.6455 1.6799 1.7153 1.7521 1.7902 1.8298 1.871 1.9137 1.9583 2.0047 2.0531 2.1034 2.1559 2.2106 2.2681 2.3283 2.3918 2.4584 2.5289 2.6041 2.6852 2.7724 2.8666 2.956 3.0478 3.1396 3.2265 3.2943 3.3459 3.3999 3.4613 3.5302 3.6073 
393 1.053 1.0244 0.95689 0.9283 0.91465 0.90513 0.89746 0.89147 0.88656 0.88209 0.87814 0.8759 0.8759 0.87724 0.87943 0.88267 0.88713 0.89269 0.89916 0.90622 0.91349 0.92065 0.92744 0.93358 0.93919 0.94475 0.95026 0.95549 0.96048 0.96527 0.97018 0.97542 0.98093 0.98677 0.99308 0.99958 1.007 1.0149 1.0246 1.035 1.0465 1.0588 1.0719 1.0858 1.1005 1.1158 1.1319 1.1486 1.1661 1.1843 1.2032 1.2229 1.2432 1.2643 1.2861 1.3087 1.332 1.3561 1.3811 1.4068 1.4335 1.4611 1.4894 1.5188 1.549 1.5802 1.6124 1.6456 1.6799 1.7154 1.7522 1.7903 1.8298 1.871 1.9138 1.9583 2.0048 2.0531 2.1034 2.1559 2.2106 2.2681 2.3283 2.3918 2.4584 2.5289 2.604 2.6852 2.7723 2.8666 2.956 3.0477 3.1395 3.2265 3.2943 3.3458 3.3998 3.4612 3.5301 3.6073 
393.5 1.0532 1.0245 0.95702 0.92842 0.91476 0.90523 0.89756 0.89156 0.88664 0.88217 0.87821 0.87598 0.87597 0.87731 0.8795 0.88274 0.8872 0.89276 0.89923 0.9063 0.91357 0.92073 0.92753 0.93366 0.93927 0.94482 0.95033 0.95555 0.96054 0.96533 0.97023 0.97547 0.98097 0.98681 0.99311 0.99961 1.007 1.0149 1.0246 1.035 1.0466 1.0588 1.0719 1.0859 1.1005 1.1159 1.132 1.1487 1.1662 1.1844 1.2033 1.223 1.2433 1.2644 1.2862 1.3088 1.3321 1.3562 1.3812 1.4069 1.4336 1.4611 1.4895 1.5189 1.5491 1.5803 1.6125 1.6456 1.68 1.7154 1.7522 1.7903 1.8299 1.8711 1.9138 1.9583 2.0048 2.0532 2.1034 2.1559 2.2106 2.2681 2.3283 2.3918 2.4584 2.5288 2.604 2.6852 2.7723 2.8665 2.9559 3.0477 3.1395 3.2264 3.2942 3.3457 3.3997 3.4611 3.5301 3.6072 
394 1.0533 1.0247 0.95714 0.92853 0.91486 0.90533 0.89765 0.89164 0.88673 0.88225 0.87828 0.87605 0.87605 0.87738 0.87958 0.88282 0.88728 0.89285 0.89931 0.90638 0.91365 0.92081 0.92761 0.93374 0.93935 0.9449 0.95039 0.95561 0.9606 0.96539 0.97028 0.97552 0.98101 0.98685 0.99314 0.99964 1.007 1.015 1.0247 1.0351 1.0466 1.0589 1.072 1.086 1.1006 1.116 1.132 1.1488 1.1663 1.1845 1.2034 1.223 1.2434 1.2645 1.2863 1.3089 1.3322 1.3563 1.3813 1.407 1.4337 1.4612 1.4896 1.519 1.5491 1.5803 1.6125 1.6457 1.68 1.7155 1.7523 1.7904 1.8299 1.8711 1.9138 1.9584 2.0048 2.0532 2.1034 2.1559 2.2106 2.2681 2.3283 2.3918 2.4583 2.5288 2.6039 2.6851 2.7722 2.8664 2.9558 3.0476 3.1394 3.2264 3.2942 3.3457 3.3997 3.4611 3.5301 3.6073 
394.5 1.0535 1.0248 0.95724 0.92863 0.91496 0.90542 0.89774 0.89173 0.88681 0.88234 0.87836 0.87612 0.87612 0.87746 0.87965 0.8829 0.88738 0.89294 0.8994 0.90646 0.91373 0.92089 0.92768 0.93381 0.93942 0.94498 0.95046 0.95567 0.96066 0.96545 0.97034 0.97557 0.98106 0.98688 0.99318 0.99967 1.0071 1.015 1.0247 1.0351 1.0467 1.059 1.0721 1.0861 1.1007 1.1161 1.1321 1.1488 1.1663 1.1845 1.2035 1.2231 1.2434 1.2646 1.2864 1.3089 1.3323 1.3564 1.3813 1.407 1.4337 1.4613 1.4897 1.519 1.5492 1.5804 1.6126 1.6457 1.6801 1.7155 1.7523 1.7904 1.83 1.8711 1.9139 1.9584 2.0048 2.0532 2.1034 2.1559 2.2106 2.2681 2.3283 2.3917 2.4583 2.5288 2.6039 2.6851 2.7722 2.8664 2.9558 3.0476 3.1394 3.2264 3.2943 3.3458 3.3998 3.4612 3.5302 3.6074 
395 1.0537 1.025 0.95734 0.92873 0.91507 0.90552 0.89783 0.89182 0.88689 0.88242 0.87844 0.87619 0.8762 0.87754 0.87973 0.88299 0.88747 0.89302 0.89948 0.90654 0.91381 0.92096 0.92775 0.93388 0.9395 0.94505 0.95053 0.95573 0.96073 0.96552 0.9704 0.97562 0.9811 0.98692 0.99321 0.9997 1.0071 1.015 1.0247 1.0352 1.0467 1.059 1.0722 1.0861 1.1007 1.1161 1.1322 1.1489 1.1664 1.1846 1.2036 1.2232 1.2435 1.2647 1.2865 1.309 1.3324 1.3564 1.3814 1.4071 1.4338 1.4614 1.4897 1.5191 1.5493 1.5805 1.6126 1.6458 1.6802 1.7156 1.7524 1.7905 1.83 1.8712 1.9139 1.9584 2.0049 2.0532 2.1035 2.1559 2.2106 2.2681 2.3283 2.3917 2.4583 2.5288 2.6039 2.685 2.7721 2.8663 2.9557 3.0475 3.1394 3.2264 3.2943 3.3459 3.3999 3.4614 3.5303 3.6075 
395.5 1.0539 1.0251 0.95744 0.92883 0.91517 0.90562 0.89792 0.89191 0.88698 0.88251 0.87851 0.87627 0.87627 0.87762 0.8798 0.88308 0.88756 0.89311 0.89957 0.90662 0.9139 0.92103 0.92782 0.93396 0.93957 0.94513 0.95059 0.95579 0.9608 0.96559 0.97047 0.97567 0.98114 0.98695 0.99325 0.99973 1.0071 1.0151 1.0248 1.0352 1.0468 1.0591 1.0722 1.0862 1.1008 1.1162 1.1323 1.149 1.1665 1.1847 1.2036 1.2233 1.2436 1.2648 1.2865 1.3091 1.3325 1.3565 1.3815 1.4072 1.4339 1.4615 1.4898 1.5192 1.5494 1.5805 1.6127 1.6459 1.6802 1.7156 1.7524 1.7905 1.8301 1.8712 1.9139 1.9585 2.0049 2.0532 2.1035 2.1559 2.2106 2.2681 2.3283 2.3917 2.4582 2.5287 2.6038 2.685 2.772 2.8662 2.9556 3.0475 3.1394 3.2264 3.2944 3.346 3.4001 3.4615 3.5304 3.6076 
396 1.054 1.0252 0.95754 0.92892 0.91527 0.90571 0.89801 0.89199 0.88706 0.88259 0.8786 0.87634 0.87635 0.87769 0.87988 0.88316 0.88764 0.89319 0.89965 0.9067 0.91398 0.9211 0.92788 0.93403 0.93964 0.9452 0.95066 0.95586 0.96086 0.96564 0.97052 0.97571 0.98119 0.98699 0.99328 0.99976 1.0071 1.0151 1.0248 1.0353 1.0468 1.0592 1.0723 1.0862 1.1009 1.1163 1.1323 1.1491 1.1666 1.1848 1.2037 1.2234 1.2437 1.2648 1.2866 1.3092 1.3326 1.3566 1.3816 1.4073 1.434 1.4615 1.4899 1.5193 1.5494 1.5806 1.6128 1.6459 1.6803 1.7157 1.7525 1.7906 1.8301 1.8713 1.914 1.9585 2.0049 2.0533 2.1035 2.1559 2.2106 2.2681 2.3283 2.3917 2.4582 2.5287 2.6038 2.6849 2.772 2.8662 2.9556 3.0474 3.1392 3.2263 3.2942 3.3458 3.3999 3.4614 3.5303 3.6075 
396.5 1.0541 1.0253 0.95763 0.92902 0.91535 0.9058 0.8981 0.89208 0.88715 0.88268 0.87869 0.87643 0.87643 0.87777 0.87995 0.88323 0.88773 0.89327 0.89972 0.90678 0.91405 0.92117 0.92795 0.93409 0.9397 0.94525 0.95073 0.95592 0.96092 0.96569 0.97056 0.97576 0.98123 0.98703 0.99331 0.99978 1.0072 1.0151 1.0248 1.0353 1.0469 1.0592 1.0723 1.0863 1.1009 1.1164 1.1324 1.1491 1.1667 1.1849 1.2038 1.2235 1.2438 1.2649 1.2867 1.3093 1.3326 1.3567 1.3817 1.4074 1.4341 1.4616 1.49 1.5193 1.5495 1.5807 1.6128 1.646 1.6803 1.7157 1.7525 1.7906 1.8302 1.8713 1.914 1.9585 2.0049 2.0533 2.1035 2.156 2.2106 2.2681 2.3283 2.3917 2.4582 2.5287 2.6038 2.6849 2.772 2.8661 2.9555 3.0473 3.1391 3.226 3.2939 3.3455 3.3996 3.4611 3.5301 3.6074 
397 1.0541 1.0254 0.95773 0.92911 0.91544 0.90589 0.89819 0.89217 0.88724 0.88276 0.87877 0.87651 0.87651 0.87785 0.88003 0.88331 0.88781 0.89334 0.8998 0.90685 0.91413 0.92124 0.92802 0.93416 0.93976 0.94531 0.95079 0.95599 0.96098 0.96574 0.97061 0.97581 0.98127 0.98707 0.99334 0.99981 1.0072 1.0151 1.0249 1.0354 1.0469 1.0593 1.0724 1.0864 1.101 1.1164 1.1325 1.1492 1.1668 1.185 1.2039 1.2235 1.2439 1.265 1.2868 1.3094 1.3327 1.3568 1.3818 1.4074 1.4341 1.4617 1.49 1.5194 1.5496 1.5807 1.6129 1.646 1.6804 1.7158 1.7526 1.7907 1.8302 1.8714 1.914 1.9586 2.0049 2.0533 2.1035 2.156 2.2106 2.2681 2.3283 2.3917 2.4582 2.5287 2.6038 2.6849 2.7719 2.8661 2.9555 3.0472 3.1389 3.2258 3.2936 3.3452 3.3993 3.4608 3.5299 3.6072 
397.5 1.0542 1.0255 0.95783 0.9292 0.91553 0.90598 0.89828 0.89226 0.88732 0.88284 0.87886 0.87659 0.87659 0.87792 0.88011 0.88338 0.8879 0.89342 0.89987 0.90693 0.91421 0.92132 0.92808 0.93423 0.93982 0.94536 0.95086 0.95606 0.96104 0.96579 0.97065 0.97586 0.98131 0.98711 0.99337 0.99983 1.0072 1.0152 1.0249 1.0354 1.047 1.0593 1.0724 1.0864 1.1011 1.1165 1.1326 1.1493 1.1668 1.185 1.204 1.2236 1.244 1.2651 1.2869 1.3094 1.3328 1.3568 1.3818 1.4075 1.4342 1.4618 1.4901 1.5195 1.5496 1.5808 1.613 1.6461 1.6804 1.7159 1.7526 1.7907 1.8302 1.8714 1.9141 1.9586 2.005 2.0534 2.1035 2.156 2.2106 2.2681 2.3283 2.3917 2.4582 2.5286 2.6037 2.6848 2.7719 2.8661 2.9554 3.0471 3.1387 3.2256 3.2933 3.3449 3.399 3.4606 3.5297 3.6071 
398 1.0543 1.0256 0.95794 0.9293 0.91563 0.90607 0.89837 0.89234 0.88741 0.88292 0.87894 0.87667 0.87667 0.878 0.88019 0.88345 0.88795 0.89349 0.89995 0.90701 0.91427 0.92139 0.92816 0.9343 0.93988 0.94543 0.95092 0.95612 0.96109 0.96584 0.9707 0.9759 0.98135 0.98714 0.9934 0.99986 1.0072 1.0152 1.0249 1.0355 1.047 1.0594 1.0725 1.0865 1.1011 1.1166 1.1326 1.1494 1.1669 1.1851 1.2041 1.2237 1.244 1.2652 1.2869 1.3095 1.3329 1.3569 1.3819 1.4076 1.4343 1.4618 1.4902 1.5195 1.5497 1.5809 1.613 1.6462 1.6805 1.7159 1.7527 1.7908 1.8303 1.8714 1.9141 1.9586 2.005 2.0534 2.1036 2.156 2.2106 2.2681 2.3282 2.3916 2.4582 2.5286 2.6037 2.6848 2.7719 2.866 2.9553 3.047 3.1387 3.2255 3.2931 3.3446 3.3987 3.4602 3.5292 3.6064 
398.5 1.0544 1.0257 0.95806 0.92941 0.91572 0.90617 0.89846 0.89243 0.88749 0.883 0.87902 0.87676 0.87676 0.87808 0.88026 0.88351 0.88799 0.89357 0.90002 0.90708 0.91434 0.92147 0.92824 0.93438 0.93994 0.94549 0.95098 0.95618 0.96115 0.96589 0.97076 0.97595 0.98139 0.98717 0.99342 0.99988 1.0072 1.0152 1.025 1.0355 1.0471 1.0594 1.0726 1.0866 1.1012 1.1166 1.1327 1.1495 1.167 1.1852 1.2041 1.2238 1.2441 1.2652 1.287 1.3096 1.3329 1.357 1.382 1.4077 1.4343 1.4619 1.4903 1.5196 1.5498 1.5809 1.6131 1.6462 1.6806 1.716 1.7527 1.7908 1.8303 1.8715 1.9141 1.9587 2.005 2.0534 2.1036 2.156 2.2106 2.2681 2.3282 2.3916 2.4582 2.5286 2.6037 2.6847 2.7718 2.8659 2.9553 3.0469 3.1386 3.2253 3.293 3.3444 3.3984 3.4598 3.5287 3.6057 
399 1.0545 1.0259 0.95818 0.92951 0.91582 0.90626 0.89854 0.89251 0.88756 0.88308 0.8791 0.87684 0.87684 0.87817 0.88033 0.88357 0.88804 0.89364 0.90009 0.90715 0.9144 0.92154 0.92831 0.93445 0.94 0.94556 0.95103 0.95624 0.96121 0.96595 0.97081 0.97599 0.98143 0.9872 0.99344 0.9999 1.0073 1.0153 1.025 1.0355 1.0471 1.0595 1.0726 1.0866 1.1013 1.1167 1.1328 1.1495 1.1671 1.1853 1.2042 1.2239 1.2442 1.2653 1.2871 1.3097 1.333 1.3571 1.382 1.4077 1.4344 1.462 1.4903 1.5197 1.5498 1.581 1.6131 1.6463 1.6806 1.716 1.7528 1.7909 1.8304 1.8715 1.9142 1.9587 2.005 2.0534 2.1036 2.156 2.2106 2.2681 2.3282 2.3916 2.4581 2.5286 2.6036 2.6847 2.7718 2.8659 2.9552 3.0469 3.1385 3.2252 3.2929 3.3442 3.3981 3.4593 3.5281 3.6051 
399.5 1.0547 1.026 0.95829 0.92961 0.91591 0.90635 0.89863 0.89259 0.88764 0.88316 0.87917 0.87692 0.87692 0.87824 0.88041 0.88363 0.88809 0.89371 0.90016 0.90722 0.91447 0.92162 0.92839 0.93452 0.94007 0.94562 0.95109 0.9563 0.96126 0.966 0.97086 0.97604 0.98147 0.98724 0.99347 0.99993 1.0073 1.0153 1.0251 1.0356 1.0472 1.0595 1.0727 1.0867 1.1014 1.1168 1.1328 1.1496 1.1671 1.1854 1.2043 1.224 1.2443 1.2654 1.2872 1.3097 1.3331 1.3571 1.3821 1.4078 1.4345 1.462 1.4904 1.5197 1.5499 1.581 1.6132 1.6463 1.6807 1.7161 1.7528 1.7909 1.8304 1.8715 1.9142 1.9587 2.0051 2.0534 2.1036 2.156 2.2106 2.2681 2.3282 2.3916 2.4581 2.5285 2.6036 2.6847 2.7717 2.8658 2.9551 3.0468 3.1384 3.2251 3.2927 3.344 3.3978 3.459 3.5277 3.6045 
400 1.0549 1.0261 0.95838 0.9297 0.916 0.90644 0.89872 0.89267 0.88772 0.88323 0.87924 0.87698 0.87698 0.87831 0.88048 0.8837 0.88817 0.89378 0.90023 0.90729 0.91455 0.92169 0.92846 0.93458 0.94013 0.94568 0.95114 0.95635 0.96131 0.96604 0.9709 0.97607 0.9815 0.98728 0.99346 1 1.0072 1.0154 1.0251 1.0356 1.0472 1.0596 1.0727 1.0867 1.1014 1.1169 1.1329 1.1497 1.1672 1.1854 1.2044 1.224 1.2443 1.2655 1.2872 1.3098 1.3332 1.3572 1.3822 1.4079 1.4346 1.4621 1.4905 1.5198 1.5499 1.5811 1.6133 1.6464 1.6807 1.7161 1.7529 1.791 1.8305 1.8716 1.9142 1.9588 2.0051 2.0534 2.1036 2.156 2.2106 2.2681 2.3282 2.3916 2.4581 2.5285 2.6035 2.6846 2.7716 2.8657 2.955 3.0466 3.1382 3.225 3.2926 3.344 3.398 3.4593 3.5282 3.6053 
400.5 1.055 1.0263 0.95848 0.92979 0.9161 0.90653 0.8988 0.89276 0.8878 0.8833 0.87931 0.87705 0.87703 0.87837 0.88055 0.88377 0.88825 0.89384 0.9003 0.90737 0.91464 0.92177 0.92853 0.93464 0.9402 0.94574 0.9512 0.95641 0.96137 0.96609 0.97094 0.97611 0.98153 0.98733 0.99346 1.0001 1.0071 1.0155 1.0251 1.0357 1.0472 1.0596 1.0728 1.0868 1.1015 1.1169 1.133 1.1497 1.1673 1.1855 1.2044 1.2241 1.2444 1.2655 1.2873 1.3099 1.3332 1.3573 1.3822 1.4079 1.4346 1.4622 1.4905 1.5199 1.55 1.5812 1.6133 1.6465 1.6808 1.7162 1.7529 1.791 1.8305 1.8716 1.9143 1.9588 2.0051 2.0535 2.1036 2.156 2.2106 2.2681 2.3282 2.3916 2.458 2.5284 2.6035 2.6845 2.7715 2.8656 2.9549 3.0465 3.138 3.2248 3.2925 3.344 3.3981 3.4596 3.5287 3.606 
401 1.0552 1.0264 0.95857 0.92988 0.91619 0.90662 0.89889 0.89284 0.88788 0.88338 0.87937 0.87712 0.87709 0.87843 0.88061 0.88384 0.88833 0.8939 0.90038 0.90744 0.91472 0.92184 0.92861 0.93471 0.94026 0.9458 0.95125 0.95646 0.96142 0.96614 0.97099 0.97615 0.98156 0.98738 0.99346 1.0002 1.007 1.0155 1.0251 1.0358 1.0473 1.0597 1.0729 1.0869 1.1016 1.117 1.1331 1.1498 1.1674 1.1856 1.2045 1.2242 1.2445 1.2656 1.2874 1.31 1.3333 1.3573 1.3823 1.408 1.4347 1.4622 1.4906 1.5199 1.5501 1.5813 1.6134 1.6465 1.6808 1.7162 1.753 1.7911 1.8305 1.8716 1.9143 1.9588 2.0052 2.0535 2.1037 2.156 2.2106 2.2681 2.3282 2.3915 2.458 2.5284 2.6034 2.6845 2.7715 2.8655 2.9547 3.0463 3.1379 3.2246 3.2923 3.344 3.3982 3.4599 3.5293 3.6067 
401.5 1.0553 1.0265 0.95865 0.92996 0.91628 0.9067 0.89896 0.89291 0.88795 0.88344 0.87944 0.87719 0.87715 0.87849 0.88068 0.88391 0.8884 0.89396 0.90044 0.90751 0.9148 0.92191 0.92867 0.93477 0.94032 0.94585 0.95131 0.95651 0.96146 0.96618 0.97103 0.97619 0.98159 0.98742 0.99346 1.0003 1.007 1.0156 1.0251 1.0358 1.0473 1.0597 1.0729 1.0869 1.1016 1.117 1.1332 1.1499 1.1674 1.1857 1.2046 1.2243 1.2446 1.2657 1.2875 1.31 1.3334 1.3574 1.3824 1.4081 1.4348 1.4623 1.4907 1.52 1.5502 1.5813 1.6134 1.6466 1.6809 1.7163 1.753 1.7911 1.8306 1.8717 1.9143 1.9588 2.0052 2.0535 2.1037 2.156 2.2106 2.2681 2.3282 2.3915 2.458 2.5284 2.6034 2.6844 2.7714 2.8654 2.9546 3.0462 3.1377 3.2245 3.2923 3.344 3.3983 3.4602 3.5297 3.6073 
402 1.0554 1.0266 0.95872 0.93003 0.91634 0.90677 0.89903 0.89297 0.88801 0.8835 0.87951 0.87726 0.87722 0.87855 0.88075 0.88398 0.88846 0.89403 0.9005 0.90757 0.91485 0.92196 0.92871 0.93482 0.94037 0.9459 0.95136 0.95655 0.96151 0.96623 0.97107 0.97622 0.98163 0.98745 0.99348 1.0003 1.007 1.0156 1.0251 1.0358 1.0473 1.0598 1.073 1.087 1.1017 1.1171 1.1332 1.1499 1.1675 1.1857 1.2047 1.2243 1.2446 1.2658 1.2876 1.3101 1.3334 1.3575 1.3825 1.4082 1.4348 1.4624 1.4907 1.5201 1.5502 1.5814 1.6135 1.6466 1.6809 1.7163 1.7531 1.7911 1.8306 1.8717 1.9144 1.9588 2.0052 2.0535 2.1037 2.156 2.2106 2.2681 2.3281 2.3915 2.458 2.5283 2.6033 2.6844 2.7713 2.8654 2.9546 3.0461 3.1377 3.2245 3.2923 3.344 3.3984 3.4603 3.5299 3.6076 
402.5 1.0554 1.0266 0.95879 0.9301 0.91641 0.90684 0.8991 0.89304 0.88807 0.88356 0.87958 0.87733 0.8773 0.87862 0.88082 0.88404 0.88852 0.89409 0.90057 0.90763 0.9149 0.92202 0.92876 0.93487 0.94042 0.94595 0.95141 0.95659 0.96155 0.96628 0.97111 0.97625 0.98166 0.98749 0.9935 1.0004 1.007 1.0157 1.0251 1.0359 1.0474 1.0598 1.073 1.087 1.1017 1.1171 1.1333 1.15 1.1676 1.1858 1.2047 1.2244 1.2447 1.2659 1.2876 1.3102 1.3335 1.3576 1.3825 1.4082 1.4349 1.4624 1.4908 1.5201 1.5503 1.5814 1.6136 1.6467 1.681 1.7164 1.7531 1.7912 1.8307 1.8717 1.9144 1.9589 2.0052 2.0535 2.1036 2.156 2.2106 2.268 2.3281 2.3915 2.4579 2.5283 2.6033 2.6843 2.7713 2.8653 2.9545 3.0461 3.1377 3.2245 3.2923 3.344 3.3984 3.4605 3.5302 3.608 
403 1.0555 1.0267 0.95885 0.93018 0.91648 0.90691 0.89916 0.8931 0.88813 0.88362 0.87965 0.87741 0.87737 0.87868 0.88089 0.88411 0.88858 0.89416 0.90063 0.90768 0.91495 0.92207 0.9288 0.93492 0.94048 0.946 0.95146 0.95664 0.96159 0.96633 0.97114 0.97629 0.9817 0.98752 0.99352 1.0004 1.007 1.0157 1.0252 1.0359 1.0474 1.0599 1.0731 1.0871 1.1018 1.1172 1.1334 1.1501 1.1677 1.1859 1.2048 1.2245 1.2448 1.2659 1.2877 1.3103 1.3336 1.3576 1.3826 1.4083 1.435 1.4625 1.4909 1.5202 1.5503 1.5815 1.6136 1.6468 1.681 1.7164 1.7532 1.7912 1.8307 1.8718 1.9144 1.9589 2.0052 2.0535 2.1036 2.156 2.2106 2.268 2.3281 2.3914 2.4579 2.5282 2.6032 2.6843 2.7712 2.8652 2.9545 3.0461 3.1377 3.2245 3.2924 3.3441 3.3985 3.4606 3.5304 3.6084 
403.5 1.0556 1.0268 0.95894 0.93025 0.91655 0.90697 0.89923 0.89316 0.88819 0.88369 0.87972 0.87748 0.87745 0.87876 0.88097 0.88419 0.88865 0.89422 0.90069 0.90775 0.91501 0.92213 0.92886 0.93497 0.94053 0.94605 0.95152 0.95669 0.96164 0.96637 0.97118 0.97633 0.98173 0.98755 0.99354 1.0004 1.007 1.0157 1.0252 1.036 1.0475 1.0599 1.0731 1.0871 1.1019 1.1173 1.1334 1.1501 1.1677 1.1859 1.2049 1.2246 1.2449 1.266 1.2878 1.3104 1.3337 1.3577 1.3827 1.4084 1.4351 1.4626 1.4909 1.5202 1.5504 1.5816 1.6137 1.6468 1.6811 1.7165 1.7532 1.7913 1.8307 1.8718 1.9145 1.9589 2.0052 2.0535 2.1036 2.156 2.2106 2.268 2.3281 2.3914 2.4579 2.5282 2.6032 2.6842 2.7712 2.8652 2.9544 3.046 3.1377 3.2246 3.2924 3.3441 3.3985 3.4605 3.5302 3.6081 
404 1.0558 1.0269 0.95903 0.93032 0.91662 0.90704 0.89929 0.89323 0.88826 0.88376 0.87979 0.87755 0.87754 0.87884 0.88105 0.88427 0.88873 0.89428 0.90076 0.90781 0.91508 0.92219 0.92892 0.93502 0.94059 0.94612 0.95158 0.95674 0.9617 0.96642 0.97122 0.97637 0.98176 0.98757 0.99356 1.0004 1.0071 1.0157 1.0253 1.036 1.0475 1.06 1.0732 1.0872 1.1019 1.1173 1.1335 1.1502 1.1678 1.186 1.2049 1.2246 1.2449 1.2661 1.2878 1.3104 1.3338 1.3578 1.3828 1.4084 1.4351 1.4626 1.491 1.5203 1.5505 1.5816 1.6137 1.6469 1.6811 1.7165 1.7533 1.7913 1.8308 1.8718 1.9145 1.9589 2.0052 2.0535 2.1036 2.156 2.2106 2.268 2.3281 2.3914 2.4578 2.5282 2.6032 2.6842 2.7711 2.8652 2.9544 3.046 3.1377 3.2246 3.2924 3.3441 3.3984 3.4602 3.5297 3.6073 
404.5 1.0559 1.0271 0.95912 0.93039 0.91669 0.90711 0.89936 0.89329 0.88833 0.88384 0.87986 0.87763 0.87762 0.87893 0.88113 0.88436 0.88882 0.89435 0.90082 0.90788 0.91514 0.92226 0.92899 0.93508 0.94065 0.94619 0.95164 0.9568 0.96175 0.96647 0.97126 0.97641 0.98179 0.9876 0.99359 1.0004 1.0071 1.0158 1.0253 1.0361 1.0476 1.06 1.0732 1.0872 1.102 1.1174 1.1335 1.1503 1.1679 1.1861 1.205 1.2247 1.245 1.2662 1.2879 1.3105 1.3338 1.3579 1.3828 1.4085 1.4352 1.4627 1.4911 1.5204 1.5505 1.5817 1.6138 1.6469 1.6812 1.7166 1.7533 1.7913 1.8308 1.8719 1.9145 1.959 2.0053 2.0536 2.1036 2.156 2.2106 2.268 2.328 2.3913 2.4578 2.5282 2.6031 2.6842 2.7711 2.8651 2.9544 3.046 3.1377 3.2246 3.2924 3.3441 3.3983 3.4599 3.5291 3.6065 
405 1.056 1.0272 0.95921 0.93047 0.91676 0.90717 0.89942 0.89336 0.8884 0.88392 0.87993 0.8777 0.87771 0.87901 0.88121 0.88445 0.8889 0.89441 0.90089 0.90795 0.91521 0.92233 0.92906 0.93513 0.9407 0.94625 0.9517 0.95685 0.96181 0.96652 0.9713 0.97646 0.98182 0.98762 0.99362 1.0005 1.0071 1.0158 1.0253 1.0361 1.0476 1.0601 1.0733 1.0873 1.102 1.1174 1.1336 1.1503 1.1679 1.1862 1.2051 1.2248 1.2451 1.2662 1.288 1.3106 1.3339 1.3579 1.3829 1.4086 1.4353 1.4628 1.4911 1.5205 1.5506 1.5817 1.6138 1.6469 1.6812 1.7166 1.7533 1.7914 1.8308 1.8719 1.9145 1.959 2.0053 2.0536 2.1036 2.156 2.2106 2.2679 2.328 2.3913 2.4578 2.5282 2.6031 2.6841 2.7711 2.8651 2.9543 3.0459 3.1377 3.2246 3.2924 3.3441 3.3982 3.4596 3.5285 3.6057 
405.5 1.0561 1.0273 0.95928 0.93053 0.91683 0.90724 0.89949 0.89343 0.88847 0.88399 0.88001 0.87778 0.87779 0.8791 0.88129 0.88453 0.88896 0.89448 0.90095 0.90801 0.91527 0.9224 0.92913 0.9352 0.94076 0.94631 0.95175 0.9569 0.96186 0.96656 0.97134 0.97649 0.98185 0.98766 0.99366 1.0005 1.0072 1.0158 1.0254 1.0361 1.0477 1.0601 1.0733 1.0873 1.1021 1.1175 1.1337 1.1504 1.168 1.1862 1.2051 1.2248 1.2452 1.2663 1.2881 1.3106 1.334 1.358 1.383 1.4087 1.4353 1.4628 1.4912 1.5205 1.5507 1.5818 1.6139 1.647 1.6813 1.7167 1.7534 1.7914 1.8308 1.8719 1.9145 1.959 2.0053 2.0536 2.1036 2.156 2.2106 2.2679 2.328 2.3913 2.4578 2.5281 2.6031 2.6841 2.771 2.865 2.9543 3.0459 3.1377 3.2247 3.2926 3.3443 3.3985 3.4599 3.5289 3.606 
406 1.0562 1.0274 0.95935 0.9306 0.91689 0.90731 0.89956 0.89349 0.88854 0.88405 0.88008 0.87785 0.87787 0.87918 0.88136 0.8846 0.88903 0.89455 0.90102 0.90808 0.91534 0.92247 0.9292 0.93527 0.94082 0.94636 0.9518 0.95695 0.9619 0.9666 0.97139 0.97653 0.98189 0.98769 0.9937 1.0006 1.0072 1.0159 1.0254 1.0362 1.0477 1.0602 1.0734 1.0874 1.1021 1.1176 1.1337 1.1505 1.1681 1.1863 1.2052 1.2249 1.2452 1.2664 1.2882 1.3107 1.334 1.3581 1.3831 1.4087 1.4354 1.4629 1.4912 1.5206 1.5507 1.5818 1.6139 1.647 1.6813 1.7167 1.7534 1.7914 1.8309 1.872 1.9146 1.959 2.0053 2.0536 2.1036 2.156 2.2105 2.2679 2.328 2.3913 2.4577 2.5281 2.6031 2.684 2.771 2.865 2.9542 3.0459 3.1377 3.2247 3.2927 3.3445 3.3988 3.4604 3.5295 3.6067 
406.5 1.0563 1.0274 0.95941 0.93066 0.91696 0.90738 0.89963 0.89356 0.88861 0.88412 0.88016 0.87793 0.87794 0.87927 0.88144 0.88467 0.88909 0.89462 0.90109 0.90815 0.91541 0.92254 0.92927 0.93534 0.94089 0.94641 0.95186 0.957 0.96194 0.96664 0.97144 0.97656 0.98192 0.98773 0.99375 1.0006 1.0072 1.0159 1.0255 1.0362 1.0478 1.0602 1.0734 1.0875 1.1022 1.1176 1.1338 1.1505 1.1681 1.1864 1.2053 1.225 1.2453 1.2664 1.2882 1.3108 1.3341 1.3582 1.3831 1.4088 1.4355 1.463 1.4913 1.5206 1.5508 1.5819 1.614 1.6471 1.6814 1.7167 1.7535 1.7915 1.8309 1.872 1.9146 1.959 2.0053 2.0536 2.1036 2.156 2.2105 2.2679 2.328 2.3912 2.4577 2.528 2.603 2.684 2.7709 2.8649 2.9541 3.0458 3.1377 3.2248 3.2929 3.3448 3.3992 3.4609 3.53 3.6074 
407 1.0563 1.0275 0.95948 0.93073 0.91703 0.90745 0.8997 0.89363 0.88868 0.88419 0.88023 0.87801 0.87802 0.87935 0.88152 0.88474 0.88915 0.89469 0.90116 0.90821 0.91548 0.92262 0.92934 0.9354 0.94095 0.94647 0.95191 0.95705 0.96198 0.96668 0.97149 0.97659 0.98195 0.98777 0.99379 1.0006 1.0073 1.016 1.0255 1.0363 1.0478 1.0603 1.0735 1.0875 1.1023 1.1177 1.1339 1.1506 1.1682 1.1864 1.2053 1.2251 1.2454 1.2665 1.2883 1.3109 1.3342 1.3582 1.3832 1.4089 1.4355 1.4631 1.4914 1.5207 1.5508 1.5819 1.6141 1.6472 1.6814 1.7168 1.7535 1.7915 1.8309 1.872 1.9146 1.959 2.0053 2.0536 2.1036 2.156 2.2105 2.2679 2.3279 2.3912 2.4577 2.528 2.603 2.684 2.7708 2.8648 2.9541 3.0458 3.1377 3.2249 3.2931 3.345 3.3995 3.4613 3.5306 3.6081 
407.5 1.0564 1.0276 0.95956 0.9308 0.91709 0.90751 0.89976 0.8937 0.88875 0.88426 0.88029 0.87808 0.8781 0.87943 0.88159 0.88481 0.88922 0.89476 0.90121 0.90826 0.91554 0.92267 0.92939 0.93546 0.941 0.94652 0.95196 0.9571 0.96203 0.96672 0.97152 0.97662 0.98199 0.98781 0.99383 1.0007 1.0073 1.016 1.0255 1.0363 1.0478 1.0603 1.0736 1.0876 1.1023 1.1177 1.1339 1.1507 1.1683 1.1865 1.2054 1.2251 1.2455 1.2666 1.2884 1.3109 1.3343 1.3583 1.3833 1.4089 1.4356 1.4631 1.4914 1.5207 1.5509 1.582 1.6141 1.6472 1.6815 1.7168 1.7535 1.7915 1.831 1.872 1.9146 1.9591 2.0053 2.0536 2.1036 2.156 2.2105 2.2679 2.3279 2.3912 2.4576 2.528 2.6029 2.6839 2.7708 2.8648 2.954 3.0457 3.1375 3.2247 3.2928 3.3448 3.3993 3.4612 3.5307 3.6082 
408 1.0566 1.0277 0.95965 0.93087 0.91716 0.90758 0.89983 0.89377 0.88881 0.88432 0.88035 0.87815 0.87819 0.87951 0.88166 0.88489 0.88928 0.89482 0.90127 0.90832 0.91559 0.92272 0.92945 0.93551 0.94105 0.94657 0.95201 0.95715 0.96207 0.96677 0.97156 0.97666 0.98203 0.98785 0.99386 1.0007 1.0074 1.016 1.0256 1.0364 1.0479 1.0604 1.0736 1.0876 1.1024 1.1178 1.134 1.1507 1.1683 1.1866 1.2055 1.2252 1.2455 1.2667 1.2884 1.311 1.3343 1.3584 1.3833 1.409 1.4356 1.4632 1.4915 1.5208 1.5509 1.5821 1.6142 1.6472 1.6815 1.7169 1.7536 1.7916 1.831 1.8721 1.9146 1.9591 2.0053 2.0536 2.1037 2.156 2.2105 2.2679 2.3279 2.3912 2.4576 2.5279 2.6029 2.6839 2.7708 2.8647 2.9539 3.0456 3.1374 3.2244 3.2925 3.3445 3.3991 3.4612 3.5308 3.6084 
408.5 1.0567 1.0278 0.95973 0.93094 0.91723 0.90765 0.8999 0.89383 0.88888 0.88439 0.88041 0.87822 0.87827 0.87959 0.88173 0.88496 0.88935 0.89489 0.90133 0.90837 0.91565 0.92277 0.9295 0.93556 0.94111 0.94663 0.95205 0.95721 0.96212 0.96681 0.97159 0.97669 0.98207 0.98789 0.9939 1.0008 1.0074 1.0161 1.0256 1.0364 1.0479 1.0604 1.0737 1.0877 1.1024 1.1179 1.134 1.1508 1.1684 1.1866 1.2056 1.2253 1.2456 1.2667 1.2885 1.3111 1.3344 1.3584 1.3834 1.4091 1.4357 1.4632 1.4916 1.5209 1.551 1.5821 1.6142 1.6473 1.6815 1.7169 1.7536 1.7916 1.831 1.8721 1.9147 1.9591 2.0053 2.0536 2.1037 2.156 2.2105 2.2679 2.3279 2.3912 2.4576 2.5279 2.6029 2.6838 2.7707 2.8647 2.9539 3.0455 3.1372 3.2242 3.2923 3.3442 3.3989 3.4611 3.5309 3.6086 
409 1.0568 1.0279 0.95981 0.93101 0.91729 0.90772 0.89997 0.8939 0.88895 0.88445 0.88048 0.87829 0.87835 0.87967 0.88181 0.88502 0.88941 0.89496 0.90138 0.90843 0.91571 0.92283 0.92955 0.93562 0.94116 0.94668 0.9521 0.95726 0.96217 0.96685 0.97163 0.97672 0.9821 0.98793 0.99393 1.0008 1.0074 1.0161 1.0257 1.0364 1.048 1.0605 1.0737 1.0877 1.1025 1.1179 1.1341 1.1509 1.1685 1.1867 1.2056 1.2253 1.2457 1.2668 1.2886 1.3111 1.3345 1.3585 1.3834 1.4091 1.4357 1.4633 1.4916 1.5209 1.5511 1.5822 1.6143 1.6473 1.6816 1.7169 1.7536 1.7916 1.8311 1.8721 1.9147 1.9591 2.0054 2.0536 2.1037 2.156 2.2105 2.2679 2.3279 2.3911 2.4575 2.5279 2.6028 2.6838 2.7707 2.8646 2.9538 3.0454 3.1371 3.2241 3.2921 3.3441 3.3988 3.4611 3.531 3.6088 
409.5 1.0568 1.028 0.95989 0.93108 0.91736 0.90778 0.90003 0.89397 0.88902 0.88453 0.88056 0.87837 0.87842 0.87974 0.88188 0.88507 0.88948 0.89501 0.90145 0.9085 0.91576 0.92288 0.92961 0.93568 0.94122 0.94673 0.95215 0.9573 0.96221 0.96689 0.97167 0.97677 0.98214 0.98796 0.99396 1.0008 1.0075 1.0162 1.0257 1.0365 1.048 1.0605 1.0738 1.0878 1.1026 1.118 1.1342 1.1509 1.1685 1.1868 1.2057 1.2254 1.2457 1.2669 1.2886 1.3112 1.3345 1.3585 1.3835 1.4092 1.4358 1.4634 1.4917 1.521 1.5511 1.5822 1.6143 1.6474 1.6816 1.717 1.7537 1.7917 1.8311 1.8721 1.9147 1.9591 2.0054 2.0536 2.1037 2.156 2.2105 2.2678 2.3278 2.3911 2.4575 2.5278 2.6028 2.6837 2.7706 2.8646 2.9538 3.0454 3.1372 3.2242 3.2924 3.3445 3.3993 3.4616 3.5314 3.6093 
410 1.0569 1.0281 0.95997 0.93115 0.91743 0.90785 0.9001 0.89403 0.88909 0.8846 0.88064 0.87845 0.8785 0.87981 0.88195 0.88513 0.88954 0.89506 0.90151 0.90856 0.91582 0.92294 0.92967 0.93574 0.94127 0.94678 0.9522 0.95735 0.96225 0.96694 0.97172 0.97681 0.98218 0.98799 0.99399 1.0008 1.0075 1.0162 1.0257 1.0365 1.0481 1.0606 1.0738 1.0878 1.1026 1.118 1.1342 1.151 1.1686 1.1868 1.2058 1.2255 1.2458 1.2669 1.2887 1.3113 1.3346 1.3586 1.3836 1.4092 1.4359 1.4634 1.4917 1.521 1.5512 1.5823 1.6144 1.6474 1.6817 1.717 1.7537 1.7917 1.8311 1.8721 1.9147 1.9591 2.0054 2.0536 2.1037 2.156 2.2105 2.2678 2.3278 2.3911 2.4575 2.5278 2.6027 2.6837 2.7705 2.8645 2.9537 3.0454 3.1372 3.2244 3.2926 3.3448 3.3997 3.462 3.5319 3.6097 
410.5 1.057 1.0281 0.96005 0.93123 0.91749 0.90791 0.90017 0.8941 0.88915 0.88467 0.88072 0.87853 0.87857 0.87988 0.88203 0.88518 0.88961 0.89512 0.90158 0.90863 0.91588 0.92299 0.92973 0.9358 0.94133 0.94683 0.95225 0.95739 0.9623 0.96698 0.97176 0.97686 0.98222 0.98802 0.99403 1.0009 1.0075 1.0162 1.0258 1.0366 1.0481 1.0606 1.0738 1.0879 1.1027 1.1181 1.1343 1.151 1.1687 1.1869 1.2058 1.2255 1.2459 1.267 1.2888 1.3113 1.3347 1.3587 1.3836 1.4093 1.4359 1.4635 1.4918 1.5211 1.5512 1.5823 1.6144 1.6475 1.6817 1.7171 1.7538 1.7918 1.8312 1.8722 1.9147 1.9591 2.0054 2.0536 2.1037 2.1559 2.2105 2.2678 2.3278 2.3911 2.4575 2.5277 2.6027 2.6836 2.7705 2.8644 2.9537 3.0454 3.1373 3.2245 3.2929 3.3452 3.4001 3.4625 3.5323 3.6102 
411 1.0571 1.0282 0.96012 0.93129 0.91756 0.90798 0.90023 0.89417 0.88922 0.88475 0.8808 0.87861 0.87865 0.87995 0.8821 0.88524 0.88968 0.89518 0.90164 0.90869 0.91594 0.92305 0.92979 0.93586 0.94139 0.94689 0.9523 0.95744 0.96234 0.96702 0.9718 0.97691 0.98226 0.98806 0.99406 1.0009 1.0076 1.0163 1.0258 1.0366 1.0482 1.0607 1.0739 1.088 1.1027 1.1182 1.1344 1.1511 1.1687 1.187 1.2059 1.2256 1.2459 1.2671 1.2888 1.3114 1.3347 1.3587 1.3837 1.4094 1.436 1.4635 1.4918 1.5211 1.5513 1.5824 1.6145 1.6475 1.6818 1.7171 1.7538 1.7918 1.8312 1.8722 1.9148 1.9592 2.0054 2.0537 2.1037 2.1559 2.2105 2.2678 2.3278 2.391 2.4574 2.5277 2.6027 2.6836 2.7704 2.8644 2.9536 3.0453 3.1372 3.2245 3.2929 3.3453 3.4002 3.4626 3.5324 3.6104 
411.5 1.0572 1.0283 0.96018 0.93136 0.91763 0.90805 0.9003 0.89424 0.8893 0.88482 0.88088 0.87868 0.87872 0.88002 0.88217 0.88532 0.88975 0.89525 0.9017 0.90875 0.916 0.9231 0.92984 0.93593 0.94145 0.94695 0.95235 0.95749 0.9624 0.96707 0.97185 0.97695 0.98229 0.9881 0.9941 1.0009 1.0076 1.0163 1.0259 1.0367 1.0482 1.0607 1.074 1.088 1.1028 1.1182 1.1344 1.1512 1.1688 1.187 1.206 1.2257 1.246 1.2671 1.2889 1.3115 1.3348 1.3588 1.3838 1.4094 1.4361 1.4636 1.4919 1.5212 1.5513 1.5824 1.6145 1.6476 1.6818 1.7171 1.7538 1.7918 1.8312 1.8722 1.9148 1.9592 2.0054 2.0537 2.1037 2.1559 2.2105 2.2678 2.3278 2.391 2.4574 2.5277 2.6026 2.6835 2.7704 2.8643 2.9536 3.0452 3.1371 3.2244 3.2927 3.345 3.4 3.4623 3.5322 3.6102 
412 1.0573 1.0284 0.96024 0.93143 0.9177 0.90812 0.90037 0.89431 0.88937 0.8849 0.88096 0.87876 0.8788 0.88009 0.88224 0.88539 0.88982 0.89533 0.90177 0.90881 0.91606 0.92316 0.9299 0.93599 0.94151 0.947 0.9524 0.95754 0.96245 0.96713 0.9719 0.97699 0.98233 0.98814 0.99413 1.001 1.0076 1.0164 1.0259 1.0367 1.0483 1.0608 1.074 1.0881 1.1028 1.1183 1.1345 1.1512 1.1688 1.1871 1.206 1.2257 1.2461 1.2672 1.289 1.3115 1.3349 1.3589 1.3838 1.4095 1.4361 1.4636 1.492 1.5213 1.5514 1.5825 1.6146 1.6476 1.6819 1.7172 1.7539 1.7919 1.8313 1.8723 1.9148 1.9592 2.0055 2.0537 2.1037 2.1559 2.2104 2.2677 2.3277 2.391 2.4574 2.5276 2.6026 2.6835 2.7704 2.8643 2.9535 3.0452 3.137 3.2242 3.2925 3.3448 3.3997 3.4621 3.532 3.6101 
412.5 1.0574 1.0285 0.9603 0.93149 0.91777 0.90819 0.90044 0.89438 0.88944 0.88497 0.88103 0.87883 0.87887 0.88017 0.88231 0.88547 0.88989 0.8954 0.90183 0.90887 0.91612 0.92321 0.92995 0.93605 0.94157 0.94706 0.95246 0.95759 0.9625 0.96718 0.97194 0.97703 0.98237 0.98818 0.99417 1.001 1.0077 1.0164 1.0259 1.0368 1.0483 1.0608 1.0741 1.0881 1.1029 1.1183 1.1345 1.1513 1.1689 1.1871 1.2061 1.2258 1.2461 1.2673 1.2891 1.3116 1.3349 1.359 1.3839 1.4096 1.4362 1.4637 1.492 1.5213 1.5514 1.5825 1.6146 1.6477 1.6819 1.7172 1.7539 1.7919 1.8313 1.8723 1.9149 1.9592 2.0055 2.0537 2.1037 2.1559 2.2104 2.2677 2.3277 2.3909 2.4574 2.5276 2.6025 2.6835 2.7703 2.8643 2.9535 3.0451 3.1369 3.2241 3.2923 3.3446 3.3995 3.4619 3.5318 3.61 
413 1.0575 1.0286 0.96039 0.93157 0.91785 0.90826 0.90051 0.89446 0.88952 0.88505 0.88111 0.87891 0.87894 0.88024 0.88238 0.88554 0.88996 0.89547 0.9019 0.90893 0.91618 0.92328 0.93001 0.93609 0.94161 0.94711 0.95251 0.95763 0.96255 0.96722 0.97198 0.97707 0.98241 0.98822 0.99421 1.0011 1.0077 1.0164 1.026 1.0368 1.0484 1.0609 1.0741 1.0882 1.1029 1.1184 1.1346 1.1513 1.169 1.1872 1.2062 1.2259 1.2462 1.2673 1.2891 1.3117 1.335 1.359 1.384 1.4096 1.4363 1.4638 1.4921 1.5214 1.5515 1.5826 1.6146 1.6477 1.6819 1.7172 1.7539 1.7919 1.8313 1.8723 1.9149 1.9593 2.0055 2.0537 2.1037 2.1559 2.2104 2.2677 2.3277 2.3909 2.4573 2.5276 2.6025 2.6834 2.7703 2.8642 2.9534 3.045 3.1369 3.2241 3.2924 3.3447 3.3997 3.4622 3.5322 3.6103 
413.5 1.0576 1.0287 0.9605 0.93165 0.91792 0.90834 0.90059 0.89453 0.88959 0.88513 0.88119 0.87898 0.87901 0.88032 0.88246 0.88561 0.89002 0.89553 0.90196 0.90899 0.91623 0.92334 0.93006 0.93612 0.94165 0.94715 0.95255 0.95768 0.96259 0.96726 0.97202 0.97711 0.98245 0.98826 0.99425 1.0011 1.0078 1.0165 1.026 1.0368 1.0484 1.0609 1.0742 1.0882 1.103 1.1184 1.1346 1.1514 1.169 1.1873 1.2062 1.2259 1.2463 1.2674 1.2892 1.3117 1.3351 1.3591 1.384 1.4097 1.4363 1.4638 1.4921 1.5214 1.5515 1.5826 1.6147 1.6478 1.682 1.7173 1.754 1.7919 1.8313 1.8723 1.9149 1.9593 2.0055 2.0537 2.1037 2.156 2.2104 2.2677 2.3277 2.3909 2.4573 2.5276 2.6025 2.6834 2.7702 2.8641 2.9533 3.0449 3.1368 3.2241 3.2925 3.345 3.4001 3.4627 3.5328 3.6109 
414 1.0577 1.0288 0.96061 0.93174 0.918 0.90841 0.90067 0.89461 0.88967 0.8852 0.88127 0.87905 0.87909 0.8804 0.88253 0.88567 0.89008 0.8956 0.90202 0.90905 0.91629 0.9234 0.93012 0.93615 0.94169 0.9472 0.9526 0.95773 0.96263 0.9673 0.97205 0.97714 0.98249 0.98829 0.99429 1.0012 1.0078 1.0165 1.0261 1.0369 1.0485 1.0609 1.0742 1.0883 1.103 1.1185 1.1347 1.1515 1.1691 1.1873 1.2063 1.226 1.2463 1.2675 1.2893 1.3118 1.3351 1.3592 1.3841 1.4098 1.4364 1.4639 1.4922 1.5215 1.5516 1.5827 1.6147 1.6478 1.682 1.7173 1.754 1.792 1.8313 1.8723 1.9149 1.9593 2.0055 2.0537 2.1037 2.156 2.2104 2.2677 2.3276 2.3909 2.4572 2.5275 2.6024 2.6833 2.7701 2.864 2.9532 3.0449 3.1368 3.2242 3.2927 3.3453 3.4005 3.4632 3.5334 3.6115 
414.5 1.0579 1.029 0.96072 0.93182 0.91807 0.90849 0.90074 0.89468 0.88974 0.88528 0.88134 0.87913 0.87916 0.88048 0.88261 0.88574 0.89014 0.89566 0.90208 0.9091 0.91634 0.92346 0.93017 0.93618 0.94172 0.94724 0.95265 0.95777 0.96267 0.96734 0.97208 0.97718 0.98252 0.98833 0.99433 1.0012 1.0078 1.0166 1.0261 1.0369 1.0485 1.061 1.0743 1.0883 1.1031 1.1186 1.1348 1.1515 1.1691 1.1874 1.2064 1.2261 1.2464 1.2675 1.2893 1.3119 1.3352 1.3592 1.3842 1.4098 1.4364 1.4639 1.4922 1.5215 1.5516 1.5827 1.6148 1.6479 1.6821 1.7174 1.754 1.792 1.8314 1.8724 1.9149 1.9593 2.0055 2.0537 2.1037 2.156 2.2104 2.2676 2.3276 2.3909 2.4572 2.5275 2.6024 2.6833 2.7701 2.8639 2.9531 3.0448 3.1368 3.2242 3.2929 3.3456 3.401 3.4637 3.534 3.6121 
415 1.0579 1.029 0.96079 0.93189 0.91814 0.90856 0.90081 0.89476 0.88982 0.88536 0.88141 0.8792 0.87922 0.88054 0.88267 0.88581 0.89021 0.89572 0.90213 0.90917 0.9164 0.92352 0.93022 0.93625 0.94178 0.94729 0.95269 0.95781 0.96272 0.96738 0.97213 0.97722 0.98257 0.98837 0.99437 1.0013 1.0079 1.0166 1.0262 1.037 1.0485 1.061 1.0743 1.0884 1.1032 1.1186 1.1348 1.1516 1.1692 1.1875 1.2064 1.2261 1.2465 1.2676 1.2894 1.3119 1.3353 1.3593 1.3842 1.4099 1.4365 1.464 1.4923 1.5216 1.5517 1.5828 1.6148 1.6479 1.6821 1.7174 1.7541 1.792 1.8314 1.8724 1.9149 1.9593 2.0055 2.0537 2.1037 2.156 2.2104 2.2676 2.3276 2.3908 2.4572 2.5275 2.6023 2.6832 2.77 2.8639 2.9531 3.0448 3.1368 3.2241 3.2927 3.3454 3.4008 3.4637 3.5341 3.6125 
415.5 1.058 1.0291 0.96085 0.93196 0.91821 0.90863 0.90088 0.89483 0.88989 0.88543 0.88148 0.87927 0.87929 0.8806 0.88274 0.88589 0.89027 0.89578 0.90219 0.90923 0.91646 0.92357 0.93027 0.93632 0.94185 0.94734 0.95273 0.95786 0.96276 0.96743 0.97217 0.97727 0.98261 0.98841 0.99441 1.0013 1.0079 1.0166 1.0262 1.037 1.0486 1.0611 1.0744 1.0884 1.1032 1.1187 1.1349 1.1516 1.1693 1.1875 1.2065 1.2262 1.2465 1.2677 1.2894 1.312 1.3353 1.3593 1.3843 1.4099 1.4366 1.464 1.4924 1.5216 1.5517 1.5828 1.6149 1.6479 1.6821 1.7174 1.7541 1.792 1.8314 1.8724 1.9149 1.9593 2.0055 2.0537 2.1037 2.156 2.2103 2.2676 2.3276 2.3908 2.4571 2.5274 2.6023 2.6832 2.77 2.8639 2.9531 3.0447 3.1367 3.224 3.2926 3.3453 3.4007 3.4637 3.5342 3.6128 
416 1.0581 1.0292 0.96091 0.93203 0.91829 0.9087 0.90095 0.8949 0.88996 0.8855 0.88155 0.87935 0.87936 0.88067 0.8828 0.88596 0.89033 0.89584 0.90225 0.9093 0.91652 0.92363 0.93032 0.93639 0.94191 0.94739 0.95277 0.9579 0.96281 0.96748 0.97221 0.97731 0.98265 0.98845 0.99445 1.0013 1.008 1.0167 1.0262 1.0371 1.0486 1.0611 1.0744 1.0885 1.1033 1.1187 1.1349 1.1517 1.1693 1.1876 1.2065 1.2262 1.2466 1.2677 1.2895 1.3121 1.3354 1.3594 1.3844 1.41 1.4366 1.4641 1.4924 1.5217 1.5518 1.5829 1.6149 1.648 1.6822 1.7175 1.7541 1.7921 1.8314 1.8724 1.9149 1.9593 2.0055 2.0537 2.1037 2.1559 2.2103 2.2676 2.3276 2.3908 2.4571 2.5274 2.6023 2.6832 2.77 2.8639 2.9531 3.0447 3.1366 3.2239 3.2924 3.3451 3.4006 3.4636 3.5344 3.6131 
416.5 1.0582 1.0292 0.96097 0.93211 0.91836 0.90877 0.90102 0.89497 0.89003 0.88557 0.88162 0.87942 0.87943 0.88073 0.88286 0.88604 0.89039 0.8959 0.90231 0.90936 0.91658 0.92368 0.93037 0.93645 0.94197 0.94744 0.95282 0.95794 0.96285 0.96752 0.97225 0.97736 0.98269 0.98849 0.99449 1.0014 1.008 1.0167 1.0263 1.0371 1.0487 1.0612 1.0745 1.0885 1.1033 1.1188 1.135 1.1518 1.1694 1.1876 1.2066 1.2263 1.2466 1.2678 1.2896 1.3121 1.3355 1.3595 1.3844 1.4101 1.4367 1.4642 1.4925 1.5217 1.5518 1.5829 1.615 1.648 1.6822 1.7175 1.7541 1.7921 1.8315 1.8724 1.915 1.9593 2.0055 2.0537 2.1037 2.1559 2.2103 2.2676 2.3275 2.3907 2.4571 2.5273 2.6022 2.6831 2.7699 2.8639 2.953 3.0447 3.1366 3.2238 3.2923 3.3449 3.4004 3.4635 3.5343 3.6133 
417 1.0583 1.0294 0.96108 0.93219 0.91844 0.90885 0.9011 0.89504 0.89011 0.88564 0.8817 0.8795 0.87951 0.88079 0.88294 0.8861 0.89046 0.89596 0.90237 0.90941 0.91664 0.92374 0.93043 0.93649 0.94201 0.94749 0.95288 0.958 0.9629 0.96756 0.97229 0.97739 0.98273 0.98853 0.99453 1.0014 1.0081 1.0168 1.0263 1.0371 1.0487 1.0612 1.0745 1.0886 1.1034 1.1188 1.1351 1.1518 1.1694 1.1877 1.2066 1.2264 1.2467 1.2678 1.2896 1.3122 1.3355 1.3595 1.3845 1.4101 1.4367 1.4642 1.4925 1.5218 1.5519 1.5829 1.615 1.648 1.6822 1.7175 1.7542 1.7921 1.8315 1.8725 1.915 1.9593 2.0055 2.0537 2.1037 2.1559 2.2103 2.2676 2.3275 2.3907 2.4571 2.5273 2.6022 2.6831 2.7699 2.8638 2.953 3.0446 3.1365 3.2237 3.2921 3.3446 3.3999 3.4628 3.5335 3.6123 
417.5 1.0584 1.0295 0.96118 0.93227 0.91852 0.90892 0.90117 0.89511 0.89018 0.88571 0.88177 0.87957 0.87958 0.88086 0.88301 0.88616 0.89053 0.89602 0.90244 0.90946 0.9167 0.9238 0.93049 0.93654 0.94204 0.94753 0.95294 0.95806 0.96294 0.9676 0.97233 0.97743 0.98277 0.98858 0.99457 1.0014 1.0081 1.0168 1.0264 1.0372 1.0488 1.0613 1.0746 1.0886 1.1034 1.1189 1.1351 1.1519 1.1695 1.1878 1.2067 1.2264 1.2468 1.2679 1.2897 1.3123 1.3356 1.3596 1.3845 1.4102 1.4368 1.4643 1.4926 1.5218 1.5519 1.583 1.615 1.6481 1.6823 1.7176 1.7542 1.7921 1.8315 1.8725 1.915 1.9593 2.0055 2.0537 2.1037 2.1559 2.2103 2.2676 2.3275 2.3907 2.457 2.5273 2.6021 2.683 2.7698 2.8638 2.9529 3.0446 3.1364 3.2236 3.2919 3.3443 3.3994 3.4621 3.5326 3.6113 
418 1.0586 1.0296 0.96128 0.93236 0.9186 0.909 0.90125 0.89519 0.89025 0.88578 0.88185 0.87965 0.87966 0.88093 0.88308 0.88622 0.8906 0.89608 0.9025 0.90951 0.91675 0.92386 0.93055 0.93658 0.94208 0.94758 0.95299 0.95812 0.96298 0.96764 0.97238 0.97747 0.98281 0.98862 0.99461 1.0015 1.0081 1.0168 1.0264 1.0372 1.0488 1.0613 1.0746 1.0887 1.1035 1.1189 1.1352 1.1519 1.1696 1.1878 1.2068 1.2265 1.2468 1.268 1.2898 1.3123 1.3356 1.3596 1.3846 1.4102 1.4368 1.4643 1.4926 1.5219 1.552 1.583 1.6151 1.6481 1.6823 1.7176 1.7542 1.7922 1.8315 1.8725 1.915 1.9593 2.0055 2.0537 2.1037 2.1558 2.2103 2.2676 2.3275 2.3907 2.457 2.5272 2.6021 2.683 2.7698 2.8637 2.9529 3.0445 3.1364 3.2235 3.2917 3.3439 3.3989 3.4614 3.5317 3.6103 
418.5 1.0587 1.0298 0.96137 0.93244 0.91867 0.90908 0.90132 0.89526 0.89032 0.88584 0.88192 0.87972 0.87973 0.88099 0.88315 0.88629 0.89067 0.89614 0.90256 0.90956 0.91681 0.92391 0.9306 0.93663 0.94213 0.94763 0.95305 0.95817 0.96303 0.96768 0.97242 0.97751 0.98285 0.98866 0.99466 1.0015 1.0082 1.0169 1.0264 1.0373 1.0489 1.0614 1.0747 1.0887 1.1035 1.119 1.1352 1.152 1.1696 1.1879 1.2068 1.2266 1.2469 1.268 1.2898 1.3124 1.3357 1.3597 1.3846 1.4103 1.4369 1.4644 1.4927 1.5219 1.552 1.5831 1.6151 1.6481 1.6823 1.7176 1.7543 1.7922 1.8316 1.8725 1.915 1.9594 2.0055 2.0537 2.1036 2.1558 2.2103 2.2675 2.3275 2.3907 2.457 2.5272 2.602 2.6829 2.7698 2.8637 2.9528 3.0444 3.1362 3.2234 3.2915 3.3437 3.3986 3.4611 3.5314 3.61 
419 1.0588 1.0299 0.96143 0.93251 0.91875 0.90915 0.90139 0.89533 0.89039 0.88591 0.88198 0.87978 0.87978 0.88106 0.88321 0.88635 0.89073 0.89619 0.90261 0.90962 0.91686 0.92395 0.93064 0.93668 0.9422 0.9477 0.95309 0.95821 0.96309 0.96774 0.97248 0.97756 0.9829 0.98871 0.99471 1.0016 1.0082 1.0169 1.0265 1.0373 1.0489 1.0614 1.0747 1.0888 1.1036 1.119 1.1353 1.152 1.1697 1.1879 1.2069 1.2266 1.2469 1.2681 1.2899 1.3124 1.3358 1.3598 1.3847 1.4104 1.4369 1.4644 1.4927 1.522 1.552 1.5831 1.6152 1.6482 1.6824 1.7176 1.7543 1.7922 1.8316 1.8725 1.915 1.9594 2.0055 2.0537 2.1036 2.1559 2.2103 2.2675 2.3274 2.3906 2.4569 2.5271 2.602 2.6828 2.7697 2.8636 2.9527 3.0443 3.1361 3.2231 3.2913 3.3436 3.3987 3.4615 3.5319 3.6106 
419.5 1.0589 1.0299 0.9615 0.93258 0.91882 0.90921 0.90146 0.8954 0.89046 0.88597 0.88204 0.87984 0.87984 0.88112 0.88327 0.88642 0.89079 0.89625 0.90266 0.90967 0.91692 0.924 0.93068 0.93673 0.94226 0.94776 0.95314 0.95825 0.96315 0.9678 0.97253 0.97762 0.98295 0.98875 0.99475 1.0016 1.0083 1.017 1.0265 1.0374 1.049 1.0615 1.0747 1.0888 1.1036 1.1191 1.1353 1.1521 1.1697 1.188 1.2069 1.2267 1.247 1.2682 1.2899 1.3125 1.3358 1.3598 1.3848 1.4104 1.437 1.4645 1.4928 1.522 1.5521 1.5831 1.6152 1.6482 1.6824 1.7177 1.7543 1.7922 1.8316 1.8725 1.915 1.9594 2.0055 2.0537 2.1036 2.1559 2.2103 2.2675 2.3274 2.3906 2.4569 2.5271 2.6019 2.6828 2.7696 2.8635 2.9526 3.0442 3.1359 3.2229 3.2911 3.3435 3.3988 3.4618 3.5325 3.6113 
420 1.059 1.03 0.96157 0.93265 0.91889 0.90928 0.90153 0.89547 0.89052 0.88604 0.88211 0.87989 0.8799 0.88119 0.88333 0.88648 0.89086 0.89631 0.90271 0.90973 0.91697 0.92405 0.93072 0.93678 0.94233 0.94782 0.95318 0.95829 0.96321 0.96786 0.97258 0.97767 0.98301 0.98879 0.9948 1.0016 1.0083 1.017 1.0266 1.0374 1.049 1.0615 1.0748 1.0889 1.1037 1.1191 1.1354 1.1522 1.1698 1.188 1.207 1.2267 1.247 1.2682 1.29 1.3125 1.3359 1.3599 1.3848 1.4105 1.437 1.4645 1.4928 1.5221 1.5521 1.5832 1.6152 1.6482 1.6824 1.7177 1.7543 1.7922 1.8316 1.8725 1.915 1.9594 2.0055 2.0537 2.1036 2.1559 2.2103 2.2675 2.3274 2.3906 2.4568 2.527 2.6019 2.6827 2.7695 2.8634 2.9525 3.0441 3.1357 3.2226 3.2908 3.3433 3.3989 3.4622 3.5331 3.6119 
420.5 1.0591 1.0301 0.96166 0.93272 0.91896 0.90935 0.90159 0.89553 0.89059 0.8861 0.88217 0.87995 0.87996 0.88125 0.88339 0.88654 0.89091 0.89637 0.90277 0.90979 0.91702 0.92409 0.93077 0.93684 0.94238 0.94787 0.95323 0.95834 0.96326 0.96791 0.97263 0.97772 0.98305 0.98884 0.99484 1.0017 1.0083 1.0171 1.0266 1.0375 1.0491 1.0616 1.0748 1.0889 1.1037 1.1192 1.1354 1.1522 1.1698 1.1881 1.2071 1.2268 1.2471 1.2683 1.29 1.3126 1.3359 1.3599 1.3849 1.4105 1.4371 1.4646 1.4928 1.5221 1.5522 1.5832 1.6153 1.6483 1.6825 1.7177 1.7544 1.7923 1.8316 1.8725 1.915 1.9594 2.0055 2.0537 2.1036 2.1559 2.2102 2.2675 2.3274 2.3905 2.4568 2.527 2.6018 2.6827 2.7695 2.8634 2.9525 3.044 3.1357 3.2227 3.2909 3.3435 3.3991 3.4625 3.5334 3.6124 
421 1.0592 1.0302 0.96175 0.93281 0.91904 0.90943 0.90166 0.8956 0.89065 0.88617 0.88223 0.88001 0.88003 0.88132 0.88345 0.8866 0.89096 0.89643 0.90283 0.90985 0.91706 0.92414 0.93082 0.93688 0.94242 0.9479 0.95328 0.95839 0.96331 0.96795 0.97268 0.97776 0.9831 0.98888 0.99487 1.0017 1.0084 1.0171 1.0267 1.0375 1.0491 1.0616 1.0749 1.089 1.1038 1.1193 1.1355 1.1523 1.1699 1.1881 1.2071 1.2268 1.2472 1.2683 1.2901 1.3126 1.336 1.36 1.3849 1.4106 1.4372 1.4646 1.4929 1.5222 1.5522 1.5833 1.6153 1.6483 1.6825 1.7178 1.7544 1.7923 1.8316 1.8726 1.915 1.9594 2.0055 2.0537 2.1036 2.1558 2.2102 2.2675 2.3273 2.3905 2.4568 2.527 2.6018 2.6826 2.7694 2.8633 2.9525 3.0441 3.1358 3.2229 3.2912 3.3438 3.3994 3.4627 3.5337 3.6127 
421.5 1.0593 1.0303 0.96185 0.93289 0.91911 0.9095 0.90173 0.89566 0.89071 0.88624 0.88229 0.88007 0.8801 0.88139 0.88352 0.88666 0.89102 0.89649 0.90289 0.90991 0.91711 0.92419 0.93086 0.93693 0.94247 0.94794 0.95333 0.95844 0.96335 0.96799 0.97273 0.97781 0.98314 0.98893 0.99491 1.0018 1.0084 1.0171 1.0267 1.0376 1.0491 1.0616 1.0749 1.089 1.1038 1.1193 1.1355 1.1523 1.1699 1.1882 1.2072 1.2269 1.2472 1.2684 1.2901 1.3127 1.336 1.36 1.385 1.4106 1.4372 1.4647 1.4929 1.5222 1.5523 1.5833 1.6153 1.6483 1.6825 1.7178 1.7544 1.7923 1.8316 1.8726 1.9151 1.9594 2.0055 2.0537 2.1036 2.1558 2.2102 2.2674 2.3273 2.3905 2.4567 2.5269 2.6017 2.6826 2.7694 2.8633 2.9525 3.0441 3.1359 3.2231 3.2915 3.3441 3.3997 3.463 3.534 3.613 
422 1.0593 1.0304 0.96195 0.93297 0.91918 0.90957 0.9018 0.89573 0.89078 0.88631 0.88235 0.88014 0.88016 0.88146 0.88358 0.88672 0.89107 0.89656 0.90295 0.90997 0.91715 0.92424 0.93091 0.93698 0.94251 0.94798 0.95338 0.95849 0.9634 0.96804 0.97277 0.97785 0.98318 0.98898 0.99494 1.0018 1.0085 1.0172 1.0268 1.0376 1.0492 1.0617 1.075 1.089 1.1039 1.1194 1.1356 1.1524 1.17 1.1882 1.2072 1.2269 1.2473 1.2684 1.2902 1.3128 1.3361 1.3601 1.385 1.4106 1.4373 1.4647 1.493 1.5222 1.5523 1.5834 1.6154 1.6484 1.6826 1.7178 1.7544 1.7923 1.8317 1.8726 1.9151 1.9594 2.0055 2.0537 2.1036 2.1558 2.2102 2.2674 2.3273 2.3904 2.4567 2.5269 2.6017 2.6825 2.7693 2.8633 2.9525 3.0441 3.136 3.2233 3.2918 3.3444 3.4 3.4633 3.5342 3.6133 
422.5 1.0595 1.0305 0.96205 0.93305 0.91926 0.90964 0.90187 0.89579 0.89084 0.88637 0.88242 0.88021 0.88023 0.88152 0.88364 0.88678 0.89113 0.89662 0.90301 0.91002 0.91721 0.9243 0.93097 0.93703 0.94256 0.94802 0.95343 0.95854 0.96343 0.96808 0.97281 0.97789 0.98323 0.98902 0.99499 1.0018 1.0085 1.0172 1.0268 1.0377 1.0492 1.0617 1.075 1.0891 1.1039 1.1194 1.1356 1.1524 1.17 1.1883 1.2073 1.227 1.2473 1.2685 1.2902 1.3128 1.3361 1.3601 1.3851 1.4107 1.4373 1.4648 1.493 1.5223 1.5523 1.5834 1.6154 1.6484 1.6826 1.7178 1.7545 1.7924 1.8317 1.8726 1.9151 1.9594 2.0055 2.0537 2.1036 2.1558 2.2101 2.2674 2.3272 2.3904 2.4567 2.5269 2.6016 2.6825 2.7693 2.8632 2.9524 3.0441 3.136 3.2233 3.2918 3.3446 3.4002 3.4636 3.5346 3.6138 
423 1.0596 1.0307 0.96214 0.93313 0.91933 0.90971 0.90193 0.89586 0.8909 0.88643 0.88248 0.88029 0.8803 0.88159 0.8837 0.88683 0.8912 0.89669 0.90307 0.91008 0.91727 0.92436 0.93103 0.93709 0.94261 0.94807 0.95348 0.95858 0.96347 0.96812 0.97285 0.97793 0.98327 0.98906 0.99504 1.0019 1.0086 1.0173 1.0269 1.0377 1.0493 1.0618 1.0751 1.0892 1.104 1.1195 1.1357 1.1525 1.1701 1.1884 1.2073 1.227 1.2474 1.2685 1.2903 1.3129 1.3362 1.3602 1.3851 1.4107 1.4373 1.4648 1.4931 1.5223 1.5524 1.5834 1.6154 1.6484 1.6826 1.7179 1.7545 1.7924 1.8317 1.8726 1.9151 1.9594 2.0055 2.0537 2.1036 2.1558 2.2101 2.2673 2.3272 2.3904 2.4566 2.5268 2.6016 2.6825 2.7692 2.8632 2.9523 3.044 3.1359 3.2232 3.2918 3.3447 3.4005 3.464 3.5351 3.6143 
423.5 1.0598 1.0308 0.96224 0.93321 0.91941 0.90978 0.902 0.89592 0.89096 0.88648 0.88255 0.88036 0.88036 0.88166 0.88376 0.88689 0.89127 0.89675 0.90313 0.91013 0.91733 0.92442 0.93109 0.93714 0.94266 0.94812 0.95352 0.95862 0.9635 0.96816 0.97289 0.97797 0.98332 0.9891 0.99509 1.002 1.0086 1.0173 1.0269 1.0377 1.0493 1.0619 1.0751 1.0892 1.104 1.1195 1.1357 1.1525 1.1702 1.1884 1.2074 1.2271 1.2474 1.2686 1.2904 1.3129 1.3362 1.3602 1.3852 1.4108 1.4374 1.4649 1.4931 1.5224 1.5524 1.5835 1.6155 1.6485 1.6826 1.7179 1.7545 1.7924 1.8317 1.8726 1.9151 1.9594 2.0055 2.0537 2.1036 2.1558 2.2101 2.2673 2.3272 2.3903 2.4566 2.5268 2.6016 2.6824 2.7692 2.8631 2.9523 3.0439 3.1358 3.2231 3.2918 3.3448 3.4007 3.4643 3.5355 3.6149 
424 1.06 1.031 0.96234 0.93329 0.91948 0.90985 0.90206 0.89598 0.89103 0.88654 0.88262 0.88044 0.88043 0.88172 0.88382 0.88695 0.89133 0.89682 0.90319 0.91019 0.91739 0.92448 0.93115 0.93719 0.94271 0.94817 0.95357 0.95867 0.96354 0.9682 0.97293 0.97801 0.98336 0.98915 0.99514 1.002 1.0087 1.0174 1.027 1.0378 1.0494 1.0619 1.0752 1.0893 1.1041 1.1196 1.1358 1.1526 1.1702 1.1885 1.2075 1.2272 1.2475 1.2686 1.2904 1.313 1.3363 1.3603 1.3852 1.4108 1.4374 1.4649 1.4931 1.5224 1.5525 1.5835 1.6155 1.6485 1.6827 1.7179 1.7545 1.7924 1.8317 1.8727 1.9151 1.9594 2.0056 2.0536 2.1036 2.1557 2.2101 2.2673 2.3272 2.3903 2.4566 2.5267 2.6015 2.6824 2.7691 2.863 2.9522 3.0438 3.1357 3.2231 3.2918 3.3449 3.401 3.4646 3.536 3.6154 
424.5 1.06 1.031 0.9624 0.93336 0.91954 0.90991 0.90213 0.89605 0.89109 0.88661 0.88269 0.88049 0.88049 0.88179 0.88388 0.88702 0.89139 0.89687 0.90324 0.91024 0.91745 0.92453 0.93121 0.93725 0.94277 0.94823 0.9536 0.95871 0.96358 0.96824 0.97297 0.97806 0.9834 0.98919 0.99519 1.0021 1.0087 1.0174 1.027 1.0378 1.0495 1.062 1.0753 1.0893 1.1041 1.1196 1.1358 1.1526 1.1703 1.1886 1.2075 1.2272 1.2476 1.2687 1.2905 1.313 1.3363 1.3603 1.3853 1.4109 1.4375 1.4649 1.4932 1.5224 1.5525 1.5835 1.6156 1.6485 1.6827 1.718 1.7545 1.7924 1.8317 1.8727 1.9151 1.9594 2.0055 2.0536 2.1036 2.1557 2.2101 2.2673 2.3271 2.3903 2.4565 2.5267 2.6015 2.6823 2.7691 2.863 2.9521 3.0438 3.1356 3.223 3.2917 3.3448 3.4009 3.4647 3.5361 3.6156 
425 1.0601 1.0311 0.96247 0.93342 0.91961 0.90998 0.90219 0.89612 0.89116 0.88668 0.88276 0.88054 0.88054 0.88186 0.88395 0.88709 0.89145 0.89692 0.90329 0.91029 0.91751 0.92457 0.93126 0.93731 0.94283 0.94828 0.95364 0.95875 0.96363 0.96829 0.97301 0.9781 0.98343 0.98923 0.99523 1.0021 1.0088 1.0175 1.0271 1.0379 1.0495 1.062 1.0753 1.0894 1.1042 1.1197 1.1359 1.1527 1.1703 1.1886 1.2076 1.2273 1.2476 1.2687 1.2905 1.3131 1.3364 1.3604 1.3853 1.4109 1.4375 1.465 1.4932 1.5225 1.5525 1.5836 1.6156 1.6486 1.6827 1.718 1.7546 1.7924 1.8317 1.8727 1.9151 1.9594 2.0055 2.0536 2.1035 2.1557 2.21 2.2672 2.3271 2.3902 2.4565 2.5267 2.6015 2.6823 2.7691 2.863 2.9521 3.0437 3.1356 3.2229 3.2917 3.3448 3.4009 3.4648 3.5363 3.6158 
425.5 1.0601 1.0311 0.96253 0.93349 0.91967 0.91004 0.90226 0.89618 0.89123 0.88675 0.88283 0.8806 0.8806 0.88192 0.88401 0.88716 0.89151 0.89697 0.90334 0.91035 0.91757 0.92462 0.93132 0.93737 0.9429 0.94834 0.95368 0.95879 0.96368 0.96833 0.97305 0.97814 0.98346 0.98926 0.99528 1.0021 1.0088 1.0175 1.0271 1.038 1.0495 1.0621 1.0754 1.0894 1.1042 1.1197 1.1359 1.1527 1.1704 1.1887 1.2076 1.2273 1.2477 1.2688 1.2906 1.3131 1.3364 1.3604 1.3854 1.411 1.4376 1.465 1.4933 1.5225 1.5526 1.5836 1.6156 1.6486 1.6828 1.718 1.7546 1.7925 1.8318 1.8727 1.9151 1.9594 2.0055 2.0536 2.1035 2.1557 2.21 2.2672 2.3271 2.3902 2.4565 2.5266 2.6014 2.6822 2.769 2.8629 2.9521 3.0437 3.1355 3.2229 3.2916 3.3447 3.4009 3.4648 3.5364 3.616 
426 1.0602 1.0312 0.9626 0.93355 0.91974 0.9101 0.90232 0.89625 0.8913 0.88682 0.8829 0.88066 0.88066 0.88199 0.88408 0.88722 0.89156 0.89702 0.90339 0.9104 0.91763 0.92467 0.93138 0.93743 0.94295 0.94839 0.95372 0.95883 0.96372 0.96837 0.97309 0.97819 0.9835 0.9893 0.99532 1.0022 1.0088 1.0176 1.0271 1.038 1.0496 1.0621 1.0754 1.0895 1.1043 1.1198 1.136 1.1528 1.1704 1.1887 1.2077 1.2274 1.2477 1.2688 1.2906 1.3132 1.3365 1.3605 1.3854 1.411 1.4376 1.4651 1.4933 1.5226 1.5526 1.5836 1.6157 1.6486 1.6828 1.718 1.7546 1.7925 1.8318 1.8727 1.9151 1.9594 2.0055 2.0536 2.1035 2.1556 2.21 2.2672 2.3271 2.3902 2.4564 2.5266 2.6014 2.6822 2.769 2.8629 2.952 3.0436 3.1355 3.2228 3.2915 3.3447 3.4009 3.4648 3.5365 3.6161 
426.5 1.0603 1.0313 0.96268 0.93363 0.91981 0.91017 0.90239 0.89631 0.89136 0.88689 0.88296 0.88073 0.88073 0.88205 0.88415 0.88728 0.89161 0.89708 0.90344 0.91046 0.91768 0.92473 0.93143 0.93748 0.943 0.94844 0.95378 0.95888 0.96377 0.96841 0.97314 0.97822 0.98356 0.98935 0.99536 1.0022 1.0089 1.0176 1.0272 1.038 1.0496 1.0622 1.0755 1.0896 1.1044 1.1198 1.1361 1.1529 1.1705 1.1888 1.2077 1.2274 1.2478 1.2689 1.2907 1.3132 1.3365 1.3605 1.3855 1.4111 1.4377 1.4651 1.4934 1.5226 1.5526 1.5837 1.6157 1.6487 1.6828 1.718 1.7546 1.7925 1.8318 1.8727 1.9151 1.9594 2.0055 2.0536 2.1035 2.1556 2.21 2.2671 2.327 2.3901 2.4564 2.5265 2.6013 2.6821 2.7689 2.8628 2.9519 3.0436 3.1354 3.2228 3.2915 3.3446 3.4008 3.4648 3.5364 3.6161 
427 1.0605 1.0314 0.96276 0.93371 0.91988 0.91024 0.90245 0.89638 0.89143 0.88695 0.88302 0.8808 0.88079 0.88211 0.88422 0.88734 0.89167 0.89713 0.90349 0.91052 0.91774 0.92479 0.93149 0.93753 0.94304 0.94848 0.95383 0.95893 0.96381 0.96845 0.97318 0.97826 0.98361 0.98939 0.99539 1.0023 1.0089 1.0177 1.0272 1.0381 1.0497 1.0622 1.0755 1.0896 1.1044 1.1199 1.1361 1.1529 1.1706 1.1888 1.2078 1.2275 1.2478 1.269 1.2907 1.3133 1.3366 1.3606 1.3855 1.4111 1.4377 1.4652 1.4934 1.5226 1.5527 1.5837 1.6157 1.6487 1.6828 1.7181 1.7546 1.7925 1.8318 1.8727 1.9151 1.9594 2.0055 2.0536 2.1035 2.1556 2.2099 2.2671 2.327 2.3901 2.4564 2.5265 2.6013 2.6821 2.7688 2.8627 2.9519 3.0435 3.1354 3.2227 3.2915 3.3446 3.4008 3.4647 3.5363 3.616 
427.5 1.0606 1.0315 0.96285 0.93378 0.91995 0.91031 0.90252 0.89644 0.89149 0.88702 0.88308 0.88087 0.88086 0.88217 0.88428 0.88739 0.89172 0.89719 0.90354 0.91057 0.9178 0.92485 0.93155 0.93757 0.94309 0.94853 0.95388 0.95898 0.96385 0.96849 0.97322 0.9783 0.98366 0.98943 0.99543 1.0023 1.009 1.0177 1.0273 1.0381 1.0497 1.0623 1.0756 1.0897 1.1045 1.12 1.1362 1.153 1.1706 1.1889 1.2078 1.2275 1.2479 1.269 1.2908 1.3133 1.3366 1.3606 1.3855 1.4112 1.4377 1.4652 1.4935 1.5227 1.5527 1.5837 1.6157 1.6487 1.6829 1.7181 1.7546 1.7925 1.8318 1.8727 1.9151 1.9594 2.0055 2.0536 2.1035 2.1556 2.2099 2.2671 2.3269 2.3901 2.4563 2.5264 2.6012 2.682 2.7688 2.8627 2.9518 3.0435 3.1353 3.2227 3.2914 3.3445 3.4007 3.4646 3.5362 3.616 
428 1.0607 1.0316 0.96293 0.93385 0.92002 0.91037 0.90258 0.8965 0.89155 0.88708 0.88314 0.88093 0.88092 0.88223 0.88434 0.88745 0.89178 0.89725 0.9036 0.91063 0.91785 0.92491 0.9316 0.93762 0.94313 0.94858 0.95393 0.95903 0.96389 0.96854 0.97327 0.97834 0.9837 0.98948 0.99547 1.0024 1.009 1.0177 1.0273 1.0382 1.0498 1.0623 1.0756 1.0897 1.1045 1.12 1.1362 1.153 1.1707 1.1889 1.2079 1.2276 1.2479 1.2691 1.2908 1.3134 1.3367 1.3607 1.3856 1.4112 1.4378 1.4652 1.4935 1.5227 1.5527 1.5838 1.6158 1.6487 1.6829 1.7181 1.7547 1.7926 1.8318 1.8727 1.9151 1.9594 2.0055 2.0536 2.1035 2.1556 2.2099 2.2671 2.3269 2.39 2.4563 2.5264 2.6011 2.682 2.7687 2.8626 2.9518 3.0434 3.1353 3.2226 3.2913 3.3444 3.4006 3.4645 3.5362 3.6159 
428.5 1.0607 1.0317 0.96301 0.93392 0.92008 0.91043 0.90264 0.89656 0.89161 0.88713 0.8832 0.881 0.88098 0.88229 0.88439 0.88751 0.89185 0.89731 0.90367 0.91068 0.91789 0.92496 0.93164 0.93766 0.94316 0.94862 0.95398 0.95908 0.96394 0.96858 0.97331 0.97839 0.98375 0.98952 0.99552 1.0024 1.0091 1.0178 1.0274 1.0382 1.0498 1.0624 1.0757 1.0898 1.1046 1.1201 1.1363 1.1531 1.1707 1.189 1.2079 1.2276 1.248 1.2691 1.2909 1.3134 1.3367 1.3607 1.3856 1.4112 1.4378 1.4653 1.4935 1.5228 1.5528 1.5838 1.6158 1.6488 1.6829 1.7181 1.7547 1.7926 1.8318 1.8727 1.9151 1.9594 2.0055 2.0536 2.1035 2.1556 2.2099 2.267 2.3269 2.39 2.4562 2.5263 2.6011 2.6819 2.7687 2.8626 2.9517 3.0434 3.1352 3.2225 3.2911 3.3442 3.4004 3.4644 3.5361 3.6158 
429 1.0608 1.0318 0.96309 0.93399 0.92015 0.9105 0.9027 0.89662 0.89166 0.88718 0.88325 0.88106 0.88105 0.88234 0.88444 0.88757 0.89192 0.89737 0.90375 0.91073 0.91794 0.92501 0.93169 0.9377 0.9432 0.94867 0.95402 0.95913 0.96399 0.96863 0.97336 0.97843 0.98379 0.98957 0.99557 1.0024 1.0091 1.0178 1.0274 1.0383 1.0499 1.0624 1.0757 1.0898 1.1046 1.1201 1.1363 1.1531 1.1708 1.189 1.208 1.2277 1.248 1.2692 1.2909 1.3135 1.3368 1.3608 1.3857 1.4113 1.4379 1.4653 1.4936 1.5228 1.5528 1.5838 1.6158 1.6488 1.6829 1.7181 1.7547 1.7926 1.8318 1.8727 1.9152 1.9594 2.0055 2.0536 2.1034 2.1556 2.2098 2.267 2.3268 2.39 2.4562 2.5263 2.6011 2.6819 2.7686 2.8625 2.9517 3.0433 3.1351 3.2223 3.291 3.344 3.4002 3.4643 3.536 3.6158 
429.5 1.0609 1.0319 0.96317 0.93406 0.92021 0.91056 0.90276 0.89668 0.89171 0.88722 0.88331 0.88112 0.88111 0.8824 0.88449 0.88763 0.89198 0.89743 0.90382 0.91078 0.91798 0.92505 0.93173 0.93774 0.94324 0.94871 0.95407 0.95918 0.96404 0.96868 0.9734 0.97847 0.98383 0.98961 0.99561 1.0025 1.0091 1.0179 1.0275 1.0383 1.0499 1.0625 1.0758 1.0899 1.1047 1.1202 1.1364 1.1532 1.1708 1.1891 1.208 1.2278 1.2481 1.2692 1.291 1.3135 1.3368 1.3608 1.3857 1.4113 1.4379 1.4654 1.4936 1.5228 1.5528 1.5839 1.6159 1.6488 1.6829 1.7182 1.7547 1.7926 1.8319 1.8727 1.9152 1.9594 2.0055 2.0535 2.1034 2.1556 2.2098 2.267 2.3268 2.3899 2.4561 2.5263 2.601 2.6818 2.7686 2.8625 2.9517 3.0433 3.135 3.2222 3.2908 3.3438 3.4 3.4641 3.536 3.6157 
430 1.061 1.032 0.96326 0.93414 0.92027 0.91062 0.90282 0.89674 0.89177 0.88729 0.88337 0.88117 0.88117 0.88246 0.88455 0.88769 0.89204 0.89749 0.90387 0.91084 0.91803 0.9251 0.93178 0.93779 0.94329 0.94876 0.95412 0.95923 0.96408 0.96872 0.97345 0.97852 0.98388 0.98966 0.99565 1.0025 1.0092 1.0179 1.0275 1.0384 1.05 1.0625 1.0758 1.0899 1.1047 1.1202 1.1364 1.1532 1.1709 1.1891 1.2081 1.2278 1.2481 1.2693 1.291 1.3136 1.3369 1.3609 1.3858 1.4114 1.438 1.4654 1.4936 1.5229 1.5529 1.5839 1.6159 1.6489 1.683 1.7182 1.7547 1.7926 1.8319 1.8727 1.9152 1.9594 2.0055 2.0535 2.1034 2.1555 2.2098 2.267 2.3268 2.3899 2.4561 2.5262 2.601 2.6818 2.7685 2.8624 2.9516 3.0432 3.135 3.2222 3.2908 3.3439 3.4003 3.4645 3.5364 3.6162 
430.5 1.0611 1.0321 0.96336 0.93421 0.92034 0.91068 0.90289 0.8968 0.89184 0.88735 0.88343 0.88123 0.88123 0.88252 0.88462 0.88775 0.89209 0.89754 0.90393 0.91089 0.91808 0.92515 0.93183 0.93785 0.94335 0.94881 0.95417 0.95927 0.96413 0.96876 0.9735 0.97857 0.98392 0.9897 0.99569 1.0026 1.0092 1.018 1.0276 1.0384 1.05 1.0626 1.0759 1.09 1.1048 1.1203 1.1365 1.1533 1.1709 1.1892 1.2081 1.2279 1.2482 1.2693 1.2911 1.3136 1.3369 1.3609 1.3858 1.4114 1.438 1.4655 1.4937 1.5229 1.5529 1.5839 1.6159 1.6489 1.683 1.7182 1.7547 1.7926 1.8319 1.8727 1.9151 1.9594 2.0055 2.0535 2.1034 2.1555 2.2098 2.2669 2.3267 2.3898 2.456 2.5262 2.6009 2.6817 2.7685 2.8623 2.9515 3.0431 3.1349 3.2222 3.2909 3.3442 3.4006 3.465 3.537 3.617 
431 1.0612 1.0322 0.96345 0.93429 0.9204 0.91074 0.90295 0.89686 0.8919 0.88742 0.88348 0.88128 0.88129 0.88258 0.88468 0.88781 0.89215 0.8976 0.90398 0.91095 0.91813 0.9252 0.93188 0.9379 0.94341 0.94886 0.95421 0.95931 0.96417 0.9688 0.97355 0.97863 0.98397 0.98975 0.99573 1.0026 1.0093 1.018 1.0276 1.0385 1.0501 1.0626 1.0759 1.09 1.1048 1.1203 1.1365 1.1533 1.171 1.1892 1.2082 1.2279 1.2482 1.2694 1.2911 1.3137 1.337 1.361 1.3859 1.4115 1.438 1.4655 1.4937 1.523 1.553 1.584 1.616 1.6489 1.683 1.7182 1.7548 1.7926 1.8319 1.8727 1.9151 1.9594 2.0054 2.0535 2.1034 2.1555 2.2097 2.2669 2.3267 2.3898 2.456 2.5261 2.6009 2.6816 2.7684 2.8623 2.9514 3.043 3.1348 3.2221 3.291 3.3444 3.401 3.4655 3.5377 3.6178 
431.5 1.0613 1.0323 0.96354 0.93436 0.92047 0.9108 0.90301 0.89692 0.89197 0.88748 0.88354 0.88133 0.88135 0.88264 0.88475 0.88787 0.8922 0.89765 0.90404 0.91101 0.91818 0.92526 0.93193 0.93796 0.94346 0.94891 0.95426 0.95935 0.96422 0.96885 0.97359 0.97868 0.98402 0.98979 0.99577 1.0026 1.0093 1.0181 1.0277 1.0385 1.0501 1.0627 1.076 1.0901 1.1049 1.1204 1.1366 1.1534 1.171 1.1893 1.2083 1.228 1.2483 1.2694 1.2912 1.3137 1.337 1.361 1.3859 1.4115 1.4381 1.4655 1.4938 1.523 1.553 1.584 1.616 1.6489 1.683 1.7182 1.7548 1.7926 1.8319 1.8727 1.9151 1.9594 2.0054 2.0535 2.1033 2.1554 2.2097 2.2669 2.3267 2.3898 2.456 2.5261 2.6008 2.6816 2.7683 2.8622 2.9513 3.0429 3.1347 3.2221 3.2911 3.3446 3.4014 3.466 3.5383 3.6186 
432 1.0614 1.0324 0.96362 0.93443 0.92053 0.91086 0.90307 0.89698 0.89203 0.88755 0.88361 0.88139 0.88142 0.88271 0.8848 0.88792 0.89225 0.8977 0.90408 0.91105 0.91823 0.92529 0.93196 0.938 0.94351 0.94895 0.9543 0.9594 0.96427 0.96889 0.97364 0.97872 0.98406 0.98983 0.99582 1.0027 1.0094 1.0181 1.0277 1.0386 1.0502 1.0627 1.076 1.0901 1.1049 1.1204 1.1366 1.1534 1.1711 1.1893 1.2083 1.228 1.2483 1.2695 1.2912 1.3138 1.3371 1.3611 1.386 1.4116 1.4381 1.4656 1.4938 1.523 1.553 1.5841 1.616 1.649 1.6831 1.7182 1.7548 1.7926 1.8319 1.8727 1.9151 1.9594 2.0054 2.0535 2.1033 2.1554 2.2097 2.2668 2.3266 2.3897 2.4559 2.526 2.6008 2.6815 2.7683 2.8622 2.9513 3.0429 3.1348 3.2222 3.2911 3.3446 3.4014 3.4659 3.5382 3.6185 
432.5 1.0614 1.0324 0.96369 0.9345 0.92059 0.91092 0.90313 0.89704 0.89209 0.88762 0.88368 0.88145 0.88149 0.88277 0.88486 0.88797 0.8923 0.89775 0.90411 0.91109 0.91828 0.92533 0.932 0.93804 0.94355 0.94899 0.95435 0.95944 0.96432 0.96894 0.97368 0.97876 0.9841 0.98988 0.99587 1.0027 1.0094 1.0182 1.0278 1.0386 1.0502 1.0628 1.0761 1.0902 1.105 1.1205 1.1367 1.1535 1.1711 1.1894 1.2084 1.2281 1.2484 1.2695 1.2913 1.3138 1.3371 1.3611 1.386 1.4116 1.4382 1.4656 1.4938 1.523 1.5531 1.5841 1.6161 1.649 1.6831 1.7183 1.7548 1.7926 1.8319 1.8727 1.9151 1.9593 2.0054 2.0534 2.1033 2.1554 2.2097 2.2668 2.3266 2.3897 2.4559 2.526 2.6007 2.6815 2.7683 2.8621 2.9513 3.0429 3.1348 3.2223 3.2912 3.3446 3.4013 3.4658 3.5381 3.6183 
433 1.0615 1.0325 0.96377 0.93457 0.92065 0.91098 0.90319 0.8971 0.89215 0.88768 0.88375 0.88152 0.88156 0.88283 0.88492 0.88802 0.89235 0.8978 0.90415 0.91114 0.91833 0.92536 0.93204 0.93808 0.94359 0.94903 0.9544 0.95948 0.96436 0.96899 0.97372 0.9788 0.98414 0.98993 0.99592 1.0028 1.0095 1.0182 1.0278 1.0387 1.0503 1.0628 1.0761 1.0902 1.105 1.1205 1.1367 1.1535 1.1712 1.1894 1.2084 1.2281 1.2485 1.2696 1.2914 1.3139 1.3372 1.3612 1.3861 1.4116 1.4382 1.4656 1.4939 1.5231 1.5531 1.5841 1.6161 1.649 1.6831 1.7183 1.7548 1.7926 1.8319 1.8727 1.9151 1.9593 2.0054 2.0534 2.1033 2.1554 2.2096 2.2668 2.3266 2.3897 2.4558 2.5259 2.6007 2.6815 2.7682 2.8621 2.9513 3.043 3.1349 3.2223 3.2912 3.3446 3.4013 3.4657 3.5379 3.6182 
433.5 1.0615 1.0326 0.96384 0.93464 0.92072 0.91105 0.90325 0.89716 0.89221 0.88774 0.88381 0.88158 0.88163 0.88289 0.88498 0.88807 0.8924 0.89785 0.90419 0.91118 0.91837 0.9254 0.93208 0.93812 0.94364 0.94907 0.95444 0.95953 0.96441 0.96904 0.97376 0.97884 0.98418 0.98997 0.99597 1.0028 1.0095 1.0183 1.0279 1.0387 1.0503 1.0629 1.0762 1.0903 1.1051 1.1206 1.1368 1.1536 1.1712 1.1895 1.2085 1.2282 1.2485 1.2696 1.2914 1.3139 1.3372 1.3612 1.3861 1.4117 1.4383 1.4657 1.4939 1.5231 1.5531 1.5841 1.6161 1.649 1.6831 1.7183 1.7549 1.7927 1.8319 1.8727 1.9151 1.9593 2.0054 2.0534 2.1033 2.1554 2.2096 2.2667 2.3266 2.3896 2.4558 2.5259 2.6006 2.6814 2.7682 2.8621 2.9513 3.043 3.1349 3.2224 3.2912 3.3446 3.4012 3.4656 3.5378 3.618 
434 1.0617 1.0327 0.96391 0.93471 0.92079 0.91111 0.90331 0.89723 0.89227 0.88779 0.88386 0.88164 0.88168 0.88294 0.88502 0.88811 0.89244 0.89789 0.90425 0.91123 0.91842 0.92545 0.93214 0.93818 0.94368 0.94912 0.95449 0.95957 0.96446 0.96909 0.97381 0.97889 0.98423 0.99001 0.99601 1.0029 1.0096 1.0183 1.0279 1.0388 1.0504 1.0629 1.0762 1.0903 1.1051 1.1206 1.1368 1.1536 1.1713 1.1895 1.2085 1.2282 1.2485 1.2697 1.2914 1.314 1.3373 1.3612 1.3861 1.4117 1.4383 1.4657 1.4939 1.5231 1.5531 1.5842 1.6161 1.6491 1.6832 1.7183 1.7549 1.7927 1.8319 1.8727 1.9151 1.9593 2.0054 2.0534 2.1032 2.1554 2.2096 2.2667 2.3265 2.3896 2.4558 2.5259 2.6006 2.6814 2.7682 2.8621 2.9513 3.0429 3.1349 3.2223 3.2911 3.3445 3.401 3.4654 3.5376 3.6177 
434.5 1.0619 1.0329 0.96398 0.93477 0.92086 0.91118 0.90337 0.89729 0.89233 0.88784 0.8839 0.8817 0.88174 0.88299 0.88507 0.88815 0.89248 0.89794 0.9043 0.91128 0.91847 0.92551 0.9322 0.93823 0.94373 0.94917 0.95454 0.95962 0.9645 0.96913 0.97386 0.97894 0.98428 0.99006 0.99605 1.0029 1.0096 1.0184 1.028 1.0388 1.0504 1.063 1.0763 1.0903 1.1052 1.1207 1.1369 1.1537 1.1713 1.1896 1.2086 1.2283 1.2486 1.2697 1.2915 1.314 1.3373 1.3613 1.3862 1.4118 1.4383 1.4658 1.494 1.5232 1.5532 1.5842 1.6162 1.6491 1.6832 1.7183 1.7549 1.7927 1.8319 1.8727 1.9151 1.9593 2.0054 2.0534 2.1032 2.1553 2.2096 2.2667 2.3265 2.3896 2.4557 2.5258 2.6006 2.6814 2.7681 2.862 2.9512 3.0429 3.1348 3.2222 3.291 3.3444 3.4009 3.4652 3.5373 3.6174 
435 1.0621 1.033 0.96405 0.93484 0.92094 0.91124 0.90344 0.89735 0.89239 0.88789 0.88395 0.88177 0.88179 0.88305 0.88512 0.88819 0.89252 0.89798 0.90436 0.91133 0.91852 0.92556 0.93225 0.93829 0.94378 0.94922 0.95459 0.95966 0.96455 0.96918 0.97391 0.97899 0.98433 0.9901 0.99609 1.003 1.0097 1.0184 1.028 1.0389 1.0505 1.063 1.0763 1.0904 1.1052 1.1207 1.1369 1.1537 1.1714 1.1896 1.2086 1.2283 1.2486 1.2698 1.2915 1.3141 1.3374 1.3613 1.3862 1.4118 1.4384 1.4658 1.494 1.5232 1.5532 1.5842 1.6162 1.6491 1.6832 1.7184 1.7549 1.7927 1.8319 1.8727 1.9151 1.9593 2.0054 2.0534 2.1032 2.1553 2.2096 2.2667 2.3265 2.3895 2.4557 2.5258 2.6005 2.6813 2.7681 2.862 2.9512 3.0428 3.1347 3.2221 3.2909 3.3442 3.4007 3.4651 3.5371 3.6171 
435.5 1.0622 1.0331 0.96412 0.93491 0.921 0.91131 0.9035 0.89741 0.89245 0.88795 0.884 0.88182 0.88185 0.8831 0.88517 0.88823 0.89257 0.89802 0.90441 0.91138 0.91856 0.92561 0.9323 0.93833 0.94383 0.94927 0.95464 0.95971 0.9646 0.96923 0.97395 0.97903 0.98438 0.99015 0.99613 1.003 1.0097 1.0185 1.0281 1.0389 1.0505 1.0631 1.0764 1.0904 1.1053 1.1208 1.137 1.1538 1.1714 1.1897 1.2087 1.2284 1.2487 1.2698 1.2916 1.3141 1.3374 1.3614 1.3863 1.4119 1.4384 1.4658 1.494 1.5232 1.5532 1.5842 1.6162 1.6491 1.6832 1.7184 1.7549 1.7927 1.8319 1.8727 1.9151 1.9593 2.0054 2.0534 2.1032 2.1553 2.2095 2.2667 2.3264 2.3895 2.4557 2.5258 2.6005 2.6813 2.768 2.8619 2.9511 3.0428 3.1347 3.2221 3.291 3.3443 3.4009 3.4652 3.5372 3.6173 
436 1.0622 1.0332 0.9642 0.93498 0.92106 0.91137 0.90355 0.89747 0.89251 0.88801 0.88407 0.88188 0.8819 0.88315 0.88522 0.88829 0.89261 0.89807 0.90445 0.91142 0.91861 0.92566 0.93235 0.93837 0.94386 0.94931 0.95469 0.95976 0.96464 0.96927 0.97399 0.97908 0.98442 0.99019 0.99618 1.003 1.0097 1.0185 1.0281 1.039 1.0506 1.0631 1.0764 1.0905 1.1053 1.1208 1.137 1.1538 1.1715 1.1897 1.2087 1.2284 1.2487 1.2699 1.2916 1.3142 1.3374 1.3614 1.3863 1.4119 1.4384 1.4659 1.4941 1.5233 1.5533 1.5843 1.6162 1.6491 1.6832 1.7184 1.7549 1.7927 1.8319 1.8727 1.9151 1.9593 2.0054 2.0534 2.1032 2.1553 2.2095 2.2666 2.3264 2.3895 2.4556 2.5257 2.6005 2.6813 2.768 2.8619 2.9511 3.0427 3.1347 3.2222 3.2912 3.3447 3.4014 3.4659 3.538 3.6181 
436.5 1.0623 1.0332 0.96427 0.93504 0.92112 0.91143 0.90361 0.89752 0.89256 0.88807 0.88413 0.88193 0.88195 0.8832 0.88527 0.88835 0.89266 0.89811 0.9045 0.91146 0.91865 0.92571 0.93239 0.93841 0.9439 0.94936 0.95474 0.95982 0.96468 0.96932 0.97403 0.97913 0.98447 0.99023 0.99622 1.0031 1.0098 1.0185 1.0281 1.039 1.0506 1.0632 1.0765 1.0905 1.1054 1.1209 1.1371 1.1539 1.1715 1.1898 1.2088 1.2285 1.2488 1.2699 1.2917 1.3142 1.3375 1.3615 1.3864 1.4119 1.4385 1.4659 1.4941 1.5233 1.5533 1.5843 1.6162 1.6492 1.6832 1.7184 1.7549 1.7927 1.8319 1.8727 1.9151 1.9593 2.0053 2.0534 2.1032 2.1553 2.2095 2.2666 2.3264 2.3894 2.4556 2.5257 2.6004 2.6812 2.768 2.8618 2.951 3.0427 3.1347 3.2223 3.2914 3.3451 3.4019 3.4665 3.5387 3.619 
437 1.0623 1.0333 0.96435 0.93511 0.92118 0.91149 0.90367 0.89758 0.89262 0.88814 0.88419 0.88199 0.882 0.88326 0.88533 0.88841 0.89271 0.89815 0.90454 0.9115 0.9187 0.92576 0.93243 0.93844 0.94393 0.94941 0.95479 0.95987 0.96473 0.96936 0.97407 0.97917 0.98451 0.99027 0.99627 1.0031 1.0098 1.0186 1.0282 1.039 1.0507 1.0632 1.0765 1.0906 1.1054 1.1209 1.1371 1.1539 1.1716 1.1898 1.2088 1.2285 1.2488 1.27 1.2917 1.3143 1.3375 1.3615 1.3864 1.412 1.4385 1.4659 1.4941 1.5233 1.5533 1.5843 1.6163 1.6492 1.6832 1.7184 1.7549 1.7927 1.8319 1.8727 1.9151 1.9593 2.0053 2.0534 2.1032 2.1553 2.2095 2.2666 2.3263 2.3894 2.4556 2.5257 2.6004 2.6812 2.7679 2.8618 2.9509 3.0426 3.1347 3.2224 3.2916 3.3455 3.4024 3.4671 3.5395 3.6199 
437.5 1.0624 1.0333 0.96442 0.93517 0.92124 0.91154 0.90373 0.89763 0.89267 0.88819 0.88425 0.88204 0.88205 0.8833 0.88537 0.88846 0.89276 0.8982 0.90458 0.91155 0.91875 0.92581 0.93248 0.9385 0.944 0.94947 0.95484 0.95992 0.96477 0.96941 0.97411 0.97921 0.98455 0.99031 0.99631 1.0032 1.0099 1.0186 1.0282 1.0391 1.0507 1.0633 1.0766 1.0906 1.1055 1.121 1.1372 1.154 1.1716 1.1899 1.2089 1.2286 1.2489 1.27 1.2918 1.3143 1.3376 1.3615 1.3864 1.412 1.4385 1.466 1.4942 1.5233 1.5533 1.5843 1.6163 1.6492 1.6832 1.7184 1.7549 1.7927 1.8319 1.8727 1.9151 1.9593 2.0053 2.0533 2.1031 2.1552 2.2095 2.2665 2.3263 2.3893 2.4555 2.5256 2.6004 2.6812 2.7679 2.8618 2.9509 3.0426 3.1346 3.2223 3.2915 3.3454 3.4024 3.4671 3.5395 3.62 
438 1.0624 1.0334 0.96448 0.93523 0.9213 0.9116 0.90378 0.89769 0.89272 0.88823 0.88429 0.88209 0.88209 0.88335 0.88541 0.8885 0.89281 0.89825 0.90462 0.91159 0.91879 0.92585 0.93253 0.93857 0.94407 0.94953 0.95488 0.95996 0.96482 0.96945 0.97416 0.97925 0.98459 0.99035 0.99634 1.0032 1.0099 1.0187 1.0283 1.0391 1.0508 1.0633 1.0766 1.0907 1.1055 1.121 1.1372 1.154 1.1717 1.1899 1.2089 1.2286 1.2489 1.27 1.2918 1.3143 1.3376 1.3616 1.3865 1.412 1.4386 1.466 1.4942 1.5234 1.5534 1.5844 1.6163 1.6492 1.6833 1.7184 1.7549 1.7927 1.8319 1.8727 1.9151 1.9593 2.0053 2.0533 2.1031 2.1552 2.2094 2.2665 2.3263 2.3893 2.4555 2.5256 2.6003 2.6811 2.7679 2.8617 2.9509 3.0425 3.1345 3.2221 3.2913 3.345 3.402 3.4668 3.5393 3.6197 
438.5 1.0625 1.0334 0.96454 0.9353 0.92136 0.91165 0.90383 0.89774 0.89277 0.88828 0.88434 0.88214 0.88214 0.8834 0.88546 0.88855 0.89287 0.8983 0.90466 0.91164 0.91884 0.9259 0.93258 0.93864 0.94415 0.94959 0.95492 0.96 0.96487 0.9695 0.9742 0.97929 0.98462 0.99039 0.99638 1.0033 1.01 1.0187 1.0283 1.0392 1.0508 1.0633 1.0767 1.0907 1.1056 1.1211 1.1373 1.1541 1.1717 1.19 1.209 1.2287 1.249 1.2701 1.2919 1.3144 1.3377 1.3616 1.3865 1.4121 1.4386 1.466 1.4942 1.5234 1.5534 1.5844 1.6163 1.6492 1.6833 1.7184 1.7549 1.7927 1.8319 1.8727 1.9151 1.9593 2.0053 2.0533 2.1031 2.1552 2.2094 2.2665 2.3262 2.3893 2.4555 2.5256 2.6003 2.6811 2.7678 2.8617 2.9509 3.0425 3.1344 3.2219 3.291 3.3447 3.4016 3.4665 3.539 3.6195 
439 1.0625 1.0335 0.96461 0.93536 0.92142 0.91171 0.90389 0.89779 0.89282 0.88832 0.88438 0.88219 0.88219 0.88344 0.8855 0.88859 0.89292 0.89835 0.90471 0.91169 0.91889 0.92595 0.93264 0.93871 0.94422 0.94965 0.95497 0.96004 0.96491 0.96954 0.97424 0.97932 0.98466 0.99043 0.99642 1.0033 1.01 1.0187 1.0284 1.0392 1.0509 1.0634 1.0767 1.0908 1.1056 1.1211 1.1373 1.1541 1.1718 1.1901 1.209 1.2287 1.249 1.2701 1.2919 1.3144 1.3377 1.3617 1.3865 1.4121 1.4387 1.4661 1.4943 1.5234 1.5534 1.5844 1.6163 1.6492 1.6833 1.7184 1.7549 1.7927 1.8319 1.8727 1.9151 1.9592 2.0053 2.0533 2.1031 2.1551 2.2094 2.2665 2.3262 2.3893 2.4554 2.5255 2.6003 2.681 2.7678 2.8617 2.9508 3.0425 3.1343 3.2218 3.2907 3.3443 3.4013 3.4661 3.5387 3.6192 
439.5 1.0626 1.0336 0.96469 0.93543 0.92148 0.91177 0.90394 0.89784 0.89288 0.88837 0.88444 0.88224 0.88224 0.8835 0.88556 0.88865 0.89297 0.89839 0.90475 0.91174 0.91894 0.926 0.93269 0.93876 0.94427 0.9497 0.95502 0.96009 0.96496 0.96959 0.97429 0.97937 0.98471 0.99047 0.99646 1.0033 1.01 1.0188 1.0284 1.0393 1.0509 1.0634 1.0767 1.0908 1.1057 1.1212 1.1374 1.1542 1.1718 1.1901 1.2091 1.2287 1.2491 1.2702 1.2919 1.3145 1.3378 1.3617 1.3866 1.4122 1.4387 1.4661 1.4943 1.5234 1.5534 1.5844 1.6163 1.6493 1.6833 1.7185 1.755 1.7927 1.8319 1.8727 1.9151 1.9592 2.0053 2.0533 2.1031 2.1551 2.2093 2.2664 2.3262 2.3892 2.4554 2.5255 2.6002 2.681 2.7678 2.8617 2.9508 3.0424 3.1343 3.2218 3.2907 3.3443 3.4012 3.4659 3.5383 3.6187 
440 1.0627 1.0337 0.96477 0.93551 0.92155 0.91183 0.90399 0.89789 0.89293 0.88843 0.88449 0.88229 0.8823 0.88357 0.88563 0.8887 0.89301 0.89843 0.9048 0.91179 0.919 0.92605 0.93275 0.93881 0.94432 0.94974 0.95507 0.96015 0.965 0.96963 0.97435 0.97942 0.98475 0.99051 0.9965 1.0034 1.0101 1.0188 1.0285 1.0393 1.0509 1.0635 1.0768 1.0909 1.1057 1.1212 1.1374 1.1542 1.1719 1.1901 1.2091 1.2288 1.2491 1.2702 1.292 1.3145 1.3378 1.3617 1.3866 1.4122 1.4387 1.4661 1.4943 1.5235 1.5534 1.5844 1.6164 1.6493 1.6833 1.7185 1.755 1.7927 1.8319 1.8727 1.9151 1.9592 2.0053 2.0533 2.103 2.1551 2.2093 2.2664 2.3262 2.3892 2.4554 2.5255 2.6002 2.681 2.7677 2.8616 2.9508 3.0424 3.1343 3.2218 3.2908 3.3443 3.4011 3.4656 3.5379 3.6182 
440.5 1.0628 1.0338 0.96486 0.93558 0.92161 0.91188 0.90405 0.89794 0.89298 0.88849 0.88454 0.88234 0.88235 0.88364 0.88569 0.88875 0.89306 0.89848 0.90485 0.91185 0.91905 0.9261 0.9328 0.93886 0.94436 0.94979 0.95513 0.9602 0.96505 0.96967 0.9744 0.97947 0.9848 0.99055 0.99654 1.0034 1.0101 1.0189 1.0285 1.0394 1.051 1.0635 1.0768 1.0909 1.1058 1.1213 1.1375 1.1543 1.1719 1.1902 1.2092 1.2288 1.2492 1.2703 1.292 1.3146 1.3378 1.3618 1.3867 1.4122 1.4388 1.4661 1.4943 1.5235 1.5535 1.5845 1.6164 1.6493 1.6833 1.7185 1.755 1.7927 1.8319 1.8727 1.9151 1.9592 2.0052 2.0533 2.103 2.1551 2.2093 2.2664 2.3261 2.3892 2.4553 2.5254 2.6002 2.6809 2.7677 2.8616 2.9507 3.0424 3.1344 3.2219 3.2909 3.3443 3.401 3.4653 3.5374 3.6177 
441 1.0629 1.0339 0.96494 0.93566 0.92168 0.91194 0.9041 0.89799 0.89303 0.88854 0.8846 0.88239 0.88241 0.8837 0.88576 0.88881 0.89311 0.89852 0.90491 0.9119 0.9191 0.92615 0.93286 0.93891 0.9444 0.94983 0.95518 0.96025 0.9651 0.96971 0.97445 0.97952 0.98485 0.9906 0.99658 1.0034 1.0102 1.0189 1.0285 1.0394 1.051 1.0636 1.0769 1.091 1.1058 1.1213 1.1375 1.1543 1.172 1.1902 1.2092 1.2289 1.2492 1.2703 1.2921 1.3146 1.3379 1.3618 1.3867 1.4123 1.4388 1.4662 1.4944 1.5235 1.5535 1.5845 1.6164 1.6493 1.6833 1.7185 1.755 1.7927 1.8319 1.8727 1.9151 1.9592 2.0052 2.0532 2.103 2.1551 2.2093 2.2663 2.3261 2.3891 2.4553 2.5254 2.6001 2.6809 2.7677 2.8615 2.9507 3.0423 3.1343 3.2219 3.2909 3.3443 3.4009 3.4651 3.5371 3.6173 
441.5 1.063 1.034 0.96498 0.93571 0.92174 0.912 0.90415 0.89805 0.89309 0.8886 0.88465 0.88245 0.88246 0.88374 0.8858 0.88886 0.89317 0.89858 0.90496 0.91195 0.91915 0.9262 0.9329 0.93896 0.94445 0.94989 0.95523 0.9603 0.96515 0.96976 0.97449 0.97956 0.98489 0.99064 0.99662 1.0035 1.0102 1.019 1.0286 1.0395 1.0511 1.0636 1.0769 1.091 1.1059 1.1214 1.1376 1.1544 1.172 1.1903 1.2092 1.2289 1.2493 1.2704 1.2921 1.3146 1.3379 1.3618 1.3867 1.4123 1.4388 1.4662 1.4944 1.5235 1.5535 1.5845 1.6164 1.6493 1.6834 1.7185 1.755 1.7927 1.8319 1.8727 1.9151 1.9592 2.0052 2.0532 2.103 2.155 2.2092 2.2663 2.3261 2.3891 2.4553 2.5254 2.6001 2.6808 2.7676 2.8614 2.9506 3.0422 3.1341 3.2217 3.2906 3.3441 3.4008 3.4652 3.5373 3.6176 
442 1.0631 1.034 0.96502 0.93576 0.9218 0.91205 0.9042 0.8981 0.89314 0.88866 0.88471 0.88251 0.88251 0.88378 0.88585 0.88891 0.89323 0.89864 0.90501 0.91201 0.91919 0.92625 0.93294 0.939 0.94451 0.94994 0.95529 0.96035 0.96521 0.96982 0.97454 0.9796 0.98493 0.99069 0.99665 1.0035 1.0102 1.019 1.0286 1.0395 1.0511 1.0637 1.077 1.0911 1.1059 1.1214 1.1376 1.1544 1.1721 1.1903 1.2093 1.229 1.2493 1.2704 1.2922 1.3147 1.3379 1.3619 1.3868 1.4123 1.4388 1.4662 1.4944 1.5236 1.5535 1.5845 1.6164 1.6493 1.6834 1.7185 1.755 1.7927 1.8319 1.8727 1.915 1.9592 2.0052 2.0532 2.103 2.155 2.2092 2.2663 2.326 2.3891 2.4552 2.5253 2.6 2.6808 2.7675 2.8614 2.9504 3.042 3.134 3.2214 3.2904 3.3439 3.4007 3.4652 3.5375 3.6179 
442.5 1.0631 1.0341 0.96506 0.93581 0.92186 0.9121 0.90426 0.89816 0.8932 0.88871 0.88477 0.88256 0.88256 0.88383 0.8859 0.88897 0.89329 0.8987 0.90506 0.91206 0.91924 0.92629 0.93298 0.93905 0.94456 0.95 0.95534 0.9604 0.96527 0.96987 0.97459 0.97964 0.98497 0.99073 0.99669 1.0036 1.0103 1.019 1.0287 1.0396 1.0512 1.0637 1.077 1.0911 1.106 1.1215 1.1377 1.1545 1.1721 1.1904 1.2093 1.229 1.2493 1.2705 1.2922 1.3147 1.338 1.3619 1.3868 1.4124 1.4389 1.4663 1.4944 1.5236 1.5536 1.5845 1.6165 1.6493 1.6834 1.7185 1.755 1.7928 1.832 1.8727 1.915 1.9592 2.0052 2.0532 2.1029 2.155 2.2092 2.2663 2.326 2.389 2.4552 2.5253 2.6 2.6808 2.7674 2.8613 2.9503 3.0419 3.1338 3.2212 3.2901 3.3437 3.4006 3.4653 3.5377 3.6183 
443 1.0632 1.0341 0.9651 0.93587 0.92191 0.91215 0.90431 0.89821 0.89326 0.88877 0.88483 0.88261 0.88262 0.88387 0.88595 0.88902 0.89334 0.89876 0.90512 0.91211 0.91928 0.92634 0.93303 0.93909 0.94461 0.95005 0.95538 0.96045 0.96532 0.96993 0.97463 0.97969 0.98501 0.99078 0.99673 1.0036 1.0103 1.0191 1.0287 1.0396 1.0512 1.0638 1.0771 1.0912 1.106 1.1215 1.1377 1.1545 1.1722 1.1904 1.2094 1.2291 1.2494 1.2705 1.2923 1.3148 1.338 1.362 1.3868 1.4124 1.4389 1.4663 1.4945 1.5236 1.5536 1.5846 1.6165 1.6494 1.6834 1.7185 1.755 1.7928 1.8319 1.8727 1.915 1.9592 2.0052 2.0531 2.1029 2.1549 2.2092 2.2662 2.3259 2.389 2.4551 2.5252 2.6 2.6807 2.7674 2.8612 2.9502 3.0418 3.1336 3.2211 3.29 3.3437 3.4006 3.4654 3.5379 3.6186 
443.5 1.0633 1.0342 0.96516 0.93593 0.92197 0.91221 0.90436 0.89826 0.89331 0.88882 0.88488 0.88266 0.88267 0.88393 0.88599 0.88906 0.89338 0.89881 0.90517 0.91216 0.91933 0.92639 0.93308 0.93915 0.94467 0.95011 0.95543 0.9605 0.96537 0.96998 0.97468 0.97974 0.98505 0.99081 0.99677 1.0036 1.0104 1.0191 1.0288 1.0396 1.0513 1.0638 1.0771 1.0912 1.1061 1.1216 1.1378 1.1546 1.1722 1.1905 1.2094 1.2291 1.2494 1.2706 1.2923 1.3148 1.3381 1.362 1.3869 1.4124 1.4389 1.4663 1.4945 1.5237 1.5536 1.5846 1.6165 1.6494 1.6834 1.7185 1.755 1.7928 1.8319 1.8727 1.915 1.9592 2.0052 2.0531 2.1029 2.1549 2.2091 2.2662 2.3259 2.3889 2.4551 2.5251 2.5999 2.6806 2.7673 2.8611 2.9501 3.0417 3.1336 3.2211 3.2902 3.3439 3.4009 3.4656 3.5381 3.6187 
444 1.0634 1.0343 0.96523 0.93598 0.92202 0.91226 0.90441 0.89832 0.89336 0.88887 0.88493 0.88271 0.88272 0.88398 0.88603 0.88911 0.89342 0.89886 0.90522 0.91221 0.91937 0.92644 0.93313 0.9392 0.94473 0.95016 0.95548 0.96055 0.96542 0.97003 0.97472 0.97979 0.9851 0.99085 0.99682 1.0037 1.0104 1.0192 1.0288 1.0397 1.0513 1.0638 1.0772 1.0913 1.1061 1.1216 1.1378 1.1546 1.1723 1.1905 1.2095 1.2292 1.2495 1.2706 1.2923 1.3148 1.3381 1.362 1.3869 1.4125 1.439 1.4663 1.4945 1.5237 1.5536 1.5846 1.6165 1.6494 1.6834 1.7185 1.755 1.7927 1.8319 1.8727 1.915 1.9592 2.0052 2.0531 2.1029 2.1549 2.2091 2.2662 2.3259 2.3889 2.455 2.5251 2.5998 2.6806 2.7672 2.861 2.9501 3.0417 3.1336 3.2212 3.2904 3.3441 3.4011 3.4658 3.5383 3.6189 
444.5 1.0634 1.0344 0.96529 0.93604 0.92207 0.91231 0.90446 0.89837 0.89341 0.88893 0.88498 0.88275 0.88278 0.88403 0.88608 0.88915 0.89346 0.89892 0.90528 0.91226 0.91942 0.92649 0.93319 0.93925 0.94479 0.95022 0.95553 0.9606 0.96547 0.97008 0.97477 0.97984 0.98515 0.99089 0.99686 1.0037 1.0104 1.0192 1.0288 1.0397 1.0513 1.0639 1.0772 1.0913 1.1062 1.1217 1.1379 1.1547 1.1723 1.1906 1.2095 1.2292 1.2495 1.2706 1.2924 1.3149 1.3381 1.3621 1.387 1.4125 1.439 1.4664 1.4945 1.5237 1.5537 1.5846 1.6165 1.6494 1.6834 1.7185 1.755 1.7927 1.8319 1.8727 1.915 1.9591 2.0052 2.0531 2.1029 2.1549 2.2091 2.2661 2.3258 2.3888 2.455 2.525 2.5998 2.6805 2.7671 2.8609 2.95 3.0416 3.1336 3.2213 3.2905 3.3443 3.4013 3.466 3.5385 3.6191 
445 1.0635 1.0344 0.96535 0.9361 0.92213 0.91236 0.90452 0.89842 0.89346 0.88898 0.88502 0.8828 0.88283 0.88409 0.88614 0.88921 0.89352 0.89897 0.90533 0.91231 0.91947 0.92655 0.93324 0.9393 0.94483 0.95026 0.95557 0.96065 0.96552 0.97012 0.97481 0.97988 0.98519 0.99093 0.99689 1.0037 1.0105 1.0192 1.0289 1.0398 1.0514 1.0639 1.0773 1.0914 1.1062 1.1217 1.1379 1.1547 1.1724 1.1906 1.2096 1.2293 1.2496 1.2707 1.2924 1.3149 1.3382 1.3621 1.387 1.4125 1.439 1.4664 1.4946 1.5237 1.5537 1.5846 1.6166 1.6494 1.6834 1.7185 1.755 1.7927 1.8319 1.8727 1.915 1.9591 2.0051 2.053 2.1029 2.1549 2.2091 2.2661 2.3258 2.3888 2.4549 2.525 2.5997 2.6804 2.7671 2.8608 2.9499 3.0415 3.1336 3.2213 3.2906 3.3445 3.4015 3.4662 3.5387 3.6194 
445.5 1.0636 1.0345 0.96542 0.93616 0.92219 0.91242 0.90457 0.89847 0.89351 0.88902 0.88507 0.88286 0.88288 0.88414 0.8862 0.88927 0.89358 0.89903 0.90539 0.91237 0.91953 0.9266 0.93328 0.93935 0.94487 0.9503 0.95562 0.96069 0.96556 0.97017 0.97485 0.97991 0.98522 0.99097 0.99693 1.0038 1.0105 1.0193 1.0289 1.0398 1.0514 1.064 1.0773 1.0914 1.1063 1.1218 1.138 1.1548 1.1724 1.1907 1.2096 1.2293 1.2496 1.2707 1.2925 1.315 1.3382 1.3621 1.387 1.4126 1.4391 1.4664 1.4946 1.5238 1.5537 1.5846 1.6166 1.6494 1.6834 1.7185 1.755 1.7927 1.8319 1.8727 1.915 1.9591 2.0051 2.053 2.1028 2.1548 2.209 2.2661 2.3258 2.3887 2.4549 2.5249 2.5997 2.6804 2.767 2.8608 2.9498 3.0415 3.1335 3.2213 3.2906 3.3445 3.4016 3.4664 3.5389 3.6197 
446 1.0637 1.0346 0.96548 0.93623 0.92225 0.91248 0.90462 0.89852 0.89356 0.88907 0.88511 0.88292 0.88294 0.8842 0.88627 0.88933 0.89364 0.89909 0.90545 0.91243 0.91959 0.92665 0.93333 0.9394 0.94492 0.95034 0.95566 0.96073 0.9656 0.97021 0.9749 0.97994 0.98526 0.99102 0.99696 1.0038 1.0105 1.0193 1.029 1.0399 1.0515 1.064 1.0774 1.0915 1.1063 1.1218 1.138 1.1548 1.1725 1.1907 1.2097 1.2294 1.2497 1.2708 1.2925 1.315 1.3383 1.3622 1.387 1.4126 1.4391 1.4665 1.4946 1.5238 1.5537 1.5847 1.6166 1.6494 1.6834 1.7185 1.755 1.7927 1.8319 1.8727 1.915 1.9591 2.0051 2.053 2.1028 2.1548 2.209 2.266 2.3257 2.3887 2.4548 2.5249 2.5996 2.6803 2.767 2.8607 2.9497 3.0414 3.1335 3.2213 3.2906 3.3446 3.4017 3.4666 3.5392 3.62 
446.5 1.0638 1.0347 0.96555 0.93629 0.92231 0.91253 0.90467 0.89857 0.89361 0.88912 0.88516 0.88297 0.88299 0.88425 0.88634 0.88939 0.8937 0.89915 0.90551 0.91249 0.91965 0.9267 0.93338 0.93944 0.94496 0.95038 0.9557 0.96077 0.96564 0.97025 0.97494 0.97997 0.9853 0.99106 0.997 1.0038 1.0106 1.0194 1.029 1.0399 1.0515 1.0641 1.0774 1.0915 1.1064 1.1219 1.1381 1.1549 1.1725 1.1908 1.2097 1.2294 1.2497 1.2708 1.2925 1.315 1.3383 1.3622 1.3871 1.4126 1.4391 1.4665 1.4947 1.5238 1.5538 1.5847 1.6166 1.6494 1.6834 1.7185 1.755 1.7927 1.8319 1.8727 1.915 1.9591 2.005 2.053 2.1028 2.1548 2.209 2.266 2.3257 2.3887 2.4548 2.5248 2.5996 2.6803 2.7669 2.8606 2.9497 3.0413 3.1335 3.2213 3.2906 3.3446 3.4018 3.4667 3.5394 3.6203 
447 1.0638 1.0348 0.96562 0.93636 0.92237 0.91258 0.90472 0.89862 0.89366 0.88917 0.88522 0.88303 0.88305 0.88431 0.8864 0.88944 0.89375 0.8992 0.90555 0.91253 0.9197 0.92675 0.93343 0.93949 0.945 0.95043 0.95576 0.96083 0.96567 0.97029 0.97498 0.98002 0.98534 0.9911 0.99704 1.0039 1.0106 1.0194 1.0291 1.04 1.0516 1.0641 1.0775 1.0916 1.1064 1.1219 1.1381 1.1549 1.1725 1.1908 1.2098 1.2295 1.2498 1.2709 1.2926 1.3151 1.3383 1.3622 1.3871 1.4126 1.4391 1.4665 1.4947 1.5238 1.5538 1.5847 1.6166 1.6495 1.6835 1.7185 1.755 1.7928 1.8319 1.8727 1.9149 1.9591 2.005 2.053 2.1027 2.1548 2.2089 2.2659 2.3256 2.3886 2.4547 2.5248 2.5995 2.6802 2.7669 2.8606 2.9496 3.0413 3.1334 3.2212 3.2905 3.3445 3.4017 3.4667 3.5394 3.6203 
447.5 1.0639 1.0348 0.9657 0.93642 0.92243 0.91264 0.90477 0.89868 0.89372 0.88923 0.88529 0.88309 0.88311 0.88437 0.88646 0.88949 0.8938 0.89924 0.90559 0.91258 0.91975 0.92681 0.93349 0.93954 0.94505 0.95048 0.95581 0.96088 0.96571 0.97032 0.97502 0.98006 0.98538 0.99113 0.99708 1.0039 1.0107 1.0195 1.0291 1.04 1.0516 1.0642 1.0775 1.0916 1.1064 1.1219 1.1382 1.155 1.1726 1.1909 1.2098 1.2295 1.2498 1.2709 1.2926 1.3151 1.3384 1.3623 1.3871 1.4127 1.4392 1.4665 1.4947 1.5238 1.5538 1.5847 1.6166 1.6495 1.6835 1.7186 1.755 1.7928 1.8319 1.8727 1.9149 1.9591 2.005 2.053 2.1027 2.1547 2.2089 2.2659 2.3256 2.3885 2.4547 2.5247 2.5994 2.6802 2.7668 2.8605 2.9496 3.0412 3.1333 3.221 3.2904 3.3444 3.4016 3.4666 3.5393 3.6202 
448 1.064 1.0349 0.96578 0.93649 0.92249 0.91269 0.90482 0.89873 0.89377 0.88928 0.88535 0.88315 0.88317 0.88443 0.88651 0.88955 0.89385 0.89929 0.90564 0.91262 0.91979 0.92686 0.93355 0.93959 0.9451 0.95053 0.95587 0.96094 0.96575 0.97036 0.97506 0.98011 0.98542 0.99117 0.99712 1.0039 1.0107 1.0195 1.0292 1.04 1.0517 1.0642 1.0775 1.0916 1.1065 1.122 1.1382 1.155 1.1726 1.1909 1.2098 1.2295 1.2498 1.2709 1.2927 1.3152 1.3384 1.3623 1.3872 1.4127 1.4392 1.4666 1.4947 1.5239 1.5538 1.5847 1.6166 1.6495 1.6835 1.7186 1.755 1.7928 1.8319 1.8727 1.9149 1.959 2.005 2.0529 2.1027 2.1547 2.2088 2.2658 2.3255 2.3885 2.4546 2.5247 2.5994 2.6801 2.7667 2.8605 2.9495 3.0412 3.1332 3.2209 3.2902 3.3442 3.4014 3.4665 3.5393 3.6201 
448.5 1.064 1.035 0.96585 0.93655 0.92254 0.91274 0.90488 0.89878 0.89382 0.88933 0.88542 0.8832 0.88323 0.88449 0.88657 0.8896 0.8939 0.89934 0.90568 0.91266 0.91984 0.92692 0.9336 0.93964 0.94515 0.95058 0.95593 0.96099 0.96578 0.97039 0.9751 0.98015 0.98546 0.9912 0.99716 1.004 1.0108 1.0195 1.0292 1.0401 1.0517 1.0643 1.0776 1.0917 1.1065 1.122 1.1383 1.1551 1.1727 1.1909 1.2099 1.2296 1.2499 1.271 1.2927 1.3152 1.3385 1.3624 1.3872 1.4128 1.4392 1.4666 1.4948 1.5239 1.5538 1.5847 1.6166 1.6495 1.6835 1.7186 1.755 1.7928 1.8319 1.8727 1.9149 1.959 2.005 2.0529 2.1027 2.1547 2.2088 2.2658 2.3255 2.3884 2.4545 2.5246 2.5993 2.68 2.7667 2.8604 2.9495 3.0411 3.1331 3.2208 3.2901 3.3441 3.4013 3.4664 3.5392 3.6201 
449 1.0641 1.0351 0.96595 0.93662 0.9226 0.9128 0.90493 0.89883 0.89388 0.8894 0.88547 0.88327 0.88329 0.88455 0.88662 0.88965 0.89394 0.89938 0.90573 0.91271 0.91989 0.92697 0.93365 0.93969 0.94519 0.95063 0.95597 0.96104 0.96583 0.97043 0.97515 0.98019 0.98549 0.99124 0.99718 1.004 1.0108 1.0196 1.0292 1.0401 1.0518 1.0643 1.0776 1.0917 1.1066 1.1221 1.1383 1.1551 1.1727 1.191 1.2099 1.2296 1.2499 1.271 1.2927 1.3152 1.3385 1.3624 1.3872 1.4128 1.4393 1.4666 1.4948 1.5239 1.5538 1.5848 1.6167 1.6495 1.6835 1.7186 1.755 1.7928 1.8319 1.8727 1.9149 1.959 2.005 2.0529 2.1027 2.1546 2.2087 2.2658 2.3254 2.3884 2.4545 2.5246 2.5993 2.68 2.7666 2.8604 2.9494 3.041 3.1331 3.2208 3.2901 3.3441 3.4015 3.4668 3.5398 3.6208 
449.5 1.0642 1.0352 0.96604 0.93669 0.92266 0.91285 0.90499 0.89889 0.89394 0.88946 0.88553 0.88333 0.88334 0.88461 0.88667 0.8897 0.89399 0.89942 0.90579 0.91276 0.91994 0.92701 0.9337 0.93974 0.94523 0.95067 0.95602 0.96108 0.96587 0.97048 0.97519 0.98023 0.98553 0.99128 0.99721 1.004 1.0108 1.0196 1.0293 1.0402 1.0518 1.0643 1.0777 1.0918 1.1066 1.1221 1.1383 1.1551 1.1728 1.191 1.21 1.2297 1.2499 1.2711 1.2928 1.3153 1.3385 1.3624 1.3873 1.4128 1.4393 1.4666 1.4948 1.5239 1.5539 1.5848 1.6167 1.6495 1.6835 1.7186 1.755 1.7928 1.8319 1.8726 1.9149 1.959 2.0049 2.0529 2.1026 2.1546 2.2087 2.2657 2.3254 2.3884 2.4545 2.5245 2.5992 2.6799 2.7666 2.8603 2.9494 3.041 3.133 3.2207 3.2901 3.3442 3.4017 3.4672 3.5403 3.6216 
450 1.0642 1.0353 0.96613 0.93677 0.92271 0.91291 0.90504 0.89895 0.89399 0.88952 0.88558 0.88339 0.8834 0.88467 0.88672 0.88975 0.89403 0.89946 0.90584 0.91281 0.91999 0.92706 0.93375 0.93978 0.94527 0.95072 0.95606 0.96112 0.96592 0.97052 0.97523 0.98027 0.98556 0.99132 0.99724 1.0041 1.0108 1.0197 1.0293 1.0402 1.0518 1.0644 1.0777 1.0918 1.1066 1.1222 1.1384 1.1552 1.1728 1.1911 1.21 1.2297 1.25 1.2711 1.2928 1.3153 1.3386 1.3625 1.3873 1.4128 1.4393 1.4667 1.4948 1.524 1.5539 1.5848 1.6167 1.6495 1.6835 1.7186 1.755 1.7927 1.8319 1.8726 1.9149 1.959 2.0049 2.0529 2.1026 2.1546 2.2087 2.2657 2.3254 2.3883 2.4544 2.5245 2.5992 2.6799 2.7665 2.8603 2.9493 3.0409 3.133 3.2207 3.2901 3.3443 3.4019 3.4675 3.5409 3.6223 
450.5 1.0643 1.0353 0.96622 0.93684 0.92277 0.91296 0.9051 0.899 0.89405 0.88958 0.88564 0.88345 0.88346 0.88473 0.88677 0.8898 0.89408 0.8995 0.90589 0.91286 0.92004 0.92711 0.93379 0.93983 0.94531 0.95076 0.95611 0.96116 0.96597 0.97057 0.97527 0.98031 0.9856 0.99135 0.99727 1.0041 1.0109 1.0197 1.0294 1.0402 1.0519 1.0644 1.0777 1.0919 1.1067 1.1222 1.1384 1.1552 1.1729 1.1911 1.21 1.2297 1.25 1.2711 1.2929 1.3153 1.3386 1.3625 1.3873 1.4129 1.4393 1.4667 1.4948 1.524 1.5539 1.5848 1.6167 1.6496 1.6835 1.7186 1.755 1.7927 1.8319 1.8726 1.9149 1.959 2.0049 2.0528 2.1026 2.1545 2.2087 2.2657 2.3253 2.3883 2.4544 2.5244 2.5991 2.6798 2.7665 2.8602 2.9493 3.0409 3.1329 3.2206 3.2901 3.3444 3.4021 3.4678 3.5414 3.623 
451 1.0644 1.0354 0.96628 0.9369 0.92284 0.91302 0.90515 0.89905 0.8941 0.88963 0.8857 0.88351 0.88352 0.8848 0.88682 0.88985 0.89413 0.89956 0.90595 0.91291 0.92009 0.92715 0.93384 0.93987 0.94537 0.95081 0.95615 0.96121 0.96602 0.97061 0.97531 0.98035 0.98564 0.99139 0.99731 1.0041 1.0109 1.0197 1.0294 1.0403 1.0519 1.0645 1.0778 1.0919 1.1067 1.1222 1.1385 1.1553 1.1729 1.1912 1.2101 1.2298 1.2501 1.2712 1.2929 1.3154 1.3386 1.3625 1.3874 1.4129 1.4394 1.4667 1.4949 1.524 1.5539 1.5848 1.6167 1.6496 1.6836 1.7186 1.755 1.7927 1.8319 1.8726 1.9148 1.959 2.0049 2.0528 2.1025 2.1545 2.2086 2.2656 2.3253 2.3882 2.4543 2.5244 2.5991 2.6798 2.7665 2.8602 2.9492 3.0408 3.1328 3.2206 3.2901 3.3444 3.4022 3.468 3.5416 3.6232 
451.5 1.0645 1.0355 0.96635 0.93697 0.9229 0.91308 0.9052 0.89911 0.89416 0.88968 0.88576 0.88357 0.88358 0.88486 0.88688 0.8899 0.89418 0.89961 0.906 0.91296 0.92014 0.92718 0.93388 0.93992 0.94542 0.95086 0.9562 0.96126 0.96606 0.97066 0.97535 0.98039 0.98568 0.99142 0.99735 1.0042 1.011 1.0198 1.0294 1.0403 1.052 1.0645 1.0778 1.0919 1.1068 1.1223 1.1385 1.1553 1.1729 1.1912 1.2101 1.2298 1.2501 1.2712 1.2929 1.3154 1.3387 1.3626 1.3874 1.4129 1.4394 1.4667 1.4949 1.524 1.5539 1.5849 1.6167 1.6496 1.6836 1.7186 1.755 1.7927 1.8319 1.8726 1.9148 1.9589 2.0049 2.0528 2.1025 2.1545 2.2086 2.2656 2.3252 2.3882 2.4543 2.5243 2.599 2.6798 2.7664 2.8601 2.9492 3.0408 3.1328 3.2206 3.2901 3.3445 3.4023 3.4682 3.5418 3.6234 
452 1.0646 1.0356 0.96641 0.93704 0.92296 0.91313 0.90526 0.89916 0.89421 0.88974 0.88582 0.88362 0.88364 0.88492 0.88693 0.88995 0.89423 0.89966 0.90605 0.91302 0.92019 0.92722 0.93392 0.93996 0.94548 0.95091 0.95624 0.9613 0.96611 0.9707 0.97539 0.98043 0.98572 0.99145 0.99739 1.0042 1.011 1.0198 1.0294 1.0403 1.052 1.0646 1.0779 1.092 1.1068 1.1223 1.1386 1.1554 1.173 1.1912 1.2102 1.2299 1.2501 1.2713 1.293 1.3155 1.3387 1.3626 1.3874 1.4129 1.4394 1.4668 1.4949 1.524 1.554 1.5849 1.6168 1.6496 1.6836 1.7186 1.755 1.7928 1.8319 1.8726 1.9148 1.9589 2.0049 2.0528 2.1025 2.1545 2.2086 2.2656 2.3252 2.3881 2.4542 2.5243 2.599 2.6797 2.7664 2.8601 2.9491 3.0407 3.1328 3.2205 3.2901 3.3445 3.4024 3.4684 3.542 3.6237 
452.5 1.0647 1.0357 0.96649 0.9371 0.92303 0.91319 0.90531 0.89922 0.89427 0.88979 0.88588 0.88368 0.8837 0.88497 0.88698 0.89001 0.89429 0.89972 0.9061 0.91306 0.92024 0.92726 0.93396 0.94001 0.94553 0.95096 0.95629 0.96135 0.96616 0.97075 0.97543 0.98047 0.98576 0.99148 0.99743 1.0043 1.011 1.0198 1.0295 1.0404 1.052 1.0646 1.0779 1.092 1.1069 1.1224 1.1386 1.1554 1.173 1.1913 1.2102 1.2299 1.2502 1.2713 1.293 1.3155 1.3387 1.3626 1.3875 1.413 1.4394 1.4668 1.4949 1.5241 1.554 1.5849 1.6168 1.6496 1.6836 1.7186 1.755 1.7927 1.8319 1.8726 1.9148 1.9589 2.0048 2.0528 2.1024 2.1544 2.2085 2.2655 2.3252 2.3881 2.4542 2.5242 2.5989 2.6797 2.7663 2.86 2.9491 3.0407 3.1328 3.2205 3.2901 3.3446 3.4025 3.4684 3.5421 3.6237 
453 1.0647 1.0357 0.96657 0.93717 0.92308 0.91325 0.90537 0.89928 0.89433 0.88986 0.88594 0.88374 0.88374 0.885 0.88703 0.89007 0.89435 0.89977 0.90615 0.9131 0.92028 0.92731 0.93401 0.94006 0.94558 0.951 0.95633 0.96139 0.96621 0.97079 0.97547 0.9805 0.9858 0.99152 0.99746 1.0043 1.0111 1.0199 1.0295 1.0404 1.0521 1.0646 1.078 1.0921 1.1069 1.1224 1.1386 1.1554 1.1731 1.1913 1.2103 1.2299 1.2502 1.2713 1.293 1.3155 1.3388 1.3627 1.3875 1.413 1.4395 1.4668 1.495 1.5241 1.554 1.5849 1.6168 1.6496 1.6836 1.7186 1.755 1.7927 1.8319 1.8725 1.9148 1.9589 2.0048 2.0527 2.1024 2.1544 2.2085 2.2655 2.3251 2.3881 2.4542 2.5242 2.5989 2.6796 2.7663 2.86 2.9491 3.0407 3.1328 3.2206 3.2902 3.3446 3.4024 3.4683 3.542 3.6236 
453.5 1.0647 1.0358 0.96665 0.93725 0.92314 0.9133 0.90543 0.89934 0.89439 0.88992 0.886 0.8838 0.88378 0.88504 0.88707 0.89013 0.89441 0.89982 0.90619 0.91314 0.92033 0.92736 0.93405 0.94011 0.94563 0.95104 0.95637 0.96144 0.96625 0.97083 0.97551 0.98054 0.98584 0.99155 0.99749 1.0043 1.0111 1.0199 1.0296 1.0404 1.0521 1.0647 1.078 1.0921 1.1069 1.1225 1.1387 1.1555 1.1731 1.1914 1.2103 1.23 1.2503 1.2713 1.2931 1.3156 1.3388 1.3627 1.3875 1.413 1.4395 1.4668 1.495 1.5241 1.554 1.5849 1.6168 1.6496 1.6836 1.7186 1.755 1.7927 1.8318 1.8725 1.9148 1.9589 2.0048 2.0527 2.1024 2.1543 2.2084 2.2654 2.325 2.388 2.4541 2.5242 2.5989 2.6796 2.7663 2.86 2.9491 3.0407 3.1328 3.2207 3.2902 3.3446 3.4024 3.4683 3.5419 3.6235 
454 1.0647 1.0359 0.96672 0.93732 0.9232 0.91336 0.90549 0.8994 0.89445 0.88999 0.88606 0.88386 0.88382 0.88508 0.88712 0.89019 0.89448 0.89988 0.90624 0.91319 0.92037 0.92741 0.9341 0.94016 0.94568 0.95109 0.95642 0.96148 0.9663 0.97087 0.97556 0.98058 0.98588 0.99158 0.99752 1.0043 1.0111 1.0199 1.0296 1.0405 1.0521 1.0647 1.078 1.0921 1.107 1.1225 1.1387 1.1555 1.1731 1.1914 1.2103 1.23 1.2503 1.2714 1.2931 1.3156 1.3388 1.3627 1.3876 1.4131 1.4395 1.4669 1.495 1.5241 1.554 1.5849 1.6168 1.6496 1.6836 1.7186 1.755 1.7927 1.8318 1.8725 1.9147 1.9588 2.0047 2.0526 2.1023 2.1543 2.2084 2.2654 2.325 2.388 2.4541 2.5242 2.5989 2.6796 2.7662 2.86 2.9491 3.0407 3.1329 3.2207 3.2902 3.3446 3.4024 3.4682 3.5418 3.6233 
454.5 1.0648 1.0359 0.96681 0.93739 0.92327 0.91342 0.90554 0.89946 0.89451 0.89004 0.88614 0.88394 0.88387 0.88509 0.88714 0.89026 0.89455 0.89994 0.90629 0.91324 0.92043 0.92746 0.93415 0.94021 0.94574 0.95115 0.95647 0.9615 0.96632 0.97091 0.97561 0.98063 0.98591 0.99161 0.99754 1.0044 1.0112 1.02 1.0296 1.0405 1.0522 1.0647 1.0781 1.0922 1.107 1.1225 1.1388 1.1555 1.1732 1.1914 1.2104 1.2301 1.2503 1.2714 1.2931 1.3156 1.3389 1.3628 1.3876 1.4131 1.4396 1.4669 1.495 1.5241 1.554 1.5849 1.6168 1.6496 1.6836 1.7186 1.755 1.7927 1.8318 1.8725 1.9147 1.9588 2.0047 2.0526 2.1023 2.1543 2.2084 2.2653 2.325 2.3879 2.454 2.5241 2.5988 2.6795 2.7662 2.8599 2.949 3.0407 3.1328 3.2207 3.2903 3.3446 3.4025 3.4684 3.542 3.6236 
455 1.0649 1.036 0.9669 0.93747 0.92333 0.91348 0.9056 0.89951 0.89456 0.8901 0.88621 0.88403 0.88393 0.88509 0.88716 0.89033 0.89463 0.9 0.90633 0.9133 0.92049 0.92752 0.9342 0.94027 0.94579 0.95122 0.95651 0.96151 0.96633 0.97094 0.97566 0.98068 0.98595 0.99164 0.99757 1.0044 1.0112 1.02 1.0297 1.0406 1.0522 1.0648 1.0781 1.0922 1.1071 1.1226 1.1388 1.1556 1.1732 1.1915 1.2104 1.2301 1.2504 1.2715 1.2932 1.3157 1.3389 1.3628 1.3876 1.4131 1.4396 1.4669 1.495 1.5241 1.5541 1.585 1.6168 1.6496 1.6836 1.7186 1.755 1.7927 1.8318 1.8725 1.9147 1.9588 2.0047 2.0526 2.1023 2.1542 2.2083 2.2653 2.3249 2.3879 2.454 2.5241 2.5988 2.6795 2.7661 2.8599 2.9489 3.0406 3.1327 3.2206 3.2903 3.3447 3.4027 3.4687 3.5424 3.6241 
455.5 1.065 1.0361 0.96699 0.93755 0.9234 0.91353 0.90566 0.89957 0.89461 0.89015 0.88629 0.88413 0.88398 0.88509 0.88718 0.89039 0.89471 0.90007 0.90638 0.91336 0.92055 0.92757 0.93425 0.94032 0.94585 0.95129 0.95656 0.96152 0.96634 0.97098 0.97571 0.98072 0.98599 0.99167 0.99759 1.0044 1.0112 1.02 1.0297 1.0406 1.0523 1.0648 1.0781 1.0923 1.1071 1.1226 1.1388 1.1556 1.1733 1.1915 1.2104 1.2301 1.2504 1.2715 1.2932 1.3157 1.3389 1.3628 1.3877 1.4131 1.4396 1.4669 1.4951 1.5242 1.5541 1.585 1.6168 1.6496 1.6836 1.7186 1.755 1.7927 1.8318 1.8725 1.9147 1.9587 2.0047 2.0526 2.1023 2.1542 2.2083 2.2653 2.3249 2.3878 2.4539 2.524 2.5987 2.6794 2.7661 2.8598 2.9488 3.0405 3.1326 3.2206 3.2903 3.3448 3.4029 3.4689 3.5427 3.6245 
456 1.0651 1.0362 0.96707 0.93762 0.92347 0.91359 0.90571 0.89963 0.89467 0.89021 0.88637 0.88422 0.88403 0.88508 0.8872 0.89046 0.89478 0.90014 0.90643 0.91342 0.92061 0.92763 0.9343 0.94038 0.9459 0.95136 0.9566 0.96153 0.96635 0.97102 0.97576 0.98077 0.98602 0.9917 0.99762 1.0044 1.0112 1.0201 1.0297 1.0406 1.0523 1.0649 1.0782 1.0923 1.1072 1.1227 1.1389 1.1557 1.1733 1.1916 1.2105 1.2302 1.2504 1.2715 1.2932 1.3157 1.339 1.3629 1.3877 1.4132 1.4396 1.467 1.4951 1.5242 1.5541 1.585 1.6168 1.6496 1.6836 1.7186 1.755 1.7927 1.8318 1.8725 1.9147 1.9587 2.0047 2.0525 2.1022 2.1542 2.2083 2.2652 2.3249 2.3878 2.4539 2.524 2.5987 2.6794 2.766 2.8597 2.9487 3.0404 3.1325 3.2205 3.2903 3.3449 3.4031 3.4692 3.5431 3.625 
456.5 1.0652 1.0363 0.96715 0.9377 0.92354 0.91366 0.90577 0.89969 0.89473 0.89027 0.88644 0.88428 0.88408 0.88514 0.88726 0.89052 0.89483 0.90018 0.90647 0.91346 0.92066 0.92768 0.93435 0.94042 0.94594 0.9514 0.95664 0.96157 0.96638 0.97105 0.97579 0.98081 0.98606 0.99174 0.99765 1.0045 1.0113 1.0201 1.0298 1.0407 1.0523 1.0649 1.0782 1.0923 1.1072 1.1227 1.1389 1.1557 1.1733 1.1916 1.2105 1.2302 1.2505 1.2716 1.2933 1.3158 1.339 1.3629 1.3877 1.4132 1.4397 1.467 1.4951 1.5242 1.5541 1.585 1.6168 1.6496 1.6836 1.7186 1.755 1.7927 1.8318 1.8724 1.9147 1.9587 2.0047 2.0525 2.1022 2.1542 2.2082 2.2652 2.3248 2.3877 2.4539 2.5239 2.5986 2.6793 2.766 2.8597 2.9486 3.0403 3.1324 3.2204 3.2902 3.345 3.4032 3.4694 3.5433 3.6252 
457 1.0653 1.0364 0.96723 0.93777 0.92361 0.91372 0.90583 0.89975 0.89479 0.89034 0.8865 0.88434 0.88413 0.88519 0.88732 0.89057 0.89488 0.90022 0.90652 0.91351 0.92071 0.92774 0.93441 0.94047 0.94599 0.95143 0.95668 0.96162 0.96642 0.97108 0.97583 0.98084 0.98609 0.99178 0.99769 1.0045 1.0113 1.0201 1.0298 1.0407 1.0524 1.0649 1.0783 1.0924 1.1072 1.1227 1.139 1.1557 1.1734 1.1916 1.2106 1.2302 1.2505 1.2716 1.2933 1.3158 1.339 1.3629 1.3877 1.4132 1.4397 1.467 1.4951 1.5242 1.5541 1.585 1.6168 1.6496 1.6836 1.7186 1.755 1.7927 1.8318 1.8724 1.9147 1.9587 2.0046 2.0525 2.1022 2.1541 2.2082 2.2652 2.3248 2.3877 2.4538 2.5239 2.5986 2.6793 2.7659 2.8596 2.9485 3.0402 3.1323 3.2204 3.2902 3.345 3.4033 3.4695 3.5435 3.6254 
457.5 1.0654 1.0365 0.96731 0.93785 0.92368 0.91378 0.90589 0.89981 0.89485 0.8904 0.88657 0.8844 0.88418 0.88525 0.88737 0.89063 0.89493 0.90027 0.90656 0.91355 0.92077 0.92779 0.93446 0.94051 0.94603 0.95147 0.95672 0.96166 0.96645 0.97111 0.97586 0.98088 0.98612 0.99182 0.99772 1.0045 1.0113 1.0201 1.0298 1.0407 1.0524 1.065 1.0783 1.0924 1.1073 1.1228 1.139 1.1558 1.1734 1.1917 1.2106 1.2303 1.2506 1.2716 1.2934 1.3158 1.3391 1.363 1.3878 1.4132 1.4397 1.467 1.4951 1.5242 1.5541 1.585 1.6169 1.6496 1.6836 1.7186 1.755 1.7927 1.8318 1.8724 1.9146 1.9587 2.0046 2.0524 2.1021 2.1541 2.2082 2.2651 2.3247 2.3877 2.4538 2.5238 2.5985 2.6793 2.7658 2.8595 2.9485 3.0401 3.1323 3.2203 3.2902 3.345 3.4033 3.4697 3.5437 3.6257 
458 1.0655 1.0366 0.96739 0.93792 0.92375 0.91385 0.90595 0.89987 0.89492 0.89046 0.88663 0.88445 0.88423 0.8853 0.88743 0.89068 0.89498 0.90031 0.9066 0.91359 0.92082 0.92784 0.93452 0.94056 0.94608 0.9515 0.95676 0.9617 0.96649 0.97114 0.97589 0.98092 0.98616 0.99185 0.99775 1.0046 1.0114 1.0202 1.0298 1.0408 1.0524 1.065 1.0783 1.0925 1.1073 1.1228 1.139 1.1558 1.1735 1.1917 1.2106 1.2303 1.2506 1.2717 1.2934 1.3159 1.3391 1.363 1.3878 1.4133 1.4397 1.467 1.4951 1.5242 1.5541 1.585 1.6169 1.6497 1.6836 1.7186 1.755 1.7927 1.8318 1.8724 1.9146 1.9587 2.0045 2.0524 2.1021 2.154 2.2081 2.2651 2.3247 2.3876 2.4537 2.5238 2.5985 2.6792 2.7658 2.8594 2.9484 3.04 3.1322 3.2202 3.2902 3.345 3.4034 3.4698 3.5439 3.6258 
458.5 1.0656 1.0367 0.96747 0.93799 0.92382 0.91391 0.90601 0.89993 0.89497 0.89052 0.88668 0.8845 0.88427 0.88533 0.88746 0.89072 0.89503 0.90036 0.90665 0.91363 0.92085 0.92789 0.93456 0.9406 0.94612 0.95154 0.9568 0.96174 0.96653 0.97118 0.97593 0.98095 0.98618 0.99187 0.99778 1.0046 1.0114 1.0202 1.0299 1.0408 1.0525 1.065 1.0784 1.0925 1.1073 1.1229 1.1391 1.1559 1.1735 1.1918 1.2107 1.2304 1.2506 1.2717 1.2934 1.3159 1.3391 1.363 1.3878 1.4133 1.4397 1.4671 1.4952 1.5243 1.5541 1.585 1.6169 1.6497 1.6836 1.7186 1.755 1.7927 1.8318 1.8724 1.9146 1.9586 2.0045 2.0524 2.1021 2.154 2.2081 2.265 2.3247 2.3876 2.4537 2.5237 2.5984 2.6792 2.7657 2.8594 2.9483 3.04 3.1322 3.2203 3.2903 3.3452 3.4035 3.4698 3.5438 3.6256 
459 1.0656 1.0368 0.96756 0.93807 0.92388 0.91397 0.90607 0.89998 0.89503 0.89057 0.88673 0.88455 0.88432 0.88536 0.8875 0.89076 0.89507 0.90041 0.9067 0.91367 0.92089 0.92794 0.93461 0.94065 0.94616 0.95158 0.95684 0.96177 0.96657 0.97123 0.97596 0.98097 0.98621 0.99189 0.99781 1.0046 1.0114 1.0202 1.0299 1.0408 1.0525 1.0651 1.0784 1.0925 1.1074 1.1229 1.1391 1.1559 1.1735 1.1918 1.2107 1.2304 1.2507 1.2717 1.2934 1.3159 1.3392 1.363 1.3878 1.4133 1.4398 1.4671 1.4952 1.5243 1.5542 1.585 1.6169 1.6497 1.6836 1.7186 1.755 1.7926 1.8317 1.8724 1.9146 1.9586 2.0045 2.0524 2.1021 2.154 2.2081 2.265 2.3246 2.3875 2.4536 2.5237 2.5984 2.6791 2.7657 2.8593 2.9482 3.0399 3.1322 3.2204 3.2905 3.3454 3.4037 3.4698 3.5436 3.6253 
459.5 1.0657 1.0369 0.96764 0.93814 0.92395 0.91404 0.90613 0.90004 0.89508 0.89062 0.88679 0.8846 0.88437 0.88539 0.88754 0.8908 0.89512 0.90046 0.90674 0.91371 0.92092 0.92798 0.93466 0.94069 0.9462 0.95163 0.95688 0.96181 0.96661 0.97127 0.976 0.981 0.98623 0.99191 0.99784 1.0046 1.0114 1.0203 1.03 1.0409 1.0525 1.0651 1.0785 1.0926 1.1074 1.1229 1.1392 1.156 1.1736 1.1918 1.2108 1.2304 1.2507 1.2718 1.2935 1.3159 1.3392 1.3631 1.3879 1.4133 1.4398 1.4671 1.4952 1.5243 1.5542 1.585 1.6169 1.6497 1.6836 1.7186 1.755 1.7926 1.8317 1.8724 1.9146 1.9586 2.0045 2.0524 2.102 2.1539 2.208 2.2649 2.3246 2.3875 2.4535 2.5236 2.5983 2.6791 2.7656 2.8592 2.9482 3.0399 3.1323 3.2205 3.2907 3.3456 3.4038 3.4698 3.5435 3.6251 
460 1.0658 1.037 0.96772 0.93821 0.92401 0.9141 0.90619 0.9001 0.89514 0.89068 0.88684 0.88467 0.88443 0.88544 0.88759 0.89084 0.89516 0.90049 0.90678 0.91375 0.92096 0.92803 0.9347 0.94074 0.94625 0.95167 0.95692 0.96185 0.96665 0.97131 0.97603 0.98103 0.98626 0.99194 0.99787 1.0046 1.0115 1.0203 1.03 1.0409 1.0526 1.0652 1.0785 1.0926 1.1075 1.123 1.1392 1.156 1.1736 1.1919 1.2108 1.2305 1.2507 1.2718 1.2935 1.316 1.3392 1.3631 1.3879 1.4134 1.4398 1.4671 1.4952 1.5243 1.5542 1.585 1.6169 1.6497 1.6836 1.7186 1.755 1.7926 1.8317 1.8724 1.9145 1.9586 2.0045 2.0524 2.102 2.1539 2.208 2.2649 2.3246 2.3874 2.4535 2.5236 2.5983 2.679 2.7656 2.8592 2.9481 3.0399 3.1323 3.2206 3.2907 3.3456 3.4037 3.4696 3.5431 3.6245 
460.5 1.0659 1.0371 0.96779 0.93828 0.92408 0.91416 0.90625 0.90015 0.89519 0.89074 0.88692 0.88475 0.88452 0.88553 0.88765 0.89088 0.89518 0.90049 0.90679 0.91378 0.921 0.92807 0.93475 0.94078 0.9463 0.95171 0.95697 0.96189 0.96667 0.97133 0.97606 0.98106 0.98629 0.99198 0.9979 1.0047 1.0115 1.0203 1.03 1.0409 1.0526 1.0652 1.0785 1.0927 1.1075 1.123 1.1393 1.1561 1.1737 1.1919 1.2109 1.2305 1.2508 1.2718 1.2935 1.316 1.3392 1.3631 1.3879 1.4134 1.4398 1.4671 1.4952 1.5243 1.5542 1.5851 1.6169 1.6497 1.6836 1.7186 1.755 1.7926 1.8317 1.8723 1.9145 1.9586 2.0044 2.0523 2.102 2.1539 2.208 2.2649 2.3245 2.3874 2.4535 2.5236 2.5983 2.679 2.7655 2.8591 2.9481 3.0398 3.1323 3.2206 3.2907 3.3455 3.4034 3.469 3.5423 3.6235 
461 1.066 1.0372 0.96786 0.93835 0.92414 0.91422 0.90631 0.90021 0.89525 0.89081 0.88699 0.88484 0.88461 0.88562 0.88772 0.89093 0.89519 0.90049 0.90681 0.91381 0.92103 0.9281 0.9348 0.94083 0.94635 0.95176 0.95701 0.96193 0.9667 0.97136 0.97609 0.98109 0.98633 0.99201 0.99792 1.0047 1.0115 1.0204 1.0301 1.041 1.0526 1.0652 1.0786 1.0927 1.1076 1.1231 1.1393 1.1561 1.1738 1.192 1.2109 1.2305 1.2508 1.2718 1.2935 1.316 1.3392 1.3631 1.3879 1.4134 1.4398 1.4671 1.4952 1.5243 1.5542 1.5851 1.6169 1.6497 1.6836 1.7186 1.7549 1.7926 1.8317 1.8723 1.9145 1.9585 2.0044 2.0523 2.102 2.1539 2.2079 2.2649 2.3245 2.3873 2.4535 2.5235 2.5983 2.679 2.7655 2.8591 2.9481 3.0398 3.1323 3.2206 3.2907 3.3453 3.403 3.4684 3.5415 3.6225 
461.5 1.0661 1.0373 0.96793 0.93841 0.92421 0.91428 0.90636 0.90026 0.8953 0.89087 0.88706 0.88492 0.8847 0.8857 0.88778 0.89097 0.89521 0.9005 0.90682 0.91384 0.92107 0.92814 0.93485 0.94088 0.9464 0.95181 0.95705 0.96197 0.96673 0.97139 0.97612 0.98112 0.98636 0.99205 0.99795 1.0047 1.0116 1.0204 1.0301 1.041 1.0527 1.0653 1.0786 1.0927 1.1076 1.1231 1.1394 1.1562 1.1738 1.1921 1.211 1.2306 1.2508 1.2719 1.2935 1.316 1.3392 1.3631 1.3879 1.4134 1.4398 1.4671 1.4952 1.5243 1.5542 1.5851 1.6169 1.6497 1.6836 1.7186 1.7549 1.7926 1.8316 1.8723 1.9145 1.9585 2.0044 2.0522 2.1019 2.1538 2.2079 2.2649 2.3244 2.3873 2.4534 2.5235 2.5982 2.679 2.7655 2.8591 2.948 3.0398 3.1323 3.2207 3.2906 3.3452 3.4027 3.4679 3.5407 3.6216 
462 1.0662 1.0373 0.968 0.93848 0.92427 0.91434 0.90642 0.90032 0.89536 0.89093 0.88713 0.885 0.88478 0.88578 0.88784 0.89101 0.89524 0.90051 0.90684 0.91387 0.92111 0.92818 0.93489 0.94092 0.94644 0.95185 0.95709 0.96201 0.96677 0.97142 0.97616 0.98116 0.98639 0.99208 0.99797 1.0047 1.0116 1.0204 1.0301 1.041 1.0527 1.0653 1.0786 1.0928 1.1077 1.1232 1.1394 1.1562 1.1739 1.1921 1.211 1.2306 1.2508 1.2719 1.2935 1.316 1.3392 1.3631 1.3879 1.4134 1.4398 1.4671 1.4952 1.5243 1.5542 1.5851 1.6169 1.6497 1.6836 1.7186 1.7549 1.7926 1.8316 1.8723 1.9144 1.9585 2.0044 2.0522 2.1019 2.1538 2.2079 2.2648 2.3244 2.3873 2.4534 2.5235 2.5982 2.6789 2.7654 2.859 2.948 3.0398 3.1324 3.2208 3.2909 3.3455 3.4031 3.4683 3.5411 3.622 
462.5 1.0663 1.0374 0.96807 0.93855 0.92434 0.9144 0.90648 0.90038 0.89542 0.891 0.88721 0.88508 0.88485 0.88584 0.88789 0.89105 0.89527 0.90053 0.90685 0.91389 0.92114 0.92822 0.93492 0.94096 0.94648 0.95189 0.95713 0.96204 0.9668 0.97146 0.9762 0.98119 0.98642 0.9921 0.998 1.0048 1.0116 1.0205 1.0302 1.0411 1.0527 1.0653 1.0787 1.0928 1.1077 1.1232 1.1395 1.1563 1.1739 1.1922 1.2111 1.2307 1.2509 1.2719 1.2936 1.316 1.3392 1.3631 1.3879 1.4134 1.4398 1.4672 1.4953 1.5244 1.5542 1.5851 1.6169 1.6497 1.6836 1.7186 1.7549 1.7926 1.8316 1.8722 1.9144 1.9585 2.0044 2.0522 2.1019 2.1537 2.2078 2.2648 2.3243 2.3872 2.4533 2.5235 2.5982 2.6789 2.7654 2.8589 2.9479 3.0397 3.1324 3.221 3.2913 3.3461 3.4039 3.4693 3.5423 3.6234 
463 1.0664 1.0375 0.96814 0.93861 0.9244 0.91445 0.90653 0.90044 0.89549 0.89107 0.88728 0.88516 0.88492 0.88591 0.88795 0.89109 0.8953 0.90055 0.90687 0.9139 0.92118 0.92825 0.93495 0.94101 0.94652 0.95193 0.95717 0.96208 0.96684 0.9715 0.97624 0.98123 0.98645 0.99213 0.99803 1.0048 1.0116 1.0205 1.0302 1.0411 1.0528 1.0654 1.0787 1.0929 1.1077 1.1233 1.1395 1.1563 1.174 1.1922 1.2111 1.2307 1.2509 1.2719 1.2936 1.316 1.3392 1.3631 1.3879 1.4134 1.4398 1.4672 1.4953 1.5244 1.5543 1.5851 1.6169 1.6497 1.6836 1.7186 1.7549 1.7925 1.8316 1.8722 1.9144 1.9584 2.0043 2.0521 2.1018 2.1537 2.2078 2.2647 2.3243 2.3872 2.4533 2.5234 2.5982 2.6789 2.7653 2.8589 2.9478 3.0397 3.1324 3.2211 3.2916 3.3467 3.4048 3.4704 3.5435 3.6248 
463.5 1.0665 1.0376 0.96821 0.93868 0.92446 0.91451 0.90659 0.9005 0.89555 0.89113 0.88736 0.88524 0.88499 0.88597 0.888 0.89113 0.89533 0.90058 0.90689 0.91392 0.92121 0.92829 0.93499 0.94105 0.94657 0.95197 0.95721 0.96211 0.96687 0.97154 0.97628 0.98126 0.98647 0.99215 0.99805 1.0048 1.0117 1.0205 1.0302 1.0411 1.0528 1.0654 1.0788 1.0929 1.1078 1.1233 1.1396 1.1564 1.1741 1.1923 1.2111 1.2308 1.2509 1.2719 1.2936 1.316 1.3392 1.3631 1.3879 1.4134 1.4399 1.4672 1.4953 1.5244 1.5543 1.5851 1.6169 1.6497 1.6836 1.7186 1.7549 1.7925 1.8316 1.8722 1.9144 1.9584 2.0043 2.0521 2.1018 2.1537 2.2078 2.2647 2.3242 2.3871 2.4533 2.5234 2.5981 2.6788 2.7653 2.8588 2.9477 3.0396 3.1325 3.2213 3.292 3.3473 3.4056 3.4714 3.5447 3.6261 
464 1.0666 1.0377 0.96829 0.93875 0.92453 0.91458 0.90666 0.90057 0.89563 0.89121 0.88744 0.88532 0.88506 0.88603 0.88806 0.89118 0.89536 0.90061 0.90692 0.91395 0.92124 0.92832 0.93502 0.94109 0.94661 0.95201 0.95725 0.96215 0.96691 0.97157 0.97631 0.9813 0.9865 0.99218 0.99807 1.0048 1.0117 1.0205 1.0302 1.0412 1.0528 1.0654 1.0788 1.0929 1.1078 1.1234 1.1396 1.1564 1.1741 1.1923 1.2112 1.2308 1.251 1.272 1.2936 1.3161 1.3393 1.3632 1.388 1.4134 1.4399 1.4672 1.4953 1.5244 1.5543 1.5851 1.6169 1.6497 1.6836 1.7186 1.7549 1.7925 1.8316 1.8722 1.9144 1.9584 2.0043 2.0521 2.1017 2.1536 2.2077 2.2646 2.3242 2.3871 2.4532 2.5233 2.5981 2.6788 2.7653 2.8588 2.9477 3.0396 3.1323 3.2211 3.2916 3.3469 3.4051 3.4709 3.5443 3.6257 
464.5 1.0666 1.0378 0.96837 0.93883 0.9246 0.91465 0.90673 0.90064 0.89571 0.89129 0.88751 0.88539 0.88513 0.88609 0.88812 0.89123 0.8954 0.90064 0.90695 0.91398 0.92127 0.92836 0.93506 0.94114 0.94665 0.95205 0.95729 0.96218 0.96695 0.9716 0.97634 0.98133 0.98653 0.9922 0.99809 1.0049 1.0117 1.0206 1.0303 1.0412 1.0529 1.0655 1.0788 1.093 1.1079 1.1234 1.1397 1.1565 1.1741 1.1924 1.2112 1.2308 1.251 1.272 1.2936 1.3161 1.3393 1.3632 1.388 1.4134 1.4399 1.4672 1.4953 1.5244 1.5543 1.5851 1.6169 1.6497 1.6836 1.7186 1.7549 1.7925 1.8316 1.8722 1.9144 1.9584 2.0042 2.052 2.1017 2.1536 2.2077 2.2646 2.3242 2.3871 2.4532 2.5233 2.598 2.6787 2.7652 2.8587 2.9477 3.0395 3.1321 3.2207 3.2911 3.3462 3.4044 3.4702 3.5436 3.625 
465 1.0667 1.0378 0.96846 0.9389 0.92466 0.91471 0.9068 0.90072 0.89579 0.89137 0.88759 0.88546 0.88519 0.88614 0.88817 0.89127 0.89544 0.90067 0.90697 0.914 0.92129 0.92839 0.9351 0.94118 0.94669 0.9521 0.95733 0.96222 0.96699 0.97162 0.97637 0.98136 0.98655 0.99222 0.9981 1.0049 1.0117 1.0206 1.0303 1.0412 1.0529 1.0655 1.0789 1.093 1.1079 1.1235 1.1397 1.1565 1.1742 1.1924 1.2113 1.2308 1.251 1.272 1.2937 1.3161 1.3393 1.3632 1.388 1.4134 1.4399 1.4672 1.4953 1.5244 1.5543 1.5851 1.6169 1.6497 1.6836 1.7186 1.7549 1.7925 1.8315 1.8722 1.9143 1.9583 2.0042 2.052 2.1017 2.1536 2.2077 2.2646 2.3241 2.387 2.4531 2.5232 2.598 2.6787 2.7652 2.8587 2.9476 3.0394 3.1319 3.2204 3.2906 3.3455 3.4036 3.4694 3.5429 3.6243 
465.5 1.0668 1.0379 0.96854 0.93897 0.92473 0.91478 0.90687 0.90079 0.89587 0.89145 0.88767 0.88554 0.88526 0.8862 0.88823 0.89132 0.89548 0.90071 0.907 0.91403 0.92132 0.92842 0.93514 0.94122 0.94673 0.95214 0.95737 0.96226 0.96703 0.97165 0.97641 0.98139 0.98658 0.99224 0.99812 1.0049 1.0118 1.0206 1.0303 1.0413 1.053 1.0656 1.0789 1.0931 1.1079 1.1235 1.1398 1.1566 1.1742 1.1925 1.2113 1.2309 1.251 1.272 1.2937 1.3161 1.3393 1.3632 1.388 1.4135 1.4399 1.4672 1.4953 1.5244 1.5543 1.5851 1.617 1.6497 1.6836 1.7186 1.7549 1.7925 1.8315 1.8722 1.9143 1.9583 2.0042 2.052 2.1016 2.1535 2.2076 2.2645 2.3241 2.387 2.4531 2.5232 2.5979 2.6787 2.7652 2.8587 2.9476 3.0393 3.1318 3.2201 3.2902 3.345 3.403 3.4688 3.5422 3.6236 
466 1.0669 1.038 0.96862 0.93905 0.9248 0.91485 0.90694 0.90086 0.89593 0.89152 0.88773 0.88561 0.88533 0.88627 0.88828 0.89137 0.89552 0.90075 0.90705 0.91407 0.92135 0.92845 0.93517 0.94125 0.94677 0.95217 0.9574 0.96229 0.96706 0.97169 0.97643 0.98141 0.98661 0.99227 0.99815 1.0049 1.0118 1.0207 1.0304 1.0413 1.053 1.0656 1.079 1.0931 1.108 1.1236 1.1398 1.1566 1.1743 1.1925 1.2113 1.2309 1.2511 1.2721 1.2937 1.3161 1.3393 1.3632 1.388 1.4135 1.4399 1.4672 1.4953 1.5244 1.5543 1.5851 1.617 1.6497 1.6836 1.7185 1.7549 1.7925 1.8315 1.8722 1.9143 1.9583 2.0041 2.052 2.1016 2.1535 2.2076 2.2645 2.324 2.3869 2.4531 2.5232 2.5979 2.6786 2.7651 2.8586 2.9475 3.0393 3.1318 3.2203 3.2905 3.3453 3.4033 3.469 3.5423 3.6237 
466.5 1.0669 1.0381 0.96869 0.93913 0.92488 0.91492 0.907 0.90093 0.896 0.89159 0.8878 0.88568 0.88539 0.88633 0.88833 0.89142 0.89556 0.90079 0.90709 0.91411 0.92138 0.92848 0.9352 0.94128 0.9468 0.9522 0.95743 0.96232 0.96709 0.97173 0.97646 0.98144 0.98664 0.9923 0.99818 1.0049 1.0118 1.0207 1.0304 1.0413 1.053 1.0656 1.079 1.0931 1.108 1.1236 1.1399 1.1567 1.1743 1.1925 1.2114 1.2309 1.2511 1.2721 1.2937 1.3162 1.3393 1.3632 1.388 1.4135 1.4399 1.4672 1.4953 1.5244 1.5543 1.5851 1.6169 1.6497 1.6836 1.7185 1.7549 1.7925 1.8315 1.8722 1.9143 1.9583 2.0041 2.052 2.1016 2.1535 2.2075 2.2645 2.324 2.3869 2.453 2.5231 2.5978 2.6785 2.765 2.8585 2.9474 3.0392 3.1319 3.2205 3.2907 3.3457 3.4036 3.4692 3.5425 3.6238 
467 1.067 1.0382 0.96877 0.9392 0.92495 0.91498 0.90707 0.90099 0.89607 0.89167 0.88786 0.88575 0.88546 0.8864 0.88838 0.89146 0.8956 0.90084 0.90714 0.91416 0.92141 0.92851 0.93522 0.94131 0.94684 0.95223 0.95745 0.96235 0.96711 0.97177 0.97648 0.98146 0.98667 0.99233 0.99821 1.005 1.0118 1.0207 1.0304 1.0414 1.0531 1.0657 1.079 1.0932 1.1081 1.1236 1.1399 1.1567 1.1744 1.1926 1.2114 1.231 1.2511 1.2721 1.2938 1.3162 1.3394 1.3632 1.388 1.4135 1.4399 1.4672 1.4953 1.5244 1.5543 1.5851 1.6169 1.6497 1.6836 1.7185 1.7549 1.7925 1.8315 1.8721 1.9142 1.9583 2.0041 2.0519 2.1016 2.1534 2.2075 2.2644 2.324 2.3869 2.453 2.5231 2.5978 2.6785 2.7649 2.8584 2.9473 3.0392 3.1319 3.2206 3.291 3.346 3.4039 3.4695 3.5426 3.6239 
467.5 1.0671 1.0383 0.96885 0.93928 0.92502 0.91505 0.90714 0.90106 0.89614 0.89174 0.88793 0.88581 0.88553 0.88646 0.88843 0.89151 0.89564 0.90088 0.90718 0.9142 0.92145 0.92854 0.93525 0.94134 0.94687 0.95226 0.95748 0.96238 0.96714 0.9718 0.97651 0.98148 0.9867 0.99235 0.99824 1.005 1.0118 1.0207 1.0305 1.0414 1.0531 1.0657 1.0791 1.0932 1.1081 1.1237 1.14 1.1568 1.1744 1.1926 1.2115 1.231 1.2512 1.2721 1.2938 1.3162 1.3394 1.3632 1.388 1.4135 1.4399 1.4672 1.4953 1.5244 1.5543 1.5851 1.6169 1.6497 1.6836 1.7185 1.7549 1.7925 1.8315 1.8721 1.9142 1.9583 2.0041 2.0519 2.1015 2.1534 2.2075 2.2644 2.3239 2.3868 2.4529 2.523 2.5978 2.6784 2.7648 2.8583 2.9472 3.0391 3.132 3.2207 3.2912 3.3462 3.4041 3.4696 3.5428 3.624 
468 1.0672 1.0384 0.96894 0.93936 0.92509 0.91512 0.90721 0.90113 0.8962 0.8918 0.88799 0.88587 0.8856 0.88651 0.88848 0.89155 0.89568 0.90091 0.9072 0.91423 0.92148 0.92857 0.93529 0.94137 0.9469 0.9523 0.95752 0.96241 0.96717 0.97182 0.97654 0.98151 0.98673 0.99237 0.99825 1.005 1.0119 1.0208 1.0305 1.0414 1.0531 1.0657 1.0791 1.0933 1.1082 1.1237 1.14 1.1568 1.1744 1.1926 1.2115 1.231 1.2512 1.2722 1.2938 1.3162 1.3394 1.3633 1.388 1.4135 1.4399 1.4672 1.4953 1.5244 1.5543 1.5851 1.6169 1.6497 1.6836 1.7185 1.7548 1.7925 1.8315 1.8721 1.9142 1.9582 2.0041 2.0519 2.1015 2.1534 2.2074 2.2643 2.3239 2.3868 2.4529 2.523 2.5977 2.6784 2.7648 2.8582 2.9471 3.039 3.1318 3.2206 3.2911 3.3461 3.4041 3.4697 3.5429 3.6242 
468.5 1.0673 1.0385 0.96903 0.93944 0.92517 0.91519 0.90727 0.9012 0.89627 0.89186 0.88806 0.88592 0.88567 0.88656 0.88852 0.8916 0.89572 0.90095 0.90723 0.91426 0.92151 0.92861 0.93532 0.9414 0.94693 0.95233 0.95756 0.96244 0.96719 0.97184 0.97656 0.98154 0.98676 0.9924 0.99827 1.005 1.0119 1.0208 1.0305 1.0415 1.0532 1.0658 1.0792 1.0933 1.1082 1.1238 1.14 1.1568 1.1745 1.1927 1.2115 1.2311 1.2512 1.2722 1.2938 1.3162 1.3394 1.3633 1.388 1.4135 1.4399 1.4672 1.4953 1.5244 1.5543 1.5851 1.6169 1.6497 1.6836 1.7185 1.7548 1.7925 1.8315 1.8721 1.9142 1.9582 2.004 2.0518 2.1015 2.1534 2.2074 2.2643 2.3238 2.3867 2.4528 2.5229 2.5977 2.6783 2.7647 2.8582 2.947 3.0389 3.1317 3.2205 3.291 3.3461 3.4041 3.4697 3.5431 3.6245 
469 1.0674 1.0386 0.96912 0.93952 0.92524 0.91526 0.90734 0.90127 0.89634 0.89192 0.88812 0.88598 0.88573 0.88662 0.88857 0.89164 0.89575 0.90099 0.90726 0.91429 0.92155 0.92865 0.93536 0.94143 0.94695 0.95237 0.95759 0.96247 0.96722 0.97186 0.97659 0.98158 0.98679 0.99242 0.99828 1.005 1.0119 1.0208 1.0306 1.0415 1.0532 1.0658 1.0792 1.0934 1.1082 1.1238 1.1401 1.1569 1.1745 1.1927 1.2116 1.2311 1.2513 1.2722 1.2939 1.3163 1.3394 1.3633 1.3881 1.4135 1.4399 1.4672 1.4953 1.5244 1.5543 1.5851 1.6169 1.6497 1.6835 1.7185 1.7548 1.7924 1.8314 1.8721 1.9142 1.9582 2.004 2.0518 2.1014 2.1533 2.2074 2.2642 2.3238 2.3867 2.4528 2.5229 2.5977 2.6783 2.7647 2.8581 2.947 3.0388 3.1316 3.2204 3.2909 3.346 3.4041 3.4698 3.5432 3.6247 
469.5 1.0675 1.0387 0.96921 0.93959 0.92531 0.91533 0.90741 0.90134 0.89641 0.89198 0.88818 0.88603 0.88579 0.88666 0.88861 0.89168 0.89579 0.90102 0.9073 0.91432 0.92159 0.92868 0.9354 0.94146 0.94698 0.9524 0.95763 0.9625 0.96725 0.97189 0.97662 0.9816 0.98681 0.99244 0.9983 1.0051 1.0119 1.0208 1.0306 1.0415 1.0532 1.0658 1.0792 1.0934 1.1083 1.1238 1.1401 1.1569 1.1746 1.1928 1.2116 1.2311 1.2513 1.2723 1.2939 1.3163 1.3395 1.3633 1.3881 1.4135 1.4399 1.4672 1.4953 1.5244 1.5543 1.5851 1.6169 1.6497 1.6835 1.7185 1.7548 1.7924 1.8314 1.872 1.9142 1.9582 2.004 2.0518 2.1014 2.1533 2.2073 2.2642 2.3238 2.3866 2.4527 2.5229 2.5976 2.6783 2.7646 2.858 2.9469 3.0388 3.1316 3.2205 3.291 3.3461 3.4042 3.4699 3.5433 3.6248 
470 1.0676 1.0388 0.96929 0.93967 0.92538 0.9154 0.90748 0.9014 0.89647 0.89204 0.88824 0.8861 0.88584 0.88671 0.88865 0.89171 0.89583 0.90106 0.90733 0.91436 0.92163 0.92873 0.93543 0.94149 0.94702 0.95243 0.95766 0.96253 0.96729 0.97192 0.97664 0.98163 0.98683 0.99246 0.99833 1.0051 1.012 1.0209 1.0306 1.0416 1.0533 1.0659 1.0792 1.0934 1.1083 1.1239 1.1401 1.157 1.1746 1.1928 1.2116 1.2312 1.2513 1.2723 1.2939 1.3163 1.3395 1.3633 1.3881 1.4135 1.4399 1.4672 1.4953 1.5244 1.5543 1.5851 1.6169 1.6497 1.6835 1.7185 1.7548 1.7924 1.8314 1.872 1.9141 1.9581 2.0039 2.0517 2.1014 2.1533 2.2073 2.2642 2.3237 2.3866 2.4527 2.5228 2.5976 2.6782 2.7646 2.858 2.9468 3.0388 3.1317 3.2206 3.2913 3.3464 3.4045 3.4701 3.5434 3.6248 
470.5 1.0677 1.0389 0.96937 0.93975 0.92546 0.91547 0.90754 0.90147 0.89653 0.8921 0.8883 0.88616 0.88589 0.88675 0.8887 0.89175 0.89587 0.90109 0.90737 0.9144 0.92168 0.92877 0.93547 0.94153 0.94705 0.95246 0.95769 0.96257 0.96733 0.97196 0.97667 0.98165 0.98685 0.99248 0.99836 1.0051 1.012 1.0209 1.0306 1.0416 1.0533 1.0659 1.0793 1.0935 1.1084 1.1239 1.1402 1.157 1.1746 1.1928 1.2117 1.2312 1.2513 1.2723 1.2939 1.3163 1.3395 1.3633 1.3881 1.4136 1.44 1.4672 1.4953 1.5244 1.5543 1.5851 1.6169 1.6496 1.6835 1.7185 1.7548 1.7924 1.8314 1.872 1.9141 1.9581 2.0039 2.0517 2.1014 2.1532 2.2073 2.2641 2.3236 2.3865 2.4526 2.5228 2.5975 2.6782 2.7645 2.8579 2.9468 3.0387 3.1318 3.2208 3.2916 3.3468 3.4048 3.4704 3.5435 3.6247 
471 1.0679 1.039 0.96945 0.93982 0.92553 0.91554 0.90761 0.90153 0.8966 0.89216 0.88837 0.88622 0.88594 0.88679 0.88874 0.89178 0.89591 0.90112 0.9074 0.91443 0.92172 0.92881 0.93551 0.94156 0.94708 0.9525 0.95772 0.9626 0.96737 0.97199 0.97669 0.98168 0.98687 0.9925 0.99838 1.0051 1.012 1.0209 1.0307 1.0416 1.0533 1.0659 1.0793 1.0935 1.1084 1.124 1.1402 1.157 1.1747 1.1929 1.2117 1.2312 1.2514 1.2723 1.294 1.3163 1.3395 1.3633 1.3881 1.4136 1.44 1.4672 1.4953 1.5244 1.5543 1.5851 1.6169 1.6496 1.6835 1.7185 1.7548 1.7924 1.8314 1.872 1.9141 1.9581 2.0039 2.0517 2.1013 2.1532 2.2072 2.2641 2.3236 2.3865 2.4526 2.5227 2.5975 2.6781 2.7645 2.8578 2.9467 3.0387 3.1318 3.221 3.2918 3.3471 3.4051 3.4706 3.5436 3.6246 
471.5 1.0679 1.0391 0.96953 0.9399 0.9256 0.9156 0.90767 0.90159 0.89666 0.89222 0.88842 0.88627 0.88598 0.88684 0.88879 0.89183 0.89595 0.90116 0.90744 0.91447 0.92175 0.92884 0.93554 0.94159 0.94711 0.95253 0.95775 0.96263 0.96741 0.97202 0.97672 0.9817 0.98689 0.99253 0.99841 1.0051 1.012 1.0209 1.0307 1.0416 1.0533 1.066 1.0793 1.0935 1.1084 1.124 1.1403 1.1571 1.1747 1.1929 1.2117 1.2313 1.2514 1.2724 1.294 1.3164 1.3395 1.3634 1.3881 1.4136 1.44 1.4672 1.4953 1.5244 1.5543 1.5851 1.6169 1.6496 1.6835 1.7184 1.7548 1.7923 1.8313 1.8719 1.914 1.958 2.0038 2.0517 2.1013 2.1532 2.2072 2.264 2.3235 2.3864 2.4525 2.5226 2.5974 2.6781 2.7644 2.8578 2.9467 3.0387 3.1318 3.2209 3.2918 3.3472 3.4053 3.4709 3.544 3.6252 
472 1.068 1.0391 0.96961 0.93997 0.92567 0.91566 0.90773 0.90165 0.89671 0.89228 0.88848 0.88632 0.88602 0.88688 0.88884 0.89188 0.896 0.9012 0.90747 0.9145 0.92177 0.92886 0.93556 0.94162 0.94714 0.95256 0.95777 0.96266 0.96743 0.97205 0.97675 0.98172 0.98691 0.99255 0.99843 1.0051 1.0121 1.021 1.0307 1.0417 1.0534 1.066 1.0794 1.0936 1.1085 1.124 1.1403 1.1571 1.1747 1.193 1.2118 1.2313 1.2514 1.2724 1.294 1.3164 1.3395 1.3634 1.3881 1.4136 1.44 1.4673 1.4953 1.5244 1.5543 1.5851 1.6169 1.6496 1.6835 1.7184 1.7547 1.7923 1.8313 1.8719 1.914 1.958 2.0038 2.0516 2.1013 2.1531 2.2071 2.264 2.3235 2.3864 2.4525 2.5226 2.5974 2.678 2.7644 2.8577 2.9466 3.0386 3.1317 3.2208 3.2918 3.3472 3.4055 3.4712 3.5445 3.6259 
472.5 1.0681 1.0392 0.96969 0.94004 0.92574 0.91573 0.90779 0.90171 0.89677 0.89233 0.88854 0.88636 0.88606 0.88693 0.88889 0.89194 0.89604 0.90123 0.90751 0.91453 0.92178 0.92889 0.93559 0.94165 0.94718 0.95259 0.9578 0.96269 0.96746 0.97208 0.97679 0.98174 0.98693 0.99257 0.99845 1.0052 1.0121 1.021 1.0307 1.0417 1.0534 1.066 1.0794 1.0936 1.1085 1.124 1.1403 1.1571 1.1748 1.193 1.2118 1.2313 1.2515 1.2724 1.294 1.3164 1.3396 1.3634 1.3882 1.4136 1.44 1.4673 1.4953 1.5244 1.5543 1.5851 1.6169 1.6496 1.6835 1.7184 1.7547 1.7923 1.8313 1.8719 1.914 1.958 2.0038 2.0516 2.1012 2.1531 2.2071 2.264 2.3234 2.3863 2.4524 2.5226 2.5973 2.678 2.7643 2.8577 2.9465 3.0385 3.1316 3.2207 3.2917 3.3472 3.4056 3.4716 3.5451 3.6266 
473 1.0681 1.0393 0.96977 0.94012 0.9258 0.91579 0.90786 0.90177 0.89683 0.89239 0.88859 0.88641 0.88609 0.88698 0.88894 0.89199 0.89609 0.90127 0.90754 0.91456 0.9218 0.92892 0.93562 0.94168 0.94721 0.95263 0.95783 0.96272 0.96749 0.97211 0.97682 0.98176 0.98695 0.9926 0.99847 1.0052 1.0121 1.021 1.0307 1.0417 1.0534 1.0661 1.0794 1.0936 1.1085 1.1241 1.1403 1.1572 1.1748 1.193 1.2118 1.2314 1.2515 1.2724 1.294 1.3164 1.3396 1.3634 1.3882 1.4136 1.44 1.4673 1.4953 1.5244 1.5543 1.5851 1.6169 1.6496 1.6835 1.7184 1.7547 1.7923 1.8313 1.8719 1.914 1.9579 2.0038 2.0515 2.1012 2.153 2.2071 2.2639 2.3234 2.3863 2.4524 2.5225 2.5973 2.678 2.7643 2.8577 2.9465 3.0384 3.1315 3.2206 3.2916 3.3473 3.4058 3.4719 3.5456 3.6273 
473.5 1.0682 1.0394 0.96985 0.94019 0.92587 0.91586 0.90791 0.90183 0.89688 0.89245 0.88865 0.88647 0.88615 0.88704 0.88899 0.89203 0.89613 0.90131 0.90759 0.9146 0.92184 0.92895 0.93565 0.94172 0.94724 0.95266 0.95787 0.96276 0.96752 0.97214 0.97685 0.98179 0.98697 0.99261 0.99847 1.0052 1.0121 1.021 1.0308 1.0417 1.0535 1.0661 1.0795 1.0937 1.1086 1.1241 1.1404 1.1572 1.1748 1.193 1.2119 1.2314 1.2515 1.2725 1.2941 1.3164 1.3396 1.3634 1.3882 1.4136 1.44 1.4673 1.4953 1.5244 1.5543 1.5851 1.6169 1.6496 1.6834 1.7184 1.7547 1.7923 1.8313 1.8719 1.914 1.9579 2.0037 2.0515 2.1012 2.153 2.207 2.2639 2.3234 2.3862 2.4523 2.5225 2.5972 2.6779 2.7643 2.8576 2.9464 3.0384 3.1314 3.2206 3.2917 3.3473 3.4058 3.4719 3.5456 3.6274 
474 1.0683 1.0395 0.96993 0.94026 0.92594 0.91592 0.90797 0.90188 0.89694 0.8925 0.8887 0.88653 0.88621 0.88709 0.88903 0.89207 0.89617 0.90136 0.90763 0.91464 0.92188 0.92898 0.93568 0.94175 0.94728 0.95269 0.9579 0.96279 0.96754 0.97216 0.97688 0.98182 0.987 0.99263 0.99848 1.0052 1.0121 1.0211 1.0308 1.0418 1.0535 1.0661 1.0795 1.0937 1.1086 1.1241 1.1404 1.1572 1.1749 1.1931 1.2119 1.2314 1.2516 1.2725 1.2941 1.3165 1.3396 1.3635 1.3882 1.4136 1.44 1.4673 1.4954 1.5244 1.5543 1.5851 1.6169 1.6496 1.6834 1.7184 1.7547 1.7923 1.8313 1.8718 1.914 1.9579 2.0037 2.0515 2.1011 2.153 2.207 2.2638 2.3233 2.3862 2.4523 2.5224 2.5972 2.6779 2.7642 2.8575 2.9464 3.0384 3.1314 3.2207 3.2917 3.3473 3.4058 3.4719 3.5456 3.6274 
474.5 1.0683 1.0395 0.97001 0.94034 0.92601 0.91598 0.90803 0.90194 0.897 0.89256 0.88875 0.88659 0.88627 0.88715 0.88908 0.89211 0.89621 0.9014 0.90767 0.91467 0.92192 0.92902 0.93571 0.94179 0.94732 0.95272 0.95794 0.96283 0.96757 0.97219 0.97691 0.98185 0.98703 0.99265 0.99848 1.0052 1.0121 1.0211 1.0308 1.0418 1.0535 1.0662 1.0796 1.0937 1.1086 1.1242 1.1405 1.1573 1.1749 1.1931 1.2119 1.2315 1.2516 1.2725 1.2941 1.3165 1.3397 1.3635 1.3882 1.4136 1.44 1.4673 1.4954 1.5244 1.5543 1.5851 1.6169 1.6496 1.6834 1.7184 1.7547 1.7923 1.8312 1.8718 1.9139 1.9579 2.0037 2.0515 2.1011 2.1529 2.2069 2.2638 2.3233 2.3862 2.4523 2.5224 2.5972 2.6778 2.7642 2.8575 2.9463 3.0383 3.1314 3.2207 3.2918 3.3474 3.4059 3.472 3.5457 3.6274 
475 1.0684 1.0396 0.97008 0.94041 0.92608 0.91604 0.90809 0.90199 0.89705 0.89262 0.88881 0.88665 0.88632 0.88721 0.88913 0.89216 0.89625 0.90145 0.90771 0.91471 0.92196 0.92905 0.93575 0.94183 0.94736 0.95275 0.95797 0.96286 0.9676 0.97221 0.97694 0.98188 0.98705 0.99266 0.99849 1.0052 1.0121 1.0211 1.0309 1.0419 1.0536 1.0662 1.0796 1.0938 1.1087 1.1242 1.1405 1.1573 1.1749 1.1931 1.2119 1.2315 1.2516 1.2726 1.2941 1.3165 1.3397 1.3635 1.3882 1.4137 1.44 1.4673 1.4954 1.5244 1.5543 1.5851 1.6169 1.6496 1.6834 1.7184 1.7546 1.7922 1.8312 1.8718 1.9139 1.9579 2.0037 2.0515 2.101 2.1529 2.2069 2.2637 2.3233 2.3861 2.4522 2.5224 2.5971 2.6778 2.7641 2.8574 2.9463 3.0383 3.1314 3.2207 3.2918 3.3474 3.4059 3.472 3.5457 3.6275 
475.5 1.0685 1.0397 0.97014 0.94047 0.92614 0.9161 0.90814 0.90205 0.89711 0.89267 0.88887 0.88671 0.88638 0.88725 0.88918 0.8922 0.89629 0.90148 0.90774 0.91474 0.92198 0.92909 0.93579 0.94187 0.9474 0.95279 0.95801 0.96288 0.96762 0.97224 0.97695 0.9819 0.98707 0.99268 0.99851 1.0052 1.0122 1.0211 1.0309 1.0419 1.0536 1.0662 1.0796 1.0938 1.1087 1.1243 1.1405 1.1573 1.175 1.1932 1.212 1.2315 1.2516 1.2726 1.2942 1.3165 1.3397 1.3635 1.3882 1.4137 1.44 1.4673 1.4954 1.5244 1.5543 1.5851 1.6169 1.6496 1.6834 1.7183 1.7546 1.7922 1.8312 1.8718 1.9139 1.9578 2.0036 2.0514 2.101 2.1529 2.2068 2.2637 2.3232 2.3861 2.4522 2.5223 2.5971 2.6777 2.7641 2.8574 2.9462 3.0382 3.1313 3.2205 3.2916 3.3472 3.4058 3.472 3.5458 3.6277 
476 1.0686 1.0398 0.97021 0.94053 0.9262 0.91616 0.9082 0.90211 0.89717 0.89273 0.88893 0.88677 0.88644 0.8873 0.88922 0.89224 0.89634 0.90151 0.90777 0.91477 0.92201 0.92912 0.93583 0.94191 0.94744 0.95284 0.95804 0.96291 0.96764 0.97227 0.97697 0.98192 0.98709 0.9927 0.99854 1.0053 1.0122 1.0212 1.0309 1.0419 1.0536 1.0663 1.0797 1.0938 1.1087 1.1243 1.1406 1.1574 1.175 1.1932 1.212 1.2315 1.2517 1.2726 1.2942 1.3166 1.3397 1.3635 1.3883 1.4137 1.44 1.4673 1.4954 1.5244 1.5543 1.5851 1.6168 1.6495 1.6834 1.7183 1.7546 1.7922 1.8312 1.8717 1.9139 1.9578 2.0036 2.0514 2.101 2.1528 2.2068 2.2636 2.3232 2.3861 2.4521 2.5223 2.597 2.6777 2.764 2.8573 2.9462 3.0381 3.1312 3.2204 3.2914 3.3471 3.4057 3.472 3.5459 3.6279 
476.5 1.0688 1.0399 0.97027 0.9406 0.92626 0.91621 0.90825 0.90216 0.89722 0.89279 0.88898 0.88684 0.8865 0.88734 0.88927 0.89228 0.89639 0.90154 0.9078 0.9148 0.92203 0.92915 0.93588 0.94196 0.94748 0.95288 0.95807 0.96293 0.96766 0.97229 0.97699 0.98194 0.98711 0.99273 0.99856 1.0053 1.0122 1.0212 1.031 1.0419 1.0537 1.0663 1.0797 1.0939 1.1088 1.1243 1.1406 1.1574 1.175 1.1932 1.212 1.2316 1.2517 1.2726 1.2942 1.3166 1.3397 1.3635 1.3883 1.4137 1.44 1.4673 1.4954 1.5244 1.5543 1.5851 1.6168 1.6495 1.6834 1.7183 1.7546 1.7922 1.8311 1.8717 1.9138 1.9577 2.0036 2.0513 2.1009 2.1528 2.2067 2.2636 2.3231 2.386 2.4521 2.5222 2.597 2.6777 2.764 2.8573 2.9461 3.038 3.1311 3.2202 3.2913 3.347 3.4057 3.472 3.546 3.6281 
477 1.0689 1.04 0.97033 0.94066 0.92632 0.91627 0.90831 0.90222 0.89728 0.89285 0.88904 0.88689 0.88655 0.88739 0.88932 0.89233 0.89643 0.90158 0.90783 0.91483 0.92207 0.92919 0.93591 0.942 0.94752 0.95292 0.95811 0.96296 0.96769 0.97232 0.97701 0.98196 0.98713 0.99274 0.99858 1.0053 1.0123 1.0212 1.031 1.042 1.0537 1.0663 1.0797 1.0939 1.1088 1.1243 1.1406 1.1574 1.1751 1.1932 1.2121 1.2316 1.2517 1.2727 1.2942 1.3166 1.3397 1.3635 1.3883 1.4137 1.44 1.4673 1.4954 1.5244 1.5543 1.5851 1.6168 1.6495 1.6834 1.7183 1.7546 1.7921 1.8311 1.8717 1.9138 1.9577 2.0036 2.0513 2.1009 2.1527 2.2067 2.2635 2.3231 2.386 2.452 2.5222 2.597 2.6776 2.7639 2.8572 2.946 3.0379 3.131 3.2201 3.2912 3.3469 3.4056 3.472 3.5461 3.6282 
477.5 1.069 1.0401 0.97038 0.94072 0.92639 0.91633 0.90836 0.90227 0.89733 0.89289 0.88909 0.88693 0.8866 0.88745 0.88938 0.89239 0.89647 0.90162 0.90787 0.91487 0.92212 0.92923 0.93594 0.94202 0.94756 0.95297 0.95816 0.963 0.96773 0.97234 0.97703 0.98197 0.98714 0.99276 0.9986 1.0053 1.0123 1.0212 1.031 1.042 1.0537 1.0664 1.0797 1.0939 1.1088 1.1244 1.1407 1.1575 1.1751 1.1933 1.2121 1.2316 1.2517 1.2727 1.2943 1.3166 1.3397 1.3635 1.3883 1.4137 1.4401 1.4673 1.4954 1.5244 1.5543 1.5851 1.6168 1.6495 1.6834 1.7183 1.7546 1.7921 1.8311 1.8716 1.9138 1.9577 2.0035 2.0512 2.1008 2.1527 2.2066 2.2635 2.323 2.3859 2.452 2.5221 2.5969 2.6775 2.7639 2.8572 2.9459 3.0378 3.1309 3.22 3.2911 3.3468 3.4055 3.472 3.5461 3.6282 
478 1.0691 1.0402 0.97044 0.94078 0.92645 0.91639 0.90842 0.90233 0.89738 0.89294 0.88913 0.88697 0.88665 0.88751 0.88944 0.89245 0.89651 0.90167 0.90791 0.91492 0.92217 0.92927 0.93597 0.94205 0.94759 0.95301 0.9582 0.96305 0.96776 0.97237 0.97705 0.98199 0.98716 0.99277 0.99861 1.0053 1.0123 1.0212 1.031 1.042 1.0537 1.0664 1.0798 1.094 1.1089 1.1244 1.1407 1.1575 1.1751 1.1933 1.2121 1.2316 1.2518 1.2727 1.2943 1.3166 1.3398 1.3636 1.3883 1.4137 1.4401 1.4673 1.4954 1.5244 1.5543 1.5851 1.6168 1.6495 1.6834 1.7183 1.7545 1.7921 1.8311 1.8716 1.9137 1.9576 2.0035 2.0512 2.1008 2.1526 2.2066 2.2635 2.323 2.3858 2.4519 2.5221 2.5968 2.6775 2.7638 2.8571 2.9459 3.0378 3.1308 3.22 3.291 3.3467 3.4054 3.4719 3.5461 3.6283 
478.5 1.0692 1.0402 0.97049 0.94085 0.92652 0.91645 0.90847 0.90238 0.89743 0.89299 0.88918 0.88702 0.8867 0.88756 0.8895 0.8925 0.89655 0.90171 0.90795 0.91496 0.92222 0.92931 0.93599 0.94208 0.94763 0.95305 0.95824 0.96309 0.9678 0.97239 0.97707 0.98201 0.98717 0.99278 0.99863 1.0054 1.0123 1.0213 1.0311 1.042 1.0538 1.0664 1.0798 1.094 1.1089 1.1245 1.1407 1.1575 1.1751 1.1933 1.2121 1.2317 1.2518 1.2727 1.2943 1.3166 1.3398 1.3636 1.3883 1.4137 1.4401 1.4673 1.4954 1.5244 1.5543 1.5851 1.6168 1.6495 1.6834 1.7183 1.7545 1.7921 1.8311 1.8716 1.9137 1.9576 2.0034 2.0511 2.1007 2.1526 2.2066 2.2634 2.3229 2.3858 2.4519 2.522 2.5968 2.6774 2.7637 2.857 2.9458 3.0377 3.1307 3.2199 3.2909 3.3466 3.4054 3.4719 3.5462 3.6283 
479 1.0693 1.0403 0.97056 0.94091 0.92658 0.9165 0.90852 0.90243 0.89748 0.89304 0.88923 0.88707 0.88675 0.88762 0.88955 0.89255 0.8966 0.90175 0.90799 0.915 0.92226 0.92935 0.93602 0.94211 0.94766 0.95308 0.95828 0.96313 0.96783 0.97242 0.9771 0.98203 0.98719 0.9928 0.99864 1.0054 1.0123 1.0213 1.0311 1.0421 1.0538 1.0664 1.0798 1.094 1.1089 1.1245 1.1407 1.1576 1.1752 1.1934 1.2122 1.2317 1.2518 1.2727 1.2943 1.3167 1.3398 1.3636 1.3883 1.4137 1.4401 1.4673 1.4954 1.5244 1.5543 1.585 1.6168 1.6495 1.6833 1.7182 1.7545 1.7921 1.831 1.8716 1.9137 1.9576 2.0034 2.0511 2.1007 2.1525 2.2065 2.2634 2.3229 2.3857 2.4518 2.522 2.5967 2.6773 2.7636 2.8569 2.9457 3.0376 3.1307 3.2199 3.291 3.3469 3.4058 3.4725 3.5469 3.6292 
479.5 1.0694 1.0404 0.97063 0.94097 0.92663 0.91655 0.90857 0.90248 0.89753 0.89309 0.88928 0.88712 0.88681 0.88767 0.88959 0.8926 0.89665 0.90179 0.90803 0.91504 0.92229 0.92938 0.93606 0.94214 0.94769 0.95311 0.95831 0.96315 0.96786 0.97245 0.97713 0.98206 0.98722 0.99282 0.99867 1.0054 1.0123 1.0213 1.0311 1.0421 1.0538 1.0665 1.0799 1.0941 1.1089 1.1245 1.1408 1.1576 1.1752 1.1934 1.2122 1.2317 1.2518 1.2727 1.2943 1.3167 1.3398 1.3636 1.3883 1.4138 1.4401 1.4673 1.4954 1.5244 1.5543 1.585 1.6168 1.6495 1.6833 1.7182 1.7545 1.792 1.831 1.8716 1.9136 1.9575 2.0034 2.0511 2.1007 2.1525 2.2065 2.2633 2.3228 2.3857 2.4518 2.5219 2.5967 2.6773 2.7635 2.8568 2.9456 3.0375 3.1306 3.22 3.2913 3.3474 3.4065 3.4734 3.548 3.6305 
480 1.0694 1.0405 0.9707 0.94103 0.92669 0.9166 0.90862 0.90253 0.89758 0.89314 0.88934 0.88717 0.88686 0.88773 0.88963 0.89265 0.89671 0.90184 0.90806 0.91507 0.92233 0.92941 0.93609 0.94217 0.94772 0.95314 0.95834 0.96318 0.96788 0.97248 0.97716 0.98209 0.98725 0.99285 0.99869 1.0054 1.0124 1.0213 1.0311 1.0421 1.0538 1.0665 1.0799 1.0941 1.109 1.1245 1.1408 1.1576 1.1752 1.1934 1.2122 1.2317 1.2519 1.2728 1.2943 1.3167 1.3398 1.3636 1.3883 1.4138 1.4401 1.4674 1.4954 1.5244 1.5543 1.585 1.6168 1.6495 1.6833 1.7182 1.7545 1.792 1.831 1.8715 1.9136 1.9575 2.0033 2.0511 2.1006 2.1524 2.2064 2.2633 2.3228 2.3856 2.4517 2.5218 2.5966 2.6772 2.7634 2.8567 2.9455 3.0374 3.1306 3.2201 3.2916 3.3479 3.4073 3.4743 3.549 3.6318 
480.5 1.0695 1.0406 0.97077 0.94109 0.92674 0.91665 0.90867 0.90258 0.89763 0.89319 0.88939 0.88723 0.88691 0.88778 0.88967 0.89269 0.89676 0.90188 0.9081 0.91511 0.92236 0.92944 0.93612 0.94221 0.94775 0.95317 0.95837 0.9632 0.96791 0.97251 0.9772 0.98212 0.98727 0.99287 0.99871 1.0054 1.0124 1.0213 1.0311 1.0421 1.0539 1.0665 1.0799 1.0941 1.109 1.1246 1.1408 1.1576 1.1752 1.1934 1.2122 1.2318 1.2519 1.2728 1.2944 1.3167 1.3398 1.3637 1.3884 1.4138 1.4401 1.4674 1.4954 1.5244 1.5542 1.585 1.6168 1.6495 1.6833 1.7182 1.7545 1.792 1.831 1.8715 1.9136 1.9575 2.0033 2.051 2.1006 2.1524 2.2064 2.2632 2.3227 2.3856 2.4517 2.5218 2.5965 2.6771 2.7634 2.8566 2.9453 3.0373 3.1306 3.2202 3.2919 3.3484 3.408 3.4752 3.5501 3.633 
481 1.0696 1.0406 0.97082 0.94114 0.92679 0.9167 0.90872 0.90263 0.89769 0.89325 0.88945 0.88729 0.88697 0.88783 0.88973 0.89274 0.89679 0.90192 0.90814 0.91514 0.92239 0.92948 0.93616 0.94224 0.94778 0.9532 0.9584 0.96323 0.96794 0.97253 0.97721 0.98214 0.98729 0.99289 0.99872 1.0054 1.0124 1.0214 1.0312 1.0422 1.0539 1.0665 1.0799 1.0941 1.109 1.1246 1.1408 1.1577 1.1753 1.1935 1.2123 1.2318 1.2519 1.2728 1.2944 1.3167 1.3399 1.3637 1.3884 1.4138 1.4401 1.4674 1.4954 1.5244 1.5542 1.585 1.6168 1.6495 1.6833 1.7182 1.7544 1.792 1.8309 1.8715 1.9135 1.9575 2.0032 2.051 2.1006 2.1523 2.2063 2.2631 2.3226 2.3855 2.4516 2.5217 2.5965 2.6771 2.7633 2.8566 2.9453 3.0373 3.1306 3.2203 3.292 3.3484 3.408 3.4751 3.5498 3.6326 
481.5 1.0696 1.0407 0.97087 0.94119 0.92684 0.91675 0.90877 0.90268 0.89774 0.89331 0.88951 0.88736 0.88703 0.88788 0.88979 0.89278 0.89683 0.90196 0.90818 0.91518 0.92242 0.92951 0.9362 0.94228 0.94782 0.95322 0.95842 0.96327 0.96797 0.97256 0.97723 0.98216 0.9873 0.9929 0.99873 1.0054 1.0124 1.0214 1.0312 1.0422 1.0539 1.0666 1.08 1.0942 1.1091 1.1246 1.1409 1.1577 1.1753 1.1935 1.2123 1.2318 1.2519 1.2728 1.2944 1.3167 1.3399 1.3637 1.3884 1.4138 1.4402 1.4674 1.4954 1.5244 1.5542 1.585 1.6168 1.6494 1.6833 1.7181 1.7544 1.7919 1.8309 1.8714 1.9135 1.9574 2.0032 2.051 2.1005 2.1523 2.2063 2.2631 2.3226 2.3854 2.4516 2.5217 2.5964 2.677 2.7633 2.8566 2.9453 3.0373 3.1307 3.2204 3.2921 3.3485 3.4079 3.4749 3.5494 3.632 
482 1.0697 1.0407 0.97092 0.94124 0.92689 0.9168 0.90882 0.90273 0.8978 0.89337 0.88957 0.88742 0.88709 0.88793 0.88984 0.89282 0.89686 0.90201 0.90821 0.91521 0.92246 0.92954 0.93625 0.94231 0.94785 0.95325 0.95845 0.9633 0.968 0.97258 0.97725 0.98217 0.98731 0.99292 0.99875 1.0054 1.0124 1.0214 1.0312 1.0422 1.054 1.0666 1.08 1.0942 1.1091 1.1246 1.1409 1.1577 1.1753 1.1935 1.2123 1.2318 1.252 1.2729 1.2944 1.3168 1.3399 1.3637 1.3884 1.4138 1.4402 1.4674 1.4954 1.5244 1.5542 1.585 1.6168 1.6494 1.6832 1.7181 1.7544 1.7919 1.8309 1.8714 1.9135 1.9574 2.0032 2.0509 2.1005 2.1523 2.2062 2.2631 2.3225 2.3854 2.4515 2.5217 2.5964 2.677 2.7633 2.8565 2.9453 3.0374 3.1307 3.2204 3.2922 3.3485 3.4078 3.4746 3.549 3.6314 
482.5 1.0697 1.0408 0.97096 0.94129 0.92694 0.91685 0.90887 0.90279 0.89786 0.89343 0.88963 0.88749 0.88715 0.88798 0.8899 0.89287 0.8969 0.90205 0.90825 0.91524 0.92249 0.92957 0.93629 0.94234 0.94788 0.95327 0.95848 0.96334 0.96803 0.97261 0.97726 0.98219 0.98733 0.99293 0.99876 1.0055 1.0124 1.0214 1.0312 1.0422 1.054 1.0666 1.08 1.0942 1.1091 1.1247 1.1409 1.1577 1.1753 1.1935 1.2123 1.2319 1.252 1.2729 1.2944 1.3168 1.3399 1.3637 1.3884 1.4138 1.4402 1.4674 1.4954 1.5244 1.5542 1.585 1.6168 1.6494 1.6832 1.7181 1.7544 1.7919 1.8308 1.8714 1.9134 1.9574 2.0032 2.0509 2.1005 2.1522 2.2062 2.263 2.3225 2.3853 2.4515 2.5216 2.5964 2.677 2.7633 2.8565 2.9453 3.0374 3.1308 3.2205 3.2922 3.3486 3.4077 3.4744 3.5487 3.6309 
483 1.0698 1.0408 0.97099 0.94133 0.927 0.9169 0.90892 0.90284 0.89791 0.89348 0.88968 0.88754 0.8872 0.88802 0.88995 0.89292 0.89695 0.90209 0.90829 0.91528 0.92252 0.9296 0.93632 0.94238 0.94792 0.95331 0.95851 0.96336 0.96805 0.97263 0.97729 0.98221 0.98734 0.99295 0.99878 1.0055 1.0125 1.0214 1.0312 1.0423 1.054 1.0667 1.0801 1.0942 1.1092 1.1247 1.141 1.1578 1.1754 1.1935 1.2124 1.2319 1.252 1.2729 1.2945 1.3168 1.3399 1.3637 1.3884 1.4138 1.4402 1.4674 1.4954 1.5244 1.5542 1.585 1.6168 1.6494 1.6832 1.7181 1.7543 1.7919 1.8308 1.8714 1.9134 1.9573 2.0031 2.0509 2.1004 2.1522 2.2061 2.263 2.3224 2.3853 2.4514 2.5216 2.5963 2.677 2.7632 2.8565 2.9452 3.0373 3.1307 3.2204 3.292 3.3483 3.4075 3.4743 3.5487 3.6311 
483.5 1.0698 1.0408 0.97101 0.94138 0.92705 0.91695 0.90897 0.90289 0.89796 0.89353 0.88972 0.88759 0.88726 0.88807 0.88999 0.89297 0.897 0.90213 0.90834 0.91531 0.92256 0.92962 0.93635 0.94241 0.94795 0.95335 0.95855 0.96339 0.96807 0.97264 0.97731 0.98222 0.98735 0.99296 0.9988 1.0055 1.0125 1.0215 1.0313 1.0423 1.054 1.0667 1.0801 1.0943 1.1092 1.1247 1.141 1.1578 1.1754 1.1936 1.2124 1.2319 1.252 1.2729 1.2945 1.3168 1.3399 1.3637 1.3884 1.4138 1.4402 1.4674 1.4954 1.5244 1.5542 1.585 1.6167 1.6494 1.6832 1.7181 1.7543 1.7919 1.8308 1.8713 1.9134 1.9573 2.0031 2.0508 2.1004 2.1522 2.2061 2.2629 2.3224 2.3853 2.4514 2.5215 2.5963 2.6769 2.7632 2.8564 2.9452 3.0372 3.1306 3.2202 3.2918 3.3481 3.4074 3.4742 3.5487 3.6312 
484 1.0699 1.0409 0.97104 0.94142 0.92711 0.91701 0.90902 0.90295 0.89802 0.89358 0.88977 0.88764 0.88731 0.88812 0.89004 0.89302 0.89705 0.90217 0.90838 0.91535 0.92259 0.92965 0.93637 0.94245 0.94799 0.95339 0.95858 0.96342 0.96809 0.97266 0.97734 0.98224 0.98736 0.99298 0.99881 1.0055 1.0125 1.0215 1.0313 1.0423 1.054 1.0667 1.0801 1.0943 1.1092 1.1248 1.141 1.1578 1.1754 1.1936 1.2124 1.2319 1.252 1.2729 1.2945 1.3168 1.34 1.3637 1.3884 1.4138 1.4402 1.4674 1.4954 1.5244 1.5542 1.585 1.6167 1.6494 1.6832 1.7181 1.7543 1.7918 1.8308 1.8713 1.9134 1.9573 2.003 2.0508 2.1003 2.1521 2.2061 2.2629 2.3224 2.3852 2.4513 2.5215 2.5963 2.6769 2.7631 2.8564 2.9451 3.0371 3.1305 3.2201 3.2916 3.3479 3.4072 3.4741 3.5488 3.6313 
484.5 1.0699 1.0409 0.97107 0.94146 0.92716 0.91706 0.90907 0.903 0.89807 0.89363 0.88981 0.88769 0.88735 0.88817 0.89008 0.89307 0.89709 0.9022 0.90842 0.91539 0.92263 0.92968 0.93641 0.94248 0.94802 0.95343 0.95861 0.96344 0.96811 0.97268 0.97736 0.98225 0.98738 0.99299 0.99883 1.0055 1.0125 1.0215 1.0313 1.0423 1.0541 1.0667 1.0801 1.0943 1.1092 1.1248 1.141 1.1578 1.1754 1.1936 1.2124 1.2319 1.2521 1.273 1.2945 1.3169 1.34 1.3637 1.3884 1.4138 1.4402 1.4674 1.4954 1.5244 1.5542 1.585 1.6167 1.6494 1.6832 1.718 1.7543 1.7918 1.8307 1.8713 1.9133 1.9572 2.003 2.0508 2.1003 2.1521 2.206 2.2628 2.3223 2.3852 2.4513 2.5214 2.5962 2.6769 2.7631 2.8563 2.9451 3.0371 3.1304 3.22 3.2916 3.3478 3.4071 3.4742 3.5489 3.6315 
485 1.0699 1.0409 0.9711 0.94151 0.92721 0.91711 0.90912 0.90305 0.89812 0.89368 0.88987 0.88772 0.88738 0.88821 0.89011 0.8931 0.89713 0.90224 0.90846 0.91542 0.92267 0.92972 0.93644 0.94251 0.94805 0.95346 0.95864 0.96347 0.96814 0.97271 0.97738 0.98228 0.9874 0.99301 0.99884 1.0055 1.0125 1.0215 1.0313 1.0423 1.0541 1.0667 1.0801 1.0943 1.1092 1.1248 1.1411 1.1579 1.1755 1.1936 1.2124 1.232 1.2521 1.273 1.2945 1.3169 1.34 1.3637 1.3884 1.4138 1.4402 1.4674 1.4954 1.5244 1.5542 1.585 1.6167 1.6494 1.6832 1.718 1.7543 1.7918 1.8307 1.8713 1.9133 1.9572 2.003 2.0507 2.1002 2.1521 2.206 2.2628 2.3223 2.3851 2.4512 2.5214 2.5962 2.6768 2.7631 2.8563 2.945 3.037 3.1304 3.22 3.2917 3.348 3.4074 3.4744 3.5491 3.6319 
485.5 1.07 1.0409 0.97113 0.94156 0.92726 0.91715 0.90917 0.9031 0.89817 0.89373 0.88992 0.88775 0.88741 0.88825 0.89015 0.89313 0.89717 0.90228 0.90849 0.91546 0.9227 0.92977 0.93647 0.94254 0.94808 0.95349 0.95867 0.96349 0.96817 0.97274 0.9774 0.9823 0.98743 0.99302 0.99885 1.0056 1.0125 1.0215 1.0314 1.0424 1.0541 1.0668 1.0802 1.0944 1.1093 1.1248 1.1411 1.1579 1.1755 1.1937 1.2125 1.232 1.2521 1.273 1.2945 1.3169 1.34 1.3638 1.3884 1.4138 1.4402 1.4674 1.4954 1.5244 1.5542 1.585 1.6167 1.6493 1.6831 1.718 1.7542 1.7918 1.8307 1.8712 1.9133 1.9572 2.0029 2.0507 2.1002 2.152 2.2059 2.2627 2.3223 2.3851 2.4512 2.5214 2.5962 2.6768 2.763 2.8562 2.945 3.037 3.1304 3.2201 3.2918 3.3482 3.4076 3.4747 3.5494 3.6323 
486 1.07 1.041 0.97116 0.9416 0.92731 0.9172 0.90922 0.90314 0.89821 0.89378 0.88998 0.88778 0.88744 0.88829 0.89019 0.89316 0.8972 0.90232 0.90853 0.91549 0.92274 0.92981 0.93651 0.94257 0.94811 0.95352 0.9587 0.96351 0.96819 0.97277 0.97742 0.98232 0.98745 0.99303 0.99886 1.0056 1.0126 1.0216 1.0314 1.0424 1.0541 1.0668 1.0802 1.0944 1.1093 1.1248 1.1411 1.1579 1.1755 1.1937 1.2125 1.232 1.2521 1.273 1.2945 1.3169 1.34 1.3638 1.3884 1.4138 1.4402 1.4674 1.4954 1.5244 1.5542 1.585 1.6167 1.6493 1.6831 1.718 1.7542 1.7917 1.8306 1.8712 1.9133 1.9571 2.0029 2.0506 2.1002 2.152 2.2059 2.2627 2.3222 2.3851 2.4512 2.5213 2.5961 2.6768 2.763 2.8562 2.9449 3.037 3.1304 3.2201 3.2919 3.3484 3.4078 3.4749 3.5497 3.6326 
486.5 1.07 1.041 0.97121 0.94165 0.92736 0.91725 0.90926 0.90319 0.89826 0.89383 0.89003 0.88782 0.88749 0.88834 0.89023 0.89321 0.89725 0.90236 0.90857 0.91553 0.92278 0.92985 0.93655 0.9426 0.94814 0.95355 0.95872 0.96354 0.96822 0.9728 0.97745 0.98234 0.98747 0.99304 0.99888 1.0056 1.0126 1.0216 1.0314 1.0424 1.0542 1.0668 1.0802 1.0944 1.1093 1.1249 1.1411 1.1579 1.1755 1.1937 1.2125 1.232 1.2521 1.273 1.2946 1.3169 1.34 1.3638 1.3884 1.4138 1.4402 1.4674 1.4954 1.5244 1.5542 1.585 1.6167 1.6493 1.6831 1.718 1.7542 1.7917 1.8306 1.8712 1.9132 1.9571 2.0029 2.0506 2.1001 2.1519 2.2058 2.2626 2.3222 2.385 2.4511 2.5213 2.5961 2.6767 2.7629 2.8561 2.9449 3.0369 3.1304 3.2202 3.292 3.3485 3.4081 3.4753 3.5501 3.6331 
487 1.0701 1.041 0.97126 0.9417 0.9274 0.9173 0.90931 0.90323 0.8983 0.89387 0.89007 0.88787 0.88755 0.88839 0.89028 0.89326 0.89729 0.90241 0.90861 0.91557 0.92282 0.92989 0.93658 0.94264 0.94817 0.95358 0.95875 0.96357 0.96825 0.97283 0.97747 0.98235 0.98749 0.99306 0.99889 1.0056 1.0126 1.0216 1.0314 1.0424 1.0542 1.0668 1.0802 1.0944 1.1093 1.1249 1.1412 1.158 1.1755 1.1937 1.2125 1.232 1.2521 1.273 1.2946 1.3169 1.34 1.3638 1.3885 1.4138 1.4402 1.4674 1.4954 1.5244 1.5542 1.585 1.6167 1.6493 1.6831 1.718 1.7542 1.7917 1.8306 1.8711 1.9132 1.9571 2.0028 2.0506 2.1001 2.1519 2.2058 2.2626 2.3221 2.385 2.4511 2.5212 2.596 2.6766 2.7629 2.8561 2.9448 3.0369 3.1303 3.2202 3.292 3.3487 3.4084 3.4756 3.5505 3.6336 
487.5 1.0701 1.0411 0.97132 0.94175 0.92745 0.91734 0.90935 0.90327 0.89834 0.89391 0.89011 0.88793 0.88761 0.88845 0.89033 0.89331 0.89734 0.90245 0.90865 0.91561 0.92285 0.92993 0.93662 0.94267 0.9482 0.9536 0.95878 0.96361 0.96827 0.97285 0.97749 0.98236 0.9875 0.99307 0.9989 1.0056 1.0126 1.0216 1.0314 1.0424 1.0542 1.0669 1.0803 1.0945 1.1094 1.1249 1.1412 1.158 1.1756 1.1938 1.2125 1.232 1.2521 1.273 1.2946 1.3169 1.34 1.3638 1.3885 1.4138 1.4402 1.4674 1.4954 1.5244 1.5542 1.5849 1.6166 1.6493 1.6831 1.7179 1.7542 1.7917 1.8306 1.8711 1.9132 1.9571 2.0028 2.0505 2.1001 2.1519 2.2058 2.2626 2.3221 2.3849 2.451 2.5212 2.596 2.6766 2.7628 2.856 2.9447 3.0368 3.1303 3.2201 3.2921 3.3489 3.4087 3.476 3.551 3.6341 
488 1.0702 1.0412 0.97137 0.94179 0.9275 0.91739 0.9094 0.90331 0.89838 0.89395 0.89016 0.88798 0.88767 0.8885 0.89039 0.89336 0.89738 0.90249 0.9087 0.91565 0.92289 0.92997 0.93666 0.94271 0.94823 0.95363 0.9588 0.96364 0.9683 0.97288 0.97752 0.98237 0.98752 0.99308 0.99892 1.0056 1.0126 1.0216 1.0314 1.0425 1.0542 1.0669 1.0803 1.0945 1.1094 1.125 1.1412 1.158 1.1756 1.1938 1.2126 1.2321 1.2522 1.273 1.2946 1.3169 1.34 1.3638 1.3885 1.4138 1.4402 1.4674 1.4954 1.5244 1.5542 1.5849 1.6166 1.6493 1.6831 1.7179 1.7542 1.7917 1.8306 1.8711 1.9131 1.957 2.0028 2.0505 2.1 2.1518 2.2058 2.2626 2.322 2.3848 2.451 2.5211 2.5959 2.6765 2.7627 2.8559 2.9447 3.0367 3.1302 3.2201 3.2922 3.3491 3.409 3.4764 3.5515 3.6346 
488.5 1.0702 1.0412 0.9714 0.94183 0.92754 0.91743 0.90944 0.90336 0.89842 0.89399 0.8902 0.88803 0.88772 0.88854 0.89043 0.89339 0.89741 0.90252 0.90873 0.91569 0.92292 0.93001 0.9367 0.94275 0.94827 0.95366 0.95883 0.96366 0.96832 0.97289 0.97753 0.98239 0.98753 0.9931 0.99893 1.0056 1.0126 1.0216 1.0315 1.0425 1.0542 1.0669 1.0803 1.0945 1.1094 1.125 1.1412 1.158 1.1756 1.1938 1.2126 1.2321 1.2522 1.2731 1.2946 1.3169 1.34 1.3638 1.3885 1.4139 1.4402 1.4674 1.4954 1.5244 1.5542 1.5849 1.6166 1.6493 1.6831 1.7179 1.7541 1.7916 1.8305 1.8711 1.9131 1.957 2.0027 2.0505 2.1 2.1518 2.2057 2.2625 2.322 2.3848 2.4509 2.5211 2.5958 2.6765 2.7627 2.8559 2.9446 3.0367 3.1303 3.2203 3.2925 3.3494 3.4094 3.4769 3.5519 3.6351 
489 1.0703 1.0412 0.97143 0.94186 0.92758 0.91747 0.90948 0.9034 0.89847 0.89403 0.89024 0.88808 0.88777 0.88858 0.89047 0.89342 0.89744 0.90255 0.90876 0.91573 0.92296 0.93005 0.93674 0.94279 0.94831 0.9537 0.95886 0.96368 0.96833 0.9729 0.97755 0.98241 0.98754 0.99312 0.99895 1.0056 1.0126 1.0216 1.0315 1.0425 1.0543 1.0669 1.0803 1.0945 1.1094 1.125 1.1412 1.158 1.1756 1.1938 1.2126 1.2321 1.2522 1.2731 1.2946 1.317 1.3401 1.3638 1.3885 1.4139 1.4402 1.4674 1.4954 1.5244 1.5541 1.5849 1.6166 1.6493 1.683 1.7179 1.7541 1.7916 1.8305 1.8711 1.9131 1.957 2.0027 2.0504 2.1 2.1517 2.2057 2.2625 2.3219 2.3847 2.4509 2.521 2.5958 2.6764 2.7626 2.8558 2.9446 3.0367 3.1304 3.2206 3.2928 3.3498 3.4098 3.4773 3.5524 3.6356 
489.5 1.0703 1.0413 0.97146 0.94189 0.92762 0.91751 0.90952 0.90344 0.89851 0.89408 0.89028 0.88813 0.88781 0.88862 0.89051 0.89346 0.89746 0.90258 0.90879 0.91577 0.92299 0.93009 0.93679 0.94283 0.94835 0.95374 0.95889 0.9637 0.96835 0.97292 0.97756 0.98243 0.98756 0.99314 0.99897 1.0056 1.0126 1.0217 1.0315 1.0425 1.0543 1.0669 1.0804 1.0945 1.1095 1.125 1.1413 1.1581 1.1756 1.1938 1.2126 1.2321 1.2522 1.2731 1.2946 1.317 1.3401 1.3638 1.3885 1.4139 1.4402 1.4674 1.4954 1.5244 1.5541 1.5849 1.6166 1.6493 1.683 1.7179 1.7541 1.7916 1.8305 1.871 1.9131 1.9569 2.0027 2.0504 2.0999 2.1517 2.2056 2.2624 2.3219 2.3847 2.4508 2.521 2.5958 2.6764 2.7626 2.8558 2.9446 3.0368 3.1305 3.2208 3.2932 3.3502 3.4102 3.4777 3.5528 3.6361 
490 1.0704 1.0413 0.97149 0.94193 0.92766 0.91756 0.90956 0.90349 0.89856 0.89412 0.89032 0.88818 0.88786 0.88865 0.89055 0.89349 0.89749 0.9026 0.90882 0.91581 0.92302 0.93013 0.93683 0.94287 0.94839 0.95377 0.95891 0.96372 0.96837 0.97293 0.97758 0.98246 0.98757 0.99315 0.99899 1.0056 1.0126 1.0217 1.0315 1.0425 1.0543 1.067 1.0804 1.0946 1.1095 1.125 1.1413 1.1581 1.1757 1.1938 1.2126 1.2321 1.2522 1.2731 1.2947 1.317 1.3401 1.3638 1.3885 1.4139 1.4402 1.4674 1.4954 1.5243 1.5541 1.5849 1.6166 1.6493 1.683 1.7179 1.7541 1.7916 1.8305 1.871 1.913 1.9569 2.0026 2.0504 2.0999 2.1517 2.2056 2.2624 2.3218 2.3846 2.4508 2.5209 2.5957 2.6763 2.7625 2.8557 2.9445 3.0368 3.1307 3.221 3.2935 3.3506 3.4106 3.4782 3.5533 3.6366 
490.5 1.0704 1.0414 0.97152 0.94196 0.9277 0.9176 0.90961 0.90353 0.8986 0.89416 0.89036 0.88821 0.8879 0.88868 0.89058 0.89353 0.89752 0.90265 0.90885 0.91583 0.92305 0.93015 0.93685 0.9429 0.94842 0.9538 0.95894 0.96375 0.96841 0.97296 0.9776 0.98248 0.98759 0.99317 0.99899 1.0057 1.0127 1.0217 1.0315 1.0425 1.0543 1.067 1.0804 1.0946 1.1095 1.125 1.1413 1.1581 1.1757 1.1939 1.2127 1.2322 1.2522 1.2731 1.2947 1.317 1.3401 1.3639 1.3885 1.4139 1.4402 1.4674 1.4954 1.5243 1.5541 1.5849 1.6166 1.6492 1.683 1.7178 1.754 1.7916 1.8305 1.871 1.913 1.9569 2.0026 2.0503 2.0999 2.1516 2.2056 2.2624 2.3218 2.3846 2.4507 2.5209 2.5957 2.6763 2.7625 2.8557 2.9445 3.0368 3.1306 3.2209 3.2934 3.3506 3.4107 3.4783 3.5536 3.637 
491 1.0705 1.0414 0.97156 0.942 0.92774 0.91764 0.90965 0.90358 0.89865 0.89421 0.8904 0.88825 0.88794 0.88871 0.89061 0.89357 0.89756 0.90269 0.90888 0.91586 0.92308 0.93018 0.93687 0.94293 0.94845 0.95383 0.95896 0.96378 0.96844 0.97298 0.97762 0.98251 0.98761 0.99318 0.999 1.0057 1.0127 1.0217 1.0315 1.0426 1.0543 1.067 1.0804 1.0946 1.1095 1.1251 1.1413 1.1581 1.1757 1.1939 1.2127 1.2322 1.2523 1.2732 1.2947 1.317 1.3401 1.3639 1.3885 1.4139 1.4402 1.4674 1.4954 1.5243 1.5541 1.5849 1.6166 1.6492 1.683 1.7178 1.754 1.7915 1.8304 1.8709 1.913 1.9568 2.0026 2.0503 2.0998 2.1516 2.2055 2.2623 2.3217 2.3846 2.4507 2.5208 2.5956 2.6763 2.7625 2.8557 2.9445 3.0367 3.1305 3.2208 3.2933 3.3505 3.4107 3.4785 3.5539 3.6373 
491.5 1.0706 1.0415 0.97159 0.94204 0.92779 0.91769 0.9097 0.90362 0.89869 0.89425 0.89044 0.88829 0.88798 0.88874 0.89064 0.89361 0.89759 0.90273 0.90891 0.91589 0.92311 0.93021 0.93688 0.94296 0.94847 0.95386 0.95899 0.96381 0.96848 0.97301 0.97764 0.98253 0.98763 0.99319 0.999 1.0057 1.0127 1.0217 1.0315 1.0426 1.0543 1.067 1.0804 1.0946 1.1095 1.1251 1.1413 1.1581 1.1757 1.1939 1.2127 1.2322 1.2523 1.2732 1.2947 1.317 1.3401 1.3639 1.3885 1.4139 1.4402 1.4674 1.4954 1.5243 1.5541 1.5849 1.6166 1.6492 1.683 1.7178 1.754 1.7915 1.8304 1.8709 1.9129 1.9568 2.0026 2.0503 2.0998 2.1515 2.2055 2.2623 2.3217 2.3845 2.4506 2.5208 2.5956 2.6762 2.7624 2.8556 2.9445 3.0367 3.1304 3.2207 3.2931 3.3504 3.4107 3.4787 3.5542 3.6377 
492 1.0707 1.0415 0.97162 0.94208 0.92783 0.91773 0.90974 0.90367 0.89874 0.89429 0.89048 0.88833 0.88802 0.88878 0.89067 0.89365 0.89763 0.90277 0.90895 0.91592 0.92314 0.93023 0.93691 0.94299 0.9485 0.95388 0.95902 0.96384 0.96851 0.97303 0.97766 0.98256 0.98765 0.9932 0.99901 1.0057 1.0127 1.0217 1.0316 1.0426 1.0544 1.067 1.0804 1.0946 1.1095 1.1251 1.1414 1.1582 1.1758 1.1939 1.2127 1.2322 1.2523 1.2732 1.2947 1.317 1.3401 1.3639 1.3885 1.4139 1.4402 1.4674 1.4954 1.5243 1.5541 1.5849 1.6165 1.6492 1.6829 1.7178 1.754 1.7915 1.8304 1.8709 1.9129 1.9568 2.0025 2.0502 2.0997 2.1515 2.2054 2.2622 2.3217 2.3845 2.4506 2.5208 2.5956 2.6762 2.7624 2.8556 2.9444 3.0366 3.1304 3.2206 3.293 3.3503 3.4107 3.4787 3.5543 3.6378 
492.5 1.0708 1.0416 0.97163 0.9421 0.92787 0.91777 0.90978 0.90371 0.89878 0.89433 0.89053 0.88837 0.88805 0.88882 0.89071 0.89368 0.89768 0.90281 0.90899 0.91596 0.92318 0.93026 0.93694 0.94302 0.94852 0.9539 0.95904 0.96385 0.96852 0.97305 0.97768 0.98257 0.98766 0.99321 0.99901 1.0057 1.0127 1.0217 1.0316 1.0426 1.0544 1.067 1.0805 1.0946 1.1096 1.1251 1.1414 1.1582 1.1758 1.194 1.2128 1.2322 1.2523 1.2732 1.2947 1.317 1.3401 1.3639 1.3885 1.4139 1.4402 1.4674 1.4954 1.5243 1.5541 1.5848 1.6165 1.6492 1.6829 1.7178 1.754 1.7915 1.8304 1.8709 1.9129 1.9568 2.0025 2.0502 2.0997 2.1514 2.2054 2.2622 2.3216 2.3844 2.4506 2.5207 2.5955 2.6762 2.7624 2.8556 2.9444 3.0366 3.1303 3.2205 3.2929 3.3501 3.4103 3.4782 3.5537 3.6371 
493 1.0709 1.0417 0.97165 0.94213 0.92792 0.91782 0.90982 0.90375 0.89882 0.89437 0.89058 0.88842 0.88808 0.88887 0.89075 0.89372 0.89773 0.90285 0.90904 0.91599 0.92321 0.93028 0.93698 0.94305 0.94854 0.95392 0.95907 0.96387 0.96853 0.97307 0.97769 0.98258 0.98767 0.99322 0.99902 1.0057 1.0127 1.0217 1.0316 1.0426 1.0544 1.0671 1.0805 1.0947 1.1096 1.1251 1.1414 1.1582 1.1758 1.194 1.2128 1.2323 1.2523 1.2732 1.2947 1.317 1.3401 1.3639 1.3885 1.4139 1.4402 1.4674 1.4954 1.5243 1.5541 1.5848 1.6165 1.6491 1.6829 1.7177 1.7539 1.7914 1.8303 1.8708 1.9128 1.9567 2.0024 2.0501 2.0996 2.1514 2.2053 2.2621 2.3216 2.3844 2.4505 2.5207 2.5955 2.6761 2.7623 2.8555 2.9443 3.0365 3.1302 3.2204 3.2927 3.3498 3.41 3.4777 3.5531 3.6365 
493.5 1.071 1.0417 0.97166 0.94216 0.92796 0.91786 0.90986 0.90379 0.89886 0.89441 0.89062 0.88846 0.88811 0.88891 0.8908 0.89376 0.89778 0.90289 0.90908 0.91603 0.92324 0.9303 0.93702 0.94308 0.94856 0.95395 0.95909 0.96389 0.96854 0.97309 0.9777 0.98258 0.98769 0.99323 0.99902 1.0057 1.0127 1.0218 1.0316 1.0426 1.0544 1.0671 1.0805 1.0947 1.1096 1.1252 1.1414 1.1582 1.1758 1.194 1.2128 1.2323 1.2524 1.2732 1.2947 1.317 1.3401 1.3639 1.3885 1.4139 1.4402 1.4674 1.4954 1.5243 1.5541 1.5848 1.6165 1.6491 1.6829 1.7177 1.7539 1.7914 1.8303 1.8708 1.9128 1.9567 2.0024 2.0501 2.0996 2.1514 2.2053 2.2621 2.3215 2.3844 2.4505 2.5206 2.5955 2.6761 2.7623 2.8555 2.9442 3.0364 3.1301 3.2203 3.2926 3.3496 3.4096 3.4773 3.5525 3.6358 
494 1.0711 1.0418 0.97168 0.94219 0.928 0.9179 0.9099 0.90383 0.8989 0.89446 0.89066 0.8885 0.88815 0.88896 0.89085 0.8938 0.89782 0.90293 0.90912 0.91607 0.92328 0.93033 0.93704 0.94311 0.94859 0.95397 0.95912 0.96391 0.96856 0.97312 0.97772 0.9826 0.9877 0.99324 0.99903 1.0057 1.0127 1.0218 1.0316 1.0426 1.0544 1.0671 1.0805 1.0947 1.1096 1.1252 1.1414 1.1582 1.1758 1.194 1.2128 1.2323 1.2524 1.2732 1.2948 1.3171 1.3401 1.3639 1.3885 1.4139 1.4402 1.4674 1.4954 1.5243 1.5541 1.5848 1.6165 1.6491 1.6829 1.7177 1.7539 1.7914 1.8303 1.8708 1.9128 1.9566 2.0023 2.05 2.0996 2.1513 2.2052 2.262 2.3215 2.3843 2.4504 2.5206 2.5954 2.676 2.7622 2.8554 2.9442 3.0364 3.1301 3.2203 3.2926 3.3496 3.4096 3.4772 3.5524 3.6357 
494.5 1.0711 1.0418 0.97172 0.94223 0.92804 0.91794 0.90994 0.90387 0.89894 0.8945 0.8907 0.88854 0.88819 0.88902 0.8909 0.89385 0.89786 0.90296 0.90915 0.91611 0.92331 0.93036 0.93707 0.94314 0.94863 0.95401 0.95914 0.96393 0.96859 0.97315 0.97774 0.98262 0.98771 0.99325 0.99904 1.0057 1.0128 1.0218 1.0316 1.0427 1.0544 1.0671 1.0805 1.0947 1.1096 1.1252 1.1415 1.1582 1.1759 1.194 1.2128 1.2323 1.2524 1.2733 1.2948 1.3171 1.3402 1.3639 1.3885 1.4139 1.4402 1.4674 1.4954 1.5243 1.5541 1.5848 1.6165 1.6491 1.6829 1.7177 1.7539 1.7914 1.8303 1.8707 1.9127 1.9566 2.0023 2.05 2.0995 2.1513 2.2052 2.262 2.3214 2.3843 2.4504 2.5205 2.5954 2.676 2.7622 2.8553 2.9441 3.0363 3.1301 3.2204 3.2928 3.3499 3.41 3.4775 3.5527 3.6361 
495 1.0711 1.0418 0.97176 0.94227 0.92807 0.91797 0.90998 0.9039 0.89898 0.89454 0.89074 0.88857 0.88824 0.88908 0.89095 0.89389 0.8979 0.90299 0.90918 0.91614 0.92334 0.93038 0.93709 0.94316 0.94867 0.95404 0.95917 0.96396 0.96862 0.97317 0.97776 0.98264 0.98773 0.99326 0.99904 1.0057 1.0128 1.0218 1.0316 1.0427 1.0545 1.0671 1.0805 1.0947 1.1097 1.1252 1.1415 1.1583 1.1759 1.194 1.2128 1.2323 1.2524 1.2733 1.2948 1.3171 1.3402 1.3639 1.3885 1.4139 1.4402 1.4674 1.4954 1.5243 1.5541 1.5848 1.6165 1.6491 1.6829 1.7177 1.7539 1.7913 1.8302 1.8707 1.9127 1.9566 2.0023 2.05 2.0995 2.1512 2.2052 2.2619 2.3214 2.3842 2.4503 2.5205 2.5953 2.6759 2.7621 2.8552 2.944 3.0362 3.1301 3.2205 3.293 3.3502 3.4103 3.4779 3.5531 3.6364 
495.5 1.0711 1.0419 0.9718 0.9423 0.92811 0.91801 0.91001 0.90394 0.89901 0.89458 0.89077 0.88861 0.88829 0.88913 0.891 0.89394 0.89794 0.90301 0.90921 0.91618 0.92337 0.93041 0.93711 0.94319 0.94871 0.95407 0.9592 0.96398 0.96864 0.9732 0.97779 0.98265 0.98774 0.99326 0.99905 1.0057 1.0128 1.0218 1.0317 1.0427 1.0545 1.0671 1.0806 1.0948 1.1097 1.1252 1.1415 1.1583 1.1759 1.1941 1.2128 1.2323 1.2524 1.2733 1.2948 1.3171 1.3402 1.3639 1.3885 1.4139 1.4402 1.4674 1.4953 1.5243 1.5541 1.5848 1.6165 1.6491 1.6828 1.7177 1.7538 1.7913 1.8302 1.8707 1.9127 1.9565 2.0022 2.0499 2.0995 2.1512 2.2051 2.2619 2.3213 2.3841 2.4502 2.5204 2.5953 2.6759 2.762 2.8551 2.9439 3.0362 3.1301 3.2207 3.2933 3.3505 3.4106 3.4783 3.5535 3.6368 
496 1.0712 1.0419 0.97186 0.94234 0.92815 0.91805 0.91005 0.90398 0.89905 0.89463 0.89082 0.88865 0.88833 0.88917 0.89104 0.89397 0.89797 0.90305 0.90925 0.91621 0.92341 0.93045 0.93714 0.94321 0.94873 0.95409 0.95922 0.96401 0.96867 0.97322 0.97781 0.98267 0.98776 0.99328 0.99906 1.0057 1.0128 1.0218 1.0317 1.0427 1.0545 1.0672 1.0806 1.0948 1.1097 1.1252 1.1415 1.1583 1.1759 1.1941 1.2129 1.2323 1.2524 1.2733 1.2948 1.3171 1.3402 1.3639 1.3886 1.4139 1.4402 1.4674 1.4953 1.5243 1.5541 1.5848 1.6165 1.6491 1.6828 1.7176 1.7538 1.7913 1.8302 1.8707 1.9127 1.9565 2.0022 2.0499 2.0994 2.1511 2.2051 2.2618 2.3213 2.3841 2.4502 2.5204 2.5952 2.6758 2.762 2.8551 2.9438 3.0362 3.1302 3.2208 3.2935 3.3508 3.411 3.4786 3.5539 3.6373 
496.5 1.0713 1.042 0.97192 0.94238 0.92818 0.91809 0.91009 0.90402 0.89909 0.89467 0.89086 0.88869 0.88837 0.88921 0.89107 0.894 0.89801 0.90309 0.90928 0.91624 0.92344 0.93048 0.93716 0.94322 0.94874 0.95409 0.95924 0.96403 0.96869 0.97323 0.97783 0.98269 0.98778 0.99329 0.99908 1.0057 1.0128 1.0218 1.0317 1.0427 1.0545 1.0672 1.0806 1.0948 1.1097 1.1253 1.1415 1.1583 1.1759 1.1941 1.2129 1.2324 1.2524 1.2733 1.2948 1.3171 1.3402 1.3639 1.3886 1.4139 1.4402 1.4674 1.4953 1.5243 1.554 1.5848 1.6165 1.6491 1.6828 1.7176 1.7538 1.7913 1.8302 1.8706 1.9126 1.9565 2.0022 2.0499 2.0994 2.1511 2.205 2.2618 2.3212 2.384 2.4502 2.5204 2.5952 2.6758 2.7619 2.855 2.9438 3.0362 3.1303 3.2209 3.2937 3.3511 3.4113 3.479 3.5543 3.6377 
497 1.0714 1.0421 0.97198 0.94242 0.92822 0.91813 0.91013 0.90406 0.89914 0.89471 0.89091 0.88873 0.88841 0.88924 0.8911 0.89403 0.89804 0.90313 0.90932 0.91628 0.92347 0.93052 0.93718 0.94323 0.94874 0.9541 0.95926 0.96406 0.96871 0.97325 0.97785 0.98272 0.9878 0.99331 0.99909 1.0057 1.0128 1.0218 1.0317 1.0427 1.0545 1.0672 1.0806 1.0948 1.1097 1.1253 1.1415 1.1583 1.1759 1.1941 1.2129 1.2324 1.2524 1.2733 1.2948 1.3171 1.3402 1.3639 1.3886 1.4139 1.4402 1.4674 1.4953 1.5243 1.554 1.5848 1.6164 1.6491 1.6828 1.7176 1.7538 1.7913 1.8301 1.8706 1.9126 1.9564 2.0021 2.0498 2.0993 2.1511 2.205 2.2617 2.3212 2.384 2.4501 2.5203 2.5951 2.6757 2.7619 2.855 2.9438 3.0362 3.1303 3.221 3.2939 3.3514 3.4117 3.4794 3.5547 3.6381 
497.5 1.0715 1.0422 0.97205 0.94247 0.92826 0.91817 0.91018 0.9041 0.89918 0.89475 0.89095 0.88877 0.88844 0.88927 0.89113 0.89406 0.89807 0.90317 0.90936 0.91631 0.92351 0.93055 0.93721 0.94324 0.94875 0.95411 0.95928 0.96408 0.96873 0.97326 0.97787 0.98274 0.98782 0.99333 0.99911 1.0057 1.0128 1.0219 1.0317 1.0428 1.0545 1.0672 1.0806 1.0948 1.1097 1.1253 1.1416 1.1584 1.1759 1.1941 1.2129 1.2324 1.2525 1.2733 1.2948 1.3171 1.3402 1.3639 1.3886 1.4139 1.4402 1.4674 1.4953 1.5243 1.554 1.5848 1.6164 1.649 1.6828 1.7176 1.7538 1.7912 1.8301 1.8706 1.9126 1.9564 2.0021 2.0498 2.0993 2.151 2.2049 2.2617 2.3211 2.3839 2.4501 2.5203 2.5951 2.6757 2.7619 2.855 2.9438 3.0362 3.1304 3.2212 3.2941 3.3516 3.412 3.4798 3.5551 3.6386 
498 1.0716 1.0423 0.97207 0.94249 0.9283 0.91821 0.91021 0.90414 0.89921 0.89479 0.89098 0.88881 0.88849 0.88931 0.89117 0.89409 0.89811 0.90321 0.90939 0.91633 0.92353 0.93058 0.93724 0.94328 0.94878 0.95414 0.95931 0.96411 0.96875 0.97328 0.97788 0.98275 0.98783 0.99333 0.99911 1.0058 1.0128 1.0219 1.0317 1.0428 1.0546 1.0672 1.0806 1.0948 1.1098 1.1253 1.1416 1.1584 1.176 1.1941 1.2129 1.2324 1.2525 1.2733 1.2948 1.3171 1.3402 1.3639 1.3886 1.4139 1.4402 1.4674 1.4953 1.5243 1.554 1.5847 1.6164 1.649 1.6828 1.7176 1.7537 1.7912 1.8301 1.8705 1.9126 1.9564 2.0021 2.0498 2.0992 2.151 2.2049 2.2617 2.3211 2.3839 2.45 2.5203 2.5951 2.6757 2.7619 2.855 2.9438 3.0362 3.1304 3.2212 3.2941 3.3516 3.412 3.4798 3.5551 3.6386 
498.5 1.0717 1.0423 0.97209 0.94252 0.92833 0.91824 0.91025 0.90417 0.89925 0.89483 0.89101 0.88885 0.88853 0.88935 0.8912 0.89413 0.89814 0.90325 0.90942 0.91636 0.92356 0.93061 0.93728 0.94331 0.94881 0.95417 0.95933 0.96413 0.96878 0.9733 0.9779 0.98277 0.98784 0.99334 0.99912 1.0058 1.0128 1.0219 1.0317 1.0428 1.0546 1.0672 1.0807 1.0949 1.1098 1.1253 1.1416 1.1584 1.176 1.1941 1.2129 1.2324 1.2525 1.2733 1.2948 1.3171 1.3402 1.3639 1.3886 1.4139 1.4402 1.4674 1.4953 1.5243 1.554 1.5847 1.6164 1.649 1.6827 1.7176 1.7537 1.7912 1.8301 1.8705 1.9125 1.9563 2.002 2.0497 2.0992 2.1509 2.2048 2.2616 2.321 2.3839 2.45 2.5202 2.595 2.6757 2.7618 2.855 2.9438 3.0362 3.1303 3.2211 3.294 3.3516 3.412 3.4798 3.5551 3.6385 
499 1.0718 1.0424 0.97211 0.94255 0.92837 0.91828 0.91028 0.90421 0.89929 0.89487 0.89105 0.88888 0.88857 0.88939 0.89123 0.89416 0.89817 0.90329 0.90945 0.91638 0.92359 0.93064 0.93731 0.94335 0.94885 0.9542 0.95936 0.96415 0.9688 0.97332 0.97791 0.98279 0.98785 0.99335 0.99913 1.0058 1.0128 1.0219 1.0317 1.0428 1.0546 1.0673 1.0807 1.0949 1.1098 1.1254 1.1416 1.1584 1.176 1.1942 1.2129 1.2324 1.2525 1.2734 1.2949 1.3171 1.3402 1.3639 1.3886 1.4139 1.4402 1.4674 1.4953 1.5243 1.554 1.5847 1.6164 1.649 1.6827 1.7175 1.7537 1.7912 1.83 1.8705 1.9125 1.9563 2.002 2.0497 2.0991 2.1509 2.2048 2.2616 2.321 2.3838 2.45 2.5202 2.595 2.6756 2.7618 2.8549 2.9437 3.0361 3.1303 3.2211 3.294 3.3516 3.412 3.4798 3.5551 3.6385 
499.5 1.0718 1.0424 0.97214 0.94258 0.9284 0.91832 0.91032 0.90425 0.89933 0.89491 0.89108 0.88892 0.88861 0.88943 0.89127 0.89419 0.89821 0.90333 0.90949 0.91641 0.92362 0.93067 0.93735 0.94338 0.94888 0.95423 0.95939 0.96417 0.96882 0.97334 0.97793 0.9828 0.98786 0.99336 0.99913 1.0058 1.0129 1.0219 1.0318 1.0428 1.0546 1.0673 1.0807 1.0949 1.1098 1.1254 1.1416 1.1584 1.176 1.1942 1.2129 1.2324 1.2525 1.2734 1.2949 1.3171 1.3402 1.3639 1.3886 1.4139 1.4402 1.4674 1.4953 1.5243 1.554 1.5847 1.6164 1.649 1.6827 1.7175 1.7537 1.7911 1.83 1.8705 1.9125 1.9563 2.002 2.0496 2.0991 2.1508 2.2048 2.2616 2.321 2.3838 2.4499 2.5201 2.595 2.6756 2.7618 2.8549 2.9437 3.0361 3.1303 3.2211 3.294 3.3517 3.4121 3.4799 3.5552 3.6386 
500 1.0718 1.0425 0.97218 0.94261 0.92843 0.91835 0.91035 0.90428 0.89936 0.89493 0.89111 0.88896 0.88865 0.88947 0.89131 0.89423 0.89825 0.90336 0.90952 0.91645 0.92365 0.9307 0.93737 0.94342 0.94891 0.95426 0.9594 0.96418 0.96883 0.97335 0.97793 0.98281 0.98787 0.99337 0.99915 1.0058 1.0129 1.0219 1.0318 1.0428 1.0546 1.0673 1.0807 1.0949 1.1098 1.1254 1.1417 1.1584 1.176 1.1942 1.213 1.2325 1.2525 1.2734 1.2949 1.3172 1.3402 1.3639 1.3886 1.4139 1.4402 1.4674 1.4953 1.5242 1.554 1.5847 1.6164 1.649 1.6827 1.7175 1.7537 1.7911 1.83 1.8704 1.9124 1.9562 2.0019 2.0496 2.0991 2.1508 2.2047 2.2615 2.3209 2.3837 2.4499 2.5201 2.595 2.6756 2.7617 2.8549 2.9437 3.0361 3.1304 3.2213 3.2943 3.352 3.4125 3.4804 3.5558 3.6392 
500.5 1.0718 1.0425 0.97222 0.94264 0.92846 0.91838 0.91039 0.90431 0.89939 0.89496 0.89114 0.88899 0.88868 0.88952 0.89136 0.89427 0.89828 0.90339 0.90956 0.91648 0.92368 0.93073 0.9374 0.94345 0.94895 0.95429 0.9594 0.96418 0.96884 0.97336 0.97794 0.98281 0.98787 0.99338 0.99916 1.0058 1.0129 1.0219 1.0318 1.0428 1.0546 1.0673 1.0807 1.0949 1.1098 1.1254 1.1417 1.1585 1.176 1.1942 1.213 1.2325 1.2525 1.2734 1.2949 1.3172 1.3402 1.3639 1.3886 1.4139 1.4402 1.4674 1.4953 1.5242 1.554 1.5847 1.6164 1.649 1.6827 1.7175 1.7536 1.7911 1.8299 1.8704 1.9124 1.9562 2.0019 2.0495 2.099 2.1508 2.2047 2.2614 2.3209 2.3837 2.4498 2.5201 2.5949 2.6755 2.7617 2.8548 2.9437 3.0362 3.1305 3.2215 3.2946 3.3524 3.413 3.4809 3.5564 3.6398 
501 1.0718 1.0425 0.97227 0.94267 0.92848 0.91841 0.91042 0.90435 0.89943 0.89498 0.89118 0.88903 0.88872 0.88957 0.8914 0.89431 0.89832 0.90342 0.9096 0.91652 0.92371 0.93076 0.93743 0.94348 0.94898 0.95432 0.95941 0.96419 0.96885 0.97337 0.97795 0.98282 0.98788 0.99339 0.99917 1.0058 1.0129 1.0219 1.0318 1.0428 1.0546 1.0673 1.0807 1.0949 1.1099 1.1254 1.1417 1.1585 1.1761 1.1942 1.213 1.2325 1.2525 1.2734 1.2949 1.3172 1.3402 1.3639 1.3886 1.4139 1.4402 1.4674 1.4953 1.5242 1.554 1.5847 1.6163 1.6489 1.6827 1.7175 1.7536 1.791 1.8299 1.8704 1.9124 1.9562 2.0019 2.0495 2.099 2.1507 2.2046 2.2614 2.3208 2.3837 2.4498 2.52 2.5949 2.6755 2.7617 2.8548 2.9436 3.0362 3.1306 3.2216 3.2949 3.3528 3.4134 3.4815 3.557 3.6404 
501.5 1.0719 1.0425 0.97229 0.9427 0.9285 0.91843 0.91045 0.90438 0.89946 0.89501 0.89121 0.88907 0.88876 0.88961 0.89144 0.89435 0.89836 0.90346 0.90964 0.91656 0.92374 0.93078 0.93746 0.94351 0.94901 0.95434 0.95943 0.9642 0.96886 0.97339 0.97796 0.98283 0.98789 0.9934 0.99918 1.0058 1.0129 1.022 1.0318 1.0429 1.0547 1.0673 1.0807 1.095 1.1099 1.1254 1.1417 1.1585 1.1761 1.1942 1.213 1.2325 1.2525 1.2734 1.2949 1.3172 1.3402 1.3639 1.3886 1.4139 1.4402 1.4674 1.4953 1.5242 1.5539 1.5846 1.6163 1.6489 1.6826 1.7174 1.7536 1.791 1.8299 1.8703 1.9123 1.9561 2.0018 2.0495 2.099 2.1507 2.2046 2.2613 2.3208 2.3836 2.4497 2.52 2.5948 2.6755 2.7617 2.8548 2.9436 3.0362 3.1307 3.2219 3.2952 3.3532 3.4139 3.482 3.5576 3.641 
502 1.0719 1.0425 0.97229 0.9427 0.92852 0.91845 0.91047 0.9044 0.89948 0.89504 0.89126 0.88911 0.88881 0.88965 0.89149 0.89441 0.89841 0.90349 0.90967 0.91659 0.92377 0.93081 0.93748 0.94354 0.94904 0.95436 0.95945 0.96422 0.96888 0.9734 0.97798 0.98284 0.9879 0.99342 0.99919 1.0058 1.0129 1.022 1.0318 1.0429 1.0547 1.0673 1.0808 1.095 1.1099 1.1254 1.1417 1.1585 1.1761 1.1942 1.213 1.2325 1.2525 1.2734 1.2949 1.3172 1.3402 1.3639 1.3886 1.4139 1.4402 1.4674 1.4953 1.5242 1.5539 1.5846 1.6163 1.6489 1.6826 1.7174 1.7535 1.791 1.8298 1.8703 1.9123 1.9561 2.0018 2.0494 2.0989 2.1506 2.2046 2.2613 2.3208 2.3836 2.4497 2.52 2.5948 2.6755 2.7616 2.8548 2.9437 3.0363 3.1309 3.2222 3.2956 3.3537 3.4144 3.4826 3.5582 3.6417 
502.5 1.0719 1.0425 0.97228 0.94271 0.92854 0.91847 0.91049 0.90442 0.89951 0.89507 0.8913 0.88915 0.88886 0.8897 0.89154 0.89446 0.89845 0.90353 0.90971 0.91662 0.92381 0.93083 0.93751 0.94356 0.94906 0.95438 0.95947 0.96424 0.9689 0.97342 0.97799 0.98285 0.98792 0.99343 0.9992 1.0058 1.0129 1.022 1.0318 1.0429 1.0547 1.0673 1.0808 1.095 1.1099 1.1255 1.1417 1.1585 1.1761 1.1943 1.213 1.2325 1.2526 1.2734 1.2949 1.3172 1.3402 1.3639 1.3886 1.4139 1.4402 1.4673 1.4953 1.5242 1.5539 1.5846 1.6163 1.6489 1.6826 1.7174 1.7535 1.791 1.8298 1.8703 1.9122 1.9561 2.0017 2.0494 2.0989 2.1506 2.2045 2.2612 2.3207 2.3836 2.4497 2.5199 2.5948 2.6755 2.7616 2.8548 2.9437 3.0364 3.131 3.2225 3.296 3.3542 3.415 3.4831 3.5587 3.6423 
503 1.0719 1.0425 0.97228 0.94272 0.92855 0.91849 0.91051 0.90445 0.89954 0.8951 0.89134 0.88919 0.88891 0.88974 0.89159 0.89451 0.89849 0.90356 0.90974 0.91666 0.92384 0.93085 0.93753 0.94359 0.94909 0.95441 0.95949 0.96426 0.96892 0.97344 0.97801 0.98286 0.98793 0.99344 0.99921 1.0058 1.0129 1.022 1.0318 1.0429 1.0547 1.0673 1.0808 1.095 1.1099 1.1255 1.1417 1.1585 1.1761 1.1943 1.213 1.2325 1.2526 1.2734 1.2949 1.3172 1.3402 1.364 1.3886 1.4139 1.4402 1.4673 1.4953 1.5242 1.5539 1.5846 1.6163 1.6489 1.6826 1.7173 1.7535 1.7909 1.8298 1.8702 1.9122 1.956 2.0017 2.0494 2.0989 2.1505 2.2045 2.2612 2.3207 2.3835 2.4497 2.5199 2.5948 2.6755 2.7616 2.8548 2.9437 3.0365 3.1312 3.2227 3.2964 3.3547 3.4155 3.4837 3.5593 3.6429 
503.5 1.072 1.0425 0.97227 0.94273 0.92856 0.9185 0.91053 0.90447 0.89956 0.89513 0.89137 0.88923 0.88896 0.8898 0.89165 0.89455 0.89852 0.90359 0.90976 0.91668 0.92386 0.93088 0.93755 0.9436 0.9491 0.95442 0.95951 0.96429 0.96894 0.97346 0.97803 0.98287 0.98794 0.99345 0.99922 1.0058 1.0129 1.022 1.0318 1.0429 1.0547 1.0674 1.0808 1.095 1.1099 1.1255 1.1417 1.1585 1.1761 1.1943 1.213 1.2325 1.2526 1.2734 1.2949 1.3172 1.3403 1.364 1.3886 1.4139 1.4402 1.4673 1.4953 1.5242 1.5539 1.5846 1.6163 1.6488 1.6825 1.7173 1.7535 1.7909 1.8297 1.8702 1.9121 1.956 2.0017 2.0493 2.0988 2.1505 2.2045 2.2612 2.3207 2.3835 2.4496 2.5199 2.5948 2.6755 2.7617 2.8548 2.9438 3.0366 3.1314 3.2231 3.2968 3.3551 3.416 3.4842 3.5598 3.6435 
504 1.072 1.0425 0.97227 0.94272 0.92857 0.91852 0.91054 0.90449 0.89958 0.89516 0.89141 0.88927 0.88901 0.88987 0.89172 0.89459 0.89855 0.90362 0.90978 0.9167 0.92388 0.9309 0.93755 0.9436 0.9491 0.95444 0.95954 0.96432 0.96897 0.97348 0.97805 0.98289 0.98794 0.99346 0.99923 1.0058 1.0129 1.022 1.0318 1.0429 1.0547 1.0674 1.0808 1.095 1.1099 1.1255 1.1418 1.1585 1.1761 1.1943 1.2131 1.2325 1.2526 1.2734 1.2949 1.3172 1.3403 1.364 1.3886 1.4139 1.4402 1.4673 1.4953 1.5242 1.5539 1.5846 1.6162 1.6488 1.6825 1.7173 1.7534 1.7909 1.8297 1.8702 1.9121 1.956 2.0016 2.0493 2.0988 2.1505 2.2044 2.2611 2.3206 2.3835 2.4496 2.5199 2.5949 2.6755 2.7617 2.8549 2.944 3.0368 3.1317 3.2234 3.2973 3.3556 3.4165 3.4848 3.5604 3.6441 
504.5 1.072 1.0425 0.97226 0.94272 0.92857 0.91853 0.91056 0.90451 0.89961 0.8952 0.89144 0.88932 0.88907 0.88994 0.89178 0.89463 0.89857 0.90364 0.9098 0.91672 0.9239 0.93092 0.93756 0.94361 0.9491 0.95445 0.95956 0.96435 0.969 0.97351 0.97808 0.9829 0.98795 0.99347 0.99924 1.0058 1.0129 1.022 1.0318 1.0429 1.0547 1.0674 1.0808 1.095 1.11 1.1255 1.1418 1.1586 1.1761 1.1943 1.2131 1.2325 1.2526 1.2734 1.2949 1.3172 1.3403 1.364 1.3886 1.4139 1.4402 1.4673 1.4952 1.5242 1.5539 1.5846 1.6162 1.6488 1.6825 1.7173 1.7534 1.7909 1.8297 1.8702 1.9121 1.9559 2.0016 2.0493 2.0988 2.1505 2.2044 2.2611 2.3206 2.3835 2.4496 2.5199 2.5949 2.6756 2.7618 2.8551 2.9441 3.037 3.132 3.2238 3.2977 3.3561 3.417 3.4853 3.5609 3.6447 
505 1.072 1.0425 0.97225 0.94272 0.92858 0.91854 0.91057 0.90453 0.89963 0.89523 0.89147 0.88936 0.88912 0.89002 0.89184 0.89467 0.8986 0.90367 0.90981 0.91674 0.92392 0.93094 0.93756 0.94361 0.9491 0.95446 0.95959 0.96438 0.96903 0.97353 0.9781 0.98291 0.98795 0.99348 0.99925 1.0058 1.0129 1.022 1.0318 1.0429 1.0547 1.0674 1.0808 1.095 1.11 1.1255 1.1418 1.1586 1.1762 1.1943 1.2131 1.2326 1.2526 1.2734 1.2949 1.3172 1.3403 1.364 1.3886 1.4139 1.4402 1.4673 1.4952 1.5241 1.5539 1.5845 1.6162 1.6488 1.6825 1.7173 1.7534 1.7909 1.8297 1.8702 1.9121 1.9559 2.0016 2.0492 2.0987 2.1504 2.2044 2.2611 2.3205 2.3834 2.4496 2.5199 2.5949 2.6756 2.7619 2.8552 2.9443 3.0372 3.1323 3.2241 3.2981 3.3565 3.4175 3.4858 3.5615 3.6453 
505.5 1.0719 1.0425 0.97224 0.94271 0.92857 0.91854 0.91058 0.90453 0.89964 0.89526 0.89151 0.88942 0.8892 0.8901 0.89192 0.89473 0.89864 0.90369 0.90984 0.91676 0.92393 0.93096 0.93759 0.94363 0.94912 0.95448 0.95961 0.9644 0.96904 0.97355 0.97811 0.98293 0.98797 0.99349 0.99925 1.0058 1.0129 1.022 1.0319 1.0429 1.0547 1.0674 1.0808 1.095 1.11 1.1255 1.1418 1.1586 1.1762 1.1943 1.2131 1.2326 1.2526 1.2734 1.2949 1.3172 1.3403 1.364 1.3886 1.4139 1.4402 1.4673 1.4952 1.5241 1.5539 1.5845 1.6162 1.6488 1.6825 1.7173 1.7534 1.7908 1.8297 1.8701 1.9121 1.9559 2.0015 2.0492 2.0987 2.1504 2.2043 2.2611 2.3205 2.3834 2.4496 2.52 2.595 2.6757 2.762 2.8553 2.9445 3.0375 3.1327 3.2247 3.2988 3.3574 3.4185 3.4868 3.5624 3.6461 
506 1.0719 1.0424 0.97222 0.94269 0.92856 0.91854 0.91059 0.90453 0.89965 0.89528 0.89155 0.88949 0.88928 0.89018 0.892 0.89479 0.89867 0.90372 0.90987 0.91678 0.92395 0.93097 0.93761 0.94365 0.94914 0.95449 0.95963 0.96441 0.96905 0.97355 0.97813 0.98295 0.98799 0.9935 0.99926 1.0059 1.0129 1.022 1.0319 1.0429 1.0547 1.0674 1.0809 1.0951 1.11 1.1255 1.1418 1.1586 1.1762 1.1943 1.2131 1.2326 1.2526 1.2735 1.2949 1.3172 1.3403 1.364 1.3886 1.4139 1.4402 1.4673 1.4952 1.5241 1.5538 1.5845 1.6162 1.6487 1.6825 1.7172 1.7534 1.7908 1.8296 1.8701 1.912 1.9559 2.0015 2.0492 2.0987 2.1504 2.2043 2.2611 2.3205 2.3834 2.4497 2.52 2.595 2.6758 2.7621 2.8555 2.9447 3.0379 3.1332 3.2254 3.2997 3.3584 3.4195 3.4878 3.5634 3.647 
506.5 1.0718 1.0424 0.9722 0.94267 0.92855 0.91854 0.91059 0.90454 0.89966 0.8953 0.89159 0.88956 0.88935 0.89027 0.89208 0.89485 0.89871 0.90375 0.9099 0.91681 0.92396 0.93098 0.93764 0.94368 0.94916 0.9545 0.95964 0.96443 0.96906 0.97356 0.97814 0.98297 0.98801 0.99352 0.99927 1.0059 1.013 1.022 1.0319 1.043 1.0548 1.0674 1.0809 1.0951 1.11 1.1256 1.1418 1.1586 1.1762 1.1943 1.2131 1.2326 1.2526 1.2735 1.2949 1.3172 1.3402 1.364 1.3886 1.4139 1.4402 1.4673 1.4952 1.5241 1.5538 1.5845 1.6162 1.6487 1.6824 1.7172 1.7533 1.7908 1.8296 1.8701 1.912 1.9558 2.0015 2.0491 2.0986 2.1504 2.2043 2.2611 2.3206 2.3835 2.4497 2.5201 2.5951 2.6759 2.7623 2.8557 2.945 3.0382 3.1337 3.226 3.3005 3.3593 3.4205 3.4888 3.5643 3.6479 
507 1.0717 1.0423 0.97218 0.94266 0.92854 0.91854 0.91059 0.90454 0.89966 0.89533 0.89164 0.88962 0.88943 0.89035 0.89216 0.89491 0.89875 0.90378 0.90993 0.91683 0.92398 0.931 0.93767 0.9437 0.94918 0.95452 0.95966 0.96444 0.96907 0.97357 0.97816 0.98298 0.98802 0.99353 0.99927 1.0059 1.013 1.022 1.0319 1.043 1.0548 1.0675 1.0809 1.0951 1.11 1.1256 1.1418 1.1586 1.1762 1.1943 1.2131 1.2326 1.2526 1.2735 1.2949 1.3172 1.3402 1.364 1.3886 1.4139 1.4402 1.4673 1.4952 1.5241 1.5538 1.5845 1.6161 1.6487 1.6824 1.7172 1.7533 1.7908 1.8296 1.87 1.912 1.9558 2.0015 2.0491 2.0986 2.1504 2.2043 2.2611 2.3206 2.3835 2.4497 2.5201 2.5952 2.6761 2.7624 2.8559 2.9452 3.0386 3.1342 3.2266 3.3013 3.3602 3.4215 3.4897 3.5652 3.6486 
507.5 1.0717 1.0423 0.97211 0.94261 0.92852 0.91853 0.91059 0.90454 0.89968 0.89537 0.8917 0.8897 0.8895 0.89041 0.89222 0.89497 0.8988 0.90379 0.90992 0.91682 0.92398 0.931 0.93767 0.94371 0.94921 0.95455 0.95968 0.96446 0.96908 0.97359 0.97817 0.983 0.98804 0.99354 0.99928 1.0059 1.013 1.022 1.0319 1.043 1.0548 1.0675 1.0809 1.0951 1.11 1.1256 1.1418 1.1586 1.1762 1.1944 1.2131 1.2326 1.2526 1.2735 1.295 1.3172 1.3402 1.364 1.3886 1.4139 1.4401 1.4673 1.4952 1.5241 1.5538 1.5845 1.6161 1.6487 1.6824 1.7172 1.7533 1.7907 1.8296 1.87 1.912 1.9558 2.0015 2.0491 2.0986 2.1504 2.2043 2.2611 2.3206 2.3835 2.4498 2.5202 2.5953 2.6762 2.7626 2.8561 2.9455 3.0389 3.1345 3.227 3.3016 3.3604 3.4214 3.4895 3.5648 3.6481 
508 1.0716 1.0422 0.97205 0.94257 0.92849 0.91851 0.91058 0.90455 0.8997 0.89541 0.89177 0.88977 0.88957 0.89047 0.89227 0.89503 0.89884 0.90381 0.90991 0.91682 0.92399 0.931 0.93767 0.94373 0.94924 0.95458 0.9597 0.96449 0.9691 0.97361 0.97819 0.98302 0.98805 0.99355 0.99928 1.0059 1.013 1.022 1.0319 1.043 1.0548 1.0675 1.0809 1.0951 1.11 1.1256 1.1418 1.1586 1.1762 1.1944 1.2131 1.2326 1.2526 1.2735 1.295 1.3172 1.3403 1.364 1.3886 1.4139 1.4401 1.4673 1.4952 1.5241 1.5538 1.5845 1.6161 1.6487 1.6824 1.7171 1.7533 1.7907 1.8295 1.87 1.9119 1.9558 2.0015 2.0491 2.0986 2.1503 2.2043 2.2611 2.3206 2.3835 2.4498 2.5203 2.5954 2.6763 2.7628 2.8563 2.9457 3.0392 3.1349 3.2274 3.3019 3.3606 3.4214 3.4893 3.5645 3.6477 
508.5 1.0716 1.0421 0.97198 0.94253 0.92847 0.91849 0.91057 0.90455 0.89972 0.89544 0.89183 0.88985 0.88964 0.89053 0.89233 0.89508 0.89888 0.90382 0.90991 0.91681 0.924 0.931 0.93768 0.94375 0.94927 0.95461 0.95972 0.96451 0.96912 0.97364 0.97821 0.98303 0.98807 0.99356 0.99929 1.0059 1.013 1.0221 1.0319 1.043 1.0548 1.0675 1.0809 1.0951 1.11 1.1256 1.1418 1.1586 1.1762 1.1944 1.2131 1.2326 1.2526 1.2735 1.295 1.3172 1.3403 1.364 1.3886 1.4139 1.4401 1.4673 1.4952 1.5241 1.5538 1.5845 1.6161 1.6487 1.6824 1.7171 1.7532 1.7907 1.8295 1.87 1.9119 1.9557 2.0014 2.049 2.0986 2.1503 2.2043 2.2611 2.3206 2.3836 2.4499 2.5203 2.5955 2.6765 2.763 2.8565 2.946 3.0395 3.1353 3.2278 3.3022 3.3607 3.4214 3.4891 3.5641 3.6472 
509 1.0717 1.0422 0.97202 0.94251 0.92843 0.91847 0.91057 0.90456 0.89975 0.89549 0.89189 0.88992 0.88971 0.89058 0.89238 0.89513 0.89893 0.90384 0.90991 0.91681 0.924 0.93101 0.93768 0.94376 0.94929 0.95463 0.95974 0.96452 0.96914 0.97366 0.97823 0.98305 0.98808 0.99356 0.9993 1.0059 1.013 1.0221 1.0319 1.043 1.0548 1.0675 1.0809 1.0951 1.1101 1.1256 1.1419 1.1587 1.1762 1.1944 1.2132 1.2326 1.2527 1.2735 1.295 1.3172 1.3403 1.3639 1.3886 1.4139 1.4401 1.4672 1.4952 1.5241 1.5538 1.5845 1.6161 1.6486 1.6823 1.7171 1.7532 1.7907 1.8295 1.8699 1.9119 1.9557 2.0014 2.049 2.0986 2.1503 2.2043 2.2611 2.3206 2.3836 2.4499 2.5204 2.5956 2.6766 2.7631 2.8567 2.9463 3.0398 3.1356 3.2282 3.3026 3.3611 3.4217 3.4893 3.5643 3.6474 
509.5 1.0722 1.0427 0.97227 0.94252 0.92836 0.91845 0.91059 0.9046 0.89979 0.89554 0.89195 0.88998 0.88978 0.89064 0.89243 0.89517 0.89897 0.90388 0.90994 0.91683 0.92402 0.93102 0.9377 0.94378 0.9493 0.95465 0.95976 0.96454 0.96916 0.97367 0.97825 0.98306 0.9881 0.99357 0.99931 1.0059 1.013 1.0221 1.0319 1.043 1.0548 1.0675 1.0809 1.0951 1.1101 1.1256 1.1419 1.1587 1.1762 1.1944 1.2132 1.2326 1.2527 1.2735 1.295 1.3172 1.3403 1.3639 1.3885 1.4138 1.4401 1.4672 1.4952 1.5241 1.5538 1.5845 1.6161 1.6486 1.6823 1.7171 1.7532 1.7907 1.8295 1.8699 1.9119 1.9557 2.0014 2.049 2.0986 2.1503 2.2043 2.2611 2.3207 2.3837 2.45 2.5205 2.5957 2.6767 2.7633 2.8569 2.9465 3.0401 3.136 3.2287 3.3033 3.362 3.4229 3.4907 3.5659 3.6491 
510 1.0727 1.0431 0.97253 0.94253 0.92829 0.91843 0.91061 0.90463 0.89983 0.89559 0.892 0.89004 0.88984 0.8907 0.89247 0.89521 0.89901 0.90392 0.90996 0.91685 0.92403 0.93104 0.93771 0.94379 0.94932 0.95467 0.95978 0.96456 0.96918 0.97369 0.97826 0.98308 0.98811 0.99358 0.99932 1.0059 1.013 1.0221 1.032 1.043 1.0548 1.0675 1.081 1.0952 1.1101 1.1256 1.1419 1.1587 1.1762 1.1944 1.2132 1.2326 1.2527 1.2735 1.295 1.3172 1.3403 1.3639 1.3885 1.4138 1.4401 1.4672 1.4952 1.5241 1.5538 1.5844 1.6161 1.6486 1.6823 1.7171 1.7532 1.7906 1.8295 1.8699 1.9119 1.9557 2.0014 2.049 2.0986 2.1504 2.2043 2.2612 2.3207 2.3837 2.4501 2.5206 2.5958 2.6769 2.7635 2.8571 2.9467 3.0404 3.1364 3.2292 3.304 3.363 3.424 3.4921 3.5675 3.6508 
510.5 1.0732 1.0436 0.97278 0.94254 0.92822 0.91841 0.91064 0.90466 0.89987 0.89564 0.89206 0.8901 0.88991 0.89076 0.89252 0.89525 0.89905 0.90396 0.90999 0.91687 0.92404 0.93106 0.93773 0.9438 0.94933 0.95469 0.95981 0.96457 0.9692 0.97371 0.97828 0.98309 0.98812 0.99359 0.99933 1.0059 1.013 1.0221 1.032 1.043 1.0548 1.0675 1.081 1.0952 1.1101 1.1257 1.1419 1.1587 1.1763 1.1944 1.2132 1.2327 1.2527 1.2735 1.295 1.3172 1.3403 1.3639 1.3885 1.4138 1.4401 1.4672 1.4952 1.5241 1.5537 1.5844 1.616 1.6486 1.6823 1.7171 1.7532 1.7906 1.8294 1.8699 1.9118 1.9556 2.0014 2.049 2.0986 2.1504 2.2043 2.2612 2.3207 2.3838 2.4501 2.5207 2.596 2.677 2.7636 2.8573 2.947 3.0407 3.1368 3.2298 3.3048 3.3639 3.4252 3.4935 3.5691 3.6526 
511 1.0735 1.0439 0.97297 0.94256 0.92818 0.91841 0.91066 0.90469 0.89991 0.89569 0.89212 0.89017 0.88998 0.89082 0.89258 0.8953 0.89909 0.90399 0.91002 0.9169 0.92406 0.93107 0.93774 0.94381 0.94934 0.95471 0.95982 0.96459 0.96922 0.97373 0.97829 0.98311 0.98814 0.9936 0.99933 1.0059 1.013 1.0221 1.032 1.043 1.0549 1.0675 1.081 1.0952 1.1101 1.1257 1.1419 1.1587 1.1763 1.1944 1.2132 1.2327 1.2527 1.2735 1.295 1.3172 1.3403 1.3639 1.3885 1.4138 1.4401 1.4672 1.4952 1.5241 1.5537 1.5844 1.616 1.6486 1.6823 1.717 1.7532 1.7906 1.8294 1.8698 1.9118 1.9556 2.0014 2.049 2.0986 2.1504 2.2043 2.2612 2.3208 2.3838 2.4502 2.5208 2.5961 2.6772 2.7638 2.8576 2.9473 3.0411 3.1372 3.2302 3.3053 3.3645 3.4259 3.4943 3.5699 3.6534 
511.5 1.0737 1.0441 0.97311 0.94258 0.92817 0.91842 0.91069 0.90473 0.89996 0.89575 0.89218 0.89023 0.89004 0.89087 0.89264 0.89537 0.89913 0.90402 0.91005 0.91692 0.92407 0.93108 0.93775 0.94382 0.94935 0.95472 0.95983 0.9646 0.96923 0.97374 0.97831 0.98313 0.98816 0.99362 0.99934 1.0059 1.013 1.0221 1.032 1.0431 1.0549 1.0675 1.081 1.0952 1.1101 1.1257 1.1419 1.1587 1.1763 1.1944 1.2132 1.2327 1.2527 1.2735 1.295 1.3172 1.3403 1.3639 1.3885 1.4138 1.4401 1.4672 1.4951 1.524 1.5537 1.5844 1.616 1.6486 1.6823 1.717 1.7531 1.7906 1.8294 1.8698 1.9118 1.9556 2.0014 2.049 2.0986 2.1504 2.2044 2.2612 2.3209 2.3839 2.4503 2.5209 2.5962 2.6774 2.7641 2.8579 2.9476 3.0414 3.1376 3.2306 3.3056 3.3648 3.4261 3.4944 3.57 3.6536 
512 1.0739 1.0443 0.97324 0.94259 0.92815 0.91843 0.91071 0.90477 0.90001 0.89581 0.89224 0.89029 0.8901 0.89093 0.89271 0.89543 0.89917 0.90404 0.91007 0.91694 0.92408 0.93109 0.93776 0.94383 0.94936 0.95473 0.95984 0.96462 0.96924 0.97375 0.97833 0.98315 0.98818 0.99363 0.99934 1.0059 1.013 1.0221 1.032 1.0431 1.0549 1.0676 1.081 1.0952 1.1101 1.1257 1.1419 1.1587 1.1763 1.1944 1.2132 1.2327 1.2527 1.2735 1.295 1.3173 1.3403 1.3639 1.3885 1.4138 1.4401 1.4672 1.4951 1.524 1.5537 1.5844 1.616 1.6486 1.6822 1.717 1.7531 1.7906 1.8294 1.8698 1.9118 1.9556 2.0014 2.049 2.0986 2.1504 2.2044 2.2613 2.3209 2.384 2.4504 2.521 2.5964 2.6776 2.7643 2.8582 2.948 3.0418 3.138 3.231 3.306 3.3651 3.4263 3.4946 3.5701 3.6537 
512.5 1.074 1.0445 0.97337 0.94261 0.92814 0.91843 0.91074 0.9048 0.90005 0.89586 0.89229 0.89035 0.89015 0.89099 0.89277 0.89549 0.89921 0.90406 0.9101 0.91696 0.92409 0.9311 0.93777 0.94384 0.94937 0.95474 0.95984 0.96463 0.96926 0.97377 0.97835 0.98316 0.9882 0.99364 0.99935 1.0059 1.013 1.0221 1.032 1.0431 1.0549 1.0676 1.081 1.0952 1.1101 1.1257 1.1419 1.1587 1.1763 1.1944 1.2132 1.2327 1.2527 1.2736 1.295 1.3173 1.3403 1.364 1.3885 1.4138 1.4401 1.4672 1.4951 1.524 1.5537 1.5844 1.616 1.6485 1.6822 1.717 1.7531 1.7905 1.8294 1.8698 1.9118 1.9556 2.0013 2.049 2.0986 2.1504 2.2044 2.2613 2.321 2.3841 2.4505 2.5212 2.5966 2.6778 2.7646 2.8585 2.9483 3.0422 3.1384 3.2314 3.3063 3.3654 3.4266 3.4948 3.5702 3.6538 
513 1.0745 1.0449 0.97361 0.94265 0.92811 0.91844 0.91077 0.90484 0.9001 0.89592 0.89236 0.8904 0.89022 0.89107 0.89284 0.89553 0.89924 0.9041 0.91013 0.91699 0.92411 0.93112 0.93778 0.94385 0.94938 0.95475 0.95986 0.96465 0.96927 0.97379 0.97836 0.98318 0.98822 0.99366 0.99935 1.0059 1.013 1.0221 1.032 1.0431 1.0549 1.0676 1.081 1.0952 1.1101 1.1257 1.1419 1.1587 1.1763 1.1944 1.2132 1.2327 1.2527 1.2736 1.295 1.3173 1.3403 1.3639 1.3885 1.4138 1.4401 1.4672 1.4951 1.524 1.5537 1.5844 1.616 1.6485 1.6822 1.717 1.7531 1.7905 1.8294 1.8698 1.9118 1.9556 2.0014 2.049 2.0986 2.1504 2.2045 2.2614 2.3211 2.3842 2.4506 2.5213 2.5967 2.678 2.7648 2.8587 2.9486 3.0426 3.1389 3.232 3.307 3.3661 3.4273 3.4954 3.5708 3.6543 
513.5 1.0749 1.0454 0.97388 0.94269 0.92807 0.91844 0.91081 0.90488 0.90015 0.89599 0.89242 0.89046 0.89028 0.89115 0.8929 0.89557 0.89928 0.90413 0.91017 0.91701 0.92414 0.93114 0.9378 0.94386 0.94939 0.95476 0.95987 0.96467 0.9693 0.97381 0.97838 0.98319 0.98822 0.99367 0.99936 1.0059 1.013 1.0221 1.032 1.0431 1.0549 1.0676 1.081 1.0952 1.1101 1.1257 1.1419 1.1587 1.1763 1.1944 1.2132 1.2327 1.2527 1.2736 1.295 1.3173 1.3403 1.3639 1.3885 1.4138 1.4401 1.4672 1.4951 1.524 1.5537 1.5843 1.616 1.6485 1.6822 1.717 1.7531 1.7905 1.8293 1.8698 1.9118 1.9556 2.0014 2.0491 2.0986 2.1505 2.2045 2.2614 2.3211 2.3843 2.4507 2.5214 2.5969 2.6782 2.765 2.859 2.949 3.043 3.1395 3.2327 3.3079 3.367 3.4282 3.4962 3.5715 3.6549 
514 1.0754 1.0458 0.97415 0.94274 0.92803 0.91844 0.91084 0.90492 0.9002 0.89605 0.89248 0.89051 0.89034 0.89123 0.89296 0.8956 0.89931 0.90417 0.9102 0.91704 0.92416 0.93116 0.93781 0.94387 0.94939 0.95477 0.95989 0.96468 0.96932 0.97383 0.9784 0.98321 0.98823 0.99368 0.99937 1.0059 1.0131 1.0221 1.032 1.0431 1.0549 1.0676 1.081 1.0952 1.1102 1.1257 1.142 1.1587 1.1763 1.1944 1.2132 1.2327 1.2527 1.2735 1.295 1.3173 1.3403 1.3639 1.3885 1.4138 1.4401 1.4672 1.4951 1.524 1.5537 1.5843 1.616 1.6485 1.6822 1.7169 1.7531 1.7905 1.8293 1.8698 1.9118 1.9556 2.0014 2.0491 2.0987 2.1505 2.2046 2.2615 2.3212 2.3843 2.4508 2.5216 2.597 2.6784 2.7653 2.8593 2.9493 3.0435 3.14 3.2334 3.3087 3.3679 3.429 3.497 3.5722 3.6555 
514.5 1.0759 1.0463 0.97442 0.94278 0.928 0.91844 0.91087 0.90496 0.90024 0.89611 0.89254 0.89057 0.8904 0.89131 0.89302 0.89563 0.89935 0.90421 0.91023 0.91707 0.92419 0.93119 0.93782 0.94388 0.9494 0.95477 0.9599 0.9647 0.96934 0.97385 0.97842 0.98323 0.98824 0.99369 0.99938 1.006 1.0131 1.0222 1.032 1.0431 1.0549 1.0676 1.0811 1.0952 1.1102 1.1257 1.142 1.1587 1.1763 1.1944 1.2132 1.2327 1.2527 1.2735 1.295 1.3172 1.3402 1.3639 1.3885 1.4138 1.44 1.4671 1.4951 1.5239 1.5536 1.5843 1.6159 1.6485 1.6822 1.7169 1.7531 1.7905 1.8293 1.8698 1.9118 1.9556 2.0014 2.0491 2.0987 2.1506 2.2046 2.2616 2.3213 2.3844 2.451 2.5217 2.5972 2.6786 2.7655 2.8596 2.9496 3.0439 3.1406 3.2341 3.3095 3.3688 3.4299 3.4978 3.5729 3.6561 
515 1.0759 1.0465 0.97464 0.94279 0.92795 0.91846 0.91092 0.905 0.90028 0.89616 0.8926 0.89063 0.89046 0.89137 0.89308 0.89569 0.8994 0.90424 0.91025 0.91709 0.9242 0.9312 0.93784 0.9439 0.94942 0.9548 0.95993 0.96472 0.96936 0.97387 0.97844 0.98325 0.98826 0.99371 0.99939 1.006 1.0131 1.0222 1.0321 1.0431 1.0549 1.0676 1.0811 1.0953 1.1102 1.1257 1.142 1.1588 1.1763 1.1945 1.2132 1.2327 1.2527 1.2735 1.295 1.3172 1.3402 1.3639 1.3885 1.4138 1.44 1.4671 1.4951 1.5239 1.5536 1.5843 1.6159 1.6485 1.6822 1.7169 1.753 1.7905 1.8293 1.8698 1.9118 1.9557 2.0014 2.0492 2.0987 2.1506 2.2047 2.2617 2.3214 2.3845 2.4511 2.5219 2.5974 2.6788 2.7658 2.8599 2.9499 3.0442 3.1409 3.2344 3.3098 3.3691 3.4303 3.4983 3.5735 3.6568 
515.5 1.076 1.0467 0.97486 0.9428 0.92791 0.91849 0.91097 0.90504 0.90032 0.8962 0.89265 0.89069 0.89053 0.89143 0.89313 0.89575 0.89945 0.90427 0.91028 0.9171 0.92422 0.93122 0.93786 0.94391 0.94944 0.95482 0.95995 0.96475 0.96938 0.9739 0.97846 0.98327 0.98827 0.99372 0.9994 1.006 1.0131 1.0222 1.0321 1.0431 1.0549 1.0676 1.0811 1.0953 1.1102 1.1257 1.142 1.1588 1.1763 1.1945 1.2132 1.2327 1.2527 1.2735 1.295 1.3172 1.3402 1.3639 1.3885 1.4138 1.44 1.4671 1.495 1.5239 1.5536 1.5843 1.6159 1.6485 1.6821 1.7169 1.753 1.7905 1.8293 1.8698 1.9118 1.9557 2.0014 2.0492 2.0988 2.1507 2.2047 2.2617 2.3215 2.3846 2.4512 2.522 2.5976 2.679 2.766 2.8601 2.9503 3.0445 3.1412 3.2347 3.3101 3.3694 3.4306 3.4987 3.5741 3.6575 
516 1.0761 1.047 0.97508 0.94281 0.92787 0.91851 0.91102 0.90509 0.90036 0.89624 0.8927 0.89075 0.89059 0.89149 0.89318 0.89581 0.8995 0.9043 0.9103 0.91712 0.92423 0.93124 0.93787 0.94393 0.94945 0.95484 0.95997 0.96477 0.96941 0.97392 0.97848 0.98329 0.98829 0.99373 0.99941 1.006 1.0131 1.0222 1.0321 1.0431 1.0549 1.0676 1.0811 1.0953 1.1102 1.1257 1.142 1.1588 1.1763 1.1945 1.2132 1.2327 1.2527 1.2735 1.295 1.3172 1.3402 1.3639 1.3885 1.4138 1.44 1.4671 1.495 1.5239 1.5536 1.5843 1.6159 1.6484 1.6821 1.7169 1.753 1.7905 1.8293 1.8698 1.9118 1.9557 2.0014 2.0492 2.0988 2.1507 2.2048 2.2618 2.3215 2.3847 2.4514 2.5222 2.5978 2.6792 2.7663 2.8604 2.9506 3.0448 3.1415 3.235 3.3104 3.3697 3.431 3.4992 3.5747 3.6582 
516.5 1.0761 1.0471 0.97523 0.94282 0.92785 0.91854 0.91107 0.90513 0.90041 0.89629 0.89276 0.89081 0.89065 0.89155 0.89324 0.89586 0.89955 0.90433 0.91032 0.91714 0.92425 0.93125 0.93789 0.94394 0.94947 0.95486 0.96 0.96479 0.96943 0.97394 0.9785 0.98331 0.98831 0.99374 0.99942 1.006 1.0131 1.0222 1.0321 1.0431 1.0549 1.0676 1.0811 1.0953 1.1102 1.1257 1.142 1.1588 1.1763 1.1945 1.2132 1.2327 1.2527 1.2735 1.295 1.3172 1.3402 1.3639 1.3885 1.4138 1.44 1.4671 1.495 1.5239 1.5536 1.5842 1.6159 1.6484 1.6821 1.7169 1.753 1.7905 1.8293 1.8698 1.9118 1.9557 2.0014 2.0492 2.0988 2.1508 2.2049 2.2619 2.3216 2.3848 2.4515 2.5224 2.598 2.6795 2.7666 2.8607 2.9509 3.0452 3.1418 3.2353 3.3107 3.3701 3.4314 3.4997 3.5753 3.6589 
517 1.0761 1.0471 0.97516 0.94283 0.92789 0.91856 0.91109 0.90516 0.90045 0.89633 0.89282 0.89089 0.89072 0.8916 0.89329 0.89592 0.89959 0.90436 0.91034 0.91716 0.92427 0.93127 0.93791 0.94397 0.9495 0.95489 0.96002 0.96481 0.96944 0.97395 0.97851 0.98332 0.98831 0.99375 0.99943 1.006 1.0131 1.0222 1.0321 1.0432 1.055 1.0676 1.0811 1.0953 1.1102 1.1258 1.142 1.1588 1.1763 1.1945 1.2132 1.2327 1.2527 1.2735 1.295 1.3172 1.3402 1.3639 1.3885 1.4138 1.44 1.4671 1.495 1.5239 1.5536 1.5842 1.6159 1.6484 1.6821 1.7169 1.753 1.7905 1.8293 1.8698 1.9118 1.9557 2.0014 2.0493 2.0989 2.1508 2.2049 2.262 2.3217 2.385 2.4516 2.5225 2.5982 2.6797 2.7668 2.8611 2.9513 3.0456 3.1423 3.236 3.3114 3.3708 3.4322 3.5004 3.576 3.6596 
517.5 1.0761 1.047 0.97508 0.94284 0.92793 0.91859 0.91111 0.9052 0.90049 0.89638 0.89288 0.89097 0.89079 0.89164 0.89335 0.89597 0.89963 0.90439 0.91036 0.91718 0.92428 0.93128 0.93793 0.944 0.94952 0.95491 0.96004 0.96482 0.96945 0.97396 0.97853 0.98332 0.98832 0.99376 0.99944 1.006 1.0131 1.0222 1.0321 1.0432 1.055 1.0676 1.0811 1.0953 1.1102 1.1258 1.142 1.1588 1.1763 1.1945 1.2132 1.2327 1.2527 1.2735 1.295 1.3172 1.3402 1.3639 1.3885 1.4138 1.44 1.4671 1.495 1.5239 1.5536 1.5842 1.6159 1.6484 1.6821 1.7169 1.753 1.7905 1.8293 1.8698 1.9118 1.9557 2.0015 2.0493 2.0989 2.1509 2.205 2.262 2.3218 2.3851 2.4518 2.5227 2.5983 2.6799 2.7671 2.8614 2.9516 3.0461 3.1429 3.2366 3.3121 3.3715 3.4329 3.5011 3.5767 3.6603 
518 1.0762 1.0469 0.97501 0.94285 0.92797 0.91861 0.91114 0.90523 0.90053 0.89642 0.89295 0.89104 0.89086 0.89169 0.8934 0.89603 0.89967 0.90442 0.91039 0.91721 0.9243 0.93129 0.93795 0.94403 0.94955 0.95493 0.96006 0.96484 0.96946 0.97397 0.97854 0.98333 0.98833 0.99376 0.99945 1.006 1.0131 1.0222 1.0321 1.0432 1.055 1.0677 1.0811 1.0953 1.1102 1.1258 1.142 1.1588 1.1763 1.1945 1.2132 1.2327 1.2527 1.2735 1.295 1.3172 1.3402 1.3639 1.3885 1.4138 1.44 1.4671 1.495 1.5239 1.5536 1.5842 1.6158 1.6484 1.6821 1.7169 1.753 1.7905 1.8293 1.8698 1.9118 1.9557 2.0015 2.0493 2.099 2.1509 2.2051 2.2621 2.3219 2.3852 2.4519 2.5229 2.5985 2.6801 2.7673 2.8617 2.952 3.0465 3.1434 3.2372 3.3128 3.3722 3.4336 3.5018 3.5773 3.661 
518.5 1.0763 1.047 0.975 0.94286 0.928 0.91863 0.91116 0.90527 0.90057 0.89647 0.89301 0.89112 0.89093 0.89176 0.89346 0.89608 0.8997 0.90444 0.91041 0.91723 0.92431 0.93131 0.93796 0.94404 0.94956 0.95495 0.96008 0.96486 0.96947 0.97398 0.97856 0.98335 0.98834 0.99377 0.99945 1.006 1.0131 1.0222 1.0321 1.0432 1.055 1.0677 1.0811 1.0953 1.1102 1.1258 1.142 1.1588 1.1763 1.1945 1.2132 1.2327 1.2527 1.2735 1.295 1.3172 1.3402 1.3639 1.3885 1.4137 1.44 1.4671 1.495 1.5239 1.5536 1.5842 1.6158 1.6484 1.6821 1.7169 1.753 1.7905 1.8293 1.8698 1.9118 1.9557 2.0016 2.0494 2.099 2.151 2.2051 2.2622 2.322 2.3853 2.452 2.523 2.5987 2.6803 2.7675 2.862 2.9523 3.0469 3.1439 3.2377 3.3134 3.373 3.4345 3.5028 3.5784 3.662 
519 1.0764 1.0472 0.97509 0.94288 0.92799 0.91865 0.9112 0.90531 0.90062 0.89653 0.89307 0.89119 0.89101 0.89184 0.89354 0.89614 0.89974 0.90446 0.91042 0.91724 0.92433 0.93132 0.93797 0.94405 0.94958 0.95496 0.96009 0.96487 0.9695 0.974 0.97858 0.98336 0.98835 0.99377 0.99945 1.006 1.0131 1.0222 1.0321 1.0432 1.055 1.0677 1.0811 1.0953 1.1102 1.1258 1.142 1.1588 1.1764 1.1945 1.2132 1.2327 1.2527 1.2735 1.295 1.3172 1.3402 1.3639 1.3885 1.4137 1.44 1.4671 1.495 1.5239 1.5535 1.5842 1.6158 1.6484 1.6821 1.7169 1.753 1.7905 1.8293 1.8698 1.9119 1.9558 2.0016 2.0494 2.099 2.151 2.2052 2.2623 2.3221 2.3854 2.4522 2.5232 2.5989 2.6805 2.7678 2.8622 2.9526 3.0472 3.1442 3.2382 3.314 3.3739 3.4355 3.5041 3.5798 3.6636 
519.5 1.0766 1.0473 0.97518 0.94289 0.92799 0.91867 0.91123 0.90535 0.90066 0.89658 0.89313 0.89126 0.89109 0.89193 0.89362 0.8962 0.89978 0.90448 0.91044 0.91725 0.92434 0.93134 0.93798 0.94406 0.94959 0.95497 0.9601 0.96489 0.96952 0.97402 0.9786 0.98338 0.98836 0.99377 0.99945 1.006 1.0131 1.0222 1.0321 1.0432 1.055 1.0677 1.0811 1.0953 1.1102 1.1258 1.142 1.1588 1.1764 1.1945 1.2132 1.2327 1.2527 1.2735 1.295 1.3172 1.3402 1.3639 1.3885 1.4137 1.44 1.4671 1.495 1.5239 1.5535 1.5842 1.6158 1.6484 1.6821 1.7168 1.753 1.7905 1.8293 1.8698 1.9119 1.9558 2.0016 2.0494 2.0991 2.1511 2.2052 2.2624 2.3222 2.3856 2.4523 2.5233 2.5991 2.6808 2.768 2.8625 2.9528 3.0474 3.1445 3.2386 3.3146 3.3747 3.4366 3.5054 3.5812 3.6652 
520 1.0768 1.0475 0.97527 0.94291 0.92798 0.91868 0.91126 0.90538 0.9007 0.89664 0.89319 0.89133 0.89116 0.89201 0.89369 0.89626 0.89981 0.9045 0.91045 0.91727 0.92435 0.93135 0.93799 0.94406 0.9496 0.95499 0.96011 0.96491 0.96954 0.97405 0.97862 0.9834 0.98837 0.99378 0.99944 1.006 1.0131 1.0222 1.0321 1.0432 1.055 1.0677 1.0811 1.0953 1.1102 1.1258 1.142 1.1588 1.1764 1.1945 1.2133 1.2327 1.2527 1.2735 1.295 1.3172 1.3402 1.3639 1.3885 1.4137 1.44 1.4671 1.495 1.5238 1.5535 1.5842 1.6158 1.6484 1.6821 1.7168 1.753 1.7905 1.8293 1.8698 1.9119 1.9558 2.0016 2.0494 2.0991 2.1511 2.2053 2.2624 2.3223 2.3857 2.4525 2.5235 2.5993 2.681 2.7683 2.8627 2.9531 3.0477 3.1448 3.239 3.3152 3.3755 3.4377 3.5066 3.5827 3.6668 
520.5 1.0768 1.0474 0.97523 0.94291 0.928 0.91871 0.9113 0.90542 0.90075 0.8967 0.89326 0.89141 0.89125 0.89209 0.89377 0.89632 0.89986 0.90452 0.91047 0.91728 0.92437 0.93137 0.93801 0.94408 0.94961 0.95499 0.96012 0.96492 0.96957 0.97407 0.97864 0.98342 0.98839 0.99379 0.99945 1.006 1.0131 1.0222 1.0321 1.0432 1.055 1.0677 1.0811 1.0953 1.1102 1.1258 1.142 1.1588 1.1764 1.1945 1.2133 1.2327 1.2527 1.2735 1.295 1.3172 1.3402 1.3639 1.3884 1.4137 1.44 1.4671 1.495 1.5238 1.5535 1.5842 1.6158 1.6484 1.6821 1.7168 1.753 1.7905 1.8294 1.8698 1.9119 1.9558 2.0017 2.0495 2.0992 2.1512 2.2054 2.2625 2.3224 2.3858 2.4526 2.5237 2.5995 2.6812 2.7686 2.863 2.9535 3.0481 3.1453 3.2395 3.3157 3.376 3.4382 3.507 3.5829 3.6669 
521 1.0766 1.0473 0.97513 0.94289 0.92803 0.91874 0.91133 0.90546 0.9008 0.89676 0.89333 0.89149 0.89134 0.89217 0.89385 0.89639 0.89991 0.90456 0.91049 0.91729 0.92439 0.93138 0.93803 0.94409 0.94962 0.955 0.96013 0.96493 0.96959 0.97409 0.97865 0.98343 0.9884 0.9938 0.99946 1.006 1.0131 1.0222 1.0321 1.0432 1.055 1.0677 1.0811 1.0953 1.1102 1.1258 1.142 1.1588 1.1764 1.1945 1.2133 1.2327 1.2527 1.2735 1.295 1.3172 1.3402 1.3639 1.3884 1.4137 1.44 1.4671 1.495 1.5238 1.5535 1.5842 1.6158 1.6484 1.6821 1.7168 1.753 1.7905 1.8294 1.8699 1.9119 1.9559 2.0017 2.0495 2.0992 2.1513 2.2055 2.2626 2.3225 2.3859 2.4527 2.5238 2.5997 2.6815 2.7689 2.8634 2.9539 3.0486 3.1458 3.2401 3.3162 3.3763 3.4382 3.5068 3.5826 3.6664 
521.5 1.0765 1.0471 0.97503 0.94288 0.92806 0.91877 0.91136 0.9055 0.90085 0.89682 0.8934 0.89156 0.89143 0.89224 0.89392 0.89645 0.89996 0.90459 0.91051 0.9173 0.92441 0.9314 0.93804 0.94411 0.94963 0.955 0.96013 0.96494 0.96961 0.97411 0.97866 0.98345 0.98842 0.99382 0.99947 1.006 1.0131 1.0222 1.0321 1.0432 1.055 1.0677 1.0811 1.0953 1.1102 1.1258 1.142 1.1588 1.1764 1.1945 1.2133 1.2327 1.2527 1.2735 1.295 1.3172 1.3402 1.3639 1.3884 1.4137 1.44 1.4671 1.495 1.5238 1.5535 1.5842 1.6158 1.6484 1.6821 1.7168 1.753 1.7905 1.8294 1.8699 1.912 1.9559 2.0018 2.0496 2.0993 2.1513 2.2055 2.2627 2.3226 2.386 2.4529 2.524 2.5999 2.6817 2.7691 2.8637 2.9543 3.0491 3.1464 3.2406 3.3167 3.3766 3.4383 3.5067 3.5822 3.6658 
522 1.0763 1.047 0.97493 0.94287 0.92808 0.91879 0.91139 0.90554 0.9009 0.89688 0.89347 0.89164 0.89152 0.89232 0.894 0.89652 0.9 0.90463 0.91052 0.91731 0.92443 0.93142 0.93806 0.94412 0.94964 0.95501 0.96014 0.96495 0.96963 0.97413 0.97867 0.98347 0.98844 0.99383 0.99948 1.006 1.0131 1.0222 1.0321 1.0432 1.055 1.0677 1.0811 1.0953 1.1102 1.1258 1.1421 1.1588 1.1764 1.1945 1.2132 1.2327 1.2527 1.2735 1.295 1.3172 1.3402 1.3639 1.3884 1.4137 1.44 1.467 1.4949 1.5238 1.5535 1.5842 1.6158 1.6483 1.6821 1.7168 1.753 1.7905 1.8294 1.8699 1.912 1.9559 2.0018 2.0496 2.0994 2.1514 2.2056 2.2628 2.3227 2.3862 2.453 2.5242 2.6001 2.682 2.7694 2.8641 2.9547 3.0496 3.1469 3.2411 3.3171 3.3769 3.4384 3.5066 3.5819 3.6653 
522.5 1.0762 1.0468 0.97485 0.94284 0.92809 0.91882 0.91143 0.90559 0.90095 0.89695 0.89354 0.89171 0.89159 0.8924 0.89406 0.89658 0.90004 0.90466 0.91054 0.91732 0.92444 0.93143 0.93808 0.94414 0.94965 0.95502 0.96017 0.96497 0.96965 0.97415 0.9787 0.98348 0.98846 0.99385 0.9995 1.006 1.0131 1.0222 1.0321 1.0432 1.055 1.0677 1.0811 1.0953 1.1102 1.1258 1.142 1.1588 1.1764 1.1945 1.2132 1.2327 1.2527 1.2735 1.295 1.3172 1.3402 1.3639 1.3884 1.4137 1.4399 1.467 1.4949 1.5238 1.5535 1.5842 1.6158 1.6483 1.6821 1.7168 1.753 1.7905 1.8294 1.8699 1.912 1.9559 2.0019 2.0497 2.0994 2.1515 2.2057 2.2629 2.3228 2.3863 2.4532 2.5244 2.6003 2.6822 2.7697 2.8644 2.955 3.0499 3.1473 3.2415 3.3175 3.3773 3.4388 3.507 3.5824 3.6659 
523 1.076 1.0467 0.97478 0.94282 0.92809 0.91884 0.91146 0.90564 0.90101 0.89701 0.89362 0.89178 0.89166 0.89248 0.89413 0.89664 0.90008 0.90469 0.91056 0.91733 0.92445 0.93145 0.9381 0.94416 0.94966 0.95503 0.96019 0.965 0.96966 0.97417 0.97872 0.9835 0.98847 0.99386 0.99952 1.006 1.0131 1.0222 1.0321 1.0432 1.055 1.0677 1.0811 1.0953 1.1103 1.1258 1.142 1.1588 1.1764 1.1945 1.2132 1.2327 1.2527 1.2735 1.295 1.3172 1.3402 1.3639 1.3884 1.4137 1.4399 1.467 1.4949 1.5238 1.5535 1.5842 1.6158 1.6483 1.6821 1.7168 1.753 1.7905 1.8294 1.8699 1.912 1.956 2.0019 2.0497 2.0995 2.1515 2.2058 2.263 2.323 2.3864 2.4533 2.5245 2.6005 2.6824 2.77 2.8647 2.9554 3.0503 3.1476 3.2419 3.3179 3.3777 3.4393 3.5076 3.5831 3.6666 
523.5 1.0759 1.0466 0.9747 0.94279 0.92809 0.91886 0.9115 0.90568 0.90107 0.89708 0.89369 0.89185 0.89174 0.89256 0.89419 0.89671 0.90012 0.90472 0.91058 0.91734 0.92446 0.93146 0.93812 0.94417 0.94968 0.95504 0.96022 0.96502 0.96968 0.97419 0.97874 0.98352 0.98849 0.99388 0.99953 1.006 1.0131 1.0222 1.0321 1.0432 1.055 1.0677 1.0811 1.0953 1.1103 1.1258 1.142 1.1588 1.1764 1.1945 1.2132 1.2327 1.2527 1.2735 1.295 1.3172 1.3402 1.3639 1.3884 1.4137 1.4399 1.467 1.4949 1.5238 1.5535 1.5842 1.6158 1.6483 1.682 1.7169 1.753 1.7905 1.8294 1.8699 1.9121 1.956 2.0019 2.0498 2.0995 2.1516 2.2059 2.2631 2.3231 2.3866 2.4535 2.5247 2.6007 2.6827 2.7703 2.865 2.9557 3.0506 3.148 3.2423 3.3183 3.3781 3.4397 3.5081 3.5838 3.6674 
524 1.0757 1.0464 0.97462 0.94276 0.92809 0.91888 0.91154 0.90573 0.90112 0.89715 0.89376 0.89192 0.89181 0.89264 0.89425 0.89676 0.90015 0.90475 0.9106 0.91736 0.92447 0.93147 0.93814 0.94419 0.94969 0.95506 0.96024 0.96505 0.96969 0.97421 0.97877 0.98353 0.98851 0.99389 0.99955 1.006 1.0131 1.0222 1.0321 1.0432 1.055 1.0677 1.0811 1.0954 1.1103 1.1258 1.142 1.1588 1.1764 1.1945 1.2132 1.2327 1.2527 1.2735 1.295 1.3172 1.3402 1.3638 1.3884 1.4137 1.4399 1.467 1.4949 1.5238 1.5535 1.5842 1.6158 1.6483 1.682 1.7169 1.753 1.7905 1.8294 1.87 1.9121 1.956 2.0019 2.0498 2.0996 2.1517 2.206 2.2632 2.3232 2.3867 2.4537 2.5249 2.601 2.6829 2.7705 2.8653 2.956 3.051 3.1484 3.2426 3.3187 3.3785 3.4401 3.5087 3.5844 3.668 
524.5 1.0756 1.0463 0.97452 0.94274 0.92811 0.91891 0.91158 0.9058 0.9012 0.89722 0.89384 0.892 0.89188 0.8927 0.8943 0.8968 0.90019 0.90479 0.91064 0.91739 0.92449 0.93149 0.93815 0.94421 0.94971 0.95508 0.96026 0.96506 0.96971 0.97423 0.97878 0.98355 0.98852 0.99391 0.99955 1.006 1.0131 1.0222 1.0321 1.0432 1.055 1.0677 1.0811 1.0954 1.1103 1.1258 1.142 1.1588 1.1764 1.1945 1.2132 1.2327 1.2527 1.2735 1.295 1.3172 1.3402 1.3638 1.3884 1.4137 1.4399 1.467 1.4949 1.5238 1.5535 1.5842 1.6158 1.6483 1.6821 1.7169 1.7531 1.7905 1.8295 1.87 1.9121 1.9561 2.002 2.0499 2.0996 2.1517 2.2061 2.2633 2.3233 2.3869 2.4538 2.5251 2.6012 2.6831 2.7708 2.8656 2.9564 3.0514 3.1489 3.2432 3.3193 3.3791 3.4406 3.5088 3.5842 3.6676 
525 1.0754 1.0461 0.97443 0.94271 0.92813 0.91894 0.91163 0.90586 0.90128 0.8973 0.89392 0.89208 0.89195 0.89275 0.89435 0.89683 0.90022 0.90482 0.91067 0.91742 0.92451 0.93151 0.93817 0.94423 0.94974 0.9551 0.96027 0.96507 0.96973 0.97424 0.9788 0.98356 0.98852 0.99392 0.99955 1.006 1.0131 1.0222 1.0321 1.0432 1.055 1.0677 1.0811 1.0954 1.1103 1.1258 1.1421 1.1588 1.1764 1.1945 1.2132 1.2327 1.2527 1.2735 1.295 1.3172 1.3402 1.3638 1.3884 1.4137 1.4399 1.467 1.4949 1.5238 1.5535 1.5842 1.6158 1.6483 1.6821 1.7169 1.7531 1.7906 1.8295 1.87 1.9121 1.9561 2.002 2.0499 2.0997 2.1518 2.2062 2.2634 2.3235 2.387 2.454 2.5253 2.6014 2.6834 2.771 2.8659 2.9567 3.0518 3.1494 3.2438 3.3199 3.3796 3.441 3.509 3.5841 3.6672 
525.5 1.0753 1.046 0.97433 0.94269 0.92814 0.91897 0.91168 0.90593 0.90135 0.89738 0.894 0.89216 0.89201 0.89281 0.89439 0.89687 0.90026 0.90486 0.9107 0.91745 0.92454 0.93153 0.93818 0.94426 0.94976 0.95512 0.96028 0.96508 0.96974 0.97426 0.97882 0.98358 0.98853 0.99393 0.99955 1.006 1.0131 1.0222 1.0321 1.0432 1.055 1.0677 1.0811 1.0954 1.1103 1.1258 1.1421 1.1588 1.1764 1.1945 1.2133 1.2327 1.2527 1.2735 1.295 1.3172 1.3402 1.3638 1.3884 1.4137 1.4399 1.467 1.4949 1.5238 1.5535 1.5842 1.6158 1.6483 1.6821 1.7169 1.7531 1.7906 1.8295 1.87 1.9122 1.9562 2.0021 2.05 2.0998 2.1519 2.2063 2.2635 2.3236 2.3872 2.4542 2.5255 2.6016 2.6836 2.7713 2.8662 2.957 3.0522 3.1499 3.2443 3.3205 3.3802 3.4414 3.5092 3.584 3.6668 
526 1.0752 1.0458 0.97425 0.94267 0.92816 0.91901 0.91173 0.90599 0.90143 0.89746 0.89408 0.89224 0.89208 0.89287 0.89445 0.8969 0.9003 0.9049 0.91073 0.91747 0.92456 0.93155 0.93819 0.94427 0.94978 0.95514 0.9603 0.9651 0.96976 0.97428 0.97883 0.9836 0.98854 0.99393 0.99955 1.006 1.0131 1.0222 1.0321 1.0432 1.055 1.0677 1.0811 1.0954 1.1103 1.1258 1.1421 1.1588 1.1764 1.1945 1.2133 1.2327 1.2527 1.2735 1.295 1.3172 1.3402 1.3638 1.3884 1.4137 1.4399 1.467 1.4949 1.5238 1.5535 1.5841 1.6158 1.6483 1.6821 1.7169 1.7531 1.7906 1.8295 1.87 1.9122 1.9562 2.0021 2.05 2.0998 2.1519 2.2064 2.2636 2.3237 2.3873 2.4543 2.5257 2.6018 2.6838 2.7716 2.8665 2.9574 3.0526 3.1503 3.2449 3.321 3.3808 3.4419 3.5096 3.5843 3.6669 
526.5 1.075 1.0457 0.97419 0.94267 0.92819 0.91905 0.91178 0.90606 0.90151 0.89754 0.89416 0.89231 0.89214 0.89293 0.8945 0.89695 0.90034 0.90494 0.91076 0.91749 0.92457 0.93156 0.93819 0.94427 0.9498 0.95516 0.96031 0.96511 0.96978 0.9743 0.97885 0.98361 0.98855 0.99393 0.99955 1.006 1.0131 1.0222 1.0321 1.0432 1.055 1.0677 1.0811 1.0954 1.1103 1.1258 1.1421 1.1588 1.1764 1.1945 1.2133 1.2327 1.2527 1.2735 1.295 1.3172 1.3402 1.3638 1.3884 1.4137 1.4399 1.467 1.4949 1.5238 1.5535 1.5841 1.6158 1.6484 1.6821 1.7169 1.7531 1.7906 1.8295 1.8701 1.9122 1.9563 2.0022 2.0501 2.0999 2.152 2.2064 2.2637 2.3238 2.3875 2.4545 2.5258 2.602 2.6841 2.7718 2.8668 2.9577 3.0529 3.1507 3.2454 3.3217 3.3815 3.4427 3.5105 3.5853 3.668 
527 1.0749 1.0456 0.97413 0.94266 0.92821 0.91909 0.91184 0.90614 0.90159 0.89762 0.89423 0.89237 0.8922 0.89299 0.89456 0.897 0.90039 0.90498 0.91079 0.91751 0.92458 0.93156 0.9382 0.94428 0.94981 0.95518 0.96032 0.96513 0.9698 0.97433 0.97886 0.98362 0.98856 0.99393 0.99955 1.006 1.0131 1.0222 1.0321 1.0432 1.055 1.0677 1.0811 1.0954 1.1103 1.1258 1.1421 1.1588 1.1764 1.1945 1.2133 1.2327 1.2527 1.2735 1.295 1.3172 1.3402 1.3638 1.3884 1.4137 1.4399 1.467 1.4949 1.5238 1.5535 1.5841 1.6158 1.6484 1.6821 1.7169 1.7531 1.7906 1.8296 1.8701 1.9123 1.9563 2.0022 2.0502 2.1 2.1521 2.2065 2.2638 2.3239 2.3876 2.4547 2.526 2.6022 2.6843 2.7721 2.867 2.958 3.0533 3.1511 3.2459 3.3223 3.3822 3.4435 3.5114 3.5863 3.6692 
527.5 1.0747 1.0455 0.97407 0.94265 0.92823 0.91912 0.9119 0.90621 0.90167 0.89771 0.89431 0.89244 0.89226 0.89304 0.89462 0.89704 0.90043 0.90501 0.91082 0.91753 0.92459 0.93157 0.9382 0.94428 0.94983 0.9552 0.96034 0.96515 0.96982 0.97435 0.97888 0.98364 0.98857 0.99393 0.99955 1.006 1.0131 1.0222 1.0321 1.0432 1.055 1.0677 1.0812 1.0954 1.1103 1.1259 1.1421 1.1588 1.1764 1.1945 1.2132 1.2327 1.2527 1.2735 1.295 1.3172 1.3402 1.3638 1.3884 1.4137 1.4399 1.467 1.4949 1.5238 1.5535 1.5841 1.6158 1.6484 1.6821 1.7169 1.7531 1.7906 1.8296 1.8702 1.9123 1.9564 2.0023 2.0502 2.1001 2.1522 2.2066 2.264 2.3241 2.3877 2.4548 2.5262 2.6024 2.6846 2.7724 2.8673 2.9583 3.0536 3.1515 3.2464 3.3229 3.3829 3.4443 3.5122 3.5872 3.6703 
528 1.0746 1.0453 0.974 0.94265 0.92826 0.91917 0.91196 0.90628 0.90175 0.89779 0.89439 0.89251 0.89233 0.8931 0.89467 0.89709 0.90048 0.90505 0.91085 0.91755 0.92461 0.93158 0.93821 0.94429 0.94984 0.95521 0.96035 0.96516 0.96984 0.97436 0.97889 0.98365 0.98859 0.99394 0.99955 1.006 1.0131 1.0222 1.0321 1.0432 1.055 1.0677 1.0812 1.0954 1.1103 1.1259 1.1421 1.1588 1.1764 1.1945 1.2132 1.2327 1.2527 1.2735 1.295 1.3172 1.3402 1.3638 1.3884 1.4137 1.4399 1.467 1.4949 1.5238 1.5535 1.5841 1.6158 1.6484 1.6821 1.7169 1.7531 1.7907 1.8296 1.8702 1.9123 1.9564 2.0023 2.0503 2.1001 2.1523 2.2067 2.2641 2.3242 2.3879 2.455 2.5264 2.6027 2.6848 2.7727 2.8677 2.9587 3.0541 3.1521 3.247 3.3235 3.3836 3.445 3.513 3.588 3.6711 
528.5 1.0746 1.0453 0.97394 0.94265 0.9283 0.91922 0.91202 0.90636 0.90183 0.89787 0.89446 0.89258 0.8924 0.89315 0.89472 0.89714 0.90052 0.90509 0.91087 0.91757 0.92462 0.93159 0.93822 0.9443 0.94985 0.95523 0.96037 0.96518 0.96985 0.97437 0.97891 0.98366 0.9886 0.99395 0.99956 1.006 1.0131 1.0222 1.0321 1.0432 1.055 1.0677 1.0812 1.0954 1.1103 1.1259 1.1421 1.1588 1.1764 1.1945 1.2133 1.2327 1.2527 1.2735 1.295 1.3172 1.3402 1.3638 1.3884 1.4137 1.4399 1.467 1.4949 1.5238 1.5535 1.5841 1.6158 1.6484 1.6821 1.717 1.7532 1.7907 1.8296 1.8702 1.9124 1.9565 2.0024 2.0504 2.1002 2.1524 2.2068 2.2642 2.3243 2.388 2.4552 2.5267 2.6029 2.6851 2.773 2.868 2.9591 3.0546 3.1526 3.2476 3.3242 3.3842 3.4457 3.5136 3.5886 3.6717 
529 1.0745 1.0452 0.97388 0.94266 0.92834 0.91927 0.91208 0.90643 0.90191 0.89795 0.89454 0.89265 0.89247 0.89321 0.89476 0.89718 0.90057 0.90512 0.9109 0.91758 0.92464 0.9316 0.93824 0.94432 0.94986 0.95524 0.96039 0.9652 0.96986 0.97438 0.97892 0.98367 0.98861 0.99396 0.99957 1.006 1.0132 1.0222 1.0321 1.0432 1.055 1.0677 1.0812 1.0954 1.1103 1.1259 1.1421 1.1588 1.1764 1.1945 1.2133 1.2327 1.2527 1.2735 1.295 1.3172 1.3402 1.3638 1.3884 1.4136 1.4399 1.467 1.4949 1.5238 1.5535 1.5842 1.6158 1.6484 1.6821 1.717 1.7532 1.7907 1.8297 1.8703 1.9124 1.9565 2.0024 2.0504 2.1003 2.1525 2.2069 2.2643 2.3245 2.3882 2.4554 2.5269 2.6031 2.6854 2.7733 2.8684 2.9595 3.0551 3.1532 3.2483 3.3249 3.3849 3.4463 3.5142 3.5892 3.6723 
529.5 1.0744 1.0451 0.97382 0.94266 0.92838 0.91932 0.91214 0.90651 0.90199 0.89803 0.89461 0.89272 0.89254 0.89326 0.89481 0.89723 0.90061 0.90516 0.91093 0.9176 0.92466 0.9316 0.93825 0.94433 0.94988 0.95525 0.96041 0.96522 0.96987 0.97439 0.97894 0.98368 0.98862 0.99397 0.99957 1.006 1.0132 1.0222 1.0321 1.0432 1.055 1.0677 1.0812 1.0954 1.1103 1.1259 1.1421 1.1588 1.1764 1.1945 1.2133 1.2327 1.2527 1.2735 1.2949 1.3172 1.3401 1.3638 1.3884 1.4136 1.4399 1.467 1.4949 1.5238 1.5535 1.5842 1.6158 1.6484 1.6821 1.717 1.7532 1.7907 1.8297 1.8703 1.9125 1.9566 2.0025 2.0505 2.1004 2.1526 2.2071 2.2645 2.3246 2.3884 2.4556 2.5271 2.6034 2.6857 2.7736 2.8688 2.96 3.0556 3.1538 3.2489 3.3255 3.3856 3.447 3.5148 3.5898 3.6729 
530 1.0744 1.045 0.97377 0.94266 0.92841 0.91937 0.91221 0.90659 0.90208 0.89811 0.89469 0.89279 0.8926 0.89331 0.89485 0.89727 0.90065 0.90518 0.91095 0.91763 0.92467 0.93161 0.93826 0.94435 0.94988 0.95526 0.96042 0.96523 0.96989 0.97441 0.97896 0.9837 0.98864 0.99397 0.99957 1.006 1.0131 1.0222 1.0321 1.0432 1.055 1.0677 1.0812 1.0954 1.1103 1.1259 1.1421 1.1588 1.1764 1.1945 1.2133 1.2327 1.2527 1.2735 1.2949 1.3172 1.3401 1.3638 1.3884 1.4136 1.4399 1.467 1.4949 1.5238 1.5535 1.5842 1.6158 1.6484 1.6822 1.717 1.7532 1.7908 1.8298 1.8704 1.9125 1.9566 2.0026 2.0506 2.1005 2.1527 2.2072 2.2646 2.3248 2.3885 2.4558 2.5273 2.6036 2.6859 2.7739 2.8691 2.9603 3.056 3.1542 3.2494 3.3261 3.3862 3.4476 3.5155 3.5907 3.6743 
530.5 1.0743 1.045 0.97372 0.94266 0.92845 0.91942 0.91227 0.90667 0.90217 0.89819 0.89476 0.89286 0.89265 0.89336 0.8949 0.8973 0.90068 0.90521 0.91097 0.91765 0.92469 0.93161 0.93827 0.94436 0.94989 0.95527 0.96042 0.96523 0.96991 0.97444 0.97898 0.98373 0.98865 0.99398 0.99957 1.0061 1.0131 1.0222 1.0321 1.0432 1.055 1.0677 1.0812 1.0954 1.1103 1.1259 1.1421 1.1588 1.1764 1.1945 1.2132 1.2327 1.2527 1.2735 1.2949 1.3172 1.3401 1.3638 1.3884 1.4136 1.4399 1.467 1.4949 1.5238 1.5535 1.5842 1.6158 1.6484 1.6822 1.717 1.7533 1.7908 1.8298 1.8704 1.9126 1.9567 2.0026 2.0507 2.1006 2.1528 2.2073 2.2647 2.3249 2.3887 2.456 2.5275 2.6039 2.6862 2.7742 2.8694 2.9607 3.0563 3.1546 3.2499 3.3266 3.3868 3.4483 3.5163 3.5918 3.6758 
531 1.0743 1.0449 0.97366 0.94266 0.92848 0.91947 0.91234 0.90675 0.90226 0.89827 0.89484 0.89293 0.89271 0.89341 0.89494 0.89734 0.9007 0.90524 0.911 0.91767 0.9247 0.93161 0.93828 0.94438 0.94989 0.95529 0.96042 0.96524 0.96993 0.97447 0.979 0.98375 0.98866 0.99398 0.99957 1.0061 1.0131 1.0222 1.0321 1.0432 1.055 1.0677 1.0812 1.0954 1.1103 1.1259 1.1421 1.1588 1.1764 1.1945 1.2132 1.2327 1.2527 1.2735 1.2949 1.3172 1.3401 1.3638 1.3884 1.4136 1.4399 1.467 1.4949 1.5238 1.5535 1.5842 1.6158 1.6484 1.6822 1.717 1.7533 1.7908 1.8298 1.8704 1.9126 1.9567 2.0027 2.0508 2.1007 2.1529 2.2074 2.2648 2.3251 2.3889 2.4561 2.5277 2.6041 2.6865 2.7745 2.8698 2.961 3.0567 3.155 3.2503 3.3272 3.3874 3.4489 3.517 3.5929 3.6775 
531.5 1.0372 1.0114 0.96864 0.94312 0.9293 0.91952 0.91218 0.90667 0.90232 0.89867 0.89577 0.89406 0.89364 0.89423 0.89578 0.89828 0.90181 0.90637 0.91203 0.91847 0.92522 0.93185 0.93822 0.94419 0.94983 0.95524 0.96041 0.96529 0.97002 0.97455 0.97913 0.98395 0.98894 0.99436 0.99997 1.0062 1.0134 1.0224 1.0323 1.0433 1.0551 1.0679 1.0813 1.0956 1.1104 1.126 1.1421 1.159 1.1763 1.1946 1.2133 1.2329 1.2528 1.2737 1.2951 1.3174 1.3402 1.3641 1.3885 1.4139 1.44 1.4672 1.495 1.5239 1.5536 1.5844 1.616 1.6487 1.6823 1.7174 1.7535 1.7912 1.8302 1.871 1.9132 1.9573 2.0031 2.051 2.1008 2.1531 2.2077 2.2652 2.3256 2.3893 2.4566 2.528 2.6041 2.6859 2.773 2.8673 2.961 3.0594 3.1622 3.2616 3.3314 3.3946 3.4635 3.5419 3.6298 3.7271 
532 1.0063 0.98986 0.96035 0.94086 0.92874 0.91926 0.91189 0.90639 0.90217 0.89887 0.89657 0.89528 0.89484 0.89534 0.89692 0.89962 0.90331 0.90794 0.91341 0.91946 0.9258 0.93217 0.93835 0.94424 0.94984 0.95517 0.96028 0.96519 0.97004 0.97471 0.97942 0.9843 0.98938 0.99467 1.0007 1.0063 1.0139 1.0227 1.0326 1.0435 1.0554 1.068 1.0815 1.0957 1.1105 1.1261 1.1422 1.1591 1.1765 1.1947 1.2135 1.2331 1.253 1.2739 1.2953 1.3177 1.3404 1.3643 1.3888 1.4143 1.4403 1.4674 1.4952 1.5241 1.5538 1.5846 1.6162 1.649 1.6828 1.718 1.7541 1.7918 1.8308 1.8716 1.9139 1.958 2.0037 2.0516 2.1014 2.1537 2.2084 2.2661 2.3266 2.3903 2.4572 2.5279 2.6033 2.6852 2.7743 2.8714 2.9677 3.0677 3.1696 3.2642 3.327 3.3818 3.4402 3.5072 3.5847 3.6731 
532.5 0.9913 0.97797 0.95391 0.93743 0.92687 0.91837 0.91147 0.90621 0.90223 0.89923 0.89717 0.89603 0.89581 0.89654 0.89828 0.901 0.90472 0.90932 0.91462 0.92042 0.92649 0.93263 0.93863 0.94443 0.94995 0.95522 0.96027 0.96517 0.97007 0.97482 0.97966 0.98463 0.98977 0.99511 1.0011 1.0067 1.0142 1.023 1.0329 1.0437 1.0556 1.0681 1.0816 1.0957 1.1107 1.1261 1.1424 1.1592 1.1768 1.1949 1.2138 1.2331 1.2533 1.274 1.2956 1.3178 1.3408 1.3646 1.3892 1.4145 1.4407 1.4677 1.4956 1.5244 1.5542 1.5848 1.6166 1.6493 1.6833 1.7184 1.7548 1.7925 1.8316 1.8723 1.9146 1.9586 2.0046 2.0525 2.1024 2.1546 2.2093 2.2669 2.3275 2.3913 2.458 2.5284 2.6039 2.6863 2.7768 2.8758 2.9733 3.0724 3.1703 3.2581 3.3126 3.3563 3.4035 3.4606 3.5291 3.6081 
533 0.9807 0.9689 0.94827 0.93421 0.92499 0.91731 0.91095 0.90605 0.90235 0.89959 0.89773 0.89679 0.89675 0.89763 0.89949 0.90229 0.90598 0.91047 0.91564 0.92131 0.92719 0.93317 0.93903 0.94468 0.95015 0.95538 0.9604 0.96524 0.97012 0.97497 0.97986 0.9849 0.99014 0.99549 1.0016 1.007 1.0145 1.0233 1.0331 1.0439 1.0557 1.0683 1.0817 1.0958 1.1107 1.1263 1.1425 1.1594 1.177 1.1951 1.2139 1.2333 1.2535 1.2742 1.2958 1.3181 1.3411 1.3648 1.3894 1.4148 1.441 1.468 1.496 1.5247 1.5545 1.5852 1.617 1.6498 1.6838 1.7189 1.7554 1.7931 1.8323 1.873 1.9154 1.9595 2.0055 2.0535 2.1035 2.1557 2.2104 2.268 2.3286 2.3924 2.4593 2.5298 2.6053 2.688 2.779 2.8783 2.9754 3.0722 3.1652 3.2456 3.292 3.3269 3.3671 3.4181 3.4784 3.5474 
533.5 0.97241 0.96174 0.9439 0.93154 0.92323 0.91617 0.91034 0.90588 0.90248 0.89994 0.89828 0.89751 0.89764 0.89869 0.90057 0.90343 0.90712 0.91155 0.9166 0.92209 0.92782 0.93362 0.9394 0.94505 0.95042 0.95557 0.96054 0.96542 0.97028 0.97513 0.98009 0.98518 0.99048 0.99588 1.0019 1.0073 1.0148 1.0236 1.0333 1.0442 1.0558 1.0684 1.0819 1.0959 1.1108 1.1264 1.1427 1.1595 1.1772 1.1952 1.214 1.2335 1.2536 1.2745 1.2961 1.3183 1.3413 1.3651 1.3897 1.4151 1.4413 1.4683 1.4963 1.5251 1.5548 1.5857 1.6176 1.6503 1.6843 1.7196 1.756 1.7938 1.8331 1.8738 1.9163 1.9604 2.0065 2.0545 2.1046 2.1569 2.2117 2.2693 2.33 2.3938 2.4609 2.5317 2.6074 2.69 2.7804 2.8786 2.9739 3.0676 3.1557 3.2295 3.2703 3.2986 3.3322 3.3751 3.4283 3.4922 
534 0.96492 0.95494 0.9396 0.9293 0.92189 0.91513 0.90967 0.90566 0.9026 0.90028 0.8988 0.8982 0.89848 0.89963 0.90163 0.90448 0.90817 0.91256 0.91748 0.92283 0.92842 0.93412 0.9398 0.94533 0.95066 0.95584 0.96084 0.96568 0.97045 0.97528 0.98032 0.98548 0.99079 0.99619 1.0023 1.0076 1.0151 1.0238 1.0335 1.0444 1.0559 1.0685 1.082 1.096 1.111 1.1265 1.1428 1.1597 1.1773 1.1953 1.2142 1.2339 1.2537 1.2746 1.2963 1.3184 1.3415 1.3654 1.3899 1.4153 1.4416 1.4687 1.4966 1.5255 1.5553 1.5862 1.6181 1.651 1.6849 1.7202 1.7567 1.7946 1.8339 1.8748 1.9172 1.9615 2.0076 2.0556 2.1057 2.1582 2.2131 2.2709 2.3316 2.3955 2.4628 2.5339 2.6096 2.6917 2.7809 2.8768 2.9694 3.0595 3.143 3.2114 3.2477 3.2714 3.3011 3.342 3.3949 3.4566 
534.5 0.95901 0.94963 0.93584 0.92683 0.9204 0.91443 0.90935 0.90544 0.90259 0.90058 0.89933 0.89888 0.89928 0.90053 0.90261 0.9055 0.90915 0.91346 0.91831 0.92354 0.929 0.93462 0.94019 0.94563 0.95094 0.9561 0.9611 0.96594 0.97072 0.97552 0.98053 0.98572 0.99107 0.9965 1.0026 1.0079 1.0153 1.0241 1.0338 1.0445 1.0561 1.0686 1.0821 1.0961 1.1111 1.1267 1.143 1.1598 1.1774 1.1954 1.2144 1.2341 1.2539 1.2748 1.2964 1.3188 1.342 1.3655 1.3901 1.4157 1.4417 1.4689 1.4971 1.5258 1.5557 1.5868 1.6185 1.6515 1.6857 1.7209 1.7574 1.7955 1.8347 1.8757 1.9184 1.9626 2.0087 2.0569 2.1071 2.1596 2.2147 2.2725 2.3334 2.3975 2.4648 2.5358 2.6112 2.6924 2.7798 2.8737 2.964 3.0508 3.1298 3.1927 3.2247 3.2441 3.2714 3.3114 3.3641 3.4238 
535 0.95392 0.94522 0.93274 0.92456 0.91895 0.91386 0.90918 0.90527 0.90254 0.90085 0.89986 0.89955 0.90005 0.9014 0.90354 0.90646 0.91008 0.91433 0.9191 0.92425 0.92962 0.93509 0.94058 0.94598 0.95124 0.95633 0.96133 0.96623 0.97106 0.97584 0.98075 0.98594 0.99139 0.99681 1.003 1.0082 1.0156 1.0243 1.0339 1.0447 1.0564 1.0688 1.0821 1.0963 1.1112 1.1268 1.143 1.16 1.1775 1.1956 1.2146 1.234 1.2542 1.275 1.2967 1.3191 1.342 1.3659 1.3907 1.4159 1.4422 1.4695 1.4972 1.5262 1.5564 1.5871 1.619 1.6521 1.6863 1.7216 1.7583 1.7963 1.8357 1.8767 1.9194 1.9638 2.0101 2.0582 2.1085 2.1611 2.2164 2.2743 2.3352 2.3994 2.4666 2.5374 2.6124 2.6925 2.7784 2.8701 2.9579 3.0414 3.116 3.1738 3.2017 3.218 3.2446 3.2856 3.3374 3.3918 
535.5 0.94938 0.94124 0.92994 0.92259 0.9175 0.9128 0.9087 0.90547 0.90296 0.90112 0.90018 0.90015 0.90085 0.90225 0.90443 0.90737 0.91098 0.91518 0.91986 0.9249 0.93018 0.93554 0.94096 0.94629 0.95153 0.95663 0.96159 0.96647 0.9713 0.97616 0.98114 0.98626 0.99163 0.99708 1.0033 1.0084 1.0158 1.0245 1.0341 1.0449 1.0567 1.0689 1.0822 1.0965 1.1113 1.127 1.1431 1.1602 1.1778 1.1958 1.2147 1.2343 1.2544 1.2753 1.2969 1.3193 1.3423 1.3662 1.3909 1.4164 1.4427 1.4698 1.4977 1.5267 1.5567 1.5877 1.6196 1.6526 1.687 1.7225 1.7593 1.7973 1.8366 1.8777 1.9205 1.965 2.0114 2.0597 2.11 2.1627 2.218 2.276 2.337 2.4011 2.4683 2.5389 2.6132 2.6923 2.7763 2.8655 2.9505 3.0307 3.1015 3.1553 3.182 3.1999 3.2315 3.2783 3.3371 3.3995 
536 0.94464 0.9377 0.92806 0.92094 0.91596 0.91186 0.90832 0.90538 0.90313 0.90159 0.90078 0.90075 0.90152 0.90307 0.90533 0.90827 0.91186 0.91601 0.92061 0.92556 0.93074 0.93603 0.94135 0.94664 0.95182 0.95689 0.96186 0.96672 0.97156 0.97648 0.98151 0.9866 0.99193 0.99738 1.0035 1.0087 1.016 1.0247 1.0343 1.0451 1.0568 1.0691 1.0824 1.0966 1.1115 1.1271 1.1434 1.1603 1.1779 1.1962 1.2149 1.2344 1.2546 1.2755 1.2971 1.3196 1.3426 1.3665 1.3913 1.4167 1.4431 1.4703 1.4982 1.5272 1.5573 1.5882 1.6203 1.6533 1.6876 1.7233 1.7601 1.7982 1.8376 1.8787 1.9216 1.966 2.0126 2.0611 2.1117 2.1644 2.2196 2.2775 2.3384 2.4025 2.4697 2.5399 2.6135 2.6913 2.7733 2.8597 2.9421 3.0194 3.0875 3.14 3.168 3.1895 3.2263 3.2794 3.3443 3.4115 
536.5 0.94184 0.93532 0.92608 0.91938 0.91471 0.91102 0.9079 0.90526 0.90326 0.90195 0.90133 0.90144 0.9023 0.9039 0.9062 0.90916 0.91273 0.91683 0.92136 0.92622 0.93129 0.93651 0.94178 0.947 0.95213 0.95718 0.96212 0.96701 0.97189 0.97679 0.9818 0.98694 0.99234 0.99773 1.0038 1.0088 1.0161 1.0249 1.0345 1.0453 1.0571 1.0693 1.0826 1.0968 1.1116 1.1273 1.1436 1.1604 1.1781 1.1964 1.2152 1.2346 1.2549 1.2759 1.2973 1.3197 1.343 1.3669 1.3917 1.4171 1.4435 1.4709 1.4988 1.5277 1.5578 1.5887 1.6208 1.654 1.6885 1.7241 1.761 1.7992 1.8387 1.8798 1.9227 1.9673 2.014 2.0627 2.1132 2.1659 2.221 2.2789 2.3398 2.4039 2.4708 2.5405 2.6132 2.6895 2.7693 2.853 2.9328 3.0079 3.0741 3.1259 3.1554 3.1797 3.2201 3.2775 3.3468 3.4185 
537 0.93909 0.93285 0.92409 0.91788 0.91362 0.91028 0.9075 0.90517 0.90343 0.90233 0.90189 0.90214 0.90309 0.90475 0.90709 0.91006 0.91361 0.91766 0.92212 0.9269 0.9319 0.93703 0.94223 0.94738 0.95248 0.95749 0.96244 0.96731 0.9722 0.97713 0.98214 0.9873 0.99269 0.99807 1.004 1.0091 1.0164 1.0251 1.0347 1.0455 1.0572 1.0696 1.0828 1.097 1.1118 1.1275 1.1438 1.1606 1.1783 1.1965 1.2155 1.2349 1.2551 1.2761 1.2977 1.3201 1.3433 1.3672 1.392 1.4176 1.444 1.4712 1.4993 1.5284 1.5584 1.5894 1.6216 1.6547 1.6891 1.7248 1.7618 1.8002 1.8398 1.8811 1.924 1.9685 2.0152 2.0639 2.1146 2.1675 2.2226 2.2805 2.3412 2.4049 2.4714 2.5404 2.6121 2.6868 2.7645 2.8455 2.9229 2.9958 3.0601 3.1108 3.1414 3.1688 3.2134 3.2755 3.3491 3.424 
537.5 0.93624 0.93043 0.92225 0.91649 0.91257 0.90959 0.90716 0.90512 0.90363 0.90275 0.90249 0.90287 0.90392 0.90564 0.90801 0.91099 0.91451 0.91852 0.92294 0.92762 0.93253 0.93758 0.94269 0.9478 0.95284 0.95783 0.96276 0.96766 0.97253 0.97747 0.98252 0.98764 0.99298 0.99837 1.0043 1.0094 1.0166 1.0253 1.035 1.0457 1.0574 1.0698 1.0831 1.0972 1.1121 1.1277 1.144 1.1608 1.1785 1.1967 1.2156 1.2352 1.2556 1.2764 1.298 1.3204 1.3436 1.3676 1.3924 1.418 1.4445 1.4716 1.4998 1.529 1.5591 1.5903 1.6224 1.6554 1.6898 1.7256 1.7627 1.8011 1.841 1.8823 1.9253 1.9699 2.0165 2.0653 2.116 2.1689 2.2241 2.2818 2.3423 2.4056 2.4715 2.5398 2.6102 2.6833 2.7587 2.837 2.9119 2.9824 3.0446 3.094 3.1257 3.1563 3.2049 3.2711 3.3497 3.4323 
538 0.93371 0.92806 0.92015 0.91498 0.9116 0.90894 0.90684 0.90517 0.90396 0.90326 0.90313 0.90364 0.90479 0.90659 0.90899 0.91196 0.91545 0.91942 0.92377 0.92838 0.93321 0.93818 0.94322 0.94824 0.95324 0.95822 0.96312 0.968 0.97291 0.97786 0.98289 0.98801 0.99333 0.99868 1.0045 1.0097 1.017 1.0256 1.0353 1.046 1.0576 1.0701 1.0834 1.0975 1.1123 1.128 1.1442 1.1611 1.1787 1.197 1.2158 1.2354 1.2558 1.2768 1.2984 1.3209 1.3441 1.368 1.3928 1.4184 1.4449 1.4723 1.5003 1.5295 1.5598 1.591 1.6232 1.6563 1.6908 1.7266 1.7637 1.8022 1.8421 1.8836 1.9267 1.9713 2.018 2.0667 2.1175 2.1703 2.2255 2.2832 2.3434 2.406 2.471 2.5381 2.6072 2.6785 2.7517 2.8271 2.8993 2.967 3.0266 3.0741 3.1062 3.1396 3.1925 3.2647 3.3502 3.4403 
538.5 0.93122 0.92592 0.91836 0.91369 0.91079 0.90845 0.90659 0.90518 0.90423 0.90377 0.90385 0.90451 0.90578 0.90764 0.9101 0.91309 0.91656 0.92041 0.92462 0.92917 0.93395 0.93885 0.94379 0.94876 0.95372 0.95864 0.96352 0.96841 0.97332 0.97828 0.98332 0.98843 0.99372 0.99898 1.0047 1.01 1.0173 1.0259 1.0356 1.0463 1.0579 1.0704 1.0837 1.0977 1.1126 1.1281 1.1444 1.1613 1.1789 1.1972 1.2161 1.2358 1.256 1.2771 1.2989 1.3213 1.3446 1.3686 1.3934 1.419 1.4455 1.4729 1.501 1.5302 1.5604 1.5917 1.624 1.6574 1.6919 1.7277 1.7648 1.8033 1.8433 1.8849 1.9281 1.9731 2.0198 2.0683 2.1189 2.1716 2.2268 2.2842 2.3438 2.4057 2.4697 2.5355 2.6031 2.6725 2.743 2.815 2.8837 2.948 3.0043 3.0495 3.0821 3.1194 3.1782 3.258 3.3517 3.4508 
539 0.92832 0.9236 0.91656 0.91236 0.90992 0.90796 0.90639 0.90527 0.90461 0.9044 0.90467 0.90549 0.90687 0.90881 0.91129 0.91427 0.91772 0.92159 0.92577 0.93018 0.93479 0.93956 0.94441 0.94932 0.95424 0.95912 0.96399 0.96887 0.97379 0.97877 0.98381 0.9889 0.99412 0.99928 1.0049 1.0103 1.0176 1.0263 1.036 1.0466 1.0582 1.0707 1.084 1.0981 1.1129 1.1284 1.1446 1.1615 1.1792 1.1975 1.2164 1.2361 1.2564 1.2775 1.2992 1.3218 1.3451 1.3692 1.394 1.4197 1.446 1.4734 1.5017 1.531 1.5612 1.5925 1.6249 1.6584 1.6931 1.7289 1.7661 1.8046 1.8447 1.8864 1.9297 1.9747 2.0214 2.07 2.1205 2.173 2.2278 2.2846 2.3436 2.4045 2.4673 2.5316 2.5972 2.6639 2.7311 2.7989 2.8635 2.9238 2.9767 3.0195 3.0534 3.0957 3.1614 3.2492 3.3504 3.4589 
539.5 0.92668 0.92276 0.91591 0.9114 0.90899 0.90746 0.90633 0.90552 0.90514 0.90518 0.90568 0.90666 0.90817 0.91019 0.9127 0.91569 0.9191 0.92287 0.92697 0.93135 0.9359 0.94053 0.94522 0.94999 0.95482 0.95968 0.96456 0.96945 0.97436 0.97933 0.98437 0.98942 0.99457 0.99962 1.005 1.0106 1.018 1.0266 1.0363 1.047 1.0586 1.0711 1.0844 1.0984 1.1132 1.1287 1.145 1.1618 1.1794 1.1977 1.2167 1.2364 1.2568 1.2779 1.2997 1.3223 1.3456 1.3696 1.3945 1.4203 1.4469 1.4743 1.5025 1.5318 1.5622 1.5936 1.626 1.6595 1.6943 1.7304 1.7677 1.8064 1.8465 1.888 1.9313 1.9763 2.0231 2.0716 2.122 2.1742 2.2282 2.2841 2.3419 2.4016 2.4628 2.5249 2.5875 2.6504 2.7131 2.7757 2.8352 2.8911 2.9406 2.982 3.0193 3.0686 3.1429 3.2411 3.3544 3.4761 
540 0.92441 0.92138 0.91504 0.91064 0.9084 0.90723 0.90647 0.90599 0.90591 0.90623 0.90696 0.90813 0.90977 0.91188 0.91443 0.9174 0.92077 0.92448 0.92846 0.93267 0.93707 0.94168 0.94638 0.95103 0.95564 0.96036 0.96525 0.97019 0.9751 0.98004 0.98504 0.99003 0.99506 0.99993 1.005 1.0107 1.0182 1.0269 1.0367 1.0473 1.0589 1.0714 1.0846 1.0987 1.1135 1.1291 1.1453 1.1622 1.1798 1.198 1.217 1.2367 1.2571 1.2783 1.3002 1.3227 1.3461 1.3702 1.3952 1.421 1.4477 1.4751 1.5035 1.5328 1.5631 1.5946 1.6272 1.6608 1.6957 1.7319 1.7694 1.8081 1.8482 1.8898 1.933 1.9779 2.0245 2.0727 2.1226 2.174 2.227 2.2813 2.3372 2.3944 2.4526 2.5111 2.5695 2.6273 2.6844 2.7408 2.7949 2.8467 2.8945 2.9377 2.9824 3.0426 3.1289 3.2396 3.3657 3.5007 
540.5 0.92056 0.91833 0.91339 0.9104 0.90881 0.90767 0.90705 0.90689 0.90713 0.90773 0.90872 0.91009 0.91187 0.91406 0.91665 0.91961 0.9229 0.92647 0.93033 0.9345 0.93886 0.94322 0.94757 0.95207 0.95677 0.96155 0.96635 0.97117 0.97605 0.98095 0.98585 0.99075 0.99556 1.0004 1.0047 1.0109 1.0184 1.0271 1.0368 1.0475 1.0591 1.0715 1.0848 1.0988 1.1136 1.1292 1.1454 1.1623 1.18 1.1983 1.2172 1.2368 1.2572 1.2784 1.3003 1.323 1.3463 1.3705 1.3955 1.4214 1.4481 1.4757 1.5041 1.5335 1.5639 1.5955 1.6281 1.6618 1.6968 1.733 1.7705 1.8092 1.8492 1.8906 1.9333 1.9775 2.0232 2.0701 2.1184 2.1677 2.218 2.269 2.3208 2.3731 2.4256 2.4779 2.5296 2.5807 2.6317 2.6833 2.7356 2.7878 2.8391 2.8896 2.9469 3.022 3.1234 3.2495 3.3909 3.5397 
541 0.91821 0.91684 0.91308 0.91081 0.90974 0.90895 0.90855 0.90865 0.90917 0.91005 0.91126 0.91282 0.91473 0.91699 0.91959 0.9225 0.9257 0.92916 0.93288 0.93686 0.94101 0.94524 0.94952 0.95391 0.95843 0.96308 0.96781 0.97259 0.97737 0.98214 0.98688 0.99157 0.99615 1.0007 1.0048 1.0108 1.0182 1.0268 1.0364 1.0471 1.0587 1.0711 1.0844 1.0984 1.1132 1.1287 1.1449 1.1618 1.1795 1.1979 1.2168 1.2363 1.2567 1.2779 1.2997 1.3224 1.3457 1.3699 1.3949 1.4208 1.4475 1.4751 1.5037 1.5332 1.5635 1.5948 1.627 1.6604 1.695 1.7306 1.7672 1.8047 1.8432 1.8824 1.9224 1.9631 2.0043 2.0459 2.0877 2.1294 2.1709 2.2121 2.2533 2.2946 2.3363 2.3787 2.4224 2.4682 2.5176 2.5725 2.6351 2.7007 2.7686 2.8395 2.9201 3.0188 3.1436 3.2922 3.4549 3.6207 
541.5 0.91707 0.91663 0.91422 0.91201 0.91092 0.91064 0.91074 0.91112 0.91184 0.91292 0.91433 0.91603 0.91804 0.92035 0.92295 0.92583 0.92897 0.93235 0.93595 0.93973 0.94368 0.94781 0.9521 0.9564 0.96066 0.96503 0.9696 0.97427 0.97892 0.9835 0.98803 0.9925 0.99685 1.0011 1.0046 1.0101 1.0171 1.0255 1.035 1.0455 1.0569 1.0693 1.0824 1.0964 1.1111 1.1265 1.1426 1.1595 1.177 1.1952 1.214 1.2335 1.2538 1.2747 1.2964 1.3188 1.3421 1.366 1.3908 1.4163 1.4426 1.4698 1.4977 1.5264 1.5558 1.5857 1.6163 1.6476 1.6795 1.7119 1.7446 1.7778 1.8114 1.8452 1.8793 1.9136 1.9482 1.9834 2.0193 2.0561 2.094 2.1331 2.1739 2.2165 2.2612 2.3084 2.3584 2.4118 2.4694 2.532 2.5999 2.6724 2.7485 2.8293 2.9222 3.036 3.1787 3.3467 3.5287 3.7128 
542 0.91687 0.91649 0.91481 0.91346 0.91304 0.91316 0.91357 0.91425 0.91522 0.91648 0.91802 0.91983 0.92191 0.92424 0.92684 0.92967 0.93273 0.93601 0.93948 0.94313 0.94693 0.95087 0.95493 0.95914 0.96346 0.96777 0.97197 0.97618 0.98051 0.9849 0.98918 0.99329 0.99722 1.001 1.0041 1.0091 1.0157 1.0236 1.0327 1.043 1.0542 1.0663 1.0793 1.093 1.1075 1.1228 1.1387 1.1554 1.1727 1.1908 1.2095 1.229 1.249 1.2695 1.2908 1.3128 1.3356 1.359 1.383 1.4077 1.4329 1.4587 1.485 1.5119 1.5391 1.5666 1.5946 1.623 1.6518 1.6811 1.7107 1.7409 1.7716 1.803 1.8351 1.8679 1.9016 1.9364 1.9726 2.0103 2.0498 2.0911 2.1346 2.1803 2.2286 2.2797 2.3339 2.3916 2.4537 2.5213 2.5943 2.6718 2.7528 2.8389 2.9381 3.0601 3.2132 3.3927 3.5865 3.7818 
542.5 0.91816 0.91794 0.91682 0.91609 0.91616 0.91659 0.91723 0.9181 0.91925 0.92064 0.92228 0.92414 0.92625 0.92859 0.93114 0.93391 0.93689 0.94005 0.94339 0.94689 0.95054 0.95432 0.95821 0.9622 0.96625 0.97032 0.97437 0.97838 0.98233 0.98622 0.99005 0.99378 0.99734 1.0007 1.0034 1.008 1.0142 1.0218 1.0306 1.0405 1.0515 1.0633 1.0761 1.0896 1.1039 1.119 1.1347 1.1512 1.1683 1.1861 1.2045 1.2236 1.2432 1.2633 1.2839 1.3052 1.3271 1.3495 1.3724 1.3957 1.4194 1.4436 1.4682 1.4932 1.5186 1.5444 1.5707 1.5973 1.6243 1.6519 1.6803 1.7095 1.7394 1.7703 1.8023 1.8355 1.8699 1.9058 1.9431 1.9822 2.0232 2.0665 2.1122 2.1607 2.2119 2.266 2.3231 2.3838 2.4492 2.5204 2.5974 2.6789 2.7635 2.8532 2.9571 3.0852 3.2464 3.435 3.6382 3.8424 
543 0.9214 0.92124 0.92034 0.91983 0.92009 0.92068 0.92144 0.92244 0.92368 0.92515 0.92682 0.92871 0.93081 0.93312 0.93562 0.93832 0.94119 0.94423 0.94743 0.95077 0.95424 0.95782 0.96149 0.96522 0.96899 0.97281 0.97667 0.98045 0.98402 0.98742 0.9908 0.99414 0.99734 1.0003 1.0028 1.0071 1.0129 1.0202 1.0287 1.0383 1.049 1.0606 1.0731 1.0864 1.1004 1.1152 1.1307 1.1468 1.1635 1.1809 1.1988 1.2173 1.2363 1.2558 1.2758 1.2961 1.3168 1.338 1.3597 1.3818 1.4043 1.4271 1.4504 1.4741 1.4983 1.523 1.5483 1.5741 1.6004 1.6276 1.6556 1.6847 1.7148 1.746 1.7785 1.8125 1.848 1.8851 1.9239 1.9646 2.0074 2.0526 2.1004 2.151 2.2045 2.261 2.3205 2.3837 2.4518 2.5258 2.6057 2.6899 2.777 2.8697 2.9775 3.1111 3.2794 3.4757 3.6868 3.8987 
543.5 0.92551 0.92537 0.92455 0.92415 0.9245 0.92516 0.92597 0.92701 0.9283 0.92978 0.93146 0.93333 0.93539 0.93764 0.94007 0.94267 0.94542 0.94833 0.95137 0.95454 0.95781 0.96117 0.96461 0.96809 0.97161 0.97511 0.97858 0.982 0.98538 0.98865 0.99168 0.9945 0.99724 0.99995 1.0024 1.0063 1.0118 1.0187 1.027 1.0363 1.0467 1.058 1.0701 1.0831 1.0968 1.1112 1.1263 1.142 1.1582 1.175 1.1923 1.2101 1.2284 1.2471 1.2663 1.2857 1.3054 1.3257 1.3463 1.3675 1.389 1.4109 1.4334 1.4563 1.4798 1.5039 1.5288 1.5544 1.5809 1.6082 1.6363 1.6655 1.696 1.7279 1.7613 1.7961 1.8326 1.871 1.9113 1.9536 1.998 2.0446 2.0938 2.146 2.2013 2.2597 2.3211 2.3864 2.4566 2.5329 2.615 2.7014 2.7905 2.8856 2.9967 3.1345 3.308 3.5098 3.7265 3.9436 
544 0.92993 0.9298 0.92902 0.92867 0.92906 0.92974 0.93056 0.93161 0.9329 0.93437 0.93601 0.93784 0.93984 0.94202 0.94435 0.94683 0.94946 0.95222 0.95509 0.95807 0.96114 0.96427 0.96746 0.97069 0.97392 0.97715 0.98034 0.9835 0.98658 0.98954 0.99235 0.99501 0.99753 0.99994 1.0023 1.0058 1.0109 1.0175 1.0253 1.0343 1.0443 1.0553 1.0671 1.0797 1.093 1.107 1.1215 1.1367 1.1524 1.1685 1.1852 1.2023 1.2198 1.2377 1.2561 1.2748 1.2939 1.3134 1.3332 1.3535 1.3744 1.3958 1.4177 1.4403 1.4635 1.4874 1.5122 1.5378 1.5644 1.592 1.6206 1.6504 1.6816 1.7143 1.7485 1.7844 1.822 1.8615 1.9031 1.9468 1.9926 2.0407 2.0915 2.1453 2.2021 2.2621 2.3254 2.3927 2.465 2.5434 2.6272 2.7152 2.806 2.9033 3.0173 3.1591 3.3371 3.5438 3.7652 3.9868 
544.5 0.93713 0.93714 0.93571 0.93389 0.93333 0.93399 0.93502 0.9361 0.93733 0.93875 0.94036 0.94213 0.94406 0.94614 0.94836 0.95072 0.95321 0.95581 0.95851 0.9613 0.96416 0.96708 0.97004 0.97302 0.976 0.97897 0.9819 0.98478 0.98759 0.99031 0.99296 0.99549 0.99782 0.99991 1.0019 1.005 1.0099 1.0162 1.0237 1.0323 1.0419 1.0525 1.0639 1.076 1.0889 1.1023 1.1164 1.1309 1.146 1.1616 1.1776 1.194 1.2109 1.2281 1.2458 1.264 1.2825 1.3014 1.3206 1.3404 1.3608 1.3819 1.4036 1.4259 1.4491 1.473 1.4979 1.5237 1.5507 1.5787 1.6081 1.6387 1.6706 1.7039 1.7389 1.7756 1.8143 1.8549 1.8975 1.9423 1.9893 2.0388 2.0909 2.146 2.2042 2.2656 2.3304 2.3993 2.4734 2.5534 2.6388 2.7283 2.8206 2.9199 3.0364 3.1815 3.3635 3.5743 3.7997 4.0252 
545 0.94139 0.94136 0.93995 0.93823 0.93772 0.93833 0.9393 0.94033 0.94152 0.94289 0.94443 0.94613 0.94797 0.94994 0.95205 0.95428 0.95663 0.95907 0.9616 0.96421 0.96687 0.96959 0.97233 0.97509 0.97784 0.98058 0.98328 0.98592 0.9885 0.99099 0.99336 0.99562 0.99779 0.99986 1.0018 1.0044 1.0087 1.0146 1.0217 1.03 1.0393 1.0494 1.0603 1.072 1.0844 1.0973 1.1108 1.1248 1.1393 1.1543 1.1697 1.1856 1.2019 1.2185 1.2357 1.2532 1.2712 1.2898 1.3089 1.3285 1.3486 1.3693 1.3908 1.4132 1.4365 1.4606 1.4858 1.5119 1.5393 1.5679 1.5978 1.6291 1.6618 1.6959 1.7318 1.7695 1.8091 1.8507 1.8943 1.9403 1.9886 2.0395 2.0931 2.1494 2.2086 2.271 2.337 2.4073 2.4828 2.5644 2.6512 2.742 2.8354 2.9364 3.0553 3.2037 3.3894 3.6037 3.8326 4.0613 
545.5 0.94536 0.94527 0.94387 0.94228 0.94184 0.94242 0.94334 0.94433 0.94546 0.94677 0.94824 0.94985 0.9516 0.95347 0.95546 0.95756 0.95976 0.96205 0.96441 0.96685 0.96933 0.97185 0.97439 0.97694 0.97948 0.982 0.98448 0.98691 0.98928 0.99156 0.99375 0.99584 0.99782 0.9997 1.0015 1.0038 1.0078 1.0131 1.0197 1.0275 1.0363 1.046 1.0565 1.0677 1.0795 1.092 1.105 1.1185 1.1324 1.1469 1.1617 1.1771 1.1928 1.2091 1.2258 1.2429 1.2606 1.2789 1.2977 1.3171 1.3371 1.3579 1.3795 1.402 1.4254 1.4498 1.4753 1.5019 1.5297 1.5589 1.5893 1.6213 1.6548 1.69 1.7268 1.7652 1.8056 1.848 1.8926 1.9395 1.9887 2.0405 2.095 2.1523 2.2127 2.2761 2.3431 2.4143 2.4908 2.5733 2.6612 2.7529 2.8475 2.95 3.071 3.2219 3.41 3.6261 3.8565 4.0865 
546 0.94846 0.94833 0.94709 0.94591 0.94572 0.94629 0.94711 0.94804 0.94913 0.95038 0.95177 0.95329 0.95493 0.9567 0.95857 0.96054 0.96261 0.96475 0.96696 0.96922 0.97153 0.97387 0.97623 0.97859 0.98094 0.98326 0.98555 0.98779 0.98997 0.99208 0.99409 0.99601 0.99783 0.99955 1.0012 1.0029 1.0064 1.0114 1.0177 1.0249 1.0332 1.0423 1.0523 1.0631 1.0744 1.0864 1.0989 1.1119 1.1254 1.1393 1.1537 1.1686 1.184 1.1998 1.2162 1.233 1.2505 1.2685 1.2872 1.3066 1.3268 1.3477 1.3694 1.392 1.4156 1.4404 1.4663 1.4933 1.5217 1.5513 1.5824 1.6151 1.6493 1.6851 1.7227 1.762 1.8032 1.8464 1.8918 1.9396 1.9897 2.0424 2.0978 2.156 2.2173 2.2818 2.3497 2.4219 2.4994 2.5831 2.6721 2.7649 2.8607 2.9646 3.0873 3.2399 3.4297 3.6474 3.8793 4.1106 
546.5 0.95161 0.95141 0.95023 0.94931 0.9493 0.94985 0.9506 0.95147 0.95251 0.9537 0.95501 0.95644 0.95799 0.95965 0.96141 0.96326 0.96519 0.96719 0.96925 0.97136 0.97351 0.97568 0.97787 0.98005 0.98223 0.98438 0.9865 0.98857 0.99057 0.99251 0.99436 0.99612 0.99777 0.9993 1.0007 1.002 1.005 1.0094 1.0152 1.0221 1.0299 1.0386 1.0481 1.0582 1.0691 1.0806 1.0926 1.1052 1.1182 1.1318 1.1458 1.1603 1.1753 1.1909 1.207 1.2237 1.2409 1.2589 1.2775 1.2969 1.3172 1.3382 1.3602 1.3832 1.4071 1.4322 1.4585 1.486 1.5148 1.5451 1.5768 1.61 1.6448 1.6813 1.7196 1.7597 1.8018 1.8459 1.892 1.9405 1.9913 2.0448 2.1011 2.1603 2.2226 2.288 2.3568 2.4299 2.5083 2.593 2.6831 2.7771 2.8739 2.9789 3.1027 3.2565 3.4474 3.6663 3.8992 4.1316 
547 0.95476 0.95452 0.95334 0.95252 0.95257 0.9531 0.95381 0.95464 0.95563 0.95675 0.95798 0.95933 0.96079 0.96235 0.964 0.96573 0.96753 0.9694 0.97132 0.97329 0.97529 0.97731 0.97934 0.98137 0.98338 0.98537 0.98732 0.98922 0.99106 0.99283 0.99451 0.99608 0.99752 0.99882 0.99997 1.0008 1.0033 1.0072 1.0125 1.0189 1.0263 1.0346 1.0437 1.0534 1.0638 1.0747 1.0863 1.0984 1.1111 1.1243 1.138 1.1522 1.167 1.1823 1.1982 1.2147 1.2319 1.2499 1.2685 1.288 1.3084 1.3296 1.3519 1.3752 1.3995 1.425 1.4516 1.4796 1.509 1.5398 1.5721 1.6059 1.6414 1.6786 1.7176 1.7585 1.8013 1.8461 1.8931 1.9423 1.9939 2.0482 2.1053 2.1654 2.2287 2.2949 2.3646 2.4385 2.518 2.6038 2.695 2.7898 2.8874 2.9931 3.1178 3.2727 3.4649 3.6849 3.919 4.1525 
547.5 0.95742 0.95712 0.95606 0.95558 0.95579 0.95619 0.95674 0.95753 0.95851 0.95958 0.96073 0.96199 0.96337 0.96483 0.96637 0.96799 0.96967 0.97142 0.97321 0.97504 0.9769 0.97877 0.98066 0.98253 0.98439 0.98622 0.98801 0.98975 0.99142 0.99302 0.99454 0.99597 0.99731 0.99855 0.99971 1.0008 1.0022 1.0053 1.0099 1.0157 1.0225 1.0303 1.0389 1.0482 1.0582 1.0689 1.08 1.0917 1.104 1.1169 1.1303 1.1443 1.1588 1.174 1.1898 1.2063 1.2235 1.2414 1.2602 1.2798 1.3003 1.3218 1.3443 1.3679 1.3927 1.4187 1.4459 1.4743 1.5042 1.5355 1.5684 1.6029 1.639 1.6769 1.7166 1.7582 1.8018 1.8474 1.8951 1.9452 1.9977 2.0528 2.1107 2.1717 2.2357 2.3029 2.3734 2.4483 2.5287 2.6154 2.7074 2.8032 2.9017 3.0087 3.1348 3.2914 3.4853 3.707 3.9427 4.1778 
548 0.96008 0.95971 0.95884 0.95882 0.95915 0.95921 0.95941 0.96013 0.96112 0.96216 0.96324 0.96443 0.96572 0.9671 0.96854 0.97005 0.97163 0.97325 0.97492 0.97662 0.97835 0.98009 0.98183 0.98356 0.98527 0.98696 0.9886 0.9902 0.99174 0.99322 0.99462 0.99595 0.99718 0.99831 0.99935 1.0003 1.0009 1.0034 1.0073 1.0125 1.0188 1.026 1.0342 1.043 1.0526 1.0628 1.0737 1.0852 1.0971 1.1097 1.1228 1.1366 1.151 1.1661 1.1818 1.1983 1.2155 1.2336 1.2524 1.2722 1.293 1.3148 1.3376 1.3616 1.3867 1.4131 1.4408 1.4698 1.5002 1.5321 1.5656 1.6007 1.6375 1.676 1.7164 1.7586 1.8029 1.8493 1.8979 1.9487 2.002 2.0578 2.1164 2.1781 2.243 2.3109 2.3823 2.4582 2.5396 2.6273 2.7203 2.817 2.9165 3.0247 3.1524 3.3108 3.507 3.7311 3.9692 4.2067 
548.5 0.96301 0.9626 0.96161 0.96144 0.96169 0.96177 0.96199 0.96266 0.96358 0.96455 0.96557 0.96668 0.96789 0.96918 0.97053 0.97194 0.97341 0.97492 0.97647 0.97805 0.97965 0.98126 0.98287 0.98447 0.98606 0.98761 0.98913 0.9906 0.99201 0.99336 0.99464 0.99583 0.99694 0.99796 0.9989 0.99979 1.0006 1.0019 1.0049 1.0094 1.015 1.0218 1.0294 1.0378 1.047 1.0569 1.0674 1.0785 1.0903 1.1027 1.1157 1.1293 1.1435 1.1585 1.1743 1.1908 1.2081 1.2262 1.2453 1.2653 1.2863 1.3084 1.3316 1.3559 1.3815 1.4083 1.4365 1.4661 1.4971 1.5296 1.5636 1.5993 1.6367 1.6759 1.7169 1.7599 1.8048 1.8519 1.9012 1.9528 2.0067 2.0632 2.1226 2.1851 2.2506 2.3193 2.3915 2.4682 2.5505 2.6391 2.7329 2.8305 2.9307 3.0398 3.1687 3.3287 3.527 3.7536 3.9944 4.2345 
549 0.96554 0.96511 0.96401 0.96368 0.96391 0.96415 0.96446 0.96502 0.9658 0.96671 0.9677 0.96876 0.96989 0.97108 0.97235 0.97366 0.97503 0.97644 0.97788 0.97935 0.98083 0.98232 0.98381 0.98529 0.98675 0.98818 0.98957 0.99092 0.99222 0.99347 0.99465 0.99575 0.99679 0.99775 0.99862 0.99941 1.0001 1.0007 1.0028 1.0065 1.0115 1.0176 1.0247 1.0327 1.0415 1.051 1.0612 1.0721 1.0836 1.0958 1.1087 1.1222 1.1364 1.1514 1.1671 1.1837 1.2011 1.2194 1.2387 1.259 1.2803 1.3027 1.3262 1.351 1.3769 1.4043 1.4329 1.463 1.4946 1.5277 1.5623 1.5986 1.6367 1.6765 1.7182 1.7618 1.8074 1.8552 1.9052 1.9575 2.0122 2.0695 2.1297 2.1929 2.2593 2.3288 2.4018 2.4794 2.5627 2.6523 2.7471 2.8454 2.9462 3.056 3.1859 3.3476 3.5481 3.7773 4.0208 4.2635 
549.5 0.96774 0.96735 0.96619 0.96574 0.96609 0.96671 0.96718 0.96738 0.96774 0.96857 0.96964 0.97068 0.97172 0.97283 0.97401 0.97524 0.97652 0.97782 0.97916 0.98052 0.9819 0.98327 0.98465 0.98601 0.98736 0.98868 0.98997 0.99121 0.99241 0.99355 0.99464 0.99566 0.99661 0.99749 0.99831 0.99906 0.99977 1.0005 1.0013 1.004 1.0082 1.0137 1.0202 1.0277 1.0361 1.0453 1.0552 1.0658 1.0771 1.0892 1.1019 1.1154 1.1296 1.1446 1.1604 1.177 1.1946 1.2131 1.2326 1.2532 1.2748 1.2975 1.3215 1.3466 1.3731 1.4008 1.43 1.4606 1.4928 1.5265 1.5618 1.5988 1.6374 1.6777 1.72 1.7643 1.8107 1.8592 1.9099 1.9629 2.0183 2.0763 2.1372 2.2011 2.2682 2.3386 2.4126 2.4912 2.5754 2.6659 2.7614 2.8603 2.9617 3.0727 3.2044 3.3686 3.5721 3.8043 4.0508 4.2963 
550 0.97064 0.97016 0.96895 0.96854 0.96872 0.96896 0.96937 0.97003 0.97063 0.97094 0.9713 0.97209 0.9732 0.97437 0.97551 0.97667 0.97786 0.97908 0.98032 0.98158 0.98285 0.98413 0.9854 0.98666 0.98791 0.98912 0.99031 0.99146 0.99257 0.99363 0.99463 0.99558 0.99647 0.9973 0.99806 0.99873 0.99934 0.99992 1.0005 1.002 1.0053 1.01 1.016 1.023 1.0309 1.0397 1.0493 1.0597 1.0709 1.0828 1.0954 1.1089 1.1231 1.1382 1.1541 1.1709 1.1887 1.2073 1.227 1.2477 1.2697 1.2929 1.3173 1.3429 1.3698 1.3981 1.4278 1.459 1.4917 1.526 1.562 1.5995 1.6387 1.6797 1.7226 1.7676 1.8146 1.8637 1.9151 1.969 2.0253 2.0844 2.1461 2.2106 2.2783 2.3492 2.424 2.5036 2.5889 2.6804 2.7768 2.8765 2.9788 3.0909 3.2243 3.391 3.5976 3.8333 4.0834 4.3323 
550.5 0.97287 0.97236 0.97109 0.97057 0.97069 0.97093 0.97122 0.97165 0.97223 0.97294 0.97367 0.97437 0.97507 0.97583 0.97672 0.97778 0.97898 0.98019 0.98137 0.98254 0.98372 0.9849 0.98608 0.98725 0.98839 0.98952 0.99062 0.99168 0.99271 0.99369 0.99462 0.9955 0.99633 0.9971 0.99782 0.99848 0.9991 0.99967 1.0002 1.0006 1.003 1.0069 1.0121 1.0185 1.026 1.0344 1.0437 1.0539 1.0649 1.0766 1.0892 1.1027 1.1169 1.1321 1.1482 1.1652 1.1831 1.2021 1.2221 1.2432 1.2654 1.2888 1.3136 1.3397 1.3671 1.3959 1.4262 1.4579 1.4912 1.5261 1.5626 1.6009 1.6409 1.6827 1.7263 1.7719 1.8195 1.8694 1.9215 1.9762 2.0333 2.0931 2.1556 2.2211 2.2896 2.3614 2.4371 2.5176 2.6039 2.6965 2.794 2.8946 2.9979 3.1112 3.2462 3.4151 3.6244 3.8628 4.1157 4.3674 
551 0.9749 0.97431 0.97293 0.97233 0.9724 0.97261 0.97289 0.97332 0.97389 0.97454 0.97524 0.97597 0.97673 0.97757 0.97845 0.97925 0.98002 0.98098 0.98216 0.98338 0.9845 0.98559 0.98668 0.98777 0.98883 0.98987 0.99089 0.99188 0.99283 0.99374 0.9946 0.99543 0.9962 0.99692 0.99759 0.99822 0.9988 0.99934 0.99986 1.0004 1.0014 1.0043 1.0087 1.0145 1.0214 1.0295 1.0385 1.0484 1.0592 1.0708 1.0834 1.0968 1.1111 1.1264 1.1426 1.1597 1.178 1.1973 1.2177 1.2391 1.2616 1.2854 1.3106 1.3372 1.3651 1.3944 1.4252 1.4575 1.4914 1.5269 1.564 1.603 1.6437 1.6863 1.7306 1.7768 1.8251 1.8756 1.9285 1.9838 2.0417 2.1022 2.1655 2.2318 2.3011 2.3738 2.4503 2.5316 2.6188 2.7123 2.8107 2.9121 3.016 3.1303 3.2664 3.4369 3.6479 3.8881 4.1428 4.3961 
551.5 0.97651 0.97593 0.97455 0.97392 0.97395 0.97417 0.97445 0.97485 0.97536 0.97594 0.97657 0.97725 0.97799 0.97879 0.97964 0.98055 0.98147 0.98238 0.9833 0.9842 0.98507 0.98601 0.98709 0.98819 0.98921 0.99018 0.99112 0.99204 0.99293 0.99378 0.99459 0.99536 0.99609 0.99677 0.99742 0.99802 0.99858 0.9991 0.99956 0.99998 1.0003 1.0022 1.0058 1.0109 1.0173 1.0249 1.0336 1.0432 1.0539 1.0654 1.0779 1.0913 1.1057 1.1211 1.1374 1.1548 1.1733 1.1928 1.2135 1.2355 1.2586 1.283 1.3085 1.3353 1.3637 1.3936 1.425 1.4579 1.4923 1.5284 1.5662 1.6058 1.6472 1.6904 1.7354 1.7824 1.8314 1.8828 1.9364 1.9925 2.0511 2.1123 2.1765 2.2436 2.3139 2.3875 2.4648 2.547 2.6352 2.7297 2.8291 2.9317 3.0372 3.1534 3.2921 3.4653 3.6788 3.9212 4.1777 4.4327 
552 0.97818 0.97755 0.97609 0.97541 0.97539 0.97558 0.97585 0.97623 0.97671 0.97725 0.97784 0.97849 0.97919 0.97993 0.98072 0.98154 0.98239 0.98327 0.98415 0.98506 0.98598 0.9869 0.9878 0.98867 0.98949 0.99031 0.9912 0.99213 0.99301 0.99381 0.99457 0.99529 0.99598 0.99663 0.99724 0.99782 0.99836 0.99886 0.99934 0.99981 1.0003 1.0009 1.0036 1.0079 1.0137 1.0208 1.0291 1.0385 1.0489 1.0604 1.0728 1.0863 1.1007 1.1162 1.1328 1.1504 1.1691 1.189 1.21 1.2323 1.2558 1.2806 1.3068 1.3343 1.3632 1.3934 1.4253 1.4588 1.4939 1.5306 1.569 1.6092 1.6512 1.6951 1.741 1.7889 1.8387 1.8906 1.9447 2.0013 2.0605 2.1225 2.1875 2.2556 2.3267 2.401 2.4791 2.5619 2.6508 2.7461 2.8464 2.9499 3.0562 3.1735 3.3133 3.488 3.7032 3.9473 4.2056 4.4623 
552.5 0.97959 0.97892 0.97742 0.97672 0.97669 0.97687 0.97713 0.9775 0.97795 0.97846 0.97902 0.97962 0.98027 0.98097 0.98169 0.98245 0.98324 0.98405 0.98488 0.98573 0.98659 0.98744 0.98828 0.98914 0.99006 0.99092 0.9916 0.9922 0.99289 0.9937 0.9945 0.99522 0.99587 0.9965 0.99709 0.99765 0.99816 0.99864 0.99909 0.99951 0.99994 1.0004 1.0019 1.0054 1.0106 1.0172 1.0251 1.0342 1.0444 1.0558 1.0682 1.0817 1.0962 1.1118 1.1285 1.1464 1.1654 1.1856 1.207 1.2296 1.2536 1.2789 1.3056 1.3337 1.3631 1.3939 1.4263 1.4603 1.496 1.5333 1.5724 1.6132 1.6558 1.7003 1.7469 1.7954 1.846 1.8986 1.9534 2.0106 2.0705 2.1332 2.199 2.2679 2.3399 2.4149 2.4936 2.5771 2.6668 2.763 2.8641 2.9685 3.0756 3.1937 3.3346 3.5108 3.7277 3.9737 4.2338 4.4924 
553 0.9808 0.98008 0.97858 0.9779 0.97789 0.97807 0.97832 0.97866 0.97909 0.97957 0.98009 0.98066 0.98127 0.98191 0.98259 0.98329 0.98402 0.98478 0.98555 0.98633 0.98712 0.98792 0.98871 0.9895 0.99028 0.99104 0.99179 0.99252 0.99326 0.99397 0.99461 0.99516 0.9957 0.99627 0.99684 0.99742 0.99796 0.99846 0.99893 0.99937 0.99981 1.0003 1.0009 1.0036 1.0081 1.0141 1.0216 1.0304 1.0405 1.0517 1.064 1.0776 1.0922 1.108 1.1249 1.143 1.1623 1.1828 1.2045 1.2276 1.252 1.2777 1.3048 1.3334 1.3635 1.3951 1.4281 1.4625 1.4986 1.5365 1.5762 1.6177 1.6609 1.7061 1.7532 1.8024 1.8536 1.907 1.9625 2.0205 2.081 2.1445 2.211 2.2806 2.3534 2.4292 2.5087 2.5931 2.684 2.7814 2.8838 2.989 3.0967 3.2154 3.3571 3.5344 3.7529 4.0008 4.2631 4.5237 
553.5 0.98201 0.98125 0.97971 0.979 0.97898 0.97915 0.9794 0.97973 0.98013 0.98059 0.98108 0.98161 0.98217 0.98277 0.9834 0.98406 0.98474 0.98544 0.98615 0.98688 0.98761 0.98834 0.98908 0.98981 0.99054 0.99126 0.99196 0.99265 0.99332 0.99396 0.99459 0.9952 0.99577 0.99633 0.99686 0.99738 0.99786 0.99825 0.99861 0.99903 0.9995 0.99995 1.0004 1.0022 1.006 1.0115 1.0186 1.0271 1.0369 1.048 1.0604 1.0739 1.0887 1.1046 1.1217 1.14 1.1596 1.1805 1.2026 1.2261 1.2509 1.2771 1.3047 1.3338 1.3645 1.3966 1.4302 1.4652 1.502 1.5405 1.5808 1.6228 1.6667 1.7125 1.7603 1.8102 1.8621 1.9161 1.9724 2.0312 2.0925 2.1567 2.224 2.2944 2.3679 2.4445 2.5248 2.6102 2.702 2.8004 2.9037 3.0097 3.1183 3.2382 3.3814 3.5606 3.7814 4.0316 4.2961 4.5589 
554 0.98311 0.98228 0.9807 0.98001 0.98 0.98017 0.9804 0.98071 0.9811 0.98152 0.98198 0.98248 0.98301 0.98356 0.98415 0.98476 0.98539 0.98604 0.9867 0.98737 0.98805 0.98873 0.98942 0.9901 0.99078 0.99145 0.9921 0.99275 0.99338 0.99399 0.99458 0.99516 0.99572 0.99625 0.99677 0.99727 0.99775 0.99821 0.99864 0.99908 0.99951 0.99992 1.0003 1.0013 1.0044 1.0095 1.0161 1.0243 1.0339 1.0449 1.0572 1.0708 1.0856 1.1017 1.119 1.1376 1.1575 1.1787 1.2012 1.2251 1.2503 1.277 1.3051 1.3347 1.3658 1.3985 1.4328 1.4687 1.5061 1.5451 1.5858 1.6284 1.6729 1.7194 1.7678 1.8182 1.8709 1.9259 1.9831 2.0425 2.1043 2.1689 2.2367 2.3077 2.3819 2.4592 2.5403 2.6264 2.719 2.8182 2.9222 3.029 3.1382 3.2589 3.4032 3.5838 3.8064 4.0586 4.3252 4.59 
554.5 0.98397 0.98314 0.98158 0.98092 0.98091 0.98108 0.98131 0.98161 0.98197 0.98237 0.9828 0.98327 0.98376 0.98428 0.98482 0.98539 0.98598 0.98658 0.98719 0.98782 0.98845 0.98909 0.98972 0.99036 0.99099 0.99162 0.99223 0.99284 0.99343 0.99401 0.99458 0.99513 0.99566 0.99618 0.99668 0.99716 0.99763 0.99808 0.99852 0.99893 0.99934 0.99975 1.0002 1.0006 1.0032 1.0077 1.014 1.0219 1.0313 1.0423 1.0546 1.0682 1.0831 1.0994 1.1169 1.1358 1.1559 1.1775 1.2004 1.2247 1.2504 1.2775 1.3061 1.3362 1.3679 1.4011 1.4359 1.4724 1.5105 1.5501 1.5914 1.6346 1.6797 1.7268 1.7759 1.8269 1.8802 1.9358 1.9936 2.0537 2.1163 2.1816 2.2501 2.3219 2.3968 2.4749 2.5568 2.6439 2.7375 2.8376 2.9424 3.0501 3.1603 3.2821 3.4278 3.6102 3.8348 4.0892 4.3581 4.6251 
555 0.98491 0.98404 0.98245 0.98177 0.98174 0.98191 0.98214 0.98242 0.98277 0.98315 0.98356 0.98399 0.98445 0.98493 0.98544 0.98597 0.98651 0.98707 0.98764 0.98823 0.98881 0.98941 0.99 0.9906 0.99119 0.99178 0.99236 0.99293 0.99349 0.99404 0.99458 0.9951 0.99561 0.99611 0.99659 0.99706 0.99751 0.99794 0.99836 0.99876 0.99915 0.99955 0.99996 1.0004 1.0023 1.0064 1.0124 1.0201 1.0293 1.04 1.0523 1.0659 1.081 1.0975 1.1153 1.1344 1.1549 1.1768 1.2001 1.2248 1.2509 1.2785 1.3077 1.3383 1.3704 1.4042 1.4396 1.4766 1.5152 1.5555 1.5975 1.6413 1.6871 1.7347 1.7844 1.8361 1.89 1.9462 2.0047 2.0655 2.1287 2.1948 2.264 2.3365 2.4121 2.4909 2.5736 2.6615 2.7558 2.8565 2.962 3.0701 3.1808 3.3033 3.4498 3.6335 3.8596 4.1157 4.3863 4.655 
555.5 0.98566 0.98476 0.98318 0.98253 0.98252 0.98268 0.9829 0.98317 0.9835 0.98386 0.98424 0.98464 0.98507 0.98553 0.986 0.98649 0.987 0.98752 0.98805 0.9886 0.98915 0.9897 0.99026 0.99081 0.99137 0.99192 0.99247 0.99301 0.99354 0.99406 0.99457 0.99507 0.99556 0.99604 0.9965 0.99695 0.99739 0.99782 0.99824 0.99866 0.99907 0.99949 0.99992 1.0004 1.0018 1.0055 1.0111 1.0186 1.0277 1.0385 1.0508 1.0646 1.0797 1.0961 1.114 1.1335 1.1544 1.1766 1.2003 1.2254 1.252 1.2801 1.3097 1.3408 1.3735 1.4078 1.4437 1.4812 1.5205 1.5616 1.6043 1.6488 1.6949 1.743 1.7932 1.8455 1.9001 1.9569 2.0159 2.0773 2.1413 2.208 2.2778 2.3508 2.4271 2.5068 2.5905 2.6793 2.7743 2.8756 2.9815 3.09 3.2014 3.3249 3.4729 3.6582 3.8862 4.1442 4.4168 4.6874 
556 0.98645 0.98554 0.98396 0.98327 0.98323 0.98338 0.9836 0.98386 0.98417 0.9845 0.98486 0.98524 0.98565 0.98607 0.98651 0.98697 0.98744 0.98793 0.98842 0.98893 0.98945 0.98997 0.99049 0.99101 0.99153 0.99205 0.99257 0.99308 0.99359 0.99408 0.99457 0.99505 0.99552 0.99598 0.99643 0.99688 0.99731 0.99774 0.99816 0.99859 0.99901 0.99944 0.99987 1.0003 1.0014 1.0047 1.0102 1.0175 1.0265 1.0372 1.0495 1.0634 1.0787 1.0956 1.1138 1.1333 1.1543 1.1769 1.201 1.2266 1.2536 1.2822 1.3123 1.3439 1.3771 1.4119 1.4484 1.4865 1.5263 1.5679 1.6112 1.6562 1.703 1.7517 1.8025 1.8555 1.9105 1.9678 2.0274 2.0896 2.1544 2.222 2.2923 2.3657 2.4422 2.5223 2.6065 2.696 2.7918 2.8938 3.0004 3.1097 3.2217 3.3459 3.4947 3.6811 3.9105 4.1702 4.4444 4.7166 
556.5 0.9871 0.98615 0.98458 0.98392 0.98388 0.98403 0.98424 0.98449 0.98478 0.98509 0.98543 0.98579 0.98616 0.98656 0.98697 0.9874 0.98784 0.9883 0.98876 0.98924 0.98972 0.99021 0.9907 0.99119 0.99168 0.99217 0.99266 0.99315 0.99363 0.9941 0.99457 0.99503 0.99549 0.99594 0.99638 0.99682 0.99725 0.99768 0.9981 0.99853 0.99896 0.99939 0.99983 1.0003 1.001 1.0042 1.0094 1.0166 1.0256 1.0364 1.0487 1.0627 1.0782 1.0952 1.1137 1.1338 1.1552 1.178 1.2023 1.2282 1.2557 1.2848 1.3153 1.3474 1.3812 1.4165 1.4534 1.4921 1.5324 1.5746 1.6184 1.664 1.7114 1.7607 1.8121 1.8656 1.9212 1.9791 2.0393 2.1021 2.1675 2.2356 2.3066 2.3807 2.4579 2.5386 2.6235 2.7137 2.8103 2.9132 3.0207 3.1309 3.2437 3.3688 3.5187 3.7066 3.9377 4.1993 4.4755 4.7496 
557 0.98766 0.9867 0.98513 0.9845 0.98447 0.98462 0.98482 0.98506 0.98533 0.98563 0.98595 0.98628 0.98663 0.987 0.98739 0.98779 0.98821 0.98863 0.98907 0.98951 0.98997 0.99042 0.99089 0.99135 0.99181 0.99228 0.99275 0.99321 0.99367 0.99412 0.99457 0.99502 0.99547 0.9959 0.99634 0.99677 0.9972 0.99763 0.99805 0.99848 0.99891 0.99934 0.99977 1.0002 1.0008 1.0038 1.009 1.0161 1.0251 1.0359 1.0483 1.0624 1.0781 1.0954 1.1141 1.1344 1.1562 1.1796 1.2044 1.2306 1.2584 1.2878 1.3189 1.3515 1.3857 1.4215 1.459 1.4982 1.5391 1.5817 1.6262 1.6725 1.7207 1.7708 1.8227 1.8766 1.9327 1.9911 2.052 2.1154 2.1815 2.2503 2.322 2.3968 2.4748 2.5561 2.6417 2.7325 2.8298 2.9334 3.0416 3.1523 3.2656 3.3911 3.5417 3.7308 3.9634 4.2265 4.5045 4.7803 
557.5 0.98826 0.98729 0.98571 0.98506 0.98501 0.98515 0.98535 0.98558 0.98583 0.98611 0.98641 0.98673 0.98706 0.98741 0.98777 0.98815 0.98854 0.98894 0.98935 0.98977 0.99019 0.99062 0.99106 0.9915 0.99194 0.99238 0.99283 0.99327 0.99371 0.99415 0.99458 0.99502 0.99545 0.99588 0.99631 0.99673 0.99716 0.99758 0.99801 0.99843 0.99886 0.99928 0.9997 1.0002 1.0006 1.0035 1.0087 1.0158 1.0248 1.0357 1.0483 1.0625 1.0784 1.0959 1.115 1.1356 1.1578 1.1815 1.2068 1.2335 1.2617 1.2915 1.323 1.3561 1.3908 1.4272 1.4652 1.5049 1.5463 1.5895 1.6345 1.6814 1.7301 1.7808 1.8333 1.8878 1.9445 2.0036 2.0651 2.1291 2.1957 2.2651 2.3374 2.4128 2.4915 2.5735 2.6596 2.751 2.849 2.9534 3.0624 3.174 3.2883 3.415 3.567 3.7577 3.9921 4.2572 4.5369 4.8145 
558 0.98879 0.98779 0.9862 0.98555 0.98551 0.98564 0.98583 0.98605 0.98629 0.98655 0.98684 0.98714 0.98745 0.98778 0.98812 0.98847 0.98884 0.98921 0.9896 0.98999 0.99039 0.9908 0.99122 0.99163 0.99205 0.99248 0.9929 0.99333 0.99375 0.99417 0.9946 0.99502 0.99544 0.99586 0.99628 0.9967 0.99712 0.99754 0.99796 0.99838 0.9988 0.99921 0.99963 1.0001 1.0005 1.0034 1.0085 1.0157 1.0249 1.0358 1.0486 1.063 1.0792 1.0969 1.1163 1.1372 1.1597 1.1838 1.2095 1.2368 1.2656 1.2959 1.3277 1.3612 1.3964 1.4333 1.4718 1.512 1.554 1.5977 1.6433 1.6907 1.74 1.7912 1.8443 1.8995 1.9568 2.0165 2.0786 2.1431 2.2103 2.2802 2.3532 2.4293 2.5086 2.5912 2.6779 2.77 2.8687 2.9738 3.0836 3.1961 3.3114 3.4393 3.5926 3.7848 4.0208 4.2875 4.5688 4.8479 
558.5 0.98928 0.98823 0.98663 0.986 0.98597 0.98608 0.98626 0.98648 0.98671 0.98696 0.98722 0.9875 0.9878 0.98811 0.98843 0.98876 0.98911 0.98946 0.98983 0.9902 0.99058 0.99097 0.99136 0.99176 0.99216 0.99256 0.99297 0.99338 0.99379 0.9942 0.99461 0.99502 0.99543 0.99585 0.99626 0.99667 0.99708 0.99749 0.9979 0.99832 0.99873 0.99914 0.99956 1 1.0004 1.0034 1.0086 1.0159 1.0251 1.0363 1.0492 1.0639 1.0803 1.0983 1.118 1.1393 1.1622 1.1867 1.2128 1.2404 1.2697 1.3005 1.3329 1.3669 1.4026 1.4398 1.4789 1.5196 1.5621 1.6064 1.6525 1.7004 1.7502 1.8021 1.856 1.912 1.97 2.03 2.0924 2.1574 2.2251 2.2957 2.3695 2.4464 2.5265 2.6098 2.6972 2.7899 2.8893 2.9953 3.106 3.2193 3.3353 3.4639 3.618 3.8113 4.0486 4.3169 4.5999 4.8807 
559 0.98815 0.987 0.98598 0.98664 0.98736 0.9873 0.98712 0.98722 0.98741 0.98753 0.98769 0.988 0.98833 0.98847 0.98853 0.98879 0.98925 0.98969 0.99004 0.99038 0.99074 0.99112 0.99149 0.99187 0.99226 0.99264 0.99304 0.99343 0.99383 0.99422 0.99462 0.99502 0.99543 0.99583 0.99623 0.99664 0.99704 0.99745 0.99786 0.99827 0.9987 0.99912 0.99956 1 1.0005 1.0035 1.0088 1.0163 1.0257 1.037 1.0502 1.0651 1.0818 1.1001 1.1201 1.1418 1.165 1.1899 1.2164 1.2445 1.2742 1.3056 1.3386 1.3732 1.4092 1.4469 1.4864 1.5277 1.5708 1.6156 1.6622 1.7107 1.7611 1.8135 1.868 1.9246 1.9832 2.0439 2.1069 2.1725 2.2409 2.3122 2.3867 2.4644 2.5452 2.6291 2.7169 2.8101 2.9102 3.017 3.1286 3.2425 3.3588 3.4875 3.6421 3.8364 4.0755 4.346 4.6315 4.9147 
559.5 0.98912 0.988 0.9869 0.98733 0.98788 0.98778 0.98757 0.9876 0.98777 0.98795 0.98814 0.98836 0.9886 0.98885 0.98911 0.98937 0.98965 0.98993 0.99024 0.99054 0.99082 0.99114 0.99153 0.99193 0.99233 0.99271 0.9931 0.99348 0.99386 0.99425 0.99464 0.99503 0.99542 0.99582 0.99621 0.99662 0.99702 0.99743 0.99785 0.99828 0.99871 0.99916 0.99964 1.0002 1.0007 1.0039 1.0093 1.0169 1.0265 1.038 1.0514 1.0666 1.0836 1.1023 1.1226 1.1446 1.1683 1.1936 1.2205 1.2491 1.2793 1.3111 1.3446 1.3796 1.4163 1.4546 1.4946 1.5364 1.5799 1.6253 1.6724 1.7214 1.7724 1.8253 1.8804 1.9375 1.9967 2.058 2.1217 2.1879 2.2568 2.3287 2.4037 2.482 2.5634 2.6479 2.7364 2.8303 2.9313 3.0392 3.1517 3.2664 3.3833 3.5126 3.6679 3.8635 4.1046 4.3776 4.6657 4.9514 
560 0.98977 0.98865 0.98749 0.98778 0.98821 0.9881 0.98791 0.98794 0.98809 0.98825 0.98843 0.98862 0.98884 0.98908 0.98933 0.9896 0.98988 0.99018 0.99049 0.99081 0.99113 0.99146 0.99179 0.99211 0.99243 0.99274 0.99306 0.9934 0.9938 0.99424 0.99465 0.99504 0.99542 0.99581 0.99621 0.99662 0.99703 0.99745 0.99788 0.99832 0.99878 0.99925 0.99974 1.0003 1.001 1.0043 1.0099 1.0177 1.0275 1.0393 1.053 1.0685 1.0858 1.1048 1.1255 1.1479 1.172 1.1977 1.225 1.2541 1.2847 1.317 1.3509 1.3865 1.4239 1.4628 1.5033 1.5455 1.5895 1.6353 1.6831 1.7326 1.7841 1.8376 1.8932 1.9509 2.0107 2.0727 2.137 2.2038 2.2734 2.3459 2.4216 2.5005 2.5825 2.6677 2.7569 2.8516 2.9534 3.062 3.1752 3.2907 3.4083 3.5385 3.6949 3.892 4.135 4.4103 4.7009 4.989 
560.5 0.99134 0.99006 0.98852 0.98833 0.98845 0.98828 0.98815 0.98821 0.98836 0.98851 0.98868 0.98887 0.98908 0.98931 0.98955 0.9898 0.99007 0.99035 0.99064 0.99095 0.99125 0.99157 0.99189 0.99222 0.99256 0.99289 0.99322 0.99358 0.994 0.99443 0.99473 0.99495 0.99525 0.99571 0.99619 0.99663 0.99705 0.99748 0.99792 0.99838 0.99884 0.99932 0.99981 1.0004 1.0013 1.0049 1.0107 1.0187 1.0288 1.0409 1.0549 1.0707 1.0883 1.1077 1.1288 1.1516 1.1761 1.2022 1.23 1.2595 1.2906 1.3233 1.3578 1.3939 1.4317 1.4712 1.5122 1.5549 1.5994 1.6458 1.6941 1.7442 1.7962 1.8502 1.9062 1.9644 2.0247 2.0871 2.1519 2.2192 2.2892 2.3622 2.4383 2.5176 2.6 2.6856 2.7753 2.8705 2.9727 3.0817 3.1954 3.3112 3.4293 3.5599 3.717 3.915 4.1592 4.4359 4.7281 5.0179 
561 0.99379 0.99287 0.99092 0.98925 0.98836 0.98824 0.98838 0.98848 0.98858 0.98872 0.9889 0.98909 0.98929 0.98951 0.98974 0.98998 0.99023 0.9905 0.99078 0.99107 0.99136 0.99166 0.99198 0.9923 0.99262 0.99296 0.9933 0.99366 0.99402 0.99438 0.99475 0.99513 0.99553 0.99596 0.99634 0.99667 0.99701 0.99741 0.99786 0.99835 0.99886 0.99936 0.99986 1.0004 1.0017 1.0055 1.0116 1.02 1.0303 1.0427 1.0571 1.0732 1.0912 1.111 1.1325 1.1557 1.1806 1.2071 1.2354 1.2653 1.2968 1.33 1.3649 1.4014 1.4396 1.4796 1.5213 1.5647 1.6098 1.6564 1.7048 1.7553 1.8078 1.8622 1.9187 1.9773 2.0381 2.1013 2.1668 2.2345 2.3048 2.3779 2.4543 2.5341 2.6171 2.7032 2.7934 2.889 2.9915 3.1009 3.2149 3.331 3.4492 3.5799 3.7371 3.9354 4.1804 4.4582 4.7518 5.0429 
561.5 0.99383 0.99284 0.9909 0.98936 0.98858 0.98847 0.98859 0.98869 0.98878 0.98892 0.9891 0.98928 0.98948 0.98968 0.9899 0.99014 0.99038 0.99063 0.9909 0.99118 0.99147 0.99176 0.99206 0.99237 0.9927 0.99303 0.99336 0.99371 0.99406 0.99442 0.99479 0.99517 0.99555 0.99595 0.99635 0.99676 0.99717 0.9976 0.99804 0.99851 0.99898 0.99942 0.99989 1.0005 1.0021 1.0063 1.0127 1.0214 1.0321 1.0448 1.0595 1.0761 1.0944 1.1146 1.1365 1.1601 1.1854 1.2124 1.241 1.2714 1.3033 1.337 1.3723 1.4093 1.448 1.4884 1.5305 1.5744 1.6198 1.667 1.7159 1.7668 1.8197 1.8746 1.9314 1.9905 2.0517 2.1153 2.1812 2.2494 2.3201 2.3937 2.4705 2.5506 2.634 2.7205 2.8111 2.9071 3.0101 3.1199 3.2343 3.3509 3.4696 3.6008 3.7587 3.9578 4.204 4.4833 4.7784 5.071 
562 0.99369 0.99272 0.99083 0.98941 0.98871 0.98864 0.98877 0.98887 0.98896 0.9891 0.98928 0.98946 0.98964 0.98984 0.99005 0.99028 0.99051 0.99076 0.99102 0.99129 0.99157 0.99185 0.99215 0.99245 0.99277 0.99309 0.99342 0.99376 0.99411 0.99446 0.99483 0.9952 0.99559 0.99598 0.99638 0.9968 0.99722 0.99765 0.99809 0.99854 0.99899 0.99945 0.99995 1.0005 1.0026 1.0071 1.0139 1.0228 1.0339 1.0471 1.0622 1.0791 1.0979 1.1184 1.1407 1.1648 1.1905 1.2179 1.247 1.2777 1.3101 1.3442 1.3799 1.4174 1.4564 1.4972 1.5398 1.5841 1.63 1.6775 1.7269 1.7782 1.8315 1.8868 1.9441 2.0035 2.0651 2.1291 2.1954 2.264 2.3352 2.4092 2.4865 2.567 2.6508 2.7379 2.829 2.9256 3.0291 3.1394 3.2543 3.3717 3.4913 3.6234 3.7819 3.9813 4.2274 4.5063 4.801 5.0933 
562.5 0.99371 0.99278 0.99094 0.98952 0.98882 0.98877 0.98892 0.98903 0.98912 0.98926 0.98943 0.98961 0.98979 0.98999 0.99019 0.99041 0.99064 0.99088 0.99113 0.99139 0.99166 0.99194 0.99223 0.99252 0.99283 0.99315 0.99348 0.99381 0.99416 0.99451 0.99487 0.99524 0.99562 0.99602 0.99642 0.99682 0.99724 0.99767 0.9981 0.99855 0.999 0.99948 0.99998 1.0005 1.003 1.008 1.0153 1.0248 1.0362 1.0497 1.0651 1.0824 1.1015 1.1225 1.1452 1.1697 1.1958 1.2236 1.2531 1.2843 1.3171 1.3516 1.3878 1.4256 1.4651 1.5063 1.5492 1.5939 1.6402 1.6883 1.7381 1.7899 1.8435 1.8992 1.9569 2.0168 2.0789 2.1433 2.21 2.2791 2.3508 2.4254 2.5031 2.5841 2.6685 2.7564 2.8485 2.946 3.0502 3.161 3.2763 3.3939 3.514 3.6466 3.8057 4.0057 4.2523 4.5319 4.8273 5.1204 
563 0.9936 0.99264 0.99083 0.98954 0.98894 0.98891 0.98906 0.98917 0.98927 0.98941 0.98958 0.98975 0.98993 0.99012 0.99032 0.99053 0.99075 0.99098 0.99123 0.99148 0.99175 0.99202 0.9923 0.9926 0.9929 0.99321 0.99354 0.99387 0.99421 0.99455 0.99491 0.99528 0.99566 0.99605 0.99645 0.99685 0.99727 0.99769 0.99812 0.99857 0.99902 0.9995 1 1.0005 1.0036 1.009 1.0168 1.0266 1.0386 1.0525 1.0684 1.0861 1.1056 1.1268 1.1499 1.1747 1.2013 1.2296 1.2595 1.2911 1.3243 1.3592 1.3958 1.434 1.4739 1.5156 1.5589 1.604 1.6509 1.6996 1.75 1.8022 1.8562 1.9121 1.9703 2.0306 2.0932 2.158 2.2253 2.2949 2.3672 2.4423 2.5206 2.6022 2.6871 2.7754 2.868 2.9659 3.0705 3.1816 3.2973 3.4154 3.536 3.6693 3.8292 4.0301 4.278 4.5589 4.8557 5.1502 
563.5 0.99357 0.99261 0.99083 0.9896 0.98904 0.98903 0.98919 0.9893 0.9894 0.98954 0.98971 0.98988 0.99005 0.99024 0.99044 0.99064 0.99086 0.99109 0.99132 0.99157 0.99183 0.9921 0.99238 0.99267 0.99297 0.99328 0.99359 0.99392 0.99425 0.9946 0.99496 0.99532 0.9957 0.99608 0.99648 0.99689 0.9973 0.99774 0.99818 0.99865 0.99914 0.99969 1.0003 1.001 1.0044 1.0103 1.0184 1.0287 1.041 1.0554 1.0717 1.0898 1.1098 1.1316 1.155 1.1801 1.207 1.2357 1.2661 1.2981 1.3318 1.3671 1.4041 1.4428 1.4831 1.5252 1.569 1.6145 1.6619 1.711 1.762 1.8146 1.8691 1.9256 1.9842 2.045 2.1081 2.1735 2.2412 2.3114 2.3843 2.4601 2.5389 2.621 2.7063 2.7952 2.8883 2.9869 3.0923 3.2042 3.3208 3.4399 3.5613 3.6955 3.8563 4.0585 4.3081 4.5911 4.8901 5.1868 
564 0.99364 0.99269 0.99093 0.9897 0.98914 0.98914 0.98931 0.98943 0.98953 0.98967 0.98983 0.99 0.99017 0.99035 0.99055 0.99075 0.99096 0.99118 0.99142 0.99166 0.99192 0.99218 0.99245 0.99274 0.99303 0.99334 0.99365 0.99397 0.99431 0.99465 0.995 0.99537 0.99575 0.99614 0.99654 0.99696 0.99739 0.99784 0.99831 0.99879 0.9993 0.99984 1.0004 1.0017 1.0055 1.0117 1.0202 1.0309 1.0437 1.0585 1.0752 1.0938 1.1142 1.1365 1.1603 1.1858 1.2131 1.2422 1.273 1.3054 1.3395 1.3753 1.4127 1.4519 1.4927 1.5352 1.5794 1.6254 1.6732 1.7228 1.7742 1.8274 1.8824 1.9394 1.9985 2.0598 2.1233 2.1891 2.2573 2.3282 2.4018 2.4781 2.5574 2.6398 2.7254 2.8146 2.9083 3.0074 3.1134 3.226 3.3433 3.463 3.5851 3.7199 3.8814 4.0846 4.3354 4.62 4.9208 5.2192 
564.5 0.99358 0.99263 0.9909 0.98975 0.98925 0.98926 0.98943 0.98955 0.98965 0.98978 0.98995 0.99012 0.99028 0.99046 0.99065 0.99085 0.99106 0.99128 0.9915 0.99174 0.992 0.99226 0.99253 0.9928 0.9931 0.9934 0.99371 0.99403 0.99436 0.99471 0.99507 0.99543 0.99581 0.99621 0.99662 0.99704 0.99748 0.99793 0.9984 0.99888 0.99938 0.99992 1.0005 1.0023 1.0066 1.0133 1.0223 1.0334 1.0466 1.0618 1.0789 1.0979 1.1187 1.1414 1.1658 1.192 1.2197 1.2491 1.2801 1.3129 1.3475 1.3837 1.4216 1.4612 1.5024 1.5454 1.5901 1.6365 1.6848 1.7348 1.7867 1.8403 1.8958 1.9533 2.0129 2.0747 2.1386 2.2049 2.2736 2.345 2.4191 2.496 2.576 2.659 2.7454 2.8353 2.9296 3.0294 3.1361 3.2495 3.3677 3.4883 3.6112 3.7466 3.9085 4.1118 4.3629 4.6479 4.9492 5.2483 
565 0.99375 0.99281 0.99108 0.98987 0.98934 0.98935 0.98954 0.98966 0.98976 0.98989 0.99006 0.99022 0.99039 0.99056 0.99075 0.99095 0.99115 0.99136 0.99159 0.99183 0.99207 0.99233 0.9926 0.99287 0.99316 0.99346 0.99377 0.9941 0.99443 0.99478 0.99514 0.99551 0.99589 0.99629 0.9967 0.99712 0.99756 0.99801 0.99847 0.99895 0.99944 0.99997 1.0005 1.0029 1.0077 1.0149 1.0244 1.036 1.0496 1.0653 1.0829 1.1023 1.1236 1.1466 1.1715 1.198 1.2263 1.2561 1.2876 1.3209 1.3558 1.3925 1.4308 1.4709 1.5126 1.556 1.6011 1.648 1.6966 1.7471 1.7994 1.8537 1.91 1.9681 2.028 2.09 2.1542 2.221 2.2903 2.3621 2.4367 2.5141 2.5946 2.6781 2.765 2.8553 2.95 3.0501 3.1571 3.2707 3.3892 3.5102 3.6337 3.7699 3.933 4.1378 4.3907 4.6776 4.9808 5.2817 
565.5 0.99372 0.99278 0.99106 0.98993 0.98944 0.98947 0.98965 0.98977 0.98987 0.99 0.99016 0.99033 0.99049 0.99066 0.99084 0.99104 0.99124 0.99145 0.99167 0.99191 0.99215 0.99241 0.99267 0.99295 0.99324 0.99354 0.99385 0.99417 0.9945 0.99485 0.99521 0.99558 0.99596 0.99636 0.99677 0.99719 0.99762 0.99807 0.99853 0.999 0.99948 1 1.0005 1.0035 1.0089 1.0167 1.0266 1.0387 1.0528 1.0689 1.087 1.1069 1.1286 1.1521 1.1773 1.2043 1.2331 1.2635 1.2956 1.3292 1.3644 1.4015 1.4402 1.4807 1.5229 1.5667 1.6123 1.6596 1.7087 1.7596 1.8124 1.8672 1.9239 1.9824 2.0428 2.1053 2.1701 2.2373 2.3071 2.3794 2.4545 2.5324 2.6134 2.6975 2.7849 2.8759 2.9712 3.072 3.1797 3.2942 3.4136 3.5357 3.6604 3.7978 3.9623 4.1686 4.4232 4.712 5.0171 5.3199 
566 0.99358 0.99261 0.99094 0.98994 0.98956 0.98959 0.98975 0.98987 0.98997 0.99011 0.99026 0.99042 0.99059 0.99076 0.99094 0.99113 0.99133 0.99154 0.99176 0.99199 0.99223 0.99249 0.99275 0.99302 0.99331 0.99361 0.99392 0.99424 0.99458 0.99492 0.99528 0.99565 0.99603 0.99643 0.99684 0.99726 0.99769 0.99814 0.99862 0.99911 0.99965 1.0003 1.001 1.0044 1.0103 1.0185 1.029 1.0416 1.0562 1.0728 1.0913 1.1116 1.1338 1.1578 1.1835 1.2109 1.2401 1.271 1.3035 1.3376 1.3733 1.4107 1.45 1.4909 1.5335 1.5778 1.6238 1.6715 1.7211 1.7724 1.8257 1.8809 1.9381 1.9971 2.058 2.121 2.1863 2.254 2.3242 2.3971 2.4727 2.5511 2.6327 2.7174 2.8055 2.8971 2.993 3.0945 3.2029 3.3182 3.4385 3.5615 3.6869 3.8252 3.9906 4.1982 4.4547 4.7458 5.0535 5.3588 
566.5 0.9936 0.99265 0.99101 0.99003 0.98965 0.98969 0.98986 0.98997 0.99007 0.99021 0.99036 0.99052 0.99068 0.99085 0.99103 0.99122 0.99142 0.99162 0.99184 0.99207 0.99231 0.99257 0.99283 0.9931 0.99339 0.99369 0.994 0.99432 0.99465 0.995 0.99536 0.99573 0.99611 0.99652 0.99693 0.99737 0.99782 0.9983 0.99879 0.9993 0.99985 1.0004 1.0017 1.0057 1.012 1.0207 1.0317 1.0447 1.0598 1.0768 1.0958 1.1166 1.1392 1.1636 1.1898 1.2176 1.2472 1.2785 1.3116 1.3463 1.3826 1.4205 1.4599 1.5011 1.5441 1.5889 1.6354 1.6837 1.7337 1.7855 1.8392 1.8949 1.9525 2.012 2.0734 2.1369 2.2027 2.2709 2.3417 2.415 2.4912 2.5702 2.6523 2.7377 2.8265 2.9188 3.0154 3.1175 3.2267 3.3428 3.4638 3.5874 3.7134 3.8521 4.018 4.2264 4.4841 4.7767 5.0861 5.3932 
567 0.99357 0.99261 0.99099 0.99009 0.98977 0.98981 0.98996 0.99007 0.99017 0.99031 0.99046 0.99062 0.99077 0.99094 0.99112 0.99131 0.9915 0.99171 0.99193 0.99216 0.9924 0.99265 0.99291 0.99318 0.99347 0.99377 0.99408 0.9944 0.99473 0.99508 0.99545 0.99582 0.99622 0.99662 0.99705 0.99749 0.99794 0.99841 0.9989 0.9994 0.99993 1.0005 1.0024 1.0069 1.0139 1.0231 1.0345 1.048 1.0636 1.0811 1.1005 1.1217 1.1448 1.1697 1.1963 1.2246 1.2547 1.2864 1.3199 1.3551 1.3919 1.4302 1.4701 1.5117 1.5552 1.6004 1.6473 1.696 1.7464 1.7987 1.8529 1.909 1.967 2.027 2.0889 2.1529 2.2192 2.288 2.3592 2.4331 2.5097 2.5893 2.672 2.7579 2.8472 2.94 3.037 3.1397 3.2493 3.3659 3.4875 3.6117 3.7383 3.8776 4.0442 4.2535 4.5124 4.8066 5.1178 5.4265 
567.5 0.99359 0.99263 0.99103 0.99017 0.98987 0.98992 0.99006 0.99017 0.99027 0.9904 0.99056 0.99071 0.99087 0.99103 0.99121 0.99139 0.99159 0.9918 0.99201 0.99224 0.99248 0.99273 0.99299 0.99326 0.99355 0.99385 0.99416 0.99449 0.99482 0.99518 0.99554 0.99592 0.99632 0.99672 0.99715 0.99758 0.99803 0.99849 0.99897 0.99946 0.99998 1.0005 1.0031 1.0082 1.0157 1.0255 1.0375 1.0515 1.0675 1.0855 1.1054 1.1271 1.1506 1.1759 1.203 1.2318 1.2623 1.2945 1.3284 1.364 1.4013 1.44 1.4804 1.5225 1.5664 1.6121 1.6595 1.7086 1.7595 1.8123 1.8669 1.9235 1.982 2.0425 2.105 2.1695 2.2364 2.3057 2.3775 2.4519 2.5291 2.6092 2.6925 2.7791 2.869 2.9625 3.0602 3.1636 3.2741 3.3916 3.5143 3.6396 3.7672 3.9075 4.0753 4.286 4.5467 4.843 5.1565 5.4676 
568 0.99361 0.99267 0.99109 0.99025 0.98997 0.99002 0.99016 0.99027 0.99037 0.9905 0.99065 0.9908 0.99096 0.99112 0.9913 0.99148 0.99168 0.99188 0.9921 0.99233 0.99257 0.99282 0.99308 0.99335 0.99364 0.99394 0.99425 0.99458 0.99492 0.99527 0.99564 0.99602 0.99641 0.99681 0.99723 0.99766 0.99811 0.99856 0.99904 0.99954 1.0001 1.0006 1.0039 1.0096 1.0177 1.0281 1.0405 1.0551 1.0716 1.0901 1.1105 1.1327 1.1567 1.1824 1.2099 1.2392 1.2701 1.3028 1.3371 1.3731 1.4108 1.4502 1.4913 1.534 1.5781 1.624 1.6718 1.7214 1.7729 1.8261 1.8812 1.9382 1.9972 2.0584 2.1216 2.1871 2.2545 2.3242 2.3962 2.471 2.5487 2.6296 2.7139 2.8016 2.8926 2.9867 3.085 3.1889 3.3003 3.4193 3.5435 3.6703 3.7989 3.9402 4.1089 4.321 4.5837 4.8824 5.1984 5.512 
568.5 0.99365 0.99272 0.99116 0.99034 0.99008 0.99014 0.99027 0.99033 0.99039 0.99059 0.99083 0.99095 0.99102 0.99118 0.99139 0.99158 0.99177 0.99197 0.99219 0.99242 0.99266 0.99291 0.99317 0.99344 0.99373 0.99403 0.99435 0.99467 0.99501 0.99536 0.99573 0.99611 0.9965 0.99691 0.99733 0.99778 0.99824 0.99873 0.99924 0.9998 1.0004 1.0014 1.0051 1.0114 1.02 1.0308 1.0438 1.0588 1.0759 1.0948 1.1157 1.1384 1.1628 1.1891 1.2171 1.2468 1.2782 1.3113 1.3461 1.3826 1.4207 1.4607 1.5022 1.5454 1.5901 1.6365 1.6848 1.7349 1.7869 1.8406 1.8962 1.9538 2.0133 2.075 2.1388 2.2048 2.2729 2.3431 2.4158 2.4912 2.5695 2.6511 2.736 2.8244 2.9161 3.011 3.11 3.2148 3.327 3.4468 3.5718 3.6991 3.8282 3.9695 4.1384 4.3507 4.614 4.9137 5.2309 5.5458 
569 0.99232 0.99139 0.98962 0.98855 0.9888 0.99019 0.99126 0.99126 0.99093 0.99092 0.99109 0.99124 0.99135 0.99146 0.99161 0.9918 0.99199 0.99216 0.99232 0.99248 0.99266 0.99289 0.99317 0.99347 0.9938 0.99412 0.99444 0.99477 0.99511 0.99547 0.99584 0.99622 0.99662 0.99704 0.99747 0.99792 0.99839 0.99887 0.99938 0.99991 1.0005 1.0021 1.0065 1.0133 1.0224 1.0338 1.0473 1.0628 1.0804 1.0998 1.1211 1.1443 1.1692 1.196 1.2244 1.2546 1.2865 1.3201 1.3554 1.3923 1.431 1.4714 1.5134 1.5571 1.6023 1.6492 1.698 1.7487 1.8011 1.8554 1.9116 1.9697 2.0298 2.092 2.1564 2.2229 2.2916 2.3626 2.436 2.5122 2.5912 2.6734 2.7591 2.8482 2.9406 3.0363 3.1361 3.2416 3.3546 3.4752 3.6011 3.7295 3.8598 4.0027 4.1734 4.3879 4.654 4.9566 5.2769 5.5947 
569.5 0.99161 0.99027 0.98899 0.98959 0.99059 0.99106 0.99124 0.99127 0.99121 0.99118 0.99124 0.99134 0.99145 0.99159 0.99174 0.99191 0.9921 0.9923 0.99251 0.99274 0.99298 0.99322 0.99345 0.99368 0.99392 0.99417 0.99441 0.9947 0.9951 0.99554 0.99595 0.99634 0.99674 0.99716 0.99759 0.99804 0.9985 0.99897 0.99945 0.99997 1.0005 1.0029 1.0079 1.0153 1.025 1.0369 1.051 1.067 1.0851 1.105 1.1268 1.1505 1.1759 1.2031 1.232 1.2627 1.2951 1.3292 1.3649 1.4024 1.4415 1.4824 1.5249 1.5692 1.6151 1.6627 1.712 1.763 1.8159 1.8708 1.9276 1.9863 2.047 2.1098 2.1748 2.242 2.3114 2.383 2.4571 2.5339 2.6136 2.6965 2.7828 2.8726 2.9657 3.0622 3.163 3.2695 3.3835 3.5051 3.6321 3.7617 3.8933 4.0375 4.2098 4.4262 4.6944 4.9996 5.3225 5.643 
570 0.9919 0.99076 0.99018 0.99163 0.99258 0.99204 0.99131 0.99116 0.99125 0.99131 0.99136 0.99145 0.99157 0.9917 0.99185 0.99202 0.9922 0.99239 0.9926 0.99282 0.99305 0.9933 0.99355 0.99383 0.99412 0.99443 0.99473 0.99503 0.99538 0.99574 0.99602 0.99628 0.99666 0.99715 0.99765 0.99811 0.99856 0.99903 0.99951 1 1.0005 1.0037 1.0093 1.0174 1.0277 1.0402 1.0548 1.0714 1.0899 1.1104 1.1327 1.1569 1.1828 1.2105 1.24 1.2711 1.304 1.3386 1.3749 1.4128 1.4525 1.4939 1.5369 1.5818 1.6284 1.6766 1.7264 1.7779 1.8313 1.8867 1.9441 2.0034 2.0647 2.128 2.1936 2.2614 2.3314 2.4037 2.4785 2.556 2.6364 2.72 2.8071 2.8976 2.9916 3.0889 3.1906 3.2981 3.4131 3.5358 3.6639 3.7947 3.9275 4.0731 4.2469 4.465 4.7353 5.0427 5.3681 5.691 
570.5 0.99317 0.99206 0.99135 0.99244 0.99308 0.99238 0.99157 0.99134 0.99137 0.99141 0.99146 0.99155 0.99167 0.9918 0.99195 0.99212 0.99229 0.99249 0.99269 0.99291 0.99315 0.99339 0.99365 0.99393 0.99421 0.99451 0.99483 0.99516 0.9955 0.99586 0.99622 0.9966 0.997 0.99742 0.99782 0.99821 0.99863 0.9991 0.99967 1.0004 1.0012 1.0049 1.0111 1.0197 1.0306 1.0436 1.0588 1.0759 1.095 1.116 1.1389 1.1635 1.19 1.2182 1.2482 1.2799 1.3133 1.3484 1.3852 1.4237 1.4639 1.5058 1.5494 1.5948 1.6419 1.6907 1.7411 1.7932 1.8472 1.9032 1.9612 2.0211 2.083 2.147 2.2132 2.2817 2.3524 2.4254 2.501 2.5793 2.6605 2.7449 2.8328 2.9242 3.0191 3.1174 3.2201 3.3286 3.4446 3.5683 3.6974 3.8291 3.9627 4.109 4.2835 4.5025 4.7739 5.0828 5.4099 5.7345 
571 0.99369 0.99261 0.99178 0.99258 0.99304 0.99241 0.99169 0.99148 0.99149 0.99153 0.99157 0.99166 0.99177 0.99191 0.99205 0.99221 0.99239 0.99258 0.99279 0.99301 0.99324 0.99349 0.99375 0.99403 0.99431 0.99461 0.99493 0.99526 0.99561 0.99597 0.99634 0.99674 0.99715 0.99757 0.99802 0.99848 0.99894 0.99941 0.99991 1.0004 1.002 1.0063 1.0129 1.0221 1.0336 1.0473 1.063 1.0807 1.1003 1.1219 1.1452 1.1704 1.1974 1.2262 1.2567 1.2889 1.3228 1.3585 1.3958 1.4349 1.4756 1.5181 1.5622 1.6082 1.6559 1.7053 1.7563 1.809 1.8637 1.9203 1.9789 2.0395 2.1021 2.1668 2.2336 2.3028 2.3744 2.4485 2.5252 2.6043 2.6861 2.7711 2.8596 2.9519 3.0477 3.147 3.2505 3.36 3.477 3.6017 3.7319 3.8648 3.9997 4.1475 4.3238 4.545 4.8193 5.1315 5.4619 5.7898 
571.5 0.99409 0.99305 0.99208 0.99256 0.99287 0.99233 0.99175 0.99157 0.99159 0.99162 0.99168 0.99176 0.99188 0.99201 0.99215 0.99232 0.99249 0.99268 0.99289 0.99311 0.99334 0.99359 0.99385 0.99413 0.99442 0.99472 0.99504 0.99538 0.99572 0.99609 0.99646 0.99686 0.99726 0.99768 0.9981 0.99855 0.999 0.99947 0.99996 1.0005 1.0028 1.0079 1.0154 1.0251 1.037 1.0511 1.0673 1.0856 1.1058 1.1279 1.1519 1.1776 1.2052 1.2345 1.2655 1.2983 1.3328 1.369 1.4069 1.4465 1.4878 1.5308 1.5756 1.622 1.6702 1.7203 1.7722 1.8258 1.8812 1.9382 1.9972 2.0583 2.1216 2.187 2.2546 2.3244 2.3967 2.4716 2.5491 2.6289 2.7115 2.7971 2.8864 2.9795 3.0761 3.1764 3.281 3.3915 3.5096 3.6355 3.767 3.9013 4.0376 4.1869 4.3648 4.588 4.8645 5.1793 5.5124 5.843 
572 0.9943 0.99328 0.99222 0.99247 0.99267 0.99223 0.99176 0.99162 0.99165 0.9917 0.99176 0.99186 0.99197 0.99211 0.99225 0.99242 0.9926 0.99279 0.993 0.99322 0.99345 0.9937 0.99396 0.99424 0.99453 0.99483 0.99515 0.99549 0.99583 0.99619 0.99657 0.99695 0.99735 0.99776 0.99818 0.99861 0.99906 0.99952 1 1.0005 1.0036 1.0094 1.0175 1.028 1.0407 1.0555 1.0722 1.091 1.1116 1.1342 1.1587 1.185 1.2132 1.243 1.2746 1.308 1.343 1.3798 1.4183 1.4585 1.5004 1.544 1.5894 1.6365 1.6854 1.7361 1.7887 1.843 1.8991 1.9568 2.0165 2.0784 2.1424 2.2086 2.2769 2.3475 2.4207 2.4964 2.5747 2.6555 2.7391 2.8258 2.9162 3.0103 3.1081 3.2095 3.3154 3.4273 3.5469 3.6743 3.8073 3.9432 4.0812 4.2323 4.4123 4.6379 4.9173 5.2352 5.5716 5.9055 
572.5 0.99447 0.99348 0.99234 0.99239 0.99249 0.99213 0.99176 0.99167 0.99171 0.99177 0.99185 0.99195 0.99207 0.9922 0.99236 0.99252 0.9927 0.99289 0.9931 0.99332 0.99356 0.99381 0.99407 0.99435 0.99464 0.99494 0.99526 0.99559 0.99594 0.99629 0.99666 0.99705 0.99745 0.99786 0.99829 0.99875 0.99923 0.99976 1.0003 1.0012 1.0049 1.0112 1.02 1.0311 1.0444 1.0597 1.0772 1.0966 1.118 1.1412 1.166 1.1927 1.2214 1.2519 1.2842 1.3181 1.3538 1.3912 1.4303 1.4711 1.5136 1.5579 1.6039 1.6517 1.7012 1.7526 1.8058 1.8608 1.9176 1.9761 2.0365 2.0991 2.1639 2.2309 2.3 2.3714 2.4454 2.5219 2.6011 2.6828 2.7674 2.8552 2.9465 3.0416 3.1405 3.2434 3.3509 3.4645 3.5854 3.7136 3.8472 3.9838 4.1227 4.2749 4.4563 4.6835 4.9648 5.2848 5.6235 5.9598 
573 1.002 1.0015 0.99864 0.99444 0.99173 0.99139 0.99174 0.9918 0.99175 0.9918 0.99192 0.99205 0.99217 0.9923 0.99246 0.99263 0.99281 0.993 0.99321 0.99343 0.99367 0.99392 0.99418 0.99446 0.99475 0.99505 0.99537 0.9957 0.99605 0.99641 0.99679 0.99718 0.99759 0.99802 0.99846 0.99892 0.9994 0.9999 1.0004 1.002 1.0064 1.0134 1.0228 1.0345 1.0484 1.0644 1.0824 1.1024 1.1244 1.1482 1.1738 1.2011 1.2303 1.2613 1.2941 1.3287 1.3649 1.403 1.4427 1.4842 1.5274 1.5723 1.619 1.6674 1.7176 1.7696 1.8236 1.8793 1.9368 1.9961 2.0573 2.1207 2.1863 2.254 2.3239 2.3961 2.4709 2.5483 2.6283 2.7109 2.7964 2.8851 2.9773 3.0732 3.173 3.2768 3.3853 3.4998 3.6217 3.751 3.8859 4.0238 4.1641 4.3179 4.501 4.7302 5.014 5.3369 5.6788 6.0181 
573.5 1.0013 1.0008 0.99814 0.99432 0.99185 0.99153 0.99182 0.99186 0.99182 0.99187 0.992 0.99213 0.99226 0.9924 0.99256 0.99273 0.99291 0.99311 0.99332 0.99354 0.99378 0.99403 0.99429 0.99457 0.99486 0.99517 0.99549 0.99583 0.99617 0.99654 0.99692 0.99731 0.99772 0.99814 0.99857 0.99902 0.99948 0.99997 1.0005 1.0029 1.008 1.0157 1.0258 1.0381 1.0526 1.0692 1.0879 1.1085 1.1311 1.1556 1.1819 1.21 1.2397 1.2711 1.3045 1.3397 1.3766 1.4153 1.4556 1.4977 1.5416 1.5872 1.6345 1.6836 1.7345 1.7872 1.8418 1.8982 1.9566 2.0169 2.0791 2.1432 2.2093 2.2776 2.3484 2.4215 2.4972 2.5755 2.6564 2.74 2.8265 2.9163 3.0096 3.1067 3.2077 3.3127 3.4225 3.5385 3.662 3.7931 3.9298 4.0697 4.2119 4.3677 4.5529 4.7847 5.0717 5.3982 5.7437 6.0868 
574 1.0003 0.99959 0.99709 0.99392 0.99193 0.99165 0.99187 0.99192 0.9919 0.99197 0.99209 0.99222 0.99235 0.9925 0.99266 0.99283 0.99302 0.99322 0.99343 0.99365 0.99389 0.99414 0.99441 0.99469 0.99498 0.99529 0.99561 0.99595 0.9963 0.99666 0.99703 0.99742 0.99782 0.99824 0.99866 0.99909 0.99955 1 1.0005 1.0038 1.0098 1.0182 1.0289 1.0419 1.0571 1.0744 1.0937 1.115 1.1381 1.1632 1.1901 1.2189 1.2495 1.2818 1.3157 1.3513 1.3887 1.428 1.4691 1.5119 1.5564 1.6027 1.6508 1.7006 1.7523 1.8057 1.861 1.9182 1.9775 2.0387 2.1019 2.1668 2.2337 2.3028 2.3744 2.4485 2.5251 2.6044 2.6862 2.7709 2.8585 2.9494 3.0439 3.1422 3.2445 3.3508 3.4619 3.5793 3.7044 3.8372 3.9758 4.1175 4.2616 4.4193 4.6068 4.8413 5.1314 5.4616 5.8109 6.1577 
574.5 0.99993 0.99933 0.99693 0.99381 0.99187 0.99165 0.99193 0.99199 0.99198 0.99205 0.99219 0.99232 0.99246 0.9926 0.99277 0.99294 0.99313 0.99333 0.99354 0.99377 0.99401 0.99426 0.99453 0.99481 0.9951 0.99541 0.99573 0.99606 0.99641 0.99677 0.99715 0.99755 0.99796 0.99839 0.99884 0.99931 0.99982 1.0004 1.0014 1.0053 1.0119 1.0209 1.0324 1.0461 1.0619 1.0798 1.0998 1.1217 1.1456 1.1713 1.1989 1.2283 1.2596 1.2926 1.3272 1.3634 1.4015 1.4415 1.4833 1.5268 1.5721 1.6191 1.6679 1.7184 1.7708 1.8251 1.8811 1.9391 1.9991 2.0612 2.1251 2.1909 2.2587 2.3287 2.4012 2.4762 2.5537 2.6337 2.7166 2.8025 2.8917 2.984 3.0796 3.1786 3.2815 3.3886 3.5008 3.6193 3.7456 3.8797 4.0194 4.1621 4.3072 4.4658 4.6542 4.89 5.1818 5.514 5.8658 6.215 
575 0.99914 0.99845 0.99619 0.99353 0.99193 0.99176 0.99199 0.99206 0.99207 0.99215 0.99229 0.99243 0.99256 0.99271 0.99288 0.99305 0.99324 0.99344 0.99366 0.99389 0.99413 0.99438 0.99465 0.99493 0.99522 0.99553 0.99586 0.9962 0.99655 0.99692 0.9973 0.9977 0.99812 0.99855 0.99899 0.99945 0.99993 1.0004 1.0023 1.007 1.0143 1.0241 1.0362 1.0506 1.0671 1.0857 1.1063 1.1288 1.1533 1.1797 1.208 1.2381 1.2699 1.3036 1.3392 1.3765 1.4153 1.4557 1.4979 1.5421 1.5882 1.636 1.6855 1.7368 1.79 1.845 1.9019 1.9607 2.0215 2.0844 2.1493 2.216 2.2847 2.3558 2.4293 2.5053 2.5838 2.6649 2.7489 2.8359 2.9262 3.0197 3.1165 3.2168 3.3209 3.4292 3.5427 3.6626 3.7902 3.9257 4.0671 4.212 4.3597 4.5214 4.7134 4.9529 5.2484 5.584 5.9389 6.2912 
575.5 0.99905 0.99845 0.99625 0.99355 0.99192 0.99179 0.99207 0.99215 0.99216 0.99225 0.99239 0.99253 0.99267 0.99282 0.99299 0.99317 0.99336 0.99356 0.99378 0.99401 0.99425 0.99451 0.99477 0.99506 0.99535 0.99567 0.99599 0.99633 0.99668 0.99705 0.99743 0.99783 0.99824 0.99865 0.99908 0.99953 0.99999 1.0005 1.0033 1.0088 1.0169 1.0274 1.0403 1.0554 1.0726 1.0918 1.1131 1.1364 1.1616 1.1887 1.2176 1.2484 1.281 1.3154 1.3517 1.3896 1.4292 1.4704 1.5134 1.5584 1.6051 1.6537 1.7039 1.756 1.81 1.8658 1.9234 1.9829 2.0445 2.1081 2.1737 2.2412 2.3108 2.3826 2.4568 2.5335 2.6127 2.6945 2.7791 2.8668 2.9577 3.0518 3.1492 3.2503 3.3551 3.4642 3.5784 3.6989 3.8273 3.9637 4.106 4.252 4.4006 4.563 4.7556 4.9958 5.2925 5.6298 5.9869 6.3413 
576 0.99878 0.99817 0.99603 0.99349 0.99198 0.99188 0.99216 0.99225 0.99227 0.99236 0.9925 0.99265 0.99279 0.99294 0.99311 0.99329 0.99348 0.99369 0.9939 0.99413 0.99438 0.99464 0.99491 0.99519 0.99549 0.9958 0.99612 0.99646 0.99681 0.99717 0.99755 0.99794 0.99834 0.99876 0.99921 0.99968 1.0002 1.0008 1.0045 1.0109 1.0198 1.0311 1.0447 1.0605 1.0785 1.0985 1.1205 1.1445 1.1704 1.1981 1.2278 1.2593 1.2926 1.3277 1.3645 1.4032 1.4437 1.4859 1.5298 1.5752 1.6223 1.6714 1.7224 1.7753 1.8299 1.8864 1.9447 2.0049 2.0671 2.1313 2.1976 2.2661 2.3368 2.4095 2.4842 2.5611 2.6407 2.7232 2.8087 2.8972 2.9888 3.0838 3.1821 3.2842 3.3901 3.5003 3.6154 3.737 3.8664 4.0041 4.1479 4.2953 4.4453 4.6087 4.8022 5.0435 5.342 5.6818 6.0416 6.3988 
576.5 0.99868 0.998 0.99587 0.99347 0.99207 0.99198 0.99226 0.99236 0.99238 0.99248 0.99262 0.99277 0.99291 0.99306 0.99323 0.99342 0.99361 0.99381 0.99403 0.99426 0.99451 0.99477 0.99504 0.99532 0.99562 0.99593 0.99625 0.99659 0.99695 0.99732 0.9977 0.99811 0.99852 0.99896 0.99942 0.99989 1.0004 1.0019 1.0063 1.0134 1.0231 1.0351 1.0495 1.066 1.0847 1.1055 1.1282 1.1529 1.1795 1.208 1.2383 1.2705 1.3045 1.3403 1.3779 1.4173 1.4584 1.5014 1.546 1.5921 1.64 1.6897 1.7415 1.795 1.8503 1.9075 1.9665 2.0275 2.0904 2.1553 2.2224 2.2917 2.3631 2.4366 2.5122 2.5901 2.6706 2.754 2.8403 2.9297 3.0223 3.1182 3.2176 3.3207 3.4277 3.5389 3.6548 3.7771 3.9073 4.0457 4.1902 4.3382 4.4886 4.6522 4.8457 5.0871 5.3862 5.7272 6.0886 6.4475 
577 0.99813 0.9975 0.99554 0.9934 0.99217 0.99212 0.99238 0.99247 0.9925 0.9926 0.99275 0.99289 0.99303 0.99319 0.99336 0.99355 0.99374 0.99395 0.99417 0.9944 0.99464 0.9949 0.99517 0.99546 0.99576 0.99607 0.9964 0.99674 0.9971 0.99747 0.99785 0.99825 0.99865 0.99907 0.99951 0.99997 1.0005 1.0029 1.0083 1.0163 1.0267 1.0396 1.0547 1.072 1.0914 1.1129 1.1363 1.1617 1.1891 1.2183 1.2493 1.2822 1.3169 1.3534 1.3917 1.4317 1.4736 1.5172 1.5625 1.6095 1.6582 1.7087 1.761 1.8152 1.8712 1.9291 1.9889 2.0506 2.1143 2.18 2.2478 2.3178 2.39 2.4644 2.5408 2.6195 2.7009 2.7852 2.8723 2.9625 3.0558 3.1525 3.2527 3.3566 3.4644 3.5763 3.6931 3.8162 3.9472 4.0867 4.2326 4.3821 4.534 4.6988 4.8937 5.1366 5.4378 5.7815 6.1457 6.5076 
577.5 0.99771 0.99702 0.99515 0.99332 0.99231 0.99228 0.99251 0.99259 0.99263 0.99273 0.99288 0.99302 0.99316 0.99332 0.99349 0.99368 0.99387 0.99408 0.9943 0.99454 0.99478 0.99504 0.99531 0.9956 0.9959 0.99621 0.99654 0.99688 0.99723 0.99759 0.99797 0.99836 0.99876 0.99917 0.99962 1.0001 1.0006 1.0042 1.0104 1.0193 1.0307 1.0443 1.0602 1.0783 1.0985 1.1207 1.1449 1.171 1.199 1.2289 1.2607 1.2943 1.3297 1.3669 1.4059 1.4466 1.4891 1.5334 1.5795 1.6275 1.6771 1.7283 1.7811 1.8358 1.8925 1.9512 2.0118 2.0743 2.1387 2.2051 2.2737 2.3445 2.4175 2.4926 2.5699 2.6495 2.7318 2.8169 2.9049 2.9959 3.0902 3.1878 3.2891 3.3941 3.5032 3.6162 3.7342 3.8586 3.9914 4.1331 4.2813 4.433 4.5864 4.7523 4.9481 5.1923 5.4957 5.8422 6.2097 6.5747 
578 0.99736 0.99664 0.99487 0.9933 0.99247 0.99245 0.99264 0.99272 0.99277 0.99287 0.99301 0.99316 0.9933 0.99346 0.99363 0.99382 0.99401 0.99422 0.99444 0.99468 0.99492 0.99518 0.99546 0.99574 0.99604 0.99635 0.99668 0.99702 0.99738 0.99775 0.99814 0.99855 0.99897 0.99941 0.99988 1.0004 1.0017 1.0061 1.0131 1.0228 1.035 1.0494 1.0661 1.085 1.1059 1.1288 1.1537 1.1806 1.2094 1.24 1.2725 1.3068 1.3429 1.3808 1.4205 1.462 1.5053 1.5503 1.5971 1.6458 1.6962 1.7481 1.8018 1.8573 1.9149 1.9744 2.0358 2.0991 2.1643 2.2317 2.3011 2.3728 2.4467 2.5228 2.6012 2.6819 2.7653 2.8515 2.9407 3.0328 3.1281 3.2271 3.3301 3.4372 3.5483 3.663 3.7822 3.9077 4.0416 4.1849 4.3351 4.4889 4.6445 4.8125 5.0104 5.2571 5.5635 5.9136 6.285 6.6539 
578.5 0.99678 0.99602 0.99428 0.99275 0.9916 0.99103 0.99137 0.99264 0.9937 0.99378 0.99353 0.99354 0.99373 0.99389 0.99403 0.99425 0.99449 0.99457 0.99454 0.99464 0.99491 0.99523 0.9955 0.9958 0.99616 0.99651 0.99684 0.99718 0.99754 0.99791 0.9983 0.99869 0.9991 0.99952 0.99996 1.0004 1.0028 1.0081 1.0161 1.0267 1.0397 1.0549 1.0724 1.092 1.1137 1.1374 1.1631 1.1907 1.2202 1.2516 1.2848 1.3198 1.3567 1.3954 1.4358 1.4781 1.5221 1.5679 1.6155 1.6649 1.7161 1.7693 1.8242 1.8808 1.9389 1.9989 2.0611 2.1254 2.1917 2.2601 2.3305 2.4032 2.478 2.5554 2.6353 2.7177 2.8025 2.8897 2.9796 3.0726 3.1692 3.2696 3.3739 3.4824 3.5948 3.7109 3.8315 3.9584 4.0936 4.2379 4.3891 4.5438 4.7004 4.8693 5.0683 5.3163 5.6247 5.9776 6.352 6.7241 
579 0.99457 0.99388 0.99202 0.99055 0.99086 0.99293 0.99446 0.9943 0.99369 0.99358 0.99374 0.99386 0.99394 0.99404 0.99418 0.99434 0.9945 0.99468 0.99487 0.99508 0.99532 0.99557 0.99586 0.99616 0.99646 0.99673 0.997 0.99727 0.99752 0.99783 0.99826 0.99875 0.99919 0.9996 1.0001 1.0005 1.004 1.0104 1.0193 1.0308 1.0447 1.0608 1.0791 1.0995 1.1219 1.1464 1.1729 1.2012 1.2315 1.2637 1.2977 1.3335 1.3712 1.4107 1.4519 1.495 1.5399 1.5866 1.635 1.6853 1.7374 1.7914 1.8473 1.9048 1.964 2.025 2.0881 2.1535 2.2208 2.2902 2.3617 2.4354 2.5114 2.5898 2.6708 2.7544 2.8404 2.9288 3.02 3.1143 3.2121 3.3137 3.4192 3.5289 3.6426 3.7601 3.8822 4.0107 4.1476 4.2937 4.4468 4.6038 4.7626 4.9338 5.1354 5.3863 5.6985 6.0558 6.435 6.8118 
579.5 0.99549 0.99486 0.99318 0.99183 0.99205 0.9938 0.99503 0.99474 0.99406 0.99387 0.99396 0.99403 0.99408 0.99418 0.99431 0.99447 0.99464 0.99483 0.99503 0.99526 0.9955 0.99575 0.99601 0.99629 0.99659 0.9969 0.99724 0.99758 0.99792 0.99831 0.99878 0.99925 0.99957 0.99986 1.0003 1.0016 1.006 1.0132 1.023 1.0353 1.05 1.067 1.0861 1.1073 1.1306 1.1559 1.1832 1.2124 1.2435 1.2765 1.3113 1.348 1.3865 1.4268 1.469 1.5129 1.5587 1.6062 1.6556 1.7068 1.7598 1.8148 1.8716 1.9301 1.9903 2.0523 2.1165 2.1829 2.2513 2.3218 2.3944 2.4691 2.5462 2.6258 2.7079 2.7926 2.8797 2.9694 3.0619 3.1576 3.2567 3.3595 3.4664 3.5775 3.6926 3.8117 3.9355 4.0657 4.2044 4.3524 4.5074 4.6664 4.8272 5.0003 5.2039 5.4574 5.7728 6.1341 6.5177 6.8989 
580 0.99433 0.99328 0.99338 0.99598 0.99725 0.99592 0.99441 0.99403 0.99412 0.99413 0.99411 0.99415 0.99424 0.99435 0.99448 0.99463 0.9948 0.99499 0.99519 0.99542 0.99565 0.99591 0.99618 0.99646 0.99676 0.99708 0.99741 0.99775 0.9981 0.99845 0.99882 0.99919 0.99957 0.99997 1.0004 1.0029 1.0083 1.0164 1.0271 1.0402 1.0557 1.0735 1.0935 1.1157 1.1398 1.166 1.1941 1.2241 1.2561 1.2899 1.3256 1.3632 1.4026 1.4438 1.4868 1.5316 1.5783 1.6267 1.677 1.7291 1.7831 1.8389 1.8967 1.9562 2.0177 2.0809 2.1461 2.2132 2.2824 2.3539 2.4275 2.5034 2.5815 2.6621 2.7453 2.831 2.9193 3.0102 3.1039 3.2008 3.3011 3.4052 3.5133 3.6257 3.7422 3.8627 3.988 4.1199 4.2603 4.4099 4.5666 4.727 4.8893 5.0642 5.2701 5.5266 5.8454 6.2099 6.5967 6.9808 
580.5 0.99667 0.99566 0.9952 0.99663 0.99721 0.99602 0.99475 0.99433 0.9943 0.99427 0.99425 0.99429 0.99438 0.9945 0.99463 0.99479 0.99496 0.99515 0.99536 0.99558 0.99582 0.99607 0.99633 0.99661 0.99691 0.99721 0.99753 0.99786 0.99819 0.99854 0.99889 0.99926 0.99965 1.0001 1.0005 1.0041 1.0106 1.0198 1.0316 1.0458 1.0623 1.081 1.1019 1.1246 1.1494 1.1764 1.2055 1.2365 1.2693 1.304 1.3406 1.3791 1.4194 1.4615 1.5054 1.5511 1.5986 1.648 1.6992 1.7522 1.8071 1.8638 1.9225 1.983 2.0455 2.1099 2.176 2.244 2.3141 2.3866 2.4612 2.5381 2.6173 2.6988 2.7829 2.8696 2.9589 3.0509 3.1459 3.244 3.3455 3.4507 3.5598 3.673 3.7904 3.9119 4.0381 4.1708 4.3116 4.4614 4.6181 4.7787 4.9414 5.1168 5.323 5.5792 5.897 6.2602 6.6454 7.0282 
581 0.99732 0.99644 0.99563 0.99619 0.99637 0.99556 0.99474 0.99444 0.9944 0.99439 0.9944 0.99445 0.99454 0.99466 0.99479 0.99495 0.99512 0.99531 0.99552 0.99574 0.99597 0.99622 0.99648 0.99676 0.99705 0.99735 0.99767 0.998 0.99835 0.99871 0.99908 0.99948 0.99989 1.0003 1.0017 1.0062 1.0137 1.0238 1.0365 1.0516 1.069 1.0886 1.1104 1.1343 1.1603 1.188 1.2177 1.2494 1.2831 1.3188 1.3563 1.3956 1.4368 1.4798 1.5246 1.5712 1.6197 1.6699 1.722 1.7759 1.8317 1.8893 1.9488 2.0102 2.0736 2.1389 2.206 2.275 2.3461 2.4195 2.4951 2.573 2.6531 2.7356 2.8206 2.9082 2.9986 3.0919 3.1882 3.2874 3.3896 3.4952 3.6048 3.7187 3.837 3.9599 4.0877 4.222 4.3642 4.5151 4.6729 4.835 4.9996 5.1768 5.3843 5.6413 5.96 6.3243 6.7111 7.0955 
581.5 0.99759 0.99677 0.99571 0.9957 0.99566 0.99514 0.99464 0.99447 0.99445 0.99447 0.99452 0.99459 0.99469 0.99481 0.99495 0.99511 0.99528 0.99547 0.99567 0.99589 0.99613 0.99637 0.99664 0.99691 0.9972 0.99751 0.99782 0.99815 0.99849 0.99884 0.99921 0.99958 0.99997 1.0004 1.003 1.0086 1.0171 1.0283 1.042 1.058 1.0763 1.0969 1.1196 1.1443 1.1711 1.2 1.2308 1.2634 1.2978 1.3341 1.3725 1.4127 1.4548 1.4986 1.5443 1.5918 1.6412 1.6923 1.7453 1.8001 1.8568 1.9153 1.9757 2.0381 2.1023 2.1686 2.2369 2.3071 2.3794 2.4537 2.5301 2.6089 2.6901 2.7738 2.8599 2.9486 3.0402 3.1346 3.2321 3.3325 3.4361 3.5432 3.6543 3.7697 3.8896 4.014 4.1434 4.2792 4.423 4.5757 4.7356 4.9 5.0671 5.2463 5.4555 5.7139 6.0342 6.4007 6.79 7.1771 
582 0.99722 0.99642 0.99523 0.99498 0.99495 0.99475 0.99456 0.9945 0.99451 0.99455 0.99463 0.99472 0.99483 0.99495 0.9951 0.99526 0.99544 0.99563 0.99583 0.99605 0.99628 0.99653 0.99679 0.99706 0.99735 0.99765 0.99795 0.99828 0.99861 0.99896 0.99933 0.99973 1.0002 1.0007 1.0045 1.0113 1.0209 1.0331 1.0478 1.0648 1.0841 1.1056 1.1292 1.1549 1.1826 1.2123 1.244 1.2776 1.3132 1.3505 1.3896 1.4305 1.4734 1.5183 1.5649 1.6133 1.6636 1.7157 1.7696 1.8254 1.8831 1.9426 2.004 2.0673 2.1326 2.1999 2.2693 2.3408 2.4142 2.4896 2.5671 2.647 2.7294 2.8143 2.9017 2.9916 3.0844 3.1801 3.2789 3.3808 3.4859 3.5946 3.7073 3.8245 3.946 4.0722 4.2034 4.3409 4.4865 4.6412 4.8033 4.9703 5.1403 5.3222 5.5336 5.7938 6.1156 6.484 6.8753 7.2646 
582.5 0.99727 0.99658 0.99534 0.99482 0.99466 0.99459 0.99456 0.99456 0.99458 0.99465 0.99474 0.99485 0.99497 0.9951 0.99525 0.99541 0.99559 0.99578 0.99599 0.99621 0.99644 0.99668 0.99694 0.99722 0.99751 0.99781 0.99813 0.99846 0.9988 0.99916 0.99954 0.99992 1.0003 1.002 1.0069 1.0148 1.0254 1.0386 1.0542 1.0722 1.0924 1.1149 1.1394 1.166 1.1947 1.2253 1.2579 1.2925 1.3289 1.3672 1.4073 1.4493 1.4931 1.5388 1.5864 1.6359 1.6872 1.7403 1.7952 1.852 1.9107 1.9713 2.0338 2.0982 2.1646 2.2331 2.3036 2.3762 2.4508 2.5275 2.6064 2.6876 2.7714 2.8577 2.9465 3.038 3.1322 3.2295 3.3298 3.4333 3.54 3.6504 3.7649 3.8837 4.0069 4.1346 4.2671 4.4059 4.5527 4.7087 4.8722 5.0409 5.2124 5.3953 5.6074 5.8682 6.1917 6.5628 6.9576 7.3506 
583 1.002 1.0015 0.99927 0.99638 0.99459 0.99439 0.99462 0.99468 0.99467 0.99474 0.99486 0.99498 0.99511 0.99524 0.9954 0.99557 0.99575 0.99594 0.99615 0.99637 0.9966 0.99685 0.99711 0.99738 0.99767 0.99797 0.99828 0.9986 0.99893 0.99927 0.99962 0.99999 1.0004 1.0034 1.0095 1.0185 1.0302 1.0445 1.0611 1.0801 1.1013 1.1247 1.1502 1.1778 1.2074 1.239 1.2726 1.3081 1.3455 1.385 1.4263 1.4694 1.514 1.5603 1.6087 1.6593 1.7117 1.766 1.822 1.88 1.9398 2.0016 2.0653 2.131 2.1987 2.2685 2.3403 2.4142 2.4904 2.569 2.6497 2.7324 2.817 2.9041 2.9941 3.0873 3.1834 3.2824 3.3844 3.4899 3.5991 3.712 3.8285 3.9485 4.0726 4.2016 4.3363 4.4777 4.6273 4.7859 4.952 5.1232 5.2976 5.4836 5.6994 5.9648 6.2939 6.6713 7.0726 7.472 
583.5 1.0017 1.0011 0.99896 0.99649 0.99497 0.99472 0.99484 0.99484 0.99482 0.99488 0.995 0.99512 0.99525 0.99539 0.99554 0.99571 0.9959 0.99609 0.9963 0.99652 0.99675 0.997 0.99726 0.99752 0.99781 0.9981 0.99841 0.99873 0.99907 0.99944 0.99983 1.0003 1.001 1.0053 1.0126 1.0227 1.0355 1.0508 1.0685 1.0885 1.1108 1.1352 1.1617 1.1903 1.2209 1.2535 1.2881 1.3247 1.3632 1.4036 1.4458 1.4901 1.5363 1.5844 1.6338 1.6849 1.7379 1.7932 1.8506 1.9098 1.9709 2.034 2.099 2.166 2.2351 2.3063 2.3795 2.4549 2.5326 2.6128 2.6952 2.7794 2.8656 2.9542 3.0458 3.1406 3.2383 3.339 3.4427 3.55 3.6611 3.776 3.8945 4.0167 4.143 4.2742 4.4111 4.5549 4.7069 4.8681 5.0371 5.2113 5.3887 5.5776 5.7964 6.0651 6.3982 6.7804 7.187 7.5918 
584 1.0001 0.99944 0.99765 0.99595 0.99498 0.99486 0.99496 0.99498 0.99498 0.99504 0.99516 0.99528 0.9954 0.99554 0.9957 0.99587 0.99605 0.99625 0.99645 0.99668 0.99691 0.99715 0.99741 0.99769 0.99797 0.99827 0.99858 0.99891 0.99924 0.99959 0.99995 1.0003 1.0024 1.0079 1.0163 1.0276 1.0415 1.0578 1.0766 1.0976 1.1209 1.1464 1.1739 1.2036 1.2352 1.2689 1.3046 1.3422 1.3818 1.4233 1.4667 1.5121 1.5594 1.6085 1.6595 1.7123 1.7668 1.8231 1.8814 1.9418 2.0043 2.0687 2.1351 2.2035 2.2739 2.3465 2.4212 2.498 2.5772 2.6589 2.7428 2.8288 2.9169 3.0074 3.1009 3.1975 3.2971 3.3996 3.5053 3.6145 3.7276 3.8445 3.9653 4.0902 4.2193 4.3532 4.4923 4.6384 4.7933 4.9585 5.1321 5.3108 5.4914 5.6823 5.9028 6.1737 6.5106 6.8984 7.3116 7.7228 
584.5 0.99929 0.99864 0.99702 0.99572 0.99506 0.99499 0.99507 0.9951 0.99512 0.9952 0.99531 0.99543 0.99556 0.9957 0.99586 0.99603 0.99621 0.99641 0.99662 0.99684 0.99707 0.99731 0.99757 0.99784 0.99812 0.99841 0.99871 0.99902 0.99934 0.99967 1 1.0004 1.004 1.0108 1.0205 1.033 1.048 1.0655 1.0853 1.1075 1.1319 1.1584 1.187 1.2178 1.2506 1.2854 1.3222 1.3609 1.4017 1.4443 1.489 1.5355 1.584 1.6344 1.6868 1.7411 1.7971 1.8547 1.9142 1.9759 2.0398 2.1057 2.1735 2.2434 2.3154 2.3895 2.4658 2.5443 2.6251 2.7082 2.7938 2.8819 2.9727 3.066 3.1615 3.2595 3.3604 3.4648 3.5727 3.6842 3.7994 3.9184 4.0414 4.1686 4.3003 4.4366 4.578 4.7261 4.8829 5.05 5.2255 5.4064 5.5894 5.7827 6.0058 6.28 6.6217 7.0158 7.436 7.8545 
585 0.99875 0.99809 0.99663 0.99564 0.99519 0.99516 0.99522 0.99525 0.99528 0.99536 0.99547 0.9956 0.99572 0.99587 0.99602 0.99619 0.99638 0.99657 0.99678 0.99699 0.99723 0.99747 0.99772 0.99799 0.99828 0.99857 0.99889 0.99921 0.99955 0.99991 1.0003 1.0016 1.0065 1.0145 1.0254 1.039 1.0552 1.0739 1.0949 1.1182 1.1437 1.1714 1.2012 1.2331 1.267 1.303 1.341 1.381 1.423 1.4669 1.5128 1.5606 1.6104 1.6621 1.7157 1.7714 1.829 1.8887 1.9502 2.0133 2.0782 2.1452 2.2146 2.2863 2.3599 2.4357 2.5137 2.5939 2.6765 2.7614 2.8488 2.9388 3.0316 3.1268 3.2244 3.3246 3.4276 3.5341 3.6442 3.7578 3.8749 3.996 4.1216 4.2522 4.3875 4.5272 4.6712 4.8214 4.9804 5.1501 5.3291 5.5138 5.7012 5.8987 6.1262 6.4051 6.7524 7.1532 7.5807 8.0064 
585.5 0.99844 0.99754 0.99598 0.99543 0.99543 0.99542 0.99537 0.99538 0.99545 0.99554 0.99564 0.99576 0.99589 0.99603 0.99619 0.99636 0.99654 0.99674 0.99695 0.99715 0.99738 0.9977 0.99809 0.99836 0.99844 0.99855 0.99889 0.99931 0.99967 0.99998 1.0003 1.0032 1.0095 1.0188 1.031 1.0458 1.0632 1.0831 1.1053 1.1298 1.1565 1.1854 1.2164 1.2495 1.2847 1.322 1.3613 1.4025 1.4458 1.4911 1.5383 1.5875 1.6387 1.6918 1.7469 1.804 1.8631 1.9242 1.9873 2.0523 2.1193 2.1882 2.2591 2.3321 2.4074 2.485 2.5649 2.647 2.7315 2.8183 2.9077 2.9997 3.0943 3.1917 3.2919 3.395 3.501 3.6099 3.7219 3.8375 3.957 4.0808 4.2092 4.3425 4.4806 4.6233 4.7707 4.9245 5.0869 5.2601 5.4425 5.631 5.8224 6.0239 6.2555 6.539 6.8921 7.2999 7.735 8.1686 
586 0.99785 0.997 0.99561 0.99525 0.99544 0.99552 0.9955 0.99554 0.99564 0.99574 0.99584 0.99595 0.99609 0.99624 0.9964 0.99658 0.99678 0.99699 0.99722 0.99746 0.99771 0.99796 0.99823 0.99848 0.99875 0.99911 0.99958 0.99993 1 1 1.0007 1.0053 1.0131 1.0237 1.0372 1.0534 1.0721 1.0932 1.1166 1.1424 1.1704 1.2005 1.2329 1.2673 1.3038 1.3424 1.383 1.4257 1.4704 1.5171 1.5657 1.6164 1.6691 1.7238 1.7805 1.8391 1.8998 1.9625 2.0273 2.0943 2.1633 2.2341 2.3068 2.3816 2.4587 2.5383 2.6203 2.7045 2.791 2.8801 2.9717 3.0658 3.1627 3.2625 3.3653 3.4712 3.5801 3.6918 3.8065 3.9249 4.0473 4.1742 4.3058 4.4422 4.5834 4.7296 4.8807 5.0384 5.2047 5.3817 5.5681 5.7606 5.9564 6.1621 6.3982 6.6871 7.0472 7.4638 7.9087 8.3521 
586.5 0.99827 0.99748 0.99603 0.99551 0.99559 0.99568 0.99566 0.9957 0.99581 0.99592 0.99603 0.99615 0.99629 0.99645 0.99661 0.99679 0.99698 0.99718 0.99739 0.99762 0.99785 0.99809 0.99834 0.99859 0.99885 0.99912 0.99939 0.99967 0.99996 1.0003 1.0026 1.0085 1.0177 1.0298 1.0446 1.0619 1.0817 1.1041 1.1289 1.156 1.1854 1.217 1.2507 1.2865 1.3245 1.3645 1.4066 1.4508 1.497 1.5452 1.5955 1.6478 1.7021 1.7584 1.8168 1.8772 1.9396 2.0042 2.0707 2.1394 2.2103 2.2834 2.3587 2.4358 2.5148 2.5961 2.68 2.7664 2.8553 2.9467 3.0406 3.1372 3.2365 3.3387 3.444 3.5524 3.6639 3.7787 3.8968 4.0185 4.1439 4.2733 4.4073 4.5462 4.6902 4.8393 4.9942 5.1562 5.3267 5.507 5.6953 5.8892 6.0865 6.2965 6.5394 6.8371 7.2057 7.6287 8.0785 8.5263 
587 0.99862 0.99791 0.99647 0.99579 0.99577 0.99586 0.99585 0.99587 0.99597 0.99609 0.99621 0.99633 0.99646 0.99662 0.99678 0.99695 0.99713 0.99732 0.99752 0.99773 0.99795 0.99818 0.99841 0.99866 0.99892 0.99919 0.99947 0.99977 1.0001 1.0005 1.0046 1.0121 1.0228 1.0363 1.0526 1.0715 1.093 1.1169 1.1431 1.1714 1.2018 1.2346 1.2698 1.3072 1.3468 1.3884 1.432 1.4778 1.5257 1.5756 1.6275 1.6815 1.7376 1.7958 1.8559 1.9182 1.9826 2.049 2.1176 2.1883 2.2612 2.3363 2.4138 2.4936 2.5753 2.6591 2.7452 2.8338 2.9252 3.0193 3.1161 3.2155 3.3177 3.4228 3.5309 3.6423 3.7572 3.8754 3.9969 4.1217 4.2501 4.3828 4.5203 4.6628 4.8102 4.9626 5.1211 5.2874 5.4633 5.6488 5.8413 6.0376 6.2368 6.4526 6.7052 7.0161 7.3974 7.8298 8.287 8.7412 
587.5 1.0095 1.0106 1.0085 1.0017 0.99578 0.99438 0.99542 0.99624 0.99628 0.99619 0.99628 0.99646 0.99662 0.99676 0.99691 0.99708 0.99726 0.99745 0.99764 0.99785 0.99807 0.9983 0.99855 0.9988 0.99907 0.99935 0.99964 0.99994 1.0003 1.0021 1.0078 1.0168 1.0289 1.0439 1.0617 1.0821 1.105 1.1303 1.158 1.188 1.2203 1.255 1.2918 1.3305 1.3712 1.4142 1.4595 1.5071 1.5568 1.6085 1.6623 1.7182 1.7761 1.8362 1.8983 1.9626 2.0289 2.0974 2.1681 2.2409 2.316 2.3933 2.4728 2.5548 2.6391 2.7258 2.8146 2.9055 2.9989 3.0951 3.1943 3.2964 3.4014 3.5092 3.6201 3.7342 3.8517 3.9729 4.0979 4.2269 4.3599 4.4967 4.6377 4.7831 4.9336 5.0897 5.2527 5.4243 5.6057 5.7958 5.9918 6.1909 6.3942 6.6175 6.8803 7.2034 7.5949 8.0344 8.4969 8.9557 
588 1.0121 1.0122 1.0096 1.0035 0.99771 0.99521 0.99544 0.9962 0.99643 0.9964 0.99643 0.99657 0.99674 0.9969 0.99705 0.99721 0.99739 0.99758 0.99778 0.99798 0.9982 0.99843 0.99867 0.99892 0.99918 0.99945 0.99974 1.0001 1.0004 1.0042 1.0117 1.0224 1.0362 1.0528 1.0721 1.094 1.1185 1.1454 1.1747 1.2064 1.2403 1.2765 1.315 1.3558 1.3987 1.4436 1.4905 1.5394 1.5905 1.6441 1.6998 1.7577 1.8177 1.8797 1.9439 2.0102 2.0787 2.1494 2.2223 2.2974 2.3748 2.4544 2.5364 2.6208 2.7076 2.797 2.8889 2.9831 3.0796 3.1785 3.2803 3.3852 3.4932 3.6044 3.7187 3.8362 3.9573 4.0821 4.2107 4.3434 4.4801 4.6211 4.7664 4.9161 5.0706 5.2313 5.4 5.5785 5.7668 5.9621 6.1607 6.3596 6.5664 6.7984 7.0746 7.4142 7.8177 8.2643 8.7308 9.1925 
588.5 1.0098 1.0098 1.008 1.0035 0.9987 0.99594 0.99565 0.99622 0.99659 0.99664 0.99664 0.99673 0.99688 0.99704 0.99719 0.99735 0.99753 0.99771 0.99791 0.99812 0.99834 0.99858 0.99882 0.99908 0.99935 0.99964 0.99994 1.0003 1.002 1.0076 1.0168 1.0292 1.0446 1.0628 1.0838 1.1074 1.1335 1.1621 1.1931 1.2265 1.2622 1.3002 1.3404 1.3829 1.4276 1.4746 1.5238 1.5751 1.6284 1.6836 1.7409 1.8006 1.8626 1.9269 1.9934 2.062 2.1328 2.2058 2.2811 2.3587 2.4386 2.5209 2.6055 2.6925 2.782 2.874 2.9688 3.0664 3.1665 3.2691 3.3741 3.4819 3.5928 3.7072 3.8251 3.9465 4.0713 4.1997 4.3321 4.4689 4.6103 4.7562 4.9062 5.06 5.2185 5.3836 5.557 5.7406 5.9327 6.1305 6.3309 6.5325 6.747 6.991 7.2826 7.6387 8.0547 8.5105 8.984 9.4522 
589 1.0048 1.0045 1.003 1.0006 0.9982 0.99671 0.99635 0.99652 0.99672 0.99681 0.99685 0.99693 0.99706 0.9972 0.99735 0.99751 0.99768 0.99787 0.99806 0.99827 0.99849 0.99872 0.99896 0.99921 0.99947 0.99974 1 1.0004 1.0043 1.012 1.023 1.0373 1.0545 1.0745 1.0972 1.1226 1.1505 1.1808 1.2136 1.2488 1.2864 1.3263 1.3684 1.4129 1.4595 1.5084 1.5596 1.613 1.6687 1.7264 1.7861 1.8479 1.9119 1.9784 2.0473 2.1184 2.1918 2.2674 2.3454 2.4256 2.5082 2.5933 2.6808 2.7708 2.8633 2.9586 3.0565 3.1571 3.2605 3.3666 3.4754 3.5872 3.7021 3.8203 3.942 4.0671 4.1959 4.3286 4.4655 4.6068 4.7526 4.9027 5.0569 5.2155 5.3798 5.5514 5.732 5.922 6.1194 6.3212 6.5245 6.731 6.9543 7.2106 7.5172 7.8892 8.3182 8.7845 9.2673 9.7441 
589.5 1.0049 1.0048 1.0037 1.0016 0.99914 0.99718 0.99637 0.99644 0.99678 0.99701 0.99709 0.99713 0.99722 0.99736 0.99751 0.99768 0.99784 0.99803 0.99822 0.99843 0.99865 0.99888 0.99913 0.99939 0.99966 0.99994 1.0002 1.0021 1.0081 1.0177 1.0307 1.0468 1.0658 1.0877 1.1123 1.1396 1.1694 1.2017 1.2364 1.2736 1.3131 1.355 1.3992 1.4457 1.4946 1.5457 1.5991 1.6549 1.7128 1.7729 1.8351 1.8994 1.966 2.035 2.1064 2.1801 2.2562 2.3347 2.4154 2.4986 2.5842 2.6723 2.763 2.8562 2.952 3.0506 3.152 3.2562 3.3634 3.4734 3.5862 3.7019 3.8208 3.9431 4.069 4.1987 4.3323 4.47 4.612 4.7582 4.9087 5.0635 5.223 5.3882 5.5604 5.7409 5.9303 6.1265 6.3273 6.53 6.7335 6.9466 7.1836 7.4598 7.7912 8.186 8.6308 9.1076 9.5977 10.081 
590 1.0002 0.9998 0.99871 0.99778 0.9973 0.99716 0.99717 0.99718 0.99717 0.99717 0.99721 0.9973 0.99743 0.99756 0.9977 0.99785 0.99801 0.99819 0.99839 0.99859 0.9988 0.99902 0.99926 0.9995 0.99976 1 1.0003 1.0047 1.013 1.0247 1.0398 1.0579 1.079 1.1029 1.1295 1.1587 1.1905 1.2248 1.2617 1.3009 1.3426 1.3867 1.4331 1.4819 1.533 1.5865 1.6422 1.7004 1.7609 1.8237 1.8886 1.9558 2.0251 2.0966 2.1707 2.2472 2.3263 2.4078 2.4917 2.578 2.6669 2.7583 2.8524 2.9491 3.0486 3.1508 3.2558 3.3639 3.475 3.5894 3.707 3.8278 3.9517 4.0786 4.209 4.3431 4.4813 4.624 4.7712 4.9228 5.0789 5.2395 5.4055 5.578 5.7579 5.9463 6.1422 6.3437 6.5486 6.7546 6.9638 7.1876 7.4397 7.7344 8.0865 8.4989 8.9572 9.4447 9.9438 10.4357 
