100 -0.0050251 0.015075 0.025126 0.035176 0.045226 0.055276 0.065327 0.075377 0.085427 0.095477 0.10553 0.11558 0.12563 0.13568 0.14573 0.15578 0.16583 0.17588 0.18593 0.19598 0.20603 0.21608 0.22613 0.23618 0.24623 0.25628 0.26633 0.27638 0.28643 0.29648 0.30653 0.31658 0.32663 0.33668 0.34673 0.35678 0.36683 0.37688 0.38693 0.39698 0.40704 0.41709 0.42714 0.43719 0.44724 0.45729 0.46734 0.47739 0.48744 0.49749 0.50754 0.51759 0.52764 0.53769 0.54774 0.55779 0.56784 0.57789 0.58794 0.59799 0.60804 0.61809 0.62814 0.63819 0.64824 0.65829 0.66834 0.67839 0.68844 0.69849 0.70854 0.71859 0.72864 0.73869 0.74874 0.75879 0.76884 0.77889 0.78894 0.79899 0.80905 0.8191 0.82915 0.8392 0.84925 0.8593 0.86935 0.8794 0.88945 0.8995 0.90955 0.9196 0.92965 0.9397 0.94975 0.9598 0.96985 0.9799 0.98995 1 
3.4 2.2507 2.2506 2.2505 2.2504 2.2503 2.2503 2.2503 2.2503 2.2503 2.2502 2.2502 2.2501 2.2501 2.2501 2.2501 2.25 2.25 2.25 2.25 2.25 2.25 2.2501 2.2501 2.2502 2.2502 2.2503 2.2504 2.2506 2.2508 2.2509 2.2512 2.2514 2.2517 2.2521 2.2524 2.2529 2.2533 2.2538 2.2544 2.2549 2.2556 2.2563 2.2571 2.258 2.2589 2.26 2.2613 2.2625 2.2639 2.2653 2.2669 2.2685 2.2702 2.2721 2.2739 2.2759 2.2779 2.2798 2.2818 2.2837 2.2858 2.288 2.2902 2.2926 2.295 2.2976 2.3002 2.3027 2.3049 2.3071 2.3094 2.3118 2.3143 2.3168 2.3193 2.3211 2.3228 2.3239 2.3249 2.3258 2.3265 2.3272 2.3285 2.3299 2.3317 2.3335 2.337 2.3406 2.3466 2.3527 2.3591 2.366 2.3741 2.3825 2.3914 2.4017 2.4125 2.4227 2.4326 2.4376 
4 2.3597 2.3596 2.3593 2.359 2.3588 2.3585 2.3581 2.3578 2.3574 2.357 2.3565 2.356 2.3555 2.355 2.3545 2.354 2.3535 2.353 2.3526 2.3521 2.3516 2.3512 2.3507 2.3502 2.3498 2.3493 2.3488 2.3483 2.3478 2.3473 2.3469 2.3464 2.3459 2.3454 2.345 2.3445 2.3441 2.3437 2.3433 2.3429 2.3426 2.3423 2.3419 2.3416 2.3413 2.3411 2.3409 2.3407 2.3406 2.3405 2.3406 2.3407 2.3409 2.3411 2.3414 2.3417 2.342 2.3424 2.3429 2.3434 2.3437 2.344 2.3443 2.3445 2.3448 2.3452 2.3456 2.3461 2.3466 2.3472 2.3472 2.3472 2.3472 2.3472 2.3473 2.3473 2.3474 2.347 2.3456 2.344 2.3421 2.3401 2.3379 2.3357 2.3342 2.3329 2.3321 2.3313 2.3336 2.3361 2.3395 2.3431 2.3477 2.3531 2.3587 2.3656 2.3732 2.3806 2.3873 2.3892 
4.5 2.3573 2.3572 2.3569 2.3566 2.3563 2.356 2.3556 2.3552 2.3548 2.3543 2.3538 2.3533 2.3528 2.3522 2.3516 2.351 2.3504 2.3498 2.3491 2.3484 2.3477 2.347 2.3463 2.3456 2.3449 2.3443 2.3438 2.3432 2.3426 2.342 2.3414 2.3408 2.3402 2.3397 2.3391 2.3385 2.3379 2.3373 2.3368 2.3362 2.3357 2.3352 2.3347 2.3342 2.3337 2.3333 2.3329 2.3325 2.3321 2.3317 2.3314 2.3311 2.3309 2.3308 2.3308 2.3308 2.3309 2.3311 2.3313 2.3315 2.3318 2.3322 2.3325 2.3326 2.3328 2.3329 2.3331 2.3332 2.3335 2.3337 2.3339 2.3342 2.3342 2.3339 2.3335 2.3332 2.333 2.3327 2.3316 2.3303 2.3282 2.3259 2.3233 2.3206 2.3186 2.3166 2.3153 2.314 2.3155 2.3172 2.3205 2.324 2.3284 2.3339 2.3398 2.347 2.3554 2.3638 2.3721 2.3758 
5 2.3494 2.3493 2.349 2.3487 2.3484 2.3481 2.3477 2.3474 2.347 2.3465 2.3461 2.3456 2.3451 2.3446 2.344 2.3435 2.3429 2.3423 2.3416 2.341 2.3404 2.3397 2.339 2.3383 2.3376 2.3369 2.3362 2.3355 2.3349 2.3343 2.3337 2.3332 2.3326 2.3321 2.3316 2.3311 2.3306 2.3301 2.3296 2.3292 2.3287 2.3283 2.3278 2.3274 2.3271 2.3267 2.3264 2.3261 2.3258 2.3256 2.3254 2.3252 2.325 2.3249 2.3248 2.3249 2.3252 2.3255 2.3258 2.3262 2.3266 2.3271 2.3276 2.3281 2.3287 2.329 2.3292 2.3295 2.3299 2.3303 2.3307 2.3312 2.3315 2.3312 2.331 2.3309 2.3307 2.3306 2.3295 2.3284 2.3263 2.3242 2.3217 2.3191 2.3174 2.3157 2.3148 2.3139 2.3161 2.3186 2.3222 2.3259 2.3309 2.3364 2.3422 2.3493 2.357 2.3643 2.3713 2.3737 
5.5 2.3466 2.3464 2.3462 2.3459 2.3456 2.3453 2.3449 2.3446 2.3442 2.3437 2.3433 2.3428 2.3423 2.3418 2.3413 2.3408 2.3402 2.3397 2.3391 2.3385 2.3379 2.3373 2.3367 2.336 2.3354 2.3347 2.3341 2.3334 2.3327 2.3321 2.3314 2.3308 2.3302 2.3297 2.3293 2.3289 2.3284 2.328 2.3276 2.3272 2.3269 2.3265 2.3262 2.3258 2.3255 2.3253 2.325 2.3248 2.3246 2.3245 2.3244 2.3243 2.3242 2.3242 2.3242 2.3243 2.3246 2.3249 2.3253 2.3258 2.3263 2.3269 2.3276 2.3283 2.329 2.3293 2.3297 2.33 2.3304 2.3309 2.3314 2.332 2.3323 2.3321 2.3319 2.3318 2.3317 2.3316 2.3304 2.3292 2.3271 2.325 2.3225 2.3199 2.3184 2.3169 2.3162 2.3155 2.3182 2.3211 2.3248 2.3287 2.334 2.3397 2.3456 2.3528 2.3605 2.3675 2.3746 2.3772 
6 2.3488 2.3486 2.3483 2.3481 2.3478 2.3475 2.3472 2.3468 2.3464 2.346 2.3456 2.3451 2.3446 2.3441 2.3435 2.343 2.3424 2.3418 2.3412 2.3407 2.3401 2.3395 2.3389 2.3382 2.3376 2.337 2.3363 2.3357 2.335 2.3344 2.3337 2.333 2.3323 2.3317 2.3311 2.3306 2.3302 2.3298 2.3294 2.3291 2.3287 2.3284 2.328 2.3277 2.3274 2.3272 2.3269 2.3267 2.3266 2.3264 2.3263 2.3262 2.3261 2.3261 2.3261 2.3262 2.3264 2.3266 2.3271 2.3275 2.3281 2.3287 2.3293 2.3301 2.3308 2.3312 2.3315 2.3319 2.3323 2.3327 2.3333 2.3338 2.3341 2.3339 2.3336 2.3335 2.3334 2.3332 2.332 2.3305 2.3284 2.3262 2.3237 2.3213 2.3197 2.3182 2.3176 2.317 2.32 2.3232 2.3269 2.3309 2.3363 2.3419 2.3479 2.355 2.3626 2.3694 2.3763 2.3788 
6.5 2.3521 2.3519 2.3516 2.3514 2.3511 2.3508 2.3504 2.3501 2.3497 2.3493 2.3489 2.3484 2.3479 2.3474 2.3469 2.3463 2.3458 2.3452 2.3446 2.344 2.3433 2.3427 2.3421 2.3415 2.3408 2.3402 2.3396 2.3389 2.3383 2.3376 2.3369 2.3363 2.3356 2.3349 2.3342 2.3336 2.3331 2.3326 2.3322 2.3318 2.3315 2.3311 2.3308 2.3305 2.3302 2.3299 2.3297 2.3295 2.3293 2.3291 2.329 2.3289 2.3288 2.3288 2.3288 2.3288 2.3289 2.3291 2.3296 2.33 2.3306 2.3311 2.3318 2.3325 2.3332 2.3336 2.334 2.3343 2.3347 2.3351 2.3356 2.3361 2.3363 2.336 2.3358 2.3356 2.3354 2.3352 2.3338 2.3322 2.3299 2.3276 2.3252 2.3227 2.3212 2.3197 2.3191 2.3186 2.3219 2.3254 2.3291 2.3333 2.3387 2.3443 2.3505 2.3576 2.3651 2.3717 2.3786 2.3813 
7 2.3562 2.3561 2.3558 2.3555 2.3552 2.3549 2.3546 2.3543 2.3539 2.3535 2.3531 2.3526 2.3522 2.3516 2.3511 2.3506 2.35 2.3494 2.3488 2.3482 2.3476 2.3469 2.3462 2.3456 2.3449 2.3443 2.3436 2.343 2.3423 2.3416 2.341 2.3403 2.3396 2.3389 2.3382 2.3376 2.3369 2.3362 2.3358 2.3354 2.335 2.3347 2.3344 2.3341 2.3338 2.3335 2.3332 2.333 2.3328 2.3326 2.3325 2.3324 2.3323 2.3322 2.3322 2.3322 2.3323 2.3324 2.3329 2.3333 2.3338 2.3344 2.335 2.3357 2.3365 2.3369 2.3372 2.3375 2.3379 2.3382 2.3387 2.3391 2.3393 2.3389 2.3386 2.3383 2.338 2.3378 2.3361 2.3342 2.3319 2.3295 2.327 2.3245 2.3229 2.3213 2.321 2.3208 2.3241 2.3277 2.3314 2.3358 2.3413 2.3469 2.3532 2.3604 2.3679 2.3744 2.3813 2.3841 
7.5 2.3633 2.3631 2.3627 2.3623 2.3619 2.3616 2.3612 2.3609 2.3605 2.3601 2.3596 2.3592 2.3587 2.3582 2.3577 2.3571 2.3566 2.356 2.3554 2.3547 2.3541 2.3534 2.3528 2.3521 2.3514 2.3507 2.35 2.3493 2.3486 2.348 2.3473 2.3466 2.3459 2.3452 2.3445 2.3438 2.3431 2.3424 2.3419 2.3413 2.3409 2.3406 2.3402 2.3399 2.3396 2.3393 2.339 2.3387 2.3385 2.3383 2.3382 2.3381 2.3379 2.3379 2.3378 2.3378 2.3379 2.338 2.3384 2.3388 2.3393 2.3399 2.3405 2.3412 2.3419 2.3423 2.3426 2.3429 2.3432 2.3435 2.3439 2.3442 2.3443 2.3439 2.3434 2.3431 2.3428 2.3425 2.3405 2.3383 2.3358 2.3333 2.3308 2.3283 2.3266 2.3249 2.3248 2.3248 2.328 2.3313 2.3348 2.3392 2.3444 2.3498 2.3558 2.3627 2.3698 2.3759 2.3823 2.3846 
8 2.37 2.3697 2.3693 2.3689 2.3684 2.3679 2.3674 2.3668 2.3663 2.3657 2.3652 2.3647 2.3642 2.3637 2.3632 2.3626 2.362 2.3614 2.3608 2.3602 2.3595 2.3589 2.3582 2.3575 2.3568 2.356 2.3553 2.3545 2.3538 2.3531 2.3524 2.3517 2.351 2.3503 2.3495 2.3488 2.3481 2.3473 2.3466 2.3459 2.3454 2.3451 2.3447 2.3443 2.344 2.3437 2.3434 2.3431 2.3428 2.3425 2.3424 2.3422 2.342 2.3419 2.3418 2.3418 2.3418 2.3419 2.3422 2.3425 2.343 2.3435 2.3441 2.3447 2.3454 2.3457 2.3459 2.3462 2.3465 2.3467 2.347 2.3472 2.3472 2.3467 2.3461 2.3457 2.3453 2.3448 2.3426 2.3403 2.3376 2.3349 2.3323 2.3298 2.328 2.3262 2.3263 2.3265 2.3296 2.3328 2.3362 2.3406 2.3458 2.3511 2.3572 2.364 2.371 2.377 2.3833 2.3856 
8.5 2.3772 2.377 2.3766 2.3761 2.3757 2.3752 2.3746 2.3741 2.3734 2.3727 2.372 2.3712 2.3705 2.3698 2.3692 2.3687 2.3681 2.3675 2.3668 2.3662 2.3655 2.3648 2.3641 2.3633 2.3626 2.3618 2.361 2.3602 2.3594 2.3586 2.3579 2.3571 2.3563 2.3556 2.3548 2.354 2.3532 2.3524 2.3516 2.3508 2.3502 2.3497 2.3492 2.3488 2.3484 2.348 2.3476 2.3472 2.3469 2.3466 2.3463 2.3461 2.3458 2.3457 2.3455 2.3454 2.3453 2.3452 2.3454 2.3457 2.3461 2.3465 2.347 2.3475 2.3481 2.3484 2.3486 2.3487 2.3489 2.349 2.3492 2.3494 2.3492 2.3486 2.348 2.3474 2.3468 2.3461 2.3438 2.3413 2.3385 2.3355 2.3328 2.3301 2.328 2.3261 2.326 2.326 2.3288 2.3318 2.335 2.3393 2.3443 2.3495 2.3556 2.3624 2.3694 2.3755 2.3819 2.3844 
9 2.3842 2.384 2.3835 2.383 2.3826 2.3821 2.3815 2.3809 2.3803 2.3796 2.3788 2.378 2.3771 2.3762 2.3754 2.3745 2.3738 2.3732 2.3725 2.3718 2.3711 2.3704 2.3697 2.3689 2.3681 2.3673 2.3665 2.3656 2.3648 2.3639 2.3631 2.3623 2.3615 2.3606 2.3598 2.359 2.3582 2.3573 2.3565 2.3556 2.3549 2.3542 2.3536 2.3531 2.3527 2.3522 2.3518 2.3514 2.351 2.3506 2.3503 2.35 2.3497 2.3495 2.3493 2.3491 2.3489 2.3489 2.349 2.3491 2.3495 2.3499 2.3503 2.3508 2.3514 2.3516 2.3518 2.3519 2.352 2.3521 2.3522 2.3523 2.3521 2.3514 2.3506 2.35 2.3493 2.3485 2.346 2.3434 2.3404 2.3373 2.3345 2.3317 2.3296 2.3275 2.3275 2.3276 2.3303 2.3332 2.3362 2.3404 2.3452 2.3503 2.3562 2.3627 2.3693 2.375 2.3809 2.3828 
9.5 2.3839 2.3836 2.3831 2.3825 2.3819 2.3812 2.3804 2.3796 2.3787 2.3777 2.3766 2.3755 2.3743 2.373 2.3717 2.3703 2.3689 2.3676 2.3663 2.3651 2.3638 2.3625 2.3612 2.3597 2.3582 2.3567 2.355 2.3534 2.3516 2.3498 2.348 2.3461 2.3442 2.3422 2.3402 2.3381 2.3359 2.3337 2.3314 2.3291 2.3268 2.3244 2.3221 2.3199 2.3177 2.3154 2.313 2.3106 2.3082 2.3058 2.3033 2.3009 2.2985 2.296 2.2936 2.2912 2.2889 2.2867 2.2848 2.2829 2.2812 2.2796 2.278 2.2766 2.2752 2.2737 2.2723 2.2711 2.2701 2.2691 2.2682 2.2672 2.2663 2.2656 2.265 2.2644 2.2638 2.2629 2.2617 2.2606 2.2597 2.259 2.2592 2.2595 2.261 2.2626 2.2676 2.2729 2.2797 2.2866 2.2947 2.3039 2.3136 2.3239 2.3353 2.3471 2.3588 2.3702 2.3818 2.3894 
10 2.2944 2.294 2.2932 2.2924 2.2917 2.2907 2.2896 2.2885 2.2873 2.286 2.2845 2.283 2.2814 2.2797 2.2779 2.2761 2.2744 2.2728 2.2711 2.2694 2.2676 2.2657 2.2638 2.2617 2.2597 2.2575 2.2553 2.253 2.2506 2.2483 2.2459 2.2434 2.2409 2.2383 2.2357 2.2331 2.2303 2.2276 2.2248 2.222 2.2193 2.2168 2.2142 2.2116 2.2089 2.2063 2.2037 2.201 2.1984 2.1959 2.1934 2.1909 2.1884 2.1861 2.1838 2.1818 2.1799 2.1782 2.1767 2.1753 2.1743 2.1733 2.1724 2.1714 2.1705 2.17 2.1697 2.1695 2.1697 2.1698 2.1702 2.1707 2.1714 2.1729 2.1743 2.1752 2.1762 2.1773 2.1789 2.1805 2.1831 2.1859 2.1897 2.1936 2.1995 2.2056 2.215 2.2247 2.2354 2.2462 2.2589 2.2724 2.2863 2.3012 2.3169 2.3331 2.349 2.3649 2.3808 2.3926 
10.5 2.2172 2.2169 2.2162 2.2156 2.2149 2.2142 2.2133 2.2125 2.2115 2.2104 2.2093 2.2081 2.2068 2.2055 2.2042 2.203 2.2018 2.2006 2.1994 2.1981 2.1968 2.1954 2.194 2.1925 2.191 2.1895 2.1879 2.1863 2.1846 2.1829 2.1812 2.1795 2.1778 2.176 2.1742 2.1724 2.1705 2.1686 2.1668 2.165 2.1633 2.1617 2.1601 2.1585 2.1569 2.1553 2.1538 2.1522 2.1508 2.1493 2.1479 2.1466 2.1453 2.1441 2.143 2.1422 2.1416 2.1411 2.1408 2.1406 2.1407 2.1409 2.1411 2.1413 2.1414 2.1421 2.143 2.1439 2.1451 2.1462 2.1477 2.1492 2.151 2.1535 2.1559 2.1577 2.1594 2.1615 2.1639 2.1664 2.17 2.1737 2.1783 2.1829 2.1898 2.1968 2.2068 2.2169 2.2282 2.2396 2.2528 2.2666 2.2809 2.2963 2.3125 2.3291 2.3452 2.3613 2.3772 2.3888 
11 2.1783 2.178 2.1774 2.1769 2.1763 2.1757 2.175 2.1743 2.1735 2.1726 2.1716 2.1707 2.1696 2.1685 2.1674 2.1664 2.1654 2.1645 2.1636 2.1626 2.1616 2.1605 2.1595 2.1584 2.1572 2.156 2.1548 2.1536 2.1523 2.1511 2.1498 2.1486 2.1473 2.146 2.1447 2.1433 2.142 2.1406 2.1393 2.1381 2.137 2.1359 2.1349 2.1339 2.1328 2.1319 2.1309 2.1299 2.1291 2.1283 2.1275 2.1268 2.1262 2.1257 2.1251 2.125 2.1251 2.1252 2.1256 2.126 2.1268 2.1276 2.1284 2.1292 2.1299 2.1312 2.1326 2.1342 2.1359 2.1376 2.1396 2.1416 2.1439 2.1468 2.1496 2.1519 2.154 2.1565 2.1592 2.1621 2.1659 2.1699 2.1747 2.1796 2.1867 2.194 2.2041 2.2143 2.2258 2.2372 2.2504 2.2643 2.2787 2.2942 2.3104 2.327 2.3431 2.3589 2.3745 2.3855 
11.5 2.1598 2.1596 2.159 2.1585 2.158 2.1574 2.1568 2.1562 2.1555 2.1547 2.1539 2.153 2.1521 2.1511 2.1501 2.149 2.1481 2.1474 2.1466 2.1458 2.1449 2.144 2.1432 2.1422 2.1413 2.1403 2.1393 2.1383 2.1373 2.1363 2.1352 2.1342 2.1332 2.1322 2.1311 2.1301 2.129 2.1279 2.1269 2.1259 2.1251 2.1244 2.1236 2.123 2.1223 2.1216 2.121 2.1204 2.12 2.1195 2.1191 2.1188 2.1185 2.1184 2.1183 2.1186 2.119 2.1195 2.1203 2.1211 2.1223 2.1235 2.1247 2.1259 2.127 2.1287 2.1305 2.1324 2.1345 2.1366 2.1389 2.1413 2.1439 2.147 2.1501 2.1526 2.155 2.1577 2.1607 2.1637 2.1679 2.1721 2.1772 2.1823 2.1899 2.1977 2.2079 2.2182 2.2297 2.2413 2.2545 2.2682 2.2825 2.298 2.3141 2.3306 2.3463 2.3618 2.377 2.3879 
12 2.1544 2.1542 2.1537 2.1532 2.1527 2.1522 2.1516 2.1511 2.1504 2.1497 2.149 2.1482 2.1473 2.1464 2.1455 2.1445 2.1435 2.1426 2.1419 2.1411 2.1404 2.1396 2.1389 2.1381 2.1372 2.1364 2.1355 2.1346 2.1337 2.1328 2.1319 2.131 2.1302 2.1293 2.1284 2.1275 2.1266 2.1257 2.1248 2.1239 2.1233 2.1227 2.1222 2.1217 2.1212 2.1207 2.1203 2.1199 2.1196 2.1194 2.1192 2.1191 2.119 2.1191 2.1192 2.1197 2.1203 2.121 2.1221 2.1231 2.1245 2.1259 2.1274 2.1288 2.1302 2.1321 2.1341 2.1362 2.1384 2.1406 2.1432 2.1458 2.1486 2.1517 2.1548 2.1575 2.1601 2.1629 2.1661 2.1694 2.1738 2.1784 2.1838 2.1894 2.1979 2.2067 2.2172 2.2278 2.2398 2.252 2.2654 2.2793 2.2938 2.3095 2.3254 2.3414 2.3562 2.3708 2.3847 2.3944 
12.5 2.1532 2.153 2.1525 2.152 2.1515 2.151 2.1505 2.1499 2.1493 2.1486 2.1479 2.1471 2.1463 2.1454 2.1445 2.1435 2.1425 2.1414 2.1406 2.1398 2.1391 2.1384 2.1376 2.1368 2.1361 2.1353 2.1344 2.1336 2.1327 2.1318 2.1309 2.1301 2.1292 2.1284 2.1275 2.1267 2.1258 2.1249 2.124 2.1231 2.1225 2.122 2.1215 2.1211 2.1206 2.1202 2.1198 2.1195 2.1193 2.119 2.1189 2.1188 2.1188 2.119 2.1191 2.1197 2.1204 2.1212 2.1224 2.1235 2.1249 2.1264 2.1279 2.1294 2.1309 2.133 2.1352 2.1375 2.1397 2.1419 2.1446 2.1475 2.1504 2.1534 2.1564 2.1593 2.1621 2.1651 2.1687 2.1725 2.1772 2.1821 2.1882 2.1943 2.204 2.2139 2.2249 2.236 2.2487 2.2616 2.2755 2.2898 2.305 2.3209 2.337 2.3526 2.3671 2.3813 2.3945 2.4037 
13 2.16 2.1597 2.1593 2.1588 2.1583 2.1577 2.1571 2.1566 2.1559 2.1552 2.1545 2.1536 2.1528 2.1519 2.1509 2.1499 2.1489 2.1478 2.1468 2.1459 2.1451 2.1443 2.1435 2.1427 2.1418 2.141 2.14 2.1391 2.1382 2.1372 2.1362 2.1353 2.1343 2.1334 2.1324 2.1314 2.1304 2.1294 2.1284 2.1274 2.1266 2.126 2.1253 2.1247 2.124 2.1234 2.1229 2.1223 2.1219 2.1214 2.1211 2.1207 2.1205 2.1204 2.1203 2.1206 2.1211 2.1217 2.1226 2.1234 2.1244 2.1255 2.1266 2.1278 2.1291 2.1309 2.1328 2.1347 2.1365 2.1382 2.1408 2.1434 2.146 2.1486 2.1512 2.1539 2.1567 2.1596 2.1634 2.1673 2.1721 2.177 2.1832 2.1895 2.1994 2.2096 2.2206 2.2317 2.2446 2.2576 2.2715 2.2859 2.3012 2.3172 2.3332 2.3485 2.3628 2.3766 2.3892 2.398 
13.5 2.1636 2.1633 2.1627 2.1621 2.1615 2.1609 2.1602 2.1595 2.1587 2.1579 2.157 2.156 2.1549 2.1538 2.1527 2.1515 2.1502 2.1488 2.1476 2.1464 2.1453 2.1443 2.1432 2.1421 2.1409 2.1397 2.1385 2.1372 2.1359 2.1345 2.1332 2.1318 2.1304 2.129 2.1276 2.1262 2.1247 2.1232 2.1217 2.1202 2.1189 2.1177 2.1165 2.1153 2.1141 2.1129 2.1117 2.1106 2.1095 2.1084 2.1074 2.1065 2.1056 2.1048 2.1041 2.1038 2.1037 2.1036 2.1038 2.104 2.1044 2.1048 2.1053 2.106 2.1066 2.1079 2.1094 2.1108 2.1121 2.1134 2.1156 2.118 2.1204 2.1228 2.1253 2.128 2.1307 2.1337 2.1375 2.1413 2.1462 2.1513 2.1574 2.1637 2.1733 2.1832 2.1944 2.2057 2.2186 2.2317 2.246 2.2608 2.2765 2.2931 2.3098 2.3262 2.3413 2.356 2.3695 2.3789 
14 2.1526 2.1523 2.1516 2.1509 2.1503 2.1495 2.1487 2.1478 2.1469 2.1459 2.1448 2.1436 2.1423 2.141 2.1396 2.1382 2.1367 2.1351 2.1336 2.1321 2.1307 2.1294 2.128 2.1265 2.1251 2.1235 2.1219 2.1203 2.1186 2.1169 2.1152 2.1134 2.1117 2.1098 2.108 2.1061 2.1042 2.1023 2.1004 2.0985 2.0968 2.0951 2.0934 2.0918 2.0901 2.0884 2.0868 2.0851 2.0836 2.0821 2.0806 2.0792 2.0778 2.0767 2.0756 2.0749 2.0743 2.0738 2.0736 2.0735 2.0735 2.0735 2.0736 2.074 2.0744 2.0755 2.0767 2.078 2.0792 2.0804 2.0826 2.0849 2.0874 2.09 2.0927 2.0956 2.0986 2.1019 2.1061 2.1103 2.1157 2.1212 2.1278 2.1345 2.1445 2.1547 2.1666 2.1785 2.1921 2.2058 2.2209 2.2367 2.2532 2.2709 2.2889 2.3066 2.323 2.3389 2.3538 2.3643 
14.5 2.1295 2.1291 2.1284 2.1276 2.1269 2.126 2.1251 2.1242 2.1231 2.122 2.1207 2.1194 2.1181 2.1166 2.1151 2.1134 2.1118 2.11 2.1083 2.1067 2.1051 2.1036 2.102 2.1003 2.0987 2.0969 2.0951 2.0932 2.0913 2.0893 2.0873 2.0853 2.0833 2.0812 2.0791 2.077 2.0748 2.0726 2.0705 2.0684 2.0663 2.0644 2.0624 2.0605 2.0585 2.0566 2.0546 2.0527 2.0509 2.0491 2.0474 2.0457 2.0441 2.0428 2.0414 2.0405 2.0397 2.039 2.0386 2.0382 2.038 2.0378 2.0378 2.0381 2.0384 2.0394 2.0406 2.0418 2.0431 2.0444 2.0467 2.0492 2.0518 2.0547 2.0575 2.0608 2.0642 2.0681 2.0728 2.0776 2.0836 2.0897 2.097 2.1043 2.1149 2.1258 2.1384 2.1511 2.1656 2.1801 2.1962 2.2131 2.2307 2.2496 2.2688 2.288 2.3057 2.323 2.3392 2.3508 
15 2.0988 2.0984 2.0976 2.0968 2.096 2.0951 2.0941 2.0931 2.092 2.0908 2.0895 2.0881 2.0866 2.085 2.0834 2.0817 2.0799 2.078 2.0763 2.0746 2.0729 2.0712 2.0695 2.0677 2.0659 2.064 2.062 2.06 2.0579 2.0557 2.0536 2.0515 2.0493 2.047 2.0448 2.0424 2.0401 2.0377 2.0354 2.0332 2.031 2.0289 2.0267 2.0246 2.0224 2.0203 2.0182 2.0161 2.0141 2.0121 2.0102 2.0084 2.0066 2.0052 2.0037 2.0026 2.0016 2.0008 2.0003 1.9998 1.9995 1.9992 1.9991 1.9994 1.9997 2.0007 2.0018 2.003 2.0045 2.0059 2.0084 2.0111 2.014 2.0172 2.0203 2.0241 2.0279 2.0323 2.0376 2.043 2.0497 2.0565 2.0645 2.0725 2.0838 2.0953 2.1087 2.1223 2.1376 2.1531 2.1702 2.1882 2.2069 2.2271 2.2477 2.2684 2.2876 2.3064 2.3242 2.3372 
15.5 2.0634 2.063 2.0622 2.0613 2.0605 2.0596 2.0585 2.0575 2.0563 2.0551 2.0537 2.0523 2.0507 2.0491 2.0474 2.0456 2.0438 2.0418 2.04 2.0384 2.0367 2.0349 2.0331 2.0312 2.0292 2.0272 2.0251 2.023 2.0208 2.0186 2.0164 2.0141 2.0119 2.0095 2.0071 2.0047 2.0022 1.9998 1.9974 1.9951 1.9929 1.9906 1.9883 1.9861 1.9838 1.9816 1.9794 1.9772 1.9751 1.973 1.971 1.9691 1.9673 1.9658 1.9643 1.9631 1.9621 1.9612 1.9607 1.9601 1.9598 1.9594 1.9593 1.9597 1.96 1.961 1.9622 1.9636 1.9652 1.9668 1.9696 1.9725 1.9757 1.9792 1.9826 1.9869 1.9912 1.9961 2.002 2.008 2.0154 2.0229 2.0316 2.0404 2.0523 2.0645 2.0787 2.0931 2.1094 2.1258 2.144 2.1631 2.183 2.2046 2.2266 2.2487 2.2696 2.2899 2.3094 2.3237 
16 2.0255 2.0251 2.0242 2.0234 2.0225 2.0216 2.0205 2.0195 2.0183 2.017 2.0156 2.0141 2.0126 2.0109 2.0092 2.0074 2.0055 2.0036 2.0018 2.0001 1.9984 1.9966 1.9947 1.9927 1.9908 1.9887 1.9866 1.9844 1.9822 1.98 1.9777 1.9754 1.9731 1.9707 1.9682 1.9658 1.9632 1.9608 1.9585 1.9562 1.9539 1.9516 1.9493 1.947 1.9447 1.9424 1.9402 1.938 1.9359 1.9337 1.9318 1.9298 1.928 1.9265 1.925 1.9239 1.9229 1.9221 1.9216 1.9211 1.9207 1.9204 1.9203 1.9208 1.9213 1.9224 1.9237 1.9252 1.927 1.9289 1.9319 1.9352 1.9386 1.9424 1.9462 1.9509 1.9557 1.9612 1.9677 1.9743 1.9823 1.9905 1.9999 2.0094 2.022 2.0349 2.05 2.0652 2.0824 2.0997 2.1189 2.1392 2.1603 2.1831 2.2065 2.2301 2.2525 2.2744 2.2954 2.3111 
16.5 1.987 1.9865 1.9857 1.9848 1.9839 1.983 1.9819 1.9809 1.9797 1.9784 1.977 1.9755 1.9739 1.9723 1.9706 1.9687 1.9669 1.9651 1.9634 1.9617 1.9599 1.9581 1.9563 1.9543 1.9523 1.9502 1.9481 1.946 1.9438 1.9416 1.9393 1.937 1.9347 1.9323 1.9299 1.9274 1.9249 1.9225 1.9203 1.918 1.9157 1.9135 1.9112 1.9089 1.9067 1.9044 1.9022 1.9001 1.898 1.8959 1.894 1.8921 1.8904 1.889 1.8876 1.8865 1.8856 1.8848 1.8844 1.8839 1.8837 1.8835 1.8835 1.8842 1.8848 1.8861 1.8875 1.8891 1.8912 1.8933 1.8966 1.9001 1.9039 1.908 1.9121 1.9172 1.9225 1.9284 1.9355 1.9426 1.9512 1.96 1.97 1.9801 1.9934 2.0069 2.0226 2.0386 2.0566 2.0747 2.0949 2.1162 2.1384 2.1623 2.187 2.2119 2.2358 2.2591 2.2817 2.2986 
17 1.9492 1.9488 1.9479 1.9471 1.9462 1.9452 1.9442 1.9431 1.942 1.9407 1.9393 1.9379 1.9363 1.9347 1.933 1.9312 1.9295 1.9278 1.9261 1.9244 1.9227 1.9209 1.9191 1.9171 1.9152 1.9131 1.911 1.9089 1.9068 1.9046 1.9024 1.9002 1.8979 1.8956 1.8932 1.8908 1.8885 1.8861 1.8839 1.8818 1.8796 1.8773 1.8751 1.8729 1.8707 1.8686 1.8665 1.8644 1.8624 1.8605 1.8586 1.8568 1.8552 1.8539 1.8527 1.8517 1.8509 1.8502 1.8499 1.8495 1.8494 1.8493 1.8495 1.8503 1.8511 1.8526 1.8541 1.8559 1.8583 1.8606 1.8642 1.868 1.872 1.8764 1.8808 1.8863 1.8919 1.8983 1.9058 1.9135 1.9226 1.9319 1.9424 1.9531 1.9669 1.9809 1.9973 2.0139 2.0326 2.0514 2.0724 2.0946 2.1178 2.1427 2.1686 2.1947 2.22 2.2446 2.2685 2.2867 
17.5 1.9135 1.9131 1.9122 1.9114 1.9105 1.9096 1.9085 1.9075 1.9064 1.9051 1.9038 1.9024 1.9008 1.8992 1.8976 1.8958 1.8942 1.8927 1.8911 1.8894 1.8877 1.886 1.8842 1.8823 1.8804 1.8784 1.8764 1.8744 1.8723 1.8702 1.8681 1.8659 1.8637 1.8615 1.8592 1.857 1.8547 1.8525 1.8504 1.8483 1.8462 1.8441 1.842 1.8399 1.8378 1.8358 1.8338 1.8318 1.8299 1.8281 1.8264 1.8247 1.8232 1.8221 1.8209 1.8201 1.8194 1.8189 1.8186 1.8184 1.8184 1.8185 1.8189 1.8198 1.8208 1.8224 1.8241 1.8261 1.8287 1.8312 1.835 1.839 1.8432 1.8479 1.8526 1.8584 1.8644 1.8711 1.879 1.8871 1.8966 1.9063 1.9173 1.9284 1.9425 1.9569 1.9738 1.9909 2.0102 2.0295 2.0512 2.0741 2.0982 2.1239 2.1507 2.1779 2.2043 2.2301 2.2552 2.2744 
18 1.8805 1.8801 1.8792 1.8784 1.8775 1.8766 1.8756 1.8746 1.8735 1.8723 1.871 1.8696 1.8681 1.8666 1.865 1.8633 1.8618 1.8604 1.8588 1.8573 1.8556 1.8539 1.8522 1.8504 1.8485 1.8466 1.8447 1.8427 1.8408 1.8388 1.8367 1.8346 1.8325 1.8304 1.8282 1.8261 1.824 1.8219 1.8199 1.8179 1.8159 1.8139 1.8119 1.8099 1.808 1.8061 1.8042 1.8024 1.8006 1.7989 1.7973 1.7958 1.7945 1.7935 1.7925 1.7918 1.7912 1.7908 1.7907 1.7905 1.7907 1.791 1.7915 1.7926 1.7937 1.7955 1.7974 1.7995 1.8023 1.805 1.809 1.8132 1.8176 1.8225 1.8275 1.8335 1.8397 1.8468 1.855 1.8633 1.8732 1.8832 1.8946 1.906 1.9204 1.935 1.9523 1.9697 1.9894 2.0091 2.0313 2.0547 2.0794 2.1058 2.1334 2.1614 2.1888 2.2154 2.2415 2.2616 
18.5 1.8501 1.8497 1.8489 1.848 1.8472 1.8463 1.8453 1.8443 1.8433 1.8421 1.8408 1.8395 1.8381 1.8366 1.8351 1.8336 1.8321 1.8307 1.8293 1.8277 1.8262 1.8245 1.8229 1.8211 1.8194 1.8176 1.8157 1.8139 1.812 1.8101 1.8081 1.8061 1.8041 1.8021 1.8 1.798 1.796 1.7941 1.7922 1.7903 1.7884 1.7866 1.7847 1.7828 1.781 1.7792 1.7775 1.7758 1.7742 1.7726 1.7711 1.7698 1.7686 1.7677 1.7668 1.7663 1.7658 1.7655 1.7655 1.7655 1.7659 1.7663 1.7669 1.7682 1.7694 1.7713 1.7734 1.7757 1.7786 1.7815 1.7856 1.7899 1.7945 1.7997 1.8048 1.8111 1.8175 1.8248 1.8332 1.8417 1.8518 1.8621 1.8737 1.8854 1.8999 1.9146 1.9321 1.9499 1.9698 1.9898 2.0123 2.0362 2.0614 2.0882 2.1164 2.1451 2.1733 2.2007 2.2277 2.2485 
19 1.8223 1.8219 1.821 1.8202 1.8194 1.8185 1.8176 1.8166 1.8156 1.8145 1.8133 1.812 1.8106 1.8092 1.8078 1.8064 1.805 1.8036 1.8022 1.8008 1.7993 1.7977 1.7961 1.7945 1.7928 1.7911 1.7893 1.7876 1.7858 1.784 1.7821 1.7802 1.7783 1.7764 1.7744 1.7726 1.7707 1.7689 1.7671 1.7654 1.7636 1.7618 1.7601 1.7584 1.7567 1.755 1.7534 1.7518 1.7503 1.7489 1.7476 1.7464 1.7453 1.7446 1.7438 1.7434 1.7431 1.7429 1.7431 1.7432 1.7437 1.7442 1.745 1.7464 1.7478 1.7498 1.752 1.7544 1.7575 1.7605 1.7647 1.7692 1.7739 1.7793 1.7846 1.791 1.7976 1.805 1.8136 1.8222 1.8326 1.8431 1.8549 1.8668 1.8812 1.8958 1.9135 1.9314 1.9515 1.9716 1.9943 2.0185 2.044 2.0711 2.0997 2.129 2.1578 2.1859 2.2135 2.2349 
19.5 1.7972 1.7968 1.796 1.7951 1.7943 1.7935 1.7926 1.7917 1.7907 1.7896 1.7884 1.7872 1.7858 1.7845 1.7831 1.7818 1.7805 1.7792 1.7779 1.7765 1.7751 1.7736 1.7721 1.7705 1.7689 1.7673 1.7656 1.7639 1.7622 1.7605 1.7587 1.757 1.7552 1.7533 1.7515 1.7497 1.748 1.7463 1.7446 1.743 1.7413 1.7396 1.738 1.7364 1.7348 1.7333 1.7318 1.7303 1.729 1.7276 1.7264 1.7253 1.7244 1.7237 1.7231 1.7228 1.7226 1.7225 1.7228 1.723 1.7236 1.7242 1.7251 1.7266 1.7281 1.7302 1.7326 1.7351 1.7382 1.7413 1.7456 1.7502 1.755 1.7605 1.766 1.7726 1.7792 1.7867 1.7953 1.804 1.8144 1.8251 1.837 1.849 1.8631 1.8775 1.8953 1.9133 1.9333 1.9535 1.9761 2.0003 2.026 2.0531 2.082 2.1116 2.141 2.1695 2.1976 2.2195 
20 1.7755 1.7751 1.7743 1.7735 1.7727 1.7718 1.771 1.7701 1.7691 1.768 1.7669 1.7657 1.7644 1.7631 1.7617 1.7603 1.759 1.7577 1.7564 1.7551 1.7537 1.7523 1.7508 1.7493 1.7478 1.7462 1.7446 1.743 1.7413 1.7397 1.738 1.7363 1.7346 1.7328 1.7311 1.7294 1.7277 1.7261 1.7245 1.7229 1.7214 1.7198 1.7182 1.7167 1.7152 1.7138 1.7124 1.7111 1.7098 1.7086 1.7075 1.7064 1.7056 1.705 1.7045 1.7043 1.7041 1.7042 1.7046 1.705 1.7056 1.7064 1.7073 1.7089 1.7104 1.7127 1.7152 1.7179 1.7211 1.7242 1.7286 1.7331 1.7381 1.7437 1.7494 1.756 1.7627 1.7703 1.7789 1.7876 1.798 1.8086 1.8205 1.8326 1.8465 1.8605 1.8782 1.8962 1.9162 1.9363 1.9587 1.9829 2.0086 2.0357 2.0648 2.0946 2.1244 2.1532 2.1817 2.2039 
20.5 1.7584 1.7579 1.757 1.7562 1.7553 1.7544 1.7535 1.7526 1.7517 1.7506 1.7495 1.7483 1.7471 1.7458 1.7444 1.743 1.7415 1.7399 1.7385 1.7371 1.7358 1.7344 1.733 1.7316 1.7301 1.7286 1.727 1.7255 1.7239 1.7223 1.7207 1.7191 1.7174 1.7158 1.7141 1.7124 1.7107 1.7091 1.7076 1.7061 1.7047 1.7032 1.7018 1.7004 1.699 1.6977 1.6964 1.6951 1.694 1.6928 1.6919 1.6909 1.6901 1.6896 1.6891 1.689 1.6889 1.689 1.6895 1.69 1.6908 1.6918 1.6929 1.6945 1.696 1.6985 1.701 1.7038 1.7071 1.7103 1.7146 1.7191 1.7241 1.73 1.7358 1.7423 1.7489 1.7564 1.7649 1.7735 1.7836 1.7939 1.8056 1.8174 1.8308 1.8443 1.8613 1.8785 1.8981 1.9178 1.9393 1.9629 1.9881 2.0146 2.043 2.0724 2.1021 2.1306 2.1589 2.1811 
21 1.7473 1.7466 1.7452 1.7438 1.7424 1.741 1.7395 1.7381 1.7368 1.7357 1.7345 1.7334 1.7322 1.7309 1.7296 1.7282 1.7268 1.7253 1.7237 1.7221 1.7206 1.7192 1.7177 1.7164 1.715 1.7135 1.7121 1.7106 1.7091 1.7075 1.706 1.7044 1.7029 1.7013 1.6997 1.6982 1.6966 1.695 1.6934 1.6919 1.6905 1.6892 1.6878 1.6865 1.6852 1.684 1.6828 1.6816 1.6805 1.6795 1.6786 1.6777 1.6769 1.6764 1.6759 1.6757 1.6758 1.6759 1.6764 1.677 1.6779 1.679 1.6802 1.6818 1.6834 1.6858 1.6883 1.6911 1.6945 1.6979 1.7021 1.7065 1.7114 1.7172 1.723 1.7295 1.7362 1.7434 1.7517 1.7601 1.7697 1.7794 1.7908 1.8024 1.8153 1.8282 1.8441 1.8603 1.8792 1.8982 1.9189 1.9415 1.9658 1.9915 2.0188 2.0475 2.0766 2.1047 2.1323 2.1545 
21.5 1.7385 1.7378 1.7365 1.7351 1.7337 1.7322 1.7304 1.7286 1.7267 1.7246 1.7227 1.7209 1.7194 1.7181 1.7168 1.7155 1.7141 1.7127 1.7112 1.7096 1.708 1.7064 1.7048 1.7033 1.7019 1.7005 1.6991 1.6977 1.6962 1.6947 1.6932 1.6917 1.6902 1.6887 1.6872 1.6857 1.6842 1.6826 1.6811 1.6796 1.6782 1.6768 1.6755 1.6743 1.673 1.6719 1.6707 1.6696 1.6686 1.6676 1.6667 1.6659 1.6652 1.6646 1.6641 1.6639 1.6639 1.664 1.6646 1.6651 1.6661 1.6673 1.6685 1.6702 1.6718 1.6741 1.6765 1.6793 1.6828 1.6863 1.6905 1.6947 1.6995 1.7051 1.7107 1.7174 1.7242 1.7312 1.7392 1.7474 1.7566 1.766 1.7769 1.788 1.8004 1.8128 1.8276 1.8425 1.8607 1.8791 1.8989 1.9203 1.9437 1.9685 1.9946 2.0223 2.0504 2.0779 2.1046 2.1266 
22 1.7309 1.7302 1.7289 1.7276 1.7262 1.7247 1.7229 1.7212 1.7193 1.7172 1.715 1.7127 1.7104 1.708 1.706 1.7044 1.7029 1.7015 1.7 1.6985 1.697 1.6954 1.6938 1.6921 1.6904 1.6889 1.6875 1.6861 1.6847 1.6833 1.6818 1.6804 1.6789 1.6774 1.6759 1.6745 1.673 1.6715 1.67 1.6686 1.6671 1.6657 1.6643 1.6631 1.6619 1.6608 1.6597 1.6586 1.6576 1.6566 1.6558 1.655 1.6543 1.6538 1.6532 1.653 1.6529 1.6529 1.6534 1.6539 1.6549 1.656 1.6573 1.6591 1.6608 1.663 1.6654 1.6681 1.6716 1.675 1.6791 1.6834 1.6881 1.6935 1.699 1.7056 1.7125 1.7195 1.7273 1.7351 1.7441 1.7532 1.7636 1.7741 1.7861 1.7981 1.8117 1.8255 1.843 1.8606 1.8798 1.9001 1.9225 1.9463 1.9713 1.998 2.0252 2.0521 2.0781 2.0999 
22.5 1.7239 1.7233 1.7219 1.7206 1.7193 1.7178 1.716 1.7143 1.7124 1.7104 1.7083 1.706 1.7036 1.7011 1.6985 1.6958 1.6935 1.6914 1.6897 1.6883 1.6868 1.6852 1.6837 1.682 1.6804 1.6787 1.677 1.6754 1.674 1.6726 1.6712 1.6698 1.6684 1.6669 1.6654 1.664 1.6625 1.6611 1.6597 1.6582 1.6568 1.6554 1.654 1.6527 1.6514 1.6503 1.6492 1.6482 1.6472 1.6463 1.6454 1.6447 1.644 1.6434 1.6429 1.6427 1.6425 1.6425 1.6429 1.6434 1.6443 1.6454 1.6467 1.6484 1.6502 1.6525 1.6548 1.6575 1.6608 1.6641 1.6683 1.6727 1.6773 1.6826 1.6878 1.6943 1.7009 1.7083 1.7159 1.7235 1.7322 1.741 1.751 1.761 1.7725 1.7843 1.7973 1.8104 1.8268 1.8435 1.862 1.8815 1.9028 1.9258 1.9499 1.9754 2.0017 2.028 2.0532 2.0745 
23 1.7181 1.7173 1.7159 1.7144 1.713 1.7114 1.7096 1.7079 1.706 1.704 1.7019 1.6997 1.6973 1.6949 1.6924 1.6897 1.687 1.6841 1.6816 1.6792 1.6773 1.6758 1.6743 1.6727 1.6711 1.6694 1.6677 1.666 1.6644 1.6628 1.6614 1.66 1.6586 1.6572 1.6558 1.6543 1.6529 1.6514 1.65 1.6486 1.6472 1.6458 1.6444 1.6431 1.6417 1.6406 1.6395 1.6385 1.6375 1.6366 1.6358 1.635 1.6343 1.6338 1.6333 1.633 1.6328 1.6328 1.6331 1.6334 1.6343 1.6353 1.6365 1.6383 1.64 1.6423 1.6446 1.6473 1.6505 1.6537 1.6579 1.6623 1.6669 1.6721 1.6772 1.6834 1.6898 1.697 1.7047 1.7124 1.7209 1.7294 1.739 1.7486 1.7598 1.7711 1.7835 1.7961 1.8116 1.8272 1.845 1.8639 1.8842 1.9063 1.9296 1.9539 1.9793 2.0048 2.0293 2.0499 
23.5 1.7119 1.7112 1.7097 1.7083 1.7068 1.7051 1.7032 1.7013 1.6993 1.6973 1.6952 1.693 1.6907 1.6883 1.6858 1.6832 1.6805 1.6777 1.6748 1.6718 1.6694 1.6673 1.6652 1.6636 1.6621 1.6604 1.6588 1.6571 1.6554 1.6536 1.6521 1.6506 1.6492 1.6478 1.6464 1.645 1.6436 1.6422 1.6408 1.6394 1.638 1.6366 1.6352 1.6339 1.6325 1.6313 1.6302 1.6291 1.6281 1.6272 1.6264 1.6256 1.6249 1.6243 1.6238 1.6235 1.6233 1.6232 1.6234 1.6237 1.6245 1.6254 1.6266 1.6282 1.6299 1.6322 1.6346 1.6373 1.6403 1.6434 1.6475 1.6518 1.6563 1.6615 1.6666 1.6727 1.6789 1.6859 1.6936 1.7014 1.7096 1.7179 1.7273 1.7367 1.7474 1.7582 1.7703 1.7824 1.7969 1.8116 1.8289 1.8472 1.8665 1.8879 1.9104 1.9337 1.9583 1.9831 2.0071 2.0271 
24 1.7037 1.703 1.7015 1.7001 1.6987 1.697 1.695 1.6931 1.6911 1.6889 1.6867 1.6846 1.6823 1.6799 1.6775 1.6749 1.6722 1.6695 1.6667 1.6638 1.6609 1.6582 1.6556 1.6541 1.6525 1.6509 1.6493 1.6476 1.6459 1.6442 1.6426 1.641 1.6395 1.6381 1.6367 1.6353 1.6339 1.6325 1.6311 1.6297 1.6283 1.6269 1.6256 1.6242 1.6229 1.6216 1.6204 1.6192 1.6183 1.6173 1.6165 1.6157 1.615 1.6144 1.6138 1.6135 1.6133 1.6132 1.6134 1.6135 1.6143 1.6151 1.6162 1.6178 1.6194 1.6217 1.6241 1.6268 1.6298 1.6328 1.6368 1.641 1.6455 1.6506 1.6558 1.6618 1.6678 1.6747 1.6825 1.6903 1.6985 1.7067 1.7159 1.7252 1.7357 1.7463 1.7581 1.7701 1.7841 1.7982 1.8152 1.8332 1.8522 1.8731 1.8953 1.9181 1.9423 1.9668 1.9906 2.0105 
24.5 1.6948 1.6941 1.6926 1.6912 1.6898 1.6881 1.6862 1.6843 1.6823 1.68 1.6778 1.6756 1.6733 1.6709 1.6685 1.666 1.6634 1.6607 1.6579 1.655 1.652 1.649 1.6461 1.6444 1.6427 1.6411 1.6395 1.6378 1.6361 1.6344 1.6327 1.6311 1.6295 1.6281 1.6267 1.6253 1.6239 1.6225 1.6211 1.6197 1.6183 1.6169 1.6156 1.6142 1.6129 1.6116 1.6103 1.6091 1.6082 1.6072 1.6064 1.6056 1.6048 1.6042 1.6037 1.6033 1.6031 1.603 1.6031 1.6033 1.604 1.6048 1.6058 1.6074 1.6089 1.6112 1.6136 1.6162 1.6193 1.6223 1.6263 1.6304 1.6349 1.6401 1.6453 1.6512 1.6572 1.664 1.6718 1.6797 1.6879 1.6961 1.7053 1.7146 1.725 1.7354 1.7472 1.7592 1.7728 1.7867 1.8036 1.8215 1.8404 1.8611 1.883 1.9058 1.9298 1.9542 1.978 1.9978 
25 1.6855 1.6848 1.6834 1.682 1.6805 1.6789 1.677 1.6752 1.6731 1.6709 1.6686 1.6663 1.6639 1.6616 1.6592 1.6568 1.6542 1.6515 1.6488 1.6459 1.643 1.64 1.6371 1.635 1.6329 1.6311 1.6295 1.6279 1.6262 1.6245 1.6228 1.6211 1.6194 1.618 1.6167 1.6153 1.6139 1.6125 1.6111 1.6096 1.6083 1.6069 1.6055 1.6042 1.6028 1.6015 1.6002 1.599 1.598 1.5971 1.5962 1.5954 1.5946 1.5941 1.5935 1.5931 1.5929 1.5927 1.5929 1.593 1.5937 1.5944 1.5954 1.597 1.5985 1.6007 1.6031 1.6057 1.6088 1.6118 1.6158 1.6199 1.6243 1.6296 1.6348 1.6407 1.6467 1.6535 1.6612 1.669 1.6773 1.6856 1.6948 1.7041 1.7144 1.7249 1.7367 1.7486 1.762 1.7756 1.7925 1.8104 1.8292 1.8497 1.8716 1.8943 1.9181 1.9425 1.9664 1.9863 
25.5 1.6759 1.6752 1.6739 1.6725 1.6711 1.6695 1.6676 1.6658 1.6638 1.6616 1.6593 1.6569 1.6546 1.6522 1.6498 1.6474 1.6448 1.6422 1.6395 1.6367 1.6338 1.6308 1.6279 1.6254 1.623 1.6211 1.6195 1.6179 1.6162 1.6146 1.6129 1.6111 1.6094 1.608 1.6066 1.6052 1.6038 1.6024 1.601 1.5995 1.5982 1.5968 1.5954 1.5941 1.5927 1.5914 1.5901 1.5889 1.5879 1.5869 1.586 1.5852 1.5844 1.5838 1.5832 1.5829 1.5826 1.5824 1.5826 1.5827 1.5833 1.584 1.585 1.5865 1.588 1.5902 1.5925 1.5951 1.5982 1.6013 1.6052 1.6092 1.6137 1.619 1.6242 1.6301 1.6361 1.6428 1.6505 1.6583 1.6667 1.675 1.6843 1.6936 1.7039 1.7142 1.7261 1.738 1.7513 1.7646 1.7815 1.7993 1.8181 1.8384 1.8603 1.8829 1.9067 1.9311 1.955 1.975 
26 1.6661 1.6655 1.6641 1.6627 1.6614 1.6598 1.658 1.6562 1.6542 1.652 1.6498 1.6474 1.645 1.6426 1.6401 1.6377 1.6352 1.6326 1.63 1.6272 1.6244 1.6214 1.6185 1.6157 1.613 1.6109 1.6094 1.6078 1.6061 1.6045 1.6028 1.6011 1.5994 1.5979 1.5964 1.595 1.5936 1.5922 1.5908 1.5894 1.588 1.5866 1.5852 1.5839 1.5826 1.5813 1.58 1.5787 1.5777 1.5766 1.5757 1.5749 1.5741 1.5735 1.5729 1.5725 1.5723 1.5721 1.5722 1.5723 1.5729 1.5736 1.5745 1.576 1.5775 1.5796 1.582 1.5845 1.5876 1.5907 1.5946 1.5986 1.6031 1.6084 1.6136 1.6195 1.6255 1.6322 1.6398 1.6476 1.656 1.6645 1.6737 1.6831 1.6933 1.7037 1.7155 1.7275 1.7407 1.754 1.7706 1.7884 1.8072 1.8275 1.8494 1.872 1.8958 1.9202 1.9443 1.9643 
26.5 1.6562 1.6555 1.6542 1.6528 1.6515 1.6499 1.6481 1.6463 1.6444 1.6423 1.6401 1.6377 1.6353 1.6328 1.6303 1.6279 1.6255 1.6229 1.6203 1.6176 1.6148 1.6119 1.609 1.6059 1.6029 1.6008 1.5992 1.5976 1.596 1.5943 1.5927 1.591 1.5893 1.5877 1.5861 1.5847 1.5833 1.582 1.5806 1.5792 1.5778 1.5764 1.575 1.5737 1.5724 1.5711 1.5698 1.5685 1.5674 1.5663 1.5654 1.5646 1.5638 1.5632 1.5626 1.5623 1.562 1.5618 1.5619 1.562 1.5625 1.5632 1.5641 1.5656 1.5671 1.5692 1.5715 1.5741 1.5772 1.5803 1.5842 1.5882 1.5926 1.5979 1.6031 1.609 1.615 1.6217 1.6294 1.6372 1.6457 1.6542 1.6635 1.6728 1.6831 1.6934 1.7053 1.7173 1.7305 1.7438 1.7602 1.778 1.7968 1.817 1.8389 1.8616 1.8853 1.9098 1.934 1.9542 
27 1.646 1.6453 1.644 1.6427 1.6414 1.6399 1.6381 1.6364 1.6344 1.6324 1.6302 1.6279 1.6255 1.623 1.6205 1.6181 1.6156 1.6131 1.6105 1.6079 1.6051 1.6023 1.5994 1.5964 1.5934 1.5911 1.5892 1.5874 1.5858 1.5842 1.5825 1.5809 1.5792 1.5776 1.5759 1.5745 1.5731 1.5718 1.5704 1.569 1.5676 1.5662 1.5649 1.5636 1.5622 1.561 1.5597 1.5584 1.5573 1.5562 1.5553 1.5545 1.5537 1.5531 1.5525 1.5521 1.5518 1.5517 1.5518 1.5519 1.5524 1.553 1.5539 1.5554 1.5568 1.559 1.5613 1.5638 1.567 1.5701 1.5739 1.5779 1.5824 1.5876 1.5928 1.5987 1.6048 1.6115 1.6191 1.6269 1.6354 1.6441 1.6534 1.6627 1.673 1.6834 1.6953 1.7073 1.7204 1.7337 1.7498 1.7676 1.7864 1.8065 1.8284 1.8511 1.8748 1.8993 1.9236 1.9439 
27.5 1.6357 1.6351 1.6339 1.6326 1.6313 1.6298 1.6281 1.6264 1.6245 1.6225 1.6203 1.6181 1.6157 1.6132 1.6107 1.6082 1.6058 1.6033 1.6008 1.5982 1.5954 1.5927 1.5899 1.5869 1.5839 1.5815 1.5794 1.5773 1.5757 1.5742 1.5725 1.5709 1.5692 1.5675 1.5659 1.5644 1.5631 1.5617 1.5604 1.559 1.5576 1.5562 1.5549 1.5536 1.5523 1.551 1.5497 1.5485 1.5474 1.5462 1.5453 1.5445 1.5438 1.5431 1.5425 1.5422 1.5419 1.5417 1.5418 1.5419 1.5425 1.5431 1.544 1.5454 1.5468 1.5489 1.5512 1.5538 1.5569 1.5601 1.5639 1.5679 1.5723 1.5775 1.5827 1.5887 1.5948 1.6015 1.6091 1.6168 1.6254 1.6342 1.6435 1.6528 1.6632 1.6736 1.6854 1.6974 1.7106 1.7238 1.7396 1.7574 1.7762 1.7962 1.8181 1.8408 1.8644 1.8889 1.9134 1.9337 
28 1.6255 1.6249 1.6237 1.6225 1.6212 1.6198 1.6181 1.6164 1.6145 1.6126 1.6105 1.6082 1.6059 1.6035 1.601 1.5985 1.596 1.5936 1.5911 1.5885 1.5858 1.5831 1.5804 1.5774 1.5745 1.572 1.5696 1.5674 1.5658 1.5642 1.5626 1.561 1.5593 1.5576 1.5559 1.5545 1.5532 1.5518 1.5505 1.5491 1.5478 1.5464 1.5451 1.5438 1.5425 1.5412 1.54 1.5387 1.5376 1.5364 1.5356 1.5348 1.534 1.5334 1.5328 1.5325 1.5322 1.532 1.5321 1.5322 1.5328 1.5334 1.5343 1.5357 1.5371 1.5392 1.5415 1.544 1.5472 1.5504 1.5542 1.5582 1.5626 1.5677 1.5729 1.5789 1.5851 1.5917 1.5993 1.607 1.6157 1.6245 1.6338 1.6432 1.6536 1.6641 1.6759 1.6878 1.701 1.7142 1.7297 1.7475 1.7663 1.7863 1.8081 1.8308 1.8544 1.8789 1.9035 1.9239 
28.5 1.6155 1.6149 1.6137 1.6125 1.6113 1.6099 1.6082 1.6066 1.6047 1.6028 1.6007 1.5986 1.5963 1.5939 1.5914 1.5889 1.5864 1.584 1.5815 1.579 1.5764 1.5737 1.571 1.5682 1.5653 1.5626 1.56 1.5576 1.5561 1.5545 1.553 1.5513 1.5497 1.5481 1.5464 1.5449 1.5436 1.5422 1.5409 1.5395 1.5382 1.5369 1.5355 1.5342 1.533 1.5317 1.5305 1.5293 1.5282 1.527 1.5261 1.5253 1.5246 1.524 1.5234 1.5231 1.5228 1.5226 1.5228 1.5229 1.5234 1.5241 1.525 1.5263 1.5277 1.5298 1.5321 1.5346 1.5378 1.541 1.5449 1.5488 1.5532 1.5583 1.5635 1.5695 1.5757 1.5824 1.59 1.5976 1.6064 1.6153 1.6246 1.6339 1.6444 1.6549 1.6667 1.6786 1.6917 1.7049 1.7202 1.738 1.7567 1.7766 1.7983 1.821 1.8445 1.869 1.8937 1.9141 
29 1.6057 1.6051 1.6039 1.6027 1.6016 1.6002 1.5985 1.5969 1.5951 1.5932 1.5912 1.5891 1.5869 1.5845 1.5821 1.5796 1.5771 1.5747 1.5722 1.5697 1.5672 1.5645 1.5619 1.5591 1.5563 1.5535 1.5507 1.5481 1.5466 1.5451 1.5436 1.542 1.5404 1.5388 1.5371 1.5357 1.5343 1.5329 1.5316 1.5303 1.529 1.5276 1.5263 1.5251 1.5238 1.5226 1.5214 1.5202 1.5191 1.518 1.5171 1.5163 1.5155 1.515 1.5144 1.5141 1.5138 1.5137 1.5138 1.5139 1.5145 1.5152 1.516 1.5174 1.5188 1.5209 1.5231 1.5257 1.5288 1.532 1.5359 1.5398 1.5442 1.5494 1.5545 1.5606 1.5668 1.5734 1.581 1.5886 1.5975 1.6064 1.6157 1.6251 1.6355 1.646 1.6578 1.6697 1.6828 1.696 1.7109 1.7287 1.7474 1.7672 1.7889 1.8115 1.835 1.8595 1.8842 1.9047 
29.5 1.5961 1.5955 1.5945 1.5933 1.5921 1.5908 1.5892 1.5876 1.5858 1.584 1.582 1.5799 1.5777 1.5754 1.5731 1.5706 1.5681 1.5656 1.5632 1.5608 1.5583 1.5557 1.5531 1.5503 1.5476 1.5447 1.5418 1.5391 1.5376 1.5361 1.5345 1.533 1.5314 1.5298 1.5282 1.5267 1.5253 1.5239 1.5226 1.5213 1.5201 1.5188 1.5175 1.5162 1.515 1.5138 1.5126 1.5115 1.5104 1.5093 1.5084 1.5076 1.5069 1.5063 1.5058 1.5055 1.5052 1.5051 1.5052 1.5054 1.5059 1.5066 1.5075 1.5088 1.5102 1.5123 1.5145 1.5171 1.5203 1.5234 1.5273 1.5313 1.5357 1.5408 1.5459 1.552 1.5583 1.5649 1.5724 1.5801 1.5889 1.5978 1.6072 1.6166 1.627 1.6375 1.6493 1.6611 1.6742 1.6874 1.702 1.7197 1.7385 1.7582 1.7797 1.8023 1.8257 1.8502 1.8749 1.8954 
30 1.587 1.5864 1.5853 1.5842 1.583 1.5817 1.5801 1.5785 1.5768 1.575 1.5731 1.571 1.5689 1.5667 1.5643 1.5619 1.5595 1.5569 1.5545 1.5521 1.5497 1.5471 1.5446 1.5419 1.5392 1.5364 1.5336 1.5309 1.5291 1.5274 1.5258 1.5243 1.5228 1.5212 1.5196 1.5182 1.5167 1.5153 1.514 1.5128 1.5115 1.5103 1.509 1.5078 1.5066 1.5054 1.5043 1.5031 1.5021 1.501 1.5001 1.4993 1.4986 1.4981 1.4975 1.4972 1.497 1.4969 1.4971 1.4972 1.4978 1.4985 1.4994 1.5007 1.502 1.5041 1.5064 1.5089 1.5121 1.5152 1.5191 1.5231 1.5275 1.5326 1.5377 1.5438 1.5501 1.5567 1.5642 1.5718 1.5806 1.5895 1.5989 1.6084 1.6188 1.6293 1.641 1.6528 1.6659 1.679 1.6935 1.711 1.7296 1.7493 1.7707 1.7932 1.8164 1.8409 1.8656 1.8861 
30.5 1.5768 1.5764 1.5757 1.575 1.5742 1.573 1.5715 1.5699 1.5683 1.5665 1.5646 1.5626 1.5605 1.5583 1.556 1.5537 1.5512 1.5487 1.5462 1.5439 1.5415 1.539 1.5365 1.5338 1.5312 1.5285 1.5257 1.523 1.5211 1.5192 1.5175 1.516 1.5145 1.513 1.5115 1.51 1.5085 1.5071 1.5058 1.5046 1.5034 1.5021 1.5009 1.4997 1.4985 1.4974 1.4962 1.4951 1.4941 1.493 1.4922 1.4914 1.4906 1.4901 1.4896 1.4894 1.4891 1.489 1.4892 1.4894 1.49 1.4907 1.4915 1.4929 1.4942 1.4963 1.4985 1.5011 1.5042 1.5074 1.5113 1.5153 1.5197 1.5248 1.5298 1.536 1.5423 1.5489 1.5563 1.5639 1.5726 1.5815 1.591 1.6005 1.6109 1.6214 1.6331 1.6448 1.6579 1.671 1.6854 1.7026 1.7212 1.7408 1.762 1.7845 1.8076 1.832 1.8566 1.8772 
31 1.5684 1.568 1.5673 1.5665 1.5658 1.5646 1.5632 1.5617 1.56 1.5583 1.5564 1.5544 1.5524 1.5502 1.548 1.5457 1.5433 1.5408 1.5384 1.536 1.5336 1.5311 1.5287 1.5261 1.5235 1.5208 1.5181 1.5154 1.5133 1.5112 1.5096 1.5081 1.5066 1.5051 1.5036 1.5021 1.5006 1.4992 1.498 1.4968 1.4956 1.4944 1.4932 1.492 1.4908 1.4897 1.4886 1.4875 1.4865 1.4855 1.4846 1.4838 1.4831 1.4826 1.4821 1.4818 1.4816 1.4816 1.4817 1.4819 1.4825 1.4832 1.4841 1.4854 1.4867 1.4888 1.4911 1.4936 1.4967 1.4999 1.5038 1.5078 1.5122 1.5173 1.5223 1.5285 1.5347 1.5414 1.5489 1.5564 1.5651 1.5739 1.5834 1.593 1.6034 1.6139 1.6255 1.6372 1.6502 1.6633 1.6776 1.6946 1.7131 1.7327 1.7537 1.7761 1.7991 1.8234 1.8481 1.8687 
31.5 1.5601 1.5598 1.5591 1.5585 1.5578 1.5567 1.5552 1.5537 1.5521 1.5504 1.5486 1.5467 1.5446 1.5425 1.5404 1.5381 1.5357 1.5333 1.5309 1.5285 1.5261 1.5237 1.5213 1.5187 1.5162 1.5136 1.5109 1.5082 1.5059 1.5037 1.5019 1.5005 1.4991 1.4976 1.4961 1.4946 1.4931 1.4917 1.4905 1.4893 1.4881 1.487 1.4858 1.4846 1.4834 1.4823 1.4813 1.4802 1.4792 1.4782 1.4774 1.4766 1.4759 1.4754 1.4749 1.4747 1.4745 1.4744 1.4746 1.4748 1.4754 1.4761 1.477 1.4783 1.4796 1.4817 1.4839 1.4865 1.4896 1.4927 1.4966 1.5007 1.5051 1.5101 1.5151 1.5212 1.5275 1.5342 1.5416 1.5491 1.5578 1.5666 1.5761 1.5858 1.5962 1.6066 1.6182 1.6298 1.6428 1.6559 1.6701 1.6867 1.7052 1.7246 1.7456 1.7678 1.7907 1.8149 1.8395 1.8601 
32 1.5523 1.552 1.5514 1.5507 1.5501 1.549 1.5476 1.5462 1.5446 1.5429 1.5411 1.5392 1.5373 1.5352 1.533 1.5308 1.5285 1.5261 1.5237 1.5212 1.5189 1.5165 1.5142 1.5117 1.5092 1.5066 1.504 1.5013 1.4989 1.4964 1.4947 1.4933 1.4919 1.4904 1.489 1.4875 1.486 1.4845 1.4833 1.4822 1.481 1.4798 1.4787 1.4775 1.4764 1.4753 1.4743 1.4732 1.4722 1.4713 1.4704 1.4696 1.4689 1.4684 1.468 1.4678 1.4676 1.4675 1.4677 1.4679 1.4686 1.4693 1.4702 1.4715 1.4728 1.4748 1.477 1.4795 1.4826 1.4857 1.4896 1.4937 1.4981 1.5031 1.5081 1.5141 1.5203 1.5271 1.5345 1.542 1.5506 1.5593 1.5689 1.5786 1.5889 1.5994 1.6108 1.6224 1.6354 1.6484 1.6625 1.6788 1.6972 1.7166 1.7373 1.7595 1.7822 1.8064 1.8309 1.8515 
32.5 1.5448 1.5445 1.5439 1.5433 1.5428 1.5417 1.5403 1.5389 1.5374 1.5357 1.5339 1.5321 1.5301 1.5281 1.526 1.5238 1.5216 1.5192 1.5168 1.5143 1.5119 1.5096 1.5073 1.5049 1.5024 1.4999 1.4973 1.4947 1.4921 1.4894 1.4876 1.4863 1.4849 1.4835 1.482 1.4806 1.4791 1.4777 1.4765 1.4753 1.4741 1.473 1.4718 1.4707 1.4696 1.4685 1.4675 1.4664 1.4655 1.4645 1.4637 1.4629 1.4622 1.4617 1.4613 1.4611 1.4609 1.4609 1.4611 1.4613 1.4619 1.4626 1.4635 1.4648 1.4661 1.4681 1.4703 1.4728 1.4759 1.479 1.4829 1.487 1.4914 1.4963 1.5013 1.5073 1.5135 1.5203 1.5277 1.5351 1.5437 1.5524 1.562 1.5717 1.582 1.5924 1.6038 1.6153 1.6282 1.6412 1.6552 1.6712 1.6895 1.7088 1.7294 1.7515 1.7741 1.7981 1.8226 1.8432 
33 1.5374 1.5372 1.5366 1.5361 1.5355 1.5345 1.5332 1.5318 1.5303 1.5287 1.527 1.5252 1.5233 1.5213 1.5192 1.5171 1.5148 1.5125 1.5102 1.5077 1.5053 1.503 1.5007 1.4983 1.4959 1.4934 1.4908 1.4883 1.4856 1.4829 1.481 1.4796 1.4781 1.4767 1.4753 1.4739 1.4725 1.471 1.4698 1.4686 1.4674 1.4663 1.4652 1.4641 1.463 1.4619 1.4609 1.4599 1.459 1.458 1.4572 1.4564 1.4557 1.4553 1.4548 1.4546 1.4545 1.4544 1.4546 1.4549 1.4555 1.4562 1.4571 1.4584 1.4597 1.4617 1.4639 1.4663 1.4694 1.4725 1.4764 1.4805 1.4849 1.4898 1.4948 1.5008 1.5069 1.5138 1.5211 1.5285 1.5371 1.5457 1.5553 1.5651 1.5754 1.5858 1.5971 1.6085 1.6215 1.6345 1.6484 1.6641 1.6824 1.7016 1.722 1.744 1.7666 1.7904 1.8149 1.8354 
33.5 1.5304 1.5302 1.5297 1.5292 1.5286 1.5277 1.5264 1.525 1.5236 1.522 1.5203 1.5185 1.5166 1.5147 1.5127 1.5106 1.5084 1.5061 1.5038 1.5014 1.499 1.4967 1.4943 1.492 1.4896 1.4872 1.4846 1.4821 1.4795 1.4768 1.4748 1.4732 1.4717 1.4703 1.4689 1.4675 1.4661 1.4647 1.4634 1.4622 1.461 1.4599 1.4588 1.4577 1.4567 1.4556 1.4546 1.4536 1.4527 1.4518 1.451 1.4502 1.4495 1.449 1.4486 1.4484 1.4483 1.4482 1.4485 1.4487 1.4493 1.45 1.4509 1.4522 1.4535 1.4555 1.4576 1.4601 1.4631 1.4662 1.4701 1.4742 1.4786 1.4835 1.4884 1.4944 1.5005 1.5073 1.5147 1.5221 1.5306 1.5392 1.5488 1.5586 1.5689 1.5792 1.5905 1.6019 1.6148 1.6277 1.6415 1.6569 1.6751 1.6942 1.7145 1.7364 1.7588 1.7825 1.8068 1.8273 
34 1.5237 1.5234 1.5229 1.5223 1.5218 1.5209 1.5197 1.5185 1.5171 1.5156 1.5139 1.5121 1.5103 1.5084 1.5064 1.5043 1.5021 1.4999 1.4976 1.4953 1.4929 1.4905 1.4882 1.4859 1.4835 1.4811 1.4787 1.4762 1.4736 1.471 1.4689 1.4671 1.4654 1.464 1.4627 1.4613 1.4599 1.4585 1.4572 1.4559 1.4548 1.4537 1.4526 1.4516 1.4505 1.4495 1.4485 1.4475 1.4466 1.4457 1.4449 1.4441 1.4434 1.443 1.4425 1.4423 1.4422 1.4421 1.4424 1.4426 1.4432 1.4439 1.4448 1.4461 1.4474 1.4494 1.4515 1.4539 1.4569 1.4599 1.4638 1.4679 1.4723 1.4772 1.4821 1.488 1.494 1.5008 1.5082 1.5156 1.524 1.5325 1.5422 1.552 1.5623 1.5726 1.5839 1.5952 1.608 1.6209 1.6346 1.6496 1.6677 1.6867 1.7068 1.7286 1.7509 1.7744 1.7987 1.8192 
34.5 1.5167 1.5164 1.5159 1.5154 1.5149 1.5141 1.5131 1.5121 1.5107 1.5092 1.5076 1.5059 1.504 1.5022 1.5002 1.4982 1.4961 1.4939 1.4916 1.4893 1.4869 1.4845 1.4822 1.4799 1.4776 1.4752 1.4728 1.4703 1.4678 1.4652 1.463 1.4611 1.4592 1.4579 1.4566 1.4552 1.4538 1.4524 1.4511 1.4498 1.4487 1.4476 1.4466 1.4455 1.4444 1.4434 1.4424 1.4415 1.4406 1.4397 1.4389 1.4381 1.4374 1.437 1.4365 1.4363 1.4362 1.4361 1.4364 1.4366 1.4372 1.4379 1.4388 1.4401 1.4414 1.4433 1.4454 1.4478 1.4508 1.4538 1.4577 1.4617 1.4661 1.471 1.4759 1.4817 1.4877 1.4945 1.5019 1.5093 1.5177 1.5262 1.5359 1.5457 1.5559 1.5662 1.5774 1.5888 1.6015 1.6143 1.6279 1.6427 1.6607 1.6796 1.6996 1.7212 1.7435 1.7669 1.7911 1.8115 
35 1.5103 1.51 1.5096 1.5091 1.5086 1.5078 1.5068 1.5058 1.5045 1.503 1.5014 1.4997 1.4979 1.4961 1.4942 1.4922 1.4901 1.4879 1.4857 1.4834 1.4811 1.4787 1.4763 1.474 1.4718 1.4694 1.467 1.4646 1.4621 1.4596 1.4573 1.4552 1.4532 1.4519 1.4506 1.4493 1.4479 1.4465 1.4452 1.4439 1.4427 1.4417 1.4406 1.4396 1.4385 1.4375 1.4366 1.4356 1.4347 1.4338 1.4331 1.4323 1.4316 1.4311 1.4307 1.4305 1.4303 1.4303 1.4305 1.4308 1.4314 1.4321 1.433 1.4343 1.4355 1.4375 1.4395 1.4419 1.4449 1.4478 1.4517 1.4557 1.46 1.4649 1.4698 1.4757 1.4816 1.4884 1.4957 1.5031 1.5115 1.5199 1.5296 1.5394 1.5496 1.5599 1.5712 1.5825 1.5952 1.6079 1.6214 1.6361 1.6538 1.6727 1.6925 1.7141 1.7362 1.7595 1.7836 1.8041 
35.5 1.504 1.5037 1.5033 1.5028 1.5023 1.5016 1.5006 1.4997 1.4985 1.497 1.4954 1.4937 1.492 1.4902 1.4883 1.4863 1.4842 1.4821 1.4799 1.4777 1.4753 1.4729 1.4706 1.4683 1.4661 1.4638 1.4614 1.4591 1.4566 1.4541 1.4518 1.4495 1.4474 1.4461 1.4448 1.4435 1.4421 1.4408 1.4394 1.4381 1.4369 1.4359 1.4349 1.4338 1.4328 1.4318 1.4308 1.4299 1.429 1.4282 1.4274 1.4267 1.426 1.4255 1.425 1.4248 1.4247 1.4247 1.4249 1.4252 1.4258 1.4265 1.4274 1.4287 1.4299 1.4318 1.4338 1.4362 1.4392 1.4421 1.446 1.45 1.4543 1.4592 1.4641 1.4699 1.4758 1.4825 1.4899 1.4973 1.5056 1.514 1.5236 1.5334 1.5437 1.5539 1.5652 1.5765 1.5891 1.6018 1.6153 1.6298 1.6473 1.6661 1.6858 1.7072 1.7293 1.7524 1.7765 1.7969 
36 1.4976 1.4974 1.4969 1.4965 1.496 1.4953 1.4945 1.4937 1.4925 1.491 1.4895 1.4879 1.4861 1.4844 1.4825 1.4806 1.4785 1.4765 1.4743 1.4721 1.4698 1.4674 1.465 1.4628 1.4606 1.4583 1.456 1.4536 1.4512 1.4487 1.4463 1.4439 1.4417 1.4404 1.4392 1.4378 1.4365 1.4352 1.4338 1.4325 1.4314 1.4303 1.4293 1.4283 1.4273 1.4263 1.4253 1.4244 1.4235 1.4227 1.4219 1.4212 1.4205 1.42 1.4196 1.4194 1.4193 1.4192 1.4195 1.4197 1.4203 1.421 1.4219 1.4232 1.4245 1.4264 1.4284 1.4307 1.4336 1.4366 1.4404 1.4444 1.4487 1.4536 1.4584 1.4642 1.4701 1.4768 1.4841 1.4916 1.4999 1.5082 1.5178 1.5275 1.5378 1.5481 1.5594 1.5707 1.5832 1.5958 1.6092 1.6237 1.6409 1.6596 1.6792 1.7005 1.7225 1.7455 1.7694 1.7899 
36.5 1.4918 1.4915 1.4911 1.4906 1.4901 1.4895 1.4887 1.4879 1.4867 1.4853 1.4838 1.4822 1.4805 1.4787 1.4769 1.475 1.473 1.471 1.4688 1.4667 1.4644 1.462 1.4597 1.4575 1.4552 1.453 1.4507 1.4484 1.446 1.4435 1.4411 1.4385 1.4362 1.435 1.4337 1.4324 1.4311 1.4298 1.4284 1.4271 1.426 1.4249 1.4239 1.4229 1.4219 1.4209 1.4199 1.419 1.4182 1.4173 1.4166 1.4159 1.4152 1.4147 1.4142 1.414 1.4139 1.4139 1.4142 1.4144 1.415 1.4157 1.4166 1.4179 1.4191 1.421 1.423 1.4253 1.4282 1.4312 1.4349 1.4389 1.4431 1.448 1.4529 1.4587 1.4645 1.4711 1.4785 1.4859 1.4942 1.5025 1.512 1.5217 1.532 1.5423 1.5535 1.5648 1.5773 1.5898 1.6032 1.6175 1.6344 1.6531 1.6726 1.6937 1.7155 1.7384 1.7622 1.7827 
37 1.4856 1.4854 1.485 1.4845 1.484 1.4834 1.4826 1.4818 1.4808 1.4797 1.4783 1.4767 1.475 1.4733 1.4715 1.4696 1.4676 1.4656 1.4635 1.4614 1.4591 1.4568 1.4545 1.4523 1.45 1.4478 1.4455 1.4432 1.4409 1.4385 1.436 1.4335 1.4312 1.4298 1.4284 1.4271 1.4258 1.4245 1.4232 1.4219 1.4207 1.4196 1.4186 1.4176 1.4166 1.4156 1.4147 1.4138 1.4129 1.4121 1.4114 1.4107 1.41 1.4095 1.409 1.4088 1.4087 1.4087 1.4089 1.4092 1.4098 1.4105 1.4113 1.4126 1.4138 1.4157 1.4176 1.4199 1.4228 1.4257 1.4295 1.4333 1.4376 1.4425 1.4473 1.453 1.4589 1.4654 1.4728 1.4802 1.4884 1.4966 1.5061 1.5157 1.526 1.5363 1.5475 1.5588 1.5712 1.5836 1.5969 1.6112 1.6278 1.6463 1.6658 1.6867 1.7085 1.7312 1.755 1.7754 
37.5 1.4802 1.48 1.4795 1.4791 1.4786 1.478 1.4773 1.4766 1.4755 1.4742 1.4727 1.4712 1.4696 1.4679 1.4661 1.4642 1.4623 1.4603 1.4583 1.4562 1.454 1.4517 1.4494 1.4471 1.4449 1.4426 1.4404 1.4382 1.4358 1.4335 1.4311 1.4286 1.4263 1.4247 1.4232 1.4218 1.4206 1.4193 1.418 1.4167 1.4155 1.4144 1.4133 1.4124 1.4114 1.4104 1.4095 1.4086 1.4078 1.4069 1.4062 1.4055 1.4049 1.4043 1.4038 1.4036 1.4035 1.4035 1.4038 1.404 1.4046 1.4053 1.4061 1.4074 1.4086 1.4105 1.4124 1.4146 1.4175 1.4204 1.4241 1.428 1.4322 1.4371 1.4419 1.4476 1.4534 1.4599 1.4672 1.4746 1.4828 1.491 1.5004 1.51 1.5203 1.5307 1.5418 1.553 1.5653 1.5777 1.591 1.6051 1.6215 1.64 1.6594 1.6801 1.7018 1.7244 1.7481 1.7685 
38 1.4742 1.474 1.4736 1.4731 1.4727 1.4721 1.4714 1.4706 1.4697 1.4687 1.4674 1.4659 1.4643 1.4626 1.4609 1.459 1.4571 1.4552 1.4532 1.4511 1.4489 1.4467 1.4444 1.4421 1.4398 1.4376 1.4354 1.4332 1.4309 1.4286 1.4262 1.4238 1.4214 1.4198 1.4181 1.4167 1.4154 1.4142 1.4129 1.4116 1.4104 1.4093 1.4082 1.4073 1.4063 1.4054 1.4044 1.4035 1.4027 1.4019 1.4012 1.4005 1.3999 1.3993 1.3988 1.3986 1.3985 1.3985 1.3988 1.399 1.3996 1.4003 1.4012 1.4024 1.4036 1.4055 1.4074 1.4096 1.4125 1.4153 1.419 1.4229 1.4271 1.4319 1.4368 1.4424 1.4482 1.4546 1.462 1.4694 1.4775 1.4857 1.495 1.5045 1.5148 1.5252 1.5364 1.5475 1.5598 1.5721 1.5854 1.5994 1.6155 1.6339 1.6532 1.6738 1.6953 1.7178 1.7414 1.7617 
38.5 1.4687 1.4685 1.4681 1.4676 1.4672 1.4666 1.4659 1.4652 1.4643 1.4634 1.4621 1.4606 1.459 1.4574 1.4557 1.4539 1.452 1.4501 1.4481 1.446 1.4439 1.4417 1.4395 1.4372 1.4349 1.4327 1.4305 1.4283 1.4261 1.4238 1.4214 1.419 1.4167 1.4149 1.4131 1.4117 1.4105 1.4092 1.408 1.4067 1.4055 1.4044 1.4032 1.4023 1.4014 1.4004 1.3995 1.3986 1.3978 1.397 1.3963 1.3956 1.395 1.3945 1.394 1.3938 1.3937 1.3937 1.3939 1.3941 1.3947 1.3954 1.3963 1.3975 1.3988 1.4006 1.4025 1.4047 1.4075 1.4103 1.414 1.4178 1.422 1.4268 1.4317 1.4373 1.443 1.4494 1.4567 1.4641 1.4722 1.4803 1.4897 1.4991 1.5094 1.5198 1.5309 1.5421 1.5543 1.5665 1.5797 1.5936 1.6095 1.6278 1.6469 1.6674 1.6888 1.7112 1.7347 1.755 
39 1.4632 1.463 1.4626 1.4622 1.4617 1.4612 1.4604 1.4597 1.4589 1.458 1.4569 1.4555 1.4539 1.4523 1.4506 1.4489 1.447 1.4451 1.4432 1.4412 1.439 1.4369 1.4347 1.4324 1.4301 1.4279 1.4258 1.4236 1.4214 1.4191 1.4168 1.4144 1.4121 1.4102 1.4083 1.4068 1.4056 1.4044 1.4031 1.4019 1.4007 1.3995 1.3984 1.3975 1.3965 1.3956 1.3947 1.3939 1.3931 1.3923 1.3916 1.3909 1.3903 1.3898 1.3893 1.3891 1.3889 1.3889 1.3892 1.3894 1.39 1.3907 1.3915 1.3928 1.394 1.3958 1.3977 1.3999 1.4027 1.4054 1.4091 1.4129 1.4171 1.4219 1.4267 1.4323 1.438 1.4443 1.4516 1.4589 1.467 1.4751 1.4844 1.4938 1.5041 1.5145 1.5256 1.5367 1.5488 1.561 1.5741 1.588 1.6035 1.6217 1.6408 1.6611 1.6825 1.7047 1.7281 1.7483 
39.5 1.4579 1.4577 1.4573 1.4569 1.4565 1.4559 1.4552 1.4545 1.4537 1.4528 1.4517 1.4504 1.449 1.4474 1.4458 1.444 1.4422 1.4404 1.4384 1.4364 1.4343 1.4322 1.43 1.4278 1.4255 1.4233 1.4211 1.419 1.4168 1.4146 1.4123 1.4099 1.4077 1.4056 1.4035 1.4021 1.4009 1.3997 1.3984 1.3972 1.396 1.3948 1.3937 1.3928 1.3918 1.391 1.3901 1.3892 1.3884 1.3876 1.3869 1.3863 1.3857 1.3852 1.3847 1.3845 1.3843 1.3843 1.3845 1.3848 1.3854 1.3861 1.3869 1.3881 1.3894 1.3911 1.393 1.3952 1.398 1.4007 1.4043 1.4081 1.4123 1.4171 1.4219 1.4274 1.4331 1.4394 1.4466 1.4539 1.462 1.4702 1.4794 1.4887 1.4991 1.5095 1.5205 1.5316 1.5436 1.5558 1.5689 1.5827 1.598 1.6161 1.6351 1.6553 1.6766 1.6986 1.722 1.7422 
40 1.4525 1.4523 1.4519 1.4515 1.4511 1.4505 1.4498 1.4491 1.4483 1.4475 1.4465 1.4455 1.4441 1.4426 1.4409 1.4392 1.4374 1.4356 1.4337 1.4317 1.4297 1.4276 1.4254 1.4232 1.4209 1.4188 1.4166 1.4145 1.4123 1.4101 1.4078 1.4055 1.4033 1.4011 1.3989 1.3974 1.3963 1.3951 1.3939 1.3926 1.3914 1.3902 1.3891 1.3882 1.3873 1.3864 1.3856 1.3847 1.3839 1.3831 1.3824 1.3818 1.3812 1.3807 1.3803 1.38 1.3799 1.3799 1.3801 1.3804 1.381 1.3817 1.3825 1.3837 1.385 1.3867 1.3886 1.3908 1.3935 1.3962 1.3998 1.4036 1.4077 1.4125 1.4174 1.4229 1.4285 1.4348 1.442 1.4492 1.4573 1.4654 1.4746 1.4839 1.4942 1.5047 1.5157 1.5267 1.5387 1.5508 1.5639 1.5776 1.5926 1.6107 1.6296 1.6496 1.6708 1.6927 1.7159 1.7361 
40.5 1.4474 1.4472 1.4468 1.4464 1.446 1.4455 1.4448 1.4441 1.4433 1.4425 1.4415 1.4406 1.4393 1.4378 1.4362 1.4346 1.4328 1.431 1.4291 1.4272 1.4252 1.4231 1.421 1.4188 1.4166 1.4144 1.4123 1.4101 1.408 1.4058 1.4036 1.4013 1.3991 1.3968 1.3945 1.393 1.3918 1.3906 1.3894 1.3883 1.387 1.3858 1.3847 1.3838 1.3829 1.382 1.3812 1.3803 1.3796 1.3788 1.3781 1.3775 1.3769 1.3764 1.3759 1.3757 1.3756 1.3755 1.3758 1.376 1.3766 1.3773 1.3781 1.3793 1.3806 1.3823 1.3842 1.3863 1.389 1.3917 1.3953 1.399 1.4031 1.4079 1.4126 1.4181 1.4237 1.43 1.4371 1.4443 1.4524 1.4605 1.4696 1.4788 1.4891 1.4996 1.5105 1.5215 1.5334 1.5454 1.5584 1.5721 1.5868 1.6048 1.6235 1.6434 1.6645 1.6863 1.7094 1.7295 
41 1.4425 1.4424 1.442 1.4416 1.4412 1.4406 1.44 1.4393 1.4385 1.4377 1.4368 1.4358 1.4346 1.4332 1.4317 1.43 1.4283 1.4265 1.4247 1.4228 1.4208 1.4187 1.4167 1.4145 1.4123 1.4101 1.408 1.4058 1.4037 1.4016 1.3994 1.3971 1.3949 1.3925 1.3902 1.3886 1.3874 1.3862 1.3851 1.3839 1.3827 1.3815 1.3804 1.3794 1.3785 1.3777 1.3768 1.376 1.3752 1.3744 1.3738 1.3732 1.3726 1.3721 1.3717 1.3714 1.3713 1.3712 1.3715 1.3717 1.3723 1.373 1.3738 1.375 1.3762 1.378 1.3799 1.382 1.3846 1.3873 1.3908 1.3945 1.3986 1.4034 1.4081 1.4136 1.4192 1.4254 1.4325 1.4397 1.4477 1.4558 1.4649 1.4741 1.4844 1.4948 1.5057 1.5167 1.5285 1.5405 1.5535 1.5671 1.5817 1.5995 1.6182 1.6379 1.6589 1.6805 1.7035 1.7236 
41.5 1.4374 1.4373 1.4369 1.4365 1.4361 1.4356 1.4349 1.4343 1.4335 1.4327 1.4318 1.4308 1.4298 1.4286 1.4272 1.4256 1.4239 1.4221 1.4203 1.4184 1.4165 1.4145 1.4124 1.4103 1.4081 1.406 1.4038 1.4016 1.3995 1.3974 1.3953 1.3931 1.3908 1.3885 1.3862 1.3846 1.3833 1.382 1.3808 1.3796 1.3785 1.3773 1.3762 1.3752 1.3743 1.3734 1.3726 1.3718 1.371 1.3703 1.3696 1.369 1.3684 1.368 1.3675 1.3673 1.3671 1.3671 1.3673 1.3676 1.3682 1.3688 1.3697 1.3709 1.3721 1.3738 1.3757 1.3778 1.3804 1.3831 1.3866 1.3903 1.3943 1.399 1.4037 1.4092 1.4148 1.421 1.428 1.4352 1.4432 1.4513 1.4603 1.4694 1.4798 1.4902 1.5011 1.512 1.5238 1.5356 1.5486 1.5621 1.5766 1.5942 1.6128 1.6323 1.6532 1.6747 1.6976 1.7176 
42 1.4327 1.4325 1.4321 1.4317 1.4314 1.4308 1.4302 1.4296 1.4288 1.428 1.4271 1.4261 1.4251 1.4241 1.4227 1.4212 1.4196 1.4178 1.416 1.4142 1.4123 1.4103 1.4083 1.4062 1.404 1.4019 1.3997 1.3975 1.3955 1.3934 1.3913 1.3891 1.3869 1.3846 1.3824 1.3806 1.3792 1.3778 1.3767 1.3755 1.3744 1.3732 1.3721 1.3711 1.3702 1.3693 1.3685 1.3677 1.3669 1.3662 1.3655 1.3649 1.3644 1.3639 1.3635 1.3632 1.3631 1.363 1.3633 1.3635 1.3641 1.3648 1.3656 1.3668 1.368 1.3697 1.3716 1.3737 1.3763 1.3789 1.3824 1.386 1.39 1.3947 1.3994 1.4049 1.4105 1.4166 1.4236 1.4307 1.4387 1.4468 1.4558 1.4648 1.4751 1.4856 1.4964 1.5072 1.519 1.5308 1.5437 1.5571 1.5716 1.5888 1.6073 1.6268 1.6475 1.6689 1.6917 1.7116 
42.5 1.4281 1.4279 1.4275 1.4271 1.4268 1.4262 1.4256 1.425 1.4243 1.4234 1.4226 1.4216 1.4206 1.4196 1.4183 1.417 1.4154 1.4137 1.4119 1.4101 1.4082 1.4062 1.4042 1.4021 1.4 1.3979 1.3957 1.3935 1.3915 1.3894 1.3873 1.3852 1.383 1.3808 1.3785 1.3768 1.3752 1.3737 1.3726 1.3715 1.3703 1.3692 1.3681 1.3671 1.3661 1.3653 1.3645 1.3637 1.3629 1.3622 1.3615 1.3609 1.3604 1.3599 1.3595 1.3593 1.3591 1.359 1.3593 1.3595 1.3601 1.3608 1.3616 1.3628 1.364 1.3657 1.3675 1.3696 1.3722 1.3748 1.3782 1.3819 1.3859 1.3905 1.3952 1.4006 1.4062 1.4123 1.4193 1.4263 1.4343 1.4424 1.4513 1.4604 1.4706 1.481 1.4918 1.5027 1.5144 1.5262 1.539 1.5524 1.5667 1.5838 1.6022 1.6215 1.6421 1.6634 1.6861 1.706 
43 1.4233 1.4231 1.4228 1.4224 1.422 1.4215 1.4209 1.4203 1.4196 1.4188 1.4179 1.417 1.416 1.4149 1.4138 1.4127 1.4112 1.4095 1.4078 1.406 1.4042 1.4022 1.4003 1.3982 1.3961 1.394 1.3918 1.3896 1.3876 1.3856 1.3835 1.3814 1.3793 1.377 1.3748 1.373 1.3713 1.3698 1.3686 1.3675 1.3664 1.3653 1.3642 1.3632 1.3622 1.3613 1.3605 1.3598 1.359 1.3583 1.3577 1.3571 1.3565 1.3561 1.3557 1.3554 1.3552 1.3552 1.3554 1.3557 1.3563 1.3569 1.3578 1.3589 1.3601 1.3618 1.3637 1.3657 1.3683 1.3709 1.3743 1.3779 1.3819 1.3865 1.3911 1.3966 1.4022 1.4083 1.4152 1.4222 1.4301 1.4382 1.4471 1.4561 1.4663 1.4766 1.4875 1.4983 1.51 1.5218 1.5345 1.5478 1.562 1.5789 1.5972 1.6164 1.6369 1.658 1.6806 1.7004 
43.5 1.4189 1.4187 1.4184 1.418 1.4176 1.4172 1.4165 1.4159 1.4152 1.4144 1.4136 1.4127 1.4117 1.4107 1.4096 1.4085 1.4071 1.4055 1.4038 1.402 1.4002 1.3983 1.3964 1.3943 1.3923 1.3902 1.388 1.3859 1.3838 1.3818 1.3798 1.3777 1.3756 1.3734 1.3712 1.3693 1.3675 1.3659 1.3648 1.3637 1.3626 1.3614 1.3603 1.3593 1.3583 1.3575 1.3567 1.3559 1.3552 1.3545 1.3539 1.3533 1.3527 1.3523 1.3519 1.3516 1.3514 1.3514 1.3516 1.3519 1.3525 1.3531 1.354 1.3551 1.3563 1.358 1.3598 1.3619 1.3644 1.367 1.3704 1.3739 1.3779 1.3825 1.3871 1.3925 1.398 1.4041 1.411 1.4179 1.4259 1.434 1.4428 1.4517 1.4619 1.4721 1.483 1.4939 1.5055 1.5172 1.5299 1.5431 1.5572 1.5738 1.5921 1.6111 1.6314 1.6524 1.6749 1.6946 
44 1.4144 1.4142 1.4138 1.4135 1.4131 1.4126 1.412 1.4114 1.4107 1.41 1.4091 1.4082 1.4072 1.4062 1.4051 1.404 1.4028 1.4016 1.4 1.3983 1.3964 1.3945 1.3926 1.3906 1.3886 1.3865 1.3844 1.3822 1.3802 1.3782 1.3761 1.374 1.372 1.3698 1.3676 1.3657 1.3638 1.3621 1.361 1.3599 1.3588 1.3577 1.3566 1.3556 1.3546 1.3537 1.3529 1.3522 1.3515 1.3508 1.3501 1.3495 1.349 1.3486 1.3482 1.3479 1.3477 1.3477 1.3479 1.3482 1.3487 1.3494 1.3502 1.3514 1.3525 1.3542 1.356 1.3581 1.3606 1.3631 1.3665 1.3701 1.374 1.3785 1.3831 1.3885 1.3941 1.4001 1.4069 1.4138 1.4218 1.4298 1.4386 1.4475 1.4576 1.4678 1.4787 1.4896 1.5012 1.5129 1.5254 1.5387 1.5527 1.5691 1.5872 1.6061 1.6264 1.6472 1.6696 1.6893 
44.5 1.4101 1.4099 1.4095 1.4092 1.4088 1.4084 1.4078 1.4072 1.4065 1.4057 1.4049 1.404 1.4031 1.4021 1.401 1.3999 1.3988 1.3976 1.3961 1.3944 1.3926 1.3907 1.3889 1.3869 1.3849 1.3828 1.3807 1.3786 1.3766 1.3745 1.3725 1.3705 1.3684 1.3663 1.3642 1.3621 1.3602 1.3583 1.3573 1.3562 1.3551 1.354 1.3529 1.3519 1.3509 1.35 1.3493 1.3485 1.3478 1.3471 1.3465 1.3459 1.3454 1.3449 1.3445 1.3443 1.3441 1.344 1.3443 1.3445 1.3451 1.3457 1.3466 1.3477 1.3489 1.3505 1.3523 1.3544 1.3569 1.3594 1.3627 1.3662 1.3701 1.3746 1.3792 1.3846 1.3901 1.3961 1.4029 1.4098 1.4177 1.4257 1.4345 1.4433 1.4534 1.4635 1.4744 1.4853 1.4969 1.5085 1.521 1.5342 1.5481 1.5642 1.5823 1.601 1.6212 1.6419 1.6642 1.6838 
45 1.4059 1.4058 1.4054 1.4051 1.4047 1.4043 1.4037 1.4031 1.4024 1.4016 1.4008 1.3999 1.399 1.398 1.3969 1.3958 1.3946 1.3934 1.3921 1.3907 1.389 1.3872 1.3853 1.3833 1.3813 1.3793 1.3772 1.3751 1.373 1.371 1.3689 1.3669 1.3649 1.3628 1.3607 1.3586 1.3566 1.3547 1.3536 1.3525 1.3515 1.3504 1.3493 1.3483 1.3472 1.3464 1.3456 1.3449 1.3442 1.3435 1.3429 1.3423 1.3418 1.3414 1.341 1.3407 1.3405 1.3405 1.3407 1.3409 1.3415 1.3421 1.3429 1.3441 1.3452 1.3469 1.3487 1.3507 1.3532 1.3557 1.359 1.3625 1.3663 1.3708 1.3753 1.3807 1.3863 1.3922 1.399 1.4058 1.4137 1.4217 1.4304 1.4392 1.4492 1.4593 1.4702 1.4811 1.4926 1.5043 1.5166 1.5297 1.5435 1.5595 1.5774 1.5961 1.6161 1.6367 1.6588 1.6784 
45.5 1.4016 1.4015 1.4011 1.4008 1.4004 1.4 1.3994 1.3988 1.3982 1.3974 1.3966 1.3958 1.3948 1.3939 1.3928 1.3918 1.3906 1.3895 1.3882 1.3869 1.3853 1.3835 1.3817 1.3798 1.3778 1.3758 1.3737 1.3717 1.3696 1.3675 1.3655 1.3635 1.3615 1.3595 1.3574 1.3552 1.3531 1.3511 1.3501 1.349 1.348 1.3469 1.3458 1.3448 1.3437 1.3429 1.3421 1.3414 1.3407 1.34 1.3394 1.3388 1.3383 1.3379 1.3375 1.3373 1.3371 1.337 1.3372 1.3374 1.338 1.3386 1.3394 1.3406 1.3417 1.3434 1.3451 1.3471 1.3496 1.3521 1.3554 1.3588 1.3626 1.3671 1.3716 1.3769 1.3824 1.3884 1.3951 1.4019 1.4097 1.4176 1.4264 1.4352 1.4451 1.4551 1.466 1.4769 1.4884 1.5 1.5122 1.5253 1.539 1.5547 1.5726 1.5911 1.6111 1.6316 1.6536 1.6731 
46 1.3977 1.3976 1.3972 1.3969 1.3966 1.3961 1.3956 1.395 1.3943 1.3936 1.3928 1.392 1.3911 1.3901 1.3891 1.388 1.3869 1.3857 1.3845 1.3833 1.3817 1.38 1.3782 1.3763 1.3744 1.3724 1.3703 1.3683 1.3662 1.3641 1.3621 1.3602 1.3582 1.3562 1.3541 1.352 1.3498 1.3479 1.3467 1.3456 1.3445 1.3435 1.3424 1.3414 1.3403 1.3395 1.3387 1.338 1.3373 1.3366 1.336 1.3354 1.3349 1.3345 1.3341 1.3339 1.3337 1.3336 1.3338 1.334 1.3346 1.3352 1.336 1.3371 1.3383 1.3399 1.3417 1.3437 1.3461 1.3486 1.3518 1.3552 1.359 1.3635 1.3679 1.3732 1.3787 1.3846 1.3913 1.398 1.4058 1.4137 1.4224 1.4312 1.4411 1.451 1.4619 1.4727 1.4842 1.4958 1.5079 1.521 1.5346 1.55 1.5678 1.5863 1.606 1.6265 1.6484 1.6679 
46.5 1.3936 1.3935 1.3931 1.3928 1.3925 1.392 1.3915 1.3909 1.3903 1.3895 1.3887 1.3879 1.387 1.386 1.385 1.384 1.3829 1.3817 1.3805 1.3792 1.3779 1.3765 1.375 1.3731 1.3712 1.3692 1.3672 1.3652 1.3631 1.361 1.359 1.357 1.3551 1.353 1.351 1.3489 1.3468 1.3448 1.3435 1.3423 1.3412 1.3401 1.3391 1.338 1.337 1.3361 1.3353 1.3346 1.3339 1.3332 1.3326 1.3321 1.3315 1.3311 1.3308 1.3305 1.3304 1.3303 1.3305 1.3306 1.3312 1.3318 1.3326 1.3337 1.3348 1.3365 1.3382 1.3402 1.3426 1.3451 1.3483 1.3517 1.3554 1.3598 1.3642 1.3695 1.3749 1.3809 1.3875 1.3942 1.4019 1.4097 1.4184 1.4272 1.437 1.4469 1.4578 1.4686 1.4801 1.4916 1.5036 1.5166 1.5302 1.5454 1.5631 1.5814 1.601 1.6214 1.6433 1.6628 
47 1.3896 1.3895 1.3892 1.3888 1.3885 1.3881 1.3875 1.387 1.3863 1.3856 1.3848 1.384 1.3831 1.3822 1.3812 1.3801 1.3791 1.3779 1.3767 1.3755 1.3742 1.3729 1.3715 1.3696 1.3678 1.3658 1.3638 1.3618 1.3597 1.3576 1.3557 1.3537 1.3518 1.3498 1.3478 1.3457 1.3436 1.3417 1.3403 1.339 1.3378 1.3368 1.3358 1.3347 1.3337 1.3328 1.332 1.3313 1.3306 1.3299 1.3293 1.3288 1.3282 1.3279 1.3275 1.3272 1.3271 1.327 1.3272 1.3273 1.3279 1.3285 1.3293 1.3304 1.3315 1.3331 1.3348 1.3368 1.3392 1.3417 1.3448 1.3482 1.3519 1.3562 1.3606 1.3659 1.3713 1.3772 1.3838 1.3904 1.3981 1.4059 1.4145 1.4233 1.4331 1.4429 1.4537 1.4646 1.4761 1.4875 1.4995 1.5124 1.5259 1.5409 1.5585 1.5768 1.5963 1.6166 1.6384 1.6579 
47.5 1.3859 1.3858 1.3854 1.3851 1.3848 1.3844 1.3838 1.3833 1.3827 1.382 1.3812 1.3804 1.3795 1.3786 1.3776 1.3766 1.3755 1.3744 1.3732 1.372 1.3707 1.3694 1.3681 1.3663 1.3644 1.3625 1.3605 1.3586 1.3565 1.3544 1.3524 1.3505 1.3486 1.3466 1.3446 1.3426 1.3405 1.3386 1.3371 1.3357 1.3345 1.3335 1.3325 1.3315 1.3304 1.3296 1.3288 1.328 1.3273 1.3267 1.3261 1.3255 1.325 1.3246 1.3242 1.324 1.3238 1.3238 1.3239 1.3241 1.3246 1.3252 1.326 1.3271 1.3282 1.3298 1.3315 1.3335 1.3359 1.3383 1.3415 1.3448 1.3484 1.3528 1.3571 1.3623 1.3677 1.3736 1.3801 1.3867 1.3944 1.4021 1.4107 1.4195 1.4292 1.439 1.4498 1.4607 1.472 1.4834 1.4953 1.5082 1.5216 1.5363 1.5538 1.572 1.5913 1.6115 1.6332 1.6527 
48 1.382 1.3819 1.3816 1.3812 1.3809 1.3805 1.38 1.3794 1.3788 1.3781 1.3774 1.3766 1.3757 1.3748 1.3738 1.3728 1.3717 1.3706 1.3695 1.3683 1.367 1.3657 1.3644 1.3628 1.3612 1.3594 1.3574 1.3555 1.3534 1.3513 1.3494 1.3475 1.3455 1.3436 1.3416 1.3396 1.3375 1.3356 1.334 1.3325 1.3313 1.3303 1.3293 1.3283 1.3273 1.3264 1.3256 1.3248 1.3241 1.3235 1.3229 1.3223 1.3218 1.3214 1.3211 1.3209 1.3207 1.3206 1.3208 1.3209 1.3214 1.3221 1.3228 1.3239 1.325 1.3266 1.3283 1.3302 1.3326 1.335 1.3382 1.3414 1.345 1.3494 1.3537 1.3589 1.3642 1.3701 1.3766 1.3831 1.3907 1.3984 1.407 1.4157 1.4254 1.4351 1.4459 1.4568 1.4681 1.4794 1.4913 1.5041 1.5174 1.5318 1.5492 1.5672 1.5864 1.6065 1.628 1.6474 
48.5 1.3782 1.378 1.3777 1.3774 1.3771 1.3767 1.3762 1.3756 1.375 1.3743 1.3736 1.3728 1.3719 1.371 1.3701 1.3691 1.368 1.3669 1.3658 1.3646 1.3633 1.3621 1.3608 1.3594 1.358 1.3563 1.3544 1.3524 1.3504 1.3483 1.3464 1.3444 1.3425 1.3406 1.3386 1.3366 1.3346 1.3327 1.331 1.3294 1.3282 1.3272 1.3262 1.3252 1.3242 1.3233 1.3224 1.3216 1.321 1.3204 1.3198 1.3192 1.3187 1.3184 1.318 1.3178 1.3176 1.3175 1.3177 1.3178 1.3183 1.319 1.3197 1.3208 1.3219 1.3235 1.3252 1.3271 1.3295 1.3318 1.3349 1.3381 1.3418 1.346 1.3503 1.3555 1.3607 1.3667 1.3731 1.3796 1.3872 1.3948 1.4034 1.412 1.4216 1.4313 1.4421 1.4529 1.4642 1.4755 1.4873 1.5 1.5132 1.5274 1.5446 1.5625 1.5816 1.6015 1.6229 1.6422 
49 1.3746 1.3744 1.3741 1.3738 1.3735 1.3731 1.3726 1.3721 1.3715 1.3708 1.3701 1.3693 1.3684 1.3675 1.3666 1.3656 1.3646 1.3635 1.3624 1.3612 1.36 1.3587 1.3574 1.3561 1.3547 1.353 1.3512 1.3493 1.3473 1.3453 1.3433 1.3414 1.3394 1.3375 1.3356 1.3336 1.3317 1.3297 1.328 1.3263 1.3251 1.3241 1.3231 1.3221 1.3211 1.3202 1.3194 1.3186 1.3179 1.3173 1.3167 1.3162 1.3157 1.3153 1.3149 1.3147 1.3146 1.3145 1.3146 1.3148 1.3153 1.3159 1.3167 1.3178 1.3189 1.3204 1.3221 1.324 1.3264 1.3287 1.3318 1.335 1.3386 1.3428 1.3471 1.3522 1.3574 1.3633 1.3698 1.3763 1.3838 1.3913 1.3999 1.4086 1.4181 1.4278 1.4385 1.4493 1.4606 1.4718 1.4836 1.4962 1.5093 1.5234 1.5405 1.5583 1.5772 1.597 1.6182 1.6375 
49.5 1.3711 1.371 1.3707 1.3704 1.3701 1.3697 1.3691 1.3686 1.368 1.3674 1.3666 1.3659 1.365 1.3641 1.3632 1.3622 1.3612 1.3601 1.359 1.3578 1.3566 1.3554 1.3541 1.3527 1.3514 1.3498 1.3481 1.3463 1.3443 1.3424 1.3404 1.3384 1.3365 1.3346 1.3327 1.3308 1.3288 1.3268 1.325 1.3232 1.322 1.321 1.3201 1.3191 1.3181 1.3172 1.3163 1.3155 1.3149 1.3143 1.3137 1.3132 1.3127 1.3124 1.312 1.3118 1.3117 1.3116 1.3117 1.3118 1.3124 1.313 1.3138 1.3148 1.3159 1.3175 1.3192 1.321 1.3234 1.3258 1.3288 1.332 1.3355 1.3398 1.344 1.3491 1.3543 1.3601 1.3666 1.3731 1.3805 1.3881 1.3966 1.4052 1.4148 1.4243 1.4351 1.4459 1.4571 1.4683 1.48 1.4925 1.5056 1.5196 1.5365 1.5542 1.5729 1.5926 1.6136 1.6327 
50 1.3673 1.3672 1.3669 1.3666 1.3663 1.3659 1.3654 1.3649 1.3643 1.3636 1.3629 1.3621 1.3613 1.3604 1.3595 1.3586 1.3575 1.3565 1.3554 1.3542 1.353 1.3518 1.3506 1.3492 1.3479 1.3465 1.345 1.3435 1.3415 1.3396 1.3376 1.3357 1.3337 1.3318 1.33 1.3281 1.3261 1.3242 1.3223 1.3204 1.3191 1.3182 1.3172 1.3163 1.3153 1.3144 1.3135 1.3127 1.3121 1.3115 1.3109 1.3104 1.3099 1.3096 1.3092 1.309 1.3089 1.3088 1.3089 1.3091 1.3096 1.3102 1.311 1.312 1.3131 1.3147 1.3163 1.3182 1.3206 1.3229 1.326 1.3291 1.3326 1.3368 1.3411 1.3461 1.3513 1.3571 1.3635 1.37 1.3774 1.385 1.3935 1.4021 1.4116 1.4211 1.4318 1.4427 1.4538 1.465 1.4766 1.489 1.5021 1.5159 1.5326 1.5502 1.5687 1.5882 1.609 1.6279 
50.5 1.3639 1.3638 1.3635 1.3632 1.3629 1.3625 1.362 1.3615 1.3609 1.3603 1.3596 1.3588 1.358 1.3572 1.3563 1.3553 1.3543 1.3533 1.3522 1.3511 1.3499 1.3487 1.3474 1.3461 1.3448 1.3435 1.3421 1.3406 1.3387 1.3367 1.3348 1.3328 1.3309 1.3291 1.3272 1.3253 1.3234 1.3215 1.3195 1.3175 1.3163 1.3153 1.3144 1.3134 1.3125 1.3116 1.3107 1.3099 1.3093 1.3087 1.3081 1.3076 1.3071 1.3068 1.3064 1.3062 1.3061 1.3061 1.3062 1.3063 1.3068 1.3074 1.3082 1.3093 1.3103 1.3119 1.3135 1.3154 1.3177 1.3201 1.3231 1.3262 1.3297 1.3339 1.3381 1.3431 1.3483 1.3541 1.3604 1.3669 1.3743 1.3818 1.3903 1.3989 1.4083 1.4178 1.4285 1.4393 1.4504 1.4615 1.4731 1.4854 1.4984 1.5121 1.5286 1.5461 1.5645 1.5838 1.6044 1.6232 
51 1.3607 1.3606 1.3603 1.36 1.3597 1.3593 1.3589 1.3584 1.3578 1.3572 1.3565 1.3557 1.3549 1.3541 1.3532 1.3522 1.3512 1.3502 1.3491 1.348 1.3469 1.3457 1.3444 1.3431 1.3418 1.3405 1.3391 1.3376 1.3358 1.334 1.3321 1.3301 1.3282 1.3264 1.3245 1.3227 1.3208 1.3188 1.3169 1.3149 1.3136 1.3126 1.3116 1.3106 1.3097 1.3088 1.3079 1.3071 1.3065 1.3059 1.3054 1.3049 1.3044 1.304 1.3037 1.3035 1.3034 1.3033 1.3035 1.3036 1.3041 1.3047 1.3054 1.3065 1.3076 1.3091 1.3108 1.3126 1.3149 1.3173 1.3203 1.3234 1.3269 1.331 1.3351 1.3401 1.3453 1.351 1.3574 1.3639 1.3712 1.3786 1.3871 1.3957 1.4051 1.4145 1.4252 1.436 1.447 1.4581 1.4697 1.4819 1.4949 1.5085 1.5248 1.5422 1.5604 1.5797 1.6001 1.6188 
51.5 1.3574 1.3573 1.357 1.3567 1.3564 1.3561 1.3556 1.3551 1.3545 1.3539 1.3532 1.3525 1.3517 1.3508 1.35 1.349 1.3481 1.347 1.346 1.3449 1.3437 1.3425 1.3413 1.3401 1.3388 1.3374 1.3361 1.3346 1.333 1.3313 1.3295 1.3275 1.3256 1.3238 1.322 1.3201 1.3182 1.3163 1.3144 1.3125 1.3111 1.31 1.3089 1.308 1.3071 1.3061 1.3052 1.3044 1.3038 1.3032 1.3027 1.3022 1.3017 1.3014 1.301 1.3008 1.3007 1.3007 1.3008 1.3009 1.3014 1.302 1.3027 1.3038 1.3049 1.3064 1.308 1.3099 1.3122 1.3145 1.3175 1.3206 1.3241 1.3282 1.3323 1.3372 1.3423 1.3481 1.3544 1.3609 1.3682 1.3756 1.384 1.3926 1.402 1.4114 1.422 1.4327 1.4438 1.4548 1.4664 1.4786 1.4914 1.505 1.5211 1.5384 1.5565 1.5756 1.5959 1.6145 
52 1.3542 1.3541 1.3538 1.3535 1.3533 1.3529 1.3524 1.3519 1.3514 1.3508 1.3501 1.3493 1.3486 1.3477 1.3468 1.3459 1.345 1.344 1.3429 1.3418 1.3407 1.3395 1.3383 1.337 1.3358 1.3344 1.3331 1.3317 1.3302 1.3288 1.327 1.325 1.3231 1.3213 1.3195 1.3176 1.3158 1.3139 1.312 1.31 1.3086 1.3074 1.3063 1.3053 1.3044 1.3035 1.3026 1.3018 1.3012 1.3005 1.3 1.2995 1.2991 1.2987 1.2984 1.2982 1.2981 1.298 1.2982 1.2983 1.2988 1.2993 1.3001 1.3011 1.3022 1.3037 1.3053 1.3072 1.3095 1.3118 1.3147 1.3178 1.3213 1.3253 1.3294 1.3344 1.3394 1.3451 1.3515 1.3579 1.3652 1.3725 1.381 1.3895 1.3988 1.4082 1.4188 1.4294 1.4405 1.4516 1.4631 1.4752 1.488 1.5014 1.5174 1.5346 1.5525 1.5715 1.5917 1.6101 
52.5 1.3511 1.351 1.3507 1.3504 1.3502 1.3498 1.3493 1.3489 1.3483 1.3477 1.347 1.3463 1.3455 1.3447 1.3439 1.343 1.342 1.341 1.34 1.3389 1.3378 1.3366 1.3355 1.3342 1.333 1.3316 1.3303 1.329 1.3276 1.3262 1.3244 1.3224 1.3205 1.3187 1.3169 1.3151 1.3132 1.3114 1.3095 1.3076 1.3061 1.3048 1.3036 1.3027 1.3018 1.3009 1.3 1.2992 1.2986 1.2979 1.2974 1.2969 1.2965 1.2961 1.2957 1.2956 1.2954 1.2954 1.2955 1.2957 1.2961 1.2967 1.2974 1.2984 1.2995 1.301 1.3026 1.3045 1.3067 1.309 1.3119 1.315 1.3184 1.3225 1.3265 1.3314 1.3365 1.3421 1.3485 1.3548 1.3621 1.3694 1.3778 1.3863 1.3956 1.4049 1.4154 1.4261 1.4371 1.4482 1.4597 1.4717 1.4844 1.4978 1.5136 1.5307 1.5485 1.5674 1.5874 1.6058 
53 1.3482 1.3481 1.3478 1.3475 1.3473 1.3469 1.3464 1.346 1.3454 1.3448 1.3442 1.3435 1.3427 1.3419 1.341 1.3401 1.3392 1.3382 1.3372 1.3361 1.335 1.3339 1.3327 1.3315 1.3302 1.3289 1.3276 1.3263 1.3249 1.3235 1.3218 1.3198 1.3179 1.3161 1.3143 1.3125 1.3107 1.3089 1.307 1.3051 1.3036 1.3022 1.3009 1.3 1.2992 1.2983 1.2974 1.2966 1.2959 1.2953 1.2947 1.2943 1.2938 1.2935 1.2931 1.2929 1.2928 1.2928 1.2929 1.293 1.2935 1.294 1.2947 1.2958 1.2968 1.2983 1.2999 1.3018 1.304 1.3063 1.3092 1.3123 1.3156 1.3197 1.3237 1.3285 1.3336 1.3392 1.3455 1.3519 1.359 1.3663 1.3747 1.3831 1.3924 1.4017 1.4122 1.4228 1.4338 1.4448 1.4563 1.4682 1.4809 1.4942 1.5098 1.5268 1.5445 1.5633 1.5831 1.6015 
53.5 1.3453 1.3451 1.3449 1.3446 1.3444 1.344 1.3435 1.3431 1.3426 1.342 1.3413 1.3406 1.3398 1.339 1.3382 1.3373 1.3364 1.3354 1.3344 1.3333 1.3322 1.3311 1.3299 1.3287 1.3274 1.3261 1.3248 1.3234 1.322 1.3205 1.319 1.3174 1.3158 1.3139 1.312 1.3102 1.3083 1.3065 1.3046 1.3027 1.3011 1.2997 1.2983 1.2974 1.2965 1.2957 1.2948 1.294 1.2933 1.2926 1.2921 1.2916 1.2912 1.2908 1.2905 1.2903 1.2902 1.2901 1.2903 1.2904 1.2909 1.2914 1.2921 1.2931 1.2942 1.2957 1.2973 1.2991 1.3013 1.3036 1.3065 1.3095 1.3129 1.3169 1.3209 1.3257 1.3307 1.3363 1.3426 1.349 1.3561 1.3634 1.3717 1.3801 1.3894 1.3987 1.4091 1.4196 1.4307 1.4417 1.4532 1.465 1.4777 1.4909 1.5063 1.5232 1.5408 1.5595 1.5793 1.5975 
54 1.3419 1.3418 1.3416 1.3413 1.341 1.3407 1.3402 1.3398 1.3393 1.3387 1.338 1.3373 1.3366 1.3358 1.3349 1.3341 1.3331 1.3322 1.3312 1.3301 1.329 1.3279 1.3268 1.3256 1.3243 1.3231 1.3218 1.3205 1.3191 1.3177 1.3163 1.3148 1.3132 1.3114 1.3096 1.3078 1.306 1.3042 1.3023 1.3005 1.2989 1.2973 1.2959 1.295 1.2942 1.2933 1.2924 1.2916 1.2909 1.2902 1.2897 1.2892 1.2888 1.2884 1.2881 1.2879 1.2878 1.2877 1.2878 1.288 1.2884 1.2889 1.2896 1.2906 1.2917 1.2931 1.2947 1.2965 1.2987 1.301 1.3039 1.3069 1.3102 1.3142 1.3181 1.323 1.3279 1.3335 1.3397 1.3461 1.3532 1.3604 1.3687 1.3771 1.3863 1.3955 1.4059 1.4164 1.4274 1.4385 1.4499 1.4616 1.4743 1.4874 1.5026 1.5194 1.5369 1.5554 1.575 1.5932 
54.5 1.3389 1.3388 1.3386 1.3383 1.3381 1.3377 1.3373 1.3368 1.3363 1.3357 1.3351 1.3344 1.3337 1.3329 1.332 1.3312 1.3303 1.3293 1.3283 1.3273 1.3262 1.3251 1.324 1.3228 1.3216 1.3204 1.3191 1.3178 1.3164 1.3151 1.3137 1.3122 1.3108 1.3089 1.3071 1.3053 1.3035 1.3018 1.2999 1.2981 1.2964 1.2948 1.2933 1.2925 1.2916 1.2907 1.2899 1.2891 1.2884 1.2877 1.2871 1.2867 1.2862 1.2859 1.2855 1.2854 1.2852 1.2852 1.2853 1.2854 1.2859 1.2864 1.287 1.2881 1.2891 1.2906 1.2921 1.2939 1.2961 1.2983 1.3012 1.3042 1.3075 1.3115 1.3154 1.3202 1.3251 1.3306 1.3369 1.3432 1.3503 1.3575 1.3657 1.3741 1.3832 1.3925 1.4029 1.4133 1.4243 1.4354 1.4468 1.4585 1.4711 1.4842 1.4992 1.516 1.5334 1.5519 1.5714 1.5895 
55 1.3362 1.336 1.3358 1.3355 1.3353 1.335 1.3345 1.3341 1.3336 1.333 1.3323 1.3317 1.3309 1.3302 1.3293 1.3285 1.3276 1.3266 1.3257 1.3247 1.3236 1.3225 1.3214 1.3202 1.319 1.3178 1.3165 1.3152 1.3139 1.3125 1.3112 1.3098 1.3083 1.3064 1.3046 1.3028 1.3011 1.2993 1.2975 1.2957 1.294 1.2923 1.2908 1.29 1.2891 1.2882 1.2874 1.2866 1.2859 1.2852 1.2846 1.2842 1.2837 1.2834 1.283 1.2829 1.2827 1.2827 1.2828 1.283 1.2834 1.2839 1.2845 1.2855 1.2866 1.288 1.2896 1.2914 1.2936 1.2958 1.2986 1.3016 1.3049 1.3088 1.3127 1.3174 1.3223 1.3278 1.334 1.3403 1.3474 1.3545 1.3627 1.371 1.3802 1.3894 1.3997 1.41 1.421 1.432 1.4434 1.455 1.4676 1.4806 1.4954 1.5121 1.5294 1.5478 1.5672 1.5852 
55.5 1.3334 1.3332 1.333 1.3328 1.3325 1.3322 1.3317 1.3313 1.3308 1.3302 1.3296 1.3289 1.3282 1.3274 1.3266 1.3257 1.3248 1.3239 1.3229 1.3219 1.3209 1.3198 1.3187 1.3175 1.3163 1.3151 1.3138 1.3125 1.3112 1.3098 1.3084 1.307 1.3056 1.304 1.3024 1.3007 1.2989 1.2972 1.2954 1.2936 1.2918 1.29 1.2885 1.2876 1.2868 1.2859 1.2851 1.2842 1.2835 1.2828 1.2822 1.2818 1.2813 1.281 1.2807 1.2805 1.2804 1.2803 1.2804 1.2806 1.281 1.2814 1.2821 1.2831 1.2841 1.2856 1.2871 1.2889 1.2911 1.2933 1.2961 1.2991 1.3023 1.3062 1.3101 1.3148 1.3197 1.3251 1.3313 1.3376 1.3446 1.3517 1.3599 1.3681 1.3772 1.3865 1.3967 1.407 1.418 1.429 1.4404 1.452 1.4645 1.4774 1.4921 1.5087 1.5259 1.5442 1.5635 1.5815 
56 1.3305 1.3304 1.3301 1.3299 1.3297 1.3293 1.3289 1.3285 1.328 1.3274 1.3268 1.3261 1.3254 1.3246 1.3238 1.323 1.3221 1.3212 1.3202 1.3192 1.3182 1.3171 1.316 1.3149 1.3137 1.3125 1.3112 1.31 1.3087 1.3074 1.306 1.3046 1.3032 1.3016 1.3 1.2983 1.2966 1.2949 1.2931 1.2913 1.2895 1.2877 1.2861 1.2853 1.2844 1.2836 1.2827 1.2819 1.2812 1.2804 1.2799 1.2794 1.279 1.2787 1.2783 1.2782 1.278 1.278 1.2781 1.2782 1.2786 1.2791 1.2797 1.2807 1.2817 1.2832 1.2847 1.2864 1.2886 1.2908 1.2936 1.2965 1.2998 1.3036 1.3074 1.3121 1.3169 1.3224 1.3285 1.3348 1.3417 1.3488 1.3568 1.365 1.3741 1.3833 1.3935 1.4037 1.4147 1.4257 1.4369 1.4485 1.4609 1.4737 1.4881 1.5046 1.5216 1.5398 1.559 1.5769 
56.5 1.3277 1.3276 1.3274 1.3271 1.3269 1.3266 1.3261 1.3257 1.3252 1.3247 1.324 1.3234 1.3227 1.3219 1.3211 1.3203 1.3194 1.3185 1.3175 1.3166 1.3155 1.3145 1.3134 1.3122 1.3111 1.3099 1.3086 1.3074 1.3061 1.3048 1.3034 1.302 1.3006 1.2992 1.2978 1.2962 1.2945 1.2927 1.291 1.2892 1.2874 1.2856 1.2839 1.283 1.2821 1.2813 1.2804 1.2796 1.2788 1.2781 1.2776 1.2771 1.2767 1.2763 1.276 1.2758 1.2757 1.2756 1.2757 1.2759 1.2763 1.2767 1.2773 1.2783 1.2793 1.2807 1.2822 1.284 1.2861 1.2883 1.2911 1.294 1.2972 1.301 1.3047 1.3094 1.3142 1.3196 1.3257 1.3319 1.3388 1.3458 1.3539 1.362 1.3711 1.3802 1.3904 1.4006 1.4115 1.4225 1.4337 1.4452 1.4575 1.4703 1.4845 1.5009 1.5178 1.5358 1.5549 1.5727 
57 1.3249 1.3248 1.3246 1.3243 1.3241 1.3238 1.3234 1.3229 1.3224 1.3219 1.3213 1.3206 1.3199 1.3192 1.3184 1.3176 1.3167 1.3158 1.3149 1.3139 1.3129 1.3118 1.3108 1.3096 1.3085 1.3073 1.3061 1.3049 1.3036 1.3023 1.3009 1.2996 1.2982 1.2968 1.2954 1.2938 1.2921 1.2904 1.2887 1.2869 1.2852 1.2834 1.2817 1.2808 1.2798 1.2789 1.2781 1.2773 1.2765 1.2758 1.2752 1.2748 1.2743 1.274 1.2737 1.2735 1.2734 1.2733 1.2734 1.2736 1.2739 1.2744 1.275 1.276 1.277 1.2784 1.2799 1.2816 1.2837 1.2859 1.2886 1.2915 1.2947 1.2985 1.3022 1.3069 1.3116 1.317 1.323 1.3292 1.3361 1.3431 1.3511 1.3592 1.3682 1.3774 1.3874 1.3976 1.4085 1.4195 1.4307 1.4422 1.4544 1.4671 1.4811 1.4974 1.5142 1.5322 1.5512 1.5689 
57.5 1.3223 1.3221 1.3219 1.3217 1.3215 1.3211 1.3207 1.3203 1.3198 1.3193 1.3187 1.318 1.3173 1.3166 1.3158 1.315 1.3142 1.3133 1.3124 1.3114 1.3104 1.3094 1.3083 1.3072 1.3061 1.3049 1.3037 1.3025 1.3012 1.2999 1.2986 1.2973 1.2959 1.2945 1.2931 1.2915 1.2899 1.2882 1.2865 1.2847 1.283 1.2812 1.2796 1.2786 1.2775 1.2766 1.2758 1.275 1.2743 1.2735 1.273 1.2725 1.2721 1.2718 1.2714 1.2713 1.2711 1.2711 1.2712 1.2713 1.2717 1.2722 1.2728 1.2737 1.2747 1.2761 1.2776 1.2793 1.2814 1.2835 1.2863 1.2892 1.2924 1.2961 1.2998 1.3044 1.3091 1.3144 1.3205 1.3266 1.3335 1.3404 1.3484 1.3564 1.3654 1.3745 1.3846 1.3946 1.4055 1.4165 1.4276 1.4391 1.4512 1.4638 1.4776 1.4938 1.5104 1.5283 1.5471 1.5647 
58 1.3197 1.3196 1.3194 1.3192 1.3189 1.3186 1.3182 1.3178 1.3173 1.3168 1.3162 1.3156 1.3149 1.3142 1.3134 1.3126 1.3117 1.3109 1.3099 1.309 1.308 1.307 1.3059 1.3048 1.3037 1.3026 1.3014 1.3002 1.2989 1.2977 1.2964 1.295 1.2937 1.2923 1.2909 1.2893 1.2877 1.286 1.2843 1.2826 1.2809 1.2791 1.2775 1.2764 1.2753 1.2744 1.2736 1.2728 1.272 1.2713 1.2707 1.2703 1.2698 1.2695 1.2692 1.269 1.2689 1.2688 1.269 1.2691 1.2695 1.27 1.2706 1.2715 1.2725 1.2738 1.2753 1.277 1.2791 1.2812 1.284 1.2868 1.29 1.2937 1.2974 1.3019 1.3066 1.3119 1.3179 1.3239 1.3308 1.3377 1.3456 1.3536 1.3626 1.3716 1.3816 1.3916 1.4025 1.4134 1.4245 1.4359 1.4479 1.4604 1.474 1.4901 1.5066 1.5243 1.543 1.5605 
58.5 1.3172 1.3171 1.3168 1.3166 1.3164 1.3161 1.3157 1.3153 1.3148 1.3143 1.3137 1.3131 1.3124 1.3117 1.3109 1.3101 1.3093 1.3084 1.3075 1.3065 1.3055 1.3045 1.3035 1.3024 1.3013 1.3001 1.2989 1.2977 1.2965 1.2952 1.2939 1.2926 1.2912 1.2898 1.2884 1.287 1.2856 1.2841 1.2824 1.2807 1.279 1.2773 1.2756 1.2744 1.2732 1.2723 1.2715 1.2707 1.2699 1.2692 1.2686 1.2681 1.2677 1.2674 1.2671 1.2669 1.2668 1.2667 1.2668 1.267 1.2674 1.2678 1.2684 1.2693 1.2703 1.2717 1.2731 1.2748 1.2769 1.279 1.2817 1.2846 1.2877 1.2914 1.295 1.2996 1.3042 1.3094 1.3154 1.3214 1.3283 1.3352 1.343 1.351 1.3599 1.369 1.3789 1.3889 1.3997 1.4106 1.4217 1.4331 1.445 1.4575 1.4708 1.4869 1.5033 1.521 1.5395 1.557 
59 1.3143 1.3142 1.314 1.3138 1.3136 1.3133 1.3129 1.3126 1.3121 1.3115 1.311 1.3103 1.3097 1.309 1.3082 1.3074 1.3066 1.3057 1.3048 1.3039 1.3029 1.3019 1.3009 1.2998 1.2987 1.2976 1.2964 1.2952 1.294 1.2927 1.2915 1.2901 1.2888 1.2875 1.2861 1.2848 1.2835 1.2822 1.2805 1.2789 1.2772 1.2754 1.2738 1.2725 1.2713 1.2704 1.2696 1.2688 1.268 1.2673 1.2667 1.2662 1.2658 1.2655 1.2651 1.265 1.2648 1.2648 1.2649 1.265 1.2654 1.2659 1.2664 1.2674 1.2683 1.2696 1.2711 1.2728 1.2749 1.2769 1.2796 1.2824 1.2855 1.2892 1.2928 1.2973 1.3019 1.3071 1.313 1.319 1.3258 1.3327 1.3405 1.3484 1.3573 1.3663 1.3761 1.386 1.3968 1.4077 1.4187 1.43 1.4418 1.4541 1.4672 1.4831 1.4994 1.5168 1.5352 1.5525 
59.5 1.3117 1.3116 1.3114 1.3113 1.3111 1.3108 1.3104 1.31 1.3096 1.3091 1.3085 1.3079 1.3072 1.3065 1.3058 1.305 1.3042 1.3033 1.3024 1.3015 1.3005 1.2996 1.2986 1.2975 1.2964 1.2953 1.2941 1.293 1.2918 1.2905 1.2893 1.288 1.2867 1.2854 1.284 1.2827 1.2815 1.2801 1.2785 1.2769 1.2752 1.2735 1.2719 1.2705 1.2692 1.2683 1.2675 1.2668 1.266 1.2653 1.2647 1.2642 1.2638 1.2634 1.2631 1.263 1.2628 1.2628 1.2629 1.263 1.2634 1.2639 1.2644 1.2653 1.2662 1.2676 1.2691 1.2707 1.2728 1.2748 1.2775 1.2803 1.2834 1.287 1.2906 1.295 1.2996 1.3048 1.3106 1.3166 1.3234 1.3302 1.338 1.3458 1.3547 1.3636 1.3734 1.3832 1.394 1.4049 1.4159 1.4271 1.4388 1.4511 1.464 1.4798 1.4959 1.5133 1.5315 1.5487 
60 1.3093 1.3092 1.309 1.3089 1.3088 1.3085 1.3081 1.3077 1.3073 1.3067 1.3062 1.3056 1.3049 1.3042 1.3035 1.3027 1.3019 1.3011 1.3002 1.2993 1.2983 1.2974 1.2964 1.2953 1.2943 1.2932 1.292 1.2909 1.2897 1.2885 1.2872 1.2859 1.2847 1.2833 1.282 1.2807 1.2795 1.2782 1.2765 1.2749 1.2732 1.2716 1.27 1.2686 1.2672 1.2663 1.2655 1.2647 1.264 1.2633 1.2627 1.2622 1.2617 1.2614 1.2611 1.261 1.2608 1.2608 1.2609 1.2611 1.2614 1.2619 1.2625 1.2634 1.2642 1.2656 1.267 1.2687 1.2707 1.2728 1.2754 1.2782 1.2812 1.2848 1.2884 1.2928 1.2973 1.3025 1.3083 1.3142 1.3209 1.3278 1.3354 1.3432 1.3521 1.361 1.3707 1.3805 1.3912 1.402 1.4129 1.4241 1.4357 1.4479 1.4607 1.4762 1.4922 1.5094 1.5275 1.5446 
60.5 1.307 1.3069 1.3068 1.3067 1.3065 1.3063 1.3059 1.3055 1.3051 1.3046 1.304 1.3034 1.3027 1.3021 1.3013 1.3006 1.2998 1.2989 1.2981 1.2972 1.2962 1.2953 1.2943 1.2932 1.2922 1.2911 1.29 1.2888 1.2877 1.2865 1.2852 1.284 1.2827 1.2814 1.2801 1.2788 1.2776 1.2762 1.2746 1.273 1.2714 1.2697 1.2681 1.2667 1.2652 1.2643 1.2635 1.2628 1.2621 1.2614 1.2608 1.2602 1.2598 1.2595 1.2592 1.259 1.2589 1.2588 1.259 1.2591 1.2595 1.2599 1.2605 1.2614 1.2622 1.2636 1.265 1.2666 1.2687 1.2707 1.2733 1.2761 1.2791 1.2827 1.2862 1.2906 1.295 1.3001 1.3059 1.3118 1.3185 1.3253 1.3329 1.3406 1.3494 1.3584 1.368 1.3777 1.3884 1.3992 1.41 1.4212 1.4327 1.4448 1.4575 1.4728 1.4887 1.5058 1.5237 1.5407 
61 1.3046 1.3045 1.3045 1.3044 1.3043 1.304 1.3036 1.3033 1.3028 1.3023 1.3018 1.3012 1.3005 1.2998 1.2991 1.2984 1.2976 1.2968 1.2959 1.295 1.2941 1.2931 1.2922 1.2911 1.2901 1.289 1.2879 1.2868 1.2856 1.2844 1.2832 1.2819 1.2807 1.2794 1.278 1.2767 1.2754 1.2741 1.2727 1.2713 1.2697 1.268 1.2664 1.2648 1.2633 1.2624 1.2616 1.2609 1.2602 1.2594 1.2589 1.2583 1.2578 1.2576 1.2573 1.2571 1.257 1.2569 1.257 1.2572 1.2576 1.258 1.2586 1.2594 1.2603 1.2616 1.263 1.2647 1.2667 1.2687 1.2713 1.2741 1.2771 1.2806 1.2842 1.2885 1.2929 1.298 1.3037 1.3096 1.3163 1.323 1.3306 1.3383 1.3471 1.356 1.3656 1.3752 1.386 1.3967 1.4075 1.4186 1.43 1.4421 1.4547 1.4699 1.4857 1.5026 1.5204 1.5373 
61.5 1.3022 1.3022 1.3021 1.302 1.3019 1.3016 1.3013 1.3009 1.3005 1.3 1.2995 1.2989 1.2982 1.2976 1.2968 1.2961 1.2953 1.2945 1.2936 1.2928 1.2918 1.2909 1.2899 1.2889 1.2879 1.2868 1.2857 1.2846 1.2834 1.2822 1.281 1.2798 1.2786 1.2773 1.276 1.2747 1.2734 1.2721 1.2708 1.2695 1.268 1.2663 1.2647 1.2632 1.2616 1.2606 1.2599 1.2592 1.2584 1.2577 1.2571 1.2566 1.2561 1.2558 1.2555 1.2553 1.2552 1.2552 1.2553 1.2554 1.2558 1.2562 1.2568 1.2576 1.2585 1.2598 1.2612 1.2628 1.2648 1.2668 1.2694 1.2721 1.2751 1.2786 1.2821 1.2864 1.2908 1.2958 1.3015 1.3073 1.3139 1.3207 1.3282 1.3358 1.3445 1.3534 1.3629 1.3725 1.3832 1.3939 1.4046 1.4157 1.4269 1.4389 1.4514 1.4663 1.482 1.4987 1.5163 1.5331 
62 1.2999 1.2999 1.2998 1.2997 1.2996 1.2994 1.2991 1.2988 1.2983 1.2978 1.2973 1.2967 1.2961 1.2954 1.2947 1.294 1.2932 1.2924 1.2915 1.2907 1.2898 1.2888 1.2879 1.2869 1.2859 1.2848 1.2837 1.2826 1.2815 1.2803 1.2791 1.2779 1.2767 1.2754 1.2741 1.2728 1.2716 1.2703 1.269 1.2677 1.2662 1.2646 1.263 1.2614 1.2597 1.2588 1.258 1.2573 1.2566 1.2559 1.2553 1.2547 1.2542 1.254 1.2537 1.2535 1.2534 1.2533 1.2535 1.2536 1.2539 1.2544 1.2549 1.2558 1.2566 1.2579 1.2593 1.2609 1.2629 1.2648 1.2674 1.2701 1.2731 1.2766 1.2801 1.2843 1.2887 1.2936 1.2993 1.3051 1.3117 1.3184 1.3259 1.3335 1.3421 1.3509 1.3604 1.37 1.3807 1.3914 1.4021 1.4131 1.4243 1.4362 1.4486 1.4634 1.479 1.4956 1.5131 1.5298 
62.5 1.2977 1.2976 1.2975 1.2974 1.2973 1.2972 1.2969 1.2966 1.2962 1.2957 1.2952 1.2946 1.294 1.2933 1.2926 1.2919 1.2911 1.2903 1.2895 1.2886 1.2877 1.2868 1.2858 1.2848 1.2838 1.2828 1.2817 1.2806 1.2794 1.2783 1.2771 1.2759 1.2747 1.2734 1.2721 1.2709 1.2696 1.2683 1.2672 1.2661 1.2646 1.263 1.2614 1.2597 1.2581 1.2571 1.2563 1.2555 1.2549 1.2542 1.2535 1.253 1.2524 1.2522 1.2519 1.2517 1.2516 1.2515 1.2517 1.2518 1.2521 1.2526 1.2531 1.2539 1.2547 1.256 1.2574 1.259 1.261 1.2629 1.2655 1.2682 1.2711 1.2746 1.278 1.2823 1.2866 1.2915 1.2971 1.3029 1.3094 1.3161 1.3236 1.3311 1.3397 1.3484 1.3579 1.3674 1.3781 1.3888 1.3994 1.4103 1.4214 1.4333 1.4456 1.4602 1.4757 1.4922 1.5096 1.5262 
63 1.2955 1.2954 1.2953 1.2952 1.2951 1.295 1.2947 1.2945 1.2941 1.2936 1.2931 1.2925 1.2919 1.2912 1.2905 1.2898 1.289 1.2882 1.2874 1.2866 1.2857 1.2848 1.2838 1.2828 1.2818 1.2808 1.2797 1.2787 1.2775 1.2764 1.2752 1.274 1.2728 1.2716 1.2703 1.2691 1.2678 1.2666 1.2654 1.2643 1.2629 1.2613 1.2597 1.2581 1.2565 1.2554 1.2546 1.2538 1.2531 1.2524 1.2518 1.2512 1.2507 1.2504 1.2501 1.25 1.2498 1.2498 1.2499 1.25 1.2504 1.2508 1.2513 1.2521 1.2529 1.2542 1.2556 1.2572 1.2591 1.2611 1.2636 1.2662 1.2692 1.2726 1.276 1.2802 1.2845 1.2894 1.295 1.3006 1.3072 1.3138 1.3212 1.3287 1.3372 1.3459 1.3553 1.3648 1.3754 1.386 1.3966 1.4075 1.4185 1.4303 1.4424 1.4567 1.4721 1.4884 1.5057 1.5221 
63.5 1.2933 1.2933 1.2932 1.2931 1.293 1.2928 1.2926 1.2924 1.292 1.2916 1.291 1.2905 1.2899 1.2892 1.2885 1.2878 1.2871 1.2863 1.2855 1.2846 1.2837 1.2828 1.2819 1.2809 1.2799 1.2789 1.2779 1.2768 1.2757 1.2746 1.2734 1.2722 1.271 1.2698 1.2686 1.2673 1.266 1.2648 1.2637 1.2626 1.2612 1.2596 1.258 1.2564 1.2548 1.2537 1.2529 1.252 1.2513 1.2506 1.25 1.2494 1.2489 1.2486 1.2483 1.2482 1.248 1.248 1.2481 1.2482 1.2486 1.249 1.2495 1.2503 1.2511 1.2524 1.2537 1.2553 1.2572 1.2591 1.2617 1.2643 1.2672 1.2706 1.274 1.2781 1.2824 1.2872 1.2928 1.2984 1.3049 1.3115 1.3189 1.3264 1.3348 1.3434 1.3528 1.3623 1.3728 1.3834 1.394 1.4049 1.4159 1.4275 1.4396 1.4537 1.469 1.4852 1.5023 1.5187 
64 1.2912 1.2912 1.2911 1.291 1.2909 1.2908 1.2906 1.2904 1.29 1.2896 1.289 1.2885 1.2879 1.2872 1.2866 1.2858 1.2851 1.2843 1.2835 1.2827 1.2818 1.2809 1.28 1.279 1.2781 1.2771 1.276 1.275 1.2739 1.2728 1.2716 1.2704 1.2693 1.268 1.2668 1.2656 1.2643 1.2631 1.262 1.2608 1.2594 1.2579 1.2563 1.2547 1.2532 1.252 1.2511 1.2502 1.2495 1.2489 1.2482 1.2476 1.2471 1.2468 1.2465 1.2464 1.2463 1.2462 1.2463 1.2464 1.2468 1.2472 1.2478 1.2485 1.2493 1.2506 1.2519 1.2535 1.2554 1.2573 1.2598 1.2624 1.2653 1.2687 1.2721 1.2762 1.2804 1.2852 1.2907 1.2963 1.3028 1.3093 1.3167 1.3241 1.3325 1.3411 1.3504 1.3599 1.3703 1.3808 1.3915 1.4023 1.4132 1.4248 1.4367 1.4507 1.4659 1.4819 1.4989 1.5152 
64.5 1.2892 1.2892 1.2891 1.289 1.2889 1.2888 1.2886 1.2885 1.2881 1.2877 1.2871 1.2866 1.286 1.2854 1.2847 1.284 1.2832 1.2825 1.2817 1.2808 1.28 1.2791 1.2782 1.2772 1.2763 1.2753 1.2742 1.2732 1.2721 1.271 1.2699 1.2687 1.2675 1.2663 1.2651 1.2639 1.2626 1.2614 1.2603 1.2592 1.2578 1.2562 1.2547 1.2531 1.2516 1.2504 1.2494 1.2484 1.2478 1.2471 1.2465 1.2459 1.2454 1.2451 1.2448 1.2446 1.2445 1.2445 1.2446 1.2447 1.245 1.2454 1.246 1.2467 1.2475 1.2488 1.2501 1.2516 1.2535 1.2554 1.2579 1.2605 1.2633 1.2667 1.2701 1.2742 1.2783 1.2831 1.2886 1.2941 1.3005 1.3071 1.3144 1.3218 1.3301 1.3386 1.348 1.3574 1.3677 1.3782 1.3888 1.3996 1.4105 1.4219 1.4338 1.4476 1.4626 1.4785 1.4954 1.5116 
65 1.2872 1.2872 1.2871 1.287 1.2869 1.2868 1.2866 1.2865 1.2862 1.2857 1.2852 1.2847 1.2841 1.2834 1.2828 1.2821 1.2813 1.2806 1.2798 1.279 1.2781 1.2772 1.2763 1.2754 1.2744 1.2734 1.2724 1.2714 1.2703 1.2692 1.2681 1.267 1.2658 1.2646 1.2634 1.2622 1.2609 1.2597 1.2586 1.2575 1.2561 1.2546 1.253 1.2515 1.25 1.2488 1.2477 1.2467 1.2461 1.2454 1.2448 1.2442 1.2437 1.2434 1.243 1.2429 1.2428 1.2427 1.2428 1.2429 1.2433 1.2437 1.2442 1.245 1.2458 1.247 1.2483 1.2498 1.2517 1.2536 1.2561 1.2586 1.2615 1.2648 1.2682 1.2722 1.2764 1.2811 1.2866 1.2921 1.2985 1.305 1.3123 1.3196 1.328 1.3364 1.3457 1.3551 1.3654 1.3758 1.3865 1.3972 1.4081 1.4195 1.4312 1.4449 1.4599 1.4757 1.4924 1.5083 
65.5 1.2851 1.285 1.2849 1.2848 1.2848 1.2846 1.2845 1.2843 1.284 1.2836 1.2831 1.2826 1.282 1.2814 1.2807 1.28 1.2793 1.2785 1.2777 1.2769 1.2761 1.2752 1.2743 1.2733 1.2724 1.2714 1.2704 1.2693 1.2683 1.2672 1.266 1.2649 1.2637 1.2625 1.2613 1.2601 1.2588 1.2576 1.2565 1.2553 1.2542 1.2531 1.2519 1.2503 1.2488 1.2475 1.2463 1.2453 1.2446 1.2439 1.2433 1.2427 1.2422 1.2418 1.2415 1.2413 1.2412 1.2411 1.2412 1.2413 1.2417 1.2421 1.2426 1.2434 1.2441 1.2453 1.2466 1.2481 1.25 1.2519 1.2543 1.2569 1.2597 1.263 1.2664 1.2704 1.2745 1.2792 1.2846 1.2901 1.2965 1.3029 1.3102 1.3175 1.3258 1.3342 1.3434 1.3528 1.363 1.3733 1.384 1.3947 1.4055 1.4168 1.4284 1.4419 1.4567 1.4724 1.489 1.5049 
66 1.2828 1.2828 1.2827 1.2826 1.2825 1.2824 1.2822 1.2821 1.2818 1.2815 1.281 1.2804 1.2799 1.2792 1.2786 1.2779 1.2772 1.2764 1.2757 1.2749 1.274 1.2731 1.2723 1.2713 1.2704 1.2694 1.2684 1.2674 1.2663 1.2653 1.2642 1.263 1.2619 1.2607 1.2595 1.2583 1.2571 1.2559 1.2548 1.2536 1.2525 1.2514 1.2503 1.2487 1.2472 1.2459 1.2447 1.2437 1.243 1.2424 1.2418 1.2412 1.2406 1.2403 1.2399 1.2398 1.2396 1.2396 1.2397 1.2398 1.2401 1.2405 1.241 1.2418 1.2425 1.2437 1.245 1.2465 1.2483 1.2502 1.2526 1.2551 1.258 1.2613 1.2646 1.2685 1.2726 1.2773 1.2827 1.2881 1.2944 1.3008 1.308 1.3153 1.3236 1.3319 1.3412 1.3505 1.3607 1.3709 1.3816 1.3922 1.403 1.4142 1.4257 1.439 1.4537 1.4693 1.4857 1.5016 
66.5 1.2807 1.2807 1.2806 1.2805 1.2804 1.2803 1.2802 1.28 1.2798 1.2795 1.279 1.2785 1.2779 1.2773 1.2766 1.276 1.2753 1.2745 1.2737 1.273 1.2721 1.2713 1.2704 1.2695 1.2685 1.2676 1.2666 1.2656 1.2645 1.2635 1.2624 1.2613 1.2602 1.259 1.2578 1.2566 1.2554 1.2542 1.2531 1.252 1.2509 1.2498 1.2487 1.2472 1.2457 1.2443 1.2431 1.242 1.2414 1.2407 1.2401 1.2395 1.239 1.2387 1.2383 1.2381 1.238 1.2379 1.238 1.2381 1.2385 1.2389 1.2394 1.2401 1.2409 1.2421 1.2433 1.2448 1.2466 1.2485 1.2509 1.2534 1.2562 1.2595 1.2628 1.2667 1.2708 1.2754 1.2808 1.2862 1.2925 1.2988 1.306 1.3133 1.3215 1.3298 1.339 1.3483 1.3585 1.3687 1.3793 1.3899 1.4007 1.4118 1.4233 1.4364 1.4511 1.4665 1.4828 1.4986 
67 1.2787 1.2787 1.2786 1.2785 1.2784 1.2783 1.2782 1.278 1.2778 1.2775 1.2771 1.2766 1.276 1.2754 1.2748 1.2741 1.2734 1.2727 1.2719 1.2711 1.2703 1.2694 1.2686 1.2677 1.2668 1.2658 1.2648 1.2638 1.2628 1.2618 1.2607 1.2596 1.2585 1.2573 1.2562 1.255 1.2538 1.2526 1.2515 1.2504 1.2493 1.2482 1.2471 1.2456 1.2441 1.2427 1.2414 1.2403 1.2397 1.239 1.2385 1.2379 1.2374 1.237 1.2366 1.2365 1.2364 1.2363 1.2364 1.2365 1.2368 1.2372 1.2378 1.2385 1.2393 1.2404 1.2417 1.2431 1.245 1.2468 1.2492 1.2517 1.2545 1.2577 1.261 1.265 1.269 1.2736 1.2789 1.2843 1.2905 1.2969 1.304 1.3113 1.3195 1.3277 1.3369 1.3462 1.3563 1.3664 1.3771 1.3877 1.3984 1.4094 1.4208 1.4338 1.4484 1.4637 1.4799 1.4956 
67.5 1.2769 1.2768 1.2768 1.2767 1.2766 1.2765 1.2763 1.2762 1.276 1.2757 1.2753 1.2748 1.2742 1.2736 1.273 1.2724 1.2717 1.2709 1.2702 1.2694 1.2686 1.2677 1.2669 1.266 1.2651 1.2641 1.2632 1.2622 1.2612 1.2601 1.2591 1.258 1.2569 1.2557 1.2546 1.2534 1.2522 1.2511 1.2499 1.2488 1.2477 1.2467 1.2455 1.244 1.2426 1.2412 1.2398 1.2387 1.238 1.2374 1.2368 1.2363 1.2358 1.2354 1.235 1.2348 1.2347 1.2347 1.2348 1.2349 1.2352 1.2356 1.2361 1.2369 1.2376 1.2388 1.24 1.2414 1.2433 1.2451 1.2475 1.25 1.2527 1.256 1.2592 1.2631 1.2671 1.2717 1.2769 1.2823 1.2885 1.2948 1.3019 1.3091 1.3173 1.3254 1.3346 1.3438 1.3538 1.3639 1.3746 1.3851 1.3957 1.4067 1.418 1.4307 1.4451 1.4603 1.4764 1.4919 
68 1.275 1.275 1.2749 1.2748 1.2747 1.2746 1.2745 1.2743 1.2741 1.2739 1.2735 1.273 1.2725 1.2719 1.2712 1.2706 1.2699 1.2692 1.2684 1.2677 1.2668 1.266 1.2652 1.2643 1.2634 1.2624 1.2615 1.2605 1.2595 1.2585 1.2574 1.2563 1.2552 1.2541 1.253 1.2518 1.2507 1.2495 1.2484 1.2472 1.2462 1.2451 1.244 1.2425 1.2411 1.2397 1.2383 1.2371 1.2364 1.2358 1.2353 1.2347 1.2342 1.2338 1.2334 1.2332 1.2331 1.2331 1.2332 1.2333 1.2336 1.234 1.2345 1.2352 1.236 1.2371 1.2383 1.2397 1.2416 1.2434 1.2458 1.2482 1.251 1.2542 1.2574 1.2613 1.2653 1.2698 1.2751 1.2804 1.2865 1.2928 1.2999 1.3071 1.3152 1.3234 1.3325 1.3417 1.3517 1.3617 1.3724 1.3829 1.3935 1.4044 1.4157 1.4282 1.4427 1.4577 1.4737 1.4892 
68.5 1.2731 1.2731 1.273 1.2729 1.2728 1.2727 1.2726 1.2724 1.2723 1.272 1.2717 1.2712 1.2707 1.2701 1.2695 1.2688 1.2681 1.2674 1.2667 1.2659 1.2651 1.2643 1.2634 1.2626 1.2617 1.2607 1.2598 1.2588 1.2578 1.2568 1.2558 1.2547 1.2536 1.2525 1.2514 1.2502 1.2491 1.2479 1.2468 1.2457 1.2446 1.2436 1.2424 1.241 1.2396 1.2382 1.2367 1.2355 1.2349 1.2343 1.2337 1.2331 1.2326 1.2322 1.2318 1.2316 1.2315 1.2315 1.2316 1.2317 1.232 1.2324 1.2329 1.2336 1.2344 1.2355 1.2367 1.2381 1.2399 1.2417 1.2441 1.2465 1.2493 1.2525 1.2557 1.2596 1.2635 1.268 1.2732 1.2785 1.2846 1.2909 1.298 1.3052 1.3132 1.3213 1.3304 1.3396 1.3496 1.3596 1.3703 1.3807 1.3913 1.4021 1.4134 1.4258 1.4402 1.4551 1.4711 1.4864 
69 1.2712 1.2711 1.2711 1.271 1.2709 1.2708 1.2707 1.2705 1.2703 1.2701 1.2698 1.2693 1.2688 1.2682 1.2676 1.267 1.2663 1.2656 1.2648 1.2641 1.2633 1.2624 1.2616 1.2607 1.2598 1.2589 1.258 1.257 1.256 1.255 1.254 1.2529 1.2518 1.2507 1.2496 1.2485 1.2473 1.2461 1.245 1.2439 1.2428 1.2418 1.2407 1.2395 1.2383 1.2369 1.2355 1.2342 1.2336 1.2329 1.2323 1.2318 1.2312 1.2308 1.2304 1.2302 1.2301 1.23 1.2301 1.2302 1.2305 1.2309 1.2314 1.2321 1.2329 1.234 1.2352 1.2365 1.2383 1.2401 1.2425 1.2449 1.2476 1.2508 1.254 1.2578 1.2618 1.2662 1.2714 1.2766 1.2827 1.2889 1.2959 1.3031 1.311 1.3191 1.3282 1.3373 1.3472 1.3571 1.3678 1.3781 1.3886 1.3994 1.4105 1.4226 1.4369 1.4517 1.4674 1.4826 
69.5 1.2692 1.2692 1.2691 1.269 1.269 1.2689 1.2687 1.2686 1.2684 1.2682 1.2679 1.2675 1.267 1.2664 1.2658 1.2651 1.2645 1.2638 1.263 1.2623 1.2615 1.2607 1.2598 1.259 1.2581 1.2572 1.2562 1.2553 1.2543 1.2533 1.2523 1.2512 1.2502 1.2491 1.248 1.2469 1.2457 1.2446 1.2434 1.2423 1.2413 1.2402 1.2391 1.238 1.2368 1.2354 1.234 1.2328 1.2321 1.2314 1.2308 1.2302 1.2297 1.2293 1.2288 1.2286 1.2285 1.2285 1.2286 1.2287 1.229 1.2294 1.2298 1.2306 1.2313 1.2324 1.2335 1.2349 1.2367 1.2385 1.2408 1.2432 1.2459 1.2491 1.2522 1.2561 1.26 1.2644 1.2695 1.2747 1.2808 1.2869 1.294 1.3011 1.309 1.3171 1.3261 1.3352 1.3451 1.3549 1.3656 1.376 1.3865 1.3971 1.4082 1.4203 1.4344 1.4492 1.4649 1.48 
70 1.2674 1.2673 1.2672 1.2672 1.2671 1.267 1.2668 1.2667 1.2665 1.2663 1.266 1.2656 1.2652 1.2646 1.264 1.2634 1.2627 1.262 1.2613 1.2605 1.2597 1.2589 1.2581 1.2573 1.2564 1.2555 1.2546 1.2536 1.2526 1.2517 1.2506 1.2496 1.2486 1.2475 1.2464 1.2453 1.2441 1.243 1.2419 1.2408 1.2397 1.2387 1.2376 1.2365 1.2353 1.234 1.2326 1.2313 1.2306 1.2298 1.2292 1.2287 1.2282 1.2277 1.2273 1.2271 1.227 1.227 1.227 1.2271 1.2274 1.2278 1.2283 1.229 1.2297 1.2308 1.232 1.2334 1.2351 1.2369 1.2392 1.2416 1.2443 1.2474 1.2506 1.2544 1.2583 1.2627 1.2678 1.2729 1.279 1.2851 1.2921 1.2992 1.3071 1.3151 1.3241 1.3332 1.343 1.3528 1.3635 1.3738 1.3843 1.3949 1.4059 1.4178 1.4319 1.4466 1.4622 1.4772 
70.5 1.2655 1.2655 1.2654 1.2653 1.2652 1.2651 1.265 1.2649 1.2647 1.2645 1.2642 1.2639 1.2634 1.2628 1.2622 1.2616 1.2609 1.2602 1.2595 1.2588 1.258 1.2572 1.2564 1.2555 1.2547 1.2538 1.2529 1.252 1.251 1.25 1.249 1.248 1.2469 1.2458 1.2448 1.2436 1.2425 1.2414 1.2403 1.2391 1.2381 1.2371 1.236 1.235 1.234 1.2327 1.2313 1.23 1.2292 1.2284 1.2278 1.2272 1.2267 1.2263 1.2258 1.2256 1.2255 1.2255 1.2256 1.2256 1.226 1.2263 1.2268 1.2275 1.2282 1.2293 1.2305 1.2318 1.2336 1.2353 1.2376 1.24 1.2427 1.2458 1.2489 1.2527 1.2566 1.261 1.266 1.2711 1.2771 1.2832 1.2902 1.2973 1.3052 1.3131 1.3221 1.3311 1.3409 1.3507 1.3613 1.3716 1.382 1.3926 1.4035 1.4153 1.4293 1.4438 1.4593 1.4743 
71 1.2637 1.2636 1.2636 1.2635 1.2634 1.2633 1.2632 1.263 1.2629 1.2627 1.2624 1.2621 1.2616 1.2611 1.2605 1.2599 1.2592 1.2585 1.2578 1.2571 1.2563 1.2555 1.2547 1.2539 1.253 1.2521 1.2512 1.2503 1.2493 1.2484 1.2474 1.2464 1.2453 1.2443 1.2432 1.2421 1.241 1.2399 1.2388 1.2376 1.2366 1.2356 1.2346 1.2336 1.2326 1.2313 1.2299 1.2286 1.2277 1.2269 1.2263 1.2258 1.2252 1.2248 1.2244 1.2242 1.224 1.224 1.2241 1.2242 1.2245 1.2249 1.2253 1.226 1.2268 1.2278 1.229 1.2303 1.232 1.2338 1.2361 1.2384 1.2411 1.2442 1.2473 1.251 1.2549 1.2593 1.2643 1.2694 1.2753 1.2814 1.2883 1.2954 1.3032 1.3111 1.3201 1.3291 1.3388 1.3485 1.359 1.3694 1.3797 1.3902 1.4011 1.4126 1.4266 1.441 1.4563 1.4712 
71.5 1.2619 1.2619 1.2618 1.2617 1.2616 1.2615 1.2614 1.2613 1.2611 1.2609 1.2606 1.2604 1.2599 1.2594 1.2588 1.2582 1.2575 1.2568 1.2561 1.2554 1.2547 1.2539 1.2531 1.2522 1.2514 1.2505 1.2496 1.2487 1.2478 1.2468 1.2458 1.2448 1.2438 1.2427 1.2417 1.2406 1.2395 1.2384 1.2373 1.2362 1.2351 1.2341 1.2331 1.2321 1.2311 1.2298 1.2285 1.2272 1.2263 1.2254 1.2248 1.2243 1.2238 1.2233 1.2229 1.2227 1.2226 1.2225 1.2226 1.2227 1.223 1.2234 1.2239 1.2246 1.2253 1.2263 1.2275 1.2288 1.2305 1.2323 1.2345 1.2369 1.2395 1.2426 1.2457 1.2495 1.2533 1.2577 1.2626 1.2677 1.2736 1.2797 1.2866 1.2936 1.3014 1.3093 1.3182 1.3272 1.3369 1.3466 1.3571 1.3674 1.3778 1.3882 1.399 1.4105 1.4244 1.4387 1.454 1.4687 
72 1.2601 1.2601 1.26 1.26 1.2599 1.2598 1.2597 1.2595 1.2593 1.2591 1.2589 1.2587 1.2583 1.2577 1.2571 1.2565 1.2559 1.2552 1.2545 1.2538 1.253 1.2523 1.2515 1.2506 1.2498 1.2489 1.2481 1.2472 1.2462 1.2453 1.2443 1.2433 1.2423 1.2412 1.2402 1.2391 1.238 1.2369 1.2358 1.2347 1.2337 1.2327 1.2317 1.2307 1.2297 1.2285 1.2271 1.2258 1.2249 1.224 1.2234 1.2229 1.2224 1.2219 1.2215 1.2213 1.2212 1.2211 1.2212 1.2213 1.2216 1.222 1.2224 1.2231 1.2239 1.2249 1.226 1.2274 1.2291 1.2308 1.2331 1.2354 1.238 1.2411 1.2442 1.2479 1.2517 1.256 1.261 1.266 1.2719 1.2779 1.2848 1.2918 1.2996 1.3074 1.3163 1.3253 1.3349 1.3445 1.355 1.3653 1.3757 1.386 1.3968 1.4081 1.4218 1.436 1.4512 1.4658 
72.5 1.2585 1.2584 1.2584 1.2583 1.2582 1.2581 1.258 1.2579 1.2577 1.2575 1.2573 1.257 1.2566 1.2561 1.2555 1.2549 1.2543 1.2536 1.253 1.2522 1.2515 1.2507 1.25 1.2491 1.2483 1.2474 1.2466 1.2457 1.2447 1.2438 1.2428 1.2419 1.2409 1.2398 1.2388 1.2377 1.2367 1.2356 1.2345 1.2334 1.2323 1.2314 1.2304 1.2294 1.2284 1.2271 1.2257 1.2244 1.2235 1.2225 1.2219 1.2214 1.2209 1.2205 1.2201 1.2198 1.2197 1.2196 1.2197 1.2198 1.2201 1.2205 1.221 1.2217 1.2224 1.2235 1.2246 1.2259 1.2276 1.2293 1.2315 1.2339 1.2365 1.2395 1.2426 1.2463 1.2501 1.2544 1.2593 1.2643 1.2701 1.2761 1.283 1.2899 1.2976 1.3054 1.3143 1.3232 1.3327 1.3424 1.3527 1.3631 1.3734 1.3836 1.3943 1.4054 1.4191 1.4332 1.4482 1.4628 
73 1.2569 1.2569 1.2568 1.2567 1.2567 1.2566 1.2564 1.2563 1.2561 1.2559 1.2557 1.2555 1.2551 1.2546 1.254 1.2534 1.2528 1.2522 1.2515 1.2508 1.25 1.2493 1.2485 1.2477 1.2469 1.246 1.2451 1.2442 1.2433 1.2424 1.2414 1.2404 1.2395 1.2384 1.2374 1.2364 1.2353 1.2342 1.2331 1.232 1.231 1.23 1.229 1.228 1.2271 1.2258 1.2244 1.2231 1.2221 1.2211 1.2205 1.22 1.2195 1.2191 1.2186 1.2184 1.2183 1.2182 1.2183 1.2184 1.2187 1.219 1.2195 1.2202 1.2209 1.222 1.2231 1.2244 1.2261 1.2277 1.23 1.2323 1.2349 1.2379 1.2409 1.2446 1.2484 1.2527 1.2575 1.2625 1.2683 1.2742 1.2811 1.288 1.2957 1.3034 1.3122 1.3211 1.3306 1.3402 1.3505 1.3609 1.3711 1.3813 1.392 1.403 1.4166 1.4305 1.4455 1.46 
73.5 1.2553 1.2552 1.2552 1.2551 1.255 1.2549 1.2548 1.2547 1.2545 1.2543 1.2541 1.2538 1.2535 1.253 1.2525 1.2519 1.2512 1.2506 1.2499 1.2492 1.2485 1.2477 1.247 1.2461 1.2453 1.2445 1.2436 1.2427 1.2418 1.2409 1.24 1.239 1.238 1.237 1.236 1.2349 1.2339 1.2328 1.2317 1.2306 1.2296 1.2286 1.2277 1.2267 1.2257 1.2244 1.2231 1.2218 1.2208 1.2197 1.2191 1.2186 1.2181 1.2177 1.2173 1.217 1.2169 1.2168 1.2169 1.217 1.2173 1.2176 1.2181 1.2188 1.2195 1.2205 1.2216 1.2229 1.2246 1.2263 1.2285 1.2308 1.2334 1.2364 1.2394 1.2431 1.2468 1.2511 1.2559 1.2609 1.2667 1.2726 1.2794 1.2862 1.2939 1.3017 1.3104 1.3193 1.3288 1.3383 1.3486 1.359 1.3692 1.3793 1.39 1.4009 1.4144 1.4283 1.4433 1.4577 
74 1.2537 1.2537 1.2536 1.2536 1.2535 1.2534 1.2533 1.2531 1.253 1.2528 1.2526 1.2523 1.252 1.2515 1.2509 1.2504 1.2497 1.2491 1.2484 1.2477 1.247 1.2462 1.2455 1.2447 1.2439 1.243 1.2422 1.2413 1.2404 1.2395 1.2386 1.2376 1.2366 1.2356 1.2346 1.2336 1.2325 1.2315 1.2304 1.2293 1.2283 1.2273 1.2264 1.2254 1.2244 1.2232 1.2219 1.2206 1.2195 1.2185 1.2179 1.2174 1.2169 1.2165 1.216 1.2158 1.2156 1.2155 1.2156 1.2157 1.216 1.2164 1.2168 1.2175 1.2182 1.2193 1.2204 1.2216 1.2233 1.225 1.2272 1.2295 1.232 1.235 1.238 1.2416 1.2454 1.2496 1.2544 1.2593 1.2651 1.2709 1.2777 1.2845 1.2922 1.2999 1.3086 1.3174 1.3269 1.3364 1.3467 1.357 1.3672 1.3774 1.388 1.3988 1.4123 1.4261 1.441 1.4555 
74.5 1.2521 1.2521 1.252 1.252 1.2519 1.2518 1.2517 1.2515 1.2514 1.2512 1.251 1.2507 1.2503 1.2498 1.2493 1.2487 1.2481 1.2474 1.2468 1.2461 1.2453 1.2446 1.2438 1.243 1.2422 1.2414 1.2405 1.2397 1.2387 1.2378 1.2369 1.2359 1.235 1.2339 1.2329 1.2319 1.2308 1.2298 1.2287 1.2276 1.2266 1.2256 1.2247 1.2237 1.2227 1.2218 1.2208 1.2198 1.2187 1.2176 1.217 1.2164 1.2159 1.2155 1.2151 1.2148 1.2146 1.2145 1.2146 1.2147 1.2149 1.2153 1.2157 1.2164 1.217 1.2181 1.2191 1.2204 1.222 1.2236 1.2258 1.2281 1.2306 1.2335 1.2365 1.2401 1.2438 1.248 1.2527 1.2576 1.2633 1.2691 1.2758 1.2826 1.2902 1.2978 1.3065 1.3152 1.3246 1.3341 1.3443 1.3546 1.3648 1.3749 1.3853 1.3961 1.4093 1.4231 1.4379 1.4522 
75 1.2504 1.2504 1.2503 1.2502 1.2502 1.2501 1.2499 1.2498 1.2497 1.2495 1.2492 1.249 1.2486 1.2481 1.2475 1.247 1.2463 1.2457 1.245 1.2444 1.2436 1.2429 1.2422 1.2414 1.2406 1.2397 1.2389 1.238 1.2371 1.2362 1.2353 1.2343 1.2334 1.2324 1.2314 1.2304 1.2293 1.2283 1.2272 1.2261 1.2252 1.2242 1.2232 1.2223 1.2213 1.2204 1.2194 1.2185 1.2174 1.2163 1.2156 1.2151 1.2146 1.2142 1.2137 1.2135 1.2133 1.2132 1.2132 1.2133 1.2136 1.2139 1.2143 1.215 1.2157 1.2166 1.2177 1.219 1.2206 1.2222 1.2243 1.2265 1.229 1.232 1.2349 1.2385 1.2421 1.2463 1.251 1.2558 1.2615 1.2673 1.2739 1.2807 1.2882 1.2959 1.3045 1.3132 1.3226 1.3321 1.3423 1.3527 1.3629 1.373 1.3835 1.3943 1.4075 1.4213 1.4362 1.4506 
75.5 1.2338 1.2337 1.2336 1.2336 1.2335 1.2334 1.2332 1.2331 1.2328 1.2326 1.232 1.2311 1.2305 1.2299 1.23 1.2306 1.2304 1.2297 1.2276 1.2246 1.225 1.2276 1.2298 1.2293 1.2287 1.2276 1.2262 1.2249 1.2244 1.2238 1.2234 1.2229 1.2225 1.2218 1.2211 1.2203 1.2196 1.2188 1.2179 1.2171 1.2164 1.2158 1.2152 1.2148 1.2143 1.2145 1.215 1.2153 1.2151 1.2149 1.2146 1.2143 1.2137 1.2123 1.2109 1.2107 1.2108 1.2115 1.2138 1.2161 1.2177 1.2192 1.2205 1.2214 1.2222 1.2226 1.2229 1.2236 1.225 1.2264 1.2283 1.2301 1.2322 1.2346 1.237 1.2398 1.2428 1.2462 1.25 1.2538 1.2583 1.2629 1.2681 1.2734 1.2793 1.2853 1.2921 1.2989 1.3067 1.3146 1.3223 1.3305 1.3389 1.348 1.3576 1.3675 1.3791 1.3903 1.4023 1.4147 
76 1.2171 1.2171 1.217 1.2169 1.2168 1.2167 1.2165 1.2163 1.216 1.2157 1.2147 1.2133 1.2123 1.2118 1.2125 1.2142 1.2144 1.2136 1.2102 1.2049 1.2064 1.2124 1.2175 1.2171 1.2168 1.2154 1.2135 1.2118 1.2116 1.2114 1.2114 1.2115 1.2115 1.2112 1.2108 1.2103 1.2098 1.2093 1.2087 1.2081 1.2077 1.2074 1.2072 1.2072 1.2073 1.2087 1.2105 1.2121 1.2128 1.2135 1.2136 1.2135 1.2128 1.2105 1.2081 1.2079 1.2083 1.2099 1.2144 1.2188 1.2219 1.2246 1.2268 1.2277 1.2287 1.2285 1.2281 1.2283 1.2295 1.2307 1.2322 1.2338 1.2354 1.2372 1.239 1.2412 1.2434 1.2461 1.2489 1.2518 1.2551 1.2585 1.2623 1.2662 1.2704 1.2747 1.2796 1.2846 1.2908 1.297 1.3024 1.3082 1.3149 1.3229 1.3317 1.3407 1.3506 1.3594 1.3685 1.3789 
76.5 1.2005 1.2004 1.2003 1.2002 1.2001 1.2 1.1998 1.1996 1.1992 1.1988 1.1974 1.1954 1.1942 1.1936 1.1949 1.1978 1.1985 1.1976 1.1928 1.1852 1.1878 1.1971 1.2052 1.205 1.2048 1.2032 1.2008 1.1987 1.1989 1.199 1.1995 1.2001 1.2006 1.2005 1.2005 1.2003 1.2 1.1997 1.1994 1.1991 1.199 1.199 1.1992 1.1997 1.2003 1.2028 1.2061 1.209 1.2105 1.2121 1.2126 1.2127 1.212 1.2086 1.2052 1.2051 1.2058 1.2083 1.2149 1.2216 1.226 1.23 1.233 1.2341 1.2352 1.2345 1.2334 1.233 1.234 1.235 1.2362 1.2374 1.2386 1.2398 1.2411 1.2426 1.2441 1.246 1.2479 1.2498 1.2519 1.2542 1.2565 1.2589 1.2616 1.2642 1.2672 1.2703 1.2748 1.2795 1.2825 1.286 1.2909 1.2979 1.3057 1.3139 1.3222 1.3284 1.3346 1.343 
77 1.1855 1.1854 1.1853 1.1852 1.185 1.1849 1.1847 1.1844 1.1841 1.1835 1.182 1.1796 1.1783 1.1777 1.1794 1.1829 1.1838 1.1829 1.1773 1.1686 1.1718 1.1829 1.1927 1.1927 1.1927 1.191 1.1884 1.1862 1.1866 1.187 1.1878 1.1889 1.1898 1.19 1.1902 1.1903 1.1902 1.1902 1.1902 1.1901 1.1903 1.1906 1.1911 1.192 1.1929 1.1962 1.2003 1.204 1.2062 1.2084 1.2092 1.2095 1.2088 1.205 1.2012 1.2012 1.2022 1.2053 1.2134 1.2214 1.2269 1.2316 1.2353 1.2365 1.2377 1.2366 1.2349 1.2342 1.2351 1.236 1.2369 1.2378 1.2386 1.2392 1.2398 1.2417 1.2437 1.2445 1.2454 1.2464 1.2477 1.249 1.2502 1.2514 1.2528 1.2541 1.2556 1.2572 1.2604 1.2636 1.2648 1.2665 1.27 1.2762 1.2833 1.2909 1.2981 1.3028 1.3071 1.3142 
77.5 1.176 1.1759 1.1758 1.1756 1.1755 1.1753 1.1751 1.1748 1.1745 1.174 1.1728 1.171 1.1699 1.1694 1.1705 1.173 1.1736 1.1728 1.1688 1.1625 1.1647 1.1726 1.1795 1.1796 1.1797 1.1787 1.177 1.1757 1.1759 1.1761 1.1771 1.1784 1.1795 1.1798 1.1801 1.1803 1.1805 1.1807 1.181 1.1813 1.1818 1.1823 1.1829 1.1837 1.1845 1.187 1.1902 1.1931 1.1948 1.1966 1.1973 1.1978 1.1976 1.1954 1.1932 1.1937 1.1949 1.1978 1.2047 1.2116 1.2164 1.2208 1.2241 1.2253 1.2264 1.2255 1.2241 1.2236 1.2247 1.2258 1.2266 1.2273 1.2276 1.2272 1.2268 1.233 1.24 1.2382 1.2381 1.2384 1.2397 1.2411 1.2421 1.2429 1.2443 1.2457 1.2469 1.2481 1.2508 1.2535 1.2547 1.2563 1.2596 1.2657 1.273 1.2809 1.289 1.2955 1.3012 1.3096 
78 1.1665 1.1664 1.1663 1.1661 1.166 1.1658 1.1655 1.1652 1.1649 1.1645 1.1636 1.1623 1.1615 1.1611 1.1617 1.1631 1.1634 1.1628 1.1603 1.1564 1.1576 1.1622 1.1663 1.1665 1.1666 1.1663 1.1657 1.1652 1.1652 1.1652 1.1663 1.1679 1.1692 1.1696 1.1699 1.1703 1.1707 1.1712 1.1718 1.1725 1.1732 1.174 1.1747 1.1753 1.176 1.1778 1.1801 1.1822 1.1835 1.1847 1.1855 1.1862 1.1865 1.1859 1.1853 1.1862 1.1876 1.1903 1.196 1.2017 1.206 1.2099 1.2129 1.2141 1.2152 1.2144 1.2133 1.213 1.2143 1.2156 1.2163 1.2168 1.2166 1.2152 1.2139 1.2243 1.2362 1.2319 1.2309 1.2305 1.2318 1.2333 1.2339 1.2344 1.2359 1.2374 1.2382 1.239 1.2412 1.2435 1.2446 1.2461 1.2492 1.2552 1.2626 1.2709 1.2799 1.2882 1.2954 1.305 
78.5 1.157 1.1569 1.1567 1.1566 1.1564 1.1562 1.1559 1.1556 1.1553 1.1549 1.1544 1.1537 1.1532 1.1528 1.1528 1.1532 1.1532 1.1528 1.1518 1.1502 1.1505 1.1518 1.1531 1.1533 1.1536 1.1539 1.1544 1.1547 1.1545 1.1543 1.1555 1.1573 1.1589 1.1593 1.1598 1.1603 1.161 1.1617 1.1627 1.1637 1.1646 1.1656 1.1665 1.167 1.1675 1.1686 1.17 1.1712 1.1721 1.1729 1.1737 1.1745 1.1753 1.1763 1.1773 1.1787 1.1803 1.1828 1.1873 1.1918 1.1956 1.1991 1.2018 1.2029 1.2039 1.2034 1.2025 1.2025 1.204 1.2055 1.206 1.2063 1.2056 1.2033 1.2009 1.2156 1.2324 1.2255 1.2236 1.2225 1.2239 1.2254 1.2258 1.226 1.2274 1.229 1.2295 1.2299 1.2316 1.2334 1.2345 1.2359 1.2388 1.2447 1.2522 1.2609 1.2707 1.281 1.2896 1.3004 
79 1.1503 1.1502 1.1501 1.1499 1.1498 1.1496 1.1493 1.149 1.1487 1.1484 1.1481 1.1477 1.1474 1.1471 1.1469 1.1467 1.1465 1.1463 1.1461 1.1459 1.1456 1.1451 1.1448 1.1451 1.1453 1.146 1.1471 1.1479 1.1476 1.1472 1.1482 1.1499 1.1515 1.1524 1.1534 1.1541 1.1547 1.1555 1.1566 1.1577 1.1587 1.1597 1.1606 1.161 1.1614 1.1625 1.1639 1.165 1.1654 1.1658 1.1664 1.1672 1.1682 1.17 1.1717 1.1734 1.1751 1.1773 1.1809 1.1846 1.1879 1.1911 1.1936 1.1948 1.1959 1.1958 1.1955 1.1958 1.1974 1.199 1.1994 1.1997 1.199 1.1965 1.1941 1.209 1.2261 1.2192 1.217 1.2159 1.2173 1.219 1.2192 1.2192 1.221 1.2228 1.2232 1.2234 1.2247 1.2261 1.2272 1.2286 1.2313 1.237 1.2445 1.2533 1.2635 1.2748 1.2849 1.2971 
79.5 1.147 1.147 1.1468 1.1467 1.1466 1.1464 1.1462 1.146 1.1458 1.1456 1.1453 1.1451 1.1448 1.1446 1.1444 1.1443 1.1441 1.1439 1.1438 1.1437 1.1433 1.1428 1.1424 1.1426 1.1427 1.1435 1.1446 1.1456 1.1451 1.1446 1.1451 1.1462 1.1475 1.1495 1.1515 1.1524 1.1528 1.1533 1.1541 1.155 1.1559 1.1567 1.1574 1.1578 1.1581 1.16 1.1625 1.1644 1.1643 1.1642 1.1646 1.1652 1.166 1.1675 1.1691 1.1706 1.1722 1.1742 1.1773 1.1804 1.1835 1.1866 1.1891 1.1905 1.1918 1.1924 1.1929 1.1937 1.1953 1.1969 1.1974 1.1978 1.1974 1.196 1.1945 1.2049 1.2168 1.2127 1.2114 1.2108 1.2125 1.2144 1.2146 1.2146 1.2169 1.2193 1.2198 1.2202 1.2211 1.2221 1.2234 1.2247 1.2273 1.2328 1.2401 1.2486 1.2585 1.27 1.2816 1.2954 
80 1.1438 1.1437 1.1436 1.1435 1.1434 1.1433 1.1432 1.143 1.1429 1.1427 1.1426 1.1424 1.1423 1.1421 1.142 1.1418 1.1417 1.1416 1.1415 1.1414 1.1411 1.1405 1.14 1.1401 1.1401 1.141 1.1422 1.1432 1.1426 1.142 1.1421 1.1426 1.1434 1.1465 1.1496 1.1507 1.1508 1.151 1.1517 1.1524 1.1531 1.1537 1.1543 1.1546 1.1548 1.1575 1.1612 1.1638 1.1632 1.1627 1.1628 1.1631 1.1637 1.1651 1.1664 1.1679 1.1694 1.1711 1.1737 1.1762 1.1791 1.1821 1.1846 1.1861 1.1877 1.189 1.1903 1.1917 1.1933 1.1948 1.1954 1.1958 1.1959 1.1954 1.1949 1.2008 1.2075 1.2062 1.2058 1.2057 1.2076 1.2097 1.21 1.2101 1.2128 1.2158 1.2165 1.2169 1.2176 1.2182 1.2195 1.2208 1.2233 1.2286 1.2356 1.2438 1.2535 1.2651 1.2784 1.2937 
80.5 1.1405 1.1405 1.1404 1.1403 1.1402 1.1402 1.1401 1.14 1.1399 1.1399 1.1398 1.1397 1.1397 1.1396 1.1395 1.1394 1.1393 1.1392 1.1392 1.1392 1.1388 1.1382 1.1377 1.1376 1.1376 1.1384 1.1398 1.1409 1.1402 1.1394 1.139 1.1389 1.1394 1.1436 1.1477 1.149 1.1488 1.1488 1.1493 1.1498 1.1503 1.1508 1.1512 1.1514 1.1515 1.155 1.1598 1.1632 1.1621 1.1611 1.1609 1.1611 1.1615 1.1626 1.1638 1.1651 1.1665 1.1681 1.1701 1.1721 1.1747 1.1775 1.18 1.1818 1.1836 1.1856 1.1877 1.1897 1.1912 1.1927 1.1934 1.1939 1.1944 1.1949 1.1954 1.1967 1.1982 1.1997 1.2002 1.2006 1.2027 1.2051 1.2054 1.2055 1.2088 1.2123 1.2131 1.2137 1.214 1.2142 1.2157 1.2169 1.2192 1.2243 1.2312 1.2391 1.2485 1.2603 1.2751 1.292 
81 1.1387 1.1387 1.1386 1.1386 1.1385 1.1385 1.1384 1.1384 1.1384 1.1383 1.1383 1.1383 1.1384 1.1384 1.1384 1.1384 1.1383 1.1381 1.1381 1.1382 1.138 1.1376 1.1371 1.137 1.1369 1.1376 1.1389 1.1399 1.1394 1.1389 1.1386 1.1384 1.1389 1.1427 1.1465 1.1477 1.1476 1.1477 1.1482 1.1487 1.1492 1.1497 1.1502 1.1504 1.1507 1.1539 1.1582 1.1613 1.1607 1.16 1.1601 1.1603 1.1608 1.1619 1.163 1.1643 1.1658 1.1674 1.1693 1.1713 1.1737 1.1763 1.1787 1.1807 1.1826 1.1844 1.1861 1.1878 1.1895 1.1912 1.1916 1.1919 1.1923 1.1931 1.1938 1.1944 1.195 1.1973 1.1984 1.1992 1.2007 1.2023 1.2029 1.2035 1.2063 1.2093 1.2105 1.2115 1.2114 1.2112 1.2128 1.2141 1.2163 1.2211 1.2277 1.2353 1.2445 1.2563 1.2722 1.2915 
81.5 1.1376 1.1375 1.1375 1.1375 1.1374 1.1374 1.1374 1.1374 1.1374 1.1374 1.1375 1.1376 1.1376 1.1378 1.1379 1.138 1.1379 1.1376 1.1376 1.1379 1.1378 1.1377 1.1375 1.1373 1.1371 1.1377 1.1387 1.1396 1.1394 1.1393 1.1393 1.1395 1.1401 1.1428 1.1456 1.1466 1.1468 1.147 1.1476 1.1482 1.1488 1.1495 1.1501 1.1506 1.1511 1.1535 1.1565 1.1589 1.1591 1.1592 1.1597 1.1602 1.1609 1.162 1.163 1.1645 1.1662 1.1679 1.17 1.1721 1.1743 1.1765 1.1788 1.181 1.1832 1.1842 1.1849 1.1861 1.188 1.1899 1.19 1.1898 1.1899 1.1906 1.1913 1.1929 1.1946 1.1969 1.1983 1.1997 1.2001 1.2003 1.2015 1.2029 1.2047 1.2065 1.2081 1.2097 1.2092 1.2086 1.2105 1.2118 1.2139 1.2184 1.2247 1.2321 1.241 1.2527 1.2695 1.2914 
82 1.1364 1.1364 1.1364 1.1364 1.1364 1.1364 1.1364 1.1364 1.1365 1.1366 1.1367 1.1368 1.1369 1.1371 1.1374 1.1377 1.1375 1.1371 1.1372 1.1375 1.1377 1.1378 1.1379 1.1376 1.1373 1.1377 1.1385 1.1392 1.1395 1.1397 1.1401 1.1406 1.1412 1.143 1.1447 1.1455 1.1459 1.1464 1.1471 1.1478 1.1485 1.1493 1.15 1.1508 1.1515 1.153 1.1549 1.1565 1.1575 1.1584 1.1593 1.1601 1.1609 1.162 1.1631 1.1647 1.1665 1.1684 1.1707 1.1729 1.1749 1.1768 1.1789 1.1813 1.1838 1.184 1.1837 1.1843 1.1864 1.1885 1.1883 1.1877 1.1875 1.1881 1.1887 1.1913 1.1942 1.1964 1.1983 1.2002 1.1994 1.1983 1.2001 1.2022 1.203 1.2037 1.2058 1.2079 1.2071 1.2061 1.2082 1.2095 1.2115 1.2157 1.2217 1.2288 1.2376 1.2491 1.2668 1.2914 
82.5 1.1353 1.1353 1.1353 1.1353 1.1353 1.1353 1.1354 1.1354 1.1355 1.1357 1.1358 1.136 1.1362 1.1365 1.1369 1.1373 1.1372 1.1366 1.1367 1.1371 1.1375 1.1379 1.1383 1.1379 1.1375 1.1378 1.1383 1.1389 1.1395 1.1401 1.1408 1.1416 1.1424 1.1431 1.1438 1.1444 1.145 1.1457 1.1465 1.1473 1.1482 1.1491 1.15 1.1509 1.1519 1.1526 1.1532 1.1541 1.1558 1.1576 1.1588 1.1599 1.161 1.1621 1.1631 1.1648 1.1668 1.1689 1.1713 1.1737 1.1754 1.1771 1.179 1.1817 1.1843 1.1838 1.1825 1.1825 1.1849 1.1872 1.1867 1.1856 1.1851 1.1856 1.1862 1.1898 1.1938 1.1959 1.1982 1.2006 1.1987 1.1963 1.1987 1.2015 1.2013 1.2008 1.2034 1.2062 1.205 1.2035 1.2059 1.2072 1.2091 1.213 1.2186 1.2255 1.2341 1.2455 1.2642 1.2913 
83 1.136 1.136 1.136 1.136 1.136 1.136 1.1361 1.1361 1.1362 1.1363 1.1364 1.1365 1.1366 1.1368 1.1371 1.1374 1.1372 1.1366 1.1366 1.1369 1.1373 1.1377 1.138 1.1378 1.1376 1.1378 1.1382 1.1387 1.1394 1.1401 1.1409 1.1417 1.1426 1.1437 1.1448 1.1456 1.1463 1.1471 1.1479 1.1488 1.1495 1.1502 1.1509 1.1517 1.1526 1.1532 1.1538 1.1546 1.1561 1.1577 1.1589 1.16 1.1611 1.1622 1.1634 1.1651 1.167 1.169 1.1711 1.1733 1.1748 1.1761 1.1777 1.18 1.1823 1.1821 1.1813 1.1815 1.1834 1.1853 1.1851 1.1846 1.1845 1.1853 1.186 1.1891 1.1924 1.1939 1.1956 1.1975 1.1964 1.1949 1.197 1.1994 1.1996 1.1997 1.2021 1.2046 1.2035 1.2021 1.2045 1.2059 1.2076 1.2112 1.2166 1.2234 1.2319 1.2432 1.2621 1.2918 
83.5 1.1369 1.1369 1.1369 1.1369 1.1368 1.1369 1.1369 1.137 1.137 1.1371 1.1371 1.1371 1.1372 1.1372 1.1374 1.1376 1.1373 1.1366 1.1365 1.1368 1.1371 1.1374 1.1377 1.1376 1.1376 1.1378 1.1381 1.1384 1.1393 1.1401 1.1409 1.1418 1.1427 1.1444 1.146 1.1471 1.1478 1.1486 1.1495 1.1505 1.151 1.1514 1.1519 1.1526 1.1534 1.154 1.1546 1.1553 1.1566 1.1579 1.159 1.1601 1.1611 1.1624 1.1637 1.1653 1.1671 1.1689 1.1709 1.1728 1.174 1.1749 1.1762 1.1781 1.18 1.1802 1.1801 1.1805 1.1819 1.1833 1.1836 1.1836 1.1841 1.1851 1.1861 1.1885 1.191 1.1917 1.1928 1.194 1.1939 1.1936 1.1953 1.1971 1.1979 1.1987 1.2008 1.203 1.2021 1.2009 1.2033 1.2047 1.2063 1.2095 1.2147 1.2214 1.2298 1.241 1.2601 1.2923 
84 1.1377 1.1377 1.1377 1.1377 1.1377 1.1377 1.1378 1.1378 1.1378 1.1378 1.1378 1.1378 1.1377 1.1377 1.1377 1.1378 1.1374 1.1366 1.1364 1.1367 1.1369 1.1371 1.1373 1.1375 1.1377 1.1378 1.1379 1.1382 1.1391 1.1401 1.1409 1.1418 1.1429 1.1451 1.1472 1.1485 1.1493 1.1502 1.1511 1.1521 1.1525 1.1526 1.1529 1.1535 1.1542 1.1548 1.1554 1.1561 1.1571 1.1581 1.1591 1.1601 1.1612 1.1626 1.1639 1.1655 1.1672 1.1689 1.1706 1.1723 1.1731 1.1738 1.1747 1.1762 1.1777 1.1783 1.1788 1.1795 1.1804 1.1812 1.182 1.1827 1.1837 1.1849 1.1862 1.1878 1.1895 1.1896 1.19 1.1905 1.1913 1.1923 1.1935 1.1949 1.1963 1.1977 1.1996 1.2015 1.2006 1.1996 1.2021 1.2034 1.2049 1.2078 1.2128 1.2194 1.2277 1.2388 1.2581 1.2928 
84.5 1.1384 1.1384 1.1384 1.1384 1.1384 1.1384 1.1384 1.1385 1.1385 1.1384 1.1384 1.1383 1.1381 1.138 1.1379 1.1379 1.1375 1.1366 1.1364 1.1367 1.1369 1.137 1.1371 1.1375 1.1378 1.138 1.138 1.1381 1.1391 1.1401 1.141 1.1418 1.1429 1.1456 1.1483 1.1497 1.1504 1.1513 1.1524 1.1534 1.1537 1.1537 1.1537 1.1543 1.1548 1.1554 1.156 1.1567 1.1575 1.1582 1.1592 1.1601 1.1612 1.1626 1.1641 1.1656 1.1672 1.1687 1.1702 1.1717 1.1724 1.1728 1.1734 1.1745 1.1756 1.1768 1.178 1.1789 1.1792 1.1795 1.1807 1.182 1.1833 1.1848 1.1862 1.1872 1.1882 1.1877 1.1876 1.1875 1.1892 1.1911 1.1921 1.1929 1.1948 1.1968 1.1984 1.1999 1.1992 1.1985 1.2009 1.2022 1.2037 1.2062 1.2111 1.2177 1.2259 1.2369 1.2564 1.2934 
85 1.1381 1.1381 1.138 1.138 1.138 1.138 1.1379 1.1379 1.1379 1.1379 1.1378 1.1377 1.1376 1.1376 1.1376 1.1377 1.1374 1.1369 1.1369 1.1372 1.1375 1.1377 1.1379 1.1383 1.1387 1.1389 1.139 1.1392 1.1401 1.1409 1.1414 1.1418 1.1425 1.1453 1.1481 1.1491 1.1492 1.1496 1.1511 1.1526 1.1532 1.1535 1.1538 1.1542 1.1546 1.155 1.1554 1.156 1.1569 1.1578 1.1588 1.1597 1.1607 1.162 1.1632 1.1647 1.1662 1.1677 1.1693 1.1708 1.1717 1.1724 1.1733 1.1742 1.1752 1.1774 1.1798 1.1811 1.1803 1.1794 1.1807 1.1823 1.1836 1.1845 1.1854 1.1865 1.1876 1.1878 1.1879 1.1882 1.1895 1.1909 1.1921 1.1932 1.1951 1.197 1.1976 1.1981 1.198 1.198 1.2001 1.2013 1.2028 1.2058 1.211 1.2177 1.226 1.237 1.2565 1.2942 
85.5 1.1377 1.1377 1.1376 1.1376 1.1375 1.1375 1.1374 1.1374 1.1374 1.1373 1.1373 1.1372 1.1372 1.1371 1.1373 1.1375 1.1374 1.1372 1.1374 1.1378 1.1381 1.1384 1.1387 1.1391 1.1395 1.1398 1.14 1.1403 1.141 1.1417 1.1418 1.1418 1.1422 1.1451 1.148 1.1486 1.148 1.1479 1.1498 1.1517 1.1527 1.1533 1.1538 1.1541 1.1544 1.1547 1.1549 1.1553 1.1563 1.1574 1.1584 1.1593 1.1603 1.1613 1.1623 1.1637 1.1652 1.1668 1.1683 1.1698 1.171 1.1721 1.1731 1.1739 1.1747 1.1779 1.1816 1.1833 1.1813 1.1793 1.1807 1.1826 1.184 1.1843 1.1846 1.1858 1.187 1.1878 1.1883 1.1888 1.1898 1.1908 1.1921 1.1935 1.1953 1.1971 1.1968 1.1962 1.1968 1.1975 1.1993 1.2004 1.2019 1.2053 1.2108 1.2177 1.2261 1.2371 1.2565 1.295 
86 1.1373 1.1373 1.1372 1.1371 1.1371 1.137 1.137 1.1369 1.1368 1.1368 1.1367 1.1367 1.1367 1.1367 1.1369 1.1372 1.1374 1.1376 1.1379 1.1383 1.1387 1.1391 1.1395 1.1399 1.1403 1.1407 1.141 1.1414 1.1419 1.1424 1.1423 1.1417 1.1418 1.1448 1.1479 1.148 1.1468 1.1463 1.1486 1.1508 1.1522 1.1531 1.1539 1.1541 1.1542 1.1543 1.1543 1.1546 1.1558 1.157 1.158 1.1589 1.1598 1.1606 1.1614 1.1628 1.1643 1.1658 1.1673 1.1689 1.1703 1.1718 1.173 1.1736 1.1743 1.1785 1.1834 1.1855 1.1824 1.1793 1.1807 1.1829 1.1843 1.1841 1.1839 1.1851 1.1865 1.1879 1.1887 1.1895 1.1901 1.1906 1.1922 1.1939 1.1955 1.1972 1.1959 1.1944 1.1957 1.197 1.1985 1.1994 1.201 1.2049 1.2107 1.2177 1.2261 1.2371 1.2566 1.2959 
86.5 1.1373 1.1373 1.1372 1.1371 1.1371 1.137 1.1369 1.1369 1.1368 1.1367 1.1367 1.1367 1.1367 1.1368 1.137 1.1373 1.1376 1.1379 1.1382 1.1385 1.1389 1.1393 1.1397 1.14 1.1402 1.1408 1.1415 1.1422 1.1426 1.143 1.1427 1.142 1.1419 1.1447 1.1476 1.1475 1.1461 1.1453 1.1476 1.1499 1.1513 1.1524 1.1534 1.1537 1.1541 1.1541 1.1541 1.1543 1.1556 1.1568 1.1578 1.1587 1.1596 1.1603 1.1611 1.1624 1.1639 1.1654 1.167 1.1685 1.1701 1.1718 1.1731 1.1735 1.174 1.1787 1.1842 1.1866 1.183 1.1794 1.1805 1.1826 1.1837 1.1834 1.1831 1.1845 1.186 1.1888 1.1892 1.1893 1.1899 1.1906 1.1922 1.194 1.1954 1.1969 1.1955 1.1938 1.1951 1.1966 1.198 1.1988 1.2003 1.2045 1.2105 1.2176 1.2262 1.2372 1.2567 1.2966 
87 1.138 1.138 1.1379 1.1379 1.1378 1.1378 1.1377 1.1377 1.1376 1.1376 1.1376 1.1375 1.1375 1.1376 1.1376 1.1378 1.1379 1.1381 1.1381 1.1381 1.1383 1.1387 1.1389 1.1387 1.1385 1.1395 1.1411 1.1425 1.1428 1.1431 1.143 1.1428 1.143 1.145 1.1469 1.147 1.146 1.1456 1.1472 1.1488 1.1499 1.1508 1.1518 1.1529 1.1539 1.1544 1.1545 1.1549 1.156 1.1572 1.1581 1.159 1.1598 1.1607 1.1616 1.163 1.1645 1.166 1.1677 1.1693 1.1709 1.1725 1.1736 1.1738 1.174 1.1782 1.1832 1.1856 1.1827 1.1798 1.1801 1.181 1.1818 1.1822 1.1825 1.1841 1.1857 1.1914 1.1899 1.1874 1.1888 1.1907 1.1923 1.1938 1.1947 1.1956 1.1955 1.1954 1.1958 1.1963 1.1979 1.1988 1.2002 1.2042 1.2102 1.2174 1.2261 1.2372 1.2567 1.2971 
87.5 1.1387 1.1386 1.1386 1.1386 1.1385 1.1385 1.1385 1.1385 1.1385 1.1385 1.1384 1.1384 1.1384 1.1384 1.1383 1.1383 1.1383 1.1383 1.1381 1.1378 1.1378 1.138 1.1381 1.1375 1.1368 1.1381 1.1407 1.1429 1.143 1.1432 1.1434 1.1436 1.144 1.1452 1.1463 1.1464 1.146 1.1459 1.1468 1.1477 1.1485 1.1493 1.1502 1.152 1.1538 1.1546 1.155 1.1556 1.1565 1.1575 1.1584 1.1592 1.1601 1.1612 1.1622 1.1636 1.1651 1.1667 1.1684 1.17 1.1716 1.1731 1.1742 1.174 1.1739 1.1777 1.1823 1.1846 1.1824 1.1802 1.1797 1.1795 1.1798 1.1809 1.1819 1.1836 1.1854 1.1939 1.1906 1.1856 1.1878 1.1908 1.1923 1.1937 1.194 1.1943 1.1956 1.1969 1.1965 1.196 1.1978 1.1987 1.2 1.204 1.2098 1.2171 1.226 1.2373 1.2567 1.2977 
88 1.1393 1.1393 1.1393 1.1393 1.1393 1.1393 1.1393 1.1393 1.1393 1.1393 1.1393 1.1393 1.1392 1.1391 1.139 1.1388 1.1387 1.1385 1.138 1.1374 1.1372 1.1373 1.1373 1.1362 1.1351 1.1368 1.1402 1.1432 1.1432 1.1433 1.1437 1.1444 1.1451 1.1454 1.1457 1.1459 1.146 1.1462 1.1464 1.1466 1.1471 1.1477 1.1486 1.1511 1.1536 1.1548 1.1555 1.1562 1.157 1.1578 1.1587 1.1595 1.1604 1.1616 1.1628 1.1642 1.1657 1.1673 1.169 1.1708 1.1723 1.1738 1.1747 1.1743 1.1739 1.1772 1.1813 1.1835 1.1821 1.1806 1.1793 1.178 1.1778 1.1796 1.1813 1.1832 1.1852 1.1965 1.1913 1.1838 1.1868 1.1909 1.1923 1.1935 1.1933 1.193 1.1956 1.1985 1.1972 1.1957 1.1978 1.1987 1.1999 1.2038 1.2095 1.2169 1.2259 1.2373 1.2568 1.2982 
88.5 1.1393 1.1393 1.1392 1.1392 1.1392 1.1392 1.1392 1.1392 1.1392 1.1392 1.1392 1.1392 1.1391 1.139 1.1388 1.1386 1.1385 1.1383 1.1378 1.1371 1.1369 1.137 1.137 1.1359 1.1348 1.1364 1.1397 1.1425 1.1426 1.1426 1.1432 1.144 1.1447 1.1447 1.1448 1.1451 1.1456 1.1459 1.1459 1.1459 1.1463 1.1468 1.1478 1.1502 1.1527 1.1539 1.1547 1.1554 1.1562 1.157 1.1578 1.1586 1.1595 1.1608 1.1621 1.1634 1.1648 1.1663 1.1679 1.1696 1.171 1.1724 1.1733 1.1731 1.173 1.1757 1.1792 1.1811 1.1802 1.1794 1.1782 1.177 1.1769 1.1788 1.1806 1.1824 1.1843 1.195 1.1901 1.1832 1.1861 1.1901 1.1915 1.1927 1.1925 1.1922 1.195 1.1979 1.1968 1.1954 1.197 1.1977 1.199 1.2029 1.2087 1.2161 1.2253 1.2368 1.2564 1.2985 
89 1.1387 1.1387 1.1386 1.1386 1.1386 1.1386 1.1386 1.1385 1.1385 1.1385 1.1385 1.1384 1.1383 1.1382 1.1381 1.1379 1.1378 1.1378 1.1374 1.1369 1.1368 1.137 1.1371 1.1363 1.1355 1.1367 1.139 1.1411 1.1412 1.1414 1.1419 1.1426 1.1432 1.1435 1.1437 1.1442 1.1448 1.1453 1.1454 1.1454 1.1459 1.1466 1.1475 1.1493 1.1512 1.1522 1.153 1.1538 1.1545 1.1553 1.1561 1.1569 1.1579 1.1592 1.1605 1.1617 1.1628 1.164 1.1655 1.167 1.1684 1.1697 1.1707 1.171 1.1714 1.1736 1.1761 1.1777 1.1774 1.177 1.1767 1.1763 1.1766 1.1782 1.1798 1.1814 1.183 1.1907 1.1877 1.1834 1.1857 1.1887 1.1901 1.1914 1.1916 1.1917 1.1938 1.196 1.1956 1.1951 1.1958 1.1962 1.1975 1.2016 1.2075 1.215 1.2242 1.2359 1.2558 1.2985 
89.5 1.1381 1.1381 1.138 1.138 1.138 1.1379 1.1379 1.1379 1.1378 1.1378 1.1377 1.1376 1.1375 1.1374 1.1373 1.1372 1.1372 1.1373 1.1371 1.1367 1.1367 1.1369 1.1371 1.1367 1.1363 1.137 1.1384 1.1396 1.1399 1.1402 1.1407 1.1413 1.1418 1.1422 1.1426 1.1432 1.144 1.1447 1.1448 1.145 1.1455 1.1463 1.1472 1.1484 1.1497 1.1506 1.1513 1.1521 1.1529 1.1536 1.1544 1.1552 1.1562 1.1575 1.1589 1.1599 1.1608 1.1618 1.1631 1.1645 1.1657 1.1669 1.168 1.1689 1.1698 1.1714 1.1731 1.1743 1.1745 1.1747 1.1751 1.1756 1.1764 1.1777 1.179 1.1803 1.1817 1.1863 1.1853 1.1835 1.1852 1.1873 1.1887 1.1901 1.1907 1.1913 1.1926 1.194 1.1945 1.1949 1.1946 1.1947 1.196 1.2003 1.2063 1.2138 1.2231 1.235 1.2552 1.2985 
90 1.1375 1.1375 1.1374 1.1374 1.1373 1.1373 1.1372 1.1372 1.1371 1.137 1.1369 1.1368 1.1367 1.1366 1.1366 1.1365 1.1366 1.1367 1.1367 1.1365 1.1366 1.1369 1.1371 1.1371 1.137 1.1373 1.1378 1.1382 1.1386 1.139 1.1395 1.1399 1.1404 1.141 1.1415 1.1423 1.1433 1.1441 1.1443 1.1445 1.1452 1.146 1.1468 1.1475 1.1482 1.1489 1.1496 1.1504 1.1512 1.1519 1.1527 1.1535 1.1545 1.1559 1.1573 1.1582 1.1588 1.1595 1.1607 1.162 1.1631 1.1641 1.1653 1.1668 1.1682 1.1692 1.1701 1.1709 1.1716 1.1724 1.1736 1.175 1.1762 1.1772 1.1782 1.1792 1.1804 1.182 1.1829 1.1837 1.1848 1.1859 1.1873 1.1888 1.1898 1.1909 1.1915 1.192 1.1933 1.1946 1.1934 1.1931 1.1946 1.199 1.2052 1.2127 1.222 1.2341 1.2546 1.2985 
90.5 1.1358 1.1358 1.1358 1.1357 1.1357 1.1356 1.1356 1.1355 1.1355 1.1354 1.1353 1.1352 1.1351 1.135 1.135 1.135 1.1351 1.1352 1.1352 1.1352 1.1353 1.1355 1.1356 1.1357 1.1358 1.136 1.1362 1.1364 1.1368 1.1371 1.1375 1.1379 1.1384 1.1389 1.1394 1.1402 1.1411 1.1419 1.1423 1.1427 1.1437 1.1451 1.1462 1.1469 1.1475 1.1481 1.1488 1.1495 1.1503 1.151 1.1517 1.1523 1.153 1.1541 1.1553 1.156 1.1567 1.1574 1.1587 1.16 1.1607 1.1613 1.1621 1.1635 1.165 1.1659 1.1668 1.1677 1.1684 1.1691 1.1705 1.172 1.1733 1.1744 1.1754 1.1759 1.1764 1.1783 1.1788 1.179 1.1803 1.1816 1.1833 1.1851 1.1858 1.1865 1.1868 1.1872 1.1886 1.1901 1.1893 1.1892 1.1909 1.1956 1.2021 1.2098 1.2195 1.2319 1.2527 1.2972 
91 1.1339 1.1339 1.1339 1.1338 1.1338 1.1338 1.1337 1.1337 1.1336 1.1335 1.1335 1.1334 1.1333 1.1332 1.1332 1.1332 1.1333 1.1334 1.1336 1.1337 1.1337 1.1338 1.1338 1.134 1.1342 1.1343 1.1344 1.1345 1.1348 1.1351 1.1354 1.1358 1.1361 1.1366 1.137 1.1378 1.1386 1.1395 1.14 1.1406 1.1421 1.144 1.1456 1.1463 1.1469 1.1476 1.1482 1.1488 1.1496 1.1503 1.1508 1.1512 1.1516 1.1524 1.1531 1.1538 1.1545 1.1554 1.1568 1.1582 1.1584 1.1584 1.1588 1.1601 1.1613 1.1625 1.1636 1.1645 1.1651 1.1657 1.1671 1.1686 1.1699 1.171 1.1721 1.1721 1.1718 1.1747 1.1742 1.1732 1.1748 1.1767 1.1788 1.1809 1.1811 1.1812 1.1814 1.1816 1.1831 1.1847 1.1846 1.1848 1.1867 1.1918 1.1986 1.2066 1.2166 1.2293 1.2505 1.2957 
91.5 1.132 1.132 1.132 1.1319 1.1319 1.1319 1.1318 1.1318 1.1317 1.1317 1.1316 1.1315 1.1315 1.1314 1.1314 1.1314 1.1315 1.1317 1.1319 1.1322 1.1322 1.1321 1.132 1.1322 1.1325 1.1326 1.1326 1.1325 1.1328 1.133 1.1333 1.1336 1.1339 1.1343 1.1347 1.1353 1.1362 1.137 1.1377 1.1385 1.1404 1.1429 1.145 1.1457 1.1464 1.147 1.1476 1.1481 1.1488 1.1495 1.1499 1.15 1.1502 1.1506 1.1509 1.1516 1.1524 1.1534 1.1549 1.1564 1.1562 1.1555 1.1555 1.1566 1.1577 1.159 1.1603 1.1613 1.1618 1.1623 1.1636 1.1651 1.1665 1.1677 1.1689 1.1682 1.1673 1.1712 1.1697 1.1674 1.1694 1.1718 1.1743 1.1767 1.1764 1.1759 1.176 1.1761 1.1777 1.1793 1.1799 1.1804 1.1825 1.1879 1.195 1.2034 1.2136 1.2268 1.2484 1.2942 
92 1.1302 1.1302 1.1301 1.1301 1.1301 1.13 1.13 1.13 1.1299 1.1299 1.1298 1.1298 1.1297 1.1297 1.1297 1.1297 1.1298 1.13 1.1303 1.1307 1.1306 1.1304 1.1301 1.1305 1.1309 1.1309 1.1307 1.1306 1.1307 1.1309 1.1311 1.1313 1.1316 1.132 1.1325 1.1332 1.1339 1.1347 1.1356 1.1364 1.1387 1.1417 1.1442 1.145 1.1457 1.1463 1.1468 1.1473 1.148 1.1487 1.1488 1.1488 1.1487 1.1487 1.1487 1.1493 1.1502 1.1513 1.1529 1.1545 1.1538 1.1526 1.1521 1.1531 1.1541 1.1555 1.157 1.1581 1.1585 1.1588 1.1601 1.1616 1.163 1.1643 1.1656 1.1644 1.1628 1.1676 1.1652 1.1617 1.164 1.167 1.1697 1.1725 1.1717 1.1706 1.1706 1.1707 1.1723 1.1739 1.1752 1.1761 1.1783 1.1841 1.1915 1.2001 1.2107 1.2242 1.2462 1.2926 
92.5 1.1291 1.1291 1.129 1.129 1.129 1.1289 1.1289 1.1289 1.1288 1.1288 1.1287 1.1287 1.1286 1.1286 1.1286 1.1286 1.1286 1.1287 1.1289 1.1291 1.129 1.1287 1.1285 1.1288 1.1291 1.1288 1.1281 1.1276 1.1275 1.1275 1.1272 1.1267 1.1269 1.1305 1.1341 1.1356 1.1362 1.1366 1.1361 1.1356 1.137 1.1393 1.1412 1.1418 1.1424 1.1429 1.1434 1.1439 1.1443 1.1446 1.1448 1.145 1.1452 1.1453 1.1453 1.1461 1.147 1.1481 1.1496 1.1511 1.1505 1.1494 1.149 1.15 1.151 1.152 1.153 1.1539 1.1546 1.1553 1.1563 1.1574 1.1587 1.16 1.1614 1.161 1.1603 1.1643 1.1619 1.1587 1.1606 1.1631 1.1651 1.1672 1.1668 1.1662 1.1666 1.167 1.1685 1.1701 1.1713 1.1721 1.1743 1.1801 1.1877 1.1965 1.2073 1.2211 1.2435 1.2905 
93 1.128 1.128 1.1279 1.1279 1.1279 1.1278 1.1278 1.1278 1.1277 1.1277 1.1276 1.1276 1.1275 1.1275 1.1275 1.1274 1.1274 1.1275 1.1275 1.1276 1.1274 1.1271 1.1269 1.1271 1.1273 1.1267 1.1256 1.1246 1.1243 1.1241 1.1233 1.1221 1.1222 1.129 1.1356 1.1381 1.1385 1.1385 1.1366 1.1347 1.1352 1.1368 1.1382 1.1386 1.139 1.1395 1.1401 1.1405 1.1405 1.1406 1.1409 1.1413 1.1417 1.1418 1.142 1.1429 1.1439 1.145 1.1464 1.1477 1.1472 1.1462 1.1459 1.1469 1.1479 1.1485 1.1491 1.1497 1.1507 1.1517 1.1525 1.1533 1.1543 1.1557 1.1572 1.1575 1.1577 1.1609 1.1587 1.1558 1.1572 1.1592 1.1606 1.1619 1.1619 1.1617 1.1625 1.1634 1.1648 1.1663 1.1673 1.1681 1.1703 1.1761 1.1838 1.1929 1.204 1.2181 1.2408 1.2883 
93.5 1.1269 1.1269 1.1268 1.1268 1.1268 1.1268 1.1267 1.1267 1.1266 1.1266 1.1265 1.1265 1.1264 1.1264 1.1263 1.1263 1.1263 1.1262 1.1261 1.126 1.1258 1.1255 1.1252 1.1254 1.1255 1.1245 1.123 1.1216 1.1212 1.1208 1.1194 1.1175 1.1176 1.1274 1.1372 1.1406 1.1408 1.1404 1.1371 1.1339 1.1335 1.1344 1.1351 1.1354 1.1356 1.1361 1.1367 1.1371 1.1368 1.1365 1.1369 1.1376 1.1381 1.1384 1.1387 1.1396 1.1408 1.1419 1.1431 1.1443 1.1439 1.143 1.1427 1.1438 1.1448 1.145 1.1451 1.1455 1.1468 1.1481 1.1487 1.1491 1.1499 1.1515 1.153 1.1541 1.1551 1.1575 1.1554 1.1528 1.1538 1.1553 1.156 1.1566 1.1569 1.1573 1.1585 1.1598 1.1611 1.1624 1.1634 1.1642 1.1663 1.1722 1.18 1.1893 1.2006 1.215 1.238 1.2862 
94 1.1256 1.1256 1.1256 1.1256 1.1255 1.1255 1.1255 1.1254 1.1254 1.1253 1.1253 1.1252 1.1252 1.1251 1.125 1.125 1.1249 1.1248 1.1246 1.1244 1.1242 1.1239 1.1236 1.1237 1.1238 1.1227 1.1209 1.1193 1.1189 1.1184 1.1168 1.1146 1.1147 1.126 1.1372 1.1409 1.141 1.1404 1.1364 1.1325 1.1316 1.132 1.1323 1.1324 1.1325 1.133 1.1336 1.134 1.1336 1.1332 1.1337 1.1345 1.1352 1.1355 1.1359 1.1368 1.138 1.1391 1.1402 1.1414 1.141 1.1402 1.1401 1.1411 1.1422 1.1421 1.1418 1.1421 1.1437 1.1453 1.1456 1.1456 1.1462 1.1479 1.1496 1.1511 1.1526 1.1541 1.1523 1.1502 1.151 1.1521 1.1523 1.1524 1.1531 1.1538 1.1553 1.1569 1.1581 1.1593 1.1601 1.1609 1.1631 1.1689 1.1768 1.1862 1.1976 1.2123 1.2356 1.2842 
94.5 1.124 1.1239 1.1239 1.1239 1.1239 1.1238 1.1238 1.1237 1.1237 1.1236 1.1235 1.1234 1.1233 1.1233 1.1232 1.1231 1.123 1.1228 1.1227 1.1225 1.1224 1.1222 1.1221 1.1222 1.1222 1.1215 1.1203 1.1192 1.119 1.1188 1.1178 1.1164 1.1165 1.1248 1.133 1.1357 1.1357 1.1353 1.1326 1.1298 1.1293 1.1297 1.1301 1.1302 1.1303 1.1308 1.1314 1.1319 1.1318 1.1316 1.1322 1.133 1.1337 1.1341 1.1345 1.1352 1.1361 1.137 1.1383 1.1396 1.1393 1.1386 1.1386 1.1398 1.141 1.1409 1.1404 1.1406 1.1424 1.1442 1.1442 1.1439 1.1444 1.1464 1.1484 1.1494 1.1502 1.1508 1.1498 1.1485 1.1495 1.1507 1.151 1.1512 1.152 1.1529 1.1544 1.1559 1.1569 1.1578 1.1585 1.1594 1.1617 1.1674 1.1752 1.1844 1.1959 1.2105 1.2339 1.283 
95 1.1223 1.1223 1.1223 1.1222 1.1222 1.1221 1.1221 1.122 1.1219 1.1218 1.1217 1.1216 1.1215 1.1214 1.1213 1.1212 1.121 1.1209 1.1208 1.1207 1.1206 1.1206 1.1205 1.1206 1.1207 1.1203 1.1196 1.119 1.1191 1.1191 1.1187 1.1181 1.1184 1.1236 1.1287 1.1304 1.1305 1.1302 1.1287 1.1271 1.127 1.1275 1.1279 1.128 1.1282 1.1286 1.1292 1.1297 1.1299 1.1301 1.1308 1.1315 1.1322 1.1326 1.133 1.1336 1.1342 1.135 1.1364 1.1378 1.1376 1.137 1.137 1.1384 1.1398 1.1396 1.1389 1.1392 1.1412 1.1432 1.1429 1.1422 1.1426 1.1449 1.1472 1.1476 1.1477 1.1474 1.1472 1.1469 1.148 1.1493 1.1497 1.15 1.151 1.1521 1.1535 1.1549 1.1556 1.1563 1.157 1.1579 1.1602 1.1659 1.1736 1.1827 1.1941 1.2087 1.2322 1.2817 
95.5 1.1206 1.1206 1.1206 1.1205 1.1205 1.1204 1.1204 1.1203 1.1202 1.1201 1.12 1.1198 1.1197 1.1196 1.1194 1.1193 1.1191 1.119 1.1189 1.1188 1.1188 1.1189 1.119 1.1191 1.1192 1.1191 1.119 1.1189 1.1192 1.1195 1.1196 1.1198 1.1203 1.1224 1.1245 1.1252 1.1252 1.1251 1.1248 1.1244 1.1247 1.1252 1.1256 1.1258 1.126 1.1264 1.127 1.1276 1.1281 1.1286 1.1293 1.1301 1.1307 1.1312 1.1316 1.132 1.1323 1.133 1.1345 1.136 1.1359 1.1354 1.1355 1.1371 1.1386 1.1383 1.1375 1.1378 1.1399 1.1421 1.1415 1.1405 1.1407 1.1433 1.1459 1.1458 1.1453 1.1441 1.1446 1.1453 1.1465 1.1478 1.1484 1.1489 1.15 1.1512 1.1525 1.1539 1.1544 1.1548 1.1555 1.1564 1.1588 1.1644 1.172 1.181 1.1923 1.2069 1.2305 1.2805 
96 1.12 1.12 1.12 1.1199 1.1199 1.1198 1.1197 1.1197 1.1196 1.1195 1.1193 1.1192 1.1191 1.1189 1.1187 1.1186 1.1184 1.1183 1.1182 1.1181 1.1182 1.1183 1.1184 1.1185 1.1186 1.1187 1.1188 1.119 1.1194 1.1197 1.1202 1.1207 1.1212 1.1217 1.1223 1.1225 1.1225 1.1225 1.1228 1.123 1.1235 1.124 1.1244 1.1246 1.1248 1.1252 1.1258 1.1263 1.127 1.1277 1.1283 1.129 1.1297 1.1302 1.1307 1.131 1.1312 1.1318 1.1333 1.1348 1.1348 1.1343 1.1345 1.1362 1.1378 1.1374 1.1366 1.1368 1.1389 1.141 1.1406 1.1399 1.1402 1.1424 1.1445 1.1443 1.1438 1.1429 1.1438 1.1448 1.1458 1.1468 1.1476 1.1483 1.1496 1.1508 1.1521 1.1534 1.1539 1.1544 1.1549 1.1559 1.1583 1.1637 1.1712 1.1801 1.1913 1.206 1.2296 1.2801 
96.5 1.1205 1.1204 1.1204 1.1204 1.1203 1.1203 1.1202 1.1201 1.12 1.1199 1.1198 1.1197 1.1196 1.1194 1.1193 1.1191 1.119 1.1188 1.1187 1.1186 1.1187 1.1187 1.1188 1.1189 1.119 1.1191 1.1192 1.1194 1.1197 1.1199 1.1203 1.1207 1.1211 1.1216 1.1221 1.1223 1.1223 1.1224 1.1227 1.1229 1.1233 1.1237 1.1241 1.1244 1.1247 1.125 1.1255 1.1259 1.1266 1.1273 1.1279 1.1284 1.129 1.1296 1.1303 1.1306 1.1309 1.1315 1.1328 1.1342 1.1341 1.1337 1.134 1.1356 1.1372 1.1369 1.1362 1.1363 1.138 1.1397 1.1402 1.1405 1.141 1.1419 1.1428 1.1431 1.1432 1.1439 1.1447 1.1455 1.1459 1.1463 1.1474 1.1485 1.1497 1.151 1.1523 1.1536 1.1543 1.1549 1.1554 1.1563 1.1585 1.1638 1.1712 1.1801 1.1912 1.2058 1.2295 1.2806 
97 1.1209 1.1209 1.1208 1.1208 1.1207 1.1207 1.1206 1.1206 1.1205 1.1204 1.1203 1.1202 1.1201 1.1199 1.1198 1.1197 1.1195 1.1194 1.1193 1.1192 1.1192 1.1192 1.1192 1.1193 1.1194 1.1195 1.1196 1.1198 1.1199 1.1201 1.1204 1.1207 1.121 1.1214 1.1219 1.1221 1.1222 1.1223 1.1226 1.1228 1.1231 1.1235 1.1238 1.1242 1.1245 1.1248 1.1252 1.1256 1.1262 1.1269 1.1274 1.1278 1.1284 1.1291 1.1299 1.1303 1.1307 1.1312 1.1324 1.1335 1.1335 1.1332 1.1335 1.1351 1.1367 1.1364 1.1357 1.1357 1.1371 1.1385 1.1398 1.1411 1.1418 1.1414 1.1411 1.1418 1.1427 1.1449 1.1457 1.1462 1.146 1.1457 1.1471 1.1487 1.1499 1.1511 1.1524 1.1537 1.1546 1.1554 1.1559 1.1567 1.1588 1.1639 1.1712 1.18 1.1911 1.2057 1.2294 1.2811 
97.5 1.1213 1.1213 1.1213 1.1212 1.1212 1.1211 1.1211 1.121 1.121 1.1209 1.1208 1.1207 1.1206 1.1205 1.1203 1.1202 1.1201 1.1199 1.1198 1.1197 1.1196 1.1196 1.1196 1.1197 1.1197 1.1198 1.12 1.1201 1.1202 1.1203 1.1205 1.1207 1.1209 1.1213 1.1217 1.1219 1.122 1.1222 1.1224 1.1227 1.1229 1.1232 1.1235 1.1239 1.1244 1.1246 1.1249 1.1252 1.1258 1.1265 1.1269 1.1272 1.1277 1.1286 1.1294 1.13 1.1304 1.131 1.1319 1.1329 1.1328 1.1326 1.1329 1.1346 1.1362 1.1359 1.1353 1.1352 1.1363 1.1373 1.1394 1.1417 1.1425 1.141 1.1394 1.1406 1.1421 1.1459 1.1466 1.1469 1.1461 1.1452 1.1469 1.1488 1.1501 1.1513 1.1526 1.1539 1.1549 1.1559 1.1564 1.157 1.1591 1.164 1.1711 1.18 1.1909 1.2055 1.2293 1.2817 
98 1.123 1.1229 1.1229 1.1229 1.1228 1.1228 1.1227 1.1227 1.1226 1.1225 1.1225 1.1224 1.1223 1.1221 1.122 1.1219 1.1218 1.1216 1.1215 1.1214 1.1213 1.1212 1.1211 1.1211 1.1212 1.1212 1.1213 1.1213 1.1214 1.1214 1.1215 1.1216 1.1218 1.1222 1.1225 1.1227 1.1228 1.1229 1.123 1.1232 1.1236 1.1241 1.1245 1.1249 1.1252 1.1254 1.1255 1.1258 1.1264 1.127 1.1273 1.1275 1.1279 1.1287 1.1295 1.13 1.1303 1.1308 1.1316 1.1325 1.1326 1.1325 1.1328 1.1341 1.1353 1.1353 1.1351 1.1353 1.1362 1.1372 1.1393 1.1416 1.1425 1.1412 1.1399 1.1411 1.1427 1.1462 1.147 1.1473 1.1468 1.1461 1.1478 1.1498 1.1512 1.1524 1.1538 1.1551 1.1561 1.1571 1.1577 1.1585 1.1605 1.1652 1.1721 1.1806 1.1913 1.2057 1.2294 1.2821 
98.5 1.1251 1.1251 1.125 1.125 1.125 1.1249 1.1249 1.1248 1.1248 1.1247 1.1246 1.1245 1.1244 1.1243 1.1241 1.124 1.1239 1.1237 1.1236 1.1235 1.1233 1.1232 1.1231 1.123 1.123 1.1229 1.1229 1.1228 1.1229 1.1229 1.1229 1.123 1.1231 1.1235 1.1238 1.1239 1.1238 1.1238 1.1239 1.124 1.1245 1.1253 1.126 1.1262 1.1264 1.1265 1.1265 1.1267 1.1273 1.1278 1.128 1.1281 1.1283 1.1291 1.1298 1.1301 1.1303 1.1307 1.1314 1.1322 1.1324 1.1326 1.1329 1.1336 1.1344 1.1347 1.135 1.1355 1.1365 1.1375 1.1393 1.1412 1.1422 1.1417 1.1412 1.1423 1.1437 1.1463 1.1471 1.1477 1.1477 1.1475 1.1492 1.1512 1.1526 1.1539 1.1553 1.1568 1.1577 1.1587 1.1594 1.1604 1.1625 1.1669 1.1733 1.1816 1.192 1.206 1.2295 1.2825 
99 1.1272 1.1272 1.1271 1.1271 1.1271 1.127 1.127 1.1269 1.1269 1.1268 1.1267 1.1266 1.1265 1.1264 1.1263 1.1261 1.126 1.1258 1.1257 1.1255 1.1254 1.1252 1.1251 1.1249 1.1248 1.1246 1.1245 1.1244 1.1243 1.1243 1.1243 1.1244 1.1245 1.1248 1.1251 1.1251 1.1249 1.1247 1.1247 1.1247 1.1255 1.1266 1.1275 1.1276 1.1276 1.1276 1.1276 1.1277 1.1282 1.1287 1.1287 1.1287 1.1288 1.1294 1.13 1.1302 1.1303 1.1306 1.1312 1.1319 1.1323 1.1326 1.1329 1.1332 1.1334 1.1341 1.1349 1.1358 1.1368 1.1377 1.1392 1.1408 1.142 1.1422 1.1425 1.1436 1.1447 1.1463 1.1472 1.1481 1.1485 1.149 1.1507 1.1525 1.154 1.1553 1.1569 1.1584 1.1593 1.1602 1.1611 1.1622 1.1644 1.1685 1.1746 1.1825 1.1926 1.2062 1.2296 1.2829 
99.5 1.1293 1.1293 1.1293 1.1292 1.1292 1.1292 1.1291 1.1291 1.129 1.1289 1.1288 1.1287 1.1286 1.1285 1.1284 1.1283 1.1281 1.128 1.1278 1.1276 1.1274 1.1272 1.127 1.1268 1.1266 1.1264 1.1261 1.1259 1.1258 1.1257 1.1257 1.1257 1.1258 1.1261 1.1264 1.1262 1.1259 1.1257 1.1256 1.1255 1.1265 1.1279 1.129 1.1289 1.1288 1.1287 1.1286 1.1286 1.1291 1.1295 1.1295 1.1293 1.1293 1.1298 1.1303 1.1304 1.1303 1.1304 1.131 1.1316 1.1322 1.1327 1.133 1.1327 1.1325 1.1335 1.1348 1.1361 1.137 1.138 1.1392 1.1404 1.1417 1.1428 1.1439 1.1448 1.1456 1.1463 1.1474 1.1485 1.1494 1.1504 1.1521 1.1538 1.1554 1.1568 1.1585 1.16 1.1609 1.1617 1.1627 1.1641 1.1663 1.1702 1.1759 1.1835 1.1932 1.2065 1.2298 1.2833 
100 1.1295 1.1295 1.1295 1.1294 1.1294 1.1294 1.1293 1.1293 1.1292 1.1291 1.129 1.1288 1.1287 1.1285 1.1284 1.1282 1.128 1.1278 1.1275 1.1273 1.127 1.1268 1.1265 1.1262 1.126 1.1257 1.1254 1.1251 1.1249 1.1247 1.1246 1.1246 1.1246 1.1247 1.1249 1.1248 1.1246 1.1244 1.1244 1.1243 1.125 1.1261 1.1269 1.1269 1.1269 1.1268 1.1266 1.1266 1.1271 1.1275 1.1275 1.1274 1.1274 1.1279 1.1285 1.1287 1.1288 1.1291 1.1298 1.1304 1.131 1.1316 1.1319 1.1318 1.1318 1.1327 1.1338 1.135 1.1359 1.1369 1.1381 1.1393 1.1405 1.1417 1.1428 1.1438 1.1448 1.1452 1.1454 1.1457 1.1465 1.1475 1.149 1.1505 1.1519 1.1533 1.1549 1.1564 1.1573 1.1581 1.159 1.1601 1.1617 1.1643 1.1686 1.1747 1.1826 1.1939 1.2141 1.2636 
100.5 1.1296 1.1296 1.1296 1.1296 1.1295 1.1295 1.1294 1.1293 1.1292 1.1291 1.129 1.1288 1.1286 1.1284 1.1282 1.128 1.1277 1.1275 1.1272 1.1269 1.1265 1.1262 1.1259 1.1256 1.1253 1.1249 1.1245 1.1241 1.1239 1.1236 1.1235 1.1233 1.1232 1.1233 1.1233 1.1232 1.1232 1.1231 1.1231 1.123 1.1235 1.1241 1.1247 1.1248 1.1249 1.1247 1.1245 1.1245 1.125 1.1254 1.1255 1.1254 1.1255 1.126 1.1265 1.1269 1.1273 1.1278 1.1285 1.1292 1.1298 1.1304 1.1309 1.131 1.1311 1.1319 1.1328 1.1338 1.1348 1.1358 1.1369 1.138 1.1392 1.1405 1.1417 1.1428 1.1439 1.1439 1.1433 1.1427 1.1435 1.1444 1.1456 1.1469 1.1483 1.1495 1.151 1.1525 1.1534 1.1544 1.1551 1.1558 1.1568 1.1581 1.1609 1.1654 1.1715 1.1806 1.1977 1.2431 
101 1.1298 1.1297 1.1297 1.1297 1.1297 1.1296 1.1295 1.1294 1.1293 1.1292 1.129 1.1288 1.1286 1.1283 1.1281 1.1278 1.1275 1.1272 1.1268 1.1264 1.126 1.1256 1.1252 1.1249 1.1245 1.1241 1.1237 1.1232 1.1229 1.1225 1.1223 1.1221 1.1219 1.1218 1.1217 1.1217 1.1217 1.1218 1.1218 1.1217 1.1219 1.1222 1.1224 1.1226 1.1228 1.1227 1.1224 1.1223 1.1228 1.1233 1.1235 1.1234 1.1236 1.1241 1.1246 1.1252 1.1258 1.1264 1.1272 1.128 1.1287 1.1293 1.1298 1.1301 1.1304 1.131 1.1318 1.1326 1.1336 1.1346 1.1357 1.1368 1.138 1.1393 1.1406 1.1418 1.1429 1.1427 1.1413 1.1397 1.1404 1.1412 1.1423 1.1434 1.1446 1.1458 1.1472 1.1486 1.1496 1.1506 1.1511 1.1515 1.1519 1.1519 1.1533 1.1561 1.1604 1.1674 1.1813 1.2225 
101.5 1.129 1.129 1.129 1.129 1.1289 1.1289 1.1288 1.1287 1.1285 1.1284 1.1282 1.128 1.1277 1.1274 1.1272 1.1268 1.1265 1.1261 1.1257 1.1253 1.1249 1.1244 1.1239 1.1235 1.1232 1.1227 1.1222 1.1217 1.1213 1.1209 1.1206 1.1204 1.1201 1.1199 1.1197 1.1198 1.12 1.1201 1.1201 1.1201 1.12 1.12 1.12 1.1203 1.1205 1.1204 1.1201 1.1201 1.1206 1.1211 1.1212 1.1213 1.1214 1.1219 1.1225 1.1232 1.1239 1.1247 1.1256 1.1264 1.127 1.1276 1.1282 1.1286 1.129 1.1296 1.1303 1.131 1.132 1.133 1.1341 1.1352 1.1364 1.1376 1.1389 1.1402 1.1414 1.141 1.139 1.1368 1.1373 1.1381 1.1391 1.14 1.1411 1.1422 1.1435 1.1448 1.1459 1.1469 1.1472 1.1473 1.1473 1.1462 1.1465 1.1481 1.151 1.1563 1.1679 1.2059 
102 1.1246 1.1246 1.1245 1.1245 1.1245 1.1244 1.1243 1.1242 1.1241 1.1239 1.1237 1.1235 1.1233 1.123 1.1227 1.1224 1.1221 1.1218 1.1214 1.121 1.1206 1.1201 1.1197 1.1194 1.119 1.1186 1.1182 1.1178 1.1174 1.1171 1.1169 1.1167 1.1166 1.1165 1.1163 1.1164 1.1166 1.1168 1.1168 1.1168 1.1168 1.1167 1.1168 1.117 1.1172 1.1172 1.1171 1.1172 1.1176 1.1181 1.1182 1.1182 1.1184 1.1189 1.1194 1.1201 1.1208 1.1215 1.1222 1.1229 1.1233 1.1237 1.1242 1.1246 1.125 1.1258 1.1267 1.1276 1.1286 1.1296 1.1307 1.1318 1.1328 1.1338 1.1348 1.136 1.1372 1.1375 1.1358 1.1338 1.1344 1.1351 1.1361 1.1371 1.1381 1.1391 1.1403 1.1416 1.1426 1.1435 1.1436 1.1436 1.1437 1.1431 1.1438 1.1459 1.1493 1.1552 1.1676 1.2068 
102.5 1.1201 1.1201 1.1201 1.12 1.12 1.1199 1.1198 1.1197 1.1196 1.1195 1.1193 1.1191 1.1188 1.1186 1.1183 1.118 1.1177 1.1174 1.117 1.1167 1.1163 1.1159 1.1155 1.1152 1.1149 1.1145 1.1141 1.1138 1.1135 1.1133 1.1132 1.1131 1.113 1.113 1.113 1.1131 1.1133 1.1134 1.1134 1.1135 1.1135 1.1135 1.1135 1.1137 1.1138 1.114 1.1141 1.1142 1.1146 1.1151 1.1152 1.1152 1.1154 1.1159 1.1163 1.117 1.1177 1.1183 1.1189 1.1194 1.1197 1.1199 1.1202 1.1206 1.121 1.122 1.1231 1.1242 1.1252 1.1262 1.1273 1.1283 1.1293 1.13 1.1307 1.1318 1.1331 1.134 1.1326 1.1309 1.1314 1.1322 1.1332 1.1342 1.1351 1.136 1.1372 1.1383 1.1393 1.1401 1.14 1.14 1.1402 1.14 1.1411 1.1436 1.1476 1.1541 1.1674 1.2076 
103 1.1156 1.1156 1.1156 1.1156 1.1155 1.1155 1.1154 1.1153 1.1152 1.115 1.1148 1.1146 1.1144 1.1142 1.1139 1.1136 1.1133 1.113 1.1127 1.1124 1.112 1.1117 1.1113 1.111 1.1108 1.1105 1.1101 1.1098 1.1096 1.1095 1.1094 1.1094 1.1095 1.1095 1.1096 1.1097 1.1099 1.1101 1.1101 1.1102 1.1102 1.1102 1.1102 1.1104 1.1105 1.1108 1.111 1.1113 1.1117 1.1121 1.1122 1.1122 1.1123 1.1128 1.1133 1.1139 1.1146 1.1151 1.1155 1.1159 1.116 1.116 1.1162 1.1165 1.1169 1.1181 1.1195 1.1207 1.1218 1.1228 1.1239 1.1249 1.1257 1.1261 1.1265 1.1277 1.1289 1.1305 1.1294 1.1279 1.1284 1.1292 1.1302 1.1313 1.1321 1.1329 1.134 1.1351 1.1359 1.1368 1.1364 1.1363 1.1366 1.1369 1.1385 1.1414 1.1458 1.153 1.1671 1.2085 
103.5 1.1124 1.1124 1.1123 1.1123 1.1123 1.1122 1.1121 1.112 1.1119 1.1117 1.1116 1.1114 1.1111 1.1109 1.1107 1.1104 1.1101 1.1098 1.1095 1.1092 1.1089 1.1086 1.1083 1.108 1.1078 1.1075 1.1072 1.1069 1.1069 1.1068 1.1068 1.1068 1.1068 1.107 1.1071 1.1072 1.1074 1.1076 1.1077 1.1078 1.1079 1.1079 1.108 1.1081 1.1083 1.1085 1.1089 1.1092 1.1096 1.1099 1.11 1.11 1.1101 1.1106 1.111 1.1116 1.1122 1.1127 1.1131 1.1134 1.1134 1.1134 1.1135 1.114 1.1144 1.1157 1.1171 1.1183 1.1192 1.1201 1.1212 1.1223 1.123 1.1234 1.1237 1.1246 1.1256 1.1275 1.1268 1.1257 1.1263 1.1271 1.1281 1.1292 1.13 1.1307 1.1318 1.1328 1.1336 1.1343 1.1339 1.1339 1.1342 1.1347 1.1366 1.1397 1.1445 1.152 1.1666 1.2085 
104 1.1108 1.1108 1.1107 1.1107 1.1107 1.1106 1.1105 1.1104 1.1103 1.1102 1.11 1.1098 1.1096 1.1094 1.1092 1.1089 1.1087 1.1084 1.1081 1.1078 1.1075 1.1072 1.1069 1.1067 1.1064 1.1062 1.106 1.1058 1.1057 1.1056 1.1056 1.1056 1.1056 1.1057 1.1058 1.106 1.1062 1.1064 1.1066 1.1068 1.1069 1.1071 1.1072 1.1074 1.1076 1.1078 1.108 1.1083 1.1086 1.109 1.1091 1.109 1.1091 1.1094 1.1098 1.1104 1.1109 1.1115 1.1119 1.1124 1.1126 1.1127 1.1129 1.1135 1.1141 1.1152 1.1165 1.1175 1.118 1.1185 1.1196 1.1207 1.1216 1.1222 1.1227 1.1232 1.1236 1.1252 1.125 1.1246 1.1254 1.1264 1.1273 1.1282 1.129 1.1299 1.1309 1.1319 1.1326 1.1333 1.133 1.1331 1.1335 1.134 1.1358 1.1389 1.1437 1.1512 1.1656 1.2073 
104.5 1.1092 1.1092 1.1092 1.1091 1.1091 1.109 1.1089 1.1089 1.1087 1.1086 1.1084 1.1083 1.1081 1.1079 1.1077 1.1074 1.1072 1.1069 1.1067 1.1064 1.1061 1.1059 1.1056 1.1053 1.105 1.1049 1.1047 1.1046 1.1045 1.1045 1.1044 1.1044 1.1043 1.1044 1.1045 1.1047 1.105 1.1052 1.1055 1.1057 1.106 1.1062 1.1064 1.1066 1.1069 1.107 1.1071 1.1073 1.1077 1.1081 1.1081 1.108 1.108 1.1083 1.1086 1.1091 1.1096 1.1102 1.1108 1.1114 1.1117 1.1119 1.1123 1.113 1.1137 1.1148 1.1159 1.1166 1.1168 1.117 1.1179 1.1191 1.1201 1.1209 1.1218 1.1218 1.1217 1.123 1.1233 1.1235 1.1245 1.1256 1.1264 1.1272 1.1281 1.129 1.13 1.131 1.1316 1.1322 1.1322 1.1323 1.1327 1.1332 1.135 1.1382 1.1429 1.1503 1.1647 1.2062 
105 1.1076 1.1076 1.1076 1.1075 1.1075 1.1074 1.1074 1.1073 1.1072 1.107 1.1069 1.1067 1.1066 1.1064 1.1062 1.106 1.1057 1.1055 1.1053 1.105 1.1048 1.1045 1.1042 1.104 1.1037 1.1035 1.1035 1.1034 1.1033 1.1033 1.1032 1.1031 1.1031 1.1031 1.1032 1.1034 1.1037 1.104 1.1044 1.1047 1.105 1.1053 1.1056 1.1059 1.1062 1.1062 1.1062 1.1063 1.1068 1.1072 1.1072 1.107 1.107 1.1072 1.1075 1.1079 1.1084 1.1089 1.1096 1.1103 1.1108 1.1112 1.1117 1.1126 1.1134 1.1143 1.1152 1.1158 1.1156 1.1154 1.1163 1.1175 1.1186 1.1197 1.1208 1.1204 1.1197 1.1207 1.1215 1.1223 1.1236 1.1249 1.1256 1.1262 1.1271 1.1281 1.1291 1.1301 1.1307 1.1311 1.1314 1.1315 1.1319 1.1324 1.1342 1.1374 1.1421 1.1495 1.1637 1.205 
105.5 1.1069 1.1069 1.1069 1.1069 1.1068 1.1068 1.1067 1.1066 1.1065 1.1064 1.1063 1.1061 1.1059 1.1058 1.1056 1.1054 1.1052 1.105 1.1047 1.1045 1.1042 1.104 1.1037 1.1035 1.1033 1.1032 1.1031 1.103 1.103 1.103 1.1029 1.1028 1.1028 1.1029 1.103 1.1032 1.1035 1.1038 1.1041 1.1044 1.1048 1.1051 1.1054 1.1057 1.106 1.1061 1.1061 1.1061 1.1066 1.107 1.107 1.1067 1.1066 1.1069 1.1071 1.1077 1.1084 1.109 1.1092 1.1095 1.11 1.1105 1.1112 1.1121 1.113 1.1139 1.1148 1.1153 1.1152 1.1151 1.116 1.117 1.1181 1.1193 1.1204 1.1201 1.1196 1.1201 1.1212 1.1224 1.1235 1.1246 1.1253 1.1259 1.1268 1.1277 1.1288 1.1298 1.1304 1.1309 1.1312 1.1314 1.1317 1.1322 1.1341 1.1373 1.142 1.1493 1.1634 1.2044 
106 1.1068 1.1068 1.1067 1.1067 1.1067 1.1066 1.1066 1.1065 1.1064 1.1063 1.1062 1.106 1.1059 1.1057 1.1055 1.1053 1.1051 1.1049 1.1047 1.1045 1.1042 1.104 1.1038 1.1036 1.1034 1.1033 1.1032 1.1031 1.1031 1.1031 1.1031 1.1031 1.1031 1.1032 1.1034 1.1036 1.1039 1.1042 1.1044 1.1046 1.1049 1.1052 1.1056 1.1059 1.1062 1.1063 1.1063 1.1064 1.1068 1.1072 1.1071 1.1068 1.1066 1.1069 1.1072 1.1081 1.1092 1.1098 1.1093 1.1088 1.1093 1.11 1.1108 1.1117 1.1126 1.1135 1.1144 1.1151 1.1154 1.1157 1.1164 1.1171 1.1181 1.1192 1.1204 1.1206 1.1206 1.1203 1.1217 1.1232 1.1238 1.1244 1.1252 1.126 1.1269 1.1277 1.1288 1.1299 1.1306 1.1313 1.1314 1.1316 1.1319 1.1324 1.1344 1.1376 1.1423 1.1495 1.1634 1.2042 
106.5 1.1066 1.1066 1.1066 1.1066 1.1065 1.1065 1.1064 1.1064 1.1063 1.1062 1.106 1.1059 1.1058 1.1056 1.1054 1.1053 1.1051 1.1049 1.1047 1.1045 1.1042 1.104 1.1038 1.1037 1.1036 1.1035 1.1034 1.1033 1.1032 1.1032 1.1032 1.1033 1.1034 1.1036 1.1037 1.104 1.1043 1.1045 1.1047 1.1048 1.1051 1.1054 1.1058 1.1061 1.1064 1.1065 1.1065 1.1066 1.107 1.1074 1.1072 1.1068 1.1066 1.107 1.1074 1.1085 1.1099 1.1106 1.1093 1.108 1.1085 1.1095 1.1104 1.1113 1.1122 1.1131 1.114 1.1148 1.1155 1.1162 1.1167 1.1173 1.1181 1.1192 1.1204 1.1211 1.1216 1.1206 1.1221 1.1239 1.1242 1.1242 1.1251 1.1261 1.1269 1.1277 1.1288 1.1299 1.1307 1.1316 1.1317 1.1318 1.1321 1.1327 1.1347 1.1379 1.1426 1.1498 1.1635 1.204 
107 1.1065 1.1065 1.1065 1.1064 1.1064 1.1063 1.1063 1.1062 1.1061 1.106 1.1059 1.1058 1.1057 1.1055 1.1054 1.1052 1.105 1.1048 1.1046 1.1044 1.1042 1.104 1.1038 1.1038 1.1037 1.1036 1.1035 1.1034 1.1033 1.1033 1.1034 1.1036 1.1038 1.1039 1.1041 1.1044 1.1047 1.1049 1.1049 1.1049 1.1052 1.1056 1.1059 1.1062 1.1065 1.1067 1.1067 1.1068 1.1072 1.1076 1.1074 1.1069 1.1067 1.1071 1.1075 1.1089 1.1107 1.1114 1.1093 1.1073 1.1078 1.1089 1.11 1.1109 1.1118 1.1127 1.1136 1.1146 1.1156 1.1167 1.1171 1.1174 1.1181 1.1192 1.1204 1.1215 1.1226 1.1209 1.1226 1.1247 1.1245 1.1241 1.1251 1.1262 1.1269 1.1276 1.1287 1.1299 1.1309 1.1319 1.1319 1.132 1.1322 1.1329 1.135 1.1383 1.1429 1.15 1.1635 1.2039 
107.5 1.1066 1.1066 1.1065 1.1065 1.1065 1.1064 1.1064 1.1063 1.1062 1.1061 1.106 1.1058 1.1057 1.1056 1.1054 1.1052 1.105 1.1048 1.1046 1.1044 1.1042 1.104 1.1038 1.1038 1.1038 1.1037 1.1036 1.1035 1.1034 1.1034 1.1035 1.1037 1.1039 1.1041 1.1043 1.1045 1.1047 1.105 1.105 1.1051 1.1054 1.1057 1.106 1.1062 1.1065 1.1066 1.1068 1.1069 1.1073 1.1077 1.1075 1.107 1.1068 1.1072 1.1076 1.1088 1.1102 1.1108 1.1094 1.1079 1.1084 1.1095 1.1105 1.1113 1.1121 1.113 1.1139 1.1148 1.1158 1.1167 1.1173 1.1178 1.1184 1.1193 1.1201 1.1212 1.1223 1.1211 1.1227 1.1245 1.1246 1.1244 1.1254 1.1265 1.1273 1.128 1.1291 1.1301 1.1311 1.132 1.1321 1.1322 1.1325 1.1331 1.135 1.1382 1.1428 1.1498 1.1633 1.2037 
108 1.1067 1.1067 1.1066 1.1066 1.1066 1.1065 1.1065 1.1064 1.1063 1.1062 1.1061 1.1059 1.1058 1.1056 1.1054 1.1052 1.1051 1.1049 1.1046 1.1044 1.1042 1.104 1.1039 1.1038 1.1038 1.1037 1.1036 1.1035 1.1036 1.1036 1.1037 1.1039 1.1041 1.1042 1.1044 1.1046 1.1048 1.105 1.1052 1.1053 1.1055 1.1057 1.106 1.1062 1.1064 1.1066 1.1068 1.1071 1.1074 1.1078 1.1075 1.1071 1.1069 1.1073 1.1077 1.1085 1.1096 1.1101 1.1094 1.1087 1.1093 1.1103 1.1112 1.1118 1.1124 1.1133 1.1143 1.1151 1.1159 1.1166 1.1174 1.1181 1.1188 1.1193 1.1199 1.1208 1.1217 1.1213 1.1227 1.1243 1.1246 1.1248 1.1257 1.1268 1.1277 1.1285 1.1295 1.1304 1.1313 1.1321 1.1323 1.1324 1.1327 1.1333 1.1351 1.1381 1.1426 1.1495 1.1631 1.2035 
108.5 1.1068 1.1068 1.1067 1.1067 1.1067 1.1066 1.1066 1.1065 1.1064 1.1063 1.1061 1.106 1.1058 1.1057 1.1055 1.1053 1.1051 1.1049 1.1046 1.1044 1.1042 1.1041 1.1039 1.1038 1.1038 1.1037 1.1037 1.1036 1.1037 1.1038 1.1039 1.104 1.1042 1.1043 1.1045 1.1046 1.1048 1.105 1.1053 1.1055 1.1057 1.1058 1.106 1.1061 1.1063 1.1065 1.1069 1.1072 1.1075 1.1079 1.1076 1.1072 1.107 1.1073 1.1077 1.1083 1.1089 1.1094 1.1094 1.1095 1.1102 1.1111 1.1118 1.1123 1.1127 1.1136 1.1146 1.1155 1.116 1.1165 1.1175 1.1185 1.1192 1.1194 1.1196 1.1204 1.1212 1.1215 1.1227 1.124 1.1246 1.1252 1.1261 1.1271 1.1281 1.129 1.1299 1.1307 1.1315 1.1322 1.1324 1.1326 1.133 1.1334 1.1351 1.1381 1.1424 1.1493 1.1628 1.2034 
109 1.1069 1.1069 1.1068 1.1068 1.1068 1.1067 1.1066 1.1065 1.1064 1.1063 1.1062 1.106 1.1059 1.1057 1.1055 1.1053 1.1051 1.1048 1.1046 1.1044 1.1042 1.1041 1.1039 1.1038 1.1037 1.1037 1.1037 1.1037 1.1038 1.1039 1.104 1.1041 1.1043 1.1044 1.1045 1.1047 1.1048 1.105 1.1053 1.1057 1.1058 1.1058 1.1059 1.106 1.1061 1.1064 1.1068 1.1072 1.1076 1.1079 1.1077 1.1072 1.107 1.1074 1.1078 1.1081 1.1084 1.1087 1.1095 1.1102 1.111 1.1117 1.1123 1.1127 1.113 1.1139 1.1149 1.1157 1.116 1.1164 1.1175 1.1187 1.1195 1.1194 1.1193 1.1199 1.1206 1.1216 1.1226 1.1236 1.1245 1.1255 1.1264 1.1273 1.1284 1.1294 1.1302 1.131 1.1317 1.1324 1.1325 1.1327 1.1331 1.1335 1.1351 1.1379 1.1422 1.1491 1.1626 1.2033 
109.5 1.1067 1.1067 1.1066 1.1066 1.1066 1.1065 1.1064 1.1063 1.1062 1.1061 1.106 1.1058 1.1056 1.1055 1.1053 1.1051 1.1049 1.1046 1.1044 1.1042 1.104 1.1039 1.1037 1.1036 1.1035 1.1035 1.1034 1.1034 1.1035 1.1035 1.1036 1.1037 1.1038 1.104 1.1041 1.1043 1.1045 1.1047 1.105 1.1052 1.1053 1.1053 1.1054 1.1055 1.1057 1.106 1.1063 1.1067 1.107 1.1074 1.1073 1.107 1.1069 1.1073 1.1078 1.1081 1.1083 1.1086 1.1093 1.11 1.1106 1.1112 1.1118 1.1123 1.1128 1.1135 1.1143 1.115 1.1155 1.1161 1.117 1.118 1.1188 1.119 1.1191 1.1196 1.1202 1.121 1.1219 1.1228 1.1237 1.1246 1.1257 1.1268 1.128 1.1293 1.1302 1.131 1.1318 1.1326 1.1323 1.1322 1.1324 1.1328 1.1345 1.1375 1.142 1.1491 1.163 1.2039 
110 1.1065 1.1065 1.1064 1.1064 1.1063 1.1063 1.1062 1.1061 1.106 1.1059 1.1057 1.1056 1.1054 1.1052 1.1051 1.1049 1.1046 1.1044 1.1042 1.104 1.1038 1.1037 1.1035 1.1034 1.1033 1.1032 1.1032 1.1031 1.1031 1.1032 1.1032 1.1033 1.1034 1.1036 1.1037 1.1039 1.1042 1.1044 1.1046 1.1048 1.1048 1.1048 1.1048 1.105 1.1052 1.1055 1.1058 1.1061 1.1065 1.1069 1.1069 1.1068 1.1068 1.1073 1.1078 1.108 1.1082 1.1085 1.1092 1.1098 1.1103 1.1107 1.1112 1.1119 1.1126 1.1131 1.1137 1.1143 1.115 1.1157 1.1165 1.1174 1.1181 1.1185 1.1189 1.1193 1.1197 1.1204 1.1212 1.122 1.1229 1.1238 1.125 1.1262 1.1277 1.1292 1.1302 1.1311 1.132 1.1329 1.1321 1.1317 1.1318 1.1321 1.1339 1.137 1.1417 1.1491 1.1633 1.2046 
110.5 1.1063 1.1062 1.1062 1.1062 1.1061 1.1061 1.106 1.1059 1.1058 1.1057 1.1055 1.1054 1.1052 1.105 1.1048 1.1046 1.1044 1.1042 1.104 1.1038 1.1036 1.1035 1.1033 1.1032 1.1031 1.103 1.1029 1.1028 1.1028 1.1028 1.1028 1.1029 1.1029 1.1031 1.1033 1.1036 1.1038 1.1041 1.1042 1.1044 1.1044 1.1043 1.1043 1.1046 1.1048 1.105 1.1052 1.1055 1.1059 1.1064 1.1065 1.1065 1.1067 1.1072 1.1078 1.108 1.1082 1.1084 1.109 1.1095 1.1099 1.1102 1.1107 1.1115 1.1123 1.1128 1.1131 1.1136 1.1145 1.1153 1.116 1.1167 1.1174 1.1181 1.1187 1.119 1.1192 1.1198 1.1205 1.1212 1.1221 1.123 1.1243 1.1256 1.1273 1.1291 1.1301 1.1311 1.1321 1.1331 1.1319 1.1312 1.1311 1.1314 1.1333 1.1366 1.1415 1.1491 1.1636 1.2053 
111 1.1059 1.1059 1.1059 1.1059 1.1058 1.1058 1.1057 1.1056 1.1055 1.1054 1.1052 1.1051 1.1049 1.1047 1.1045 1.1043 1.1041 1.1039 1.1037 1.1035 1.1033 1.1031 1.103 1.1028 1.1027 1.1026 1.1025 1.1024 1.1024 1.1023 1.1023 1.1023 1.1024 1.1026 1.1028 1.1031 1.1034 1.1036 1.1037 1.1039 1.1038 1.1038 1.1038 1.104 1.1043 1.1045 1.1046 1.1049 1.1053 1.1058 1.106 1.1061 1.1063 1.1069 1.1075 1.1078 1.1079 1.1081 1.1086 1.1091 1.1094 1.1096 1.11 1.111 1.1119 1.1122 1.1124 1.1129 1.1139 1.1148 1.1155 1.1161 1.1167 1.1176 1.1184 1.1186 1.1188 1.1193 1.1199 1.1206 1.1215 1.1224 1.1237 1.125 1.1268 1.1286 1.1297 1.1307 1.1317 1.1328 1.1314 1.1306 1.1304 1.1307 1.1327 1.1361 1.1411 1.1488 1.1634 1.2052 
111.5 1.1054 1.1054 1.1053 1.1053 1.1053 1.1052 1.1051 1.105 1.1049 1.1048 1.1047 1.1045 1.1043 1.1041 1.104 1.1038 1.1035 1.1033 1.1031 1.1029 1.1027 1.1025 1.1023 1.1022 1.102 1.1019 1.1018 1.1018 1.1017 1.1016 1.1016 1.1016 1.1017 1.1019 1.102 1.1023 1.1026 1.1029 1.103 1.1032 1.1032 1.1032 1.1032 1.1035 1.1038 1.1039 1.104 1.1041 1.1046 1.105 1.1052 1.1054 1.1056 1.1062 1.1068 1.107 1.1071 1.1073 1.1078 1.1082 1.1084 1.1087 1.1091 1.1101 1.111 1.1114 1.1116 1.1121 1.1131 1.1141 1.1148 1.1155 1.1162 1.117 1.1178 1.1181 1.1184 1.119 1.1197 1.1205 1.1213 1.1222 1.1233 1.1244 1.1259 1.1274 1.1283 1.1292 1.1302 1.1312 1.1302 1.1296 1.1296 1.1301 1.1321 1.1356 1.1406 1.1481 1.1623 1.2033 
112 1.1048 1.1048 1.1048 1.1047 1.1047 1.1047 1.1046 1.1045 1.1044 1.1043 1.1041 1.104 1.1038 1.1036 1.1034 1.1032 1.103 1.1028 1.1025 1.1023 1.1021 1.1019 1.1017 1.1016 1.1014 1.1013 1.1012 1.1011 1.101 1.1009 1.1008 1.1009 1.1009 1.1011 1.1013 1.1015 1.1018 1.1021 1.1023 1.1025 1.1026 1.1026 1.1026 1.103 1.1033 1.1033 1.1033 1.1033 1.1038 1.1043 1.1045 1.1046 1.1049 1.1054 1.106 1.1062 1.1064 1.1066 1.1069 1.1073 1.1075 1.1078 1.1083 1.1092 1.1101 1.1105 1.1108 1.1114 1.1124 1.1134 1.1141 1.1149 1.1156 1.1164 1.1172 1.1176 1.118 1.1186 1.1194 1.1203 1.1212 1.1221 1.123 1.1239 1.125 1.1262 1.127 1.1278 1.1287 1.1296 1.1289 1.1286 1.1288 1.1294 1.1316 1.1351 1.14 1.1474 1.1612 1.2014 
112.5 1.1043 1.1043 1.1042 1.1042 1.1042 1.1041 1.104 1.1039 1.1038 1.1037 1.1036 1.1034 1.1032 1.103 1.1028 1.1026 1.1024 1.1022 1.102 1.1017 1.1015 1.1013 1.1011 1.1009 1.1007 1.1006 1.1005 1.1004 1.1003 1.1001 1.1001 1.1001 1.1002 1.1003 1.1005 1.1007 1.101 1.1013 1.1016 1.1018 1.1019 1.102 1.1021 1.1024 1.1028 1.1027 1.1026 1.1026 1.103 1.1035 1.1037 1.1039 1.1041 1.1047 1.1052 1.1055 1.1056 1.1058 1.106 1.1063 1.1066 1.1069 1.1074 1.1083 1.1092 1.1097 1.1101 1.1107 1.1116 1.1126 1.1135 1.1143 1.115 1.1158 1.1166 1.1171 1.1176 1.1183 1.1192 1.1202 1.1211 1.1219 1.1226 1.1233 1.1241 1.125 1.1257 1.1263 1.1272 1.128 1.1277 1.1276 1.128 1.1288 1.1311 1.1346 1.1395 1.1467 1.16 1.1995 
113 1.1036 1.1035 1.1035 1.1035 1.1034 1.1034 1.1033 1.1032 1.1031 1.103 1.1028 1.1027 1.1025 1.1023 1.1021 1.1019 1.1017 1.1015 1.1012 1.101 1.1008 1.1005 1.1003 1.1002 1.1 1.0998 1.0998 1.0997 1.0996 1.0994 1.0994 1.0995 1.0995 1.0997 1.0998 1.1 1.1003 1.1006 1.1009 1.1011 1.1012 1.1012 1.1013 1.1017 1.102 1.102 1.1019 1.1019 1.1024 1.1028 1.1031 1.1032 1.1035 1.104 1.1045 1.1048 1.1049 1.1051 1.1054 1.1057 1.106 1.1062 1.1067 1.1076 1.1085 1.1089 1.1092 1.1098 1.1107 1.1116 1.1125 1.1133 1.1142 1.115 1.1158 1.1165 1.1171 1.1174 1.1184 1.1195 1.1204 1.1212 1.1219 1.1225 1.1232 1.1239 1.1246 1.1252 1.126 1.1268 1.1267 1.1267 1.1272 1.1281 1.1304 1.1339 1.1388 1.1458 1.1591 1.1982 
113.5 1.1027 1.1027 1.1027 1.1026 1.1026 1.1025 1.1024 1.1024 1.1023 1.1021 1.102 1.1018 1.1016 1.1015 1.1013 1.101 1.1008 1.1006 1.1004 1.1001 1.0999 1.0997 1.0995 1.0993 1.0991 1.099 1.0989 1.0989 1.0988 1.0988 1.0988 1.0989 1.099 1.0991 1.0993 1.0995 1.0997 1.0999 1.1001 1.1004 1.1004 1.1004 1.1005 1.1008 1.1011 1.1013 1.1013 1.1014 1.1018 1.1022 1.1025 1.1027 1.103 1.1034 1.1039 1.1041 1.1044 1.1046 1.105 1.1053 1.1055 1.1057 1.1061 1.107 1.1079 1.1082 1.1084 1.1087 1.1095 1.1103 1.1112 1.1122 1.1131 1.114 1.1149 1.1157 1.1165 1.1161 1.1171 1.1183 1.1192 1.1201 1.1208 1.1215 1.1223 1.1231 1.1238 1.1244 1.1252 1.1259 1.1259 1.126 1.1264 1.1273 1.1295 1.133 1.1378 1.145 1.1583 1.1975 
114 1.1019 1.1018 1.1018 1.1018 1.1017 1.1017 1.1016 1.1015 1.1014 1.1013 1.1011 1.101 1.1008 1.1006 1.1004 1.1002 1.0999 1.0997 1.0995 1.0992 1.099 1.0988 1.0986 1.0985 1.0983 1.0982 1.0981 1.0981 1.0981 1.0982 1.0982 1.0983 1.0984 1.0986 1.0987 1.0989 1.0991 1.0992 1.0994 1.0996 1.0996 1.0996 1.0996 1.0999 1.1002 1.1005 1.1007 1.101 1.1013 1.1016 1.1019 1.1022 1.1025 1.1029 1.1032 1.1035 1.1038 1.1041 1.1045 1.1049 1.1051 1.1052 1.1056 1.1065 1.1073 1.1075 1.1075 1.1077 1.1084 1.109 1.11 1.111 1.112 1.113 1.114 1.115 1.1159 1.1148 1.1158 1.1171 1.118 1.1189 1.1197 1.1206 1.1214 1.1222 1.1229 1.1236 1.1243 1.125 1.125 1.1252 1.1257 1.1265 1.1286 1.1321 1.1369 1.1441 1.1575 1.1967 
114.5 1.101 1.101 1.101 1.1009 1.1009 1.1008 1.1007 1.1007 1.1006 1.1004 1.1003 1.1001 1.0999 1.0997 1.0995 1.0993 1.0991 1.0988 1.0986 1.0984 1.0982 1.098 1.0978 1.0976 1.0975 1.0974 1.0973 1.0973 1.0974 1.0975 1.0977 1.0978 1.0979 1.098 1.0981 1.0983 1.0984 1.0986 1.0987 1.0988 1.0988 1.0987 1.0987 1.099 1.0994 1.0997 1.1001 1.1005 1.1007 1.101 1.1013 1.1017 1.102 1.1023 1.1026 1.1029 1.1033 1.1036 1.1041 1.1045 1.1047 1.1048 1.1051 1.1059 1.1068 1.1068 1.1066 1.1067 1.1072 1.1077 1.1087 1.1098 1.1109 1.112 1.1131 1.1142 1.1154 1.1135 1.1145 1.1159 1.1168 1.1178 1.1187 1.1196 1.1205 1.1214 1.1221 1.1228 1.1234 1.1241 1.1242 1.1244 1.1249 1.1257 1.1278 1.1312 1.136 1.1432 1.1566 1.196 
115 1.1001 1.1001 1.1001 1.1 1.1 1.0999 1.0999 1.0998 1.0997 1.0995 1.0994 1.0992 1.099 1.0988 1.0986 1.0984 1.0981 1.0979 1.0976 1.0974 1.0971 1.0969 1.0968 1.0966 1.0965 1.0964 1.0964 1.0963 1.0965 1.0966 1.0967 1.0969 1.097 1.0971 1.0971 1.0973 1.0975 1.0976 1.0978 1.098 1.098 1.0979 1.0979 1.0983 1.0986 1.099 1.0994 1.0998 1.1001 1.1003 1.1006 1.1009 1.1012 1.1015 1.1018 1.1022 1.1026 1.1031 1.1036 1.104 1.1042 1.1042 1.1045 1.1054 1.1062 1.1059 1.1052 1.1052 1.1065 1.1077 1.1087 1.1096 1.1106 1.1116 1.1127 1.1137 1.1147 1.1133 1.1142 1.1155 1.1164 1.1173 1.1182 1.1191 1.1199 1.1207 1.1214 1.1222 1.1227 1.1233 1.1235 1.1237 1.1243 1.1251 1.1273 1.1308 1.1357 1.1431 1.1568 1.1965 
115.5 1.0992 1.0992 1.0992 1.0991 1.0991 1.099 1.0989 1.0989 1.0987 1.0986 1.0984 1.0983 1.0981 1.0979 1.0976 1.0974 1.0971 1.0969 1.0966 1.0963 1.0961 1.0959 1.0957 1.0955 1.0954 1.0953 1.0953 1.0953 1.0954 1.0955 1.0957 1.0959 1.0961 1.096 1.096 1.0961 1.0964 1.0966 1.0969 1.0972 1.0972 1.0971 1.0971 1.0976 1.098 1.0984 1.0987 1.099 1.0993 1.0996 1.0999 1.1001 1.1003 1.1006 1.101 1.1014 1.1019 1.1025 1.103 1.1035 1.1036 1.1036 1.1039 1.1048 1.1057 1.1049 1.1037 1.1037 1.1059 1.1081 1.109 1.1097 1.1105 1.1114 1.1124 1.1132 1.114 1.1133 1.1143 1.1154 1.1163 1.1171 1.118 1.1188 1.1195 1.1201 1.1209 1.1216 1.1221 1.1225 1.1229 1.1231 1.1237 1.1246 1.1269 1.1305 1.1356 1.1432 1.1572 1.1974 
116 1.0983 1.0983 1.0983 1.0982 1.0982 1.0981 1.098 1.0979 1.0978 1.0977 1.0975 1.0973 1.0971 1.0969 1.0967 1.0964 1.0962 1.0959 1.0956 1.0953 1.095 1.0948 1.0946 1.0945 1.0944 1.0943 1.0943 1.0943 1.0944 1.0945 1.0947 1.0949 1.0951 1.095 1.0948 1.095 1.0953 1.0957 1.096 1.0963 1.0964 1.0963 1.0963 1.0968 1.0973 1.0977 1.098 1.0983 1.0986 1.0989 1.0991 1.0992 1.0994 1.0998 1.1001 1.1007 1.1013 1.1019 1.1024 1.103 1.1031 1.103 1.1033 1.1042 1.1051 1.1039 1.1021 1.1021 1.1053 1.1086 1.1094 1.1098 1.1104 1.1113 1.1122 1.1127 1.1133 1.1134 1.1143 1.1153 1.1161 1.1169 1.1177 1.1184 1.119 1.1195 1.1203 1.121 1.1214 1.1218 1.1222 1.1225 1.1232 1.1241 1.1265 1.1303 1.1355 1.1433 1.1577 1.1983 
116.5 1.0974 1.0974 1.0974 1.0973 1.0973 1.0972 1.0971 1.097 1.0969 1.0968 1.0966 1.0964 1.0962 1.096 1.0957 1.0955 1.0952 1.0949 1.0945 1.0942 1.094 1.0938 1.0936 1.0934 1.0933 1.0933 1.0933 1.0933 1.0934 1.0934 1.0936 1.0939 1.0942 1.0939 1.0937 1.0939 1.0943 1.0947 1.0951 1.0955 1.0956 1.0955 1.0956 1.0961 1.0967 1.097 1.0973 1.0976 1.0979 1.0982 1.0983 1.0984 1.0985 1.0989 1.0993 1.0999 1.1006 1.1013 1.1019 1.1025 1.1025 1.1024 1.1027 1.1036 1.1046 1.1029 1.1006 1.1005 1.1048 1.109 1.1097 1.1099 1.1103 1.1111 1.1119 1.1123 1.1126 1.1135 1.1143 1.1152 1.116 1.1167 1.1174 1.118 1.1185 1.1189 1.1197 1.1204 1.1207 1.121 1.1216 1.1219 1.1226 1.1237 1.1261 1.13 1.1354 1.1434 1.1581 1.1991 
117 1.097 1.0969 1.0969 1.0968 1.0968 1.0967 1.0966 1.0965 1.0964 1.0963 1.0961 1.0959 1.0957 1.0955 1.0953 1.095 1.0947 1.0944 1.0942 1.0939 1.0936 1.0935 1.0933 1.0932 1.0931 1.0931 1.0931 1.0932 1.0933 1.0934 1.0935 1.0937 1.0939 1.0938 1.0937 1.0938 1.0941 1.0944 1.0948 1.0952 1.0953 1.0952 1.0953 1.0959 1.0964 1.0968 1.0972 1.0975 1.0974 1.0974 1.0976 1.098 1.0984 1.0987 1.099 1.0995 1.1 1.1006 1.1013 1.1019 1.1022 1.1024 1.1027 1.1033 1.1039 1.1029 1.1015 1.1018 1.1051 1.1084 1.1092 1.1095 1.1103 1.1116 1.113 1.1121 1.111 1.1127 1.1138 1.1147 1.1155 1.1163 1.1171 1.1178 1.1184 1.119 1.1197 1.1204 1.1207 1.121 1.1215 1.1219 1.1226 1.1235 1.1259 1.1297 1.1351 1.1429 1.1576 1.1985 
117.5 1.0965 1.0964 1.0964 1.0964 1.0963 1.0962 1.0961 1.096 1.0959 1.0958 1.0956 1.0954 1.0952 1.095 1.0948 1.0946 1.0943 1.094 1.0938 1.0935 1.0933 1.0932 1.093 1.0929 1.0929 1.0929 1.093 1.0931 1.0932 1.0933 1.0934 1.0935 1.0935 1.0936 1.0936 1.0938 1.094 1.0942 1.0946 1.095 1.0951 1.095 1.0951 1.0956 1.0961 1.0967 1.0972 1.0975 1.097 1.0966 1.097 1.0977 1.0983 1.0985 1.0986 1.099 1.0994 1.0999 1.1006 1.1013 1.1018 1.1023 1.1027 1.1029 1.1032 1.1029 1.1025 1.103 1.1054 1.1079 1.1087 1.1092 1.1102 1.1121 1.114 1.112 1.1094 1.112 1.1132 1.1141 1.115 1.1159 1.1168 1.1176 1.1183 1.1191 1.1197 1.1204 1.1207 1.1211 1.1215 1.1218 1.1225 1.1234 1.1258 1.1294 1.1347 1.1425 1.157 1.1979 
118 1.096 1.0959 1.0959 1.0959 1.0958 1.0957 1.0956 1.0956 1.0954 1.0953 1.0951 1.095 1.0948 1.0946 1.0943 1.0941 1.0939 1.0936 1.0934 1.0931 1.093 1.0929 1.0928 1.0927 1.0926 1.0927 1.0928 1.0929 1.0931 1.0933 1.0933 1.0932 1.0932 1.0934 1.0936 1.0937 1.0938 1.094 1.0943 1.0947 1.0948 1.0947 1.0948 1.0953 1.0959 1.0965 1.0971 1.0974 1.0966 1.0958 1.0963 1.0974 1.0982 1.0982 1.0983 1.0986 1.0988 1.0993 1.1 1.1008 1.1015 1.1022 1.1027 1.1026 1.1025 1.1029 1.1034 1.1043 1.1058 1.1073 1.1081 1.1089 1.1102 1.1126 1.115 1.1118 1.1079 1.1112 1.1126 1.1136 1.1146 1.1155 1.1164 1.1173 1.1183 1.1192 1.1198 1.1204 1.1207 1.1211 1.1214 1.1218 1.1224 1.1233 1.1256 1.1292 1.1343 1.142 1.1565 1.1972 
118.5 1.0956 1.0956 1.0955 1.0955 1.0954 1.0954 1.0953 1.0952 1.0951 1.0949 1.0948 1.0946 1.0944 1.0942 1.094 1.0938 1.0935 1.0933 1.0931 1.0929 1.0928 1.0927 1.0926 1.0925 1.0925 1.0925 1.0927 1.0928 1.093 1.0932 1.0932 1.093 1.093 1.0933 1.0936 1.0937 1.0937 1.0937 1.0941 1.0945 1.0946 1.0946 1.0946 1.0951 1.0956 1.0963 1.097 1.0974 1.0963 1.0953 1.0959 1.0971 1.098 1.0981 1.0981 1.0983 1.0984 1.0988 1.0996 1.1004 1.1013 1.1021 1.1026 1.1023 1.102 1.1029 1.1041 1.1052 1.106 1.1068 1.1077 1.1086 1.1102 1.1129 1.1156 1.1117 1.1068 1.1107 1.1121 1.1132 1.1142 1.1152 1.1162 1.1171 1.1182 1.1192 1.1197 1.1202 1.1206 1.121 1.1214 1.1217 1.1223 1.1231 1.1253 1.1289 1.134 1.1416 1.156 1.1966 
119 1.0957 1.0956 1.0956 1.0956 1.0955 1.0954 1.0953 1.0953 1.0951 1.095 1.0949 1.0947 1.0945 1.0943 1.0941 1.0939 1.0936 1.0934 1.0931 1.0929 1.0928 1.0927 1.0926 1.0926 1.0926 1.0926 1.0926 1.0927 1.0929 1.0932 1.0932 1.093 1.0929 1.0933 1.0936 1.0937 1.0936 1.0937 1.094 1.0944 1.0945 1.0946 1.0947 1.0951 1.0955 1.0961 1.0967 1.0971 1.0965 1.0959 1.0963 1.0971 1.0977 1.0981 1.0984 1.0986 1.0987 1.0991 1.1 1.1009 1.1015 1.1019 1.1022 1.1022 1.1022 1.103 1.104 1.1049 1.1057 1.1066 1.1075 1.1085 1.11 1.1123 1.1146 1.1115 1.1077 1.1107 1.112 1.1131 1.1141 1.1152 1.1161 1.1171 1.1181 1.1191 1.1194 1.1197 1.1202 1.1207 1.1211 1.1215 1.1221 1.1229 1.1251 1.1286 1.1336 1.1412 1.1554 1.1958 
119.5 1.0957 1.0957 1.0957 1.0956 1.0956 1.0955 1.0954 1.0953 1.0952 1.0951 1.0949 1.0948 1.0946 1.0944 1.0942 1.0939 1.0937 1.0934 1.0932 1.093 1.0929 1.0928 1.0927 1.0927 1.0928 1.0927 1.0926 1.0926 1.0928 1.0931 1.0931 1.093 1.0929 1.0933 1.0936 1.0937 1.0936 1.0936 1.0939 1.0943 1.0945 1.0946 1.0948 1.0951 1.0954 1.0959 1.0965 1.0968 1.0967 1.0965 1.0967 1.0971 1.0975 1.0981 1.0987 1.0989 1.099 1.0993 1.1004 1.1014 1.1017 1.1017 1.1018 1.1021 1.1024 1.1031 1.1038 1.1047 1.1055 1.1063 1.1074 1.1085 1.1098 1.1117 1.1136 1.1113 1.1085 1.1106 1.1119 1.113 1.1141 1.1151 1.1161 1.117 1.118 1.119 1.1191 1.1192 1.1197 1.1203 1.1209 1.1213 1.1219 1.1227 1.1249 1.1283 1.1333 1.1407 1.1548 1.195 
120 1.0958 1.0958 1.0957 1.0957 1.0956 1.0956 1.0955 1.0954 1.0953 1.0952 1.095 1.0948 1.0947 1.0945 1.0943 1.094 1.0938 1.0935 1.0933 1.0931 1.0929 1.0928 1.0928 1.0928 1.0929 1.0928 1.0926 1.0924 1.0927 1.093 1.093 1.0929 1.0929 1.0933 1.0936 1.0937 1.0935 1.0935 1.0938 1.0942 1.0944 1.0947 1.0949 1.0951 1.0953 1.0957 1.0962 1.0966 1.0969 1.0972 1.0972 1.0971 1.0972 1.0981 1.099 1.0992 1.0992 1.0996 1.1008 1.1019 1.1018 1.1015 1.1014 1.102 1.1025 1.1031 1.1037 1.1044 1.1052 1.1061 1.1072 1.1084 1.1097 1.1111 1.1125 1.1111 1.1094 1.1106 1.1118 1.1129 1.114 1.1151 1.116 1.1169 1.1179 1.1188 1.1188 1.1187 1.1193 1.1199 1.1206 1.121 1.1217 1.1226 1.1247 1.1281 1.1329 1.1403 1.1543 1.1942 
120.5 1.0958 1.0957 1.0957 1.0957 1.0956 1.0956 1.0955 1.0954 1.0953 1.0951 1.095 1.0948 1.0947 1.0945 1.0942 1.094 1.0938 1.0935 1.0933 1.0931 1.0929 1.0928 1.0928 1.0928 1.0929 1.0928 1.0926 1.0925 1.0927 1.0929 1.093 1.093 1.093 1.0933 1.0936 1.0936 1.0935 1.0935 1.0938 1.0941 1.0944 1.0947 1.0949 1.0951 1.0952 1.0956 1.0959 1.0963 1.0969 1.0974 1.0973 1.097 1.0971 1.0981 1.0991 1.0994 1.0994 1.0998 1.1009 1.1019 1.1018 1.1013 1.1012 1.102 1.1028 1.1033 1.1037 1.1042 1.105 1.1059 1.107 1.1083 1.1094 1.1106 1.1117 1.111 1.11 1.1109 1.112 1.1131 1.1141 1.115 1.116 1.1169 1.1177 1.1184 1.1184 1.1183 1.119 1.1196 1.1204 1.1208 1.1215 1.1224 1.1245 1.1279 1.1328 1.1402 1.1542 1.1941 
121 1.0956 1.0956 1.0956 1.0955 1.0955 1.0954 1.0953 1.0953 1.0951 1.095 1.0949 1.0947 1.0945 1.0943 1.0941 1.0939 1.0937 1.0934 1.0932 1.093 1.0929 1.0928 1.0927 1.0928 1.0928 1.0928 1.0927 1.0926 1.0928 1.0929 1.093 1.093 1.0931 1.0933 1.0935 1.0936 1.0935 1.0936 1.0938 1.094 1.0943 1.0946 1.0949 1.0951 1.0953 1.0955 1.0957 1.0961 1.0967 1.0973 1.0972 1.097 1.0971 1.098 1.0989 1.0993 1.0995 1.0999 1.1006 1.1014 1.1014 1.1012 1.1014 1.1023 1.1031 1.1034 1.1036 1.1041 1.1049 1.1058 1.1069 1.108 1.1091 1.1101 1.1111 1.1109 1.1105 1.1114 1.1125 1.1136 1.1143 1.1151 1.116 1.117 1.1173 1.1176 1.1179 1.1181 1.1188 1.1195 1.1201 1.1205 1.1213 1.1222 1.1245 1.128 1.133 1.1405 1.1547 1.1948 
121.5 1.0955 1.0955 1.0955 1.0954 1.0954 1.0953 1.0952 1.0951 1.095 1.0949 1.0947 1.0946 1.0944 1.0942 1.094 1.0938 1.0936 1.0933 1.0931 1.0929 1.0928 1.0927 1.0926 1.0927 1.0927 1.0927 1.0928 1.0928 1.0928 1.0929 1.093 1.0931 1.0933 1.0933 1.0934 1.0935 1.0936 1.0937 1.0938 1.094 1.0942 1.0945 1.0948 1.0951 1.0953 1.0955 1.0956 1.0958 1.0965 1.0971 1.0972 1.097 1.097 1.0979 1.0988 1.0993 1.0997 1.1 1.1004 1.1008 1.101 1.1012 1.1016 1.1025 1.1034 1.1036 1.1036 1.1039 1.1048 1.1057 1.1067 1.1078 1.1088 1.1097 1.1105 1.1108 1.111 1.1119 1.113 1.1141 1.1146 1.1151 1.116 1.117 1.1169 1.1168 1.1173 1.1179 1.1186 1.1194 1.1199 1.1202 1.121 1.122 1.1244 1.128 1.1332 1.1408 1.1552 1.1955 
122 1.0954 1.0954 1.0953 1.0953 1.0952 1.0952 1.0951 1.095 1.0949 1.0948 1.0946 1.0945 1.0943 1.0941 1.0939 1.0937 1.0935 1.0933 1.0931 1.0929 1.0927 1.0927 1.0926 1.0926 1.0926 1.0927 1.0929 1.093 1.0929 1.0928 1.0929 1.0932 1.0934 1.0934 1.0933 1.0934 1.0936 1.0937 1.0938 1.0939 1.0941 1.0945 1.0948 1.095 1.0953 1.0954 1.0954 1.0956 1.0963 1.097 1.0971 1.0969 1.097 1.0978 1.0986 1.0992 1.0998 1.1002 1.1002 1.1002 1.1006 1.1011 1.1017 1.1028 1.1038 1.1038 1.1036 1.1038 1.1047 1.1055 1.1066 1.1076 1.1085 1.1092 1.1099 1.1107 1.1115 1.1125 1.1135 1.1146 1.1148 1.1151 1.116 1.117 1.1166 1.116 1.1168 1.1176 1.1185 1.1193 1.1196 1.1199 1.1207 1.1219 1.1244 1.1281 1.1334 1.1411 1.1557 1.1963 
122.5 1.0953 1.0953 1.0953 1.0952 1.0952 1.0951 1.095 1.0949 1.0948 1.0947 1.0946 1.0944 1.0942 1.094 1.0938 1.0936 1.0934 1.0932 1.093 1.0928 1.0927 1.0926 1.0925 1.0925 1.0925 1.0926 1.0929 1.093 1.0929 1.0927 1.0928 1.0931 1.0934 1.0933 1.0933 1.0934 1.0935 1.0937 1.0937 1.0938 1.094 1.0944 1.0947 1.0949 1.0952 1.0953 1.0952 1.0954 1.096 1.0967 1.0968 1.0967 1.0968 1.0975 1.0982 1.0989 1.0995 1.1 1.1 1.1 1.1005 1.1011 1.1019 1.103 1.104 1.104 1.1037 1.1038 1.1048 1.1059 1.1062 1.1064 1.107 1.1083 1.1096 1.1106 1.1115 1.1124 1.1134 1.1144 1.1147 1.1149 1.1158 1.1168 1.1165 1.1162 1.1168 1.1175 1.1183 1.1192 1.1195 1.1198 1.1205 1.1217 1.1242 1.1279 1.1332 1.1411 1.1557 1.1965 
123 1.0953 1.0953 1.0952 1.0952 1.0952 1.0951 1.095 1.0949 1.0948 1.0947 1.0945 1.0944 1.0942 1.094 1.0938 1.0936 1.0934 1.0931 1.0929 1.0927 1.0926 1.0925 1.0924 1.0924 1.0924 1.0926 1.0928 1.093 1.0928 1.0926 1.0927 1.0931 1.0933 1.0933 1.0932 1.0933 1.0934 1.0936 1.0936 1.0937 1.0939 1.0942 1.0945 1.0948 1.0951 1.0951 1.0951 1.0952 1.0957 1.0962 1.0964 1.0964 1.0965 1.0972 1.0978 1.0985 1.0991 1.0997 1.0998 1.1 1.1006 1.1013 1.1021 1.1031 1.1042 1.1041 1.1038 1.104 1.1052 1.1064 1.1057 1.1048 1.1049 1.1071 1.1093 1.1104 1.1113 1.1121 1.113 1.1139 1.1143 1.1146 1.1155 1.1164 1.1166 1.1167 1.117 1.1174 1.1182 1.1191 1.1193 1.1196 1.1204 1.1215 1.1239 1.1276 1.1329 1.1408 1.1555 1.1964 
123.5 1.0953 1.0953 1.0952 1.0952 1.0951 1.0951 1.095 1.0949 1.0948 1.0946 1.0945 1.0943 1.0942 1.094 1.0937 1.0935 1.0933 1.0931 1.0929 1.0926 1.0925 1.0924 1.0924 1.0923 1.0923 1.0925 1.0928 1.093 1.0927 1.0924 1.0926 1.093 1.0933 1.0932 1.0931 1.0932 1.0933 1.0934 1.0935 1.0936 1.0938 1.0941 1.0944 1.0947 1.0949 1.095 1.0949 1.095 1.0954 1.0958 1.096 1.096 1.0963 1.0968 1.0974 1.0981 1.0987 1.0993 1.0996 1.0999 1.1006 1.1014 1.1023 1.1033 1.1044 1.1043 1.1039 1.1041 1.1055 1.1069 1.1053 1.1031 1.1029 1.106 1.109 1.1102 1.111 1.1118 1.1126 1.1134 1.1139 1.1143 1.1152 1.116 1.1167 1.1173 1.1173 1.1173 1.1181 1.119 1.1192 1.1195 1.1203 1.1213 1.1236 1.1273 1.1327 1.1406 1.1554 1.1963 
124 1.0953 1.0952 1.0952 1.0951 1.0951 1.095 1.0949 1.0949 1.0947 1.0946 1.0945 1.0943 1.0941 1.0939 1.0937 1.0935 1.0932 1.093 1.0928 1.0926 1.0924 1.0923 1.0923 1.0923 1.0923 1.0925 1.0927 1.0929 1.0926 1.0923 1.0924 1.0929 1.0932 1.0931 1.0931 1.0931 1.0932 1.0933 1.0934 1.0935 1.0937 1.094 1.0943 1.0945 1.0948 1.0948 1.0948 1.0948 1.0951 1.0954 1.0956 1.0957 1.096 1.0965 1.097 1.0976 1.0984 1.099 1.0994 1.0999 1.1006 1.1015 1.1024 1.1035 1.1046 1.1044 1.104 1.1043 1.1058 1.1074 1.1048 1.1015 1.1008 1.1048 1.1088 1.11 1.1107 1.1114 1.1121 1.1129 1.1135 1.114 1.1149 1.1157 1.1167 1.1178 1.1175 1.1172 1.118 1.1189 1.1191 1.1194 1.1201 1.1211 1.1234 1.1271 1.1324 1.1403 1.1552 1.1962 
124.5 1.095 1.095 1.0949 1.0949 1.0948 1.0948 1.0947 1.0946 1.0945 1.0943 1.0942 1.094 1.0938 1.0936 1.0934 1.0932 1.093 1.0927 1.0925 1.0924 1.0922 1.0921 1.0921 1.0921 1.0921 1.0922 1.0924 1.0926 1.0924 1.0922 1.0924 1.0928 1.0931 1.093 1.093 1.0929 1.0929 1.0929 1.0931 1.0932 1.0935 1.0938 1.0941 1.0943 1.0945 1.0946 1.0947 1.0948 1.0951 1.0954 1.0955 1.0956 1.0958 1.0963 1.0969 1.0976 1.0983 1.0989 1.0993 1.0997 1.1004 1.1011 1.1019 1.1029 1.1039 1.1041 1.104 1.1043 1.1052 1.1061 1.1044 1.1023 1.1021 1.1056 1.109 1.1098 1.1101 1.1112 1.1115 1.1118 1.1127 1.1136 1.1144 1.1153 1.1163 1.1173 1.1171 1.1168 1.1177 1.1185 1.1188 1.1191 1.1198 1.1208 1.1231 1.1267 1.132 1.1398 1.1545 1.1953 
125 1.0947 1.0947 1.0947 1.0946 1.0946 1.0945 1.0944 1.0943 1.0942 1.0941 1.0939 1.0937 1.0935 1.0933 1.0931 1.0929 1.0927 1.0925 1.0923 1.0921 1.092 1.0919 1.0919 1.0918 1.0918 1.0919 1.092 1.0922 1.0922 1.0922 1.0924 1.0927 1.093 1.0929 1.0929 1.0927 1.0925 1.0924 1.0927 1.0929 1.0932 1.0936 1.0939 1.0941 1.0943 1.0945 1.0947 1.0949 1.0952 1.0954 1.0955 1.0955 1.0956 1.0962 1.0969 1.0975 1.0982 1.0988 1.0991 1.0995 1.1 1.1006 1.1013 1.1023 1.1032 1.1037 1.1041 1.1044 1.1046 1.1047 1.1041 1.1032 1.1037 1.1066 1.1094 1.1096 1.1094 1.1109 1.1109 1.1107 1.1118 1.1132 1.114 1.1148 1.1158 1.1167 1.1166 1.1165 1.1173 1.1182 1.1185 1.1187 1.1194 1.1205 1.1228 1.1264 1.1316 1.1393 1.1538 1.1943 
125.5 1.0945 1.0945 1.0944 1.0944 1.0943 1.0942 1.0941 1.094 1.0939 1.0938 1.0936 1.0934 1.0932 1.093 1.0928 1.0926 1.0924 1.0922 1.092 1.0919 1.0918 1.0917 1.0917 1.0916 1.0916 1.0916 1.0917 1.0917 1.0919 1.0921 1.0924 1.0927 1.0929 1.0929 1.0928 1.0925 1.0922 1.092 1.0923 1.0926 1.0929 1.0933 1.0937 1.0938 1.094 1.0943 1.0946 1.0949 1.0952 1.0954 1.0955 1.0954 1.0955 1.0961 1.0968 1.0975 1.0981 1.0987 1.099 1.0993 1.0997 1.1002 1.1008 1.1016 1.1024 1.1033 1.1041 1.1044 1.1039 1.1033 1.1037 1.1042 1.1053 1.1075 1.1097 1.1094 1.1088 1.1107 1.1103 1.1096 1.111 1.1127 1.1136 1.1144 1.1153 1.1162 1.1162 1.1161 1.1169 1.1178 1.1181 1.1184 1.1191 1.1202 1.1225 1.1261 1.1311 1.1387 1.1531 1.1934 
126 1.0942 1.0942 1.0942 1.0941 1.0941 1.094 1.0939 1.0938 1.0936 1.0935 1.0933 1.0932 1.093 1.0928 1.0926 1.0924 1.0921 1.0919 1.0918 1.0917 1.0916 1.0915 1.0915 1.0914 1.0913 1.0913 1.0913 1.0914 1.0917 1.092 1.0923 1.0926 1.0928 1.0927 1.0927 1.0923 1.0919 1.0916 1.0919 1.0923 1.0927 1.0931 1.0935 1.0936 1.0937 1.0941 1.0945 1.095 1.0952 1.0955 1.0954 1.0952 1.0953 1.096 1.0967 1.0974 1.0981 1.0986 1.0988 1.0991 1.0994 1.0997 1.1002 1.1009 1.1017 1.1028 1.104 1.1044 1.1033 1.1022 1.1034 1.105 1.1067 1.1083 1.1098 1.1092 1.1082 1.1105 1.1098 1.1087 1.1104 1.1123 1.1132 1.114 1.1148 1.1156 1.1157 1.1157 1.1166 1.1175 1.1178 1.118 1.1187 1.1199 1.1222 1.1257 1.1308 1.1383 1.1525 1.1926 
126.5 1.0941 1.0941 1.094 1.0939 1.0939 1.0938 1.0937 1.0936 1.0935 1.0933 1.0932 1.093 1.0928 1.0926 1.0924 1.0922 1.092 1.0918 1.0916 1.0915 1.0914 1.0914 1.0913 1.0913 1.0912 1.0912 1.0913 1.0914 1.0916 1.0918 1.092 1.0921 1.0922 1.0923 1.0923 1.0921 1.0918 1.0916 1.0918 1.092 1.0924 1.0929 1.0932 1.0932 1.0932 1.0937 1.0943 1.0948 1.0951 1.0954 1.0953 1.0949 1.0949 1.0957 1.0965 1.0974 1.0983 1.0989 1.0987 1.0986 1.0987 1.099 1.0994 1.1002 1.1011 1.1021 1.1031 1.1036 1.1031 1.1026 1.1036 1.1049 1.1063 1.1077 1.109 1.1088 1.1084 1.1102 1.1099 1.1093 1.1107 1.1123 1.1132 1.114 1.1148 1.1155 1.1154 1.1152 1.1161 1.1171 1.1175 1.1178 1.1185 1.1197 1.122 1.1255 1.1306 1.1382 1.1526 1.1929 
127 1.0939 1.0939 1.0938 1.0938 1.0937 1.0937 1.0936 1.0935 1.0933 1.0932 1.093 1.0929 1.0927 1.0925 1.0923 1.0921 1.0919 1.0917 1.0915 1.0914 1.0913 1.0912 1.0912 1.0911 1.0911 1.0911 1.0913 1.0914 1.0915 1.0917 1.0917 1.0917 1.0917 1.0918 1.092 1.0919 1.0918 1.0917 1.0917 1.0918 1.0922 1.0926 1.093 1.0928 1.0927 1.0932 1.094 1.0947 1.095 1.0954 1.0951 1.0946 1.0945 1.0954 1.0963 1.0974 1.0985 1.0992 1.0986 1.0981 1.0981 1.0983 1.0986 1.0995 1.1004 1.1013 1.1022 1.1029 1.1029 1.103 1.1038 1.1048 1.1059 1.1071 1.1082 1.1085 1.1086 1.11 1.11 1.1099 1.111 1.1122 1.1131 1.114 1.1147 1.1154 1.115 1.1146 1.1156 1.1167 1.1172 1.1176 1.1182 1.1195 1.1217 1.1252 1.1304 1.1381 1.1526 1.1932 
127.5 1.0938 1.0937 1.0937 1.0936 1.0936 1.0935 1.0934 1.0933 1.0932 1.0931 1.0929 1.0927 1.0925 1.0923 1.0921 1.0919 1.0917 1.0915 1.0914 1.0912 1.0911 1.0911 1.091 1.091 1.0909 1.091 1.0912 1.0914 1.0915 1.0915 1.0914 1.0912 1.0911 1.0914 1.0916 1.0917 1.0917 1.0917 1.0917 1.0916 1.0919 1.0924 1.0927 1.0925 1.0922 1.0928 1.0937 1.0946 1.0949 1.0953 1.095 1.0943 1.0941 1.0951 1.096 1.0973 1.0987 1.0995 1.0985 1.0976 1.0975 1.0975 1.0979 1.0988 1.0997 1.1006 1.1014 1.1021 1.1027 1.1034 1.104 1.1047 1.1055 1.1065 1.1074 1.1081 1.1087 1.1098 1.1102 1.1105 1.1113 1.1121 1.113 1.114 1.1146 1.1152 1.1147 1.1141 1.1152 1.1163 1.117 1.1174 1.118 1.1192 1.1214 1.125 1.1302 1.138 1.1527 1.1935 
128 1.0936 1.0935 1.0935 1.0934 1.0934 1.0933 1.0932 1.0931 1.093 1.0929 1.0927 1.0926 1.0924 1.0922 1.092 1.0918 1.0916 1.0914 1.0912 1.091 1.0909 1.0909 1.0908 1.0908 1.0907 1.0909 1.0911 1.0912 1.0912 1.0912 1.091 1.0908 1.0907 1.091 1.0913 1.0915 1.0916 1.0917 1.0916 1.0914 1.0917 1.0922 1.0925 1.0922 1.0919 1.0925 1.0935 1.0943 1.0947 1.0952 1.0948 1.0942 1.0939 1.0948 1.0957 1.097 1.0984 1.0991 1.0982 1.0973 1.0972 1.0973 1.0977 1.099 1.1003 1.1007 1.1009 1.1014 1.1024 1.1035 1.1041 1.1045 1.1052 1.106 1.1069 1.1078 1.1088 1.1095 1.1102 1.1107 1.1114 1.112 1.1129 1.1138 1.1144 1.115 1.1144 1.1137 1.1148 1.116 1.1167 1.1171 1.1177 1.119 1.1212 1.1248 1.1301 1.1381 1.1529 1.1937 
128.5 1.0933 1.0933 1.0933 1.0932 1.0932 1.0931 1.093 1.0929 1.0928 1.0926 1.0925 1.0923 1.0921 1.0919 1.0917 1.0915 1.0913 1.0911 1.0909 1.0908 1.0907 1.0906 1.0906 1.0906 1.0906 1.0906 1.0906 1.0907 1.0907 1.0906 1.0906 1.0906 1.0906 1.0908 1.091 1.0912 1.0914 1.0916 1.0914 1.0913 1.0916 1.0921 1.0924 1.0922 1.0921 1.0925 1.0932 1.0938 1.0943 1.0947 1.0946 1.0942 1.0941 1.0946 1.0951 1.096 1.0969 1.0976 1.0974 1.0973 1.0975 1.0979 1.0987 1.1008 1.1029 1.1023 1.1012 1.1008 1.102 1.1032 1.1038 1.1043 1.105 1.1059 1.1068 1.1077 1.1086 1.1093 1.1099 1.1104 1.111 1.1117 1.1126 1.1135 1.1141 1.1147 1.1142 1.1137 1.1146 1.1156 1.1163 1.1168 1.1175 1.1188 1.1211 1.1248 1.1303 1.1384 1.1533 1.1937 
129 1.0931 1.0931 1.093 1.093 1.0929 1.0928 1.0928 1.0927 1.0925 1.0924 1.0923 1.0921 1.0919 1.0917 1.0915 1.0913 1.0911 1.0909 1.0907 1.0905 1.0904 1.0904 1.0903 1.0904 1.0904 1.0903 1.0902 1.0901 1.0901 1.0901 1.0902 1.0903 1.0904 1.0906 1.0907 1.0909 1.0912 1.0915 1.0913 1.0912 1.0915 1.0919 1.0923 1.0922 1.0922 1.0925 1.0929 1.0933 1.0938 1.0943 1.0943 1.0942 1.0942 1.0944 1.0945 1.095 1.0955 1.0961 1.0967 1.0973 1.0978 1.0984 1.0997 1.1026 1.1055 1.104 1.1015 1.1003 1.1016 1.1028 1.1035 1.1041 1.1048 1.1057 1.1067 1.1075 1.1084 1.1091 1.1096 1.11 1.1107 1.1114 1.1123 1.1132 1.1138 1.1144 1.114 1.1136 1.1144 1.1153 1.1159 1.1164 1.1172 1.1187 1.121 1.1249 1.1305 1.1387 1.1536 1.1937 
129.5 1.0929 1.0928 1.0928 1.0927 1.0927 1.0926 1.0925 1.0924 1.0923 1.0922 1.092 1.0919 1.0917 1.0915 1.0913 1.0911 1.0909 1.0906 1.0904 1.0902 1.0901 1.0901 1.0901 1.0901 1.0902 1.0901 1.0898 1.0896 1.0896 1.0896 1.0897 1.09 1.0903 1.0903 1.0904 1.0907 1.091 1.0913 1.0912 1.0911 1.0913 1.0918 1.0921 1.0923 1.0924 1.0925 1.0926 1.0928 1.0933 1.0938 1.0941 1.0943 1.0944 1.0941 1.0939 1.094 1.0941 1.0945 1.0959 1.0972 1.0982 1.099 1.1007 1.1044 1.1081 1.1056 1.1018 1.0997 1.1011 1.1025 1.1032 1.1038 1.1046 1.1056 1.1066 1.1074 1.1082 1.1088 1.1093 1.1096 1.1104 1.1112 1.112 1.1129 1.1135 1.1141 1.1138 1.1135 1.1142 1.115 1.1155 1.1161 1.117 1.1185 1.1209 1.1249 1.1308 1.139 1.154 1.1938 
130 1.0927 1.0927 1.0926 1.0926 1.0925 1.0925 1.0924 1.0923 1.0921 1.092 1.0919 1.0917 1.0915 1.0913 1.0911 1.0909 1.0906 1.0904 1.0902 1.09 1.0899 1.0898 1.0898 1.0899 1.09 1.0898 1.0895 1.0892 1.0892 1.0893 1.0895 1.0898 1.0901 1.0901 1.0901 1.0904 1.0908 1.0911 1.0911 1.0911 1.0913 1.0916 1.0919 1.0921 1.0924 1.0925 1.0925 1.0927 1.0932 1.0937 1.0941 1.0944 1.0945 1.094 1.0935 1.0935 1.0935 1.094 1.0955 1.097 1.098 1.099 1.1007 1.1041 1.1075 1.1052 1.1016 1.0996 1.1009 1.1022 1.103 1.1036 1.1043 1.1053 1.1062 1.107 1.1078 1.1085 1.109 1.1094 1.1101 1.1109 1.1117 1.1125 1.1132 1.1138 1.1137 1.1136 1.1142 1.1149 1.1153 1.1159 1.1169 1.1185 1.121 1.1251 1.1311 1.1395 1.1545 1.1939 
130.5 1.0926 1.0926 1.0925 1.0925 1.0924 1.0924 1.0923 1.0922 1.092 1.0919 1.0917 1.0916 1.0914 1.0912 1.0909 1.0907 1.0905 1.0902 1.09 1.0897 1.0896 1.0896 1.0896 1.0897 1.0898 1.0896 1.0893 1.089 1.0891 1.0892 1.0894 1.0898 1.09 1.09 1.0899 1.0902 1.0906 1.0909 1.091 1.0911 1.0912 1.0914 1.0915 1.0919 1.0922 1.0924 1.0926 1.0928 1.0932 1.0937 1.0941 1.0946 1.0947 1.094 1.0933 1.0933 1.0935 1.0941 1.0954 1.0967 1.0976 1.0985 1.0999 1.1023 1.1048 1.1033 1.1011 1.1 1.101 1.102 1.1027 1.1033 1.1041 1.1049 1.1057 1.1065 1.1073 1.1081 1.1087 1.1092 1.1099 1.1106 1.1113 1.1121 1.1128 1.1135 1.1136 1.1137 1.1143 1.1149 1.1153 1.1159 1.1168 1.1185 1.1212 1.1254 1.1315 1.14 1.1553 1.1941 
131 1.0925 1.0925 1.0924 1.0924 1.0923 1.0923 1.0922 1.0921 1.0919 1.0918 1.0916 1.0914 1.0912 1.091 1.0908 1.0905 1.0903 1.09 1.0898 1.0895 1.0894 1.0894 1.0893 1.0894 1.0895 1.0894 1.0891 1.0888 1.0889 1.089 1.0893 1.0897 1.0899 1.0898 1.0897 1.0899 1.0903 1.0907 1.0909 1.0912 1.0912 1.0912 1.0912 1.0916 1.092 1.0923 1.0926 1.0929 1.0933 1.0937 1.0942 1.0948 1.0949 1.094 1.093 1.0931 1.0936 1.0942 1.0952 1.0963 1.0972 1.0981 1.0991 1.1006 1.102 1.1015 1.1006 1.1003 1.101 1.1017 1.1024 1.1031 1.1038 1.1045 1.1051 1.106 1.1068 1.1077 1.1084 1.1091 1.1097 1.1104 1.111 1.1116 1.1123 1.1131 1.1135 1.1139 1.1144 1.115 1.1154 1.1159 1.1168 1.1186 1.1214 1.1257 1.1318 1.1405 1.156 1.1942 
131.5 1.0924 1.0924 1.0924 1.0923 1.0922 1.0922 1.0921 1.092 1.0918 1.0917 1.0915 1.0913 1.0911 1.0909 1.0906 1.0904 1.0901 1.0898 1.0895 1.0893 1.0891 1.0891 1.0891 1.0892 1.0893 1.0892 1.0889 1.0886 1.0888 1.0889 1.0892 1.0896 1.0898 1.0896 1.0895 1.0897 1.09 1.0904 1.0908 1.0912 1.0912 1.091 1.0909 1.0914 1.0918 1.0923 1.0927 1.0931 1.0934 1.0937 1.0943 1.095 1.0951 1.094 1.0928 1.093 1.0936 1.0943 1.0951 1.096 1.0968 1.0976 1.0984 1.0988 1.0992 1.0997 1.1001 1.1006 1.101 1.1014 1.1021 1.1029 1.1035 1.1041 1.1046 1.1054 1.1063 1.1073 1.1081 1.1089 1.1095 1.1101 1.1106 1.1111 1.1119 1.1128 1.1134 1.114 1.1145 1.115 1.1154 1.1159 1.1168 1.1187 1.1217 1.1261 1.1322 1.1411 1.1567 1.1944 
132 1.0923 1.0922 1.0922 1.0921 1.0921 1.092 1.0919 1.0918 1.0917 1.0915 1.0913 1.0911 1.0909 1.0907 1.0905 1.0902 1.0899 1.0897 1.0894 1.0891 1.089 1.0889 1.0889 1.089 1.0891 1.089 1.0888 1.0886 1.0887 1.0889 1.0891 1.0893 1.0895 1.0894 1.0893 1.0895 1.0899 1.0902 1.0905 1.0908 1.0908 1.0907 1.0908 1.0912 1.0916 1.0919 1.0922 1.0925 1.0929 1.0932 1.0938 1.0945 1.0948 1.0941 1.0933 1.0935 1.094 1.0945 1.0949 1.0953 1.0962 1.0971 1.0978 1.0982 1.0986 1.0991 1.0997 1.1002 1.1004 1.1007 1.1014 1.1022 1.1028 1.1032 1.1036 1.1044 1.1052 1.1061 1.1076 1.1091 1.1095 1.1099 1.1104 1.111 1.1117 1.1124 1.1131 1.1137 1.1141 1.1145 1.1151 1.1157 1.1167 1.1185 1.1216 1.126 1.1324 1.1414 1.1573 1.1944 
132.5 1.0921 1.092 1.092 1.0919 1.0919 1.0918 1.0917 1.0916 1.0915 1.0913 1.0912 1.091 1.0908 1.0906 1.0903 1.0901 1.0898 1.0895 1.0892 1.089 1.0888 1.0888 1.0887 1.0888 1.0889 1.0888 1.0886 1.0885 1.0887 1.0889 1.089 1.0891 1.0891 1.0891 1.0891 1.0894 1.0898 1.0901 1.0902 1.0903 1.0904 1.0905 1.0907 1.091 1.0914 1.0915 1.0916 1.0917 1.0922 1.0926 1.0932 1.0939 1.0943 1.0942 1.094 1.0942 1.0945 1.0947 1.0947 1.0947 1.0955 1.0964 1.0973 1.0979 1.0984 1.0989 1.0993 1.0996 1.0997 1.0999 1.1006 1.1014 1.102 1.1023 1.1025 1.1032 1.1039 1.1049 1.107 1.1093 1.1096 1.1096 1.1103 1.1109 1.1114 1.112 1.1127 1.1134 1.1137 1.1139 1.1147 1.1155 1.1165 1.1183 1.1214 1.1259 1.1324 1.1417 1.1578 1.1943 
133 1.0919 1.0918 1.0918 1.0917 1.0917 1.0916 1.0915 1.0914 1.0913 1.0912 1.091 1.0908 1.0906 1.0904 1.0902 1.0899 1.0897 1.0894 1.0891 1.0888 1.0887 1.0886 1.0885 1.0886 1.0887 1.0886 1.0885 1.0885 1.0887 1.0889 1.0889 1.0888 1.0888 1.0889 1.089 1.0893 1.0896 1.0899 1.0898 1.0897 1.0899 1.0903 1.0906 1.0909 1.0911 1.0911 1.091 1.091 1.0915 1.092 1.0926 1.0933 1.0939 1.0943 1.0948 1.0949 1.0949 1.0948 1.0944 1.094 1.0948 1.0958 1.0968 1.0975 1.0982 1.0986 1.0988 1.099 1.099 1.099 1.0998 1.1006 1.1012 1.1013 1.1014 1.102 1.1027 1.1036 1.1065 1.1096 1.1097 1.1094 1.1101 1.1109 1.1112 1.1115 1.1123 1.113 1.1132 1.1134 1.1144 1.1152 1.1163 1.118 1.1212 1.1258 1.1325 1.142 1.1583 1.1942 
133.5 1.0916 1.0916 1.0916 1.0915 1.0915 1.0914 1.0913 1.0912 1.0911 1.091 1.0908 1.0906 1.0905 1.0902 1.09 1.0898 1.0895 1.0892 1.0889 1.0886 1.0885 1.0884 1.0883 1.0884 1.0885 1.0884 1.0884 1.0884 1.0886 1.0889 1.0888 1.0886 1.0884 1.0886 1.0888 1.0891 1.0895 1.0897 1.0895 1.0892 1.0895 1.09 1.0905 1.0907 1.0909 1.0907 1.0904 1.0903 1.0909 1.0914 1.0921 1.0927 1.0934 1.0944 1.0954 1.0955 1.0953 1.095 1.0942 1.0934 1.0941 1.0952 1.0963 1.0971 1.098 1.0983 1.0984 1.0985 1.0984 1.0983 1.099 1.0999 1.1004 1.1005 1.1005 1.101 1.1015 1.1024 1.1059 1.1097 1.1096 1.1091 1.1099 1.1108 1.111 1.1111 1.1119 1.1127 1.1127 1.1128 1.114 1.1149 1.116 1.1178 1.121 1.1257 1.1326 1.1423 1.1588 1.1942 
134 1.0911 1.0911 1.0911 1.091 1.0909 1.0909 1.0908 1.0907 1.0906 1.0904 1.0903 1.0901 1.0899 1.0897 1.0895 1.0892 1.089 1.0887 1.0884 1.0882 1.0881 1.088 1.0879 1.088 1.0881 1.0881 1.0881 1.088 1.0882 1.0883 1.0883 1.0881 1.0879 1.0882 1.0884 1.0887 1.0891 1.0893 1.0889 1.0884 1.0887 1.0892 1.0896 1.0899 1.0903 1.0903 1.0902 1.0903 1.0909 1.0915 1.0921 1.0928 1.0933 1.0937 1.0941 1.0942 1.0943 1.0942 1.0939 1.0935 1.0943 1.0954 1.0963 1.0965 1.0967 1.0971 1.0976 1.098 1.0983 1.0986 1.0994 1.1004 1.1011 1.1016 1.1021 1.1019 1.1016 1.1024 1.105 1.1077 1.1081 1.1083 1.1092 1.11 1.1103 1.1105 1.1111 1.1118 1.112 1.1121 1.1134 1.1144 1.1156 1.1176 1.121 1.1259 1.1329 1.1427 1.1592 1.194 
134.5 1.0906 1.0906 1.0905 1.0905 1.0904 1.0903 1.0902 1.0901 1.09 1.0899 1.0897 1.0895 1.0893 1.0891 1.0889 1.0887 1.0884 1.0882 1.0879 1.0877 1.0876 1.0876 1.0876 1.0877 1.0878 1.0878 1.0877 1.0876 1.0877 1.0878 1.0877 1.0875 1.0875 1.0878 1.0881 1.0884 1.0887 1.0888 1.0882 1.0877 1.0878 1.0883 1.0888 1.0892 1.0896 1.0899 1.0901 1.0904 1.091 1.0915 1.0922 1.0928 1.0932 1.093 1.0928 1.0929 1.0932 1.0934 1.0935 1.0936 1.0945 1.0956 1.0963 1.0958 1.0954 1.0959 1.0967 1.0975 1.0981 1.0988 1.0998 1.1009 1.1019 1.1028 1.1038 1.1029 1.1017 1.1025 1.1041 1.1057 1.1066 1.1075 1.1084 1.1093 1.1096 1.1099 1.1104 1.1109 1.1112 1.1114 1.1128 1.1138 1.1152 1.1174 1.121 1.1261 1.1332 1.1431 1.1596 1.1938 
135 1.0901 1.0901 1.09 1.09 1.0899 1.0898 1.0897 1.0896 1.0895 1.0893 1.0892 1.089 1.0888 1.0886 1.0884 1.0881 1.0879 1.0876 1.0874 1.0873 1.0872 1.0872 1.0872 1.0873 1.0875 1.0875 1.0873 1.0872 1.0872 1.0872 1.0872 1.087 1.087 1.0873 1.0877 1.088 1.0883 1.0884 1.0876 1.0869 1.087 1.0875 1.088 1.0885 1.089 1.0895 1.0899 1.0904 1.091 1.0916 1.0922 1.0929 1.0931 1.0923 1.0915 1.0916 1.0921 1.0927 1.0932 1.0937 1.0947 1.0958 1.0962 1.0951 1.094 1.0948 1.0959 1.0969 1.098 1.0991 1.1002 1.1013 1.1026 1.104 1.1055 1.1039 1.1018 1.1026 1.1032 1.1037 1.1051 1.1067 1.1077 1.1086 1.1089 1.1092 1.1096 1.11 1.1104 1.1108 1.1122 1.1133 1.1147 1.1172 1.121 1.1263 1.1335 1.1435 1.16 1.1936 
135.5 1.0897 1.0897 1.0896 1.0896 1.0895 1.0894 1.0893 1.0892 1.0891 1.0889 1.0887 1.0886 1.0884 1.0881 1.0879 1.0877 1.0875 1.0872 1.0871 1.0869 1.0869 1.0869 1.0869 1.087 1.0872 1.0872 1.087 1.0868 1.0868 1.0868 1.0868 1.0867 1.0866 1.087 1.0874 1.0877 1.088 1.088 1.0872 1.0864 1.0865 1.0869 1.0874 1.088 1.0886 1.0891 1.0897 1.0902 1.0908 1.0914 1.092 1.0927 1.0928 1.0917 1.0905 1.0908 1.0914 1.0921 1.093 1.0938 1.0948 1.0959 1.0962 1.0947 1.0933 1.0941 1.0954 1.0966 1.0979 1.0993 1.1004 1.1015 1.1029 1.1045 1.1062 1.1043 1.1019 1.1027 1.1026 1.1023 1.104 1.106 1.107 1.108 1.1084 1.1088 1.1091 1.1094 1.1099 1.1104 1.1118 1.1129 1.1144 1.117 1.1211 1.1264 1.1338 1.1438 1.1604 1.1934 
136 1.0896 1.0896 1.0895 1.0895 1.0894 1.0893 1.0892 1.0891 1.089 1.0888 1.0887 1.0885 1.0883 1.0881 1.0879 1.0876 1.0874 1.0872 1.087 1.0869 1.0868 1.0867 1.0867 1.0868 1.0869 1.0868 1.0867 1.0865 1.0867 1.0869 1.0868 1.0866 1.0865 1.0869 1.0872 1.0875 1.0878 1.0879 1.0873 1.0866 1.0867 1.0871 1.0876 1.0881 1.0887 1.089 1.0892 1.0894 1.09 1.0905 1.0911 1.0917 1.092 1.0913 1.0906 1.0909 1.0916 1.0923 1.093 1.0938 1.0947 1.0956 1.0959 1.095 1.094 1.0947 1.0957 1.0968 1.0979 1.099 1.1 1.101 1.1021 1.1034 1.1047 1.1034 1.1019 1.1026 1.1026 1.1025 1.104 1.1057 1.1067 1.1076 1.1082 1.1088 1.1092 1.1096 1.1101 1.1106 1.1119 1.113 1.1145 1.1171 1.1212 1.1265 1.1339 1.144 1.1606 1.1932 
136.5 1.0895 1.0895 1.0894 1.0893 1.0893 1.0892 1.0891 1.089 1.0889 1.0887 1.0886 1.0884 1.0882 1.088 1.0878 1.0876 1.0873 1.0871 1.0869 1.0868 1.0867 1.0866 1.0866 1.0866 1.0866 1.0865 1.0864 1.0862 1.0866 1.0869 1.0868 1.0866 1.0864 1.0868 1.0871 1.0874 1.0877 1.0878 1.0873 1.0868 1.0869 1.0873 1.0877 1.0882 1.0887 1.0888 1.0886 1.0887 1.0892 1.0897 1.0902 1.0908 1.0912 1.0909 1.0907 1.0911 1.0918 1.0924 1.0931 1.0937 1.0945 1.0953 1.0957 1.0952 1.0948 1.0954 1.0961 1.097 1.0979 1.0988 1.0996 1.1004 1.1013 1.1022 1.1031 1.1026 1.1018 1.1025 1.1027 1.1027 1.104 1.1054 1.1064 1.1073 1.1081 1.1088 1.1093 1.1098 1.1103 1.1109 1.112 1.1131 1.1145 1.1172 1.1212 1.1266 1.134 1.1442 1.1608 1.193 
137 1.0894 1.0893 1.0893 1.0892 1.0892 1.0891 1.089 1.0889 1.0888 1.0886 1.0885 1.0883 1.0881 1.0879 1.0877 1.0875 1.0873 1.0871 1.0869 1.0867 1.0866 1.0865 1.0865 1.0864 1.0863 1.0862 1.086 1.0859 1.0864 1.0869 1.0868 1.0866 1.0864 1.0866 1.0869 1.0872 1.0875 1.0877 1.0873 1.0869 1.0871 1.0875 1.0879 1.0883 1.0888 1.0886 1.0881 1.0879 1.0884 1.0888 1.0893 1.0899 1.0903 1.0905 1.0907 1.0913 1.0919 1.0926 1.0931 1.0937 1.0943 1.095 1.0954 1.0955 1.0955 1.096 1.0965 1.0971 1.0979 1.0986 1.0992 1.0999 1.1005 1.101 1.1016 1.1017 1.1018 1.1025 1.1028 1.103 1.104 1.105 1.106 1.107 1.1079 1.1088 1.1094 1.11 1.1106 1.1111 1.1121 1.1131 1.1146 1.1172 1.1213 1.1267 1.1342 1.1444 1.161 1.1928 
137.5 1.0892 1.0892 1.0891 1.0891 1.089 1.0889 1.0888 1.0887 1.0886 1.0885 1.0883 1.0882 1.088 1.0878 1.0876 1.0873 1.0871 1.0869 1.0866 1.0864 1.0863 1.0863 1.0862 1.0861 1.0861 1.086 1.0858 1.0858 1.0862 1.0867 1.0867 1.0864 1.0862 1.0864 1.0867 1.087 1.0873 1.0875 1.0872 1.087 1.0871 1.0874 1.0878 1.0883 1.0888 1.0885 1.0879 1.0875 1.088 1.0885 1.089 1.0896 1.0901 1.0904 1.0907 1.0913 1.092 1.0926 1.093 1.0934 1.0941 1.0948 1.0954 1.0955 1.0956 1.0962 1.0969 1.0975 1.0979 1.0982 1.0988 1.0995 1.1 1.1003 1.1005 1.1011 1.1017 1.1024 1.1028 1.1031 1.104 1.105 1.1059 1.1069 1.1078 1.1087 1.1093 1.1099 1.1105 1.1112 1.1122 1.1132 1.1146 1.1173 1.1214 1.1269 1.1344 1.1446 1.1612 1.1929 
138 1.089 1.089 1.0889 1.0889 1.0888 1.0888 1.0887 1.0886 1.0884 1.0883 1.0881 1.088 1.0878 1.0876 1.0873 1.0871 1.0868 1.0866 1.0863 1.086 1.0859 1.0859 1.0858 1.0858 1.0858 1.0858 1.0857 1.0857 1.0861 1.0864 1.0864 1.0862 1.086 1.0862 1.0864 1.0867 1.087 1.0872 1.0871 1.0869 1.087 1.0872 1.0875 1.0882 1.0888 1.0885 1.0879 1.0875 1.0881 1.0886 1.0893 1.09 1.0905 1.0905 1.0906 1.0912 1.0921 1.0927 1.0928 1.0928 1.0938 1.0949 1.0957 1.0954 1.0952 1.0962 1.0974 1.0981 1.0979 1.0976 1.0983 1.0992 1.0998 1.0999 1.1 1.1007 1.1014 1.1022 1.1027 1.1033 1.1042 1.1051 1.1061 1.107 1.1078 1.1085 1.109 1.1096 1.1103 1.111 1.1121 1.1132 1.1147 1.1175 1.1216 1.1271 1.1346 1.1449 1.1616 1.1932 
138.5 1.0888 1.0888 1.0887 1.0887 1.0886 1.0886 1.0885 1.0884 1.0882 1.0881 1.0879 1.0878 1.0875 1.0873 1.0871 1.0868 1.0865 1.0862 1.0859 1.0857 1.0855 1.0854 1.0854 1.0855 1.0855 1.0856 1.0856 1.0856 1.0859 1.0861 1.0861 1.0859 1.0858 1.0859 1.0861 1.0863 1.0867 1.0869 1.0869 1.0869 1.0869 1.087 1.0873 1.088 1.0888 1.0885 1.0879 1.0876 1.0882 1.0888 1.0896 1.0903 1.0909 1.0907 1.0904 1.0912 1.0921 1.0927 1.0925 1.0923 1.0935 1.095 1.0959 1.0953 1.0947 1.0961 1.0978 1.0987 1.0979 1.097 1.0978 1.0989 1.0996 1.0995 1.0995 1.1002 1.1011 1.102 1.1027 1.1034 1.1043 1.1052 1.1062 1.1071 1.1077 1.1083 1.1088 1.1092 1.11 1.1109 1.1121 1.1132 1.1148 1.1176 1.1218 1.1272 1.1348 1.1452 1.162 1.1935 
139 1.0886 1.0886 1.0886 1.0885 1.0884 1.0884 1.0883 1.0882 1.088 1.0879 1.0877 1.0875 1.0873 1.0871 1.0868 1.0866 1.0863 1.0859 1.0856 1.0853 1.0851 1.085 1.085 1.0851 1.0853 1.0854 1.0855 1.0856 1.0857 1.0858 1.0858 1.0856 1.0855 1.0856 1.0857 1.086 1.0863 1.0866 1.0867 1.0868 1.0868 1.0868 1.087 1.0879 1.0888 1.0886 1.0879 1.0876 1.0883 1.089 1.0898 1.0907 1.0912 1.0908 1.0903 1.0911 1.0922 1.0928 1.0922 1.0917 1.0931 1.0951 1.0961 1.0952 1.0943 1.096 1.0982 1.0992 1.0979 1.0965 1.0974 1.0987 1.0994 1.0992 1.099 1.0998 1.1008 1.1018 1.1027 1.1035 1.1044 1.1054 1.1063 1.1072 1.1077 1.1081 1.1085 1.1089 1.1098 1.1107 1.112 1.1132 1.1149 1.1177 1.1219 1.1274 1.135 1.1455 1.1624 1.1938 
139.5 1.0886 1.0885 1.0885 1.0884 1.0884 1.0883 1.0882 1.0881 1.088 1.0878 1.0877 1.0875 1.0873 1.0871 1.0868 1.0865 1.0863 1.0859 1.0856 1.0853 1.0852 1.0851 1.0851 1.0852 1.0854 1.0855 1.0856 1.0857 1.0858 1.0858 1.0858 1.0858 1.0857 1.0857 1.0857 1.0859 1.0863 1.0866 1.0867 1.0869 1.0869 1.0869 1.0871 1.0878 1.0886 1.0884 1.088 1.0878 1.0884 1.089 1.0898 1.0906 1.0911 1.0907 1.0903 1.091 1.092 1.0926 1.092 1.0915 1.0929 1.0947 1.0957 1.0949 1.094 1.0956 1.0977 1.0987 1.0977 1.0968 1.0977 1.0989 1.0997 1.0995 1.0993 1.1 1.1008 1.1019 1.1026 1.1034 1.1043 1.1052 1.1061 1.107 1.1075 1.1079 1.1083 1.1087 1.1096 1.1105 1.1119 1.1131 1.1148 1.1177 1.1219 1.1274 1.135 1.1455 1.1624 1.1937 
140 1.0885 1.0885 1.0884 1.0884 1.0883 1.0883 1.0882 1.0881 1.088 1.0878 1.0877 1.0875 1.0873 1.0871 1.0869 1.0866 1.0864 1.0861 1.0858 1.0856 1.0854 1.0854 1.0853 1.0854 1.0856 1.0857 1.0858 1.0859 1.0859 1.0859 1.086 1.086 1.0861 1.0859 1.0858 1.0859 1.0862 1.0865 1.0868 1.087 1.0871 1.0871 1.0873 1.0877 1.0882 1.0882 1.0881 1.088 1.0885 1.089 1.0897 1.0904 1.0908 1.0905 1.0902 1.0908 1.0917 1.0923 1.0919 1.0916 1.0927 1.0942 1.0951 1.0945 1.0939 1.0952 1.0968 1.0978 1.0976 1.0974 1.0983 1.0994 1.1001 1.1 1.0998 1.1004 1.101 1.102 1.1026 1.1031 1.104 1.1049 1.1058 1.1067 1.1073 1.1078 1.1082 1.1086 1.1094 1.1102 1.1116 1.113 1.1147 1.1176 1.1218 1.1272 1.1348 1.1454 1.1623 1.1936 
140.5 1.0885 1.0885 1.0884 1.0884 1.0883 1.0882 1.0881 1.088 1.0879 1.0878 1.0876 1.0875 1.0873 1.0871 1.0869 1.0867 1.0865 1.0862 1.086 1.0858 1.0857 1.0856 1.0855 1.0857 1.0858 1.0859 1.086 1.0861 1.0861 1.0861 1.0862 1.0863 1.0864 1.0861 1.0859 1.086 1.0862 1.0865 1.0869 1.0872 1.0873 1.0873 1.0874 1.0877 1.0879 1.088 1.0882 1.0883 1.0886 1.089 1.0895 1.0901 1.0906 1.0904 1.0902 1.0907 1.0915 1.092 1.0918 1.0916 1.0925 1.0937 1.0944 1.0941 1.0938 1.0947 1.0959 1.0968 1.0974 1.098 1.0989 1.0999 1.1005 1.1005 1.1004 1.1007 1.1011 1.1022 1.1026 1.1029 1.1037 1.1046 1.1055 1.1064 1.107 1.1076 1.1081 1.1084 1.1092 1.11 1.1114 1.1128 1.1145 1.1174 1.1216 1.1271 1.1347 1.1452 1.1622 1.1935 
141 1.0885 1.0884 1.0884 1.0883 1.0883 1.0882 1.0881 1.088 1.0879 1.0878 1.0876 1.0875 1.0873 1.0871 1.087 1.0868 1.0866 1.0863 1.0862 1.0861 1.0859 1.0859 1.0858 1.0859 1.086 1.0861 1.0862 1.0863 1.0862 1.0862 1.0863 1.0866 1.0867 1.0863 1.0859 1.086 1.0862 1.0865 1.0869 1.0873 1.0875 1.0875 1.0876 1.0876 1.0875 1.0878 1.0882 1.0886 1.0888 1.0889 1.0894 1.0899 1.0903 1.0902 1.0901 1.0906 1.0912 1.0917 1.0916 1.0916 1.0923 1.0931 1.0937 1.0937 1.0936 1.0942 1.095 1.0959 1.0972 1.0986 1.0995 1.1004 1.101 1.101 1.101 1.1011 1.1012 1.1024 1.1026 1.1026 1.1034 1.1043 1.1052 1.1061 1.1068 1.1075 1.1079 1.1083 1.109 1.1098 1.1112 1.1126 1.1144 1.1173 1.1215 1.127 1.1346 1.1451 1.1622 1.1933 
141.5 1.0883 1.0883 1.0882 1.0882 1.0881 1.088 1.088 1.0879 1.0877 1.0876 1.0875 1.0873 1.0871 1.087 1.0868 1.0866 1.0864 1.0862 1.086 1.0858 1.0857 1.0857 1.0856 1.0857 1.0858 1.0858 1.0859 1.0859 1.0859 1.086 1.0862 1.0865 1.0866 1.0862 1.0857 1.0857 1.086 1.0863 1.0866 1.087 1.0871 1.0871 1.0871 1.0873 1.0874 1.0877 1.0879 1.0882 1.0883 1.0885 1.089 1.0897 1.0902 1.0901 1.0899 1.0905 1.0913 1.0919 1.0919 1.0919 1.0925 1.0933 1.0938 1.0941 1.0943 1.095 1.0959 1.0966 1.0972 1.0978 1.0988 1.0998 1.1005 1.1008 1.1011 1.1015 1.1019 1.102 1.1023 1.1027 1.1035 1.1043 1.1053 1.1062 1.1069 1.1074 1.108 1.1085 1.1093 1.11 1.1115 1.1129 1.1147 1.1176 1.1218 1.1273 1.1349 1.1456 1.1629 1.1942 
142 1.0882 1.0881 1.0881 1.088 1.088 1.0879 1.0878 1.0877 1.0876 1.0874 1.0873 1.0871 1.0869 1.0868 1.0866 1.0864 1.0862 1.0859 1.0858 1.0856 1.0855 1.0854 1.0854 1.0855 1.0856 1.0856 1.0855 1.0854 1.0856 1.0857 1.086 1.0863 1.0865 1.086 1.0854 1.0854 1.0857 1.086 1.0863 1.0867 1.0867 1.0866 1.0866 1.087 1.0873 1.0875 1.0876 1.0877 1.0879 1.088 1.0887 1.0896 1.0902 1.09 1.0898 1.0905 1.0914 1.0921 1.0921 1.0922 1.0927 1.0934 1.094 1.0945 1.0949 1.0958 1.0968 1.0974 1.0973 1.0971 1.098 1.0991 1.1 1.1006 1.1011 1.1018 1.1026 1.1017 1.1021 1.1028 1.1035 1.1043 1.1053 1.1064 1.1069 1.1073 1.108 1.1087 1.1095 1.1103 1.1118 1.1132 1.115 1.1179 1.1221 1.1276 1.1352 1.1461 1.1636 1.1952 
142.5 1.088 1.088 1.0879 1.0879 1.0878 1.0877 1.0876 1.0875 1.0874 1.0873 1.0871 1.0869 1.0868 1.0866 1.0864 1.0862 1.086 1.0857 1.0856 1.0854 1.0853 1.0852 1.0852 1.0852 1.0853 1.0853 1.0851 1.085 1.0853 1.0855 1.0858 1.0862 1.0864 1.0858 1.0851 1.0851 1.0854 1.0857 1.086 1.0864 1.0864 1.0862 1.0861 1.0867 1.0872 1.0873 1.0873 1.0873 1.0874 1.0876 1.0884 1.0894 1.0901 1.0899 1.0896 1.0904 1.0915 1.0923 1.0924 1.0925 1.093 1.0935 1.0942 1.0949 1.0956 1.0967 1.0978 1.0982 1.0973 1.0963 1.0972 1.0985 1.0995 1.1004 1.1012 1.1022 1.1032 1.1014 1.1019 1.1028 1.1036 1.1043 1.1054 1.1066 1.107 1.1073 1.1081 1.1089 1.1098 1.1106 1.1121 1.1135 1.1153 1.1182 1.1224 1.1279 1.1356 1.1466 1.1643 1.1961 
143 1.0879 1.0879 1.0878 1.0877 1.0877 1.0876 1.0875 1.0874 1.0873 1.0871 1.087 1.0868 1.0866 1.0864 1.0862 1.086 1.0858 1.0856 1.0854 1.0852 1.0851 1.085 1.085 1.0851 1.0851 1.085 1.0848 1.0847 1.085 1.0853 1.0857 1.0861 1.0863 1.0856 1.0849 1.0849 1.0852 1.0855 1.0858 1.0862 1.0861 1.0859 1.0858 1.0865 1.0872 1.0872 1.087 1.0869 1.087 1.0872 1.0881 1.0893 1.0901 1.0898 1.0895 1.0903 1.0914 1.0923 1.0924 1.0926 1.093 1.0936 1.0942 1.0951 1.096 1.0971 1.0983 1.0986 1.0972 1.0957 1.0966 1.0979 1.0991 1.1002 1.1012 1.1025 1.1037 1.1012 1.1019 1.103 1.1037 1.1043 1.1055 1.1068 1.1071 1.1073 1.1082 1.1091 1.11 1.1109 1.1124 1.1138 1.1156 1.1184 1.1225 1.128 1.1358 1.1469 1.1648 1.1966 
143.5 1.0879 1.0879 1.0878 1.0878 1.0877 1.0876 1.0875 1.0874 1.0873 1.0871 1.087 1.0868 1.0866 1.0864 1.0862 1.086 1.0858 1.0856 1.0854 1.0852 1.0851 1.085 1.085 1.085 1.0851 1.0851 1.0849 1.0849 1.0851 1.0853 1.0856 1.0859 1.086 1.0855 1.085 1.0851 1.0854 1.0857 1.086 1.0863 1.0863 1.0862 1.0862 1.0869 1.0877 1.0874 1.0869 1.0866 1.087 1.0874 1.0883 1.0894 1.0901 1.0896 1.0891 1.0897 1.0907 1.0914 1.0916 1.0919 1.0924 1.093 1.0936 1.0943 1.0949 1.0959 1.0969 1.0973 1.0965 1.0957 1.0967 1.0979 1.099 1.1001 1.1012 1.1024 1.1035 1.1018 1.1024 1.1033 1.104 1.1047 1.1059 1.107 1.1074 1.1077 1.1085 1.1094 1.1103 1.1112 1.1126 1.114 1.1158 1.1184 1.1224 1.1279 1.1356 1.1465 1.1641 1.1954 
144 1.0879 1.0879 1.0878 1.0878 1.0877 1.0876 1.0875 1.0874 1.0873 1.0872 1.087 1.0868 1.0867 1.0865 1.0863 1.086 1.0858 1.0856 1.0854 1.0852 1.0851 1.085 1.085 1.085 1.0851 1.0851 1.085 1.085 1.0851 1.0852 1.0854 1.0856 1.0858 1.0854 1.0851 1.0852 1.0856 1.086 1.0862 1.0864 1.0865 1.0865 1.0867 1.0874 1.0881 1.0877 1.0868 1.0863 1.0869 1.0876 1.0885 1.0895 1.0901 1.0894 1.0888 1.0892 1.0899 1.0905 1.0908 1.0911 1.0917 1.0924 1.093 1.0934 1.0939 1.0947 1.0955 1.096 1.0959 1.0958 1.0967 1.0978 1.0989 1.1001 1.1012 1.1022 1.1032 1.1025 1.1029 1.1035 1.1043 1.1051 1.1062 1.1073 1.1077 1.1081 1.1089 1.1098 1.1107 1.1115 1.1129 1.1143 1.1159 1.1183 1.1222 1.1277 1.1353 1.1461 1.1633 1.1941 
144.5 1.0879 1.0879 1.0878 1.0878 1.0877 1.0877 1.0876 1.0875 1.0873 1.0872 1.087 1.0869 1.0867 1.0865 1.0863 1.0861 1.0858 1.0856 1.0854 1.0852 1.0851 1.085 1.0849 1.085 1.0851 1.0851 1.0852 1.0852 1.0852 1.0852 1.0853 1.0854 1.0855 1.0853 1.0852 1.0854 1.0858 1.0862 1.0863 1.0865 1.0866 1.0868 1.0871 1.0878 1.0886 1.0879 1.0867 1.086 1.0869 1.0878 1.0887 1.0897 1.0901 1.0893 1.0884 1.0887 1.0892 1.0897 1.09 1.0904 1.0911 1.0918 1.0924 1.0926 1.0929 1.0934 1.0941 1.0947 1.0953 1.0958 1.0968 1.0978 1.0989 1.1001 1.1012 1.1021 1.103 1.1031 1.1035 1.1038 1.1046 1.1055 1.1065 1.1075 1.108 1.1085 1.1093 1.1101 1.111 1.1119 1.1132 1.1145 1.1161 1.1183 1.122 1.1275 1.1351 1.1457 1.1626 1.1929 
145 1.0879 1.0879 1.0878 1.0878 1.0877 1.0876 1.0875 1.0874 1.0873 1.0872 1.087 1.0868 1.0867 1.0864 1.0862 1.086 1.0858 1.0855 1.0853 1.0851 1.085 1.0849 1.0848 1.0849 1.0849 1.085 1.0851 1.0852 1.0851 1.0851 1.0852 1.0853 1.0854 1.0853 1.0852 1.0854 1.0858 1.0861 1.0863 1.0864 1.0867 1.0869 1.0872 1.0879 1.0886 1.0879 1.0867 1.086 1.087 1.088 1.0888 1.0897 1.0901 1.0893 1.0886 1.0885 1.0886 1.0889 1.0895 1.0902 1.0909 1.0916 1.0921 1.0924 1.0926 1.0931 1.0937 1.0943 1.0949 1.0956 1.0967 1.0978 1.0989 1.1001 1.1012 1.102 1.1028 1.1036 1.1039 1.1041 1.1049 1.1057 1.1066 1.1076 1.1082 1.1088 1.1095 1.1103 1.1112 1.112 1.1133 1.1147 1.1163 1.1184 1.122 1.1274 1.135 1.1455 1.1625 1.1931 
145.5 1.0879 1.0879 1.0878 1.0877 1.0877 1.0876 1.0875 1.0874 1.0872 1.0871 1.0869 1.0867 1.0865 1.0863 1.0861 1.0858 1.0856 1.0853 1.0851 1.0849 1.0848 1.0848 1.0847 1.0846 1.0846 1.0847 1.0847 1.0848 1.0849 1.085 1.0851 1.0852 1.0853 1.0852 1.085 1.0852 1.0855 1.0857 1.0859 1.0861 1.0864 1.0867 1.0871 1.0875 1.088 1.0876 1.0869 1.0865 1.0873 1.0881 1.0889 1.0896 1.0901 1.0897 1.0893 1.0888 1.0883 1.0883 1.0894 1.0906 1.0913 1.0919 1.0925 1.0929 1.0933 1.0939 1.0947 1.0951 1.0951 1.095 1.0964 1.0979 1.0993 1.1002 1.1011 1.102 1.1028 1.1039 1.1042 1.1044 1.105 1.1055 1.1064 1.1073 1.108 1.1087 1.1095 1.1103 1.1112 1.1121 1.1134 1.1148 1.1164 1.1186 1.1222 1.1274 1.1349 1.1457 1.1634 1.1953 
146 1.0879 1.0878 1.0878 1.0877 1.0876 1.0875 1.0874 1.0873 1.0872 1.087 1.0868 1.0866 1.0864 1.0862 1.0859 1.0857 1.0854 1.0851 1.0849 1.0848 1.0847 1.0846 1.0845 1.0844 1.0843 1.0843 1.0844 1.0845 1.0847 1.0848 1.085 1.0852 1.0853 1.0851 1.0849 1.0849 1.0851 1.0853 1.0856 1.0859 1.0862 1.0865 1.0869 1.0871 1.0874 1.0873 1.0871 1.0871 1.0877 1.0882 1.0889 1.0896 1.0901 1.0901 1.0901 1.0892 1.088 1.0876 1.0893 1.091 1.0918 1.0923 1.0928 1.0934 1.094 1.0948 1.0957 1.096 1.0952 1.0945 1.096 1.098 1.0996 1.1003 1.101 1.1019 1.1028 1.1042 1.1045 1.1048 1.1051 1.1054 1.1062 1.1071 1.1079 1.1087 1.1095 1.1104 1.1112 1.1121 1.1135 1.1149 1.1165 1.1188 1.1224 1.1275 1.1348 1.1458 1.1643 1.1975 
146.5 1.0878 1.0878 1.0877 1.0877 1.0876 1.0875 1.0874 1.0872 1.0871 1.0869 1.0867 1.0865 1.0863 1.086 1.0858 1.0855 1.0852 1.0849 1.0847 1.0846 1.0845 1.0844 1.0844 1.0842 1.084 1.084 1.0841 1.0842 1.0844 1.0847 1.085 1.0851 1.0853 1.085 1.0848 1.0847 1.0848 1.0849 1.0852 1.0856 1.0859 1.0864 1.0867 1.0867 1.0868 1.087 1.0873 1.0876 1.088 1.0884 1.0889 1.0895 1.09 1.0905 1.0909 1.0895 1.0877 1.087 1.0892 1.0915 1.0922 1.0926 1.0931 1.0939 1.0947 1.0957 1.0967 1.0969 1.0954 1.0939 1.0957 1.0981 1.0999 1.1004 1.101 1.1018 1.1027 1.1044 1.1049 1.1051 1.1052 1.1053 1.106 1.1069 1.1078 1.1087 1.1096 1.1104 1.1113 1.1121 1.1135 1.115 1.1165 1.1191 1.1226 1.1275 1.1347 1.146 1.1652 1.1998 
147 1.0877 1.0877 1.0876 1.0876 1.0875 1.0874 1.0873 1.0872 1.087 1.0868 1.0866 1.0864 1.0862 1.086 1.0857 1.0854 1.0852 1.0849 1.0847 1.0846 1.0845 1.0844 1.0843 1.0841 1.084 1.084 1.084 1.0841 1.0844 1.0846 1.0849 1.0851 1.0853 1.0849 1.0846 1.0846 1.0846 1.0848 1.0851 1.0855 1.0859 1.0863 1.0866 1.0865 1.0864 1.0867 1.0872 1.0877 1.0881 1.0884 1.0888 1.0892 1.0896 1.0904 1.0911 1.0898 1.0879 1.0872 1.0894 1.0916 1.0923 1.0927 1.0932 1.0939 1.0946 1.0956 1.0966 1.0969 1.0956 1.0943 1.096 1.0982 1.0998 1.1004 1.1009 1.1016 1.1023 1.1039 1.1044 1.1048 1.105 1.1053 1.1062 1.1071 1.108 1.1088 1.1096 1.1104 1.1113 1.1122 1.1137 1.1152 1.1167 1.1193 1.1228 1.1275 1.1347 1.1461 1.1654 1.2005 
147.5 1.0876 1.0875 1.0875 1.0874 1.0874 1.0873 1.0872 1.087 1.0869 1.0867 1.0866 1.0864 1.0862 1.0859 1.0857 1.0854 1.0852 1.0849 1.0848 1.0846 1.0845 1.0844 1.0843 1.0842 1.0841 1.0841 1.0842 1.0843 1.0844 1.0846 1.0848 1.0851 1.0853 1.0848 1.0844 1.0844 1.0846 1.0848 1.0851 1.0855 1.0859 1.0863 1.0866 1.0864 1.0862 1.0865 1.087 1.0874 1.088 1.0885 1.0887 1.0887 1.0891 1.09 1.0909 1.0899 1.0884 1.0878 1.0896 1.0914 1.0922 1.0927 1.0931 1.0936 1.094 1.0949 1.0959 1.0964 1.0958 1.0953 1.0966 1.0983 1.0996 1.1002 1.1009 1.1013 1.1016 1.103 1.1036 1.1042 1.1048 1.1054 1.1065 1.1077 1.1084 1.109 1.1097 1.1104 1.1113 1.1122 1.1138 1.1154 1.117 1.1194 1.1229 1.1277 1.1348 1.146 1.1652 1.2003 
148 1.0874 1.0874 1.0873 1.0873 1.0872 1.0871 1.087 1.0869 1.0868 1.0866 1.0865 1.0863 1.0861 1.0859 1.0857 1.0854 1.0852 1.085 1.0848 1.0846 1.0845 1.0844 1.0843 1.0843 1.0843 1.0843 1.0844 1.0844 1.0845 1.0845 1.0847 1.0851 1.0853 1.0848 1.0843 1.0843 1.0845 1.0847 1.0851 1.0855 1.0859 1.0863 1.0865 1.0863 1.0861 1.0863 1.0868 1.0872 1.0879 1.0885 1.0885 1.0883 1.0885 1.0896 1.0908 1.0901 1.0889 1.0884 1.0898 1.0912 1.092 1.0926 1.0931 1.0933 1.0934 1.0943 1.0952 1.0959 1.0961 1.0963 1.0972 1.0983 1.0993 1.1001 1.1009 1.101 1.1009 1.102 1.1028 1.1035 1.1045 1.1054 1.1068 1.1082 1.1088 1.1092 1.1098 1.1103 1.1112 1.1122 1.1139 1.1156 1.1172 1.1196 1.123 1.1278 1.1349 1.146 1.1649 1.2002 
148.5 1.0873 1.0873 1.0872 1.0871 1.0871 1.087 1.0869 1.0868 1.0867 1.0866 1.0864 1.0862 1.0861 1.0859 1.0857 1.0855 1.0852 1.085 1.0848 1.0847 1.0845 1.0844 1.0843 1.0843 1.0844 1.0845 1.0845 1.0846 1.0845 1.0845 1.0847 1.085 1.0853 1.0847 1.0841 1.0841 1.0844 1.0847 1.0851 1.0855 1.0859 1.0863 1.0865 1.0862 1.0859 1.0861 1.0865 1.087 1.0878 1.0885 1.0883 1.0879 1.0879 1.0893 1.0906 1.0903 1.0894 1.0891 1.0901 1.0911 1.0919 1.0926 1.093 1.0929 1.0928 1.0936 1.0945 1.0954 1.0963 1.0972 1.0978 1.0984 1.0991 1.1 1.1009 1.1006 1.1002 1.101 1.102 1.1029 1.1042 1.1055 1.1071 1.1088 1.1091 1.1094 1.1098 1.1103 1.1112 1.1122 1.1141 1.1158 1.1174 1.1197 1.1231 1.1279 1.135 1.146 1.1647 1.2001 
149 1.0875 1.0874 1.0874 1.0873 1.0873 1.0872 1.0871 1.087 1.0869 1.0867 1.0866 1.0864 1.0862 1.0861 1.0858 1.0856 1.0854 1.0852 1.085 1.0849 1.0847 1.0846 1.0845 1.0846 1.0846 1.0847 1.0847 1.0847 1.0847 1.0847 1.0849 1.0851 1.0852 1.0848 1.0845 1.0845 1.0846 1.0848 1.0853 1.0857 1.086 1.0862 1.0863 1.0862 1.086 1.0862 1.0867 1.0872 1.0879 1.0885 1.0885 1.0883 1.0883 1.0891 1.0899 1.0897 1.0893 1.0892 1.0901 1.0911 1.0919 1.0927 1.0933 1.0934 1.0935 1.0942 1.0949 1.0956 1.0965 1.0973 1.0979 1.0985 1.0992 1.1001 1.1009 1.1009 1.1007 1.1016 1.1024 1.1033 1.1045 1.1058 1.1073 1.1087 1.1091 1.1093 1.1098 1.1104 1.1113 1.1122 1.114 1.1157 1.1173 1.1196 1.1229 1.1278 1.1349 1.1458 1.1644 1.1997 
149.5 1.0877 1.0877 1.0876 1.0876 1.0875 1.0874 1.0873 1.0872 1.0871 1.087 1.0868 1.0866 1.0865 1.0863 1.0861 1.0858 1.0856 1.0854 1.0853 1.0851 1.085 1.0849 1.0848 1.0848 1.0849 1.0849 1.0849 1.0849 1.085 1.0851 1.0851 1.0851 1.0851 1.085 1.0849 1.0849 1.0849 1.085 1.0854 1.0859 1.0861 1.0861 1.0862 1.0861 1.0861 1.0864 1.0869 1.0874 1.088 1.0886 1.0888 1.0889 1.0889 1.089 1.089 1.089 1.089 1.0893 1.0902 1.0911 1.092 1.0929 1.0936 1.094 1.0944 1.0949 1.0954 1.0959 1.0966 1.0972 1.0979 1.0987 1.0994 1.1002 1.101 1.1013 1.1015 1.1025 1.1031 1.1038 1.105 1.1062 1.1074 1.1086 1.1089 1.1091 1.1098 1.1104 1.1114 1.1123 1.114 1.1155 1.1172 1.1194 1.1227 1.1276 1.1346 1.1455 1.1641 1.1993 
150 1.088 1.0879 1.0879 1.0878 1.0877 1.0877 1.0876 1.0875 1.0873 1.0872 1.087 1.0869 1.0867 1.0865 1.0863 1.086 1.0858 1.0857 1.0855 1.0853 1.0852 1.0851 1.0851 1.0851 1.0851 1.0851 1.0851 1.0851 1.0853 1.0854 1.0853 1.0852 1.085 1.0852 1.0854 1.0853 1.0852 1.0851 1.0856 1.0861 1.0862 1.086 1.086 1.0861 1.0863 1.0866 1.0871 1.0876 1.0881 1.0887 1.0891 1.0894 1.0895 1.0889 1.0882 1.0884 1.0888 1.0893 1.0902 1.0911 1.092 1.093 1.0939 1.0946 1.0953 1.0956 1.0959 1.0963 1.0967 1.0972 1.098 1.0988 1.0996 1.1003 1.101 1.1016 1.1023 1.1033 1.1038 1.1043 1.1054 1.1065 1.1075 1.1085 1.1088 1.1089 1.1097 1.1105 1.1114 1.1123 1.1139 1.1154 1.117 1.1192 1.1225 1.1274 1.1344 1.1453 1.1638 1.1988 
150.5 1.0882 1.0881 1.0881 1.088 1.088 1.0879 1.0878 1.0877 1.0875 1.0874 1.0872 1.0871 1.0869 1.0867 1.0865 1.0862 1.0861 1.0859 1.0857 1.0856 1.0854 1.0854 1.0853 1.0853 1.0853 1.0853 1.0853 1.0853 1.0855 1.0857 1.0855 1.0852 1.085 1.0854 1.0858 1.0857 1.0854 1.0852 1.0857 1.0862 1.0862 1.086 1.0858 1.0861 1.0864 1.0868 1.0873 1.0878 1.0882 1.0887 1.0893 1.0899 1.0901 1.0888 1.0875 1.0878 1.0886 1.0894 1.0902 1.0911 1.0921 1.0931 1.0942 1.0951 1.096 1.0963 1.0963 1.0965 1.0968 1.0971 1.098 1.0989 1.0997 1.1004 1.101 1.102 1.1029 1.104 1.1045 1.1048 1.1058 1.1069 1.1077 1.1084 1.1086 1.1088 1.1097 1.1106 1.1115 1.1124 1.1138 1.1153 1.1169 1.119 1.1223 1.1272 1.1342 1.145 1.1635 1.1984 
151 1.0883 1.0883 1.0882 1.0882 1.0881 1.088 1.0879 1.0878 1.0877 1.0875 1.0874 1.0872 1.087 1.0868 1.0866 1.0864 1.0862 1.086 1.0858 1.0856 1.0855 1.0854 1.0853 1.0853 1.0853 1.0853 1.0852 1.0851 1.0854 1.0856 1.0854 1.0851 1.0848 1.0852 1.0856 1.0856 1.0854 1.0853 1.0857 1.0861 1.0861 1.086 1.086 1.0863 1.0866 1.087 1.0875 1.0879 1.0883 1.0886 1.0892 1.0898 1.09 1.0891 1.0882 1.0884 1.089 1.0897 1.0905 1.0913 1.0922 1.093 1.0939 1.0948 1.0957 1.0959 1.0959 1.0961 1.0966 1.0971 1.0979 1.0987 1.0995 1.1002 1.101 1.1019 1.1029 1.104 1.1046 1.1051 1.1061 1.1071 1.1077 1.1081 1.1085 1.1089 1.1098 1.1107 1.1116 1.1125 1.1138 1.1152 1.1167 1.1188 1.1221 1.127 1.134 1.1449 1.1635 1.1984 
151.5 1.0884 1.0884 1.0883 1.0883 1.0882 1.0882 1.088 1.0879 1.0878 1.0877 1.0875 1.0873 1.0871 1.0869 1.0867 1.0865 1.0863 1.086 1.0858 1.0857 1.0855 1.0854 1.0853 1.0853 1.0853 1.0852 1.0851 1.085 1.0853 1.0855 1.0853 1.0849 1.0847 1.085 1.0854 1.0855 1.0854 1.0854 1.0856 1.0859 1.086 1.0861 1.0862 1.0865 1.0869 1.0872 1.0876 1.088 1.0883 1.0886 1.0891 1.0896 1.0899 1.0894 1.0889 1.0891 1.0895 1.09 1.0908 1.0916 1.0923 1.0929 1.0936 1.0945 1.0954 1.0955 1.0955 1.0957 1.0964 1.0971 1.0978 1.0985 1.0993 1.1001 1.1009 1.1018 1.1028 1.104 1.1048 1.1055 1.1064 1.1074 1.1077 1.1078 1.1084 1.1089 1.1098 1.1107 1.1116 1.1126 1.1138 1.115 1.1165 1.1186 1.1219 1.1267 1.1338 1.1448 1.1634 1.1985 
152 1.0886 1.0885 1.0885 1.0884 1.0884 1.0883 1.0882 1.0881 1.088 1.0878 1.0876 1.0875 1.0873 1.0871 1.0868 1.0866 1.0864 1.0861 1.0859 1.0857 1.0855 1.0854 1.0853 1.0853 1.0853 1.0852 1.085 1.0849 1.0851 1.0854 1.0852 1.0848 1.0845 1.0849 1.0852 1.0853 1.0854 1.0854 1.0856 1.0857 1.0859 1.0861 1.0864 1.0867 1.0871 1.0874 1.0878 1.0881 1.0883 1.0885 1.0889 1.0895 1.0899 1.0897 1.0896 1.0897 1.0899 1.0903 1.0911 1.0918 1.0923 1.0928 1.0933 1.0942 1.095 1.0952 1.0951 1.0954 1.0962 1.0971 1.0978 1.0984 1.0991 1.1 1.1009 1.1018 1.1027 1.104 1.1049 1.1058 1.1067 1.1077 1.1077 1.1076 1.1083 1.109 1.1099 1.1108 1.1117 1.1126 1.1138 1.1149 1.1163 1.1184 1.1216 1.1265 1.1336 1.1446 1.1633 1.1985 
152.5 1.0887 1.0886 1.0886 1.0885 1.0885 1.0884 1.0883 1.0882 1.0881 1.0879 1.0877 1.0876 1.0874 1.0872 1.0869 1.0867 1.0864 1.0862 1.086 1.0857 1.0856 1.0854 1.0853 1.0853 1.0853 1.0851 1.0849 1.0848 1.0851 1.0854 1.0852 1.0848 1.0846 1.0848 1.0851 1.0852 1.0854 1.0855 1.0855 1.0855 1.0858 1.0861 1.0864 1.0868 1.0873 1.0875 1.0877 1.0879 1.0881 1.0883 1.0887 1.0892 1.0896 1.0897 1.0898 1.0901 1.0904 1.0908 1.0916 1.0923 1.0928 1.0931 1.0935 1.0943 1.0951 1.0953 1.0953 1.0955 1.0964 1.0972 1.0977 1.0981 1.0988 1.0998 1.1009 1.1017 1.1025 1.1036 1.1047 1.1057 1.1067 1.1076 1.1075 1.1073 1.1081 1.109 1.1099 1.1107 1.1116 1.1125 1.1136 1.1148 1.1161 1.1182 1.1215 1.1264 1.1335 1.1446 1.1634 1.1986 
153 1.0887 1.0887 1.0886 1.0886 1.0885 1.0884 1.0883 1.0882 1.0881 1.0879 1.0878 1.0876 1.0874 1.0872 1.087 1.0867 1.0865 1.0862 1.086 1.0858 1.0856 1.0855 1.0854 1.0853 1.0852 1.0851 1.085 1.085 1.0852 1.0855 1.0854 1.0852 1.085 1.085 1.0851 1.0852 1.0855 1.0856 1.0854 1.0853 1.0855 1.0859 1.0863 1.0868 1.0874 1.0873 1.0871 1.0869 1.0874 1.0878 1.0882 1.0886 1.0889 1.089 1.0891 1.0899 1.0908 1.0917 1.0925 1.0934 1.0939 1.0943 1.0948 1.0954 1.0961 1.0964 1.0966 1.0968 1.0971 1.0973 1.0976 1.0979 1.0985 1.0997 1.101 1.1015 1.102 1.1025 1.1037 1.1049 1.1059 1.1068 1.107 1.1071 1.1079 1.1088 1.1095 1.1102 1.1111 1.112 1.1133 1.1145 1.116 1.1181 1.1214 1.1264 1.1336 1.1447 1.1635 1.1988 
153.5 1.0888 1.0887 1.0887 1.0886 1.0885 1.0885 1.0884 1.0882 1.0881 1.088 1.0878 1.0876 1.0874 1.0872 1.087 1.0867 1.0865 1.0863 1.086 1.0858 1.0857 1.0856 1.0855 1.0853 1.0852 1.0851 1.0851 1.0852 1.0854 1.0856 1.0856 1.0855 1.0854 1.0853 1.0851 1.0853 1.0855 1.0857 1.0854 1.0851 1.0852 1.0856 1.0861 1.0868 1.0875 1.0871 1.0864 1.086 1.0866 1.0872 1.0876 1.0879 1.0882 1.0883 1.0885 1.0897 1.0912 1.0926 1.0935 1.0944 1.095 1.0955 1.0961 1.0966 1.0971 1.0975 1.0979 1.0981 1.0978 1.0975 1.0975 1.0976 1.0982 1.0996 1.1011 1.1014 1.1015 1.1014 1.1027 1.1041 1.105 1.106 1.1065 1.1069 1.1077 1.1086 1.1092 1.1098 1.1106 1.1115 1.1129 1.1143 1.1158 1.118 1.1214 1.1264 1.1337 1.1448 1.1637 1.199 
154 1.0888 1.0888 1.0887 1.0886 1.0886 1.0885 1.0884 1.0883 1.0881 1.088 1.0878 1.0876 1.0874 1.0872 1.087 1.0867 1.0865 1.0863 1.0861 1.0858 1.0857 1.0856 1.0855 1.0853 1.0851 1.0851 1.0852 1.0853 1.0855 1.0857 1.0858 1.0859 1.0859 1.0855 1.0851 1.0853 1.0856 1.0858 1.0853 1.0848 1.085 1.0854 1.0859 1.0867 1.0875 1.0869 1.0858 1.0851 1.0859 1.0867 1.0871 1.0873 1.0875 1.0877 1.0878 1.0895 1.0916 1.0934 1.0944 1.0954 1.0962 1.0968 1.0973 1.0977 1.098 1.0986 1.0993 1.0994 1.0985 1.0976 1.0974 1.0973 1.0979 1.0996 1.1012 1.1012 1.101 1.1003 1.1016 1.1032 1.1042 1.1052 1.1059 1.1067 1.1075 1.1084 1.1089 1.1093 1.1101 1.1109 1.1125 1.114 1.1157 1.1179 1.1214 1.1264 1.1337 1.1449 1.1638 1.1993 
154.5 1.0887 1.0886 1.0886 1.0885 1.0884 1.0883 1.0882 1.0881 1.088 1.0878 1.0877 1.0875 1.0873 1.0871 1.0868 1.0866 1.0864 1.0861 1.0859 1.0857 1.0856 1.0855 1.0854 1.0852 1.085 1.0851 1.0852 1.0853 1.0854 1.0856 1.0857 1.0859 1.0859 1.0855 1.0851 1.0853 1.0857 1.0859 1.0853 1.0848 1.0849 1.0853 1.0858 1.0866 1.0875 1.0869 1.0858 1.0851 1.086 1.0869 1.0873 1.0875 1.0876 1.0876 1.0876 1.0894 1.0915 1.0934 1.0943 1.0953 1.096 1.0966 1.0972 1.0976 1.0979 1.0987 1.0995 1.0996 1.0985 1.0973 1.0972 1.0973 1.0979 1.0996 1.1012 1.1012 1.1011 1.1003 1.1015 1.103 1.104 1.1049 1.1058 1.1067 1.1075 1.1084 1.1088 1.1092 1.11 1.1108 1.1123 1.1139 1.1156 1.1179 1.1214 1.1265 1.1338 1.145 1.1639 1.1994 
155 1.0883 1.0883 1.0882 1.0882 1.0881 1.088 1.0879 1.0878 1.0877 1.0875 1.0874 1.0872 1.087 1.0868 1.0865 1.0863 1.0861 1.0858 1.0856 1.0854 1.0853 1.0852 1.0851 1.085 1.0849 1.085 1.0851 1.0851 1.0853 1.0854 1.0855 1.0856 1.0856 1.0854 1.0851 1.0853 1.0857 1.0859 1.0854 1.0849 1.085 1.0854 1.0858 1.0865 1.0872 1.0869 1.0863 1.086 1.0868 1.0876 1.088 1.0882 1.0883 1.0881 1.088 1.0893 1.0911 1.0925 1.0933 1.0941 1.0947 1.0954 1.096 1.0965 1.097 1.0978 1.0987 1.0989 1.0978 1.0967 1.097 1.0974 1.0982 1.0996 1.1011 1.1014 1.1015 1.1012 1.1022 1.1033 1.1042 1.1051 1.106 1.1069 1.1077 1.1084 1.1089 1.1094 1.1101 1.1108 1.1124 1.114 1.1157 1.118 1.1215 1.1265 1.1338 1.145 1.1639 1.1993 
155.5 1.088 1.088 1.0879 1.0879 1.0878 1.0877 1.0876 1.0875 1.0874 1.0872 1.0871 1.0869 1.0867 1.0865 1.0863 1.086 1.0858 1.0855 1.0853 1.0852 1.085 1.085 1.0849 1.0849 1.0849 1.0849 1.0849 1.085 1.0851 1.0851 1.0852 1.0853 1.0853 1.0852 1.0851 1.0854 1.0857 1.086 1.0855 1.085 1.0851 1.0854 1.0858 1.0864 1.087 1.087 1.0869 1.0869 1.0876 1.0883 1.0887 1.0889 1.089 1.0886 1.0883 1.0892 1.0906 1.0917 1.0923 1.0929 1.0935 1.0941 1.0947 1.0954 1.0961 1.097 1.098 1.0983 1.0972 1.0962 1.0967 1.0975 1.0985 1.0997 1.101 1.1016 1.102 1.1021 1.1028 1.1035 1.1044 1.1053 1.1062 1.1071 1.1078 1.1085 1.109 1.1095 1.1102 1.1109 1.1125 1.1141 1.1158 1.1181 1.1216 1.1266 1.1339 1.145 1.1639 1.1992 
156 1.0877 1.0877 1.0876 1.0876 1.0875 1.0874 1.0873 1.0872 1.0871 1.0869 1.0868 1.0866 1.0864 1.0862 1.086 1.0857 1.0855 1.0852 1.085 1.0849 1.0848 1.0847 1.0846 1.0847 1.0848 1.0848 1.0848 1.0848 1.0849 1.0849 1.0849 1.085 1.085 1.0851 1.0851 1.0854 1.0858 1.086 1.0856 1.0852 1.0852 1.0855 1.0858 1.0863 1.0867 1.0871 1.0874 1.0878 1.0884 1.089 1.0894 1.0897 1.0897 1.0891 1.0886 1.0892 1.0901 1.0909 1.0913 1.0917 1.0923 1.0928 1.0935 1.0943 1.0951 1.0962 1.0972 1.0976 1.0966 1.0956 1.0964 1.0976 1.0987 1.0998 1.1009 1.1017 1.1025 1.103 1.1034 1.1038 1.1046 1.1055 1.1064 1.1073 1.1079 1.1086 1.1091 1.1097 1.1104 1.111 1.1126 1.1142 1.1159 1.1182 1.1217 1.1267 1.1339 1.145 1.1639 1.1992 
156.5 1.0878 1.0877 1.0877 1.0876 1.0876 1.0875 1.0874 1.0873 1.0871 1.087 1.0868 1.0866 1.0865 1.0862 1.086 1.0858 1.0856 1.0853 1.0851 1.085 1.0848 1.0848 1.0847 1.0848 1.0849 1.0849 1.0849 1.0849 1.0849 1.0849 1.085 1.0851 1.0851 1.0851 1.085 1.0852 1.0856 1.0858 1.0857 1.0857 1.0857 1.0859 1.0861 1.0865 1.087 1.0873 1.0875 1.0878 1.0884 1.089 1.0894 1.0898 1.09 1.0893 1.0887 1.0892 1.09 1.0907 1.0911 1.0915 1.0921 1.0927 1.0933 1.094 1.0946 1.0955 1.0966 1.0971 1.0966 1.0961 1.0967 1.0975 1.0984 1.0995 1.1005 1.1014 1.1022 1.1012 1.1024 1.104 1.105 1.1058 1.1067 1.1076 1.1082 1.1087 1.1093 1.1099 1.1106 1.1112 1.1128 1.1144 1.1161 1.1183 1.1217 1.1267 1.1339 1.145 1.1639 1.1991 
157 1.0879 1.0879 1.0879 1.0878 1.0877 1.0877 1.0875 1.0874 1.0873 1.0872 1.087 1.0868 1.0866 1.0864 1.0862 1.086 1.0857 1.0855 1.0853 1.0851 1.085 1.0849 1.0849 1.085 1.0851 1.0851 1.085 1.085 1.085 1.085 1.0851 1.0853 1.0854 1.0851 1.0848 1.0849 1.0852 1.0856 1.0859 1.0863 1.0864 1.0863 1.0864 1.0869 1.0874 1.0875 1.0874 1.0875 1.0881 1.0887 1.0893 1.0899 1.0901 1.0894 1.0888 1.0893 1.0901 1.0908 1.0912 1.0916 1.0922 1.0929 1.0935 1.0938 1.0942 1.095 1.0959 1.0966 1.0968 1.0969 1.0972 1.0974 1.0979 1.099 1.1 1.1009 1.1018 1.0985 1.101 1.1042 1.1053 1.1062 1.107 1.1079 1.1084 1.1089 1.1095 1.1101 1.1108 1.1115 1.113 1.1146 1.1162 1.1185 1.1218 1.1268 1.134 1.145 1.1638 1.1991 
157.5 1.0881 1.0881 1.088 1.088 1.0879 1.0878 1.0877 1.0876 1.0875 1.0873 1.0872 1.087 1.0868 1.0866 1.0864 1.0861 1.0859 1.0857 1.0855 1.0853 1.0852 1.0851 1.0851 1.0852 1.0852 1.0852 1.0852 1.0851 1.0851 1.0851 1.0852 1.0855 1.0856 1.0851 1.0846 1.0846 1.0849 1.0853 1.0861 1.0869 1.087 1.0867 1.0867 1.0873 1.0879 1.0878 1.0874 1.0872 1.0878 1.0884 1.0891 1.0899 1.0902 1.0895 1.0889 1.0893 1.0901 1.0908 1.0912 1.0917 1.0924 1.0931 1.0937 1.0937 1.0937 1.0945 1.0953 1.0961 1.097 1.0978 1.0976 1.0973 1.0974 1.0985 1.0995 1.1004 1.1013 1.0959 1.0996 1.1044 1.1057 1.1065 1.1074 1.1082 1.1086 1.1091 1.1097 1.1104 1.1111 1.1118 1.1132 1.1148 1.1164 1.1186 1.1219 1.1268 1.134 1.145 1.1638 1.1991 
158 1.0883 1.0883 1.0882 1.0881 1.0881 1.088 1.0879 1.0878 1.0877 1.0875 1.0873 1.0872 1.087 1.0868 1.0865 1.0863 1.0861 1.0858 1.0856 1.0854 1.0853 1.0853 1.0853 1.0853 1.0854 1.0854 1.0853 1.0852 1.0852 1.0851 1.0853 1.0857 1.0859 1.0851 1.0844 1.0843 1.0846 1.085 1.0863 1.0875 1.0876 1.0872 1.087 1.0877 1.0883 1.088 1.0873 1.0869 1.0875 1.0882 1.089 1.0899 1.0903 1.0896 1.089 1.0894 1.0902 1.0909 1.0913 1.0917 1.0925 1.0933 1.0938 1.0936 1.0933 1.0939 1.0947 1.0957 1.0971 1.0986 1.098 1.0971 1.097 1.098 1.0991 1.0999 1.1008 1.0933 1.0981 1.1046 1.106 1.1069 1.1077 1.1085 1.1089 1.1092 1.1099 1.1106 1.1113 1.112 1.1135 1.115 1.1166 1.1187 1.122 1.1269 1.134 1.145 1.1638 1.199 
158.5 1.0882 1.0882 1.0882 1.0881 1.088 1.088 1.0878 1.0877 1.0876 1.0875 1.0873 1.0871 1.0869 1.0867 1.0864 1.0862 1.0859 1.0856 1.0854 1.0852 1.085 1.0848 1.0847 1.0847 1.0847 1.0846 1.0846 1.0845 1.0846 1.0846 1.0849 1.0853 1.0855 1.0851 1.0846 1.0847 1.0849 1.0852 1.0862 1.0872 1.0873 1.087 1.0869 1.0876 1.0882 1.088 1.0876 1.0874 1.088 1.0886 1.0892 1.0899 1.0902 1.0898 1.0894 1.0899 1.0906 1.0912 1.0916 1.0921 1.0927 1.0933 1.0936 1.0934 1.0933 1.0939 1.0946 1.0955 1.0964 1.0973 1.0976 1.0977 1.098 1.0987 1.0993 1.1002 1.1011 1.0958 1.0997 1.1047 1.1058 1.1065 1.1074 1.1083 1.1088 1.1092 1.1099 1.1106 1.1114 1.1122 1.1137 1.1152 1.1168 1.1189 1.1222 1.1271 1.1342 1.1452 1.1639 1.1991 
159 1.0882 1.0882 1.0881 1.088 1.088 1.0879 1.0878 1.0877 1.0876 1.0874 1.0872 1.087 1.0868 1.0866 1.0863 1.086 1.0857 1.0854 1.0852 1.0849 1.0847 1.0844 1.0842 1.084 1.0839 1.0838 1.0838 1.0838 1.084 1.0841 1.0845 1.0849 1.0852 1.085 1.0849 1.085 1.0851 1.0854 1.0861 1.0868 1.087 1.0869 1.0869 1.0874 1.088 1.088 1.0878 1.0878 1.0885 1.0891 1.0895 1.0898 1.0901 1.09 1.0899 1.0904 1.091 1.0916 1.092 1.0924 1.0928 1.0932 1.0934 1.0933 1.0932 1.0938 1.0946 1.0952 1.0956 1.096 1.0971 1.0983 1.0991 1.0993 1.0995 1.1004 1.1013 1.0984 1.1012 1.1047 1.1055 1.1061 1.1071 1.1081 1.1086 1.1091 1.1098 1.1106 1.1115 1.1123 1.1139 1.1154 1.117 1.1191 1.1224 1.1272 1.1343 1.1453 1.164 1.1991 
159.5 1.0882 1.0881 1.0881 1.088 1.0879 1.0879 1.0877 1.0876 1.0875 1.0873 1.0872 1.087 1.0867 1.0865 1.0862 1.0859 1.0856 1.0852 1.0849 1.0847 1.0844 1.084 1.0836 1.0834 1.0831 1.0831 1.0831 1.0832 1.0834 1.0836 1.084 1.0845 1.0849 1.085 1.0851 1.0853 1.0854 1.0856 1.0861 1.0865 1.0867 1.0867 1.0869 1.0873 1.0878 1.088 1.0881 1.0883 1.0889 1.0895 1.0897 1.0898 1.09 1.0902 1.0904 1.0908 1.0914 1.0919 1.0923 1.0927 1.0929 1.0931 1.0932 1.0931 1.0931 1.0938 1.0946 1.095 1.0949 1.0947 1.0966 1.0988 1.1002 1.1 1.0998 1.1006 1.1016 1.1009 1.1027 1.1048 1.1053 1.1057 1.1068 1.1079 1.1085 1.109 1.1098 1.1106 1.1115 1.1125 1.1141 1.1156 1.1172 1.1193 1.1226 1.1274 1.1344 1.1454 1.1641 1.1991 
160 1.0881 1.0881 1.088 1.088 1.0879 1.0878 1.0877 1.0876 1.0874 1.0873 1.0871 1.0869 1.0867 1.0864 1.0861 1.0858 1.0855 1.0851 1.0848 1.0845 1.0842 1.0837 1.0833 1.083 1.0827 1.0826 1.0827 1.0828 1.0831 1.0834 1.0838 1.0842 1.0847 1.085 1.0853 1.0855 1.0856 1.0858 1.086 1.0862 1.0864 1.0866 1.0868 1.0872 1.0876 1.088 1.0882 1.0886 1.0892 1.0898 1.0899 1.0898 1.0899 1.0903 1.0908 1.0912 1.0916 1.0921 1.0925 1.093 1.0931 1.0931 1.0931 1.0932 1.0932 1.0938 1.0945 1.0948 1.0943 1.0939 1.0963 1.0992 1.1009 1.1004 1.0999 1.1007 1.1017 1.1028 1.1038 1.1048 1.1051 1.1054 1.1065 1.1078 1.1083 1.1089 1.1097 1.1106 1.1115 1.1125 1.1141 1.1157 1.1173 1.1194 1.1227 1.1275 1.1345 1.1455 1.1642 1.1992 
160.5 1.0881 1.088 1.088 1.0879 1.0878 1.0877 1.0876 1.0875 1.0874 1.0872 1.087 1.0868 1.0866 1.0864 1.0861 1.0858 1.0855 1.0851 1.0848 1.0846 1.0843 1.084 1.0836 1.0834 1.0833 1.0833 1.0834 1.0835 1.0836 1.0837 1.084 1.0845 1.0849 1.085 1.0851 1.0853 1.0855 1.0857 1.0859 1.0861 1.0862 1.0863 1.0865 1.0869 1.0873 1.0877 1.088 1.0884 1.0889 1.0895 1.0897 1.0898 1.09 1.0906 1.0911 1.0913 1.0914 1.0916 1.0922 1.0928 1.0932 1.0935 1.0937 1.0936 1.0936 1.0939 1.0943 1.0946 1.0945 1.0945 1.0965 1.0988 1.1002 1.1 1.0997 1.1005 1.1014 1.1024 1.1035 1.1046 1.105 1.1054 1.1065 1.1076 1.1081 1.1085 1.1094 1.1102 1.1112 1.1122 1.1138 1.1154 1.117 1.1192 1.1226 1.1274 1.1345 1.1455 1.1642 1.1993 
161 1.088 1.088 1.0879 1.0878 1.0878 1.0877 1.0876 1.0875 1.0873 1.0872 1.087 1.0868 1.0865 1.0863 1.086 1.0858 1.0855 1.0852 1.0849 1.0847 1.0845 1.0842 1.084 1.0839 1.0838 1.0839 1.0841 1.0843 1.0842 1.0841 1.0843 1.0848 1.0851 1.085 1.0849 1.0851 1.0854 1.0856 1.0858 1.0859 1.086 1.0861 1.0863 1.0867 1.0871 1.0874 1.0878 1.0882 1.0887 1.0891 1.0895 1.0898 1.0902 1.0908 1.0914 1.0914 1.0912 1.0912 1.0919 1.0926 1.0933 1.0939 1.0943 1.0941 1.094 1.094 1.0941 1.0943 1.0947 1.0951 1.0967 1.0985 1.0996 1.0995 1.0995 1.1002 1.1011 1.1021 1.1032 1.1044 1.105 1.1055 1.1064 1.1074 1.1078 1.1082 1.109 1.1099 1.1109 1.1118 1.1135 1.1151 1.1168 1.1191 1.1224 1.1273 1.1344 1.1455 1.1642 1.1995 
161.5 1.0879 1.0879 1.0879 1.0878 1.0877 1.0876 1.0875 1.0874 1.0873 1.0871 1.0869 1.0867 1.0865 1.0863 1.086 1.0857 1.0855 1.0852 1.085 1.0848 1.0846 1.0845 1.0843 1.0844 1.0844 1.0846 1.0848 1.085 1.0847 1.0844 1.0846 1.085 1.0854 1.085 1.0847 1.0849 1.0853 1.0856 1.0857 1.0857 1.0858 1.0859 1.0861 1.0864 1.0868 1.0872 1.0876 1.088 1.0884 1.0888 1.0893 1.0898 1.0904 1.091 1.0917 1.0915 1.0909 1.0908 1.0916 1.0924 1.0933 1.0943 1.0948 1.0946 1.0944 1.0941 1.0939 1.0941 1.0949 1.0957 1.0969 1.0981 1.099 1.0991 1.0992 1.1 1.1008 1.1018 1.103 1.1042 1.1049 1.1055 1.1064 1.1073 1.1076 1.1078 1.1087 1.1096 1.1105 1.1115 1.1132 1.1148 1.1166 1.1189 1.1223 1.1273 1.1344 1.1454 1.1642 1.1996 
162 1.0879 1.0879 1.0878 1.0878 1.0877 1.0876 1.0875 1.0874 1.0872 1.0871 1.0869 1.0867 1.0865 1.0863 1.086 1.0858 1.0855 1.0853 1.0851 1.0849 1.0848 1.0847 1.0846 1.0847 1.0848 1.085 1.0853 1.0855 1.0851 1.0847 1.0848 1.0853 1.0856 1.0851 1.0847 1.0849 1.0853 1.0857 1.0857 1.0857 1.0858 1.086 1.0862 1.0864 1.0866 1.087 1.0875 1.088 1.0882 1.0884 1.089 1.0897 1.0904 1.091 1.0917 1.0914 1.0908 1.0906 1.0914 1.0922 1.0932 1.0943 1.0949 1.0948 1.0947 1.0944 1.094 1.0941 1.095 1.0959 1.0969 1.0978 1.0986 1.0989 1.0992 1.1002 1.1012 1.1017 1.1028 1.104 1.1048 1.1056 1.1064 1.1071 1.1074 1.1077 1.1086 1.1095 1.1104 1.1114 1.1131 1.1147 1.1165 1.1188 1.1222 1.1272 1.1343 1.1454 1.1642 1.1996 
162.5 1.0879 1.0879 1.0879 1.0878 1.0877 1.0876 1.0875 1.0874 1.0873 1.0871 1.0869 1.0868 1.0866 1.0863 1.0861 1.0859 1.0857 1.0854 1.0852 1.085 1.0849 1.0848 1.0848 1.0848 1.0849 1.0851 1.0854 1.0856 1.0852 1.0849 1.085 1.0855 1.0858 1.0853 1.0849 1.0851 1.0856 1.086 1.0859 1.0859 1.0861 1.0864 1.0866 1.0866 1.0866 1.087 1.0876 1.0881 1.088 1.0879 1.0886 1.0896 1.0904 1.0908 1.0911 1.091 1.0907 1.0906 1.0913 1.0919 1.0928 1.0938 1.0945 1.0947 1.0949 1.0947 1.0943 1.0944 1.0951 1.0958 1.0967 1.0976 1.0984 1.0989 1.0994 1.1008 1.1023 1.1019 1.1027 1.1037 1.1047 1.1056 1.1063 1.1071 1.1075 1.1079 1.1088 1.1096 1.1106 1.1115 1.1132 1.1148 1.1165 1.1188 1.1222 1.1271 1.1342 1.1452 1.164 1.1995 
163 1.088 1.0879 1.0879 1.0878 1.0877 1.0877 1.0876 1.0874 1.0873 1.0872 1.087 1.0868 1.0866 1.0864 1.0862 1.086 1.0858 1.0855 1.0853 1.0852 1.0851 1.085 1.0849 1.085 1.085 1.0852 1.0855 1.0857 1.0853 1.085 1.0852 1.0857 1.086 1.0855 1.0851 1.0853 1.0859 1.0863 1.0862 1.0861 1.0863 1.0868 1.0871 1.0868 1.0865 1.087 1.0877 1.0882 1.0878 1.0875 1.0883 1.0895 1.0904 1.0905 1.0906 1.0906 1.0906 1.0907 1.0911 1.0916 1.0924 1.0933 1.0941 1.0946 1.0951 1.095 1.0947 1.0946 1.0951 1.0956 1.0965 1.0974 1.0983 1.099 1.0997 1.1015 1.1034 1.1021 1.1027 1.1035 1.1045 1.1056 1.1063 1.107 1.1076 1.1082 1.109 1.1098 1.1107 1.1117 1.1134 1.1149 1.1166 1.1188 1.1222 1.127 1.1341 1.1451 1.1639 1.1994 
163.5 1.088 1.0879 1.0879 1.0878 1.0878 1.0877 1.0876 1.0875 1.0873 1.0872 1.087 1.0869 1.0867 1.0865 1.0863 1.0861 1.0859 1.0857 1.0855 1.0853 1.0852 1.0851 1.085 1.0851 1.0851 1.0853 1.0856 1.0858 1.0855 1.0852 1.0854 1.0858 1.0862 1.0857 1.0853 1.0856 1.0861 1.0865 1.0864 1.0862 1.0866 1.0872 1.0875 1.087 1.0865 1.087 1.0878 1.0884 1.0877 1.087 1.0879 1.0893 1.0903 1.0902 1.0901 1.0902 1.0905 1.0907 1.091 1.0912 1.092 1.0928 1.0937 1.0945 1.0954 1.0953 1.095 1.0949 1.0952 1.0954 1.0963 1.0972 1.0982 1.099 1.0999 1.1021 1.1046 1.1023 1.1026 1.1032 1.1044 1.1056 1.1063 1.1069 1.1077 1.1084 1.1092 1.1099 1.1109 1.1118 1.1135 1.115 1.1167 1.1188 1.1221 1.1269 1.134 1.145 1.1638 1.1992 
164 1.088 1.088 1.0879 1.0879 1.0878 1.0877 1.0876 1.0875 1.0874 1.0872 1.087 1.0869 1.0867 1.0865 1.0863 1.086 1.0858 1.0856 1.0854 1.0852 1.0851 1.085 1.0849 1.0849 1.0848 1.085 1.0852 1.0854 1.0852 1.085 1.0852 1.0856 1.0858 1.0855 1.0852 1.0854 1.0858 1.0861 1.086 1.0859 1.0863 1.0869 1.0872 1.0867 1.0862 1.0867 1.0875 1.088 1.0875 1.0869 1.0878 1.0891 1.09 1.0899 1.0898 1.0901 1.0905 1.0909 1.0911 1.0914 1.092 1.0926 1.0934 1.0943 1.0953 1.0954 1.0953 1.0953 1.0956 1.0959 1.0967 1.0976 1.0985 1.0994 1.1002 1.1023 1.1045 1.1026 1.1028 1.1033 1.1044 1.1056 1.1063 1.1069 1.108 1.109 1.1097 1.1103 1.1112 1.1121 1.1137 1.1152 1.1168 1.1189 1.1222 1.127 1.134 1.145 1.1637 1.1991 
164.5 1.088 1.088 1.0879 1.0879 1.0878 1.0877 1.0876 1.0875 1.0874 1.0872 1.087 1.0868 1.0866 1.0864 1.0862 1.0859 1.0856 1.0854 1.0851 1.0849 1.0848 1.0846 1.0845 1.0844 1.0844 1.0844 1.0846 1.0847 1.0847 1.0847 1.0848 1.0851 1.0853 1.0851 1.085 1.085 1.0851 1.0852 1.0853 1.0853 1.0857 1.0863 1.0866 1.0863 1.0859 1.0863 1.087 1.0875 1.0872 1.087 1.0877 1.0887 1.0895 1.0896 1.0898 1.0902 1.0907 1.0911 1.0914 1.0917 1.0921 1.0926 1.0932 1.0941 1.0951 1.0954 1.0955 1.0958 1.0962 1.0966 1.0974 1.0983 1.0991 1.0999 1.1006 1.1022 1.104 1.1029 1.1031 1.1035 1.1045 1.1056 1.1063 1.107 1.1084 1.1098 1.1103 1.1107 1.1116 1.1125 1.1139 1.1153 1.1169 1.119 1.1223 1.1271 1.1341 1.1451 1.1637 1.199 
165 1.0881 1.088 1.088 1.0879 1.0878 1.0877 1.0876 1.0875 1.0873 1.0872 1.087 1.0868 1.0866 1.0863 1.086 1.0858 1.0855 1.0851 1.0849 1.0847 1.0845 1.0843 1.0841 1.084 1.0839 1.0839 1.084 1.084 1.0842 1.0843 1.0845 1.0846 1.0847 1.0847 1.0848 1.0847 1.0845 1.0844 1.0846 1.0848 1.0852 1.0856 1.086 1.0858 1.0856 1.0859 1.0865 1.0869 1.087 1.0871 1.0877 1.0884 1.089 1.0894 1.0897 1.0902 1.0908 1.0913 1.0916 1.092 1.0923 1.0925 1.093 1.0939 1.0949 1.0954 1.0958 1.0962 1.0968 1.0974 1.0981 1.0989 1.0996 1.1003 1.101 1.1022 1.1034 1.1032 1.1034 1.1038 1.1046 1.1055 1.1063 1.107 1.1087 1.1105 1.1109 1.1112 1.112 1.1129 1.1141 1.1155 1.117 1.1192 1.1225 1.1272 1.1342 1.1451 1.1637 1.1989 
165.5 1.0881 1.088 1.088 1.0879 1.0878 1.0878 1.0876 1.0875 1.0873 1.0872 1.087 1.0867 1.0865 1.0862 1.0859 1.0856 1.0853 1.0849 1.0847 1.0844 1.0842 1.084 1.0838 1.0836 1.0835 1.0834 1.0833 1.0833 1.0837 1.084 1.0841 1.0841 1.0841 1.0843 1.0845 1.0843 1.0839 1.0836 1.0839 1.0842 1.0846 1.085 1.0854 1.0853 1.0852 1.0855 1.086 1.0864 1.0868 1.0872 1.0877 1.0881 1.0886 1.0891 1.0896 1.0902 1.0909 1.0915 1.0919 1.0923 1.0924 1.0925 1.0928 1.0937 1.0946 1.0954 1.096 1.0967 1.0974 1.0981 1.0988 1.0995 1.1002 1.1008 1.1014 1.1021 1.1029 1.1035 1.1038 1.104 1.1047 1.1055 1.1063 1.107 1.1091 1.1113 1.1115 1.1116 1.1124 1.1132 1.1143 1.1156 1.1171 1.1193 1.1226 1.1274 1.1344 1.1452 1.1637 1.1988 
166 1.0881 1.0881 1.088 1.088 1.0879 1.0878 1.0877 1.0875 1.0874 1.0872 1.087 1.0868 1.0865 1.0863 1.086 1.0857 1.0854 1.085 1.0848 1.0846 1.0844 1.0842 1.0841 1.0839 1.0837 1.0837 1.0838 1.0838 1.0841 1.0843 1.0844 1.0844 1.0844 1.0845 1.0846 1.0844 1.0841 1.084 1.0843 1.0847 1.0851 1.0854 1.0857 1.0857 1.0857 1.086 1.0865 1.087 1.0874 1.0878 1.0881 1.0884 1.0887 1.089 1.0893 1.09 1.0907 1.0913 1.0917 1.0922 1.0924 1.0926 1.0931 1.094 1.0949 1.0957 1.0964 1.097 1.0973 1.0976 1.0982 1.0988 1.0996 1.1005 1.1015 1.1019 1.1024 1.1032 1.1035 1.1037 1.1046 1.1056 1.1064 1.1071 1.1087 1.1104 1.1108 1.1111 1.1119 1.1128 1.114 1.1154 1.1169 1.1191 1.1225 1.1273 1.1343 1.1452 1.1639 1.1991 
166.5 1.0882 1.0881 1.0881 1.088 1.0879 1.0878 1.0877 1.0876 1.0874 1.0872 1.087 1.0868 1.0866 1.0863 1.0861 1.0858 1.0855 1.0852 1.0849 1.0847 1.0846 1.0845 1.0844 1.0842 1.0841 1.0841 1.0843 1.0844 1.0845 1.0846 1.0847 1.0847 1.0847 1.0847 1.0846 1.0845 1.0845 1.0845 1.0849 1.0853 1.0856 1.0859 1.0861 1.0862 1.0862 1.0866 1.0871 1.0876 1.088 1.0883 1.0885 1.0887 1.0889 1.089 1.0891 1.0897 1.0904 1.091 1.0915 1.092 1.0924 1.0928 1.0934 1.0943 1.0952 1.096 1.0968 1.0973 1.0971 1.097 1.0974 1.098 1.0988 1.1002 1.1015 1.1018 1.1018 1.1029 1.1032 1.1034 1.1045 1.1057 1.1064 1.1071 1.1082 1.1094 1.11 1.1105 1.1114 1.1123 1.1136 1.1151 1.1167 1.1189 1.1223 1.1272 1.1343 1.1453 1.164 1.1994 
167 1.0882 1.0882 1.0881 1.088 1.088 1.0879 1.0877 1.0876 1.0875 1.0873 1.0871 1.0869 1.0866 1.0864 1.0861 1.0859 1.0856 1.0853 1.0851 1.0849 1.0848 1.0847 1.0847 1.0845 1.0844 1.0845 1.0848 1.085 1.085 1.085 1.085 1.085 1.0851 1.0848 1.0846 1.0847 1.0849 1.0851 1.0855 1.0859 1.0862 1.0864 1.0866 1.0867 1.0868 1.0872 1.0878 1.0883 1.0886 1.0889 1.089 1.0891 1.0891 1.089 1.0889 1.0894 1.0901 1.0908 1.0913 1.0918 1.0924 1.0929 1.0937 1.0946 1.0956 1.0964 1.0972 1.0975 1.0969 1.0964 1.0967 1.0971 1.0981 1.0999 1.1016 1.1016 1.1013 1.1025 1.1029 1.1031 1.1044 1.1059 1.1065 1.1071 1.1077 1.1083 1.1091 1.1098 1.1108 1.1117 1.1132 1.1148 1.1165 1.1187 1.1222 1.1271 1.1343 1.1453 1.1642 1.1998 
167.5 1.0882 1.0882 1.0881 1.0881 1.088 1.0879 1.0878 1.0877 1.0875 1.0873 1.0871 1.0869 1.0867 1.0864 1.0862 1.0859 1.0857 1.0854 1.0852 1.0851 1.085 1.085 1.0849 1.0848 1.0847 1.0849 1.0852 1.0855 1.0854 1.0853 1.0853 1.0853 1.0853 1.085 1.0847 1.0848 1.0852 1.0856 1.086 1.0864 1.0866 1.0868 1.087 1.0871 1.0872 1.0877 1.0883 1.0889 1.0891 1.0894 1.0894 1.0894 1.0893 1.089 1.0888 1.0893 1.09 1.0906 1.0911 1.0917 1.0923 1.093 1.0938 1.0947 1.0957 1.0966 1.0974 1.0977 1.0968 1.0959 1.0962 1.0966 1.0976 1.0996 1.1016 1.1014 1.1009 1.1022 1.1026 1.1028 1.1043 1.1059 1.1065 1.1071 1.1073 1.1075 1.1084 1.1093 1.1103 1.1113 1.1129 1.1145 1.1163 1.1186 1.122 1.127 1.1342 1.1453 1.1642 1.2001 
168 1.0882 1.0882 1.0881 1.0881 1.088 1.0879 1.0878 1.0877 1.0875 1.0873 1.0872 1.0869 1.0867 1.0865 1.0862 1.086 1.0857 1.0854 1.0852 1.0851 1.085 1.0849 1.0849 1.0848 1.0848 1.0849 1.0852 1.0854 1.0853 1.0853 1.0853 1.0853 1.0853 1.0851 1.0849 1.0851 1.0854 1.0857 1.086 1.0863 1.0865 1.0868 1.087 1.0872 1.0873 1.0878 1.0885 1.089 1.0892 1.0893 1.0894 1.0896 1.0897 1.0897 1.0898 1.09 1.0903 1.0906 1.0913 1.092 1.0922 1.0923 1.0927 1.0937 1.0946 1.0956 1.0965 1.0971 1.0969 1.0967 1.0973 1.0979 1.0988 1.1002 1.1015 1.1017 1.1016 1.102 1.1024 1.1028 1.1042 1.1057 1.1063 1.1068 1.1073 1.1078 1.1086 1.1095 1.1104 1.1113 1.113 1.1145 1.1162 1.1184 1.1218 1.1268 1.134 1.1451 1.164 1.1998 
168.5 1.0882 1.0882 1.0881 1.0881 1.088 1.0879 1.0878 1.0877 1.0875 1.0874 1.0872 1.087 1.0867 1.0865 1.0862 1.086 1.0857 1.0855 1.0853 1.0851 1.0849 1.0849 1.0848 1.0848 1.0848 1.0849 1.0851 1.0853 1.0853 1.0853 1.0853 1.0852 1.0852 1.0851 1.0851 1.0853 1.0856 1.0859 1.086 1.0861 1.0864 1.0867 1.087 1.0872 1.0874 1.088 1.0887 1.0892 1.0892 1.0892 1.0895 1.0898 1.0901 1.0904 1.0908 1.0907 1.0906 1.0907 1.0915 1.0923 1.0921 1.0916 1.0916 1.0926 1.0936 1.0946 1.0956 1.0965 1.097 1.0976 1.0984 1.0992 1.1 1.1007 1.1014 1.1019 1.1023 1.1017 1.1022 1.1028 1.1041 1.1055 1.1061 1.1066 1.1073 1.108 1.1088 1.1096 1.1105 1.1113 1.113 1.1146 1.1162 1.1183 1.1217 1.1266 1.1338 1.1449 1.1638 1.1996 
169 1.0882 1.0882 1.0881 1.0881 1.088 1.0879 1.0878 1.0877 1.0875 1.0874 1.0872 1.087 1.0868 1.0865 1.0863 1.086 1.0858 1.0855 1.0853 1.0851 1.0849 1.0848 1.0848 1.0848 1.0848 1.0849 1.085 1.0851 1.0852 1.0853 1.0853 1.0852 1.0851 1.0852 1.0853 1.0855 1.0858 1.086 1.086 1.086 1.0863 1.0867 1.087 1.0873 1.0875 1.0881 1.0888 1.0894 1.0893 1.0891 1.0895 1.09 1.0906 1.0911 1.0917 1.0914 1.0909 1.0907 1.0917 1.0926 1.092 1.091 1.0906 1.0915 1.0925 1.0936 1.0947 1.0959 1.0971 1.0984 1.0995 1.1005 1.1012 1.1012 1.1013 1.1021 1.103 1.1014 1.102 1.1028 1.104 1.1053 1.1058 1.1063 1.1073 1.1083 1.109 1.1097 1.1105 1.1114 1.1131 1.1146 1.1161 1.1182 1.1215 1.1264 1.1335 1.1446 1.1636 1.1993 
169.5 1.0882 1.0881 1.0881 1.088 1.0879 1.0879 1.0877 1.0876 1.0875 1.0873 1.0872 1.087 1.0867 1.0865 1.0863 1.086 1.0858 1.0856 1.0853 1.0851 1.0849 1.0848 1.0847 1.0847 1.0848 1.0849 1.085 1.0851 1.0852 1.0852 1.0852 1.0851 1.0851 1.0853 1.0854 1.0857 1.086 1.0862 1.0861 1.086 1.0863 1.0867 1.0871 1.0873 1.0874 1.0881 1.0888 1.0893 1.0889 1.0885 1.0891 1.09 1.0909 1.0916 1.0924 1.092 1.0913 1.091 1.0918 1.0926 1.0919 1.0909 1.0904 1.0911 1.0919 1.0931 1.0944 1.0957 1.0971 1.0985 1.0998 1.101 1.1017 1.1013 1.1009 1.102 1.1033 1.1014 1.1019 1.1028 1.104 1.1052 1.1057 1.1061 1.1072 1.1084 1.1091 1.1098 1.1106 1.1113 1.1131 1.1146 1.1161 1.1182 1.1215 1.1263 1.1334 1.1445 1.1634 1.1992 
170 1.088 1.088 1.0879 1.0879 1.0878 1.0877 1.0876 1.0875 1.0874 1.0872 1.0871 1.0869 1.0867 1.0865 1.0862 1.086 1.0858 1.0855 1.0853 1.0851 1.0849 1.0847 1.0845 1.0846 1.0846 1.0847 1.085 1.0851 1.085 1.0849 1.085 1.0851 1.0852 1.0853 1.0854 1.0857 1.086 1.0863 1.0862 1.086 1.0863 1.0868 1.0872 1.0872 1.0872 1.0878 1.0885 1.0888 1.0879 1.0869 1.088 1.0897 1.0912 1.0917 1.0923 1.0922 1.092 1.0918 1.0919 1.092 1.0919 1.0917 1.0917 1.0919 1.0921 1.0935 1.095 1.0963 1.0969 1.0976 1.0989 1.1003 1.101 1.1006 1.1001 1.1015 1.1031 1.1018 1.1021 1.1026 1.1039 1.1052 1.1056 1.106 1.1072 1.1084 1.1091 1.1098 1.1105 1.1112 1.1131 1.1147 1.1163 1.1184 1.1217 1.1265 1.1337 1.1447 1.1635 1.1993 
170.5 1.0879 1.0878 1.0878 1.0877 1.0877 1.0876 1.0875 1.0874 1.0873 1.0871 1.087 1.0868 1.0866 1.0864 1.0862 1.086 1.0857 1.0855 1.0853 1.0851 1.0848 1.0846 1.0844 1.0844 1.0844 1.0846 1.0849 1.0852 1.0849 1.0846 1.0847 1.085 1.0853 1.0853 1.0854 1.0857 1.0861 1.0865 1.0863 1.0861 1.0864 1.0869 1.0873 1.0871 1.087 1.0875 1.0882 1.0883 1.0868 1.0853 1.0869 1.0894 1.0914 1.0919 1.0923 1.0925 1.0927 1.0926 1.092 1.0914 1.0918 1.0926 1.093 1.0927 1.0923 1.0938 1.0956 1.0968 1.0967 1.0966 1.098 1.0996 1.1004 1.0998 1.0993 1.1009 1.1028 1.1023 1.1023 1.1025 1.1038 1.1053 1.1056 1.1059 1.1071 1.1084 1.1091 1.1097 1.1104 1.1111 1.1131 1.1148 1.1165 1.1186 1.122 1.1268 1.1339 1.1449 1.1636 1.1994 
171 1.0877 1.0877 1.0876 1.0876 1.0875 1.0874 1.0873 1.0872 1.0871 1.087 1.0869 1.0867 1.0865 1.0864 1.0862 1.0859 1.0857 1.0855 1.0853 1.0851 1.0848 1.0845 1.0842 1.0842 1.0842 1.0844 1.0849 1.0852 1.0848 1.0843 1.0845 1.085 1.0854 1.0854 1.0854 1.0857 1.0862 1.0866 1.0864 1.0862 1.0865 1.087 1.0874 1.0871 1.0868 1.0872 1.0879 1.0879 1.0858 1.0838 1.0858 1.0891 1.0917 1.092 1.0922 1.0928 1.0933 1.0934 1.0921 1.0907 1.0918 1.0934 1.0943 1.0934 1.0926 1.0942 1.0963 1.0974 1.0965 1.0956 1.097 1.0988 1.0997 1.0991 1.0984 1.1003 1.1025 1.1027 1.1025 1.1024 1.1037 1.1053 1.1056 1.1057 1.107 1.1084 1.1091 1.1097 1.1103 1.1109 1.113 1.1148 1.1166 1.1189 1.1222 1.127 1.1341 1.145 1.1637 1.1995 
171.5 1.0878 1.0878 1.0877 1.0876 1.0876 1.0875 1.0874 1.0873 1.0872 1.0871 1.0869 1.0868 1.0866 1.0864 1.0862 1.086 1.0858 1.0856 1.0853 1.0852 1.0849 1.0846 1.0844 1.0844 1.0844 1.0846 1.0849 1.0852 1.0847 1.0843 1.0845 1.0851 1.0855 1.0855 1.0855 1.0858 1.0863 1.0866 1.0864 1.0863 1.0865 1.0869 1.0872 1.0871 1.0869 1.0872 1.0877 1.0876 1.0859 1.0842 1.086 1.089 1.0913 1.0917 1.0922 1.0927 1.0931 1.093 1.0918 1.0906 1.0917 1.0935 1.0944 1.0933 1.0922 1.0937 1.0957 1.0969 1.0963 1.0957 1.0973 1.0991 1.1002 1.0998 1.0995 1.1009 1.1025 1.103 1.1028 1.1026 1.1039 1.1054 1.1056 1.1057 1.107 1.1083 1.109 1.1097 1.1103 1.111 1.113 1.1149 1.1166 1.1189 1.1223 1.1271 1.1342 1.1451 1.1638 1.1996 
172 1.088 1.088 1.0879 1.0879 1.0878 1.0877 1.0876 1.0875 1.0874 1.0873 1.0871 1.087 1.0868 1.0866 1.0864 1.0862 1.086 1.0857 1.0855 1.0853 1.0851 1.0849 1.0847 1.0848 1.0849 1.085 1.085 1.085 1.0848 1.0846 1.0848 1.0853 1.0857 1.0857 1.0858 1.0859 1.0862 1.0864 1.0864 1.0864 1.0866 1.0868 1.087 1.0871 1.0873 1.0874 1.0876 1.0876 1.0868 1.086 1.0871 1.0888 1.0904 1.0913 1.0922 1.0923 1.0921 1.0919 1.0913 1.0907 1.0917 1.0931 1.0937 1.0925 1.0914 1.0926 1.0943 1.0956 1.0961 1.0966 1.0982 1.1001 1.1014 1.1016 1.1018 1.1023 1.1028 1.1033 1.1032 1.1031 1.1043 1.1056 1.1058 1.1059 1.107 1.1082 1.109 1.1097 1.1104 1.1112 1.1131 1.1148 1.1166 1.1189 1.1222 1.1271 1.1342 1.1452 1.1639 1.1997 
172.5 1.0883 1.0882 1.0882 1.0881 1.0881 1.088 1.0879 1.0878 1.0876 1.0875 1.0873 1.0872 1.087 1.0868 1.0866 1.0864 1.0861 1.0859 1.0857 1.0855 1.0853 1.0852 1.0851 1.0853 1.0854 1.0854 1.0851 1.0849 1.0849 1.0849 1.0851 1.0855 1.0859 1.0859 1.086 1.0861 1.0862 1.0863 1.0864 1.0865 1.0866 1.0866 1.0868 1.0872 1.0876 1.0876 1.0875 1.0875 1.0876 1.0878 1.0882 1.0887 1.0895 1.0908 1.0922 1.0919 1.0912 1.0907 1.0908 1.0908 1.0916 1.0926 1.0929 1.0918 1.0906 1.0916 1.093 1.0944 1.0959 1.0974 1.0992 1.1012 1.1027 1.1034 1.1042 1.1037 1.103 1.1036 1.1036 1.1036 1.1046 1.1058 1.1059 1.106 1.107 1.1081 1.1089 1.1097 1.1105 1.1113 1.1131 1.1148 1.1165 1.1188 1.1222 1.1271 1.1342 1.1452 1.164 1.1999 
173 1.0885 1.0885 1.0884 1.0883 1.0883 1.0882 1.0881 1.088 1.0879 1.0877 1.0875 1.0874 1.0872 1.087 1.0868 1.0865 1.0863 1.086 1.0858 1.0856 1.0855 1.0855 1.0854 1.0857 1.086 1.0857 1.0852 1.0848 1.085 1.0851 1.0854 1.0858 1.0861 1.0862 1.0862 1.0862 1.0861 1.0861 1.0864 1.0866 1.0866 1.0865 1.0865 1.0872 1.0879 1.0878 1.0874 1.0874 1.0885 1.0896 1.0893 1.0886 1.0886 1.0904 1.0922 1.0916 1.0903 1.0895 1.0902 1.0909 1.0915 1.0922 1.0922 1.091 1.0899 1.0905 1.0916 1.0931 1.0957 1.0982 1.1002 1.1022 1.1039 1.1052 1.1065 1.1051 1.1032 1.1039 1.104 1.104 1.1049 1.1059 1.106 1.1061 1.107 1.108 1.1088 1.1097 1.1106 1.1115 1.1132 1.1148 1.1165 1.1188 1.1222 1.127 1.1342 1.1452 1.1641 1.2 
173.5 1.0886 1.0886 1.0885 1.0884 1.0884 1.0883 1.0882 1.0881 1.088 1.0878 1.0877 1.0875 1.0873 1.0871 1.0869 1.0867 1.0864 1.0862 1.086 1.0858 1.0857 1.0857 1.0857 1.0859 1.0861 1.0859 1.0855 1.0851 1.0854 1.0856 1.0858 1.086 1.0861 1.0863 1.0864 1.0864 1.0863 1.0862 1.0865 1.0869 1.0869 1.0869 1.087 1.0873 1.0877 1.0876 1.0873 1.0873 1.0885 1.0896 1.0894 1.0887 1.0887 1.0903 1.0919 1.0916 1.0907 1.0902 1.0908 1.0915 1.0921 1.0927 1.0927 1.0916 1.0905 1.0911 1.0921 1.0935 1.0958 1.0981 1.0998 1.1015 1.103 1.1041 1.1053 1.1042 1.1028 1.1031 1.1034 1.1037 1.1045 1.1055 1.1058 1.106 1.1069 1.1078 1.1087 1.1096 1.1105 1.1114 1.1131 1.1146 1.1163 1.1185 1.1219 1.1268 1.1339 1.1451 1.1641 1.2 
174 1.0886 1.0886 1.0885 1.0885 1.0884 1.0884 1.0883 1.0882 1.088 1.0879 1.0877 1.0876 1.0874 1.0872 1.087 1.0868 1.0866 1.0864 1.0862 1.086 1.0859 1.0859 1.0858 1.086 1.0862 1.086 1.0858 1.0855 1.0859 1.0862 1.0862 1.0861 1.0861 1.0864 1.0867 1.0866 1.0865 1.0864 1.0867 1.0871 1.0873 1.0874 1.0875 1.0875 1.0874 1.0873 1.0872 1.0873 1.0882 1.0891 1.0891 1.0889 1.089 1.0903 1.0916 1.0917 1.0913 1.0912 1.0917 1.0921 1.0928 1.0934 1.0935 1.0925 1.0915 1.092 1.093 1.0942 1.096 1.0979 1.0992 1.1004 1.1015 1.1024 1.1033 1.1029 1.1023 1.1022 1.1026 1.1031 1.104 1.1049 1.1054 1.1059 1.1068 1.1077 1.1086 1.1095 1.1104 1.1113 1.113 1.1145 1.1161 1.1182 1.1215 1.1265 1.1337 1.1449 1.1639 1.2 
174.5 1.0887 1.0887 1.0886 1.0886 1.0885 1.0884 1.0883 1.0882 1.0881 1.088 1.0878 1.0877 1.0875 1.0873 1.0871 1.0869 1.0867 1.0866 1.0864 1.0862 1.0861 1.0861 1.086 1.0861 1.0862 1.0862 1.086 1.086 1.0863 1.0867 1.0866 1.0863 1.0861 1.0865 1.0869 1.0869 1.0866 1.0865 1.0869 1.0873 1.0876 1.0879 1.0881 1.0876 1.0871 1.087 1.087 1.0872 1.088 1.0887 1.0889 1.089 1.0893 1.0903 1.0913 1.0917 1.092 1.0922 1.0925 1.0928 1.0934 1.0942 1.0944 1.0934 1.0924 1.093 1.0938 1.0949 1.0963 1.0976 1.0985 1.0993 1.1 1.1007 1.1013 1.1016 1.1018 1.1012 1.1018 1.1025 1.1034 1.1044 1.1051 1.1058 1.1067 1.1076 1.1084 1.1093 1.1102 1.1111 1.1128 1.1143 1.1158 1.1179 1.1212 1.1261 1.1334 1.1446 1.1638 1.2 
175 1.0887 1.0887 1.0886 1.0886 1.0885 1.0885 1.0884 1.0883 1.0882 1.088 1.0879 1.0877 1.0876 1.0874 1.0872 1.087 1.0869 1.0867 1.0865 1.0864 1.0863 1.0862 1.0862 1.0862 1.0862 1.0863 1.0863 1.0863 1.0868 1.0872 1.087 1.0864 1.0861 1.0866 1.0871 1.0871 1.0868 1.0866 1.0871 1.0875 1.088 1.0884 1.0886 1.0877 1.0869 1.0868 1.087 1.0872 1.0878 1.0883 1.0887 1.0891 1.0896 1.0903 1.091 1.0918 1.0925 1.0931 1.0933 1.0934 1.094 1.0948 1.0951 1.0942 1.0933 1.0938 1.0947 1.0955 1.0965 1.0974 1.0978 1.0982 1.0986 1.099 1.0995 1.1004 1.1013 1.1003 1.101 1.102 1.1029 1.1039 1.1048 1.1057 1.1066 1.1075 1.1084 1.1092 1.1101 1.1111 1.1128 1.1142 1.1156 1.1176 1.1209 1.1259 1.1332 1.1445 1.1637 1.2 
175.5 1.0885 1.0884 1.0884 1.0883 1.0883 1.0882 1.0881 1.088 1.0878 1.0877 1.0875 1.0873 1.0871 1.0869 1.0867 1.0865 1.0863 1.0861 1.0859 1.0858 1.0856 1.0856 1.0855 1.0855 1.0855 1.0855 1.0856 1.0856 1.0859 1.0862 1.0861 1.0858 1.0856 1.0859 1.0862 1.0862 1.0861 1.0862 1.0866 1.0871 1.0876 1.0882 1.0885 1.088 1.0875 1.0874 1.0874 1.0876 1.0881 1.0885 1.0889 1.0893 1.0897 1.0902 1.0907 1.0914 1.0921 1.0927 1.0928 1.093 1.0936 1.0942 1.0945 1.0939 1.0933 1.0939 1.0946 1.0954 1.0963 1.0972 1.0977 1.0981 1.0986 1.0991 1.0997 1.1007 1.1017 1.1011 1.1019 1.1029 1.1039 1.1049 1.1058 1.1067 1.1076 1.1085 1.1093 1.1102 1.111 1.1119 1.1134 1.1148 1.1162 1.1182 1.1214 1.1264 1.1336 1.1448 1.1639 1.2001 
176 1.0882 1.0882 1.0881 1.0881 1.088 1.0879 1.0878 1.0876 1.0875 1.0873 1.0871 1.0869 1.0867 1.0865 1.0862 1.086 1.0858 1.0856 1.0853 1.0851 1.085 1.0849 1.0848 1.0848 1.0848 1.0848 1.0848 1.0849 1.0851 1.0853 1.0852 1.0851 1.085 1.0852 1.0853 1.0854 1.0855 1.0857 1.0862 1.0868 1.0873 1.0879 1.0883 1.0882 1.0881 1.088 1.0879 1.088 1.0884 1.0888 1.0891 1.0895 1.0898 1.0901 1.0905 1.091 1.0917 1.0922 1.0924 1.0926 1.0931 1.0937 1.094 1.0937 1.0934 1.0939 1.0945 1.0952 1.0961 1.0969 1.0975 1.098 1.0985 1.0992 1.1 1.101 1.102 1.1019 1.1028 1.1038 1.1048 1.1058 1.1068 1.1077 1.1086 1.1095 1.1103 1.1111 1.1119 1.1127 1.1141 1.1154 1.1168 1.1188 1.122 1.1269 1.134 1.1451 1.1641 1.2001 
176.5 1.088 1.0879 1.0879 1.0878 1.0877 1.0876 1.0875 1.0873 1.0872 1.087 1.0868 1.0865 1.0863 1.086 1.0858 1.0855 1.0852 1.085 1.0848 1.0845 1.0844 1.0842 1.0841 1.0841 1.0841 1.0841 1.0841 1.0841 1.0842 1.0843 1.0844 1.0845 1.0845 1.0844 1.0843 1.0845 1.0849 1.0852 1.0858 1.0864 1.087 1.0876 1.0882 1.0884 1.0886 1.0886 1.0884 1.0884 1.0887 1.089 1.0894 1.0896 1.0899 1.09 1.0902 1.0906 1.0912 1.0917 1.092 1.0922 1.0926 1.0931 1.0934 1.0934 1.0934 1.0939 1.0944 1.0951 1.0959 1.0967 1.0973 1.0978 1.0985 1.0994 1.1002 1.1013 1.1023 1.1027 1.1037 1.1047 1.1058 1.1068 1.1078 1.1087 1.1096 1.1105 1.1113 1.112 1.1128 1.1136 1.1147 1.1159 1.1173 1.1193 1.1226 1.1274 1.1345 1.1455 1.1643 1.2002 
177 1.0878 1.0877 1.0877 1.0876 1.0875 1.0874 1.0873 1.0871 1.0869 1.0867 1.0865 1.0863 1.086 1.0857 1.0855 1.0852 1.0849 1.0847 1.0844 1.0842 1.084 1.0839 1.0837 1.0837 1.0837 1.0837 1.0837 1.0837 1.0837 1.0837 1.0839 1.0841 1.0842 1.084 1.0838 1.0841 1.0845 1.085 1.0856 1.0862 1.0869 1.0875 1.0881 1.0885 1.0889 1.0889 1.0887 1.0886 1.0889 1.0892 1.0895 1.0898 1.09 1.09 1.09 1.0904 1.0909 1.0914 1.0917 1.0921 1.0924 1.0927 1.093 1.0932 1.0935 1.094 1.0945 1.0951 1.0958 1.0965 1.0971 1.0977 1.0984 1.0994 1.1004 1.1014 1.1025 1.1032 1.1042 1.1053 1.1063 1.1073 1.1082 1.1092 1.1101 1.1111 1.1118 1.1125 1.1132 1.114 1.1151 1.1162 1.1176 1.1196 1.1229 1.1277 1.1347 1.1457 1.1645 1.2002 
177.5 1.0878 1.0877 1.0877 1.0876 1.0875 1.0874 1.0873 1.0871 1.087 1.0868 1.0866 1.0864 1.0862 1.0859 1.0857 1.0854 1.0852 1.0849 1.0847 1.0845 1.0844 1.0842 1.0841 1.0842 1.0842 1.0842 1.0841 1.084 1.0841 1.0842 1.0843 1.0843 1.0844 1.0843 1.0842 1.0845 1.0849 1.0854 1.086 1.0866 1.0872 1.0878 1.0883 1.0883 1.0883 1.0883 1.0883 1.0885 1.0889 1.0893 1.0897 1.09 1.0903 1.0902 1.0901 1.0906 1.0911 1.0917 1.0921 1.0926 1.0927 1.0927 1.0929 1.0933 1.0938 1.0944 1.095 1.0955 1.0959 1.0963 1.0969 1.0976 1.0984 1.0993 1.1003 1.1013 1.1023 1.103 1.1041 1.1051 1.1057 1.1063 1.1073 1.1084 1.1093 1.1102 1.111 1.1118 1.1125 1.1133 1.1145 1.1158 1.1173 1.1193 1.1226 1.1275 1.1346 1.1456 1.1645 1.2003 
178 1.0877 1.0877 1.0876 1.0876 1.0875 1.0874 1.0873 1.0872 1.087 1.0869 1.0867 1.0865 1.0863 1.0861 1.0859 1.0856 1.0854 1.0852 1.085 1.0849 1.0847 1.0846 1.0845 1.0846 1.0847 1.0846 1.0844 1.0843 1.0845 1.0846 1.0847 1.0846 1.0845 1.0846 1.0846 1.0849 1.0854 1.0858 1.0864 1.087 1.0875 1.0881 1.0885 1.088 1.0876 1.0877 1.088 1.0883 1.0888 1.0893 1.0898 1.0902 1.0905 1.0904 1.0902 1.0907 1.0913 1.0919 1.0925 1.093 1.093 1.0928 1.0928 1.0934 1.094 1.0947 1.0954 1.0959 1.096 1.096 1.0967 1.0975 1.0983 1.0993 1.1002 1.1012 1.1021 1.1029 1.1039 1.1049 1.1052 1.1054 1.1064 1.1076 1.1085 1.1094 1.1103 1.1111 1.1118 1.1126 1.114 1.1153 1.1169 1.119 1.1224 1.1273 1.1344 1.1455 1.1644 1.2004 
178.5 1.0877 1.0877 1.0876 1.0876 1.0875 1.0874 1.0873 1.0872 1.0871 1.0869 1.0868 1.0866 1.0864 1.0862 1.086 1.0858 1.0857 1.0855 1.0853 1.0852 1.0851 1.085 1.0849 1.085 1.0852 1.0851 1.0848 1.0846 1.0849 1.0851 1.085 1.0848 1.0847 1.0849 1.085 1.0854 1.0858 1.0862 1.0868 1.0874 1.0879 1.0884 1.0886 1.0878 1.087 1.0871 1.0877 1.0882 1.0888 1.0894 1.0899 1.0904 1.0907 1.0905 1.0903 1.0908 1.0915 1.0922 1.0929 1.0935 1.0933 1.0928 1.0927 1.0935 1.0943 1.0951 1.0959 1.0963 1.096 1.0958 1.0965 1.0974 1.0983 1.0992 1.1001 1.101 1.1019 1.1027 1.1037 1.1047 1.1046 1.1044 1.1055 1.1068 1.1077 1.1086 1.1095 1.1103 1.1111 1.1119 1.1134 1.1149 1.1165 1.1187 1.1221 1.1271 1.1343 1.1454 1.1644 1.2005 
179 1.0877 1.0877 1.0876 1.0876 1.0875 1.0874 1.0873 1.0872 1.0871 1.087 1.0868 1.0867 1.0865 1.0863 1.0861 1.0859 1.0857 1.0856 1.0854 1.0853 1.0852 1.0851 1.085 1.0851 1.0853 1.0852 1.0849 1.0847 1.085 1.0852 1.0852 1.0849 1.0847 1.085 1.0852 1.0855 1.0859 1.0863 1.0868 1.0873 1.0878 1.0883 1.0885 1.0876 1.0868 1.087 1.0876 1.0882 1.0889 1.0895 1.09 1.0903 1.0906 1.0905 1.0904 1.0909 1.0916 1.0924 1.0931 1.0938 1.0935 1.0929 1.0928 1.0937 1.0946 1.0953 1.096 1.0964 1.0962 1.0959 1.0966 1.0974 1.0983 1.0993 1.1002 1.101 1.1016 1.1026 1.1036 1.1045 1.1045 1.1044 1.1054 1.1066 1.1074 1.1083 1.1092 1.1101 1.1109 1.1117 1.1132 1.1147 1.1164 1.1186 1.1219 1.1269 1.1341 1.1453 1.1643 1.2005 
179.5 1.0877 1.0876 1.0876 1.0875 1.0875 1.0874 1.0873 1.0872 1.0871 1.087 1.0868 1.0866 1.0865 1.0863 1.0861 1.0859 1.0857 1.0855 1.0853 1.0851 1.085 1.0849 1.0848 1.0849 1.085 1.085 1.0848 1.0847 1.0849 1.0851 1.085 1.0848 1.0847 1.0849 1.0852 1.0855 1.0857 1.086 1.0865 1.0869 1.0874 1.0878 1.088 1.0876 1.0871 1.0873 1.0878 1.0883 1.0891 1.0898 1.09 1.09 1.0901 1.0902 1.0903 1.0909 1.0917 1.0924 1.0931 1.0939 1.0935 1.093 1.0929 1.0939 1.0949 1.0954 1.0958 1.0962 1.0963 1.0965 1.097 1.0976 1.0983 1.0994 1.1005 1.101 1.1014 1.1024 1.1034 1.1044 1.1048 1.1052 1.106 1.1069 1.1077 1.1084 1.1094 1.1104 1.1112 1.1119 1.1134 1.1149 1.1164 1.1185 1.1219 1.1268 1.134 1.1452 1.1643 1.2006 
180 1.0877 1.0876 1.0876 1.0875 1.0875 1.0874 1.0873 1.0872 1.0871 1.0869 1.0868 1.0866 1.0864 1.0863 1.0861 1.0858 1.0856 1.0854 1.0852 1.085 1.0848 1.0847 1.0846 1.0847 1.0848 1.0847 1.0846 1.0846 1.0847 1.0849 1.0848 1.0847 1.0846 1.0849 1.0852 1.0854 1.0855 1.0857 1.0861 1.0865 1.0869 1.0873 1.0876 1.0875 1.0874 1.0876 1.088 1.0885 1.0893 1.0901 1.0901 1.0898 1.0896 1.09 1.0903 1.091 1.0917 1.0925 1.0932 1.0939 1.0936 1.0931 1.093 1.0941 1.0951 1.0955 1.0956 1.0959 1.0965 1.0971 1.0974 1.0977 1.0984 1.0996 1.1008 1.1011 1.1012 1.1023 1.1033 1.1043 1.1051 1.1059 1.1066 1.1073 1.108 1.1086 1.1096 1.1107 1.1114 1.1122 1.1136 1.115 1.1164 1.1185 1.1218 1.1267 1.1339 1.1451 1.1642 1.2006 
180.5 1.0877 1.0876 1.0876 1.0875 1.0875 1.0874 1.0873 1.0872 1.0871 1.0869 1.0868 1.0866 1.0864 1.0862 1.086 1.0858 1.0856 1.0853 1.0851 1.0848 1.0847 1.0845 1.0844 1.0845 1.0845 1.0845 1.0845 1.0845 1.0846 1.0847 1.0847 1.0845 1.0845 1.0848 1.0852 1.0853 1.0853 1.0854 1.0857 1.0861 1.0864 1.0868 1.0871 1.0874 1.0877 1.0879 1.0882 1.0886 1.0895 1.0905 1.0902 1.0895 1.0891 1.0897 1.0903 1.091 1.0918 1.0925 1.0932 1.094 1.0937 1.0931 1.0931 1.0943 1.0954 1.0955 1.0954 1.0957 1.0967 1.0976 1.0978 1.0979 1.0984 1.0998 1.1011 1.1011 1.1009 1.1021 1.1031 1.1042 1.1054 1.1067 1.1073 1.1077 1.1082 1.1087 1.1098 1.1109 1.1117 1.1124 1.1138 1.1151 1.1165 1.1185 1.1217 1.1265 1.1338 1.145 1.1641 1.2006 
181 1.0877 1.0877 1.0876 1.0876 1.0875 1.0874 1.0874 1.0873 1.0871 1.087 1.0869 1.0867 1.0865 1.0863 1.0861 1.0859 1.0857 1.0854 1.0852 1.085 1.0848 1.0847 1.0846 1.0846 1.0847 1.0847 1.0848 1.0848 1.0848 1.0847 1.0847 1.0847 1.0847 1.085 1.0854 1.0855 1.0855 1.0856 1.0857 1.0859 1.0862 1.0865 1.0869 1.0874 1.0879 1.088 1.0881 1.0883 1.0894 1.0904 1.0901 1.0894 1.089 1.0898 1.0906 1.0911 1.0916 1.0922 1.0931 1.094 1.0938 1.0934 1.0934 1.0943 1.0952 1.0953 1.0953 1.0957 1.097 1.0982 1.0984 1.0985 1.0988 1.0997 1.1006 1.1007 1.1007 1.1018 1.1028 1.1037 1.105 1.1063 1.1067 1.1069 1.108 1.1092 1.1103 1.1114 1.1121 1.1129 1.1139 1.1151 1.1165 1.1185 1.1217 1.1266 1.1338 1.145 1.1641 1.2006 
181.5 1.0878 1.0878 1.0877 1.0877 1.0876 1.0875 1.0874 1.0874 1.0872 1.0871 1.087 1.0868 1.0866 1.0865 1.0863 1.0861 1.0858 1.0856 1.0854 1.0852 1.0851 1.085 1.0849 1.085 1.085 1.0851 1.0852 1.0852 1.085 1.0848 1.0848 1.0848 1.0849 1.0853 1.0856 1.0858 1.0859 1.0859 1.0858 1.0857 1.0859 1.0863 1.0867 1.0874 1.0881 1.0881 1.0878 1.0879 1.0891 1.0902 1.09 1.0893 1.089 1.09 1.091 1.0913 1.0913 1.0917 1.0929 1.094 1.094 1.0938 1.0938 1.0943 1.0947 1.095 1.0952 1.0959 1.0973 1.0988 1.0991 1.0992 1.0993 1.0996 1.0999 1.1001 1.1004 1.1015 1.1023 1.1032 1.1043 1.1054 1.1056 1.1057 1.1077 1.1098 1.1109 1.1118 1.1126 1.1134 1.1139 1.115 1.1164 1.1185 1.1218 1.1267 1.1339 1.145 1.1641 1.2005 
182 1.0879 1.0879 1.0878 1.0878 1.0877 1.0876 1.0875 1.0875 1.0873 1.0872 1.0871 1.0869 1.0868 1.0866 1.0864 1.0862 1.086 1.0858 1.0856 1.0855 1.0854 1.0853 1.0852 1.0853 1.0854 1.0855 1.0856 1.0856 1.0853 1.0849 1.0849 1.085 1.0852 1.0855 1.0858 1.086 1.0862 1.0863 1.0859 1.0856 1.0857 1.0861 1.0866 1.0874 1.0883 1.0881 1.0876 1.0875 1.0888 1.0901 1.0899 1.0893 1.0891 1.0902 1.0914 1.0914 1.0911 1.0912 1.0926 1.094 1.0942 1.0942 1.0942 1.0942 1.0943 1.0947 1.0951 1.096 1.0977 1.0994 1.0998 1.0999 1.0999 1.0995 1.0991 1.0996 1.1002 1.1011 1.1019 1.1027 1.1036 1.1045 1.1046 1.1045 1.1073 1.1104 1.1114 1.1123 1.1131 1.1139 1.1139 1.1149 1.1164 1.1185 1.1219 1.1268 1.1339 1.1451 1.1641 1.2005 
182.5 1.088 1.088 1.0879 1.0879 1.0878 1.0877 1.0876 1.0876 1.0875 1.0873 1.0872 1.0871 1.0869 1.0867 1.0866 1.0864 1.0862 1.086 1.0859 1.0857 1.0857 1.0856 1.0855 1.0856 1.0858 1.0859 1.086 1.086 1.0855 1.085 1.085 1.0852 1.0855 1.0858 1.0861 1.0863 1.0865 1.0866 1.086 1.0854 1.0855 1.0859 1.0864 1.0874 1.0885 1.0881 1.0873 1.0871 1.0885 1.0899 1.0898 1.0892 1.0891 1.0905 1.0918 1.0915 1.0908 1.0908 1.0924 1.094 1.0944 1.0946 1.0945 1.0942 1.0939 1.0944 1.0951 1.0962 1.0981 1.1 1.1004 1.1006 1.1004 1.0994 1.0984 1.099 1.0999 1.1008 1.1015 1.1021 1.1029 1.1037 1.1035 1.1033 1.107 1.111 1.112 1.1127 1.1136 1.1144 1.1139 1.1148 1.1164 1.1185 1.1219 1.1268 1.134 1.1451 1.1641 1.2004 
183 1.0879 1.0879 1.0878 1.0878 1.0877 1.0877 1.0876 1.0875 1.0874 1.0872 1.0871 1.0869 1.0868 1.0866 1.0864 1.0863 1.0861 1.0859 1.0857 1.0856 1.0855 1.0855 1.0854 1.0855 1.0856 1.0858 1.0859 1.0859 1.0857 1.0854 1.0853 1.0853 1.0853 1.0857 1.086 1.0862 1.0865 1.0866 1.0861 1.0856 1.0857 1.086 1.0864 1.0873 1.0882 1.0881 1.0876 1.0875 1.0886 1.0897 1.0898 1.0895 1.0895 1.0904 1.0913 1.0911 1.0905 1.0907 1.0927 1.0946 1.0946 1.0942 1.094 1.0941 1.0942 1.0945 1.0949 1.0958 1.0976 1.0995 1.0999 1.1 1.0999 1.0995 1.099 1.0993 1.0997 1.1009 1.1018 1.1026 1.1032 1.1038 1.1039 1.104 1.1071 1.1104 1.1113 1.1121 1.1129 1.1138 1.1137 1.1147 1.1163 1.1185 1.1219 1.1268 1.134 1.1451 1.164 1.2002 
183.5 1.0878 1.0878 1.0878 1.0877 1.0876 1.0876 1.0875 1.0874 1.0873 1.0871 1.087 1.0868 1.0867 1.0865 1.0863 1.0861 1.0859 1.0857 1.0856 1.0855 1.0854 1.0853 1.0853 1.0854 1.0855 1.0856 1.0857 1.0858 1.0858 1.0858 1.0856 1.0853 1.0852 1.0855 1.0858 1.0862 1.0865 1.0867 1.0863 1.0859 1.0859 1.0861 1.0865 1.0872 1.0879 1.088 1.0879 1.088 1.0888 1.0896 1.0898 1.0897 1.0898 1.0903 1.0907 1.0906 1.0902 1.0907 1.0929 1.0952 1.0948 1.0938 1.0933 1.094 1.0946 1.0947 1.0947 1.0953 1.0971 1.0989 1.0993 1.0994 1.0995 1.0996 1.0997 1.0996 1.0996 1.1011 1.1021 1.1031 1.1035 1.104 1.1044 1.1048 1.1072 1.1096 1.1106 1.1114 1.1122 1.1131 1.1135 1.1146 1.1162 1.1184 1.1218 1.1267 1.1339 1.145 1.1639 1.2 
184 1.0878 1.0877 1.0877 1.0876 1.0876 1.0875 1.0874 1.0873 1.0872 1.087 1.0869 1.0867 1.0865 1.0863 1.0862 1.086 1.0858 1.0856 1.0855 1.0853 1.0853 1.0852 1.0852 1.0853 1.0854 1.0855 1.0856 1.0857 1.086 1.0862 1.0859 1.0854 1.085 1.0854 1.0857 1.0861 1.0865 1.0867 1.0864 1.0861 1.0861 1.0862 1.0865 1.0871 1.0876 1.088 1.0882 1.0885 1.089 1.0894 1.0897 1.09 1.0902 1.0902 1.0902 1.0901 1.0899 1.0906 1.0932 1.0958 1.095 1.0934 1.0927 1.0939 1.095 1.0949 1.0945 1.0949 1.0966 1.0984 1.0987 1.0987 1.099 1.0997 1.1004 1.1 1.0994 1.1013 1.1025 1.1036 1.1039 1.1041 1.1049 1.1057 1.1073 1.1089 1.1098 1.1107 1.1116 1.1125 1.1133 1.1145 1.1161 1.1183 1.1217 1.1267 1.1338 1.1449 1.1638 1.1998 
184.5 1.0877 1.0877 1.0876 1.0876 1.0875 1.0874 1.0873 1.0872 1.0871 1.0869 1.0868 1.0866 1.0864 1.0862 1.0861 1.0859 1.0857 1.0855 1.0853 1.0852 1.0851 1.0851 1.085 1.0852 1.0853 1.0854 1.0855 1.0856 1.086 1.0864 1.086 1.0854 1.0848 1.0852 1.0856 1.086 1.0864 1.0867 1.0865 1.0862 1.0862 1.0863 1.0865 1.0869 1.0874 1.0878 1.0884 1.0888 1.089 1.0892 1.0896 1.0901 1.0904 1.0901 1.0897 1.0897 1.0898 1.0906 1.0933 1.096 1.095 1.0931 1.0922 1.0937 1.0952 1.095 1.0944 1.0946 1.0962 1.0978 1.0981 1.0982 1.0986 1.0997 1.1009 1.1003 1.0994 1.1015 1.1028 1.104 1.1042 1.1043 1.1053 1.1064 1.1074 1.1083 1.1092 1.1101 1.111 1.1119 1.1132 1.1145 1.1161 1.1184 1.1218 1.1267 1.1338 1.1448 1.1637 1.1998 
185 1.0877 1.0877 1.0877 1.0876 1.0875 1.0875 1.0874 1.0872 1.0871 1.087 1.0868 1.0866 1.0865 1.0863 1.0861 1.0859 1.0856 1.0854 1.0853 1.0851 1.085 1.085 1.0849 1.085 1.0851 1.0852 1.0853 1.0854 1.0855 1.0857 1.0854 1.0849 1.0846 1.0851 1.0856 1.086 1.0864 1.0866 1.0862 1.0859 1.0859 1.0861 1.0863 1.0867 1.087 1.0875 1.088 1.0884 1.0887 1.0889 1.0893 1.0898 1.0901 1.0899 1.0897 1.0898 1.0901 1.0908 1.0928 1.0949 1.0943 1.0931 1.0926 1.0937 1.0948 1.0947 1.0945 1.0948 1.0961 1.0974 1.0978 1.098 1.0986 1.0996 1.1007 1.1005 1.1001 1.1018 1.103 1.104 1.1044 1.1048 1.1057 1.1066 1.1076 1.1085 1.1094 1.1103 1.1112 1.1121 1.1135 1.1149 1.1165 1.1187 1.1221 1.1269 1.1341 1.1451 1.1641 1.2002 
185.5 1.0878 1.0878 1.0877 1.0876 1.0876 1.0875 1.0874 1.0873 1.0872 1.087 1.0868 1.0867 1.0865 1.0863 1.0861 1.0858 1.0856 1.0854 1.0852 1.0851 1.085 1.0849 1.0848 1.0849 1.085 1.0851 1.0852 1.0853 1.0851 1.0849 1.0847 1.0845 1.0844 1.085 1.0856 1.086 1.0863 1.0865 1.086 1.0855 1.0856 1.0859 1.0861 1.0864 1.0867 1.0872 1.0877 1.0881 1.0883 1.0885 1.0889 1.0894 1.0898 1.0897 1.0897 1.09 1.0904 1.091 1.0923 1.0937 1.0935 1.093 1.0929 1.0936 1.0943 1.0945 1.0946 1.095 1.0959 1.0969 1.0974 1.0979 1.0985 1.0995 1.1004 1.1007 1.1008 1.1022 1.1031 1.104 1.1046 1.1052 1.106 1.1069 1.1078 1.1087 1.1096 1.1105 1.1113 1.1122 1.1138 1.1153 1.1169 1.119 1.1223 1.1272 1.1343 1.1454 1.1644 1.2007 
186 1.0878 1.0878 1.0877 1.0877 1.0876 1.0875 1.0874 1.0873 1.0872 1.087 1.0869 1.0867 1.0865 1.0863 1.0861 1.0858 1.0856 1.0854 1.0852 1.085 1.0849 1.0848 1.0847 1.0848 1.0848 1.0849 1.085 1.0851 1.0847 1.0842 1.0841 1.0841 1.0842 1.0849 1.0857 1.086 1.0863 1.0864 1.0858 1.0852 1.0853 1.0856 1.086 1.0862 1.0864 1.0868 1.0873 1.0878 1.088 1.0882 1.0886 1.0891 1.0895 1.0896 1.0897 1.0901 1.0907 1.0912 1.0919 1.0925 1.0928 1.093 1.0932 1.0935 1.0938 1.0942 1.0947 1.0952 1.0958 1.0964 1.0971 1.0978 1.0985 1.0994 1.1002 1.1009 1.1015 1.1025 1.1033 1.1041 1.1049 1.1056 1.1064 1.1072 1.108 1.1089 1.1098 1.1107 1.1115 1.1123 1.1141 1.1157 1.1173 1.1194 1.1226 1.1275 1.1346 1.1457 1.1648 1.2011 
186.5 1.0878 1.0878 1.0877 1.0877 1.0876 1.0875 1.0874 1.0873 1.0872 1.087 1.0869 1.0867 1.0865 1.0863 1.0861 1.0858 1.0856 1.0853 1.0851 1.085 1.0848 1.0847 1.0846 1.0847 1.0848 1.0849 1.085 1.085 1.0845 1.084 1.0839 1.084 1.0842 1.0849 1.0856 1.086 1.0862 1.0862 1.0857 1.0851 1.0852 1.0855 1.0859 1.0861 1.0863 1.0867 1.0872 1.0876 1.0878 1.0879 1.0884 1.089 1.0894 1.0895 1.0896 1.0902 1.0909 1.0915 1.0916 1.0917 1.0922 1.0929 1.0934 1.0935 1.0936 1.0941 1.0948 1.0954 1.0958 1.0962 1.097 1.0978 1.0986 1.0993 1.0999 1.1008 1.1017 1.1024 1.1032 1.104 1.105 1.1061 1.1068 1.1074 1.1082 1.1091 1.11 1.1109 1.1117 1.1125 1.1143 1.1159 1.1175 1.1195 1.1228 1.1276 1.1347 1.1458 1.1649 1.2013 
187 1.0877 1.0877 1.0876 1.0876 1.0875 1.0874 1.0873 1.0872 1.0871 1.087 1.0868 1.0867 1.0865 1.0863 1.0861 1.0858 1.0856 1.0854 1.0852 1.085 1.0849 1.0848 1.0847 1.0848 1.0849 1.0849 1.085 1.085 1.0847 1.0844 1.0843 1.0843 1.0844 1.085 1.0855 1.0858 1.0859 1.086 1.0858 1.0856 1.0855 1.0856 1.0858 1.0861 1.0864 1.0868 1.0873 1.0877 1.0878 1.0878 1.0884 1.0892 1.0897 1.0896 1.0894 1.0901 1.0911 1.0917 1.0916 1.0915 1.092 1.0927 1.0933 1.0935 1.0937 1.0943 1.095 1.0956 1.0961 1.0965 1.0973 1.0982 1.0988 1.0992 1.0996 1.1003 1.1011 1.1018 1.1027 1.1037 1.1051 1.1066 1.1071 1.1075 1.1084 1.1093 1.1102 1.1111 1.1119 1.1126 1.1143 1.1158 1.1174 1.1194 1.1226 1.1274 1.1345 1.1456 1.1647 1.201 
187.5 1.0876 1.0876 1.0875 1.0875 1.0874 1.0873 1.0873 1.0872 1.0871 1.0869 1.0868 1.0866 1.0864 1.0863 1.0861 1.0858 1.0856 1.0854 1.0852 1.085 1.0849 1.0848 1.0848 1.0849 1.085 1.085 1.085 1.085 1.0849 1.0848 1.0847 1.0847 1.0847 1.0851 1.0854 1.0856 1.0857 1.0858 1.0859 1.086 1.0859 1.0857 1.0857 1.0861 1.0865 1.087 1.0875 1.0879 1.0878 1.0877 1.0884 1.0894 1.0901 1.0896 1.0891 1.09 1.0912 1.092 1.0916 1.0912 1.0918 1.0925 1.0932 1.0935 1.0939 1.0945 1.0952 1.0959 1.0964 1.0969 1.0977 1.0985 1.0991 1.0991 1.0992 1.0998 1.1004 1.1012 1.1022 1.1033 1.1051 1.107 1.1074 1.1077 1.1085 1.1094 1.1104 1.1113 1.112 1.1128 1.1144 1.1158 1.1173 1.1193 1.1225 1.1273 1.1344 1.1455 1.1644 1.2007 
188 1.0875 1.0875 1.0874 1.0874 1.0873 1.0873 1.0872 1.0871 1.087 1.0869 1.0867 1.0866 1.0864 1.0862 1.0861 1.0859 1.0856 1.0854 1.0852 1.0851 1.0849 1.0849 1.0848 1.085 1.0851 1.0851 1.085 1.085 1.0851 1.0852 1.0852 1.085 1.0849 1.0851 1.0853 1.0855 1.0855 1.0856 1.086 1.0864 1.0862 1.0858 1.0856 1.0861 1.0866 1.0871 1.0876 1.088 1.0878 1.0875 1.0884 1.0897 1.0904 1.0896 1.0889 1.0899 1.0914 1.0922 1.0916 1.091 1.0915 1.0923 1.0931 1.0935 1.094 1.0947 1.0954 1.0961 1.0966 1.0972 1.098 1.0989 1.0993 1.0991 1.0988 1.0993 1.0998 1.1006 1.1018 1.103 1.1052 1.1075 1.1078 1.1078 1.1087 1.1096 1.1105 1.1115 1.1122 1.113 1.1144 1.1157 1.1172 1.1192 1.1223 1.1271 1.1342 1.1453 1.1642 1.2005 
188.5 1.0876 1.0876 1.0875 1.0875 1.0874 1.0874 1.0873 1.0872 1.0871 1.087 1.0868 1.0867 1.0865 1.0864 1.0862 1.086 1.0858 1.0856 1.0854 1.0852 1.0851 1.0851 1.0851 1.0852 1.0854 1.0854 1.0852 1.0851 1.0853 1.0856 1.0855 1.0853 1.0851 1.0853 1.0855 1.0856 1.0855 1.0856 1.086 1.0864 1.0863 1.086 1.0858 1.0863 1.0867 1.0871 1.0875 1.0878 1.0877 1.0876 1.0884 1.0896 1.0903 1.0896 1.089 1.09 1.0914 1.0922 1.0914 1.0905 1.0911 1.0919 1.0928 1.0935 1.0942 1.095 1.0958 1.0965 1.0969 1.0974 1.0982 1.0991 1.0996 1.0996 1.0995 1.0998 1.1001 1.1009 1.102 1.1031 1.1051 1.1071 1.108 1.1087 1.1093 1.1099 1.1107 1.1116 1.1123 1.113 1.1144 1.1156 1.117 1.119 1.1222 1.127 1.1341 1.1452 1.1642 1.2004 
189 1.0879 1.0878 1.0878 1.0877 1.0877 1.0876 1.0875 1.0874 1.0873 1.0872 1.0871 1.0869 1.0867 1.0866 1.0864 1.0862 1.086 1.0858 1.0856 1.0855 1.0854 1.0854 1.0854 1.0856 1.0859 1.0858 1.0855 1.0853 1.0856 1.0859 1.0858 1.0855 1.0853 1.0856 1.0858 1.0858 1.0857 1.0857 1.086 1.0863 1.0863 1.0861 1.0861 1.0864 1.0867 1.087 1.0873 1.0875 1.0876 1.0877 1.0884 1.0893 1.0898 1.0896 1.0894 1.0902 1.0914 1.092 1.0909 1.0899 1.0905 1.0914 1.0924 1.0934 1.0944 1.0954 1.0964 1.0971 1.0973 1.0975 1.0983 1.0993 1.1 1.1004 1.1008 1.1009 1.1009 1.1017 1.1026 1.1034 1.1049 1.1064 1.1082 1.11 1.1101 1.1101 1.1108 1.1116 1.1123 1.1131 1.1143 1.1155 1.1169 1.1188 1.122 1.1269 1.134 1.1451 1.1642 1.2006 
189.5 1.0881 1.0881 1.088 1.088 1.0879 1.0878 1.0877 1.0876 1.0875 1.0874 1.0873 1.0871 1.0869 1.0868 1.0866 1.0864 1.0862 1.086 1.0859 1.0858 1.0857 1.0857 1.0857 1.086 1.0863 1.0862 1.0858 1.0855 1.0858 1.0862 1.0861 1.0857 1.0855 1.0858 1.0861 1.0861 1.0858 1.0857 1.086 1.0862 1.0863 1.0863 1.0864 1.0866 1.0868 1.0869 1.0871 1.0873 1.0875 1.0878 1.0883 1.0889 1.0894 1.0896 1.0897 1.0905 1.0914 1.0917 1.0905 1.0893 1.0898 1.0909 1.092 1.0933 1.0946 1.0958 1.0969 1.0976 1.0976 1.0976 1.0985 1.0994 1.1004 1.1012 1.1021 1.102 1.1018 1.1025 1.1031 1.1037 1.1046 1.1056 1.1083 1.1113 1.111 1.1104 1.111 1.1116 1.1123 1.1131 1.1142 1.1153 1.1167 1.1187 1.1219 1.1267 1.1339 1.1451 1.1642 1.2007 
190 1.0883 1.0883 1.0882 1.0882 1.0881 1.0881 1.088 1.0879 1.0877 1.0876 1.0875 1.0873 1.0871 1.087 1.0868 1.0866 1.0864 1.0863 1.0861 1.086 1.086 1.086 1.086 1.0864 1.0868 1.0866 1.0861 1.0857 1.0861 1.0865 1.0864 1.086 1.0857 1.0861 1.0864 1.0863 1.086 1.0858 1.0859 1.0861 1.0863 1.0865 1.0867 1.0867 1.0868 1.0868 1.0869 1.087 1.0875 1.0879 1.0883 1.0886 1.089 1.0896 1.0901 1.0908 1.0914 1.0915 1.0901 1.0886 1.0892 1.0904 1.0916 1.0932 1.0949 1.0962 1.0974 1.0982 1.098 1.0977 1.0986 1.0996 1.1008 1.1021 1.1034 1.1031 1.1026 1.1034 1.1037 1.104 1.1044 1.1048 1.1085 1.1125 1.1118 1.1107 1.1111 1.1116 1.1123 1.1131 1.1141 1.1152 1.1165 1.1185 1.1217 1.1266 1.1338 1.145 1.1642 1.2008 
190.5 1.0883 1.0883 1.0882 1.0881 1.0881 1.088 1.0879 1.0878 1.0877 1.0876 1.0874 1.0873 1.0871 1.0869 1.0867 1.0865 1.0863 1.0862 1.086 1.0859 1.0859 1.0859 1.0859 1.0863 1.0866 1.0865 1.0861 1.0858 1.0861 1.0864 1.0863 1.0861 1.0859 1.0861 1.0863 1.0862 1.086 1.0858 1.086 1.0861 1.0863 1.0866 1.0869 1.0869 1.0869 1.0869 1.0868 1.087 1.0877 1.0884 1.0886 1.0887 1.089 1.0896 1.0902 1.0908 1.0913 1.0914 1.0905 1.0895 1.0902 1.0912 1.0923 1.0934 1.0945 1.0956 1.0968 1.0976 1.0974 1.0973 1.0982 1.0992 1.1004 1.1016 1.1029 1.1028 1.1025 1.1032 1.1033 1.1032 1.1049 1.1068 1.1091 1.1115 1.1111 1.1104 1.1109 1.1115 1.1122 1.1129 1.114 1.1152 1.1166 1.1186 1.1218 1.1266 1.1338 1.145 1.1642 1.2008 
191 1.0882 1.0882 1.0881 1.0881 1.088 1.0879 1.0878 1.0877 1.0876 1.0875 1.0873 1.0872 1.087 1.0868 1.0866 1.0864 1.0862 1.0861 1.0859 1.0858 1.0858 1.0858 1.0858 1.086 1.0863 1.0862 1.086 1.0859 1.086 1.0862 1.0862 1.0862 1.0861 1.0861 1.0861 1.086 1.0859 1.0859 1.086 1.0861 1.0864 1.0868 1.087 1.087 1.087 1.0869 1.0868 1.087 1.0879 1.0889 1.089 1.0889 1.089 1.0896 1.0902 1.0907 1.0912 1.0914 1.091 1.0907 1.0913 1.0923 1.0931 1.0935 1.094 1.095 1.096 1.0967 1.0968 1.0968 1.0977 1.0988 1.0999 1.101 1.1021 1.1022 1.1023 1.1029 1.1027 1.1023 1.1056 1.1092 1.1098 1.1102 1.1101 1.1099 1.1106 1.1113 1.112 1.1127 1.114 1.1152 1.1167 1.1187 1.1219 1.1267 1.1338 1.145 1.1641 1.2007 
191.5 1.0881 1.0881 1.088 1.088 1.0879 1.0879 1.0878 1.0877 1.0875 1.0874 1.0872 1.0871 1.0869 1.0867 1.0865 1.0863 1.0861 1.0859 1.0858 1.0857 1.0857 1.0856 1.0856 1.0858 1.0859 1.086 1.086 1.086 1.086 1.086 1.0861 1.0862 1.0863 1.0861 1.0859 1.0859 1.0859 1.086 1.0861 1.0862 1.0865 1.0869 1.0872 1.0871 1.0871 1.0869 1.0868 1.087 1.0882 1.0894 1.0894 1.0891 1.089 1.0896 1.0902 1.0907 1.091 1.0913 1.0916 1.0918 1.0925 1.0933 1.0939 1.0937 1.0936 1.0943 1.0953 1.0959 1.0961 1.0963 1.0973 1.0983 1.0994 1.1003 1.1013 1.1017 1.1021 1.1026 1.1021 1.1014 1.1062 1.1116 1.1105 1.1088 1.1091 1.1095 1.1103 1.1111 1.1118 1.1126 1.114 1.1153 1.1167 1.1188 1.1219 1.1267 1.1338 1.145 1.1641 1.2006 
192 1.0881 1.088 1.088 1.0879 1.0879 1.0878 1.0877 1.0876 1.0875 1.0873 1.0872 1.087 1.0868 1.0866 1.0864 1.0862 1.086 1.0858 1.0857 1.0856 1.0855 1.0855 1.0855 1.0856 1.0857 1.0858 1.0859 1.086 1.0859 1.0858 1.086 1.0863 1.0865 1.0861 1.0857 1.0857 1.0859 1.086 1.0861 1.0862 1.0866 1.087 1.0874 1.0873 1.0872 1.087 1.0868 1.087 1.0884 1.0898 1.0897 1.0892 1.089 1.0896 1.0903 1.0906 1.0908 1.0912 1.092 1.0928 1.0935 1.0943 1.0946 1.0939 1.0932 1.0938 1.0946 1.0953 1.0956 1.0959 1.0969 1.098 1.099 1.0998 1.1007 1.1013 1.1019 1.1024 1.1016 1.1007 1.1067 1.1135 1.111 1.1076 1.1082 1.1091 1.11 1.1109 1.1116 1.1123 1.1139 1.1153 1.1168 1.1188 1.122 1.1267 1.1338 1.145 1.164 1.2006 
192.5 1.0881 1.088 1.088 1.0879 1.0879 1.0878 1.0877 1.0876 1.0875 1.0873 1.0872 1.087 1.0868 1.0866 1.0864 1.0862 1.086 1.0858 1.0857 1.0855 1.0854 1.0854 1.0853 1.0855 1.0856 1.0856 1.0857 1.0857 1.0857 1.0857 1.0858 1.086 1.0862 1.0859 1.0856 1.0856 1.0857 1.0859 1.086 1.0862 1.0865 1.087 1.0873 1.0872 1.0872 1.0872 1.0872 1.0874 1.0886 1.0897 1.0896 1.089 1.0888 1.0896 1.0904 1.0905 1.0904 1.0906 1.0915 1.0924 1.0932 1.094 1.0944 1.0942 1.0939 1.0945 1.0954 1.0961 1.0964 1.0968 1.0976 1.0986 1.0995 1.1004 1.1013 1.1016 1.1017 1.1027 1.1022 1.1015 1.106 1.1111 1.1096 1.1075 1.108 1.1088 1.1096 1.1104 1.1112 1.112 1.1135 1.1149 1.1165 1.1185 1.1218 1.1266 1.1337 1.1449 1.1641 1.2007 
193 1.0881 1.088 1.088 1.0879 1.0879 1.0878 1.0877 1.0876 1.0875 1.0874 1.0872 1.087 1.0869 1.0867 1.0865 1.0863 1.086 1.0858 1.0856 1.0855 1.0853 1.0853 1.0852 1.0854 1.0855 1.0855 1.0854 1.0854 1.0855 1.0855 1.0857 1.0858 1.0859 1.0857 1.0854 1.0855 1.0856 1.0858 1.0859 1.0861 1.0865 1.0869 1.0872 1.0872 1.0872 1.0874 1.0875 1.0878 1.0888 1.0897 1.0894 1.0888 1.0886 1.0895 1.0904 1.0903 1.09 1.09 1.091 1.0921 1.0929 1.0937 1.0943 1.0944 1.0945 1.0953 1.0962 1.0969 1.0972 1.0976 1.0984 1.0992 1.1001 1.101 1.102 1.1019 1.1016 1.103 1.1028 1.1023 1.1053 1.1087 1.1082 1.1073 1.1079 1.1085 1.1092 1.1099 1.1107 1.1116 1.1132 1.1146 1.1161 1.1182 1.1215 1.1264 1.1337 1.1449 1.1641 1.2009 
193.5 1.0881 1.0881 1.088 1.0879 1.0879 1.0878 1.0877 1.0876 1.0875 1.0874 1.0872 1.0871 1.0869 1.0867 1.0865 1.0863 1.086 1.0858 1.0856 1.0854 1.0853 1.0852 1.0851 1.0853 1.0854 1.0854 1.0852 1.0851 1.0852 1.0854 1.0855 1.0855 1.0856 1.0854 1.0853 1.0854 1.0855 1.0856 1.0858 1.0861 1.0864 1.0868 1.0872 1.0872 1.0873 1.0875 1.0878 1.0883 1.0889 1.0896 1.0893 1.0886 1.0884 1.0894 1.0905 1.0902 1.0895 1.0894 1.0906 1.0917 1.0926 1.0935 1.0942 1.0947 1.0952 1.0961 1.097 1.0977 1.0981 1.0984 1.0991 1.0998 1.1007 1.1017 1.1026 1.1022 1.1015 1.1033 1.1034 1.1032 1.1047 1.1063 1.1068 1.1071 1.1077 1.1083 1.1088 1.1093 1.1103 1.1112 1.1128 1.1142 1.1158 1.1179 1.1213 1.1263 1.1336 1.1449 1.1641 1.2011 
194 1.0882 1.0882 1.0881 1.0881 1.088 1.0879 1.0878 1.0877 1.0876 1.0875 1.0873 1.0872 1.087 1.0868 1.0866 1.0864 1.0861 1.0859 1.0857 1.0855 1.0853 1.0852 1.0852 1.0853 1.0855 1.0855 1.0853 1.0851 1.0853 1.0854 1.0855 1.0855 1.0855 1.0855 1.0854 1.0855 1.0856 1.0858 1.0859 1.0861 1.0865 1.0869 1.0873 1.0874 1.0875 1.0878 1.0883 1.0887 1.0891 1.0895 1.0892 1.0887 1.0886 1.0893 1.0901 1.0898 1.0893 1.0893 1.0905 1.0917 1.0925 1.0934 1.0941 1.0948 1.0955 1.0962 1.0969 1.0977 1.0984 1.0991 1.0997 1.1002 1.1009 1.1018 1.1027 1.1021 1.1014 1.1034 1.1037 1.1037 1.1043 1.1048 1.1059 1.1071 1.1077 1.1082 1.1087 1.1092 1.1101 1.1111 1.1127 1.1142 1.1158 1.1179 1.1213 1.1263 1.1336 1.1449 1.1642 1.2011 
194.5 1.0885 1.0885 1.0884 1.0884 1.0883 1.0882 1.0881 1.088 1.0879 1.0878 1.0876 1.0875 1.0873 1.0871 1.0869 1.0867 1.0864 1.0862 1.086 1.0858 1.0857 1.0856 1.0856 1.0857 1.0859 1.0859 1.0859 1.0859 1.0858 1.0858 1.0858 1.086 1.0861 1.086 1.0858 1.086 1.0862 1.0864 1.0864 1.0865 1.0868 1.0872 1.0876 1.0878 1.088 1.0884 1.0889 1.0893 1.0892 1.0892 1.0893 1.0896 1.0896 1.0891 1.0886 1.089 1.0897 1.0904 1.0913 1.0921 1.0929 1.0937 1.0943 1.0946 1.0949 1.0951 1.0952 1.0959 1.0977 1.0995 1.0999 1.1 1.1003 1.1009 1.1015 1.1014 1.1012 1.1029 1.1034 1.1038 1.1044 1.1051 1.1062 1.1072 1.1079 1.1085 1.1091 1.1097 1.1106 1.1116 1.1132 1.1147 1.1164 1.1185 1.1219 1.1268 1.1339 1.1451 1.1642 1.2009 
195 1.0888 1.0888 1.0887 1.0887 1.0886 1.0885 1.0884 1.0883 1.0882 1.0881 1.0879 1.0878 1.0876 1.0874 1.0872 1.087 1.0868 1.0866 1.0864 1.0862 1.0861 1.086 1.086 1.0861 1.0863 1.0864 1.0866 1.0867 1.0864 1.0861 1.0862 1.0864 1.0866 1.0865 1.0863 1.0865 1.0868 1.0871 1.0869 1.0868 1.087 1.0875 1.0879 1.0882 1.0885 1.089 1.0896 1.0899 1.0894 1.0889 1.0895 1.0904 1.0906 1.0889 1.0871 1.0882 1.09 1.0914 1.092 1.0926 1.0933 1.0939 1.0944 1.0944 1.0943 1.094 1.0935 1.0942 1.097 1.0999 1.1001 1.0998 1.0998 1.1 1.1003 1.1007 1.1011 1.1025 1.1032 1.1038 1.1046 1.1054 1.1064 1.1074 1.1081 1.1089 1.1095 1.1102 1.1112 1.1121 1.1137 1.1153 1.1169 1.1191 1.1224 1.1272 1.1343 1.1453 1.1642 1.2007 
195.5 1.0891 1.0891 1.089 1.089 1.0889 1.0888 1.0887 1.0886 1.0885 1.0884 1.0882 1.088 1.0879 1.0877 1.0875 1.0872 1.0871 1.0869 1.0867 1.0866 1.0865 1.0864 1.0864 1.0865 1.0866 1.0869 1.0872 1.0875 1.0869 1.0864 1.0865 1.0869 1.0872 1.087 1.0867 1.0869 1.0874 1.0877 1.0874 1.0871 1.0873 1.0878 1.0882 1.0886 1.0891 1.0896 1.0902 1.0905 1.0896 1.0886 1.0896 1.0912 1.0916 1.0886 1.0857 1.0873 1.0903 1.0925 1.0928 1.0931 1.0936 1.0942 1.0945 1.0941 1.0938 1.0928 1.0918 1.0924 1.0964 1.1003 1.1003 1.0996 1.0992 1.0992 1.0991 1.0999 1.1009 1.1021 1.103 1.1038 1.1047 1.1056 1.1066 1.1075 1.1084 1.1092 1.11 1.1108 1.1117 1.1126 1.1143 1.1159 1.1175 1.1197 1.123 1.1277 1.1346 1.1455 1.1643 1.2004 
196 1.0892 1.0892 1.0891 1.0891 1.089 1.089 1.0889 1.0887 1.0886 1.0885 1.0883 1.0882 1.088 1.0878 1.0876 1.0874 1.0872 1.087 1.0868 1.0867 1.0865 1.0865 1.0864 1.0865 1.0866 1.0869 1.0873 1.0875 1.087 1.0865 1.0865 1.0869 1.0872 1.087 1.0868 1.087 1.0875 1.0878 1.0875 1.0872 1.0873 1.0877 1.0881 1.0886 1.0891 1.0896 1.0901 1.0902 1.0895 1.0887 1.0897 1.0913 1.0917 1.0886 1.0856 1.0873 1.0905 1.0928 1.093 1.0932 1.0937 1.0943 1.0946 1.0942 1.0938 1.0929 1.0919 1.0925 1.0964 1.1002 1.1001 1.0994 1.099 1.0991 1.0991 1.1001 1.1012 1.1023 1.1031 1.1039 1.1048 1.1057 1.1068 1.1078 1.1086 1.1093 1.1101 1.1109 1.1119 1.1128 1.1144 1.116 1.1177 1.1199 1.1231 1.1277 1.1346 1.1455 1.1642 1.2002 
196.5 1.0892 1.0891 1.0891 1.089 1.089 1.0889 1.0888 1.0887 1.0886 1.0884 1.0883 1.0881 1.0879 1.0877 1.0875 1.0873 1.0871 1.0869 1.0867 1.0865 1.0864 1.0863 1.0862 1.0863 1.0863 1.0865 1.0868 1.087 1.0866 1.0862 1.0863 1.0865 1.0866 1.0866 1.0865 1.0867 1.0871 1.0873 1.0871 1.0869 1.0871 1.0874 1.0877 1.0883 1.0888 1.0891 1.0893 1.0894 1.0891 1.0889 1.0897 1.0908 1.091 1.0888 1.0866 1.0881 1.0906 1.0925 1.0927 1.093 1.0935 1.0941 1.0945 1.0944 1.0942 1.0938 1.0934 1.0941 1.0969 1.0997 1.0997 1.0992 1.0991 1.0997 1.1002 1.101 1.1018 1.103 1.1035 1.104 1.1048 1.1057 1.1069 1.1081 1.1087 1.1092 1.11 1.1108 1.1117 1.1127 1.1143 1.1159 1.1175 1.1196 1.1228 1.1275 1.1344 1.1452 1.1639 1.2 
197 1.0891 1.0891 1.089 1.089 1.0889 1.0888 1.0887 1.0886 1.0885 1.0884 1.0882 1.0881 1.0879 1.0877 1.0875 1.0873 1.0871 1.0869 1.0867 1.0864 1.0862 1.0861 1.0859 1.086 1.086 1.0861 1.0863 1.0864 1.0862 1.086 1.086 1.0861 1.0861 1.0862 1.0863 1.0864 1.0867 1.0869 1.0868 1.0867 1.0868 1.087 1.0873 1.0879 1.0885 1.0886 1.0885 1.0885 1.0888 1.0892 1.0897 1.0903 1.0903 1.0889 1.0876 1.0888 1.0907 1.0922 1.0925 1.0928 1.0933 1.094 1.0945 1.0946 1.0947 1.0948 1.0949 1.0956 1.0974 1.0992 1.0993 1.099 1.0993 1.1002 1.1012 1.1018 1.1024 1.1037 1.1039 1.1041 1.1049 1.1057 1.107 1.1084 1.1088 1.1092 1.1099 1.1107 1.1116 1.1126 1.1142 1.1157 1.1173 1.1194 1.1226 1.1272 1.1342 1.145 1.1637 1.1997 
197.5 1.089 1.089 1.089 1.0889 1.0889 1.0888 1.0887 1.0886 1.0885 1.0883 1.0882 1.088 1.0879 1.0877 1.0875 1.0873 1.087 1.0868 1.0866 1.0863 1.0861 1.0859 1.0857 1.0857 1.0857 1.0858 1.0858 1.0859 1.0858 1.0858 1.0858 1.0856 1.0856 1.0858 1.086 1.0862 1.0863 1.0864 1.0864 1.0864 1.0865 1.0867 1.087 1.0875 1.0881 1.088 1.0877 1.0876 1.0885 1.0895 1.0897 1.0898 1.0897 1.0891 1.0886 1.0895 1.0909 1.0919 1.0922 1.0926 1.0932 1.0939 1.0945 1.0948 1.0951 1.0957 1.0964 1.0971 1.0979 1.0987 1.0989 1.0988 1.0994 1.1008 1.1022 1.1027 1.1031 1.1044 1.1044 1.1042 1.1049 1.1057 1.1072 1.1087 1.109 1.1091 1.1098 1.1105 1.1115 1.1124 1.1141 1.1156 1.1171 1.1192 1.1223 1.127 1.1339 1.1448 1.1635 1.1995 
198 1.0889 1.0889 1.0888 1.0887 1.0887 1.0886 1.0885 1.0884 1.0883 1.0882 1.088 1.0879 1.0877 1.0875 1.0873 1.0871 1.0869 1.0867 1.0865 1.0862 1.086 1.0858 1.0857 1.0857 1.0858 1.0858 1.0859 1.0859 1.0858 1.0858 1.0858 1.0857 1.0857 1.0858 1.0859 1.086 1.0862 1.0863 1.0863 1.0864 1.0866 1.0868 1.087 1.0876 1.0881 1.088 1.0877 1.0877 1.0886 1.0896 1.0898 1.0898 1.0897 1.0895 1.0892 1.09 1.0911 1.092 1.0923 1.0926 1.0932 1.0939 1.0945 1.0947 1.0949 1.0956 1.0964 1.0971 1.0977 1.0982 1.0985 1.0987 1.0993 1.1007 1.1021 1.1026 1.103 1.1042 1.1042 1.1039 1.1047 1.1056 1.1071 1.1086 1.1089 1.1092 1.1098 1.1105 1.1115 1.1124 1.114 1.1154 1.1169 1.1189 1.1221 1.1268 1.1339 1.1449 1.1637 1.2001 
198.5 1.0887 1.0887 1.0886 1.0886 1.0885 1.0884 1.0883 1.0882 1.0881 1.088 1.0878 1.0877 1.0875 1.0873 1.0871 1.0869 1.0867 1.0865 1.0863 1.0861 1.086 1.0858 1.0857 1.0858 1.0859 1.086 1.086 1.0861 1.0859 1.0858 1.0858 1.0859 1.086 1.086 1.0859 1.086 1.0861 1.0862 1.0864 1.0865 1.0867 1.087 1.0873 1.0877 1.0881 1.0881 1.088 1.0881 1.0889 1.0897 1.0899 1.09 1.09 1.0899 1.0898 1.0905 1.0914 1.0921 1.0924 1.0927 1.0933 1.094 1.0945 1.0946 1.0946 1.0953 1.096 1.0967 1.0972 1.0977 1.0981 1.0985 1.0992 1.1004 1.1017 1.1023 1.1028 1.1038 1.1038 1.1036 1.1045 1.1055 1.1069 1.1084 1.1089 1.1093 1.1099 1.1105 1.1115 1.1125 1.114 1.1153 1.1167 1.1187 1.1219 1.1267 1.1339 1.145 1.1642 1.201 
199 1.0885 1.0885 1.0884 1.0884 1.0883 1.0882 1.0881 1.088 1.0879 1.0878 1.0876 1.0875 1.0873 1.0871 1.0869 1.0867 1.0866 1.0864 1.0862 1.086 1.0859 1.0859 1.0858 1.0859 1.0861 1.0862 1.0862 1.0862 1.086 1.0858 1.0859 1.0862 1.0863 1.0861 1.0859 1.0859 1.086 1.0862 1.0864 1.0866 1.0868 1.0871 1.0875 1.0878 1.0882 1.0883 1.0882 1.0884 1.0891 1.0898 1.09 1.0902 1.0903 1.0903 1.0903 1.0909 1.0917 1.0923 1.0926 1.0928 1.0934 1.0941 1.0945 1.0944 1.0943 1.0949 1.0956 1.0963 1.0967 1.0971 1.0977 1.0983 1.0991 1.1002 1.1012 1.1019 1.1026 1.1034 1.1034 1.1033 1.1043 1.1054 1.1067 1.1081 1.1088 1.1094 1.11 1.1105 1.1115 1.1126 1.1139 1.1151 1.1165 1.1185 1.1217 1.1266 1.1338 1.1452 1.1646 1.2019 
199.5 1.0883 1.0883 1.0882 1.0882 1.0881 1.088 1.0879 1.0878 1.0877 1.0876 1.0874 1.0873 1.0871 1.0869 1.0867 1.0866 1.0864 1.0862 1.0861 1.086 1.0859 1.0859 1.0859 1.086 1.0862 1.0863 1.0864 1.0864 1.0861 1.0858 1.086 1.0864 1.0866 1.0862 1.0859 1.0858 1.086 1.0861 1.0864 1.0866 1.087 1.0873 1.0877 1.0879 1.0882 1.0884 1.0885 1.0888 1.0893 1.0899 1.0901 1.0903 1.0905 1.0907 1.0908 1.0913 1.0919 1.0924 1.0927 1.093 1.0935 1.0942 1.0946 1.0943 1.094 1.0945 1.0952 1.0959 1.0962 1.0966 1.0973 1.0982 1.099 1.0999 1.1008 1.1016 1.1024 1.103 1.103 1.103 1.1041 1.1053 1.1066 1.1079 1.1087 1.1095 1.1101 1.1106 1.1116 1.1126 1.1138 1.115 1.1163 1.1183 1.1215 1.1264 1.1338 1.1453 1.165 1.2028 
200 1.0885 1.0884 1.0884 1.0883 1.0883 1.0882 1.0881 1.088 1.0879 1.0877 1.0876 1.0874 1.0872 1.087 1.0868 1.0866 1.0864 1.0862 1.0861 1.0859 1.0858 1.0858 1.0858 1.0859 1.086 1.0861 1.0862 1.0862 1.086 1.0858 1.0859 1.0862 1.0864 1.0862 1.0859 1.0859 1.086 1.0862 1.0864 1.0866 1.0869 1.0872 1.0874 1.0877 1.0879 1.0881 1.0883 1.0885 1.089 1.0894 1.0898 1.09 1.0902 1.0905 1.0907 1.0911 1.0917 1.0922 1.0925 1.0929 1.0933 1.0937 1.0941 1.0946 1.095 1.0954 1.0958 1.0963 1.0967 1.097 1.0978 1.0986 1.0993 1.0999 1.1005 1.1014 1.1022 1.1025 1.1026 1.1027 1.1041 1.1057 1.1069 1.1081 1.109 1.1099 1.1105 1.1111 1.1121 1.1132 1.1143 1.1153 1.1166 1.1186 1.1218 1.1267 1.1341 1.1454 1.1649 1.2024 
200.5 1.0886 1.0886 1.0885 1.0885 1.0884 1.0883 1.0882 1.0881 1.088 1.0879 1.0877 1.0875 1.0873 1.0871 1.0869 1.0867 1.0865 1.0863 1.0861 1.0859 1.0858 1.0857 1.0857 1.0857 1.0858 1.0859 1.086 1.086 1.0859 1.0858 1.0859 1.0861 1.0862 1.0861 1.0859 1.086 1.0861 1.0862 1.0864 1.0866 1.0868 1.087 1.0872 1.0874 1.0877 1.0878 1.088 1.0882 1.0886 1.089 1.0894 1.0897 1.09 1.0902 1.0905 1.0909 1.0915 1.0919 1.0924 1.0928 1.0931 1.0932 1.0937 1.0948 1.096 1.0963 1.0964 1.0967 1.0971 1.0975 1.0982 1.099 1.0996 1.0999 1.1003 1.1011 1.102 1.102 1.1022 1.1023 1.1042 1.1062 1.1073 1.1084 1.1093 1.1102 1.111 1.1117 1.1127 1.1137 1.1147 1.1156 1.1169 1.1189 1.1222 1.127 1.1343 1.1455 1.1649 1.2021 
201 1.0888 1.0887 1.0887 1.0886 1.0886 1.0885 1.0884 1.0883 1.0882 1.088 1.0878 1.0877 1.0875 1.0872 1.087 1.0868 1.0865 1.0863 1.0861 1.0859 1.0858 1.0856 1.0855 1.0856 1.0856 1.0857 1.0857 1.0858 1.0858 1.0857 1.0858 1.0859 1.086 1.086 1.086 1.086 1.0862 1.0863 1.0864 1.0865 1.0867 1.0868 1.087 1.0872 1.0874 1.0876 1.0878 1.088 1.0883 1.0886 1.089 1.0893 1.0897 1.09 1.0903 1.0908 1.0912 1.0917 1.0922 1.0928 1.0928 1.0928 1.0933 1.0951 1.097 1.0972 1.097 1.0971 1.0975 1.098 1.0987 1.0994 1.0999 1.1 1.1001 1.1009 1.1018 1.1015 1.1017 1.102 1.1042 1.1066 1.1077 1.1087 1.1096 1.1106 1.1114 1.1123 1.1133 1.1143 1.1152 1.116 1.1172 1.1192 1.1225 1.1273 1.1345 1.1457 1.1648 1.2017 
201.5 1.0889 1.0889 1.0888 1.0888 1.0887 1.0886 1.0885 1.0884 1.0883 1.0881 1.088 1.0878 1.0876 1.0873 1.0871 1.0869 1.0866 1.0863 1.0861 1.0859 1.0857 1.0856 1.0855 1.0855 1.0855 1.0855 1.0856 1.0856 1.0857 1.0858 1.0858 1.0858 1.0859 1.086 1.0861 1.0861 1.0862 1.0863 1.0864 1.0865 1.0866 1.0867 1.0868 1.087 1.0873 1.0874 1.0876 1.0878 1.088 1.0883 1.0887 1.0891 1.0895 1.0899 1.0903 1.0906 1.091 1.0915 1.0921 1.0927 1.0926 1.0923 1.0929 1.0952 1.0976 1.0977 1.0973 1.0972 1.0977 1.0983 1.0989 1.0996 1.1001 1.1 1.1 1.1008 1.1017 1.1013 1.1016 1.102 1.1044 1.107 1.108 1.1088 1.1097 1.1107 1.1117 1.1127 1.1137 1.1148 1.1156 1.1163 1.1175 1.1195 1.1228 1.1276 1.1347 1.1457 1.1647 1.2014 
202 1.089 1.089 1.0889 1.0889 1.0888 1.0887 1.0886 1.0885 1.0884 1.0882 1.088 1.0879 1.0876 1.0874 1.0872 1.0869 1.0866 1.0864 1.0861 1.0859 1.0857 1.0856 1.0854 1.0855 1.0855 1.0855 1.0856 1.0856 1.0858 1.086 1.086 1.0859 1.0858 1.086 1.0862 1.0863 1.0862 1.0862 1.0863 1.0864 1.0865 1.0867 1.0869 1.0872 1.0876 1.0877 1.0877 1.0877 1.088 1.0883 1.0887 1.0892 1.0897 1.0901 1.0906 1.0908 1.091 1.0912 1.0918 1.0924 1.0923 1.092 1.0925 1.0948 1.097 1.0969 1.0964 1.0963 1.0971 1.098 1.0987 1.0995 1.1 1.1001 1.1002 1.101 1.1019 1.1019 1.1024 1.1029 1.1049 1.1071 1.1077 1.1082 1.1092 1.1102 1.1114 1.1127 1.1137 1.1148 1.116 1.1168 1.1179 1.1198 1.1229 1.1277 1.1347 1.1457 1.1646 1.2012 
202.5 1.0891 1.0891 1.089 1.0889 1.0889 1.0888 1.0887 1.0886 1.0885 1.0883 1.0881 1.0879 1.0877 1.0875 1.0873 1.087 1.0867 1.0864 1.0861 1.0859 1.0857 1.0855 1.0854 1.0855 1.0855 1.0855 1.0856 1.0857 1.0859 1.0862 1.0861 1.0859 1.0857 1.086 1.0863 1.0864 1.0863 1.0862 1.0863 1.0863 1.0865 1.0867 1.087 1.0875 1.0879 1.0879 1.0878 1.0877 1.088 1.0883 1.0888 1.0893 1.0899 1.0904 1.091 1.091 1.0909 1.091 1.0915 1.0921 1.092 1.0917 1.0922 1.0943 1.0964 1.0962 1.0955 1.0954 1.0965 1.0977 1.0985 1.0994 1.1 1.1002 1.1004 1.1012 1.1021 1.1025 1.1032 1.1039 1.1055 1.1072 1.1075 1.1076 1.1086 1.1097 1.1111 1.1126 1.1138 1.1149 1.1164 1.1172 1.1183 1.1201 1.1231 1.1277 1.1347 1.1456 1.1645 1.2009 
203 1.0892 1.0891 1.0891 1.089 1.089 1.0889 1.0888 1.0887 1.0886 1.0884 1.0882 1.088 1.0878 1.0876 1.0873 1.0871 1.0868 1.0864 1.0861 1.0859 1.0857 1.0855 1.0854 1.0854 1.0855 1.0855 1.0856 1.0857 1.086 1.0864 1.0863 1.0859 1.0857 1.0861 1.0865 1.0865 1.0863 1.0861 1.0862 1.0862 1.0864 1.0867 1.0871 1.0877 1.0883 1.0882 1.0879 1.0877 1.088 1.0883 1.0888 1.0894 1.09 1.0907 1.0913 1.0912 1.0909 1.0908 1.0913 1.0918 1.0917 1.0914 1.0918 1.0938 1.0958 1.0955 1.0946 1.0945 1.0959 1.0974 1.0983 1.0992 1.0999 1.1003 1.1007 1.1015 1.1023 1.1031 1.104 1.1049 1.1061 1.1073 1.1072 1.1071 1.1081 1.1092 1.1109 1.1126 1.1138 1.1149 1.1168 1.1177 1.1186 1.1203 1.1233 1.1278 1.1347 1.1456 1.1644 1.2007 
203.5 1.0892 1.0892 1.0891 1.0891 1.089 1.0889 1.0888 1.0887 1.0886 1.0884 1.0883 1.0881 1.0879 1.0876 1.0874 1.0871 1.0868 1.0865 1.0862 1.0859 1.0857 1.0856 1.0854 1.0855 1.0855 1.0856 1.0857 1.0858 1.0861 1.0864 1.0863 1.0859 1.0857 1.0861 1.0866 1.0866 1.0863 1.0862 1.0862 1.0863 1.0865 1.0868 1.0872 1.0877 1.0883 1.0881 1.0877 1.0875 1.0878 1.0881 1.0887 1.0894 1.09 1.0908 1.0915 1.0914 1.0911 1.0911 1.0916 1.0922 1.092 1.0918 1.0921 1.0938 1.0955 1.0952 1.0945 1.0945 1.0958 1.0971 1.098 1.099 1.0997 1.1002 1.1006 1.1012 1.1019 1.1028 1.1039 1.1049 1.106 1.1071 1.107 1.1069 1.1079 1.1091 1.1108 1.1126 1.1138 1.1149 1.1169 1.1177 1.1186 1.1203 1.1232 1.1278 1.1347 1.1455 1.1644 1.2007 
204 1.0892 1.0891 1.0891 1.089 1.089 1.0889 1.0888 1.0887 1.0886 1.0884 1.0882 1.0881 1.0879 1.0876 1.0874 1.0871 1.0869 1.0866 1.0863 1.086 1.0858 1.0857 1.0856 1.0856 1.0857 1.0857 1.0858 1.0858 1.0861 1.0864 1.0863 1.086 1.0858 1.0862 1.0866 1.0866 1.0864 1.0863 1.0864 1.0865 1.0867 1.087 1.0874 1.0876 1.0879 1.0876 1.0872 1.0869 1.0874 1.0878 1.0884 1.0891 1.0898 1.0906 1.0915 1.0917 1.0918 1.092 1.0927 1.0933 1.0932 1.0929 1.093 1.0942 1.0954 1.0955 1.0954 1.0955 1.0961 1.0967 1.0976 1.0985 1.0993 1.0998 1.1003 1.1005 1.1008 1.1016 1.1028 1.104 1.1052 1.1065 1.1068 1.107 1.1082 1.1094 1.111 1.1125 1.1137 1.1149 1.1166 1.1173 1.1182 1.1199 1.123 1.1276 1.1346 1.1456 1.1646 1.2012 
204.5 1.0891 1.0891 1.089 1.089 1.0889 1.0888 1.0887 1.0887 1.0885 1.0884 1.0882 1.0881 1.0879 1.0877 1.0874 1.0872 1.0869 1.0867 1.0864 1.0862 1.086 1.0858 1.0857 1.0857 1.0858 1.0858 1.0859 1.0859 1.0861 1.0863 1.0862 1.0861 1.086 1.0863 1.0867 1.0866 1.0865 1.0863 1.0865 1.0866 1.0869 1.0873 1.0875 1.0875 1.0875 1.0871 1.0867 1.0864 1.0869 1.0874 1.0881 1.0888 1.0896 1.0905 1.0915 1.092 1.0925 1.093 1.0937 1.0944 1.0943 1.094 1.094 1.0946 1.0952 1.0957 1.0962 1.0965 1.0965 1.0964 1.0972 1.0981 1.0989 1.0994 1.0999 1.0998 1.0997 1.1004 1.1017 1.103 1.1044 1.1059 1.1066 1.1072 1.1085 1.1098 1.1111 1.1125 1.1136 1.1148 1.1163 1.1169 1.1178 1.1196 1.1227 1.1274 1.1345 1.1456 1.1647 1.2017 
205 1.0891 1.089 1.089 1.0889 1.0889 1.0888 1.0887 1.0886 1.0885 1.0884 1.0882 1.088 1.0879 1.0877 1.0874 1.0872 1.087 1.0867 1.0865 1.0863 1.0861 1.086 1.0858 1.0859 1.0859 1.0859 1.086 1.086 1.0861 1.0862 1.0862 1.0861 1.0861 1.0864 1.0867 1.0867 1.0865 1.0864 1.0866 1.0868 1.0871 1.0875 1.0877 1.0874 1.0871 1.0866 1.0861 1.0859 1.0865 1.0871 1.0878 1.0885 1.0894 1.0904 1.0915 1.0923 1.0931 1.0939 1.0947 1.0956 1.0955 1.0952 1.095 1.095 1.0951 1.096 1.0971 1.0975 1.0968 1.0961 1.0968 1.0977 1.0984 1.099 1.0995 1.0991 1.0986 1.0992 1.1006 1.102 1.1036 1.1053 1.1064 1.1074 1.1087 1.1101 1.1113 1.1125 1.1136 1.1147 1.116 1.1165 1.1174 1.1192 1.1224 1.1272 1.1344 1.1456 1.1649 1.2021 
205.5 1.089 1.089 1.0889 1.0889 1.0888 1.0888 1.0887 1.0886 1.0885 1.0883 1.0882 1.088 1.0879 1.0877 1.0875 1.0873 1.087 1.0868 1.0866 1.0864 1.0862 1.0861 1.086 1.0861 1.0861 1.0861 1.086 1.086 1.086 1.0861 1.086 1.0857 1.0856 1.0859 1.0862 1.0863 1.0863 1.0863 1.0868 1.0872 1.0876 1.0881 1.0883 1.0879 1.0874 1.0871 1.0869 1.0868 1.0873 1.0877 1.0883 1.0888 1.0895 1.0907 1.0918 1.0924 1.0929 1.0935 1.0944 1.0952 1.0953 1.0951 1.095 1.0951 1.0952 1.0963 1.0975 1.098 1.0972 1.0963 1.097 1.0979 1.0986 1.0992 1.0999 1.0994 1.0987 1.0994 1.1007 1.1021 1.1037 1.1053 1.1062 1.1071 1.1084 1.1098 1.1109 1.112 1.113 1.114 1.1153 1.116 1.117 1.1188 1.122 1.1269 1.1342 1.1455 1.1648 1.2021 
206 1.089 1.089 1.0889 1.0889 1.0888 1.0887 1.0886 1.0886 1.0884 1.0883 1.0882 1.088 1.0879 1.0877 1.0875 1.0873 1.0871 1.0869 1.0867 1.0865 1.0863 1.0862 1.0861 1.0863 1.0864 1.0863 1.0861 1.086 1.086 1.086 1.0857 1.0852 1.0848 1.0852 1.0855 1.0857 1.0859 1.0862 1.0869 1.0877 1.0883 1.0888 1.0891 1.0886 1.0881 1.0881 1.0882 1.0884 1.0886 1.0888 1.0891 1.0894 1.0899 1.0911 1.0923 1.0925 1.0924 1.0925 1.0934 1.0942 1.0945 1.0945 1.0947 1.0951 1.0954 1.0965 1.0977 1.0983 1.0976 1.0968 1.0975 1.0983 1.0991 1.0998 1.1005 1.1 1.0994 1.1001 1.1014 1.1026 1.1041 1.1055 1.1061 1.1066 1.1079 1.1092 1.1102 1.1112 1.1122 1.1131 1.1144 1.1153 1.1165 1.1184 1.1217 1.1266 1.1339 1.1452 1.1646 1.2019 
206.5 1.0889 1.0889 1.0889 1.0888 1.0888 1.0887 1.0886 1.0885 1.0884 1.0883 1.0882 1.088 1.0879 1.0877 1.0875 1.0873 1.0871 1.0869 1.0867 1.0865 1.0864 1.0863 1.0863 1.0865 1.0867 1.0866 1.0862 1.0859 1.0859 1.0859 1.0854 1.0846 1.0841 1.0844 1.0848 1.0851 1.0855 1.086 1.0871 1.0882 1.089 1.0895 1.0899 1.0894 1.0888 1.089 1.0895 1.0899 1.0899 1.0899 1.0899 1.0899 1.0902 1.0915 1.0927 1.0925 1.0918 1.0915 1.0924 1.0932 1.0936 1.094 1.0944 1.095 1.0956 1.0967 1.098 1.0986 1.098 1.0973 1.0979 1.0988 1.0996 1.1004 1.1012 1.1007 1.1 1.1008 1.102 1.1032 1.1044 1.1057 1.1059 1.1061 1.1073 1.1085 1.1095 1.1105 1.1113 1.1121 1.1135 1.1147 1.116 1.118 1.1213 1.1263 1.1336 1.1449 1.1643 1.2017 
207 1.0889 1.0889 1.0888 1.0888 1.0887 1.0887 1.0886 1.0885 1.0884 1.0883 1.0882 1.088 1.0879 1.0877 1.0875 1.0874 1.0872 1.087 1.0868 1.0866 1.0865 1.0865 1.0865 1.0867 1.087 1.0868 1.0863 1.0859 1.0858 1.0858 1.0851 1.0841 1.0833 1.0837 1.0841 1.0846 1.0851 1.0858 1.0873 1.0888 1.0897 1.0903 1.0907 1.0901 1.0895 1.09 1.0908 1.0914 1.0912 1.091 1.0907 1.0904 1.0906 1.0919 1.0932 1.0925 1.0912 1.0905 1.0914 1.0922 1.0928 1.0934 1.0941 1.0949 1.0958 1.097 1.0982 1.0989 1.0983 1.0978 1.0984 1.0993 1.1001 1.101 1.1018 1.1014 1.1007 1.1016 1.1027 1.1038 1.1048 1.1059 1.1058 1.1056 1.1067 1.1079 1.1089 1.1098 1.1105 1.1112 1.1126 1.114 1.1155 1.1176 1.121 1.1259 1.1333 1.1447 1.1641 1.2015 
207.5 1.0889 1.0889 1.0889 1.0888 1.0888 1.0887 1.0886 1.0885 1.0884 1.0883 1.0882 1.0881 1.0879 1.0878 1.0876 1.0874 1.0872 1.0871 1.0869 1.0867 1.0867 1.0866 1.0866 1.0869 1.0871 1.087 1.0866 1.0862 1.0863 1.0863 1.0857 1.0847 1.084 1.0844 1.0848 1.0852 1.0858 1.0864 1.0876 1.0887 1.0895 1.0901 1.0904 1.0898 1.0891 1.0897 1.0906 1.0912 1.0908 1.0904 1.0903 1.0903 1.0906 1.0918 1.0931 1.0923 1.091 1.0904 1.0915 1.0926 1.0931 1.0936 1.094 1.0946 1.0952 1.0963 1.0976 1.0983 1.0979 1.0975 1.0982 1.0991 1.0999 1.1008 1.1017 1.1016 1.1013 1.1023 1.1033 1.1043 1.1054 1.1064 1.1066 1.1066 1.1075 1.1084 1.1091 1.1097 1.1104 1.1111 1.1127 1.1141 1.1156 1.1177 1.121 1.126 1.1334 1.1447 1.1642 1.2017 
208 1.089 1.089 1.0889 1.0889 1.0888 1.0888 1.0887 1.0886 1.0885 1.0884 1.0882 1.0881 1.088 1.0878 1.0876 1.0875 1.0873 1.0871 1.087 1.0869 1.0868 1.0868 1.0868 1.087 1.0872 1.0871 1.0868 1.0866 1.0867 1.0868 1.0864 1.0855 1.0849 1.0853 1.0856 1.086 1.0865 1.0871 1.0879 1.0887 1.0893 1.0898 1.09 1.0894 1.0887 1.0892 1.0902 1.0909 1.0903 1.0897 1.0897 1.09 1.0906 1.0917 1.0929 1.0922 1.0909 1.0904 1.0918 1.0932 1.0936 1.0938 1.094 1.0942 1.0945 1.0956 1.0969 1.0976 1.0974 1.0972 1.0979 1.0988 1.0997 1.1006 1.1015 1.1018 1.102 1.1029 1.1039 1.1048 1.1059 1.107 1.1074 1.1077 1.1083 1.1089 1.1093 1.1097 1.1104 1.1111 1.1127 1.1142 1.1157 1.1178 1.1211 1.1261 1.1334 1.1448 1.1644 1.202 
208.5 1.0891 1.089 1.089 1.0889 1.0889 1.0888 1.0887 1.0886 1.0885 1.0884 1.0883 1.0881 1.088 1.0878 1.0877 1.0875 1.0874 1.0872 1.0871 1.087 1.0869 1.0869 1.087 1.0871 1.0873 1.0873 1.0871 1.087 1.0872 1.0874 1.087 1.0864 1.0858 1.0861 1.0865 1.0868 1.0873 1.0877 1.0881 1.0886 1.089 1.0895 1.0897 1.0889 1.0882 1.0888 1.0899 1.0905 1.0897 1.089 1.0892 1.0898 1.0905 1.0917 1.0928 1.092 1.0907 1.0903 1.092 1.0937 1.094 1.094 1.0939 1.0939 1.0938 1.0949 1.0961 1.097 1.0969 1.0969 1.0976 1.0985 1.0995 1.1004 1.1013 1.102 1.1026 1.1036 1.1044 1.1052 1.1064 1.1077 1.1083 1.1089 1.1092 1.1095 1.1096 1.1097 1.1104 1.1111 1.1128 1.1143 1.1158 1.1179 1.1212 1.1262 1.1335 1.1449 1.1645 1.2022 
209 1.0891 1.0891 1.089 1.089 1.0889 1.0889 1.0888 1.0887 1.0886 1.0884 1.0883 1.0882 1.088 1.0879 1.0877 1.0875 1.0874 1.0873 1.0872 1.0871 1.087 1.0871 1.0871 1.0872 1.0873 1.0873 1.0872 1.0871 1.0874 1.0877 1.0874 1.0869 1.0865 1.0869 1.0872 1.0876 1.088 1.0884 1.0885 1.0887 1.089 1.0893 1.0895 1.0886 1.0878 1.0884 1.0895 1.0902 1.0893 1.0884 1.0888 1.0897 1.0906 1.0916 1.0926 1.0919 1.0907 1.0903 1.0922 1.094 1.0943 1.0942 1.094 1.0936 1.0932 1.0943 1.0956 1.0964 1.0965 1.0966 1.0974 1.0983 1.0993 1.1002 1.1012 1.1022 1.1032 1.1042 1.1049 1.1055 1.1067 1.108 1.1088 1.1096 1.1099 1.11 1.1098 1.1096 1.1103 1.1111 1.1129 1.1144 1.1159 1.118 1.1213 1.1262 1.1336 1.145 1.1646 1.2024 
209.5 1.0891 1.0891 1.089 1.089 1.0889 1.0888 1.0887 1.0887 1.0885 1.0884 1.0883 1.0881 1.088 1.0878 1.0877 1.0875 1.0873 1.0872 1.0871 1.087 1.0869 1.0869 1.0869 1.0869 1.0869 1.0866 1.0859 1.0854 1.0857 1.086 1.086 1.0858 1.0857 1.0867 1.0876 1.0882 1.0887 1.0891 1.0893 1.0895 1.0898 1.0902 1.0902 1.089 1.0877 1.0881 1.0891 1.0897 1.0892 1.0887 1.0892 1.09 1.0908 1.0917 1.0927 1.0921 1.091 1.0907 1.0919 1.0932 1.0938 1.0942 1.0943 1.0938 1.0933 1.0944 1.0958 1.0968 1.0967 1.0967 1.0975 1.0985 1.0994 1.1004 1.1013 1.1024 1.1035 1.1045 1.1046 1.1045 1.1056 1.1068 1.1077 1.1085 1.1095 1.1104 1.11 1.1095 1.1103 1.1111 1.1129 1.1144 1.1159 1.118 1.1214 1.1263 1.1337 1.1451 1.1646 1.2024 
210 1.0891 1.089 1.089 1.0889 1.0889 1.0888 1.0887 1.0886 1.0885 1.0884 1.0883 1.0881 1.088 1.0878 1.0876 1.0874 1.0873 1.0871 1.087 1.0868 1.0868 1.0867 1.0867 1.0866 1.0866 1.0858 1.0847 1.0837 1.0841 1.0844 1.0846 1.0847 1.085 1.0865 1.088 1.0888 1.0893 1.0898 1.0901 1.0904 1.0907 1.091 1.0909 1.0893 1.0877 1.0879 1.0887 1.0893 1.0892 1.089 1.0895 1.0903 1.091 1.0919 1.0927 1.0922 1.0914 1.091 1.0917 1.0923 1.0933 1.0943 1.0947 1.094 1.0933 1.0945 1.0961 1.0971 1.097 1.0968 1.0976 1.0986 1.0996 1.1005 1.1015 1.1026 1.1037 1.1048 1.1043 1.1036 1.1045 1.1057 1.1065 1.1074 1.1091 1.1109 1.1102 1.1094 1.1102 1.1111 1.1129 1.1144 1.1159 1.1181 1.1214 1.1264 1.1337 1.1451 1.1647 1.2024 
210.5 1.089 1.089 1.089 1.0889 1.0889 1.0888 1.0887 1.0886 1.0885 1.0884 1.0882 1.0881 1.0879 1.0878 1.0876 1.0874 1.0872 1.087 1.0869 1.0867 1.0866 1.0866 1.0865 1.0863 1.0862 1.0851 1.0834 1.082 1.0824 1.0828 1.0832 1.0835 1.0842 1.0863 1.0884 1.0894 1.09 1.0905 1.0909 1.0913 1.0916 1.0918 1.0916 1.0896 1.0877 1.0876 1.0883 1.0889 1.0891 1.0893 1.0899 1.0906 1.0913 1.092 1.0927 1.0924 1.0918 1.0914 1.0914 1.0915 1.0928 1.0943 1.0951 1.0942 1.0933 1.0946 1.0963 1.0974 1.0972 1.097 1.0978 1.0987 1.0997 1.1007 1.1017 1.1028 1.1039 1.105 1.104 1.1026 1.1034 1.1045 1.1054 1.1062 1.1087 1.1113 1.1104 1.1093 1.1101 1.111 1.1128 1.1144 1.116 1.1181 1.1215 1.1265 1.1338 1.1452 1.1647 1.2023 
211 1.0891 1.0891 1.089 1.089 1.0889 1.0889 1.0888 1.0887 1.0886 1.0884 1.0883 1.0881 1.088 1.0878 1.0876 1.0874 1.0872 1.087 1.0868 1.0866 1.0865 1.0864 1.0863 1.0861 1.086 1.0848 1.083 1.0815 1.0819 1.0822 1.0827 1.0833 1.0841 1.0862 1.0884 1.0895 1.09 1.0905 1.0909 1.0913 1.0916 1.0918 1.0916 1.0897 1.0878 1.0877 1.0881 1.0886 1.0892 1.0897 1.0902 1.0907 1.0913 1.092 1.0927 1.0924 1.0918 1.0914 1.0912 1.091 1.0924 1.0942 1.0951 1.0942 1.0934 1.0947 1.0964 1.0975 1.0973 1.0972 1.098 1.0989 1.0999 1.1008 1.1018 1.1029 1.1041 1.1053 1.1039 1.1021 1.1028 1.1037 1.1047 1.1057 1.1083 1.1111 1.1106 1.1097 1.1105 1.1115 1.113 1.1145 1.116 1.1182 1.1216 1.1266 1.1339 1.1452 1.1646 1.2022 
211.5 1.0893 1.0893 1.0893 1.0892 1.0892 1.0891 1.089 1.0889 1.0888 1.0886 1.0885 1.0883 1.0882 1.088 1.0877 1.0875 1.0873 1.0871 1.0868 1.0866 1.0864 1.0863 1.0862 1.0861 1.086 1.0852 1.084 1.0829 1.0832 1.0835 1.0839 1.0843 1.0849 1.0864 1.0878 1.0886 1.0891 1.0895 1.0898 1.0901 1.0903 1.0904 1.0904 1.0893 1.0883 1.0881 1.0883 1.0886 1.0894 1.0902 1.0905 1.0906 1.091 1.0918 1.0927 1.0922 1.0914 1.0908 1.0909 1.091 1.0922 1.0937 1.0946 1.0941 1.0936 1.0947 1.0962 1.0972 1.0973 1.0975 1.0983 1.0992 1.1002 1.1011 1.1019 1.103 1.1041 1.1056 1.1041 1.1023 1.1028 1.1036 1.1049 1.1061 1.1081 1.1101 1.1106 1.1109 1.1118 1.1127 1.1136 1.1148 1.1163 1.1184 1.1218 1.1267 1.134 1.1452 1.1645 1.2018 
212 1.0896 1.0895 1.0895 1.0894 1.0894 1.0893 1.0892 1.0891 1.089 1.0888 1.0887 1.0885 1.0883 1.0881 1.0879 1.0877 1.0874 1.0871 1.0868 1.0865 1.0863 1.0862 1.086 1.0861 1.0861 1.0856 1.0849 1.0843 1.0845 1.0847 1.085 1.0854 1.0858 1.0865 1.0872 1.0878 1.0882 1.0885 1.0887 1.0888 1.089 1.0891 1.0891 1.089 1.0888 1.0886 1.0884 1.0885 1.0896 1.0907 1.0908 1.0905 1.0907 1.0917 1.0927 1.0921 1.0909 1.0902 1.0906 1.091 1.092 1.0932 1.094 1.0939 1.0938 1.0948 1.096 1.0969 1.0973 1.0978 1.0986 1.0996 1.1005 1.1013 1.1021 1.1031 1.1041 1.1059 1.1044 1.1025 1.1029 1.1036 1.105 1.1066 1.1079 1.1091 1.1106 1.1122 1.1131 1.114 1.1141 1.1151 1.1165 1.1187 1.122 1.1269 1.1341 1.1452 1.1644 1.2015 
212.5 1.0898 1.0898 1.0897 1.0896 1.0896 1.0895 1.0894 1.0893 1.0892 1.0891 1.0889 1.0887 1.0885 1.0883 1.0881 1.0878 1.0875 1.0872 1.0868 1.0864 1.0862 1.086 1.0859 1.086 1.0861 1.086 1.0859 1.0857 1.0859 1.086 1.0862 1.0865 1.0867 1.0867 1.0866 1.0869 1.0872 1.0875 1.0876 1.0876 1.0876 1.0877 1.0879 1.0886 1.0893 1.0891 1.0885 1.0884 1.0898 1.0911 1.091 1.0904 1.0903 1.0915 1.0928 1.0919 1.0905 1.0896 1.0903 1.091 1.0918 1.0927 1.0934 1.0937 1.094 1.0948 1.0957 1.0966 1.0973 1.0981 1.099 1.0999 1.1007 1.1015 1.1022 1.1031 1.1041 1.1062 1.1047 1.1027 1.103 1.1035 1.1052 1.1071 1.1076 1.1081 1.1106 1.1134 1.1144 1.1152 1.1146 1.1154 1.1167 1.1189 1.1222 1.127 1.1341 1.1452 1.1642 1.2011 
213 1.0899 1.0899 1.0898 1.0898 1.0897 1.0896 1.0895 1.0894 1.0893 1.0892 1.089 1.0888 1.0886 1.0884 1.0882 1.0879 1.0876 1.0873 1.087 1.0866 1.0864 1.0862 1.0861 1.0863 1.0864 1.0865 1.0865 1.0866 1.0866 1.0866 1.0868 1.0871 1.0872 1.0869 1.0865 1.0867 1.087 1.0872 1.0872 1.0872 1.0873 1.0874 1.0877 1.0886 1.0894 1.0893 1.0888 1.0888 1.0901 1.0915 1.0913 1.0906 1.0904 1.0916 1.0929 1.092 1.0905 1.0897 1.0905 1.0914 1.0922 1.0929 1.0935 1.0938 1.094 1.0948 1.0956 1.0964 1.097 1.0976 1.0985 1.0994 1.1002 1.1009 1.1015 1.1024 1.1032 1.1049 1.1046 1.1041 1.1041 1.1041 1.1058 1.1076 1.108 1.1082 1.1109 1.1137 1.1147 1.1155 1.1149 1.1155 1.1168 1.1189 1.1221 1.127 1.1341 1.1452 1.1642 1.2011 
213.5 1.0899 1.0899 1.0898 1.0898 1.0897 1.0897 1.0896 1.0895 1.0894 1.0892 1.0891 1.0889 1.0887 1.0885 1.0883 1.0881 1.0878 1.0875 1.0872 1.0869 1.0868 1.0867 1.0866 1.0867 1.0868 1.0869 1.087 1.087 1.0869 1.0868 1.087 1.0873 1.0875 1.0871 1.0868 1.0868 1.0871 1.0874 1.0874 1.0875 1.0876 1.0878 1.088 1.0887 1.0894 1.0895 1.0893 1.0894 1.0906 1.0917 1.0915 1.0909 1.0908 1.0919 1.093 1.0922 1.0908 1.0901 1.0911 1.0922 1.0929 1.0935 1.094 1.0939 1.0939 1.0947 1.0956 1.0963 1.0965 1.0967 1.0975 1.0984 1.0992 1.0997 1.1002 1.1011 1.1019 1.1026 1.1044 1.1063 1.1059 1.1052 1.1066 1.1081 1.1087 1.1092 1.1113 1.1135 1.1144 1.1151 1.1149 1.1155 1.1167 1.1187 1.1219 1.1268 1.1339 1.1451 1.1643 1.2014 
214 1.09 1.0899 1.0899 1.0898 1.0898 1.0897 1.0896 1.0895 1.0894 1.0893 1.0892 1.089 1.0888 1.0886 1.0884 1.0882 1.088 1.0878 1.0875 1.0873 1.0872 1.0871 1.087 1.0871 1.0872 1.0873 1.0874 1.0875 1.0873 1.0871 1.0872 1.0876 1.0878 1.0874 1.087 1.087 1.0873 1.0875 1.0876 1.0877 1.0879 1.0881 1.0884 1.0889 1.0893 1.0896 1.0898 1.0901 1.091 1.0919 1.0918 1.0913 1.0912 1.0922 1.0932 1.0924 1.0912 1.0906 1.0917 1.0929 1.0936 1.0942 1.0945 1.0941 1.0938 1.0946 1.0956 1.0962 1.096 1.0958 1.0965 1.0974 1.0982 1.0986 1.099 1.0997 1.1006 1.1003 1.1041 1.1084 1.1077 1.1063 1.1074 1.1087 1.1094 1.1101 1.1117 1.1133 1.114 1.1148 1.1149 1.1156 1.1167 1.1185 1.1217 1.1265 1.1338 1.145 1.1643 1.2017 
214.5 1.09 1.09 1.0899 1.0899 1.0898 1.0898 1.0897 1.0896 1.0895 1.0894 1.0892 1.0891 1.0889 1.0887 1.0886 1.0884 1.0882 1.088 1.0878 1.0877 1.0876 1.0875 1.0875 1.0876 1.0877 1.0878 1.0879 1.088 1.0876 1.0873 1.0875 1.0878 1.0881 1.0877 1.0872 1.0872 1.0874 1.0876 1.0878 1.088 1.0882 1.0885 1.0888 1.089 1.0893 1.0897 1.0902 1.0908 1.0915 1.0921 1.092 1.0916 1.0916 1.0925 1.0934 1.0927 1.0915 1.0911 1.0923 1.0936 1.0943 1.0948 1.0949 1.0943 1.0937 1.0945 1.0956 1.0961 1.0955 1.0948 1.0955 1.0964 1.0971 1.0974 1.0977 1.0984 1.0992 1.098 1.1039 1.1106 1.1095 1.1074 1.1082 1.1092 1.1101 1.1111 1.112 1.113 1.1137 1.1144 1.1149 1.1156 1.1166 1.1184 1.1215 1.1263 1.1336 1.145 1.1644 1.202 
215 1.0899 1.0899 1.0899 1.0898 1.0898 1.0897 1.0896 1.0895 1.0894 1.0893 1.0892 1.089 1.0889 1.0887 1.0885 1.0883 1.0881 1.088 1.0878 1.0876 1.0875 1.0875 1.0874 1.0875 1.0876 1.0877 1.0878 1.0878 1.0875 1.0872 1.0874 1.0877 1.088 1.0875 1.087 1.087 1.0872 1.0874 1.0877 1.088 1.0883 1.0886 1.0889 1.089 1.089 1.0894 1.0897 1.0902 1.091 1.0918 1.0915 1.091 1.0909 1.0919 1.0929 1.0925 1.0918 1.0916 1.0925 1.0934 1.0941 1.0947 1.095 1.0942 1.0934 1.0943 1.0956 1.0963 1.0958 1.0954 1.0961 1.097 1.0977 1.0981 1.0985 1.0992 1.1 1.0989 1.104 1.1098 1.109 1.1075 1.1087 1.1101 1.1106 1.111 1.1119 1.1128 1.1135 1.1143 1.115 1.1158 1.1169 1.1187 1.1217 1.1265 1.1337 1.145 1.1643 1.2018 
215.5 1.0899 1.0898 1.0898 1.0897 1.0897 1.0896 1.0895 1.0894 1.0893 1.0892 1.0891 1.0889 1.0888 1.0886 1.0884 1.0882 1.088 1.0879 1.0877 1.0875 1.0874 1.0873 1.0872 1.0873 1.0874 1.0874 1.0875 1.0875 1.0873 1.087 1.0872 1.0876 1.0878 1.0873 1.0867 1.0867 1.0869 1.0871 1.0875 1.0879 1.0883 1.0887 1.0889 1.0889 1.0888 1.0889 1.0891 1.0894 1.0904 1.0913 1.091 1.0902 1.09 1.0911 1.0922 1.0923 1.0921 1.0921 1.0925 1.0929 1.0937 1.0946 1.0949 1.094 1.0931 1.0941 1.0956 1.0966 1.0964 1.0963 1.097 1.0979 1.0987 1.0992 1.0998 1.1005 1.1012 1.1005 1.1041 1.1083 1.1081 1.1074 1.1091 1.1111 1.111 1.1108 1.1116 1.1125 1.1133 1.1142 1.1151 1.1161 1.1172 1.119 1.1221 1.1268 1.1339 1.145 1.1642 1.2014 
216 1.0898 1.0898 1.0897 1.0897 1.0896 1.0895 1.0894 1.0894 1.0892 1.0891 1.089 1.0888 1.0887 1.0885 1.0883 1.0882 1.088 1.0878 1.0876 1.0874 1.0873 1.0872 1.0871 1.0871 1.0872 1.0872 1.0872 1.0872 1.087 1.0869 1.0871 1.0874 1.0876 1.087 1.0864 1.0864 1.0866 1.0868 1.0874 1.0879 1.0883 1.0887 1.089 1.0887 1.0885 1.0884 1.0884 1.0886 1.0897 1.0908 1.0904 1.0894 1.0891 1.0903 1.0916 1.0921 1.0924 1.0926 1.0925 1.0925 1.0933 1.0944 1.0948 1.0938 1.0927 1.0939 1.0956 1.0968 1.097 1.0971 1.0979 1.0988 1.0996 1.1003 1.1011 1.1017 1.1024 1.1021 1.1043 1.1068 1.1072 1.1073 1.1096 1.1121 1.1114 1.1105 1.1113 1.1122 1.1132 1.1141 1.1152 1.1163 1.1176 1.1194 1.1224 1.1271 1.1341 1.1451 1.1641 1.2011 
216.5 1.0897 1.0897 1.0896 1.0896 1.0895 1.0894 1.0894 1.0893 1.0892 1.089 1.0889 1.0887 1.0886 1.0884 1.0882 1.0881 1.0879 1.0876 1.0875 1.0873 1.0872 1.087 1.0869 1.0869 1.087 1.087 1.0869 1.0869 1.0868 1.0867 1.0869 1.0872 1.0874 1.0868 1.0862 1.0861 1.0863 1.0866 1.0872 1.0879 1.0883 1.0887 1.089 1.0886 1.0883 1.088 1.0878 1.0879 1.0891 1.0903 1.0898 1.0887 1.0882 1.0896 1.091 1.0919 1.0927 1.0931 1.0926 1.0921 1.093 1.0942 1.0947 1.0936 1.0925 1.0938 1.0956 1.097 1.0975 1.098 1.0988 1.0996 1.1005 1.1014 1.1023 1.1029 1.1035 1.1036 1.1044 1.1054 1.1063 1.1072 1.11 1.1129 1.1118 1.1103 1.1111 1.112 1.113 1.114 1.1153 1.1165 1.1179 1.1198 1.1228 1.1273 1.1342 1.1452 1.1641 1.2008 
217 1.0894 1.0894 1.0893 1.0893 1.0892 1.0892 1.0891 1.089 1.0889 1.0888 1.0886 1.0885 1.0883 1.0882 1.088 1.0878 1.0876 1.0874 1.0872 1.0871 1.087 1.0868 1.0867 1.0868 1.0869 1.0868 1.0868 1.0867 1.0867 1.0868 1.0869 1.0871 1.0872 1.0867 1.0862 1.0863 1.0866 1.0869 1.0872 1.0875 1.0878 1.0881 1.0883 1.0882 1.0881 1.088 1.088 1.0883 1.0894 1.0905 1.0899 1.0888 1.0883 1.0895 1.0908 1.0917 1.0926 1.0931 1.093 1.0929 1.0935 1.0943 1.0947 1.0942 1.0936 1.0943 1.0954 1.0963 1.0971 1.0978 1.0987 1.0996 1.1005 1.1013 1.1022 1.1028 1.1035 1.1037 1.1045 1.1052 1.1061 1.1071 1.1091 1.1112 1.1106 1.1098 1.111 1.1124 1.1133 1.1142 1.1151 1.1162 1.1176 1.1195 1.1226 1.1273 1.1343 1.1452 1.1642 1.2011 
217.5 1.0892 1.0891 1.0891 1.089 1.089 1.0889 1.0888 1.0887 1.0886 1.0885 1.0884 1.0882 1.0881 1.0879 1.0878 1.0876 1.0874 1.0872 1.087 1.0869 1.0867 1.0866 1.0865 1.0866 1.0867 1.0867 1.0866 1.0865 1.0867 1.0868 1.0869 1.087 1.087 1.0866 1.0863 1.0864 1.0868 1.0871 1.0871 1.0871 1.0872 1.0875 1.0877 1.0878 1.0879 1.0881 1.0883 1.0887 1.0897 1.0907 1.0901 1.0889 1.0883 1.0895 1.0906 1.0916 1.0925 1.0932 1.0934 1.0937 1.094 1.0944 1.0947 1.0947 1.0947 1.0949 1.0951 1.0956 1.0966 1.0977 1.0987 1.0996 1.1005 1.1013 1.1021 1.1028 1.1034 1.1039 1.1045 1.1051 1.106 1.1069 1.1082 1.1094 1.1094 1.1093 1.111 1.1128 1.1136 1.1144 1.1149 1.1159 1.1173 1.1193 1.1225 1.1272 1.1343 1.1453 1.1644 1.2014 
218 1.0889 1.0889 1.0888 1.0888 1.0887 1.0886 1.0885 1.0885 1.0884 1.0882 1.0881 1.088 1.0878 1.0877 1.0875 1.0873 1.0871 1.087 1.0868 1.0866 1.0865 1.0864 1.0864 1.0865 1.0866 1.0866 1.0864 1.0864 1.0866 1.0869 1.0869 1.0868 1.0867 1.0866 1.0864 1.0866 1.0871 1.0874 1.087 1.0867 1.0867 1.0869 1.087 1.0874 1.0877 1.0881 1.0885 1.0891 1.09 1.0909 1.0902 1.089 1.0884 1.0894 1.0905 1.0914 1.0924 1.0932 1.0939 1.0945 1.0946 1.0945 1.0947 1.0953 1.0959 1.0954 1.0948 1.0948 1.0962 1.0976 1.0987 1.0997 1.1005 1.1013 1.102 1.1027 1.1034 1.104 1.1045 1.105 1.1059 1.1068 1.1073 1.1077 1.1083 1.1089 1.111 1.1132 1.1139 1.1145 1.1147 1.1156 1.117 1.1191 1.1224 1.1272 1.1343 1.1454 1.1645 1.2017 
218.5 1.0887 1.0887 1.0886 1.0886 1.0885 1.0885 1.0884 1.0883 1.0882 1.0881 1.0879 1.0878 1.0877 1.0875 1.0874 1.0872 1.087 1.0868 1.0867 1.0865 1.0864 1.0863 1.0863 1.0864 1.0865 1.0865 1.0864 1.0863 1.0866 1.0869 1.0869 1.0868 1.0866 1.0865 1.0865 1.0868 1.0873 1.0876 1.087 1.0865 1.0864 1.0865 1.0867 1.0872 1.0876 1.0882 1.0888 1.0894 1.0902 1.091 1.0903 1.0892 1.0886 1.0895 1.0905 1.0914 1.0923 1.0932 1.0942 1.095 1.095 1.0947 1.0948 1.0957 1.0966 1.0959 1.0948 1.0946 1.096 1.0975 1.0986 1.0996 1.1004 1.1011 1.1018 1.1026 1.1033 1.104 1.1045 1.1049 1.1057 1.1066 1.1066 1.1065 1.1075 1.1085 1.1109 1.1133 1.1139 1.1144 1.1144 1.1153 1.1167 1.1188 1.1222 1.127 1.1342 1.1454 1.1646 1.2019 
219 1.0888 1.0888 1.0887 1.0887 1.0886 1.0885 1.0885 1.0884 1.0883 1.0882 1.088 1.0879 1.0878 1.0876 1.0875 1.0873 1.0871 1.087 1.0868 1.0866 1.0865 1.0865 1.0864 1.0865 1.0866 1.0866 1.0865 1.0865 1.0867 1.0869 1.0869 1.0868 1.0867 1.0867 1.0867 1.087 1.0874 1.0877 1.0873 1.0868 1.0868 1.0869 1.0871 1.0875 1.088 1.0885 1.089 1.0895 1.0902 1.0909 1.0905 1.0897 1.0893 1.0901 1.091 1.0918 1.0925 1.0933 1.0941 1.095 1.0951 1.095 1.0952 1.0958 1.0965 1.0961 1.0955 1.0955 1.0965 1.0974 1.0983 1.0992 1.1 1.1008 1.1015 1.1023 1.103 1.1038 1.1043 1.1048 1.1056 1.1064 1.1065 1.1066 1.1075 1.1085 1.1104 1.1124 1.113 1.1135 1.114 1.115 1.1164 1.1184 1.1218 1.1267 1.1339 1.1451 1.1645 1.202 
219.5 1.0889 1.0888 1.0888 1.0887 1.0887 1.0886 1.0885 1.0885 1.0884 1.0883 1.0882 1.088 1.0879 1.0877 1.0876 1.0874 1.0873 1.0871 1.087 1.0868 1.0867 1.0866 1.0866 1.0866 1.0867 1.0867 1.0867 1.0866 1.0868 1.0869 1.087 1.0869 1.0869 1.0869 1.0869 1.0872 1.0876 1.0878 1.0875 1.0871 1.0871 1.0873 1.0875 1.0879 1.0884 1.0888 1.0892 1.0896 1.0902 1.0909 1.0907 1.0902 1.09 1.0908 1.0915 1.0921 1.0927 1.0933 1.0941 1.095 1.0952 1.0954 1.0956 1.096 1.0963 1.0963 1.0963 1.0964 1.0969 1.0974 1.0981 1.0988 1.0995 1.1004 1.1012 1.102 1.1027 1.1035 1.1041 1.1046 1.1054 1.1063 1.1065 1.1067 1.1076 1.1085 1.11 1.1115 1.1121 1.1127 1.1135 1.1147 1.1161 1.1181 1.1214 1.1263 1.1336 1.1449 1.1643 1.2021 
220 1.0889 1.0889 1.0889 1.0888 1.0888 1.0887 1.0886 1.0886 1.0885 1.0884 1.0883 1.0881 1.088 1.0879 1.0877 1.0876 1.0874 1.0872 1.0871 1.087 1.0869 1.0868 1.0867 1.0868 1.0868 1.0868 1.0868 1.0868 1.0869 1.0869 1.087 1.087 1.087 1.0871 1.0871 1.0874 1.0877 1.088 1.0877 1.0875 1.0875 1.0876 1.0878 1.0883 1.0888 1.0891 1.0894 1.0897 1.0902 1.0908 1.0908 1.0906 1.0907 1.0914 1.0921 1.0925 1.0929 1.0933 1.0941 1.0949 1.0954 1.0957 1.096 1.0961 1.0962 1.0965 1.097 1.0973 1.0973 1.0973 1.0978 1.0984 1.0991 1.1 1.1009 1.1017 1.1024 1.1033 1.1039 1.1045 1.1053 1.1061 1.1065 1.1068 1.1077 1.1086 1.1096 1.1107 1.1112 1.1118 1.1131 1.1143 1.1157 1.1177 1.121 1.1259 1.1332 1.1446 1.1642 1.2021 
220.5 1.0891 1.0891 1.089 1.089 1.0889 1.0889 1.0888 1.0887 1.0886 1.0885 1.0884 1.0883 1.0881 1.088 1.0878 1.0877 1.0875 1.0874 1.0872 1.087 1.0869 1.0869 1.0868 1.0868 1.0868 1.0869 1.0869 1.0869 1.0869 1.0869 1.0869 1.0869 1.087 1.0871 1.0873 1.0875 1.0878 1.0881 1.0879 1.0878 1.0879 1.088 1.0882 1.0886 1.089 1.0893 1.0894 1.0897 1.0902 1.0907 1.0909 1.0908 1.091 1.0916 1.0923 1.0927 1.093 1.0934 1.0941 1.0947 1.0952 1.0957 1.096 1.0958 1.0957 1.0963 1.0971 1.0977 1.0978 1.0979 1.0981 1.0985 1.099 1.0999 1.1008 1.1016 1.1023 1.1031 1.1037 1.1041 1.1048 1.1056 1.1061 1.1065 1.1073 1.1081 1.1099 1.1118 1.1121 1.1124 1.1133 1.1145 1.1158 1.1177 1.1209 1.1257 1.1331 1.1445 1.164 1.2019 
221 1.0893 1.0893 1.0893 1.0892 1.0892 1.0891 1.089 1.0889 1.0888 1.0887 1.0886 1.0884 1.0883 1.0881 1.088 1.0878 1.0876 1.0874 1.0872 1.0871 1.087 1.0869 1.0868 1.0868 1.0868 1.0869 1.0869 1.0869 1.0869 1.0868 1.0868 1.0868 1.0868 1.0871 1.0873 1.0876 1.0879 1.0882 1.0882 1.0883 1.0883 1.0883 1.0884 1.0888 1.0891 1.0893 1.0894 1.0896 1.0901 1.0907 1.0908 1.0908 1.0909 1.0916 1.0922 1.0927 1.0931 1.0935 1.094 1.0944 1.0949 1.0954 1.0956 1.0952 1.0948 1.0956 1.0965 1.0974 1.0982 1.099 1.0991 1.099 1.0993 1.1002 1.1011 1.1017 1.1024 1.1032 1.1033 1.1034 1.1041 1.1048 1.1053 1.1058 1.1066 1.1073 1.111 1.1149 1.1148 1.1144 1.1143 1.1151 1.1162 1.118 1.1211 1.1258 1.1331 1.1443 1.1637 1.2013 
221.5 1.0896 1.0895 1.0895 1.0894 1.0894 1.0893 1.0892 1.0891 1.089 1.0889 1.0888 1.0886 1.0885 1.0883 1.0881 1.0879 1.0877 1.0875 1.0873 1.0871 1.087 1.0869 1.0868 1.0868 1.0868 1.0869 1.0869 1.0869 1.0868 1.0867 1.0866 1.0866 1.0867 1.0871 1.0874 1.0877 1.088 1.0882 1.0885 1.0887 1.0887 1.0887 1.0887 1.089 1.0892 1.0893 1.0893 1.0895 1.09 1.0906 1.0907 1.0907 1.0909 1.0915 1.0922 1.0927 1.0932 1.0937 1.0938 1.094 1.0945 1.095 1.0952 1.0946 1.094 1.0949 1.096 1.0972 1.0987 1.1001 1.1 1.0996 1.0996 1.1005 1.1013 1.1019 1.1024 1.1032 1.103 1.1027 1.1033 1.104 1.1046 1.1051 1.1058 1.1065 1.1121 1.118 1.1174 1.1164 1.1153 1.1156 1.1166 1.1183 1.1213 1.126 1.1331 1.1442 1.1634 1.2007 
222 1.0898 1.0898 1.0897 1.0897 1.0896 1.0895 1.0894 1.0893 1.0892 1.0891 1.089 1.0888 1.0886 1.0884 1.0882 1.088 1.0878 1.0876 1.0874 1.0871 1.087 1.0869 1.0868 1.0868 1.0868 1.0869 1.0869 1.0869 1.0868 1.0866 1.0865 1.0865 1.0866 1.087 1.0875 1.0878 1.0881 1.0883 1.0887 1.0891 1.0892 1.0891 1.089 1.0891 1.0893 1.0893 1.0893 1.0894 1.09 1.0905 1.0906 1.0906 1.0908 1.0914 1.0921 1.0927 1.0934 1.0938 1.0937 1.0937 1.0941 1.0946 1.0948 1.094 1.0932 1.0941 1.0954 1.097 1.0991 1.1013 1.1009 1.1001 1.0999 1.1008 1.1016 1.102 1.1024 1.1032 1.1027 1.102 1.1026 1.1033 1.1039 1.1044 1.1051 1.1057 1.1132 1.121 1.12 1.1184 1.1162 1.1162 1.1171 1.1186 1.1215 1.1261 1.1331 1.1441 1.1631 1.2001 
222.5 1.0896 1.0896 1.0895 1.0895 1.0894 1.0893 1.0892 1.0891 1.089 1.0889 1.0887 1.0885 1.0883 1.0881 1.0879 1.0877 1.0875 1.0872 1.087 1.0868 1.0867 1.0866 1.0865 1.0866 1.0866 1.0867 1.0866 1.0866 1.0866 1.0865 1.0864 1.0863 1.0864 1.0869 1.0874 1.0877 1.0878 1.0881 1.0885 1.0889 1.089 1.089 1.089 1.0892 1.0895 1.0894 1.0893 1.0893 1.09 1.0906 1.0907 1.0907 1.0908 1.0915 1.0922 1.0927 1.0933 1.0937 1.0937 1.0937 1.0941 1.0946 1.0948 1.0942 1.0936 1.0945 1.0957 1.0969 1.0984 1.0998 1.0996 1.0992 1.0993 1.1003 1.1013 1.1021 1.103 1.1039 1.1037 1.1033 1.1035 1.1038 1.1044 1.1051 1.1058 1.1065 1.113 1.1199 1.1187 1.117 1.1155 1.1159 1.1169 1.1186 1.1215 1.1261 1.1332 1.1444 1.1635 1.2008 
223 1.0893 1.0892 1.0892 1.0891 1.0891 1.089 1.0889 1.0888 1.0886 1.0885 1.0883 1.0881 1.0879 1.0877 1.0875 1.0872 1.087 1.0867 1.0865 1.0863 1.0862 1.0861 1.0861 1.0862 1.0864 1.0864 1.0863 1.0862 1.0863 1.0864 1.0863 1.0862 1.0862 1.0867 1.0872 1.0874 1.0875 1.0876 1.088 1.0883 1.0886 1.0887 1.0889 1.0893 1.0897 1.0896 1.0893 1.0893 1.09 1.0907 1.0908 1.0908 1.0909 1.0916 1.0923 1.0928 1.0932 1.0935 1.0937 1.0939 1.0943 1.0948 1.095 1.0947 1.0944 1.0952 1.0962 1.0969 1.0971 1.0974 1.0976 1.0978 1.0983 1.0995 1.1007 1.1022 1.1038 1.1049 1.1051 1.1052 1.105 1.1048 1.1055 1.1063 1.107 1.1078 1.1124 1.1174 1.1161 1.1144 1.1143 1.1152 1.1164 1.1183 1.1214 1.1262 1.1334 1.1447 1.1642 1.202 
223.5 1.0889 1.0889 1.0888 1.0888 1.0887 1.0886 1.0885 1.0884 1.0882 1.0881 1.0879 1.0877 1.0875 1.0873 1.087 1.0867 1.0865 1.0863 1.0861 1.0859 1.0857 1.0857 1.0857 1.0859 1.0861 1.0861 1.0859 1.0858 1.086 1.0863 1.0863 1.0861 1.086 1.0865 1.087 1.0872 1.0872 1.0872 1.0875 1.0878 1.0881 1.0884 1.0888 1.0893 1.0899 1.0898 1.0894 1.0892 1.09 1.0908 1.0909 1.0909 1.091 1.0917 1.0924 1.0928 1.0931 1.0934 1.0938 1.0941 1.0945 1.0949 1.0951 1.0952 1.0952 1.0959 1.0967 1.0969 1.0959 1.0949 1.0955 1.0963 1.0974 1.0988 1.1002 1.1023 1.1046 1.1059 1.1065 1.1071 1.1065 1.1059 1.1066 1.1074 1.1082 1.1091 1.1119 1.1148 1.1134 1.1117 1.113 1.1145 1.116 1.1181 1.1213 1.1263 1.1336 1.1451 1.1648 1.2031 
224 1.0886 1.0885 1.0885 1.0884 1.0884 1.0883 1.0881 1.088 1.0879 1.0877 1.0875 1.0873 1.0871 1.0868 1.0865 1.0863 1.086 1.0858 1.0856 1.0854 1.0853 1.0853 1.0853 1.0855 1.0858 1.0858 1.0855 1.0853 1.0858 1.0862 1.0862 1.0859 1.0858 1.0863 1.0868 1.0869 1.0868 1.0868 1.0871 1.0873 1.0877 1.0882 1.0887 1.0894 1.0901 1.0899 1.0894 1.0892 1.09 1.0909 1.091 1.091 1.0911 1.0918 1.0925 1.0928 1.0929 1.0932 1.0938 1.0944 1.0947 1.095 1.0953 1.0957 1.096 1.0966 1.0972 1.0969 1.0947 1.0925 1.0934 1.0949 1.0964 1.098 1.0997 1.1024 1.1053 1.1068 1.1079 1.109 1.1081 1.1069 1.1076 1.1086 1.1095 1.1103 1.1113 1.1122 1.1107 1.1091 1.1118 1.1138 1.1156 1.1179 1.1213 1.1263 1.1338 1.1454 1.1654 1.2043 
224.5 1.0886 1.0886 1.0885 1.0885 1.0884 1.0883 1.0882 1.0881 1.0879 1.0878 1.0876 1.0874 1.0872 1.087 1.0867 1.0865 1.0863 1.0861 1.0859 1.0857 1.0856 1.0856 1.0856 1.0858 1.086 1.086 1.0858 1.0857 1.086 1.0862 1.0863 1.0863 1.0863 1.0866 1.0868 1.0869 1.087 1.0871 1.0874 1.0877 1.0881 1.0885 1.0889 1.0894 1.09 1.0898 1.0893 1.0892 1.09 1.0908 1.091 1.091 1.0912 1.0919 1.0926 1.0929 1.093 1.0933 1.0938 1.0944 1.0947 1.095 1.0953 1.0958 1.0962 1.0968 1.0974 1.0974 1.0959 1.0945 1.0952 1.0964 1.0977 1.0992 1.1006 1.1029 1.1054 1.1044 1.1057 1.1073 1.107 1.1065 1.1074 1.1084 1.1091 1.1097 1.1105 1.1114 1.1104 1.1092 1.1118 1.1138 1.1156 1.1178 1.1212 1.1263 1.1338 1.1453 1.1653 1.204 
225 1.0886 1.0886 1.0886 1.0885 1.0884 1.0884 1.0883 1.0882 1.088 1.0879 1.0877 1.0876 1.0874 1.0872 1.087 1.0868 1.0866 1.0864 1.0862 1.0861 1.086 1.0859 1.0859 1.0861 1.0863 1.0863 1.0862 1.0861 1.0862 1.0863 1.0865 1.0867 1.0868 1.0868 1.0868 1.0869 1.0871 1.0874 1.0877 1.0881 1.0885 1.0888 1.0891 1.0894 1.0898 1.0897 1.0893 1.0892 1.09 1.0907 1.091 1.0911 1.0913 1.0919 1.0926 1.0929 1.0931 1.0934 1.0939 1.0943 1.0947 1.095 1.0953 1.0958 1.0963 1.097 1.0976 1.0979 1.0972 1.0965 1.0972 1.0981 1.0991 1.1004 1.1017 1.1035 1.1054 1.1019 1.1034 1.1055 1.1058 1.106 1.1071 1.1082 1.1086 1.1089 1.1098 1.1107 1.1101 1.1095 1.1119 1.1138 1.1156 1.1178 1.1212 1.1263 1.1337 1.1452 1.165 1.2037 
225.5 1.0887 1.0887 1.0886 1.0885 1.0885 1.0884 1.0883 1.0882 1.0881 1.088 1.0879 1.0877 1.0875 1.0874 1.0872 1.087 1.0869 1.0867 1.0866 1.0864 1.0864 1.0863 1.0863 1.0864 1.0865 1.0866 1.0865 1.0865 1.0864 1.0864 1.0866 1.0871 1.0874 1.0871 1.0868 1.087 1.0873 1.0876 1.0881 1.0886 1.0889 1.0891 1.0893 1.0894 1.0896 1.0895 1.0893 1.0893 1.09 1.0906 1.0909 1.0911 1.0914 1.092 1.0926 1.0929 1.0932 1.0936 1.094 1.0943 1.0947 1.095 1.0953 1.0959 1.0964 1.0971 1.0978 1.0984 1.0985 1.0986 1.0991 1.0997 1.1005 1.1016 1.1027 1.104 1.1054 1.0994 1.101 1.1037 1.1047 1.1055 1.1067 1.108 1.1082 1.1082 1.109 1.1099 1.1099 1.1098 1.112 1.1138 1.1156 1.1178 1.1212 1.1262 1.1336 1.1451 1.1648 1.2034 
226 1.0887 1.0887 1.0887 1.0886 1.0886 1.0885 1.0884 1.0883 1.0882 1.0881 1.088 1.0878 1.0877 1.0875 1.0874 1.0872 1.0871 1.0869 1.0868 1.0867 1.0866 1.0866 1.0865 1.0866 1.0867 1.0867 1.0867 1.0867 1.0866 1.0864 1.0867 1.0873 1.0878 1.0873 1.0869 1.087 1.0874 1.0879 1.0884 1.0889 1.0891 1.0893 1.0895 1.0894 1.0894 1.0894 1.0893 1.0894 1.0899 1.0905 1.0909 1.0912 1.0916 1.0921 1.0926 1.0929 1.0932 1.0935 1.0939 1.0942 1.0946 1.0949 1.0953 1.0959 1.0964 1.0971 1.0978 1.0985 1.0994 1.1002 1.1006 1.1009 1.1015 1.1025 1.1034 1.1044 1.1053 1.0978 1.0994 1.1024 1.1038 1.1052 1.1065 1.1079 1.1078 1.1077 1.1085 1.1094 1.1098 1.1101 1.1122 1.114 1.1157 1.1179 1.1213 1.1263 1.1337 1.145 1.1647 1.2031 
226.5 1.0888 1.0888 1.0888 1.0887 1.0887 1.0886 1.0885 1.0884 1.0883 1.0882 1.088 1.0879 1.0877 1.0875 1.0874 1.0872 1.087 1.0869 1.0867 1.0866 1.0865 1.0864 1.0863 1.0863 1.0863 1.0863 1.0864 1.0864 1.0864 1.0864 1.0867 1.0872 1.0875 1.0873 1.0871 1.0873 1.0876 1.0879 1.0883 1.0888 1.089 1.0893 1.0894 1.0893 1.0892 1.0893 1.0895 1.0897 1.09 1.0902 1.0908 1.0914 1.092 1.0922 1.0924 1.0926 1.0927 1.0929 1.0934 1.0938 1.0942 1.0945 1.0949 1.0954 1.0959 1.0964 1.0968 1.0975 1.0985 1.0995 1.1 1.1004 1.101 1.102 1.103 1.104 1.105 1.0998 1.101 1.103 1.1043 1.1055 1.1068 1.108 1.1081 1.1081 1.109 1.1099 1.1103 1.1108 1.1129 1.1146 1.1163 1.1186 1.122 1.1269 1.1341 1.1454 1.1648 1.2028 
227 1.0889 1.0889 1.0889 1.0888 1.0887 1.0887 1.0886 1.0885 1.0884 1.0882 1.0881 1.0879 1.0878 1.0876 1.0874 1.0872 1.087 1.0868 1.0866 1.0864 1.0863 1.0862 1.0861 1.086 1.0859 1.0859 1.086 1.0861 1.0862 1.0864 1.0866 1.087 1.0873 1.0873 1.0874 1.0875 1.0877 1.088 1.0883 1.0886 1.0889 1.0892 1.0894 1.0892 1.0889 1.0892 1.0897 1.0901 1.09 1.0899 1.0907 1.0917 1.0924 1.0924 1.0923 1.0922 1.0922 1.0923 1.0928 1.0934 1.0938 1.0942 1.0946 1.095 1.0954 1.0956 1.0958 1.0964 1.0976 1.0989 1.0994 1.0998 1.1004 1.1015 1.1026 1.1036 1.1046 1.1018 1.1025 1.1036 1.1047 1.1059 1.107 1.1081 1.1083 1.1085 1.1094 1.1104 1.1109 1.1114 1.1135 1.1153 1.117 1.1193 1.1227 1.1275 1.1346 1.1457 1.1649 1.2025 
227.5 1.089 1.089 1.089 1.0889 1.0888 1.0888 1.0887 1.0886 1.0884 1.0883 1.0881 1.088 1.0878 1.0876 1.0874 1.0872 1.087 1.0868 1.0865 1.0863 1.0861 1.086 1.0859 1.0857 1.0855 1.0855 1.0857 1.0858 1.0861 1.0863 1.0866 1.0868 1.0871 1.0874 1.0876 1.0878 1.0879 1.088 1.0883 1.0885 1.0888 1.0892 1.0894 1.089 1.0886 1.0891 1.0899 1.0904 1.09 1.0896 1.0906 1.0919 1.0928 1.0925 1.0921 1.0919 1.0916 1.0917 1.0923 1.093 1.0935 1.0939 1.0943 1.0945 1.0948 1.0949 1.0948 1.0953 1.0968 1.0982 1.0988 1.0992 1.0999 1.101 1.1022 1.1032 1.1042 1.1039 1.104 1.1042 1.1052 1.1062 1.1072 1.1082 1.1086 1.1089 1.1099 1.1109 1.1115 1.1121 1.1141 1.1159 1.1177 1.12 1.1233 1.1281 1.1351 1.146 1.1649 1.2023 
228 1.0891 1.0891 1.089 1.089 1.0889 1.0888 1.0887 1.0886 1.0885 1.0884 1.0882 1.088 1.0879 1.0877 1.0875 1.0872 1.087 1.0868 1.0866 1.0864 1.0862 1.086 1.0859 1.0857 1.0855 1.0855 1.0857 1.0858 1.0861 1.0865 1.0867 1.0869 1.0871 1.0874 1.0876 1.0878 1.0878 1.0879 1.0881 1.0884 1.0887 1.0891 1.0894 1.089 1.0887 1.0891 1.0898 1.0902 1.0898 1.0893 1.0903 1.0918 1.0928 1.0924 1.0921 1.0918 1.0916 1.0916 1.0921 1.0925 1.0931 1.0937 1.0942 1.0945 1.0947 1.0946 1.0945 1.0949 1.0965 1.098 1.0986 1.0991 1.0998 1.1009 1.1021 1.103 1.104 1.1051 1.105 1.1048 1.1056 1.1066 1.1075 1.1084 1.1088 1.1091 1.1101 1.1111 1.1118 1.1124 1.1144 1.1161 1.1178 1.1201 1.1235 1.1282 1.1352 1.146 1.1649 1.202 
228.5 1.0892 1.0892 1.0891 1.089 1.089 1.0889 1.0888 1.0887 1.0886 1.0885 1.0883 1.0882 1.088 1.0878 1.0876 1.0874 1.0872 1.087 1.0869 1.0867 1.0865 1.0864 1.0863 1.0862 1.0861 1.0861 1.0862 1.0863 1.0865 1.0868 1.087 1.0872 1.0873 1.0873 1.0874 1.0874 1.0875 1.0877 1.088 1.0882 1.0886 1.089 1.0893 1.0892 1.0892 1.0892 1.0892 1.0892 1.0891 1.089 1.0899 1.0912 1.0921 1.0921 1.092 1.0921 1.0922 1.0923 1.0922 1.0921 1.0928 1.0938 1.0946 1.0948 1.0951 1.0951 1.095 1.0955 1.0969 1.0984 1.0991 1.0997 1.1005 1.1014 1.1023 1.1032 1.1042 1.1051 1.1052 1.1052 1.106 1.107 1.1078 1.1086 1.1089 1.1091 1.11 1.111 1.1116 1.1123 1.1141 1.1157 1.1174 1.1196 1.1229 1.1277 1.1347 1.1456 1.1645 1.2018 
229 1.0892 1.0892 1.0892 1.0891 1.0891 1.089 1.0889 1.0888 1.0887 1.0886 1.0884 1.0883 1.0881 1.088 1.0878 1.0876 1.0874 1.0873 1.0871 1.087 1.0868 1.0868 1.0867 1.0866 1.0866 1.0866 1.0867 1.0868 1.0869 1.0871 1.0873 1.0875 1.0876 1.0873 1.0871 1.0871 1.0872 1.0874 1.0878 1.0881 1.0885 1.0889 1.0892 1.0895 1.0897 1.0892 1.0886 1.0881 1.0884 1.0887 1.0896 1.0906 1.0914 1.0917 1.092 1.0924 1.0929 1.093 1.0923 1.0916 1.0926 1.0939 1.0949 1.0952 1.0955 1.0955 1.0955 1.096 1.0974 1.0987 1.0996 1.1004 1.1011 1.1018 1.1025 1.1034 1.1043 1.1052 1.1055 1.1057 1.1065 1.1074 1.1081 1.1088 1.1089 1.109 1.1099 1.1108 1.1115 1.1122 1.1137 1.1153 1.1169 1.1191 1.1224 1.1271 1.1342 1.1451 1.1642 1.2016 
229.5 1.0893 1.0893 1.0892 1.0892 1.0891 1.0891 1.089 1.0889 1.0888 1.0887 1.0885 1.0884 1.0883 1.0881 1.088 1.0878 1.0877 1.0875 1.0874 1.0873 1.0872 1.0871 1.0871 1.0871 1.0871 1.0872 1.0872 1.0873 1.0874 1.0874 1.0875 1.0877 1.0878 1.0873 1.0868 1.0867 1.0869 1.0872 1.0876 1.088 1.0884 1.0888 1.0892 1.0897 1.0901 1.0893 1.088 1.0871 1.0878 1.0884 1.0892 1.09 1.0907 1.0913 1.092 1.0927 1.0935 1.0937 1.0924 1.0912 1.0923 1.094 1.0952 1.0956 1.0959 1.096 1.096 1.0965 1.0978 1.0991 1.1001 1.101 1.1018 1.1023 1.1028 1.1036 1.1045 1.1052 1.1057 1.1062 1.1069 1.1078 1.1084 1.109 1.109 1.109 1.1098 1.1107 1.1114 1.1121 1.1134 1.1149 1.1164 1.1186 1.1218 1.1266 1.1337 1.1447 1.1639 1.2014 
230 1.0893 1.0893 1.0892 1.0892 1.0891 1.0891 1.089 1.0889 1.0888 1.0887 1.0885 1.0884 1.0883 1.0881 1.088 1.0878 1.0876 1.0875 1.0874 1.0873 1.0872 1.0872 1.0871 1.0872 1.0872 1.0873 1.0874 1.0874 1.0875 1.0875 1.0876 1.0878 1.0878 1.0873 1.0868 1.0868 1.087 1.0872 1.0877 1.0881 1.0884 1.0887 1.089 1.0897 1.0904 1.0895 1.0881 1.0872 1.0881 1.089 1.0895 1.0899 1.0904 1.0912 1.092 1.0927 1.0934 1.0935 1.0923 1.0912 1.0924 1.0941 1.0954 1.0957 1.0961 1.0963 1.0966 1.0971 1.0982 1.0994 1.1002 1.1009 1.1016 1.1021 1.1026 1.1035 1.1044 1.1051 1.1057 1.1062 1.107 1.1078 1.1085 1.1091 1.1092 1.1092 1.11 1.1109 1.1114 1.1119 1.1133 1.1147 1.1163 1.1184 1.1216 1.1264 1.1335 1.1446 1.1639 1.2016 
230.5 1.0893 1.0893 1.0892 1.0892 1.0891 1.089 1.089 1.0889 1.0888 1.0886 1.0885 1.0883 1.0882 1.088 1.0879 1.0877 1.0875 1.0874 1.0872 1.0871 1.0871 1.087 1.087 1.0871 1.0871 1.0872 1.0873 1.0874 1.0875 1.0876 1.0876 1.0876 1.0876 1.0873 1.0871 1.0871 1.0872 1.0874 1.0879 1.0884 1.0886 1.0886 1.0889 1.0897 1.0905 1.0899 1.0886 1.0879 1.0889 1.09 1.0902 1.0901 1.0903 1.0912 1.0921 1.0925 1.0928 1.0927 1.0921 1.0915 1.0926 1.0942 1.0954 1.0958 1.0962 1.0966 1.0971 1.0977 1.0986 1.0995 1.1 1.1004 1.1009 1.1016 1.1023 1.1032 1.1041 1.1049 1.1055 1.1061 1.1069 1.1078 1.1084 1.109 1.1094 1.1097 1.1105 1.1113 1.1115 1.1117 1.1133 1.1147 1.1163 1.1184 1.1216 1.1264 1.1335 1.1447 1.164 1.2018 
231 1.0893 1.0893 1.0892 1.0892 1.0891 1.089 1.0889 1.0888 1.0887 1.0886 1.0884 1.0883 1.0881 1.0879 1.0878 1.0876 1.0874 1.0872 1.0871 1.087 1.0869 1.0869 1.0868 1.0869 1.087 1.0871 1.0872 1.0873 1.0874 1.0876 1.0876 1.0875 1.0874 1.0874 1.0873 1.0874 1.0875 1.0877 1.0882 1.0887 1.0887 1.0886 1.0887 1.0897 1.0907 1.0902 1.0891 1.0886 1.0898 1.091 1.0909 1.0903 1.0902 1.0912 1.0922 1.0923 1.0922 1.092 1.0919 1.0918 1.0929 1.0943 1.0954 1.0958 1.0963 1.0969 1.0976 1.0983 1.099 1.0997 1.0999 1.1 1.1003 1.1011 1.102 1.1029 1.1038 1.1046 1.1053 1.106 1.1068 1.1077 1.1083 1.109 1.1095 1.1101 1.1109 1.1117 1.1117 1.1115 1.1132 1.1147 1.1163 1.1184 1.1216 1.1264 1.1335 1.1447 1.1641 1.2021 
231.5 1.0893 1.0893 1.0892 1.0891 1.0891 1.089 1.0889 1.0888 1.0887 1.0885 1.0884 1.0882 1.088 1.0878 1.0876 1.0875 1.0873 1.0871 1.087 1.0868 1.0868 1.0867 1.0867 1.0868 1.0869 1.087 1.0871 1.0872 1.0874 1.0876 1.0876 1.0874 1.0872 1.0874 1.0875 1.0876 1.0877 1.0879 1.0884 1.089 1.0889 1.0885 1.0885 1.0896 1.0908 1.0905 1.0896 1.0892 1.0906 1.092 1.0916 1.0905 1.09 1.0912 1.0923 1.0921 1.0916 1.0913 1.0917 1.0921 1.0932 1.0944 1.0955 1.0959 1.0964 1.0972 1.0981 1.0989 1.0994 1.0999 1.0997 1.0995 1.0997 1.1007 1.1017 1.1026 1.1036 1.1044 1.1051 1.1058 1.1067 1.1076 1.1083 1.1089 1.1097 1.1105 1.1114 1.1122 1.1118 1.1113 1.1132 1.1148 1.1163 1.1184 1.1216 1.1264 1.1335 1.1448 1.1643 1.2024 
232 1.0892 1.0891 1.0891 1.089 1.089 1.0889 1.0888 1.0887 1.0886 1.0884 1.0883 1.0881 1.088 1.0878 1.0876 1.0874 1.0872 1.0871 1.0869 1.0868 1.0867 1.0866 1.0866 1.0867 1.0868 1.0869 1.087 1.0871 1.0873 1.0875 1.0875 1.0873 1.0872 1.0874 1.0876 1.0877 1.0878 1.088 1.0885 1.0889 1.0889 1.0887 1.0887 1.0897 1.0908 1.0907 1.0901 1.09 1.0909 1.0919 1.0916 1.0909 1.0905 1.0913 1.092 1.092 1.0916 1.0915 1.0917 1.0919 1.0929 1.0941 1.0951 1.0957 1.0964 1.0972 1.0981 1.0989 1.0994 1.0999 1.0997 1.0994 1.0995 1.1005 1.1016 1.1022 1.1027 1.1037 1.1044 1.105 1.1059 1.1069 1.1065 1.106 1.1083 1.1108 1.1117 1.1125 1.1123 1.1121 1.1134 1.1148 1.1163 1.1183 1.1215 1.1263 1.1335 1.1448 1.1643 1.2026 
232.5 1.089 1.089 1.0889 1.0889 1.0888 1.0887 1.0886 1.0885 1.0884 1.0883 1.0882 1.088 1.0879 1.0877 1.0876 1.0874 1.0872 1.0871 1.0869 1.0867 1.0866 1.0865 1.0865 1.0865 1.0866 1.0868 1.0869 1.087 1.0872 1.0873 1.0873 1.0873 1.0872 1.0874 1.0875 1.0877 1.0878 1.088 1.0885 1.0889 1.0889 1.0889 1.089 1.0899 1.0908 1.0909 1.0907 1.0907 1.0912 1.0916 1.0915 1.0913 1.0911 1.0914 1.0917 1.0918 1.0918 1.0918 1.0918 1.0917 1.0926 1.0936 1.0947 1.0955 1.0963 1.0972 1.0981 1.0988 1.0994 1.0999 1.0997 1.0993 1.0995 1.1005 1.1015 1.1017 1.1019 1.1029 1.1036 1.1042 1.1051 1.106 1.1045 1.1027 1.1067 1.1111 1.1121 1.1128 1.113 1.1131 1.1137 1.1148 1.1162 1.1182 1.1213 1.1261 1.1334 1.1448 1.1644 1.2028 
233 1.0888 1.0888 1.0887 1.0887 1.0886 1.0886 1.0885 1.0884 1.0883 1.0882 1.0881 1.088 1.0878 1.0877 1.0875 1.0874 1.0872 1.0871 1.0869 1.0867 1.0865 1.0864 1.0863 1.0864 1.0865 1.0866 1.0868 1.0869 1.087 1.0871 1.0872 1.0872 1.0872 1.0874 1.0875 1.0877 1.0879 1.0881 1.0885 1.0888 1.089 1.0891 1.0893 1.09 1.0907 1.091 1.0912 1.0914 1.0914 1.0914 1.0915 1.0916 1.0917 1.0915 1.0913 1.0916 1.092 1.0922 1.0918 1.0915 1.0922 1.0932 1.0942 1.0953 1.0963 1.0972 1.098 1.0988 1.0994 1.0999 1.0997 1.0993 1.0994 1.1004 1.1014 1.1013 1.101 1.1022 1.1028 1.1033 1.1042 1.1052 1.1025 1.0994 1.105 1.1114 1.1125 1.1131 1.1136 1.1141 1.1139 1.1149 1.1162 1.1181 1.1212 1.126 1.1333 1.1448 1.1645 1.203 
233.5 1.0887 1.0887 1.0886 1.0886 1.0885 1.0885 1.0884 1.0883 1.0882 1.0881 1.088 1.0879 1.0878 1.0876 1.0875 1.0874 1.0872 1.087 1.0869 1.0866 1.0865 1.0863 1.0862 1.0863 1.0864 1.0865 1.0867 1.0868 1.0869 1.087 1.087 1.0871 1.0872 1.0874 1.0875 1.0877 1.0879 1.0881 1.0884 1.0887 1.0889 1.0892 1.0895 1.0901 1.0906 1.0912 1.0917 1.092 1.0916 1.0911 1.0914 1.0919 1.0922 1.0916 1.091 1.0914 1.0921 1.0925 1.0918 1.0912 1.0919 1.093 1.094 1.0952 1.0964 1.0972 1.098 1.0987 1.0993 1.0999 1.0996 1.0992 1.0993 1.1003 1.1013 1.1009 1.1002 1.1015 1.1021 1.1026 1.1035 1.1045 1.1009 1.0967 1.1037 1.1116 1.1127 1.1134 1.1141 1.1149 1.1141 1.1149 1.1162 1.118 1.1211 1.1259 1.1333 1.1448 1.1645 1.2031 
234 1.0889 1.0888 1.0888 1.0887 1.0887 1.0886 1.0885 1.0885 1.0884 1.0883 1.0881 1.088 1.0879 1.0877 1.0875 1.0874 1.0872 1.087 1.0868 1.0867 1.0865 1.0863 1.0862 1.0863 1.0864 1.0865 1.0866 1.0867 1.0868 1.0868 1.0869 1.087 1.0871 1.0872 1.0873 1.0875 1.0876 1.0877 1.088 1.0882 1.0885 1.0888 1.0892 1.0897 1.0902 1.0907 1.0912 1.0916 1.0915 1.0914 1.0915 1.0916 1.0917 1.0914 1.0911 1.0915 1.0922 1.0924 1.0915 1.0905 1.0921 1.0943 1.096 1.0967 1.0973 1.0976 1.0979 1.0982 1.0989 1.0996 1.0994 1.099 1.0991 1.1002 1.1011 1.101 1.1008 1.102 1.1027 1.1033 1.1042 1.1052 1.1028 1.1001 1.1052 1.111 1.1121 1.1128 1.1134 1.114 1.1139 1.1149 1.1162 1.1182 1.1213 1.1262 1.1335 1.1449 1.1646 1.2031 
234.5 1.089 1.089 1.089 1.0889 1.0889 1.0888 1.0887 1.0886 1.0885 1.0884 1.0882 1.0881 1.0879 1.0878 1.0876 1.0874 1.0872 1.087 1.0868 1.0867 1.0865 1.0864 1.0863 1.0863 1.0864 1.0865 1.0866 1.0866 1.0867 1.0867 1.0868 1.0869 1.0869 1.0871 1.0872 1.0873 1.0873 1.0874 1.0876 1.0878 1.0881 1.0884 1.0888 1.0892 1.0897 1.0902 1.0908 1.0913 1.0914 1.0916 1.0915 1.0913 1.0911 1.0911 1.0911 1.0916 1.0922 1.0924 1.0911 1.0899 1.0923 1.0957 1.098 1.0981 1.0982 1.098 1.0977 1.0978 1.0986 1.0993 1.0992 1.0988 1.099 1.1 1.101 1.1012 1.1013 1.1025 1.1033 1.104 1.1049 1.1059 1.1048 1.1034 1.1067 1.1104 1.1114 1.1122 1.1127 1.1131 1.1137 1.1149 1.1163 1.1183 1.1215 1.1264 1.1336 1.145 1.1646 1.203 
235 1.0892 1.0892 1.0891 1.0891 1.089 1.0889 1.0888 1.0887 1.0886 1.0885 1.0883 1.0882 1.088 1.0878 1.0876 1.0874 1.0872 1.087 1.0868 1.0867 1.0865 1.0864 1.0863 1.0863 1.0864 1.0865 1.0865 1.0866 1.0866 1.0866 1.0867 1.0867 1.0868 1.0869 1.087 1.087 1.087 1.087 1.0871 1.0873 1.0876 1.088 1.0884 1.0888 1.0892 1.0897 1.0903 1.0909 1.0914 1.0919 1.0915 1.091 1.0906 1.0909 1.0911 1.0917 1.0923 1.0923 1.0908 1.0893 1.0926 1.097 1.0999 1.0995 1.0991 1.0984 1.0976 1.0974 1.0982 1.099 1.0989 1.0987 1.0989 1.0998 1.1008 1.1014 1.1019 1.1029 1.1038 1.1047 1.1057 1.1066 1.1068 1.1068 1.1083 1.1098 1.1108 1.1116 1.1119 1.1122 1.1134 1.1149 1.1164 1.1185 1.1218 1.1266 1.1338 1.1451 1.1646 1.203 
235.5 1.0893 1.0893 1.0893 1.0892 1.0891 1.0891 1.089 1.0889 1.0887 1.0886 1.0884 1.0883 1.0881 1.0879 1.0877 1.0875 1.0873 1.0871 1.0869 1.0867 1.0866 1.0865 1.0864 1.0864 1.0865 1.0865 1.0866 1.0866 1.0866 1.0865 1.0865 1.0865 1.0866 1.0869 1.0872 1.0871 1.087 1.0869 1.087 1.0872 1.0875 1.0879 1.0883 1.0886 1.0889 1.0894 1.09 1.0906 1.0913 1.092 1.0916 1.0907 1.0902 1.0906 1.0911 1.0917 1.0924 1.0925 1.0909 1.0893 1.0929 1.0977 1.1008 1.1001 1.0994 1.0984 1.0974 1.097 1.0979 1.0987 1.0987 1.0985 1.0988 1.0998 1.1008 1.1016 1.1024 1.1034 1.1043 1.1053 1.1061 1.1069 1.1078 1.1088 1.1091 1.1093 1.1104 1.1116 1.1117 1.1116 1.1133 1.1149 1.1165 1.1186 1.1219 1.1268 1.134 1.1452 1.1646 1.2029 
236 1.0894 1.0894 1.0893 1.0893 1.0892 1.0891 1.0891 1.089 1.0888 1.0887 1.0885 1.0884 1.0882 1.088 1.0878 1.0876 1.0874 1.0872 1.087 1.0869 1.0868 1.0867 1.0866 1.0867 1.0867 1.0868 1.0869 1.0869 1.0867 1.0864 1.0863 1.0863 1.0864 1.0871 1.0878 1.0879 1.0877 1.0875 1.0876 1.0877 1.088 1.0884 1.0887 1.0889 1.0891 1.0894 1.0899 1.0904 1.0913 1.0921 1.0916 1.0907 1.09 1.0905 1.0909 1.0917 1.0927 1.093 1.0919 1.0907 1.0933 1.097 1.0994 1.0989 1.0984 1.0977 1.097 1.0967 1.0976 1.0985 1.0985 1.0984 1.0988 1.0999 1.1011 1.102 1.1028 1.1038 1.1047 1.1057 1.106 1.1063 1.1072 1.1081 1.1086 1.109 1.1108 1.1128 1.1123 1.1117 1.1135 1.1151 1.1167 1.1188 1.1221 1.1269 1.134 1.1452 1.1645 1.2027 
236.5 1.0895 1.0895 1.0894 1.0894 1.0893 1.0892 1.0891 1.089 1.0889 1.0888 1.0886 1.0885 1.0883 1.0881 1.088 1.0878 1.0876 1.0874 1.0872 1.0871 1.087 1.0869 1.0868 1.0869 1.087 1.0871 1.0872 1.0873 1.0867 1.0862 1.086 1.086 1.0861 1.0873 1.0884 1.0886 1.0883 1.0881 1.0882 1.0882 1.0885 1.0888 1.089 1.0891 1.0892 1.0894 1.0897 1.0902 1.0912 1.0922 1.0917 1.0906 1.0899 1.0903 1.0907 1.0917 1.093 1.0936 1.0928 1.092 1.0938 1.0963 1.0979 1.0977 1.0975 1.097 1.0965 1.0965 1.0974 1.0982 1.0984 1.0984 1.0988 1.1001 1.1014 1.1023 1.1032 1.1042 1.1051 1.1061 1.106 1.1057 1.1065 1.1075 1.1081 1.1087 1.1112 1.1139 1.1129 1.1117 1.1137 1.1153 1.1168 1.119 1.1222 1.127 1.1341 1.1452 1.1645 1.2025 
237 1.0896 1.0895 1.0895 1.0894 1.0894 1.0893 1.0892 1.0891 1.089 1.0889 1.0887 1.0886 1.0884 1.0883 1.0881 1.0879 1.0877 1.0875 1.0874 1.0872 1.0871 1.0871 1.087 1.0871 1.0872 1.0874 1.0875 1.0876 1.0868 1.0861 1.0858 1.0857 1.0859 1.0875 1.0891 1.0894 1.089 1.0887 1.0887 1.0888 1.0889 1.0892 1.0894 1.0894 1.0893 1.0894 1.0896 1.09 1.0912 1.0923 1.0917 1.0905 1.0897 1.0901 1.0904 1.0917 1.0932 1.0942 1.0938 1.0934 1.0943 1.0956 1.0965 1.0965 1.0965 1.0963 1.0961 1.0962 1.0971 1.098 1.0982 1.0983 1.0989 1.1003 1.1017 1.1027 1.1036 1.1046 1.1055 1.1065 1.1059 1.1051 1.1059 1.1068 1.1076 1.1083 1.1116 1.1151 1.1135 1.1117 1.1138 1.1155 1.117 1.1191 1.1224 1.1271 1.1342 1.1452 1.1644 1.2023 
237.5 1.0896 1.0896 1.0896 1.0895 1.0895 1.0894 1.0893 1.0892 1.0891 1.089 1.0888 1.0887 1.0885 1.0883 1.0881 1.0879 1.0878 1.0876 1.0874 1.0872 1.0872 1.0871 1.0871 1.0871 1.0872 1.0874 1.0876 1.0876 1.0869 1.0862 1.0859 1.0858 1.086 1.0876 1.0892 1.0895 1.0891 1.0889 1.089 1.0892 1.0892 1.0893 1.0893 1.0893 1.0892 1.0894 1.0896 1.09 1.0911 1.0922 1.0917 1.0906 1.09 1.0904 1.0908 1.092 1.0935 1.0945 1.0944 1.0943 1.0947 1.0954 1.0959 1.0961 1.0963 1.0963 1.0962 1.0964 1.0973 1.0982 1.0984 1.0984 1.0989 1.1002 1.1015 1.1025 1.1035 1.1044 1.1054 1.1063 1.1058 1.105 1.1058 1.1067 1.1073 1.1079 1.1115 1.1152 1.1137 1.1119 1.114 1.1156 1.1171 1.1192 1.1224 1.1271 1.1342 1.1452 1.1643 1.2021 
238 1.0897 1.0897 1.0896 1.0896 1.0895 1.0894 1.0893 1.0892 1.0891 1.089 1.0888 1.0887 1.0885 1.0883 1.0881 1.0879 1.0877 1.0875 1.0873 1.0872 1.087 1.087 1.0869 1.087 1.0871 1.0872 1.0874 1.0875 1.087 1.0865 1.0863 1.0863 1.0865 1.0877 1.0888 1.0891 1.0889 1.0888 1.0891 1.0895 1.0894 1.0891 1.0889 1.0889 1.089 1.0892 1.0895 1.09 1.0909 1.0918 1.0916 1.0909 1.0906 1.091 1.0915 1.0925 1.0937 1.0945 1.0947 1.0948 1.0951 1.0956 1.096 1.0963 1.0967 1.0968 1.0968 1.0971 1.0979 1.0988 1.0988 1.0987 1.0989 1.1 1.1011 1.102 1.103 1.1039 1.1048 1.1057 1.1056 1.1053 1.1061 1.107 1.1073 1.1075 1.1109 1.1146 1.1136 1.1123 1.1141 1.1156 1.1171 1.1191 1.1223 1.127 1.1341 1.1451 1.1642 1.2019 
238.5 1.0898 1.0897 1.0897 1.0896 1.0896 1.0895 1.0894 1.0893 1.0892 1.089 1.0889 1.0887 1.0885 1.0883 1.0881 1.0879 1.0877 1.0874 1.0872 1.0871 1.0869 1.0868 1.0868 1.0868 1.0869 1.087 1.0872 1.0873 1.0871 1.0868 1.0868 1.0868 1.087 1.0877 1.0885 1.0887 1.0886 1.0887 1.0892 1.0898 1.0895 1.0889 1.0884 1.0886 1.0888 1.0891 1.0895 1.09 1.0908 1.0915 1.0915 1.0912 1.0912 1.0917 1.0922 1.093 1.0939 1.0946 1.0949 1.0953 1.0956 1.0957 1.096 1.0966 1.0971 1.0973 1.0973 1.0977 1.0986 1.0995 1.0993 1.0989 1.099 1.0998 1.1006 1.1015 1.1024 1.1033 1.1042 1.1051 1.1054 1.1056 1.1064 1.1074 1.1073 1.1071 1.1104 1.114 1.1134 1.1126 1.1142 1.1157 1.1171 1.1191 1.1222 1.1269 1.1339 1.145 1.1641 1.2017 
239 1.0898 1.0898 1.0897 1.0897 1.0896 1.0895 1.0894 1.0893 1.0892 1.0891 1.0889 1.0888 1.0886 1.0884 1.0881 1.0879 1.0876 1.0874 1.0872 1.087 1.0868 1.0867 1.0866 1.0867 1.0867 1.0868 1.087 1.0871 1.0871 1.0871 1.0872 1.0873 1.0875 1.0878 1.0882 1.0883 1.0884 1.0886 1.0893 1.0901 1.0896 1.0887 1.088 1.0883 1.0886 1.089 1.0895 1.09 1.0906 1.0912 1.0914 1.0915 1.0918 1.0924 1.093 1.0935 1.0941 1.0946 1.0952 1.0959 1.096 1.0959 1.0961 1.0968 1.0975 1.0977 1.0979 1.0983 1.0992 1.1001 1.0997 1.0992 1.099 1.0996 1.1001 1.101 1.1019 1.1027 1.1036 1.1045 1.1052 1.1059 1.1068 1.1077 1.1072 1.1066 1.1099 1.1133 1.1133 1.113 1.1143 1.1157 1.1171 1.119 1.1221 1.1268 1.1338 1.1449 1.164 1.2015 
239.5 1.0899 1.0899 1.0898 1.0898 1.0897 1.0897 1.0896 1.0895 1.0893 1.0892 1.089 1.0889 1.0887 1.0885 1.0883 1.088 1.0878 1.0875 1.0873 1.0871 1.087 1.0869 1.0868 1.0869 1.0869 1.087 1.0871 1.0872 1.0873 1.0874 1.0874 1.0874 1.0874 1.0877 1.088 1.0882 1.0882 1.0884 1.0891 1.0899 1.0894 1.0885 1.0879 1.0884 1.0889 1.0893 1.0895 1.0899 1.0905 1.0912 1.0914 1.0914 1.0916 1.0924 1.0931 1.0934 1.0937 1.0941 1.0949 1.0958 1.0959 1.0958 1.0959 1.0965 1.097 1.0975 1.098 1.0985 1.099 1.0996 1.0996 1.0995 1.0996 1.0999 1.1003 1.101 1.1018 1.1028 1.1036 1.1045 1.1051 1.1058 1.1067 1.1077 1.1075 1.1071 1.1098 1.1128 1.113 1.1131 1.1144 1.1158 1.1172 1.1191 1.1221 1.1267 1.1337 1.1447 1.1637 1.2011 
240 1.0901 1.09 1.09 1.0899 1.0899 1.0898 1.0897 1.0896 1.0895 1.0893 1.0892 1.089 1.0888 1.0886 1.0884 1.0882 1.0879 1.0877 1.0875 1.0873 1.0872 1.0871 1.0871 1.0872 1.0873 1.0873 1.0874 1.0874 1.0875 1.0877 1.0876 1.0874 1.0872 1.0876 1.0879 1.088 1.0881 1.0883 1.0889 1.0895 1.0892 1.0884 1.0879 1.0887 1.0894 1.0896 1.0896 1.0897 1.0905 1.0913 1.0913 1.0911 1.0912 1.0922 1.0931 1.0932 1.0931 1.0933 1.0944 1.0955 1.0956 1.0955 1.0956 1.096 1.0963 1.0971 1.0979 1.0985 1.0987 1.0988 1.0993 1.0998 1.1002 1.1004 1.1007 1.1012 1.1017 1.103 1.1038 1.1045 1.1051 1.1057 1.1066 1.1076 1.1078 1.1079 1.11 1.1122 1.1128 1.1131 1.1145 1.1159 1.1172 1.1191 1.1221 1.1266 1.1335 1.1444 1.1634 1.2007 
240.5 1.0902 1.0902 1.0901 1.0901 1.09 1.0899 1.0898 1.0897 1.0896 1.0895 1.0893 1.0892 1.089 1.0888 1.0886 1.0883 1.0881 1.0879 1.0877 1.0875 1.0874 1.0874 1.0873 1.0875 1.0876 1.0876 1.0876 1.0876 1.0878 1.088 1.0878 1.0873 1.0871 1.0874 1.0878 1.0879 1.0879 1.0881 1.0886 1.0892 1.0889 1.0883 1.088 1.0889 1.0899 1.09 1.0896 1.0896 1.0905 1.0914 1.0913 1.0909 1.0909 1.092 1.0931 1.093 1.0926 1.0926 1.0939 1.0952 1.0954 1.0953 1.0953 1.0955 1.0956 1.0967 1.0979 1.0986 1.0983 1.098 1.0989 1.1001 1.1008 1.101 1.1011 1.1014 1.1017 1.1031 1.1039 1.1046 1.1051 1.1056 1.1065 1.1075 1.1081 1.1086 1.1101 1.1117 1.1125 1.1132 1.1146 1.1159 1.1173 1.1192 1.122 1.1265 1.1334 1.1442 1.1631 1.2003 
241 1.0903 1.0903 1.0903 1.0902 1.0902 1.0901 1.09 1.0899 1.0898 1.0896 1.0895 1.0893 1.0891 1.0889 1.0887 1.0885 1.0883 1.0881 1.0879 1.0877 1.0877 1.0876 1.0876 1.0878 1.0879 1.0879 1.0878 1.0878 1.088 1.0882 1.0879 1.0873 1.0869 1.0873 1.0876 1.0878 1.0878 1.0879 1.0884 1.0889 1.0887 1.0881 1.088 1.0892 1.0904 1.0903 1.0897 1.0894 1.0905 1.0915 1.0913 1.0907 1.0905 1.0918 1.093 1.0927 1.092 1.0919 1.0934 1.095 1.0952 1.0951 1.095 1.095 1.095 1.0963 1.0978 1.0986 1.0979 1.0972 1.0986 1.1003 1.1015 1.1015 1.1015 1.1016 1.1017 1.1033 1.104 1.1046 1.105 1.1055 1.1064 1.1074 1.1084 1.1094 1.1103 1.1112 1.1122 1.1133 1.1147 1.116 1.1174 1.1192 1.122 1.1264 1.1332 1.144 1.1628 1.1999 
241.5 1.0902 1.0902 1.0901 1.0901 1.09 1.0899 1.0898 1.0897 1.0896 1.0895 1.0894 1.0892 1.089 1.0889 1.0887 1.0884 1.0882 1.0881 1.0879 1.0877 1.0876 1.0876 1.0876 1.0877 1.0878 1.0879 1.0879 1.0879 1.0878 1.0878 1.0876 1.0872 1.087 1.0873 1.0877 1.0878 1.0879 1.088 1.0885 1.089 1.0887 1.0882 1.088 1.0891 1.0901 1.0901 1.0897 1.0896 1.0905 1.0914 1.0913 1.0909 1.0908 1.0917 1.0925 1.0925 1.0923 1.0924 1.0933 1.0943 1.0947 1.095 1.0951 1.095 1.095 1.0959 1.0971 1.0978 1.0976 1.0974 1.0985 1.0997 1.1007 1.101 1.1013 1.1014 1.1014 1.1027 1.1039 1.105 1.1057 1.1062 1.1073 1.1084 1.1093 1.1102 1.111 1.1117 1.1126 1.1134 1.1149 1.1163 1.1176 1.1195 1.1223 1.1267 1.1335 1.1444 1.1633 1.2005 
242 1.09 1.09 1.09 1.0899 1.0899 1.0898 1.0897 1.0896 1.0895 1.0894 1.0893 1.0891 1.089 1.0888 1.0886 1.0884 1.0882 1.088 1.0878 1.0877 1.0876 1.0876 1.0875 1.0876 1.0877 1.0878 1.0879 1.088 1.0877 1.0874 1.0872 1.0871 1.0871 1.0874 1.0877 1.0879 1.0879 1.0881 1.0886 1.089 1.0888 1.0883 1.0881 1.0889 1.0898 1.0899 1.0898 1.0899 1.0906 1.0914 1.0914 1.0912 1.0911 1.0916 1.092 1.0923 1.0925 1.0928 1.0932 1.0936 1.0942 1.0948 1.0952 1.0951 1.095 1.0956 1.0964 1.097 1.0973 1.0976 1.0983 1.0992 1.0999 1.1005 1.1011 1.1011 1.101 1.1022 1.1038 1.1055 1.1063 1.107 1.1081 1.1094 1.1102 1.111 1.1116 1.1122 1.1129 1.1136 1.1151 1.1165 1.1179 1.1198 1.1227 1.127 1.1339 1.1447 1.1637 1.2011 
242.5 1.0899 1.0899 1.0898 1.0898 1.0897 1.0897 1.0896 1.0895 1.0894 1.0893 1.0892 1.089 1.0889 1.0887 1.0886 1.0884 1.0882 1.088 1.0878 1.0877 1.0876 1.0875 1.0875 1.0876 1.0876 1.0878 1.088 1.0881 1.0875 1.087 1.0869 1.0871 1.0872 1.0875 1.0878 1.0879 1.088 1.0881 1.0886 1.0891 1.0889 1.0884 1.0881 1.0888 1.0895 1.0898 1.0899 1.0901 1.0907 1.0913 1.0915 1.0914 1.0914 1.0914 1.0915 1.092 1.0928 1.0932 1.0931 1.0929 1.0937 1.0947 1.0953 1.0952 1.095 1.0953 1.0957 1.0962 1.097 1.0977 1.0982 1.0986 1.0991 1.1 1.101 1.1009 1.1007 1.1016 1.1037 1.1059 1.1069 1.1077 1.109 1.1103 1.1111 1.1119 1.1123 1.1127 1.1133 1.1138 1.1153 1.1167 1.1181 1.1201 1.123 1.1274 1.1342 1.1451 1.1641 1.2017 
243 1.0898 1.0898 1.0897 1.0897 1.0896 1.0896 1.0895 1.0894 1.0893 1.0892 1.0891 1.089 1.0888 1.0887 1.0885 1.0884 1.0882 1.088 1.0878 1.0877 1.0876 1.0875 1.0875 1.0875 1.0876 1.0878 1.0881 1.0882 1.0875 1.0868 1.0867 1.0871 1.0874 1.0876 1.0878 1.0879 1.088 1.0882 1.0887 1.0891 1.0889 1.0884 1.0881 1.0887 1.0892 1.0896 1.0899 1.0902 1.0907 1.0912 1.0915 1.0916 1.0917 1.0914 1.0912 1.092 1.0931 1.0937 1.0931 1.0925 1.0934 1.0946 1.0954 1.0952 1.095 1.0951 1.0952 1.0956 1.0966 1.0976 1.0979 1.098 1.0985 1.0997 1.1008 1.1009 1.1008 1.1014 1.1038 1.1063 1.1073 1.1082 1.1096 1.111 1.1117 1.1124 1.1127 1.113 1.1134 1.1139 1.1153 1.1168 1.1182 1.1202 1.1231 1.1276 1.1344 1.1453 1.1645 1.2021 
243.5 1.0899 1.0899 1.0898 1.0898 1.0897 1.0897 1.0896 1.0895 1.0894 1.0893 1.0892 1.089 1.0889 1.0888 1.0886 1.0884 1.0883 1.0881 1.0879 1.0878 1.0877 1.0876 1.0875 1.0876 1.0877 1.0878 1.088 1.0881 1.0877 1.0872 1.0871 1.0873 1.0874 1.0876 1.0879 1.088 1.0881 1.0882 1.0886 1.089 1.0887 1.0883 1.088 1.0885 1.0889 1.0894 1.0897 1.0901 1.0905 1.091 1.0913 1.0916 1.0918 1.0918 1.0918 1.0926 1.0937 1.0943 1.0936 1.093 1.0936 1.0946 1.0952 1.0952 1.0952 1.0954 1.0956 1.0959 1.0963 1.0967 1.0972 1.0977 1.0985 1.0996 1.1008 1.1014 1.102 1.1026 1.1045 1.1064 1.1074 1.1081 1.1092 1.1103 1.1112 1.112 1.1124 1.1127 1.113 1.1134 1.115 1.1164 1.1178 1.1198 1.1228 1.1274 1.1343 1.1453 1.1644 1.2023 
244 1.09 1.0899 1.0899 1.0898 1.0898 1.0897 1.0897 1.0896 1.0895 1.0894 1.0892 1.0891 1.089 1.0888 1.0887 1.0885 1.0884 1.0882 1.088 1.0879 1.0878 1.0877 1.0876 1.0877 1.0877 1.0878 1.0879 1.088 1.0878 1.0876 1.0875 1.0875 1.0875 1.0877 1.0879 1.088 1.0881 1.0882 1.0885 1.0888 1.0886 1.0881 1.0878 1.0883 1.0887 1.0891 1.0896 1.09 1.0903 1.0907 1.0911 1.0915 1.0919 1.0922 1.0924 1.0933 1.0943 1.0948 1.0941 1.0935 1.0939 1.0946 1.0951 1.0953 1.0954 1.0957 1.0959 1.0961 1.0959 1.0958 1.0965 1.0975 1.0984 1.0996 1.1007 1.102 1.1032 1.1038 1.1052 1.1066 1.1074 1.108 1.1089 1.1097 1.1107 1.1116 1.112 1.1124 1.1126 1.1129 1.1146 1.116 1.1174 1.1194 1.1225 1.1271 1.1342 1.1452 1.1644 1.2024 
244.5 1.0901 1.09 1.09 1.0899 1.0899 1.0898 1.0897 1.0896 1.0896 1.0894 1.0893 1.0892 1.0891 1.0889 1.0888 1.0886 1.0884 1.0883 1.0881 1.088 1.0879 1.0878 1.0877 1.0877 1.0878 1.0878 1.0879 1.088 1.088 1.0881 1.0879 1.0877 1.0876 1.0878 1.088 1.0881 1.0881 1.0882 1.0884 1.0886 1.0884 1.088 1.0877 1.0881 1.0884 1.0889 1.0894 1.0898 1.0901 1.0904 1.0909 1.0915 1.092 1.0925 1.093 1.0939 1.0949 1.0954 1.0947 1.0939 1.0941 1.0945 1.0949 1.0953 1.0956 1.096 1.0963 1.0963 1.0956 1.0949 1.0959 1.0972 1.0984 1.0995 1.1007 1.1025 1.1044 1.105 1.1059 1.1068 1.1074 1.108 1.1085 1.1091 1.1102 1.1112 1.1116 1.112 1.1122 1.1124 1.1142 1.1156 1.117 1.119 1.1222 1.1269 1.134 1.1451 1.1644 1.2025 
245 1.0901 1.0901 1.09 1.09 1.0899 1.0898 1.0897 1.0897 1.0896 1.0894 1.0893 1.0892 1.089 1.0889 1.0887 1.0886 1.0884 1.0882 1.0881 1.0879 1.0878 1.0877 1.0877 1.0877 1.0877 1.0877 1.0878 1.0878 1.0879 1.0881 1.0879 1.0877 1.0874 1.0876 1.0878 1.0879 1.0879 1.088 1.0883 1.0885 1.0883 1.0879 1.0877 1.088 1.0884 1.0888 1.0893 1.0897 1.0901 1.0904 1.0909 1.0915 1.0921 1.0927 1.0933 1.0941 1.0949 1.0954 1.0948 1.0942 1.0944 1.0947 1.095 1.0954 1.0958 1.0962 1.0966 1.0966 1.0958 1.095 1.096 1.0974 1.0987 1.0998 1.1009 1.1029 1.105 1.1055 1.1062 1.1069 1.1073 1.1077 1.1082 1.1089 1.1098 1.1108 1.1113 1.1118 1.112 1.1123 1.1141 1.1155 1.1169 1.1189 1.1221 1.1268 1.134 1.1451 1.1644 1.2025 
245.5 1.09 1.09 1.09 1.0899 1.0899 1.0898 1.0897 1.0896 1.0895 1.0894 1.0892 1.0891 1.0889 1.0887 1.0886 1.0884 1.0882 1.088 1.0879 1.0877 1.0876 1.0875 1.0875 1.0875 1.0876 1.0875 1.0875 1.0875 1.0876 1.0876 1.0875 1.0872 1.0871 1.0872 1.0873 1.0874 1.0875 1.0877 1.088 1.0883 1.0882 1.0879 1.0878 1.0882 1.0887 1.089 1.0894 1.0897 1.0901 1.0905 1.0911 1.0916 1.0922 1.0927 1.0932 1.0938 1.0944 1.0947 1.0945 1.0943 1.0946 1.0949 1.0953 1.0956 1.0959 1.0964 1.0969 1.0971 1.0967 1.0963 1.0972 1.0983 1.0993 1.1003 1.1013 1.103 1.1048 1.1053 1.1062 1.107 1.1071 1.1072 1.108 1.109 1.1097 1.1104 1.111 1.1117 1.1121 1.1126 1.1144 1.1158 1.1172 1.1192 1.1222 1.1269 1.1339 1.145 1.1643 1.2024 
246 1.09 1.09 1.0899 1.0899 1.0898 1.0897 1.0896 1.0895 1.0894 1.0893 1.0891 1.089 1.0888 1.0886 1.0884 1.0882 1.088 1.0878 1.0877 1.0875 1.0874 1.0874 1.0873 1.0874 1.0874 1.0874 1.0873 1.0872 1.0872 1.0872 1.087 1.0868 1.0867 1.0868 1.0869 1.087 1.0871 1.0873 1.0878 1.0882 1.0882 1.0879 1.0879 1.0884 1.0889 1.0892 1.0894 1.0897 1.0902 1.0907 1.0912 1.0918 1.0923 1.0927 1.0931 1.0935 1.0938 1.0941 1.0943 1.0944 1.0948 1.0952 1.0956 1.0958 1.096 1.0966 1.0972 1.0976 1.0976 1.0977 1.0984 1.0992 1.1 1.1009 1.1018 1.1032 1.1046 1.1051 1.1061 1.1072 1.107 1.1067 1.1078 1.1091 1.1096 1.11 1.1108 1.1116 1.1122 1.1129 1.1146 1.1161 1.1175 1.1194 1.1224 1.1269 1.1339 1.145 1.1642 1.2022 
246.5 1.09 1.0899 1.0899 1.0898 1.0898 1.0897 1.0896 1.0895 1.0893 1.0892 1.089 1.0889 1.0887 1.0885 1.0882 1.088 1.0878 1.0876 1.0875 1.0873 1.0872 1.0872 1.0871 1.0872 1.0872 1.0872 1.087 1.0869 1.0868 1.0867 1.0866 1.0864 1.0863 1.0863 1.0864 1.0865 1.0867 1.087 1.0875 1.0881 1.0881 1.0879 1.0879 1.0886 1.0892 1.0894 1.0895 1.0896 1.0903 1.0909 1.0914 1.0919 1.0923 1.0927 1.093 1.0931 1.0932 1.0934 1.094 1.0945 1.095 1.0955 1.0959 1.096 1.0962 1.0968 1.0975 1.0981 1.0986 1.099 1.0995 1.1001 1.1007 1.1015 1.1023 1.1033 1.1044 1.1049 1.106 1.1073 1.1068 1.1061 1.1076 1.1092 1.1095 1.1096 1.1105 1.1114 1.1123 1.1132 1.1148 1.1164 1.1178 1.1197 1.1225 1.127 1.1339 1.1449 1.1641 1.202 
247 1.0901 1.09 1.09 1.0899 1.0898 1.0898 1.0897 1.0895 1.0894 1.0893 1.0891 1.0889 1.0887 1.0885 1.0883 1.088 1.0878 1.0876 1.0874 1.0872 1.0871 1.0871 1.087 1.0871 1.0871 1.087 1.0869 1.0868 1.0868 1.0867 1.0866 1.0864 1.0863 1.0864 1.0865 1.0866 1.0868 1.087 1.0877 1.0883 1.0884 1.0882 1.0882 1.0889 1.0896 1.0897 1.0897 1.0898 1.0905 1.0913 1.0916 1.0918 1.0921 1.0925 1.0929 1.0931 1.0932 1.0935 1.0942 1.0949 1.0952 1.0954 1.0956 1.0959 1.0962 1.0968 1.0975 1.0982 1.0988 1.0995 1.1 1.1005 1.101 1.1013 1.1017 1.1026 1.1036 1.1041 1.1051 1.1063 1.1058 1.105 1.1064 1.1079 1.1094 1.1108 1.1118 1.1128 1.1136 1.1143 1.1151 1.1163 1.1177 1.1195 1.1224 1.1269 1.1339 1.1449 1.1641 1.202 
247.5 1.0902 1.0902 1.0901 1.09 1.09 1.0899 1.0898 1.0897 1.0895 1.0894 1.0892 1.089 1.0888 1.0886 1.0883 1.0881 1.0878 1.0876 1.0874 1.0872 1.0871 1.087 1.0869 1.0869 1.087 1.0869 1.0869 1.0868 1.0868 1.0868 1.0867 1.0866 1.0865 1.0867 1.0868 1.087 1.0871 1.0873 1.088 1.0887 1.0888 1.0886 1.0886 1.0893 1.0899 1.09 1.0899 1.09 1.0909 1.0917 1.0918 1.0917 1.0917 1.0922 1.0928 1.0931 1.0935 1.0939 1.0947 1.0954 1.0953 1.095 1.095 1.0956 1.0962 1.0968 1.0975 1.0981 1.0989 1.0996 1.1002 1.1008 1.1011 1.1009 1.1006 1.1015 1.1026 1.103 1.1039 1.1049 1.1044 1.1037 1.1047 1.1059 1.1093 1.1128 1.1139 1.1148 1.1153 1.1158 1.1153 1.1161 1.1173 1.1192 1.1222 1.1268 1.1338 1.1449 1.1642 1.2022 
248 1.0904 1.0903 1.0903 1.0902 1.0901 1.09 1.0899 1.0898 1.0897 1.0895 1.0893 1.0891 1.0889 1.0887 1.0884 1.0882 1.0879 1.0877 1.0874 1.0872 1.087 1.0869 1.0868 1.0868 1.0868 1.0868 1.0868 1.0868 1.0869 1.087 1.0869 1.0868 1.0867 1.0869 1.0872 1.0873 1.0874 1.0875 1.0883 1.0891 1.0892 1.089 1.089 1.0897 1.0903 1.0904 1.0902 1.0903 1.0912 1.0922 1.092 1.0915 1.0913 1.092 1.0926 1.0932 1.0937 1.0943 1.0951 1.0959 1.0954 1.0947 1.0945 1.0953 1.0962 1.0968 1.0974 1.0981 1.0989 1.0997 1.1004 1.1012 1.1013 1.1004 1.0995 1.1004 1.1015 1.102 1.1027 1.1034 1.1029 1.1023 1.1031 1.104 1.1092 1.1148 1.1159 1.1167 1.117 1.1173 1.1156 1.1158 1.117 1.1189 1.122 1.1267 1.1338 1.1449 1.1642 1.2023 
248.5 1.0905 1.0905 1.0904 1.0903 1.0903 1.0902 1.0901 1.0899 1.0898 1.0896 1.0894 1.0892 1.089 1.0887 1.0885 1.0882 1.088 1.0877 1.0874 1.0871 1.087 1.0868 1.0867 1.0867 1.0867 1.0867 1.0868 1.0868 1.087 1.0872 1.0871 1.087 1.0869 1.0872 1.0875 1.0876 1.0876 1.0878 1.0886 1.0895 1.0896 1.0894 1.0894 1.0901 1.0907 1.0907 1.0904 1.0905 1.0916 1.0927 1.0923 1.0914 1.0909 1.0917 1.0925 1.0932 1.094 1.0948 1.0955 1.0963 1.0956 1.0944 1.0939 1.0951 1.0962 1.0968 1.0974 1.098 1.0989 1.0998 1.1006 1.1015 1.1014 1.0999 1.0984 1.0993 1.1004 1.1009 1.1015 1.102 1.1015 1.1009 1.1014 1.102 1.1091 1.1168 1.118 1.1187 1.1188 1.1188 1.1158 1.1156 1.1166 1.1186 1.1218 1.1266 1.1338 1.1449 1.1642 1.2024 
249 1.0904 1.0903 1.0903 1.0902 1.0902 1.0901 1.0899 1.0898 1.0897 1.0895 1.0893 1.0892 1.0889 1.0887 1.0885 1.0882 1.088 1.0877 1.0875 1.0873 1.0871 1.087 1.0869 1.087 1.0871 1.087 1.0869 1.0868 1.087 1.0872 1.0873 1.0872 1.0872 1.0876 1.0879 1.0879 1.0876 1.0876 1.0883 1.0891 1.0892 1.0892 1.0892 1.0898 1.0904 1.0905 1.0903 1.0904 1.0914 1.0924 1.0922 1.0916 1.0913 1.0918 1.0924 1.0929 1.0934 1.0941 1.095 1.0959 1.0954 1.0945 1.0942 1.0951 1.096 1.0967 1.0973 1.098 1.0989 1.0997 1.1006 1.1014 1.1016 1.1006 1.0996 1.1005 1.1016 1.1014 1.1019 1.1026 1.1025 1.1024 1.1028 1.1034 1.1089 1.1148 1.116 1.1169 1.1171 1.1172 1.1152 1.1154 1.1164 1.1184 1.1216 1.1264 1.1336 1.1447 1.164 1.2021 
249.5 1.0902 1.0902 1.0901 1.0901 1.09 1.0899 1.0898 1.0897 1.0896 1.0894 1.0893 1.0891 1.0889 1.0887 1.0885 1.0882 1.088 1.0878 1.0876 1.0874 1.0873 1.0872 1.0872 1.0874 1.0875 1.0874 1.087 1.0868 1.087 1.0872 1.0874 1.0875 1.0876 1.088 1.0883 1.0881 1.0876 1.0873 1.0879 1.0886 1.0888 1.0889 1.089 1.0895 1.0901 1.0902 1.0901 1.0903 1.0911 1.092 1.0921 1.0918 1.0917 1.092 1.0922 1.0925 1.0928 1.0933 1.0943 1.0953 1.0951 1.0946 1.0945 1.0952 1.0959 1.0966 1.0973 1.0981 1.0988 1.0996 1.1004 1.1013 1.1017 1.1014 1.1011 1.1019 1.103 1.102 1.1026 1.1033 1.1037 1.104 1.1045 1.105 1.1086 1.1125 1.1137 1.1147 1.1151 1.1154 1.1146 1.1151 1.1163 1.1182 1.1214 1.1262 1.1334 1.1445 1.1638 1.2019 
250 1.0901 1.09 1.09 1.0899 1.0899 1.0898 1.0897 1.0896 1.0895 1.0893 1.0892 1.089 1.0888 1.0887 1.0885 1.0883 1.0881 1.0879 1.0877 1.0875 1.0875 1.0875 1.0875 1.0877 1.0879 1.0877 1.0872 1.0868 1.087 1.0873 1.0875 1.0878 1.088 1.0883 1.0886 1.0882 1.0875 1.087 1.0876 1.0881 1.0884 1.0886 1.0888 1.0893 1.0897 1.0899 1.09 1.0902 1.0909 1.0916 1.0919 1.0921 1.0922 1.0922 1.0921 1.0921 1.0922 1.0925 1.0937 1.0948 1.0949 1.0947 1.0948 1.0953 1.0957 1.0965 1.0973 1.0981 1.0988 1.0995 1.1003 1.1012 1.1019 1.1022 1.1025 1.1034 1.1044 1.1027 1.1032 1.104 1.1049 1.1057 1.1062 1.1067 1.1084 1.1102 1.1114 1.1126 1.1131 1.1136 1.114 1.1149 1.1161 1.1181 1.1212 1.126 1.1332 1.1444 1.1636 1.2016 
250.5 1.09 1.0899 1.0899 1.0898 1.0898 1.0897 1.0896 1.0895 1.0894 1.0893 1.0891 1.089 1.0888 1.0886 1.0885 1.0883 1.0881 1.088 1.0878 1.0877 1.0876 1.0877 1.0877 1.088 1.0883 1.088 1.0874 1.0869 1.0871 1.0873 1.0877 1.088 1.0884 1.0887 1.0889 1.0884 1.0876 1.0869 1.0873 1.0877 1.0881 1.0884 1.0887 1.0891 1.0895 1.0897 1.0899 1.0902 1.0908 1.0913 1.0918 1.0923 1.0926 1.0923 1.0921 1.0919 1.0917 1.0919 1.0932 1.0945 1.0948 1.0949 1.095 1.0953 1.0957 1.0965 1.0974 1.0982 1.0987 1.0993 1.1001 1.101 1.1018 1.1027 1.1035 1.1045 1.1054 1.1032 1.1037 1.1047 1.1059 1.107 1.1076 1.108 1.1081 1.1082 1.1094 1.1107 1.1114 1.112 1.1134 1.1147 1.116 1.118 1.1211 1.1259 1.1331 1.1442 1.1635 1.2014 
251 1.0901 1.09 1.09 1.0899 1.0899 1.0898 1.0897 1.0896 1.0895 1.0894 1.0892 1.0891 1.0889 1.0888 1.0886 1.0884 1.0882 1.0881 1.088 1.0878 1.0878 1.0878 1.0879 1.0881 1.0884 1.0882 1.0878 1.0874 1.0875 1.0877 1.088 1.0883 1.0886 1.0887 1.0889 1.0886 1.0881 1.0878 1.0879 1.0881 1.0884 1.0887 1.089 1.0895 1.0899 1.0903 1.0906 1.0909 1.0912 1.0915 1.0918 1.0921 1.0924 1.0927 1.093 1.0927 1.0924 1.0925 1.0939 1.0952 1.0953 1.095 1.095 1.0954 1.0959 1.0968 1.0977 1.0984 1.0984 1.0984 1.0992 1.1002 1.1011 1.1018 1.1026 1.1035 1.1045 1.103 1.1039 1.1051 1.1057 1.1063 1.1069 1.1076 1.1079 1.1082 1.1094 1.1106 1.1111 1.1116 1.1133 1.1148 1.1163 1.1183 1.1214 1.1261 1.1333 1.1444 1.1638 1.2019 
251.5 1.0902 1.0901 1.0901 1.09 1.09 1.0899 1.0898 1.0897 1.0896 1.0895 1.0893 1.0892 1.089 1.0889 1.0887 1.0885 1.0884 1.0882 1.0881 1.088 1.0879 1.088 1.088 1.0882 1.0885 1.0884 1.0881 1.0879 1.088 1.0881 1.0883 1.0886 1.0888 1.0888 1.0889 1.0888 1.0887 1.0886 1.0885 1.0885 1.0887 1.089 1.0894 1.0899 1.0904 1.0908 1.0913 1.0916 1.0917 1.0917 1.0918 1.092 1.0923 1.093 1.0938 1.0935 1.093 1.0931 1.0945 1.0959 1.0957 1.0951 1.0949 1.0955 1.0962 1.0971 1.0981 1.0986 1.0981 1.0975 1.0983 1.0994 1.1003 1.101 1.1017 1.1026 1.1035 1.1029 1.104 1.1054 1.1056 1.1056 1.1063 1.1071 1.1077 1.1083 1.1094 1.1105 1.1109 1.1113 1.1133 1.1149 1.1165 1.1185 1.1217 1.1264 1.1335 1.1447 1.1641 1.2023 
252 1.0903 1.0902 1.0902 1.0901 1.0901 1.09 1.0899 1.0898 1.0897 1.0896 1.0894 1.0893 1.0891 1.089 1.0888 1.0887 1.0885 1.0884 1.0882 1.0881 1.0881 1.0881 1.0882 1.0884 1.0886 1.0886 1.0885 1.0884 1.0884 1.0884 1.0886 1.0888 1.089 1.0889 1.0888 1.089 1.0893 1.0894 1.0891 1.0888 1.089 1.0893 1.0897 1.0902 1.0908 1.0913 1.0919 1.0923 1.0921 1.0919 1.0918 1.0919 1.0922 1.0934 1.0946 1.0943 1.0937 1.0936 1.0952 1.0967 1.0962 1.0953 1.0948 1.0956 1.0964 1.0974 1.0985 1.0988 1.0978 1.0967 1.0974 1.0985 1.0995 1.1002 1.1008 1.1017 1.1026 1.1028 1.1042 1.1058 1.1055 1.1049 1.1057 1.1066 1.1075 1.1083 1.1093 1.1104 1.1106 1.1109 1.1132 1.115 1.1167 1.1188 1.122 1.1266 1.1337 1.1449 1.1644 1.2028 
252.5 1.0903 1.0903 1.0902 1.0902 1.0901 1.09 1.0899 1.0898 1.0897 1.0896 1.0895 1.0893 1.0892 1.089 1.0889 1.0887 1.0886 1.0884 1.0883 1.0882 1.0882 1.0882 1.0882 1.0884 1.0886 1.0887 1.0887 1.0888 1.0887 1.0886 1.0887 1.089 1.0892 1.0889 1.0887 1.089 1.0895 1.0899 1.0895 1.0891 1.0892 1.0896 1.0899 1.0905 1.091 1.0915 1.092 1.0924 1.0921 1.0919 1.0917 1.0914 1.0917 1.0931 1.0945 1.0946 1.0943 1.0945 1.0959 1.0973 1.0966 1.0954 1.0948 1.0957 1.0966 1.0976 1.0985 1.0987 1.0976 1.0964 1.0972 1.0983 1.0992 1.0999 1.1006 1.1013 1.1021 1.1028 1.1043 1.1059 1.1054 1.1047 1.1055 1.1064 1.1074 1.1083 1.1093 1.1102 1.1105 1.1107 1.1131 1.115 1.1167 1.1188 1.122 1.1266 1.1337 1.1449 1.1645 1.2031 
253 1.0902 1.0902 1.0901 1.0901 1.09 1.09 1.0899 1.0898 1.0897 1.0895 1.0894 1.0893 1.0891 1.089 1.0888 1.0887 1.0885 1.0884 1.0882 1.0881 1.0881 1.0881 1.0881 1.0883 1.0884 1.0886 1.0887 1.0888 1.0886 1.0885 1.0887 1.089 1.0892 1.0889 1.0885 1.0887 1.0892 1.0896 1.0895 1.0893 1.0894 1.0897 1.09 1.0905 1.0909 1.0911 1.0912 1.0913 1.0914 1.0916 1.0912 1.0906 1.0905 1.0917 1.093 1.094 1.095 1.096 1.0969 1.0978 1.0968 1.0954 1.0947 1.0957 1.0967 1.0974 1.098 1.0981 1.0976 1.097 1.0978 1.0989 1.0999 1.1007 1.1015 1.1019 1.1023 1.103 1.1043 1.1057 1.1055 1.1052 1.1058 1.1066 1.1075 1.1084 1.1091 1.1099 1.1104 1.1109 1.113 1.1147 1.1163 1.1184 1.1216 1.1263 1.1335 1.1448 1.1645 1.2032 
253.5 1.0901 1.0901 1.0901 1.09 1.0899 1.0899 1.0898 1.0897 1.0896 1.0895 1.0893 1.0892 1.0891 1.0889 1.0887 1.0886 1.0884 1.0883 1.0882 1.0881 1.088 1.088 1.088 1.0882 1.0883 1.0885 1.0887 1.0888 1.0886 1.0883 1.0886 1.089 1.0893 1.0888 1.0883 1.0885 1.089 1.0894 1.0894 1.0895 1.0896 1.0898 1.09 1.0904 1.0908 1.0907 1.0904 1.0903 1.0908 1.0913 1.0907 1.0897 1.0893 1.0904 1.0914 1.0934 1.0957 1.0974 1.0978 1.0982 1.097 1.0954 1.0946 1.0957 1.0968 1.0972 1.0974 1.0975 1.0976 1.0976 1.0985 1.0996 1.1005 1.1014 1.1024 1.1025 1.1024 1.1032 1.1043 1.1055 1.1056 1.1057 1.1062 1.1068 1.1076 1.1084 1.109 1.1096 1.1104 1.1111 1.1129 1.1144 1.1159 1.118 1.1212 1.126 1.1333 1.1447 1.1644 1.2033 
254 1.0901 1.09 1.09 1.0899 1.0899 1.0898 1.0897 1.0896 1.0895 1.0894 1.0893 1.0891 1.089 1.0888 1.0887 1.0885 1.0884 1.0882 1.0881 1.088 1.0879 1.0879 1.0879 1.088 1.0882 1.0884 1.0886 1.0888 1.0885 1.0882 1.0885 1.089 1.0894 1.0887 1.0881 1.0882 1.0887 1.0891 1.0894 1.0896 1.0898 1.0899 1.0901 1.0904 1.0908 1.0903 1.0896 1.0892 1.0901 1.091 1.0902 1.0889 1.0882 1.089 1.0898 1.0928 1.0964 1.0989 1.0988 1.0987 1.0972 1.0954 1.0946 1.0958 1.097 1.097 1.0968 1.0969 1.0976 1.0983 1.0992 1.1002 1.1012 1.1022 1.1032 1.103 1.1026 1.1034 1.1043 1.1053 1.1058 1.1062 1.1066 1.107 1.1077 1.1084 1.1089 1.1094 1.1103 1.1113 1.1128 1.1141 1.1155 1.1175 1.1208 1.1257 1.133 1.1445 1.1644 1.2034 
254.5 1.09 1.09 1.0899 1.0899 1.0898 1.0898 1.0897 1.0896 1.0895 1.0894 1.0892 1.0891 1.089 1.0888 1.0886 1.0885 1.0883 1.0882 1.088 1.0879 1.0879 1.0878 1.0878 1.0879 1.088 1.0882 1.0884 1.0886 1.0884 1.0882 1.0883 1.0887 1.0889 1.0884 1.0878 1.088 1.0884 1.0888 1.0891 1.0894 1.0896 1.0898 1.09 1.0903 1.0906 1.0902 1.0896 1.0893 1.09 1.0907 1.0901 1.089 1.0884 1.0892 1.0899 1.0928 1.0962 1.0986 1.0983 1.0981 1.0969 1.0954 1.0948 1.0958 1.0969 1.097 1.0968 1.097 1.0977 1.0985 1.0996 1.1008 1.1019 1.1028 1.1037 1.1032 1.1024 1.1031 1.1039 1.1048 1.1055 1.1061 1.1063 1.1063 1.1071 1.1078 1.1087 1.1095 1.1108 1.112 1.1136 1.1146 1.1157 1.1175 1.1207 1.1255 1.1329 1.1444 1.1643 1.2033 
255 1.09 1.09 1.0899 1.0899 1.0898 1.0898 1.0897 1.0896 1.0895 1.0894 1.0892 1.0891 1.0889 1.0888 1.0886 1.0884 1.0883 1.0881 1.088 1.0878 1.0878 1.0877 1.0877 1.0878 1.0879 1.088 1.0882 1.0883 1.0883 1.0882 1.0881 1.0881 1.088 1.0877 1.0875 1.0877 1.0881 1.0885 1.0887 1.089 1.0892 1.0895 1.0897 1.0901 1.0904 1.0903 1.0901 1.09 1.0903 1.0906 1.0903 1.0898 1.0896 1.0903 1.0911 1.0931 1.0955 1.0972 1.097 1.0968 1.0962 1.0954 1.0951 1.096 1.0969 1.0971 1.0972 1.0975 1.0979 1.0984 1.0998 1.1014 1.1026 1.1033 1.104 1.1031 1.102 1.1023 1.1032 1.1042 1.1049 1.1057 1.1055 1.1052 1.106 1.1068 1.1084 1.11 1.1115 1.113 1.115 1.1157 1.1163 1.1178 1.1207 1.1256 1.133 1.1444 1.1642 1.2031 
255.5 1.09 1.09 1.0899 1.0899 1.0898 1.0898 1.0897 1.0896 1.0895 1.0893 1.0892 1.0891 1.0889 1.0887 1.0886 1.0884 1.0882 1.0881 1.0879 1.0877 1.0877 1.0876 1.0876 1.0877 1.0878 1.0879 1.088 1.088 1.0881 1.0882 1.0879 1.0875 1.0872 1.0871 1.0871 1.0874 1.0878 1.0882 1.0883 1.0885 1.0888 1.0892 1.0895 1.0899 1.0902 1.0904 1.0906 1.0907 1.0905 1.0904 1.0904 1.0905 1.0907 1.0915 1.0922 1.0934 1.0948 1.0957 1.0956 1.0956 1.0955 1.0954 1.0955 1.0961 1.0968 1.0972 1.0976 1.0979 1.0981 1.0983 1.1 1.1019 1.1033 1.1038 1.1043 1.103 1.1016 1.1016 1.1025 1.1035 1.1044 1.1052 1.1047 1.104 1.1048 1.1058 1.1081 1.1105 1.1123 1.1141 1.1165 1.1168 1.117 1.118 1.1208 1.1256 1.133 1.1444 1.1642 1.203 
256 1.09 1.09 1.0899 1.0899 1.0898 1.0898 1.0897 1.0896 1.0895 1.0893 1.0892 1.089 1.0889 1.0887 1.0885 1.0883 1.0882 1.088 1.0878 1.0877 1.0876 1.0875 1.0875 1.0876 1.0877 1.0877 1.0877 1.0878 1.088 1.0882 1.0877 1.0869 1.0863 1.0865 1.0868 1.0871 1.0875 1.0878 1.088 1.0881 1.0884 1.0889 1.0893 1.0896 1.09 1.0905 1.0911 1.0914 1.0908 1.0902 1.0906 1.0912 1.0919 1.0927 1.0934 1.0938 1.0941 1.0943 1.0943 1.0943 1.0948 1.0953 1.0959 1.0963 1.0967 1.0973 1.098 1.0984 1.0983 1.0982 1.1002 1.1025 1.1041 1.1043 1.1045 1.103 1.1011 1.1009 1.1019 1.1029 1.1038 1.1047 1.1039 1.1028 1.1037 1.1048 1.1078 1.111 1.1131 1.1151 1.1179 1.1179 1.1176 1.1183 1.1209 1.1257 1.133 1.1444 1.1641 1.2028 
256.5 1.0898 1.0897 1.0897 1.0896 1.0896 1.0895 1.0894 1.0893 1.0892 1.0891 1.0889 1.0888 1.0886 1.0885 1.0883 1.0881 1.0879 1.0877 1.0876 1.0874 1.0873 1.0872 1.0872 1.0873 1.0874 1.0874 1.0874 1.0875 1.0876 1.0878 1.0874 1.0867 1.0862 1.0864 1.0867 1.087 1.0874 1.0877 1.0878 1.0879 1.0883 1.0888 1.0893 1.0895 1.0898 1.0902 1.0907 1.091 1.0906 1.0903 1.0908 1.0916 1.0923 1.0926 1.093 1.0934 1.0939 1.0942 1.094 1.0938 1.0945 1.0955 1.0962 1.0963 1.0964 1.0971 1.098 1.0985 1.0983 1.0981 1.0998 1.1019 1.1033 1.1037 1.104 1.1031 1.102 1.1017 1.1023 1.103 1.104 1.1049 1.1044 1.1037 1.1047 1.1057 1.1084 1.1111 1.1126 1.1141 1.1168 1.1172 1.1173 1.1183 1.121 1.1258 1.1331 1.1445 1.1641 1.2028 
257 1.0894 1.0894 1.0894 1.0893 1.0893 1.0892 1.0891 1.089 1.0889 1.0888 1.0886 1.0885 1.0883 1.0881 1.088 1.0878 1.0876 1.0874 1.0873 1.0871 1.087 1.087 1.0869 1.087 1.0871 1.0872 1.0872 1.0872 1.0873 1.0874 1.0871 1.0866 1.0862 1.0864 1.0866 1.0869 1.0873 1.0876 1.0877 1.0877 1.0882 1.0888 1.0893 1.0895 1.0896 1.0898 1.0902 1.0904 1.0904 1.0904 1.0911 1.0919 1.0925 1.0924 1.0923 1.0929 1.0938 1.0943 1.0939 1.0935 1.0944 1.0957 1.0965 1.0963 1.0961 1.0968 1.0978 1.0984 1.0983 1.0981 1.0994 1.101 1.1023 1.1028 1.1034 1.1033 1.1031 1.1028 1.103 1.1033 1.1042 1.1052 1.1052 1.1051 1.106 1.107 1.1091 1.1112 1.112 1.1126 1.1153 1.1161 1.1167 1.1181 1.1211 1.1259 1.1332 1.1446 1.1642 1.2029 
257.5 1.0891 1.0891 1.0891 1.089 1.089 1.0889 1.0888 1.0887 1.0886 1.0885 1.0883 1.0882 1.088 1.0878 1.0876 1.0875 1.0873 1.0871 1.087 1.0868 1.0867 1.0867 1.0866 1.0868 1.0869 1.0869 1.0869 1.0869 1.0869 1.0869 1.0867 1.0864 1.0862 1.0863 1.0865 1.0868 1.0872 1.0875 1.0875 1.0876 1.0881 1.0888 1.0894 1.0894 1.0894 1.0895 1.0896 1.0898 1.0902 1.0906 1.0913 1.0922 1.0927 1.0921 1.0915 1.0924 1.0937 1.0944 1.0938 1.0932 1.0943 1.0959 1.0968 1.0963 1.0957 1.0966 1.0977 1.0984 1.0982 1.098 1.099 1.1002 1.1012 1.102 1.1028 1.1035 1.1041 1.1039 1.1037 1.1036 1.1045 1.1055 1.106 1.1065 1.1074 1.1083 1.1098 1.1113 1.1113 1.1111 1.1137 1.115 1.1162 1.118 1.1212 1.126 1.1333 1.1446 1.1642 1.203 
258 1.0889 1.0889 1.0888 1.0888 1.0887 1.0886 1.0885 1.0884 1.0883 1.0882 1.0881 1.0879 1.0877 1.0876 1.0874 1.0872 1.087 1.0869 1.0867 1.0866 1.0865 1.0864 1.0864 1.0865 1.0866 1.0867 1.0866 1.0866 1.0866 1.0866 1.0864 1.0863 1.0862 1.0863 1.0865 1.0868 1.0871 1.0874 1.0874 1.0874 1.088 1.0888 1.0895 1.0893 1.0892 1.0891 1.0891 1.0893 1.09 1.0907 1.0915 1.0924 1.0929 1.0919 1.0909 1.092 1.0936 1.0946 1.0938 1.0929 1.0943 1.0961 1.0971 1.0962 1.0954 1.0963 1.0976 1.0983 1.0981 1.098 1.0986 1.0994 1.1003 1.1012 1.1022 1.1036 1.1051 1.1049 1.1044 1.1039 1.1048 1.1058 1.1068 1.1078 1.1087 1.1095 1.1105 1.1115 1.1107 1.1098 1.1123 1.1141 1.1157 1.1179 1.1213 1.1262 1.1334 1.1447 1.1643 1.2031 
258.5 1.0895 1.0895 1.0894 1.0894 1.0893 1.0892 1.0891 1.0891 1.0889 1.0888 1.0887 1.0885 1.0883 1.0882 1.088 1.0878 1.0876 1.0874 1.0872 1.0871 1.087 1.0869 1.0869 1.087 1.0871 1.0871 1.0871 1.087 1.0871 1.0871 1.087 1.0867 1.0865 1.0867 1.0869 1.0872 1.0875 1.0878 1.0878 1.0877 1.0883 1.0891 1.0897 1.0895 1.0893 1.0895 1.0898 1.0901 1.0904 1.0907 1.0915 1.0926 1.0931 1.0921 1.0912 1.0923 1.0939 1.0949 1.094 1.0931 1.0944 1.0961 1.097 1.0961 1.0952 1.0961 1.0974 1.0982 1.0979 1.0977 1.0984 1.0992 1.1001 1.1011 1.1021 1.1032 1.1044 1.1046 1.1045 1.1044 1.1047 1.105 1.1066 1.1084 1.1093 1.1102 1.111 1.1118 1.1115 1.111 1.1129 1.1146 1.1162 1.1183 1.1216 1.1265 1.1337 1.1449 1.1643 1.2029 
259 1.0901 1.0901 1.09 1.09 1.0899 1.0899 1.0898 1.0897 1.0896 1.0894 1.0893 1.0891 1.0889 1.0888 1.0886 1.0884 1.0882 1.088 1.0878 1.0876 1.0875 1.0875 1.0874 1.0875 1.0876 1.0876 1.0875 1.0874 1.0876 1.0877 1.0875 1.0872 1.0869 1.0871 1.0873 1.0876 1.0879 1.0882 1.0881 1.0881 1.0886 1.0894 1.09 1.0897 1.0894 1.0898 1.0904 1.0909 1.0908 1.0907 1.0916 1.0927 1.0933 1.0924 1.0915 1.0926 1.0943 1.0952 1.0943 1.0933 1.0945 1.0961 1.0969 1.096 1.095 1.0959 1.0972 1.098 1.0977 1.0974 1.0982 1.0991 1.1 1.101 1.1019 1.1028 1.1037 1.1042 1.1045 1.1048 1.1046 1.1042 1.1065 1.109 1.11 1.1108 1.1115 1.1122 1.1122 1.1122 1.1136 1.1151 1.1166 1.1187 1.122 1.1267 1.1339 1.145 1.1643 1.2026 
259.5 1.0907 1.0907 1.0907 1.0906 1.0906 1.0905 1.0904 1.0903 1.0902 1.09 1.0899 1.0897 1.0895 1.0894 1.0892 1.0889 1.0887 1.0885 1.0883 1.0882 1.088 1.088 1.0879 1.088 1.0881 1.088 1.0879 1.0878 1.088 1.0883 1.0881 1.0876 1.0872 1.0875 1.0877 1.088 1.0884 1.0886 1.0885 1.0884 1.0889 1.0897 1.0903 1.0899 1.0895 1.0901 1.091 1.0917 1.0912 1.0908 1.0916 1.0928 1.0935 1.0927 1.0918 1.0929 1.0946 1.0955 1.0945 1.0935 1.0946 1.0961 1.0969 1.0959 1.0949 1.0958 1.0971 1.0978 1.0975 1.0972 1.0979 1.0989 1.0998 1.1008 1.1018 1.1025 1.103 1.1039 1.1046 1.1053 1.1045 1.1035 1.1063 1.1095 1.1106 1.1115 1.112 1.1126 1.113 1.1134 1.1143 1.1156 1.1171 1.1191 1.1223 1.127 1.1341 1.1451 1.1644 1.2024 
260 1.0911 1.0911 1.091 1.091 1.0909 1.0909 1.0908 1.0907 1.0906 1.0904 1.0903 1.0901 1.0899 1.0897 1.0895 1.0893 1.0891 1.0889 1.0887 1.0885 1.0883 1.0882 1.0882 1.0883 1.0884 1.0883 1.0881 1.088 1.0884 1.0887 1.0885 1.088 1.0876 1.0878 1.088 1.0884 1.0887 1.089 1.0889 1.0888 1.0893 1.0901 1.0906 1.0902 1.0898 1.0904 1.0915 1.0922 1.0916 1.0909 1.0917 1.0929 1.0936 1.0928 1.092 1.0931 1.0947 1.0956 1.0947 1.0938 1.0947 1.096 1.0967 1.0958 1.0949 1.0957 1.0969 1.0976 1.0973 1.097 1.0978 1.0987 1.0997 1.1007 1.1017 1.1022 1.1026 1.1036 1.1046 1.1056 1.1045 1.1033 1.1064 1.1099 1.111 1.1118 1.1123 1.1128 1.1133 1.1139 1.1146 1.1158 1.1173 1.1193 1.1225 1.1271 1.1342 1.1452 1.1644 1.2023 
260.5 1.0909 1.0909 1.0908 1.0907 1.0907 1.0906 1.0905 1.0904 1.0903 1.0902 1.09 1.0899 1.0897 1.0895 1.0893 1.0891 1.0889 1.0887 1.0885 1.0882 1.0881 1.088 1.0879 1.088 1.0881 1.0881 1.088 1.088 1.0883 1.0886 1.0885 1.0882 1.0879 1.0881 1.0883 1.0886 1.089 1.0893 1.0893 1.0893 1.0898 1.0905 1.091 1.0906 1.0903 1.0908 1.0917 1.0922 1.0918 1.0913 1.0919 1.0929 1.0935 1.0927 1.0919 1.0928 1.0941 1.095 1.0947 1.0944 1.095 1.0958 1.0962 1.0959 1.0955 1.0961 1.0968 1.0972 1.0971 1.0969 1.0977 1.0986 1.0995 1.1005 1.1015 1.1021 1.1027 1.1037 1.1047 1.1056 1.1051 1.1044 1.1069 1.1096 1.1106 1.1114 1.112 1.1125 1.1127 1.1129 1.114 1.1154 1.1169 1.119 1.1222 1.1269 1.134 1.145 1.1643 1.2025 
261 1.0906 1.0906 1.0906 1.0905 1.0905 1.0904 1.0903 1.0902 1.0901 1.09 1.0898 1.0897 1.0895 1.0893 1.0891 1.0889 1.0887 1.0885 1.0883 1.088 1.0878 1.0877 1.0876 1.0877 1.0878 1.0879 1.0879 1.088 1.0882 1.0885 1.0885 1.0883 1.0883 1.0884 1.0886 1.0889 1.0893 1.0897 1.0897 1.0897 1.0902 1.0909 1.0914 1.0911 1.0908 1.0911 1.0918 1.0922 1.092 1.0917 1.0922 1.0929 1.0933 1.0925 1.0917 1.0925 1.0936 1.0945 1.0947 1.0949 1.0952 1.0955 1.0957 1.0959 1.0961 1.0964 1.0967 1.0969 1.0969 1.0969 1.0976 1.0985 1.0994 1.1004 1.1013 1.1021 1.1028 1.1037 1.1047 1.1057 1.1057 1.1055 1.1074 1.1094 1.1102 1.1109 1.1116 1.1123 1.1121 1.1118 1.1134 1.1149 1.1165 1.1186 1.1218 1.1266 1.1338 1.1449 1.1643 1.2027 
261.5 1.0904 1.0904 1.0903 1.0903 1.0902 1.0901 1.0901 1.09 1.0899 1.0897 1.0896 1.0895 1.0893 1.0891 1.0889 1.0887 1.0885 1.0883 1.0881 1.0878 1.0876 1.0874 1.0873 1.0874 1.0875 1.0877 1.0878 1.088 1.0882 1.0884 1.0885 1.0885 1.0886 1.0887 1.0889 1.0892 1.0896 1.09 1.0901 1.0902 1.0907 1.0914 1.0918 1.0915 1.0913 1.0915 1.0919 1.0922 1.0922 1.0921 1.0924 1.0929 1.0931 1.0923 1.0916 1.0921 1.093 1.0939 1.0947 1.0955 1.0954 1.0952 1.0952 1.096 1.0967 1.0967 1.0966 1.0965 1.0967 1.0968 1.0975 1.0984 1.0992 1.1002 1.1012 1.1021 1.103 1.1037 1.1047 1.1057 1.1062 1.1067 1.1079 1.1091 1.1098 1.1105 1.1113 1.1121 1.1115 1.1108 1.1129 1.1145 1.1161 1.1182 1.1215 1.1264 1.1335 1.1448 1.1643 1.203 
262 1.0903 1.0903 1.0903 1.0902 1.0901 1.0901 1.09 1.0899 1.0898 1.0897 1.0895 1.0894 1.0892 1.0891 1.0889 1.0887 1.0885 1.0883 1.088 1.0878 1.0876 1.0874 1.0874 1.0875 1.0876 1.0878 1.0879 1.0881 1.0883 1.0884 1.0886 1.0886 1.0887 1.0889 1.089 1.0893 1.0897 1.0901 1.0902 1.0903 1.0908 1.0914 1.0919 1.0915 1.0912 1.0915 1.0919 1.0922 1.0922 1.0921 1.0925 1.093 1.0932 1.0924 1.0917 1.0921 1.0929 1.0937 1.0947 1.0957 1.0955 1.0949 1.0948 1.0958 1.0968 1.0965 1.096 1.0957 1.0961 1.0965 1.0972 1.0981 1.0989 1.0999 1.1009 1.1021 1.1033 1.1041 1.1051 1.1061 1.1069 1.1076 1.1085 1.1094 1.11 1.1106 1.1115 1.1123 1.1114 1.1104 1.1127 1.1143 1.1159 1.118 1.1213 1.1262 1.1334 1.1446 1.1642 1.203 
262.5 1.0904 1.0904 1.0903 1.0903 1.0902 1.0902 1.0901 1.09 1.0899 1.0898 1.0896 1.0895 1.0893 1.0892 1.089 1.0888 1.0886 1.0884 1.0882 1.088 1.0878 1.0877 1.0877 1.0878 1.088 1.0881 1.0882 1.0882 1.0885 1.0887 1.0887 1.0886 1.0886 1.0888 1.089 1.0893 1.0896 1.0899 1.09 1.0901 1.0905 1.0912 1.0916 1.0911 1.0906 1.091 1.0917 1.0922 1.092 1.0917 1.0923 1.0931 1.0935 1.0927 1.0919 1.0923 1.0931 1.094 1.0949 1.0957 1.0953 1.0946 1.0945 1.0955 1.0964 1.0959 1.095 1.0946 1.0953 1.096 1.0968 1.0976 1.0985 1.0995 1.1006 1.1021 1.1037 1.1047 1.1058 1.1068 1.1077 1.1085 1.1094 1.1103 1.1108 1.1113 1.1121 1.1129 1.1119 1.1106 1.1128 1.1144 1.1159 1.118 1.1213 1.1261 1.1333 1.1445 1.1641 1.2028 
263 1.0905 1.0905 1.0904 1.0904 1.0903 1.0902 1.0902 1.0901 1.09 1.0898 1.0897 1.0896 1.0894 1.0893 1.0891 1.0889 1.0887 1.0885 1.0883 1.0882 1.0881 1.088 1.088 1.0882 1.0884 1.0884 1.0884 1.0884 1.0886 1.0889 1.0888 1.0886 1.0884 1.0887 1.0891 1.0893 1.0895 1.0897 1.0897 1.0898 1.0903 1.0909 1.0913 1.0907 1.0901 1.0906 1.0916 1.0922 1.0917 1.0913 1.0921 1.0932 1.0939 1.093 1.0921 1.0925 1.0934 1.0942 1.095 1.0957 1.0952 1.0944 1.0941 1.0951 1.0961 1.0952 1.0939 1.0934 1.0945 1.0955 1.0963 1.0971 1.098 1.0991 1.1002 1.1021 1.1041 1.1053 1.1064 1.1075 1.1084 1.1093 1.1102 1.1111 1.1116 1.112 1.1128 1.1136 1.1123 1.1109 1.113 1.1145 1.116 1.118 1.1212 1.126 1.1332 1.1444 1.1639 1.2026 
263.5 1.0906 1.0905 1.0905 1.0904 1.0904 1.0903 1.0902 1.0902 1.0901 1.0899 1.0898 1.0897 1.0895 1.0893 1.0892 1.089 1.0888 1.0886 1.0885 1.0884 1.0883 1.0883 1.0883 1.0885 1.0888 1.0888 1.0887 1.0886 1.0888 1.0891 1.0889 1.0885 1.0883 1.0887 1.0891 1.0893 1.0894 1.0894 1.0895 1.0895 1.09 1.0907 1.091 1.0903 1.0895 1.0902 1.0914 1.0922 1.0915 1.0909 1.0919 1.0934 1.0942 1.0933 1.0923 1.0928 1.0936 1.0944 1.0951 1.0957 1.0951 1.0941 1.0938 1.0947 1.0957 1.0945 1.0929 1.0923 1.0936 1.0949 1.0958 1.0967 1.0976 1.0987 1.0999 1.1021 1.1046 1.106 1.1071 1.1082 1.1092 1.1102 1.1111 1.112 1.1124 1.1127 1.1134 1.1142 1.1127 1.1111 1.1132 1.1146 1.116 1.1179 1.1211 1.1258 1.133 1.1443 1.1637 1.2023 
264 1.0907 1.0907 1.0907 1.0906 1.0906 1.0905 1.0904 1.0903 1.0902 1.0901 1.09 1.0898 1.0897 1.0895 1.0893 1.0891 1.0889 1.0888 1.0886 1.0885 1.0884 1.0884 1.0885 1.0887 1.089 1.0889 1.0888 1.0887 1.0889 1.0892 1.089 1.0887 1.0884 1.0888 1.0892 1.0894 1.0895 1.0896 1.0896 1.0896 1.0899 1.0904 1.0906 1.09 1.0895 1.0901 1.0913 1.092 1.0915 1.091 1.0918 1.0932 1.094 1.0933 1.0926 1.093 1.0939 1.0945 1.0948 1.0951 1.0947 1.0942 1.0941 1.0949 1.0957 1.0949 1.0938 1.0934 1.0944 1.0954 1.0962 1.0969 1.0978 1.0987 1.0997 1.1018 1.1041 1.1049 1.1059 1.107 1.1082 1.1095 1.1106 1.1116 1.1124 1.1131 1.1141 1.115 1.1137 1.1122 1.1141 1.1153 1.1165 1.1184 1.1214 1.1261 1.1332 1.1444 1.1638 1.2024 
264.5 1.091 1.0909 1.0909 1.0908 1.0908 1.0907 1.0906 1.0905 1.0904 1.0903 1.0901 1.09 1.0898 1.0896 1.0895 1.0892 1.0891 1.0889 1.0887 1.0886 1.0885 1.0885 1.0886 1.0888 1.0891 1.0891 1.0889 1.0887 1.089 1.0892 1.0891 1.0888 1.0887 1.089 1.0892 1.0895 1.0898 1.0899 1.0899 1.0898 1.0899 1.0901 1.0902 1.0899 1.0896 1.0903 1.0912 1.0918 1.0915 1.0911 1.0919 1.093 1.0937 1.0933 1.0929 1.0934 1.0941 1.0946 1.0944 1.0942 1.0943 1.0944 1.0947 1.0953 1.0959 1.0957 1.0954 1.0954 1.0958 1.0962 1.0968 1.0974 1.0981 1.0989 1.0996 1.1013 1.1032 1.1032 1.1041 1.1051 1.1066 1.1082 1.1096 1.1109 1.1122 1.1134 1.1147 1.1159 1.1148 1.1136 1.1152 1.1162 1.1173 1.1189 1.1218 1.1264 1.1335 1.1446 1.1641 1.2025 
265 1.0912 1.0911 1.0911 1.091 1.091 1.0909 1.0908 1.0907 1.0906 1.0905 1.0903 1.0902 1.09 1.0898 1.0896 1.0894 1.0892 1.089 1.0888 1.0887 1.0886 1.0886 1.0887 1.0889 1.0892 1.0892 1.089 1.0888 1.089 1.0892 1.0892 1.089 1.0889 1.0891 1.0893 1.0896 1.09 1.0903 1.0901 1.0899 1.0898 1.0898 1.0897 1.0898 1.0898 1.0904 1.0911 1.0917 1.0915 1.0913 1.0919 1.0928 1.0934 1.0933 1.0932 1.0937 1.0943 1.0946 1.094 1.0933 1.0938 1.0947 1.0953 1.0957 1.096 1.0965 1.097 1.0973 1.0971 1.0969 1.0974 1.0979 1.0985 1.099 1.0995 1.1008 1.1023 1.1015 1.1022 1.1032 1.105 1.107 1.1085 1.1101 1.1119 1.1138 1.1153 1.1168 1.116 1.115 1.1164 1.1171 1.118 1.1195 1.1223 1.1268 1.1338 1.1449 1.1643 1.2027 
265.5 1.0914 1.0913 1.0913 1.0912 1.0912 1.0911 1.091 1.0909 1.0908 1.0907 1.0905 1.0903 1.0902 1.09 1.0897 1.0895 1.0893 1.0891 1.0889 1.0888 1.0887 1.0887 1.0888 1.0891 1.0893 1.0893 1.0891 1.0889 1.0891 1.0893 1.0893 1.0892 1.0891 1.0893 1.0894 1.0898 1.0902 1.0906 1.0903 1.0901 1.0898 1.0894 1.0893 1.0896 1.09 1.0905 1.0911 1.0915 1.0915 1.0915 1.092 1.0926 1.093 1.0932 1.0935 1.094 1.0946 1.0947 1.0935 1.0924 1.0934 1.0949 1.0959 1.0961 1.0962 1.0973 1.0986 1.0993 1.0985 1.0977 1.098 1.0985 1.0989 1.0991 1.0994 1.1004 1.1014 1.0998 1.1004 1.1012 1.1034 1.1057 1.1075 1.1093 1.1117 1.1141 1.1159 1.1177 1.1171 1.1164 1.1175 1.118 1.1187 1.1201 1.1227 1.1271 1.134 1.1451 1.1645 1.2028 
266 1.0912 1.0912 1.0911 1.0911 1.091 1.091 1.0909 1.0908 1.0906 1.0905 1.0904 1.0902 1.09 1.0898 1.0896 1.0894 1.0892 1.089 1.0888 1.0886 1.0886 1.0885 1.0885 1.0888 1.089 1.089 1.0888 1.0887 1.0889 1.089 1.0891 1.089 1.089 1.0891 1.0893 1.0895 1.0897 1.0899 1.0896 1.0894 1.0895 1.0898 1.09 1.0901 1.0901 1.0904 1.0907 1.091 1.0912 1.0914 1.0918 1.0924 1.0929 1.0932 1.0935 1.094 1.0947 1.0948 1.0939 1.0929 1.0938 1.0952 1.0961 1.096 1.0959 1.0969 1.0981 1.0988 1.0984 1.0981 1.0984 1.0989 1.0994 1.0999 1.1003 1.1009 1.1015 1.1005 1.1013 1.1024 1.1043 1.1063 1.1078 1.1093 1.1112 1.1132 1.1148 1.1163 1.1161 1.1157 1.1168 1.1175 1.1184 1.1199 1.1226 1.127 1.134 1.145 1.1644 1.2027 
266.5 1.0911 1.091 1.091 1.0909 1.0909 1.0908 1.0907 1.0906 1.0905 1.0903 1.0902 1.09 1.0898 1.0896 1.0894 1.0892 1.089 1.0888 1.0886 1.0885 1.0884 1.0883 1.0883 1.0885 1.0887 1.0887 1.0886 1.0885 1.0887 1.0888 1.0888 1.0888 1.0888 1.089 1.0893 1.0893 1.0892 1.0891 1.0889 1.0887 1.0892 1.0902 1.0908 1.0905 1.0902 1.0902 1.0903 1.0905 1.0909 1.0912 1.0917 1.0923 1.0929 1.0932 1.0935 1.0941 1.0948 1.095 1.0942 1.0934 1.0943 1.0955 1.0963 1.096 1.0957 1.0965 1.0975 1.0982 1.0983 1.0984 1.0989 1.0994 1.1 1.1006 1.1013 1.1014 1.1015 1.1012 1.1024 1.1037 1.1053 1.107 1.1081 1.1093 1.1108 1.1123 1.1136 1.1149 1.115 1.115 1.116 1.1169 1.1179 1.1196 1.1225 1.127 1.1339 1.145 1.1643 1.2026 
267 1.0909 1.0909 1.0908 1.0908 1.0907 1.0906 1.0905 1.0904 1.0903 1.0902 1.09 1.0899 1.0897 1.0895 1.0893 1.0891 1.0889 1.0886 1.0885 1.0883 1.0882 1.0881 1.0881 1.0882 1.0883 1.0883 1.0884 1.0884 1.0885 1.0886 1.0886 1.0886 1.0886 1.0889 1.0892 1.089 1.0887 1.0884 1.0882 1.0879 1.089 1.0905 1.0916 1.0909 1.0902 1.09 1.09 1.0901 1.0905 1.091 1.0916 1.0922 1.0928 1.0931 1.0935 1.0941 1.0949 1.0952 1.0946 1.0939 1.0947 1.0958 1.0965 1.096 1.0955 1.0961 1.0969 1.0977 1.0982 1.0987 1.0993 1.0999 1.1006 1.1014 1.1023 1.102 1.1016 1.1019 1.1034 1.1051 1.1064 1.1076 1.1085 1.1093 1.1103 1.1113 1.1124 1.1134 1.1139 1.1143 1.1152 1.1163 1.1175 1.1194 1.1223 1.1269 1.1338 1.1449 1.1642 1.2026 
267.5 1.0908 1.0908 1.0907 1.0907 1.0906 1.0905 1.0904 1.0903 1.0902 1.0901 1.0899 1.0897 1.0896 1.0894 1.0892 1.089 1.0887 1.0885 1.0883 1.0882 1.0881 1.088 1.0879 1.088 1.0881 1.0881 1.0882 1.0883 1.0883 1.0884 1.0884 1.0884 1.0885 1.0888 1.0891 1.0889 1.0884 1.0879 1.0877 1.0875 1.0888 1.0908 1.0922 1.0912 1.0903 1.0899 1.0897 1.0897 1.0903 1.091 1.0916 1.0922 1.0927 1.093 1.0934 1.0941 1.0949 1.0954 1.0949 1.0944 1.0951 1.0961 1.0966 1.096 1.0953 1.0957 1.0965 1.0972 1.0981 1.099 1.0997 1.1003 1.101 1.102 1.103 1.1025 1.1017 1.1024 1.1042 1.106 1.1071 1.108 1.1086 1.1092 1.1099 1.1105 1.1114 1.1122 1.113 1.1137 1.1145 1.1157 1.1171 1.1191 1.1222 1.1268 1.1338 1.1448 1.1641 1.2025 
268 1.0908 1.0908 1.0907 1.0906 1.0906 1.0905 1.0904 1.0903 1.0902 1.0901 1.0899 1.0897 1.0896 1.0894 1.0892 1.089 1.0888 1.0886 1.0885 1.0883 1.0882 1.0882 1.0881 1.0882 1.0882 1.0883 1.0884 1.0886 1.0886 1.0886 1.0885 1.0883 1.0883 1.0886 1.0889 1.0889 1.0886 1.0884 1.0882 1.088 1.089 1.0906 1.0917 1.091 1.0903 1.0899 1.0896 1.0896 1.0905 1.0915 1.092 1.0923 1.0925 1.0926 1.0928 1.0936 1.0947 1.0954 1.095 1.0946 1.0953 1.0963 1.0968 1.096 1.0952 1.0958 1.0966 1.0974 1.0983 1.0992 1.0998 1.1004 1.1011 1.1021 1.1031 1.1026 1.1018 1.1025 1.104 1.1055 1.1065 1.1075 1.1082 1.1088 1.1095 1.1102 1.1111 1.1119 1.1127 1.1135 1.1141 1.1152 1.1166 1.1187 1.1218 1.1265 1.1336 1.1447 1.1642 1.2027 
268.5 1.0908 1.0908 1.0907 1.0906 1.0906 1.0905 1.0904 1.0903 1.0902 1.0901 1.0899 1.0898 1.0896 1.0894 1.0892 1.0891 1.0889 1.0887 1.0886 1.0884 1.0884 1.0883 1.0883 1.0883 1.0884 1.0885 1.0887 1.0888 1.0888 1.0887 1.0885 1.0883 1.0881 1.0885 1.0888 1.0889 1.0889 1.0889 1.0887 1.0886 1.0893 1.0904 1.0912 1.0907 1.0903 1.0899 1.0894 1.0894 1.0908 1.0921 1.0924 1.0924 1.0923 1.0922 1.0922 1.0932 1.0945 1.0954 1.0951 1.0948 1.0955 1.0965 1.0969 1.096 1.0952 1.0958 1.0967 1.0976 1.0985 1.0994 1.1 1.1006 1.1012 1.1022 1.1031 1.1026 1.102 1.1025 1.1038 1.1051 1.106 1.1069 1.1077 1.1084 1.1092 1.11 1.1108 1.1116 1.1125 1.1133 1.1136 1.1147 1.1161 1.1182 1.1215 1.1263 1.1335 1.1447 1.1642 1.2028 
269 1.0908 1.0907 1.0907 1.0906 1.0906 1.0905 1.0904 1.0903 1.0902 1.0901 1.0899 1.0898 1.0896 1.0895 1.0893 1.0891 1.089 1.0888 1.0887 1.0885 1.0885 1.0885 1.0884 1.0885 1.0885 1.0887 1.0889 1.0891 1.089 1.0889 1.0886 1.0882 1.0879 1.0883 1.0887 1.0889 1.0892 1.0894 1.0893 1.0891 1.0895 1.0902 1.0906 1.0905 1.0903 1.0899 1.0893 1.0893 1.091 1.0927 1.0928 1.0925 1.0922 1.0919 1.0915 1.0927 1.0943 1.0954 1.0952 1.095 1.0957 1.0967 1.0971 1.0961 1.0951 1.0958 1.0968 1.0977 1.0986 1.0996 1.1001 1.1007 1.1013 1.1022 1.1031 1.1027 1.1022 1.1026 1.1036 1.1046 1.1055 1.1064 1.1072 1.108 1.1089 1.1097 1.1105 1.1114 1.1122 1.1131 1.1132 1.1142 1.1156 1.1178 1.1211 1.126 1.1333 1.1446 1.1642 1.203 
269.5 1.0908 1.0907 1.0907 1.0906 1.0906 1.0905 1.0904 1.0903 1.0902 1.0901 1.0899 1.0898 1.0896 1.0895 1.0893 1.0891 1.0889 1.0888 1.0886 1.0885 1.0885 1.0884 1.0884 1.0884 1.0885 1.0887 1.0889 1.0891 1.089 1.0888 1.0885 1.0881 1.0879 1.0882 1.0885 1.0889 1.0893 1.0896 1.0895 1.0894 1.0897 1.0901 1.0904 1.0903 1.0902 1.0899 1.0896 1.0897 1.0913 1.0929 1.093 1.0927 1.0924 1.0919 1.0914 1.0926 1.0942 1.0954 1.0952 1.095 1.0958 1.0967 1.0971 1.0962 1.0953 1.0959 1.0967 1.0977 1.0987 1.0998 1.1003 1.1006 1.1012 1.1022 1.1032 1.1029 1.1025 1.1028 1.1035 1.1043 1.1052 1.1061 1.107 1.1078 1.1085 1.1093 1.1103 1.1112 1.1119 1.1126 1.1129 1.1139 1.1154 1.1175 1.1209 1.1259 1.1332 1.1446 1.1642 1.2031 
270 1.0908 1.0907 1.0907 1.0906 1.0906 1.0905 1.0904 1.0903 1.0902 1.0901 1.0899 1.0898 1.0896 1.0894 1.0892 1.089 1.0888 1.0886 1.0885 1.0883 1.0882 1.0881 1.0881 1.0882 1.0883 1.0884 1.0886 1.0887 1.0886 1.0886 1.0884 1.0881 1.0879 1.0881 1.0883 1.0886 1.089 1.0893 1.0893 1.0893 1.0897 1.0902 1.0906 1.0903 1.09 1.0901 1.0903 1.0907 1.0916 1.0925 1.0929 1.0931 1.0932 1.0925 1.0919 1.0929 1.0944 1.0954 1.0951 1.0949 1.0956 1.0966 1.0971 1.0964 1.0958 1.096 1.0965 1.0973 1.0987 1.1002 1.1004 1.1004 1.1008 1.1021 1.1033 1.1032 1.1029 1.1032 1.1037 1.1042 1.1052 1.1063 1.107 1.1077 1.1082 1.1087 1.11 1.1114 1.1116 1.1117 1.1127 1.114 1.1154 1.1176 1.1209 1.1259 1.1332 1.1445 1.1642 1.2032 
270.5 1.0908 1.0907 1.0907 1.0906 1.0906 1.0905 1.0904 1.0903 1.0902 1.0901 1.0899 1.0897 1.0896 1.0894 1.0891 1.0889 1.0887 1.0885 1.0883 1.0881 1.088 1.0879 1.0878 1.0879 1.088 1.0881 1.0882 1.0883 1.0883 1.0883 1.0882 1.0881 1.088 1.0881 1.0881 1.0884 1.0887 1.089 1.0891 1.0892 1.0897 1.0904 1.0908 1.0903 1.0898 1.0902 1.091 1.0917 1.0919 1.0922 1.0928 1.0935 1.0939 1.0932 1.0924 1.0933 1.0946 1.0954 1.0951 1.0947 1.0955 1.0965 1.097 1.0966 1.0962 1.0962 1.0963 1.097 1.0988 1.1005 1.1005 1.1001 1.1004 1.102 1.1035 1.1035 1.1034 1.1035 1.1038 1.1042 1.1052 1.1064 1.107 1.1076 1.1078 1.108 1.1097 1.1115 1.1112 1.1108 1.1125 1.114 1.1155 1.1176 1.1209 1.1258 1.1332 1.1445 1.1642 1.2033 
271 1.0908 1.0907 1.0907 1.0906 1.0906 1.0905 1.0904 1.0903 1.0902 1.0901 1.0899 1.0897 1.0895 1.0893 1.0891 1.0888 1.0886 1.0884 1.0881 1.0879 1.0877 1.0876 1.0875 1.0877 1.0878 1.0879 1.0879 1.0879 1.0879 1.088 1.088 1.0881 1.0881 1.088 1.088 1.0881 1.0884 1.0887 1.0889 1.0891 1.0897 1.0905 1.0909 1.0902 1.0895 1.0903 1.0917 1.0927 1.0922 1.0918 1.0927 1.0939 1.0947 1.0938 1.093 1.0936 1.0947 1.0954 1.095 1.0946 1.0953 1.0964 1.097 1.0968 1.0967 1.0964 1.0961 1.0966 1.0988 1.1009 1.1006 1.0998 1.1 1.1018 1.1037 1.1039 1.1039 1.1039 1.104 1.1041 1.1052 1.1065 1.1071 1.1075 1.1075 1.1074 1.1094 1.1116 1.1108 1.1099 1.1124 1.1141 1.1156 1.1177 1.121 1.1258 1.1331 1.1445 1.1642 1.2033 
271.5 1.0908 1.0908 1.0907 1.0907 1.0906 1.0906 1.0905 1.0904 1.0903 1.0901 1.09 1.0898 1.0896 1.0894 1.0892 1.089 1.0887 1.0885 1.0882 1.088 1.0878 1.0876 1.0875 1.0876 1.0878 1.0878 1.0878 1.0878 1.0879 1.088 1.0881 1.0882 1.0883 1.0883 1.0882 1.0884 1.0887 1.0889 1.0892 1.0894 1.09 1.0907 1.0911 1.0905 1.0898 1.0906 1.092 1.0929 1.0924 1.0919 1.0927 1.0941 1.0949 1.0941 1.0934 1.0939 1.0948 1.0953 1.095 1.0946 1.0953 1.0963 1.0969 1.0969 1.0968 1.0966 1.0963 1.0968 1.0988 1.1007 1.1005 1.0998 1.1 1.1016 1.1032 1.1036 1.1037 1.1038 1.104 1.1042 1.1053 1.1065 1.107 1.1073 1.1074 1.1074 1.1093 1.1114 1.1107 1.1098 1.1123 1.114 1.1156 1.1176 1.1209 1.1258 1.1331 1.1445 1.1642 1.2034 
272 1.0909 1.0908 1.0908 1.0907 1.0907 1.0906 1.0905 1.0905 1.0904 1.0902 1.0901 1.09 1.0898 1.0896 1.0894 1.0892 1.089 1.0888 1.0885 1.0882 1.088 1.0878 1.0876 1.0877 1.0878 1.0879 1.0879 1.0879 1.088 1.0881 1.0883 1.0884 1.0886 1.0886 1.0887 1.0889 1.0892 1.0895 1.0897 1.0899 1.0904 1.091 1.0914 1.0909 1.0904 1.091 1.092 1.0927 1.0924 1.0922 1.0929 1.0941 1.0948 1.0943 1.0938 1.0943 1.0949 1.0953 1.0949 1.0946 1.0953 1.0962 1.0968 1.0967 1.0967 1.0967 1.0968 1.0974 1.0988 1.1002 1.1002 1.1 1.1003 1.1014 1.1025 1.1029 1.1032 1.1035 1.1039 1.1043 1.1054 1.1065 1.1068 1.1071 1.1074 1.1077 1.1093 1.111 1.1106 1.1102 1.1124 1.114 1.1155 1.1175 1.1208 1.1257 1.133 1.1444 1.1642 1.2036 
272.5 1.0909 1.0909 1.0909 1.0908 1.0908 1.0907 1.0906 1.0906 1.0905 1.0904 1.0903 1.0901 1.09 1.0898 1.0897 1.0895 1.0893 1.089 1.0888 1.0884 1.0882 1.088 1.0878 1.0879 1.0879 1.088 1.088 1.088 1.0882 1.0883 1.0885 1.0887 1.0889 1.089 1.0892 1.0894 1.0897 1.09 1.0902 1.0904 1.0908 1.0913 1.0916 1.0913 1.091 1.0914 1.092 1.0925 1.0925 1.0924 1.0931 1.0941 1.0947 1.0945 1.0943 1.0946 1.095 1.0952 1.0949 1.0946 1.0953 1.0962 1.0967 1.0966 1.0965 1.0969 1.0973 1.0979 1.0988 1.0997 1.1 1.1002 1.1006 1.1012 1.1018 1.1023 1.1028 1.1032 1.1039 1.1045 1.1054 1.1064 1.1067 1.1068 1.1074 1.1081 1.1093 1.1106 1.1106 1.1105 1.1124 1.1139 1.1154 1.1174 1.1207 1.1256 1.1329 1.1444 1.1643 1.2037 
273 1.091 1.091 1.0909 1.0909 1.0908 1.0908 1.0907 1.0907 1.0906 1.0905 1.0904 1.0903 1.0902 1.0901 1.0899 1.0897 1.0895 1.0893 1.089 1.0887 1.0884 1.0882 1.088 1.088 1.088 1.088 1.0881 1.0881 1.0883 1.0884 1.0886 1.0889 1.0891 1.0894 1.0897 1.09 1.0902 1.0905 1.0907 1.0908 1.0912 1.0915 1.0918 1.0917 1.0915 1.0917 1.092 1.0923 1.0925 1.0927 1.0933 1.094 1.0946 1.0946 1.0947 1.0949 1.0951 1.0951 1.0949 1.0947 1.0953 1.0961 1.0966 1.0965 1.0964 1.097 1.0978 1.0984 1.0988 1.0992 1.0998 1.1004 1.1008 1.1009 1.101 1.1016 1.1023 1.1029 1.1038 1.1047 1.1055 1.1064 1.1065 1.1066 1.1075 1.1084 1.1093 1.1102 1.1105 1.1108 1.1124 1.1138 1.1153 1.1173 1.1206 1.1255 1.1328 1.1443 1.1643 1.2038 
273.5 1.0909 1.0909 1.0908 1.0908 1.0908 1.0907 1.0906 1.0906 1.0905 1.0904 1.0903 1.0902 1.0901 1.09 1.0899 1.0897 1.0895 1.0893 1.0891 1.0888 1.0886 1.0884 1.0882 1.0883 1.0883 1.0884 1.0885 1.0886 1.0886 1.0887 1.0889 1.0892 1.0894 1.0896 1.0897 1.09 1.0903 1.0905 1.0906 1.0907 1.091 1.0914 1.0916 1.0916 1.0915 1.0916 1.0917 1.0919 1.0923 1.0927 1.0931 1.0936 1.094 1.0942 1.0944 1.0945 1.0946 1.0946 1.0946 1.0946 1.0952 1.096 1.0964 1.0963 1.0961 1.0969 1.0978 1.0985 1.0986 1.0987 1.0995 1.1004 1.1009 1.1009 1.1009 1.1016 1.1025 1.1028 1.1035 1.1044 1.1055 1.1067 1.107 1.1071 1.108 1.109 1.1098 1.1106 1.111 1.1114 1.1127 1.114 1.1154 1.1174 1.1206 1.1256 1.1331 1.1446 1.1645 1.2036 
274 1.0908 1.0908 1.0908 1.0907 1.0907 1.0906 1.0905 1.0905 1.0904 1.0903 1.0902 1.0901 1.09 1.0899 1.0898 1.0896 1.0895 1.0893 1.0891 1.0889 1.0887 1.0886 1.0885 1.0886 1.0886 1.0888 1.0889 1.0891 1.089 1.089 1.0891 1.0894 1.0897 1.0897 1.0897 1.0899 1.0902 1.0905 1.0905 1.0905 1.0908 1.0912 1.0914 1.0914 1.0914 1.0913 1.0913 1.0914 1.092 1.0926 1.0929 1.0931 1.0933 1.0937 1.0941 1.0941 1.094 1.094 1.0943 1.0946 1.0952 1.0958 1.0962 1.096 1.0958 1.0967 1.0978 1.0985 1.0983 1.0982 1.0991 1.1003 1.101 1.1009 1.1008 1.1017 1.1027 1.1026 1.1033 1.104 1.1055 1.1071 1.1075 1.1078 1.1087 1.1096 1.1104 1.1112 1.1116 1.1119 1.1131 1.1142 1.1155 1.1174 1.1207 1.1258 1.1333 1.1449 1.1647 1.2035 
274.5 1.0907 1.0907 1.0907 1.0906 1.0906 1.0905 1.0904 1.0904 1.0903 1.0902 1.0901 1.09 1.0899 1.0898 1.0897 1.0895 1.0894 1.0893 1.0891 1.089 1.0889 1.0889 1.0888 1.0889 1.089 1.0892 1.0894 1.0895 1.0894 1.0892 1.0894 1.0897 1.09 1.0898 1.0897 1.0898 1.0902 1.0904 1.0904 1.0903 1.0906 1.0909 1.0912 1.0912 1.0912 1.0911 1.091 1.091 1.0918 1.0925 1.0926 1.0926 1.0927 1.0932 1.0937 1.0936 1.0934 1.0934 1.094 1.0945 1.0951 1.0957 1.096 1.0958 1.0955 1.0965 1.0978 1.0985 1.0981 1.0976 1.0988 1.1003 1.1011 1.1009 1.1007 1.1018 1.103 1.1025 1.103 1.1037 1.1055 1.1074 1.108 1.1084 1.1093 1.1102 1.111 1.1117 1.1121 1.1125 1.1134 1.1144 1.1156 1.1174 1.1207 1.1259 1.1336 1.1452 1.165 1.2033 
275 1.0907 1.0906 1.0906 1.0905 1.0905 1.0904 1.0904 1.0903 1.0902 1.0901 1.09 1.0899 1.0898 1.0897 1.0896 1.0895 1.0893 1.0892 1.0892 1.0891 1.0891 1.0891 1.0891 1.0892 1.0893 1.0895 1.0898 1.0899 1.0897 1.0895 1.0896 1.09 1.0902 1.0899 1.0897 1.0898 1.0901 1.0904 1.0903 1.0901 1.0904 1.0908 1.0911 1.0911 1.0911 1.0909 1.0906 1.0906 1.0915 1.0924 1.0924 1.0921 1.0921 1.0928 1.0934 1.0933 1.093 1.0929 1.0937 1.0945 1.095 1.0955 1.0958 1.0955 1.0952 1.0963 1.0978 1.0985 1.0979 1.0972 1.0985 1.1002 1.1011 1.1009 1.1007 1.1018 1.1032 1.1024 1.1028 1.1034 1.1055 1.1077 1.1084 1.109 1.1099 1.1107 1.1115 1.1122 1.1125 1.1129 1.1137 1.1146 1.1157 1.1175 1.1208 1.1261 1.1339 1.1456 1.1652 1.2031 
275.5 1.0908 1.0908 1.0907 1.0907 1.0906 1.0905 1.0905 1.0904 1.0903 1.0902 1.0901 1.0899 1.0898 1.0897 1.0896 1.0894 1.0893 1.0892 1.0891 1.089 1.089 1.089 1.089 1.0891 1.0892 1.0894 1.0897 1.0898 1.0896 1.0894 1.0896 1.0899 1.0901 1.0899 1.0896 1.0898 1.0902 1.0905 1.0903 1.0901 1.0904 1.0908 1.0912 1.0912 1.0913 1.0911 1.0907 1.0907 1.0917 1.0927 1.0926 1.0921 1.092 1.093 1.0939 1.0937 1.0932 1.0931 1.094 1.0949 1.0951 1.0952 1.0952 1.0952 1.0952 1.0961 1.0973 1.0979 1.0977 1.0975 1.0985 1.0998 1.1006 1.1006 1.1006 1.1017 1.103 1.1026 1.1031 1.1039 1.1055 1.1073 1.1081 1.1088 1.1097 1.1107 1.1112 1.1116 1.112 1.1124 1.1135 1.1146 1.1159 1.1178 1.1211 1.1264 1.1342 1.1458 1.1652 1.2028 
276 1.0909 1.0909 1.0908 1.0908 1.0907 1.0906 1.0905 1.0905 1.0904 1.0902 1.0901 1.09 1.0898 1.0897 1.0896 1.0894 1.0893 1.0891 1.089 1.0889 1.0889 1.0889 1.0889 1.089 1.0892 1.0893 1.0896 1.0897 1.0896 1.0894 1.0895 1.0898 1.09 1.0898 1.0896 1.0898 1.0903 1.0906 1.0904 1.0901 1.0904 1.0908 1.0912 1.0914 1.0915 1.0913 1.0909 1.0908 1.0919 1.0929 1.0927 1.0921 1.092 1.0932 1.0944 1.0941 1.0935 1.0933 1.0944 1.0954 1.0952 1.0948 1.0946 1.0949 1.0952 1.0959 1.0967 1.0974 1.0975 1.0977 1.0985 1.0993 1.1 1.1003 1.1006 1.1016 1.1028 1.1028 1.1035 1.1043 1.1056 1.1068 1.1077 1.1086 1.1096 1.1106 1.1109 1.1111 1.1115 1.1119 1.1134 1.1147 1.116 1.118 1.1215 1.1268 1.1345 1.146 1.1653 1.2026 
276.5 1.091 1.091 1.0909 1.0909 1.0908 1.0907 1.0906 1.0905 1.0904 1.0903 1.0902 1.09 1.0899 1.0897 1.0895 1.0894 1.0892 1.0891 1.089 1.0888 1.0888 1.0888 1.0888 1.089 1.0891 1.0893 1.0895 1.0896 1.0895 1.0894 1.0895 1.0897 1.0899 1.0897 1.0895 1.0898 1.0903 1.0907 1.0904 1.0901 1.0904 1.0909 1.0913 1.0915 1.0917 1.0914 1.091 1.0909 1.092 1.0932 1.0929 1.0921 1.0919 1.0934 1.0948 1.0946 1.0938 1.0935 1.0947 1.0958 1.0953 1.0945 1.094 1.0946 1.0951 1.0957 1.0962 1.0968 1.0974 1.098 1.0985 1.0989 1.0994 1.1 1.1005 1.1015 1.1025 1.103 1.1039 1.1048 1.1056 1.1064 1.1074 1.1084 1.1095 1.1106 1.1106 1.1105 1.1109 1.1114 1.1133 1.1148 1.1162 1.1183 1.1218 1.1271 1.1348 1.1462 1.1653 1.2023 
277 1.091 1.091 1.091 1.0909 1.0908 1.0908 1.0907 1.0906 1.0904 1.0903 1.0902 1.09 1.0898 1.0897 1.0895 1.0893 1.0892 1.089 1.0889 1.0888 1.0887 1.0887 1.0887 1.0888 1.089 1.0891 1.0893 1.0894 1.0893 1.0892 1.0893 1.0896 1.0897 1.0896 1.0894 1.0897 1.0903 1.0907 1.0904 1.0901 1.0903 1.0909 1.0913 1.0915 1.0917 1.0914 1.091 1.091 1.0921 1.0932 1.0929 1.0921 1.092 1.0935 1.0951 1.0948 1.094 1.0937 1.0949 1.0961 1.0955 1.0944 1.0939 1.0945 1.0952 1.0956 1.096 1.0966 1.0974 1.0982 1.0985 1.0987 1.0991 1.0998 1.1004 1.1014 1.1023 1.1029 1.1039 1.1049 1.1055 1.1061 1.1071 1.1082 1.1094 1.1105 1.1105 1.1103 1.1108 1.1113 1.1132 1.1148 1.1162 1.1184 1.1219 1.1273 1.1349 1.1462 1.1653 1.2022 
277.5 1.0909 1.0909 1.0909 1.0908 1.0907 1.0907 1.0906 1.0905 1.0903 1.0902 1.0901 1.0899 1.0898 1.0896 1.0894 1.0892 1.0891 1.0889 1.0888 1.0886 1.0886 1.0886 1.0886 1.0887 1.0888 1.0889 1.089 1.0891 1.089 1.0889 1.089 1.0892 1.0893 1.0892 1.0891 1.0895 1.09 1.0904 1.0902 1.0899 1.0902 1.0907 1.0911 1.0911 1.0911 1.091 1.0909 1.091 1.0918 1.0926 1.0926 1.0923 1.0924 1.0937 1.095 1.0947 1.094 1.0938 1.095 1.0961 1.0956 1.0949 1.0945 1.095 1.0955 1.096 1.0965 1.097 1.0977 1.0984 1.0987 1.0989 1.0993 1.0998 1.1004 1.1013 1.1022 1.1023 1.1033 1.1044 1.1052 1.1059 1.107 1.1082 1.1093 1.1104 1.1107 1.1109 1.1115 1.1121 1.1133 1.1146 1.116 1.1181 1.1217 1.127 1.1347 1.1461 1.1652 1.2021 
278 1.0908 1.0908 1.0907 1.0907 1.0906 1.0906 1.0905 1.0904 1.0902 1.0901 1.09 1.0898 1.0897 1.0895 1.0893 1.0891 1.089 1.0888 1.0887 1.0885 1.0885 1.0885 1.0885 1.0885 1.0886 1.0886 1.0887 1.0887 1.0887 1.0887 1.0887 1.0888 1.0889 1.0889 1.0889 1.0892 1.0897 1.0901 1.09 1.0898 1.0901 1.0906 1.0909 1.0908 1.0906 1.0907 1.0908 1.091 1.0916 1.0921 1.0923 1.0924 1.0928 1.0938 1.0948 1.0946 1.0941 1.094 1.095 1.096 1.0958 1.0954 1.0951 1.0954 1.0958 1.0963 1.0969 1.0975 1.098 1.0986 1.0989 1.0991 1.0995 1.0999 1.1004 1.1012 1.1022 1.1016 1.1027 1.1039 1.1049 1.1058 1.1069 1.1082 1.1092 1.1103 1.1109 1.1114 1.1121 1.1128 1.1135 1.1145 1.1158 1.1178 1.1214 1.1268 1.1345 1.1459 1.165 1.2021 
278.5 1.0907 1.0907 1.0906 1.0906 1.0905 1.0904 1.0904 1.0903 1.0901 1.09 1.0899 1.0897 1.0896 1.0894 1.0892 1.089 1.0889 1.0887 1.0886 1.0884 1.0883 1.0883 1.0883 1.0883 1.0884 1.0884 1.0883 1.0883 1.0884 1.0884 1.0884 1.0884 1.0885 1.0886 1.0887 1.089 1.0894 1.0898 1.0897 1.0897 1.09 1.0904 1.0907 1.0904 1.0901 1.0903 1.0907 1.0911 1.0913 1.0916 1.092 1.0925 1.0931 1.0939 1.0947 1.0946 1.0942 1.0941 1.095 1.0959 1.096 1.0958 1.0958 1.0959 1.096 1.0966 1.0974 1.098 1.0984 1.0987 1.099 1.0993 1.0996 1.1 1.1003 1.1012 1.1021 1.101 1.102 1.1034 1.1045 1.1056 1.1068 1.1081 1.1091 1.1102 1.111 1.1119 1.1128 1.1136 1.1136 1.1143 1.1156 1.1176 1.1211 1.1265 1.1343 1.1457 1.1649 1.202 
279 1.0907 1.0907 1.0907 1.0906 1.0906 1.0905 1.0904 1.0903 1.0902 1.0901 1.0899 1.0898 1.0896 1.0894 1.0893 1.0891 1.0889 1.0887 1.0886 1.0884 1.0883 1.0883 1.0882 1.0882 1.0882 1.0882 1.0882 1.0882 1.0881 1.0881 1.0881 1.0882 1.0883 1.0883 1.0883 1.0886 1.0891 1.0895 1.0895 1.0896 1.0898 1.0901 1.0903 1.09 1.0897 1.0899 1.0904 1.0908 1.091 1.0912 1.0917 1.0924 1.0931 1.0936 1.0942 1.0942 1.094 1.094 1.0947 1.0955 1.0957 1.0958 1.0959 1.0961 1.0963 1.097 1.0978 1.0984 1.0987 1.099 1.0994 1.0997 1.1001 1.1003 1.1006 1.1014 1.1023 1.1012 1.1023 1.1036 1.1047 1.1058 1.107 1.1082 1.1091 1.1101 1.1111 1.1121 1.1129 1.1138 1.1138 1.1145 1.1158 1.1178 1.1213 1.1266 1.1344 1.1458 1.165 1.202 
279.5 1.0909 1.0909 1.0908 1.0907 1.0907 1.0906 1.0905 1.0904 1.0903 1.0902 1.0901 1.0899 1.0898 1.0896 1.0894 1.0892 1.089 1.0889 1.0887 1.0885 1.0884 1.0883 1.0882 1.0882 1.0882 1.0882 1.0882 1.0882 1.088 1.0879 1.088 1.0882 1.0883 1.0881 1.088 1.0882 1.0887 1.0891 1.0893 1.0895 1.0896 1.0897 1.0897 1.0895 1.0893 1.0895 1.0899 1.0903 1.0906 1.0909 1.0914 1.0921 1.0926 1.0931 1.0935 1.0936 1.0935 1.0937 1.0942 1.0946 1.0949 1.0952 1.0956 1.0961 1.0967 1.0974 1.0982 1.0988 1.0991 1.0994 1.0998 1.1003 1.1007 1.1009 1.1011 1.1019 1.1028 1.1023 1.1032 1.1044 1.1054 1.1063 1.1073 1.1083 1.1092 1.1101 1.111 1.1119 1.1128 1.1137 1.114 1.115 1.1163 1.1183 1.1218 1.127 1.1347 1.146 1.1651 1.2021 
280 1.091 1.091 1.0909 1.0909 1.0908 1.0908 1.0907 1.0906 1.0905 1.0904 1.0902 1.0901 1.0899 1.0898 1.0896 1.0894 1.0892 1.089 1.0888 1.0886 1.0885 1.0883 1.0882 1.0882 1.0881 1.0882 1.0882 1.0882 1.0879 1.0876 1.0878 1.0881 1.0883 1.0879 1.0876 1.0878 1.0883 1.0887 1.0891 1.0895 1.0894 1.0892 1.089 1.089 1.0889 1.0891 1.0894 1.0898 1.0902 1.0906 1.0911 1.0917 1.0922 1.0925 1.0927 1.0929 1.0931 1.0933 1.0936 1.0938 1.0942 1.0946 1.0952 1.0961 1.0971 1.0978 1.0986 1.0992 1.0995 1.0997 1.1003 1.1009 1.1013 1.1015 1.1016 1.1024 1.1033 1.1033 1.1042 1.1052 1.106 1.1069 1.1076 1.1084 1.1093 1.1102 1.1109 1.1117 1.1126 1.1135 1.1143 1.1154 1.1169 1.1189 1.1223 1.1274 1.135 1.1462 1.1653 1.2021 
280.5 1.0912 1.0911 1.0911 1.091 1.091 1.0909 1.0908 1.0907 1.0906 1.0905 1.0904 1.0902 1.0901 1.0899 1.0897 1.0895 1.0893 1.0892 1.089 1.0887 1.0885 1.0883 1.0881 1.0881 1.0881 1.0881 1.0882 1.0882 1.0878 1.0874 1.0876 1.088 1.0883 1.0877 1.0872 1.0874 1.0879 1.0884 1.0889 1.0894 1.0892 1.0888 1.0884 1.0884 1.0885 1.0887 1.0889 1.0893 1.0898 1.0903 1.0908 1.0914 1.0918 1.0919 1.092 1.0923 1.0927 1.093 1.093 1.093 1.0935 1.0941 1.0949 1.0962 1.0974 1.0983 1.099 1.0996 1.0998 1.1001 1.1007 1.1015 1.102 1.1021 1.1021 1.1029 1.1037 1.1043 1.1051 1.1059 1.1067 1.1074 1.1079 1.1085 1.1093 1.1102 1.1109 1.1116 1.1125 1.1134 1.1145 1.1159 1.1174 1.1195 1.1228 1.1278 1.1353 1.1465 1.1655 1.2021 
281 1.0909 1.0909 1.0909 1.0908 1.0908 1.0907 1.0906 1.0905 1.0904 1.0903 1.0902 1.09 1.0899 1.0897 1.0895 1.0894 1.0892 1.089 1.0888 1.0886 1.0884 1.0882 1.0881 1.0881 1.0881 1.0881 1.0881 1.0881 1.0878 1.0876 1.0877 1.088 1.0883 1.0878 1.0873 1.0875 1.0879 1.0884 1.0889 1.0893 1.0892 1.0888 1.0884 1.0886 1.0887 1.0889 1.0893 1.0896 1.0901 1.0907 1.0911 1.0915 1.0918 1.0918 1.0918 1.0922 1.0927 1.093 1.093 1.0929 1.0933 1.0939 1.0947 1.0959 1.0972 1.0979 1.0985 1.099 1.0994 1.0998 1.1006 1.1014 1.1019 1.102 1.1022 1.103 1.1039 1.1044 1.1051 1.1059 1.1066 1.1072 1.1079 1.1085 1.1092 1.1099 1.1106 1.1113 1.1121 1.113 1.1143 1.1157 1.1172 1.1192 1.1225 1.1276 1.1351 1.1463 1.1653 1.2021 
281.5 1.0906 1.0906 1.0906 1.0905 1.0905 1.0904 1.0903 1.0902 1.0901 1.09 1.0899 1.0897 1.0896 1.0894 1.0893 1.0891 1.0889 1.0888 1.0886 1.0884 1.0883 1.0881 1.088 1.088 1.0881 1.0881 1.088 1.088 1.0879 1.0878 1.0879 1.0881 1.0882 1.0879 1.0876 1.0877 1.0881 1.0884 1.0889 1.0893 1.0892 1.0889 1.0887 1.0888 1.089 1.0894 1.0898 1.0902 1.0907 1.0912 1.0915 1.0917 1.0919 1.0918 1.0918 1.0922 1.0927 1.0931 1.0931 1.093 1.0934 1.0938 1.0944 1.0956 1.0968 1.0973 1.0977 1.0981 1.0988 1.0995 1.1002 1.101 1.1016 1.1019 1.1021 1.1029 1.1039 1.1042 1.105 1.1057 1.1063 1.1069 1.1077 1.1086 1.1091 1.1096 1.1103 1.111 1.1117 1.1125 1.1139 1.1153 1.1167 1.1187 1.122 1.1272 1.1347 1.146 1.1651 1.202 
282 1.0903 1.0903 1.0902 1.0902 1.0901 1.0901 1.09 1.0899 1.0898 1.0897 1.0896 1.0895 1.0893 1.0892 1.089 1.0889 1.0887 1.0885 1.0884 1.0882 1.0881 1.088 1.0879 1.088 1.0881 1.088 1.088 1.0879 1.088 1.088 1.0881 1.0882 1.0882 1.088 1.0879 1.088 1.0882 1.0885 1.0889 1.0892 1.0892 1.089 1.0889 1.0891 1.0894 1.0898 1.0903 1.0908 1.0913 1.0918 1.0919 1.092 1.092 1.0919 1.0918 1.0922 1.0928 1.0932 1.0932 1.0931 1.0934 1.0936 1.0942 1.0953 1.0964 1.0967 1.0968 1.0972 1.0981 1.0991 1.0999 1.1007 1.1014 1.1017 1.102 1.1029 1.1039 1.1041 1.1048 1.1055 1.106 1.1065 1.1075 1.1086 1.109 1.1092 1.11 1.1107 1.1114 1.112 1.1135 1.1149 1.1163 1.1183 1.1216 1.1268 1.1344 1.1458 1.1649 1.2019 
282.5 1.09 1.09 1.0899 1.0899 1.0898 1.0898 1.0897 1.0896 1.0895 1.0894 1.0893 1.0892 1.089 1.0889 1.0888 1.0886 1.0884 1.0883 1.0881 1.088 1.0879 1.0879 1.0878 1.0879 1.088 1.088 1.0879 1.0878 1.088 1.0883 1.0883 1.0882 1.0882 1.0882 1.0881 1.0882 1.0884 1.0886 1.0889 1.0892 1.0892 1.0891 1.0891 1.0894 1.0897 1.0902 1.0908 1.0914 1.0918 1.0923 1.0923 1.0922 1.0921 1.0919 1.0918 1.0922 1.0928 1.0933 1.0933 1.0933 1.0934 1.0935 1.094 1.095 1.0961 1.0962 1.0961 1.0964 1.0975 1.0987 1.0996 1.1004 1.1011 1.1015 1.1019 1.1029 1.1039 1.1039 1.1046 1.1053 1.1057 1.1061 1.1074 1.1087 1.1088 1.1089 1.1096 1.1105 1.111 1.1115 1.1132 1.1145 1.1158 1.1178 1.1211 1.1264 1.134 1.1455 1.1647 1.2018 
283 1.0902 1.0902 1.0901 1.0901 1.09 1.09 1.0899 1.0898 1.0897 1.0896 1.0894 1.0893 1.0891 1.089 1.0888 1.0886 1.0885 1.0883 1.0881 1.088 1.0879 1.0879 1.0879 1.088 1.0881 1.0881 1.0881 1.088 1.0882 1.0884 1.0885 1.0885 1.0884 1.0884 1.0884 1.0885 1.0887 1.0889 1.0891 1.0892 1.0892 1.0892 1.0893 1.0896 1.09 1.0905 1.0909 1.0914 1.0919 1.0924 1.0925 1.0925 1.0925 1.0924 1.0922 1.0926 1.0932 1.0936 1.0936 1.0937 1.094 1.0943 1.0948 1.0956 1.0963 1.0962 1.096 1.0962 1.0973 1.0983 1.0992 1.1001 1.1009 1.1014 1.102 1.103 1.104 1.1043 1.1045 1.1046 1.1052 1.1059 1.1071 1.1083 1.1086 1.1089 1.1096 1.1104 1.111 1.1116 1.1131 1.1144 1.1158 1.1177 1.1211 1.1264 1.1341 1.1456 1.1649 1.2022 
283.5 1.0904 1.0904 1.0903 1.0903 1.0902 1.0902 1.0901 1.09 1.0898 1.0897 1.0896 1.0894 1.0892 1.089 1.0888 1.0887 1.0885 1.0883 1.0881 1.088 1.0879 1.0879 1.0879 1.088 1.0882 1.0882 1.0883 1.0883 1.0884 1.0886 1.0886 1.0887 1.0887 1.0886 1.0886 1.0888 1.0891 1.0893 1.0893 1.0892 1.0892 1.0893 1.0895 1.0899 1.0903 1.0907 1.091 1.0914 1.092 1.0925 1.0927 1.0929 1.093 1.0928 1.0926 1.093 1.0936 1.094 1.094 1.0941 1.0946 1.0952 1.0957 1.0961 1.0966 1.0963 1.0959 1.096 1.097 1.098 1.0989 1.0998 1.1006 1.1013 1.102 1.103 1.1041 1.1047 1.1044 1.104 1.1047 1.1056 1.1068 1.1079 1.1085 1.1089 1.1096 1.1103 1.111 1.1117 1.113 1.1143 1.1157 1.1177 1.1211 1.1264 1.1342 1.1458 1.1652 1.2026 
284 1.0906 1.0906 1.0906 1.0905 1.0904 1.0904 1.0902 1.0901 1.09 1.0899 1.0897 1.0895 1.0893 1.0891 1.0889 1.0887 1.0885 1.0883 1.0881 1.088 1.0879 1.0879 1.088 1.0881 1.0882 1.0883 1.0885 1.0886 1.0886 1.0887 1.0888 1.0889 1.0889 1.0889 1.0888 1.0891 1.0894 1.0897 1.0894 1.0892 1.0892 1.0894 1.0896 1.0901 1.0906 1.0909 1.0911 1.0914 1.092 1.0926 1.0929 1.0932 1.0934 1.0933 1.0931 1.0934 1.0939 1.0943 1.0944 1.0945 1.0952 1.096 1.0966 1.0967 1.0968 1.0964 1.0959 1.0958 1.0968 1.0977 1.0986 1.0995 1.1004 1.1012 1.1021 1.1031 1.1042 1.1051 1.1043 1.1033 1.1042 1.1054 1.1065 1.1075 1.1083 1.109 1.1096 1.1103 1.1111 1.1118 1.1129 1.1142 1.1156 1.1176 1.1211 1.1265 1.1343 1.1459 1.1654 1.203 
284.5 1.0908 1.0908 1.0907 1.0907 1.0906 1.0905 1.0904 1.0903 1.0901 1.09 1.0898 1.0896 1.0894 1.0892 1.089 1.0887 1.0885 1.0883 1.0882 1.088 1.088 1.088 1.088 1.0882 1.0883 1.0885 1.0886 1.0888 1.0888 1.0888 1.0889 1.089 1.0891 1.0891 1.0891 1.0893 1.0897 1.0899 1.0895 1.0892 1.0892 1.0895 1.0898 1.0903 1.0908 1.091 1.0912 1.0914 1.092 1.0926 1.093 1.0935 1.0937 1.0936 1.0934 1.0937 1.0942 1.0946 1.0947 1.0948 1.0955 1.0964 1.097 1.097 1.097 1.0965 1.0958 1.0957 1.0966 1.0975 1.0984 1.0993 1.1002 1.1011 1.1021 1.1031 1.1042 1.1053 1.1043 1.103 1.1041 1.1054 1.1065 1.1075 1.1082 1.1089 1.1096 1.1102 1.111 1.1119 1.1128 1.1141 1.1155 1.1176 1.121 1.1265 1.1344 1.146 1.1655 1.2032 
285 1.0908 1.0908 1.0907 1.0907 1.0906 1.0905 1.0904 1.0903 1.0902 1.09 1.0899 1.0897 1.0895 1.0893 1.0891 1.0889 1.0887 1.0885 1.0883 1.0882 1.0882 1.0882 1.0882 1.0883 1.0885 1.0886 1.0888 1.0889 1.0889 1.0889 1.0889 1.089 1.0891 1.0892 1.0893 1.0893 1.0895 1.0895 1.0893 1.0891 1.0893 1.0896 1.0899 1.0902 1.0906 1.0909 1.0911 1.0914 1.0919 1.0924 1.0929 1.0933 1.0936 1.0935 1.0934 1.0938 1.0943 1.0947 1.0946 1.0946 1.095 1.0956 1.0961 1.0966 1.0971 1.0965 1.0957 1.0955 1.0966 1.0977 1.0986 1.0994 1.1002 1.101 1.1018 1.1028 1.1039 1.105 1.1046 1.104 1.105 1.1063 1.1074 1.1085 1.1087 1.1087 1.1095 1.1102 1.1109 1.1116 1.1127 1.114 1.1154 1.1175 1.121 1.1264 1.1343 1.1459 1.1654 1.203 
285.5 1.0908 1.0908 1.0907 1.0907 1.0906 1.0905 1.0904 1.0903 1.0902 1.0901 1.09 1.0898 1.0896 1.0894 1.0893 1.0891 1.0889 1.0887 1.0885 1.0884 1.0883 1.0884 1.0884 1.0885 1.0887 1.0888 1.089 1.0891 1.089 1.0889 1.089 1.0891 1.0892 1.0893 1.0895 1.0894 1.0892 1.0891 1.0891 1.089 1.0893 1.0896 1.09 1.0902 1.0904 1.0907 1.0911 1.0914 1.0918 1.0922 1.0927 1.0932 1.0936 1.0934 1.0933 1.0938 1.0944 1.0947 1.0946 1.0944 1.0945 1.0947 1.0952 1.0962 1.0972 1.0965 1.0955 1.0953 1.0966 1.098 1.0988 1.0995 1.1002 1.1009 1.1016 1.1026 1.1036 1.1047 1.1049 1.1049 1.106 1.1071 1.1083 1.1096 1.1091 1.1086 1.1093 1.1102 1.1108 1.1114 1.1127 1.114 1.1154 1.1174 1.1209 1.1264 1.1342 1.1459 1.1653 1.2028 
286 1.0908 1.0908 1.0907 1.0907 1.0906 1.0906 1.0905 1.0904 1.0903 1.0902 1.09 1.0899 1.0897 1.0896 1.0894 1.0892 1.089 1.0889 1.0887 1.0886 1.0885 1.0885 1.0886 1.0887 1.0888 1.089 1.0891 1.0892 1.0891 1.089 1.089 1.0891 1.0892 1.0894 1.0897 1.0895 1.089 1.0887 1.0889 1.089 1.0893 1.0897 1.0901 1.0902 1.0903 1.0906 1.091 1.0914 1.0917 1.092 1.0925 1.0931 1.0935 1.0934 1.0933 1.0938 1.0945 1.0948 1.0945 1.0942 1.094 1.0939 1.0943 1.0958 1.0973 1.0966 1.0954 1.0951 1.0967 1.0982 1.099 1.0996 1.1002 1.1008 1.1013 1.1023 1.1033 1.1044 1.1052 1.1059 1.1069 1.108 1.1093 1.1106 1.1096 1.1084 1.1092 1.1102 1.1107 1.1111 1.1126 1.1139 1.1153 1.1173 1.1208 1.1263 1.1342 1.1458 1.1652 1.2026 
286.5 1.0908 1.0908 1.0908 1.0907 1.0907 1.0906 1.0905 1.0904 1.0903 1.0902 1.0901 1.09 1.0898 1.0897 1.0895 1.0893 1.0892 1.089 1.0889 1.0887 1.0887 1.0887 1.0887 1.0888 1.0889 1.0891 1.0892 1.0893 1.0892 1.089 1.089 1.0891 1.0892 1.0895 1.0897 1.0895 1.089 1.0886 1.0888 1.089 1.0894 1.0898 1.0902 1.0902 1.0902 1.0906 1.0911 1.0915 1.0918 1.0921 1.0926 1.0932 1.0936 1.0934 1.0932 1.0937 1.0943 1.0948 1.0945 1.0942 1.0939 1.0936 1.0939 1.0956 1.0972 1.0966 1.0955 1.0953 1.0968 1.0983 1.0991 1.0997 1.1003 1.1009 1.1015 1.1023 1.1032 1.1042 1.1052 1.1061 1.1072 1.1083 1.1094 1.1105 1.1095 1.1083 1.1092 1.1102 1.1105 1.1108 1.1125 1.1139 1.1153 1.1173 1.1208 1.1263 1.1342 1.1458 1.1652 1.2026 
287 1.0909 1.0909 1.0908 1.0908 1.0907 1.0907 1.0906 1.0905 1.0904 1.0903 1.0902 1.09 1.0899 1.0897 1.0896 1.0894 1.0893 1.0891 1.089 1.0889 1.0888 1.0888 1.0888 1.0889 1.089 1.0891 1.0892 1.0893 1.0892 1.089 1.0891 1.0892 1.0893 1.0894 1.0896 1.0894 1.089 1.0888 1.0889 1.0891 1.0895 1.0899 1.0903 1.0903 1.0904 1.0907 1.0913 1.0917 1.0921 1.0925 1.093 1.0936 1.0939 1.0934 1.093 1.0934 1.094 1.0945 1.0945 1.0945 1.0943 1.094 1.0942 1.0956 1.097 1.0967 1.0959 1.0959 1.0971 1.0983 1.0991 1.0999 1.1006 1.1014 1.1022 1.1027 1.1032 1.1041 1.1048 1.1056 1.1067 1.1078 1.1085 1.1091 1.1087 1.1083 1.1092 1.1103 1.1103 1.1104 1.1123 1.1138 1.1153 1.1173 1.1209 1.1264 1.1342 1.1458 1.1652 1.2026 
287.5 1.091 1.0909 1.0909 1.0908 1.0908 1.0907 1.0906 1.0906 1.0905 1.0904 1.0902 1.0901 1.09 1.0898 1.0897 1.0895 1.0893 1.0892 1.0891 1.089 1.089 1.0889 1.0889 1.089 1.089 1.0891 1.0892 1.0893 1.0892 1.0891 1.0891 1.0892 1.0893 1.0894 1.0895 1.0893 1.0891 1.0889 1.0891 1.0892 1.0896 1.09 1.0904 1.0904 1.0905 1.0909 1.0914 1.0919 1.0924 1.0929 1.0934 1.094 1.0942 1.0935 1.0928 1.0931 1.0937 1.0942 1.0945 1.0948 1.0946 1.0943 1.0945 1.0956 1.0968 1.0967 1.0963 1.0964 1.0974 1.0984 1.0992 1.1 1.1009 1.1019 1.1029 1.1031 1.1032 1.1039 1.1045 1.105 1.1062 1.1074 1.1076 1.1077 1.108 1.1082 1.1092 1.1103 1.1102 1.11 1.1122 1.1138 1.1153 1.1174 1.121 1.1265 1.1343 1.1459 1.1652 1.2027 
288 1.091 1.091 1.091 1.0909 1.0909 1.0908 1.0907 1.0906 1.0905 1.0904 1.0903 1.0902 1.09 1.0899 1.0897 1.0896 1.0894 1.0893 1.0892 1.0891 1.0891 1.0891 1.0891 1.0891 1.0891 1.0891 1.0892 1.0893 1.0892 1.0891 1.0891 1.0893 1.0894 1.0894 1.0894 1.0893 1.0892 1.0891 1.0892 1.0893 1.0897 1.0901 1.0905 1.0906 1.0906 1.091 1.0916 1.0921 1.0927 1.0933 1.0939 1.0944 1.0945 1.0935 1.0926 1.0928 1.0934 1.094 1.0945 1.095 1.0949 1.0946 1.0947 1.0957 1.0966 1.0968 1.0968 1.097 1.0977 1.0984 1.0992 1.1001 1.1012 1.1024 1.1036 1.1035 1.1033 1.1038 1.1041 1.1045 1.1057 1.107 1.1067 1.1064 1.1072 1.1082 1.1093 1.1103 1.11 1.1096 1.112 1.1138 1.1153 1.1175 1.1211 1.1265 1.1344 1.1459 1.1653 1.2028 
288.5 1.0911 1.0911 1.091 1.091 1.0909 1.0908 1.0908 1.0907 1.0906 1.0905 1.0903 1.0902 1.09 1.0899 1.0897 1.0895 1.0894 1.0892 1.0891 1.089 1.089 1.089 1.0889 1.089 1.089 1.0891 1.0891 1.0892 1.0891 1.089 1.089 1.089 1.0891 1.0891 1.0891 1.0891 1.0891 1.0891 1.0893 1.0894 1.0899 1.0904 1.0908 1.0908 1.0909 1.0911 1.0915 1.0919 1.0926 1.0932 1.0936 1.0939 1.094 1.0933 1.0926 1.093 1.0936 1.0942 1.0949 1.0955 1.0952 1.0947 1.0946 1.0955 1.0963 1.0967 1.0969 1.0973 1.098 1.0986 1.0994 1.1002 1.1012 1.1024 1.1036 1.1035 1.1033 1.1037 1.1041 1.1045 1.1057 1.1069 1.1067 1.1064 1.1074 1.1086 1.1095 1.1104 1.1102 1.11 1.1122 1.1139 1.1154 1.1176 1.1212 1.1267 1.1345 1.146 1.1653 1.2028 
289 1.0912 1.0911 1.0911 1.091 1.091 1.0909 1.0908 1.0907 1.0906 1.0905 1.0903 1.0901 1.09 1.0898 1.0896 1.0894 1.0892 1.089 1.0889 1.0888 1.0888 1.0887 1.0887 1.0888 1.0888 1.0889 1.089 1.0891 1.089 1.0889 1.0887 1.0886 1.0885 1.0887 1.0888 1.0888 1.0889 1.089 1.0892 1.0895 1.0901 1.0907 1.0912 1.0912 1.0912 1.0912 1.0912 1.0914 1.0922 1.0929 1.0931 1.0932 1.0931 1.093 1.0928 1.0933 1.094 1.0947 1.0954 1.0961 1.0956 1.0947 1.0943 1.0952 1.096 1.0965 1.097 1.0975 1.0982 1.0989 1.0996 1.1003 1.1011 1.1022 1.1032 1.1033 1.1032 1.1037 1.1043 1.1048 1.1059 1.1069 1.1071 1.1071 1.108 1.1091 1.1098 1.1105 1.1106 1.1107 1.1125 1.1141 1.1156 1.1178 1.1214 1.1269 1.1346 1.1461 1.1654 1.2028 
289.5 1.0912 1.0912 1.0911 1.0911 1.091 1.0909 1.0908 1.0907 1.0906 1.0904 1.0903 1.0901 1.0899 1.0897 1.0895 1.0893 1.0891 1.0889 1.0887 1.0886 1.0885 1.0885 1.0885 1.0886 1.0887 1.0888 1.0889 1.089 1.0889 1.0887 1.0885 1.0882 1.088 1.0882 1.0884 1.0886 1.0887 1.0888 1.0892 1.0896 1.0903 1.0911 1.0917 1.0916 1.0915 1.0913 1.091 1.091 1.0918 1.0926 1.0926 1.0924 1.0923 1.0926 1.0929 1.0936 1.0944 1.0952 1.0959 1.0967 1.0959 1.0946 1.094 1.0949 1.0957 1.0964 1.097 1.0977 1.0985 1.0992 1.0998 1.1004 1.1011 1.102 1.1028 1.1031 1.1032 1.1037 1.1044 1.1051 1.1061 1.107 1.1074 1.1078 1.1086 1.1096 1.1101 1.1105 1.111 1.1114 1.1129 1.1143 1.1159 1.118 1.1216 1.1271 1.1348 1.1462 1.1655 1.2027 
290 1.0913 1.0912 1.0912 1.0911 1.0911 1.091 1.0909 1.0907 1.0906 1.0904 1.0903 1.0901 1.0899 1.0896 1.0894 1.0892 1.0889 1.0887 1.0885 1.0884 1.0883 1.0883 1.0883 1.0884 1.0885 1.0886 1.0888 1.0889 1.0887 1.0886 1.0882 1.0878 1.0875 1.0878 1.0881 1.0883 1.0885 1.0887 1.0892 1.0897 1.0905 1.0914 1.0921 1.0919 1.0918 1.0913 1.0908 1.0905 1.0914 1.0922 1.0921 1.0916 1.0915 1.0923 1.0931 1.0939 1.0948 1.0956 1.0965 1.0973 1.0962 1.0946 1.0937 1.0946 1.0955 1.0963 1.0971 1.0979 1.0987 1.0996 1.1001 1.1005 1.101 1.1018 1.1025 1.1029 1.1032 1.1037 1.1046 1.1054 1.1063 1.1071 1.1078 1.1084 1.1092 1.1101 1.1104 1.1106 1.1113 1.1122 1.1132 1.1146 1.1161 1.1182 1.1218 1.1272 1.135 1.1464 1.1655 1.2027 
290.5 1.0913 1.0913 1.0912 1.0912 1.0911 1.091 1.0909 1.0908 1.0907 1.0905 1.0904 1.0902 1.09 1.0898 1.0895 1.0893 1.0891 1.0889 1.0887 1.0885 1.0885 1.0884 1.0884 1.0885 1.0887 1.0888 1.0888 1.0888 1.0887 1.0886 1.0884 1.0882 1.088 1.0883 1.0885 1.0887 1.0889 1.0891 1.0894 1.0896 1.0902 1.0911 1.0917 1.0916 1.0914 1.0912 1.0909 1.0908 1.0913 1.0918 1.0919 1.092 1.0921 1.0923 1.0925 1.0932 1.094 1.0949 1.0961 1.0974 1.0967 1.0956 1.0949 1.0953 1.0958 1.0963 1.097 1.0977 1.0985 1.0993 1.0999 1.1004 1.1011 1.1019 1.1028 1.1031 1.1033 1.1034 1.1045 1.1057 1.1062 1.1067 1.1076 1.1087 1.1092 1.1098 1.11 1.1102 1.111 1.1119 1.113 1.1144 1.1158 1.118 1.1216 1.127 1.1348 1.1462 1.1654 1.2027 
291 1.0914 1.0914 1.0913 1.0912 1.0912 1.0911 1.091 1.0909 1.0908 1.0906 1.0905 1.0903 1.0901 1.0899 1.0897 1.0895 1.0893 1.089 1.0889 1.0887 1.0886 1.0886 1.0886 1.0887 1.0889 1.0889 1.0888 1.0888 1.0887 1.0887 1.0887 1.0887 1.0887 1.0888 1.089 1.0892 1.0894 1.0896 1.0895 1.0895 1.09 1.0907 1.0913 1.0912 1.091 1.091 1.0911 1.0912 1.0913 1.0913 1.0918 1.0925 1.0929 1.0924 1.092 1.0924 1.093 1.094 1.0957 1.0974 1.0973 1.0967 1.0963 1.0962 1.0961 1.0964 1.0968 1.0974 1.0982 1.099 1.0997 1.1004 1.1012 1.1022 1.1032 1.1033 1.1033 1.103 1.1044 1.106 1.1062 1.1062 1.1075 1.1089 1.1092 1.1094 1.1096 1.1098 1.1107 1.1116 1.1128 1.1141 1.1156 1.1177 1.1213 1.1267 1.1345 1.146 1.1653 1.2026 
291.5 1.0914 1.0914 1.0913 1.0913 1.0912 1.0912 1.0911 1.091 1.0909 1.0907 1.0906 1.0904 1.0902 1.09 1.0898 1.0896 1.0894 1.0892 1.0891 1.0889 1.0888 1.0888 1.0888 1.0889 1.089 1.089 1.0888 1.0887 1.0888 1.0888 1.089 1.0891 1.0893 1.0894 1.0895 1.0897 1.0899 1.0901 1.0897 1.0893 1.0897 1.0904 1.0909 1.0907 1.0906 1.0909 1.0913 1.0916 1.0912 1.0909 1.0917 1.093 1.0936 1.0925 1.0914 1.0916 1.0921 1.0931 1.0953 1.0974 1.0978 1.0978 1.0976 1.097 1.0964 1.0965 1.0967 1.0971 1.0979 1.0988 1.0995 1.1003 1.1012 1.1024 1.1035 1.1035 1.1033 1.1027 1.1043 1.1062 1.1061 1.1058 1.1073 1.1091 1.1091 1.1091 1.1092 1.1093 1.1103 1.1114 1.1126 1.1139 1.1154 1.1175 1.121 1.1264 1.1343 1.1458 1.1651 1.2026 
292 1.0915 1.0914 1.0914 1.0913 1.0913 1.0912 1.0911 1.091 1.0909 1.0908 1.0907 1.0905 1.0903 1.0902 1.09 1.0898 1.0896 1.0894 1.0892 1.0891 1.089 1.0889 1.0889 1.089 1.0892 1.0891 1.0888 1.0886 1.0887 1.0889 1.0891 1.0895 1.0898 1.0898 1.0899 1.09 1.0903 1.0904 1.0898 1.0892 1.0894 1.0901 1.0905 1.0903 1.0902 1.0907 1.0914 1.0919 1.0912 1.0905 1.0916 1.0934 1.0942 1.0926 1.0909 1.0909 1.0915 1.0925 1.0948 1.0972 1.0981 1.0986 1.0987 1.0977 1.0967 1.0966 1.0967 1.097 1.0977 1.0985 1.0993 1.1002 1.1013 1.1025 1.1038 1.1037 1.1035 1.1025 1.1044 1.1066 1.1062 1.1055 1.1073 1.1093 1.1092 1.1088 1.1089 1.1091 1.1101 1.1112 1.1125 1.1138 1.1152 1.1173 1.1208 1.1262 1.1341 1.1456 1.165 1.2026 
292.5 1.0915 1.0915 1.0914 1.0914 1.0913 1.0912 1.0911 1.0911 1.0909 1.0908 1.0907 1.0905 1.0904 1.0902 1.09 1.0898 1.0896 1.0894 1.0892 1.089 1.0889 1.0889 1.0888 1.089 1.0891 1.089 1.0888 1.0885 1.0886 1.0887 1.0889 1.0891 1.0893 1.0894 1.0895 1.0896 1.0898 1.0899 1.0893 1.0888 1.0892 1.0899 1.0904 1.09 1.0897 1.0902 1.0912 1.0917 1.091 1.0903 1.0914 1.0931 1.0939 1.0924 1.0909 1.0913 1.0922 1.0932 1.0945 1.0958 1.0968 1.0976 1.098 1.0973 1.0966 1.0968 1.0971 1.0975 1.0978 1.0982 1.0991 1.1001 1.1012 1.1024 1.1036 1.1039 1.1041 1.1035 1.1053 1.1073 1.1069 1.1061 1.1078 1.1097 1.1096 1.1093 1.1095 1.1099 1.1109 1.112 1.1131 1.1142 1.1155 1.1175 1.121 1.1264 1.1342 1.1457 1.1651 1.2025 
293 1.0915 1.0915 1.0914 1.0914 1.0913 1.0912 1.0912 1.0911 1.091 1.0908 1.0907 1.0905 1.0904 1.0902 1.09 1.0898 1.0896 1.0894 1.0892 1.089 1.0889 1.0888 1.0887 1.0889 1.089 1.0889 1.0887 1.0885 1.0885 1.0885 1.0886 1.0887 1.0888 1.0889 1.0891 1.0892 1.0893 1.0893 1.0889 1.0885 1.0889 1.0898 1.0903 1.0897 1.0892 1.0898 1.0909 1.0915 1.0908 1.09 1.0911 1.0928 1.0936 1.0923 1.0909 1.0916 1.093 1.094 1.0942 1.0945 1.0955 1.0966 1.0973 1.0969 1.0964 1.0969 1.0976 1.098 1.0979 1.0978 1.0988 1.0999 1.1011 1.1022 1.1033 1.1041 1.1048 1.1044 1.1061 1.1081 1.1075 1.1067 1.1083 1.1102 1.11 1.1097 1.1101 1.1107 1.1117 1.1128 1.1136 1.1146 1.1158 1.1177 1.1212 1.1266 1.1344 1.1458 1.1651 1.2024 
293.5 1.0915 1.0915 1.0914 1.0914 1.0913 1.0913 1.0912 1.0911 1.091 1.0908 1.0907 1.0906 1.0904 1.0902 1.09 1.0898 1.0896 1.0894 1.0891 1.0889 1.0888 1.0887 1.0887 1.0888 1.0889 1.0888 1.0886 1.0884 1.0884 1.0883 1.0883 1.0883 1.0883 1.0885 1.0887 1.0888 1.0888 1.0888 1.0885 1.0882 1.0887 1.0896 1.0902 1.0894 1.0887 1.0894 1.0906 1.0913 1.0906 1.0898 1.0908 1.0925 1.0933 1.0921 1.0909 1.092 1.0937 1.0947 1.0939 1.0931 1.0942 1.0957 1.0966 1.0965 1.0963 1.0971 1.098 1.0985 1.098 1.0975 1.0985 1.0998 1.1009 1.102 1.103 1.1042 1.1055 1.1054 1.107 1.1089 1.1082 1.1073 1.1088 1.1106 1.1104 1.1101 1.1107 1.1115 1.1125 1.1136 1.1142 1.115 1.1161 1.118 1.1214 1.1267 1.1345 1.146 1.1651 1.2022 
294 1.0914 1.0914 1.0914 1.0913 1.0913 1.0912 1.0911 1.091 1.0909 1.0908 1.0907 1.0905 1.0903 1.0902 1.09 1.0898 1.0895 1.0893 1.0891 1.0888 1.0887 1.0886 1.0885 1.0886 1.0887 1.0887 1.0884 1.0882 1.0882 1.0881 1.0881 1.088 1.0879 1.0882 1.0884 1.0885 1.0885 1.0885 1.0883 1.0881 1.0886 1.0895 1.09 1.0893 1.0886 1.0893 1.0905 1.0913 1.0905 1.0898 1.0907 1.0922 1.0931 1.0921 1.0911 1.0923 1.0941 1.095 1.0938 1.0925 1.0935 1.095 1.0961 1.0961 1.0962 1.0971 1.0983 1.0988 1.0982 1.0976 1.0986 1.0999 1.101 1.1019 1.1027 1.1041 1.1056 1.1058 1.1073 1.109 1.1085 1.1077 1.1091 1.1107 1.1106 1.1105 1.1112 1.1119 1.113 1.114 1.1146 1.1153 1.1164 1.1182 1.1215 1.1269 1.1346 1.146 1.1651 1.202 
294.5 1.0913 1.0912 1.0912 1.0911 1.0911 1.091 1.0909 1.0908 1.0907 1.0906 1.0905 1.0903 1.0902 1.09 1.0898 1.0896 1.0894 1.0891 1.0889 1.0887 1.0885 1.0884 1.0883 1.0883 1.0884 1.0883 1.0881 1.088 1.0879 1.0879 1.0879 1.0879 1.0879 1.0881 1.0882 1.0884 1.0885 1.0886 1.0886 1.0885 1.0889 1.0895 1.0899 1.0896 1.0892 1.0898 1.0907 1.0913 1.0907 1.0902 1.0909 1.0921 1.0928 1.0923 1.0918 1.0926 1.0938 1.0945 1.0939 1.0932 1.0939 1.0949 1.0957 1.0959 1.0961 1.097 1.0981 1.0987 1.0985 1.0983 1.0993 1.1005 1.1014 1.1019 1.1023 1.1036 1.1049 1.1053 1.1067 1.1082 1.108 1.1077 1.109 1.1103 1.1105 1.1107 1.1113 1.112 1.1129 1.1139 1.1146 1.1155 1.1166 1.1184 1.1218 1.127 1.1346 1.1459 1.1649 1.2017 
295 1.0911 1.0911 1.091 1.091 1.0909 1.0908 1.0908 1.0907 1.0906 1.0904 1.0903 1.0901 1.09 1.0898 1.0896 1.0894 1.0892 1.0889 1.0887 1.0885 1.0883 1.0882 1.088 1.088 1.088 1.088 1.0878 1.0877 1.0877 1.0877 1.0877 1.0878 1.0879 1.088 1.0881 1.0883 1.0885 1.0887 1.0888 1.0889 1.0892 1.0895 1.0898 1.0898 1.0898 1.0903 1.091 1.0913 1.091 1.0906 1.0911 1.092 1.0926 1.0925 1.0925 1.093 1.0936 1.094 1.0939 1.0939 1.0943 1.0949 1.0953 1.0957 1.0961 1.0969 1.0979 1.0986 1.0988 1.099 1.1 1.1011 1.1018 1.1019 1.1019 1.103 1.1042 1.1049 1.106 1.1073 1.1076 1.1078 1.1088 1.1099 1.1104 1.1109 1.1114 1.112 1.1128 1.1137 1.1146 1.1156 1.1168 1.1187 1.122 1.1272 1.1347 1.1459 1.1647 1.2013 
295.5 1.0909 1.0909 1.0908 1.0908 1.0907 1.0907 1.0906 1.0905 1.0904 1.0903 1.0901 1.09 1.0898 1.0896 1.0894 1.0892 1.089 1.0888 1.0885 1.0883 1.0881 1.0879 1.0878 1.0877 1.0877 1.0876 1.0875 1.0874 1.0874 1.0874 1.0875 1.0877 1.0878 1.0879 1.0879 1.0882 1.0885 1.0888 1.089 1.0893 1.0894 1.0895 1.0897 1.0901 1.0905 1.0908 1.0912 1.0914 1.0912 1.0909 1.0913 1.0918 1.0924 1.0928 1.0932 1.0933 1.0933 1.0935 1.094 1.0946 1.0947 1.0948 1.095 1.0955 1.096 1.0969 1.0978 1.0986 1.0991 1.0997 1.1007 1.1017 1.1022 1.1019 1.1016 1.1025 1.1035 1.1044 1.1054 1.1064 1.1072 1.1079 1.1087 1.1095 1.1103 1.1111 1.1115 1.112 1.1128 1.1136 1.1146 1.1157 1.117 1.1189 1.1222 1.1273 1.1347 1.1458 1.1645 1.201 
296 1.0909 1.0909 1.0908 1.0908 1.0907 1.0906 1.0906 1.0905 1.0904 1.0902 1.0901 1.0899 1.0898 1.0896 1.0894 1.0892 1.089 1.0888 1.0886 1.0884 1.0882 1.088 1.0879 1.0878 1.0878 1.0878 1.0877 1.0877 1.0877 1.0877 1.0878 1.088 1.0881 1.0882 1.0882 1.0885 1.0888 1.0891 1.0894 1.0896 1.0897 1.0899 1.09 1.0904 1.0908 1.0911 1.0913 1.0915 1.0914 1.0912 1.0916 1.0921 1.0926 1.0929 1.0933 1.0934 1.0933 1.0935 1.0942 1.0949 1.095 1.0951 1.0952 1.0955 1.0958 1.0967 1.0978 1.0986 1.099 1.0994 1.1005 1.1017 1.1022 1.1016 1.101 1.102 1.1032 1.1043 1.1049 1.1055 1.1065 1.1077 1.1083 1.1088 1.1098 1.1107 1.1113 1.1117 1.1125 1.1134 1.1144 1.1155 1.1168 1.1187 1.1221 1.1272 1.1346 1.1458 1.1646 1.2011 
296.5 1.091 1.0909 1.0909 1.0908 1.0908 1.0907 1.0906 1.0905 1.0904 1.0903 1.0902 1.09 1.0899 1.0897 1.0895 1.0893 1.0891 1.0889 1.0887 1.0885 1.0884 1.0883 1.0882 1.0882 1.0883 1.0883 1.0882 1.0882 1.0883 1.0884 1.0884 1.0885 1.0886 1.0887 1.0888 1.089 1.0893 1.0896 1.0898 1.0899 1.0901 1.0903 1.0906 1.0908 1.0909 1.0912 1.0914 1.0916 1.0915 1.0914 1.0919 1.0926 1.0931 1.0931 1.093 1.0932 1.0935 1.0938 1.0944 1.0949 1.0953 1.0956 1.0958 1.0956 1.0955 1.0965 1.0979 1.0987 1.0986 1.0985 1.0998 1.1013 1.102 1.1012 1.1004 1.1016 1.1031 1.1045 1.1046 1.1045 1.1058 1.1073 1.1077 1.1079 1.109 1.11 1.1107 1.1113 1.1122 1.1131 1.114 1.1151 1.1164 1.1183 1.1216 1.1268 1.1344 1.1457 1.1647 1.2017 
297 1.091 1.091 1.091 1.0909 1.0909 1.0908 1.0907 1.0906 1.0905 1.0904 1.0902 1.0901 1.0899 1.0898 1.0896 1.0894 1.0892 1.089 1.0889 1.0887 1.0886 1.0885 1.0885 1.0886 1.0887 1.0888 1.0888 1.0888 1.0889 1.089 1.089 1.089 1.0891 1.0892 1.0894 1.0896 1.0899 1.0901 1.0901 1.0902 1.0905 1.0908 1.0911 1.0911 1.0911 1.0913 1.0916 1.0918 1.0917 1.0917 1.0923 1.0931 1.0936 1.0932 1.0928 1.0931 1.0937 1.0942 1.0946 1.0949 1.0955 1.0961 1.0963 1.0957 1.0951 1.0964 1.098 1.0988 1.0982 1.0976 1.099 1.1009 1.1017 1.1007 1.0998 1.1012 1.103 1.1047 1.1042 1.1035 1.1051 1.1069 1.1071 1.1071 1.1081 1.1093 1.1101 1.1109 1.1119 1.1128 1.1137 1.1147 1.116 1.1178 1.1212 1.1265 1.1342 1.1457 1.1649 1.2022 
297.5 1.0911 1.0911 1.091 1.091 1.0909 1.0908 1.0908 1.0907 1.0906 1.0905 1.0903 1.0902 1.09 1.0899 1.0897 1.0895 1.0893 1.0892 1.089 1.0889 1.0888 1.0888 1.0888 1.089 1.0892 1.0893 1.0893 1.0893 1.0895 1.0897 1.0897 1.0896 1.0895 1.0898 1.09 1.0902 1.0904 1.0906 1.0905 1.0905 1.0908 1.0913 1.0917 1.0915 1.0913 1.0914 1.0917 1.0919 1.0919 1.0919 1.0926 1.0936 1.0941 1.0933 1.0926 1.093 1.0939 1.0945 1.0948 1.095 1.0958 1.0966 1.0969 1.0959 1.0948 1.0962 1.0981 1.0989 1.0978 1.0967 1.0983 1.1005 1.1014 1.1003 1.0991 1.1008 1.1029 1.1049 1.1039 1.1025 1.1043 1.1065 1.1064 1.1062 1.1073 1.1086 1.1096 1.1105 1.1115 1.1126 1.1134 1.1144 1.1155 1.1174 1.1208 1.1262 1.1341 1.1457 1.1651 1.2028 
298 1.0911 1.0911 1.091 1.091 1.0909 1.0909 1.0908 1.0907 1.0906 1.0905 1.0903 1.0902 1.09 1.0899 1.0897 1.0895 1.0893 1.0892 1.0891 1.089 1.0889 1.0889 1.0889 1.0891 1.0893 1.0894 1.0895 1.0895 1.0896 1.0898 1.0899 1.0898 1.0899 1.0899 1.09 1.0902 1.0904 1.0906 1.0905 1.0905 1.0908 1.0914 1.0918 1.0916 1.0913 1.0916 1.0921 1.0924 1.092 1.0917 1.0923 1.0933 1.0938 1.0934 1.093 1.0935 1.0944 1.095 1.095 1.095 1.0959 1.097 1.0974 1.0962 1.095 1.0965 1.0985 1.0994 1.098 1.0966 1.0981 1.1 1.101 1.1003 1.0996 1.1011 1.103 1.1046 1.1039 1.1029 1.1045 1.1065 1.1066 1.1066 1.1074 1.1083 1.1093 1.1104 1.1111 1.1118 1.1129 1.114 1.1153 1.1172 1.1206 1.1261 1.134 1.1456 1.1651 1.2029 
298.5 1.0911 1.0911 1.091 1.091 1.0909 1.0908 1.0908 1.0907 1.0906 1.0904 1.0903 1.0902 1.09 1.0898 1.0897 1.0895 1.0893 1.0892 1.0891 1.089 1.089 1.089 1.089 1.0892 1.0894 1.0895 1.0895 1.0896 1.0897 1.0898 1.09 1.0901 1.0901 1.09 1.0899 1.09 1.0904 1.0906 1.0905 1.0903 1.0908 1.0914 1.0919 1.0916 1.0913 1.0918 1.0925 1.0929 1.0922 1.0914 1.0919 1.0928 1.0935 1.0935 1.0935 1.0941 1.0949 1.0954 1.0952 1.0949 1.096 1.0973 1.0978 1.0965 1.0952 1.0969 1.0991 1.1 1.0983 1.0967 1.0979 1.0995 1.1005 1.1004 1.1002 1.1016 1.1031 1.1042 1.1039 1.1035 1.1049 1.1065 1.1069 1.1072 1.1076 1.108 1.1091 1.1103 1.1106 1.1109 1.1124 1.1137 1.115 1.117 1.1206 1.1261 1.134 1.1456 1.1651 1.2028 
299 1.0911 1.0911 1.091 1.091 1.0909 1.0908 1.0907 1.0906 1.0905 1.0904 1.0903 1.0901 1.09 1.0898 1.0897 1.0895 1.0894 1.0892 1.0891 1.089 1.089 1.089 1.0891 1.0893 1.0895 1.0896 1.0896 1.0896 1.0898 1.0899 1.0901 1.0903 1.0904 1.0901 1.0897 1.0899 1.0903 1.0906 1.0904 1.0902 1.0907 1.0914 1.0919 1.0917 1.0914 1.092 1.093 1.0935 1.0923 1.0911 1.0914 1.0923 1.0931 1.0936 1.0941 1.0947 1.0955 1.0958 1.0954 1.0949 1.0961 1.0976 1.0983 1.0969 1.0955 1.0972 1.0996 1.1005 1.0987 1.0968 1.0977 1.099 1.1 1.1005 1.1009 1.102 1.1033 1.1038 1.104 1.1042 1.1053 1.1066 1.1073 1.1079 1.1079 1.1078 1.1089 1.1102 1.1101 1.11 1.1119 1.1134 1.1148 1.1169 1.1205 1.126 1.134 1.1456 1.165 1.2028 
299.5 1.0911 1.0911 1.091 1.0909 1.0909 1.0908 1.0907 1.0906 1.0905 1.0904 1.0903 1.0901 1.09 1.0898 1.0896 1.0895 1.0894 1.0892 1.0891 1.0891 1.0891 1.0891 1.0892 1.0894 1.0896 1.0897 1.0897 1.0897 1.0898 1.0899 1.0901 1.0904 1.0906 1.0901 1.0896 1.0898 1.0902 1.0906 1.0904 1.0901 1.0906 1.0914 1.092 1.0917 1.0914 1.0922 1.0934 1.094 1.0924 1.0908 1.0911 1.092 1.0928 1.0937 1.0946 1.0953 1.0959 1.0962 1.0956 1.0949 1.0962 1.0979 1.0987 1.0972 1.0958 1.0976 1.1001 1.101 1.099 1.097 1.0976 1.0986 1.0996 1.1006 1.1015 1.1025 1.1034 1.1034 1.1041 1.1048 1.1057 1.1066 1.1075 1.1084 1.1081 1.1076 1.1088 1.1101 1.1097 1.1092 1.1115 1.1131 1.1146 1.1167 1.1204 1.126 1.1339 1.1456 1.165 1.2028 
300 1.091 1.091 1.091 1.0909 1.0908 1.0908 1.0907 1.0906 1.0905 1.0903 1.0902 1.09 1.0899 1.0897 1.0896 1.0894 1.0892 1.0891 1.089 1.0889 1.0888 1.0888 1.0889 1.089 1.0892 1.0893 1.0893 1.0893 1.0894 1.0894 1.0896 1.0899 1.0901 1.0896 1.0892 1.0893 1.0897 1.09 1.0899 1.0897 1.0902 1.0909 1.0915 1.0913 1.0912 1.092 1.093 1.0936 1.0925 1.0915 1.0919 1.0926 1.0933 1.0938 1.0942 1.0948 1.0955 1.0959 1.0956 1.0954 1.0965 1.098 1.0986 1.0975 1.0963 1.0978 1.0998 1.1006 1.0991 1.0976 1.0982 1.0992 1.1001 1.1009 1.1017 1.1027 1.1037 1.1034 1.104 1.1049 1.1058 1.1067 1.1069 1.1069 1.1076 1.1083 1.1094 1.1105 1.1102 1.1099 1.1118 1.1133 1.1148 1.1169 1.1205 1.1261 1.134 1.1456 1.1651 1.2029 
300.5 1.091 1.091 1.0909 1.0908 1.0908 1.0907 1.0906 1.0905 1.0904 1.0903 1.0901 1.09 1.0898 1.0897 1.0895 1.0893 1.0891 1.089 1.0888 1.0887 1.0886 1.0886 1.0886 1.0887 1.0888 1.0889 1.0889 1.089 1.089 1.089 1.0892 1.0894 1.0895 1.0892 1.0888 1.0889 1.0891 1.0894 1.0894 1.0894 1.0898 1.0905 1.091 1.091 1.0911 1.0917 1.0926 1.0932 1.0927 1.0922 1.0926 1.0933 1.0938 1.0939 1.0939 1.0944 1.0951 1.0956 1.0957 1.0958 1.0968 1.098 1.0986 1.0977 1.0968 1.098 1.0995 1.1002 1.0992 1.0982 1.0988 1.0997 1.1006 1.1012 1.1018 1.1029 1.104 1.1034 1.104 1.1049 1.1059 1.1068 1.1062 1.1054 1.1071 1.109 1.11 1.1109 1.1108 1.1106 1.1122 1.1136 1.115 1.117 1.1206 1.1262 1.1341 1.1457 1.1652 1.203 
301 1.0909 1.0909 1.0909 1.0908 1.0907 1.0907 1.0906 1.0905 1.0903 1.0902 1.0901 1.0899 1.0898 1.0896 1.0894 1.0892 1.089 1.0888 1.0887 1.0885 1.0884 1.0883 1.0883 1.0883 1.0884 1.0884 1.0885 1.0886 1.0886 1.0886 1.0887 1.0889 1.089 1.0887 1.0884 1.0884 1.0886 1.0887 1.0889 1.089 1.0894 1.09 1.0905 1.0907 1.0909 1.0915 1.0922 1.0928 1.0929 1.0929 1.0934 1.094 1.0943 1.0939 1.0935 1.094 1.0947 1.0953 1.0958 1.0963 1.0972 1.0981 1.0985 1.0979 1.0973 1.0981 1.0993 1.0998 1.0993 1.0988 1.0995 1.1003 1.101 1.1015 1.102 1.1031 1.1043 1.1033 1.104 1.1049 1.1059 1.1069 1.1055 1.1039 1.1066 1.1096 1.1105 1.1113 1.1113 1.1113 1.1126 1.1138 1.1152 1.1172 1.1207 1.1262 1.1341 1.1458 1.1653 1.2031 
301.5 1.0909 1.0909 1.0908 1.0907 1.0907 1.0906 1.0905 1.0904 1.0903 1.0902 1.09 1.0899 1.0897 1.0895 1.0893 1.0892 1.0889 1.0887 1.0885 1.0884 1.0882 1.0881 1.088 1.088 1.0881 1.0881 1.0882 1.0883 1.0882 1.0882 1.0883 1.0884 1.0885 1.0883 1.0881 1.0881 1.0881 1.0882 1.0884 1.0887 1.0891 1.0896 1.09 1.0904 1.0907 1.0912 1.0918 1.0923 1.0928 1.0933 1.0938 1.0943 1.0945 1.0939 1.0932 1.0937 1.0944 1.095 1.0957 1.0964 1.0971 1.0978 1.0982 1.0979 1.0977 1.0983 1.0991 1.0996 1.0995 1.0995 1.1001 1.1009 1.1015 1.1019 1.1022 1.1034 1.1046 1.1035 1.1042 1.1051 1.1061 1.1071 1.1054 1.1034 1.1066 1.1103 1.111 1.1114 1.1116 1.1118 1.1128 1.114 1.1153 1.1173 1.1208 1.1263 1.1342 1.1458 1.1653 1.2031 
302 1.0908 1.0908 1.0907 1.0907 1.0906 1.0905 1.0904 1.0903 1.0902 1.0901 1.0899 1.0898 1.0896 1.0895 1.0893 1.0891 1.0889 1.0887 1.0885 1.0883 1.0882 1.0881 1.088 1.088 1.088 1.088 1.088 1.0881 1.0881 1.088 1.0881 1.0882 1.0882 1.0881 1.088 1.088 1.0879 1.0879 1.0882 1.0885 1.0889 1.0893 1.0897 1.0901 1.0905 1.0909 1.0913 1.0917 1.0922 1.0926 1.093 1.0934 1.0937 1.0934 1.0932 1.0936 1.0943 1.0949 1.0952 1.0955 1.0959 1.0964 1.0969 1.0973 1.0977 1.0984 1.0992 1.0998 1.1 1.1003 1.1009 1.1015 1.1021 1.1024 1.1027 1.1038 1.1049 1.1044 1.1049 1.1056 1.1066 1.1075 1.1065 1.1053 1.1079 1.1109 1.111 1.1109 1.1113 1.1118 1.1129 1.114 1.1153 1.1174 1.1209 1.1263 1.1341 1.1457 1.165 1.2027 
302.5 1.0907 1.0907 1.0907 1.0906 1.0905 1.0905 1.0904 1.0903 1.0902 1.09 1.0899 1.0897 1.0896 1.0894 1.0892 1.089 1.0888 1.0886 1.0884 1.0882 1.0881 1.088 1.0879 1.0879 1.0879 1.0879 1.0879 1.0879 1.0879 1.0879 1.0879 1.0879 1.0879 1.0879 1.088 1.0878 1.0877 1.0876 1.0879 1.0883 1.0887 1.089 1.0894 1.0898 1.0902 1.0905 1.0907 1.091 1.0915 1.092 1.0923 1.0926 1.0928 1.093 1.0931 1.0936 1.0943 1.0947 1.0946 1.0946 1.0948 1.0951 1.0957 1.0967 1.0976 1.0985 1.0993 1.1 1.1005 1.101 1.1016 1.1021 1.1026 1.1029 1.1033 1.1042 1.1053 1.1052 1.1057 1.1062 1.1071 1.108 1.1077 1.1072 1.1092 1.1115 1.111 1.1103 1.111 1.1118 1.1129 1.114 1.1154 1.1174 1.1209 1.1263 1.1341 1.1456 1.1648 1.2023 
303 1.0907 1.0906 1.0906 1.0905 1.0905 1.0904 1.0903 1.0902 1.0901 1.09 1.0898 1.0897 1.0895 1.0893 1.0891 1.0889 1.0887 1.0885 1.0883 1.0882 1.088 1.0879 1.0878 1.0879 1.0879 1.0878 1.0877 1.0877 1.0877 1.0877 1.0877 1.0876 1.0875 1.0877 1.0879 1.0877 1.0874 1.0873 1.0877 1.0881 1.0884 1.0888 1.0891 1.0895 1.09 1.0901 1.0902 1.0903 1.0909 1.0914 1.0916 1.0918 1.092 1.0925 1.093 1.0936 1.0942 1.0945 1.0941 1.0937 1.0937 1.0938 1.0944 1.096 1.0976 1.0986 1.0994 1.1002 1.101 1.1018 1.1023 1.1028 1.1032 1.1035 1.1038 1.1046 1.1056 1.1061 1.1064 1.1068 1.1076 1.1084 1.1088 1.1091 1.1105 1.112 1.111 1.1098 1.1107 1.1118 1.1129 1.114 1.1154 1.1174 1.1209 1.1263 1.134 1.1455 1.1646 1.2018 
303.5 1.0907 1.0906 1.0906 1.0905 1.0905 1.0904 1.0903 1.0902 1.0901 1.09 1.0898 1.0897 1.0895 1.0893 1.0891 1.0889 1.0887 1.0885 1.0883 1.0882 1.0881 1.088 1.0879 1.0879 1.088 1.0879 1.0878 1.0877 1.0878 1.0878 1.0878 1.0877 1.0876 1.0878 1.0881 1.0879 1.0876 1.0875 1.0879 1.0884 1.0887 1.089 1.0893 1.0896 1.09 1.0901 1.0902 1.0903 1.0909 1.0914 1.0916 1.0917 1.0919 1.0926 1.0933 1.0939 1.0943 1.0945 1.0941 1.0937 1.0935 1.0935 1.094 1.0957 1.0974 1.0983 1.0991 1.0998 1.1006 1.1014 1.1019 1.1024 1.1029 1.1032 1.1036 1.1045 1.1054 1.1062 1.1065 1.1069 1.1077 1.1085 1.1092 1.1099 1.111 1.1122 1.111 1.1097 1.1107 1.1119 1.113 1.1142 1.1155 1.1176 1.1211 1.1264 1.1341 1.1455 1.1646 1.2017 
304 1.0907 1.0907 1.0907 1.0906 1.0905 1.0905 1.0904 1.0903 1.0902 1.09 1.0899 1.0897 1.0895 1.0894 1.0892 1.089 1.0887 1.0885 1.0884 1.0882 1.0882 1.0881 1.0881 1.0882 1.0883 1.0882 1.0882 1.0881 1.0882 1.0883 1.0882 1.0881 1.0881 1.0883 1.0885 1.0884 1.0882 1.0881 1.0886 1.0891 1.0894 1.0896 1.0898 1.09 1.0902 1.0904 1.0906 1.0909 1.0915 1.0921 1.0922 1.0922 1.0924 1.0932 1.094 1.0944 1.0946 1.0947 1.0946 1.0946 1.0943 1.094 1.0943 1.0957 1.0971 1.0978 1.0983 1.0989 1.0994 1.0999 1.1005 1.1012 1.1018 1.1023 1.1028 1.1037 1.1047 1.1055 1.1061 1.1066 1.1075 1.1083 1.1091 1.1098 1.1108 1.1119 1.111 1.11 1.111 1.1121 1.1133 1.1145 1.1158 1.1178 1.1213 1.1266 1.1344 1.1457 1.1648 1.202 
304.5 1.0908 1.0908 1.0907 1.0907 1.0906 1.0905 1.0904 1.0903 1.0902 1.0901 1.0899 1.0898 1.0896 1.0894 1.0892 1.089 1.0888 1.0886 1.0884 1.0883 1.0883 1.0882 1.0882 1.0884 1.0885 1.0886 1.0885 1.0885 1.0886 1.0887 1.0886 1.0886 1.0885 1.0887 1.0889 1.0889 1.0888 1.0888 1.0893 1.0898 1.09 1.0902 1.0904 1.0904 1.0905 1.0907 1.091 1.0914 1.0921 1.0927 1.0928 1.0928 1.093 1.0938 1.0947 1.0948 1.0948 1.0949 1.0952 1.0954 1.0951 1.0945 1.0945 1.0956 1.0967 1.0972 1.0976 1.0979 1.0981 1.0984 1.0991 1.0999 1.1007 1.1013 1.102 1.103 1.1041 1.1049 1.1056 1.1063 1.1072 1.1082 1.1089 1.1096 1.1106 1.1116 1.111 1.1103 1.1113 1.1124 1.1136 1.1147 1.116 1.118 1.1215 1.1268 1.1346 1.146 1.1651 1.2022 
305 1.0909 1.0909 1.0908 1.0907 1.0907 1.0906 1.0905 1.0904 1.0903 1.0901 1.09 1.0898 1.0896 1.0894 1.0892 1.089 1.0888 1.0886 1.0885 1.0884 1.0884 1.0884 1.0884 1.0886 1.0888 1.0889 1.0889 1.0889 1.089 1.0891 1.0891 1.089 1.089 1.0892 1.0893 1.0894 1.0894 1.0895 1.09 1.0904 1.0907 1.0909 1.091 1.0909 1.0907 1.091 1.0915 1.092 1.0927 1.0934 1.0935 1.0933 1.0935 1.0944 1.0954 1.0953 1.095 1.095 1.0957 1.0963 1.0958 1.0951 1.0948 1.0956 1.0964 1.0967 1.0968 1.097 1.0969 1.0969 1.0977 1.0986 1.0996 1.1004 1.1012 1.1023 1.1034 1.1043 1.1052 1.106 1.107 1.108 1.1087 1.1095 1.1104 1.1113 1.111 1.1106 1.1116 1.1127 1.1138 1.115 1.1162 1.1182 1.1217 1.1271 1.1348 1.1462 1.1653 1.2025 
305.5 1.0908 1.0908 1.0908 1.0907 1.0906 1.0906 1.0905 1.0904 1.0902 1.0901 1.0899 1.0898 1.0896 1.0894 1.0892 1.089 1.0888 1.0886 1.0885 1.0884 1.0883 1.0883 1.0884 1.0886 1.0888 1.0888 1.0888 1.0889 1.089 1.0891 1.0891 1.089 1.089 1.0892 1.0894 1.0895 1.0895 1.0896 1.0901 1.0906 1.0908 1.0908 1.0909 1.0909 1.0909 1.0912 1.0915 1.092 1.0928 1.0935 1.0935 1.0932 1.0933 1.0943 1.0952 1.0953 1.095 1.0951 1.0958 1.0965 1.0962 1.0957 1.0954 1.0959 1.0964 1.0967 1.097 1.0972 1.0973 1.0974 1.0979 1.0985 1.0993 1.1003 1.1013 1.1021 1.103 1.1042 1.1049 1.1055 1.1066 1.1078 1.1083 1.1087 1.1096 1.1106 1.1106 1.1106 1.1114 1.1122 1.1135 1.1148 1.1161 1.1181 1.1216 1.127 1.1347 1.1462 1.1653 1.2026 
306 1.0908 1.0907 1.0907 1.0906 1.0906 1.0905 1.0904 1.0903 1.0902 1.09 1.0899 1.0897 1.0895 1.0893 1.0891 1.0889 1.0887 1.0886 1.0884 1.0883 1.0883 1.0883 1.0883 1.0884 1.0886 1.0887 1.0887 1.0887 1.0888 1.0889 1.0889 1.0889 1.089 1.0892 1.0894 1.0895 1.0895 1.0895 1.0901 1.0906 1.0907 1.0906 1.0905 1.0908 1.091 1.0913 1.0915 1.0919 1.0927 1.0935 1.0933 1.0929 1.0928 1.0938 1.0948 1.095 1.0949 1.095 1.0958 1.0965 1.0965 1.0963 1.0962 1.0963 1.0965 1.0969 1.0974 1.0979 1.0983 1.0987 1.0988 1.0988 1.0993 1.1005 1.1018 1.1022 1.1026 1.1042 1.1047 1.105 1.1062 1.1076 1.1077 1.1077 1.1087 1.1097 1.1101 1.1105 1.111 1.1115 1.1131 1.1144 1.1158 1.1178 1.1214 1.1268 1.1346 1.1461 1.1653 1.2027 
306.5 1.0907 1.0907 1.0906 1.0905 1.0905 1.0904 1.0903 1.0902 1.0901 1.09 1.0898 1.0896 1.0895 1.0893 1.0891 1.0889 1.0887 1.0885 1.0884 1.0882 1.0882 1.0882 1.0882 1.0883 1.0884 1.0885 1.0886 1.0886 1.0887 1.0888 1.0888 1.0888 1.0889 1.0891 1.0894 1.0895 1.0894 1.0895 1.0901 1.0906 1.0906 1.0903 1.0902 1.0907 1.0912 1.0914 1.0915 1.0918 1.0926 1.0934 1.0931 1.0925 1.0924 1.0934 1.0944 1.0947 1.0948 1.095 1.0957 1.0964 1.0967 1.0969 1.097 1.0968 1.0966 1.0972 1.0979 1.0986 1.0993 1.1 1.0996 1.0991 1.0993 1.1008 1.1022 1.1023 1.1021 1.1043 1.1045 1.1044 1.1058 1.1074 1.1071 1.1067 1.1077 1.1088 1.1096 1.1104 1.1106 1.1107 1.1126 1.1141 1.1155 1.1176 1.1212 1.1266 1.1344 1.1459 1.1652 1.2028 
307 1.0906 1.0906 1.0905 1.0905 1.0904 1.0903 1.0902 1.0901 1.09 1.0899 1.0897 1.0896 1.0894 1.0892 1.089 1.0888 1.0886 1.0885 1.0883 1.0882 1.0881 1.0881 1.0881 1.0882 1.0883 1.0883 1.0884 1.0885 1.0885 1.0886 1.0887 1.0887 1.0888 1.0891 1.0894 1.0894 1.0894 1.0894 1.09 1.0906 1.0905 1.0901 1.0899 1.0906 1.0913 1.0915 1.0914 1.0916 1.0925 1.0933 1.093 1.0922 1.0919 1.093 1.094 1.0944 1.0947 1.095 1.0957 1.0963 1.0969 1.0975 1.0977 1.0972 1.0967 1.0974 1.0983 1.0993 1.1003 1.1013 1.1005 1.0994 1.0993 1.101 1.1027 1.1024 1.1017 1.1043 1.1043 1.1039 1.1054 1.1072 1.1066 1.1057 1.1068 1.1079 1.1091 1.1103 1.1102 1.11 1.1121 1.1137 1.1152 1.1173 1.1209 1.1264 1.1343 1.1458 1.1652 1.2029 
307.5 1.0907 1.0907 1.0906 1.0906 1.0905 1.0904 1.0903 1.0902 1.0901 1.09 1.0898 1.0897 1.0895 1.0893 1.0891 1.0889 1.0887 1.0886 1.0884 1.0883 1.0882 1.0882 1.0882 1.0883 1.0883 1.0884 1.0885 1.0886 1.0885 1.0884 1.0884 1.0885 1.0886 1.0889 1.0891 1.0892 1.0893 1.0894 1.09 1.0905 1.0903 1.0899 1.0896 1.0901 1.0906 1.091 1.0912 1.0916 1.0925 1.0934 1.093 1.0923 1.0919 1.093 1.0941 1.0943 1.0944 1.0947 1.0957 1.0967 1.0969 1.097 1.0971 1.0973 1.0976 1.0981 1.0986 1.0993 1.1001 1.101 1.1005 1.0998 1.0998 1.1011 1.1024 1.1024 1.1021 1.1042 1.1043 1.1042 1.1055 1.107 1.1068 1.1064 1.1073 1.1084 1.1093 1.1102 1.1101 1.11 1.1121 1.1137 1.1152 1.1173 1.1209 1.1264 1.1342 1.1458 1.1652 1.203 
308 1.0908 1.0908 1.0907 1.0907 1.0906 1.0905 1.0904 1.0903 1.0902 1.0901 1.0899 1.0898 1.0896 1.0894 1.0892 1.089 1.0888 1.0886 1.0885 1.0884 1.0883 1.0883 1.0884 1.0883 1.0883 1.0885 1.0887 1.0888 1.0885 1.0882 1.0882 1.0883 1.0885 1.0887 1.0889 1.089 1.0892 1.0894 1.0899 1.0904 1.0902 1.0897 1.0894 1.0897 1.09 1.0904 1.091 1.0917 1.0926 1.0935 1.0931 1.0923 1.092 1.0931 1.0942 1.0943 1.0941 1.0944 1.0957 1.097 1.0969 1.0964 1.0964 1.0974 1.0985 1.0988 1.0989 1.0992 1.0999 1.1007 1.1005 1.1002 1.1003 1.1012 1.1022 1.1024 1.1024 1.1042 1.1044 1.1045 1.1056 1.1068 1.107 1.1071 1.108 1.1089 1.1094 1.11 1.1101 1.1101 1.1122 1.1137 1.1152 1.1173 1.1209 1.1263 1.1342 1.1458 1.1652 1.203 
308.5 1.0909 1.0909 1.0908 1.0908 1.0907 1.0906 1.0905 1.0904 1.0903 1.0902 1.09 1.0899 1.0897 1.0895 1.0893 1.0891 1.0889 1.0887 1.0886 1.0885 1.0884 1.0885 1.0885 1.0884 1.0884 1.0885 1.0888 1.089 1.0885 1.088 1.0879 1.0882 1.0884 1.0885 1.0886 1.0888 1.0891 1.0894 1.0898 1.0902 1.09 1.0895 1.0892 1.0892 1.0893 1.0899 1.0908 1.0917 1.0926 1.0936 1.0932 1.0924 1.0921 1.0932 1.0942 1.0942 1.0938 1.094 1.0957 1.0973 1.0968 1.0958 1.0957 1.0976 1.0994 1.0995 1.0992 1.0992 1.0998 1.1003 1.1005 1.1006 1.1008 1.1014 1.1019 1.1024 1.1028 1.1041 1.1045 1.1048 1.1057 1.1066 1.1072 1.1078 1.1086 1.1094 1.1096 1.1098 1.11 1.1102 1.1122 1.1137 1.1152 1.1172 1.1208 1.1263 1.1342 1.1458 1.1653 1.2031 
309 1.091 1.0909 1.0909 1.0908 1.0908 1.0907 1.0906 1.0905 1.0904 1.0902 1.0901 1.0899 1.0898 1.0896 1.0894 1.0892 1.089 1.0888 1.0886 1.0885 1.0885 1.0885 1.0886 1.0885 1.0884 1.0886 1.0889 1.0891 1.0885 1.0878 1.0878 1.0881 1.0883 1.0883 1.0883 1.0886 1.089 1.0894 1.0898 1.0901 1.0899 1.0894 1.089 1.0889 1.0888 1.0895 1.0906 1.0916 1.0926 1.0936 1.0933 1.0925 1.0922 1.0932 1.0942 1.0941 1.0937 1.0939 1.0956 1.0974 1.0966 1.0953 1.0951 1.0975 1.0998 1.0998 1.0993 1.0991 1.0995 1.1 1.1004 1.1008 1.1012 1.1014 1.1017 1.1024 1.1031 1.104 1.1046 1.1051 1.1058 1.1065 1.1075 1.1084 1.1091 1.1098 1.1099 1.1101 1.1103 1.1104 1.1124 1.1139 1.1153 1.1173 1.1209 1.1263 1.1342 1.1458 1.1652 1.203 
309.5 1.0909 1.0908 1.0908 1.0907 1.0907 1.0906 1.0905 1.0904 1.0903 1.0901 1.09 1.0898 1.0897 1.0895 1.0893 1.0891 1.0889 1.0887 1.0885 1.0884 1.0884 1.0884 1.0884 1.0884 1.0884 1.0885 1.0888 1.0889 1.0885 1.088 1.088 1.0882 1.0884 1.0883 1.0883 1.0885 1.0889 1.0893 1.0897 1.0902 1.0899 1.0894 1.089 1.0892 1.0893 1.0898 1.0905 1.0913 1.0924 1.0934 1.0933 1.0928 1.0926 1.0932 1.0938 1.0941 1.0942 1.0946 1.0955 1.0964 1.0959 1.095 1.095 1.0968 1.0985 1.0987 1.0985 1.0986 1.099 1.0995 1.1 1.1006 1.1011 1.1014 1.1018 1.1026 1.1034 1.104 1.1046 1.1053 1.1061 1.1068 1.1077 1.1086 1.1092 1.1098 1.1111 1.1124 1.1118 1.1111 1.1131 1.1145 1.1159 1.1178 1.1212 1.1266 1.1343 1.1458 1.1651 1.2025 
310 1.0908 1.0907 1.0907 1.0906 1.0906 1.0905 1.0904 1.0903 1.0902 1.0901 1.0899 1.0897 1.0896 1.0894 1.0892 1.089 1.0888 1.0886 1.0885 1.0883 1.0883 1.0883 1.0883 1.0883 1.0883 1.0884 1.0886 1.0887 1.0884 1.0881 1.0882 1.0884 1.0886 1.0884 1.0882 1.0884 1.0887 1.0891 1.0896 1.0902 1.09 1.0894 1.0891 1.0894 1.0897 1.0901 1.0905 1.091 1.0921 1.0933 1.0934 1.0932 1.093 1.0932 1.0934 1.094 1.0948 1.0953 1.0954 1.0954 1.0951 1.0947 1.0948 1.096 1.0972 1.0976 1.0978 1.0981 1.0985 1.099 1.0996 1.1003 1.1009 1.1014 1.1019 1.1028 1.1037 1.104 1.1047 1.1055 1.1063 1.1071 1.108 1.1089 1.1094 1.1098 1.1122 1.1147 1.1134 1.1118 1.1138 1.1152 1.1165 1.1183 1.1216 1.1268 1.1345 1.1458 1.1649 1.2019 
310.5 1.0907 1.0906 1.0906 1.0905 1.0905 1.0904 1.0903 1.0902 1.0901 1.09 1.0898 1.0896 1.0895 1.0893 1.0891 1.0889 1.0887 1.0885 1.0884 1.0883 1.0882 1.0882 1.0882 1.0882 1.0883 1.0883 1.0885 1.0886 1.0884 1.0882 1.0883 1.0886 1.0887 1.0884 1.0881 1.0882 1.0886 1.0889 1.0896 1.0902 1.09 1.0895 1.0891 1.0896 1.0901 1.0903 1.0904 1.0907 1.0919 1.0931 1.0934 1.0935 1.0935 1.0932 1.0929 1.0939 1.0953 1.0961 1.0953 1.0945 1.0944 1.0944 1.0946 1.0953 1.0959 1.0965 1.097 1.0976 1.098 1.0985 1.0992 1.1 1.1008 1.1014 1.1021 1.103 1.1039 1.1039 1.1048 1.1057 1.1065 1.1073 1.1082 1.1091 1.1095 1.1098 1.1133 1.117 1.115 1.1125 1.1144 1.1158 1.117 1.1188 1.122 1.1271 1.1346 1.1458 1.1647 1.2014 
311 1.0907 1.0907 1.0906 1.0906 1.0905 1.0904 1.0903 1.0902 1.0901 1.09 1.0898 1.0897 1.0895 1.0893 1.0891 1.0889 1.0887 1.0885 1.0884 1.0883 1.0882 1.0882 1.0882 1.0882 1.0883 1.0884 1.0885 1.0886 1.0885 1.0884 1.0885 1.0887 1.0889 1.0885 1.0882 1.0883 1.0886 1.089 1.0897 1.0903 1.0901 1.0895 1.0892 1.0898 1.0905 1.0907 1.0907 1.0909 1.0919 1.0928 1.0933 1.0937 1.0938 1.0931 1.0924 1.0935 1.0952 1.0961 1.095 1.0939 1.0939 1.0943 1.0947 1.0952 1.0958 1.0965 1.0972 1.0979 1.0984 1.0989 1.0994 1.1 1.1007 1.1014 1.1021 1.1031 1.104 1.104 1.1048 1.1058 1.1066 1.1074 1.1083 1.1093 1.1095 1.1096 1.1133 1.1173 1.1153 1.1128 1.1147 1.1161 1.1173 1.119 1.1222 1.1272 1.1347 1.1458 1.1646 1.2012 
311.5 1.0909 1.0909 1.0908 1.0908 1.0907 1.0906 1.0905 1.0904 1.0903 1.0902 1.09 1.0899 1.0897 1.0895 1.0893 1.0891 1.0889 1.0888 1.0886 1.0885 1.0884 1.0884 1.0884 1.0885 1.0885 1.0886 1.0887 1.0888 1.0888 1.0887 1.0887 1.0889 1.089 1.0888 1.0886 1.0887 1.089 1.0894 1.09 1.0907 1.0904 1.0897 1.0893 1.09 1.0907 1.0911 1.0914 1.0917 1.0921 1.0925 1.0931 1.0937 1.0939 1.0928 1.0918 1.0927 1.0943 1.0952 1.0944 1.0937 1.0939 1.0943 1.095 1.096 1.0971 1.0979 1.0987 1.0994 1.0999 1.1005 1.1004 1.1003 1.1005 1.1013 1.1021 1.103 1.1038 1.1041 1.1048 1.1057 1.1065 1.1074 1.1083 1.1093 1.1092 1.109 1.1119 1.1149 1.1139 1.1125 1.1143 1.1158 1.117 1.1189 1.1221 1.1271 1.1346 1.1458 1.1646 1.2014 
312 1.0911 1.0911 1.091 1.0909 1.0909 1.0908 1.0907 1.0906 1.0905 1.0904 1.0902 1.0901 1.0899 1.0897 1.0895 1.0894 1.0892 1.089 1.0888 1.0887 1.0886 1.0886 1.0886 1.0887 1.0887 1.0889 1.089 1.0891 1.089 1.0889 1.089 1.089 1.0891 1.089 1.0889 1.0891 1.0894 1.0898 1.0904 1.091 1.0906 1.0898 1.0894 1.0901 1.0909 1.0916 1.0922 1.0926 1.0924 1.0922 1.0928 1.0938 1.0941 1.0926 1.0911 1.0919 1.0934 1.0943 1.0939 1.0935 1.0938 1.0944 1.0952 1.0968 1.0984 1.0993 1.1002 1.1009 1.1015 1.1021 1.1014 1.1006 1.1004 1.1013 1.1021 1.1029 1.1037 1.1042 1.1049 1.1056 1.1065 1.1073 1.1083 1.1093 1.1089 1.1084 1.1104 1.1125 1.1124 1.1122 1.114 1.1155 1.1168 1.1187 1.1219 1.127 1.1345 1.1457 1.1647 1.2016 
312.5 1.0913 1.0913 1.0912 1.0911 1.0911 1.091 1.0909 1.0908 1.0907 1.0906 1.0905 1.0903 1.0901 1.0899 1.0898 1.0896 1.0894 1.0892 1.089 1.0889 1.0888 1.0888 1.0888 1.0889 1.089 1.0891 1.0892 1.0894 1.0893 1.0892 1.0892 1.0892 1.0892 1.0892 1.0892 1.0895 1.0898 1.0902 1.0908 1.0913 1.0909 1.09 1.0895 1.0903 1.0911 1.092 1.0929 1.0934 1.0926 1.0918 1.0926 1.0938 1.0942 1.0924 1.0905 1.0911 1.0925 1.0934 1.0934 1.0933 1.0938 1.0944 1.0955 1.0976 1.0997 1.1008 1.1016 1.1024 1.103 1.1036 1.1024 1.1009 1.1003 1.1012 1.1021 1.1028 1.1035 1.1043 1.1049 1.1055 1.1064 1.1073 1.1083 1.1093 1.1087 1.1078 1.1089 1.1102 1.111 1.1119 1.1137 1.1152 1.1166 1.1185 1.1218 1.1269 1.1344 1.1457 1.1647 1.2018 
313 1.0912 1.0912 1.0911 1.0911 1.091 1.091 1.0909 1.0908 1.0907 1.0905 1.0904 1.0902 1.0901 1.0899 1.0897 1.0895 1.0893 1.0892 1.089 1.0889 1.0888 1.0888 1.0887 1.0888 1.0889 1.089 1.089 1.089 1.089 1.089 1.089 1.089 1.0891 1.0892 1.0893 1.0896 1.09 1.0904 1.0908 1.0913 1.0909 1.0902 1.0898 1.0906 1.0913 1.0922 1.0931 1.0936 1.0928 1.092 1.0927 1.094 1.0944 1.0926 1.0908 1.0912 1.0922 1.093 1.0935 1.0939 1.0943 1.0946 1.0955 1.0978 1.1 1.1008 1.1013 1.1019 1.1028 1.1037 1.1026 1.1013 1.1007 1.1015 1.1023 1.1028 1.1033 1.1042 1.1049 1.1055 1.1064 1.1073 1.1083 1.1093 1.1089 1.1083 1.1087 1.1092 1.1104 1.1116 1.1133 1.1148 1.1163 1.1183 1.1216 1.1268 1.1343 1.1457 1.1648 1.202 
313.5 1.091 1.091 1.091 1.0909 1.0908 1.0908 1.0907 1.0906 1.0905 1.0904 1.0902 1.0901 1.0899 1.0897 1.0895 1.0894 1.0892 1.089 1.0889 1.0887 1.0887 1.0886 1.0886 1.0886 1.0887 1.0886 1.0884 1.0883 1.0884 1.0885 1.0886 1.0887 1.0889 1.0891 1.0893 1.0896 1.09 1.0904 1.0907 1.0911 1.0909 1.0904 1.0902 1.0909 1.0915 1.0923 1.0931 1.0935 1.093 1.0924 1.0931 1.0942 1.0946 1.0931 1.0916 1.0917 1.0923 1.0929 1.0939 1.0949 1.095 1.0949 1.0954 1.0975 1.0996 1.1 1.1 1.1004 1.1016 1.1028 1.1024 1.1016 1.1014 1.1019 1.1025 1.1028 1.1031 1.104 1.1048 1.1055 1.1064 1.1073 1.1083 1.1093 1.1093 1.1093 1.1091 1.1089 1.11 1.1113 1.113 1.1145 1.116 1.118 1.1213 1.1266 1.1342 1.1456 1.1649 1.2023 
314 1.0908 1.0908 1.0908 1.0907 1.0907 1.0906 1.0905 1.0904 1.0903 1.0902 1.09 1.0899 1.0897 1.0896 1.0894 1.0892 1.089 1.0888 1.0887 1.0886 1.0885 1.0885 1.0884 1.0885 1.0885 1.0883 1.0879 1.0876 1.0878 1.088 1.0882 1.0885 1.0887 1.089 1.0893 1.0896 1.09 1.0904 1.0906 1.0909 1.0908 1.0907 1.0907 1.0912 1.0917 1.0923 1.093 1.0934 1.0931 1.0928 1.0935 1.0944 1.0948 1.0936 1.0925 1.0923 1.0923 1.0928 1.0944 1.0959 1.0957 1.0951 1.0953 1.0973 1.0992 1.0992 1.0987 1.0989 1.1005 1.102 1.1021 1.102 1.102 1.1024 1.1028 1.1029 1.103 1.1038 1.1047 1.1055 1.1064 1.1074 1.1083 1.1093 1.1098 1.1103 1.1095 1.1086 1.1097 1.111 1.1127 1.1142 1.1156 1.1176 1.1211 1.1264 1.1341 1.1456 1.165 1.2026 
314.5 1.0907 1.0906 1.0906 1.0905 1.0905 1.0904 1.0903 1.0902 1.0901 1.09 1.0898 1.0897 1.0895 1.0894 1.0892 1.089 1.0889 1.0887 1.0886 1.0884 1.0884 1.0883 1.0883 1.0883 1.0883 1.0879 1.0874 1.0869 1.0872 1.0875 1.0878 1.0882 1.0885 1.0889 1.0893 1.0896 1.0901 1.0904 1.0905 1.0906 1.0908 1.0909 1.0911 1.0915 1.0919 1.0924 1.0929 1.0934 1.0933 1.0933 1.0939 1.0947 1.095 1.0942 1.0933 1.0928 1.0924 1.0927 1.0948 1.0969 1.0965 1.0954 1.0952 1.097 1.0989 1.0984 1.0974 1.0974 1.0993 1.1012 1.1019 1.1023 1.1027 1.1029 1.103 1.1029 1.1028 1.1036 1.1046 1.1056 1.1065 1.1074 1.1083 1.1093 1.1103 1.1112 1.1099 1.1083 1.1094 1.1106 1.1124 1.1139 1.1153 1.1173 1.1208 1.1262 1.134 1.1456 1.1651 1.2029 
315 1.0906 1.0906 1.0905 1.0905 1.0904 1.0903 1.0903 1.0902 1.09 1.0899 1.0898 1.0896 1.0894 1.0893 1.0891 1.0889 1.0887 1.0885 1.0884 1.0882 1.0881 1.0881 1.088 1.088 1.088 1.0878 1.0873 1.087 1.0873 1.0875 1.0878 1.088 1.0883 1.0886 1.0888 1.0892 1.0896 1.09 1.0901 1.0903 1.0904 1.0904 1.0905 1.0909 1.0913 1.0918 1.0923 1.0927 1.0928 1.0929 1.0934 1.094 1.0944 1.0939 1.0933 1.093 1.0927 1.093 1.0948 1.0966 1.0963 1.0955 1.0954 1.0969 1.0985 1.0982 1.0975 1.0976 1.0992 1.1009 1.1017 1.1023 1.1027 1.1029 1.1031 1.1032 1.1032 1.1041 1.105 1.106 1.1069 1.1079 1.1074 1.1069 1.109 1.1114 1.1106 1.1096 1.1105 1.1115 1.113 1.1143 1.1157 1.1177 1.1211 1.1264 1.1342 1.1457 1.165 1.2025 
315.5 1.0906 1.0906 1.0905 1.0905 1.0904 1.0903 1.0902 1.0901 1.09 1.0899 1.0897 1.0895 1.0894 1.0892 1.089 1.0887 1.0885 1.0883 1.0882 1.088 1.0879 1.0878 1.0878 1.0878 1.0878 1.0876 1.0874 1.0872 1.0874 1.0876 1.0878 1.0879 1.0881 1.0882 1.0884 1.0887 1.0891 1.0894 1.0897 1.09 1.09 1.0898 1.0898 1.0902 1.0907 1.0911 1.0916 1.0919 1.0922 1.0924 1.0928 1.0933 1.0936 1.0934 1.0933 1.0931 1.093 1.0933 1.0947 1.0961 1.096 1.0956 1.0957 1.0969 1.0981 1.098 1.0977 1.0979 1.0993 1.1007 1.1015 1.1021 1.1027 1.1029 1.1032 1.1035 1.1038 1.1046 1.1055 1.1065 1.1074 1.1084 1.1064 1.1041 1.1076 1.1116 1.1115 1.1111 1.1117 1.1125 1.1136 1.1148 1.1161 1.1181 1.1215 1.1268 1.1344 1.1458 1.1648 1.202 
316 1.0906 1.0906 1.0905 1.0904 1.0904 1.0903 1.0902 1.0901 1.09 1.0898 1.0897 1.0895 1.0893 1.0891 1.0888 1.0886 1.0884 1.0882 1.088 1.0878 1.0877 1.0876 1.0875 1.0876 1.0876 1.0875 1.0874 1.0873 1.0875 1.0878 1.0878 1.0878 1.0879 1.0879 1.0879 1.0882 1.0885 1.0889 1.0893 1.0897 1.0896 1.0892 1.0891 1.0896 1.0901 1.0905 1.0908 1.0912 1.0915 1.0919 1.0922 1.0926 1.0929 1.093 1.0932 1.0933 1.0933 1.0937 1.0946 1.0956 1.0957 1.0957 1.0959 1.0968 1.0977 1.0979 1.0979 1.0983 1.0994 1.1004 1.1012 1.102 1.1026 1.1029 1.1032 1.1038 1.1044 1.1051 1.106 1.1069 1.1079 1.109 1.1054 1.1013 1.1061 1.1117 1.1123 1.1125 1.113 1.1135 1.1142 1.1153 1.1166 1.1185 1.1218 1.1271 1.1346 1.1458 1.1647 1.2015 
316.5 1.0906 1.0905 1.0905 1.0904 1.0904 1.0903 1.0902 1.0901 1.0899 1.0898 1.0896 1.0894 1.0892 1.089 1.0887 1.0885 1.0882 1.088 1.0878 1.0876 1.0875 1.0874 1.0873 1.0874 1.0874 1.0875 1.0875 1.0875 1.0877 1.0879 1.0879 1.0878 1.0877 1.0876 1.0876 1.0878 1.0881 1.0885 1.089 1.0895 1.0892 1.0887 1.0884 1.089 1.0895 1.0899 1.0902 1.0906 1.091 1.0915 1.0918 1.0919 1.0922 1.0927 1.0931 1.0934 1.0936 1.094 1.0947 1.0953 1.0956 1.0958 1.0962 1.0968 1.0974 1.0977 1.098 1.0985 1.0994 1.1002 1.101 1.1018 1.1024 1.1029 1.1033 1.104 1.1048 1.1056 1.1065 1.1073 1.1083 1.1093 1.1045 1.0991 1.1049 1.1117 1.1129 1.1137 1.114 1.1142 1.1147 1.1157 1.1169 1.1188 1.1222 1.1273 1.1348 1.1459 1.1646 1.2012 
317 1.0905 1.0905 1.0904 1.0904 1.0903 1.0902 1.0901 1.09 1.0899 1.0897 1.0896 1.0894 1.0892 1.089 1.0888 1.0885 1.0883 1.0882 1.088 1.0878 1.0877 1.0877 1.0876 1.0877 1.0878 1.0878 1.0877 1.0876 1.0878 1.0879 1.088 1.0881 1.0881 1.0881 1.0881 1.0883 1.0885 1.0888 1.0892 1.0896 1.0895 1.089 1.0888 1.0894 1.0899 1.0903 1.0907 1.0911 1.0916 1.0921 1.0922 1.0923 1.0925 1.0927 1.0929 1.0932 1.0936 1.0943 1.0958 1.0973 1.0971 1.0965 1.0963 1.0971 1.0978 1.0978 1.0977 1.098 1.0992 1.1004 1.1008 1.101 1.1015 1.1025 1.1034 1.1037 1.1039 1.1055 1.1062 1.1068 1.1074 1.1081 1.105 1.1014 1.106 1.1112 1.112 1.1125 1.1129 1.1132 1.1141 1.1152 1.1165 1.1184 1.1218 1.1271 1.1347 1.146 1.1649 1.2018 
317.5 1.0904 1.0904 1.0904 1.0903 1.0902 1.0902 1.0901 1.09 1.0898 1.0897 1.0895 1.0894 1.0892 1.089 1.0888 1.0886 1.0884 1.0883 1.0882 1.088 1.088 1.088 1.0879 1.0881 1.0882 1.0881 1.0879 1.0877 1.0879 1.088 1.0882 1.0883 1.0885 1.0886 1.0887 1.0888 1.0889 1.0891 1.0895 1.0898 1.0897 1.0893 1.0892 1.0897 1.0903 1.0908 1.0912 1.0916 1.0921 1.0926 1.0927 1.0927 1.0927 1.0927 1.0927 1.0931 1.0936 1.0946 1.0969 1.0992 1.0985 1.0971 1.0964 1.0973 1.0983 1.0979 1.0974 1.0975 1.099 1.1005 1.1005 1.1002 1.1006 1.1021 1.1036 1.1034 1.103 1.1055 1.106 1.1062 1.1065 1.1069 1.1054 1.1037 1.107 1.1108 1.1111 1.1113 1.1117 1.1123 1.1135 1.1147 1.116 1.118 1.1215 1.1269 1.1346 1.146 1.1651 1.2024 
318 1.0904 1.0904 1.0903 1.0902 1.0902 1.0901 1.09 1.0899 1.0898 1.0897 1.0895 1.0894 1.0892 1.089 1.0889 1.0887 1.0885 1.0884 1.0883 1.0882 1.0882 1.0882 1.0883 1.0884 1.0886 1.0885 1.0881 1.0878 1.0879 1.0881 1.0883 1.0886 1.0889 1.089 1.0892 1.0893 1.0893 1.0894 1.0897 1.09 1.0899 1.0896 1.0895 1.0901 1.0907 1.0912 1.0916 1.0921 1.0926 1.0932 1.0932 1.0931 1.093 1.0928 1.0925 1.0929 1.0935 1.0948 1.098 1.1012 1.1 1.0977 1.0965 1.0976 1.0987 1.098 1.097 1.097 1.0988 1.1007 1.1003 1.0995 1.0997 1.1017 1.1037 1.1031 1.1022 1.1054 1.1057 1.1057 1.1057 1.1057 1.1058 1.106 1.1081 1.1103 1.1103 1.11 1.1106 1.1113 1.1128 1.1141 1.1155 1.1175 1.1211 1.1267 1.1345 1.146 1.1654 1.203 
318.5 1.0904 1.0903 1.0903 1.0902 1.0902 1.0901 1.09 1.0899 1.0898 1.0897 1.0895 1.0894 1.0892 1.0891 1.0889 1.0888 1.0886 1.0885 1.0884 1.0884 1.0883 1.0884 1.0884 1.0886 1.0888 1.0886 1.0882 1.0879 1.088 1.0881 1.0884 1.0887 1.089 1.0892 1.0895 1.0895 1.0894 1.0894 1.0898 1.0901 1.09 1.0899 1.0898 1.0903 1.0908 1.0913 1.0918 1.0923 1.0928 1.0934 1.0934 1.0932 1.0931 1.0928 1.0925 1.0929 1.0934 1.0948 1.0983 1.1017 1.1005 1.0981 1.0969 1.0981 1.0994 1.0986 1.0975 1.0973 1.0991 1.1009 1.1002 1.099 1.0991 1.1014 1.1036 1.1029 1.1018 1.1055 1.1056 1.1053 1.105 1.1048 1.1061 1.1076 1.1087 1.1098 1.1097 1.1095 1.11 1.1105 1.1124 1.1138 1.1152 1.1172 1.1209 1.1265 1.1344 1.146 1.1655 1.2034 
319 1.0904 1.0904 1.0903 1.0903 1.0902 1.0901 1.0901 1.09 1.0898 1.0897 1.0896 1.0894 1.0893 1.0891 1.0889 1.0888 1.0886 1.0885 1.0884 1.0883 1.0883 1.0883 1.0883 1.0885 1.0886 1.0885 1.0882 1.088 1.0881 1.0882 1.0883 1.0885 1.0886 1.0889 1.0893 1.0893 1.0891 1.0891 1.0894 1.0898 1.0899 1.0899 1.09 1.0902 1.0904 1.0909 1.0914 1.0919 1.0924 1.0929 1.093 1.0928 1.0927 1.0927 1.0926 1.0929 1.0933 1.0943 1.0969 1.0995 1.0992 1.0981 1.0978 1.0992 1.1006 1.1002 1.0994 1.0993 1.1003 1.1014 1.1005 1.0993 1.0993 1.1012 1.1032 1.103 1.1025 1.1058 1.1057 1.1051 1.1049 1.1047 1.1063 1.108 1.1086 1.1091 1.1097 1.1103 1.1103 1.1103 1.1123 1.1138 1.1152 1.1172 1.1208 1.1263 1.1342 1.1459 1.1653 1.2032 
319.5 1.0905 1.0904 1.0904 1.0903 1.0903 1.0902 1.0901 1.09 1.0899 1.0898 1.0896 1.0895 1.0893 1.0892 1.089 1.0888 1.0886 1.0885 1.0884 1.0883 1.0882 1.0882 1.0881 1.0883 1.0885 1.0884 1.0882 1.088 1.0881 1.0882 1.0883 1.0882 1.0883 1.0887 1.089 1.089 1.0888 1.0887 1.0891 1.0895 1.0898 1.09 1.0901 1.0901 1.09 1.0904 1.0909 1.0915 1.092 1.0925 1.0925 1.0924 1.0923 1.0925 1.0928 1.093 1.0932 1.0938 1.0955 1.0972 1.0978 1.0981 1.0988 1.1003 1.1017 1.1017 1.1014 1.1012 1.1015 1.1018 1.1008 1.0996 1.0994 1.1011 1.1027 1.103 1.1032 1.1062 1.1058 1.105 1.1048 1.1046 1.1064 1.1084 1.1085 1.1084 1.1097 1.1111 1.1106 1.11 1.1123 1.1138 1.1152 1.1172 1.1207 1.1262 1.1341 1.1457 1.1652 1.2031 
320 1.0905 1.0905 1.0904 1.0904 1.0903 1.0903 1.0902 1.0901 1.09 1.0899 1.0897 1.0896 1.0894 1.0892 1.089 1.0888 1.0887 1.0885 1.0883 1.0882 1.0881 1.0881 1.088 1.0881 1.0883 1.0883 1.0882 1.0881 1.0882 1.0883 1.0882 1.088 1.0879 1.0884 1.0888 1.0887 1.0885 1.0883 1.0888 1.0893 1.0897 1.0901 1.0903 1.09 1.0896 1.0899 1.0905 1.091 1.0916 1.0921 1.0921 1.0919 1.092 1.0924 1.0929 1.093 1.0931 1.0933 1.0942 1.095 1.0965 1.0981 1.0998 1.1013 1.1029 1.1033 1.1033 1.1032 1.1027 1.1022 1.1011 1.0999 1.0996 1.1009 1.1023 1.1031 1.1038 1.1066 1.106 1.1049 1.1047 1.1045 1.1065 1.1087 1.1083 1.1077 1.1097 1.1119 1.1109 1.1098 1.1123 1.1139 1.1152 1.1172 1.1206 1.126 1.1339 1.1456 1.1651 1.203 
320.5 1.0906 1.0906 1.0905 1.0905 1.0904 1.0904 1.0903 1.0902 1.0901 1.0899 1.0898 1.0896 1.0895 1.0893 1.0891 1.0889 1.0887 1.0885 1.0883 1.0882 1.0881 1.088 1.088 1.0881 1.0882 1.0882 1.0882 1.0883 1.0883 1.0884 1.0883 1.088 1.0879 1.0884 1.0888 1.0888 1.0886 1.0884 1.0888 1.0891 1.0895 1.0899 1.0902 1.0898 1.0894 1.0897 1.0903 1.0908 1.0913 1.0918 1.0919 1.0918 1.0919 1.0924 1.093 1.0931 1.0931 1.0932 1.0937 1.0942 1.0958 1.0978 1.0996 1.1011 1.1026 1.1031 1.1035 1.1034 1.1025 1.1017 1.1009 1.1001 1.0999 1.1008 1.1017 1.1029 1.1041 1.1069 1.1062 1.1051 1.105 1.105 1.1069 1.109 1.1085 1.1077 1.1098 1.1121 1.1113 1.1103 1.1125 1.1141 1.1154 1.1174 1.1208 1.1262 1.1341 1.1456 1.1651 1.2029 
321 1.0907 1.0907 1.0907 1.0906 1.0906 1.0905 1.0904 1.0903 1.0902 1.09 1.0899 1.0897 1.0895 1.0893 1.0891 1.0889 1.0887 1.0885 1.0883 1.0882 1.0881 1.0881 1.088 1.0881 1.0882 1.0883 1.0884 1.0885 1.0885 1.0886 1.0884 1.0882 1.088 1.0886 1.0891 1.0892 1.089 1.0889 1.089 1.089 1.0893 1.0897 1.0899 1.0896 1.0893 1.0896 1.0902 1.0907 1.0912 1.0918 1.0919 1.0919 1.092 1.0926 1.0931 1.0932 1.0933 1.0935 1.094 1.0945 1.0957 1.0972 1.0986 1.0999 1.1012 1.1017 1.1022 1.1022 1.1012 1.1003 1.1002 1.1002 1.1004 1.1007 1.1011 1.1025 1.104 1.1073 1.1066 1.1055 1.1056 1.1059 1.1075 1.1093 1.1088 1.1082 1.1099 1.1118 1.1116 1.1112 1.1131 1.1145 1.1158 1.1178 1.1213 1.1266 1.1344 1.1459 1.1652 1.2029 
321.5 1.0909 1.0908 1.0908 1.0907 1.0907 1.0906 1.0905 1.0904 1.0903 1.0901 1.09 1.0898 1.0896 1.0894 1.0891 1.0889 1.0887 1.0885 1.0883 1.0882 1.0881 1.0881 1.0881 1.0881 1.0881 1.0883 1.0885 1.0887 1.0887 1.0888 1.0886 1.0883 1.0882 1.0888 1.0894 1.0895 1.0895 1.0894 1.0892 1.0889 1.0891 1.0894 1.0896 1.0894 1.0892 1.0896 1.0901 1.0906 1.0912 1.0917 1.0919 1.092 1.0922 1.0927 1.0932 1.0934 1.0935 1.0937 1.0942 1.0947 1.0956 1.0966 1.0976 1.0987 1.0997 1.1004 1.1009 1.101 1.1 1.0989 1.0995 1.1003 1.1008 1.1006 1.1005 1.1021 1.1039 1.1076 1.107 1.1059 1.1062 1.1068 1.1081 1.1095 1.1091 1.1087 1.11 1.1115 1.1119 1.1122 1.1136 1.1149 1.1162 1.1183 1.1217 1.1271 1.1348 1.1461 1.1653 1.2028 
322 1.091 1.091 1.0909 1.0908 1.0908 1.0907 1.0906 1.0905 1.0904 1.0902 1.09 1.0898 1.0896 1.0894 1.0892 1.0889 1.0887 1.0885 1.0883 1.0882 1.0881 1.0881 1.0881 1.0881 1.0881 1.0883 1.0886 1.0889 1.0889 1.089 1.0888 1.0885 1.0884 1.089 1.0897 1.0899 1.0899 1.0899 1.0894 1.0888 1.0889 1.0891 1.0893 1.0892 1.0891 1.0895 1.09 1.0905 1.0911 1.0916 1.0919 1.0921 1.0924 1.0928 1.0932 1.0935 1.0936 1.0939 1.0945 1.095 1.0955 1.096 1.0966 1.0974 1.0982 1.099 1.0997 1.0998 1.0987 1.0976 1.0988 1.1004 1.1012 1.1005 1.0999 1.1017 1.1038 1.108 1.1074 1.1063 1.1069 1.1077 1.1087 1.1097 1.1095 1.1091 1.1102 1.1113 1.1122 1.1132 1.1141 1.1153 1.1166 1.1187 1.1222 1.1275 1.1351 1.1464 1.1654 1.2027 
322.5 1.0911 1.0911 1.091 1.0909 1.0909 1.0908 1.0907 1.0906 1.0905 1.0903 1.0902 1.09 1.0898 1.0896 1.0894 1.0891 1.0889 1.0888 1.0886 1.0885 1.0884 1.0885 1.0885 1.0884 1.0884 1.0886 1.089 1.0893 1.0893 1.0893 1.0891 1.0888 1.0887 1.0893 1.0899 1.0901 1.0902 1.0902 1.0898 1.0894 1.0894 1.0894 1.0895 1.0895 1.0896 1.09 1.0905 1.091 1.0915 1.092 1.0923 1.0926 1.093 1.0935 1.094 1.0941 1.094 1.0941 1.0945 1.0948 1.0953 1.0957 1.0963 1.097 1.0978 1.0984 1.0989 1.0991 1.0984 1.0977 1.0988 1.1003 1.1011 1.1007 1.1002 1.1018 1.1038 1.107 1.1068 1.1061 1.1068 1.1077 1.1084 1.109 1.109 1.109 1.1099 1.111 1.112 1.1131 1.114 1.1151 1.1164 1.1185 1.1219 1.1272 1.1349 1.1462 1.1654 1.2029 
323 1.0912 1.0912 1.0911 1.091 1.091 1.0909 1.0908 1.0907 1.0906 1.0905 1.0903 1.0902 1.09 1.0898 1.0896 1.0894 1.0892 1.0891 1.089 1.0888 1.0888 1.0888 1.0889 1.0888 1.0888 1.089 1.0894 1.0896 1.0897 1.0897 1.0895 1.0892 1.0891 1.0896 1.0902 1.0904 1.0904 1.0904 1.0903 1.0902 1.0901 1.0899 1.0898 1.09 1.0901 1.0906 1.0911 1.0916 1.092 1.0924 1.0928 1.0933 1.0937 1.0943 1.0949 1.0948 1.0945 1.0943 1.0944 1.0945 1.0949 1.0955 1.0961 1.0968 1.0976 1.098 1.0984 1.0985 1.0984 1.0982 1.0991 1.1001 1.1008 1.1008 1.1008 1.1022 1.1037 1.1058 1.1059 1.1057 1.1066 1.1075 1.1078 1.108 1.1083 1.1087 1.1096 1.1106 1.1116 1.1127 1.1136 1.1148 1.1161 1.1181 1.1215 1.1268 1.1345 1.146 1.1654 1.203 
323.5 1.0913 1.0912 1.0912 1.0911 1.0911 1.091 1.0909 1.0908 1.0907 1.0906 1.0905 1.0903 1.0902 1.09 1.0899 1.0897 1.0895 1.0894 1.0893 1.0892 1.0892 1.0892 1.0893 1.0892 1.0892 1.0894 1.0897 1.09 1.0901 1.0901 1.0899 1.0896 1.0894 1.0899 1.0905 1.0906 1.0906 1.0906 1.0908 1.091 1.0908 1.0904 1.0901 1.0904 1.0907 1.0911 1.0917 1.0922 1.0925 1.0928 1.0933 1.0939 1.0945 1.0951 1.0958 1.0955 1.0949 1.0944 1.0943 1.0942 1.0946 1.0952 1.0959 1.0967 1.0974 1.0977 1.0978 1.098 1.0983 1.0987 1.0993 1.1 1.1006 1.101 1.1014 1.1025 1.1037 1.1045 1.105 1.1054 1.1063 1.1073 1.1072 1.107 1.1077 1.1084 1.1093 1.1103 1.1113 1.1123 1.1133 1.1145 1.1158 1.1177 1.1211 1.1264 1.1342 1.1458 1.1653 1.2032 
324 1.0914 1.0913 1.0913 1.0912 1.0912 1.0911 1.091 1.091 1.0909 1.0908 1.0906 1.0905 1.0904 1.0902 1.0901 1.0899 1.0898 1.0897 1.0896 1.0896 1.0896 1.0896 1.0896 1.0896 1.0896 1.0898 1.0901 1.0904 1.0904 1.0905 1.0903 1.09 1.0898 1.0902 1.0907 1.0908 1.0907 1.0908 1.0913 1.0918 1.0915 1.0909 1.0904 1.0908 1.0912 1.0917 1.0923 1.0928 1.0931 1.0933 1.0938 1.0945 1.0952 1.0959 1.0967 1.0962 1.0953 1.0946 1.0942 1.0938 1.0943 1.095 1.0957 1.0965 1.0972 1.0973 1.0972 1.0974 1.0983 1.0992 1.0995 1.0998 1.1003 1.1012 1.102 1.1028 1.1036 1.1033 1.1041 1.1051 1.1061 1.1071 1.1067 1.1061 1.107 1.1081 1.109 1.11 1.1109 1.1118 1.113 1.1142 1.1154 1.1174 1.1207 1.1259 1.1338 1.1455 1.1652 1.2034 
324.5 1.0911 1.0911 1.0911 1.091 1.091 1.0909 1.0908 1.0907 1.0906 1.0905 1.0904 1.0902 1.0901 1.0899 1.0898 1.0896 1.0895 1.0894 1.0893 1.0892 1.0892 1.0892 1.0893 1.0893 1.0894 1.0895 1.0898 1.09 1.0901 1.0902 1.09 1.0897 1.0895 1.0899 1.0903 1.0904 1.0904 1.0906 1.0911 1.0916 1.0914 1.0908 1.0904 1.0908 1.0912 1.0917 1.0922 1.0926 1.0928 1.093 1.0935 1.0939 1.0945 1.0952 1.096 1.0958 1.0953 1.0949 1.0945 1.0941 1.0943 1.0948 1.0953 1.0961 1.0969 1.0972 1.0974 1.0979 1.0988 1.0997 1.1001 1.1004 1.1008 1.1014 1.102 1.1029 1.104 1.1041 1.1045 1.105 1.1062 1.1073 1.1069 1.1063 1.1074 1.1086 1.1096 1.1106 1.1112 1.1117 1.1131 1.1144 1.1157 1.1176 1.1209 1.1262 1.134 1.1457 1.1653 1.2034 
325 1.0909 1.0909 1.0909 1.0908 1.0907 1.0907 1.0906 1.0905 1.0904 1.0902 1.0901 1.09 1.0898 1.0897 1.0895 1.0893 1.0892 1.089 1.0889 1.0888 1.0888 1.0889 1.0889 1.089 1.0891 1.0892 1.0894 1.0896 1.0897 1.0899 1.0897 1.0894 1.0892 1.0895 1.0898 1.09 1.0901 1.0903 1.0909 1.0915 1.0913 1.0907 1.0904 1.0908 1.0912 1.0916 1.092 1.0924 1.0926 1.0928 1.0931 1.0934 1.0938 1.0945 1.0953 1.0954 1.0953 1.0951 1.0947 1.0943 1.0944 1.0945 1.0949 1.0958 1.0966 1.0971 1.0976 1.0983 1.0993 1.1003 1.1007 1.101 1.1013 1.1016 1.1019 1.103 1.1043 1.1049 1.105 1.105 1.1062 1.1075 1.1071 1.1065 1.1077 1.1091 1.1101 1.1112 1.1114 1.1116 1.1133 1.1146 1.1159 1.1178 1.1211 1.1264 1.1342 1.1458 1.1654 1.2033 
325.5 1.0907 1.0907 1.0906 1.0906 1.0905 1.0904 1.0903 1.0902 1.0901 1.09 1.0898 1.0897 1.0895 1.0894 1.0892 1.089 1.0888 1.0887 1.0886 1.0885 1.0885 1.0885 1.0885 1.0887 1.0888 1.089 1.0891 1.0892 1.0894 1.0896 1.0894 1.0891 1.0888 1.0891 1.0894 1.0896 1.0898 1.0901 1.0907 1.0913 1.0912 1.0907 1.0903 1.0908 1.0912 1.0916 1.0919 1.0922 1.0924 1.0925 1.0927 1.0928 1.0931 1.0938 1.0945 1.0949 1.0952 1.0953 1.0949 1.0945 1.0944 1.0943 1.0946 1.0954 1.0963 1.0971 1.0978 1.0987 1.0998 1.1009 1.1013 1.1016 1.1018 1.1018 1.1018 1.1031 1.1046 1.1056 1.1054 1.105 1.1063 1.1078 1.1073 1.1068 1.1081 1.1096 1.1107 1.1118 1.1117 1.1115 1.1134 1.1149 1.1162 1.1181 1.1213 1.1266 1.1344 1.1459 1.1654 1.2032 
326 1.0906 1.0906 1.0905 1.0905 1.0904 1.0903 1.0902 1.0901 1.09 1.0899 1.0897 1.0895 1.0894 1.0892 1.089 1.0888 1.0887 1.0885 1.0884 1.0883 1.0882 1.0882 1.0883 1.0885 1.0886 1.0888 1.0889 1.089 1.0892 1.0894 1.0892 1.0889 1.0887 1.0889 1.0891 1.0894 1.0897 1.0901 1.0906 1.0912 1.0911 1.0906 1.0904 1.0909 1.0914 1.0916 1.0918 1.092 1.0923 1.0925 1.0925 1.0924 1.0926 1.0933 1.0941 1.0946 1.0952 1.0954 1.0951 1.0947 1.0945 1.0942 1.0944 1.0953 1.0961 1.097 1.0979 1.0989 1.1 1.1012 1.1016 1.1019 1.1021 1.1019 1.1018 1.1031 1.1047 1.106 1.1056 1.105 1.1063 1.1078 1.1075 1.107 1.1084 1.1099 1.1111 1.1122 1.1119 1.1116 1.1136 1.1151 1.1164 1.1183 1.1215 1.1268 1.1345 1.146 1.1655 1.2032 
326.5 1.0908 1.0908 1.0907 1.0907 1.0906 1.0905 1.0904 1.0903 1.0902 1.0901 1.0899 1.0898 1.0896 1.0894 1.0892 1.0891 1.0889 1.0887 1.0886 1.0885 1.0884 1.0884 1.0885 1.0886 1.0888 1.0889 1.0891 1.0892 1.0893 1.0894 1.0893 1.0892 1.0891 1.0893 1.0895 1.0898 1.0902 1.0905 1.0907 1.091 1.091 1.0908 1.0909 1.0914 1.0919 1.092 1.0919 1.0919 1.0925 1.0931 1.0929 1.0926 1.0925 1.0934 1.0943 1.0947 1.095 1.0952 1.095 1.0947 1.0946 1.0945 1.0948 1.0956 1.0965 1.0972 1.0978 1.0986 1.0996 1.1007 1.1011 1.1013 1.1016 1.1017 1.1018 1.1029 1.1042 1.1053 1.1053 1.105 1.1062 1.1076 1.1075 1.1073 1.1086 1.1099 1.111 1.1121 1.1121 1.1121 1.114 1.1154 1.1167 1.1185 1.1217 1.1268 1.1345 1.1461 1.1655 1.2033 
327 1.091 1.091 1.0909 1.0909 1.0908 1.0907 1.0906 1.0905 1.0904 1.0903 1.0901 1.09 1.0898 1.0896 1.0895 1.0893 1.0891 1.0889 1.0888 1.0887 1.0886 1.0886 1.0886 1.0888 1.0889 1.0891 1.0892 1.0894 1.0894 1.0894 1.0894 1.0894 1.0895 1.0897 1.0899 1.0902 1.0906 1.0909 1.0908 1.0908 1.0909 1.091 1.0913 1.0919 1.0925 1.0923 1.0919 1.0918 1.0927 1.0937 1.0934 1.0927 1.0925 1.0935 1.0945 1.0948 1.0949 1.095 1.0949 1.0948 1.0948 1.0949 1.0951 1.096 1.0968 1.0973 1.0977 1.0982 1.0992 1.1001 1.1005 1.1007 1.1011 1.1015 1.1019 1.1027 1.1037 1.1047 1.1049 1.105 1.1061 1.1073 1.1075 1.1077 1.1088 1.1099 1.1109 1.1119 1.1123 1.1125 1.1143 1.1156 1.1169 1.1187 1.1218 1.1269 1.1346 1.1461 1.1656 1.2033 
327.5 1.0912 1.0912 1.0911 1.0911 1.091 1.0909 1.0908 1.0907 1.0906 1.0905 1.0904 1.0902 1.09 1.0899 1.0897 1.0895 1.0893 1.0892 1.089 1.0889 1.0888 1.0888 1.0888 1.0889 1.089 1.0892 1.0894 1.0896 1.0895 1.0895 1.0896 1.0897 1.0899 1.0901 1.0903 1.0906 1.091 1.0913 1.0909 1.0906 1.0908 1.0912 1.0917 1.0924 1.093 1.0927 1.092 1.0917 1.093 1.0943 1.0938 1.0928 1.0924 1.0935 1.0947 1.0949 1.0948 1.0947 1.0948 1.0948 1.095 1.0952 1.0955 1.0963 1.0971 1.0974 1.0975 1.0979 1.0988 1.0996 1.0999 1.1002 1.1005 1.1012 1.1019 1.1025 1.1032 1.104 1.1046 1.1051 1.106 1.107 1.1075 1.108 1.109 1.1099 1.1109 1.1118 1.1124 1.113 1.1146 1.1159 1.1171 1.1189 1.122 1.127 1.1346 1.1461 1.1656 1.2034 
328 1.0913 1.0913 1.0912 1.0912 1.0911 1.091 1.0909 1.0908 1.0907 1.0906 1.0904 1.0903 1.0901 1.09 1.0898 1.0896 1.0894 1.0892 1.0891 1.0889 1.0888 1.0888 1.0888 1.0889 1.089 1.0892 1.0894 1.0895 1.0895 1.0894 1.0895 1.0896 1.0897 1.0899 1.0901 1.0905 1.0909 1.0912 1.0907 1.0903 1.0906 1.0912 1.0918 1.0925 1.0932 1.0927 1.0918 1.0914 1.0926 1.0937 1.0933 1.0924 1.092 1.0932 1.0943 1.0946 1.0946 1.0947 1.0949 1.0952 1.0953 1.0955 1.0958 1.0967 1.0976 1.0977 1.0976 1.0979 1.0988 1.0998 1.1 1.1 1.1004 1.1014 1.1025 1.1029 1.1032 1.104 1.1046 1.1052 1.1061 1.107 1.1077 1.1084 1.1092 1.1101 1.111 1.1118 1.1125 1.1133 1.1147 1.1159 1.1172 1.1189 1.122 1.127 1.1346 1.1461 1.1655 1.2032 
328.5 1.0913 1.0913 1.0912 1.0911 1.0911 1.091 1.0909 1.0908 1.0907 1.0905 1.0904 1.0902 1.0901 1.0899 1.0897 1.0895 1.0893 1.0891 1.0889 1.0887 1.0886 1.0886 1.0886 1.0887 1.0888 1.0889 1.089 1.0891 1.0892 1.0893 1.0892 1.0891 1.089 1.0892 1.0894 1.0897 1.0901 1.0904 1.0902 1.0899 1.0903 1.0908 1.0914 1.0921 1.0928 1.0924 1.0915 1.0909 1.0914 1.092 1.0918 1.0913 1.0912 1.0923 1.0933 1.0939 1.0944 1.0949 1.0954 1.0959 1.0959 1.0958 1.096 1.0971 1.0981 1.0982 1.098 1.0983 1.0995 1.1007 1.1006 1.1004 1.1007 1.1021 1.1035 1.1037 1.1037 1.1047 1.1051 1.1053 1.1062 1.1071 1.1079 1.1087 1.1096 1.1106 1.1112 1.1118 1.1126 1.1133 1.1145 1.1158 1.117 1.1188 1.122 1.127 1.1346 1.1461 1.1653 1.2028 
329 1.0913 1.0912 1.0912 1.0911 1.0911 1.091 1.0909 1.0908 1.0906 1.0905 1.0903 1.0902 1.09 1.0898 1.0896 1.0893 1.0891 1.0889 1.0887 1.0885 1.0884 1.0884 1.0883 1.0885 1.0886 1.0887 1.0887 1.0887 1.0889 1.0892 1.089 1.0886 1.0882 1.0885 1.0887 1.089 1.0894 1.0897 1.0897 1.0896 1.09 1.0905 1.0911 1.0918 1.0925 1.092 1.0911 1.0904 1.0903 1.0902 1.0902 1.0902 1.0904 1.0914 1.0923 1.0932 1.0942 1.0951 1.0958 1.0965 1.0964 1.0961 1.0962 1.0975 1.0987 1.0987 1.0984 1.0986 1.1001 1.1015 1.1013 1.1008 1.1011 1.1028 1.1046 1.1046 1.1043 1.1054 1.1055 1.1054 1.1063 1.1073 1.1082 1.1091 1.11 1.111 1.1114 1.1118 1.1126 1.1134 1.1144 1.1156 1.1168 1.1187 1.1219 1.1271 1.1347 1.146 1.1652 1.2024 
329.5 1.0913 1.0912 1.0912 1.0911 1.091 1.091 1.0908 1.0907 1.0906 1.0905 1.0903 1.0901 1.0899 1.0897 1.0895 1.0892 1.089 1.0887 1.0885 1.0883 1.0882 1.0881 1.0881 1.0883 1.0884 1.0884 1.0883 1.0883 1.0887 1.089 1.0887 1.088 1.0875 1.0877 1.0879 1.0882 1.0886 1.089 1.0891 1.0893 1.0897 1.0902 1.0908 1.0915 1.0922 1.0917 1.0907 1.0898 1.0891 1.0885 1.0886 1.0891 1.0896 1.0905 1.0913 1.0926 1.094 1.0953 1.0962 1.0972 1.0969 1.0964 1.0964 1.0979 1.0993 1.0992 1.0987 1.099 1.1007 1.1024 1.102 1.1011 1.1014 1.1035 1.1057 1.1055 1.1048 1.1062 1.106 1.1056 1.1065 1.1075 1.1085 1.1095 1.1104 1.1114 1.1116 1.1118 1.1126 1.1134 1.1143 1.1154 1.1166 1.1185 1.1219 1.1271 1.1347 1.146 1.165 1.2021 
330 1.0912 1.0912 1.0911 1.091 1.091 1.0909 1.0908 1.0907 1.0906 1.0904 1.0903 1.0901 1.0899 1.0897 1.0895 1.0892 1.089 1.0888 1.0886 1.0884 1.0882 1.0882 1.0881 1.0883 1.0884 1.0884 1.0884 1.0884 1.0887 1.0891 1.0888 1.0882 1.0877 1.0879 1.0881 1.0884 1.0887 1.0889 1.0892 1.0894 1.0899 1.0905 1.091 1.0915 1.092 1.0916 1.0909 1.0902 1.0894 1.0886 1.0888 1.0893 1.0899 1.0906 1.0914 1.0927 1.0941 1.0954 1.0964 1.0974 1.0972 1.0966 1.0966 1.0977 1.0989 1.0988 1.0986 1.0989 1.1007 1.1024 1.102 1.1012 1.1014 1.1035 1.1056 1.1053 1.1047 1.1062 1.1059 1.1054 1.1064 1.1076 1.1083 1.109 1.1101 1.1112 1.1114 1.1115 1.1123 1.1131 1.114 1.1151 1.1164 1.1183 1.1217 1.1269 1.1346 1.1459 1.165 1.2022 
330.5 1.0911 1.0911 1.091 1.091 1.0909 1.0908 1.0907 1.0907 1.0905 1.0904 1.0902 1.0901 1.0899 1.0897 1.0895 1.0893 1.0891 1.0889 1.0887 1.0885 1.0884 1.0883 1.0883 1.0884 1.0885 1.0886 1.0886 1.0886 1.0889 1.0891 1.089 1.0886 1.0883 1.0885 1.0887 1.0889 1.089 1.0892 1.0895 1.0897 1.0903 1.091 1.0916 1.0917 1.0918 1.0916 1.0914 1.091 1.0903 1.0896 1.0897 1.0901 1.0906 1.0913 1.092 1.0931 1.0943 1.0955 1.0965 1.0974 1.0973 1.0969 1.0968 1.0974 1.098 1.0981 1.0982 1.0987 1.1003 1.1019 1.1017 1.1011 1.1014 1.1032 1.1049 1.1048 1.1044 1.1059 1.1056 1.1051 1.1063 1.1077 1.108 1.1082 1.1094 1.1107 1.111 1.1112 1.1119 1.1126 1.1137 1.1149 1.1162 1.1181 1.1215 1.1268 1.1345 1.1459 1.1651 1.2025 
331 1.091 1.091 1.091 1.0909 1.0909 1.0908 1.0907 1.0906 1.0905 1.0904 1.0902 1.0901 1.0899 1.0897 1.0895 1.0893 1.0891 1.0889 1.0888 1.0886 1.0885 1.0885 1.0884 1.0885 1.0886 1.0887 1.0888 1.0888 1.089 1.0892 1.0892 1.089 1.0889 1.0891 1.0893 1.0894 1.0894 1.0895 1.0898 1.0901 1.0907 1.0915 1.0921 1.0919 1.0917 1.0917 1.0918 1.0917 1.0911 1.0905 1.0906 1.0909 1.0913 1.0919 1.0925 1.0935 1.0946 1.0956 1.0965 1.0974 1.0974 1.0971 1.0969 1.097 1.0972 1.0974 1.0977 1.0985 1.1 1.1015 1.1014 1.1011 1.1014 1.1028 1.1043 1.1042 1.104 1.1056 1.1053 1.1047 1.1062 1.1078 1.1077 1.1074 1.1088 1.1103 1.1106 1.1108 1.1115 1.1122 1.1134 1.1147 1.116 1.1179 1.1213 1.1266 1.1343 1.1458 1.1651 1.2028 
331.5 1.091 1.0909 1.0909 1.0908 1.0908 1.0907 1.0906 1.0906 1.0905 1.0903 1.0902 1.0901 1.0899 1.0897 1.0896 1.0894 1.0892 1.089 1.0889 1.0887 1.0886 1.0886 1.0886 1.0887 1.0887 1.0889 1.089 1.0891 1.0892 1.0893 1.0894 1.0894 1.0895 1.0897 1.0899 1.0899 1.0898 1.0898 1.0901 1.0904 1.0911 1.092 1.0927 1.0921 1.0915 1.0917 1.0922 1.0925 1.092 1.0914 1.0915 1.0917 1.092 1.0925 1.0931 1.0939 1.0948 1.0957 1.0966 1.0974 1.0975 1.0973 1.0971 1.0967 1.0963 1.0967 1.0973 1.0982 1.0996 1.101 1.1011 1.1011 1.1014 1.1025 1.1036 1.1037 1.1036 1.1053 1.105 1.1044 1.106 1.1079 1.1074 1.1066 1.1081 1.1098 1.1102 1.1105 1.1111 1.1117 1.1132 1.1144 1.1157 1.1177 1.1211 1.1264 1.1342 1.1458 1.1652 1.2031 
332 1.0908 1.0908 1.0908 1.0907 1.0907 1.0906 1.0905 1.0904 1.0903 1.0902 1.0901 1.0899 1.0898 1.0896 1.0894 1.0892 1.0891 1.0889 1.0887 1.0886 1.0885 1.0885 1.0885 1.0886 1.0886 1.0888 1.089 1.0891 1.0892 1.0892 1.0892 1.0893 1.0894 1.0895 1.0897 1.0897 1.0897 1.0897 1.0901 1.0904 1.0911 1.092 1.0925 1.0919 1.0913 1.0917 1.0926 1.0931 1.0926 1.0921 1.092 1.092 1.0921 1.0927 1.0933 1.0939 1.0945 1.0952 1.096 1.0968 1.0969 1.0968 1.0967 1.0966 1.0964 1.0969 1.0975 1.0983 1.0995 1.1007 1.1009 1.1009 1.1013 1.1023 1.1033 1.1036 1.1038 1.104 1.104 1.104 1.1057 1.1075 1.1073 1.107 1.1087 1.1105 1.1107 1.1108 1.1114 1.1121 1.1133 1.1144 1.1157 1.1176 1.121 1.1264 1.1342 1.1458 1.1653 1.2033 
332.5 1.0907 1.0907 1.0906 1.0906 1.0905 1.0904 1.0904 1.0903 1.0902 1.09 1.0899 1.0898 1.0896 1.0895 1.0893 1.0891 1.0889 1.0887 1.0886 1.0885 1.0884 1.0884 1.0884 1.0884 1.0885 1.0887 1.0889 1.0892 1.0891 1.0891 1.0891 1.0891 1.0892 1.0893 1.0894 1.0895 1.0896 1.0897 1.0901 1.0905 1.0911 1.0918 1.0923 1.0917 1.0911 1.0918 1.0929 1.0936 1.0932 1.0928 1.0925 1.0922 1.0921 1.0928 1.0934 1.0938 1.0941 1.0946 1.0953 1.0961 1.0962 1.0963 1.0963 1.0965 1.0966 1.0971 1.0976 1.0983 1.0994 1.1004 1.1007 1.1007 1.1011 1.102 1.1029 1.1035 1.104 1.1026 1.103 1.1036 1.1053 1.107 1.1073 1.1074 1.1093 1.1114 1.1113 1.1111 1.1119 1.1126 1.1134 1.1144 1.1156 1.1175 1.121 1.1264 1.1343 1.1459 1.1655 1.2035 
333 1.0905 1.0905 1.0905 1.0904 1.0904 1.0903 1.0902 1.0901 1.09 1.0899 1.0898 1.0896 1.0895 1.0893 1.0891 1.0889 1.0887 1.0886 1.0884 1.0883 1.0883 1.0883 1.0883 1.0883 1.0883 1.0886 1.0889 1.0892 1.0891 1.089 1.089 1.089 1.089 1.0891 1.0891 1.0892 1.0894 1.0897 1.0901 1.0905 1.0911 1.0917 1.0921 1.0915 1.0909 1.0918 1.0932 1.0941 1.0938 1.0934 1.0929 1.0924 1.0922 1.0929 1.0935 1.0937 1.0938 1.094 1.0947 1.0954 1.0956 1.0957 1.0959 1.0963 1.0968 1.0973 1.0978 1.0984 1.0993 1.1002 1.1004 1.1006 1.101 1.1018 1.1026 1.1034 1.1043 1.1012 1.1019 1.1032 1.1049 1.1066 1.1073 1.1079 1.11 1.1122 1.1119 1.1115 1.1123 1.1131 1.1135 1.1144 1.1156 1.1175 1.1209 1.1264 1.1343 1.146 1.1656 1.2038 
333.5 1.0904 1.0904 1.0903 1.0903 1.0902 1.0902 1.0901 1.09 1.0899 1.0898 1.0897 1.0895 1.0894 1.0892 1.089 1.0888 1.0886 1.0884 1.0883 1.0882 1.0882 1.0882 1.0883 1.0882 1.0882 1.0885 1.0889 1.0892 1.089 1.0888 1.0888 1.0888 1.0888 1.0888 1.0888 1.089 1.0893 1.0896 1.09 1.0904 1.0909 1.0915 1.0918 1.0913 1.0907 1.0917 1.0934 1.0945 1.0943 1.094 1.0934 1.0927 1.0924 1.093 1.0937 1.0937 1.0934 1.0935 1.0942 1.0949 1.0951 1.0952 1.0956 1.0963 1.0971 1.0975 1.0979 1.0984 1.0992 1.1 1.1003 1.1004 1.1008 1.1016 1.1024 1.1034 1.1044 1.1002 1.1012 1.1029 1.1046 1.1063 1.1073 1.1082 1.1105 1.1128 1.1123 1.1117 1.1125 1.1135 1.1136 1.1144 1.1155 1.1174 1.1209 1.1264 1.1343 1.146 1.1657 1.2039 
334 1.0906 1.0905 1.0905 1.0904 1.0904 1.0903 1.0902 1.0901 1.09 1.0899 1.0898 1.0896 1.0895 1.0893 1.0891 1.0889 1.0887 1.0885 1.0883 1.0882 1.0882 1.0882 1.0882 1.0882 1.0882 1.0884 1.0887 1.0889 1.0888 1.0886 1.0886 1.0886 1.0886 1.0887 1.0888 1.0889 1.0889 1.089 1.0894 1.0898 1.0903 1.0908 1.0912 1.0909 1.0906 1.0916 1.0932 1.0943 1.0943 1.0942 1.094 1.0937 1.0935 1.0937 1.0939 1.0937 1.0933 1.0934 1.0945 1.0955 1.0956 1.0954 1.0956 1.0967 1.0978 1.0979 1.0979 1.0983 1.0994 1.1005 1.1005 1.1003 1.1006 1.1018 1.1031 1.1035 1.1038 1.1018 1.1024 1.1034 1.1051 1.1068 1.1076 1.1082 1.11 1.1119 1.1116 1.111 1.1119 1.1129 1.1133 1.1141 1.1153 1.1172 1.1208 1.1263 1.1342 1.1459 1.1655 1.2037 
334.5 1.0907 1.0907 1.0906 1.0906 1.0905 1.0904 1.0903 1.0903 1.0901 1.09 1.0899 1.0897 1.0895 1.0894 1.0892 1.089 1.0888 1.0886 1.0884 1.0882 1.0882 1.0881 1.0881 1.0881 1.0882 1.0883 1.0885 1.0887 1.0885 1.0884 1.0884 1.0884 1.0884 1.0886 1.0888 1.0887 1.0885 1.0884 1.0888 1.0891 1.0896 1.0901 1.0905 1.0905 1.0906 1.0916 1.0929 1.094 1.0942 1.0945 1.0945 1.0946 1.0946 1.0943 1.094 1.0937 1.0932 1.0934 1.0948 1.0962 1.0961 1.0955 1.0956 1.0971 1.0985 1.0984 1.0979 1.0981 1.0996 1.1011 1.1007 1.1001 1.1003 1.1021 1.1038 1.1036 1.1032 1.1033 1.1036 1.1038 1.1055 1.1074 1.1078 1.1081 1.1096 1.1111 1.1108 1.1104 1.1113 1.1123 1.113 1.1139 1.1151 1.1171 1.1206 1.1261 1.1341 1.1458 1.1654 1.2036 
335 1.0908 1.0908 1.0908 1.0907 1.0906 1.0906 1.0905 1.0904 1.0903 1.0901 1.09 1.0898 1.0896 1.0895 1.0893 1.089 1.0888 1.0886 1.0884 1.0883 1.0881 1.0881 1.088 1.0881 1.0881 1.0882 1.0883 1.0884 1.0883 1.0882 1.0882 1.0882 1.0882 1.0885 1.0887 1.0886 1.0882 1.0879 1.0882 1.0885 1.0889 1.0894 1.0899 1.0902 1.0905 1.0915 1.0927 1.0938 1.0942 1.0947 1.0951 1.0955 1.0956 1.0949 1.0942 1.0936 1.0932 1.0933 1.0951 1.0969 1.0965 1.0957 1.0956 1.0974 1.0992 1.0988 1.0979 1.098 1.0998 1.1016 1.101 1.1 1.1001 1.1023 1.1045 1.1038 1.1026 1.1049 1.1048 1.1043 1.106 1.1079 1.1081 1.1081 1.1091 1.1103 1.11 1.1097 1.1107 1.1118 1.1126 1.1137 1.1149 1.1169 1.1205 1.126 1.134 1.1457 1.1653 1.2034 
335.5 1.0909 1.0909 1.0909 1.0908 1.0908 1.0907 1.0906 1.0905 1.0904 1.0902 1.0901 1.0899 1.0898 1.0896 1.0894 1.0892 1.089 1.0887 1.0885 1.0884 1.0882 1.0881 1.088 1.0881 1.0882 1.0882 1.0883 1.0883 1.0882 1.0882 1.0881 1.0881 1.0882 1.0885 1.0888 1.0886 1.0881 1.0878 1.0881 1.0884 1.0887 1.0891 1.0895 1.09 1.0906 1.0915 1.0926 1.0935 1.094 1.0946 1.0953 1.096 1.0963 1.0953 1.0944 1.0938 1.0933 1.0935 1.0954 1.0972 1.0969 1.096 1.0959 1.0976 1.0993 1.0988 1.0979 1.098 1.0999 1.1018 1.1011 1.1 1.1 1.1023 1.1046 1.1036 1.1021 1.1056 1.1054 1.1046 1.1063 1.1082 1.1082 1.1081 1.109 1.11 1.1097 1.1093 1.1103 1.1114 1.1125 1.1136 1.1149 1.1169 1.1204 1.1259 1.1339 1.1456 1.1652 1.2033 
336 1.091 1.091 1.0909 1.0909 1.0908 1.0908 1.0907 1.0906 1.0905 1.0903 1.0902 1.0901 1.0899 1.0897 1.0895 1.0894 1.0892 1.0889 1.0888 1.0886 1.0885 1.0884 1.0883 1.0883 1.0884 1.0884 1.0884 1.0885 1.0884 1.0884 1.0884 1.0884 1.0884 1.0888 1.0891 1.0889 1.0885 1.0883 1.0887 1.0891 1.0893 1.0894 1.0896 1.0903 1.091 1.0918 1.0925 1.0932 1.0936 1.094 1.0948 1.0957 1.0962 1.0954 1.0945 1.0941 1.0938 1.094 1.0956 1.0972 1.0971 1.0965 1.0964 1.0974 1.0983 1.0982 1.0979 1.0983 1.1 1.1016 1.1011 1.1002 1.1002 1.102 1.1039 1.1029 1.1016 1.1048 1.1051 1.1049 1.1064 1.108 1.1083 1.1084 1.1094 1.1105 1.11 1.1093 1.1103 1.1114 1.1125 1.1137 1.115 1.1169 1.1204 1.1259 1.1338 1.1455 1.1651 1.2032 
336.5 1.0911 1.0911 1.091 1.091 1.0909 1.0908 1.0908 1.0907 1.0906 1.0905 1.0903 1.0902 1.09 1.0899 1.0897 1.0895 1.0893 1.0892 1.089 1.0888 1.0887 1.0886 1.0885 1.0885 1.0885 1.0886 1.0886 1.0886 1.0886 1.0887 1.0887 1.0887 1.0887 1.089 1.0893 1.0892 1.089 1.0888 1.0893 1.0898 1.0899 1.0897 1.0898 1.0906 1.0915 1.092 1.0925 1.0929 1.0931 1.0933 1.0943 1.0954 1.0961 1.0954 1.0947 1.0944 1.0943 1.0945 1.0959 1.0972 1.0973 1.097 1.0969 1.0972 1.0974 1.0976 1.0979 1.0985 1.1 1.1015 1.1011 1.1003 1.1004 1.1018 1.1031 1.1023 1.1011 1.104 1.1048 1.1052 1.1065 1.1079 1.1083 1.1087 1.1099 1.1111 1.1103 1.1093 1.1103 1.1114 1.1126 1.1137 1.115 1.117 1.1205 1.1259 1.1338 1.1455 1.165 1.203 
337 1.0911 1.0911 1.0911 1.091 1.091 1.0909 1.0908 1.0908 1.0907 1.0906 1.0904 1.0903 1.0902 1.09 1.0899 1.0897 1.0895 1.0894 1.0892 1.0891 1.0889 1.0888 1.0887 1.0887 1.0887 1.0887 1.0888 1.0888 1.0889 1.0889 1.0889 1.0889 1.089 1.0893 1.0896 1.0896 1.0894 1.0894 1.09 1.0906 1.0905 1.09 1.0899 1.0909 1.0919 1.0923 1.0925 1.0926 1.0927 1.0927 1.0938 1.0951 1.096 1.0954 1.0949 1.0948 1.0948 1.0951 1.0961 1.0971 1.0974 1.0976 1.0975 1.0969 1.0964 1.097 1.0978 1.0988 1.1 1.1013 1.101 1.1005 1.1006 1.1015 1.1024 1.1016 1.1006 1.1033 1.1045 1.1054 1.1066 1.1077 1.1084 1.109 1.1103 1.1117 1.1106 1.1093 1.1103 1.1114 1.1126 1.1138 1.1151 1.1171 1.1205 1.1259 1.1337 1.1454 1.1649 1.2029 
337.5 1.0911 1.091 1.091 1.0909 1.0909 1.0908 1.0908 1.0907 1.0906 1.0905 1.0904 1.0902 1.0901 1.09 1.0898 1.0897 1.0895 1.0893 1.0892 1.0891 1.0889 1.0888 1.0887 1.0888 1.0888 1.0888 1.0888 1.0888 1.0889 1.0889 1.0889 1.0889 1.0888 1.089 1.0892 1.0894 1.0895 1.0897 1.0902 1.0907 1.0905 1.0901 1.09 1.0909 1.0918 1.0922 1.0923 1.0925 1.0924 1.0924 1.0934 1.0948 1.0957 1.0952 1.0946 1.0948 1.0951 1.0955 1.0961 1.0967 1.0971 1.0975 1.0976 1.0971 1.0966 1.0971 1.0978 1.0987 1.0999 1.1012 1.1009 1.1003 1.1003 1.1011 1.1019 1.1015 1.1009 1.1032 1.1044 1.1054 1.1067 1.1081 1.1084 1.1087 1.1101 1.1115 1.1107 1.1096 1.1106 1.1117 1.1129 1.114 1.1153 1.1173 1.1207 1.1261 1.1339 1.1455 1.165 1.2029 
338 1.0909 1.0909 1.0908 1.0908 1.0907 1.0907 1.0906 1.0905 1.0904 1.0903 1.0902 1.09 1.0899 1.0898 1.0896 1.0894 1.0893 1.0891 1.089 1.0889 1.0888 1.0887 1.0887 1.0887 1.0888 1.0887 1.0887 1.0887 1.0888 1.0888 1.0887 1.0886 1.0885 1.0885 1.0885 1.0889 1.0895 1.09 1.0901 1.0903 1.0902 1.0901 1.0901 1.0907 1.0914 1.0918 1.0921 1.0924 1.0923 1.0922 1.0931 1.0944 1.0952 1.0947 1.0942 1.0947 1.0954 1.096 1.0959 1.0959 1.0964 1.097 1.0975 1.0975 1.0975 1.0976 1.0977 1.0983 1.0998 1.1012 1.1007 1.0999 1.0997 1.1006 1.1015 1.1016 1.1016 1.1035 1.1044 1.1053 1.107 1.1088 1.1085 1.1081 1.1094 1.1109 1.1106 1.1102 1.1112 1.1122 1.1132 1.1143 1.1156 1.1176 1.121 1.1264 1.1342 1.1458 1.1652 1.203 
338.5 1.0907 1.0907 1.0907 1.0906 1.0906 1.0905 1.0904 1.0903 1.0902 1.0901 1.09 1.0898 1.0897 1.0895 1.0894 1.0892 1.0891 1.0889 1.0888 1.0887 1.0887 1.0886 1.0886 1.0887 1.0887 1.0887 1.0887 1.0886 1.0887 1.0887 1.0885 1.0883 1.0881 1.0879 1.0878 1.0884 1.0894 1.0902 1.0901 1.09 1.09 1.09 1.0901 1.0905 1.0909 1.0914 1.0919 1.0923 1.0921 1.092 1.0928 1.094 1.0948 1.0942 1.0937 1.0945 1.0957 1.0964 1.0958 1.0952 1.0957 1.0966 1.0973 1.0979 1.0984 1.0981 1.0976 1.0979 1.0996 1.1012 1.1005 1.0994 1.099 1.1001 1.1011 1.1017 1.1023 1.1038 1.1045 1.1051 1.1072 1.1095 1.1086 1.1075 1.1088 1.1103 1.1106 1.1108 1.1118 1.1128 1.1136 1.1146 1.1159 1.1178 1.1213 1.1268 1.1346 1.1461 1.1654 1.203 
339 1.0906 1.0905 1.0905 1.0904 1.0904 1.0903 1.0902 1.0901 1.09 1.0899 1.0898 1.0896 1.0895 1.0893 1.0892 1.089 1.0889 1.0887 1.0886 1.0885 1.0885 1.0885 1.0885 1.0886 1.0887 1.0887 1.0886 1.0885 1.0885 1.0885 1.0883 1.088 1.0877 1.0874 1.087 1.0879 1.0894 1.0904 1.09 1.0896 1.0897 1.09 1.0902 1.0904 1.0905 1.091 1.0917 1.0921 1.092 1.0918 1.0926 1.0937 1.0943 1.0938 1.0932 1.0944 1.096 1.0968 1.0956 1.0944 1.095 1.0961 1.0972 1.0983 1.0993 1.0986 1.0976 1.0975 1.0994 1.1012 1.1003 1.0989 1.0984 1.0996 1.1008 1.1019 1.1029 1.1041 1.1045 1.1049 1.1074 1.1101 1.1087 1.1069 1.1082 1.1097 1.1106 1.1114 1.1123 1.1133 1.114 1.1149 1.1161 1.1181 1.1216 1.1271 1.1349 1.1463 1.1656 1.2031 
339.5 1.0909 1.0908 1.0908 1.0907 1.0907 1.0906 1.0905 1.0904 1.0903 1.0902 1.0901 1.0899 1.0898 1.0896 1.0895 1.0893 1.0892 1.089 1.0889 1.0888 1.0888 1.0888 1.0888 1.0888 1.0889 1.0889 1.0888 1.0888 1.0888 1.0888 1.0886 1.0883 1.0879 1.0877 1.0875 1.0882 1.0894 1.0903 1.0901 1.0899 1.09 1.0902 1.0905 1.0908 1.091 1.0913 1.0917 1.0919 1.092 1.0921 1.0922 1.0923 1.0927 1.0936 1.0946 1.0954 1.0961 1.0963 1.0953 1.0943 1.0949 1.0959 1.097 1.0981 1.0992 1.0988 1.0982 1.0982 1.0993 1.1005 1.1001 1.0995 1.0993 1.1002 1.101 1.102 1.103 1.1041 1.1047 1.1052 1.1074 1.1098 1.1086 1.107 1.1081 1.1094 1.1104 1.1114 1.1123 1.1133 1.1141 1.115 1.1162 1.1182 1.1217 1.1271 1.1348 1.1463 1.1655 1.203 
340 1.0913 1.0912 1.0912 1.0911 1.0911 1.091 1.0909 1.0908 1.0907 1.0906 1.0905 1.0904 1.0902 1.09 1.0899 1.0897 1.0896 1.0894 1.0893 1.0892 1.0891 1.089 1.089 1.0891 1.0891 1.0891 1.0891 1.089 1.0891 1.0891 1.0889 1.0886 1.0883 1.0882 1.0882 1.0887 1.0894 1.0901 1.0902 1.0902 1.0904 1.0906 1.0908 1.0913 1.0917 1.0918 1.0917 1.0917 1.0921 1.0924 1.0918 1.0908 1.0908 1.0936 1.0963 1.0966 1.0962 1.0956 1.095 1.0943 1.0949 1.0958 1.0967 1.0978 1.0988 1.0989 1.0989 1.099 1.0993 1.0996 1.0999 1.1002 1.1005 1.1009 1.1014 1.1021 1.1029 1.104 1.1048 1.1055 1.1073 1.1092 1.1084 1.1073 1.1081 1.1091 1.1102 1.1112 1.1122 1.1131 1.1141 1.115 1.1162 1.1182 1.1217 1.127 1.1347 1.1462 1.1655 1.203 
340.5 1.0917 1.0916 1.0916 1.0915 1.0915 1.0914 1.0913 1.0912 1.0911 1.091 1.0909 1.0908 1.0906 1.0905 1.0903 1.0901 1.09 1.0898 1.0897 1.0895 1.0894 1.0893 1.0893 1.0893 1.0893 1.0893 1.0893 1.0893 1.0894 1.0895 1.0893 1.0889 1.0887 1.0887 1.0888 1.0891 1.0895 1.0899 1.0902 1.0906 1.0908 1.0909 1.0911 1.0918 1.0924 1.0922 1.0917 1.0915 1.0921 1.0928 1.0914 1.0893 1.089 1.0935 1.098 1.0978 1.0962 1.095 1.0946 1.0942 1.0948 1.0957 1.0965 1.0974 1.0984 1.0991 1.0997 1.0999 1.0993 1.0987 1.0997 1.1009 1.1017 1.1017 1.1018 1.1022 1.1028 1.104 1.105 1.1059 1.1072 1.1086 1.1082 1.1075 1.1081 1.1089 1.11 1.111 1.112 1.113 1.1141 1.1151 1.1163 1.1182 1.1216 1.1269 1.1346 1.1461 1.1654 1.2029 
341 1.092 1.092 1.0919 1.0919 1.0918 1.0918 1.0917 1.0916 1.0915 1.0914 1.0913 1.0911 1.091 1.0908 1.0907 1.0905 1.0903 1.0902 1.09 1.0899 1.0897 1.0896 1.0895 1.0895 1.0896 1.0895 1.0895 1.0895 1.0896 1.0898 1.0896 1.0893 1.089 1.0892 1.0894 1.0895 1.0895 1.0896 1.0903 1.0909 1.0912 1.0913 1.0915 1.0922 1.093 1.0926 1.0917 1.0913 1.0922 1.0931 1.091 1.088 1.0874 1.0934 1.0995 1.0988 1.0962 1.0943 1.0943 1.0943 1.0948 1.0955 1.0963 1.0971 1.098 1.0992 1.1004 1.1007 1.0993 1.098 1.0995 1.1016 1.1028 1.1024 1.1021 1.1023 1.1027 1.104 1.1051 1.1062 1.1071 1.1081 1.1079 1.1077 1.1082 1.1087 1.1098 1.1109 1.1119 1.1129 1.114 1.1151 1.1163 1.1182 1.1216 1.1269 1.1345 1.146 1.1653 1.2029 
341.5 1.092 1.0919 1.0919 1.0918 1.0918 1.0917 1.0916 1.0915 1.0914 1.0913 1.0912 1.091 1.0909 1.0907 1.0905 1.0903 1.0902 1.09 1.0898 1.0897 1.0895 1.0894 1.0893 1.0894 1.0894 1.0894 1.0894 1.0894 1.0895 1.0896 1.0894 1.0892 1.089 1.0891 1.0892 1.0893 1.0894 1.0896 1.09 1.0905 1.091 1.0916 1.092 1.0922 1.0924 1.0922 1.0918 1.0916 1.0921 1.0925 1.0912 1.0893 1.089 1.0932 1.0974 1.0971 1.0955 1.0944 1.0947 1.0949 1.0951 1.0954 1.0959 1.0972 1.0985 1.0992 1.0999 1.1001 1.0994 1.0986 1.1002 1.1022 1.1032 1.1025 1.1018 1.1023 1.1029 1.1043 1.1051 1.1058 1.1066 1.1075 1.1077 1.1078 1.1081 1.1085 1.1096 1.1107 1.1118 1.1128 1.114 1.1151 1.1163 1.1182 1.1216 1.1269 1.1346 1.1461 1.1654 1.2031 
342 1.0919 1.0919 1.0918 1.0918 1.0917 1.0916 1.0915 1.0914 1.0913 1.0912 1.0911 1.0909 1.0907 1.0906 1.0904 1.0902 1.09 1.0898 1.0896 1.0895 1.0893 1.0892 1.0891 1.0892 1.0892 1.0893 1.0892 1.0892 1.0893 1.0893 1.0893 1.0891 1.089 1.089 1.0889 1.0891 1.0893 1.0895 1.0898 1.0901 1.0909 1.0919 1.0926 1.0922 1.0918 1.0918 1.0919 1.092 1.0919 1.0919 1.0913 1.0905 1.0906 1.093 1.0954 1.0955 1.0949 1.0946 1.095 1.0955 1.0954 1.0952 1.0956 1.0972 1.0989 1.0993 1.0995 1.0995 1.0994 1.0993 1.1009 1.1028 1.1036 1.1026 1.1016 1.1023 1.1032 1.1046 1.1051 1.1054 1.1061 1.1069 1.1074 1.1079 1.1081 1.1083 1.1094 1.1106 1.1117 1.1127 1.1139 1.115 1.1162 1.1182 1.1216 1.1269 1.1347 1.1462 1.1656 1.2033 
342.5 1.0918 1.0918 1.0918 1.0917 1.0916 1.0916 1.0915 1.0914 1.0912 1.0911 1.091 1.0908 1.0906 1.0904 1.0902 1.09 1.0898 1.0896 1.0894 1.0892 1.0891 1.089 1.089 1.089 1.0891 1.0891 1.0891 1.0891 1.0891 1.0891 1.0891 1.0891 1.089 1.0888 1.0887 1.0888 1.0892 1.0894 1.0896 1.0897 1.0907 1.0922 1.0931 1.0922 1.0912 1.0914 1.092 1.0924 1.0918 1.0912 1.0914 1.0918 1.0922 1.0928 1.0933 1.0938 1.0942 1.0947 1.0954 1.096 1.0957 1.095 1.0952 1.0973 1.0993 1.0994 1.099 1.0989 1.0995 1.1 1.1016 1.1034 1.1041 1.1027 1.1013 1.1022 1.1034 1.1049 1.105 1.1049 1.1056 1.1063 1.1072 1.108 1.108 1.108 1.1092 1.1104 1.1115 1.1126 1.1138 1.1149 1.1162 1.1181 1.1216 1.1269 1.1347 1.1463 1.1657 1.2035 
343 1.0918 1.0917 1.0917 1.0916 1.0916 1.0915 1.0914 1.0913 1.0912 1.091 1.0909 1.0907 1.0905 1.0903 1.0901 1.0899 1.0897 1.0895 1.0893 1.0891 1.089 1.089 1.0889 1.089 1.089 1.0891 1.0891 1.0891 1.0891 1.0891 1.0891 1.0891 1.0891 1.0888 1.0886 1.0887 1.0891 1.0893 1.0894 1.0894 1.0905 1.0922 1.0932 1.092 1.0909 1.0912 1.0921 1.0925 1.0918 1.091 1.0916 1.0927 1.0933 1.0927 1.092 1.0927 1.0938 1.0948 1.0956 1.0964 1.0959 1.095 1.0952 1.0973 1.0995 1.0994 1.0987 1.0986 1.0996 1.1005 1.1021 1.1037 1.1043 1.1029 1.1015 1.1023 1.1035 1.105 1.1049 1.1047 1.1053 1.106 1.107 1.108 1.1081 1.108 1.1092 1.1104 1.1115 1.1126 1.1138 1.1149 1.1162 1.1181 1.1216 1.127 1.1348 1.1463 1.1658 1.2036 
343.5 1.0917 1.0916 1.0916 1.0915 1.0915 1.0914 1.0913 1.0912 1.0911 1.0909 1.0908 1.0906 1.0905 1.0903 1.0901 1.0899 1.0897 1.0895 1.0893 1.0892 1.0891 1.0891 1.089 1.0891 1.0892 1.0893 1.0893 1.0893 1.0893 1.0894 1.0893 1.0893 1.0892 1.089 1.0888 1.0889 1.089 1.0891 1.0893 1.0894 1.0903 1.0916 1.0924 1.0917 1.091 1.0913 1.0919 1.0923 1.0919 1.0915 1.092 1.0928 1.0933 1.0929 1.0925 1.0931 1.0941 1.0949 1.0955 1.096 1.0959 1.0955 1.0957 1.0974 1.099 1.0991 1.0989 1.099 1.0998 1.1007 1.102 1.1035 1.1042 1.1034 1.1027 1.1028 1.1031 1.1044 1.1047 1.1047 1.1054 1.1061 1.1071 1.108 1.1083 1.1085 1.1096 1.1107 1.1118 1.1128 1.1138 1.1148 1.1161 1.1181 1.1216 1.127 1.1348 1.1463 1.1657 1.2035 
344 1.0916 1.0915 1.0915 1.0914 1.0914 1.0913 1.0912 1.0911 1.091 1.0909 1.0907 1.0906 1.0904 1.0902 1.0901 1.0899 1.0897 1.0895 1.0894 1.0892 1.0892 1.0892 1.0892 1.0893 1.0895 1.0895 1.0895 1.0895 1.0896 1.0897 1.0896 1.0894 1.0893 1.0892 1.0891 1.089 1.0889 1.0889 1.0892 1.0895 1.0901 1.0909 1.0915 1.0913 1.0911 1.0914 1.0918 1.0921 1.092 1.092 1.0924 1.093 1.0933 1.0931 1.0929 1.0935 1.0943 1.095 1.0954 1.0957 1.0958 1.0959 1.0963 1.0974 1.0986 1.0989 1.099 1.0993 1.1001 1.1009 1.102 1.1032 1.104 1.104 1.1039 1.1033 1.1026 1.1038 1.1044 1.1048 1.1055 1.1063 1.1071 1.108 1.1085 1.109 1.11 1.111 1.112 1.113 1.1137 1.1148 1.1161 1.1181 1.1216 1.127 1.1348 1.1463 1.1656 1.2034 
344.5 1.0914 1.0914 1.0914 1.0913 1.0913 1.0912 1.0911 1.091 1.0909 1.0908 1.0907 1.0905 1.0904 1.0902 1.09 1.0899 1.0897 1.0895 1.0894 1.0893 1.0893 1.0893 1.0893 1.0895 1.0897 1.0897 1.0897 1.0897 1.0898 1.09 1.0898 1.0896 1.0894 1.0894 1.0893 1.0892 1.0889 1.0887 1.0891 1.0895 1.0899 1.0903 1.0907 1.091 1.0913 1.0915 1.0916 1.0918 1.0922 1.0926 1.0929 1.0931 1.0933 1.0934 1.0934 1.0939 1.0946 1.0951 1.0953 1.0954 1.0958 1.0963 1.0969 1.0975 1.0981 1.0986 1.0991 1.0997 1.1004 1.1011 1.102 1.103 1.1038 1.1045 1.1051 1.1038 1.1022 1.1032 1.1041 1.1049 1.1057 1.1065 1.1072 1.108 1.1087 1.1095 1.1104 1.1113 1.1123 1.1132 1.1137 1.1147 1.1161 1.1181 1.1216 1.127 1.1348 1.1463 1.1656 1.2033 
345 1.0915 1.0914 1.0914 1.0913 1.0913 1.0912 1.0911 1.091 1.0909 1.0908 1.0907 1.0906 1.0904 1.0902 1.0901 1.0899 1.0897 1.0896 1.0894 1.0893 1.0893 1.0893 1.0894 1.0895 1.0897 1.0897 1.0897 1.0898 1.0899 1.09 1.0899 1.0897 1.0896 1.0896 1.0896 1.0893 1.089 1.0888 1.0892 1.0896 1.0899 1.0901 1.0904 1.0909 1.0914 1.0916 1.0917 1.0919 1.0924 1.0929 1.0931 1.0933 1.0934 1.0936 1.0937 1.0942 1.0948 1.0952 1.0952 1.0953 1.0957 1.0963 1.0969 1.0974 1.0979 1.0985 1.0991 1.0997 1.1003 1.1008 1.1017 1.1025 1.1035 1.1044 1.1054 1.1039 1.102 1.1033 1.1041 1.1049 1.1056 1.1063 1.1071 1.1079 1.1088 1.1097 1.1106 1.1116 1.1125 1.1135 1.1141 1.115 1.1163 1.1182 1.1217 1.127 1.1348 1.1462 1.1656 1.2033 
345.5 1.0916 1.0916 1.0915 1.0915 1.0914 1.0914 1.0913 1.0912 1.0911 1.091 1.0908 1.0907 1.0905 1.0903 1.0902 1.09 1.0898 1.0896 1.0894 1.0893 1.0892 1.0892 1.0893 1.0894 1.0895 1.0896 1.0896 1.0896 1.0897 1.0898 1.0899 1.0898 1.0898 1.0897 1.0897 1.0895 1.0893 1.0891 1.0894 1.0898 1.0901 1.0904 1.0907 1.0911 1.0915 1.0918 1.092 1.0923 1.0927 1.0931 1.0933 1.0934 1.0936 1.0938 1.094 1.0944 1.0948 1.0952 1.0952 1.0952 1.0955 1.0958 1.0963 1.0972 1.098 1.0985 1.099 1.0994 1.0998 1.1002 1.101 1.1019 1.1029 1.1039 1.1049 1.1035 1.1018 1.1039 1.1045 1.1049 1.1054 1.1059 1.1068 1.1078 1.1087 1.1097 1.1107 1.1118 1.1128 1.1138 1.1148 1.1156 1.1167 1.1185 1.1218 1.127 1.1347 1.1462 1.1656 1.2034 
346 1.0918 1.0917 1.0917 1.0916 1.0916 1.0915 1.0914 1.0913 1.0912 1.0911 1.0909 1.0908 1.0906 1.0904 1.0902 1.09 1.0898 1.0896 1.0895 1.0893 1.0892 1.0892 1.0892 1.0893 1.0894 1.0894 1.0895 1.0895 1.0896 1.0897 1.0898 1.0899 1.09 1.0899 1.0899 1.0897 1.0895 1.0894 1.0897 1.09 1.0903 1.0906 1.0909 1.0912 1.0915 1.0919 1.0924 1.0928 1.0931 1.0934 1.0935 1.0936 1.0937 1.0939 1.0942 1.0946 1.0949 1.0952 1.0952 1.0952 1.0953 1.0954 1.0958 1.0969 1.0981 1.0985 1.0988 1.0991 1.0993 1.0996 1.1004 1.1013 1.1023 1.1033 1.1043 1.1031 1.1016 1.1045 1.1048 1.1048 1.1051 1.1055 1.1065 1.1076 1.1087 1.1097 1.1108 1.1119 1.113 1.1141 1.1155 1.1162 1.1171 1.1187 1.1218 1.127 1.1347 1.1462 1.1656 1.2034 
346.5 1.0919 1.0919 1.0918 1.0918 1.0917 1.0917 1.0916 1.0915 1.0914 1.0912 1.0911 1.0909 1.0907 1.0905 1.0903 1.0901 1.0899 1.0897 1.0895 1.0893 1.0891 1.0891 1.0891 1.0891 1.0892 1.0893 1.0893 1.0894 1.0894 1.0895 1.0897 1.09 1.0902 1.0901 1.09 1.0899 1.0898 1.0897 1.0899 1.0901 1.0905 1.0909 1.0912 1.0914 1.0916 1.0921 1.0927 1.0932 1.0934 1.0936 1.0937 1.0937 1.0938 1.0941 1.0944 1.0947 1.095 1.0952 1.0952 1.0952 1.0951 1.0949 1.0952 1.0967 1.0982 1.0986 1.0986 1.0987 1.0989 1.099 1.0998 1.1007 1.1017 1.1027 1.1037 1.1027 1.1014 1.1051 1.1052 1.1048 1.1049 1.1051 1.1062 1.1075 1.1086 1.1097 1.1109 1.1121 1.1133 1.1145 1.1162 1.1168 1.1175 1.119 1.1219 1.127 1.1346 1.1462 1.1657 1.2035 
347 1.0919 1.0919 1.0919 1.0918 1.0917 1.0917 1.0916 1.0915 1.0914 1.0912 1.0911 1.0909 1.0908 1.0906 1.0904 1.0901 1.0899 1.0897 1.0895 1.0893 1.0892 1.0892 1.0892 1.0892 1.0893 1.0894 1.0895 1.0896 1.0896 1.0896 1.0898 1.0901 1.0904 1.0902 1.0901 1.09 1.0899 1.0898 1.09 1.0902 1.0906 1.091 1.0914 1.0917 1.0919 1.092 1.092 1.092 1.0919 1.0918 1.0928 1.0941 1.0951 1.0951 1.0951 1.0951 1.0951 1.0951 1.0953 1.0955 1.0953 1.0951 1.0954 1.0969 1.0984 1.0988 1.0991 1.0992 1.099 1.0989 1.0997 1.1007 1.1017 1.1025 1.1034 1.1026 1.1015 1.1046 1.1048 1.1046 1.1049 1.1051 1.1065 1.108 1.1091 1.1101 1.1109 1.1117 1.1128 1.114 1.1158 1.1165 1.1173 1.1189 1.1219 1.127 1.1347 1.1462 1.1657 1.2035 
347.5 1.0919 1.0919 1.0918 1.0918 1.0917 1.0916 1.0916 1.0915 1.0913 1.0912 1.0911 1.0909 1.0907 1.0906 1.0904 1.0902 1.09 1.0898 1.0896 1.0895 1.0894 1.0894 1.0893 1.0894 1.0895 1.0896 1.0898 1.0899 1.0898 1.0897 1.0899 1.0903 1.0905 1.0903 1.09 1.0899 1.0899 1.0899 1.0901 1.0903 1.0907 1.0912 1.0916 1.0919 1.0922 1.0918 1.0911 1.0904 1.0899 1.0894 1.0915 1.0945 1.0966 1.0963 1.0959 1.0955 1.0952 1.095 1.0954 1.0958 1.0957 1.0956 1.0959 1.0972 1.0985 1.0992 1.0998 1.1 1.0994 1.0989 1.0998 1.101 1.1019 1.1025 1.1031 1.1025 1.1016 1.1038 1.1043 1.1044 1.1049 1.1054 1.1069 1.1086 1.1097 1.1107 1.1109 1.1111 1.1122 1.1133 1.1149 1.1159 1.1169 1.1187 1.1219 1.127 1.1347 1.1462 1.1656 1.2035 
348 1.0919 1.0919 1.0918 1.0918 1.0917 1.0916 1.0915 1.0914 1.0913 1.0912 1.0911 1.0909 1.0907 1.0906 1.0904 1.0902 1.09 1.0898 1.0897 1.0896 1.0895 1.0895 1.0895 1.0896 1.0897 1.0899 1.0901 1.0903 1.0901 1.0898 1.09 1.0904 1.0907 1.0904 1.09 1.0899 1.0899 1.09 1.0902 1.0904 1.0908 1.0913 1.0918 1.0922 1.0926 1.0916 1.0901 1.0888 1.0879 1.087 1.0903 1.095 1.0982 1.0975 1.0967 1.096 1.0952 1.0949 1.0955 1.0961 1.0961 1.0961 1.0964 1.0975 1.0987 1.0996 1.1005 1.1007 1.0998 1.0989 1.0999 1.1012 1.1022 1.1025 1.1029 1.1024 1.1018 1.103 1.1037 1.1043 1.1049 1.1056 1.1074 1.1093 1.1103 1.1113 1.1109 1.1105 1.1115 1.1126 1.1141 1.1153 1.1166 1.1185 1.1218 1.1271 1.1348 1.1463 1.1656 1.2034 
348.5 1.0919 1.0918 1.0918 1.0917 1.0917 1.0916 1.0915 1.0914 1.0913 1.0912 1.091 1.0909 1.0907 1.0906 1.0904 1.0902 1.0901 1.0899 1.0898 1.0897 1.0897 1.0897 1.0897 1.0898 1.0899 1.0901 1.0904 1.0906 1.0903 1.09 1.0902 1.0906 1.0909 1.0904 1.09 1.0899 1.09 1.0901 1.0903 1.0905 1.0909 1.0914 1.092 1.0924 1.0929 1.0914 1.0892 1.0872 1.0859 1.0846 1.0891 1.0954 1.0998 1.0987 1.0975 1.0964 1.0953 1.0948 1.0956 1.0964 1.0965 1.0965 1.0968 1.0978 1.0988 1.1 1.1011 1.1015 1.1002 1.099 1.1 1.1014 1.1024 1.1025 1.1026 1.1023 1.1019 1.1022 1.1031 1.1041 1.105 1.1058 1.1078 1.1099 1.1109 1.1119 1.111 1.1099 1.1108 1.1118 1.1133 1.1147 1.1162 1.1183 1.1218 1.1271 1.1348 1.1463 1.1656 1.2034 
349 1.092 1.0919 1.0919 1.0918 1.0918 1.0917 1.0916 1.0915 1.0914 1.0913 1.0911 1.091 1.0908 1.0907 1.0905 1.0903 1.0902 1.09 1.0899 1.0898 1.0898 1.0898 1.0898 1.0899 1.09 1.0902 1.0903 1.0904 1.0902 1.09 1.0902 1.0905 1.0907 1.0903 1.0899 1.0899 1.0899 1.09 1.0902 1.0905 1.0909 1.0914 1.0919 1.0922 1.0925 1.0914 1.0898 1.0883 1.0875 1.0867 1.0902 1.0951 1.0985 1.0978 1.0971 1.0961 1.0951 1.0945 1.0952 1.096 1.0964 1.0967 1.0972 1.098 1.0989 1.0994 1.0998 1.0997 1.0984 1.0972 1.0999 1.1033 1.1051 1.1041 1.1031 1.1027 1.1024 1.103 1.1037 1.1043 1.1052 1.1061 1.1078 1.1096 1.1106 1.1115 1.1111 1.1105 1.111 1.1116 1.1132 1.1147 1.1161 1.1182 1.1217 1.127 1.1347 1.1461 1.1655 1.2032 
349.5 1.0921 1.092 1.092 1.0919 1.0919 1.0918 1.0917 1.0916 1.0915 1.0914 1.0912 1.0911 1.0909 1.0908 1.0906 1.0904 1.0903 1.0901 1.09 1.0899 1.0898 1.0898 1.0898 1.09 1.0902 1.0902 1.0902 1.0902 1.0902 1.0901 1.0902 1.0905 1.0906 1.0902 1.0899 1.0898 1.0899 1.0899 1.0902 1.0905 1.0909 1.0914 1.0919 1.092 1.0921 1.0914 1.0904 1.0896 1.0892 1.0889 1.0913 1.0946 1.097 1.0968 1.0966 1.0958 1.0948 1.0943 1.0949 1.0955 1.0962 1.0968 1.0975 1.0983 1.099 1.0988 1.0984 1.0978 1.0966 1.0954 1.0998 1.1052 1.1078 1.1057 1.1036 1.1032 1.103 1.1039 1.1043 1.1045 1.1054 1.1063 1.1078 1.1093 1.1102 1.1111 1.1112 1.1112 1.1112 1.1113 1.1131 1.1146 1.1161 1.1181 1.1215 1.1268 1.1345 1.146 1.1653 1.2031 
350 1.0922 1.0921 1.0921 1.092 1.092 1.0919 1.0918 1.0917 1.0916 1.0915 1.0913 1.0912 1.091 1.0909 1.0907 1.0905 1.0904 1.0902 1.0901 1.09 1.0899 1.0899 1.0899 1.0901 1.0903 1.0903 1.0901 1.09 1.0901 1.0902 1.0903 1.0904 1.0904 1.0902 1.0899 1.0898 1.0898 1.0899 1.0902 1.0905 1.0909 1.0914 1.0918 1.0917 1.0917 1.0914 1.0911 1.0908 1.091 1.0912 1.0925 1.0942 1.0956 1.0959 1.0962 1.0955 1.0946 1.0941 1.0945 1.095 1.096 1.097 1.0979 1.0985 1.0991 1.0982 1.097 1.0959 1.0947 1.0936 1.0997 1.107 1.1105 1.1073 1.1041 1.1036 1.1035 1.1048 1.1048 1.1047 1.1056 1.1066 1.1078 1.109 1.1099 1.1107 1.1113 1.1118 1.1114 1.111 1.1131 1.1146 1.116 1.118 1.1214 1.1267 1.1344 1.1458 1.1652 1.2029 
350.5 1.0922 1.0922 1.0921 1.0921 1.092 1.092 1.0919 1.0918 1.0917 1.0915 1.0914 1.0912 1.0911 1.0909 1.0908 1.0906 1.0904 1.0902 1.0901 1.09 1.09 1.09 1.09 1.0902 1.0904 1.0903 1.0901 1.0899 1.0901 1.0902 1.0903 1.0903 1.0903 1.0901 1.0899 1.0898 1.0898 1.0899 1.0902 1.0904 1.0909 1.0914 1.0917 1.0915 1.0914 1.0914 1.0916 1.0919 1.0924 1.0929 1.0934 1.0938 1.0943 1.095 1.0956 1.0951 1.0942 1.0937 1.0939 1.0942 1.0956 1.0973 1.0986 1.099 1.0993 1.098 1.0963 1.0948 1.0937 1.0927 1.0997 1.108 1.1119 1.1081 1.1043 1.1038 1.1039 1.1054 1.1052 1.1049 1.1058 1.1068 1.1077 1.1087 1.1095 1.1104 1.1114 1.1124 1.1117 1.1109 1.113 1.1145 1.1159 1.1179 1.1212 1.1265 1.1342 1.1457 1.1651 1.2029 
351 1.0921 1.0921 1.092 1.092 1.0919 1.0918 1.0917 1.0916 1.0915 1.0914 1.0913 1.0911 1.091 1.0908 1.0907 1.0905 1.0904 1.0902 1.0901 1.09 1.09 1.09 1.09 1.0902 1.0903 1.0903 1.0901 1.09 1.0902 1.0903 1.0904 1.0904 1.0904 1.0903 1.0902 1.0902 1.0902 1.0902 1.0903 1.0905 1.0908 1.0911 1.0914 1.0914 1.0914 1.0915 1.0918 1.0921 1.0924 1.0927 1.093 1.0933 1.0936 1.0942 1.0947 1.0943 1.0935 1.0928 1.0923 1.0918 1.0946 1.0982 1.1005 1.1004 1.1002 1.0993 1.0982 1.0972 1.0964 1.0955 1.1002 1.1057 1.1083 1.1058 1.1033 1.1032 1.1034 1.1047 1.1049 1.1049 1.1058 1.1067 1.1076 1.1084 1.1093 1.1101 1.1114 1.1127 1.112 1.1113 1.113 1.1144 1.1157 1.1176 1.121 1.1264 1.1341 1.1457 1.1652 1.2032 
351.5 1.092 1.0919 1.0919 1.0918 1.0918 1.0917 1.0916 1.0915 1.0914 1.0913 1.0912 1.0911 1.0909 1.0908 1.0906 1.0905 1.0903 1.0902 1.0901 1.09 1.09 1.09 1.09 1.0901 1.0903 1.0903 1.0902 1.0901 1.0903 1.0905 1.0905 1.0905 1.0905 1.0905 1.0904 1.0905 1.0905 1.0906 1.0905 1.0905 1.0906 1.0909 1.0911 1.0912 1.0913 1.0916 1.092 1.0923 1.0924 1.0925 1.0926 1.0927 1.0929 1.0934 1.0938 1.0934 1.0928 1.092 1.0907 1.0895 1.0936 1.099 1.1025 1.1018 1.1011 1.1005 1.1001 1.0995 1.099 1.0984 1.1006 1.1034 1.1047 1.1035 1.1024 1.1026 1.103 1.1041 1.1045 1.1049 1.1058 1.1067 1.1074 1.1081 1.109 1.1098 1.1114 1.1129 1.1124 1.1117 1.113 1.1142 1.1155 1.1174 1.1209 1.1262 1.1341 1.1457 1.1653 1.2034 
352 1.0918 1.0918 1.0918 1.0917 1.0917 1.0916 1.0915 1.0914 1.0913 1.0912 1.0911 1.091 1.0908 1.0907 1.0905 1.0904 1.0903 1.0901 1.09 1.09 1.0899 1.0899 1.09 1.0901 1.0902 1.0902 1.0902 1.0903 1.0904 1.0906 1.0906 1.0906 1.0906 1.0907 1.0907 1.0908 1.0909 1.0909 1.0907 1.0905 1.0905 1.0906 1.0908 1.091 1.0913 1.0918 1.0922 1.0926 1.0925 1.0923 1.0923 1.0922 1.0922 1.0926 1.0929 1.0926 1.0921 1.0911 1.0892 1.0872 1.0926 1.0999 1.1044 1.1032 1.1019 1.1018 1.1019 1.1019 1.1016 1.1013 1.1011 1.101 1.101 1.1012 1.1014 1.102 1.1026 1.1035 1.1042 1.1049 1.1058 1.1067 1.1073 1.1079 1.1087 1.1096 1.1114 1.1132 1.1127 1.1121 1.1129 1.114 1.1153 1.1172 1.1207 1.1261 1.134 1.1457 1.1654 1.2037 
352.5 1.0919 1.0918 1.0918 1.0917 1.0917 1.0916 1.0915 1.0914 1.0913 1.0912 1.0911 1.091 1.0908 1.0907 1.0906 1.0904 1.0903 1.0902 1.0901 1.09 1.09 1.09 1.09 1.0901 1.0902 1.0903 1.0903 1.0904 1.0905 1.0906 1.0907 1.0907 1.0907 1.0908 1.0909 1.091 1.0911 1.0912 1.0909 1.0907 1.0907 1.0907 1.0908 1.0911 1.0915 1.092 1.0925 1.0929 1.0926 1.0923 1.0922 1.0921 1.0921 1.0924 1.0928 1.0926 1.0923 1.0914 1.0892 1.087 1.0925 1.1 1.1046 1.1032 1.1019 1.102 1.1025 1.1027 1.1027 1.1026 1.1011 1.0993 1.0987 1.1 1.1014 1.1021 1.1029 1.1037 1.1043 1.1048 1.1057 1.1066 1.1072 1.1078 1.1086 1.1094 1.1111 1.113 1.1127 1.1123 1.113 1.114 1.1153 1.1172 1.1207 1.1261 1.134 1.1457 1.1655 1.2039 
353 1.0921 1.092 1.092 1.0919 1.0919 1.0918 1.0917 1.0917 1.0916 1.0914 1.0913 1.0912 1.091 1.0909 1.0908 1.0906 1.0905 1.0904 1.0903 1.0902 1.0901 1.0901 1.0901 1.0902 1.0903 1.0904 1.0904 1.0905 1.0906 1.0907 1.0907 1.0908 1.0908 1.0909 1.091 1.0911 1.0912 1.0913 1.0912 1.0911 1.0911 1.0912 1.0913 1.0916 1.0918 1.0923 1.0928 1.0932 1.0928 1.0925 1.0925 1.0926 1.0928 1.0932 1.0937 1.0938 1.0937 1.0932 1.0915 1.0897 1.0937 1.0991 1.1025 1.1016 1.1006 1.1008 1.1013 1.1016 1.1017 1.1019 1.1003 1.0985 1.0981 1.1003 1.1025 1.1034 1.1042 1.105 1.1049 1.1047 1.1055 1.1065 1.1072 1.1079 1.1085 1.1091 1.1106 1.1122 1.1123 1.1123 1.1131 1.1143 1.1156 1.1175 1.1209 1.1262 1.1341 1.1458 1.1655 1.2038 
353.5 1.0923 1.0923 1.0922 1.0922 1.0921 1.092 1.0919 1.0919 1.0918 1.0916 1.0915 1.0914 1.0913 1.0911 1.091 1.0908 1.0907 1.0905 1.0904 1.0903 1.0903 1.0903 1.0903 1.0903 1.0904 1.0905 1.0905 1.0906 1.0907 1.0907 1.0908 1.0908 1.0909 1.091 1.091 1.0912 1.0913 1.0914 1.0914 1.0914 1.0915 1.0917 1.0918 1.092 1.0922 1.0926 1.0932 1.0935 1.0931 1.0927 1.0928 1.0931 1.0934 1.094 1.0946 1.095 1.0952 1.095 1.0937 1.0924 1.0949 1.0982 1.1004 1.0999 1.0994 1.0996 1.1 1.1004 1.1008 1.1012 1.0996 1.0976 1.0975 1.1006 1.1036 1.1047 1.1055 1.1063 1.1055 1.1045 1.1054 1.1064 1.1072 1.108 1.1085 1.1089 1.1101 1.1114 1.1119 1.1122 1.1133 1.1145 1.1159 1.1178 1.1211 1.1264 1.1342 1.1459 1.1655 1.2037 
354 1.0925 1.0925 1.0924 1.0924 1.0923 1.0922 1.0922 1.0921 1.092 1.0919 1.0917 1.0916 1.0915 1.0913 1.0912 1.091 1.0909 1.0907 1.0906 1.0905 1.0904 1.0904 1.0904 1.0905 1.0905 1.0906 1.0906 1.0907 1.0907 1.0908 1.0909 1.0909 1.091 1.091 1.0911 1.0913 1.0914 1.0916 1.0917 1.0918 1.092 1.0922 1.0923 1.0924 1.0926 1.093 1.0935 1.0938 1.0933 1.0929 1.0931 1.0936 1.0941 1.0948 1.0955 1.0961 1.0966 1.0968 1.096 1.0951 1.096 1.0974 1.0983 1.0982 1.0981 1.0984 1.0988 1.0993 1.0999 1.1005 1.0988 1.0968 1.0969 1.1008 1.1048 1.106 1.1068 1.1076 1.1061 1.1044 1.1052 1.1063 1.1073 1.1082 1.1084 1.1086 1.1096 1.1106 1.1114 1.1122 1.1134 1.1148 1.1161 1.1181 1.1213 1.1265 1.1343 1.1459 1.1656 1.2037 
354.5 1.0926 1.0926 1.0926 1.0925 1.0925 1.0924 1.0923 1.0922 1.0921 1.092 1.0919 1.0917 1.0916 1.0914 1.0913 1.0911 1.091 1.0908 1.0907 1.0906 1.0905 1.0905 1.0904 1.0905 1.0906 1.0906 1.0907 1.0907 1.0908 1.0908 1.0909 1.0909 1.091 1.0911 1.0911 1.0913 1.0914 1.0916 1.0918 1.092 1.0921 1.0922 1.0923 1.0924 1.0925 1.0929 1.0935 1.0938 1.0935 1.0933 1.0934 1.0938 1.0942 1.0949 1.0957 1.0962 1.0967 1.0969 1.0965 1.096 1.0965 1.0971 1.0976 1.0974 1.0973 1.0977 1.0981 1.0987 1.0995 1.1002 1.0991 1.0976 1.0979 1.1016 1.1053 1.1064 1.1072 1.1075 1.1061 1.1046 1.1054 1.1065 1.1073 1.1082 1.1085 1.1088 1.1096 1.1105 1.1113 1.112 1.1133 1.1146 1.116 1.1179 1.1212 1.1264 1.1342 1.1459 1.1655 1.2036 
355 1.0928 1.0928 1.0927 1.0926 1.0926 1.0925 1.0924 1.0924 1.0922 1.0921 1.092 1.0919 1.0917 1.0916 1.0914 1.0912 1.091 1.0909 1.0907 1.0906 1.0905 1.0905 1.0904 1.0905 1.0906 1.0906 1.0907 1.0907 1.0908 1.0909 1.0909 1.0909 1.0909 1.091 1.0911 1.0913 1.0914 1.0915 1.0918 1.092 1.0921 1.092 1.092 1.0922 1.0923 1.0927 1.0933 1.0937 1.0937 1.0937 1.0937 1.0937 1.094 1.0947 1.0955 1.0958 1.096 1.0961 1.0961 1.096 1.0966 1.0972 1.0976 1.0971 1.0967 1.0971 1.0977 1.0985 1.0994 1.1003 1.0999 1.0992 1.0998 1.1027 1.1056 1.1065 1.1071 1.1065 1.1058 1.1051 1.1058 1.1068 1.1075 1.1082 1.1087 1.1091 1.1099 1.1108 1.1113 1.1117 1.1129 1.1142 1.1155 1.1175 1.1209 1.1262 1.1341 1.1457 1.1654 1.2036 
355.5 1.0929 1.0929 1.0928 1.0928 1.0927 1.0927 1.0926 1.0925 1.0924 1.0923 1.0921 1.092 1.0918 1.0917 1.0915 1.0913 1.0911 1.091 1.0908 1.0906 1.0905 1.0905 1.0904 1.0905 1.0906 1.0906 1.0907 1.0907 1.0908 1.0909 1.0909 1.0909 1.0908 1.091 1.0912 1.0913 1.0913 1.0914 1.0917 1.092 1.092 1.0919 1.0918 1.0919 1.0921 1.0925 1.0931 1.0936 1.0938 1.0941 1.094 1.0937 1.0937 1.0945 1.0953 1.0954 1.0953 1.0953 1.0957 1.096 1.0966 1.0973 1.0976 1.0968 1.0961 1.0966 1.0974 1.0982 1.0993 1.1004 1.1007 1.1009 1.1017 1.1038 1.1059 1.1065 1.107 1.1056 1.1055 1.1055 1.1063 1.1071 1.1076 1.1082 1.1088 1.1094 1.1102 1.111 1.1113 1.1114 1.1126 1.1138 1.1151 1.1171 1.1206 1.126 1.1339 1.1456 1.1653 1.2036 
356 1.093 1.093 1.093 1.0929 1.0929 1.0928 1.0927 1.0926 1.0925 1.0924 1.0923 1.0921 1.0919 1.0918 1.0916 1.0914 1.0912 1.091 1.0908 1.0907 1.0905 1.0904 1.0904 1.0905 1.0906 1.0907 1.0907 1.0907 1.0908 1.0909 1.0909 1.0908 1.0908 1.091 1.0912 1.0912 1.0913 1.0914 1.0917 1.0921 1.092 1.0917 1.0915 1.0917 1.0918 1.0923 1.0929 1.0935 1.094 1.0945 1.0942 1.0937 1.0935 1.0943 1.0951 1.095 1.0946 1.0946 1.0953 1.096 1.0967 1.0974 1.0976 1.0965 1.0955 1.096 1.097 1.098 1.0992 1.1004 1.1015 1.1025 1.1037 1.1049 1.1062 1.1066 1.1069 1.1047 1.1052 1.106 1.1067 1.1074 1.1078 1.1081 1.1089 1.1098 1.1105 1.1113 1.1113 1.1112 1.1123 1.1134 1.1147 1.1167 1.1203 1.1258 1.1337 1.1455 1.1652 1.2036 
356.5 1.093 1.0929 1.0929 1.0928 1.0928 1.0927 1.0926 1.0925 1.0924 1.0923 1.0922 1.092 1.0918 1.0917 1.0915 1.0913 1.0911 1.0909 1.0907 1.0906 1.0904 1.0904 1.0903 1.0904 1.0905 1.0906 1.0906 1.0906 1.0908 1.091 1.0909 1.0908 1.0907 1.0909 1.0911 1.0912 1.0913 1.0914 1.0918 1.0922 1.092 1.0916 1.0912 1.0915 1.0918 1.0923 1.0929 1.0934 1.0938 1.0942 1.0941 1.0939 1.0938 1.0944 1.095 1.095 1.095 1.0951 1.0954 1.0958 1.0966 1.0975 1.0978 1.0968 1.0957 1.0963 1.0971 1.0981 1.0992 1.1004 1.1014 1.1024 1.1034 1.1044 1.1055 1.1059 1.1061 1.1045 1.1051 1.106 1.1066 1.1072 1.1077 1.1082 1.1091 1.1101 1.1105 1.1109 1.1111 1.1113 1.1124 1.1135 1.1148 1.1168 1.1204 1.1259 1.1339 1.1457 1.1654 1.2039 
357 1.0929 1.0928 1.0928 1.0927 1.0927 1.0926 1.0925 1.0924 1.0923 1.0922 1.092 1.0919 1.0917 1.0915 1.0913 1.0911 1.091 1.0908 1.0906 1.0904 1.0903 1.0903 1.0902 1.0903 1.0904 1.0905 1.0905 1.0906 1.0908 1.091 1.091 1.0908 1.0906 1.0909 1.0911 1.0913 1.0913 1.0915 1.092 1.0924 1.0921 1.0914 1.091 1.0913 1.0917 1.0922 1.0928 1.0933 1.0936 1.0939 1.094 1.0941 1.0942 1.0945 1.0949 1.0952 1.0955 1.0957 1.0957 1.0956 1.0965 1.0975 1.098 1.097 1.0961 1.0966 1.0974 1.0983 1.0993 1.1003 1.1011 1.102 1.1028 1.1038 1.1048 1.105 1.1052 1.1043 1.105 1.1059 1.1065 1.107 1.1077 1.1083 1.1094 1.1104 1.1104 1.1104 1.1109 1.1114 1.1126 1.1137 1.115 1.117 1.1206 1.1261 1.1341 1.1459 1.1656 1.2042 
357.5 1.0928 1.0927 1.0927 1.0926 1.0926 1.0925 1.0924 1.0923 1.0922 1.0921 1.0919 1.0918 1.0916 1.0914 1.0912 1.091 1.0908 1.0907 1.0905 1.0903 1.0902 1.0902 1.0901 1.0902 1.0903 1.0904 1.0905 1.0906 1.0908 1.0911 1.091 1.0907 1.0906 1.0908 1.0911 1.0913 1.0914 1.0916 1.0921 1.0926 1.0921 1.0913 1.0907 1.0912 1.0916 1.0922 1.0928 1.0932 1.0934 1.0935 1.0939 1.0943 1.0946 1.0947 1.0948 1.0953 1.096 1.0964 1.0959 1.0954 1.0963 1.0976 1.0982 1.0973 1.0965 1.0969 1.0976 1.0984 1.0993 1.1002 1.1009 1.1016 1.1023 1.1031 1.104 1.1042 1.1043 1.1041 1.1049 1.1058 1.1063 1.1068 1.1076 1.1084 1.1096 1.1107 1.1104 1.1099 1.1107 1.1116 1.1127 1.1139 1.1152 1.1172 1.1208 1.1263 1.1343 1.1461 1.1659 1.2046 
358 1.0927 1.0926 1.0926 1.0925 1.0925 1.0924 1.0923 1.0922 1.0921 1.092 1.0918 1.0916 1.0915 1.0913 1.0911 1.0909 1.0907 1.0905 1.0904 1.0902 1.0901 1.0901 1.0901 1.0902 1.0903 1.0904 1.0904 1.0906 1.0908 1.0911 1.091 1.0907 1.0905 1.0908 1.0911 1.0912 1.0913 1.0915 1.0921 1.0927 1.0922 1.0912 1.0905 1.0911 1.0916 1.0921 1.0927 1.0932 1.0932 1.0933 1.0938 1.0945 1.0949 1.0948 1.0947 1.0955 1.0965 1.097 1.0961 1.0953 1.0962 1.0976 1.0983 1.0976 1.0969 1.0973 1.0979 1.0986 1.0994 1.1001 1.1007 1.1012 1.1018 1.1026 1.1033 1.1034 1.1035 1.104 1.1048 1.1057 1.1062 1.1067 1.1076 1.1085 1.1097 1.1109 1.1103 1.1095 1.1106 1.1118 1.1128 1.114 1.1153 1.1174 1.121 1.1265 1.1345 1.1463 1.1661 1.2049 
358.5 1.0927 1.0926 1.0926 1.0925 1.0925 1.0924 1.0923 1.0922 1.0921 1.092 1.0918 1.0917 1.0915 1.0913 1.0912 1.091 1.0908 1.0906 1.0905 1.0903 1.0903 1.0902 1.0902 1.0903 1.0905 1.0905 1.0906 1.0907 1.0909 1.0911 1.091 1.0908 1.0907 1.0908 1.0908 1.0906 1.0902 1.0902 1.0914 1.0926 1.0924 1.0916 1.091 1.0915 1.092 1.0924 1.0928 1.0931 1.0933 1.0935 1.0939 1.0944 1.0948 1.095 1.0951 1.0959 1.0968 1.0972 1.0963 1.0953 1.096 1.0971 1.0978 1.0975 1.0972 1.0977 1.0984 1.099 1.0995 1.1 1.1006 1.1012 1.1018 1.1024 1.103 1.1034 1.1036 1.1042 1.105 1.1058 1.1064 1.107 1.1076 1.1082 1.1092 1.1102 1.11 1.1097 1.1107 1.1118 1.1127 1.1139 1.1152 1.1173 1.1208 1.1264 1.1343 1.1461 1.1659 1.2045 
359 1.0927 1.0926 1.0926 1.0925 1.0925 1.0924 1.0923 1.0922 1.0921 1.092 1.0919 1.0917 1.0916 1.0914 1.0912 1.091 1.0909 1.0907 1.0905 1.0904 1.0904 1.0903 1.0903 1.0905 1.0906 1.0907 1.0908 1.0908 1.091 1.0911 1.0911 1.0909 1.0908 1.0907 1.0906 1.09 1.0892 1.0888 1.0907 1.0925 1.0926 1.092 1.0915 1.092 1.0924 1.0927 1.0928 1.093 1.0934 1.0937 1.094 1.0944 1.0947 1.0951 1.0954 1.0962 1.0971 1.0974 1.0964 1.0953 1.0958 1.0966 1.0973 1.0974 1.0975 1.0981 1.0988 1.0994 1.0997 1.1 1.1006 1.1012 1.1018 1.1023 1.1028 1.1033 1.1038 1.1044 1.1051 1.1058 1.1066 1.1073 1.1076 1.1079 1.1087 1.1096 1.1098 1.1099 1.1108 1.1118 1.1126 1.1138 1.1151 1.1172 1.1207 1.1262 1.1342 1.1459 1.1657 1.2042 
359.5 1.0927 1.0926 1.0926 1.0925 1.0925 1.0924 1.0923 1.0923 1.0922 1.092 1.0919 1.0918 1.0916 1.0915 1.0913 1.0911 1.0909 1.0908 1.0906 1.0905 1.0905 1.0905 1.0905 1.0906 1.0908 1.0909 1.0909 1.091 1.091 1.0911 1.0911 1.091 1.0909 1.0907 1.0904 1.0894 1.0881 1.0875 1.09 1.0924 1.0928 1.0923 1.092 1.0924 1.0928 1.0929 1.0929 1.093 1.0934 1.0939 1.0942 1.0943 1.0946 1.0952 1.0958 1.0965 1.0974 1.0976 1.0965 1.0953 1.0956 1.0962 1.0968 1.0973 1.0978 1.0985 1.0993 1.0998 1.0998 1.0999 1.1005 1.1012 1.1018 1.1022 1.1026 1.1032 1.1039 1.1046 1.1052 1.1059 1.1067 1.1076 1.1077 1.1077 1.1083 1.1089 1.1095 1.1101 1.111 1.1119 1.1125 1.1136 1.115 1.1171 1.1206 1.1261 1.134 1.1457 1.1654 1.2039 
360 1.0926 1.0926 1.0925 1.0925 1.0924 1.0924 1.0923 1.0922 1.0921 1.092 1.0919 1.0917 1.0916 1.0914 1.0913 1.0911 1.0909 1.0907 1.0906 1.0905 1.0905 1.0905 1.0905 1.0907 1.0909 1.091 1.091 1.091 1.0911 1.0911 1.0911 1.091 1.091 1.0906 1.0903 1.0892 1.0877 1.087 1.0897 1.0924 1.0929 1.0925 1.0922 1.0927 1.0931 1.093 1.0929 1.0929 1.0935 1.0941 1.0943 1.0942 1.0944 1.0951 1.0959 1.0966 1.0974 1.0976 1.0965 1.0953 1.0955 1.0959 1.0965 1.0973 1.0981 1.0988 1.0995 1.0999 1.0998 1.0998 1.1004 1.1011 1.1017 1.1021 1.1025 1.1032 1.1039 1.1046 1.1053 1.1061 1.1069 1.1077 1.1076 1.1074 1.1079 1.1084 1.1093 1.1102 1.1111 1.1119 1.1125 1.1136 1.115 1.117 1.1205 1.126 1.134 1.1457 1.1654 1.2038 
360.5 1.0924 1.0924 1.0923 1.0923 1.0922 1.0922 1.0921 1.092 1.0919 1.0918 1.0917 1.0915 1.0914 1.0912 1.0911 1.0909 1.0907 1.0906 1.0905 1.0904 1.0904 1.0904 1.0904 1.0906 1.0908 1.0909 1.0909 1.0909 1.091 1.0911 1.0911 1.0909 1.0908 1.0907 1.0905 1.0897 1.0887 1.0882 1.0902 1.0923 1.0926 1.0921 1.0918 1.0924 1.093 1.093 1.0926 1.0926 1.0935 1.0944 1.0944 1.094 1.0939 1.0947 1.0954 1.0961 1.0969 1.0971 1.0962 1.0952 1.0955 1.0961 1.0968 1.0976 1.0985 1.0988 1.0991 1.0994 1.0995 1.0997 1.1002 1.1007 1.1013 1.1022 1.103 1.1033 1.1036 1.1042 1.1054 1.1066 1.107 1.1073 1.1072 1.107 1.1077 1.1084 1.1093 1.1102 1.1111 1.112 1.1127 1.1138 1.1152 1.1172 1.1207 1.1261 1.1341 1.1458 1.1655 1.204 
361 1.0922 1.0922 1.0921 1.0921 1.092 1.092 1.0919 1.0918 1.0917 1.0916 1.0915 1.0913 1.0912 1.091 1.0909 1.0907 1.0906 1.0904 1.0903 1.0902 1.0902 1.0903 1.0903 1.0905 1.0907 1.0907 1.0907 1.0907 1.0909 1.0911 1.0911 1.0909 1.0907 1.0907 1.0907 1.0902 1.0896 1.0893 1.0908 1.0922 1.0923 1.0917 1.0914 1.0922 1.093 1.0929 1.0924 1.0924 1.0935 1.0947 1.0945 1.0938 1.0935 1.0942 1.0949 1.0956 1.0963 1.0966 1.0959 1.0952 1.0956 1.0963 1.097 1.0979 1.0988 1.0989 1.0988 1.0989 1.0993 1.0996 1.1 1.1003 1.101 1.1022 1.1034 1.1034 1.1033 1.1038 1.1054 1.1071 1.1071 1.107 1.1069 1.1067 1.1075 1.1084 1.1093 1.1102 1.1111 1.112 1.1128 1.114 1.1153 1.1173 1.1208 1.1262 1.1342 1.1459 1.1657 1.2043 
361.5 1.092 1.092 1.092 1.0919 1.0918 1.0918 1.0917 1.0916 1.0915 1.0914 1.0913 1.0911 1.091 1.0908 1.0907 1.0905 1.0904 1.0903 1.0902 1.0901 1.0901 1.0901 1.0902 1.0904 1.0906 1.0906 1.0906 1.0906 1.0908 1.0911 1.091 1.0908 1.0905 1.0907 1.0908 1.0907 1.0905 1.0905 1.0914 1.0922 1.092 1.0913 1.0909 1.0919 1.0929 1.0928 1.0922 1.0921 1.0936 1.095 1.0946 1.0936 1.093 1.0937 1.0945 1.0952 1.0958 1.0961 1.0956 1.0951 1.0956 1.0964 1.0973 1.0982 1.0992 1.099 1.0985 1.0984 1.099 1.0996 1.0998 1.0999 1.1006 1.1022 1.1038 1.1035 1.1029 1.1035 1.1054 1.1075 1.1072 1.1067 1.1065 1.1064 1.1073 1.1083 1.1093 1.1102 1.1111 1.112 1.113 1.1142 1.1155 1.1175 1.1209 1.1263 1.1343 1.1461 1.1659 1.2045 
362 1.0919 1.0919 1.0919 1.0918 1.0918 1.0917 1.0916 1.0915 1.0914 1.0913 1.0911 1.091 1.0909 1.0907 1.0906 1.0904 1.0903 1.0901 1.09 1.0899 1.0899 1.09 1.09 1.0902 1.0904 1.0905 1.0905 1.0905 1.0907 1.091 1.0909 1.0907 1.0905 1.0907 1.0909 1.0909 1.0909 1.091 1.0915 1.0921 1.0919 1.0913 1.0911 1.0919 1.0928 1.0927 1.0923 1.0923 1.0936 1.0948 1.0945 1.0937 1.0932 1.0937 1.0942 1.0949 1.0956 1.096 1.0955 1.095 1.0957 1.0966 1.0975 1.0983 1.0992 1.0989 1.0984 1.0982 1.0986 1.0991 1.0993 1.0995 1.1002 1.1019 1.1036 1.1035 1.1032 1.1039 1.1059 1.1081 1.1075 1.1066 1.1064 1.1062 1.1072 1.1083 1.1091 1.1099 1.1109 1.1118 1.1128 1.1141 1.1154 1.1174 1.1208 1.1262 1.1342 1.146 1.1658 1.2044 
362.5 1.0919 1.0919 1.0918 1.0918 1.0917 1.0916 1.0916 1.0915 1.0914 1.0912 1.0911 1.0909 1.0908 1.0906 1.0905 1.0903 1.0901 1.09 1.0899 1.0898 1.0898 1.0898 1.0899 1.0901 1.0902 1.0903 1.0903 1.0904 1.0906 1.0908 1.0908 1.0906 1.0905 1.0907 1.0909 1.0909 1.0909 1.091 1.0915 1.0919 1.092 1.0918 1.0917 1.0921 1.0925 1.0926 1.0927 1.0929 1.0936 1.0942 1.0942 1.094 1.0939 1.094 1.0941 1.0949 1.0957 1.0962 1.0956 1.095 1.0957 1.0967 1.0976 1.0983 1.0989 1.0987 1.0984 1.0982 1.0983 1.0984 1.0987 1.0991 1.0999 1.1014 1.1029 1.1034 1.1038 1.105 1.1068 1.1087 1.1079 1.1068 1.1064 1.1061 1.1071 1.1083 1.1089 1.1094 1.1103 1.1113 1.1124 1.1137 1.1151 1.1171 1.1205 1.126 1.134 1.1457 1.1655 1.204 
363 1.0919 1.0919 1.0918 1.0918 1.0917 1.0916 1.0915 1.0914 1.0913 1.0912 1.091 1.0909 1.0907 1.0905 1.0904 1.0902 1.09 1.0898 1.0897 1.0896 1.0896 1.0897 1.0897 1.0899 1.09 1.0901 1.0902 1.0903 1.0905 1.0906 1.0906 1.0906 1.0906 1.0907 1.0908 1.0909 1.0909 1.091 1.0914 1.0918 1.092 1.0922 1.0923 1.0922 1.0922 1.0926 1.0931 1.0935 1.0935 1.0936 1.0939 1.0943 1.0946 1.0943 1.094 1.0948 1.0959 1.0964 1.0957 1.095 1.0958 1.0969 1.0978 1.0982 1.0986 1.0986 1.0984 1.0982 1.0979 1.0976 1.0981 1.0986 1.0995 1.1008 1.1022 1.1033 1.1045 1.106 1.1077 1.1093 1.1083 1.107 1.1064 1.1059 1.107 1.1082 1.1086 1.1089 1.1098 1.1108 1.1121 1.1134 1.1148 1.1168 1.1203 1.1258 1.1338 1.1455 1.1652 1.2036 
363.5 1.0919 1.0918 1.0918 1.0917 1.0917 1.0916 1.0915 1.0914 1.0913 1.0911 1.091 1.0908 1.0906 1.0904 1.0902 1.09 1.0899 1.0897 1.0896 1.0895 1.0895 1.0895 1.0895 1.0897 1.0898 1.09 1.0901 1.0903 1.0903 1.0904 1.0905 1.0905 1.0906 1.0907 1.0908 1.0909 1.0909 1.091 1.0913 1.0917 1.0921 1.0926 1.0929 1.0924 1.0919 1.0925 1.0935 1.0941 1.0935 1.093 1.0936 1.0947 1.0953 1.0946 1.0939 1.0947 1.096 1.0966 1.0958 1.095 1.0958 1.0971 1.098 1.0982 1.0984 1.0984 1.0984 1.0982 1.0975 1.0969 1.0974 1.0982 1.0991 1.1003 1.1015 1.1033 1.1052 1.1071 1.1085 1.1099 1.1087 1.1072 1.1064 1.1058 1.1069 1.1082 1.1083 1.1083 1.1093 1.1103 1.1117 1.113 1.1144 1.1165 1.1201 1.1256 1.1335 1.1452 1.1648 1.2031 
364 1.0919 1.0919 1.0919 1.0918 1.0917 1.0917 1.0916 1.0915 1.0914 1.0912 1.0911 1.0909 1.0908 1.0906 1.0904 1.0902 1.09 1.0899 1.0897 1.0896 1.0896 1.0896 1.0897 1.0898 1.0899 1.0901 1.0902 1.0903 1.0903 1.0904 1.0904 1.0904 1.0905 1.0905 1.0906 1.0907 1.0907 1.0908 1.0911 1.0914 1.0919 1.0925 1.0928 1.0923 1.0918 1.0923 1.0931 1.0936 1.0931 1.0926 1.0933 1.0943 1.0949 1.0942 1.0935 1.0943 1.0955 1.0962 1.0954 1.0947 1.0954 1.0965 1.0974 1.0977 1.0981 1.0983 1.0984 1.0983 1.0977 1.097 1.0971 1.0973 1.0978 1.0988 1.0998 1.101 1.1023 1.1121 1.1128 1.1121 1.1098 1.1074 1.1069 1.1066 1.1077 1.1088 1.1091 1.1093 1.11 1.1107 1.1122 1.1135 1.1149 1.1169 1.1203 1.1258 1.1337 1.1453 1.1649 1.203 
364.5 1.092 1.092 1.092 1.0919 1.0919 1.0918 1.0917 1.0916 1.0915 1.0914 1.0912 1.0911 1.0909 1.0908 1.0906 1.0904 1.0903 1.0901 1.09 1.0899 1.0899 1.0899 1.0899 1.09 1.0901 1.0902 1.0902 1.0903 1.0904 1.0905 1.0904 1.0904 1.0903 1.0903 1.0904 1.0904 1.0904 1.0905 1.0908 1.0911 1.0916 1.0921 1.0925 1.0922 1.0918 1.0921 1.0926 1.0929 1.0926 1.0923 1.0929 1.0937 1.0942 1.0936 1.093 1.0938 1.095 1.0956 1.0949 1.0943 1.0949 1.0958 1.0966 1.0972 1.0979 1.0982 1.0984 1.0984 1.0979 1.0975 1.0969 1.0963 1.0962 1.097 1.0978 1.0982 1.0985 1.1182 1.1179 1.1148 1.1112 1.1076 1.1075 1.1077 1.1086 1.1095 1.1101 1.1105 1.1109 1.1113 1.1129 1.1143 1.1155 1.1174 1.1207 1.1261 1.1339 1.1455 1.165 1.203 
365 1.0921 1.0921 1.0921 1.092 1.092 1.0919 1.0918 1.0917 1.0916 1.0915 1.0914 1.0913 1.0911 1.091 1.0908 1.0906 1.0905 1.0903 1.0902 1.0901 1.0901 1.0901 1.0901 1.0902 1.0903 1.0903 1.0903 1.0903 1.0904 1.0905 1.0904 1.0903 1.0901 1.0901 1.0902 1.0902 1.0902 1.0903 1.0905 1.0908 1.0913 1.0918 1.0922 1.092 1.0918 1.0919 1.0921 1.0922 1.0921 1.092 1.0925 1.0931 1.0935 1.093 1.0926 1.0933 1.0944 1.095 1.0944 1.0938 1.0943 1.095 1.0958 1.0967 1.0976 1.0981 1.0984 1.0986 1.0982 1.0979 1.0967 1.0953 1.0947 1.0953 1.0959 1.0954 1.0948 1.1242 1.123 1.1175 1.1126 1.1078 1.108 1.1088 1.1095 1.1103 1.1111 1.1118 1.1119 1.1119 1.1137 1.115 1.1162 1.1179 1.1211 1.1264 1.1341 1.1457 1.1652 1.203 
365.5 1.0922 1.0922 1.0922 1.0921 1.0921 1.092 1.0919 1.0918 1.0918 1.0917 1.0915 1.0914 1.0913 1.0911 1.091 1.0909 1.0907 1.0906 1.0905 1.0904 1.0903 1.0903 1.0903 1.0904 1.0905 1.0905 1.0904 1.0903 1.0904 1.0906 1.0904 1.0902 1.09 1.0899 1.0899 1.0899 1.0899 1.09 1.0903 1.0905 1.091 1.0915 1.0919 1.0919 1.0918 1.0917 1.0916 1.0915 1.0916 1.0917 1.0921 1.0926 1.0929 1.0925 1.0921 1.0928 1.0938 1.0944 1.0939 1.0934 1.0938 1.0943 1.095 1.0962 1.0974 1.0979 1.0984 1.0987 1.0985 1.0983 1.0965 1.0944 1.0932 1.0936 1.0941 1.0928 1.0912 1.1299 1.1278 1.12 1.1139 1.1079 1.1086 1.1098 1.1104 1.111 1.112 1.1131 1.1128 1.1124 1.1144 1.1157 1.1168 1.1185 1.1215 1.1267 1.1344 1.1459 1.1653 1.203 
366 1.0923 1.0922 1.0922 1.0921 1.0921 1.092 1.0919 1.0919 1.0918 1.0917 1.0916 1.0914 1.0913 1.0912 1.091 1.0909 1.0907 1.0906 1.0905 1.0904 1.0903 1.0903 1.0903 1.0904 1.0905 1.0905 1.0905 1.0904 1.0906 1.0907 1.0906 1.0904 1.0901 1.0897 1.0893 1.0893 1.0894 1.0896 1.0899 1.0903 1.091 1.0919 1.0926 1.0927 1.0929 1.0926 1.0922 1.0919 1.0918 1.0917 1.0922 1.0929 1.0933 1.0929 1.0925 1.0931 1.094 1.0946 1.0944 1.0943 1.0946 1.095 1.0956 1.0964 1.0973 1.0979 1.0985 1.0988 1.0988 1.0988 1.0976 1.0963 1.0956 1.0959 1.0963 1.0955 1.0946 1.1232 1.1217 1.1162 1.1119 1.1078 1.1085 1.1096 1.1103 1.111 1.1116 1.1122 1.1123 1.1123 1.1141 1.1154 1.1166 1.1184 1.1216 1.1268 1.1345 1.146 1.1654 1.2031 
366.5 1.0923 1.0922 1.0922 1.0922 1.0921 1.092 1.092 1.0919 1.0918 1.0917 1.0916 1.0915 1.0913 1.0912 1.091 1.0909 1.0907 1.0906 1.0905 1.0904 1.0903 1.0903 1.0903 1.0905 1.0906 1.0906 1.0906 1.0906 1.0907 1.0908 1.0908 1.0906 1.0903 1.0895 1.0887 1.0886 1.0889 1.0892 1.0896 1.0901 1.0911 1.0922 1.0932 1.0936 1.0939 1.0936 1.0929 1.0923 1.092 1.0917 1.0924 1.0933 1.0938 1.0933 1.0928 1.0933 1.0942 1.0948 1.095 1.0951 1.0954 1.0958 1.0961 1.0967 1.0973 1.0979 1.0985 1.099 1.0991 1.0993 1.0988 1.0982 1.0979 1.0982 1.0986 1.0983 1.0979 1.1164 1.1157 1.1123 1.1099 1.1076 1.1084 1.1094 1.1102 1.111 1.1112 1.1113 1.1117 1.1121 1.1138 1.1152 1.1165 1.1184 1.1217 1.127 1.1347 1.1461 1.1655 1.2031 
367 1.0923 1.0923 1.0922 1.0922 1.0921 1.0921 1.092 1.0919 1.0918 1.0917 1.0916 1.0915 1.0913 1.0912 1.091 1.0909 1.0907 1.0906 1.0905 1.0904 1.0903 1.0903 1.0904 1.0905 1.0906 1.0907 1.0907 1.0907 1.0908 1.0909 1.0909 1.0908 1.0905 1.0893 1.0881 1.088 1.0883 1.0887 1.0893 1.09 1.0911 1.0926 1.0938 1.0944 1.095 1.0945 1.0935 1.0927 1.0922 1.0917 1.0925 1.0936 1.0943 1.0937 1.0932 1.0936 1.0943 1.095 1.0955 1.096 1.0963 1.0965 1.0967 1.097 1.0972 1.0979 1.0986 1.0992 1.0994 1.0997 1.0999 1.1001 1.1003 1.1006 1.1008 1.1011 1.1013 1.1096 1.1096 1.1085 1.1079 1.1074 1.1083 1.1092 1.1101 1.111 1.1107 1.1104 1.1112 1.112 1.1136 1.115 1.1164 1.1184 1.1218 1.1271 1.1349 1.1463 1.1655 1.2032 
367.5 1.0923 1.0923 1.0922 1.0922 1.0921 1.0921 1.092 1.0919 1.0918 1.0917 1.0916 1.0915 1.0913 1.0912 1.091 1.0908 1.0907 1.0905 1.0904 1.0903 1.0903 1.0903 1.0903 1.0904 1.0906 1.0907 1.0907 1.0907 1.0908 1.091 1.0909 1.0909 1.0906 1.0892 1.0878 1.0877 1.0881 1.0886 1.0893 1.0899 1.0912 1.0927 1.094 1.0948 1.0955 1.095 1.0939 1.0929 1.0924 1.0918 1.0926 1.0938 1.0945 1.094 1.0935 1.0938 1.0945 1.0951 1.0959 1.0966 1.0969 1.097 1.0971 1.0971 1.0972 1.0979 1.0986 1.0993 1.0997 1.1001 1.1007 1.1014 1.1019 1.1022 1.1024 1.103 1.1038 1.1047 1.1052 1.1056 1.1064 1.1073 1.1082 1.109 1.11 1.111 1.1105 1.11 1.1109 1.112 1.1135 1.1149 1.1163 1.1184 1.1219 1.1272 1.1349 1.1463 1.1656 1.2032 
368 1.0922 1.0922 1.0922 1.0921 1.0921 1.092 1.0919 1.0918 1.0917 1.0916 1.0915 1.0913 1.0912 1.091 1.0908 1.0907 1.0905 1.0903 1.0902 1.0901 1.09 1.09 1.09 1.0902 1.0903 1.0903 1.0904 1.0904 1.0905 1.0907 1.0907 1.0906 1.0903 1.0894 1.0884 1.0884 1.0888 1.0892 1.0898 1.0904 1.0912 1.0921 1.0929 1.0937 1.0945 1.0941 1.0932 1.0925 1.0924 1.0922 1.0928 1.0935 1.094 1.0938 1.0936 1.094 1.0945 1.0951 1.0959 1.0966 1.0968 1.0968 1.0968 1.097 1.0972 1.0979 1.0987 1.0994 1.0997 1.1001 1.1006 1.1011 1.1015 1.1017 1.1019 1.1026 1.1034 1.1051 1.1055 1.1057 1.1065 1.1074 1.1082 1.1089 1.1099 1.1109 1.111 1.1109 1.1117 1.1125 1.1141 1.1153 1.1166 1.1185 1.1219 1.1271 1.1348 1.1462 1.1655 1.2032 
368.5 1.0922 1.0922 1.0921 1.0921 1.092 1.0919 1.0918 1.0917 1.0916 1.0915 1.0913 1.0912 1.091 1.0908 1.0907 1.0905 1.0903 1.0901 1.09 1.0898 1.0898 1.0898 1.0897 1.0899 1.09 1.09 1.0901 1.0901 1.0902 1.0904 1.0904 1.0903 1.0901 1.0895 1.089 1.0891 1.0895 1.0899 1.0903 1.0908 1.0912 1.0915 1.0919 1.0927 1.0935 1.0932 1.0925 1.092 1.0923 1.0926 1.0929 1.0933 1.0935 1.0937 1.0938 1.0942 1.0946 1.0951 1.0959 1.0966 1.0967 1.0966 1.0966 1.0969 1.0972 1.098 1.0988 1.0994 1.0998 1.1001 1.1004 1.1007 1.101 1.1012 1.1015 1.1022 1.1031 1.1056 1.1058 1.1057 1.1066 1.1076 1.1082 1.1087 1.1098 1.1109 1.1114 1.1118 1.1124 1.1129 1.1146 1.1158 1.1169 1.1187 1.1219 1.127 1.1346 1.1461 1.1654 1.2031 
369 1.0922 1.0921 1.0921 1.092 1.0919 1.0919 1.0918 1.0917 1.0915 1.0914 1.0912 1.0911 1.0909 1.0907 1.0905 1.0903 1.0901 1.0899 1.0897 1.0896 1.0895 1.0895 1.0895 1.0896 1.0897 1.0897 1.0898 1.0898 1.0899 1.0901 1.0901 1.09 1.0899 1.0897 1.0896 1.0898 1.0901 1.0905 1.0909 1.0913 1.0912 1.0908 1.0908 1.0916 1.0925 1.0923 1.0918 1.0916 1.0923 1.093 1.0931 1.093 1.0931 1.0935 1.094 1.0943 1.0947 1.0951 1.0959 1.0966 1.0966 1.0964 1.0964 1.0968 1.0973 1.098 1.0988 1.0995 1.0998 1.1001 1.1002 1.1003 1.1005 1.1008 1.101 1.1018 1.1027 1.106 1.1061 1.1058 1.1067 1.1077 1.1082 1.1086 1.1097 1.1108 1.1118 1.1127 1.1131 1.1134 1.1152 1.1163 1.1172 1.1188 1.1218 1.1269 1.1345 1.1459 1.1653 1.2031 
369.5 1.0922 1.0921 1.0921 1.092 1.092 1.0919 1.0918 1.0917 1.0915 1.0914 1.0912 1.0911 1.0909 1.0907 1.0905 1.0903 1.0901 1.0899 1.0897 1.0896 1.0895 1.0894 1.0894 1.0895 1.0896 1.0896 1.0897 1.0897 1.0898 1.0899 1.0899 1.0899 1.0898 1.0899 1.0899 1.0901 1.0904 1.0907 1.091 1.0913 1.091 1.0905 1.0903 1.091 1.0918 1.0918 1.0915 1.0914 1.0923 1.0932 1.0932 1.093 1.0929 1.0935 1.0942 1.0945 1.0947 1.0951 1.0958 1.0964 1.0964 1.0963 1.0963 1.0968 1.0973 1.0981 1.0989 1.0996 1.0998 1.1001 1.1002 1.1003 1.1004 1.1007 1.101 1.1019 1.1028 1.1061 1.1062 1.1059 1.1069 1.1079 1.1083 1.1086 1.1097 1.1108 1.112 1.1132 1.1134 1.1137 1.1154 1.1164 1.1174 1.119 1.122 1.127 1.1346 1.146 1.1653 1.2029 
370 1.0922 1.0922 1.0922 1.0921 1.092 1.092 1.0919 1.0918 1.0916 1.0915 1.0914 1.0912 1.091 1.0909 1.0907 1.0905 1.0903 1.0901 1.0899 1.0898 1.0897 1.0896 1.0896 1.0896 1.0897 1.0897 1.0898 1.0898 1.0899 1.09 1.09 1.09 1.0899 1.09 1.0901 1.0902 1.0903 1.0904 1.0906 1.0908 1.0907 1.0905 1.0905 1.091 1.0914 1.0915 1.0915 1.0916 1.0924 1.0932 1.0933 1.0931 1.0931 1.0938 1.0944 1.0947 1.0948 1.0951 1.0955 1.096 1.0962 1.0963 1.0965 1.097 1.0975 1.0982 1.099 1.0996 1.0999 1.1001 1.1003 1.1004 1.1007 1.1011 1.1016 1.1024 1.1033 1.1059 1.1062 1.1062 1.1072 1.1082 1.1085 1.1088 1.1098 1.1109 1.1119 1.113 1.1134 1.1138 1.1151 1.1162 1.1173 1.1191 1.1222 1.1273 1.1348 1.1461 1.1653 1.2027 
370.5 1.0923 1.0923 1.0922 1.0922 1.0921 1.0921 1.092 1.0919 1.0918 1.0916 1.0915 1.0913 1.0912 1.091 1.0908 1.0907 1.0905 1.0903 1.0901 1.09 1.0899 1.0898 1.0898 1.0898 1.0898 1.0899 1.0899 1.0899 1.09 1.09 1.0901 1.0901 1.0901 1.0901 1.0902 1.0902 1.0901 1.0901 1.0902 1.0903 1.0904 1.0905 1.0906 1.0909 1.0911 1.0913 1.0915 1.0918 1.0925 1.0932 1.0933 1.0932 1.0933 1.094 1.0946 1.0948 1.0949 1.095 1.0953 1.0955 1.0959 1.0963 1.0967 1.0971 1.0976 1.0983 1.0991 1.0997 1.0999 1.1001 1.1004 1.1006 1.101 1.1016 1.1021 1.103 1.1039 1.1056 1.1062 1.1066 1.1075 1.1084 1.1088 1.1091 1.1099 1.1109 1.1119 1.1128 1.1134 1.114 1.1149 1.116 1.1173 1.1192 1.1225 1.1276 1.1351 1.1463 1.1653 1.2024 
371 1.0924 1.0924 1.0923 1.0923 1.0922 1.0921 1.0921 1.092 1.0919 1.0918 1.0916 1.0915 1.0913 1.0912 1.091 1.0909 1.0907 1.0905 1.0904 1.0902 1.0901 1.09 1.0899 1.09 1.09 1.09 1.09 1.0901 1.0901 1.0901 1.0901 1.0901 1.0902 1.0903 1.0903 1.0902 1.09 1.0898 1.0898 1.0898 1.0901 1.0905 1.0908 1.0908 1.0907 1.091 1.0915 1.092 1.0926 1.0932 1.0934 1.0934 1.0936 1.0942 1.0949 1.095 1.095 1.095 1.095 1.0951 1.0956 1.0963 1.0968 1.0973 1.0977 1.0984 1.0991 1.0997 1.0999 1.1001 1.1005 1.1008 1.1013 1.102 1.1027 1.1035 1.1044 1.1053 1.1061 1.1069 1.1078 1.1087 1.109 1.1093 1.1101 1.1109 1.1118 1.1127 1.1134 1.1142 1.1147 1.1158 1.1172 1.1193 1.1228 1.128 1.1354 1.1465 1.1653 1.2022 
371.5 1.0924 1.0924 1.0923 1.0923 1.0922 1.0922 1.0921 1.092 1.0919 1.0918 1.0917 1.0915 1.0914 1.0912 1.0911 1.0909 1.0908 1.0906 1.0904 1.0903 1.0902 1.0901 1.09 1.09 1.09 1.0901 1.0901 1.0901 1.0902 1.0902 1.0902 1.0903 1.0904 1.0904 1.0905 1.0903 1.0901 1.09 1.0901 1.0901 1.0904 1.0908 1.091 1.0909 1.0908 1.0912 1.0917 1.0923 1.0928 1.0934 1.0936 1.0938 1.094 1.0944 1.0948 1.0951 1.0953 1.0954 1.0954 1.0953 1.0957 1.0962 1.0967 1.0972 1.0978 1.0985 1.0993 1.0999 1.1 1.1 1.1005 1.1011 1.1016 1.102 1.1024 1.1033 1.1042 1.1044 1.1053 1.1063 1.107 1.1078 1.1083 1.1088 1.1097 1.1108 1.1117 1.1126 1.1135 1.1144 1.1146 1.1156 1.117 1.1191 1.1226 1.1278 1.1353 1.1465 1.1655 1.2026 
372 1.0924 1.0924 1.0923 1.0923 1.0922 1.0921 1.0921 1.092 1.0919 1.0918 1.0917 1.0915 1.0914 1.0912 1.0911 1.0909 1.0908 1.0906 1.0905 1.0903 1.0902 1.0901 1.0901 1.0901 1.0901 1.0901 1.0902 1.0902 1.0903 1.0903 1.0904 1.0905 1.0906 1.0906 1.0906 1.0905 1.0904 1.0904 1.0906 1.0908 1.091 1.0911 1.0912 1.0912 1.0912 1.0915 1.0921 1.0926 1.0931 1.0935 1.0939 1.0942 1.0945 1.0946 1.0947 1.0951 1.0957 1.096 1.0959 1.0958 1.0959 1.0961 1.0964 1.0971 1.0978 1.0987 1.0996 1.1002 1.1 1.0998 1.1005 1.1014 1.1019 1.1018 1.1018 1.1027 1.1037 1.1032 1.1042 1.1053 1.1059 1.1064 1.1071 1.1079 1.1092 1.1106 1.1116 1.1126 1.1136 1.1145 1.1145 1.1153 1.1166 1.1186 1.1221 1.1274 1.1351 1.1464 1.1657 1.2032 
372.5 1.0924 1.0923 1.0923 1.0922 1.0922 1.0921 1.0921 1.092 1.0919 1.0918 1.0917 1.0915 1.0914 1.0912 1.0911 1.0909 1.0908 1.0906 1.0905 1.0903 1.0902 1.0902 1.0901 1.0901 1.0902 1.0902 1.0903 1.0903 1.0904 1.0904 1.0906 1.0907 1.0909 1.0908 1.0908 1.0907 1.0907 1.0908 1.0911 1.0915 1.0915 1.0915 1.0914 1.0914 1.0915 1.0919 1.0924 1.0929 1.0933 1.0937 1.0942 1.0947 1.095 1.0947 1.0945 1.0951 1.0961 1.0967 1.0965 1.0963 1.0962 1.096 1.0962 1.097 1.0979 1.0989 1.0999 1.1004 1.1 1.0996 1.1005 1.1016 1.1022 1.1017 1.1012 1.1021 1.1032 1.1021 1.103 1.1043 1.1047 1.105 1.106 1.107 1.1087 1.1104 1.1115 1.1126 1.1136 1.1147 1.1145 1.1151 1.1163 1.1182 1.1217 1.1271 1.1348 1.1464 1.1659 1.2039 
373 1.0924 1.0923 1.0923 1.0922 1.0922 1.0921 1.092 1.092 1.0919 1.0918 1.0916 1.0915 1.0914 1.0913 1.0911 1.091 1.0908 1.0906 1.0905 1.0904 1.0903 1.0902 1.0901 1.0902 1.0902 1.0903 1.0903 1.0904 1.0905 1.0905 1.0907 1.0909 1.0911 1.091 1.0909 1.0909 1.091 1.0912 1.0917 1.0921 1.0921 1.0918 1.0916 1.0917 1.0918 1.0922 1.0928 1.0932 1.0935 1.0938 1.0944 1.0951 1.0955 1.0949 1.0943 1.0952 1.0964 1.0973 1.097 1.0968 1.0964 1.0959 1.0959 1.0969 1.0979 1.099 1.1002 1.1007 1.1001 1.0994 1.1005 1.1019 1.1025 1.1015 1.1006 1.1015 1.1027 1.1009 1.1019 1.1033 1.1036 1.1036 1.1049 1.1062 1.1082 1.1102 1.1114 1.1125 1.1137 1.1148 1.1144 1.1148 1.1159 1.1178 1.1213 1.1267 1.1346 1.1463 1.1661 1.2046 
373.5 1.0925 1.0924 1.0924 1.0923 1.0923 1.0922 1.0921 1.092 1.092 1.0918 1.0917 1.0916 1.0914 1.0913 1.0911 1.091 1.0908 1.0906 1.0904 1.0903 1.0902 1.0901 1.09 1.0901 1.0901 1.0902 1.0903 1.0904 1.0904 1.0904 1.0906 1.0909 1.0911 1.091 1.0908 1.0908 1.0909 1.0911 1.0916 1.0921 1.0921 1.0918 1.0916 1.0917 1.0917 1.0923 1.0929 1.0935 1.0935 1.0936 1.0943 1.0952 1.0957 1.0949 1.0941 1.0948 1.096 1.0968 1.0968 1.0968 1.0967 1.0965 1.0967 1.0976 1.0986 1.0994 1.1001 1.1004 1.0999 1.0994 1.1004 1.1017 1.1024 1.102 1.1016 1.1022 1.103 1.1014 1.1024 1.1038 1.104 1.1041 1.1052 1.1065 1.1083 1.1101 1.1111 1.1119 1.1127 1.1136 1.1139 1.1147 1.1158 1.1178 1.1212 1.1267 1.1346 1.1463 1.1661 1.2046 
374 1.0926 1.0925 1.0925 1.0924 1.0924 1.0923 1.0922 1.0921 1.092 1.0919 1.0918 1.0917 1.0915 1.0913 1.0912 1.091 1.0908 1.0906 1.0904 1.0902 1.0901 1.09 1.0899 1.0899 1.09 1.0901 1.0902 1.0903 1.0903 1.0903 1.0905 1.0908 1.0911 1.0909 1.0907 1.0907 1.0908 1.091 1.0915 1.092 1.092 1.0918 1.0916 1.0916 1.0916 1.0922 1.0931 1.0937 1.0935 1.0934 1.0942 1.0953 1.0959 1.0949 1.0939 1.0945 1.0954 1.0962 1.0965 1.0967 1.0969 1.0971 1.0975 1.0985 1.0994 1.0998 1.1 1.1001 1.0998 1.0995 1.1004 1.1015 1.1023 1.1025 1.1027 1.103 1.1034 1.1019 1.103 1.1044 1.1046 1.1046 1.1057 1.1069 1.1085 1.1101 1.1107 1.1112 1.1117 1.1122 1.1134 1.1145 1.1157 1.1177 1.1212 1.1266 1.1346 1.1463 1.1661 1.2046 
374.5 1.0927 1.0927 1.0926 1.0925 1.0925 1.0924 1.0923 1.0922 1.0921 1.092 1.0919 1.0917 1.0916 1.0914 1.0912 1.091 1.0908 1.0905 1.0903 1.0901 1.09 1.0899 1.0898 1.0898 1.0899 1.09 1.0901 1.0903 1.0902 1.0901 1.0903 1.0907 1.091 1.0908 1.0906 1.0906 1.0907 1.0909 1.0914 1.092 1.092 1.0917 1.0916 1.0915 1.0915 1.0922 1.0932 1.0939 1.0935 1.0931 1.094 1.0954 1.096 1.0949 1.0937 1.0941 1.0949 1.0956 1.0961 1.0967 1.0972 1.0977 1.0984 1.0993 1.1002 1.1002 1.0999 1.0998 1.0996 1.0995 1.1003 1.1012 1.1021 1.103 1.1038 1.1038 1.1037 1.1025 1.1036 1.105 1.1051 1.1051 1.1062 1.1073 1.1086 1.11 1.1103 1.1106 1.1107 1.1108 1.1128 1.1143 1.1156 1.1177 1.1212 1.1266 1.1346 1.1463 1.166 1.2046 
375 1.0928 1.0927 1.0927 1.0926 1.0926 1.0925 1.0924 1.0923 1.0922 1.0921 1.0919 1.0918 1.0916 1.0914 1.0912 1.091 1.0907 1.0905 1.0903 1.0901 1.0899 1.0898 1.0897 1.0897 1.0898 1.0899 1.0901 1.0902 1.0901 1.09 1.0902 1.0906 1.0909 1.0907 1.0905 1.0905 1.0906 1.0908 1.0913 1.0919 1.0919 1.0917 1.0915 1.0915 1.0915 1.0923 1.0932 1.0939 1.0934 1.0929 1.0939 1.0953 1.0961 1.0949 1.0936 1.0938 1.0945 1.0951 1.0959 1.0966 1.0974 1.0982 1.099 1.0999 1.1007 1.1004 1.0998 1.0995 1.0995 1.0996 1.1003 1.1011 1.1021 1.1034 1.1047 1.1045 1.1041 1.1032 1.1042 1.1055 1.1056 1.1057 1.1066 1.1076 1.1088 1.11 1.1101 1.1101 1.1099 1.1098 1.1124 1.1141 1.1156 1.1176 1.1212 1.1266 1.1345 1.1462 1.166 1.2046 
375.5 1.0926 1.0926 1.0925 1.0925 1.0924 1.0924 1.0923 1.0922 1.0921 1.092 1.0918 1.0917 1.0915 1.0913 1.0911 1.0909 1.0906 1.0904 1.0902 1.09 1.0899 1.0898 1.0897 1.0898 1.0899 1.09 1.0902 1.0903 1.0903 1.0903 1.0904 1.0905 1.0906 1.0906 1.0905 1.0905 1.0906 1.0908 1.0914 1.092 1.0919 1.0915 1.0913 1.0917 1.0921 1.0924 1.0927 1.0929 1.0928 1.0928 1.0937 1.0949 1.0955 1.0948 1.0941 1.0943 1.0947 1.0953 1.096 1.0967 1.0973 1.0978 1.0984 1.0993 1.1001 1.0999 1.0995 1.0993 1.0996 1.0998 1.1006 1.1014 1.1024 1.1035 1.1047 1.1048 1.1047 1.1043 1.1048 1.1054 1.1058 1.106 1.1068 1.1076 1.1087 1.1099 1.1102 1.1104 1.1106 1.1108 1.1128 1.1143 1.1157 1.1177 1.1212 1.1266 1.1345 1.1462 1.1659 1.2044 
376 1.0925 1.0925 1.0924 1.0924 1.0923 1.0922 1.0922 1.0921 1.092 1.0918 1.0917 1.0916 1.0914 1.0912 1.091 1.0908 1.0906 1.0903 1.0901 1.09 1.0899 1.0898 1.0898 1.0899 1.09 1.0901 1.0902 1.0904 1.0905 1.0906 1.0905 1.0904 1.0903 1.0904 1.0905 1.0906 1.0906 1.0908 1.0914 1.092 1.0918 1.0913 1.0911 1.0919 1.0927 1.0926 1.0922 1.0919 1.0923 1.0927 1.0934 1.0944 1.095 1.0948 1.0946 1.0947 1.095 1.0954 1.0961 1.0968 1.0971 1.0974 1.0979 1.0987 1.0995 1.0994 1.0991 1.0991 1.0996 1.1001 1.1009 1.1017 1.1026 1.1036 1.1046 1.105 1.1053 1.1054 1.1054 1.1054 1.1059 1.1064 1.107 1.1077 1.1087 1.1097 1.1103 1.1108 1.1113 1.1117 1.1131 1.1144 1.1157 1.1177 1.1212 1.1266 1.1345 1.1461 1.1659 1.2043 
376.5 1.0924 1.0924 1.0923 1.0922 1.0922 1.0921 1.092 1.092 1.0919 1.0917 1.0916 1.0914 1.0913 1.0911 1.0909 1.0907 1.0905 1.0903 1.0901 1.0899 1.0899 1.0898 1.0898 1.09 1.0901 1.0902 1.0903 1.0904 1.0906 1.0908 1.0907 1.0903 1.0901 1.0903 1.0905 1.0906 1.0906 1.0908 1.0914 1.0921 1.0918 1.0911 1.0908 1.0921 1.0933 1.0928 1.0916 1.091 1.0917 1.0925 1.0932 1.0939 1.0944 1.0947 1.095 1.0952 1.0953 1.0956 1.0962 1.0968 1.097 1.097 1.0973 1.0981 1.0988 1.0989 1.0988 1.0989 1.0997 1.1004 1.1012 1.1021 1.1029 1.1038 1.1046 1.1053 1.106 1.1065 1.106 1.1053 1.106 1.1068 1.1073 1.1077 1.1086 1.1096 1.1104 1.1111 1.1119 1.1127 1.1135 1.1145 1.1158 1.1178 1.1212 1.1266 1.1344 1.1461 1.1658 1.2042 
377 1.0924 1.0924 1.0923 1.0923 1.0922 1.0921 1.092 1.092 1.0919 1.0917 1.0916 1.0915 1.0913 1.0911 1.0909 1.0907 1.0905 1.0903 1.0901 1.09 1.0899 1.0899 1.0899 1.09 1.0901 1.0902 1.0902 1.0904 1.0906 1.0909 1.0907 1.0903 1.09 1.0903 1.0906 1.0907 1.0907 1.0908 1.0914 1.092 1.0917 1.0911 1.0908 1.092 1.0932 1.0926 1.0913 1.0905 1.0915 1.0925 1.0931 1.0936 1.0941 1.0945 1.095 1.0951 1.0952 1.0955 1.0961 1.0968 1.0968 1.0968 1.0969 1.0976 1.0982 1.0985 1.0986 1.0989 1.0997 1.1004 1.1013 1.1022 1.103 1.1037 1.1045 1.1054 1.1063 1.1072 1.1065 1.1057 1.1064 1.1073 1.1076 1.1078 1.1087 1.1097 1.1106 1.1115 1.1125 1.1134 1.114 1.1149 1.1161 1.118 1.1213 1.1266 1.1344 1.146 1.1657 1.2039 
377.5 1.0926 1.0926 1.0925 1.0925 1.0924 1.0923 1.0922 1.0922 1.0921 1.0919 1.0918 1.0917 1.0915 1.0913 1.0911 1.0909 1.0907 1.0905 1.0903 1.0901 1.09 1.0899 1.0898 1.0898 1.0898 1.0899 1.09 1.0901 1.0903 1.0906 1.0905 1.0904 1.0902 1.0905 1.0907 1.0908 1.0909 1.091 1.0913 1.0916 1.0915 1.0912 1.091 1.0916 1.0921 1.0918 1.0911 1.0908 1.0917 1.0925 1.0932 1.0938 1.0942 1.0941 1.0941 1.0943 1.0946 1.0951 1.0958 1.0965 1.0967 1.0967 1.0968 1.0972 1.0977 1.0982 1.0987 1.0992 1.0996 1.0999 1.1009 1.1019 1.1028 1.1035 1.1042 1.1051 1.1061 1.1071 1.1069 1.1065 1.1072 1.1081 1.1081 1.108 1.1089 1.1099 1.1109 1.1118 1.1128 1.1138 1.1147 1.1156 1.1167 1.1184 1.1216 1.1268 1.1345 1.146 1.1655 1.2035 
378 1.0928 1.0928 1.0927 1.0927 1.0926 1.0925 1.0925 1.0924 1.0923 1.0921 1.092 1.0919 1.0917 1.0915 1.0913 1.0911 1.0909 1.0907 1.0905 1.0903 1.0901 1.09 1.0898 1.0897 1.0896 1.0896 1.0897 1.0898 1.09 1.0902 1.0904 1.0904 1.0905 1.0907 1.0908 1.0909 1.091 1.0911 1.0911 1.0912 1.0912 1.0913 1.0913 1.0911 1.091 1.0909 1.0909 1.0911 1.0918 1.0926 1.0933 1.094 1.0943 1.0938 1.0932 1.0935 1.0941 1.0947 1.0955 1.0963 1.0965 1.0965 1.0967 1.0969 1.0971 1.098 1.0989 1.0995 1.0995 1.0995 1.1005 1.1016 1.1026 1.1033 1.104 1.1049 1.1059 1.1069 1.1072 1.1074 1.1081 1.1088 1.1085 1.1082 1.1091 1.1102 1.1112 1.1121 1.1132 1.1142 1.1153 1.1163 1.1173 1.1189 1.1219 1.1269 1.1345 1.146 1.1653 1.203 
378.5 1.093 1.093 1.0929 1.0929 1.0928 1.0927 1.0927 1.0926 1.0925 1.0923 1.0922 1.092 1.0919 1.0917 1.0915 1.0913 1.0911 1.0909 1.0907 1.0904 1.0902 1.09 1.0898 1.0896 1.0893 1.0893 1.0894 1.0896 1.0897 1.0899 1.0902 1.0905 1.0908 1.0909 1.091 1.0911 1.0912 1.0912 1.091 1.0908 1.091 1.0914 1.0915 1.0907 1.0898 1.0901 1.0908 1.0914 1.092 1.0926 1.0934 1.0941 1.0944 1.0934 1.0923 1.0927 1.0935 1.0943 1.0951 1.096 1.0963 1.0964 1.0965 1.0966 1.0966 1.0977 1.099 1.0998 1.0994 1.0991 1.1001 1.1014 1.1024 1.1031 1.1038 1.1047 1.1057 1.1068 1.1076 1.1083 1.1089 1.1095 1.109 1.1084 1.1094 1.1105 1.1115 1.1125 1.1135 1.1146 1.116 1.117 1.118 1.1194 1.1222 1.1271 1.1346 1.1459 1.1652 1.2025 
379 1.0929 1.0929 1.0929 1.0928 1.0927 1.0927 1.0926 1.0925 1.0924 1.0923 1.0921 1.092 1.0918 1.0916 1.0914 1.0912 1.091 1.0908 1.0906 1.0904 1.0902 1.09 1.0898 1.0894 1.0891 1.0891 1.0892 1.0893 1.0895 1.0897 1.0899 1.0903 1.0906 1.0909 1.0911 1.0912 1.0913 1.0912 1.0908 1.0904 1.0907 1.0912 1.0915 1.0906 1.0898 1.09 1.0906 1.0913 1.0919 1.0925 1.0933 1.0941 1.0944 1.0932 1.0919 1.0924 1.0934 1.0943 1.0949 1.0955 1.0959 1.0963 1.0966 1.0966 1.0966 1.0977 1.0992 1.1 1.0998 1.0996 1.1004 1.1014 1.1023 1.1029 1.1035 1.1044 1.1054 1.1066 1.1075 1.1085 1.1091 1.1098 1.1092 1.1085 1.1095 1.1106 1.1116 1.1126 1.1136 1.1146 1.116 1.1171 1.1181 1.1196 1.1224 1.1273 1.1348 1.1461 1.1652 1.2025 
379.5 1.0927 1.0927 1.0926 1.0926 1.0925 1.0925 1.0924 1.0923 1.0922 1.092 1.0919 1.0917 1.0916 1.0914 1.0912 1.091 1.0908 1.0906 1.0904 1.0902 1.09 1.0899 1.0897 1.0894 1.089 1.0889 1.089 1.089 1.0892 1.0894 1.0897 1.0899 1.0902 1.0907 1.0913 1.0914 1.0913 1.0911 1.0906 1.09 1.0903 1.0909 1.0913 1.0908 1.0903 1.0903 1.0905 1.0908 1.0915 1.0922 1.0931 1.094 1.0943 1.0931 1.0919 1.0925 1.0936 1.0945 1.0947 1.0949 1.0955 1.0961 1.0966 1.0967 1.0969 1.098 1.0993 1.1003 1.1005 1.1008 1.1012 1.1016 1.1021 1.1026 1.1031 1.1041 1.1051 1.1062 1.1072 1.1081 1.1089 1.1097 1.1092 1.1085 1.1095 1.1106 1.1116 1.1125 1.1134 1.1142 1.1156 1.1168 1.1179 1.1196 1.1226 1.1276 1.1351 1.1463 1.1654 1.2027 
380 1.0925 1.0925 1.0924 1.0924 1.0923 1.0922 1.0921 1.092 1.0919 1.0918 1.0917 1.0915 1.0913 1.0912 1.091 1.0907 1.0905 1.0903 1.0902 1.09 1.0898 1.0897 1.0896 1.0893 1.0889 1.0888 1.0887 1.0887 1.089 1.0892 1.0894 1.0895 1.0898 1.0906 1.0914 1.0915 1.0913 1.091 1.0903 1.0897 1.0899 1.0906 1.0911 1.091 1.0909 1.0907 1.0904 1.0904 1.0912 1.092 1.0929 1.0938 1.0942 1.093 1.0918 1.0926 1.0939 1.0947 1.0945 1.0942 1.095 1.096 1.0967 1.0969 1.0971 1.0982 1.0994 1.1005 1.1012 1.1019 1.1019 1.1019 1.102 1.1023 1.1027 1.1037 1.1048 1.1058 1.1068 1.1078 1.1087 1.1096 1.1091 1.1086 1.1095 1.1106 1.1115 1.1125 1.1132 1.1139 1.1152 1.1164 1.1177 1.1196 1.1228 1.1279 1.1354 1.1465 1.1656 1.2029 
380.5 1.0923 1.0922 1.0922 1.0921 1.0921 1.092 1.0919 1.0918 1.0917 1.0916 1.0914 1.0913 1.0911 1.0909 1.0907 1.0905 1.0903 1.0901 1.0899 1.0898 1.0897 1.0896 1.0895 1.0892 1.0888 1.0886 1.0885 1.0885 1.0887 1.089 1.0891 1.0892 1.0894 1.0905 1.0916 1.0917 1.0913 1.0909 1.0901 1.0893 1.0895 1.0902 1.0908 1.0912 1.0915 1.091 1.0903 1.09 1.0908 1.0917 1.0927 1.0937 1.0941 1.0929 1.0918 1.0927 1.0941 1.095 1.0943 1.0936 1.0945 1.0958 1.0968 1.0971 1.0974 1.0984 1.0996 1.1007 1.1019 1.103 1.1027 1.1021 1.1018 1.1021 1.1023 1.1033 1.1045 1.1055 1.1065 1.1075 1.1085 1.1095 1.1091 1.1086 1.1095 1.1106 1.1115 1.1124 1.113 1.1135 1.1147 1.1161 1.1175 1.1196 1.123 1.1282 1.1356 1.1468 1.1658 1.2031 
381 1.0922 1.0922 1.0922 1.0921 1.092 1.092 1.0919 1.0918 1.0917 1.0916 1.0914 1.0913 1.0911 1.0909 1.0907 1.0905 1.0903 1.0901 1.09 1.0898 1.0897 1.0897 1.0896 1.0894 1.0891 1.089 1.089 1.0889 1.089 1.089 1.0891 1.0892 1.0894 1.0903 1.0913 1.0915 1.0912 1.0909 1.0902 1.0895 1.0898 1.0904 1.091 1.0914 1.0918 1.0914 1.0908 1.0905 1.0914 1.0923 1.0929 1.0935 1.0937 1.0931 1.0924 1.0933 1.0947 1.0953 1.0942 1.0931 1.0943 1.096 1.0972 1.0975 1.0978 1.0986 1.0995 1.1005 1.1017 1.1029 1.1026 1.1021 1.1018 1.1018 1.1019 1.1029 1.1041 1.1051 1.1061 1.1071 1.1081 1.1091 1.1089 1.1087 1.1095 1.1104 1.1112 1.112 1.1125 1.1131 1.1143 1.1157 1.1172 1.1192 1.1227 1.1279 1.1354 1.1467 1.1658 1.2033 
381.5 1.0922 1.0922 1.0921 1.0921 1.092 1.092 1.0919 1.0918 1.0917 1.0916 1.0915 1.0913 1.0912 1.091 1.0908 1.0906 1.0904 1.0902 1.0901 1.0899 1.0898 1.0898 1.0898 1.0896 1.0895 1.0894 1.0895 1.0896 1.0893 1.0891 1.0891 1.0892 1.0895 1.0902 1.091 1.0912 1.0911 1.0909 1.0904 1.0899 1.0902 1.0908 1.0913 1.0917 1.0921 1.0919 1.0914 1.0913 1.0922 1.093 1.0933 1.0933 1.0933 1.0933 1.0932 1.0941 1.0952 1.0956 1.0941 1.0927 1.0941 1.0962 1.0977 1.098 1.0983 1.0988 1.0994 1.1002 1.1014 1.1026 1.1025 1.102 1.1017 1.1016 1.1016 1.1025 1.1036 1.1047 1.1057 1.1067 1.1077 1.1086 1.1087 1.1088 1.1095 1.1102 1.1108 1.1114 1.1121 1.1127 1.1138 1.1153 1.1168 1.1188 1.1223 1.1275 1.1351 1.1465 1.1658 1.2035 
382 1.0922 1.0922 1.0921 1.0921 1.092 1.092 1.0919 1.0918 1.0917 1.0916 1.0915 1.0914 1.0912 1.091 1.0909 1.0907 1.0905 1.0903 1.0902 1.09 1.0899 1.0899 1.0899 1.0898 1.0898 1.0899 1.0901 1.0902 1.0897 1.0892 1.0891 1.0893 1.0895 1.0901 1.0907 1.0909 1.0909 1.0909 1.0906 1.0903 1.0905 1.0911 1.0916 1.092 1.0923 1.0923 1.092 1.092 1.0929 1.0938 1.0936 1.0931 1.0929 1.0935 1.094 1.0949 1.0958 1.096 1.0941 1.0922 1.0939 1.0964 1.0982 1.0985 1.0987 1.099 1.0992 1.0998 1.1011 1.1024 1.1023 1.102 1.1017 1.1014 1.1012 1.1021 1.1032 1.1043 1.1053 1.1063 1.1072 1.1081 1.1085 1.1089 1.1094 1.1099 1.1104 1.1109 1.1116 1.1123 1.1134 1.1149 1.1164 1.1184 1.1219 1.1271 1.1348 1.1463 1.1657 1.2036 
382.5 1.0922 1.0922 1.0922 1.0921 1.0921 1.092 1.0919 1.0918 1.0917 1.0916 1.0915 1.0914 1.0912 1.0911 1.0909 1.0907 1.0906 1.0904 1.0902 1.0901 1.09 1.09 1.09 1.0901 1.0901 1.0903 1.0906 1.0907 1.09 1.0893 1.0892 1.0894 1.0896 1.09 1.0904 1.0906 1.0908 1.0909 1.0907 1.0906 1.0909 1.0914 1.0918 1.0922 1.0926 1.0926 1.0926 1.0927 1.0936 1.0945 1.0939 1.093 1.0925 1.0937 1.0948 1.0956 1.0964 1.0963 1.0941 1.0919 1.0938 1.0966 1.0987 1.0989 1.0992 1.0992 1.0991 1.0995 1.1008 1.1021 1.1021 1.102 1.1017 1.1013 1.1009 1.1018 1.1028 1.1039 1.1049 1.1059 1.1068 1.1076 1.1083 1.109 1.1094 1.1098 1.1101 1.1105 1.1112 1.112 1.113 1.1145 1.116 1.1181 1.1215 1.1268 1.1346 1.1462 1.1657 1.2038 
383 1.0923 1.0923 1.0922 1.0922 1.0921 1.0921 1.092 1.0919 1.0918 1.0917 1.0915 1.0914 1.0912 1.0911 1.0909 1.0907 1.0905 1.0904 1.0902 1.0901 1.09 1.09 1.09 1.09 1.0901 1.0902 1.0904 1.0905 1.0901 1.0897 1.0896 1.0897 1.0898 1.0901 1.0903 1.0904 1.0905 1.0906 1.0907 1.0907 1.0909 1.0913 1.0917 1.0921 1.0925 1.0926 1.0925 1.0926 1.0934 1.0941 1.0938 1.0932 1.093 1.0939 1.0949 1.0955 1.0961 1.0961 1.0947 1.0932 1.0947 1.0969 1.0985 1.0988 1.0992 1.0993 1.0993 1.0998 1.1009 1.1021 1.1023 1.1024 1.1024 1.1024 1.1024 1.1025 1.1027 1.1037 1.1047 1.1057 1.1066 1.1075 1.1083 1.109 1.1096 1.1101 1.1107 1.1112 1.1114 1.1115 1.1129 1.1145 1.116 1.1181 1.1215 1.1268 1.1346 1.1463 1.1659 1.2041 
383.5 1.0924 1.0924 1.0923 1.0923 1.0922 1.0921 1.092 1.0919 1.0918 1.0917 1.0916 1.0914 1.0913 1.0911 1.0909 1.0907 1.0905 1.0903 1.0902 1.09 1.09 1.0899 1.0899 1.09 1.0901 1.0902 1.0903 1.0903 1.0902 1.09 1.09 1.09 1.0901 1.0901 1.0902 1.0902 1.0903 1.0904 1.0906 1.0908 1.091 1.0912 1.0915 1.092 1.0924 1.0925 1.0924 1.0925 1.0931 1.0938 1.0937 1.0934 1.0934 1.0942 1.095 1.0955 1.0959 1.096 1.0953 1.0946 1.0956 1.0971 1.0983 1.0987 1.0992 1.0994 1.0996 1.1 1.101 1.1021 1.1025 1.1028 1.1031 1.1035 1.1038 1.1033 1.1026 1.1034 1.1045 1.1055 1.1065 1.1074 1.1082 1.1091 1.1098 1.1105 1.1113 1.112 1.1115 1.111 1.1128 1.1145 1.116 1.1181 1.1215 1.1269 1.1347 1.1463 1.166 1.2044 
384 1.0925 1.0925 1.0924 1.0923 1.0923 1.0922 1.0921 1.092 1.0919 1.0917 1.0916 1.0914 1.0913 1.0911 1.0909 1.0907 1.0905 1.0903 1.0901 1.09 1.0899 1.0899 1.0899 1.09 1.0901 1.0901 1.0901 1.0901 1.0903 1.0904 1.0904 1.0904 1.0903 1.0902 1.0901 1.0901 1.0901 1.0902 1.0905 1.0909 1.091 1.0912 1.0914 1.0918 1.0923 1.0924 1.0923 1.0924 1.0929 1.0934 1.0936 1.0937 1.0939 1.0945 1.0951 1.0954 1.0957 1.0959 1.0959 1.0959 1.0965 1.0973 1.098 1.0986 1.0992 1.0995 1.0998 1.1003 1.1012 1.1021 1.1027 1.1032 1.1038 1.1045 1.1053 1.104 1.1024 1.1032 1.1043 1.1053 1.1063 1.1073 1.1082 1.1091 1.11 1.1109 1.1118 1.1128 1.1117 1.1105 1.1128 1.1145 1.116 1.1181 1.1216 1.1269 1.1348 1.1464 1.1662 1.2047 
384.5 1.0925 1.0925 1.0924 1.0924 1.0923 1.0922 1.0921 1.092 1.0919 1.0918 1.0916 1.0914 1.0913 1.0911 1.0909 1.0907 1.0905 1.0903 1.0901 1.09 1.0899 1.0899 1.0899 1.09 1.0901 1.0901 1.09 1.09 1.0903 1.0907 1.0907 1.0906 1.0905 1.0903 1.0901 1.09 1.09 1.0901 1.0905 1.091 1.0912 1.0912 1.0914 1.0918 1.0922 1.0923 1.0923 1.0924 1.0928 1.0932 1.0935 1.0938 1.0942 1.0947 1.0951 1.0954 1.0955 1.0958 1.0962 1.0967 1.0971 1.0975 1.098 1.0985 1.099 1.0995 1.1 1.1005 1.1012 1.1018 1.1026 1.1035 1.1043 1.1051 1.106 1.1045 1.1028 1.1033 1.1039 1.1045 1.1055 1.1064 1.1083 1.1103 1.1107 1.111 1.112 1.1131 1.1117 1.1101 1.1127 1.1145 1.116 1.118 1.1215 1.127 1.1348 1.1465 1.1663 1.2049 
385 1.0924 1.0924 1.0924 1.0923 1.0922 1.0922 1.0921 1.092 1.0919 1.0917 1.0916 1.0915 1.0913 1.0911 1.091 1.0908 1.0906 1.0904 1.0902 1.0901 1.09 1.09 1.09 1.0901 1.0902 1.0902 1.0901 1.0901 1.0903 1.0906 1.0907 1.0906 1.0905 1.0904 1.0903 1.0903 1.0903 1.0904 1.0908 1.0913 1.0915 1.0916 1.0917 1.0918 1.0919 1.0921 1.0923 1.0925 1.0929 1.0933 1.0936 1.0938 1.0941 1.0947 1.0952 1.0955 1.0957 1.0958 1.096 1.0962 1.0969 1.0977 1.0983 1.0983 1.0983 1.0991 1.1001 1.1008 1.1008 1.1009 1.1021 1.1034 1.1044 1.1045 1.1047 1.1046 1.1043 1.1039 1.1032 1.1024 1.1031 1.1039 1.1088 1.1141 1.1126 1.1104 1.1114 1.1125 1.1114 1.1101 1.1127 1.1144 1.1159 1.118 1.1215 1.1269 1.1348 1.1465 1.1663 1.205 
385.5 1.0923 1.0923 1.0923 1.0922 1.0922 1.0921 1.092 1.0919 1.0918 1.0917 1.0916 1.0915 1.0913 1.0912 1.091 1.0908 1.0907 1.0905 1.0903 1.0902 1.0902 1.0901 1.0901 1.0902 1.0903 1.0903 1.0902 1.0902 1.0904 1.0905 1.0906 1.0906 1.0906 1.0905 1.0905 1.0905 1.0906 1.0907 1.0911 1.0916 1.0918 1.092 1.0921 1.0919 1.0917 1.0919 1.0923 1.0926 1.093 1.0933 1.0936 1.0937 1.094 1.0947 1.0953 1.0956 1.0958 1.0959 1.0958 1.0957 1.0966 1.0979 1.0986 1.0981 1.0977 1.0988 1.1002 1.101 1.1005 1.1 1.1015 1.1034 1.1044 1.104 1.1035 1.1046 1.1058 1.1046 1.1025 1.1004 1.1007 1.1013 1.1093 1.1179 1.1145 1.1099 1.1107 1.1119 1.1111 1.1101 1.1127 1.1144 1.1158 1.1179 1.1214 1.1268 1.1348 1.1465 1.1664 1.2051 
386 1.0923 1.0922 1.0922 1.0921 1.0921 1.092 1.092 1.0919 1.0918 1.0917 1.0916 1.0915 1.0914 1.0912 1.0911 1.0909 1.0907 1.0906 1.0904 1.0903 1.0903 1.0903 1.0902 1.0903 1.0904 1.0904 1.0903 1.0903 1.0904 1.0905 1.0906 1.0906 1.0907 1.0907 1.0907 1.0907 1.0908 1.091 1.0914 1.0919 1.0921 1.0924 1.0924 1.092 1.0915 1.0917 1.0922 1.0927 1.0931 1.0934 1.0936 1.0937 1.0939 1.0947 1.0954 1.0957 1.0959 1.096 1.0956 1.0952 1.0964 1.098 1.0989 1.0979 1.097 1.0984 1.1003 1.1012 1.1001 1.099 1.1009 1.1033 1.1045 1.1034 1.1023 1.1046 1.1074 1.1052 1.1018 1.0983 1.0983 1.0987 1.1098 1.1218 1.1163 1.1093 1.11 1.1112 1.1107 1.1101 1.1127 1.1143 1.1158 1.1178 1.1213 1.1268 1.1347 1.1465 1.1664 1.2052 
386.5 1.0922 1.0922 1.0921 1.0921 1.092 1.092 1.0919 1.0919 1.0918 1.0917 1.0916 1.0915 1.0913 1.0912 1.091 1.0909 1.0907 1.0905 1.0904 1.0903 1.0902 1.0902 1.0902 1.0903 1.0904 1.0904 1.0903 1.0903 1.0904 1.0904 1.0905 1.0905 1.0905 1.0905 1.0905 1.0907 1.0908 1.091 1.0914 1.0918 1.0921 1.0924 1.0925 1.0919 1.0912 1.0914 1.092 1.0925 1.0929 1.0932 1.0934 1.0935 1.0937 1.0945 1.0953 1.0956 1.0959 1.096 1.0956 1.0952 1.0964 1.098 1.0988 1.098 1.0971 1.0986 1.1005 1.1014 1.1 1.0985 1.1004 1.1028 1.104 1.1029 1.1018 1.1044 1.1076 1.1055 1.102 1.0986 1.0986 1.0989 1.1098 1.1216 1.1163 1.1095 1.1103 1.1115 1.111 1.1104 1.1129 1.1145 1.1159 1.1179 1.1213 1.1267 1.1347 1.1464 1.1663 1.205 
387 1.0922 1.0922 1.0921 1.0921 1.092 1.092 1.0919 1.0918 1.0917 1.0916 1.0915 1.0914 1.0912 1.0911 1.0909 1.0908 1.0906 1.0904 1.0903 1.0901 1.0901 1.09 1.09 1.0901 1.0902 1.0902 1.0901 1.0901 1.0903 1.0904 1.0903 1.0902 1.09 1.0901 1.0901 1.0903 1.0905 1.0908 1.0911 1.0914 1.0918 1.0922 1.0923 1.0916 1.091 1.0911 1.0916 1.092 1.0924 1.0929 1.0931 1.0932 1.0935 1.0942 1.0949 1.0954 1.0959 1.0961 1.0959 1.0957 1.0966 1.0978 1.0985 1.0982 1.0979 1.0992 1.1009 1.1015 1.1 1.0984 1.0999 1.1018 1.1029 1.1025 1.102 1.1041 1.1065 1.1053 1.1032 1.101 1.1012 1.1017 1.1095 1.1179 1.1147 1.1104 1.1114 1.1127 1.1119 1.1109 1.1134 1.1149 1.1162 1.1181 1.1214 1.1267 1.1346 1.1463 1.166 1.2045 
387.5 1.0922 1.0922 1.0921 1.0921 1.092 1.0919 1.0919 1.0918 1.0917 1.0916 1.0914 1.0913 1.0911 1.091 1.0908 1.0906 1.0904 1.0903 1.0901 1.09 1.0899 1.0899 1.0898 1.0899 1.09 1.09 1.09 1.09 1.0902 1.0904 1.0902 1.0899 1.0896 1.0897 1.0897 1.09 1.0903 1.0906 1.0908 1.0911 1.0915 1.0919 1.0921 1.0914 1.0907 1.0908 1.0911 1.0915 1.092 1.0925 1.0927 1.0929 1.0932 1.0939 1.0946 1.0952 1.0958 1.0962 1.0962 1.0962 1.0968 1.0976 1.0982 1.0984 1.0986 1.0998 1.1012 1.1016 1.0999 1.0983 1.0994 1.1009 1.1019 1.1021 1.1022 1.1038 1.1055 1.1052 1.1044 1.1034 1.1039 1.1044 1.1091 1.1142 1.113 1.1113 1.1125 1.1138 1.1127 1.1114 1.1138 1.1153 1.1165 1.1183 1.1215 1.1267 1.1345 1.1461 1.1657 1.2039 
388 1.0922 1.0921 1.0921 1.092 1.092 1.0919 1.0918 1.0917 1.0916 1.0915 1.0914 1.0912 1.0911 1.0909 1.0907 1.0905 1.0903 1.0901 1.09 1.0898 1.0897 1.0897 1.0896 1.0897 1.0898 1.0898 1.0898 1.0899 1.0901 1.0903 1.0901 1.0896 1.0892 1.0893 1.0894 1.0896 1.09 1.0903 1.0905 1.0907 1.0911 1.0916 1.0919 1.0912 1.0905 1.0904 1.0906 1.091 1.0915 1.0921 1.0924 1.0926 1.0929 1.0936 1.0943 1.095 1.0957 1.0962 1.0965 1.0967 1.097 1.0973 1.0978 1.0986 1.0994 1.1004 1.1015 1.1017 1.0999 1.0982 1.0988 1.0999 1.1009 1.1017 1.1025 1.1034 1.1044 1.1051 1.1055 1.1059 1.1065 1.1072 1.1088 1.1105 1.1114 1.1122 1.1136 1.115 1.1135 1.1119 1.1143 1.1157 1.1169 1.1185 1.1216 1.1267 1.1344 1.146 1.1655 1.2034 
388.5 1.0922 1.0922 1.0921 1.0921 1.092 1.092 1.0919 1.0918 1.0917 1.0916 1.0914 1.0913 1.0911 1.0909 1.0907 1.0905 1.0904 1.0902 1.09 1.0899 1.0898 1.0897 1.0897 1.0898 1.0898 1.0899 1.0899 1.09 1.0901 1.0903 1.0901 1.0897 1.0894 1.0894 1.0894 1.0897 1.09 1.0904 1.0906 1.0909 1.0913 1.0918 1.0921 1.0917 1.0912 1.0912 1.0913 1.0915 1.092 1.0926 1.0928 1.0929 1.0931 1.0938 1.0945 1.0952 1.0958 1.0964 1.0966 1.0968 1.0969 1.0971 1.0975 1.0985 1.0994 1.1004 1.1013 1.1014 1.0999 1.0984 1.0992 1.1003 1.1012 1.1018 1.1023 1.1033 1.1044 1.1052 1.1057 1.1061 1.107 1.1078 1.1087 1.1095 1.1105 1.1115 1.1129 1.1142 1.1131 1.1118 1.114 1.1154 1.1166 1.1183 1.1214 1.1266 1.1344 1.1459 1.1654 1.2034 
389 1.0923 1.0923 1.0922 1.0922 1.0921 1.0921 1.092 1.0919 1.0918 1.0917 1.0915 1.0914 1.0912 1.091 1.0909 1.0907 1.0905 1.0903 1.0901 1.09 1.0899 1.0898 1.0898 1.0899 1.09 1.09 1.0901 1.0902 1.0902 1.0902 1.0902 1.0901 1.0899 1.0898 1.0896 1.0898 1.0902 1.0905 1.0908 1.0911 1.0916 1.0921 1.0925 1.0924 1.0923 1.0922 1.0922 1.0923 1.0929 1.0934 1.0934 1.0933 1.0935 1.0941 1.0948 1.0955 1.0961 1.0965 1.0965 1.0966 1.0967 1.0969 1.0973 1.0982 1.0992 1.1 1.1009 1.1011 1.0999 1.0988 1.0998 1.1011 1.1019 1.102 1.1021 1.1033 1.1047 1.1054 1.1055 1.1056 1.1066 1.1078 1.1086 1.1094 1.1099 1.1103 1.1115 1.1128 1.1122 1.1115 1.1135 1.1149 1.1162 1.118 1.1212 1.1265 1.1343 1.1458 1.1654 1.2036 
389.5 1.0924 1.0924 1.0923 1.0923 1.0922 1.0921 1.0921 1.092 1.0919 1.0918 1.0916 1.0915 1.0913 1.0911 1.091 1.0908 1.0906 1.0904 1.0902 1.0901 1.09 1.09 1.0899 1.09 1.0901 1.0902 1.0904 1.0905 1.0903 1.0902 1.0902 1.0904 1.0905 1.0902 1.0899 1.09 1.0903 1.0906 1.091 1.0914 1.0919 1.0925 1.0929 1.0932 1.0934 1.0933 1.0932 1.0932 1.0937 1.0941 1.0941 1.0938 1.0938 1.0945 1.0952 1.0957 1.0963 1.0966 1.0965 1.0964 1.0965 1.0967 1.0971 1.098 1.0989 1.0997 1.1004 1.1007 1.0999 1.0992 1.1004 1.1019 1.1027 1.1022 1.1018 1.1033 1.105 1.1055 1.1053 1.105 1.1063 1.1077 1.1085 1.1092 1.1092 1.1091 1.1102 1.1114 1.1113 1.1112 1.113 1.1144 1.1157 1.1177 1.121 1.1263 1.1342 1.1458 1.1654 1.2037 
390 1.0925 1.0924 1.0924 1.0923 1.0923 1.0922 1.0921 1.0921 1.092 1.0919 1.0917 1.0916 1.0914 1.0913 1.0911 1.0909 1.0907 1.0905 1.0903 1.0902 1.0901 1.0901 1.0901 1.0901 1.0902 1.0904 1.0906 1.0907 1.0904 1.0902 1.0903 1.0907 1.091 1.0905 1.0901 1.0901 1.0904 1.0908 1.0912 1.0917 1.0923 1.0928 1.0934 1.0939 1.0944 1.0944 1.0942 1.0941 1.0945 1.0949 1.0947 1.0943 1.0942 1.0948 1.0955 1.096 1.0965 1.0968 1.0965 1.0963 1.0963 1.0964 1.0968 1.0977 1.0987 1.0993 1.1 1.1003 1.1 1.0996 1.101 1.1026 1.1034 1.1025 1.1016 1.1033 1.1053 1.1057 1.1051 1.1045 1.106 1.1077 1.1085 1.1091 1.1086 1.1079 1.1089 1.11 1.1104 1.1109 1.1125 1.1139 1.1153 1.1173 1.1208 1.1262 1.1341 1.1457 1.1654 1.2039 
390.5 1.0925 1.0925 1.0924 1.0924 1.0923 1.0922 1.0922 1.0921 1.092 1.0918 1.0917 1.0916 1.0914 1.0912 1.091 1.0908 1.0906 1.0904 1.0903 1.0901 1.0901 1.09 1.09 1.0901 1.0902 1.0904 1.0906 1.0907 1.0905 1.0902 1.0904 1.0907 1.091 1.0906 1.0901 1.0902 1.0904 1.0907 1.0913 1.0918 1.0921 1.0924 1.0924 1.0914 1.0904 1.092 1.0946 1.0964 1.0959 1.0953 1.0948 1.0943 1.094 1.0946 1.0952 1.0956 1.096 1.0962 1.0961 1.0961 1.0962 1.0963 1.0967 1.0976 1.0985 1.0992 1.0999 1.1003 1.1002 1.1002 1.1014 1.1029 1.1036 1.103 1.1025 1.1037 1.1051 1.1054 1.1052 1.1049 1.1062 1.1077 1.1085 1.1092 1.109 1.1088 1.1095 1.1102 1.1106 1.1109 1.1126 1.1141 1.1155 1.1175 1.121 1.1264 1.1342 1.1459 1.1656 1.204 
391 1.0925 1.0925 1.0924 1.0924 1.0923 1.0922 1.0922 1.0921 1.092 1.0918 1.0917 1.0915 1.0914 1.0912 1.091 1.0908 1.0906 1.0904 1.0902 1.0901 1.09 1.09 1.09 1.0901 1.0902 1.0904 1.0906 1.0907 1.0905 1.0903 1.0904 1.0908 1.091 1.0906 1.0902 1.0902 1.0904 1.0907 1.0913 1.0918 1.092 1.092 1.0914 1.0888 1.0862 1.0895 1.0949 1.0987 1.0972 1.0958 1.0949 1.0943 1.0939 1.0945 1.095 1.0952 1.0954 1.0955 1.0957 1.0958 1.096 1.0962 1.0966 1.0975 1.0983 1.099 1.0998 1.1003 1.1005 1.1007 1.1018 1.1031 1.1038 1.1036 1.1034 1.1041 1.1049 1.1051 1.1052 1.1053 1.1065 1.1078 1.1086 1.1093 1.1095 1.1097 1.1101 1.1104 1.1107 1.111 1.1128 1.1143 1.1157 1.1177 1.1212 1.1266 1.1344 1.146 1.1657 1.2041 
391.5 1.0925 1.0925 1.0924 1.0924 1.0923 1.0923 1.0922 1.0921 1.092 1.0918 1.0917 1.0915 1.0913 1.0911 1.0909 1.0907 1.0905 1.0903 1.0902 1.09 1.0899 1.0899 1.09 1.0901 1.0902 1.0904 1.0906 1.0907 1.0905 1.0904 1.0905 1.0908 1.091 1.0906 1.0902 1.0902 1.0904 1.0906 1.0913 1.0919 1.0919 1.0916 1.0905 1.0862 1.082 1.0869 1.0953 1.1011 1.0986 1.0962 1.095 1.0942 1.0938 1.0943 1.0947 1.0948 1.0948 1.0949 1.0953 1.0956 1.0959 1.0961 1.0965 1.0973 1.0981 1.0989 1.0997 1.1003 1.1008 1.1013 1.1023 1.1033 1.104 1.1042 1.1043 1.1045 1.1047 1.1048 1.1052 1.1057 1.1068 1.1078 1.1086 1.1094 1.11 1.1106 1.1106 1.1107 1.1108 1.111 1.1129 1.1145 1.1159 1.1179 1.1214 1.1267 1.1346 1.1462 1.1658 1.2042 
392 1.0926 1.0925 1.0925 1.0924 1.0924 1.0923 1.0922 1.0921 1.092 1.0918 1.0917 1.0915 1.0913 1.0911 1.0909 1.0907 1.0905 1.0903 1.0902 1.09 1.0899 1.0899 1.09 1.0901 1.0902 1.0904 1.0906 1.0907 1.0906 1.0904 1.0906 1.0908 1.091 1.0907 1.0903 1.0903 1.0904 1.0907 1.0913 1.0919 1.0918 1.0913 1.0898 1.0846 1.0794 1.0853 1.0955 1.1024 1.0993 1.0963 1.0949 1.0942 1.0937 1.0941 1.0944 1.0945 1.0944 1.0945 1.0949 1.0954 1.0957 1.096 1.0965 1.0972 1.098 1.0987 1.0995 1.1003 1.101 1.1018 1.1026 1.1034 1.1041 1.1046 1.1051 1.1048 1.1045 1.1047 1.1054 1.1061 1.107 1.108 1.1087 1.1093 1.1103 1.1112 1.1111 1.1109 1.111 1.1112 1.1131 1.1147 1.1161 1.1181 1.1216 1.1269 1.1347 1.1463 1.1659 1.2042 
392.5 1.0926 1.0926 1.0925 1.0925 1.0924 1.0923 1.0922 1.0921 1.092 1.0919 1.0918 1.0916 1.0914 1.0912 1.091 1.0908 1.0906 1.0905 1.0903 1.0901 1.09 1.09 1.0901 1.0902 1.0904 1.0905 1.0905 1.0906 1.0905 1.0905 1.0907 1.0909 1.091 1.0908 1.0906 1.0906 1.0907 1.0909 1.0915 1.0921 1.0919 1.0914 1.0902 1.0866 1.0829 1.0873 1.0948 1.0998 1.0974 1.0949 1.0942 1.094 1.0939 1.0939 1.0939 1.0942 1.0946 1.0949 1.0949 1.095 1.0954 1.0958 1.0963 1.0971 1.0979 1.0985 1.0991 1.0999 1.1009 1.1019 1.1024 1.1028 1.1034 1.1044 1.1054 1.105 1.1044 1.1055 1.1059 1.1062 1.1072 1.1083 1.1086 1.1088 1.1098 1.1109 1.1111 1.1111 1.1115 1.1118 1.1134 1.1149 1.1163 1.1182 1.1216 1.1269 1.1347 1.1462 1.1658 1.2039 
393 1.0926 1.0926 1.0926 1.0925 1.0925 1.0924 1.0923 1.0922 1.0921 1.092 1.0918 1.0917 1.0915 1.0913 1.0912 1.0909 1.0908 1.0906 1.0904 1.0902 1.0902 1.0902 1.0902 1.0904 1.0905 1.0906 1.0905 1.0904 1.0905 1.0906 1.0908 1.0909 1.0911 1.091 1.0909 1.0909 1.091 1.0912 1.0917 1.0922 1.092 1.0915 1.0907 1.0886 1.0864 1.0893 1.0941 1.0972 1.0954 1.0936 1.0934 1.0938 1.094 1.0937 1.0933 1.0939 1.0948 1.0953 1.095 1.0946 1.095 1.0956 1.0962 1.097 1.0978 1.0983 1.0988 1.0995 1.1007 1.102 1.1022 1.1023 1.1028 1.1043 1.1058 1.1052 1.1043 1.1063 1.1064 1.1063 1.1074 1.1087 1.1086 1.1084 1.1094 1.1106 1.111 1.1114 1.1119 1.1124 1.1137 1.115 1.1164 1.1183 1.1217 1.1269 1.1347 1.1461 1.1656 1.2037 
393.5 1.0927 1.0927 1.0926 1.0926 1.0925 1.0924 1.0924 1.0923 1.0922 1.0921 1.0919 1.0918 1.0916 1.0915 1.0913 1.0911 1.0909 1.0907 1.0905 1.0904 1.0903 1.0903 1.0903 1.0905 1.0907 1.0906 1.0904 1.0903 1.0905 1.0907 1.0908 1.091 1.0911 1.0911 1.0911 1.0912 1.0913 1.0914 1.0919 1.0923 1.0921 1.0916 1.0911 1.0905 1.09 1.0913 1.0934 1.0946 1.0934 1.0922 1.0927 1.0936 1.0941 1.0935 1.0928 1.0936 1.0949 1.0957 1.095 1.0943 1.0947 1.0954 1.0961 1.0969 1.0977 1.0981 1.0984 1.0991 1.1006 1.1021 1.102 1.1017 1.1022 1.1042 1.1061 1.1054 1.1043 1.1071 1.1069 1.1064 1.1076 1.109 1.1085 1.1079 1.109 1.1103 1.111 1.1116 1.1123 1.1131 1.114 1.1152 1.1165 1.1185 1.1218 1.127 1.1346 1.1461 1.1654 1.2034 
394 1.0928 1.0928 1.0927 1.0926 1.0926 1.0925 1.0924 1.0924 1.0923 1.0921 1.092 1.0919 1.0917 1.0915 1.0914 1.0912 1.091 1.0908 1.0906 1.0905 1.0904 1.0904 1.0904 1.0906 1.0908 1.0907 1.0905 1.0902 1.0905 1.0907 1.0909 1.0909 1.091 1.0912 1.0913 1.0913 1.0912 1.0913 1.0918 1.0922 1.0921 1.0917 1.0913 1.0914 1.0915 1.0919 1.0925 1.0928 1.0921 1.0915 1.0923 1.0935 1.0942 1.0935 1.0929 1.0938 1.0952 1.0961 1.0954 1.0947 1.0951 1.0959 1.0966 1.0973 1.098 1.098 1.0977 1.0983 1.1005 1.1026 1.1026 1.1022 1.1025 1.1043 1.106 1.1053 1.1042 1.1071 1.107 1.1065 1.1076 1.1089 1.1082 1.1074 1.1086 1.1099 1.1108 1.1117 1.1126 1.1134 1.1142 1.1153 1.1166 1.1185 1.1218 1.1269 1.1346 1.146 1.1654 1.2033 
394.5 1.0929 1.0929 1.0928 1.0928 1.0927 1.0926 1.0926 1.0925 1.0924 1.0922 1.0921 1.092 1.0918 1.0916 1.0914 1.0912 1.0911 1.0909 1.0907 1.0906 1.0905 1.0905 1.0905 1.0908 1.091 1.0909 1.0905 1.0903 1.0905 1.0907 1.0908 1.0908 1.0909 1.0911 1.0913 1.0911 1.0908 1.0906 1.0912 1.0919 1.0918 1.0916 1.0912 1.0909 1.0905 1.0908 1.0914 1.0918 1.0917 1.0915 1.0923 1.0935 1.0942 1.094 1.0937 1.0946 1.0957 1.0965 1.0962 1.096 1.0965 1.0973 1.0979 1.0983 1.0987 1.0979 1.0967 1.0971 1.1005 1.1038 1.1041 1.1039 1.104 1.1046 1.1053 1.1049 1.1043 1.1061 1.1064 1.1064 1.1072 1.108 1.1076 1.107 1.1081 1.1094 1.1105 1.1116 1.1125 1.1135 1.1142 1.1153 1.1165 1.1184 1.1217 1.1268 1.1345 1.146 1.1654 1.2033 
395 1.093 1.093 1.0929 1.0929 1.0928 1.0928 1.0927 1.0926 1.0925 1.0923 1.0922 1.092 1.0919 1.0917 1.0915 1.0913 1.0911 1.091 1.0908 1.0907 1.0906 1.0906 1.0907 1.0909 1.0911 1.091 1.0906 1.0903 1.0905 1.0906 1.0907 1.0906 1.0907 1.0909 1.0912 1.0909 1.0903 1.09 1.0907 1.0915 1.0916 1.0915 1.0912 1.0903 1.0894 1.0897 1.0903 1.0909 1.0912 1.0916 1.0924 1.0935 1.0943 1.0944 1.0945 1.0953 1.0963 1.097 1.0971 1.0973 1.0979 1.0987 1.0992 1.0994 1.0995 1.0978 1.0957 1.0959 1.1004 1.105 1.1056 1.1056 1.1055 1.105 1.1046 1.1044 1.1043 1.1052 1.1058 1.1064 1.1068 1.1071 1.1069 1.1067 1.1077 1.1088 1.1102 1.1115 1.1125 1.1135 1.1142 1.1152 1.1165 1.1183 1.1215 1.1268 1.1345 1.146 1.1654 1.2034 
395.5 1.0932 1.0931 1.0931 1.093 1.093 1.0929 1.0928 1.0927 1.0926 1.0924 1.0923 1.0921 1.092 1.0918 1.0916 1.0914 1.0912 1.091 1.0909 1.0908 1.0907 1.0908 1.0908 1.0911 1.0913 1.0911 1.0907 1.0903 1.0905 1.0906 1.0906 1.0905 1.0905 1.0908 1.0912 1.0907 1.0899 1.0893 1.0902 1.0911 1.0914 1.0914 1.0911 1.0897 1.0884 1.0885 1.0893 1.09 1.0908 1.0916 1.0925 1.0935 1.0943 1.0948 1.0954 1.096 1.0968 1.0974 1.098 1.0986 1.0993 1.1001 1.1006 1.1004 1.1002 1.0977 1.0947 1.0946 1.1004 1.1062 1.1072 1.1074 1.1069 1.1054 1.1039 1.104 1.1044 1.1042 1.1052 1.1064 1.1064 1.1062 1.1062 1.1063 1.1073 1.1083 1.1098 1.1114 1.1125 1.1135 1.1142 1.1152 1.1164 1.1182 1.1214 1.1267 1.1344 1.146 1.1655 1.2034 
396 1.0932 1.0932 1.0931 1.0931 1.093 1.0929 1.0928 1.0927 1.0926 1.0925 1.0923 1.0922 1.092 1.0918 1.0916 1.0914 1.0913 1.0911 1.091 1.0909 1.0908 1.0908 1.0909 1.0911 1.0913 1.0912 1.0908 1.0906 1.0907 1.0908 1.0908 1.0906 1.0905 1.0909 1.0912 1.0908 1.0901 1.0896 1.0904 1.0912 1.0914 1.0914 1.0912 1.0901 1.089 1.089 1.0896 1.0902 1.0911 1.092 1.0929 1.0938 1.0945 1.0949 1.0954 1.096 1.0968 1.0975 1.0979 1.0984 1.0992 1.1 1.1005 1.1002 1.0999 1.0977 1.0951 1.0951 1.1003 1.1055 1.1064 1.1065 1.1061 1.1046 1.1031 1.1035 1.1042 1.1039 1.1051 1.1065 1.1065 1.1062 1.1064 1.1067 1.1075 1.1084 1.1098 1.1113 1.1124 1.1135 1.1142 1.1151 1.1163 1.1181 1.1213 1.1266 1.1344 1.1459 1.1655 1.2035 
396.5 1.0932 1.0932 1.0931 1.0931 1.093 1.0929 1.0929 1.0928 1.0926 1.0925 1.0924 1.0922 1.0921 1.0919 1.0917 1.0915 1.0913 1.0912 1.091 1.0909 1.0909 1.0909 1.0909 1.0911 1.0913 1.0912 1.091 1.0908 1.091 1.0912 1.0911 1.0908 1.0907 1.091 1.0913 1.0911 1.0907 1.0904 1.091 1.0915 1.0916 1.0916 1.0914 1.0909 1.0904 1.0904 1.0906 1.0909 1.0918 1.0926 1.0934 1.0942 1.0948 1.0949 1.0949 1.0956 1.0966 1.0972 1.0973 1.0974 1.0982 1.0992 1.0998 1.0994 1.0991 1.0977 1.0962 1.0964 1.1002 1.1039 1.1044 1.1043 1.104 1.1032 1.1024 1.103 1.1038 1.104 1.1053 1.1067 1.1067 1.1066 1.1071 1.1075 1.1081 1.1088 1.11 1.1113 1.1123 1.1133 1.1141 1.1151 1.1162 1.1179 1.1212 1.1265 1.1343 1.1459 1.1655 1.2036 
397 1.0932 1.0932 1.0931 1.0931 1.093 1.093 1.0929 1.0928 1.0927 1.0925 1.0924 1.0923 1.0921 1.0919 1.0917 1.0916 1.0914 1.0912 1.0911 1.091 1.0909 1.0909 1.0909 1.0911 1.0912 1.0912 1.0912 1.0911 1.0913 1.0915 1.0914 1.0911 1.0909 1.0911 1.0914 1.0914 1.0912 1.0912 1.0915 1.0918 1.0918 1.0917 1.0916 1.0917 1.0918 1.0917 1.0916 1.0917 1.0925 1.0932 1.094 1.0947 1.0951 1.0948 1.0945 1.0953 1.0963 1.097 1.0968 1.0965 1.0973 1.0984 1.099 1.0986 1.0983 1.0978 1.0973 1.0978 1.1001 1.1023 1.1024 1.1022 1.102 1.1018 1.1017 1.1025 1.1035 1.1041 1.1054 1.1068 1.107 1.1071 1.1077 1.1084 1.1088 1.1092 1.1102 1.1112 1.1122 1.1132 1.1141 1.115 1.116 1.1178 1.121 1.1264 1.1342 1.1459 1.1656 1.2038 
397.5 1.0932 1.0932 1.0932 1.0931 1.093 1.093 1.0929 1.0928 1.0927 1.0926 1.0924 1.0923 1.0921 1.092 1.0918 1.0916 1.0914 1.0913 1.0911 1.091 1.091 1.091 1.091 1.0911 1.0912 1.0913 1.0913 1.0914 1.0916 1.0919 1.0917 1.0913 1.091 1.0913 1.0915 1.0917 1.0918 1.092 1.092 1.0921 1.092 1.0918 1.0919 1.0926 1.0933 1.0931 1.0926 1.0924 1.0931 1.0939 1.0945 1.0952 1.0954 1.0948 1.0941 1.0949 1.0961 1.0968 1.0962 1.0955 1.0964 1.0976 1.0983 1.0979 1.0974 1.0979 1.0984 1.0991 1.0999 1.1007 1.1005 1.1 1.0999 1.1005 1.101 1.102 1.1032 1.1042 1.1055 1.1069 1.1073 1.1075 1.1083 1.1092 1.1094 1.1095 1.1103 1.1112 1.1121 1.1131 1.114 1.1149 1.1159 1.1176 1.1209 1.1263 1.1342 1.1459 1.1656 1.2039 
398 1.093 1.093 1.0929 1.0929 1.0928 1.0927 1.0926 1.0925 1.0924 1.0923 1.0922 1.092 1.0919 1.0917 1.0915 1.0914 1.0912 1.091 1.0909 1.0908 1.0908 1.0908 1.0907 1.0908 1.0909 1.091 1.0911 1.0913 1.0914 1.0915 1.0913 1.091 1.0907 1.091 1.0913 1.0914 1.0915 1.0916 1.0919 1.0921 1.092 1.0918 1.0918 1.0925 1.0932 1.093 1.0925 1.0923 1.0932 1.0941 1.0947 1.0952 1.0954 1.0948 1.0943 1.095 1.0961 1.0968 1.0963 1.0958 1.0966 1.0977 1.0983 1.0979 1.0974 1.0976 1.0979 1.0984 1.099 1.0997 1.1002 1.1007 1.1013 1.102 1.1027 1.1037 1.1047 1.1017 1.1048 1.1087 1.1082 1.1072 1.1069 1.1067 1.1084 1.1103 1.1109 1.1114 1.1123 1.1131 1.1139 1.1147 1.1158 1.1176 1.121 1.1264 1.1343 1.1461 1.1658 1.2042 
398.5 1.0927 1.0927 1.0926 1.0926 1.0925 1.0924 1.0924 1.0923 1.0921 1.092 1.0919 1.0917 1.0916 1.0914 1.0913 1.0911 1.0909 1.0908 1.0906 1.0905 1.0905 1.0905 1.0905 1.0905 1.0905 1.0907 1.0909 1.0911 1.091 1.091 1.0908 1.0905 1.0904 1.0907 1.091 1.0911 1.0911 1.0911 1.0916 1.092 1.092 1.0917 1.0917 1.0923 1.0929 1.0927 1.0922 1.0921 1.0932 1.0944 1.0949 1.0952 1.0953 1.0949 1.0945 1.0952 1.0961 1.0967 1.0965 1.0962 1.0969 1.0979 1.0984 1.0979 1.0975 1.0973 1.0972 1.0973 1.098 1.0986 1.1002 1.1019 1.1032 1.1039 1.1047 1.1056 1.1065 1.0989 1.1039 1.1106 1.1092 1.1069 1.1053 1.1038 1.1072 1.1111 1.1115 1.1116 1.1124 1.1132 1.1137 1.1146 1.1158 1.1177 1.1211 1.1265 1.1345 1.1462 1.166 1.2045 
399 1.0924 1.0924 1.0924 1.0923 1.0922 1.0922 1.0921 1.092 1.0919 1.0917 1.0916 1.0914 1.0913 1.0911 1.091 1.0908 1.0906 1.0905 1.0904 1.0903 1.0902 1.0902 1.0902 1.0902 1.0902 1.0904 1.0906 1.0908 1.0907 1.0905 1.0903 1.0901 1.09 1.0904 1.0908 1.0908 1.0906 1.0906 1.0913 1.092 1.092 1.0917 1.0915 1.0921 1.0926 1.0924 1.0919 1.0919 1.0933 1.0946 1.095 1.0952 1.0952 1.095 1.0948 1.0954 1.0961 1.0967 1.0967 1.0966 1.0973 1.0981 1.0985 1.098 1.0976 1.097 1.0965 1.0963 1.097 1.0976 1.1001 1.103 1.1051 1.1059 1.1067 1.1075 1.1083 1.0961 1.1031 1.1125 1.1102 1.1066 1.1037 1.1009 1.106 1.1119 1.1121 1.1119 1.1126 1.1133 1.1135 1.1144 1.1157 1.1177 1.1212 1.1267 1.1346 1.1464 1.1662 1.2049 
399.5 1.0922 1.0922 1.0921 1.092 1.092 1.0919 1.0918 1.0917 1.0916 1.0915 1.0913 1.0912 1.091 1.0908 1.0907 1.0905 1.0904 1.0902 1.0901 1.09 1.09 1.09 1.09 1.09 1.0899 1.0901 1.0904 1.0906 1.0903 1.09 1.0899 1.0897 1.0897 1.0901 1.0906 1.0905 1.0902 1.0902 1.0911 1.0919 1.092 1.0916 1.0914 1.0919 1.0923 1.0921 1.0917 1.0917 1.0932 1.0948 1.0951 1.0951 1.095 1.095 1.095 1.0955 1.0961 1.0966 1.0968 1.097 1.0975 1.0982 1.0985 1.0981 1.0977 1.0969 1.0959 1.0956 1.0962 1.0969 1.1002 1.1039 1.1066 1.1075 1.1083 1.109 1.1097 1.094 1.1024 1.114 1.111 1.1064 1.1025 1.0986 1.1052 1.1126 1.1126 1.1121 1.1127 1.1133 1.1133 1.1143 1.1156 1.1177 1.1213 1.1268 1.1348 1.1465 1.1664 1.2051 
400 1.0921 1.0921 1.092 1.092 1.0919 1.0918 1.0917 1.0916 1.0915 1.0914 1.0912 1.0911 1.0909 1.0907 1.0906 1.0904 1.0902 1.0901 1.09 1.0899 1.0899 1.0899 1.0899 1.09 1.09 1.0901 1.0903 1.0904 1.0902 1.0901 1.0899 1.0898 1.0897 1.0902 1.0906 1.0905 1.0902 1.0901 1.0911 1.0921 1.0922 1.0917 1.0915 1.0916 1.0917 1.0917 1.0915 1.0917 1.093 1.0943 1.0946 1.0946 1.0946 1.0947 1.0949 1.0953 1.0958 1.0962 1.0965 1.0968 1.0973 1.0979 1.0983 1.0981 1.098 1.0975 1.097 1.0968 1.0975 1.0982 1.1007 1.1035 1.1056 1.1064 1.1073 1.1078 1.1083 1.0971 1.1033 1.1118 1.1099 1.1068 1.1043 1.1017 1.1067 1.1124 1.1123 1.1117 1.1124 1.1131 1.1134 1.1144 1.1157 1.1177 1.1212 1.1267 1.1346 1.1464 1.1662 1.2049 
400.5 1.092 1.092 1.0919 1.0919 1.0918 1.0917 1.0916 1.0915 1.0914 1.0913 1.0911 1.091 1.0908 1.0906 1.0905 1.0903 1.0901 1.09 1.0898 1.0898 1.0897 1.0898 1.0898 1.09 1.0902 1.0902 1.0901 1.0901 1.0901 1.0901 1.09 1.0898 1.0897 1.0902 1.0906 1.0905 1.0901 1.09 1.0912 1.0924 1.0924 1.0919 1.0915 1.0913 1.0912 1.0912 1.0914 1.0917 1.0928 1.0938 1.0941 1.094 1.0941 1.0944 1.0948 1.0951 1.0955 1.0959 1.0963 1.0967 1.0971 1.0976 1.098 1.0981 1.0983 1.0982 1.098 1.0981 1.0988 1.0995 1.1012 1.103 1.1045 1.1054 1.1063 1.1066 1.1069 1.1002 1.1043 1.1097 1.1089 1.1073 1.1061 1.1048 1.1083 1.1122 1.112 1.1114 1.112 1.1128 1.1134 1.1144 1.1157 1.1176 1.1211 1.1265 1.1345 1.1462 1.166 1.2046 
401 1.092 1.0919 1.0919 1.0918 1.0917 1.0917 1.0916 1.0915 1.0913 1.0912 1.0911 1.0909 1.0907 1.0905 1.0904 1.0902 1.09 1.0898 1.0897 1.0896 1.0896 1.0897 1.0897 1.09 1.0903 1.0902 1.09 1.0898 1.09 1.0901 1.09 1.0898 1.0898 1.0902 1.0906 1.0905 1.0901 1.09 1.0913 1.0926 1.0926 1.092 1.0915 1.0911 1.0906 1.0908 1.0913 1.0918 1.0925 1.0933 1.0935 1.0935 1.0936 1.0942 1.0947 1.095 1.0952 1.0955 1.096 1.0965 1.0969 1.0973 1.0977 1.0981 1.0986 1.0988 1.099 1.0993 1.1001 1.1008 1.1017 1.1026 1.1034 1.1043 1.1052 1.1054 1.1054 1.1033 1.1052 1.1076 1.1078 1.1078 1.1078 1.1079 1.1099 1.1121 1.1116 1.111 1.1117 1.1125 1.1135 1.1145 1.1157 1.1176 1.121 1.1264 1.1343 1.146 1.1658 1.2044 
401.5 1.0919 1.0919 1.0918 1.0918 1.0917 1.0916 1.0915 1.0914 1.0913 1.0912 1.091 1.0909 1.0907 1.0905 1.0903 1.0901 1.0899 1.0898 1.0897 1.0896 1.0896 1.0896 1.0897 1.09 1.0903 1.0903 1.09 1.0897 1.09 1.0902 1.0901 1.0899 1.0898 1.0902 1.0907 1.0906 1.0902 1.0901 1.0914 1.0927 1.0926 1.092 1.0913 1.0908 1.0903 1.0906 1.0912 1.0918 1.0924 1.093 1.0932 1.0932 1.0933 1.0938 1.0944 1.0946 1.0948 1.0951 1.0957 1.0964 1.0968 1.0972 1.0976 1.0982 1.0988 1.0994 1.0999 1.1005 1.1011 1.1018 1.1021 1.1022 1.1027 1.1036 1.1045 1.1046 1.1044 1.1053 1.1057 1.1061 1.107 1.1079 1.1088 1.1097 1.1107 1.1116 1.1113 1.1109 1.1115 1.1122 1.1135 1.1146 1.1157 1.1176 1.121 1.1264 1.1342 1.1459 1.1656 1.2041 
402 1.0919 1.0919 1.0919 1.0918 1.0918 1.0917 1.0916 1.0915 1.0914 1.0913 1.0911 1.091 1.0908 1.0906 1.0904 1.0902 1.0901 1.0899 1.0898 1.0897 1.0896 1.0897 1.0897 1.09 1.0903 1.0902 1.09 1.0899 1.0902 1.0905 1.0904 1.0901 1.0899 1.0904 1.0909 1.0908 1.0906 1.0906 1.0917 1.0928 1.0925 1.0916 1.0908 1.0906 1.0904 1.0908 1.0914 1.092 1.0926 1.0931 1.0932 1.0931 1.0932 1.0935 1.0938 1.0941 1.0943 1.0947 1.0955 1.0962 1.0968 1.0973 1.0979 1.0984 1.0989 1.0997 1.1005 1.1013 1.1017 1.1022 1.1022 1.1021 1.1024 1.1034 1.1044 1.1044 1.1043 1.1053 1.1056 1.1057 1.1066 1.1075 1.1083 1.1092 1.11 1.1107 1.1111 1.1113 1.1116 1.1118 1.1135 1.1147 1.1159 1.1178 1.1212 1.1265 1.1343 1.1459 1.1655 1.2037 
402.5 1.092 1.092 1.0919 1.0919 1.0918 1.0917 1.0916 1.0916 1.0915 1.0913 1.0912 1.0911 1.0909 1.0907 1.0905 1.0904 1.0902 1.09 1.0899 1.0898 1.0897 1.0897 1.0898 1.09 1.0902 1.0902 1.0901 1.0901 1.0904 1.0907 1.0906 1.0903 1.09 1.0905 1.091 1.0911 1.091 1.0911 1.092 1.0929 1.0924 1.0912 1.0903 1.0904 1.0905 1.091 1.0916 1.0922 1.0927 1.0932 1.0932 1.0931 1.0931 1.0932 1.0932 1.0935 1.0938 1.0943 1.0952 1.0961 1.0968 1.0975 1.0981 1.0986 1.099 1.1 1.1012 1.1021 1.1023 1.1026 1.1023 1.1019 1.1021 1.1032 1.1043 1.1043 1.1042 1.1052 1.1054 1.1054 1.1062 1.1071 1.1079 1.1086 1.1092 1.1098 1.1108 1.1118 1.1116 1.1114 1.1134 1.1148 1.116 1.1179 1.1213 1.1266 1.1344 1.1459 1.1653 1.2033 
403 1.092 1.092 1.0919 1.0919 1.0918 1.0918 1.0917 1.0916 1.0915 1.0914 1.0913 1.0912 1.091 1.0908 1.0907 1.0905 1.0903 1.0901 1.09 1.0899 1.0898 1.0898 1.0898 1.09 1.0901 1.0902 1.0902 1.0903 1.0907 1.091 1.0909 1.0904 1.0902 1.0907 1.0912 1.0914 1.0914 1.0916 1.0923 1.093 1.0922 1.0908 1.0898 1.0902 1.0906 1.0912 1.0918 1.0924 1.0928 1.0933 1.0933 1.0931 1.0929 1.0928 1.0927 1.0929 1.0933 1.0938 1.0949 1.0959 1.0968 1.0977 1.0984 1.0988 1.0991 1.1004 1.1019 1.1029 1.1029 1.103 1.1024 1.1018 1.1018 1.103 1.1042 1.1042 1.1041 1.1052 1.1052 1.105 1.1058 1.1066 1.1074 1.1081 1.1085 1.1089 1.1105 1.1122 1.1116 1.111 1.1134 1.1149 1.1162 1.1181 1.1215 1.1268 1.1345 1.1459 1.1651 1.2028 
403.5 1.0919 1.0919 1.0918 1.0918 1.0917 1.0917 1.0916 1.0915 1.0914 1.0913 1.0912 1.0911 1.0909 1.0907 1.0906 1.0904 1.0902 1.09 1.0899 1.0897 1.0897 1.0896 1.0896 1.0898 1.0899 1.09 1.0901 1.0902 1.0904 1.0907 1.0905 1.0902 1.09 1.0904 1.0908 1.0911 1.0912 1.0915 1.092 1.0925 1.0918 1.0905 1.0896 1.09 1.0904 1.0911 1.0919 1.0925 1.0927 1.0929 1.0931 1.0932 1.0932 1.0928 1.0924 1.0928 1.0935 1.0942 1.0949 1.0956 1.0967 1.0978 1.0986 1.0987 1.0988 1.1002 1.1019 1.103 1.1027 1.1024 1.1021 1.1018 1.102 1.103 1.1039 1.1039 1.1038 1.1053 1.1052 1.1049 1.1058 1.1069 1.1075 1.1082 1.1087 1.1092 1.111 1.1128 1.112 1.1111 1.1135 1.115 1.1164 1.1183 1.1217 1.127 1.1346 1.146 1.1653 1.2029 
404 1.0917 1.0917 1.0916 1.0916 1.0915 1.0915 1.0914 1.0913 1.0912 1.0911 1.0909 1.0908 1.0906 1.0905 1.0903 1.0901 1.0899 1.0897 1.0896 1.0894 1.0894 1.0893 1.0893 1.0894 1.0896 1.0897 1.0898 1.09 1.0899 1.0898 1.0897 1.0896 1.0896 1.0898 1.09 1.0903 1.0906 1.0909 1.0912 1.0916 1.0911 1.0902 1.0895 1.0897 1.0899 1.0908 1.0919 1.0927 1.0924 1.0921 1.0927 1.0935 1.0938 1.0931 1.0923 1.0931 1.0943 1.0952 1.0952 1.0953 1.0965 1.0979 1.0987 1.0984 1.0981 1.0996 1.1015 1.1025 1.1019 1.1012 1.1016 1.102 1.1025 1.1031 1.1036 1.1035 1.1034 1.1054 1.1053 1.105 1.1062 1.1076 1.1082 1.1088 1.1096 1.1104 1.112 1.1136 1.1127 1.1116 1.1138 1.1153 1.1166 1.1186 1.1219 1.1272 1.1349 1.1463 1.1656 1.2034 
404.5 1.0915 1.0915 1.0914 1.0914 1.0913 1.0913 1.0912 1.0911 1.091 1.0908 1.0907 1.0905 1.0904 1.0902 1.09 1.0898 1.0896 1.0895 1.0893 1.0892 1.0891 1.089 1.089 1.0891 1.0892 1.0894 1.0896 1.0897 1.0893 1.089 1.0889 1.089 1.0892 1.0892 1.0893 1.0895 1.0899 1.0902 1.0905 1.0907 1.0904 1.0899 1.0895 1.0895 1.0895 1.0905 1.0919 1.0928 1.0921 1.0914 1.0923 1.0937 1.0944 1.0933 1.0922 1.0933 1.095 1.0961 1.0955 1.095 1.0962 1.0979 1.0988 1.0981 1.0974 1.099 1.101 1.1021 1.101 1.1 1.101 1.1023 1.1031 1.1031 1.1032 1.1031 1.1031 1.1056 1.1055 1.105 1.1065 1.1083 1.1089 1.1094 1.1105 1.1116 1.113 1.1144 1.1133 1.112 1.1141 1.1156 1.1169 1.1188 1.1222 1.1275 1.1352 1.1466 1.166 1.2039 
405 1.0913 1.0913 1.0912 1.0912 1.0911 1.091 1.0909 1.0909 1.0907 1.0906 1.0905 1.0903 1.0901 1.0899 1.0898 1.0896 1.0894 1.0892 1.089 1.0889 1.0888 1.0887 1.0887 1.0888 1.0888 1.089 1.0893 1.0894 1.0888 1.0881 1.0881 1.0885 1.0887 1.0886 1.0885 1.0887 1.0892 1.0896 1.0897 1.0898 1.0897 1.0896 1.0894 1.0892 1.089 1.0902 1.0919 1.093 1.0918 1.0906 1.0919 1.0939 1.095 1.0936 1.0922 1.0936 1.0958 1.097 1.0959 1.0947 1.096 1.098 1.099 1.0978 1.0967 1.0984 1.1006 1.1016 1.1002 1.0988 1.1004 1.1025 1.1037 1.1032 1.1028 1.1027 1.1027 1.1057 1.1056 1.1051 1.1069 1.109 1.1096 1.11 1.1114 1.1128 1.114 1.1152 1.1139 1.1125 1.1144 1.1158 1.1172 1.1191 1.1224 1.1277 1.1354 1.1469 1.1663 1.2044 
405.5 1.0913 1.0912 1.0912 1.0911 1.0911 1.091 1.0909 1.0908 1.0907 1.0905 1.0904 1.0902 1.09 1.0899 1.0897 1.0895 1.0893 1.0891 1.089 1.0888 1.0888 1.0887 1.0887 1.0888 1.0889 1.0891 1.0893 1.0894 1.0889 1.0884 1.0884 1.0887 1.0889 1.0888 1.0888 1.0891 1.0895 1.0899 1.09 1.09 1.0901 1.0901 1.09 1.0897 1.0893 1.0904 1.0919 1.0928 1.0919 1.0911 1.0922 1.0939 1.0949 1.0936 1.0924 1.0936 1.0956 1.0966 1.0956 1.0947 1.0959 1.0976 1.0986 1.0977 1.0969 1.0984 1.1004 1.1013 1.1001 1.0989 1.1005 1.1025 1.1036 1.1032 1.1029 1.1028 1.1028 1.1055 1.1057 1.1056 1.107 1.1086 1.1092 1.1097 1.111 1.1125 1.1136 1.1147 1.1136 1.1124 1.1144 1.1158 1.1171 1.119 1.1223 1.1276 1.1353 1.1468 1.1663 1.2044 
406 1.0913 1.0912 1.0912 1.0911 1.0911 1.091 1.0909 1.0908 1.0906 1.0905 1.0903 1.0902 1.09 1.0898 1.0896 1.0894 1.0893 1.0891 1.089 1.0889 1.0888 1.0888 1.0888 1.089 1.0891 1.0892 1.0894 1.0895 1.0892 1.0889 1.0889 1.089 1.0892 1.0893 1.0894 1.0897 1.0901 1.0904 1.0905 1.0906 1.0907 1.0907 1.0907 1.0903 1.0899 1.0906 1.0918 1.0926 1.0922 1.0918 1.0926 1.0939 1.0945 1.0936 1.0928 1.0937 1.0951 1.0959 1.0953 1.0947 1.0958 1.0972 1.0981 1.0976 1.0972 1.0985 1.1001 1.1009 1.1002 1.0994 1.1007 1.1024 1.1034 1.1032 1.1031 1.103 1.103 1.1052 1.1058 1.1062 1.1071 1.108 1.1085 1.109 1.1103 1.1117 1.1128 1.1138 1.1131 1.1122 1.1143 1.1157 1.117 1.1189 1.1221 1.1274 1.1351 1.1466 1.1662 1.2043 
406.5 1.0913 1.0912 1.0912 1.0911 1.091 1.091 1.0909 1.0907 1.0906 1.0905 1.0903 1.0901 1.09 1.0898 1.0896 1.0894 1.0893 1.0891 1.089 1.0889 1.0889 1.0889 1.089 1.0891 1.0893 1.0894 1.0894 1.0895 1.0895 1.0894 1.0894 1.0894 1.0895 1.0897 1.09 1.0903 1.0906 1.0909 1.091 1.0911 1.0912 1.0914 1.0915 1.091 1.0905 1.0909 1.0917 1.0924 1.0925 1.0926 1.0931 1.0938 1.0942 1.0936 1.0931 1.0937 1.0945 1.0951 1.0949 1.0948 1.0956 1.0967 1.0975 1.0976 1.0976 1.0987 1.0999 1.1006 1.1002 1.0999 1.101 1.1023 1.1032 1.1032 1.1033 1.1032 1.1032 1.1049 1.1059 1.1069 1.1072 1.1074 1.1079 1.1084 1.1096 1.111 1.112 1.113 1.1125 1.112 1.1142 1.1156 1.1169 1.1187 1.122 1.1272 1.1349 1.1465 1.166 1.2042 
407 1.0913 1.0912 1.0912 1.0911 1.091 1.0909 1.0908 1.0907 1.0906 1.0904 1.0903 1.0901 1.0899 1.0898 1.0896 1.0894 1.0892 1.0891 1.089 1.0889 1.089 1.089 1.0891 1.0893 1.0894 1.0895 1.0895 1.0896 1.0897 1.0899 1.0899 1.0898 1.0898 1.0901 1.0905 1.0909 1.0912 1.0914 1.0915 1.0916 1.0918 1.0921 1.0922 1.0916 1.091 1.0912 1.0917 1.0921 1.0927 1.0933 1.0936 1.0938 1.0938 1.0937 1.0935 1.0937 1.0941 1.0944 1.0946 1.0948 1.0955 1.0963 1.097 1.0975 1.098 1.0988 1.0997 1.1003 1.1003 1.1003 1.1012 1.1023 1.103 1.1032 1.1035 1.1034 1.1034 1.1046 1.106 1.1075 1.1072 1.1067 1.1072 1.1077 1.1089 1.1102 1.1112 1.1122 1.112 1.1118 1.1141 1.1155 1.1168 1.1186 1.1218 1.127 1.1347 1.1463 1.1659 1.2041 
407.5 1.0912 1.0912 1.0911 1.0911 1.091 1.0909 1.0908 1.0907 1.0906 1.0904 1.0903 1.0901 1.0899 1.0897 1.0896 1.0894 1.0892 1.0891 1.089 1.0889 1.0889 1.0889 1.089 1.0891 1.0893 1.0894 1.0894 1.0895 1.0897 1.0899 1.0899 1.0897 1.0896 1.09 1.0904 1.0907 1.0911 1.0913 1.0913 1.0912 1.0915 1.0919 1.0921 1.0915 1.091 1.0913 1.0918 1.0923 1.0925 1.0928 1.0932 1.0937 1.094 1.0938 1.0937 1.094 1.0945 1.095 1.0953 1.0956 1.0963 1.0971 1.0977 1.098 1.0983 1.0988 1.0994 1.0999 1.1001 1.1004 1.1011 1.102 1.1027 1.1031 1.1035 1.1037 1.1039 1.1051 1.1058 1.1063 1.1063 1.1063 1.1067 1.1071 1.1082 1.1093 1.1113 1.1134 1.1132 1.1127 1.1142 1.1154 1.1166 1.1184 1.1217 1.127 1.1348 1.1464 1.166 1.2043 
408 1.0912 1.0912 1.0911 1.091 1.091 1.0909 1.0908 1.0907 1.0905 1.0904 1.0903 1.0901 1.0899 1.0897 1.0895 1.0894 1.0892 1.089 1.0889 1.0888 1.0888 1.0888 1.0889 1.089 1.0891 1.0892 1.0893 1.0894 1.0897 1.0899 1.0899 1.0896 1.0895 1.0899 1.0903 1.0906 1.091 1.0912 1.091 1.0908 1.0911 1.0917 1.092 1.0915 1.091 1.0913 1.092 1.0925 1.0923 1.0922 1.0928 1.0936 1.0942 1.094 1.0939 1.0943 1.095 1.0955 1.0959 1.0964 1.0971 1.0979 1.0984 1.0985 1.0985 1.0988 1.0992 1.0995 1.1 1.1004 1.101 1.1017 1.1023 1.1029 1.1035 1.104 1.1045 1.1056 1.1055 1.1052 1.1054 1.1058 1.1061 1.1065 1.1074 1.1084 1.1115 1.1147 1.1143 1.1136 1.1143 1.1153 1.1164 1.1183 1.1217 1.127 1.1348 1.1464 1.1661 1.2045 
408.5 1.0912 1.0911 1.0911 1.091 1.091 1.0909 1.0908 1.0907 1.0905 1.0904 1.0902 1.0901 1.0899 1.0897 1.0895 1.0893 1.0892 1.089 1.0889 1.0888 1.0887 1.0887 1.0887 1.0889 1.089 1.0891 1.0892 1.0893 1.0896 1.0899 1.0899 1.0896 1.0894 1.0898 1.0901 1.0905 1.0908 1.0911 1.0908 1.0905 1.0908 1.0914 1.0918 1.0914 1.091 1.0914 1.0921 1.0926 1.0921 1.0917 1.0924 1.0935 1.0943 1.0942 1.0941 1.0947 1.0954 1.0961 1.0966 1.0971 1.0978 1.0986 1.0991 1.099 1.0988 1.0988 1.0989 1.0992 1.0998 1.1005 1.1009 1.1014 1.1019 1.1027 1.1035 1.1042 1.105 1.1061 1.1052 1.1041 1.1046 1.1053 1.1056 1.1058 1.1066 1.1075 1.1116 1.1159 1.1154 1.1145 1.1144 1.1151 1.1162 1.1182 1.1216 1.127 1.1349 1.1465 1.1662 1.2047 
409 1.0912 1.0911 1.0911 1.091 1.091 1.0909 1.0908 1.0907 1.0905 1.0904 1.0902 1.0901 1.0899 1.0897 1.0895 1.0893 1.0892 1.089 1.0888 1.0887 1.0886 1.0886 1.0886 1.0887 1.0888 1.0889 1.0891 1.0892 1.0895 1.0898 1.0897 1.0894 1.0892 1.0896 1.09 1.0903 1.0907 1.0909 1.0906 1.0903 1.0907 1.0914 1.0918 1.0914 1.091 1.0915 1.0923 1.0928 1.0921 1.0914 1.0922 1.0935 1.0945 1.0943 1.0942 1.095 1.0959 1.0968 1.0972 1.0976 1.0983 1.0991 1.0996 1.0993 1.099 1.0988 1.0987 1.0989 1.0997 1.1005 1.1009 1.1012 1.1018 1.1025 1.1033 1.1042 1.1052 1.1063 1.105 1.1034 1.1041 1.105 1.1053 1.1055 1.1062 1.1069 1.1117 1.1168 1.1161 1.115 1.1144 1.1151 1.1162 1.1181 1.1216 1.127 1.1349 1.1466 1.1663 1.2049 
409.5 1.0913 1.0912 1.0912 1.0911 1.0911 1.091 1.0909 1.0908 1.0906 1.0905 1.0903 1.0902 1.09 1.0898 1.0896 1.0894 1.0892 1.089 1.0888 1.0886 1.0885 1.0884 1.0884 1.0885 1.0886 1.0887 1.0888 1.089 1.0892 1.0893 1.0893 1.0891 1.089 1.0893 1.0896 1.09 1.0905 1.0908 1.0908 1.0908 1.0911 1.0917 1.0921 1.0917 1.0913 1.0918 1.0925 1.0929 1.0924 1.0918 1.0925 1.0936 1.0944 1.0943 1.0941 1.0952 1.0967 1.0977 1.0974 1.0972 1.0979 1.0988 1.0993 1.099 1.0987 1.0986 1.0986 1.0988 1.0996 1.1004 1.101 1.1016 1.1021 1.1023 1.1026 1.1035 1.1044 1.1055 1.105 1.1043 1.1048 1.1055 1.1057 1.1058 1.1066 1.1074 1.1118 1.1164 1.1155 1.1142 1.1144 1.1153 1.1164 1.1183 1.1217 1.1271 1.135 1.1466 1.1664 1.2049 
410 1.0914 1.0914 1.0913 1.0912 1.0912 1.0911 1.091 1.0909 1.0908 1.0906 1.0904 1.0903 1.0901 1.0899 1.0897 1.0894 1.0892 1.0889 1.0887 1.0884 1.0883 1.0882 1.0882 1.0883 1.0883 1.0884 1.0886 1.0887 1.0888 1.0889 1.0889 1.0888 1.0888 1.089 1.0893 1.0897 1.0903 1.0907 1.091 1.0912 1.0916 1.092 1.0923 1.0919 1.0916 1.092 1.0927 1.0931 1.0926 1.0921 1.0927 1.0937 1.0943 1.0942 1.094 1.0955 1.0974 1.0986 1.0977 1.0969 1.0975 1.0985 1.0991 1.0987 1.0984 1.0984 1.0985 1.0988 1.0996 1.1004 1.1012 1.102 1.1024 1.1022 1.1019 1.1027 1.1036 1.1047 1.105 1.1052 1.1056 1.106 1.1061 1.1062 1.107 1.1079 1.1119 1.1161 1.1149 1.1133 1.1143 1.1154 1.1166 1.1185 1.1219 1.1272 1.135 1.1467 1.1664 1.2049 
410.5 1.0915 1.0915 1.0914 1.0913 1.0913 1.0912 1.0911 1.091 1.0909 1.0907 1.0905 1.0904 1.0902 1.09 1.0897 1.0895 1.0892 1.0889 1.0886 1.0883 1.0881 1.088 1.088 1.088 1.0881 1.0882 1.0883 1.0884 1.0884 1.0884 1.0884 1.0884 1.0885 1.0887 1.0889 1.0894 1.09 1.0906 1.0912 1.0917 1.092 1.0924 1.0925 1.0922 1.0919 1.0923 1.0929 1.0933 1.0929 1.0925 1.093 1.0938 1.0943 1.0941 1.0939 1.0958 1.0982 1.0995 1.098 1.0965 1.0971 1.0982 1.0988 1.0985 1.0981 1.0982 1.0984 1.0988 1.0996 1.1003 1.1013 1.1023 1.1027 1.102 1.1012 1.1019 1.1028 1.1039 1.105 1.106 1.1063 1.1065 1.1065 1.1066 1.1074 1.1083 1.112 1.1158 1.1143 1.1125 1.1143 1.1156 1.1169 1.1188 1.122 1.1273 1.1351 1.1467 1.1665 1.2048 
411 1.0916 1.0916 1.0915 1.0915 1.0914 1.0913 1.0912 1.0911 1.091 1.0909 1.0907 1.0905 1.0903 1.0901 1.0898 1.0896 1.0893 1.089 1.0887 1.0884 1.0882 1.0881 1.088 1.088 1.0881 1.0882 1.0883 1.0884 1.0883 1.0883 1.0884 1.0884 1.0885 1.0887 1.0889 1.0893 1.0899 1.0905 1.0912 1.0918 1.0922 1.0924 1.0926 1.0922 1.0919 1.0923 1.0929 1.0933 1.0931 1.0928 1.0932 1.0939 1.0944 1.0942 1.0941 1.0959 1.0983 1.0996 1.098 1.0964 1.097 1.0981 1.0988 1.0984 1.0981 1.0983 1.0985 1.0989 1.0997 1.1005 1.1015 1.1027 1.103 1.1021 1.1011 1.1017 1.1025 1.1037 1.105 1.1063 1.1066 1.1066 1.1069 1.1072 1.1079 1.1087 1.1117 1.1149 1.1137 1.1121 1.1142 1.1156 1.1169 1.1188 1.122 1.1273 1.135 1.1467 1.1664 1.2047 
411.5 1.0918 1.0918 1.0917 1.0916 1.0916 1.0915 1.0914 1.0913 1.0912 1.091 1.0909 1.0907 1.0905 1.0903 1.09 1.0898 1.0895 1.0892 1.0889 1.0886 1.0884 1.0883 1.0882 1.0882 1.0883 1.0884 1.0885 1.0886 1.0886 1.0886 1.0887 1.0887 1.0888 1.089 1.0891 1.0895 1.0899 1.0904 1.091 1.0915 1.0919 1.0922 1.0923 1.0921 1.0918 1.0922 1.0928 1.0932 1.0931 1.093 1.0935 1.0941 1.0946 1.0945 1.0945 1.0959 1.0978 1.0989 1.0978 1.0967 1.0973 1.0983 1.0989 1.0986 1.0983 1.0985 1.0988 1.0992 1.1 1.1008 1.1019 1.1029 1.1033 1.1024 1.1016 1.102 1.1026 1.1043 1.1052 1.106 1.1063 1.1065 1.1072 1.108 1.1085 1.109 1.1112 1.1135 1.113 1.1123 1.114 1.1153 1.1166 1.1185 1.1218 1.1271 1.1349 1.1465 1.1662 1.2045 
412 1.092 1.0919 1.0919 1.0918 1.0918 1.0917 1.0916 1.0915 1.0914 1.0912 1.0911 1.0909 1.0907 1.0905 1.0902 1.09 1.0897 1.0894 1.0891 1.0889 1.0887 1.0886 1.0884 1.0885 1.0885 1.0886 1.0887 1.0888 1.0889 1.089 1.089 1.0891 1.0891 1.0892 1.0894 1.0896 1.0899 1.0902 1.0908 1.0913 1.0917 1.092 1.0921 1.0919 1.0916 1.092 1.0926 1.0931 1.0931 1.0932 1.0937 1.0944 1.0949 1.0949 1.0949 1.096 1.0973 1.0982 1.0976 1.097 1.0976 1.0986 1.0991 1.0988 1.0985 1.0987 1.0991 1.0995 1.1004 1.1012 1.1022 1.1032 1.1036 1.1028 1.1021 1.1024 1.1028 1.1048 1.1053 1.1057 1.106 1.1064 1.1076 1.1088 1.1092 1.1094 1.1107 1.1121 1.1123 1.1124 1.1138 1.1151 1.1163 1.1183 1.1216 1.127 1.1348 1.1464 1.166 1.2043 
412.5 1.0921 1.0921 1.092 1.092 1.0919 1.0919 1.0918 1.0917 1.0915 1.0914 1.0912 1.0911 1.0909 1.0907 1.0904 1.0902 1.0899 1.0896 1.0893 1.0891 1.0889 1.0888 1.0887 1.0887 1.0887 1.0888 1.0889 1.089 1.0891 1.0893 1.0894 1.0894 1.0894 1.0895 1.0896 1.0898 1.0899 1.0901 1.0906 1.091 1.0914 1.0917 1.0919 1.0917 1.0915 1.0918 1.0924 1.093 1.0931 1.0933 1.0939 1.0946 1.0951 1.0952 1.0953 1.096 1.0969 1.0975 1.0974 1.0973 1.098 1.0988 1.0993 1.099 1.0987 1.099 1.0993 1.0999 1.1007 1.1016 1.1025 1.1035 1.1038 1.1032 1.1026 1.1027 1.103 1.1054 1.1055 1.1053 1.1058 1.1063 1.1079 1.1097 1.1098 1.1097 1.1102 1.1106 1.1115 1.1125 1.1137 1.1148 1.116 1.118 1.1214 1.1268 1.1347 1.1463 1.1659 1.2041 
413 1.092 1.0919 1.0919 1.0918 1.0918 1.0917 1.0916 1.0915 1.0914 1.0913 1.0911 1.091 1.0908 1.0906 1.0904 1.0902 1.0899 1.0896 1.0894 1.0892 1.0891 1.089 1.0889 1.089 1.089 1.0891 1.0892 1.0893 1.0894 1.0895 1.0896 1.0896 1.0897 1.0898 1.0899 1.09 1.09 1.0901 1.0906 1.0911 1.0915 1.0919 1.0921 1.0919 1.0916 1.092 1.0926 1.0932 1.0934 1.0937 1.094 1.0944 1.0948 1.095 1.0952 1.0958 1.0966 1.097 1.0969 1.0967 1.0975 1.0984 1.099 1.0988 1.0985 1.0989 1.0994 1.0999 1.1008 1.1016 1.1023 1.103 1.1033 1.103 1.1027 1.1029 1.1032 1.1023 1.104 1.1061 1.1068 1.1074 1.1085 1.1095 1.1097 1.1097 1.11 1.1104 1.1115 1.1127 1.1137 1.1148 1.1161 1.1181 1.1216 1.127 1.1349 1.1465 1.1661 1.2045 
413.5 1.0917 1.0917 1.0916 1.0916 1.0915 1.0914 1.0913 1.0913 1.0912 1.091 1.0909 1.0908 1.0906 1.0904 1.0902 1.09 1.0898 1.0896 1.0895 1.0893 1.0892 1.0892 1.0891 1.0892 1.0893 1.0894 1.0895 1.0896 1.0897 1.0897 1.0898 1.0899 1.0899 1.09 1.0901 1.0902 1.0902 1.0903 1.0908 1.0912 1.0917 1.0921 1.0924 1.0922 1.092 1.0924 1.093 1.0935 1.0938 1.094 1.0941 1.0941 1.0942 1.0946 1.095 1.0956 1.0964 1.0968 1.0963 1.0958 1.0966 1.0978 1.0985 1.0983 1.0981 1.0986 1.0993 1.1 1.1007 1.1015 1.1019 1.1022 1.1024 1.1025 1.1026 1.103 1.1034 1.0978 1.1019 1.1073 1.1084 1.1091 1.1091 1.1089 1.1092 1.1096 1.1101 1.1106 1.1117 1.1129 1.1139 1.115 1.1164 1.1184 1.1219 1.1273 1.1352 1.1469 1.1666 1.2051 
414 1.0914 1.0914 1.0913 1.0913 1.0912 1.0912 1.0911 1.091 1.0909 1.0908 1.0907 1.0905 1.0904 1.0903 1.0901 1.0899 1.0898 1.0896 1.0895 1.0894 1.0894 1.0894 1.0894 1.0895 1.0896 1.0897 1.0898 1.0899 1.0899 1.0899 1.09 1.0901 1.0902 1.0903 1.0904 1.0904 1.0904 1.0905 1.0909 1.0914 1.0919 1.0924 1.0927 1.0925 1.0923 1.0927 1.0933 1.0939 1.0942 1.0944 1.0942 1.0937 1.0936 1.0941 1.0947 1.0954 1.0962 1.0965 1.0957 1.0948 1.0958 1.0971 1.098 1.0979 1.0977 1.0984 1.0992 1.1 1.1007 1.1014 1.1014 1.1014 1.1016 1.1021 1.1026 1.1031 1.1036 1.0933 1.0998 1.1085 1.11 1.1108 1.1097 1.1083 1.1088 1.1095 1.1102 1.1109 1.112 1.1131 1.114 1.1153 1.1166 1.1187 1.1223 1.1277 1.1355 1.1472 1.167 1.2056 
414.5 1.0911 1.0911 1.091 1.091 1.0909 1.0909 1.0908 1.0907 1.0906 1.0906 1.0904 1.0903 1.0902 1.0901 1.09 1.0898 1.0897 1.0896 1.0895 1.0895 1.0895 1.0895 1.0896 1.0897 1.0899 1.09 1.0902 1.0903 1.0902 1.0901 1.0902 1.0903 1.0905 1.0906 1.0907 1.0907 1.0906 1.0907 1.0911 1.0915 1.0921 1.0927 1.0931 1.0928 1.0926 1.093 1.0937 1.0942 1.0945 1.0948 1.0943 1.0934 1.093 1.0937 1.0944 1.0952 1.096 1.0962 1.095 1.0939 1.0949 1.0965 1.0976 1.0975 1.0974 1.0981 1.0991 1.1 1.1006 1.1013 1.101 1.1006 1.1007 1.1016 1.1025 1.1032 1.1038 1.0888 1.0977 1.1097 1.1116 1.1125 1.1103 1.1078 1.1084 1.1094 1.1103 1.1111 1.1122 1.1132 1.1142 1.1155 1.1169 1.119 1.1226 1.128 1.1359 1.1476 1.1674 1.2062 
415 1.0914 1.0914 1.0913 1.0913 1.0912 1.0912 1.0911 1.091 1.091 1.0909 1.0908 1.0906 1.0905 1.0904 1.0903 1.0901 1.09 1.0899 1.0898 1.0897 1.0897 1.0897 1.0898 1.0899 1.09 1.0901 1.0903 1.0904 1.0903 1.0903 1.0903 1.0905 1.0906 1.0907 1.0908 1.0908 1.0908 1.0909 1.0913 1.0917 1.0922 1.0926 1.093 1.0929 1.0928 1.0931 1.0936 1.094 1.0943 1.0946 1.0942 1.0936 1.0933 1.094 1.0946 1.0952 1.0959 1.0961 1.0953 1.0945 1.0954 1.0968 1.0977 1.0976 1.0975 1.0982 1.0991 1.0998 1.1005 1.1012 1.1011 1.1009 1.101 1.1018 1.1026 1.1032 1.1038 1.0923 1.0995 1.1092 1.1106 1.1112 1.1097 1.108 1.1086 1.1093 1.1102 1.1111 1.1121 1.1131 1.1141 1.1153 1.1167 1.1187 1.1222 1.1276 1.1355 1.1472 1.167 1.2057 
415.5 1.0917 1.0917 1.0917 1.0916 1.0916 1.0915 1.0914 1.0914 1.0913 1.0912 1.0911 1.091 1.0909 1.0908 1.0906 1.0905 1.0903 1.0902 1.0901 1.09 1.0899 1.0899 1.0899 1.09 1.0901 1.0903 1.0904 1.0905 1.0905 1.0904 1.0905 1.0906 1.0907 1.0908 1.0909 1.091 1.091 1.0912 1.0916 1.0919 1.0923 1.0926 1.0929 1.0929 1.0929 1.0931 1.0934 1.0937 1.094 1.0943 1.0941 1.0938 1.0937 1.0943 1.0948 1.0953 1.0958 1.0961 1.0957 1.0953 1.0961 1.0971 1.0978 1.0978 1.0978 1.0983 1.099 1.0997 1.1005 1.1012 1.1013 1.1012 1.1014 1.102 1.1026 1.1032 1.1038 1.0963 1.1016 1.1085 1.1094 1.1096 1.109 1.1084 1.1088 1.1093 1.1101 1.111 1.1119 1.1129 1.114 1.1151 1.1164 1.1184 1.1218 1.1272 1.135 1.1467 1.1665 1.2051 
416 1.0921 1.092 1.092 1.0919 1.0919 1.0918 1.0918 1.0917 1.0916 1.0916 1.0915 1.0914 1.0912 1.0911 1.091 1.0908 1.0907 1.0905 1.0903 1.0902 1.0901 1.0901 1.0901 1.0902 1.0903 1.0904 1.0905 1.0906 1.0906 1.0906 1.0906 1.0907 1.0907 1.0908 1.091 1.0911 1.0913 1.0914 1.0918 1.0921 1.0924 1.0926 1.0928 1.0929 1.093 1.0932 1.0933 1.0935 1.0937 1.094 1.0941 1.094 1.0941 1.0946 1.095 1.0954 1.0958 1.096 1.0961 1.0961 1.0967 1.0974 1.0979 1.098 1.098 1.0984 1.099 1.0996 1.1004 1.1012 1.1014 1.1015 1.1018 1.1022 1.1026 1.1032 1.1038 1.1004 1.1037 1.1078 1.1082 1.1081 1.1084 1.1087 1.109 1.1093 1.1101 1.1109 1.1118 1.1127 1.1139 1.1149 1.1161 1.1181 1.1214 1.1268 1.1346 1.1463 1.166 1.2044 
416.5 1.0923 1.0923 1.0922 1.0922 1.0921 1.0921 1.092 1.092 1.0919 1.0918 1.0917 1.0916 1.0915 1.0913 1.0912 1.091 1.0909 1.0907 1.0905 1.0904 1.0902 1.0902 1.0901 1.0902 1.0903 1.0904 1.0904 1.0905 1.0906 1.0906 1.0907 1.0907 1.0908 1.0909 1.091 1.0912 1.0914 1.0917 1.092 1.0923 1.0925 1.0926 1.0927 1.0929 1.0931 1.0932 1.0932 1.0932 1.0935 1.0937 1.094 1.0942 1.0945 1.0948 1.0951 1.0954 1.0957 1.096 1.0963 1.0966 1.0971 1.0976 1.098 1.0981 1.0981 1.0984 1.0988 1.0994 1.1003 1.1011 1.1015 1.1018 1.1021 1.1024 1.1027 1.1033 1.1039 1.1039 1.1055 1.1072 1.1072 1.107 1.1079 1.109 1.1092 1.1094 1.1101 1.1108 1.1117 1.1126 1.1138 1.1148 1.1159 1.1178 1.1211 1.1264 1.1342 1.1459 1.1656 1.2039 
417 1.092 1.092 1.0919 1.0919 1.0919 1.0918 1.0917 1.0917 1.0916 1.0915 1.0914 1.0913 1.0912 1.091 1.0909 1.0907 1.0905 1.0903 1.0902 1.09 1.0899 1.0897 1.0896 1.0896 1.0896 1.0896 1.0897 1.0899 1.09 1.0901 1.0903 1.0904 1.0906 1.0907 1.0909 1.0912 1.0915 1.0918 1.092 1.0922 1.0925 1.0928 1.093 1.0929 1.0928 1.0929 1.0931 1.0932 1.0935 1.0937 1.094 1.0943 1.0945 1.0946 1.0948 1.0952 1.0957 1.096 1.0961 1.0961 1.0966 1.0971 1.0975 1.0976 1.0977 1.098 1.0983 1.0988 1.0996 1.1005 1.101 1.1015 1.102 1.1024 1.1029 1.1039 1.1051 1.105 1.1059 1.107 1.1075 1.1079 1.1085 1.109 1.1097 1.1104 1.1106 1.1109 1.1118 1.1127 1.1138 1.1148 1.116 1.1178 1.1212 1.1265 1.1343 1.1459 1.1657 1.204 
417.5 1.0917 1.0917 1.0917 1.0916 1.0916 1.0915 1.0914 1.0914 1.0913 1.0912 1.0911 1.091 1.0908 1.0907 1.0905 1.0904 1.0902 1.09 1.0898 1.0897 1.0895 1.0893 1.0891 1.089 1.0888 1.0889 1.089 1.0892 1.0894 1.0896 1.0899 1.0901 1.0903 1.0906 1.0909 1.0912 1.0915 1.0918 1.092 1.0922 1.0925 1.093 1.0932 1.0929 1.0925 1.0927 1.093 1.0933 1.0934 1.0936 1.0939 1.0943 1.0945 1.0945 1.0944 1.0949 1.0956 1.096 1.0958 1.0956 1.096 1.0966 1.097 1.0972 1.0974 1.0976 1.0978 1.0982 1.099 1.0998 1.1005 1.1012 1.1019 1.1025 1.1031 1.1046 1.1062 1.106 1.1063 1.1067 1.1078 1.1089 1.109 1.1091 1.1102 1.1113 1.1112 1.1109 1.1119 1.1129 1.1138 1.1148 1.116 1.1179 1.1212 1.1265 1.1343 1.146 1.1657 1.2041 
418 1.0915 1.0915 1.0914 1.0914 1.0913 1.0912 1.0912 1.0911 1.091 1.0909 1.0908 1.0906 1.0905 1.0904 1.0902 1.09 1.0898 1.0896 1.0895 1.0893 1.0891 1.0889 1.0886 1.0884 1.0881 1.0881 1.0883 1.0885 1.0888 1.0891 1.0894 1.0898 1.0901 1.0904 1.0908 1.0912 1.0916 1.0919 1.092 1.0921 1.0926 1.0932 1.0935 1.0929 1.0923 1.0924 1.0929 1.0933 1.0934 1.0935 1.0939 1.0943 1.0946 1.0943 1.0941 1.0947 1.0956 1.096 1.0956 1.0951 1.0955 1.0961 1.0965 1.0968 1.097 1.0971 1.0973 1.0976 1.0984 1.0991 1.1 1.1009 1.1018 1.1026 1.1033 1.1052 1.1073 1.107 1.1067 1.1065 1.1081 1.1098 1.1096 1.1091 1.1106 1.1123 1.1117 1.111 1.112 1.113 1.1138 1.1148 1.116 1.1179 1.1213 1.1266 1.1344 1.1461 1.1658 1.2042 
418.5 1.0914 1.0913 1.0913 1.0912 1.0912 1.0911 1.091 1.091 1.0909 1.0907 1.0906 1.0905 1.0903 1.0902 1.09 1.0898 1.0896 1.0894 1.0893 1.0891 1.0889 1.0887 1.0884 1.0881 1.0879 1.0879 1.0881 1.0882 1.0886 1.0889 1.0893 1.0896 1.09 1.0904 1.0907 1.0912 1.0916 1.092 1.092 1.092 1.0925 1.0932 1.0936 1.0928 1.0921 1.0923 1.093 1.0934 1.0934 1.0934 1.0939 1.0945 1.0948 1.0945 1.0941 1.0947 1.0955 1.096 1.0956 1.0951 1.0954 1.0958 1.0962 1.0965 1.0967 1.0969 1.0971 1.0975 1.0982 1.099 1.0999 1.1008 1.1017 1.1026 1.1034 1.1054 1.1076 1.1074 1.1068 1.1063 1.1081 1.1102 1.1098 1.1091 1.1108 1.1126 1.112 1.1111 1.112 1.1129 1.1138 1.1148 1.116 1.118 1.1213 1.1267 1.1345 1.1462 1.1659 1.2043 
419 1.0915 1.0915 1.0914 1.0914 1.0913 1.0912 1.0911 1.0911 1.091 1.0908 1.0907 1.0906 1.0904 1.0903 1.0901 1.0899 1.0897 1.0895 1.0893 1.0891 1.089 1.0888 1.0886 1.0885 1.0883 1.0884 1.0885 1.0887 1.089 1.0893 1.0896 1.0898 1.0901 1.0904 1.0907 1.0911 1.0916 1.0919 1.0918 1.0916 1.0921 1.093 1.0935 1.0928 1.0921 1.0925 1.0933 1.0938 1.0935 1.0933 1.0939 1.0948 1.0954 1.095 1.0946 1.095 1.0955 1.0959 1.0959 1.0959 1.0958 1.0958 1.096 1.0963 1.0967 1.0971 1.0975 1.098 1.0988 1.0996 1.1003 1.1009 1.1016 1.1025 1.1034 1.105 1.1066 1.1067 1.1065 1.1062 1.1077 1.1094 1.1093 1.109 1.1104 1.1119 1.1117 1.1114 1.1119 1.1123 1.1136 1.1148 1.116 1.118 1.1214 1.1268 1.1346 1.1463 1.1661 1.2045 
419.5 1.0916 1.0916 1.0915 1.0915 1.0914 1.0914 1.0913 1.0912 1.0911 1.091 1.0908 1.0907 1.0905 1.0903 1.0901 1.0899 1.0897 1.0895 1.0893 1.0892 1.089 1.0889 1.0889 1.0888 1.0888 1.0889 1.089 1.0892 1.0895 1.0897 1.0899 1.09 1.0902 1.0904 1.0907 1.0911 1.0916 1.0919 1.0916 1.0912 1.0918 1.0927 1.0933 1.0927 1.0921 1.0926 1.0936 1.0942 1.0936 1.0931 1.0939 1.0952 1.096 1.0956 1.0951 1.0952 1.0955 1.0958 1.0962 1.0966 1.0963 1.0959 1.0957 1.0962 1.0968 1.0973 1.0979 1.0986 1.0994 1.1003 1.1006 1.1009 1.1015 1.1024 1.1033 1.1045 1.1057 1.1061 1.1061 1.1061 1.1073 1.1087 1.1089 1.1089 1.11 1.1112 1.1115 1.1117 1.1118 1.1118 1.1134 1.1147 1.116 1.118 1.1215 1.1269 1.1348 1.1465 1.1663 1.2048 
420 1.0917 1.0917 1.0917 1.0916 1.0915 1.0915 1.0914 1.0913 1.0912 1.0911 1.0909 1.0908 1.0906 1.0904 1.0902 1.09 1.0898 1.0895 1.0893 1.0892 1.0891 1.0891 1.0891 1.0892 1.0892 1.0894 1.0895 1.0897 1.0899 1.0901 1.0902 1.0902 1.0902 1.0905 1.0907 1.0911 1.0916 1.0919 1.0914 1.0909 1.0915 1.0925 1.0932 1.0927 1.0921 1.0928 1.0939 1.0946 1.0938 1.0929 1.094 1.0956 1.0966 1.0961 1.0956 1.0955 1.0955 1.0958 1.0965 1.0973 1.0968 1.0959 1.0955 1.0961 1.0968 1.0975 1.0983 1.0991 1.1 1.1009 1.101 1.101 1.1013 1.1023 1.1032 1.104 1.1047 1.1055 1.1057 1.1059 1.1069 1.108 1.1085 1.1089 1.1097 1.1105 1.1113 1.112 1.1116 1.1112 1.1133 1.1147 1.1161 1.118 1.1215 1.127 1.1349 1.1466 1.1665 1.205 
420.5 1.0918 1.0918 1.0917 1.0917 1.0916 1.0916 1.0915 1.0914 1.0913 1.0911 1.091 1.0908 1.0907 1.0905 1.0903 1.0901 1.0899 1.0896 1.0895 1.0893 1.0893 1.0893 1.0893 1.0894 1.0895 1.0897 1.0898 1.09 1.0901 1.0902 1.0903 1.0903 1.0903 1.0905 1.0907 1.091 1.0915 1.0917 1.0913 1.0909 1.0914 1.0923 1.0929 1.0927 1.0924 1.0929 1.0937 1.0942 1.0936 1.093 1.0941 1.0958 1.0968 1.0962 1.0956 1.0956 1.0958 1.0961 1.0967 1.0974 1.097 1.0964 1.0961 1.0963 1.0966 1.0973 1.0982 1.0991 1.1 1.1009 1.1011 1.101 1.1014 1.1023 1.1033 1.1035 1.1035 1.1041 1.1051 1.1062 1.1071 1.1081 1.1086 1.1091 1.1098 1.1106 1.1115 1.1124 1.1118 1.1112 1.1133 1.1148 1.1161 1.1181 1.1216 1.1271 1.135 1.1467 1.1665 1.2051 
421 1.0919 1.0918 1.0918 1.0917 1.0917 1.0916 1.0915 1.0914 1.0913 1.0912 1.0911 1.0909 1.0908 1.0906 1.0904 1.0902 1.09 1.0898 1.0897 1.0895 1.0895 1.0895 1.0895 1.0896 1.0897 1.0898 1.0899 1.09 1.0901 1.0903 1.0903 1.0903 1.0903 1.0905 1.0906 1.0909 1.0913 1.0916 1.0914 1.0912 1.0915 1.0921 1.0925 1.0927 1.0929 1.0931 1.0933 1.0934 1.0933 1.0931 1.0943 1.0959 1.0968 1.096 1.0953 1.0955 1.0961 1.0966 1.0968 1.097 1.0971 1.0972 1.0972 1.0967 1.0962 1.0969 1.0978 1.0987 1.0996 1.1005 1.1008 1.101 1.1015 1.1025 1.1034 1.103 1.1023 1.1024 1.1044 1.1066 1.1076 1.1086 1.1091 1.1096 1.1103 1.1111 1.112 1.1129 1.1122 1.1114 1.1134 1.1149 1.1162 1.1182 1.1217 1.1272 1.1351 1.1468 1.1665 1.205 
421.5 1.0919 1.0919 1.0918 1.0918 1.0917 1.0917 1.0916 1.0915 1.0914 1.0913 1.0911 1.091 1.0908 1.0907 1.0905 1.0903 1.0902 1.09 1.0899 1.0898 1.0897 1.0897 1.0897 1.0898 1.0899 1.09 1.0901 1.0901 1.0902 1.0903 1.0903 1.0903 1.0903 1.0904 1.0906 1.0908 1.0912 1.0914 1.0915 1.0915 1.0917 1.0919 1.0921 1.0928 1.0934 1.0932 1.0928 1.0925 1.0929 1.0933 1.0945 1.096 1.0968 1.0959 1.0949 1.0955 1.0965 1.0972 1.0969 1.0966 1.0972 1.098 1.0982 1.0971 1.0959 1.0965 1.0974 1.0984 1.0993 1.1002 1.1006 1.101 1.1016 1.1026 1.1036 1.1025 1.101 1.1007 1.1036 1.107 1.1082 1.1091 1.1096 1.11 1.1108 1.1117 1.1126 1.1134 1.1126 1.1117 1.1136 1.115 1.1163 1.1183 1.1218 1.1272 1.1351 1.1468 1.1665 1.205 
422 1.092 1.0919 1.0919 1.0918 1.0918 1.0917 1.0916 1.0915 1.0914 1.0913 1.0912 1.0911 1.0909 1.0908 1.0906 1.0905 1.0903 1.0902 1.0901 1.09 1.0899 1.0899 1.0899 1.09 1.09 1.0901 1.0902 1.0902 1.0903 1.0903 1.0903 1.0903 1.0904 1.0904 1.0905 1.0907 1.091 1.0913 1.0915 1.0918 1.0918 1.0916 1.0918 1.0928 1.0939 1.0934 1.0923 1.0917 1.0926 1.0935 1.0947 1.0961 1.0968 1.0957 1.0946 1.0955 1.0969 1.0977 1.097 1.0962 1.0973 1.0988 1.0993 1.0974 1.0956 1.0961 1.097 1.098 1.0989 1.0998 1.1004 1.101 1.1018 1.1028 1.1037 1.102 1.0998 1.0989 1.1029 1.1074 1.1087 1.1096 1.1101 1.1105 1.1114 1.1123 1.1131 1.1139 1.113 1.112 1.1137 1.1151 1.1165 1.1184 1.1219 1.1273 1.1352 1.1468 1.1665 1.205 
422.5 1.0919 1.0919 1.0918 1.0918 1.0917 1.0917 1.0916 1.0915 1.0914 1.0913 1.0911 1.091 1.0908 1.0907 1.0905 1.0904 1.0902 1.09 1.0899 1.0897 1.0896 1.0896 1.0896 1.0896 1.0897 1.0897 1.0898 1.0898 1.0899 1.0899 1.09 1.09 1.09 1.0902 1.0903 1.0906 1.0911 1.0915 1.0917 1.0919 1.092 1.092 1.0921 1.0929 1.0937 1.0934 1.0928 1.0924 1.0931 1.0938 1.0949 1.0962 1.0968 1.0958 1.0948 1.0956 1.0969 1.0977 1.0973 1.0968 1.0976 1.0986 1.099 1.0978 1.0966 1.097 1.0977 1.0984 1.099 1.0996 1.1003 1.101 1.1018 1.1028 1.1037 1.1025 1.1009 1.1005 1.1034 1.1068 1.1083 1.1095 1.1096 1.1097 1.1106 1.1116 1.1124 1.1133 1.1127 1.1121 1.1137 1.1151 1.1165 1.1185 1.1219 1.1273 1.1352 1.1468 1.1665 1.205 
423 1.0919 1.0919 1.0918 1.0917 1.0917 1.0916 1.0915 1.0914 1.0913 1.0912 1.091 1.0909 1.0907 1.0906 1.0904 1.0902 1.09 1.0898 1.0896 1.0894 1.0893 1.0892 1.0892 1.0892 1.0892 1.0893 1.0893 1.0894 1.0895 1.0896 1.0896 1.0896 1.0897 1.0899 1.0901 1.0906 1.0912 1.0918 1.0918 1.0919 1.0921 1.0924 1.0927 1.093 1.0934 1.0934 1.0934 1.0934 1.0938 1.0941 1.0951 1.0963 1.0969 1.096 1.095 1.0957 1.0969 1.0977 1.0977 1.0976 1.0979 1.0983 1.0984 1.0981 1.0978 1.0981 1.0985 1.0989 1.0992 1.0995 1.1002 1.1009 1.1018 1.1027 1.1037 1.1032 1.1025 1.1026 1.1042 1.1059 1.1076 1.1093 1.109 1.1086 1.1096 1.1107 1.1115 1.1124 1.1123 1.1122 1.1137 1.1151 1.1165 1.1185 1.1219 1.1273 1.1352 1.1468 1.1665 1.2049 
423.5 1.0918 1.0918 1.0917 1.0917 1.0916 1.0915 1.0914 1.0913 1.0912 1.0911 1.0909 1.0908 1.0906 1.0904 1.0902 1.09 1.0898 1.0896 1.0893 1.0891 1.0889 1.0888 1.0888 1.0888 1.0888 1.0888 1.0888 1.0889 1.089 1.0892 1.0892 1.0892 1.0893 1.0896 1.0899 1.0905 1.0914 1.0921 1.092 1.0919 1.0923 1.0928 1.0932 1.0931 1.093 1.0934 1.094 1.0944 1.0944 1.0944 1.0952 1.0964 1.097 1.0961 1.0953 1.0958 1.0968 1.0976 1.098 1.0984 1.0982 1.0979 1.0978 1.0985 1.0991 1.0993 1.0994 1.0994 1.0994 1.0994 1.1001 1.1009 1.1017 1.1027 1.1036 1.1039 1.1041 1.1047 1.1049 1.1051 1.107 1.1091 1.1084 1.1075 1.1085 1.1097 1.1107 1.1115 1.1119 1.1123 1.1137 1.1151 1.1165 1.1185 1.1219 1.1273 1.1351 1.1468 1.1665 1.2049 
424 1.0918 1.0918 1.0917 1.0916 1.0916 1.0915 1.0914 1.0913 1.0911 1.091 1.0908 1.0907 1.0905 1.0903 1.0901 1.0899 1.0896 1.0894 1.0891 1.0888 1.0886 1.0885 1.0884 1.0884 1.0883 1.0883 1.0884 1.0884 1.0886 1.0888 1.0889 1.0889 1.089 1.0893 1.0897 1.0905 1.0915 1.0923 1.0921 1.0919 1.0924 1.0932 1.0937 1.0932 1.0928 1.0935 1.0946 1.0953 1.095 1.0947 1.0954 1.0964 1.097 1.0963 1.0955 1.096 1.0967 1.0975 1.0983 1.0991 1.0985 1.0975 1.0972 1.0987 1.1001 1.1002 1.1 1.0998 1.0996 1.0994 1.1001 1.101 1.1019 1.1028 1.1037 1.1047 1.1057 1.1067 1.1057 1.1044 1.1064 1.1088 1.1078 1.1065 1.1076 1.1089 1.1098 1.1107 1.1115 1.1124 1.1137 1.115 1.1164 1.1185 1.1219 1.1273 1.1351 1.1467 1.1664 1.2049 
424.5 1.0918 1.0918 1.0917 1.0917 1.0916 1.0915 1.0914 1.0913 1.0912 1.0911 1.0909 1.0908 1.0906 1.0904 1.0903 1.09 1.0898 1.0896 1.0893 1.089 1.0888 1.0887 1.0886 1.0886 1.0885 1.0885 1.0886 1.0886 1.0887 1.0889 1.0889 1.0889 1.089 1.0893 1.0896 1.0902 1.0908 1.0914 1.0917 1.0919 1.0924 1.0931 1.0936 1.0936 1.0936 1.094 1.0946 1.0949 1.0947 1.0945 1.095 1.0959 1.0964 1.0959 1.0955 1.096 1.0967 1.0973 1.0977 1.0982 1.0975 1.0965 1.0961 1.097 1.0979 1.0982 1.0983 1.0988 1.1 1.1013 1.1022 1.103 1.1037 1.1043 1.1049 1.1055 1.106 1.1066 1.1059 1.1051 1.1065 1.1082 1.1077 1.107 1.1081 1.1093 1.11 1.1106 1.1114 1.1122 1.1134 1.1148 1.1162 1.1182 1.1218 1.1272 1.135 1.1467 1.1664 1.205 
425 1.0918 1.0918 1.0918 1.0917 1.0916 1.0916 1.0915 1.0914 1.0913 1.0912 1.091 1.0909 1.0907 1.0906 1.0904 1.0902 1.09 1.0898 1.0895 1.0892 1.089 1.0889 1.0888 1.0887 1.0887 1.0887 1.0887 1.0888 1.0888 1.0889 1.089 1.089 1.0891 1.0893 1.0896 1.0899 1.0902 1.0906 1.0912 1.0919 1.0925 1.0931 1.0936 1.0939 1.0943 1.0945 1.0945 1.0946 1.0944 1.0943 1.0947 1.0953 1.0957 1.0956 1.0955 1.096 1.0966 1.0971 1.0972 1.0972 1.0965 1.0955 1.095 1.0954 1.0958 1.0961 1.0965 1.0977 1.1004 1.1031 1.1042 1.105 1.1056 1.1059 1.1062 1.1063 1.1064 1.1065 1.1062 1.1058 1.1067 1.1076 1.1076 1.1075 1.1085 1.1096 1.1101 1.1105 1.1113 1.112 1.113 1.1145 1.1159 1.118 1.1216 1.127 1.1349 1.1467 1.1665 1.2051 
425.5 1.0919 1.0918 1.0918 1.0917 1.0917 1.0916 1.0915 1.0915 1.0914 1.0913 1.0911 1.091 1.0909 1.0907 1.0906 1.0904 1.0902 1.09 1.0897 1.0895 1.0893 1.0891 1.089 1.0889 1.0889 1.0889 1.0889 1.0889 1.0889 1.089 1.089 1.089 1.0891 1.0894 1.0896 1.0896 1.0896 1.0898 1.0908 1.0919 1.0925 1.093 1.0935 1.0943 1.0951 1.095 1.0945 1.0942 1.0941 1.0941 1.0944 1.0947 1.095 1.0953 1.0955 1.096 1.0965 1.0969 1.0966 1.0963 1.0955 1.0945 1.0938 1.0937 1.0936 1.0941 1.0948 1.0966 1.1008 1.1049 1.1062 1.107 1.1075 1.1075 1.1074 1.1071 1.1068 1.1063 1.1064 1.1066 1.1068 1.107 1.1075 1.108 1.109 1.11 1.1102 1.1104 1.1111 1.1119 1.1127 1.1142 1.1157 1.1178 1.1214 1.1269 1.1349 1.1466 1.1665 1.2052 
426 1.0919 1.0918 1.0918 1.0917 1.0917 1.0916 1.0916 1.0915 1.0914 1.0913 1.0912 1.0911 1.0909 1.0908 1.0906 1.0905 1.0903 1.0901 1.0899 1.0896 1.0894 1.0893 1.0892 1.0892 1.0891 1.0892 1.0892 1.0892 1.0892 1.0892 1.0892 1.0893 1.0894 1.0896 1.0898 1.0897 1.0895 1.0895 1.0907 1.0919 1.0926 1.093 1.0935 1.0944 1.0953 1.0951 1.0944 1.0939 1.094 1.0941 1.0942 1.0943 1.0946 1.095 1.0955 1.096 1.0965 1.0967 1.0961 1.0956 1.0948 1.094 1.0933 1.093 1.0926 1.0932 1.0939 1.0961 1.1009 1.1058 1.1071 1.1079 1.1083 1.108 1.1077 1.1072 1.1067 1.1061 1.1065 1.107 1.1069 1.1068 1.1075 1.1082 1.1092 1.1101 1.1103 1.1105 1.111 1.1116 1.1125 1.114 1.1155 1.1177 1.1213 1.1268 1.1348 1.1466 1.1664 1.2052 
426.5 1.0918 1.0918 1.0918 1.0917 1.0917 1.0916 1.0915 1.0914 1.0913 1.0912 1.0911 1.091 1.0908 1.0907 1.0905 1.0904 1.0902 1.09 1.0899 1.0897 1.0896 1.0895 1.0894 1.0895 1.0896 1.0896 1.0897 1.0898 1.0898 1.0899 1.0899 1.0899 1.09 1.0902 1.0905 1.0905 1.0904 1.0905 1.0913 1.092 1.0926 1.0931 1.0936 1.094 1.0944 1.0943 1.094 1.0939 1.0942 1.0945 1.0945 1.0944 1.0945 1.0951 1.0956 1.096 1.0964 1.0965 1.0959 1.0954 1.095 1.0946 1.0944 1.0944 1.0944 1.0947 1.0952 1.0967 1.1005 1.1043 1.1055 1.1062 1.1065 1.1061 1.1056 1.1056 1.1056 1.1055 1.1061 1.1068 1.1071 1.1072 1.1075 1.1078 1.1088 1.1097 1.1103 1.1109 1.1111 1.1113 1.1126 1.1141 1.1156 1.1177 1.1214 1.1269 1.1348 1.1465 1.1664 1.2051 
427 1.0918 1.0918 1.0917 1.0917 1.0916 1.0915 1.0915 1.0914 1.0913 1.0912 1.091 1.0909 1.0907 1.0906 1.0904 1.0903 1.0901 1.09 1.0898 1.0897 1.0897 1.0897 1.0897 1.0898 1.09 1.0901 1.0902 1.0904 1.0905 1.0906 1.0906 1.0906 1.0906 1.0909 1.0912 1.0913 1.0914 1.0916 1.0918 1.0921 1.0926 1.0932 1.0937 1.0935 1.0934 1.0935 1.0937 1.094 1.0944 1.0949 1.0948 1.0945 1.0944 1.0951 1.0957 1.096 1.0963 1.0962 1.0957 1.0952 1.0951 1.0953 1.0955 1.0958 1.0962 1.0963 1.0964 1.0974 1.1001 1.1028 1.1038 1.1045 1.1048 1.1042 1.1036 1.104 1.1045 1.1048 1.1057 1.1066 1.1072 1.1077 1.1076 1.1074 1.1084 1.1094 1.1103 1.1112 1.1111 1.111 1.1127 1.1142 1.1157 1.1178 1.1214 1.1269 1.1348 1.1465 1.1663 1.205 
427.5 1.0918 1.0917 1.0917 1.0916 1.0916 1.0915 1.0914 1.0913 1.0912 1.0911 1.091 1.0908 1.0906 1.0905 1.0903 1.0902 1.09 1.0899 1.0898 1.0898 1.0898 1.0899 1.09 1.0902 1.0904 1.0906 1.0907 1.0909 1.0911 1.0913 1.0914 1.0913 1.0913 1.0916 1.0919 1.0921 1.0924 1.0926 1.0924 1.0922 1.0926 1.0933 1.0938 1.0931 1.0925 1.0927 1.0934 1.094 1.0946 1.0952 1.095 1.0945 1.0944 1.0951 1.0958 1.0961 1.0961 1.096 1.0955 1.0949 1.0953 1.0959 1.0965 1.0973 1.098 1.0979 1.0977 1.0981 1.0997 1.1013 1.1021 1.1029 1.1031 1.1023 1.1016 1.1024 1.1034 1.1042 1.1053 1.1064 1.1073 1.1081 1.1077 1.1071 1.108 1.109 1.1103 1.1116 1.1112 1.1106 1.1127 1.1143 1.1158 1.1179 1.1215 1.1269 1.1348 1.1465 1.1662 1.2048 
428 1.0918 1.0917 1.0917 1.0916 1.0916 1.0915 1.0914 1.0913 1.0912 1.0911 1.0909 1.0908 1.0906 1.0905 1.0903 1.0901 1.09 1.0899 1.0898 1.0898 1.0898 1.0899 1.09 1.0902 1.0904 1.0906 1.0908 1.091 1.0912 1.0914 1.0915 1.0914 1.0914 1.0917 1.092 1.0923 1.0926 1.0928 1.0926 1.0923 1.0926 1.0932 1.0935 1.0929 1.0923 1.0926 1.0932 1.0938 1.0945 1.0951 1.095 1.0946 1.0945 1.0952 1.096 1.0961 1.0961 1.096 1.0955 1.095 1.0954 1.0962 1.0969 1.0978 1.0986 1.0985 1.0983 1.0985 1.0995 1.1006 1.1013 1.1018 1.102 1.1014 1.1009 1.1019 1.1032 1.1044 1.1056 1.1068 1.1076 1.1085 1.1079 1.1071 1.1081 1.1091 1.1103 1.1115 1.1111 1.1106 1.1128 1.1143 1.1158 1.1179 1.1215 1.1269 1.1348 1.1466 1.1664 1.205 
428.5 1.0918 1.0917 1.0917 1.0916 1.0916 1.0915 1.0914 1.0913 1.0912 1.0911 1.091 1.0908 1.0907 1.0905 1.0903 1.0902 1.09 1.0899 1.0898 1.0897 1.0897 1.0898 1.0898 1.09 1.0902 1.0904 1.0905 1.0907 1.0909 1.091 1.0911 1.0911 1.0911 1.0914 1.0917 1.0919 1.0921 1.0923 1.0924 1.0925 1.0926 1.0928 1.0929 1.0929 1.0929 1.093 1.0931 1.0933 1.094 1.0946 1.0947 1.0946 1.0948 1.0955 1.0961 1.0963 1.0963 1.0961 1.0957 1.0952 1.0956 1.0961 1.0967 1.0974 1.0981 1.0983 1.0984 1.0987 1.0997 1.1007 1.1011 1.1014 1.1016 1.1014 1.1013 1.1025 1.1038 1.1052 1.1065 1.1077 1.1082 1.1087 1.1082 1.1077 1.1086 1.1097 1.1103 1.1109 1.1109 1.111 1.1128 1.1142 1.1157 1.1178 1.1214 1.127 1.1349 1.1467 1.1667 1.2056 
429 1.0918 1.0917 1.0917 1.0916 1.0916 1.0915 1.0914 1.0913 1.0912 1.0911 1.091 1.0908 1.0907 1.0905 1.0904 1.0902 1.0901 1.0899 1.0898 1.0897 1.0896 1.0896 1.0897 1.0898 1.0899 1.0901 1.0902 1.0904 1.0905 1.0906 1.0907 1.0907 1.0908 1.0911 1.0914 1.0915 1.0916 1.0918 1.0922 1.0927 1.0926 1.0924 1.0923 1.0929 1.0935 1.0934 1.093 1.0929 1.0935 1.094 1.0944 1.0947 1.0951 1.0957 1.0963 1.0964 1.0964 1.0962 1.0958 1.0955 1.0957 1.0961 1.0965 1.0971 1.0976 1.098 1.0984 1.099 1.0999 1.1008 1.101 1.101 1.1012 1.1015 1.1017 1.103 1.1045 1.1061 1.1073 1.1085 1.1087 1.1088 1.1085 1.1082 1.1092 1.1103 1.1103 1.1103 1.1108 1.1113 1.1128 1.1141 1.1156 1.1177 1.1214 1.127 1.135 1.1469 1.167 1.2061 
429.5 1.0918 1.0917 1.0917 1.0916 1.0916 1.0915 1.0914 1.0913 1.0912 1.0911 1.091 1.0909 1.0907 1.0906 1.0904 1.0903 1.0901 1.0899 1.0898 1.0896 1.0895 1.0895 1.0895 1.0896 1.0897 1.0898 1.09 1.0901 1.0902 1.0902 1.0903 1.0904 1.0905 1.0908 1.091 1.0911 1.0911 1.0913 1.0921 1.0928 1.0926 1.092 1.0917 1.0929 1.094 1.0938 1.0929 1.0924 1.093 1.0935 1.0941 1.0947 1.0953 1.0959 1.0965 1.0966 1.0965 1.0963 1.096 1.0957 1.0958 1.096 1.0963 1.0967 1.0971 1.0978 1.0985 1.0992 1.1 1.1008 1.1008 1.1006 1.1008 1.1015 1.1021 1.1036 1.1051 1.1069 1.1082 1.1094 1.1093 1.109 1.1089 1.1087 1.1097 1.1109 1.1103 1.1097 1.1106 1.1116 1.1128 1.114 1.1155 1.1176 1.1213 1.127 1.1351 1.1471 1.1673 1.2066 
430 1.0918 1.0918 1.0917 1.0917 1.0916 1.0916 1.0915 1.0914 1.0913 1.0912 1.0911 1.0909 1.0908 1.0907 1.0905 1.0903 1.0902 1.09 1.0898 1.0897 1.0896 1.0896 1.0895 1.0896 1.0897 1.0898 1.09 1.0901 1.0902 1.0902 1.0903 1.0904 1.0906 1.0908 1.091 1.0911 1.0911 1.0913 1.0921 1.0929 1.0928 1.0923 1.0921 1.093 1.0938 1.0935 1.0928 1.0923 1.0929 1.0935 1.0941 1.0948 1.0955 1.0959 1.0963 1.0962 1.0961 1.096 1.096 1.096 1.096 1.096 1.0961 1.0966 1.0971 1.0974 1.0976 1.0978 1.0978 1.0979 1.1005 1.1035 1.1049 1.1037 1.1025 1.1036 1.105 1.1067 1.1079 1.109 1.1091 1.109 1.109 1.1091 1.11 1.1109 1.1104 1.1098 1.1106 1.1115 1.1128 1.1141 1.1155 1.1176 1.1213 1.1269 1.1351 1.147 1.1672 1.2065 
430.5 1.0919 1.0919 1.0918 1.0918 1.0917 1.0917 1.0916 1.0915 1.0914 1.0913 1.0912 1.091 1.0909 1.0908 1.0906 1.0904 1.0903 1.0901 1.09 1.0898 1.0897 1.0897 1.0897 1.0898 1.0899 1.09 1.0901 1.0903 1.0903 1.0903 1.0904 1.0906 1.0908 1.091 1.0912 1.0912 1.0913 1.0914 1.0921 1.0928 1.093 1.0929 1.0929 1.0931 1.0933 1.093 1.0926 1.0924 1.093 1.0936 1.0943 1.095 1.0955 1.0957 1.0959 1.0957 1.0955 1.0955 1.0959 1.0964 1.0962 1.0959 1.0959 1.0966 1.0973 1.097 1.0965 1.0959 1.0949 1.0939 1.1001 1.1073 1.1105 1.1067 1.1028 1.1034 1.1046 1.106 1.1072 1.1083 1.1086 1.1088 1.1091 1.1095 1.1101 1.1107 1.1105 1.1103 1.1108 1.1113 1.1128 1.1142 1.1155 1.1176 1.1213 1.1269 1.1349 1.1469 1.167 1.2061 
431 1.092 1.092 1.0919 1.0919 1.0918 1.0917 1.0917 1.0916 1.0915 1.0914 1.0913 1.0911 1.091 1.0908 1.0907 1.0905 1.0904 1.0902 1.0901 1.0899 1.0899 1.0898 1.0898 1.0899 1.09 1.0901 1.0903 1.0904 1.0904 1.0904 1.0906 1.0908 1.091 1.0911 1.0913 1.0914 1.0914 1.0915 1.0922 1.0928 1.0932 1.0935 1.0936 1.0932 1.0927 1.0925 1.0924 1.0924 1.0931 1.0937 1.0944 1.0951 1.0956 1.0956 1.0955 1.0953 1.0949 1.095 1.0958 1.0967 1.0965 1.0959 1.0958 1.0966 1.0974 1.0966 1.0954 1.0939 1.092 1.09 1.0997 1.1112 1.1162 1.1097 1.1032 1.1032 1.1042 1.1054 1.1065 1.1075 1.1081 1.1086 1.1092 1.1099 1.1102 1.1106 1.1106 1.1107 1.1109 1.1111 1.1129 1.1142 1.1156 1.1177 1.1212 1.1268 1.1348 1.1467 1.1668 1.2058 
431.5 1.0921 1.092 1.092 1.0919 1.0919 1.0918 1.0917 1.0917 1.0916 1.0915 1.0914 1.0912 1.0911 1.0909 1.0908 1.0906 1.0905 1.0903 1.0902 1.0901 1.09 1.09 1.09 1.0901 1.0902 1.0903 1.0904 1.0906 1.0905 1.0905 1.0907 1.091 1.0912 1.0913 1.0914 1.0915 1.0915 1.0917 1.0922 1.0927 1.0934 1.094 1.0943 1.0933 1.0922 1.092 1.0922 1.0925 1.0932 1.0938 1.0945 1.0953 1.0957 1.0954 1.0952 1.0948 1.0944 1.0944 1.0958 1.0971 1.0967 1.0958 1.0956 1.0966 1.0976 1.0962 1.0943 1.092 1.089 1.086 1.0992 1.1151 1.1218 1.1127 1.1035 1.103 1.1038 1.1048 1.1057 1.1067 1.1076 1.1084 1.1093 1.1103 1.1104 1.1104 1.1108 1.1111 1.111 1.1109 1.1129 1.1143 1.1156 1.1177 1.1212 1.1267 1.1347 1.1466 1.1666 1.2054 
432 1.0922 1.0921 1.0921 1.092 1.092 1.0919 1.0919 1.0918 1.0917 1.0916 1.0915 1.0914 1.0912 1.0911 1.0909 1.0908 1.0906 1.0905 1.0903 1.0902 1.0901 1.0901 1.0901 1.0902 1.0902 1.0904 1.0905 1.0906 1.0906 1.0906 1.0907 1.0909 1.0911 1.0912 1.0914 1.0914 1.0914 1.0914 1.0919 1.0923 1.0928 1.0934 1.0936 1.093 1.0923 1.0923 1.0925 1.0928 1.0935 1.0941 1.0947 1.0953 1.0958 1.0957 1.0956 1.0953 1.0949 1.0949 1.0958 1.0966 1.0965 1.0961 1.0961 1.0971 1.098 1.0972 1.096 1.0943 1.0917 1.0891 1.099 1.111 1.1163 1.1101 1.1039 1.1036 1.1042 1.1052 1.1059 1.1067 1.1076 1.1085 1.1091 1.1096 1.11 1.1103 1.1106 1.111 1.111 1.1111 1.113 1.1144 1.1157 1.1178 1.1213 1.1268 1.1348 1.1466 1.1665 1.2053 
432.5 1.0923 1.0923 1.0922 1.0922 1.0921 1.0921 1.092 1.0919 1.0918 1.0917 1.0916 1.0915 1.0914 1.0912 1.0911 1.0909 1.0908 1.0906 1.0905 1.0904 1.0903 1.0902 1.0902 1.0903 1.0903 1.0904 1.0905 1.0906 1.0907 1.0907 1.0908 1.0908 1.0909 1.0911 1.0914 1.0914 1.0912 1.0912 1.0915 1.0918 1.0922 1.0927 1.093 1.0927 1.0925 1.0926 1.0928 1.0932 1.0938 1.0944 1.0949 1.0954 1.0958 1.096 1.0961 1.0959 1.0956 1.0954 1.0958 1.0962 1.0963 1.0963 1.0966 1.0975 1.0985 1.0982 1.0978 1.0967 1.0945 1.0923 1.0988 1.1067 1.1105 1.1074 1.1042 1.1042 1.1047 1.1056 1.1061 1.1066 1.1076 1.1086 1.1088 1.1089 1.1095 1.1102 1.1105 1.1108 1.1111 1.1114 1.1131 1.1145 1.1158 1.1179 1.1214 1.1269 1.1349 1.1467 1.1665 1.2052 
433 1.0924 1.0924 1.0923 1.0923 1.0922 1.0922 1.0921 1.092 1.092 1.0919 1.0918 1.0916 1.0915 1.0914 1.0912 1.0911 1.0909 1.0908 1.0906 1.0905 1.0904 1.0904 1.0903 1.0904 1.0904 1.0905 1.0906 1.0906 1.0907 1.0908 1.0908 1.0908 1.0908 1.0911 1.0913 1.0913 1.0911 1.0909 1.0912 1.0914 1.0917 1.092 1.0923 1.0924 1.0926 1.0929 1.0932 1.0935 1.0941 1.0947 1.0951 1.0955 1.0959 1.0962 1.0966 1.0965 1.0962 1.0959 1.0958 1.0958 1.0961 1.0966 1.0971 1.098 1.0989 1.0993 1.0996 1.0992 1.0974 1.0955 1.0986 1.1024 1.1048 1.1047 1.1046 1.1048 1.1051 1.106 1.1063 1.1066 1.1076 1.1087 1.1085 1.1083 1.1091 1.1101 1.1104 1.1107 1.1111 1.1116 1.1132 1.1146 1.1159 1.118 1.1215 1.127 1.135 1.1467 1.1665 1.2052 
433.5 1.0925 1.0924 1.0924 1.0923 1.0923 1.0922 1.0922 1.0921 1.092 1.0919 1.0918 1.0917 1.0916 1.0915 1.0913 1.0912 1.091 1.0909 1.0907 1.0906 1.0905 1.0905 1.0904 1.0904 1.0905 1.0905 1.0906 1.0907 1.0907 1.0908 1.0908 1.0907 1.0907 1.091 1.0913 1.0912 1.091 1.0908 1.0909 1.0911 1.0912 1.0914 1.0917 1.0922 1.0928 1.0932 1.0934 1.0938 1.0943 1.0948 1.0952 1.0954 1.0957 1.0962 1.0968 1.0967 1.0965 1.0963 1.0959 1.0955 1.0961 1.0968 1.0976 1.0985 1.0993 1.1001 1.1009 1.101 1.0996 1.0983 1.0986 1.0992 1.1004 1.1026 1.1048 1.1052 1.1054 1.1063 1.1065 1.1066 1.1076 1.1087 1.1083 1.1078 1.1089 1.1101 1.1104 1.1106 1.1112 1.1119 1.1134 1.1147 1.1161 1.1181 1.1217 1.1272 1.1351 1.1467 1.1665 1.2051 
434 1.0924 1.0924 1.0923 1.0923 1.0923 1.0922 1.0921 1.0921 1.092 1.0919 1.0918 1.0917 1.0915 1.0914 1.0913 1.0911 1.091 1.0908 1.0907 1.0905 1.0905 1.0904 1.0904 1.0904 1.0905 1.0905 1.0906 1.0907 1.0908 1.0908 1.0908 1.0908 1.0908 1.0911 1.0913 1.0913 1.0911 1.0909 1.0911 1.0913 1.0913 1.0913 1.0915 1.0923 1.0931 1.0934 1.0935 1.0937 1.094 1.0944 1.0945 1.0945 1.0947 1.0952 1.0958 1.096 1.096 1.0961 1.0961 1.0961 1.0966 1.0971 1.0978 1.0987 1.0996 1.1001 1.1006 1.1007 1.1 1.0992 1.0995 1.1 1.1009 1.1026 1.1043 1.1048 1.1052 1.1061 1.1064 1.1065 1.1073 1.1081 1.1081 1.108 1.1092 1.1105 1.1106 1.1106 1.1114 1.1122 1.1137 1.1151 1.1165 1.1185 1.122 1.1274 1.1353 1.1469 1.1666 1.2051 
434.5 1.0924 1.0924 1.0923 1.0923 1.0922 1.0922 1.0921 1.092 1.0919 1.0918 1.0917 1.0916 1.0915 1.0914 1.0912 1.0911 1.0909 1.0908 1.0906 1.0905 1.0904 1.0904 1.0903 1.0904 1.0904 1.0905 1.0906 1.0907 1.0908 1.0909 1.0909 1.0909 1.0909 1.0911 1.0913 1.0913 1.0912 1.0911 1.0913 1.0915 1.0914 1.0913 1.0914 1.0924 1.0934 1.0937 1.0936 1.0936 1.0937 1.0939 1.0938 1.0937 1.0937 1.0942 1.0948 1.0952 1.0955 1.0959 1.0963 1.0967 1.0971 1.0975 1.098 1.0989 1.0999 1.1002 1.1003 1.1004 1.1003 1.1002 1.1004 1.1007 1.1013 1.1026 1.1038 1.1044 1.105 1.1059 1.1062 1.1065 1.107 1.1076 1.108 1.1082 1.1095 1.1109 1.1109 1.1107 1.1116 1.1125 1.1141 1.1155 1.1169 1.1189 1.1224 1.1277 1.1355 1.1471 1.1667 1.2052 
435 1.0923 1.0923 1.0923 1.0922 1.0922 1.0921 1.092 1.092 1.0919 1.0918 1.0917 1.0915 1.0914 1.0913 1.0911 1.091 1.0909 1.0907 1.0906 1.0904 1.0904 1.0903 1.0903 1.0903 1.0904 1.0905 1.0906 1.0907 1.0908 1.0909 1.0909 1.0909 1.091 1.0912 1.0914 1.0914 1.0913 1.0913 1.0915 1.0917 1.0915 1.0912 1.0912 1.0925 1.0938 1.0939 1.0936 1.0934 1.0935 1.0935 1.0932 1.0928 1.0927 1.0932 1.0938 1.0944 1.095 1.0957 1.0965 1.0973 1.0976 1.0978 1.0982 1.0992 1.1002 1.1002 1.1 1.1001 1.1006 1.1012 1.1013 1.1014 1.1018 1.1025 1.1033 1.1041 1.1048 1.1057 1.1061 1.1064 1.1068 1.1071 1.1078 1.1085 1.1099 1.1113 1.1111 1.1107 1.1117 1.1128 1.1144 1.1158 1.1173 1.1193 1.1227 1.1279 1.1357 1.1472 1.1669 1.2052 
435.5 1.0921 1.0921 1.0921 1.092 1.092 1.0919 1.0918 1.0918 1.0917 1.0916 1.0915 1.0913 1.0912 1.0911 1.0909 1.0908 1.0907 1.0905 1.0904 1.0903 1.0902 1.0901 1.0901 1.0902 1.0902 1.0903 1.0904 1.0905 1.0906 1.0907 1.0907 1.0908 1.0908 1.091 1.0912 1.0912 1.0913 1.0913 1.0915 1.0916 1.0914 1.0911 1.0911 1.0924 1.0937 1.0938 1.0935 1.0933 1.0932 1.0932 1.0929 1.0925 1.0923 1.093 1.0936 1.0942 1.0949 1.0956 1.0966 1.0976 1.0979 1.0981 1.0984 1.0993 1.1001 1.1001 1.0998 1.1 1.1009 1.1018 1.102 1.1021 1.1023 1.1027 1.1032 1.1039 1.1047 1.1053 1.1058 1.1064 1.1068 1.1072 1.1077 1.1083 1.1097 1.1112 1.111 1.1107 1.1117 1.1129 1.1144 1.1158 1.1173 1.1194 1.1227 1.128 1.1357 1.1473 1.1669 1.2053 
436 1.0918 1.0917 1.0917 1.0916 1.0916 1.0915 1.0915 1.0914 1.0913 1.0912 1.0911 1.091 1.0908 1.0907 1.0906 1.0904 1.0903 1.0902 1.09 1.0899 1.0899 1.0898 1.0898 1.0899 1.0899 1.09 1.0901 1.0902 1.0902 1.0903 1.0903 1.0903 1.0904 1.0905 1.0907 1.0909 1.091 1.0912 1.0912 1.0912 1.0911 1.0911 1.0913 1.0922 1.0932 1.0933 1.0931 1.093 1.0931 1.0931 1.093 1.0928 1.0928 1.0936 1.0944 1.0948 1.0952 1.0957 1.0966 1.0975 1.098 1.0983 1.0987 1.0992 1.0997 1.0998 1.0998 1.1001 1.1011 1.102 1.1024 1.1027 1.103 1.1032 1.1034 1.104 1.1047 1.1046 1.1054 1.1063 1.1071 1.1079 1.1078 1.1076 1.1088 1.1102 1.1103 1.1104 1.1114 1.1125 1.1139 1.1153 1.1168 1.1189 1.1224 1.1277 1.1355 1.1471 1.1669 1.2054 
436.5 1.0914 1.0914 1.0913 1.0913 1.0912 1.0912 1.0911 1.091 1.0909 1.0908 1.0907 1.0906 1.0905 1.0903 1.0902 1.0901 1.0899 1.0898 1.0897 1.0896 1.0895 1.0895 1.0895 1.0896 1.0896 1.0897 1.0898 1.0898 1.0898 1.0898 1.0898 1.0899 1.0899 1.09 1.0902 1.0905 1.0908 1.091 1.0909 1.0907 1.0909 1.0911 1.0914 1.092 1.0927 1.0928 1.0928 1.0928 1.0929 1.0931 1.0931 1.0931 1.0934 1.0943 1.0952 1.0954 1.0955 1.0958 1.0966 1.0974 1.098 1.0986 1.099 1.0992 1.0993 1.0996 1.0998 1.1003 1.1012 1.1021 1.1028 1.1033 1.1037 1.1037 1.1037 1.1041 1.1047 1.1039 1.1049 1.1063 1.1074 1.1086 1.1079 1.1069 1.108 1.1092 1.1097 1.1102 1.1111 1.1122 1.1134 1.1149 1.1164 1.1185 1.122 1.1275 1.1353 1.147 1.1668 1.2055 
437 1.091 1.091 1.0909 1.0909 1.0908 1.0908 1.0907 1.0906 1.0905 1.0904 1.0903 1.0902 1.0901 1.09 1.0898 1.0897 1.0896 1.0894 1.0894 1.0893 1.0892 1.0892 1.0892 1.0892 1.0893 1.0894 1.0894 1.0895 1.0894 1.0894 1.0894 1.0894 1.0894 1.0896 1.0897 1.0901 1.0906 1.0909 1.0906 1.0903 1.0906 1.0911 1.0915 1.0918 1.0921 1.0923 1.0924 1.0925 1.0928 1.093 1.0932 1.0934 1.0939 1.0949 1.0959 1.096 1.0958 1.0958 1.0966 1.0973 1.0981 1.0988 1.0993 1.0991 1.0989 1.0993 1.0998 1.1005 1.1014 1.1023 1.1031 1.104 1.1044 1.1042 1.1039 1.1042 1.1046 1.1031 1.1045 1.1062 1.1078 1.1093 1.1079 1.1062 1.1071 1.1083 1.1091 1.1099 1.1109 1.1118 1.1129 1.1144 1.1159 1.1181 1.1217 1.1272 1.1352 1.1469 1.1668 1.2057 
437.5 1.0911 1.0911 1.091 1.091 1.0909 1.0908 1.0908 1.0907 1.0906 1.0905 1.0904 1.0902 1.0901 1.09 1.0898 1.0897 1.0896 1.0894 1.0893 1.0893 1.0892 1.0892 1.0892 1.0892 1.0893 1.0894 1.0895 1.0895 1.0895 1.0894 1.0894 1.0894 1.0894 1.0896 1.0897 1.0901 1.0906 1.0909 1.0905 1.0901 1.0904 1.091 1.0915 1.0918 1.092 1.0922 1.0922 1.0923 1.0925 1.0928 1.0931 1.0934 1.094 1.0952 1.0964 1.0964 1.0961 1.096 1.0966 1.0973 1.0979 1.0986 1.099 1.0989 1.0987 1.0992 1.0997 1.1004 1.1012 1.1021 1.1028 1.1035 1.1039 1.1037 1.1036 1.104 1.1044 1.103 1.1042 1.1058 1.1071 1.1083 1.1069 1.1053 1.1085 1.112 1.1112 1.1101 1.1109 1.1119 1.113 1.1143 1.1158 1.118 1.1216 1.1271 1.1351 1.1469 1.1668 1.2056 
438 1.0914 1.0914 1.0913 1.0913 1.0912 1.0911 1.0911 1.091 1.0909 1.0907 1.0906 1.0905 1.0903 1.0902 1.09 1.0899 1.0897 1.0896 1.0895 1.0894 1.0894 1.0894 1.0894 1.0894 1.0895 1.0896 1.0897 1.0898 1.0898 1.0897 1.0897 1.0896 1.0896 1.0898 1.0899 1.0903 1.0908 1.0911 1.0906 1.0901 1.0903 1.0909 1.0914 1.0918 1.0922 1.0922 1.0921 1.0921 1.0923 1.0924 1.0928 1.0933 1.0939 1.0954 1.0968 1.0968 1.0963 1.0962 1.0967 1.0973 1.0977 1.098 1.0983 1.0985 1.0987 1.0991 1.0995 1.1001 1.1009 1.1018 1.1022 1.1025 1.1027 1.1029 1.103 1.1035 1.104 1.1031 1.1041 1.1053 1.1059 1.1063 1.1054 1.1043 1.1109 1.118 1.1146 1.1104 1.1111 1.1122 1.1133 1.1146 1.116 1.1181 1.1217 1.1271 1.1351 1.1468 1.1667 1.2055 
438.5 1.0917 1.0917 1.0916 1.0916 1.0915 1.0914 1.0913 1.0913 1.0911 1.091 1.0909 1.0907 1.0906 1.0904 1.0902 1.0901 1.0899 1.0898 1.0897 1.0896 1.0895 1.0895 1.0896 1.0896 1.0896 1.0897 1.0899 1.0901 1.09 1.09 1.0899 1.0899 1.0899 1.09 1.0902 1.0905 1.091 1.0913 1.0906 1.09 1.0902 1.0908 1.0913 1.0918 1.0923 1.0923 1.0921 1.0919 1.092 1.0921 1.0926 1.0931 1.0939 1.0955 1.0971 1.0971 1.0966 1.0964 1.0969 1.0973 1.0974 1.0975 1.0977 1.0982 1.0986 1.099 1.0993 1.0998 1.1006 1.1015 1.1015 1.1015 1.1016 1.102 1.1024 1.1031 1.1037 1.1032 1.1039 1.1048 1.1046 1.1044 1.1039 1.1034 1.1133 1.124 1.118 1.1107 1.1114 1.1125 1.1136 1.1148 1.1162 1.1182 1.1217 1.1272 1.1351 1.1468 1.1666 1.2054 
439 1.0921 1.092 1.092 1.0919 1.0918 1.0917 1.0916 1.0915 1.0914 1.0913 1.0911 1.091 1.0908 1.0906 1.0904 1.0902 1.0901 1.0899 1.0898 1.0897 1.0897 1.0897 1.0897 1.0897 1.0897 1.0899 1.0902 1.0904 1.0903 1.0902 1.0902 1.0901 1.0901 1.0903 1.0904 1.0907 1.0912 1.0914 1.0907 1.09 1.0902 1.0907 1.0913 1.0918 1.0924 1.0923 1.092 1.0917 1.0918 1.0918 1.0923 1.0929 1.0938 1.0956 1.0974 1.0974 1.0969 1.0966 1.097 1.0974 1.0972 1.0969 1.097 1.0978 1.0986 1.0989 1.0991 1.0995 1.1003 1.1011 1.1009 1.1004 1.1004 1.1011 1.1019 1.1026 1.1033 1.1034 1.1038 1.1043 1.1034 1.1024 1.1023 1.1024 1.1157 1.1299 1.1214 1.1111 1.1116 1.1128 1.1139 1.1151 1.1163 1.1183 1.1217 1.1272 1.1351 1.1468 1.1666 1.2052 
439.5 1.0921 1.0921 1.0921 1.092 1.0919 1.0919 1.0918 1.0917 1.0915 1.0914 1.0913 1.0911 1.091 1.0908 1.0906 1.0904 1.0903 1.0901 1.09 1.0899 1.0898 1.0898 1.0898 1.0898 1.0899 1.09 1.0902 1.0904 1.0904 1.0903 1.0902 1.09 1.0899 1.0899 1.09 1.0905 1.0913 1.0918 1.0912 1.0907 1.0907 1.091 1.0913 1.0919 1.0925 1.0925 1.0922 1.092 1.0921 1.0922 1.0927 1.0934 1.0942 1.0957 1.0971 1.0973 1.097 1.0969 1.0971 1.0974 1.0974 1.0974 1.0974 1.0978 1.0982 1.0987 1.0992 1.0997 1.1002 1.1006 1.1006 1.1004 1.1007 1.1015 1.1024 1.1029 1.1034 1.1031 1.1038 1.1047 1.1041 1.1033 1.1034 1.1037 1.1141 1.1253 1.1189 1.1111 1.1117 1.1127 1.1139 1.1149 1.1162 1.1181 1.1216 1.1271 1.135 1.1468 1.1666 1.2053 
440 1.0922 1.0922 1.0921 1.0921 1.092 1.0919 1.0919 1.0918 1.0917 1.0915 1.0914 1.0913 1.0911 1.091 1.0908 1.0906 1.0905 1.0903 1.0902 1.09 1.09 1.0899 1.0899 1.0899 1.09 1.0901 1.0902 1.0904 1.0904 1.0904 1.0902 1.0899 1.0896 1.0896 1.0896 1.0903 1.0914 1.0922 1.0919 1.0916 1.0914 1.0913 1.0913 1.092 1.0926 1.0926 1.0924 1.0923 1.0925 1.0927 1.0933 1.0939 1.0947 1.0957 1.0968 1.0971 1.0972 1.0973 1.0973 1.0974 1.0976 1.0979 1.098 1.0979 1.0978 1.0985 1.0993 1.0999 1.1 1.1001 1.1003 1.1005 1.101 1.102 1.103 1.1033 1.1035 1.1028 1.1039 1.1052 1.1049 1.1045 1.1048 1.1053 1.1121 1.1195 1.1157 1.1111 1.1117 1.1127 1.1137 1.1148 1.116 1.118 1.1215 1.127 1.135 1.1467 1.1666 1.2053 
440.5 1.0923 1.0922 1.0922 1.0921 1.0921 1.092 1.092 1.0919 1.0918 1.0917 1.0916 1.0914 1.0913 1.0912 1.091 1.0908 1.0907 1.0905 1.0903 1.0902 1.0901 1.09 1.09 1.09 1.0901 1.0901 1.0902 1.0903 1.0904 1.0905 1.0902 1.0897 1.0893 1.0892 1.0891 1.09 1.0914 1.0926 1.0925 1.0924 1.092 1.0916 1.0914 1.0921 1.0927 1.0928 1.0927 1.0926 1.0929 1.0932 1.0938 1.0945 1.0951 1.0958 1.0964 1.0969 1.0973 1.0976 1.0975 1.0974 1.0978 1.0984 1.0986 1.098 1.0974 1.0982 1.0994 1.1001 1.0998 1.0996 1.1 1.1007 1.1014 1.1025 1.1036 1.1037 1.1036 1.1026 1.104 1.1057 1.1058 1.1057 1.1062 1.1069 1.1101 1.1136 1.1125 1.1111 1.1118 1.1126 1.1136 1.1146 1.1158 1.1178 1.1214 1.1269 1.1349 1.1467 1.1666 1.2054 
441 1.0923 1.0923 1.0922 1.0922 1.0921 1.0921 1.092 1.0919 1.0919 1.0918 1.0917 1.0915 1.0914 1.0913 1.0911 1.091 1.0908 1.0906 1.0904 1.0903 1.0902 1.0901 1.09 1.0901 1.0901 1.0902 1.0902 1.0903 1.0904 1.0906 1.0902 1.0896 1.089 1.0889 1.0887 1.0898 1.0915 1.0929 1.0929 1.093 1.0925 1.0918 1.0914 1.0921 1.0928 1.0929 1.0929 1.0929 1.0933 1.0936 1.0942 1.0949 1.0955 1.0958 1.0961 1.0967 1.0974 1.0978 1.0976 1.0974 1.098 1.0987 1.099 1.098 1.0971 1.0981 1.0996 1.1003 1.0997 1.0991 1.0999 1.1008 1.1018 1.103 1.1042 1.1042 1.1039 1.1024 1.1041 1.1062 1.1066 1.1069 1.1075 1.1083 1.1084 1.1084 1.1097 1.1111 1.1119 1.1126 1.1135 1.1145 1.1157 1.1178 1.1214 1.1269 1.1349 1.1467 1.1666 1.2054 
441.5 1.0921 1.0921 1.092 1.092 1.0919 1.0919 1.0918 1.0917 1.0916 1.0915 1.0914 1.0913 1.0911 1.091 1.0908 1.0907 1.0905 1.0903 1.0901 1.09 1.0899 1.0898 1.0897 1.0898 1.0898 1.0899 1.0899 1.09 1.0902 1.0904 1.0901 1.0895 1.089 1.089 1.0889 1.0898 1.0912 1.0922 1.0923 1.0924 1.092 1.0913 1.0909 1.0916 1.0924 1.0927 1.0928 1.0929 1.0929 1.0928 1.0934 1.0941 1.0948 1.0952 1.0957 1.096 1.0963 1.0966 1.0968 1.097 1.0974 1.0978 1.098 1.0981 1.0982 1.099 1.1 1.1005 1.1 1.0995 1.1003 1.1012 1.1023 1.1034 1.1046 1.105 1.1053 1.1033 1.1046 1.1064 1.1071 1.1077 1.1081 1.1084 1.1087 1.109 1.1102 1.1115 1.1123 1.1131 1.1139 1.1149 1.1161 1.1181 1.1216 1.1271 1.135 1.1467 1.1665 1.205 
442 1.0919 1.0918 1.0918 1.0917 1.0917 1.0916 1.0916 1.0915 1.0914 1.0913 1.0911 1.091 1.0909 1.0907 1.0905 1.0903 1.0902 1.09 1.0898 1.0896 1.0896 1.0895 1.0895 1.0895 1.0896 1.0896 1.0897 1.0898 1.09 1.0902 1.0899 1.0895 1.0891 1.0891 1.0892 1.0898 1.0908 1.0916 1.0917 1.0918 1.0914 1.0908 1.0904 1.0912 1.092 1.0924 1.0927 1.0929 1.0925 1.092 1.0925 1.0933 1.0941 1.0947 1.0953 1.0954 1.0953 1.0955 1.0961 1.0967 1.0968 1.0968 1.0971 1.0982 1.0992 1.0998 1.1004 1.1006 1.1002 1.0998 1.1007 1.1017 1.1027 1.1038 1.1049 1.1058 1.1067 1.1042 1.1051 1.1066 1.1076 1.1086 1.1086 1.1085 1.109 1.1096 1.1107 1.1118 1.1127 1.1135 1.1143 1.1153 1.1166 1.1185 1.1219 1.1273 1.1351 1.1468 1.1664 1.2047 
442.5 1.0917 1.0916 1.0916 1.0915 1.0915 1.0914 1.0913 1.0912 1.0911 1.091 1.0909 1.0907 1.0906 1.0904 1.0902 1.09 1.0898 1.0896 1.0895 1.0893 1.0892 1.0892 1.0892 1.0892 1.0893 1.0893 1.0894 1.0895 1.0897 1.09 1.0898 1.0894 1.0891 1.0892 1.0894 1.0899 1.0905 1.091 1.0911 1.0912 1.0908 1.0903 1.09 1.0908 1.0916 1.0922 1.0927 1.0928 1.092 1.0912 1.0917 1.0926 1.0934 1.0942 1.095 1.0948 1.0943 1.0943 1.0953 1.0963 1.0962 1.0958 1.0962 1.0982 1.1003 1.1007 1.1007 1.1007 1.1004 1.1002 1.1011 1.1021 1.1032 1.1042 1.1053 1.1067 1.1082 1.105 1.1056 1.1067 1.1081 1.1095 1.1091 1.1086 1.1093 1.1102 1.1112 1.1122 1.1131 1.114 1.1147 1.1158 1.117 1.1189 1.1222 1.1275 1.1353 1.1468 1.1663 1.2043 
443 1.0916 1.0916 1.0915 1.0914 1.0914 1.0913 1.0912 1.0911 1.091 1.0909 1.0908 1.0906 1.0905 1.0903 1.0901 1.0899 1.0897 1.0895 1.0894 1.0892 1.0891 1.0891 1.0891 1.0891 1.0892 1.0892 1.0893 1.0894 1.0896 1.0898 1.0897 1.0894 1.0891 1.0892 1.0893 1.0898 1.0904 1.091 1.0909 1.0909 1.0906 1.0902 1.09 1.0908 1.0915 1.0921 1.0927 1.0929 1.092 1.0911 1.0915 1.0922 1.093 1.0938 1.0947 1.0944 1.0938 1.0936 1.0943 1.0949 1.0954 1.0959 1.0968 1.0988 1.1009 1.1011 1.1009 1.1008 1.1006 1.1004 1.1013 1.1024 1.1035 1.1044 1.1054 1.1069 1.1086 1.1055 1.1059 1.1068 1.1083 1.1099 1.1093 1.1086 1.1094 1.1103 1.1113 1.1122 1.1131 1.1141 1.1148 1.1158 1.117 1.1189 1.1222 1.1275 1.1352 1.1468 1.1663 1.2042 
443.5 1.0917 1.0917 1.0917 1.0916 1.0915 1.0915 1.0914 1.0913 1.0912 1.0911 1.091 1.0908 1.0907 1.0905 1.0903 1.0901 1.09 1.0898 1.0896 1.0895 1.0894 1.0894 1.0893 1.0894 1.0894 1.0894 1.0894 1.0895 1.0896 1.0897 1.0896 1.0894 1.0892 1.089 1.0888 1.0896 1.0909 1.0919 1.0916 1.0912 1.091 1.0909 1.0909 1.0915 1.0922 1.0926 1.0929 1.093 1.0926 1.0921 1.0923 1.0928 1.0933 1.0939 1.0945 1.0945 1.0943 1.0938 1.0927 1.0916 1.0943 1.0979 1.1004 1.1005 1.1005 1.1007 1.1008 1.1008 1.1006 1.1004 1.1014 1.1025 1.1035 1.1043 1.105 1.106 1.107 1.1051 1.1057 1.1066 1.108 1.1094 1.109 1.1085 1.1091 1.1097 1.1106 1.1116 1.1125 1.1133 1.1141 1.1152 1.1164 1.1183 1.1217 1.1271 1.135 1.1466 1.1663 1.2044 
444 1.0919 1.0919 1.0918 1.0918 1.0917 1.0916 1.0916 1.0915 1.0914 1.0913 1.0911 1.091 1.0909 1.0907 1.0906 1.0904 1.0902 1.09 1.0899 1.0898 1.0897 1.0896 1.0896 1.0896 1.0896 1.0896 1.0896 1.0896 1.0896 1.0896 1.0896 1.0894 1.0893 1.0887 1.0882 1.0894 1.0913 1.0928 1.0922 1.0916 1.0915 1.0916 1.0918 1.0923 1.0928 1.093 1.0931 1.0932 1.0932 1.0932 1.0932 1.0933 1.0935 1.0939 1.0943 1.0946 1.0947 1.094 1.0912 1.0883 1.0932 1.1 1.104 1.1021 1.1002 1.1002 1.1006 1.1008 1.1006 1.1004 1.1014 1.1026 1.1036 1.1041 1.1046 1.105 1.1054 1.1047 1.1055 1.1064 1.1076 1.1089 1.1087 1.1085 1.1087 1.1091 1.11 1.111 1.1118 1.1126 1.1134 1.1145 1.1158 1.1178 1.1213 1.1268 1.1347 1.1465 1.1662 1.2047 
444.5 1.092 1.092 1.092 1.0919 1.0919 1.0918 1.0917 1.0916 1.0915 1.0914 1.0913 1.0912 1.0911 1.0909 1.0908 1.0906 1.0905 1.0903 1.0902 1.09 1.09 1.0899 1.0898 1.0898 1.0898 1.0898 1.0898 1.0897 1.0896 1.0895 1.0895 1.0895 1.0893 1.0885 1.0876 1.0891 1.0917 1.0937 1.0928 1.0919 1.0919 1.0923 1.0927 1.0931 1.0934 1.0935 1.0933 1.0934 1.0938 1.0942 1.0941 1.0938 1.0937 1.0939 1.0942 1.0947 1.0952 1.0943 1.0896 1.085 1.0921 1.1021 1.1076 1.1038 1.0999 1.0998 1.1005 1.1009 1.1006 1.1003 1.1014 1.1027 1.1036 1.1039 1.1042 1.1041 1.1039 1.1043 1.1053 1.1063 1.1073 1.1084 1.1084 1.1084 1.1084 1.1085 1.1094 1.1104 1.1111 1.1119 1.1128 1.1139 1.1152 1.1172 1.1208 1.1264 1.1345 1.1463 1.1662 1.2049 
445 1.0921 1.0921 1.092 1.092 1.0919 1.0918 1.0918 1.0917 1.0916 1.0915 1.0914 1.0913 1.0911 1.091 1.0909 1.0907 1.0906 1.0904 1.0903 1.0901 1.0901 1.09 1.0899 1.0899 1.0899 1.0899 1.0899 1.0898 1.0897 1.0895 1.0894 1.0894 1.0893 1.0885 1.0877 1.0891 1.0916 1.0935 1.0927 1.0919 1.0921 1.0926 1.093 1.0932 1.0933 1.0933 1.0932 1.0932 1.0938 1.0943 1.0943 1.094 1.0939 1.0941 1.0943 1.0948 1.0954 1.0946 1.0901 1.0857 1.0925 1.102 1.1073 1.1034 1.0994 1.0993 1.1 1.1004 1.1003 1.1003 1.1013 1.1025 1.1034 1.1037 1.1041 1.1039 1.1036 1.1045 1.1055 1.1065 1.1074 1.1083 1.1085 1.1087 1.1088 1.1088 1.1096 1.1103 1.1109 1.1115 1.1127 1.1139 1.1152 1.1173 1.1209 1.1264 1.1345 1.1463 1.1662 1.205 
445.5 1.092 1.092 1.0919 1.0919 1.0919 1.0918 1.0917 1.0916 1.0916 1.0915 1.0913 1.0912 1.0911 1.091 1.0908 1.0907 1.0905 1.0904 1.0902 1.0901 1.09 1.09 1.0899 1.0899 1.0899 1.09 1.09 1.09 1.0897 1.0895 1.0893 1.0893 1.0892 1.0887 1.0882 1.0893 1.0911 1.0926 1.0921 1.0917 1.0919 1.0925 1.0929 1.0928 1.0927 1.0926 1.0926 1.0928 1.0933 1.0939 1.094 1.094 1.0941 1.0943 1.0945 1.0949 1.0954 1.0949 1.0921 1.0893 1.0939 1.1004 1.104 1.1014 1.0989 1.0988 1.0993 1.0997 1.0999 1.1001 1.1011 1.1021 1.103 1.1035 1.104 1.1042 1.1043 1.1052 1.1062 1.1071 1.1079 1.1086 1.1089 1.1093 1.1096 1.11 1.1103 1.1107 1.1111 1.1114 1.113 1.1143 1.1157 1.1177 1.1213 1.1267 1.1347 1.1464 1.1663 1.2049 
446 1.092 1.0919 1.0919 1.0918 1.0918 1.0917 1.0917 1.0916 1.0915 1.0914 1.0913 1.0912 1.0911 1.0909 1.0908 1.0906 1.0905 1.0903 1.0902 1.09 1.09 1.0899 1.0899 1.0899 1.09 1.09 1.0901 1.0901 1.0898 1.0894 1.0893 1.0892 1.0891 1.0889 1.0887 1.0895 1.0907 1.0916 1.0915 1.0915 1.0918 1.0924 1.0927 1.0924 1.092 1.092 1.0921 1.0924 1.0929 1.0934 1.0937 1.094 1.0943 1.0945 1.0947 1.0951 1.0954 1.0953 1.0941 1.0929 1.0954 1.0987 1.1007 1.0995 1.0984 1.0984 1.0986 1.0989 1.0994 1.1 1.1009 1.1018 1.1026 1.1033 1.104 1.1045 1.105 1.1059 1.1068 1.1078 1.1083 1.1088 1.1094 1.1099 1.1105 1.1111 1.1111 1.1112 1.1112 1.1113 1.1133 1.1148 1.1162 1.1182 1.1217 1.127 1.1349 1.1466 1.1663 1.2048 
446.5 1.0919 1.0919 1.0918 1.0918 1.0917 1.0917 1.0916 1.0916 1.0915 1.0914 1.0913 1.0911 1.091 1.0909 1.0907 1.0906 1.0904 1.0903 1.0901 1.09 1.0899 1.0899 1.0899 1.0899 1.09 1.0901 1.0902 1.0903 1.0899 1.0894 1.0892 1.0891 1.0891 1.0892 1.0893 1.0896 1.0902 1.0906 1.0909 1.0912 1.0917 1.0923 1.0926 1.092 1.0914 1.0914 1.0916 1.092 1.0924 1.0929 1.0934 1.094 1.0945 1.0947 1.095 1.0952 1.0954 1.0957 1.0961 1.0965 1.0968 1.0971 1.0974 1.0976 1.0979 1.0979 1.0979 1.0981 1.099 1.0999 1.1006 1.1014 1.1022 1.1031 1.104 1.1048 1.1057 1.1066 1.1075 1.1084 1.1088 1.1091 1.1098 1.1105 1.1113 1.1122 1.1119 1.1116 1.1114 1.1112 1.1137 1.1153 1.1167 1.1187 1.122 1.1273 1.1351 1.1467 1.1664 1.2047 
447 1.0921 1.0921 1.092 1.092 1.0919 1.0919 1.0918 1.0917 1.0916 1.0915 1.0914 1.0913 1.0911 1.091 1.0908 1.0907 1.0905 1.0903 1.0902 1.09 1.09 1.0899 1.0899 1.0899 1.09 1.0901 1.0902 1.0903 1.09 1.0897 1.0895 1.0894 1.0893 1.0895 1.0896 1.0899 1.0903 1.0907 1.091 1.0913 1.0917 1.0921 1.0923 1.0919 1.0915 1.0916 1.0917 1.092 1.0925 1.093 1.0936 1.0943 1.0948 1.095 1.0952 1.0952 1.0952 1.0954 1.096 1.0966 1.0966 1.0964 1.0965 1.0969 1.0974 1.0972 1.0968 1.097 1.0986 1.1002 1.1013 1.1023 1.1033 1.1043 1.1054 1.1055 1.1056 1.1064 1.1073 1.1083 1.1087 1.1091 1.1098 1.1105 1.1113 1.1122 1.112 1.1118 1.1118 1.1119 1.114 1.1155 1.1168 1.1188 1.1221 1.1274 1.1351 1.1468 1.1664 1.2047 
447.5 1.0924 1.0923 1.0923 1.0922 1.0922 1.0921 1.092 1.0919 1.0918 1.0917 1.0916 1.0914 1.0913 1.0911 1.091 1.0908 1.0906 1.0904 1.0902 1.0901 1.09 1.0899 1.0899 1.0899 1.09 1.0901 1.0902 1.0903 1.0901 1.0899 1.0898 1.0897 1.0897 1.0898 1.0899 1.0902 1.0906 1.091 1.0913 1.0915 1.0917 1.0919 1.092 1.0919 1.0919 1.0919 1.092 1.0922 1.0927 1.0933 1.0939 1.0946 1.0952 1.0953 1.0953 1.0952 1.0949 1.0949 1.0953 1.0958 1.0959 1.0959 1.0961 1.0965 1.0969 1.0964 1.0956 1.0959 1.0983 1.1007 1.1021 1.1034 1.1047 1.1059 1.1071 1.1064 1.1054 1.1061 1.107 1.108 1.1085 1.1089 1.1097 1.1105 1.1112 1.1119 1.112 1.112 1.1124 1.1127 1.1143 1.1156 1.1169 1.1188 1.1221 1.1273 1.1351 1.1468 1.1665 1.2047 
448 1.0926 1.0926 1.0925 1.0925 1.0924 1.0923 1.0922 1.0922 1.092 1.0919 1.0918 1.0916 1.0914 1.0913 1.0911 1.0909 1.0907 1.0905 1.0903 1.0901 1.09 1.09 1.0899 1.09 1.09 1.0901 1.0902 1.0903 1.0902 1.0902 1.0901 1.0901 1.09 1.0901 1.0902 1.0905 1.0909 1.0913 1.0915 1.0918 1.0918 1.0917 1.0917 1.092 1.0922 1.0923 1.0922 1.0923 1.0929 1.0936 1.0943 1.095 1.0955 1.0955 1.0955 1.0951 1.0946 1.0944 1.0947 1.095 1.0952 1.0955 1.0957 1.0961 1.0965 1.0956 1.0944 1.0947 1.0979 1.1011 1.103 1.1046 1.1062 1.1075 1.1088 1.1072 1.1051 1.1058 1.1067 1.1077 1.1082 1.1088 1.1096 1.1104 1.111 1.1116 1.1119 1.1123 1.1129 1.1136 1.1146 1.1157 1.1169 1.1188 1.1221 1.1273 1.1351 1.1468 1.1665 1.2048 
448.5 1.0928 1.0928 1.0928 1.0927 1.0926 1.0926 1.0925 1.0924 1.0922 1.0921 1.0919 1.0918 1.0916 1.0914 1.0912 1.091 1.0908 1.0905 1.0904 1.0902 1.0901 1.09 1.0899 1.09 1.09 1.0901 1.0901 1.0902 1.0903 1.0905 1.0905 1.0904 1.0903 1.0904 1.0904 1.0907 1.0912 1.0916 1.0918 1.092 1.0918 1.0915 1.0914 1.092 1.0926 1.0926 1.0925 1.0925 1.0932 1.0938 1.0946 1.0954 1.0959 1.0958 1.0957 1.0951 1.0944 1.0939 1.0941 1.0942 1.0946 1.095 1.0954 1.0957 1.0961 1.0949 1.0933 1.0937 1.0976 1.1015 1.1038 1.1057 1.1075 1.109 1.1104 1.1079 1.1049 1.1054 1.1064 1.1074 1.108 1.1086 1.1095 1.1103 1.1108 1.1112 1.1118 1.1124 1.1134 1.1143 1.1149 1.1159 1.117 1.1188 1.122 1.1273 1.1351 1.1468 1.1665 1.2048 
449 1.0926 1.0926 1.0925 1.0925 1.0924 1.0923 1.0922 1.0922 1.092 1.0919 1.0918 1.0916 1.0914 1.0912 1.091 1.0908 1.0906 1.0904 1.0902 1.09 1.0899 1.0898 1.0897 1.0898 1.0898 1.0899 1.09 1.09 1.0902 1.0903 1.0903 1.0903 1.0903 1.0902 1.09 1.0905 1.0914 1.0921 1.0923 1.0924 1.0923 1.0922 1.0921 1.0926 1.093 1.0931 1.0929 1.093 1.0937 1.0944 1.0952 1.0959 1.0965 1.0963 1.0962 1.0956 1.0949 1.0945 1.0948 1.0951 1.0954 1.0956 1.0958 1.0963 1.0967 1.0959 1.0949 1.0953 1.0984 1.1015 1.1033 1.105 1.1063 1.1069 1.1076 1.1061 1.1043 1.105 1.106 1.1069 1.1077 1.1086 1.109 1.1094 1.11 1.1105 1.1112 1.1119 1.1128 1.1138 1.1143 1.1153 1.1165 1.1184 1.1217 1.127 1.1349 1.1467 1.1666 1.2051 
449.5 1.0924 1.0924 1.0923 1.0922 1.0922 1.0921 1.092 1.0919 1.0918 1.0917 1.0916 1.0914 1.0912 1.0911 1.0909 1.0907 1.0905 1.0902 1.09 1.0898 1.0897 1.0896 1.0895 1.0896 1.0896 1.0897 1.0898 1.0899 1.09 1.0901 1.0902 1.0903 1.0903 1.0899 1.0896 1.0903 1.0916 1.0927 1.0928 1.0929 1.0929 1.0928 1.0929 1.0932 1.0935 1.0935 1.0934 1.0935 1.0943 1.0951 1.0958 1.0965 1.097 1.0969 1.0967 1.0962 1.0955 1.0952 1.0956 1.096 1.0961 1.0961 1.0963 1.0968 1.0974 1.097 1.0965 1.0969 1.0992 1.1014 1.1029 1.1042 1.105 1.1049 1.1047 1.1043 1.1038 1.1047 1.1056 1.1064 1.1074 1.1085 1.1085 1.1084 1.1091 1.1098 1.1106 1.1114 1.1123 1.1132 1.1138 1.1148 1.116 1.118 1.1214 1.1268 1.1347 1.1466 1.1666 1.2054 
450 1.0922 1.0921 1.0921 1.092 1.092 1.0919 1.0918 1.0917 1.0916 1.0915 1.0914 1.0912 1.0911 1.0909 1.0907 1.0905 1.0903 1.0901 1.0899 1.0897 1.0895 1.0894 1.0893 1.0894 1.0894 1.0895 1.0896 1.0897 1.0898 1.0899 1.0901 1.0902 1.0903 1.0897 1.0892 1.0901 1.0919 1.0933 1.0933 1.0933 1.0934 1.0935 1.0936 1.0938 1.0939 1.0939 1.0938 1.094 1.0948 1.0957 1.0964 1.0971 1.0976 1.0974 1.0972 1.0967 1.0961 1.0958 1.0963 1.0969 1.0968 1.0967 1.0967 1.0974 1.0981 1.0981 1.098 1.0985 1.0999 1.1014 1.1024 1.1034 1.1037 1.1028 1.1019 1.1025 1.1032 1.1043 1.1051 1.106 1.1072 1.1084 1.108 1.1075 1.1083 1.1091 1.11 1.1108 1.1117 1.1127 1.1132 1.1142 1.1155 1.1176 1.121 1.1265 1.1346 1.1465 1.1666 1.2057 
450.5 1.092 1.092 1.0919 1.0919 1.0918 1.0918 1.0917 1.0916 1.0915 1.0914 1.0913 1.0911 1.091 1.0908 1.0906 1.0904 1.0902 1.09 1.0898 1.0896 1.0894 1.0893 1.0892 1.0893 1.0893 1.0894 1.0895 1.0896 1.0897 1.0898 1.09 1.0902 1.0903 1.0896 1.089 1.0901 1.0919 1.0935 1.0935 1.0936 1.0937 1.0938 1.0939 1.0941 1.0942 1.0942 1.0942 1.0944 1.0952 1.096 1.0967 1.0974 1.0979 1.0977 1.0975 1.0971 1.0965 1.0963 1.0968 1.0974 1.0973 1.0971 1.0972 1.0978 1.0984 1.0989 1.0993 1.0998 1.1005 1.1012 1.102 1.1028 1.1028 1.1014 1.1 1.1013 1.1029 1.104 1.1049 1.1058 1.107 1.1082 1.1077 1.107 1.1078 1.1087 1.1096 1.1106 1.1114 1.1123 1.1128 1.114 1.1153 1.1174 1.1209 1.1264 1.1345 1.1465 1.1667 1.206 
451 1.0921 1.0921 1.092 1.092 1.0919 1.0919 1.0918 1.0917 1.0916 1.0915 1.0914 1.0912 1.0911 1.0909 1.0907 1.0905 1.0903 1.0901 1.0899 1.0897 1.0895 1.0894 1.0894 1.0894 1.0895 1.0896 1.0897 1.0898 1.0898 1.0899 1.09 1.0902 1.0903 1.0899 1.0895 1.0903 1.0916 1.0927 1.093 1.0934 1.0934 1.0932 1.0932 1.0936 1.0939 1.0941 1.0942 1.0944 1.0949 1.0953 1.0959 1.0966 1.0971 1.0972 1.0973 1.097 1.0965 1.0963 1.0966 1.0968 1.0971 1.0974 1.0977 1.0978 1.0979 1.0987 1.0995 1.1002 1.1004 1.1006 1.1015 1.1025 1.1028 1.1017 1.1006 1.1017 1.1032 1.1039 1.1051 1.1063 1.1071 1.1078 1.1078 1.1078 1.1083 1.109 1.1101 1.1113 1.1118 1.1123 1.1133 1.1145 1.1159 1.1179 1.1214 1.1268 1.1349 1.1467 1.1668 1.206 
451.5 1.0922 1.0922 1.0921 1.0921 1.092 1.092 1.0919 1.0918 1.0917 1.0916 1.0914 1.0913 1.0911 1.091 1.0908 1.0906 1.0904 1.0902 1.09 1.0898 1.0897 1.0896 1.0895 1.0896 1.0897 1.0898 1.0899 1.09 1.09 1.0899 1.09 1.0902 1.0903 1.0902 1.0901 1.0905 1.0912 1.0919 1.0925 1.0931 1.093 1.0926 1.0925 1.0931 1.0937 1.094 1.0942 1.0944 1.0946 1.0947 1.0952 1.0958 1.0964 1.0967 1.097 1.0968 1.0966 1.0963 1.0963 1.0963 1.0969 1.0977 1.0982 1.0978 1.0974 1.0985 1.0998 1.1005 1.1003 1.1001 1.101 1.1022 1.1027 1.102 1.1012 1.1022 1.1035 1.1038 1.1052 1.1068 1.1072 1.1074 1.108 1.1085 1.1089 1.1093 1.1106 1.1119 1.1121 1.1123 1.1138 1.1151 1.1164 1.1184 1.1218 1.1272 1.1352 1.147 1.167 1.206 
452 1.0923 1.0923 1.0922 1.0922 1.0921 1.0921 1.092 1.0919 1.0918 1.0917 1.0915 1.0914 1.0912 1.091 1.0909 1.0907 1.0905 1.0903 1.0901 1.0899 1.0898 1.0897 1.0897 1.0897 1.0898 1.0899 1.0901 1.0902 1.0901 1.09 1.0901 1.0902 1.0904 1.0905 1.0906 1.0907 1.0909 1.0911 1.092 1.0929 1.0927 1.092 1.0917 1.0926 1.0934 1.0939 1.0942 1.0944 1.0943 1.0941 1.0945 1.0951 1.0956 1.0962 1.0967 1.0967 1.0966 1.0964 1.096 1.0957 1.0967 1.098 1.0987 1.0978 1.0969 1.0982 1.1 1.1009 1.1002 1.0995 1.1006 1.102 1.1027 1.1023 1.1018 1.1027 1.1038 1.1038 1.1054 1.1073 1.1073 1.107 1.1081 1.1093 1.1095 1.1096 1.111 1.1126 1.1125 1.1123 1.1143 1.1157 1.117 1.1189 1.1223 1.1276 1.1356 1.1473 1.1672 1.206 
452.5 1.0924 1.0923 1.0923 1.0922 1.0922 1.0921 1.092 1.0919 1.0918 1.0917 1.0916 1.0914 1.0913 1.0911 1.0909 1.0907 1.0906 1.0904 1.0902 1.09 1.0899 1.0898 1.0898 1.0899 1.0899 1.0901 1.0902 1.0903 1.0902 1.0901 1.0902 1.0903 1.0904 1.0906 1.0909 1.0909 1.0908 1.0908 1.0917 1.0926 1.0924 1.0918 1.0915 1.0924 1.0932 1.0938 1.0941 1.0944 1.0941 1.0939 1.0943 1.0948 1.0954 1.0958 1.0963 1.0964 1.0964 1.0964 1.096 1.0956 1.0966 1.0979 1.0986 1.0978 1.0969 1.0982 1.0998 1.1007 1.1 1.0993 1.1004 1.1019 1.1027 1.1024 1.1021 1.103 1.1041 1.1039 1.1055 1.1072 1.1071 1.1067 1.1081 1.1096 1.1097 1.1096 1.111 1.1126 1.1125 1.1123 1.1145 1.1159 1.1172 1.1191 1.1224 1.1278 1.1357 1.1474 1.1673 1.206 
453 1.0923 1.0923 1.0923 1.0922 1.0922 1.0921 1.092 1.0919 1.0918 1.0917 1.0916 1.0914 1.0913 1.0911 1.0909 1.0908 1.0906 1.0904 1.0902 1.0901 1.09 1.0899 1.0899 1.0899 1.09 1.0901 1.0903 1.0904 1.0903 1.0903 1.0903 1.0904 1.0905 1.0907 1.0909 1.091 1.0909 1.091 1.0916 1.0922 1.0922 1.092 1.0919 1.0925 1.0931 1.0936 1.094 1.0943 1.0942 1.0942 1.0946 1.0952 1.0956 1.0956 1.0957 1.0959 1.0961 1.0963 1.0962 1.0962 1.0967 1.0974 1.0979 1.0976 1.0974 1.0982 1.0993 1.0999 1.0997 1.0995 1.1006 1.1019 1.1026 1.1024 1.1021 1.1032 1.1045 1.1044 1.1053 1.1064 1.1065 1.1065 1.1079 1.1095 1.1095 1.1093 1.1106 1.1119 1.1122 1.1125 1.1144 1.1157 1.117 1.1189 1.1223 1.1277 1.1356 1.1473 1.1672 1.2061 
453.5 1.0923 1.0923 1.0922 1.0922 1.0921 1.0921 1.092 1.0919 1.0918 1.0917 1.0916 1.0914 1.0913 1.0911 1.0909 1.0908 1.0906 1.0904 1.0903 1.0902 1.0901 1.09 1.09 1.09 1.0901 1.0902 1.0903 1.0904 1.0904 1.0904 1.0904 1.0905 1.0905 1.0907 1.091 1.0911 1.0911 1.0912 1.0915 1.0919 1.092 1.0921 1.0923 1.0926 1.093 1.0934 1.0938 1.0941 1.0943 1.0945 1.095 1.0956 1.0959 1.0955 1.0951 1.0953 1.0958 1.0962 1.0964 1.0967 1.0968 1.0969 1.0971 1.0975 1.098 1.0983 1.0987 1.099 1.0993 1.0997 1.1007 1.1019 1.1026 1.1023 1.1021 1.1033 1.1048 1.1048 1.1052 1.1057 1.106 1.1063 1.1078 1.1093 1.1092 1.109 1.1101 1.1113 1.1119 1.1126 1.1142 1.1155 1.1168 1.1187 1.1222 1.1276 1.1355 1.1473 1.1672 1.2061 
454 1.0923 1.0923 1.0922 1.0922 1.0921 1.092 1.092 1.0919 1.0918 1.0917 1.0916 1.0914 1.0913 1.0911 1.091 1.0908 1.0906 1.0905 1.0903 1.0902 1.0901 1.0901 1.09 1.0901 1.0902 1.0902 1.0903 1.0904 1.0905 1.0906 1.0906 1.0905 1.0905 1.0908 1.091 1.0912 1.0913 1.0914 1.0915 1.0915 1.0918 1.0923 1.0927 1.0927 1.0928 1.0932 1.0936 1.094 1.0944 1.0948 1.0954 1.0959 1.0961 1.0953 1.0945 1.0948 1.0955 1.0961 1.0966 1.0972 1.0969 1.0964 1.0964 1.0974 1.0985 1.0984 1.0981 1.0981 1.099 1.0999 1.1009 1.102 1.1026 1.1023 1.102 1.1035 1.1052 1.1052 1.1051 1.1049 1.1054 1.1061 1.1076 1.1092 1.109 1.1087 1.1096 1.1106 1.1117 1.1127 1.1141 1.1153 1.1166 1.1186 1.122 1.1275 1.1354 1.1472 1.1672 1.2061 
454.5 1.0923 1.0923 1.0922 1.0922 1.0921 1.0921 1.092 1.0919 1.0918 1.0917 1.0916 1.0914 1.0913 1.0911 1.091 1.0908 1.0907 1.0905 1.0904 1.0903 1.0902 1.0901 1.0901 1.0902 1.0903 1.0903 1.0904 1.0905 1.0906 1.0907 1.0907 1.0907 1.0907 1.0908 1.0909 1.091 1.0912 1.0914 1.0914 1.0914 1.0918 1.0923 1.0926 1.0926 1.0926 1.0929 1.0934 1.0938 1.094 1.0942 1.0948 1.0955 1.0959 1.0949 1.094 1.0945 1.0953 1.096 1.0964 1.0967 1.0966 1.0962 1.0962 1.0966 1.0971 1.0976 1.0982 1.0988 1.0994 1.1 1.101 1.1019 1.1025 1.1025 1.1024 1.1038 1.1054 1.1056 1.1055 1.1053 1.1059 1.1066 1.108 1.1094 1.1094 1.1093 1.1101 1.1111 1.1119 1.1128 1.1141 1.1154 1.1167 1.1186 1.1221 1.1275 1.1354 1.1471 1.1671 1.2059 
455 1.0923 1.0923 1.0922 1.0922 1.0921 1.0921 1.092 1.0919 1.0918 1.0917 1.0916 1.0915 1.0913 1.0912 1.091 1.0909 1.0907 1.0905 1.0904 1.0903 1.0902 1.0902 1.0902 1.0903 1.0904 1.0904 1.0905 1.0906 1.0907 1.0907 1.0908 1.0909 1.0909 1.0908 1.0907 1.0908 1.091 1.0911 1.0913 1.0915 1.0918 1.0922 1.0925 1.0924 1.0923 1.0926 1.0932 1.0935 1.0933 1.0931 1.0939 1.0949 1.0954 1.0945 1.0936 1.0943 1.0953 1.096 1.096 1.0959 1.096 1.0962 1.0961 1.0955 1.0949 1.0965 1.0986 1.1 1.1001 1.1002 1.101 1.1019 1.1025 1.1027 1.103 1.1042 1.1056 1.1059 1.1061 1.1063 1.1068 1.1074 1.1086 1.1098 1.1101 1.1103 1.1111 1.112 1.1124 1.1128 1.1142 1.1155 1.1168 1.1188 1.1222 1.1276 1.1354 1.1471 1.167 1.2056 
455.5 1.0924 1.0923 1.0923 1.0922 1.0922 1.0921 1.092 1.0919 1.0919 1.0917 1.0916 1.0915 1.0914 1.0912 1.091 1.0909 1.0907 1.0906 1.0904 1.0903 1.0903 1.0903 1.0903 1.0904 1.0905 1.0905 1.0906 1.0907 1.0907 1.0908 1.0909 1.0911 1.0912 1.0908 1.0905 1.0905 1.0907 1.0909 1.0912 1.0916 1.0918 1.0921 1.0923 1.0921 1.0919 1.0924 1.093 1.0933 1.0927 1.0921 1.0929 1.0942 1.095 1.0941 1.0932 1.094 1.0953 1.096 1.0956 1.0951 1.0955 1.0961 1.096 1.0944 1.0928 1.0954 1.099 1.1012 1.1008 1.1004 1.101 1.1018 1.1025 1.103 1.1035 1.1046 1.1057 1.1062 1.1067 1.1072 1.1077 1.1082 1.1092 1.1103 1.1108 1.1113 1.1121 1.1129 1.1129 1.1129 1.1143 1.1156 1.117 1.119 1.1224 1.1277 1.1355 1.1471 1.1668 1.2053 
456 1.0924 1.0924 1.0923 1.0923 1.0922 1.0921 1.0921 1.092 1.0919 1.0918 1.0917 1.0915 1.0914 1.0912 1.0911 1.0909 1.0907 1.0906 1.0905 1.0904 1.0903 1.0903 1.0903 1.0904 1.0905 1.0906 1.0907 1.0908 1.0908 1.0908 1.091 1.0913 1.0914 1.0909 1.0903 1.0903 1.0905 1.0907 1.0912 1.0916 1.0919 1.092 1.0921 1.0919 1.0916 1.0921 1.0928 1.0931 1.0921 1.091 1.092 1.0936 1.0945 1.0937 1.0929 1.0938 1.0952 1.096 1.0951 1.0943 1.095 1.0961 1.096 1.0933 1.0906 1.0943 1.0994 1.1024 1.1015 1.1005 1.101 1.1017 1.1025 1.1033 1.1041 1.1049 1.1059 1.1065 1.1073 1.1082 1.1086 1.1091 1.1098 1.1107 1.1115 1.1123 1.1131 1.1138 1.1134 1.1129 1.1144 1.1158 1.1172 1.1191 1.1225 1.1278 1.1355 1.1471 1.1667 1.205 
456.5 1.0923 1.0922 1.0922 1.0921 1.0921 1.092 1.0919 1.0919 1.0918 1.0917 1.0915 1.0914 1.0913 1.0911 1.091 1.0908 1.0907 1.0905 1.0904 1.0903 1.0903 1.0903 1.0903 1.0904 1.0906 1.0906 1.0907 1.0907 1.0908 1.0908 1.091 1.0912 1.0913 1.0909 1.0904 1.0903 1.0902 1.0903 1.0908 1.0913 1.0917 1.0919 1.0922 1.0922 1.0922 1.0929 1.0938 1.0943 1.0933 1.0922 1.0927 1.0936 1.0941 1.0936 1.0932 1.0939 1.0949 1.0955 1.095 1.0945 1.0951 1.0961 1.0961 1.0941 1.0921 1.0951 1.0992 1.1016 1.101 1.1004 1.1009 1.1017 1.1025 1.1033 1.1042 1.1051 1.106 1.1067 1.1077 1.1086 1.1087 1.1087 1.1095 1.1104 1.1109 1.1114 1.1122 1.1131 1.1131 1.113 1.1143 1.1157 1.117 1.119 1.1224 1.1278 1.1356 1.1472 1.1669 1.2053 
457 1.0921 1.0921 1.0921 1.092 1.092 1.0919 1.0918 1.0917 1.0916 1.0915 1.0914 1.0913 1.0912 1.091 1.0909 1.0907 1.0906 1.0905 1.0904 1.0903 1.0903 1.0903 1.0903 1.0904 1.0906 1.0906 1.0906 1.0906 1.0907 1.0908 1.0909 1.091 1.0911 1.0909 1.0906 1.0903 1.09 1.0898 1.0904 1.091 1.0914 1.0919 1.0922 1.0925 1.0928 1.0937 1.095 1.0957 1.0946 1.0936 1.0935 1.0936 1.0937 1.0936 1.0935 1.094 1.0946 1.095 1.0949 1.0948 1.0954 1.0961 1.0962 1.095 1.0939 1.096 1.0988 1.1006 1.1004 1.1002 1.1008 1.1016 1.1025 1.1034 1.1043 1.1053 1.1061 1.107 1.108 1.109 1.1087 1.1083 1.1091 1.1101 1.1102 1.1103 1.1113 1.1123 1.1127 1.113 1.1143 1.1155 1.1169 1.1189 1.1224 1.1277 1.1356 1.1473 1.1671 1.2058 
457.5 1.092 1.092 1.0919 1.0919 1.0918 1.0918 1.0917 1.0916 1.0915 1.0914 1.0913 1.0912 1.0911 1.0909 1.0908 1.0907 1.0905 1.0904 1.0903 1.0903 1.0902 1.0903 1.0903 1.0904 1.0906 1.0906 1.0906 1.0906 1.0907 1.0908 1.0909 1.0909 1.091 1.0909 1.0907 1.0903 1.0898 1.0894 1.09 1.0907 1.0912 1.0918 1.0923 1.0928 1.0933 1.0946 1.0961 1.097 1.096 1.095 1.0943 1.0937 1.0933 1.0936 1.0939 1.0941 1.0943 1.0945 1.0948 1.0951 1.0956 1.0961 1.0963 1.096 1.0956 1.0969 1.0985 1.0997 1.0999 1.1 1.1008 1.1016 1.1024 1.1035 1.1045 1.1054 1.1063 1.1072 1.1083 1.1094 1.1087 1.1079 1.1088 1.1098 1.1096 1.1092 1.1104 1.1116 1.1124 1.1131 1.1142 1.1154 1.1167 1.1187 1.1223 1.1277 1.1357 1.1474 1.1673 1.2062 
458 1.0919 1.0919 1.0918 1.0918 1.0917 1.0917 1.0916 1.0915 1.0914 1.0913 1.0912 1.0911 1.091 1.0908 1.0907 1.0906 1.0905 1.0904 1.0903 1.0902 1.0902 1.0902 1.0903 1.0904 1.0905 1.0906 1.0905 1.0905 1.0906 1.0908 1.0908 1.0908 1.0908 1.0909 1.0909 1.0904 1.0897 1.0892 1.0898 1.0904 1.0911 1.0917 1.0924 1.0931 1.0937 1.0952 1.0969 1.098 1.097 1.0961 1.0949 1.0937 1.093 1.0936 1.0943 1.0943 1.0941 1.0942 1.0948 1.0955 1.0959 1.0963 1.0966 1.0968 1.097 1.0976 1.0983 1.0989 1.0994 1.0999 1.1006 1.1014 1.1023 1.1032 1.1042 1.1053 1.1065 1.1075 1.1086 1.1097 1.1087 1.1075 1.1084 1.1094 1.109 1.1084 1.1096 1.1109 1.112 1.1132 1.1142 1.1153 1.1166 1.1186 1.1222 1.1277 1.1357 1.1475 1.1675 1.2065 
458.5 1.092 1.0919 1.0919 1.0918 1.0918 1.0917 1.0916 1.0915 1.0914 1.0913 1.0912 1.0911 1.0909 1.0908 1.0906 1.0905 1.0904 1.0903 1.0902 1.0901 1.0901 1.0901 1.0902 1.0903 1.0904 1.0905 1.0905 1.0905 1.0906 1.0908 1.0908 1.0908 1.0908 1.0909 1.091 1.0907 1.0903 1.0901 1.0904 1.0907 1.0913 1.092 1.0926 1.0929 1.0933 1.0944 1.0958 1.0968 1.0963 1.0959 1.0949 1.0937 1.0931 1.094 1.0948 1.095 1.0948 1.095 1.0957 1.0964 1.0969 1.0973 1.0975 1.0972 1.0969 1.0976 1.0984 1.0991 1.0995 1.0999 1.1004 1.1009 1.1013 1.1016 1.1019 1.1043 1.1069 1.1081 1.109 1.1098 1.1086 1.1072 1.108 1.1089 1.1088 1.1086 1.1097 1.1109 1.112 1.1131 1.114 1.1151 1.1164 1.1184 1.122 1.1276 1.1356 1.1474 1.1675 1.2065 
459 1.092 1.092 1.0919 1.0919 1.0918 1.0917 1.0916 1.0916 1.0914 1.0913 1.0912 1.091 1.0909 1.0907 1.0906 1.0904 1.0903 1.0901 1.09 1.09 1.0899 1.09 1.09 1.0902 1.0903 1.0904 1.0904 1.0905 1.0906 1.0908 1.0908 1.0908 1.0908 1.0909 1.091 1.0911 1.091 1.091 1.091 1.091 1.0915 1.0922 1.0928 1.0928 1.0928 1.0936 1.0947 1.0956 1.0957 1.0958 1.0949 1.0937 1.0932 1.0943 1.0954 1.0956 1.0956 1.0958 1.0965 1.0972 1.0978 1.0983 1.0984 1.0976 1.0968 1.0975 1.0985 1.0993 1.0996 1.1 1.1002 1.1004 1.1003 1.1 1.0996 1.1032 1.1074 1.1087 1.1093 1.1099 1.1085 1.1069 1.1075 1.1083 1.1086 1.1089 1.1099 1.111 1.112 1.113 1.1138 1.1149 1.1163 1.1183 1.1219 1.1274 1.1354 1.1473 1.1674 1.2066 
459.5 1.0921 1.092 1.092 1.0919 1.0919 1.0918 1.0917 1.0916 1.0915 1.0913 1.0912 1.091 1.0909 1.0907 1.0905 1.0903 1.0902 1.09 1.0899 1.0898 1.0898 1.0899 1.0899 1.09 1.0902 1.0903 1.0904 1.0905 1.0906 1.0908 1.0908 1.0908 1.0908 1.091 1.0911 1.0914 1.0917 1.0919 1.0916 1.0913 1.0917 1.0925 1.093 1.0927 1.0923 1.0928 1.0936 1.0943 1.095 1.0956 1.0949 1.0938 1.0933 1.0946 1.0959 1.0963 1.0963 1.0966 1.0973 1.0981 1.0987 1.0994 1.0994 1.098 1.0967 1.0974 1.0986 1.0994 1.0997 1.1 1.0999 1.0998 1.0994 1.0983 1.0973 1.1022 1.1079 1.1093 1.1097 1.11 1.1084 1.1066 1.1071 1.1078 1.1084 1.1091 1.11 1.111 1.1119 1.1129 1.1136 1.1147 1.1161 1.1182 1.1217 1.1273 1.1353 1.1472 1.1674 1.2066 
460 1.0921 1.0921 1.092 1.0919 1.0919 1.0918 1.0917 1.0916 1.0915 1.0913 1.0912 1.091 1.0908 1.0906 1.0905 1.0903 1.0901 1.0899 1.0898 1.0897 1.0897 1.0897 1.0897 1.0899 1.09 1.0901 1.0902 1.0904 1.0905 1.0906 1.0907 1.0907 1.0907 1.0909 1.0911 1.0915 1.092 1.0923 1.0919 1.0915 1.0918 1.0925 1.0929 1.0925 1.092 1.0924 1.093 1.0936 1.0946 1.0955 1.0949 1.0937 1.0933 1.0947 1.0961 1.0965 1.0967 1.097 1.0977 1.0984 1.0991 1.0998 1.0998 1.0983 1.0968 1.0976 1.0989 1.0998 1.0998 1.0998 1.0996 1.0994 1.0989 1.0981 1.0973 1.1022 1.1078 1.1092 1.1095 1.1096 1.1082 1.1067 1.107 1.1075 1.1083 1.1092 1.1101 1.111 1.1119 1.1128 1.1135 1.1147 1.1161 1.1181 1.1217 1.1272 1.1353 1.1472 1.1674 1.2067 
460.5 1.092 1.092 1.092 1.0919 1.0918 1.0917 1.0916 1.0915 1.0914 1.0913 1.0911 1.0909 1.0908 1.0906 1.0904 1.0902 1.09 1.0898 1.0896 1.0895 1.0895 1.0895 1.0895 1.0896 1.0897 1.0899 1.09 1.0901 1.0902 1.0903 1.0904 1.0904 1.0904 1.0907 1.0909 1.0913 1.0918 1.0922 1.0918 1.0915 1.0917 1.0921 1.0924 1.0922 1.092 1.0924 1.093 1.0937 1.0945 1.0953 1.0947 1.0936 1.0932 1.0944 1.0956 1.0962 1.0965 1.0969 1.0975 1.098 1.0987 1.0995 1.0996 1.0985 1.0973 1.0982 1.0996 1.1003 1.0998 1.0994 1.0992 1.099 1.0992 1.0999 1.1007 1.1037 1.107 1.1083 1.1084 1.1085 1.1079 1.1074 1.1075 1.1077 1.1083 1.109 1.1099 1.1109 1.1118 1.1127 1.1136 1.1148 1.1162 1.1182 1.1218 1.1274 1.1354 1.1473 1.1675 1.2068 
461 1.092 1.092 1.0919 1.0919 1.0918 1.0917 1.0916 1.0915 1.0914 1.0912 1.0911 1.0909 1.0907 1.0905 1.0903 1.0901 1.0899 1.0896 1.0895 1.0894 1.0893 1.0893 1.0893 1.0894 1.0895 1.0896 1.0897 1.0898 1.0899 1.09 1.0901 1.0901 1.0902 1.0904 1.0907 1.0911 1.0917 1.0921 1.0918 1.0914 1.0915 1.0918 1.092 1.092 1.092 1.0925 1.0931 1.0937 1.0944 1.0952 1.0946 1.0935 1.093 1.0941 1.0952 1.0958 1.0963 1.0968 1.0972 1.0976 1.0983 1.0991 1.0994 1.0986 1.0978 1.0988 1.1003 1.1009 1.0999 1.0989 1.0987 1.0986 1.0995 1.1018 1.1041 1.1053 1.1063 1.1073 1.1073 1.1073 1.1076 1.108 1.108 1.1079 1.1083 1.1087 1.1097 1.1108 1.1117 1.1125 1.1137 1.1149 1.1163 1.1184 1.1219 1.1275 1.1356 1.1475 1.1676 1.2069 
461.5 1.092 1.0919 1.0919 1.0918 1.0918 1.0917 1.0916 1.0915 1.0913 1.0912 1.091 1.0908 1.0906 1.0904 1.0902 1.09 1.0897 1.0895 1.0893 1.0892 1.0891 1.0891 1.089 1.0891 1.0892 1.0893 1.0894 1.0895 1.0896 1.0897 1.0898 1.0898 1.0899 1.0902 1.0904 1.0909 1.0915 1.0919 1.0917 1.0914 1.0914 1.0914 1.0915 1.0917 1.092 1.0925 1.0931 1.0937 1.0944 1.0951 1.0945 1.0934 1.0929 1.0938 1.0947 1.0955 1.0961 1.0967 1.0969 1.0971 1.0979 1.0988 1.0993 1.0988 1.0983 1.0994 1.1009 1.1014 1.0999 1.0984 1.0982 1.0983 1.0997 1.1036 1.1075 1.1068 1.1055 1.1063 1.1063 1.1062 1.1074 1.1087 1.1084 1.108 1.1083 1.1085 1.1096 1.1107 1.1116 1.1124 1.1138 1.1151 1.1164 1.1185 1.1221 1.1276 1.1357 1.1476 1.1678 1.207 
462 1.0919 1.0919 1.0918 1.0918 1.0917 1.0916 1.0915 1.0914 1.0913 1.0912 1.091 1.0908 1.0907 1.0905 1.0902 1.09 1.0898 1.0896 1.0894 1.0893 1.0892 1.0892 1.0892 1.0893 1.0894 1.0894 1.0895 1.0896 1.0896 1.0897 1.0898 1.0899 1.09 1.0903 1.0905 1.091 1.0916 1.0921 1.0918 1.0915 1.0915 1.0916 1.0918 1.092 1.0921 1.0927 1.0934 1.0941 1.0945 1.0949 1.0945 1.0938 1.0935 1.0941 1.0947 1.0953 1.096 1.0965 1.0966 1.0968 1.0975 1.0984 1.0989 1.0986 1.0984 1.0995 1.1009 1.1014 1.1 1.0986 1.0986 1.0988 1.1004 1.1042 1.1081 1.1068 1.1048 1.1055 1.1055 1.1054 1.1068 1.1084 1.1082 1.108 1.1082 1.1085 1.1096 1.1106 1.1115 1.1123 1.1137 1.115 1.1164 1.1184 1.122 1.1276 1.1357 1.1477 1.1678 1.2071 
462.5 1.0919 1.0918 1.0918 1.0917 1.0917 1.0916 1.0915 1.0914 1.0913 1.0912 1.091 1.0909 1.0907 1.0905 1.0904 1.0902 1.09 1.0898 1.0897 1.0896 1.0895 1.0895 1.0895 1.0896 1.0898 1.0898 1.0898 1.0898 1.0898 1.0899 1.09 1.0901 1.0902 1.0905 1.0908 1.0913 1.0919 1.0923 1.092 1.0916 1.0918 1.0922 1.0926 1.0925 1.0924 1.093 1.0939 1.0946 1.0946 1.0946 1.0946 1.0945 1.0945 1.0947 1.0949 1.0953 1.0959 1.0963 1.0964 1.0964 1.0971 1.0979 1.0984 1.0984 1.0983 1.0992 1.1004 1.1009 1.1001 1.0993 1.0995 1.0999 1.1012 1.1041 1.1069 1.1058 1.1042 1.1049 1.105 1.1049 1.1061 1.1074 1.1076 1.1077 1.1082 1.1086 1.1096 1.1106 1.1114 1.1121 1.1134 1.1148 1.1162 1.1183 1.1219 1.1275 1.1356 1.1476 1.1679 1.2072 
463 1.0918 1.0918 1.0917 1.0917 1.0916 1.0916 1.0915 1.0914 1.0913 1.0912 1.0911 1.0909 1.0908 1.0906 1.0905 1.0903 1.0902 1.09 1.0899 1.0899 1.0898 1.0899 1.0899 1.09 1.0902 1.0902 1.0901 1.09 1.0901 1.0901 1.0902 1.0903 1.0904 1.0908 1.0911 1.0916 1.0922 1.0926 1.0922 1.0917 1.0921 1.0929 1.0934 1.093 1.0927 1.0933 1.0944 1.0951 1.0947 1.0944 1.0947 1.0952 1.0955 1.0953 1.0951 1.0954 1.0958 1.096 1.0961 1.0961 1.0967 1.0975 1.098 1.0981 1.0982 1.099 1.0999 1.1005 1.1002 1.0999 1.1004 1.101 1.102 1.1039 1.1058 1.1049 1.1036 1.1043 1.1044 1.1044 1.1054 1.1065 1.107 1.1075 1.1081 1.1087 1.1097 1.1106 1.1113 1.1119 1.1132 1.1145 1.116 1.1181 1.1218 1.1274 1.1356 1.1476 1.1679 1.2074 
463.5 1.0918 1.0918 1.0917 1.0917 1.0916 1.0915 1.0915 1.0914 1.0913 1.0912 1.0911 1.091 1.0909 1.0907 1.0906 1.0905 1.0904 1.0903 1.0902 1.0901 1.0902 1.0902 1.0903 1.0904 1.0906 1.0905 1.0904 1.0902 1.0903 1.0903 1.0904 1.0905 1.0906 1.091 1.0914 1.092 1.0925 1.0929 1.0924 1.0918 1.0924 1.0935 1.0942 1.0936 1.0929 1.0936 1.0948 1.0956 1.0949 1.0942 1.0948 1.0959 1.0965 1.0959 1.0953 1.0954 1.0956 1.0958 1.0958 1.0958 1.0963 1.097 1.0975 1.0978 1.098 1.0987 1.0994 1.1 1.1003 1.1005 1.1012 1.102 1.1028 1.1037 1.1046 1.1039 1.103 1.1038 1.1039 1.1039 1.1047 1.1056 1.1064 1.1073 1.1081 1.1088 1.1097 1.1106 1.1112 1.1118 1.113 1.1143 1.1158 1.118 1.1217 1.1273 1.1355 1.1476 1.168 1.2075 
464 1.0918 1.0917 1.0917 1.0916 1.0916 1.0915 1.0915 1.0914 1.0913 1.0912 1.0911 1.091 1.0909 1.0907 1.0906 1.0905 1.0903 1.0902 1.0902 1.0901 1.0901 1.0902 1.0902 1.0904 1.0905 1.0905 1.0904 1.0904 1.0904 1.0905 1.0906 1.0906 1.0908 1.0911 1.0915 1.0919 1.0923 1.0925 1.0921 1.0917 1.0923 1.0932 1.0939 1.0934 1.0928 1.0935 1.0945 1.0952 1.0946 1.094 1.0946 1.0956 1.0963 1.0957 1.0952 1.0953 1.0957 1.0959 1.0959 1.0959 1.0964 1.0971 1.0977 1.098 1.0984 1.0988 1.0993 1.0997 1.1 1.1002 1.101 1.1019 1.1026 1.1031 1.1036 1.1034 1.103 1.1037 1.1041 1.1043 1.1051 1.106 1.1069 1.1078 1.1085 1.1092 1.1101 1.1109 1.1115 1.1121 1.1132 1.1145 1.116 1.1181 1.1218 1.1274 1.1356 1.1476 1.1678 1.2072 
464.5 1.0918 1.0917 1.0917 1.0916 1.0916 1.0915 1.0915 1.0914 1.0913 1.0912 1.0911 1.091 1.0908 1.0907 1.0906 1.0904 1.0903 1.0902 1.0901 1.09 1.09 1.0901 1.0901 1.0903 1.0904 1.0905 1.0905 1.0905 1.0906 1.0907 1.0907 1.0908 1.0909 1.0913 1.0916 1.0918 1.0919 1.092 1.0918 1.0915 1.0921 1.0929 1.0935 1.0931 1.0927 1.0932 1.0941 1.0947 1.0942 1.0938 1.0943 1.0952 1.0958 1.0954 1.095 1.0953 1.0957 1.0961 1.096 1.096 1.0966 1.0973 1.0979 1.0984 1.0988 1.099 1.0992 1.0994 1.0996 1.0997 1.1006 1.1016 1.1023 1.1025 1.1027 1.1029 1.1031 1.1038 1.1043 1.1049 1.1057 1.1067 1.1076 1.1085 1.1091 1.1097 1.1105 1.1113 1.1119 1.1125 1.1136 1.1148 1.1163 1.1184 1.122 1.1276 1.1357 1.1476 1.1677 1.2067 
465 1.0918 1.0917 1.0917 1.0916 1.0916 1.0915 1.0914 1.0914 1.0913 1.0912 1.0911 1.0909 1.0908 1.0907 1.0905 1.0904 1.0902 1.0901 1.09 1.0899 1.0899 1.09 1.09 1.0902 1.0903 1.0904 1.0905 1.0906 1.0907 1.0909 1.0909 1.091 1.091 1.0914 1.0917 1.0917 1.0916 1.0914 1.0914 1.0914 1.0919 1.0925 1.093 1.0928 1.0925 1.093 1.0937 1.0942 1.0939 1.0936 1.0941 1.0948 1.0953 1.0951 1.0948 1.0952 1.0958 1.0962 1.0962 1.0962 1.0968 1.0975 1.0982 1.0987 1.0992 1.0992 1.0992 1.0991 1.0992 1.0992 1.1001 1.1012 1.1019 1.1018 1.1017 1.1024 1.1032 1.1038 1.1046 1.1054 1.1064 1.1073 1.1082 1.1091 1.1096 1.1101 1.1109 1.1116 1.1122 1.1128 1.1139 1.1151 1.1165 1.1186 1.1222 1.1277 1.1357 1.1475 1.1675 1.2063 
465.5 1.0918 1.0917 1.0917 1.0916 1.0916 1.0915 1.0915 1.0914 1.0913 1.0912 1.0911 1.0909 1.0908 1.0906 1.0905 1.0903 1.0902 1.0901 1.09 1.0899 1.0899 1.0899 1.09 1.0901 1.0903 1.0904 1.0906 1.0907 1.0909 1.0911 1.0911 1.0911 1.0912 1.0915 1.0918 1.0916 1.0912 1.091 1.0911 1.0913 1.0917 1.0922 1.0926 1.0925 1.0924 1.0928 1.0933 1.0937 1.0936 1.0934 1.0938 1.0945 1.0949 1.0948 1.0947 1.0952 1.0959 1.0964 1.0963 1.0963 1.0969 1.0977 1.0984 1.099 1.0996 1.0994 1.0991 1.0989 1.0988 1.0988 1.0998 1.1009 1.1016 1.1012 1.1009 1.102 1.1033 1.1039 1.1049 1.106 1.1069 1.1079 1.1088 1.1097 1.1102 1.1105 1.1112 1.112 1.1126 1.1132 1.1142 1.1154 1.1168 1.1188 1.1224 1.1279 1.1358 1.1475 1.1673 1.2059 
466 1.092 1.092 1.0919 1.0919 1.0918 1.0918 1.0917 1.0916 1.0915 1.0914 1.0913 1.0912 1.091 1.0909 1.0908 1.0906 1.0905 1.0904 1.0903 1.0902 1.0902 1.0902 1.0903 1.0904 1.0906 1.0907 1.0908 1.0909 1.0911 1.0912 1.0912 1.0911 1.0911 1.0914 1.0917 1.0916 1.0914 1.0912 1.0912 1.0912 1.0915 1.0919 1.0922 1.0922 1.0922 1.0926 1.0931 1.0935 1.0935 1.0934 1.0939 1.0945 1.0949 1.0949 1.0948 1.0953 1.096 1.0964 1.0964 1.0964 1.097 1.0978 1.0984 1.0989 1.0993 1.0994 1.0993 1.0993 1.0993 1.0994 1.1003 1.1013 1.1019 1.1018 1.1017 1.1027 1.1038 1.1045 1.1054 1.1065 1.1072 1.1079 1.1087 1.1095 1.11 1.1105 1.1112 1.112 1.1125 1.1131 1.1141 1.1153 1.1166 1.1187 1.1222 1.1277 1.1356 1.1474 1.1674 1.2061 
466.5 1.0923 1.0922 1.0922 1.0921 1.0921 1.092 1.0919 1.0918 1.0918 1.0916 1.0915 1.0914 1.0913 1.0911 1.091 1.0909 1.0908 1.0907 1.0906 1.0905 1.0905 1.0906 1.0906 1.0907 1.0908 1.0909 1.0911 1.0912 1.0912 1.0913 1.0913 1.0912 1.0911 1.0913 1.0915 1.0916 1.0915 1.0915 1.0913 1.0911 1.0912 1.0916 1.0919 1.092 1.092 1.0924 1.093 1.0934 1.0934 1.0934 1.0939 1.0945 1.095 1.0949 1.0949 1.0954 1.096 1.0965 1.0965 1.0965 1.0971 1.0979 1.0985 1.0988 1.0991 1.0993 1.0995 1.0997 1.0999 1.1001 1.1008 1.1017 1.1023 1.1024 1.1025 1.1034 1.1044 1.105 1.106 1.107 1.1075 1.108 1.1086 1.1092 1.1099 1.1105 1.1112 1.112 1.1125 1.113 1.114 1.1152 1.1165 1.1185 1.122 1.1275 1.1355 1.1474 1.1674 1.2064 
467 1.0925 1.0925 1.0924 1.0924 1.0923 1.0923 1.0922 1.0921 1.092 1.0919 1.0918 1.0916 1.0915 1.0914 1.0913 1.0912 1.0911 1.091 1.0909 1.0909 1.0909 1.0909 1.0909 1.091 1.0911 1.0912 1.0913 1.0914 1.0914 1.0915 1.0914 1.0912 1.0911 1.0912 1.0914 1.0915 1.0917 1.0918 1.0913 1.0909 1.091 1.0913 1.0915 1.0917 1.0919 1.0923 1.0928 1.0932 1.0933 1.0935 1.094 1.0946 1.095 1.095 1.095 1.0955 1.0961 1.0965 1.0966 1.0967 1.0972 1.0979 1.0985 1.0987 1.0989 1.0993 1.0997 1.1001 1.1004 1.1007 1.1014 1.1021 1.1027 1.103 1.1033 1.1041 1.1049 1.1056 1.1065 1.1075 1.1078 1.108 1.1085 1.109 1.1097 1.1105 1.1112 1.112 1.1125 1.113 1.1139 1.1151 1.1164 1.1183 1.1218 1.1273 1.1353 1.1473 1.1675 1.2066 
467.5 1.0926 1.0926 1.0925 1.0925 1.0924 1.0924 1.0923 1.0922 1.0921 1.092 1.0919 1.0918 1.0916 1.0915 1.0914 1.0913 1.0912 1.0911 1.0911 1.091 1.091 1.091 1.091 1.0911 1.0912 1.0913 1.0913 1.0914 1.0914 1.0914 1.0913 1.0912 1.091 1.0911 1.0912 1.0914 1.0917 1.0919 1.0914 1.0909 1.091 1.0912 1.0914 1.0916 1.0919 1.0923 1.0927 1.0931 1.0933 1.0936 1.094 1.0946 1.095 1.095 1.0951 1.0956 1.0961 1.0966 1.0967 1.0969 1.0972 1.0977 1.098 1.0982 1.0984 1.0989 1.0995 1.1001 1.1005 1.1008 1.1015 1.1022 1.1028 1.1033 1.1039 1.1046 1.1054 1.1061 1.107 1.1079 1.1082 1.1085 1.1088 1.1091 1.1099 1.1108 1.1115 1.1122 1.1127 1.1132 1.114 1.1151 1.1163 1.1182 1.1217 1.1272 1.1352 1.1472 1.1675 1.2067 
468 1.0925 1.0924 1.0924 1.0923 1.0923 1.0922 1.0921 1.0921 1.092 1.0919 1.0918 1.0916 1.0915 1.0914 1.0913 1.0912 1.0911 1.091 1.0909 1.0909 1.0908 1.0908 1.0908 1.0908 1.0909 1.0909 1.091 1.091 1.091 1.091 1.091 1.091 1.091 1.091 1.091 1.0912 1.0914 1.0916 1.0914 1.0912 1.0913 1.0915 1.0917 1.092 1.0923 1.0926 1.0929 1.0933 1.0936 1.0939 1.0942 1.0944 1.0947 1.0949 1.0951 1.0956 1.0962 1.0967 1.097 1.0973 1.0971 1.0966 1.0965 1.0968 1.0972 1.0978 1.0985 1.0991 1.0995 1.0999 1.1007 1.1016 1.1024 1.1031 1.1038 1.1046 1.1055 1.1063 1.1073 1.1083 1.1092 1.1102 1.1101 1.1099 1.1108 1.1118 1.1124 1.1129 1.1135 1.114 1.1145 1.1153 1.1164 1.1183 1.1217 1.1272 1.1352 1.1472 1.1674 1.2064 
468.5 1.0923 1.0923 1.0922 1.0922 1.0921 1.0921 1.092 1.0919 1.0918 1.0917 1.0916 1.0915 1.0914 1.0913 1.0911 1.091 1.0909 1.0908 1.0907 1.0907 1.0906 1.0905 1.0905 1.0905 1.0906 1.0906 1.0906 1.0906 1.0906 1.0906 1.0907 1.0908 1.0909 1.0908 1.0908 1.0909 1.0912 1.0914 1.0914 1.0915 1.0916 1.0918 1.092 1.0923 1.0927 1.093 1.0932 1.0934 1.0938 1.0942 1.0943 1.0943 1.0944 1.0948 1.0951 1.0956 1.0962 1.0967 1.0973 1.0978 1.0969 1.0956 1.0949 1.0954 1.096 1.0967 1.0974 1.0981 1.0985 1.0989 1.0999 1.1009 1.1019 1.1028 1.1037 1.1047 1.1056 1.1066 1.1076 1.1086 1.1102 1.1118 1.1114 1.1108 1.1117 1.1129 1.1133 1.1137 1.1142 1.1148 1.115 1.1155 1.1165 1.1183 1.1217 1.1272 1.1352 1.1471 1.1672 1.2061 
469 1.0921 1.0921 1.0921 1.092 1.092 1.0919 1.0918 1.0918 1.0917 1.0916 1.0915 1.0914 1.0913 1.0911 1.091 1.0909 1.0908 1.0907 1.0906 1.0905 1.0904 1.0903 1.0902 1.0902 1.0903 1.0903 1.0902 1.0902 1.0902 1.0902 1.0904 1.0906 1.0908 1.0907 1.0905 1.0906 1.0909 1.0911 1.0914 1.0917 1.0919 1.0921 1.0923 1.0927 1.0931 1.0933 1.0934 1.0936 1.094 1.0945 1.0944 1.0942 1.0941 1.0947 1.0952 1.0957 1.0962 1.0968 1.0975 1.0982 1.0967 1.0945 1.0933 1.0941 1.0948 1.0956 1.0964 1.0971 1.0975 1.098 1.0991 1.1003 1.1015 1.1026 1.1037 1.1047 1.1057 1.1068 1.1079 1.109 1.1112 1.1134 1.1127 1.1116 1.1127 1.1139 1.1142 1.1144 1.115 1.1156 1.1155 1.1158 1.1166 1.1184 1.1218 1.1272 1.1352 1.1471 1.1671 1.2058 
469.5 1.092 1.092 1.092 1.0919 1.0919 1.0918 1.0918 1.0917 1.0916 1.0915 1.0914 1.0913 1.0912 1.0911 1.0909 1.0908 1.0907 1.0906 1.0905 1.0904 1.0903 1.0902 1.0901 1.0901 1.0902 1.0902 1.0902 1.0901 1.0902 1.0902 1.0904 1.0907 1.091 1.0908 1.0906 1.0907 1.0909 1.0911 1.0915 1.0919 1.092 1.0921 1.0923 1.0927 1.0932 1.0934 1.0934 1.0936 1.0941 1.0946 1.0945 1.0942 1.0942 1.0946 1.0951 1.0955 1.096 1.0965 1.0973 1.0981 1.0966 1.0945 1.0934 1.0943 1.0952 1.0959 1.0965 1.0971 1.0977 1.0983 1.0992 1.1002 1.1012 1.1025 1.1038 1.1048 1.1057 1.1067 1.1076 1.1085 1.1109 1.1134 1.1125 1.1112 1.1123 1.1135 1.114 1.1144 1.115 1.1156 1.1154 1.1157 1.1165 1.1183 1.1217 1.1272 1.1352 1.1471 1.1671 1.206 
470 1.092 1.092 1.092 1.0919 1.0919 1.0918 1.0917 1.0917 1.0916 1.0915 1.0914 1.0913 1.0912 1.091 1.0909 1.0908 1.0906 1.0905 1.0904 1.0903 1.0903 1.0902 1.0901 1.0902 1.0903 1.0904 1.0904 1.0904 1.0904 1.0904 1.0907 1.091 1.0913 1.0911 1.0909 1.0909 1.0911 1.0913 1.0915 1.0918 1.0919 1.0919 1.092 1.0925 1.093 1.0932 1.0933 1.0935 1.0941 1.0946 1.0946 1.0944 1.0944 1.0947 1.0949 1.0952 1.0955 1.096 1.0968 1.0976 1.0967 1.0954 1.0949 1.0959 1.097 1.0974 1.0976 1.098 1.0988 1.0996 1.1001 1.1005 1.1012 1.1026 1.104 1.1048 1.1056 1.1063 1.1068 1.1073 1.1094 1.1118 1.1109 1.1097 1.1107 1.1118 1.1127 1.1136 1.1143 1.115 1.1148 1.1153 1.1163 1.1182 1.1217 1.1272 1.1352 1.1472 1.1673 1.2064 
470.5 1.092 1.092 1.092 1.0919 1.0919 1.0918 1.0917 1.0917 1.0916 1.0915 1.0914 1.0913 1.0911 1.091 1.0909 1.0907 1.0906 1.0905 1.0904 1.0903 1.0902 1.0902 1.0902 1.0903 1.0904 1.0905 1.0906 1.0907 1.0907 1.0907 1.0909 1.0913 1.0916 1.0914 1.0912 1.0912 1.0913 1.0914 1.0916 1.0918 1.0918 1.0917 1.0918 1.0923 1.0928 1.093 1.0932 1.0935 1.094 1.0945 1.0946 1.0946 1.0947 1.0947 1.0948 1.0949 1.095 1.0954 1.0962 1.097 1.0968 1.0963 1.0964 1.0976 1.0988 1.0989 1.0987 1.099 1.1 1.101 1.101 1.1008 1.1012 1.1027 1.1042 1.1049 1.1054 1.1059 1.106 1.1061 1.108 1.1102 1.1094 1.1083 1.1091 1.1101 1.1114 1.1127 1.1135 1.1143 1.1142 1.1149 1.116 1.118 1.1216 1.1272 1.1353 1.1473 1.1675 1.2069 
471 1.092 1.092 1.0919 1.0919 1.0918 1.0918 1.0917 1.0916 1.0916 1.0915 1.0914 1.0913 1.0911 1.091 1.0909 1.0907 1.0906 1.0905 1.0904 1.0903 1.0902 1.0902 1.0902 1.0904 1.0905 1.0907 1.0909 1.091 1.091 1.0909 1.0912 1.0916 1.0919 1.0917 1.0915 1.0915 1.0916 1.0916 1.0917 1.0917 1.0917 1.0915 1.0915 1.092 1.0925 1.0929 1.0931 1.0934 1.0939 1.0944 1.0947 1.0949 1.0949 1.0948 1.0946 1.0946 1.0946 1.0948 1.0956 1.0964 1.0969 1.0972 1.0979 1.0992 1.1005 1.1004 1.0998 1.0999 1.1011 1.1024 1.1019 1.1011 1.1012 1.1028 1.1044 1.1049 1.1053 1.1055 1.1052 1.1049 1.1066 1.1086 1.1078 1.1068 1.1075 1.1084 1.1101 1.1119 1.1128 1.1136 1.1136 1.1145 1.1158 1.1179 1.1215 1.1272 1.1353 1.1474 1.1678 1.2073 
471.5 1.0921 1.0921 1.092 1.092 1.0919 1.0919 1.0918 1.0917 1.0916 1.0915 1.0914 1.0913 1.0912 1.091 1.0909 1.0907 1.0906 1.0905 1.0904 1.0903 1.0902 1.0902 1.0902 1.0903 1.0904 1.0906 1.0908 1.0909 1.0909 1.0909 1.0911 1.0915 1.0917 1.0916 1.0916 1.0916 1.0917 1.0918 1.0917 1.0916 1.0916 1.0915 1.0916 1.0921 1.0926 1.093 1.0932 1.0936 1.0941 1.0946 1.0949 1.095 1.095 1.0949 1.0947 1.0948 1.0949 1.0951 1.0958 1.0965 1.0971 1.0977 1.0984 1.0995 1.1006 1.1006 1.1002 1.1004 1.1014 1.1024 1.1021 1.1015 1.1016 1.1028 1.104 1.1045 1.1049 1.1053 1.105 1.1047 1.1062 1.1078 1.1074 1.1069 1.1076 1.1085 1.1099 1.1113 1.1122 1.1131 1.1134 1.1144 1.1158 1.1179 1.1215 1.1272 1.1353 1.1474 1.1677 1.2073 
472 1.0922 1.0922 1.0921 1.0921 1.092 1.0919 1.0919 1.0918 1.0917 1.0916 1.0915 1.0914 1.0912 1.0911 1.091 1.0908 1.0907 1.0905 1.0904 1.0903 1.0902 1.0902 1.0901 1.0902 1.0903 1.0904 1.0906 1.0907 1.0907 1.0907 1.0909 1.0911 1.0914 1.0914 1.0915 1.0916 1.0918 1.0919 1.0917 1.0915 1.0915 1.0916 1.0918 1.0923 1.0929 1.0932 1.0935 1.0938 1.0944 1.0949 1.0951 1.0951 1.095 1.095 1.095 1.0952 1.0955 1.0958 1.0963 1.0967 1.0973 1.098 1.0986 1.0994 1.1002 1.1004 1.1004 1.1007 1.1014 1.1021 1.1021 1.102 1.1021 1.1027 1.1033 1.1038 1.1043 1.105 1.105 1.1049 1.106 1.1073 1.1074 1.1075 1.1083 1.1092 1.11 1.1108 1.1118 1.1128 1.1134 1.1145 1.1158 1.1179 1.1215 1.1271 1.1353 1.1473 1.1676 1.2071 
472.5 1.0923 1.0923 1.0922 1.0922 1.0921 1.092 1.092 1.0919 1.0918 1.0917 1.0916 1.0914 1.0913 1.0912 1.091 1.0909 1.0907 1.0905 1.0904 1.0903 1.0902 1.0901 1.0901 1.0901 1.0902 1.0903 1.0904 1.0905 1.0905 1.0906 1.0907 1.0908 1.091 1.0912 1.0914 1.0917 1.0919 1.0921 1.0917 1.0914 1.0914 1.0917 1.092 1.0925 1.0931 1.0934 1.0937 1.094 1.0946 1.0952 1.0953 1.0952 1.0951 1.0952 1.0952 1.0956 1.0961 1.0965 1.0967 1.097 1.0975 1.0982 1.0988 1.0993 1.0998 1.1002 1.1006 1.101 1.1014 1.1017 1.1021 1.1024 1.1026 1.1027 1.1027 1.1032 1.1038 1.1048 1.105 1.1051 1.1059 1.1067 1.1074 1.1081 1.109 1.11 1.1101 1.1102 1.1113 1.1124 1.1134 1.1145 1.1159 1.118 1.1216 1.1271 1.1352 1.1473 1.1675 1.2069 
473 1.0924 1.0923 1.0923 1.0922 1.0922 1.0921 1.092 1.092 1.0919 1.0918 1.0916 1.0915 1.0914 1.0912 1.0911 1.0909 1.0907 1.0906 1.0904 1.0903 1.0901 1.0901 1.09 1.09 1.0901 1.0901 1.0902 1.0902 1.0903 1.0904 1.0905 1.0905 1.0906 1.091 1.0914 1.0917 1.092 1.0922 1.0917 1.0912 1.0914 1.0918 1.0922 1.0928 1.0933 1.0936 1.0939 1.0942 1.0948 1.0955 1.0955 1.0952 1.0951 1.0953 1.0955 1.096 1.0967 1.0971 1.0972 1.0972 1.0978 1.0985 1.099 1.0992 1.0993 1.1 1.1007 1.1013 1.1013 1.1014 1.1021 1.1029 1.1032 1.1026 1.102 1.1026 1.1033 1.1046 1.105 1.1053 1.1057 1.1062 1.1074 1.1086 1.1097 1.1107 1.1102 1.1097 1.1108 1.1121 1.1134 1.1146 1.1159 1.118 1.1216 1.1271 1.1352 1.1472 1.1674 1.2067 
473.5 1.0924 1.0924 1.0924 1.0923 1.0923 1.0922 1.0921 1.092 1.0919 1.0918 1.0917 1.0916 1.0914 1.0913 1.0911 1.091 1.0908 1.0907 1.0905 1.0904 1.0903 1.0902 1.0902 1.0903 1.0903 1.0904 1.0904 1.0905 1.0906 1.0908 1.0907 1.0906 1.0905 1.0908 1.0911 1.0914 1.0918 1.092 1.0917 1.0914 1.0916 1.092 1.0924 1.0928 1.0932 1.0936 1.0939 1.0942 1.0947 1.0952 1.0953 1.0952 1.0953 1.0954 1.0956 1.0961 1.0968 1.0973 1.0976 1.0978 1.0983 1.0989 1.0993 1.099 1.0988 1.0993 1.0999 1.1004 1.1007 1.1009 1.1017 1.1025 1.1029 1.1027 1.1025 1.1031 1.1039 1.1048 1.1053 1.1057 1.106 1.1064 1.1075 1.1086 1.1095 1.1103 1.1101 1.1099 1.111 1.1122 1.1135 1.1147 1.1161 1.1182 1.1218 1.1273 1.1353 1.1472 1.1673 1.2064 
474 1.0925 1.0925 1.0924 1.0924 1.0923 1.0923 1.0922 1.0921 1.092 1.0919 1.0918 1.0916 1.0915 1.0914 1.0912 1.0911 1.0909 1.0908 1.0906 1.0905 1.0905 1.0904 1.0904 1.0905 1.0906 1.0907 1.0907 1.0907 1.0909 1.0912 1.091 1.0906 1.0904 1.0906 1.0908 1.0912 1.0915 1.0918 1.0916 1.0915 1.0918 1.0922 1.0926 1.0929 1.0931 1.0935 1.0939 1.0942 1.0945 1.0949 1.0951 1.0952 1.0954 1.0956 1.0957 1.0963 1.0969 1.0975 1.098 1.0984 1.0988 1.0993 1.0995 1.0989 1.0982 1.0985 1.0991 1.0996 1.1 1.1005 1.1012 1.102 1.1026 1.1028 1.103 1.1037 1.1045 1.1051 1.1056 1.1061 1.1063 1.1066 1.1076 1.1086 1.1092 1.1098 1.11 1.1102 1.1113 1.1124 1.1137 1.1149 1.1163 1.1184 1.122 1.1274 1.1354 1.1472 1.1673 1.2062 
474.5 1.0926 1.0925 1.0925 1.0924 1.0924 1.0923 1.0922 1.0922 1.0921 1.092 1.0918 1.0917 1.0916 1.0915 1.0913 1.0912 1.091 1.0909 1.0908 1.0907 1.0906 1.0906 1.0906 1.0908 1.0909 1.0909 1.0909 1.0909 1.0912 1.0915 1.0913 1.0907 1.0902 1.0904 1.0906 1.0909 1.0913 1.0916 1.0916 1.0917 1.092 1.0924 1.0928 1.0929 1.0931 1.0934 1.0939 1.0942 1.0944 1.0945 1.0949 1.0952 1.0956 1.0957 1.0958 1.0964 1.0971 1.0977 1.0983 1.0989 1.0994 1.0998 1.0997 1.0987 1.0977 1.0978 1.0982 1.0987 1.0994 1.1 1.1008 1.1016 1.1023 1.1029 1.1035 1.1043 1.1051 1.1053 1.1059 1.1065 1.1067 1.1068 1.1077 1.1086 1.109 1.1093 1.1099 1.1105 1.1115 1.1126 1.1138 1.1151 1.1165 1.1186 1.1221 1.1276 1.1355 1.1472 1.1672 1.206 
475 1.0926 1.0926 1.0925 1.0925 1.0924 1.0924 1.0923 1.0922 1.0921 1.092 1.0919 1.0918 1.0916 1.0915 1.0913 1.0912 1.0911 1.0909 1.0908 1.0907 1.0907 1.0907 1.0907 1.0909 1.0911 1.0911 1.0911 1.0911 1.0914 1.0917 1.0914 1.0907 1.0901 1.0902 1.0904 1.0907 1.0911 1.0914 1.0916 1.0917 1.0921 1.0925 1.0929 1.0929 1.093 1.0934 1.0939 1.0943 1.0942 1.0942 1.0946 1.0952 1.0956 1.0958 1.096 1.0964 1.097 1.0976 1.0984 1.0991 1.0995 1.0999 1.0997 1.0985 1.0972 1.0973 1.0976 1.0981 1.0989 1.0997 1.1005 1.1013 1.1021 1.1031 1.104 1.1049 1.1058 1.1055 1.1061 1.1067 1.1069 1.107 1.1078 1.1087 1.1089 1.109 1.1098 1.1107 1.1117 1.1127 1.1139 1.1152 1.1166 1.1187 1.1223 1.1277 1.1355 1.1472 1.1671 1.2058 
475.5 1.0925 1.0925 1.0925 1.0924 1.0924 1.0923 1.0922 1.0921 1.092 1.0919 1.0918 1.0917 1.0915 1.0914 1.0912 1.0911 1.0909 1.0908 1.0907 1.0906 1.0905 1.0905 1.0905 1.0907 1.0908 1.0909 1.0908 1.0909 1.0911 1.0914 1.0911 1.0905 1.09 1.0902 1.0904 1.0907 1.0911 1.0914 1.0914 1.0914 1.0917 1.0922 1.0926 1.0927 1.0928 1.0932 1.0939 1.0943 1.094 1.0937 1.0941 1.0948 1.0953 1.0957 1.0961 1.0962 1.0961 1.0963 1.0971 1.0978 1.0983 1.0987 1.0988 1.098 1.0972 1.0974 1.0979 1.0984 1.0992 1.0999 1.1008 1.1016 1.1024 1.1034 1.1043 1.1055 1.1068 1.1055 1.1058 1.1064 1.1068 1.1072 1.1081 1.109 1.1092 1.1093 1.11 1.1108 1.1116 1.1125 1.1139 1.1152 1.1165 1.1186 1.1222 1.1276 1.1355 1.1473 1.1672 1.206 
476 1.0925 1.0925 1.0924 1.0923 1.0923 1.0922 1.0921 1.0921 1.092 1.0918 1.0917 1.0916 1.0914 1.0913 1.0911 1.091 1.0908 1.0906 1.0905 1.0904 1.0904 1.0904 1.0904 1.0905 1.0906 1.0906 1.0906 1.0907 1.0908 1.091 1.0907 1.0903 1.0899 1.0901 1.0904 1.0907 1.0911 1.0914 1.0913 1.0911 1.0914 1.0919 1.0923 1.0924 1.0926 1.0931 1.0938 1.0943 1.0937 1.0932 1.0936 1.0944 1.0951 1.0957 1.0962 1.0959 1.0953 1.0951 1.0958 1.0965 1.0971 1.0976 1.0979 1.0975 1.0972 1.0976 1.0982 1.0988 1.0995 1.1002 1.101 1.1018 1.1027 1.1037 1.1046 1.1062 1.1079 1.1054 1.1055 1.106 1.1067 1.1075 1.1084 1.1094 1.1095 1.1095 1.1102 1.1109 1.1115 1.1122 1.1138 1.1152 1.1165 1.1185 1.1221 1.1275 1.1355 1.1473 1.1672 1.2061 
476.5 1.0924 1.0924 1.0923 1.0923 1.0922 1.0922 1.0921 1.092 1.0919 1.0918 1.0916 1.0915 1.0913 1.0912 1.091 1.0908 1.0907 1.0905 1.0904 1.0903 1.0902 1.0902 1.0902 1.0902 1.0903 1.0904 1.0904 1.0905 1.0905 1.0906 1.0904 1.0901 1.0898 1.0901 1.0904 1.0907 1.0911 1.0914 1.0911 1.0908 1.0911 1.0916 1.0921 1.0922 1.0923 1.093 1.0938 1.0943 1.0935 1.0927 1.0931 1.094 1.0948 1.0956 1.0964 1.0956 1.0944 1.0938 1.0945 1.0952 1.0959 1.0965 1.097 1.0971 1.0971 1.0977 1.0985 1.0991 1.0998 1.1004 1.1012 1.1021 1.103 1.1039 1.1049 1.1068 1.1089 1.1054 1.1052 1.1057 1.1066 1.1077 1.1087 1.1097 1.1098 1.1097 1.1103 1.111 1.1115 1.1119 1.1138 1.1151 1.1164 1.1184 1.122 1.1275 1.1355 1.1473 1.1673 1.2062 
477 1.0923 1.0922 1.0922 1.0921 1.0921 1.092 1.0919 1.0918 1.0917 1.0916 1.0915 1.0913 1.0912 1.091 1.0909 1.0907 1.0905 1.0903 1.0902 1.0901 1.09 1.0899 1.0899 1.0899 1.09 1.0901 1.0901 1.0902 1.0902 1.0902 1.09 1.0898 1.0897 1.09 1.0903 1.0907 1.0911 1.0914 1.0912 1.0909 1.0911 1.0915 1.0919 1.092 1.0922 1.0928 1.0937 1.0942 1.0934 1.0927 1.093 1.0936 1.0944 1.0954 1.0963 1.0954 1.094 1.0932 1.0939 1.0947 1.0954 1.0961 1.0967 1.0969 1.0971 1.0978 1.0987 1.0994 1.1 1.1006 1.1014 1.1021 1.1029 1.1037 1.1046 1.1066 1.1087 1.1052 1.105 1.1055 1.1066 1.1078 1.1088 1.1098 1.11 1.11 1.1106 1.1112 1.1116 1.112 1.1139 1.1152 1.1165 1.1185 1.122 1.1275 1.1355 1.1473 1.1673 1.2062 
477.5 1.092 1.092 1.0919 1.0919 1.0918 1.0917 1.0917 1.0916 1.0915 1.0914 1.0912 1.0911 1.0909 1.0908 1.0906 1.0904 1.0903 1.0901 1.0899 1.0898 1.0897 1.0896 1.0895 1.0896 1.0896 1.0897 1.0897 1.0898 1.0897 1.0896 1.0895 1.0895 1.0895 1.0898 1.0901 1.0905 1.0909 1.0913 1.0914 1.0915 1.0916 1.0917 1.0918 1.0919 1.0921 1.0927 1.0934 1.0939 1.0937 1.0934 1.0934 1.0934 1.0938 1.0949 1.0961 1.0954 1.0941 1.0935 1.0943 1.0952 1.0959 1.0965 1.0969 1.097 1.0971 1.0979 1.0988 1.0996 1.1003 1.101 1.1014 1.1018 1.1023 1.1029 1.1035 1.1052 1.107 1.1048 1.1049 1.1054 1.1065 1.1076 1.1087 1.1097 1.11 1.1103 1.111 1.1117 1.1121 1.1124 1.1141 1.1154 1.1167 1.1187 1.1221 1.1276 1.1355 1.1473 1.1672 1.206 
478 1.0917 1.0917 1.0916 1.0916 1.0915 1.0915 1.0914 1.0913 1.0912 1.0911 1.091 1.0909 1.0907 1.0906 1.0904 1.0902 1.09 1.0898 1.0897 1.0895 1.0894 1.0893 1.0892 1.0892 1.0892 1.0893 1.0893 1.0894 1.0892 1.0891 1.0891 1.0891 1.0893 1.0896 1.0899 1.0903 1.0908 1.0912 1.0917 1.0922 1.0921 1.0918 1.0916 1.0918 1.092 1.0925 1.0931 1.0937 1.0939 1.0941 1.0938 1.0932 1.0932 1.0945 1.0958 1.0953 1.0942 1.0937 1.0947 1.0957 1.0964 1.0969 1.0972 1.0972 1.0971 1.0979 1.0989 1.0998 1.1006 1.1014 1.1015 1.1015 1.1017 1.1021 1.1024 1.1038 1.1052 1.1044 1.1048 1.1054 1.1064 1.1075 1.1085 1.1095 1.1101 1.1107 1.1114 1.1121 1.1125 1.1129 1.1143 1.1155 1.1168 1.1188 1.1223 1.1277 1.1356 1.1473 1.1672 1.2058 
478.5 1.0914 1.0914 1.0914 1.0913 1.0913 1.0912 1.0911 1.0911 1.091 1.0909 1.0907 1.0906 1.0905 1.0903 1.0902 1.09 1.0898 1.0896 1.0894 1.0892 1.089 1.0889 1.0888 1.0888 1.0888 1.0889 1.0889 1.089 1.0887 1.0885 1.0886 1.0888 1.089 1.0894 1.0898 1.0902 1.0906 1.0911 1.092 1.0928 1.0926 1.092 1.0915 1.0917 1.0918 1.0923 1.0928 1.0934 1.0941 1.0948 1.0942 1.093 1.0926 1.0941 1.0955 1.0952 1.0943 1.094 1.0951 1.0963 1.0968 1.0973 1.0975 1.0973 1.0971 1.0979 1.099 1.1 1.1009 1.1018 1.1016 1.1013 1.1011 1.1012 1.1014 1.1023 1.1035 1.104 1.1047 1.1054 1.1064 1.1074 1.1083 1.1093 1.1102 1.111 1.1118 1.1126 1.113 1.1133 1.1145 1.1157 1.117 1.119 1.1225 1.1278 1.1356 1.1473 1.1671 1.2056 
479 1.0914 1.0913 1.0913 1.0912 1.0912 1.0911 1.091 1.091 1.0909 1.0908 1.0906 1.0905 1.0904 1.0902 1.09 1.0899 1.0896 1.0894 1.0892 1.089 1.0888 1.0887 1.0886 1.0886 1.0886 1.0887 1.0887 1.0888 1.0886 1.0884 1.0885 1.0887 1.089 1.0893 1.0897 1.09 1.0903 1.0907 1.0917 1.0926 1.0925 1.092 1.0916 1.0918 1.0919 1.0923 1.0929 1.0935 1.0943 1.095 1.0944 1.0933 1.0928 1.0942 1.0957 1.0954 1.0946 1.0944 1.0955 1.0966 1.0972 1.0976 1.0978 1.0977 1.0976 1.0983 1.0991 1.1 1.1009 1.1018 1.1016 1.1012 1.101 1.1012 1.1014 1.1023 1.1033 1.1036 1.1044 1.1052 1.1062 1.1071 1.1084 1.1096 1.1103 1.1109 1.1117 1.1125 1.1129 1.1133 1.1145 1.1158 1.1171 1.1191 1.1225 1.1277 1.1355 1.1472 1.167 1.2055 
479.5 1.0914 1.0913 1.0913 1.0912 1.0912 1.0911 1.091 1.091 1.0909 1.0908 1.0906 1.0905 1.0903 1.0902 1.09 1.0898 1.0896 1.0893 1.0891 1.0889 1.0887 1.0886 1.0885 1.0885 1.0885 1.0886 1.0886 1.0887 1.0886 1.0886 1.0887 1.0888 1.089 1.0893 1.0897 1.0898 1.0899 1.0902 1.0911 1.0921 1.0922 1.0919 1.0917 1.0919 1.0921 1.0925 1.0931 1.0937 1.0944 1.095 1.0945 1.0937 1.0934 1.0947 1.096 1.0958 1.0951 1.0949 1.0959 1.0968 1.0974 1.0978 1.0981 1.0983 1.0984 1.0988 1.0993 1.0999 1.1008 1.1017 1.1015 1.1012 1.1011 1.1016 1.102 1.103 1.104 1.1033 1.104 1.1049 1.1058 1.1068 1.1085 1.1102 1.1105 1.1106 1.1114 1.1122 1.1126 1.113 1.1145 1.1158 1.1171 1.119 1.1223 1.1276 1.1354 1.1471 1.1669 1.2054 
480 1.0914 1.0914 1.0913 1.0913 1.0912 1.0911 1.091 1.091 1.0909 1.0907 1.0906 1.0905 1.0903 1.0901 1.0899 1.0897 1.0895 1.0892 1.089 1.0887 1.0886 1.0885 1.0884 1.0884 1.0884 1.0885 1.0886 1.0886 1.0887 1.0888 1.0888 1.0889 1.089 1.0893 1.0896 1.0896 1.0895 1.0896 1.0905 1.0915 1.0918 1.0918 1.0919 1.0921 1.0922 1.0927 1.0934 1.094 1.0945 1.0949 1.0947 1.0941 1.094 1.0952 1.0964 1.0962 1.0956 1.0954 1.0962 1.0971 1.0976 1.098 1.0985 1.0988 1.0992 1.0993 1.0994 1.0997 1.1007 1.1016 1.1015 1.1012 1.1012 1.1019 1.1026 1.1036 1.1046 1.1031 1.1037 1.1046 1.1055 1.1065 1.1086 1.1108 1.1107 1.1103 1.1111 1.1119 1.1123 1.1127 1.1145 1.1159 1.1171 1.119 1.1222 1.1274 1.1352 1.147 1.1668 1.2053 
480.5 1.0914 1.0914 1.0913 1.0913 1.0912 1.0911 1.0911 1.091 1.0909 1.0907 1.0906 1.0904 1.0903 1.0901 1.0898 1.0896 1.0894 1.0891 1.0888 1.0886 1.0884 1.0883 1.0882 1.0883 1.0883 1.0884 1.0885 1.0886 1.0887 1.0889 1.089 1.0889 1.089 1.0893 1.0896 1.0895 1.0891 1.089 1.09 1.0909 1.0914 1.0918 1.092 1.0922 1.0924 1.0929 1.0936 1.0942 1.0946 1.0949 1.0948 1.0945 1.0946 1.0957 1.0967 1.0966 1.096 1.0958 1.0966 1.0973 1.0978 1.0983 1.0988 1.0994 1.1 1.0998 1.0995 1.0996 1.1006 1.1015 1.1014 1.1012 1.1014 1.1023 1.1033 1.1043 1.1053 1.1028 1.1033 1.1042 1.1052 1.1061 1.1087 1.1114 1.1108 1.11 1.1107 1.1116 1.112 1.1124 1.1145 1.1159 1.1172 1.119 1.1221 1.1273 1.1351 1.1468 1.1667 1.2052 
481 1.0915 1.0914 1.0914 1.0913 1.0913 1.0912 1.0911 1.091 1.0909 1.0908 1.0907 1.0905 1.0903 1.0902 1.09 1.0897 1.0895 1.0893 1.089 1.0889 1.0887 1.0887 1.0886 1.0887 1.0888 1.0889 1.0889 1.089 1.0891 1.0893 1.0894 1.0894 1.0895 1.0898 1.0901 1.09 1.0896 1.0894 1.0903 1.0911 1.0916 1.0918 1.0921 1.0923 1.0924 1.0929 1.0936 1.0941 1.0944 1.0947 1.0947 1.0947 1.0949 1.0957 1.0965 1.0964 1.096 1.096 1.0967 1.0975 1.0978 1.098 1.0983 1.0986 1.0989 1.099 1.0991 1.0994 1.1002 1.1009 1.101 1.101 1.1014 1.1024 1.1033 1.104 1.1045 1.1024 1.1031 1.1042 1.1052 1.1062 1.1084 1.1107 1.1105 1.1101 1.1108 1.1116 1.1122 1.1127 1.1143 1.1155 1.1168 1.1187 1.122 1.1272 1.1351 1.1469 1.1669 1.2056 
481.5 1.0915 1.0915 1.0915 1.0914 1.0914 1.0913 1.0912 1.0911 1.091 1.0909 1.0908 1.0906 1.0904 1.0903 1.0901 1.0899 1.0897 1.0895 1.0893 1.0892 1.0891 1.0891 1.0891 1.0892 1.0894 1.0894 1.0894 1.0894 1.0896 1.0897 1.0898 1.09 1.0902 1.0905 1.0907 1.0905 1.0902 1.09 1.0907 1.0914 1.0918 1.0919 1.0921 1.0923 1.0924 1.0929 1.0935 1.094 1.0942 1.0944 1.0946 1.0948 1.095 1.0956 1.0962 1.0962 1.096 1.0961 1.0969 1.0977 1.0978 1.0978 1.0977 1.0977 1.0977 1.0981 1.0987 1.0992 1.0997 1.1003 1.1006 1.1009 1.1014 1.1024 1.1034 1.1036 1.1036 1.1021 1.103 1.1043 1.1053 1.1063 1.1081 1.1099 1.1101 1.1102 1.1109 1.1117 1.1124 1.1131 1.114 1.1151 1.1164 1.1184 1.1218 1.1272 1.1352 1.147 1.1671 1.206 
482 1.0916 1.0916 1.0915 1.0915 1.0914 1.0914 1.0913 1.0912 1.0911 1.091 1.0908 1.0907 1.0905 1.0904 1.0902 1.09 1.0899 1.0897 1.0896 1.0895 1.0894 1.0895 1.0895 1.0897 1.09 1.09 1.0899 1.0899 1.09 1.0901 1.0903 1.0906 1.0909 1.0911 1.0913 1.0911 1.0907 1.0905 1.0911 1.0917 1.092 1.092 1.0921 1.0923 1.0924 1.0929 1.0934 1.0939 1.094 1.0941 1.0944 1.0948 1.0952 1.0956 1.0959 1.096 1.096 1.0963 1.0971 1.0978 1.0978 1.0975 1.0972 1.0968 1.0965 1.0972 1.0982 1.099 1.0993 1.0996 1.1001 1.1007 1.1014 1.1024 1.1034 1.1032 1.1027 1.1018 1.1029 1.1043 1.1054 1.1064 1.1077 1.1091 1.1097 1.1103 1.111 1.1118 1.1126 1.1134 1.1138 1.1147 1.1161 1.1181 1.1217 1.1272 1.1352 1.1471 1.1674 1.2065 
482.5 1.0917 1.0917 1.0916 1.0916 1.0915 1.0914 1.0914 1.0913 1.0912 1.091 1.0909 1.0908 1.0906 1.0905 1.0903 1.0902 1.09 1.0899 1.0898 1.0897 1.0897 1.0898 1.0899 1.0902 1.0904 1.0905 1.0904 1.0903 1.0904 1.0904 1.0907 1.0911 1.0914 1.0916 1.0918 1.0916 1.0912 1.091 1.0915 1.092 1.0921 1.0921 1.0921 1.0923 1.0924 1.0928 1.0933 1.0937 1.0938 1.0938 1.0943 1.0949 1.0954 1.0955 1.0956 1.0958 1.096 1.0964 1.0972 1.098 1.0978 1.0973 1.0968 1.0962 1.0955 1.0965 1.0979 1.0989 1.099 1.0992 1.0998 1.1005 1.1014 1.1024 1.1034 1.1028 1.102 1.1015 1.1028 1.1043 1.1054 1.1064 1.1074 1.1084 1.1094 1.1104 1.1111 1.1119 1.1129 1.1138 1.1137 1.1145 1.1158 1.1179 1.1216 1.1272 1.1352 1.1472 1.1675 1.2069 
483 1.0919 1.0918 1.0918 1.0917 1.0917 1.0916 1.0915 1.0914 1.0913 1.0911 1.091 1.0908 1.0907 1.0905 1.0903 1.0901 1.09 1.0898 1.0897 1.0896 1.0896 1.0897 1.0897 1.09 1.0902 1.0903 1.0903 1.0903 1.0903 1.0904 1.0906 1.091 1.0913 1.0915 1.0917 1.0916 1.0912 1.0911 1.0916 1.0922 1.0922 1.092 1.0919 1.0921 1.0923 1.0927 1.0931 1.0935 1.0936 1.0936 1.0941 1.0946 1.0952 1.0955 1.0958 1.096 1.0962 1.0966 1.0974 1.0982 1.0982 1.0981 1.0978 1.0971 1.0964 1.0972 1.0984 1.0993 1.0997 1.1001 1.1003 1.1006 1.1011 1.1021 1.1031 1.1028 1.1023 1.1019 1.103 1.1043 1.1053 1.1062 1.1071 1.1081 1.1092 1.1103 1.1114 1.1124 1.1135 1.1146 1.1145 1.115 1.1162 1.1182 1.1218 1.1273 1.1353 1.1472 1.1675 1.2066 
483.5 1.092 1.092 1.0919 1.0919 1.0918 1.0917 1.0916 1.0915 1.0914 1.0912 1.0911 1.0909 1.0907 1.0905 1.0903 1.0901 1.0899 1.0897 1.0896 1.0895 1.0895 1.0895 1.0896 1.0898 1.09 1.0901 1.0902 1.0902 1.0903 1.0904 1.0906 1.0909 1.0912 1.0914 1.0916 1.0915 1.0912 1.0911 1.0918 1.0924 1.0923 1.0919 1.0917 1.0919 1.0921 1.0925 1.0929 1.0933 1.0933 1.0934 1.0938 1.0944 1.095 1.0954 1.0959 1.0962 1.0964 1.0968 1.0976 1.0983 1.0987 1.099 1.0989 1.098 1.0972 1.0979 1.0989 1.0998 1.1004 1.1009 1.1008 1.1006 1.1009 1.1018 1.1028 1.1028 1.1027 1.1022 1.1032 1.1043 1.1052 1.1059 1.1069 1.1078 1.1091 1.1103 1.1116 1.1128 1.1141 1.1153 1.1153 1.1156 1.1166 1.1185 1.1219 1.1274 1.1353 1.1472 1.1674 1.2064 
484 1.0922 1.0921 1.0921 1.092 1.0919 1.0918 1.0917 1.0916 1.0915 1.0913 1.0911 1.0909 1.0907 1.0905 1.0903 1.0901 1.0899 1.0897 1.0895 1.0894 1.0894 1.0894 1.0894 1.0896 1.0898 1.0899 1.09 1.0902 1.0902 1.0903 1.0905 1.0908 1.0911 1.0913 1.0915 1.0914 1.0912 1.0912 1.0919 1.0926 1.0924 1.0918 1.0914 1.0917 1.092 1.0923 1.0927 1.093 1.0931 1.0931 1.0936 1.0942 1.0947 1.0954 1.0961 1.0964 1.0966 1.097 1.0977 1.0985 1.0991 1.0998 1.0999 1.099 1.098 1.0986 1.0994 1.1003 1.101 1.1018 1.1014 1.1007 1.1006 1.1015 1.1025 1.1028 1.103 1.1025 1.1033 1.1043 1.105 1.1057 1.1066 1.1076 1.1089 1.1103 1.1118 1.1133 1.1147 1.116 1.1161 1.1161 1.117 1.1188 1.1221 1.1275 1.1354 1.1472 1.1673 1.2061 
484.5 1.0922 1.0922 1.0921 1.092 1.092 1.0919 1.0918 1.0916 1.0915 1.0913 1.0912 1.091 1.0908 1.0906 1.0903 1.0901 1.0899 1.0897 1.0896 1.0894 1.0894 1.0894 1.0894 1.0896 1.0897 1.0899 1.09 1.0902 1.0903 1.0904 1.0906 1.0908 1.091 1.0912 1.0914 1.0914 1.0913 1.0914 1.092 1.0927 1.0925 1.0918 1.0914 1.0917 1.092 1.0923 1.0927 1.093 1.093 1.093 1.0935 1.0941 1.0948 1.0955 1.0962 1.0964 1.0965 1.0968 1.0976 1.0983 1.099 1.0998 1.1001 1.0993 1.0984 1.099 1.0998 1.1007 1.1014 1.1022 1.1016 1.1008 1.1007 1.1015 1.1023 1.1029 1.1034 1.103 1.1038 1.1047 1.1053 1.106 1.1067 1.1074 1.1088 1.1102 1.1118 1.1134 1.1147 1.116 1.1162 1.1163 1.1171 1.1188 1.1221 1.1275 1.1354 1.1472 1.1672 1.206 
485 1.092 1.092 1.0919 1.0919 1.0918 1.0917 1.0916 1.0916 1.0914 1.0913 1.0912 1.091 1.0909 1.0907 1.0905 1.0903 1.0901 1.09 1.0898 1.0897 1.0896 1.0897 1.0897 1.0898 1.0899 1.0901 1.0902 1.0904 1.0905 1.0906 1.0908 1.0909 1.0911 1.0913 1.0916 1.0917 1.0917 1.0917 1.092 1.0924 1.0923 1.092 1.0919 1.092 1.0922 1.0926 1.093 1.0933 1.0931 1.093 1.0936 1.0945 1.0952 1.0956 1.0961 1.0961 1.096 1.0961 1.0968 1.0974 1.0979 1.0984 1.0986 1.0983 1.0979 1.0988 1.1 1.101 1.1013 1.1016 1.1015 1.1012 1.1012 1.1019 1.1026 1.1032 1.1039 1.1039 1.1047 1.1056 1.1064 1.1072 1.1074 1.1075 1.1087 1.1101 1.1115 1.1129 1.1137 1.1145 1.1153 1.1158 1.1167 1.1186 1.1219 1.1273 1.1353 1.1472 1.1673 1.2061 
485.5 1.0918 1.0918 1.0918 1.0917 1.0917 1.0916 1.0915 1.0915 1.0914 1.0913 1.0912 1.0911 1.0909 1.0908 1.0907 1.0905 1.0904 1.0902 1.0901 1.09 1.0899 1.0899 1.0899 1.09 1.0901 1.0903 1.0904 1.0906 1.0907 1.0909 1.091 1.0911 1.0912 1.0914 1.0917 1.0919 1.092 1.0921 1.0921 1.0921 1.0921 1.0922 1.0923 1.0924 1.0925 1.0928 1.0933 1.0935 1.0933 1.0931 1.0938 1.0948 1.0956 1.0958 1.096 1.0958 1.0955 1.0954 1.096 1.0965 1.0968 1.097 1.0972 1.0973 1.0973 1.0987 1.1002 1.1012 1.1012 1.1011 1.1013 1.1015 1.1018 1.1023 1.1028 1.1036 1.1044 1.1048 1.1057 1.1066 1.1075 1.1084 1.1081 1.1076 1.1087 1.11 1.1112 1.1124 1.1127 1.113 1.1143 1.1152 1.1164 1.1183 1.1217 1.1272 1.1352 1.1471 1.1673 1.2063 
486 1.0917 1.0916 1.0916 1.0916 1.0915 1.0915 1.0914 1.0914 1.0913 1.0913 1.0912 1.0911 1.091 1.0909 1.0908 1.0907 1.0906 1.0905 1.0903 1.0902 1.0902 1.0902 1.0902 1.0903 1.0904 1.0905 1.0906 1.0907 1.0909 1.0911 1.0912 1.0912 1.0912 1.0915 1.0918 1.0921 1.0923 1.0924 1.0921 1.0918 1.092 1.0924 1.0927 1.0927 1.0927 1.0931 1.0936 1.0938 1.0935 1.0931 1.0939 1.0951 1.096 1.096 1.096 1.0955 1.0949 1.0947 1.0952 1.0957 1.0957 1.0956 1.0957 1.0963 1.0968 1.0985 1.1004 1.1015 1.101 1.1006 1.1011 1.1018 1.1024 1.1027 1.103 1.1039 1.1048 1.1056 1.1066 1.1076 1.1086 1.1097 1.1088 1.1077 1.1087 1.1098 1.1109 1.1119 1.1117 1.1115 1.1134 1.1147 1.116 1.118 1.1215 1.127 1.1351 1.1471 1.1673 1.2064 
486.5 1.0916 1.0916 1.0915 1.0915 1.0914 1.0914 1.0914 1.0913 1.0913 1.0912 1.0911 1.0911 1.091 1.0909 1.0908 1.0907 1.0906 1.0905 1.0904 1.0903 1.0902 1.0902 1.0902 1.0903 1.0904 1.0905 1.0907 1.0908 1.091 1.0912 1.0912 1.0911 1.0911 1.0914 1.0917 1.092 1.0923 1.0924 1.092 1.0915 1.0918 1.0924 1.0929 1.0928 1.0927 1.0931 1.0937 1.094 1.0936 1.0931 1.0939 1.0952 1.0961 1.0959 1.0957 1.0954 1.095 1.0949 1.0951 1.0953 1.0955 1.0956 1.0959 1.0963 1.0968 1.0986 1.1006 1.1017 1.1011 1.1004 1.101 1.1018 1.1025 1.1029 1.1032 1.1042 1.1052 1.1054 1.1063 1.1074 1.1084 1.1095 1.1087 1.1077 1.1087 1.1097 1.1107 1.1116 1.1115 1.1112 1.1132 1.1146 1.116 1.1181 1.1216 1.1271 1.1352 1.1472 1.1674 1.2066 
487 1.0915 1.0915 1.0915 1.0914 1.0914 1.0913 1.0913 1.0912 1.0912 1.0911 1.091 1.0909 1.0908 1.0907 1.0906 1.0905 1.0904 1.0903 1.0902 1.0901 1.0901 1.0901 1.0901 1.0902 1.0904 1.0905 1.0906 1.0908 1.0909 1.091 1.091 1.091 1.0909 1.0912 1.0914 1.0917 1.092 1.0921 1.0917 1.0912 1.0916 1.0923 1.0928 1.0927 1.0925 1.093 1.0937 1.0941 1.0936 1.093 1.0939 1.0951 1.096 1.0957 1.0953 1.0954 1.0956 1.0958 1.0956 1.0954 1.0959 1.0967 1.0972 1.0972 1.0972 1.0988 1.1008 1.1018 1.1012 1.1005 1.1009 1.1016 1.1022 1.1028 1.1034 1.1044 1.1054 1.1044 1.1052 1.1062 1.1073 1.1084 1.1081 1.1077 1.1087 1.1097 1.1106 1.1115 1.1117 1.1119 1.1135 1.1149 1.1163 1.1184 1.122 1.1275 1.1355 1.1475 1.1676 1.2067 
487.5 1.0915 1.0915 1.0914 1.0914 1.0913 1.0913 1.0912 1.0912 1.0911 1.091 1.0909 1.0908 1.0907 1.0906 1.0905 1.0903 1.0902 1.0901 1.09 1.0899 1.0899 1.09 1.09 1.0902 1.0903 1.0905 1.0906 1.0908 1.0908 1.0909 1.0908 1.0908 1.0908 1.091 1.0912 1.0914 1.0917 1.0918 1.0914 1.091 1.0914 1.0922 1.0928 1.0925 1.0923 1.0928 1.0937 1.0942 1.0936 1.093 1.0938 1.0951 1.0959 1.0954 1.0949 1.0955 1.0963 1.0966 1.096 1.0954 1.0964 1.0977 1.0985 1.0981 1.0976 1.0991 1.1009 1.102 1.1013 1.1006 1.1009 1.1014 1.102 1.1028 1.1036 1.1046 1.1056 1.1034 1.1041 1.1051 1.1061 1.1072 1.1075 1.1078 1.1087 1.1096 1.1105 1.1113 1.1119 1.1125 1.1138 1.1152 1.1167 1.1188 1.1224 1.1278 1.1358 1.1477 1.1678 1.2068 
488 1.0914 1.0914 1.0914 1.0913 1.0913 1.0912 1.0912 1.0911 1.091 1.0909 1.0908 1.0907 1.0906 1.0904 1.0903 1.0902 1.09 1.0899 1.0898 1.0898 1.0898 1.0898 1.0899 1.0901 1.0902 1.0904 1.0906 1.0908 1.0907 1.0907 1.0906 1.0906 1.0906 1.0907 1.0909 1.0911 1.0914 1.0915 1.0911 1.0907 1.0912 1.0921 1.0928 1.0924 1.092 1.0927 1.0937 1.0943 1.0936 1.0929 1.0937 1.095 1.0957 1.0952 1.0946 1.0955 1.0969 1.0975 1.0965 1.0955 1.0968 1.0988 1.0998 1.0989 1.098 1.0993 1.1011 1.1021 1.1014 1.1007 1.1008 1.1011 1.1017 1.1027 1.1038 1.1048 1.1058 1.1024 1.1029 1.1039 1.105 1.1061 1.1069 1.1078 1.1087 1.1096 1.1104 1.1112 1.1122 1.1132 1.1142 1.1155 1.117 1.1191 1.1227 1.1282 1.1361 1.148 1.168 1.207 
488.5 1.0916 1.0916 1.0915 1.0915 1.0914 1.0914 1.0913 1.0912 1.0911 1.091 1.0909 1.0908 1.0907 1.0906 1.0904 1.0903 1.0902 1.09 1.0899 1.0899 1.0899 1.0899 1.09 1.0902 1.0904 1.0905 1.0907 1.0908 1.0909 1.0909 1.0908 1.0907 1.0906 1.0908 1.0909 1.0912 1.0915 1.0917 1.0915 1.0913 1.0916 1.0922 1.0926 1.0927 1.0927 1.0932 1.0938 1.0943 1.0941 1.0939 1.0945 1.0953 1.0958 1.0953 1.0947 1.0956 1.0968 1.0975 1.0966 1.0957 1.0969 1.0987 1.0997 1.0989 1.0981 1.0992 1.1008 1.1017 1.1012 1.1007 1.101 1.1013 1.102 1.103 1.1041 1.1047 1.1053 1.1023 1.1028 1.1038 1.1049 1.106 1.107 1.1081 1.1087 1.1092 1.1101 1.111 1.1119 1.1129 1.1139 1.1152 1.1166 1.1188 1.1224 1.1279 1.1359 1.1478 1.1679 1.2071 
489 1.0918 1.0918 1.0917 1.0917 1.0916 1.0916 1.0915 1.0914 1.0913 1.0912 1.0911 1.091 1.0909 1.0907 1.0906 1.0905 1.0903 1.0902 1.0901 1.09 1.09 1.0901 1.0901 1.0903 1.0905 1.0907 1.0908 1.0909 1.091 1.0912 1.0911 1.0909 1.0907 1.0909 1.0911 1.0914 1.0917 1.092 1.092 1.0921 1.0922 1.0923 1.0925 1.093 1.0936 1.0939 1.094 1.0942 1.0947 1.0951 1.0955 1.0958 1.096 1.0955 1.0951 1.0957 1.0967 1.0972 1.0965 1.0959 1.0969 1.0983 1.0991 1.0986 1.0981 1.0991 1.1004 1.1012 1.1009 1.1007 1.1012 1.1017 1.1024 1.1034 1.1044 1.1046 1.1046 1.1023 1.103 1.104 1.1051 1.1062 1.1073 1.1085 1.1086 1.1087 1.1097 1.1107 1.1115 1.1123 1.1134 1.1147 1.1162 1.1183 1.1219 1.1275 1.1356 1.1476 1.1678 1.2072 
489.5 1.092 1.092 1.0919 1.0919 1.0918 1.0917 1.0917 1.0916 1.0915 1.0914 1.0913 1.0912 1.091 1.0909 1.0908 1.0906 1.0905 1.0904 1.0903 1.0902 1.0902 1.0902 1.0903 1.0905 1.0907 1.0908 1.0909 1.091 1.0912 1.0915 1.0913 1.091 1.0908 1.091 1.0913 1.0916 1.0919 1.0923 1.0926 1.0929 1.0927 1.0923 1.0923 1.0934 1.0945 1.0946 1.0942 1.0942 1.0952 1.0963 1.0964 1.0963 1.0961 1.0957 1.0954 1.0958 1.0965 1.0969 1.0965 1.0961 1.0969 1.098 1.0986 1.0984 1.0981 1.0989 1.0999 1.1006 1.1007 1.1008 1.1014 1.102 1.1028 1.1038 1.1047 1.1044 1.104 1.1023 1.1031 1.1042 1.1053 1.1064 1.1076 1.1088 1.1086 1.1083 1.1093 1.1104 1.1111 1.1117 1.113 1.1143 1.1157 1.1178 1.1214 1.127 1.1352 1.1473 1.1677 1.2073 
490 1.0922 1.0922 1.0921 1.092 1.092 1.0919 1.0918 1.0918 1.0917 1.0916 1.0914 1.0913 1.0912 1.0911 1.0909 1.0908 1.0907 1.0905 1.0905 1.0904 1.0904 1.0904 1.0904 1.0906 1.0908 1.0909 1.091 1.0911 1.0914 1.0917 1.0916 1.0912 1.0909 1.0912 1.0914 1.0918 1.0922 1.0926 1.0931 1.0937 1.0932 1.0924 1.0921 1.0937 1.0953 1.0952 1.0944 1.0942 1.0958 1.0974 1.0973 1.0967 1.0962 1.0959 1.0957 1.0959 1.0963 1.0966 1.0965 1.0964 1.0969 1.0976 1.0981 1.0981 1.0981 1.0987 1.0995 1.1001 1.1005 1.1008 1.1015 1.1024 1.1032 1.1041 1.105 1.1043 1.1033 1.1024 1.1032 1.1043 1.1054 1.1066 1.1078 1.1092 1.1086 1.1079 1.109 1.1102 1.1107 1.1112 1.1126 1.1139 1.1153 1.1174 1.121 1.1266 1.1349 1.1471 1.1676 1.2074 
490.5 1.0922 1.0921 1.0921 1.092 1.092 1.0919 1.0918 1.0918 1.0917 1.0916 1.0915 1.0913 1.0912 1.0911 1.0909 1.0908 1.0907 1.0905 1.0904 1.0904 1.0903 1.0903 1.0904 1.0905 1.0907 1.0908 1.0909 1.0909 1.0912 1.0915 1.0914 1.0911 1.091 1.0912 1.0914 1.0918 1.0922 1.0926 1.0931 1.0935 1.0932 1.0925 1.0923 1.0936 1.0949 1.0949 1.0944 1.0943 1.0953 1.0962 1.0962 1.0959 1.0956 1.0956 1.0955 1.0956 1.0957 1.0959 1.0961 1.0963 1.0967 1.0971 1.0975 1.0978 1.0982 1.0986 1.0991 1.0996 1.1002 1.1007 1.1015 1.1024 1.1032 1.104 1.1048 1.1046 1.1041 1.103 1.1036 1.1044 1.1055 1.1066 1.1078 1.1089 1.1087 1.1084 1.1095 1.1106 1.1113 1.112 1.1133 1.1145 1.1158 1.1177 1.1212 1.1268 1.135 1.1472 1.1677 1.2073 
491 1.0922 1.0921 1.0921 1.092 1.092 1.0919 1.0918 1.0918 1.0917 1.0916 1.0915 1.0913 1.0912 1.0911 1.0909 1.0908 1.0907 1.0905 1.0904 1.0903 1.0903 1.0903 1.0903 1.0905 1.0906 1.0907 1.0908 1.0908 1.0911 1.0913 1.0913 1.0911 1.091 1.0912 1.0913 1.0917 1.0922 1.0927 1.093 1.0934 1.0931 1.0926 1.0924 1.0934 1.0945 1.0946 1.0944 1.0944 1.0947 1.0951 1.0951 1.0951 1.0951 1.0952 1.0953 1.0952 1.0951 1.0951 1.0957 1.0962 1.0964 1.0965 1.0968 1.0975 1.0983 1.0985 1.0987 1.0991 1.0999 1.1007 1.1015 1.1024 1.1032 1.104 1.1047 1.1049 1.1049 1.1035 1.1039 1.1046 1.1056 1.1066 1.1077 1.1087 1.1089 1.109 1.11 1.1111 1.1119 1.1127 1.114 1.1151 1.1163 1.1181 1.1215 1.127 1.1352 1.1473 1.1678 1.2073 
491.5 1.0921 1.0921 1.0921 1.092 1.092 1.0919 1.0918 1.0918 1.0917 1.0916 1.0915 1.0913 1.0912 1.0911 1.0909 1.0908 1.0907 1.0905 1.0904 1.0903 1.0903 1.0903 1.0903 1.0904 1.0906 1.0906 1.0907 1.0907 1.0909 1.0911 1.0911 1.0911 1.0911 1.0912 1.0913 1.0917 1.0922 1.0927 1.093 1.0933 1.0931 1.0927 1.0926 1.0933 1.094 1.0943 1.0945 1.0945 1.0942 1.0939 1.094 1.0943 1.0945 1.0948 1.0951 1.0949 1.0945 1.0944 1.0953 1.0962 1.0962 1.096 1.0962 1.0973 1.0983 1.0984 1.0983 1.0986 1.0996 1.1006 1.1015 1.1024 1.1032 1.1039 1.1046 1.1052 1.1057 1.1041 1.1043 1.1047 1.1057 1.1067 1.1076 1.1085 1.1091 1.1096 1.1105 1.1115 1.1125 1.1134 1.1147 1.1158 1.1167 1.1184 1.1217 1.1272 1.1354 1.1475 1.1679 1.2073 
492 1.0921 1.0921 1.092 1.092 1.0919 1.0919 1.0918 1.0917 1.0916 1.0915 1.0914 1.0913 1.0912 1.091 1.0909 1.0908 1.0906 1.0904 1.0903 1.0902 1.0902 1.0902 1.0902 1.0903 1.0904 1.0904 1.0905 1.0905 1.0906 1.0907 1.0908 1.0908 1.0909 1.091 1.0911 1.0915 1.0921 1.0926 1.0928 1.093 1.0929 1.0927 1.0926 1.0932 1.0937 1.0941 1.0944 1.0944 1.0938 1.0931 1.0933 1.0937 1.0942 1.0946 1.095 1.0947 1.0942 1.0941 1.0952 1.0963 1.0962 1.0959 1.0961 1.0974 1.0987 1.0986 1.0982 1.0983 1.0995 1.1006 1.1015 1.1024 1.1032 1.1038 1.1044 1.1054 1.1063 1.1047 1.1047 1.1049 1.1058 1.1068 1.1076 1.1083 1.1092 1.11 1.1109 1.1118 1.1128 1.1138 1.1151 1.1161 1.117 1.1186 1.1218 1.1273 1.1355 1.1476 1.1679 1.2073 
492.5 1.092 1.092 1.0919 1.0919 1.0918 1.0918 1.0917 1.0916 1.0915 1.0914 1.0913 1.0912 1.091 1.0909 1.0907 1.0905 1.0904 1.0902 1.0901 1.0899 1.0898 1.0898 1.0898 1.0898 1.0898 1.0898 1.0899 1.09 1.09 1.09 1.09 1.0901 1.0902 1.0903 1.0905 1.0909 1.0914 1.0919 1.0921 1.0923 1.0924 1.0924 1.0925 1.0931 1.0937 1.0939 1.094 1.094 1.0935 1.0931 1.0934 1.094 1.0945 1.0948 1.095 1.095 1.0949 1.0951 1.096 1.0969 1.097 1.097 1.0974 1.0986 1.0998 1.0995 1.0988 1.0987 1.0997 1.1007 1.1016 1.1025 1.1033 1.1038 1.1044 1.1053 1.1062 1.1051 1.1051 1.1052 1.1061 1.1071 1.1077 1.1084 1.1092 1.1101 1.1108 1.1115 1.1124 1.1134 1.1144 1.1155 1.1166 1.1184 1.1217 1.1273 1.1354 1.1475 1.1679 1.2073 
493 1.0919 1.0919 1.0918 1.0918 1.0917 1.0916 1.0916 1.0915 1.0914 1.0913 1.0911 1.091 1.0909 1.0907 1.0905 1.0903 1.0902 1.09 1.0898 1.0897 1.0895 1.0894 1.0894 1.0893 1.0892 1.0892 1.0894 1.0894 1.0894 1.0893 1.0893 1.0893 1.0894 1.0897 1.0899 1.0903 1.0908 1.0912 1.0914 1.0916 1.0918 1.0921 1.0924 1.093 1.0936 1.0937 1.0936 1.0935 1.0933 1.093 1.0935 1.0943 1.0949 1.095 1.095 1.0953 1.0957 1.0961 1.0968 1.0975 1.0978 1.0982 1.0987 1.0999 1.101 1.1004 1.0993 1.099 1.0999 1.1009 1.1018 1.1026 1.1034 1.1038 1.1043 1.1051 1.106 1.1055 1.1055 1.1056 1.1064 1.1073 1.1079 1.1084 1.1093 1.1101 1.1107 1.1113 1.1121 1.1129 1.1138 1.115 1.1162 1.1181 1.1216 1.1272 1.1353 1.1474 1.1678 1.2073 
493.5 1.0918 1.0918 1.0917 1.0917 1.0916 1.0915 1.0914 1.0914 1.0913 1.0911 1.091 1.0909 1.0907 1.0905 1.0903 1.0901 1.0899 1.0897 1.0895 1.0894 1.0892 1.0891 1.0889 1.0888 1.0886 1.0886 1.0888 1.0889 1.0887 1.0885 1.0885 1.0886 1.0887 1.089 1.0893 1.0897 1.0902 1.0906 1.0908 1.091 1.0913 1.0917 1.0922 1.0929 1.0935 1.0935 1.0933 1.0931 1.093 1.093 1.0937 1.0946 1.0952 1.0952 1.0951 1.0957 1.0964 1.0971 1.0976 1.098 1.0987 1.0993 1.1001 1.1011 1.1021 1.1012 1.0999 1.0993 1.1002 1.101 1.1019 1.1028 1.1035 1.1039 1.1043 1.105 1.1059 1.1059 1.1059 1.1059 1.1067 1.1076 1.108 1.1085 1.1093 1.1102 1.1106 1.111 1.1117 1.1125 1.1132 1.1144 1.1158 1.1179 1.1215 1.1271 1.1353 1.1474 1.1678 1.2072 
494 1.0918 1.0918 1.0917 1.0917 1.0916 1.0916 1.0915 1.0914 1.0913 1.0912 1.0911 1.0909 1.0908 1.0906 1.0904 1.0902 1.09 1.0898 1.0896 1.0894 1.0893 1.0892 1.089 1.0888 1.0887 1.0887 1.0889 1.0891 1.0889 1.0887 1.0886 1.0887 1.0888 1.0892 1.0895 1.0899 1.0903 1.0906 1.0908 1.091 1.0914 1.0918 1.0922 1.0929 1.0936 1.0935 1.0931 1.0929 1.0931 1.0932 1.0939 1.0948 1.0954 1.0953 1.0953 1.0959 1.0968 1.0975 1.0979 1.0982 1.0989 1.0996 1.1004 1.1014 1.1023 1.1015 1.1003 1.0997 1.1002 1.1008 1.1017 1.1026 1.1033 1.1036 1.104 1.1047 1.1054 1.106 1.1059 1.1059 1.1068 1.1078 1.1081 1.1083 1.1091 1.11 1.1104 1.1108 1.1115 1.1122 1.1128 1.1141 1.1156 1.1178 1.1214 1.127 1.1352 1.1473 1.1677 1.2072 
494.5 1.092 1.092 1.0919 1.0919 1.0918 1.0918 1.0917 1.0916 1.0915 1.0914 1.0913 1.0912 1.091 1.0909 1.0907 1.0905 1.0903 1.0902 1.09 1.0899 1.0898 1.0897 1.0896 1.0895 1.0895 1.0896 1.0898 1.0899 1.0898 1.0897 1.0897 1.0898 1.09 1.0902 1.0905 1.0908 1.0911 1.0914 1.0916 1.0919 1.0921 1.0922 1.0924 1.093 1.0937 1.0936 1.0932 1.093 1.0933 1.0937 1.0942 1.0949 1.0954 1.0955 1.0956 1.0962 1.0968 1.0973 1.0976 1.0979 1.0984 1.0991 1.0998 1.1006 1.1015 1.1011 1.1004 1.1 1.1001 1.1002 1.1011 1.1022 1.1029 1.1032 1.1034 1.104 1.1046 1.1057 1.1056 1.1055 1.1066 1.108 1.1079 1.1078 1.1086 1.1095 1.11 1.1105 1.1113 1.1121 1.1128 1.1141 1.1156 1.1177 1.1213 1.127 1.1352 1.1473 1.1677 1.2073 
495 1.0922 1.0922 1.0921 1.0921 1.092 1.092 1.0919 1.0918 1.0917 1.0916 1.0915 1.0914 1.0913 1.0912 1.091 1.0909 1.0907 1.0906 1.0904 1.0903 1.0903 1.0902 1.0902 1.0902 1.0903 1.0904 1.0907 1.0908 1.0907 1.0907 1.0908 1.0909 1.0911 1.0913 1.0915 1.0917 1.0919 1.0921 1.0925 1.0928 1.0927 1.0925 1.0925 1.0932 1.0938 1.0937 1.0933 1.0932 1.0936 1.0941 1.0945 1.0949 1.0953 1.0957 1.096 1.0964 1.0967 1.0971 1.0973 1.0975 1.098 1.0985 1.0991 1.0999 1.1006 1.1007 1.1006 1.1004 1.1 1.0997 1.1006 1.1017 1.1025 1.1027 1.1029 1.1033 1.1038 1.1054 1.1053 1.105 1.1065 1.1081 1.1078 1.1073 1.1081 1.109 1.1096 1.1102 1.1111 1.112 1.1128 1.1141 1.1155 1.1177 1.1213 1.1269 1.1351 1.1473 1.1677 1.2073 
495.5 1.0924 1.0924 1.0923 1.0923 1.0922 1.0922 1.0921 1.092 1.092 1.0919 1.0918 1.0917 1.0916 1.0914 1.0913 1.0912 1.0911 1.091 1.0909 1.0908 1.0908 1.0908 1.0908 1.0909 1.0911 1.0913 1.0915 1.0917 1.0917 1.0917 1.0918 1.092 1.0923 1.0924 1.0925 1.0926 1.0927 1.0929 1.0933 1.0937 1.0934 1.0929 1.0927 1.0933 1.0939 1.0938 1.0934 1.0933 1.0939 1.0946 1.0949 1.095 1.0953 1.0958 1.0964 1.0966 1.0967 1.0969 1.097 1.0972 1.0976 1.098 1.0984 1.0991 1.0998 1.1003 1.1007 1.1007 1.0999 1.0991 1.1001 1.1013 1.1021 1.1022 1.1023 1.1026 1.103 1.1051 1.105 1.1046 1.1063 1.1083 1.1077 1.1068 1.1076 1.1085 1.1092 1.1099 1.1109 1.1119 1.1128 1.114 1.1155 1.1176 1.1212 1.1269 1.1351 1.1472 1.1677 1.2073 
496 1.0923 1.0923 1.0922 1.0922 1.0921 1.0921 1.092 1.0919 1.0919 1.0918 1.0917 1.0916 1.0915 1.0914 1.0912 1.0911 1.091 1.0909 1.0908 1.0907 1.0907 1.0907 1.0907 1.0908 1.091 1.0911 1.0913 1.0915 1.0915 1.0914 1.0915 1.0916 1.0917 1.0918 1.092 1.0922 1.0924 1.0926 1.0932 1.0937 1.0936 1.0932 1.093 1.0936 1.0941 1.094 1.0937 1.0936 1.0942 1.0949 1.0951 1.0952 1.0954 1.096 1.0965 1.0967 1.0969 1.097 1.0969 1.0969 1.0972 1.0977 1.0981 1.0987 1.0994 1.1 1.1006 1.1008 1.0999 1.099 1.0999 1.101 1.1019 1.1021 1.1024 1.1028 1.1032 1.1053 1.1051 1.1047 1.1064 1.1083 1.1077 1.1068 1.1075 1.1084 1.1092 1.11 1.111 1.112 1.1129 1.1142 1.1156 1.1177 1.1214 1.127 1.1352 1.1473 1.1678 1.2074 
496.5 1.0921 1.092 1.092 1.0919 1.0919 1.0918 1.0918 1.0917 1.0916 1.0915 1.0915 1.0913 1.0912 1.0911 1.091 1.0909 1.0907 1.0906 1.0905 1.0904 1.0904 1.0904 1.0904 1.0904 1.0905 1.0906 1.0908 1.0909 1.0908 1.0907 1.0906 1.0905 1.0905 1.0907 1.0909 1.0912 1.0916 1.092 1.0927 1.0934 1.0936 1.0935 1.0935 1.0939 1.0943 1.0942 1.094 1.0939 1.0945 1.0951 1.0954 1.0955 1.0957 1.0961 1.0966 1.0969 1.0971 1.0972 1.0969 1.0966 1.0969 1.0975 1.098 1.0985 1.0991 1.0998 1.1005 1.1007 1.0999 1.0992 1.0999 1.1009 1.1017 1.1022 1.1027 1.1033 1.1039 1.1056 1.1054 1.105 1.1065 1.1083 1.1077 1.1069 1.1077 1.1086 1.1094 1.1102 1.1112 1.1122 1.1132 1.1144 1.1159 1.118 1.1216 1.1272 1.1353 1.1475 1.1679 1.2075 
497 1.0918 1.0918 1.0918 1.0917 1.0917 1.0916 1.0916 1.0915 1.0914 1.0913 1.0912 1.0911 1.091 1.0909 1.0907 1.0906 1.0905 1.0903 1.0902 1.0901 1.09 1.09 1.09 1.09 1.09 1.0901 1.0902 1.0902 1.0901 1.0899 1.0897 1.0894 1.0892 1.0895 1.0897 1.0902 1.0908 1.0914 1.0923 1.0931 1.0935 1.0938 1.094 1.0943 1.0946 1.0945 1.0942 1.0942 1.0948 1.0954 1.0956 1.0957 1.0959 1.0963 1.0967 1.097 1.0974 1.0974 1.0968 1.0963 1.0966 1.0973 1.0978 1.0983 1.0988 1.0995 1.1003 1.1006 1.0999 1.0993 1.0999 1.1007 1.1015 1.1022 1.103 1.1037 1.1045 1.1059 1.1057 1.1052 1.1067 1.1083 1.1077 1.107 1.1078 1.1088 1.1096 1.1105 1.1114 1.1124 1.1134 1.1147 1.1161 1.1182 1.1217 1.1273 1.1355 1.1476 1.168 1.2075 
497.5 1.0916 1.0916 1.0915 1.0915 1.0914 1.0914 1.0913 1.0913 1.0912 1.0911 1.091 1.0909 1.0908 1.0906 1.0905 1.0904 1.0902 1.0901 1.0899 1.0898 1.0897 1.0897 1.0896 1.0896 1.0896 1.0896 1.0896 1.0896 1.0894 1.0892 1.0888 1.0884 1.088 1.0883 1.0886 1.0892 1.09 1.0908 1.0918 1.0928 1.0935 1.094 1.0945 1.0946 1.0948 1.0947 1.0945 1.0945 1.0951 1.0956 1.0959 1.096 1.0962 1.0965 1.0968 1.0972 1.0976 1.0977 1.0968 1.0959 1.0963 1.0971 1.0977 1.0981 1.0985 1.0993 1.1002 1.1006 1.1 1.0994 1.0999 1.1006 1.1014 1.1023 1.1032 1.1042 1.1052 1.1062 1.1059 1.1055 1.1068 1.1082 1.1078 1.1071 1.1079 1.1089 1.1098 1.1107 1.1116 1.1125 1.1136 1.1149 1.1163 1.1184 1.1219 1.1275 1.1357 1.1477 1.1681 1.2076 
498 1.0917 1.0916 1.0916 1.0915 1.0915 1.0914 1.0914 1.0913 1.0912 1.0911 1.091 1.0909 1.0907 1.0906 1.0905 1.0903 1.0902 1.09 1.0899 1.0898 1.0898 1.0897 1.0897 1.0896 1.0896 1.0896 1.0896 1.0897 1.0896 1.0896 1.0892 1.0887 1.0883 1.0886 1.0889 1.0895 1.0902 1.0908 1.0916 1.0924 1.093 1.0935 1.0939 1.0941 1.0942 1.0942 1.0942 1.0943 1.0947 1.0951 1.0952 1.0953 1.0955 1.0958 1.0962 1.0967 1.0972 1.0975 1.097 1.0966 1.0969 1.0974 1.0978 1.0983 1.0988 1.0995 1.1001 1.1005 1.1003 1.1 1.1004 1.1009 1.1016 1.1025 1.1034 1.1044 1.1053 1.1062 1.1062 1.106 1.1071 1.1082 1.108 1.1077 1.1085 1.1094 1.1103 1.1111 1.1119 1.1126 1.1137 1.115 1.1164 1.1185 1.122 1.1276 1.1358 1.1478 1.1682 1.2077 
498.5 1.0918 1.0917 1.0917 1.0916 1.0916 1.0915 1.0914 1.0913 1.0912 1.0911 1.091 1.0909 1.0907 1.0906 1.0905 1.0903 1.0902 1.09 1.0899 1.0899 1.0898 1.0898 1.0898 1.0897 1.0897 1.0897 1.0897 1.0898 1.0899 1.09 1.0897 1.0892 1.0887 1.089 1.0893 1.0898 1.0904 1.0909 1.0914 1.0919 1.0924 1.0929 1.0933 1.0934 1.0936 1.0937 1.0939 1.0941 1.0943 1.0944 1.0945 1.0945 1.0947 1.0952 1.0957 1.0962 1.0968 1.0972 1.0972 1.0972 1.0974 1.0977 1.098 1.0986 1.0992 1.0996 1.1001 1.1005 1.1006 1.1007 1.101 1.1013 1.1018 1.1027 1.1036 1.1045 1.1054 1.1062 1.1064 1.1065 1.1073 1.1082 1.1083 1.1084 1.1091 1.1099 1.1107 1.1116 1.1122 1.1127 1.1138 1.115 1.1165 1.1186 1.1222 1.1277 1.1359 1.1479 1.1682 1.2077 
499 1.0918 1.0918 1.0917 1.0917 1.0916 1.0916 1.0915 1.0914 1.0913 1.0911 1.091 1.0909 1.0907 1.0906 1.0904 1.0903 1.0902 1.09 1.09 1.0899 1.0899 1.0899 1.0899 1.0898 1.0897 1.0897 1.0898 1.09 1.0902 1.0905 1.0902 1.0896 1.0892 1.0894 1.0897 1.0901 1.0906 1.091 1.0912 1.0914 1.0918 1.0923 1.0927 1.0928 1.0929 1.0932 1.0936 1.0939 1.0938 1.0938 1.0938 1.0938 1.0939 1.0945 1.0951 1.0957 1.0964 1.097 1.0974 1.0979 1.098 1.098 1.0982 1.0988 1.0995 1.0998 1.1001 1.1004 1.1009 1.1014 1.1016 1.1016 1.102 1.1028 1.1037 1.1046 1.1055 1.1062 1.1066 1.1071 1.1076 1.1081 1.1086 1.1091 1.1097 1.1104 1.1112 1.1121 1.1125 1.1128 1.1138 1.1151 1.1165 1.1186 1.1223 1.1279 1.136 1.148 1.1683 1.2078 
499.5 1.0919 1.0919 1.0918 1.0918 1.0917 1.0916 1.0915 1.0914 1.0913 1.0912 1.0911 1.0909 1.0908 1.0906 1.0904 1.0903 1.0902 1.09 1.09 1.0899 1.0899 1.0899 1.0899 1.0898 1.0897 1.0898 1.0899 1.09 1.0904 1.0908 1.0905 1.09 1.0895 1.0898 1.09 1.0904 1.0907 1.0911 1.0911 1.0911 1.0914 1.0918 1.0922 1.0923 1.0924 1.0928 1.0933 1.0937 1.0935 1.0934 1.0933 1.0933 1.0934 1.094 1.0946 1.0953 1.096 1.0968 1.0976 1.0984 1.0984 1.0982 1.0983 1.099 1.0998 1.0999 1.1 1.1003 1.1012 1.102 1.102 1.1018 1.1021 1.1029 1.1037 1.1046 1.1055 1.1061 1.1068 1.1075 1.1078 1.1081 1.1089 1.1096 1.1102 1.1107 1.1116 1.1124 1.1127 1.1129 1.114 1.1152 1.1166 1.1188 1.1224 1.128 1.1361 1.1481 1.1684 1.2078 
500 1.0921 1.092 1.092 1.0919 1.0919 1.0918 1.0917 1.0916 1.0915 1.0913 1.0912 1.0911 1.0909 1.0907 1.0906 1.0904 1.0902 1.0901 1.0899 1.0898 1.0897 1.0897 1.0897 1.0896 1.0895 1.0895 1.0896 1.0898 1.0901 1.0904 1.0902 1.0898 1.0895 1.0898 1.0901 1.0904 1.0908 1.0911 1.0914 1.0916 1.0917 1.0918 1.0919 1.0923 1.0928 1.0931 1.0934 1.0936 1.0937 1.0938 1.0939 1.0939 1.0941 1.0943 1.0945 1.0952 1.096 1.0967 1.0971 1.0976 1.0978 1.0979 1.0982 1.0989 1.0996 1.0997 1.0997 1.1 1.1009 1.1019 1.1017 1.1013 1.1014 1.1023 1.1032 1.1041 1.105 1.1058 1.1065 1.1073 1.1078 1.1084 1.1087 1.1091 1.1098 1.1105 1.1113 1.1122 1.1127 1.1132 1.1143 1.1156 1.117 1.1192 1.1228 1.1284 1.1364 1.1483 1.1684 1.2076 
500.5 1.0922 1.0922 1.0921 1.0921 1.092 1.0919 1.0918 1.0917 1.0916 1.0915 1.0914 1.0912 1.091 1.0909 1.0907 1.0905 1.0903 1.0901 1.0899 1.0897 1.0896 1.0895 1.0894 1.0893 1.0893 1.0893 1.0894 1.0895 1.0897 1.09 1.0899 1.0897 1.0895 1.0898 1.0901 1.0905 1.0908 1.0912 1.0916 1.0921 1.0921 1.0918 1.0917 1.0924 1.0931 1.0933 1.0935 1.0936 1.0939 1.0942 1.0944 1.0946 1.0947 1.0945 1.0944 1.095 1.0959 1.0966 1.0967 1.0969 1.0972 1.0976 1.098 1.0988 1.0995 1.0995 1.0994 1.0997 1.1007 1.1017 1.1014 1.1008 1.1008 1.1017 1.1027 1.1036 1.1045 1.1054 1.1062 1.1071 1.1079 1.1087 1.1086 1.1085 1.1093 1.1103 1.1111 1.1119 1.1127 1.1134 1.1147 1.116 1.1174 1.1196 1.1232 1.1288 1.1367 1.1485 1.1685 1.2074 
501 1.0924 1.0923 1.0923 1.0922 1.0922 1.0921 1.092 1.0919 1.0918 1.0917 1.0915 1.0914 1.0912 1.091 1.0908 1.0906 1.0904 1.0901 1.0899 1.0896 1.0894 1.0893 1.0891 1.0891 1.0891 1.0891 1.0892 1.0892 1.0894 1.0896 1.0897 1.0896 1.0896 1.0899 1.0902 1.0905 1.0908 1.0912 1.0919 1.0926 1.0924 1.0918 1.0915 1.0924 1.0934 1.0936 1.0935 1.0936 1.0941 1.0946 1.095 1.0953 1.0954 1.0948 1.0943 1.0949 1.0959 1.0965 1.0963 1.0961 1.0966 1.0972 1.0979 1.0987 1.0994 1.0993 1.0991 1.0993 1.1005 1.1016 1.1011 1.1003 1.1002 1.1011 1.1021 1.103 1.104 1.105 1.1059 1.1068 1.1079 1.109 1.1085 1.1079 1.1089 1.1101 1.1109 1.1116 1.1126 1.1137 1.115 1.1164 1.1178 1.12 1.1236 1.1291 1.137 1.1487 1.1685 1.2071 
501.5 1.0925 1.0924 1.0924 1.0923 1.0923 1.0922 1.0921 1.092 1.0919 1.0918 1.0916 1.0915 1.0913 1.0911 1.0909 1.0907 1.0904 1.0902 1.0899 1.0897 1.0894 1.0893 1.0891 1.0892 1.0892 1.0892 1.0892 1.0891 1.0893 1.0895 1.0896 1.0897 1.0898 1.0901 1.0904 1.0907 1.091 1.0914 1.0922 1.093 1.0928 1.0921 1.0918 1.0925 1.0933 1.0935 1.0934 1.0935 1.0941 1.0947 1.0952 1.0956 1.0957 1.0951 1.0944 1.095 1.0959 1.0965 1.0962 1.096 1.0964 1.097 1.0977 1.0985 1.0993 1.0992 1.0989 1.0991 1.1002 1.1014 1.1009 1.1001 1.1 1.101 1.1019 1.1029 1.1038 1.1049 1.1059 1.1068 1.108 1.1092 1.1086 1.1079 1.1088 1.1098 1.1105 1.1112 1.1123 1.1134 1.115 1.1163 1.1178 1.12 1.1236 1.1291 1.1369 1.1486 1.1684 1.2069 
502 1.0925 1.0925 1.0924 1.0924 1.0923 1.0922 1.0921 1.092 1.0919 1.0918 1.0917 1.0915 1.0913 1.0912 1.091 1.0908 1.0906 1.0903 1.0901 1.0899 1.0898 1.0896 1.0896 1.0897 1.0899 1.0898 1.0896 1.0894 1.0896 1.0898 1.09 1.0901 1.0903 1.0905 1.0907 1.091 1.0914 1.0918 1.0925 1.0932 1.0932 1.0929 1.0927 1.0927 1.0928 1.0929 1.093 1.0932 1.0938 1.0944 1.0949 1.0953 1.0955 1.0953 1.095 1.0955 1.0962 1.0967 1.0967 1.0967 1.0968 1.0968 1.0972 1.0981 1.0991 1.099 1.0988 1.099 1.1001 1.1011 1.1009 1.1004 1.1005 1.1014 1.1022 1.1031 1.104 1.1051 1.1061 1.107 1.1081 1.1092 1.109 1.1086 1.109 1.1093 1.11 1.1107 1.1116 1.1125 1.1142 1.1157 1.1171 1.1192 1.1229 1.1284 1.1363 1.1481 1.168 1.2066 
502.5 1.0925 1.0925 1.0924 1.0924 1.0923 1.0922 1.0922 1.0921 1.092 1.0918 1.0917 1.0915 1.0914 1.0912 1.091 1.0909 1.0907 1.0905 1.0903 1.0902 1.0901 1.09 1.09 1.0903 1.0905 1.0904 1.0899 1.0896 1.0898 1.0901 1.0903 1.0905 1.0908 1.0909 1.091 1.0913 1.0917 1.0921 1.0928 1.0934 1.0936 1.0937 1.0937 1.093 1.0922 1.0923 1.0926 1.0929 1.0935 1.0941 1.0946 1.095 1.0954 1.0955 1.0956 1.096 1.0964 1.0968 1.0972 1.0975 1.0972 1.0967 1.0967 1.0978 1.0989 1.0989 1.0987 1.0989 1.0999 1.1008 1.1009 1.1008 1.101 1.1018 1.1026 1.1034 1.1043 1.1054 1.1063 1.1073 1.1083 1.1093 1.1094 1.1094 1.1092 1.1089 1.1095 1.1101 1.1108 1.1115 1.1135 1.115 1.1164 1.1185 1.1221 1.1277 1.1357 1.1476 1.1676 1.2064 
503 1.0925 1.0925 1.0924 1.0924 1.0923 1.0923 1.0922 1.0921 1.092 1.0919 1.0917 1.0916 1.0914 1.0913 1.0911 1.091 1.0908 1.0907 1.0905 1.0904 1.0904 1.0904 1.0904 1.0908 1.0912 1.0909 1.0903 1.0898 1.0901 1.0904 1.0907 1.091 1.0913 1.0913 1.0914 1.0917 1.0921 1.0925 1.093 1.0936 1.0941 1.0946 1.0946 1.0932 1.0917 1.0917 1.0921 1.0926 1.0932 1.0938 1.0943 1.0948 1.0952 1.0957 1.0962 1.0965 1.0967 1.097 1.0976 1.0982 1.0975 1.0965 1.0962 1.0975 1.0987 1.0988 1.0987 1.0988 1.0997 1.1005 1.1008 1.1011 1.1015 1.1022 1.1029 1.1037 1.1046 1.1056 1.1065 1.1075 1.1084 1.1094 1.1098 1.1101 1.1094 1.1085 1.109 1.1096 1.1101 1.1106 1.1127 1.1143 1.1157 1.1178 1.1214 1.127 1.1351 1.1471 1.1672 1.2062 
503.5 1.0924 1.0924 1.0923 1.0923 1.0922 1.0922 1.0921 1.092 1.0919 1.0918 1.0916 1.0915 1.0913 1.0912 1.091 1.0908 1.0907 1.0905 1.0904 1.0903 1.0902 1.0903 1.0903 1.0907 1.091 1.0908 1.0902 1.0898 1.09 1.0903 1.0906 1.0909 1.0911 1.0911 1.0911 1.0913 1.0918 1.0922 1.0927 1.0932 1.0937 1.0942 1.0943 1.0929 1.0915 1.0916 1.0922 1.0928 1.0933 1.0937 1.0941 1.0944 1.0948 1.0954 1.0961 1.0964 1.0966 1.097 1.0979 1.0988 1.0979 1.0967 1.0962 1.0974 1.0987 1.0989 1.099 1.0993 1.1001 1.1009 1.1014 1.1018 1.1023 1.1026 1.103 1.1038 1.1045 1.1055 1.1064 1.1072 1.1081 1.109 1.1096 1.1102 1.1096 1.1088 1.1093 1.1099 1.1104 1.1108 1.1129 1.1144 1.1158 1.1178 1.1213 1.1269 1.135 1.1469 1.167 1.2059 
504 1.0922 1.0922 1.0921 1.0921 1.092 1.092 1.0919 1.0918 1.0917 1.0916 1.0914 1.0913 1.0911 1.0909 1.0908 1.0906 1.0904 1.0902 1.0901 1.0899 1.0899 1.0899 1.0899 1.0901 1.0904 1.0903 1.0899 1.0896 1.0898 1.09 1.0902 1.0905 1.0906 1.0905 1.0904 1.0906 1.0911 1.0915 1.0921 1.0926 1.0929 1.0931 1.0931 1.0923 1.0916 1.0919 1.0926 1.0932 1.0935 1.0938 1.0939 1.0939 1.0941 1.0948 1.0955 1.096 1.0964 1.097 1.0981 1.0991 1.0983 1.097 1.0965 1.0976 1.0988 1.0992 1.0995 1.1 1.1009 1.1017 1.1023 1.1029 1.1032 1.1031 1.1031 1.1036 1.1043 1.1052 1.1059 1.1066 1.1075 1.1084 1.1091 1.1099 1.1098 1.1096 1.1101 1.1108 1.1113 1.1118 1.1137 1.1151 1.1163 1.1183 1.1217 1.1271 1.1351 1.147 1.167 1.2057 
504.5 1.092 1.092 1.092 1.0919 1.0919 1.0918 1.0917 1.0916 1.0915 1.0914 1.0912 1.0911 1.0909 1.0907 1.0905 1.0903 1.0901 1.0899 1.0897 1.0895 1.0895 1.0894 1.0894 1.0896 1.0898 1.0897 1.0895 1.0894 1.0896 1.0897 1.0899 1.0901 1.0902 1.0899 1.0897 1.0899 1.0904 1.0909 1.0914 1.0919 1.0921 1.092 1.0919 1.0918 1.0917 1.0922 1.093 1.0936 1.0937 1.0939 1.0937 1.0934 1.0934 1.0942 1.095 1.0956 1.0961 1.0969 1.0982 1.0995 1.0987 1.0974 1.0968 1.0978 1.0989 1.0995 1.1001 1.1008 1.1016 1.1025 1.1032 1.1039 1.1041 1.1036 1.1031 1.1035 1.104 1.1049 1.1055 1.106 1.1068 1.1077 1.1086 1.1095 1.1099 1.1103 1.111 1.1116 1.1122 1.1128 1.1145 1.1157 1.1169 1.1187 1.122 1.1273 1.1353 1.1471 1.167 1.2054 
505 1.0919 1.0918 1.0918 1.0917 1.0917 1.0916 1.0915 1.0914 1.0913 1.0912 1.091 1.0909 1.0907 1.0905 1.0903 1.09 1.0898 1.0896 1.0894 1.0892 1.0891 1.089 1.089 1.0891 1.0891 1.0892 1.0892 1.0892 1.0893 1.0894 1.0896 1.0896 1.0897 1.0893 1.089 1.0893 1.0897 1.0902 1.0908 1.0913 1.0912 1.0909 1.0907 1.0912 1.0917 1.0925 1.0934 1.094 1.094 1.0939 1.0935 1.093 1.0928 1.0936 1.0944 1.0952 1.0959 1.0969 1.0984 1.0999 1.0991 1.0977 1.0971 1.098 1.099 1.0998 1.1007 1.1015 1.1024 1.1033 1.1041 1.1049 1.105 1.1041 1.1031 1.1034 1.1037 1.1046 1.105 1.1053 1.1062 1.1071 1.1082 1.1092 1.1101 1.1111 1.1118 1.1125 1.1131 1.1137 1.1153 1.1164 1.1174 1.1192 1.1223 1.1276 1.1354 1.1472 1.167 1.2052 
505.5 1.0918 1.0918 1.0917 1.0917 1.0916 1.0916 1.0915 1.0914 1.0913 1.0911 1.091 1.0908 1.0906 1.0905 1.0902 1.09 1.0898 1.0896 1.0895 1.0893 1.0892 1.0891 1.0891 1.0892 1.0892 1.0893 1.0893 1.0893 1.0894 1.0895 1.0896 1.0897 1.0897 1.0894 1.0892 1.0894 1.0898 1.0903 1.0909 1.0914 1.0915 1.0913 1.0913 1.0916 1.0919 1.0926 1.0934 1.094 1.0938 1.0937 1.0934 1.0931 1.0931 1.0936 1.0942 1.095 1.0959 1.0969 1.0982 1.0995 1.099 1.098 1.0976 1.0982 1.0989 1.0997 1.1004 1.1012 1.1021 1.103 1.1036 1.1042 1.1044 1.1038 1.1033 1.1035 1.1039 1.1048 1.1051 1.1052 1.1059 1.1067 1.1078 1.109 1.1099 1.1108 1.1115 1.1123 1.1128 1.1132 1.1149 1.1161 1.1173 1.1192 1.1225 1.1278 1.1357 1.1475 1.1674 1.2058 
506 1.0918 1.0918 1.0917 1.0917 1.0916 1.0915 1.0915 1.0914 1.0912 1.0911 1.091 1.0908 1.0907 1.0905 1.0903 1.0901 1.0899 1.0897 1.0896 1.0894 1.0894 1.0893 1.0893 1.0894 1.0895 1.0895 1.0895 1.0896 1.0897 1.0897 1.0898 1.0898 1.0898 1.0896 1.0894 1.0897 1.0901 1.0905 1.0911 1.0917 1.0919 1.092 1.0921 1.0921 1.092 1.0926 1.0934 1.0939 1.0936 1.0933 1.0933 1.0934 1.0935 1.0938 1.094 1.0949 1.0959 1.0969 1.0979 1.0989 1.0988 1.0983 1.0981 1.0985 1.0988 1.0994 1.1 1.1006 1.1015 1.1024 1.1029 1.1033 1.1035 1.1035 1.1034 1.1038 1.1042 1.1051 1.1052 1.1051 1.1056 1.1062 1.1075 1.1088 1.1095 1.1103 1.1111 1.112 1.1122 1.1123 1.1143 1.1157 1.1171 1.1191 1.1226 1.1281 1.1361 1.1479 1.1678 1.2065 
506.5 1.0918 1.0918 1.0917 1.0917 1.0916 1.0915 1.0914 1.0914 1.0912 1.0911 1.091 1.0908 1.0907 1.0905 1.0903 1.0902 1.09 1.0898 1.0897 1.0896 1.0896 1.0896 1.0896 1.0896 1.0897 1.0897 1.0898 1.0898 1.0899 1.0899 1.0899 1.0899 1.09 1.0898 1.0897 1.0899 1.0903 1.0907 1.0913 1.092 1.0924 1.0927 1.0929 1.0926 1.0922 1.0926 1.0934 1.0938 1.0934 1.093 1.0932 1.0936 1.0939 1.0939 1.0939 1.0947 1.0959 1.0969 1.0976 1.0984 1.0986 1.0987 1.0987 1.0987 1.0987 1.0991 1.0995 1.1001 1.101 1.1018 1.1021 1.1024 1.1027 1.1031 1.1036 1.104 1.1045 1.1054 1.1053 1.1051 1.1054 1.1058 1.1071 1.1086 1.1092 1.1098 1.1107 1.1117 1.1116 1.1115 1.1137 1.1153 1.1169 1.119 1.1227 1.1283 1.1364 1.1483 1.1683 1.2073 
507 1.0918 1.0918 1.0917 1.0917 1.0916 1.0915 1.0915 1.0914 1.0913 1.0911 1.091 1.0909 1.0907 1.0906 1.0904 1.0902 1.0901 1.09 1.0899 1.0898 1.0897 1.0898 1.0898 1.0898 1.0899 1.0899 1.09 1.0901 1.0901 1.0901 1.0901 1.0901 1.0901 1.09 1.09 1.0902 1.0905 1.0909 1.0916 1.0922 1.0928 1.0934 1.0937 1.093 1.0924 1.0927 1.0933 1.0937 1.0933 1.0928 1.0932 1.0939 1.0944 1.0941 1.0938 1.0946 1.0959 1.0969 1.0974 1.0979 1.0984 1.0989 1.0992 1.0989 1.0987 1.0988 1.0991 1.0996 1.1004 1.1013 1.1015 1.1015 1.1019 1.1028 1.1037 1.1043 1.1048 1.1057 1.1054 1.105 1.1052 1.1054 1.1069 1.1084 1.1089 1.1093 1.1103 1.1114 1.1111 1.1108 1.1132 1.115 1.1166 1.119 1.1228 1.1286 1.1367 1.1486 1.1687 1.208 
507.5 1.0921 1.092 1.092 1.0919 1.0919 1.0918 1.0917 1.0916 1.0915 1.0914 1.0912 1.0911 1.091 1.0908 1.0906 1.0905 1.0903 1.0901 1.09 1.0899 1.0899 1.0898 1.0898 1.0899 1.09 1.0901 1.0901 1.0902 1.0903 1.0903 1.0903 1.0902 1.0902 1.0902 1.0902 1.0904 1.0908 1.0911 1.0916 1.0921 1.0926 1.0932 1.0936 1.0932 1.0929 1.093 1.0933 1.0935 1.0936 1.0936 1.0939 1.0944 1.0946 1.0943 1.094 1.0948 1.0958 1.0967 1.0973 1.0979 1.0982 1.0986 1.0988 1.0988 1.0988 1.0989 1.0991 1.0995 1.1003 1.1011 1.1014 1.1015 1.1019 1.1028 1.1037 1.1044 1.105 1.106 1.1056 1.1051 1.1054 1.1059 1.1072 1.1085 1.1091 1.1096 1.1105 1.1115 1.1114 1.1111 1.1133 1.1149 1.1165 1.1187 1.1225 1.1282 1.1363 1.1483 1.1685 1.2078 
508 1.0923 1.0923 1.0922 1.0921 1.0921 1.092 1.0919 1.0918 1.0917 1.0916 1.0915 1.0913 1.0912 1.091 1.0909 1.0907 1.0905 1.0903 1.0902 1.09 1.09 1.0899 1.0899 1.09 1.0901 1.0902 1.0902 1.0903 1.0905 1.0906 1.0906 1.0904 1.0902 1.0903 1.0904 1.0906 1.091 1.0914 1.0917 1.0919 1.0924 1.093 1.0934 1.0934 1.0934 1.0934 1.0933 1.0934 1.0939 1.0944 1.0946 1.0948 1.0949 1.0946 1.0943 1.0949 1.0958 1.0966 1.0972 1.0978 1.0981 1.0982 1.0984 1.0987 1.099 1.099 1.0991 1.0994 1.1002 1.101 1.1013 1.1015 1.1019 1.1028 1.1037 1.1045 1.1052 1.1063 1.1058 1.1051 1.1057 1.1063 1.1074 1.1086 1.1092 1.1098 1.1107 1.1117 1.1116 1.1115 1.1134 1.1148 1.1163 1.1185 1.1221 1.1278 1.1359 1.148 1.1682 1.2076 
508.5 1.0925 1.0925 1.0924 1.0924 1.0923 1.0923 1.0922 1.0921 1.092 1.0919 1.0917 1.0916 1.0914 1.0913 1.0911 1.0909 1.0907 1.0905 1.0903 1.0902 1.0901 1.09 1.09 1.0901 1.0902 1.0903 1.0903 1.0904 1.0907 1.0909 1.0908 1.0905 1.0903 1.0904 1.0905 1.0909 1.0913 1.0916 1.0917 1.0918 1.0922 1.0928 1.0933 1.0936 1.0939 1.0937 1.0933 1.0932 1.0942 1.0952 1.0954 1.0953 1.0951 1.0948 1.0945 1.095 1.0957 1.0964 1.0971 1.0978 1.0979 1.0979 1.098 1.0986 1.0991 1.0991 1.099 1.0992 1.1 1.1008 1.1012 1.1015 1.102 1.1029 1.1037 1.1046 1.1054 1.1066 1.106 1.1052 1.1059 1.1068 1.1077 1.1087 1.1094 1.11 1.1109 1.1118 1.1119 1.1119 1.1134 1.1148 1.1161 1.1182 1.1218 1.1274 1.1355 1.1476 1.168 1.2075 
509 1.0927 1.0926 1.0926 1.0925 1.0925 1.0924 1.0923 1.0922 1.0921 1.092 1.0919 1.0918 1.0916 1.0914 1.0912 1.0911 1.0909 1.0906 1.0904 1.0903 1.0902 1.0901 1.09 1.0901 1.0902 1.0903 1.0904 1.0905 1.0907 1.091 1.0909 1.0906 1.0903 1.0905 1.0906 1.0909 1.0913 1.0916 1.0917 1.0917 1.092 1.0925 1.093 1.0935 1.0941 1.0938 1.0933 1.0931 1.0944 1.0956 1.0957 1.0954 1.0952 1.095 1.0947 1.0952 1.0958 1.0964 1.097 1.0977 1.0977 1.0976 1.0978 1.0986 1.0993 1.0993 1.099 1.0992 1.1 1.1008 1.1012 1.1015 1.102 1.1029 1.1038 1.1046 1.1054 1.1067 1.1061 1.1053 1.1061 1.107 1.1079 1.1088 1.1095 1.1102 1.1111 1.112 1.1121 1.1121 1.1135 1.1148 1.1161 1.1181 1.1217 1.1272 1.1354 1.1475 1.1679 1.2073 
509.5 1.0926 1.0926 1.0926 1.0925 1.0925 1.0924 1.0923 1.0922 1.0921 1.092 1.0919 1.0917 1.0916 1.0914 1.0912 1.091 1.0908 1.0906 1.0904 1.0902 1.0901 1.09 1.0899 1.09 1.09 1.0901 1.0901 1.0902 1.0904 1.0906 1.0905 1.0903 1.0902 1.0903 1.0905 1.0907 1.091 1.0912 1.0914 1.0916 1.0918 1.0921 1.0924 1.0929 1.0935 1.0934 1.0932 1.0933 1.0942 1.0951 1.0952 1.095 1.0949 1.0949 1.0949 1.0954 1.0961 1.0967 1.0971 1.0974 1.0976 1.0977 1.0981 1.0988 1.0996 1.0995 1.0992 1.0993 1.1003 1.1012 1.1014 1.1015 1.1019 1.1031 1.1042 1.1045 1.1047 1.1063 1.1061 1.1056 1.1062 1.1069 1.1079 1.1088 1.1096 1.1103 1.1112 1.1121 1.1122 1.1121 1.1137 1.1151 1.1164 1.1185 1.1221 1.1276 1.1357 1.1477 1.1679 1.2072 
510 1.0926 1.0926 1.0925 1.0925 1.0924 1.0924 1.0923 1.0922 1.0921 1.092 1.0918 1.0917 1.0915 1.0913 1.0911 1.091 1.0908 1.0906 1.0904 1.0902 1.09 1.0899 1.0898 1.0898 1.0899 1.0899 1.0899 1.09 1.0901 1.0902 1.0902 1.0901 1.09 1.0902 1.0904 1.0905 1.0906 1.0908 1.0911 1.0915 1.0916 1.0917 1.0918 1.0923 1.0929 1.0931 1.0932 1.0934 1.0941 1.0947 1.0948 1.0946 1.0946 1.0949 1.0951 1.0957 1.0964 1.0969 1.0971 1.0972 1.0975 1.0978 1.0983 1.0991 1.0999 1.0997 1.0993 1.0994 1.1005 1.1016 1.1017 1.1015 1.1019 1.1032 1.1045 1.1043 1.104 1.1059 1.106 1.1059 1.1063 1.1068 1.1078 1.1089 1.1097 1.1105 1.1114 1.1123 1.1123 1.1122 1.1139 1.1153 1.1167 1.1188 1.1225 1.128 1.136 1.1479 1.168 1.207 
510.5 1.0926 1.0926 1.0925 1.0924 1.0924 1.0923 1.0922 1.0921 1.092 1.0919 1.0918 1.0916 1.0915 1.0913 1.0911 1.0909 1.0907 1.0905 1.0903 1.0901 1.09 1.0898 1.0897 1.0897 1.0897 1.0897 1.0897 1.0897 1.0898 1.0898 1.0898 1.0898 1.0899 1.09 1.0902 1.0903 1.0902 1.0903 1.0908 1.0914 1.0914 1.0913 1.0912 1.0917 1.0922 1.0927 1.0931 1.0935 1.0939 1.0943 1.0943 1.0942 1.0943 1.0948 1.0953 1.096 1.0967 1.0972 1.0971 1.097 1.0974 1.0979 1.0985 1.0993 1.1002 1.0999 1.0994 1.0995 1.1008 1.1021 1.1019 1.1015 1.1018 1.1033 1.1048 1.1042 1.1033 1.1055 1.1059 1.1061 1.1064 1.1067 1.1078 1.1089 1.1098 1.1106 1.1115 1.1124 1.1124 1.1122 1.1141 1.1156 1.117 1.1192 1.1228 1.1284 1.1364 1.1481 1.1681 1.2069 
511 1.0925 1.0925 1.0924 1.0924 1.0923 1.0922 1.0922 1.0921 1.092 1.0918 1.0917 1.0916 1.0914 1.0912 1.091 1.0909 1.0907 1.0905 1.0903 1.0901 1.09 1.0899 1.0897 1.0897 1.0897 1.0897 1.0897 1.0898 1.0898 1.0898 1.0899 1.0899 1.09 1.0901 1.0902 1.0903 1.0902 1.0903 1.0909 1.0915 1.0915 1.0912 1.0911 1.0916 1.0922 1.0927 1.0932 1.0936 1.0937 1.0939 1.094 1.0941 1.0943 1.0947 1.0951 1.096 1.0971 1.0977 1.0972 1.0967 1.0971 1.0977 1.0983 1.0991 1.0999 1.0998 1.0994 1.0996 1.1008 1.1021 1.1021 1.1018 1.1021 1.1035 1.1048 1.1042 1.1033 1.105 1.1056 1.106 1.1063 1.1066 1.1077 1.1089 1.1097 1.1106 1.1115 1.1124 1.1125 1.1124 1.1142 1.1156 1.117 1.1192 1.1229 1.1284 1.1364 1.1482 1.1681 1.2069 
511.5 1.0924 1.0923 1.0923 1.0922 1.0922 1.0921 1.092 1.092 1.0919 1.0917 1.0916 1.0915 1.0913 1.0912 1.091 1.0908 1.0907 1.0905 1.0904 1.0902 1.0901 1.09 1.0899 1.09 1.09 1.09 1.09 1.0901 1.0901 1.0901 1.0902 1.0903 1.0905 1.0904 1.0904 1.0905 1.0906 1.0908 1.0914 1.092 1.0919 1.0914 1.0912 1.092 1.0927 1.0931 1.0933 1.0935 1.0935 1.0936 1.0939 1.0942 1.0944 1.0944 1.0944 1.0957 1.0973 1.0983 1.0973 1.0963 1.0966 1.0971 1.0977 1.0985 1.0992 1.0994 1.0994 1.0998 1.1008 1.1018 1.1021 1.1024 1.1028 1.1036 1.1045 1.1042 1.1038 1.1045 1.1049 1.1054 1.106 1.1065 1.1076 1.1087 1.1096 1.1104 1.1113 1.1123 1.1125 1.1128 1.1141 1.1154 1.1168 1.1189 1.1226 1.1281 1.1362 1.1481 1.1681 1.2071 
512 1.0922 1.0922 1.0922 1.0921 1.0921 1.092 1.0919 1.0918 1.0917 1.0916 1.0915 1.0914 1.0912 1.0911 1.0909 1.0908 1.0906 1.0905 1.0904 1.0903 1.0902 1.0902 1.0901 1.0902 1.0902 1.0903 1.0903 1.0904 1.0904 1.0904 1.0905 1.0907 1.0909 1.0907 1.0905 1.0906 1.0909 1.0912 1.0918 1.0924 1.0922 1.0916 1.0913 1.0923 1.0932 1.0935 1.0934 1.0934 1.0933 1.0933 1.0937 1.0943 1.0945 1.0941 1.0937 1.0953 1.0976 1.0989 1.0974 1.096 1.0961 1.0966 1.0971 1.0978 1.0985 1.099 1.0994 1.0999 1.1007 1.1015 1.1022 1.1029 1.1035 1.1038 1.1042 1.1043 1.1044 1.1039 1.1043 1.1049 1.1056 1.1064 1.1075 1.1086 1.1095 1.1103 1.1112 1.1121 1.1126 1.1132 1.1141 1.1152 1.1166 1.1187 1.1223 1.1279 1.136 1.1479 1.1681 1.2073 
512.5 1.0921 1.0921 1.092 1.092 1.0919 1.0919 1.0918 1.0917 1.0916 1.0915 1.0914 1.0913 1.0912 1.091 1.0909 1.0908 1.0906 1.0905 1.0904 1.0903 1.0903 1.0903 1.0903 1.0904 1.0905 1.0906 1.0906 1.0907 1.0907 1.0907 1.0909 1.0911 1.0913 1.091 1.0907 1.0908 1.0912 1.0916 1.0922 1.0929 1.0926 1.0918 1.0915 1.0926 1.0938 1.0938 1.0935 1.0933 1.0932 1.093 1.0936 1.0944 1.0947 1.0938 1.093 1.095 1.0979 1.0994 1.0976 1.0957 1.0956 1.0961 1.0966 1.0972 1.0978 1.0986 1.0994 1.1001 1.1006 1.1012 1.1023 1.1034 1.1041 1.104 1.1038 1.1043 1.105 1.1034 1.1037 1.1043 1.1053 1.1063 1.1074 1.1085 1.1093 1.1101 1.111 1.1119 1.1127 1.1135 1.114 1.115 1.1164 1.1184 1.122 1.1276 1.1357 1.1478 1.1681 1.2075 
513 1.0921 1.0921 1.092 1.092 1.0919 1.0919 1.0918 1.0917 1.0916 1.0915 1.0914 1.0913 1.0912 1.091 1.0909 1.0908 1.0906 1.0905 1.0904 1.0903 1.0903 1.0903 1.0903 1.0904 1.0905 1.0906 1.0907 1.0908 1.0908 1.0908 1.091 1.0913 1.0914 1.0911 1.0907 1.0908 1.0912 1.0917 1.0923 1.0929 1.0927 1.0921 1.0918 1.0927 1.0935 1.0937 1.0935 1.0934 1.0935 1.0937 1.094 1.0944 1.0945 1.0941 1.0937 1.0954 1.0976 1.0989 1.0976 1.0964 1.0963 1.0963 1.0967 1.0975 1.0983 1.099 1.0997 1.1002 1.1005 1.1007 1.1018 1.1031 1.1039 1.1039 1.1039 1.1043 1.1046 1.1031 1.1036 1.1044 1.1055 1.1067 1.1075 1.1083 1.109 1.1097 1.1107 1.1117 1.1123 1.1129 1.1138 1.1149 1.1163 1.1183 1.1219 1.1276 1.1357 1.1479 1.1683 1.2078 
513.5 1.0921 1.0921 1.092 1.092 1.0919 1.0919 1.0918 1.0917 1.0916 1.0915 1.0914 1.0913 1.0912 1.0911 1.0909 1.0908 1.0906 1.0905 1.0903 1.0902 1.0902 1.0902 1.0902 1.0903 1.0904 1.0906 1.0908 1.0909 1.0908 1.0908 1.091 1.0913 1.0915 1.0911 1.0907 1.0908 1.0912 1.0917 1.0922 1.0928 1.0927 1.0923 1.0922 1.0926 1.0931 1.0933 1.0935 1.0937 1.0941 1.0945 1.0945 1.0943 1.0943 1.0946 1.0949 1.0959 1.0971 1.0979 1.0977 1.0975 1.0972 1.0969 1.097 1.0981 1.0992 1.0997 1.1001 1.1004 1.1003 1.1002 1.1012 1.1025 1.1034 1.1038 1.1042 1.1041 1.104 1.103 1.1037 1.1047 1.1059 1.1071 1.1076 1.108 1.1086 1.1093 1.1104 1.1115 1.1118 1.112 1.1135 1.1148 1.1162 1.1183 1.122 1.1276 1.1358 1.148 1.1684 1.2081 
514 1.0921 1.0921 1.092 1.092 1.0919 1.0919 1.0918 1.0917 1.0917 1.0916 1.0915 1.0913 1.0912 1.0911 1.0909 1.0908 1.0906 1.0904 1.0903 1.0902 1.0901 1.0901 1.0901 1.0902 1.0904 1.0905 1.0908 1.091 1.0909 1.0908 1.091 1.0913 1.0915 1.0911 1.0906 1.0908 1.0912 1.0917 1.0922 1.0927 1.0927 1.0926 1.0925 1.0926 1.0926 1.0929 1.0934 1.094 1.0947 1.0954 1.095 1.0943 1.094 1.0951 1.0961 1.0965 1.0966 1.0969 1.0978 1.0987 1.0982 1.0974 1.0973 1.0987 1.1001 1.1005 1.1006 1.1005 1.1001 1.0997 1.1006 1.1018 1.1029 1.1036 1.1044 1.104 1.1034 1.1028 1.1038 1.1049 1.1063 1.1076 1.1077 1.1077 1.1082 1.1088 1.11 1.1113 1.1112 1.1111 1.1132 1.1147 1.1162 1.1183 1.122 1.1277 1.1359 1.1481 1.1686 1.2084 
514.5 1.0921 1.0921 1.092 1.092 1.0919 1.0919 1.0918 1.0918 1.0917 1.0916 1.0915 1.0914 1.0912 1.0911 1.0909 1.0908 1.0906 1.0904 1.0903 1.0901 1.0901 1.0901 1.09 1.0902 1.0903 1.0905 1.0908 1.091 1.0909 1.0908 1.091 1.0913 1.0915 1.091 1.0906 1.0908 1.0912 1.0917 1.0921 1.0925 1.0928 1.0929 1.0929 1.0925 1.0921 1.0926 1.0934 1.0943 1.0953 1.0963 1.0956 1.0943 1.0938 1.0956 1.0973 1.097 1.0961 1.096 1.0979 1.0998 1.0992 1.0979 1.0976 1.0993 1.101 1.1012 1.101 1.1007 1.0999 1.0992 1.1 1.1012 1.1024 1.1035 1.1046 1.1039 1.1028 1.1027 1.1039 1.1052 1.1066 1.1081 1.1079 1.1075 1.1079 1.1083 1.1097 1.1111 1.1107 1.1102 1.1128 1.1146 1.1161 1.1183 1.122 1.1278 1.136 1.1482 1.1688 1.2087 
515 1.0921 1.0921 1.092 1.092 1.0919 1.0919 1.0918 1.0917 1.0917 1.0916 1.0915 1.0914 1.0912 1.0911 1.0909 1.0908 1.0906 1.0904 1.0903 1.0902 1.0901 1.0901 1.0901 1.0902 1.0903 1.0905 1.0908 1.091 1.0909 1.0909 1.091 1.0913 1.0914 1.0911 1.0908 1.0909 1.0913 1.0917 1.0921 1.0925 1.0927 1.0927 1.0928 1.0926 1.0924 1.0928 1.0934 1.0941 1.0949 1.0958 1.0953 1.0944 1.0941 1.0955 1.0969 1.0968 1.0961 1.0961 1.0976 1.0991 1.0987 1.0978 1.0976 1.0989 1.1002 1.1005 1.1005 1.1004 1.0998 1.0993 1.1001 1.1011 1.1022 1.1031 1.1041 1.1037 1.1032 1.1031 1.1041 1.1053 1.1066 1.1079 1.1079 1.1078 1.1082 1.1086 1.1098 1.1111 1.111 1.1108 1.1131 1.1147 1.1163 1.1184 1.1221 1.1277 1.1359 1.1481 1.1686 1.2083 
515.5 1.0921 1.0921 1.092 1.092 1.0919 1.0919 1.0918 1.0917 1.0916 1.0916 1.0915 1.0913 1.0912 1.0911 1.0909 1.0908 1.0906 1.0905 1.0904 1.0902 1.0902 1.0902 1.0902 1.0903 1.0904 1.0905 1.0907 1.0909 1.0909 1.0909 1.091 1.0912 1.0914 1.0912 1.091 1.0911 1.0914 1.0917 1.092 1.0924 1.0925 1.0926 1.0926 1.0927 1.0928 1.0931 1.0934 1.0939 1.0946 1.0953 1.095 1.0945 1.0944 1.0954 1.0965 1.0965 1.0962 1.0963 1.0974 1.0984 1.0982 1.0977 1.0976 1.0986 1.0995 1.0998 1.1 1.1 1.0997 1.0994 1.1002 1.1011 1.102 1.1028 1.1036 1.1036 1.1035 1.1035 1.1044 1.1054 1.1065 1.1077 1.108 1.1082 1.1085 1.1088 1.1099 1.1111 1.1113 1.1115 1.1133 1.1149 1.1164 1.1186 1.1222 1.1277 1.1359 1.1479 1.1683 1.2079 
516 1.0921 1.092 1.092 1.0919 1.0919 1.0918 1.0918 1.0917 1.0916 1.0915 1.0914 1.0913 1.0912 1.0911 1.0909 1.0908 1.0907 1.0905 1.0904 1.0903 1.0903 1.0902 1.0902 1.0903 1.0904 1.0905 1.0907 1.0908 1.0909 1.0909 1.0911 1.0912 1.0913 1.0912 1.0912 1.0913 1.0915 1.0917 1.092 1.0923 1.0924 1.0924 1.0925 1.0928 1.0931 1.0933 1.0934 1.0937 1.0942 1.0947 1.0948 1.0946 1.0947 1.0954 1.096 1.0962 1.0963 1.0965 1.0971 1.0977 1.0977 1.0975 1.0976 1.0982 1.0987 1.0991 1.0995 1.0997 1.0996 1.0995 1.1002 1.101 1.1018 1.1024 1.1031 1.1035 1.1039 1.1039 1.1046 1.1054 1.1065 1.1076 1.1081 1.1086 1.1088 1.1091 1.1101 1.1111 1.1117 1.1121 1.1135 1.1151 1.1166 1.1187 1.1222 1.1277 1.1358 1.1478 1.1681 1.2074 
516.5 1.0921 1.0921 1.092 1.092 1.0919 1.0919 1.0918 1.0917 1.0917 1.0916 1.0915 1.0914 1.0912 1.0911 1.091 1.0908 1.0907 1.0906 1.0905 1.0904 1.0903 1.0903 1.0903 1.0903 1.0904 1.0905 1.0906 1.0907 1.0907 1.0908 1.0909 1.091 1.0911 1.0911 1.0912 1.0913 1.0915 1.0917 1.092 1.0924 1.0925 1.0926 1.0927 1.0932 1.0937 1.0937 1.0936 1.0936 1.0939 1.0943 1.0945 1.0946 1.0949 1.0953 1.0957 1.096 1.0963 1.0966 1.0969 1.0972 1.0973 1.0974 1.0976 1.0979 1.0982 1.0987 1.0991 1.0994 1.0995 1.0996 1.1003 1.101 1.1017 1.1022 1.1028 1.1035 1.1043 1.1043 1.1049 1.1056 1.1065 1.1074 1.1081 1.1088 1.1091 1.1093 1.1102 1.1112 1.1119 1.1126 1.1137 1.1152 1.1167 1.1188 1.1223 1.1277 1.1358 1.1477 1.1679 1.2071 
517 1.0923 1.0923 1.0922 1.0922 1.0921 1.0921 1.092 1.0919 1.0918 1.0917 1.0916 1.0915 1.0914 1.0912 1.0911 1.091 1.0908 1.0907 1.0906 1.0905 1.0904 1.0904 1.0903 1.0901 1.09 1.09 1.0902 1.0903 1.0902 1.09 1.0899 1.09 1.09 1.0903 1.0906 1.0909 1.0912 1.0916 1.0923 1.093 1.0934 1.0936 1.0939 1.0944 1.095 1.0947 1.0942 1.0938 1.094 1.0942 1.0942 1.0942 1.0944 1.0952 1.0959 1.096 1.0959 1.0961 1.0968 1.0975 1.0974 1.0972 1.0973 1.098 1.0988 1.0991 1.0992 1.0994 1.0995 1.0996 1.1003 1.1011 1.1019 1.1025 1.1032 1.104 1.1049 1.1045 1.1053 1.1062 1.1069 1.1075 1.1079 1.1083 1.109 1.1098 1.1105 1.1112 1.1118 1.1123 1.1137 1.1153 1.1168 1.1189 1.1224 1.1279 1.1359 1.1478 1.168 1.207 
517.5 1.0925 1.0925 1.0924 1.0924 1.0923 1.0923 1.0922 1.0921 1.092 1.0919 1.0918 1.0917 1.0915 1.0914 1.0912 1.0911 1.0909 1.0908 1.0907 1.0906 1.0905 1.0904 1.0903 1.09 1.0896 1.0896 1.0899 1.09 1.0896 1.0892 1.089 1.089 1.089 1.0895 1.09 1.0905 1.091 1.0916 1.0926 1.0937 1.0943 1.0946 1.0951 1.0957 1.0963 1.0958 1.0949 1.0941 1.0941 1.0941 1.0939 1.0938 1.0939 1.095 1.0961 1.096 1.0956 1.0956 1.0967 1.0978 1.0976 1.097 1.097 1.0981 1.0993 1.0994 1.0994 1.0994 1.0994 1.0995 1.1003 1.1012 1.102 1.1028 1.1036 1.1045 1.1054 1.1048 1.1057 1.1068 1.1072 1.1075 1.1077 1.1079 1.109 1.1102 1.1107 1.1112 1.1116 1.1121 1.1138 1.1154 1.1168 1.1189 1.1225 1.128 1.136 1.1479 1.168 1.207 
518 1.0927 1.0927 1.0927 1.0926 1.0926 1.0925 1.0924 1.0923 1.0922 1.0921 1.092 1.0918 1.0917 1.0915 1.0914 1.0912 1.0911 1.091 1.0908 1.0907 1.0906 1.0905 1.0903 1.0898 1.0892 1.0892 1.0895 1.0897 1.089 1.0884 1.0881 1.088 1.088 1.0887 1.0894 1.0901 1.0907 1.0915 1.0929 1.0943 1.0951 1.0957 1.0963 1.0969 1.0976 1.0968 1.0955 1.0944 1.0942 1.0939 1.0936 1.0933 1.0935 1.0949 1.0963 1.096 1.0952 1.0951 1.0966 1.0982 1.0977 1.0968 1.0967 1.0982 1.0998 1.0998 1.0995 1.0993 1.0994 1.0995 1.1003 1.1013 1.1022 1.1031 1.104 1.105 1.106 1.1051 1.1061 1.1073 1.1075 1.1076 1.1076 1.1075 1.109 1.1106 1.1109 1.1112 1.1115 1.1118 1.1139 1.1155 1.1169 1.119 1.1226 1.1281 1.1361 1.148 1.1681 1.2069 
518.5 1.0927 1.0927 1.0927 1.0926 1.0925 1.0925 1.0924 1.0923 1.0922 1.0921 1.0919 1.0918 1.0916 1.0915 1.0913 1.0912 1.091 1.0909 1.0908 1.0906 1.0905 1.0903 1.0901 1.0896 1.089 1.089 1.0893 1.0894 1.0887 1.088 1.0877 1.0877 1.0877 1.0884 1.0891 1.0898 1.0905 1.0914 1.0928 1.0943 1.0951 1.0957 1.0963 1.097 1.0977 1.0969 1.0955 1.0944 1.0942 1.0939 1.0937 1.0935 1.0936 1.095 1.0963 1.096 1.0953 1.0952 1.0967 1.0981 1.0978 1.097 1.097 1.0984 1.0999 1.1 1.0998 1.0996 1.0995 1.0994 1.1002 1.1012 1.1022 1.1032 1.1042 1.105 1.1059 1.105 1.106 1.1073 1.1075 1.1075 1.1075 1.1075 1.1091 1.1109 1.1112 1.1115 1.1118 1.1121 1.1142 1.1156 1.1169 1.119 1.1225 1.1281 1.1361 1.148 1.1681 1.207 
519 1.0925 1.0924 1.0924 1.0923 1.0923 1.0922 1.0921 1.092 1.0919 1.0918 1.0917 1.0915 1.0914 1.0912 1.0911 1.0909 1.0907 1.0906 1.0904 1.0902 1.09 1.0899 1.0897 1.0893 1.0889 1.0889 1.0891 1.0893 1.0888 1.0883 1.0882 1.0882 1.0883 1.0888 1.0893 1.0899 1.0904 1.0911 1.0922 1.0934 1.094 1.0943 1.0948 1.0956 1.0964 1.0958 1.0947 1.0939 1.094 1.0941 1.0942 1.0943 1.0946 1.0953 1.096 1.096 1.096 1.0961 1.0969 1.0976 1.0977 1.0977 1.0979 1.0987 1.0994 1.0999 1.1003 1.1004 1.0998 1.0992 1.1 1.101 1.102 1.103 1.1039 1.1044 1.1048 1.1044 1.1054 1.1066 1.1071 1.1074 1.1077 1.108 1.1094 1.111 1.1116 1.1122 1.1127 1.1132 1.1147 1.1158 1.117 1.1189 1.1224 1.1279 1.136 1.148 1.1682 1.2074 
519.5 1.0922 1.0922 1.0921 1.0921 1.092 1.0919 1.0918 1.0918 1.0917 1.0915 1.0914 1.0913 1.0911 1.091 1.0908 1.0906 1.0904 1.0902 1.09 1.0898 1.0896 1.0894 1.0893 1.089 1.0888 1.0888 1.089 1.0892 1.0889 1.0886 1.0886 1.0887 1.0889 1.0892 1.0895 1.0899 1.0903 1.0908 1.0917 1.0926 1.0929 1.093 1.0933 1.0941 1.095 1.0947 1.094 1.0935 1.0938 1.0942 1.0947 1.0952 1.0956 1.0956 1.0956 1.096 1.0966 1.097 1.0971 1.0971 1.0977 1.0984 1.0989 1.0989 1.0989 1.0998 1.1008 1.1011 1.1001 1.099 1.0998 1.1008 1.1017 1.1027 1.1037 1.1038 1.1037 1.1038 1.1048 1.1059 1.1066 1.1072 1.1078 1.1085 1.1097 1.1111 1.112 1.1129 1.1136 1.1144 1.1152 1.116 1.117 1.1188 1.1223 1.1278 1.1359 1.148 1.1683 1.2077 
520 1.0919 1.0919 1.0918 1.0918 1.0917 1.0917 1.0916 1.0915 1.0914 1.0913 1.0912 1.091 1.0909 1.0907 1.0905 1.0904 1.0901 1.0899 1.0897 1.0894 1.0892 1.089 1.0888 1.0888 1.0887 1.0888 1.0889 1.089 1.089 1.0889 1.089 1.0893 1.0895 1.0896 1.0897 1.0899 1.0902 1.0905 1.0911 1.0917 1.0918 1.0917 1.0917 1.0927 1.0937 1.0936 1.0932 1.093 1.0937 1.0943 1.0952 1.0961 1.0966 1.0959 1.0953 1.096 1.0972 1.0979 1.0973 1.0966 1.0976 1.0991 1.0999 1.0992 1.0985 1.0997 1.1013 1.1018 1.1003 1.0989 1.0995 1.1005 1.1015 1.1025 1.1035 1.1031 1.1026 1.1032 1.1042 1.1052 1.1062 1.1071 1.108 1.1089 1.1101 1.1112 1.1124 1.1136 1.1146 1.1155 1.1157 1.1162 1.117 1.1188 1.1221 1.1277 1.1358 1.148 1.1684 1.208 
520.5 1.0918 1.0918 1.0918 1.0917 1.0916 1.0916 1.0915 1.0914 1.0913 1.0912 1.091 1.0909 1.0907 1.0906 1.0904 1.0902 1.09 1.0898 1.0895 1.0892 1.089 1.0889 1.0888 1.0888 1.0888 1.0888 1.0889 1.089 1.089 1.089 1.0892 1.0894 1.0896 1.0897 1.0898 1.0899 1.0899 1.0901 1.0906 1.0911 1.0912 1.0911 1.0912 1.0921 1.093 1.093 1.0927 1.0926 1.0932 1.0938 1.0947 1.0957 1.0963 1.0956 1.095 1.0959 1.0972 1.0979 1.0971 1.0964 1.0975 1.099 1.0999 1.0992 1.0986 1.0998 1.1014 1.1021 1.1009 1.0996 1.1003 1.1013 1.1022 1.1028 1.1034 1.1031 1.1027 1.1036 1.1044 1.1051 1.106 1.107 1.1082 1.1094 1.1102 1.111 1.1121 1.1133 1.1144 1.1154 1.1156 1.1161 1.1171 1.1188 1.1222 1.1277 1.1359 1.148 1.1684 1.208 
521 1.0918 1.0918 1.0918 1.0917 1.0916 1.0916 1.0915 1.0914 1.0913 1.0911 1.091 1.0908 1.0907 1.0905 1.0903 1.0901 1.0899 1.0897 1.0894 1.0892 1.089 1.0889 1.0888 1.0888 1.0889 1.0889 1.089 1.0891 1.0891 1.089 1.0891 1.0893 1.0895 1.0896 1.0898 1.0898 1.0897 1.0897 1.0901 1.0905 1.0907 1.0908 1.0911 1.0919 1.0927 1.0927 1.0924 1.0922 1.0926 1.0929 1.0937 1.0946 1.0952 1.095 1.0948 1.0956 1.0967 1.0973 1.0969 1.0964 1.0973 1.0986 1.0994 1.0992 1.099 1.1 1.1014 1.1021 1.1015 1.1009 1.1016 1.1026 1.1033 1.1034 1.1035 1.1034 1.1033 1.1045 1.1049 1.1052 1.1061 1.1071 1.1084 1.1099 1.1103 1.1106 1.1115 1.1126 1.1136 1.1147 1.1153 1.116 1.1171 1.119 1.1224 1.1279 1.136 1.148 1.1683 1.2077 
521.5 1.0918 1.0918 1.0918 1.0917 1.0916 1.0916 1.0915 1.0914 1.0912 1.0911 1.0909 1.0908 1.0906 1.0904 1.0902 1.09 1.0898 1.0896 1.0894 1.0892 1.0891 1.089 1.0889 1.0889 1.089 1.089 1.0891 1.0891 1.0891 1.0891 1.0891 1.0892 1.0894 1.0895 1.0897 1.0897 1.0894 1.0893 1.0896 1.09 1.0903 1.0906 1.091 1.0917 1.0924 1.0923 1.092 1.0918 1.0919 1.0921 1.0927 1.0935 1.0942 1.0944 1.0947 1.0954 1.0963 1.0968 1.0966 1.0963 1.0971 1.0982 1.0989 1.0991 1.0993 1.1003 1.1014 1.1021 1.1021 1.1021 1.1029 1.1039 1.1044 1.104 1.1036 1.1038 1.104 1.1054 1.1054 1.1053 1.1062 1.1071 1.1087 1.1104 1.1103 1.1102 1.1109 1.1118 1.1129 1.114 1.1149 1.1159 1.1171 1.1191 1.1226 1.1281 1.1361 1.1481 1.1683 1.2075 
522 1.0919 1.0918 1.0918 1.0917 1.0916 1.0915 1.0914 1.0913 1.0912 1.0911 1.0909 1.0907 1.0905 1.0903 1.0901 1.0899 1.0897 1.0895 1.0893 1.0892 1.0891 1.089 1.089 1.089 1.0891 1.0891 1.0892 1.0892 1.0892 1.0891 1.0891 1.0891 1.0892 1.0895 1.0897 1.0895 1.0892 1.0889 1.0892 1.0894 1.0899 1.0904 1.0909 1.0914 1.092 1.092 1.0917 1.0914 1.0913 1.0912 1.0917 1.0925 1.0932 1.0938 1.0945 1.0952 1.0958 1.0963 1.0963 1.0963 1.0969 1.0977 1.0985 1.0991 1.0997 1.1005 1.1014 1.1022 1.1028 1.1034 1.1042 1.1052 1.1054 1.1046 1.1037 1.1041 1.1047 1.1062 1.106 1.1054 1.1062 1.1071 1.1089 1.1108 1.1104 1.1098 1.1103 1.111 1.1121 1.1133 1.1145 1.1157 1.1171 1.1192 1.1228 1.1283 1.1363 1.1481 1.1682 1.2073 
522.5 1.0918 1.0917 1.0917 1.0916 1.0916 1.0915 1.0914 1.0913 1.0911 1.091 1.0908 1.0907 1.0905 1.0903 1.0901 1.0899 1.0897 1.0895 1.0893 1.0892 1.0891 1.0891 1.0891 1.0892 1.0893 1.0893 1.0894 1.0894 1.0894 1.0894 1.0895 1.0895 1.0896 1.0898 1.0901 1.09 1.0898 1.0896 1.0899 1.0902 1.0905 1.0908 1.0912 1.0919 1.0926 1.0925 1.092 1.0918 1.092 1.0921 1.0924 1.0928 1.0932 1.0939 1.0947 1.0953 1.096 1.0965 1.0966 1.0966 1.0971 1.0977 1.0984 1.099 1.0995 1.1001 1.1006 1.1013 1.1021 1.1028 1.1032 1.1036 1.1036 1.103 1.1024 1.1028 1.1034 1.1048 1.1051 1.1053 1.1066 1.108 1.1097 1.1115 1.1109 1.1101 1.1107 1.1113 1.1123 1.1134 1.1143 1.1154 1.1168 1.1189 1.1224 1.128 1.136 1.148 1.1682 1.2075 
523 1.0917 1.0916 1.0916 1.0915 1.0915 1.0914 1.0913 1.0912 1.0911 1.0909 1.0908 1.0906 1.0904 1.0903 1.0901 1.0899 1.0897 1.0895 1.0893 1.0892 1.0892 1.0892 1.0892 1.0893 1.0895 1.0896 1.0896 1.0897 1.0897 1.0898 1.0898 1.09 1.0901 1.0903 1.0904 1.0905 1.0905 1.0905 1.0908 1.0911 1.0913 1.0914 1.0917 1.0924 1.0932 1.0931 1.0925 1.0922 1.0928 1.0933 1.0933 1.0932 1.0933 1.0941 1.0949 1.0956 1.0962 1.0967 1.0969 1.097 1.0974 1.0978 1.0983 1.0988 1.0993 1.0996 1.0998 1.1003 1.1012 1.1021 1.102 1.1016 1.1014 1.1012 1.101 1.1014 1.1018 1.103 1.1041 1.1051 1.1069 1.1089 1.1106 1.1122 1.1115 1.1106 1.1111 1.1117 1.1127 1.1137 1.1141 1.1151 1.1164 1.1185 1.122 1.1276 1.1357 1.1478 1.1682 1.2077 
523.5 1.0916 1.0915 1.0915 1.0914 1.0914 1.0913 1.0912 1.0911 1.091 1.0909 1.0907 1.0906 1.0904 1.0902 1.09 1.0898 1.0896 1.0895 1.0893 1.0892 1.0892 1.0893 1.0893 1.0895 1.0897 1.0898 1.0899 1.09 1.09 1.0901 1.0902 1.0904 1.0906 1.0907 1.0908 1.091 1.0912 1.0914 1.0917 1.0921 1.0921 1.092 1.0921 1.093 1.0939 1.0936 1.093 1.0927 1.0936 1.0944 1.0942 1.0937 1.0935 1.0943 1.0951 1.0958 1.0964 1.097 1.0972 1.0974 1.0976 1.0979 1.0982 1.0986 1.0991 1.0991 1.099 1.0993 1.1003 1.1014 1.1007 1.0997 1.0992 1.0994 1.0997 1.1 1.1003 1.1013 1.1031 1.1049 1.1073 1.1098 1.1114 1.1129 1.1121 1.111 1.1115 1.1121 1.113 1.1139 1.1139 1.1148 1.116 1.1181 1.1216 1.1272 1.1355 1.1477 1.1682 1.208 
524 1.0915 1.0915 1.0914 1.0913 1.0913 1.0912 1.0911 1.091 1.0909 1.0908 1.0907 1.0905 1.0904 1.0902 1.09 1.0898 1.0896 1.0895 1.0893 1.0893 1.0893 1.0893 1.0894 1.0896 1.0898 1.0899 1.09 1.0901 1.0902 1.0903 1.0905 1.0907 1.0909 1.091 1.0911 1.0913 1.0917 1.0921 1.0925 1.0929 1.0928 1.0925 1.0924 1.0934 1.0944 1.0941 1.0934 1.0931 1.0942 1.0953 1.0949 1.094 1.0936 1.0944 1.0952 1.0959 1.0965 1.0971 1.0974 1.0976 1.0978 1.0979 1.0981 1.0984 1.0988 1.0986 1.0983 1.0984 1.0996 1.1007 1.0996 1.0981 1.0974 1.098 1.0986 1.0989 1.0991 1.1 1.1023 1.1048 1.1076 1.1105 1.112 1.1134 1.1125 1.1114 1.1119 1.1125 1.1133 1.1141 1.1138 1.1146 1.1158 1.1178 1.1214 1.127 1.1353 1.1476 1.1683 1.2082 
524.5 1.0915 1.0915 1.0915 1.0914 1.0914 1.0913 1.0912 1.0911 1.091 1.0909 1.0907 1.0906 1.0904 1.0902 1.09 1.0898 1.0897 1.0895 1.0894 1.0893 1.0893 1.0893 1.0893 1.0894 1.0895 1.0896 1.0896 1.0897 1.0897 1.0898 1.0899 1.0902 1.0904 1.0906 1.0908 1.0911 1.0914 1.0918 1.0922 1.0926 1.0926 1.0924 1.0924 1.0931 1.0937 1.0936 1.0932 1.0931 1.0938 1.0945 1.0943 1.0938 1.0936 1.0941 1.0947 1.0953 1.0959 1.0964 1.0966 1.0969 1.0972 1.0974 1.0977 1.098 1.0984 1.0984 1.0984 1.0986 1.0995 1.1004 1.0998 1.099 1.0986 1.0992 1.0997 1.1002 1.1007 1.1013 1.1033 1.1054 1.1077 1.11 1.1112 1.1122 1.1119 1.1115 1.112 1.1127 1.1134 1.1142 1.1145 1.1155 1.1168 1.1189 1.1225 1.128 1.1361 1.1482 1.1686 1.208 
525 1.0916 1.0916 1.0915 1.0915 1.0914 1.0913 1.0912 1.0911 1.091 1.0909 1.0908 1.0906 1.0904 1.0903 1.0901 1.0899 1.0897 1.0896 1.0895 1.0894 1.0893 1.0893 1.0892 1.0893 1.0893 1.0893 1.0892 1.0892 1.0892 1.0892 1.0894 1.0896 1.0898 1.0902 1.0905 1.0908 1.0912 1.0915 1.092 1.0924 1.0925 1.0923 1.0923 1.0927 1.0931 1.0932 1.093 1.093 1.0934 1.0937 1.0937 1.0936 1.0936 1.0939 1.0943 1.0947 1.0952 1.0956 1.0959 1.0963 1.0966 1.0969 1.0972 1.0976 1.0981 1.0983 1.0984 1.0988 1.0994 1.1 1.0999 1.0998 1.0999 1.1004 1.1009 1.1015 1.1022 1.1027 1.1042 1.1059 1.1077 1.1096 1.1103 1.111 1.1113 1.1115 1.1122 1.1129 1.1136 1.1142 1.1151 1.1164 1.1179 1.12 1.1235 1.129 1.1369 1.1487 1.1688 1.2078 
525.5 1.0917 1.0917 1.0916 1.0915 1.0915 1.0914 1.0913 1.0912 1.0911 1.0909 1.0908 1.0906 1.0905 1.0903 1.0901 1.0899 1.0898 1.0896 1.0895 1.0894 1.0893 1.0892 1.0891 1.0891 1.089 1.0889 1.0888 1.0887 1.0887 1.0887 1.0888 1.089 1.0893 1.0897 1.0902 1.0905 1.0909 1.0912 1.0917 1.0922 1.0923 1.0922 1.0922 1.0924 1.0925 1.0927 1.0929 1.093 1.0929 1.0929 1.0931 1.0934 1.0936 1.0937 1.0938 1.0941 1.0945 1.0949 1.0952 1.0956 1.096 1.0964 1.0968 1.0973 1.0977 1.0981 1.0985 1.0989 1.0993 1.0996 1.1001 1.1006 1.1011 1.1016 1.102 1.1028 1.1037 1.1041 1.1052 1.1065 1.1078 1.1091 1.1095 1.1098 1.1107 1.1116 1.1124 1.1132 1.1137 1.1143 1.1158 1.1173 1.1189 1.1211 1.1246 1.13 1.1377 1.1493 1.1691 1.2076 
526 1.0918 1.0917 1.0917 1.0916 1.0915 1.0915 1.0914 1.0913 1.0912 1.091 1.0909 1.0907 1.0906 1.0904 1.0902 1.0901 1.0899 1.0898 1.0897 1.0896 1.0895 1.0894 1.0892 1.0892 1.0891 1.089 1.0888 1.0887 1.0887 1.0886 1.0887 1.0889 1.0892 1.0897 1.0902 1.0905 1.0907 1.091 1.0916 1.0921 1.0922 1.0922 1.0923 1.0923 1.0923 1.0925 1.0929 1.0931 1.0928 1.0926 1.0929 1.0934 1.0938 1.0938 1.0938 1.094 1.0943 1.0947 1.0951 1.0955 1.096 1.0965 1.0969 1.0973 1.0976 1.098 1.0984 1.0988 1.099 1.0993 1.1001 1.1011 1.1018 1.1022 1.1027 1.1036 1.1045 1.1048 1.1057 1.1066 1.1076 1.1086 1.1088 1.1088 1.11 1.1113 1.1122 1.113 1.1135 1.1141 1.1159 1.1176 1.1192 1.1214 1.125 1.1303 1.138 1.1495 1.1692 1.2076 
526.5 1.0918 1.0918 1.0917 1.0917 1.0916 1.0916 1.0915 1.0914 1.0913 1.0912 1.0911 1.0909 1.0908 1.0906 1.0905 1.0903 1.0902 1.0901 1.09 1.0899 1.0898 1.0897 1.0897 1.0896 1.0896 1.0896 1.0896 1.0895 1.0895 1.0894 1.0895 1.0896 1.0898 1.0902 1.0907 1.0908 1.0909 1.0911 1.0916 1.0921 1.0923 1.0923 1.0924 1.0926 1.0928 1.093 1.0932 1.0933 1.0933 1.0933 1.0936 1.094 1.0943 1.0945 1.0947 1.0949 1.0952 1.0955 1.096 1.0965 1.097 1.0976 1.098 1.098 1.098 1.098 1.098 1.0982 1.0986 1.0991 1.0999 1.1009 1.1016 1.102 1.1024 1.1032 1.1041 1.1046 1.1052 1.106 1.107 1.1081 1.1082 1.1083 1.1093 1.1103 1.1112 1.112 1.1127 1.1134 1.1151 1.1167 1.1183 1.1205 1.1241 1.1295 1.1374 1.1491 1.1691 1.2079 
527 1.0919 1.0919 1.0918 1.0918 1.0917 1.0917 1.0916 1.0915 1.0914 1.0913 1.0912 1.0911 1.091 1.0909 1.0908 1.0906 1.0905 1.0904 1.0903 1.0902 1.0902 1.0901 1.0901 1.0901 1.0902 1.0902 1.0903 1.0904 1.0903 1.0902 1.0902 1.0903 1.0905 1.0908 1.0912 1.0912 1.0911 1.0911 1.0916 1.0921 1.0923 1.0924 1.0926 1.0929 1.0933 1.0934 1.0935 1.0936 1.0937 1.0939 1.0942 1.0946 1.0949 1.0952 1.0955 1.0957 1.096 1.0963 1.0969 1.0974 1.0981 1.0988 1.0992 1.0987 1.0983 1.0979 1.0976 1.0975 1.0982 1.0988 1.0997 1.1006 1.1014 1.1018 1.1022 1.1029 1.1036 1.1043 1.1048 1.1053 1.1064 1.1075 1.1077 1.1077 1.1085 1.1093 1.1102 1.1111 1.1119 1.1128 1.1143 1.1159 1.1174 1.1196 1.1233 1.1287 1.1367 1.1487 1.1689 1.2081 
527.5 1.0919 1.0919 1.0919 1.0918 1.0918 1.0917 1.0917 1.0916 1.0916 1.0915 1.0914 1.0913 1.0912 1.0911 1.091 1.0909 1.0908 1.0907 1.0906 1.0906 1.0905 1.0905 1.0905 1.0906 1.0907 1.0909 1.0911 1.0912 1.0911 1.091 1.091 1.0911 1.0912 1.0914 1.0917 1.0915 1.0913 1.0912 1.0916 1.0921 1.0924 1.0925 1.0928 1.0933 1.0937 1.0938 1.0938 1.0938 1.0942 1.0946 1.0949 1.0951 1.0954 1.0959 1.0964 1.0966 1.0968 1.0971 1.0978 1.0984 1.0992 1.1 1.1003 1.0995 1.0987 1.0979 1.0971 1.0969 1.0978 1.0986 1.0995 1.1004 1.1011 1.1016 1.102 1.1026 1.1031 1.104 1.1044 1.1047 1.1058 1.107 1.1071 1.1072 1.1077 1.1083 1.1092 1.1101 1.1111 1.1122 1.1135 1.115 1.1165 1.1188 1.1224 1.1279 1.1361 1.1482 1.1688 1.2083 
528 1.092 1.0919 1.0919 1.0919 1.0918 1.0918 1.0917 1.0917 1.0916 1.0915 1.0914 1.0914 1.0913 1.0912 1.0911 1.091 1.0909 1.0908 1.0907 1.0906 1.0906 1.0906 1.0906 1.0907 1.0908 1.091 1.0912 1.0913 1.0912 1.0911 1.0912 1.0913 1.0914 1.0915 1.0916 1.0915 1.0912 1.0911 1.0916 1.0921 1.0923 1.0924 1.0926 1.0931 1.0935 1.0937 1.0938 1.094 1.0943 1.0946 1.0949 1.0954 1.0958 1.0962 1.0967 1.0968 1.0969 1.0971 1.0979 1.0986 1.0994 1.1003 1.1005 1.0996 1.0986 1.0979 1.0973 1.0972 1.0979 1.0987 1.0996 1.1005 1.1013 1.1018 1.1024 1.1027 1.103 1.1039 1.1044 1.1048 1.1059 1.1071 1.1071 1.107 1.1077 1.1085 1.1092 1.1099 1.1109 1.112 1.1133 1.1148 1.1163 1.1185 1.1221 1.1277 1.1359 1.1481 1.1687 1.2084 
528.5 1.092 1.0919 1.0919 1.0919 1.0918 1.0918 1.0917 1.0916 1.0916 1.0915 1.0914 1.0913 1.0912 1.0911 1.091 1.0908 1.0907 1.0906 1.0905 1.0904 1.0904 1.0903 1.0903 1.0904 1.0905 1.0907 1.0908 1.0909 1.0909 1.0908 1.0909 1.0911 1.0912 1.0912 1.0911 1.091 1.091 1.091 1.0915 1.092 1.0922 1.0922 1.0923 1.0925 1.0928 1.0932 1.0937 1.0941 1.094 1.094 1.0946 1.0953 1.096 1.0963 1.0966 1.0965 1.0964 1.0966 1.0974 1.0982 1.0991 1.0999 1.1002 1.0992 1.0982 1.098 1.0979 1.098 1.0986 1.0991 1.1 1.1009 1.1018 1.1024 1.1031 1.1032 1.1032 1.104 1.1047 1.1053 1.1064 1.1076 1.1075 1.1072 1.1083 1.1095 1.1099 1.1103 1.1112 1.1122 1.1136 1.115 1.1165 1.1187 1.1223 1.1279 1.1361 1.1482 1.1687 1.2082 
529 1.092 1.0919 1.0919 1.0919 1.0918 1.0917 1.0917 1.0916 1.0915 1.0914 1.0913 1.0912 1.0911 1.091 1.0908 1.0907 1.0906 1.0905 1.0903 1.0902 1.0902 1.0901 1.0901 1.0902 1.0902 1.0903 1.0905 1.0906 1.0905 1.0905 1.0907 1.0909 1.0911 1.0909 1.0906 1.0906 1.0908 1.091 1.0915 1.092 1.0921 1.0919 1.0919 1.092 1.092 1.0927 1.0936 1.0942 1.0938 1.0934 1.0942 1.0953 1.0962 1.0963 1.0965 1.0963 1.096 1.0961 1.097 1.0979 1.0987 1.0996 1.0999 1.0988 1.0978 1.098 1.0985 1.0989 1.0992 1.0995 1.1004 1.1013 1.1022 1.103 1.1039 1.1037 1.1033 1.1042 1.105 1.1059 1.107 1.1082 1.1078 1.1073 1.1088 1.1105 1.1106 1.1106 1.1115 1.1124 1.1139 1.1153 1.1167 1.1189 1.1226 1.1282 1.1363 1.1483 1.1687 1.2081 
529.5 1.092 1.0919 1.0919 1.0919 1.0918 1.0917 1.0917 1.0916 1.0915 1.0914 1.0913 1.0911 1.091 1.0909 1.0907 1.0906 1.0904 1.0903 1.0902 1.09 1.0899 1.0899 1.0899 1.0899 1.09 1.09 1.0901 1.0902 1.0902 1.0902 1.0904 1.0907 1.0909 1.0905 1.0901 1.0902 1.0905 1.0909 1.0914 1.0919 1.0919 1.0917 1.0915 1.0914 1.0913 1.0922 1.0935 1.0943 1.0936 1.0929 1.0938 1.0953 1.0963 1.0963 1.0964 1.096 1.0956 1.0955 1.0965 1.0975 1.0984 1.0993 1.0995 1.0984 1.0973 1.098 1.0991 1.0998 1.0999 1.0999 1.1007 1.1017 1.1027 1.1037 1.1046 1.1041 1.1034 1.1043 1.1053 1.1064 1.1076 1.1088 1.1082 1.1074 1.1093 1.1115 1.1113 1.111 1.1118 1.1126 1.1142 1.1156 1.1169 1.1191 1.1228 1.1284 1.1365 1.1485 1.1687 1.2079 
530 1.0919 1.0919 1.0918 1.0918 1.0917 1.0917 1.0916 1.0915 1.0914 1.0913 1.0911 1.091 1.0908 1.0907 1.0905 1.0903 1.0902 1.09 1.0899 1.0898 1.0897 1.0896 1.0896 1.0897 1.0897 1.0898 1.0899 1.09 1.0901 1.0901 1.0903 1.0905 1.0907 1.0904 1.0902 1.0903 1.0905 1.0908 1.0912 1.0916 1.0916 1.0915 1.0913 1.0914 1.0914 1.0921 1.0932 1.0938 1.0934 1.0929 1.0936 1.0947 1.0955 1.0957 1.096 1.0958 1.0956 1.0957 1.0964 1.0971 1.0976 1.098 1.0981 1.0977 1.0972 1.098 1.0991 1.0999 1.1002 1.1005 1.1014 1.1024 1.1033 1.1043 1.1053 1.1051 1.1046 1.1055 1.1062 1.1068 1.1077 1.1085 1.1085 1.1085 1.1098 1.1112 1.1114 1.1115 1.112 1.1125 1.1143 1.1157 1.1171 1.1192 1.1227 1.1283 1.1363 1.1482 1.1683 1.2073 
530.5 1.0918 1.0918 1.0917 1.0917 1.0916 1.0915 1.0915 1.0914 1.0912 1.0911 1.091 1.0908 1.0906 1.0904 1.0902 1.0901 1.0899 1.0897 1.0896 1.0895 1.0894 1.0894 1.0894 1.0895 1.0896 1.0897 1.0898 1.0899 1.0899 1.09 1.0901 1.0903 1.0904 1.0904 1.0904 1.0905 1.0906 1.0908 1.091 1.0912 1.0913 1.0912 1.0912 1.0914 1.0916 1.0922 1.0928 1.0933 1.0932 1.0932 1.0935 1.0939 1.0944 1.0949 1.0955 1.0957 1.0959 1.0961 1.0964 1.0968 1.0967 1.0965 1.0964 1.0968 1.0972 1.098 1.099 1.0998 1.1005 1.1012 1.1021 1.1031 1.104 1.105 1.106 1.1061 1.106 1.1069 1.1071 1.1072 1.1076 1.1081 1.1089 1.1097 1.1102 1.1106 1.1112 1.112 1.1122 1.1124 1.1144 1.1158 1.1172 1.1192 1.1227 1.1281 1.136 1.1478 1.1679 1.2066 
531 1.0917 1.0917 1.0917 1.0916 1.0915 1.0914 1.0913 1.0912 1.0911 1.091 1.0908 1.0906 1.0904 1.0902 1.09 1.0898 1.0896 1.0894 1.0893 1.0892 1.0891 1.0891 1.0891 1.0893 1.0894 1.0895 1.0896 1.0898 1.0898 1.0899 1.09 1.0901 1.0901 1.0903 1.0905 1.0906 1.0907 1.0907 1.0908 1.0908 1.0909 1.091 1.0911 1.0915 1.0919 1.0922 1.0924 1.0927 1.093 1.0934 1.0934 1.0932 1.0933 1.0942 1.095 1.0956 1.0961 1.0964 1.0964 1.0964 1.0957 1.095 1.0948 1.096 1.0971 1.098 1.0988 1.0997 1.1008 1.1019 1.1028 1.1038 1.1047 1.1057 1.1066 1.1071 1.1074 1.1084 1.108 1.1076 1.1076 1.1077 1.1093 1.111 1.1106 1.11 1.1111 1.1125 1.1124 1.1122 1.1144 1.1159 1.1173 1.1193 1.1226 1.1279 1.1357 1.1475 1.1674 1.2059 
531.5 1.0942 1.0941 1.0941 1.094 1.094 1.0939 1.0938 1.0938 1.0937 1.0937 1.0936 1.0935 1.0934 1.0933 1.0932 1.0931 1.093 1.0929 1.0928 1.0927 1.0926 1.0925 1.0925 1.0926 1.0926 1.0927 1.0928 1.0929 1.093 1.0931 1.0931 1.0932 1.0932 1.0933 1.0935 1.0938 1.0942 1.0947 1.095 1.0952 1.0958 1.0965 1.097 1.0969 1.0969 1.0976 1.0986 1.0995 1.1006 1.1017 1.1023 1.1028 1.1031 1.1031 1.1032 1.104 1.1051 1.106 1.1067 1.1073 1.1073 1.107 1.1071 1.108 1.1088 1.109 1.1091 1.1095 1.1105 1.1115 1.1127 1.114 1.1147 1.1145 1.1142 1.1155 1.117 1.1171 1.1175 1.118 1.1183 1.1185 1.1193 1.1201 1.1214 1.1227 1.1245 1.1263 1.1261 1.1258 1.1275 1.1287 1.1297 1.1312 1.132 1.1358 1.1426 1.1538 1.1746 1.2257 
532 1.0992 1.0992 1.0992 1.0991 1.0991 1.099 1.099 1.0989 1.0989 1.0988 1.0987 1.0987 1.0986 1.0986 1.0985 1.0984 1.0983 1.0983 1.0982 1.0981 1.098 1.0979 1.0978 1.0978 1.0978 1.0978 1.0979 1.0979 1.0979 1.0979 1.098 1.0982 1.0984 1.0983 1.0981 1.0983 1.0986 1.0989 1.0993 1.0997 1.1002 1.1008 1.1013 1.1014 1.1015 1.102 1.1025 1.1031 1.104 1.1048 1.1052 1.1054 1.1059 1.1069 1.1079 1.109 1.11 1.111 1.1121 1.1132 1.1139 1.1146 1.1154 1.1163 1.1172 1.1192 1.1215 1.1231 1.1234 1.1236 1.124 1.1243 1.125 1.1263 1.1275 1.1281 1.1286 1.1305 1.1306 1.1305 1.1312 1.132 1.1347 1.1376 1.1389 1.14 1.1409 1.1418 1.1428 1.1438 1.1437 1.144 1.1446 1.1459 1.1468 1.1509 1.1582 1.1702 1.1926 1.2463 
532.5 1.1046 1.1046 1.1045 1.1045 1.1044 1.1044 1.1044 1.1043 1.1043 1.1042 1.1042 1.1041 1.1041 1.104 1.104 1.104 1.1039 1.1039 1.1038 1.1038 1.1038 1.1037 1.1037 1.1036 1.1036 1.1035 1.1034 1.1034 1.1038 1.1041 1.1042 1.1041 1.104 1.1044 1.1047 1.1051 1.1056 1.1061 1.1067 1.1073 1.108 1.1087 1.1093 1.1098 1.1103 1.1104 1.1104 1.1106 1.1114 1.1121 1.1129 1.1138 1.1146 1.1154 1.1162 1.117 1.1178 1.1187 1.1198 1.1209 1.1224 1.124 1.1251 1.1252 1.1253 1.1271 1.1294 1.1308 1.1309 1.131 1.1316 1.1324 1.1336 1.1357 1.1378 1.138 1.138 1.1381 1.1395 1.1411 1.1419 1.1426 1.1434 1.1442 1.1468 1.1496 1.1508 1.152 1.1533 1.1546 1.1556 1.1566 1.1575 1.159 1.1598 1.1636 1.1708 1.1826 1.2052 1.2595 
533 1.1107 1.1106 1.1106 1.1105 1.1105 1.1104 1.1104 1.1103 1.1103 1.1102 1.1102 1.1101 1.11 1.11 1.1099 1.1099 1.1098 1.1097 1.1096 1.1096 1.1095 1.1094 1.1094 1.1093 1.1093 1.1093 1.1093 1.1094 1.1095 1.1095 1.1097 1.1098 1.1099 1.1099 1.11 1.1103 1.1107 1.1111 1.1117 1.1123 1.1129 1.1135 1.1141 1.1148 1.1154 1.1161 1.1169 1.1177 1.1185 1.1193 1.1201 1.121 1.1217 1.1223 1.1228 1.1241 1.1255 1.1269 1.1278 1.1287 1.1297 1.1308 1.1318 1.133 1.1342 1.1349 1.1356 1.1366 1.1381 1.1396 1.1409 1.1422 1.1433 1.1439 1.1446 1.1458 1.1471 1.1485 1.1498 1.1512 1.1525 1.1538 1.1555 1.1572 1.1585 1.1598 1.1609 1.1621 1.1631 1.1641 1.1647 1.1654 1.1662 1.1678 1.1688 1.1727 1.1797 1.1911 1.2133 1.2676 
533.5 1.116 1.116 1.1159 1.1159 1.1158 1.1158 1.1158 1.1157 1.1157 1.1156 1.1156 1.1156 1.1155 1.1155 1.1154 1.1154 1.1153 1.1153 1.1153 1.1152 1.1152 1.1152 1.1152 1.1152 1.1152 1.1152 1.1152 1.1153 1.1155 1.1157 1.1159 1.116 1.1162 1.1164 1.1165 1.1169 1.1175 1.1181 1.1187 1.1194 1.1201 1.1207 1.1215 1.1223 1.1231 1.1239 1.1247 1.1256 1.1264 1.1272 1.1281 1.1289 1.1298 1.1305 1.1313 1.1322 1.133 1.1339 1.1348 1.1358 1.1368 1.1377 1.1387 1.1398 1.1409 1.1421 1.1432 1.1443 1.1455 1.1467 1.1477 1.1487 1.1497 1.1508 1.1519 1.1531 1.1543 1.1554 1.1567 1.158 1.1592 1.1604 1.1616 1.1629 1.1642 1.1655 1.167 1.1685 1.1699 1.1713 1.1725 1.1737 1.1748 1.1763 1.1769 1.1806 1.1874 1.1985 1.2207 1.2752 
534 1.1228 1.1228 1.1228 1.1227 1.1227 1.1227 1.1226 1.1226 1.1226 1.1225 1.1225 1.1225 1.1225 1.1225 1.1224 1.1224 1.1224 1.1224 1.1224 1.1223 1.1223 1.1223 1.1223 1.1223 1.1223 1.1223 1.1223 1.1223 1.1224 1.1224 1.1225 1.1227 1.1229 1.1233 1.1237 1.1241 1.1244 1.1248 1.1255 1.1262 1.1269 1.1276 1.1283 1.1291 1.1299 1.1307 1.1316 1.1324 1.1329 1.1334 1.1343 1.1353 1.1362 1.137 1.1379 1.1388 1.1398 1.1407 1.1417 1.1427 1.144 1.1452 1.1464 1.1474 1.1483 1.1495 1.1508 1.1517 1.1521 1.1525 1.1537 1.1549 1.1564 1.1581 1.1599 1.1612 1.1625 1.1634 1.165 1.1665 1.1674 1.1682 1.1698 1.1714 1.1721 1.1727 1.1731 1.1736 1.1747 1.1758 1.1772 1.1781 1.1789 1.1803 1.1816 1.1859 1.193 1.2044 1.2268 1.2821 
534.5 1.1288 1.1288 1.1288 1.1287 1.1287 1.1286 1.1286 1.1286 1.1286 1.1285 1.1285 1.1285 1.1285 1.1284 1.1284 1.1284 1.1284 1.1283 1.1283 1.1283 1.1283 1.1283 1.1283 1.1283 1.1283 1.1284 1.1284 1.1284 1.1284 1.1284 1.1285 1.1286 1.1287 1.129 1.1292 1.1297 1.1304 1.131 1.1317 1.1323 1.1331 1.134 1.1349 1.1358 1.1367 1.1376 1.1385 1.1394 1.1404 1.1413 1.1423 1.1432 1.1441 1.1452 1.1463 1.1472 1.148 1.149 1.1501 1.1513 1.1523 1.1531 1.1542 1.1556 1.157 1.1612 1.166 1.167 1.1606 1.1541 1.1574 1.1623 1.1657 1.1666 1.1675 1.1668 1.1658 1.1672 1.169 1.1708 1.1719 1.173 1.1742 1.1755 1.1768 1.1781 1.1782 1.1781 1.1785 1.1789 1.1812 1.1823 1.1832 1.1847 1.1864 1.1911 1.1986 1.2102 1.2329 1.289 
535 1.1342 1.1342 1.1342 1.1341 1.1341 1.1341 1.134 1.134 1.134 1.134 1.134 1.134 1.134 1.134 1.1339 1.134 1.134 1.134 1.134 1.134 1.134 1.1341 1.1341 1.1341 1.1342 1.1342 1.1343 1.1343 1.1344 1.1344 1.1345 1.1346 1.1347 1.1348 1.1349 1.1359 1.1373 1.1386 1.1393 1.1401 1.1408 1.1415 1.1423 1.1431 1.1439 1.1449 1.1458 1.1468 1.1475 1.1481 1.149 1.1501 1.1511 1.1519 1.1527 1.1535 1.1542 1.1551 1.156 1.1571 1.1583 1.1595 1.1608 1.162 1.1633 1.1641 1.1648 1.1657 1.1668 1.168 1.169 1.17 1.171 1.172 1.1729 1.1738 1.1747 1.1756 1.1761 1.1765 1.1775 1.1786 1.1798 1.181 1.182 1.1829 1.1841 1.1854 1.1869 1.1883 1.1867 1.1868 1.1875 1.1889 1.191 1.196 1.2037 1.2152 1.2378 1.2945 
535.5 1.1411 1.1411 1.1411 1.1411 1.141 1.141 1.141 1.141 1.1409 1.1409 1.1409 1.1409 1.1409 1.1408 1.1408 1.1408 1.1408 1.1408 1.1408 1.1407 1.1407 1.1407 1.1407 1.1406 1.1406 1.1405 1.1404 1.1403 1.1404 1.1404 1.1405 1.1407 1.1409 1.1412 1.1416 1.1422 1.1429 1.1437 1.1445 1.1454 1.1463 1.1472 1.148 1.1489 1.1497 1.1508 1.152 1.1531 1.1539 1.1547 1.1542 1.1532 1.1534 1.1571 1.1607 1.1622 1.1631 1.1639 1.1646 1.1653 1.1664 1.1676 1.169 1.1706 1.1721 1.1711 1.1695 1.1695 1.1725 1.1755 1.1754 1.1747 1.175 1.1771 1.1793 1.1797 1.1799 1.1832 1.1846 1.1857 1.185 1.1841 1.1847 1.1854 1.1873 1.1893 1.1897 1.1899 1.1891 1.1881 1.1909 1.1922 1.193 1.1945 1.1969 1.2022 1.2099 1.2214 1.244 1.3011 
536 1.1473 1.1472 1.1472 1.1472 1.1472 1.1471 1.1471 1.1471 1.1471 1.1471 1.1472 1.1472 1.1472 1.1472 1.1472 1.1473 1.1473 1.1474 1.1474 1.1475 1.1475 1.1476 1.1476 1.1477 1.1478 1.1479 1.148 1.1481 1.1483 1.1485 1.1487 1.1489 1.1491 1.1494 1.1496 1.1502 1.1509 1.1516 1.1523 1.1531 1.1539 1.1547 1.1555 1.1563 1.1571 1.158 1.159 1.1601 1.1611 1.1622 1.1632 1.1642 1.1653 1.1665 1.1677 1.1676 1.1672 1.1674 1.169 1.1706 1.172 1.1733 1.1744 1.1751 1.1757 1.1769 1.1783 1.1796 1.181 1.1824 1.1817 1.1806 1.1803 1.1815 1.1828 1.1835 1.1842 1.1854 1.1866 1.1879 1.1878 1.1876 1.1903 1.1934 1.1933 1.1929 1.1928 1.1927 1.1925 1.1922 1.1946 1.1955 1.1962 1.1975 1.1998 1.2053 1.2132 1.225 1.2477 1.3049 
536.5 1.1534 1.1533 1.1533 1.1533 1.1532 1.1532 1.1532 1.1532 1.1531 1.1531 1.1531 1.1531 1.153 1.153 1.153 1.1529 1.1529 1.1529 1.1528 1.1528 1.1527 1.1527 1.1526 1.1525 1.1525 1.1524 1.1522 1.1521 1.1521 1.152 1.1521 1.1523 1.1525 1.1526 1.1528 1.1532 1.1539 1.1546 1.1554 1.1563 1.1573 1.1584 1.1595 1.1604 1.1613 1.1623 1.1632 1.1642 1.165 1.1657 1.1668 1.168 1.1693 1.1706 1.1719 1.1737 1.1756 1.1768 1.1767 1.1765 1.1782 1.1804 1.1816 1.1807 1.1798 1.1816 1.184 1.185 1.1835 1.1821 1.1842 1.1869 1.1884 1.188 1.1875 1.1909 1.1947 1.1941 1.192 1.1897 1.1923 1.1953 1.1971 1.1988 1.2004 1.202 1.2001 1.198 1.1981 1.1985 1.2013 1.2024 1.2032 1.2044 1.2066 1.2117 1.219 1.2302 1.2522 1.3079 
537 1.1575 1.1575 1.1575 1.1574 1.1574 1.1574 1.1573 1.1573 1.1573 1.1573 1.1573 1.1573 1.1572 1.1572 1.1572 1.1572 1.1572 1.1572 1.1572 1.1572 1.1573 1.1573 1.1573 1.1574 1.1574 1.1575 1.1576 1.1577 1.1579 1.1581 1.1584 1.1587 1.1591 1.1594 1.1597 1.1603 1.1611 1.1619 1.1627 1.1636 1.1643 1.1649 1.1656 1.1668 1.1679 1.1686 1.1691 1.1698 1.1709 1.1721 1.1726 1.173 1.1735 1.1748 1.176 1.1768 1.1775 1.1783 1.1794 1.1804 1.1815 1.1826 1.1837 1.1846 1.1856 1.1862 1.1868 1.1874 1.1881 1.1888 1.19 1.1913 1.1926 1.1939 1.1952 1.1952 1.1951 1.1963 1.1968 1.1973 1.1989 1.2005 1.2016 1.2025 1.2034 1.2042 1.2042 1.2041 1.2044 1.2047 1.2064 1.207 1.2075 1.2085 1.2107 1.2157 1.223 1.2342 1.2559 1.3107 
537.5 1.1625 1.1625 1.1624 1.1624 1.1624 1.1624 1.1623 1.1623 1.1623 1.1623 1.1623 1.1623 1.1623 1.1623 1.1623 1.1623 1.1623 1.1623 1.1623 1.1623 1.1623 1.1624 1.1624 1.1624 1.1625 1.1625 1.1626 1.1627 1.1629 1.163 1.1633 1.1635 1.1638 1.1639 1.1641 1.1646 1.1653 1.166 1.1669 1.1678 1.1686 1.1695 1.1703 1.1713 1.1722 1.1731 1.174 1.1749 1.1756 1.1764 1.1774 1.1784 1.1794 1.1803 1.1812 1.1814 1.1816 1.1819 1.1829 1.1839 1.1857 1.1877 1.1892 1.1894 1.1896 1.1907 1.1921 1.1933 1.1943 1.1953 1.1958 1.1962 1.197 1.1985 1.2001 1.2016 1.2032 1.1972 1.1997 1.2034 1.2 1.1958 1.1992 1.2033 1.205 1.2064 1.2071 1.2078 1.2094 1.2111 1.2103 1.2106 1.2112 1.2121 1.2144 1.2194 1.2267 1.2379 1.2593 1.3128 
538 1.1673 1.1673 1.1673 1.1672 1.1672 1.1672 1.1672 1.1672 1.1672 1.1672 1.1672 1.1672 1.1672 1.1672 1.1672 1.1672 1.1672 1.1672 1.1672 1.1672 1.1673 1.1673 1.1673 1.1672 1.1672 1.1672 1.1671 1.1671 1.1673 1.1674 1.1676 1.1679 1.1681 1.1684 1.1687 1.1692 1.1697 1.1703 1.1711 1.1719 1.1722 1.1722 1.1725 1.1735 1.1745 1.1754 1.1763 1.1771 1.1778 1.1784 1.1793 1.1802 1.1812 1.1826 1.1839 1.185 1.1861 1.1867 1.1861 1.1856 1.1871 1.1892 1.1909 1.1919 1.1928 1.1937 1.1945 1.1952 1.1954 1.1957 1.1984 1.2016 1.203 1.2013 1.1996 1.201 1.2028 1.2045 1.2063 1.208 1.2101 1.2122 1.2131 1.2139 1.2103 1.2063 1.2079 1.2098 1.2115 1.2132 1.2142 1.2149 1.2156 1.2168 1.219 1.2237 1.2307 1.2416 1.2626 1.3141 
538.5 1.1711 1.1711 1.1711 1.1711 1.1711 1.171 1.171 1.171 1.171 1.171 1.171 1.171 1.171 1.171 1.171 1.171 1.171 1.1711 1.1711 1.1711 1.1711 1.1711 1.1712 1.1712 1.1712 1.1713 1.1714 1.1715 1.1718 1.1721 1.1723 1.1726 1.1729 1.1733 1.1737 1.1742 1.1746 1.175 1.175 1.175 1.1758 1.1768 1.1775 1.1768 1.1762 1.1791 1.1834 1.1863 1.1847 1.183 1.1836 1.1849 1.186 1.1868 1.1876 1.1889 1.1903 1.1912 1.1907 1.1903 1.1913 1.1927 1.1936 1.1936 1.1936 1.1944 1.1954 1.1965 1.1976 1.1988 1.2002 1.2017 1.2032 1.2044 1.2056 1.207 1.2084 1.2074 1.2079 1.2086 1.2098 1.211 1.2104 1.2096 1.2109 1.2124 1.2136 1.2149 1.2165 1.2181 1.2165 1.2165 1.2171 1.2182 1.221 1.2262 1.2335 1.2445 1.2652 1.3149 
539 1.175 1.175 1.1749 1.1749 1.1749 1.1749 1.1749 1.1749 1.1748 1.1748 1.1748 1.1748 1.1748 1.1748 1.1748 1.1748 1.1749 1.1749 1.1749 1.1749 1.175 1.175 1.175 1.1751 1.1752 1.1754 1.1756 1.1759 1.1763 1.1768 1.1771 1.1774 1.1777 1.1779 1.1781 1.1781 1.1781 1.1783 1.1793 1.1802 1.181 1.1818 1.1824 1.1826 1.1828 1.183 1.1831 1.1838 1.1859 1.1881 1.1881 1.1873 1.1873 1.1894 1.1915 1.1917 1.1913 1.1912 1.192 1.1928 1.1941 1.1955 1.1967 1.1973 1.1979 1.1973 1.1964 1.1969 1.2003 1.2036 1.2043 1.2045 1.2049 1.2059 1.2068 1.2075 1.2082 1.21 1.212 1.2142 1.2117 1.2088 1.2098 1.2112 1.2128 1.2145 1.2169 1.2193 1.2203 1.2212 1.2194 1.2194 1.2198 1.2207 1.2236 1.2289 1.2364 1.2473 1.2677 1.3149 
539.5 1.1775 1.1775 1.1775 1.1774 1.1774 1.1774 1.1773 1.1773 1.1773 1.1773 1.1772 1.1772 1.1772 1.1771 1.1771 1.1771 1.1771 1.177 1.177 1.177 1.177 1.177 1.1771 1.1773 1.1774 1.1777 1.1781 1.1784 1.1789 1.1793 1.1797 1.1801 1.1804 1.1809 1.1815 1.1824 1.1836 1.1844 1.1835 1.1826 1.1827 1.1831 1.1838 1.185 1.1863 1.1873 1.188 1.1887 1.189 1.1893 1.1892 1.189 1.189 1.1896 1.1903 1.1926 1.1955 1.1969 1.1945 1.1921 1.1938 1.1964 1.1983 1.1984 1.1985 1.1999 1.2015 1.2025 1.2023 1.2022 1.2031 1.2041 1.2056 1.2078 1.21 1.2092 1.2079 1.2087 1.2104 1.2122 1.2139 1.2156 1.2166 1.2175 1.2182 1.2188 1.2205 1.2223 1.2219 1.2215 1.2222 1.223 1.2237 1.2248 1.2278 1.2331 1.2405 1.251 1.2711 1.3153 
540 1.1794 1.1794 1.1794 1.1794 1.1793 1.1793 1.1793 1.1793 1.1793 1.1793 1.1793 1.1793 1.1793 1.1793 1.1793 1.1793 1.1793 1.1792 1.1792 1.1792 1.1792 1.1792 1.1793 1.1795 1.1797 1.18 1.1804 1.1808 1.1813 1.1818 1.1822 1.1826 1.183 1.1832 1.1834 1.1839 1.1846 1.1852 1.1852 1.1851 1.1854 1.1858 1.1864 1.1875 1.1886 1.1885 1.1881 1.1879 1.1882 1.1885 1.1896 1.191 1.1924 1.1936 1.1949 1.1954 1.1957 1.1964 1.1984 1.2003 1.1999 1.1989 1.1987 1.2001 1.2016 1.2023 1.2027 1.2036 1.2053 1.207 1.2079 1.2086 1.2091 1.209 1.2089 1.2098 1.2108 1.2118 1.2143 1.217 1.2178 1.2185 1.2209 1.2234 1.2231 1.2225 1.2223 1.2221 1.2221 1.2222 1.2248 1.2256 1.2262 1.2277 1.2319 1.2385 1.247 1.2587 1.2797 1.3179 
540.5 1.1819 1.1819 1.1818 1.1818 1.1818 1.1818 1.1818 1.1817 1.1817 1.1817 1.1817 1.1817 1.1817 1.1817 1.1818 1.1818 1.1819 1.182 1.1821 1.1822 1.1824 1.1827 1.1829 1.1833 1.1837 1.1841 1.1846 1.1852 1.1859 1.1866 1.1874 1.1882 1.1891 1.1899 1.1908 1.1917 1.1927 1.1934 1.1925 1.1917 1.1926 1.1944 1.1955 1.1945 1.1935 1.1949 1.1971 1.1985 1.1975 1.1965 1.1973 1.1987 1.1998 1.2001 1.2004 1.2005 1.2006 1.2009 1.2018 1.2028 1.2036 1.2045 1.2052 1.2056 1.2059 1.2077 1.2099 1.211 1.2099 1.2087 1.2116 1.2152 1.2173 1.2168 1.2163 1.2202 1.2248 1.2239 1.2234 1.223 1.2247 1.2267 1.2288 1.231 1.2319 1.2326 1.2346 1.2367 1.238 1.2391 1.2398 1.2413 1.2432 1.2473 1.2551 1.2652 1.2773 1.292 1.3084 1.3274 
541 1.1942 1.1942 1.1943 1.1943 1.1944 1.1944 1.1946 1.1947 1.1949 1.1951 1.1953 1.1955 1.1957 1.196 1.1963 1.1966 1.1969 1.1972 1.1977 1.1982 1.1986 1.1991 1.1995 1.2003 1.201 1.2017 1.2025 1.2033 1.204 1.2046 1.2054 1.2061 1.2069 1.2078 1.2087 1.209 1.2091 1.2093 1.2103 1.2114 1.2117 1.2117 1.2119 1.2132 1.2145 1.2155 1.2162 1.2171 1.2182 1.2193 1.2196 1.2196 1.2201 1.2223 1.2244 1.2252 1.2256 1.2264 1.2281 1.2298 1.2318 1.2338 1.2353 1.2357 1.2361 1.2383 1.2409 1.243 1.2444 1.2457 1.2482 1.2509 1.2536 1.2563 1.259 1.2615 1.2641 1.2679 1.2707 1.2733 1.2768 1.2805 1.2844 1.2882 1.2917 1.295 1.299 1.303 1.3082 1.3134 1.3172 1.3222 1.3267 1.3328 1.339 1.3441 1.3487 1.3539 1.3613 1.3684 
541.5 1.2116 1.2116 1.2116 1.2117 1.2117 1.2118 1.2119 1.212 1.2121 1.2122 1.2124 1.2125 1.2127 1.2128 1.213 1.2132 1.2135 1.2137 1.2139 1.2142 1.2145 1.2148 1.2151 1.2155 1.2158 1.2162 1.2166 1.217 1.2174 1.2178 1.2183 1.2188 1.2193 1.2201 1.221 1.222 1.2231 1.2243 1.2255 1.2268 1.2281 1.2295 1.2309 1.2324 1.234 1.2356 1.2373 1.239 1.2408 1.2427 1.2446 1.2467 1.2487 1.2509 1.2532 1.2555 1.2579 1.2604 1.263 1.2656 1.2684 1.2712 1.2742 1.2772 1.2803 1.2836 1.2869 1.2904 1.294 1.2977 1.3016 1.3056 1.3097 1.3141 1.3184 1.3231 1.3278 1.3328 1.338 1.3432 1.3488 1.3544 1.3605 1.3667 1.3733 1.3799 1.3868 1.3938 1.4011 1.4085 1.4156 1.4229 1.43 1.4359 1.4409 1.4459 1.452 1.4603 1.4698 1.4797 
542 1.2263 1.2264 1.2264 1.2265 1.2266 1.2267 1.2268 1.227 1.2271 1.2273 1.2275 1.2277 1.2279 1.2281 1.2283 1.2286 1.2289 1.2292 1.2295 1.2298 1.2302 1.2306 1.231 1.2314 1.2319 1.2324 1.2329 1.2335 1.234 1.2346 1.2353 1.2359 1.2367 1.2378 1.239 1.2404 1.2419 1.2435 1.2452 1.2469 1.2487 1.2506 1.2525 1.2545 1.2565 1.2587 1.261 1.2633 1.2657 1.2681 1.2707 1.2733 1.276 1.2788 1.2816 1.2847 1.2877 1.2909 1.2942 1.2975 1.301 1.3046 1.3082 1.3121 1.3159 1.3201 1.3243 1.3286 1.3331 1.3377 1.3426 1.3475 1.3526 1.358 1.3633 1.369 1.3748 1.3807 1.387 1.3933 1.4001 1.4069 1.4141 1.4214 1.429 1.4367 1.4445 1.4524 1.4603 1.4683 1.476 1.4837 1.4901 1.4956 1.5008 1.5061 1.5144 1.5236 1.5342 1.5446 
542.5 1.2442 1.2442 1.2443 1.2444 1.2445 1.2446 1.2448 1.245 1.2452 1.2454 1.2457 1.2459 1.2462 1.2465 1.2468 1.2471 1.2475 1.2479 1.2483 1.2487 1.2492 1.2497 1.2502 1.2507 1.2513 1.2519 1.2525 1.2531 1.2538 1.2545 1.2553 1.256 1.2569 1.2582 1.2596 1.2613 1.2631 1.2649 1.2669 1.269 1.2711 1.2733 1.2756 1.278 1.2805 1.283 1.2857 1.2883 1.2912 1.294 1.297 1.3001 1.3032 1.3065 1.3097 1.3132 1.3168 1.3204 1.3242 1.328 1.332 1.3361 1.3403 1.3447 1.349 1.3537 1.3585 1.3634 1.3685 1.3737 1.3791 1.3846 1.3903 1.3962 1.4021 1.4083 1.4146 1.4211 1.4279 1.4347 1.4419 1.4492 1.4569 1.4646 1.4725 1.4804 1.4885 1.4966 1.5045 1.5124 1.5201 1.5272 1.533 1.5379 1.543 1.5493 1.5581 1.5678 1.5792 1.5893 
543 1.2647 1.2647 1.2648 1.265 1.2651 1.2653 1.2655 1.2657 1.2659 1.2662 1.2665 1.2668 1.2671 1.2674 1.2678 1.2682 1.2686 1.269 1.2695 1.27 1.2705 1.271 1.2716 1.2722 1.2728 1.2734 1.2741 1.2748 1.2755 1.2763 1.2771 1.2779 1.2788 1.2804 1.2819 1.2837 1.2858 1.2878 1.2901 1.2924 1.2948 1.2973 1.2999 1.3026 1.3053 1.3081 1.311 1.314 1.3171 1.3203 1.3236 1.3269 1.3304 1.334 1.3376 1.3414 1.3453 1.3493 1.3534 1.3576 1.3619 1.3664 1.3709 1.3757 1.3804 1.3855 1.3906 1.3958 1.4013 1.4067 1.4125 1.4183 1.4242 1.4304 1.4366 1.4431 1.4496 1.4563 1.4633 1.4703 1.4777 1.4851 1.4929 1.5007 1.5085 1.5164 1.5244 1.5324 1.54 1.5475 1.5549 1.561 1.5661 1.5706 1.5753 1.5823 1.5908 1.6007 1.6121 1.6216 
543.5 1.2872 1.2873 1.2874 1.2876 1.2877 1.2879 1.2881 1.2884 1.2886 1.2889 1.2892 1.2896 1.2899 1.2903 1.2906 1.2911 1.2915 1.292 1.2925 1.293 1.2935 1.2941 1.2947 1.2954 1.296 1.2967 1.2974 1.2982 1.299 1.2997 1.3006 1.3015 1.3025 1.304 1.3055 1.3074 1.3096 1.3118 1.3143 1.3168 1.3194 1.3221 1.3248 1.3277 1.3306 1.3337 1.3368 1.34 1.3433 1.3467 1.3502 1.3538 1.3574 1.3613 1.3651 1.3692 1.3733 1.3775 1.3818 1.3862 1.3908 1.3954 1.4001 1.4051 1.41 1.4152 1.4205 1.4259 1.4315 1.4371 1.443 1.4489 1.4549 1.4611 1.4674 1.4739 1.4804 1.4871 1.494 1.501 1.5083 1.5157 1.5233 1.531 1.5385 1.5461 1.5538 1.5615 1.5686 1.5757 1.5825 1.5876 1.592 1.5961 1.6004 1.6077 1.616 1.6256 1.637 1.6459 
544 1.3116 1.3117 1.3118 1.312 1.3121 1.3123 1.3126 1.3129 1.3132 1.3135 1.3138 1.3141 1.3145 1.3149 1.3153 1.3157 1.3162 1.3167 1.3172 1.3177 1.3183 1.3189 1.3195 1.3202 1.3209 1.3216 1.3224 1.3232 1.324 1.3248 1.3257 1.3266 1.3276 1.3289 1.3301 1.3321 1.3344 1.3368 1.3393 1.3419 1.3447 1.3475 1.3503 1.3534 1.3564 1.3596 1.3629 1.3662 1.3697 1.3732 1.3769 1.3806 1.3844 1.3884 1.3923 1.3965 1.4007 1.405 1.4095 1.414 1.4186 1.4234 1.4282 1.4331 1.4381 1.4434 1.4487 1.4541 1.4597 1.4653 1.4711 1.477 1.483 1.4891 1.4953 1.5016 1.508 1.5146 1.5214 1.5282 1.5353 1.5424 1.5498 1.5572 1.5644 1.5716 1.5788 1.586 1.5927 1.5992 1.6052 1.6097 1.6132 1.6168 1.6208 1.6282 1.6363 1.6456 1.6566 1.6646 
544.5 1.3371 1.3372 1.3374 1.3375 1.3377 1.3379 1.3382 1.3385 1.3388 1.3391 1.3394 1.3398 1.3401 1.3405 1.3409 1.3414 1.3419 1.3424 1.3429 1.3434 1.344 1.3446 1.3453 1.346 1.3467 1.3474 1.3482 1.349 1.3498 1.3507 1.3516 1.3525 1.3535 1.3548 1.356 1.358 1.3604 1.3628 1.3654 1.368 1.3708 1.3737 1.3766 1.3797 1.3829 1.3861 1.3895 1.3929 1.3964 1.4 1.4037 1.4075 1.4113 1.4153 1.4193 1.4235 1.4278 1.4321 1.4366 1.4411 1.4457 1.4504 1.4552 1.4601 1.4651 1.4702 1.4755 1.4808 1.4863 1.4918 1.4974 1.5032 1.509 1.5149 1.5209 1.5271 1.5332 1.5395 1.5461 1.5526 1.5594 1.5663 1.5733 1.5804 1.5872 1.594 1.6008 1.6075 1.6136 1.6197 1.6248 1.6286 1.6314 1.6346 1.6385 1.6456 1.6535 1.6626 1.6731 1.6802 
545 1.3638 1.3639 1.364 1.3642 1.3644 1.3646 1.3649 1.3652 1.3655 1.3658 1.3661 1.3665 1.3668 1.3672 1.3677 1.3681 1.3686 1.3691 1.3696 1.3702 1.3708 1.3714 1.372 1.3727 1.3734 1.3742 1.3749 1.3757 1.3766 1.3774 1.3783 1.3793 1.3803 1.3816 1.3829 1.3849 1.3873 1.3897 1.3923 1.3949 1.3977 1.4006 1.4035 1.4066 1.4097 1.413 1.4164 1.4198 1.4233 1.4269 1.4306 1.4344 1.4382 1.4422 1.4462 1.4503 1.4545 1.4588 1.4632 1.4676 1.4722 1.4768 1.4815 1.4862 1.491 1.4961 1.5011 1.5063 1.5116 1.5169 1.5224 1.5279 1.5335 1.5392 1.5449 1.5508 1.5567 1.5627 1.569 1.5752 1.5817 1.5882 1.5949 1.6015 1.6079 1.6144 1.6206 1.6268 1.6324 1.638 1.6423 1.6453 1.6476 1.6502 1.6541 1.6607 1.6683 1.6769 1.6866 1.6929 
545.5 1.3915 1.3916 1.3918 1.3919 1.3921 1.3923 1.3925 1.3928 1.393 1.3933 1.3936 1.3939 1.3943 1.3947 1.3951 1.3956 1.396 1.3965 1.3971 1.3976 1.3982 1.3988 1.3995 1.4002 1.4009 1.4016 1.4024 1.4031 1.404 1.4048 1.4058 1.4067 1.4077 1.409 1.4103 1.4123 1.4147 1.4171 1.4197 1.4223 1.425 1.4278 1.4306 1.4337 1.4368 1.44 1.4434 1.4467 1.4502 1.4537 1.4574 1.4611 1.4649 1.4688 1.4727 1.4767 1.4808 1.485 1.4892 1.4935 1.4979 1.5024 1.5069 1.5115 1.5161 1.5209 1.5257 1.5307 1.5357 1.5408 1.5461 1.5513 1.5566 1.5621 1.5675 1.5731 1.5787 1.5844 1.5902 1.5962 1.6023 1.6085 1.6147 1.621 1.627 1.6329 1.6387 1.6444 1.6495 1.6545 1.658 1.6604 1.6623 1.6643 1.6682 1.6744 1.6817 1.69 1.6991 1.7046 
546 1.4203 1.4204 1.4206 1.4207 1.4209 1.4211 1.4213 1.4215 1.4218 1.422 1.4223 1.4225 1.4228 1.4231 1.4234 1.4237 1.4241 1.4245 1.425 1.4255 1.4261 1.4267 1.4273 1.428 1.4287 1.4294 1.4302 1.431 1.4318 1.4326 1.4335 1.4344 1.4354 1.4367 1.438 1.4399 1.4423 1.4447 1.4472 1.4497 1.4524 1.4551 1.4579 1.4608 1.4638 1.4669 1.4702 1.4734 1.4769 1.4803 1.4838 1.4874 1.4911 1.4949 1.4986 1.5025 1.5064 1.5104 1.5145 1.5186 1.5229 1.5271 1.5314 1.5358 1.5402 1.5447 1.5493 1.5539 1.5588 1.5636 1.5685 1.5735 1.5785 1.5836 1.5888 1.594 1.5993 1.6046 1.6102 1.6158 1.6216 1.6274 1.6332 1.639 1.6446 1.6502 1.6554 1.6607 1.6653 1.6699 1.6727 1.6745 1.6759 1.6775 1.6814 1.6873 1.6943 1.7022 1.7105 1.7153 
546.5 1.4496 1.4497 1.4498 1.45 1.4501 1.4503 1.4506 1.4508 1.4511 1.4513 1.4515 1.4517 1.452 1.4523 1.4525 1.4528 1.4531 1.4535 1.4538 1.4542 1.4546 1.455 1.4555 1.4561 1.4567 1.4574 1.4582 1.4589 1.4597 1.4605 1.4614 1.4623 1.4632 1.4645 1.4657 1.4677 1.4699 1.4722 1.4747 1.4771 1.4797 1.4823 1.485 1.4878 1.4906 1.4936 1.4967 1.4998 1.5031 1.5064 1.5098 1.5133 1.5168 1.5204 1.524 1.5277 1.5314 1.5352 1.5391 1.543 1.547 1.551 1.5551 1.5592 1.5633 1.5676 1.5719 1.5762 1.5808 1.5853 1.59 1.5946 1.5993 1.6042 1.609 1.6139 1.6188 1.6238 1.629 1.6343 1.6397 1.6452 1.6506 1.6561 1.6613 1.6664 1.6712 1.676 1.6801 1.6843 1.6864 1.6876 1.6886 1.6899 1.6938 1.6994 1.7061 1.7135 1.7211 1.7251 
547 1.4792 1.4793 1.4795 1.4796 1.4798 1.48 1.4802 1.4805 1.4807 1.4809 1.4811 1.4813 1.4815 1.4818 1.482 1.4823 1.4826 1.4829 1.4832 1.4835 1.4839 1.4843 1.4847 1.4851 1.4855 1.486 1.4865 1.4871 1.4879 1.4886 1.4895 1.4903 1.4913 1.4924 1.4936 1.4954 1.4974 1.4996 1.5019 1.5043 1.5068 1.5093 1.5119 1.5145 1.5172 1.52 1.5228 1.5258 1.5289 1.5321 1.5353 1.5386 1.5419 1.5453 1.5488 1.5523 1.5558 1.5594 1.563 1.5667 1.5704 1.5742 1.578 1.5819 1.5858 1.5897 1.5937 1.5978 1.602 1.6063 1.6106 1.615 1.6194 1.6239 1.6284 1.633 1.6376 1.6422 1.6471 1.652 1.6571 1.6622 1.6672 1.6723 1.6771 1.6819 1.6862 1.6904 1.6941 1.6976 1.6992 1.6999 1.7005 1.7013 1.7052 1.7103 1.7167 1.7235 1.7302 1.7335 
547.5 1.5095 1.5096 1.5098 1.5099 1.5101 1.5103 1.5105 1.5107 1.511 1.5112 1.5114 1.5116 1.5118 1.512 1.5122 1.5125 1.5127 1.513 1.5133 1.5136 1.5139 1.5142 1.5146 1.515 1.5153 1.5157 1.5162 1.5166 1.517 1.5175 1.5181 1.5189 1.5196 1.5206 1.5215 1.5228 1.5244 1.5261 1.5283 1.5306 1.5329 1.5353 1.5378 1.5403 1.5428 1.5455 1.5481 1.5509 1.5538 1.5567 1.5597 1.5629 1.566 1.5692 1.5724 1.5757 1.5791 1.5824 1.5858 1.5892 1.5927 1.5963 1.5998 1.6034 1.607 1.6107 1.6144 1.6182 1.6222 1.6261 1.6302 1.6343 1.6384 1.6426 1.6467 1.651 1.6553 1.6596 1.6642 1.6688 1.6735 1.6783 1.683 1.6877 1.6921 1.6966 1.7005 1.7043 1.7074 1.7105 1.7116 1.7118 1.7121 1.7127 1.7167 1.7215 1.7275 1.7339 1.7398 1.7425 
548 1.5393 1.5394 1.5395 1.5397 1.5398 1.54 1.5403 1.5405 1.5407 1.5409 1.541 1.5412 1.5414 1.5416 1.5418 1.542 1.5422 1.5424 1.5426 1.5429 1.5431 1.5434 1.5437 1.544 1.5443 1.5447 1.545 1.5454 1.5457 1.5461 1.5465 1.5469 1.5474 1.548 1.5486 1.5498 1.5512 1.5527 1.5548 1.5569 1.5591 1.5613 1.5636 1.5659 1.5683 1.5707 1.5732 1.5757 1.5783 1.5809 1.5837 1.5866 1.5896 1.5926 1.5956 1.5986 1.6017 1.6048 1.608 1.6111 1.6144 1.6176 1.6209 1.6243 1.6276 1.631 1.6344 1.6379 1.6415 1.6452 1.649 1.6528 1.6566 1.6604 1.6643 1.6683 1.6723 1.6763 1.6805 1.6848 1.6893 1.6938 1.6981 1.7024 1.7066 1.7107 1.7141 1.7176 1.7202 1.7229 1.7235 1.7233 1.7233 1.7237 1.7278 1.7325 1.7381 1.744 1.749 1.7513 
548.5 1.5685 1.5686 1.5687 1.5689 1.5691 1.5692 1.5694 1.5697 1.5698 1.57 1.5701 1.5703 1.5704 1.5705 1.5707 1.5708 1.571 1.5712 1.5713 1.5715 1.5717 1.5719 1.5722 1.5724 1.5726 1.5729 1.5732 1.5734 1.5737 1.574 1.5743 1.5746 1.5749 1.5753 1.5756 1.5766 1.5778 1.5791 1.581 1.5829 1.5849 1.587 1.589 1.5912 1.5933 1.5956 1.5978 1.6001 1.6024 1.6047 1.6073 1.6099 1.6126 1.6153 1.6181 1.6209 1.6237 1.6265 1.6294 1.6323 1.6353 1.6383 1.6413 1.6443 1.6474 1.6504 1.6535 1.6567 1.6601 1.6635 1.667 1.6704 1.6739 1.6775 1.6811 1.6847 1.6884 1.6921 1.6961 1.7 1.7042 1.7084 1.7124 1.7163 1.7201 1.7239 1.727 1.73 1.7322 1.7344 1.7346 1.7339 1.7337 1.7339 1.738 1.7425 1.7477 1.7531 1.7574 1.7592 
549 1.5971 1.5972 1.5974 1.5976 1.5977 1.5979 1.5981 1.5983 1.5985 1.5986 1.5987 1.5988 1.5989 1.5991 1.5992 1.5993 1.5994 1.5995 1.5997 1.5998 1.6 1.6001 1.6003 1.6005 1.6006 1.6008 1.601 1.6012 1.6014 1.6016 1.6019 1.6021 1.6023 1.6026 1.6028 1.6033 1.6041 1.6049 1.6064 1.6079 1.6097 1.6116 1.6134 1.6154 1.6174 1.6194 1.6215 1.6235 1.6256 1.6278 1.63 1.6323 1.6347 1.6372 1.6398 1.6423 1.6449 1.6475 1.6501 1.6528 1.6555 1.6582 1.6609 1.6637 1.6665 1.6693 1.6721 1.675 1.6781 1.6811 1.6843 1.6875 1.6907 1.694 1.6973 1.7006 1.704 1.7074 1.7111 1.7148 1.7186 1.7225 1.7262 1.7298 1.7333 1.7368 1.7395 1.7421 1.7438 1.7455 1.7453 1.7443 1.7438 1.7439 1.7479 1.7522 1.757 1.7619 1.7655 1.7669 
549.5 1.6256 1.6257 1.6259 1.626 1.6262 1.6264 1.6266 1.6268 1.6269 1.627 1.6271 1.6272 1.6273 1.6274 1.6275 1.6275 1.6276 1.6277 1.6278 1.6279 1.628 1.6281 1.6282 1.6283 1.6284 1.6286 1.6287 1.6288 1.6289 1.6291 1.6292 1.6293 1.6295 1.6296 1.6297 1.6299 1.6301 1.6304 1.6311 1.6318 1.6332 1.6349 1.6366 1.6384 1.6402 1.642 1.6439 1.6457 1.6476 1.6495 1.6515 1.6535 1.6556 1.6579 1.6602 1.6626 1.6649 1.6673 1.6697 1.672 1.6745 1.6769 1.6794 1.6819 1.6844 1.687 1.6895 1.6921 1.6949 1.6977 1.7006 1.7036 1.7065 1.7095 1.7125 1.7156 1.7187 1.7218 1.7252 1.7286 1.7322 1.7359 1.7392 1.7425 1.7457 1.7489 1.7512 1.7535 1.7548 1.7561 1.7555 1.7542 1.7534 1.7536 1.7575 1.7617 1.7662 1.7707 1.7738 1.7749 
550 1.6534 1.6535 1.6536 1.6538 1.6539 1.6541 1.6543 1.6544 1.6545 1.6546 1.6547 1.6547 1.6548 1.6548 1.6548 1.6548 1.6549 1.6549 1.6549 1.6549 1.655 1.655 1.655 1.655 1.655 1.6551 1.6551 1.6551 1.6551 1.6551 1.6551 1.6551 1.6551 1.6551 1.6551 1.6551 1.6551 1.6552 1.6559 1.6565 1.6574 1.6585 1.6596 1.6611 1.6627 1.6642 1.6658 1.6674 1.6691 1.6707 1.6724 1.6741 1.6759 1.6779 1.6799 1.682 1.6841 1.6862 1.6884 1.6905 1.6927 1.6949 1.6971 1.6993 1.7016 1.7038 1.7061 1.7085 1.711 1.7136 1.7162 1.7188 1.7215 1.7243 1.727 1.7298 1.7326 1.7355 1.7387 1.7418 1.7452 1.7485 1.7516 1.7546 1.7575 1.7605 1.7625 1.7644 1.7653 1.7662 1.7652 1.7638 1.7627 1.7632 1.7669 1.771 1.7752 1.7794 1.7821 1.783 
550.5 1.6803 1.6804 1.6805 1.6807 1.6808 1.6809 1.6811 1.6812 1.6813 1.6813 1.6813 1.6812 1.6812 1.6811 1.681 1.681 1.6809 1.6809 1.6809 1.6808 1.6808 1.6807 1.6807 1.6807 1.6806 1.6806 1.6805 1.6804 1.6804 1.6803 1.6802 1.6801 1.68 1.6799 1.6798 1.6797 1.6796 1.6795 1.6797 1.68 1.6803 1.6807 1.6813 1.6826 1.684 1.6854 1.6868 1.6882 1.6896 1.691 1.6925 1.6939 1.6954 1.6972 1.6989 1.7007 1.7026 1.7045 1.7063 1.7082 1.7101 1.7121 1.714 1.716 1.718 1.72 1.722 1.7241 1.7264 1.7287 1.7311 1.7335 1.7359 1.7384 1.7409 1.7435 1.746 1.7486 1.7516 1.7545 1.7576 1.7608 1.7635 1.7663 1.7689 1.7716 1.7733 1.775 1.7755 1.776 1.7747 1.7731 1.7718 1.7726 1.7761 1.7801 1.7841 1.788 1.7903 1.791 
551 1.7065 1.7066 1.7067 1.7069 1.707 1.7072 1.7073 1.7074 1.7075 1.7074 1.7074 1.7073 1.7072 1.7071 1.707 1.7068 1.7066 1.7065 1.7063 1.7061 1.706 1.7059 1.7058 1.7056 1.7055 1.7054 1.7052 1.7051 1.7049 1.7048 1.7046 1.7044 1.7042 1.704 1.7037 1.7035 1.7032 1.703 1.7029 1.7029 1.7028 1.7027 1.7028 1.7037 1.7045 1.7056 1.7068 1.708 1.7092 1.7104 1.7116 1.7129 1.7141 1.7156 1.717 1.7186 1.7202 1.7219 1.7235 1.7251 1.7268 1.7285 1.7302 1.732 1.7337 1.7355 1.7372 1.7391 1.7411 1.7432 1.7453 1.7475 1.7497 1.7519 1.7542 1.7565 1.7588 1.7612 1.7639 1.7666 1.7695 1.7724 1.7749 1.7774 1.7797 1.7821 1.7836 1.7849 1.7851 1.7852 1.7835 1.7817 1.7803 1.7811 1.7844 1.7883 1.7921 1.7957 1.7976 1.7981 
551.5 1.7315 1.7315 1.7317 1.7319 1.732 1.7321 1.7323 1.7324 1.7324 1.7323 1.7323 1.7322 1.732 1.7318 1.7317 1.7315 1.7312 1.731 1.7308 1.7305 1.7302 1.7299 1.7296 1.7294 1.7292 1.729 1.7287 1.7285 1.7283 1.728 1.7277 1.7274 1.7271 1.7268 1.7264 1.7261 1.7257 1.7253 1.725 1.7247 1.7244 1.724 1.7237 1.7239 1.7241 1.7249 1.7258 1.7268 1.7278 1.7288 1.7298 1.7308 1.7318 1.733 1.7341 1.7355 1.7369 1.7383 1.7398 1.7412 1.7426 1.7441 1.7456 1.7471 1.7486 1.7501 1.7517 1.7533 1.7551 1.757 1.7589 1.7608 1.7628 1.7648 1.7669 1.769 1.7711 1.7733 1.7758 1.7784 1.781 1.7838 1.786 1.7882 1.7903 1.7924 1.7937 1.7948 1.7946 1.7944 1.7925 1.7906 1.789 1.7902 1.7933 1.7973 1.801 1.8043 1.8061 1.8065 
552 1.7559 1.756 1.7561 1.7563 1.7564 1.7566 1.7567 1.7568 1.7568 1.7567 1.7566 1.7564 1.7563 1.7561 1.7558 1.7556 1.7553 1.755 1.7547 1.7544 1.754 1.7537 1.7533 1.7529 1.7525 1.7521 1.7518 1.7514 1.7511 1.7507 1.7503 1.7499 1.7495 1.7491 1.7486 1.7481 1.7476 1.7471 1.7465 1.746 1.7452 1.7443 1.7435 1.743 1.7425 1.743 1.7438 1.7446 1.7454 1.7462 1.7469 1.7477 1.7485 1.7494 1.7503 1.7514 1.7526 1.7538 1.755 1.7563 1.7575 1.7587 1.76 1.7613 1.7626 1.7639 1.7652 1.7666 1.7683 1.7699 1.7716 1.7733 1.7751 1.7769 1.7787 1.7806 1.7825 1.7845 1.7868 1.7892 1.7917 1.7942 1.7962 1.7981 1.8 1.8018 1.8028 1.8038 1.8033 1.8027 1.8005 1.7985 1.7968 1.7982 1.8012 1.8051 1.8087 1.8118 1.8133 1.8136 
552.5 1.7789 1.779 1.7791 1.7793 1.7794 1.7796 1.7796 1.7797 1.7797 1.7796 1.7794 1.7792 1.779 1.7787 1.7784 1.7781 1.7778 1.7774 1.777 1.7766 1.7761 1.7757 1.7752 1.7746 1.7741 1.7735 1.7729 1.7724 1.7719 1.7714 1.7708 1.7703 1.7698 1.7692 1.7686 1.7679 1.7672 1.7665 1.7658 1.765 1.7645 1.7642 1.7637 1.7627 1.7618 1.7617 1.762 1.7623 1.7628 1.7634 1.7639 1.7644 1.7649 1.7655 1.7661 1.7669 1.7679 1.7689 1.7699 1.7708 1.7718 1.7728 1.7739 1.7749 1.776 1.7771 1.7782 1.7794 1.7808 1.7822 1.7837 1.7852 1.7868 1.7884 1.79 1.7917 1.7935 1.7952 1.7974 1.7996 1.8019 1.8042 1.806 1.8077 1.8093 1.8109 1.8117 1.8125 1.8117 1.8108 1.8083 1.8062 1.8045 1.806 1.809 1.8128 1.8163 1.8192 1.8205 1.8207 
553 1.8001 1.8002 1.8004 1.8005 1.8007 1.8008 1.8009 1.8009 1.8009 1.8008 1.8006 1.8004 1.8001 1.7998 1.7995 1.7991 1.7987 1.7983 1.7979 1.7974 1.7969 1.7964 1.7958 1.7952 1.7946 1.794 1.7933 1.7926 1.7919 1.7912 1.7906 1.79 1.7893 1.7886 1.7879 1.7872 1.7864 1.7856 1.7847 1.7838 1.7831 1.7825 1.7818 1.7807 1.7795 1.779 1.7787 1.7786 1.779 1.7793 1.7797 1.78 1.7803 1.7807 1.781 1.7817 1.7824 1.7832 1.784 1.7848 1.7856 1.7864 1.7872 1.7881 1.789 1.7898 1.7907 1.7917 1.7929 1.7942 1.7955 1.7968 1.7981 1.7996 1.801 1.8025 1.804 1.8056 1.8076 1.8096 1.8117 1.8138 1.8154 1.8169 1.8183 1.8196 1.8203 1.8208 1.8197 1.8184 1.8157 1.8136 1.8118 1.8135 1.8163 1.8201 1.8234 1.8261 1.8272 1.8273 
553.5 1.8205 1.8206 1.8207 1.8209 1.8211 1.8212 1.8212 1.8213 1.8212 1.8211 1.8209 1.8206 1.8203 1.82 1.8196 1.8192 1.8188 1.8183 1.8178 1.8173 1.8168 1.8162 1.8156 1.8149 1.8142 1.8135 1.8128 1.812 1.8112 1.8104 1.8096 1.8088 1.808 1.8072 1.8064 1.8056 1.8047 1.8038 1.8028 1.8018 1.8008 1.7999 1.7988 1.7974 1.796 1.795 1.7942 1.7936 1.7938 1.794 1.7942 1.7944 1.7945 1.7946 1.7948 1.7953 1.7959 1.7965 1.7971 1.7977 1.7983 1.7989 1.7996 1.8003 1.801 1.8017 1.8024 1.8032 1.8043 1.8053 1.8065 1.8076 1.8088 1.8101 1.8113 1.8127 1.814 1.8155 1.8173 1.8192 1.8211 1.8229 1.8244 1.8258 1.8269 1.8281 1.8285 1.8289 1.8275 1.8259 1.823 1.8208 1.819 1.8209 1.8236 1.8274 1.8307 1.8332 1.8342 1.8342 
554 1.84 1.8401 1.8403 1.8405 1.8406 1.8408 1.8408 1.8409 1.8408 1.8406 1.8404 1.8401 1.8398 1.8394 1.839 1.8385 1.8381 1.8375 1.837 1.8364 1.8358 1.8351 1.8345 1.8337 1.833 1.8322 1.8314 1.8305 1.8296 1.8287 1.8277 1.8267 1.8257 1.8248 1.8239 1.823 1.822 1.8209 1.8198 1.8187 1.8175 1.8163 1.815 1.8134 1.8117 1.8103 1.8089 1.808 1.808 1.808 1.808 1.808 1.808 1.8079 1.8078 1.8081 1.8085 1.8089 1.8093 1.8098 1.8102 1.8107 1.8111 1.8117 1.8122 1.8127 1.8132 1.8139 1.8148 1.8157 1.8166 1.8176 1.8187 1.8198 1.8209 1.8221 1.8232 1.8246 1.8263 1.828 1.8297 1.8314 1.8327 1.834 1.8349 1.8358 1.8361 1.8364 1.8347 1.8329 1.8299 1.8276 1.8258 1.8279 1.8306 1.8344 1.8376 1.8399 1.8408 1.8408 
554.5 1.8581 1.8582 1.8583 1.8585 1.8587 1.8588 1.8588 1.8589 1.8588 1.8586 1.8583 1.858 1.8576 1.8572 1.8568 1.8563 1.8557 1.8552 1.8546 1.8539 1.8533 1.8525 1.8518 1.851 1.8502 1.8493 1.8484 1.8475 1.8465 1.8454 1.8444 1.8432 1.8421 1.8411 1.84 1.8389 1.8378 1.8367 1.8355 1.8342 1.833 1.8316 1.8302 1.8283 1.8265 1.8247 1.8229 1.8215 1.8214 1.8213 1.8211 1.8209 1.8207 1.8204 1.8202 1.8203 1.8205 1.8207 1.821 1.8213 1.8215 1.8218 1.8221 1.8225 1.8229 1.8232 1.8236 1.8241 1.8249 1.8256 1.8264 1.8273 1.8282 1.8291 1.8301 1.8311 1.8322 1.8335 1.835 1.8366 1.8381 1.8397 1.8408 1.842 1.8428 1.8435 1.8437 1.8438 1.8419 1.8398 1.8367 1.8343 1.8326 1.8349 1.8376 1.8414 1.8446 1.8468 1.8476 1.8475 
555 1.8751 1.8751 1.8753 1.8755 1.8757 1.8758 1.8758 1.8758 1.8757 1.8755 1.8752 1.8748 1.8744 1.874 1.8735 1.873 1.8724 1.8717 1.8711 1.8704 1.8696 1.8688 1.868 1.8671 1.8663 1.8653 1.8643 1.8633 1.8622 1.8611 1.8599 1.8586 1.8574 1.8562 1.8549 1.8537 1.8525 1.8513 1.8499 1.8485 1.8471 1.8456 1.8441 1.8425 1.8409 1.8389 1.8367 1.8349 1.8346 1.8342 1.8339 1.8335 1.8331 1.8327 1.8323 1.8322 1.8322 1.8322 1.8323 1.8324 1.8326 1.8327 1.8328 1.833 1.8332 1.8335 1.8337 1.834 1.8346 1.8352 1.8359 1.8366 1.8373 1.8382 1.839 1.8399 1.8408 1.842 1.8434 1.8448 1.8462 1.8475 1.8486 1.8496 1.8501 1.8507 1.8507 1.8507 1.8485 1.8461 1.8429 1.8404 1.8386 1.841 1.8437 1.8473 1.8504 1.8524 1.853 1.8527 
555.5 1.8907 1.8908 1.891 1.8911 1.8913 1.8914 1.8914 1.8915 1.8913 1.8911 1.8908 1.8904 1.89 1.8895 1.889 1.8884 1.8878 1.8871 1.8864 1.8857 1.8849 1.884 1.8832 1.8822 1.8813 1.8803 1.8792 1.8781 1.877 1.8758 1.8745 1.8732 1.8719 1.8705 1.8691 1.8677 1.8664 1.8651 1.8636 1.8622 1.8606 1.859 1.8574 1.8556 1.8538 1.8516 1.8492 1.8472 1.8466 1.846 1.8454 1.8449 1.8444 1.8438 1.8432 1.843 1.8429 1.8427 1.8427 1.8427 1.8427 1.8426 1.8427 1.8427 1.8428 1.8429 1.8429 1.8432 1.8436 1.8441 1.8447 1.8452 1.8459 1.8466 1.8472 1.848 1.8488 1.8499 1.8512 1.8525 1.8538 1.855 1.8559 1.8568 1.8572 1.8575 1.8574 1.8573 1.8548 1.8523 1.8491 1.8465 1.845 1.8475 1.8502 1.8538 1.8569 1.8588 1.8593 1.8591 
556 1.9054 1.9055 1.9057 1.9059 1.9061 1.9062 1.9062 1.9062 1.906 1.9058 1.9054 1.905 1.9046 1.9041 1.9035 1.9029 1.9022 1.9015 1.9008 1.9 1.8992 1.8983 1.8974 1.8964 1.8954 1.8943 1.8932 1.892 1.8908 1.8895 1.8882 1.8868 1.8854 1.8838 1.8823 1.8808 1.8794 1.878 1.8764 1.8749 1.8732 1.8715 1.8698 1.8679 1.866 1.8636 1.861 1.8588 1.8579 1.857 1.8563 1.8556 1.855 1.8543 1.8535 1.8532 1.8529 1.8526 1.8525 1.8523 1.8522 1.852 1.8519 1.8519 1.8518 1.8517 1.8517 1.8518 1.8522 1.8526 1.853 1.8535 1.854 1.8545 1.8551 1.8558 1.8565 1.8575 1.8587 1.8599 1.861 1.8621 1.8629 1.8637 1.864 1.8642 1.8639 1.8636 1.861 1.8583 1.8551 1.8525 1.8512 1.8537 1.8565 1.8601 1.8631 1.8649 1.8654 1.8651 
556.5 1.9192 1.9192 1.9194 1.9196 1.9198 1.9199 1.9199 1.9199 1.9197 1.9194 1.9191 1.9187 1.9182 1.9176 1.917 1.9164 1.9157 1.915 1.9142 1.9134 1.9125 1.9115 1.9106 1.9095 1.9085 1.9073 1.9061 1.9049 1.9036 1.9023 1.9009 1.8994 1.8979 1.8963 1.8947 1.8931 1.8916 1.89 1.8884 1.8867 1.885 1.8832 1.8814 1.8793 1.8773 1.8748 1.872 1.8697 1.8685 1.8673 1.8665 1.8657 1.8649 1.8641 1.8633 1.8627 1.8623 1.862 1.8617 1.8614 1.8612 1.8609 1.8607 1.8605 1.8603 1.8602 1.86 1.86 1.8603 1.8606 1.8609 1.8613 1.8617 1.8622 1.8627 1.8632 1.8638 1.8648 1.8659 1.8671 1.8681 1.869 1.8698 1.8705 1.8706 1.8707 1.8702 1.8697 1.867 1.8642 1.861 1.8584 1.8574 1.8599 1.8627 1.8662 1.8693 1.871 1.8714 1.8711 
557 1.932 1.9321 1.9322 1.9324 1.9326 1.9327 1.9327 1.9327 1.9325 1.9322 1.9318 1.9314 1.9309 1.9303 1.9297 1.929 1.9283 1.9275 1.9267 1.9258 1.9249 1.9239 1.9229 1.9218 1.9207 1.9195 1.9183 1.917 1.9156 1.9143 1.9128 1.9112 1.9097 1.908 1.9063 1.9046 1.9029 1.9013 1.8996 1.8979 1.896 1.8941 1.8922 1.8901 1.8879 1.8852 1.8824 1.8799 1.8785 1.8772 1.8762 1.8753 1.8744 1.8735 1.8725 1.8719 1.8714 1.8709 1.8706 1.8702 1.8698 1.8695 1.8691 1.8689 1.8686 1.8684 1.8681 1.868 1.8682 1.8684 1.8687 1.8689 1.8693 1.8697 1.8701 1.8706 1.8711 1.872 1.8731 1.8741 1.875 1.8758 1.8765 1.8772 1.8771 1.877 1.8764 1.8757 1.8729 1.87 1.8668 1.8641 1.8635 1.8659 1.8687 1.8722 1.8752 1.8768 1.8771 1.8768 
557.5 1.9438 1.9439 1.9441 1.9443 1.9445 1.9445 1.9445 1.9445 1.9443 1.944 1.9436 1.9432 1.9426 1.9421 1.9414 1.9407 1.94 1.9392 1.9383 1.9374 1.9364 1.9354 1.9343 1.9332 1.932 1.9308 1.9295 1.9282 1.9268 1.9253 1.9238 1.9222 1.9206 1.9188 1.917 1.9153 1.9135 1.9117 1.9099 1.9082 1.9062 1.9043 1.9023 1.9 1.8977 1.8949 1.8919 1.8893 1.8878 1.8863 1.8852 1.8842 1.8832 1.8822 1.8811 1.8804 1.8798 1.8793 1.8788 1.8784 1.8779 1.8775 1.877 1.8767 1.8763 1.876 1.8757 1.8755 1.8757 1.8758 1.8759 1.8761 1.8764 1.8767 1.877 1.8775 1.878 1.8788 1.8798 1.8808 1.8816 1.8823 1.8829 1.8835 1.8834 1.8832 1.8823 1.8815 1.8786 1.8756 1.8725 1.8698 1.8695 1.8719 1.8748 1.8783 1.8813 1.8828 1.8831 1.8828 
558 1.9549 1.955 1.9552 1.9554 1.9556 1.9556 1.9556 1.9556 1.9554 1.9551 1.9547 1.9542 1.9537 1.953 1.9524 1.9516 1.9509 1.95 1.9491 1.9482 1.9472 1.9461 1.945 1.9438 1.9426 1.9414 1.94 1.9387 1.9372 1.9357 1.9341 1.9324 1.9308 1.9289 1.9271 1.9252 1.9234 1.9215 1.9196 1.9178 1.9158 1.9138 1.9117 1.9093 1.907 1.904 1.9009 1.8981 1.8965 1.8949 1.8937 1.8927 1.8916 1.8904 1.8893 1.8885 1.8878 1.8872 1.8867 1.8861 1.8856 1.8851 1.8846 1.8841 1.8837 1.8833 1.8829 1.8827 1.8827 1.8828 1.8829 1.883 1.8832 1.8835 1.8837 1.8841 1.8846 1.8854 1.8863 1.8873 1.8879 1.8886 1.8891 1.8897 1.8894 1.8891 1.8881 1.8871 1.8841 1.881 1.878 1.8754 1.8754 1.8778 1.8808 1.8843 1.8874 1.8888 1.8891 1.8887 
558.5 1.9653 1.9654 1.9656 1.9658 1.966 1.9661 1.966 1.966 1.9658 1.9655 1.9651 1.9646 1.964 1.9634 1.9627 1.9619 1.9611 1.9603 1.9593 1.9584 1.9573 1.9562 1.9551 1.9539 1.9526 1.9513 1.9499 1.9485 1.947 1.9454 1.9438 1.9421 1.9403 1.9384 1.9365 1.9346 1.9327 1.9307 1.9288 1.9269 1.9248 1.9227 1.9205 1.9181 1.9156 1.9126 1.9093 1.9065 1.9048 1.9031 1.9018 1.9007 1.8995 1.8983 1.897 1.8962 1.8955 1.8948 1.8942 1.8936 1.893 1.8924 1.8918 1.8913 1.8908 1.8903 1.8899 1.8897 1.8896 1.8896 1.8897 1.8897 1.8899 1.8901 1.8903 1.8906 1.8911 1.8918 1.8927 1.8936 1.8942 1.8947 1.8952 1.8957 1.8954 1.8949 1.8938 1.8926 1.8896 1.8864 1.8834 1.8809 1.8812 1.8836 1.8867 1.8902 1.8932 1.8945 1.8947 1.8943 
559 1.9751 1.9752 1.9754 1.9756 1.9758 1.9759 1.9759 1.9759 1.9757 1.9753 1.9749 1.9744 1.9738 1.9732 1.9724 1.9717 1.9708 1.9699 1.969 1.968 1.9669 1.9658 1.9646 1.9634 1.9621 1.9607 1.9593 1.9578 1.9563 1.9547 1.953 1.9512 1.9494 1.9475 1.9455 1.9435 1.9415 1.9395 1.9375 1.9355 1.9334 1.9312 1.9289 1.9264 1.9238 1.9206 1.9173 1.9143 1.9126 1.9109 1.9095 1.9083 1.9071 1.9057 1.9044 1.9035 1.9028 1.9021 1.9014 1.9007 1.9 1.8994 1.8987 1.8982 1.8976 1.8971 1.8967 1.8963 1.8963 1.8962 1.8962 1.8962 1.8963 1.8964 1.8966 1.8969 1.8973 1.898 1.8989 1.8998 1.9003 1.9007 1.9012 1.9017 1.9012 1.9007 1.8994 1.898 1.8949 1.8916 1.8887 1.8862 1.8868 1.8893 1.8925 1.8959 1.899 1.9002 1.9004 1.9 
559.5 1.9845 1.9846 1.9848 1.985 1.9852 1.9852 1.9852 1.9852 1.985 1.9846 1.9842 1.9836 1.983 1.9824 1.9816 1.9808 1.98 1.9791 1.9781 1.977 1.9759 1.9748 1.9736 1.9723 1.971 1.9696 1.9681 1.9666 1.965 1.9633 1.9616 1.9598 1.9579 1.9559 1.9539 1.9518 1.9497 1.9476 1.9456 1.9436 1.9414 1.9391 1.9368 1.9341 1.9315 1.9283 1.9248 1.9217 1.92 1.9182 1.9168 1.9155 1.9142 1.9128 1.9114 1.9105 1.9097 1.909 1.9082 1.9075 1.9067 1.906 1.9054 1.9047 1.9041 1.9036 1.9031 1.9028 1.9026 1.9025 1.9025 1.9024 1.9025 1.9026 1.9027 1.903 1.9034 1.9041 1.9049 1.9058 1.9062 1.9066 1.907 1.9074 1.9069 1.9063 1.9049 1.9034 1.9002 1.8969 1.8941 1.8917 1.8926 1.8951 1.8984 1.9018 1.9049 1.9062 1.9063 1.906 
560 1.9933 1.9934 1.9936 1.9938 1.994 1.9941 1.9941 1.994 1.9938 1.9934 1.993 1.9924 1.9918 1.9911 1.9904 1.9895 1.9887 1.9877 1.9867 1.9856 1.9845 1.9833 1.9821 1.9807 1.9794 1.978 1.9764 1.9749 1.9732 1.9715 1.9698 1.9679 1.966 1.9639 1.9619 1.9597 1.9576 1.9554 1.9533 1.9512 1.949 1.9467 1.9443 1.9416 1.9388 1.9355 1.9319 1.9288 1.927 1.9253 1.9239 1.9225 1.9211 1.9197 1.9182 1.9173 1.9165 1.9157 1.9148 1.914 1.9133 1.9125 1.9118 1.9111 1.9104 1.9099 1.9094 1.909 1.9088 1.9087 1.9086 1.9085 1.9085 1.9086 1.9086 1.909 1.9094 1.91 1.9108 1.9117 1.912 1.9123 1.9126 1.9129 1.9123 1.9117 1.9102 1.9086 1.9053 1.902 1.8992 1.8969 1.8982 1.9007 1.9041 1.9075 1.9107 1.9118 1.912 1.9116 
560.5 2.0021 2.0022 2.0024 2.0026 2.0028 2.0029 2.0028 2.0028 2.0026 2.0022 2.0017 2.0011 2.0005 1.9998 1.999 1.9982 1.9973 1.9963 1.9953 1.9942 1.993 1.9918 1.9905 1.9892 1.9878 1.9863 1.9847 1.9832 1.9814 1.9797 1.9779 1.976 1.974 1.9719 1.9698 1.9676 1.9654 1.9632 1.9611 1.9589 1.9566 1.9542 1.9517 1.9489 1.9461 1.9427 1.939 1.9358 1.9342 1.9325 1.931 1.9296 1.9282 1.9267 1.9251 1.9242 1.9233 1.9225 1.9216 1.9207 1.9199 1.9191 1.9183 1.9176 1.9168 1.9163 1.9158 1.9153 1.9151 1.9149 1.9147 1.9146 1.9146 1.9146 1.9146 1.9149 1.9153 1.9159 1.9167 1.9174 1.9177 1.9179 1.9181 1.9183 1.9177 1.9171 1.9154 1.9136 1.9104 1.9071 1.9043 1.9021 1.9036 1.9061 1.9096 1.9131 1.9162 1.9174 1.9174 1.9171 
561 2.0106 2.0107 2.0109 2.0111 2.0113 2.0114 2.0113 2.0113 2.011 2.0106 2.0102 2.0096 2.0089 2.0082 2.0074 2.0065 2.0056 2.0046 2.0036 2.0024 2.0012 2 1.9987 1.9973 1.9959 1.9943 1.9928 1.9911 1.9894 1.9876 1.9857 1.9837 1.9817 1.9796 1.9774 1.9752 1.973 1.9707 1.9685 1.9663 1.9639 1.9615 1.9589 1.9561 1.9532 1.9496 1.9458 1.9426 1.941 1.9395 1.938 1.9365 1.935 1.9335 1.932 1.9309 1.93 1.9291 1.9282 1.9272 1.9264 1.9255 1.9247 1.9239 1.9231 1.9225 1.922 1.9215 1.9212 1.921 1.9208 1.9206 1.9205 1.9205 1.9205 1.9208 1.9211 1.9217 1.9224 1.9231 1.9233 1.9235 1.9236 1.9237 1.9231 1.9224 1.9206 1.9187 1.9155 1.9121 1.9093 1.9072 1.9089 1.9115 1.915 1.9185 1.9215 1.9226 1.9226 1.9222 
561.5 2.0184 2.0185 2.0187 2.0189 2.0191 2.0192 2.0191 2.0191 2.0188 2.0184 2.0179 2.0173 2.0167 2.0159 2.0151 2.0142 2.0133 2.0123 2.0112 2.01 2.0088 2.0075 2.0062 2.0047 2.0033 2.0017 2.0001 1.9984 1.9966 1.9948 1.9929 1.9909 1.9888 1.9866 1.9844 1.9821 1.9799 1.9776 1.9753 1.9731 1.9706 1.9681 1.9655 1.9625 1.9596 1.9559 1.952 1.9487 1.9473 1.9458 1.9443 1.9428 1.9412 1.9397 1.9381 1.9371 1.9361 1.9351 1.9342 1.9332 1.9323 1.9314 1.9305 1.9296 1.9288 1.9282 1.9276 1.9272 1.9269 1.9265 1.9263 1.9261 1.926 1.9259 1.9259 1.9262 1.9266 1.9271 1.9277 1.9283 1.9285 1.9287 1.9287 1.9288 1.9281 1.9275 1.9255 1.9235 1.9203 1.917 1.9142 1.9122 1.9142 1.9168 1.9205 1.924 1.9271 1.9281 1.9282 1.9277 
562 2.0255 2.0256 2.0258 2.026 2.0262 2.0263 2.0262 2.0262 2.0259 2.0255 2.025 2.0244 2.0237 2.0229 2.0221 2.0212 2.0202 2.0192 2.0181 2.0169 2.0156 2.0143 2.013 2.0115 2.01 2.0084 2.0068 2.0051 2.0032 2.0014 1.9994 1.9973 1.9952 1.993 1.9907 1.9884 1.9862 1.9839 1.9816 1.9792 1.9767 1.9742 1.9715 1.9684 1.9654 1.9618 1.958 1.9548 1.9533 1.9518 1.9502 1.9486 1.947 1.9455 1.944 1.9429 1.9419 1.9409 1.9398 1.9388 1.9379 1.9369 1.936 1.9351 1.9342 1.9336 1.9331 1.9326 1.9322 1.9319 1.9316 1.9314 1.9313 1.9312 1.9311 1.9314 1.9318 1.9324 1.9329 1.9335 1.9336 1.9338 1.9338 1.9337 1.9331 1.9324 1.9304 1.9283 1.9251 1.9219 1.9191 1.9173 1.9196 1.9223 1.9261 1.9297 1.9328 1.9338 1.9339 1.9334 
562.5 2.0324 2.0325 2.0327 2.0328 2.033 2.0331 2.033 2.033 2.0327 2.0323 2.0318 2.0312 2.0305 2.0297 2.0288 2.0279 2.0269 2.0259 2.0247 2.0235 2.0223 2.0209 2.0196 2.018 2.0165 2.0149 2.0132 2.0115 2.0096 2.0077 2.0057 2.0036 2.0014 1.9991 1.9968 1.9945 1.9922 1.99 1.9876 1.9852 1.9827 1.98 1.9773 1.9742 1.9711 1.9675 1.9639 1.9607 1.9592 1.9577 1.9561 1.9544 1.9528 1.9513 1.9498 1.9486 1.9476 1.9465 1.9455 1.9444 1.9434 1.9425 1.9416 1.9406 1.9397 1.9391 1.9386 1.9381 1.9377 1.9373 1.9371 1.9369 1.9367 1.9366 1.9365 1.9368 1.9372 1.9378 1.9383 1.9388 1.939 1.9391 1.939 1.9389 1.9383 1.9376 1.9355 1.9333 1.9301 1.9269 1.9242 1.9226 1.9251 1.9278 1.9317 1.9354 1.9384 1.9394 1.9393 1.9389 
563 2.0389 2.039 2.0392 2.0394 2.0396 2.0397 2.0396 2.0396 2.0393 2.0389 2.0384 2.0378 2.0371 2.0363 2.0354 2.0345 2.0335 2.0324 2.0313 2.0301 2.0288 2.0275 2.0261 2.0246 2.0231 2.0214 2.0197 2.018 2.0161 2.0142 2.0122 2.01 2.0079 2.0056 2.0032 2.001 1.9987 1.9964 1.994 1.9916 1.9891 1.9865 1.9837 1.9798 1.9759 1.9724 1.969 1.966 1.9645 1.963 1.9613 1.9596 1.958 1.9566 1.9551 1.954 1.9529 1.9519 1.9508 1.9497 1.9488 1.9478 1.9469 1.946 1.945 1.9444 1.9439 1.9435 1.9431 1.9427 1.9425 1.9422 1.9421 1.942 1.9419 1.9423 1.9427 1.9433 1.9437 1.9442 1.9444 1.9446 1.9444 1.9442 1.9436 1.943 1.9408 1.9384 1.9353 1.9322 1.9296 1.9284 1.931 1.9338 1.9379 1.9416 1.9447 1.9457 1.9456 1.9452 
563.5 2.0459 2.046 2.0462 2.0464 2.0465 2.0466 2.0465 2.0465 2.0462 2.0458 2.0452 2.0446 2.0439 2.0431 2.0422 2.0413 2.0403 2.0392 2.038 2.0368 2.0355 2.0341 2.0327 2.0311 2.0296 2.0279 2.0262 2.0244 2.0224 2.0205 2.0184 2.0162 2.014 2.0116 2.0093 2.0069 2.0047 2.0023 1.9999 1.9974 1.9949 1.9922 1.9893 1.9854 1.9815 1.978 1.9747 1.9718 1.9702 1.9686 1.9669 1.9652 1.9635 1.9621 1.9607 1.9595 1.9584 1.9573 1.9562 1.9551 1.9541 1.9532 1.9522 1.9513 1.9503 1.9497 1.9492 1.9488 1.9484 1.948 1.9478 1.9476 1.9474 1.9474 1.9473 1.9477 1.9482 1.9487 1.9492 1.9496 1.9498 1.95 1.9498 1.9496 1.949 1.9484 1.9461 1.9436 1.9405 1.9375 1.935 1.9342 1.9369 1.9398 1.944 1.9478 1.9509 1.9518 1.9518 1.9513 
564 2.0522 2.0523 2.0524 2.0526 2.0528 2.0528 2.0528 2.0527 2.0524 2.052 2.0514 2.0508 2.05 2.0492 2.0483 2.0474 2.0463 2.0452 2.0441 2.0428 2.0415 2.0401 2.0386 2.037 2.0355 2.0338 2.032 2.0302 2.0282 2.0262 2.0241 2.0219 2.0197 2.0172 2.0148 2.0124 2.0102 2.0078 2.0053 2.0028 2.0002 1.9975 1.9946 1.9906 1.9867 1.9833 1.9801 1.9774 1.9757 1.9741 1.9723 1.9706 1.9689 1.9675 1.9661 1.9649 1.9638 1.9627 1.9616 1.9604 1.9594 1.9584 1.9574 1.9565 1.9555 1.9549 1.9544 1.954 1.9536 1.9532 1.9529 1.9527 1.9525 1.9525 1.9524 1.9528 1.9533 1.9538 1.9542 1.9546 1.9548 1.955 1.9547 1.9544 1.9539 1.9532 1.9508 1.9482 1.9452 1.9422 1.9398 1.9394 1.9421 1.9452 1.9494 1.9533 1.9564 1.9573 1.9573 1.9568 
564.5 2.0582 2.0583 2.0585 2.0587 2.0589 2.0589 2.0588 2.0587 2.0585 2.058 2.0574 2.0568 2.056 2.0552 2.0543 2.0533 2.0523 2.0511 2.0499 2.0487 2.0473 2.0459 2.0444 2.0428 2.0412 2.0395 2.0377 2.0358 2.0338 2.0318 2.0296 2.0274 2.0251 2.0227 2.0202 2.0179 2.0156 2.0133 2.0107 2.0082 2.0055 2.0028 1.9998 1.9957 1.9917 1.9884 1.9855 1.9829 1.9812 1.9795 1.9778 1.976 1.9743 1.9729 1.9715 1.9704 1.9692 1.9681 1.967 1.9658 1.9648 1.9638 1.9628 1.9618 1.9609 1.9603 1.9598 1.9593 1.9589 1.9585 1.9583 1.958 1.9579 1.9579 1.9578 1.9582 1.9587 1.9593 1.9596 1.9599 1.9601 1.9603 1.96 1.9597 1.9591 1.9585 1.956 1.9533 1.9503 1.9473 1.945 1.9451 1.9479 1.9511 1.9554 1.9593 1.9623 1.963 1.9628 1.9622 
565 2.0638 2.0639 2.0641 2.0643 2.0644 2.0645 2.0644 2.0643 2.064 2.0636 2.063 2.0623 2.0616 2.0607 2.0598 2.0588 2.0578 2.0566 2.0554 2.0541 2.0527 2.0513 2.0498 2.0482 2.0465 2.0448 2.0429 2.0411 2.039 2.037 2.0348 2.0325 2.0302 2.0278 2.0253 2.023 2.0206 2.0183 2.0157 2.0131 2.0104 2.0076 2.0045 2.0004 1.9963 1.9932 1.9905 1.988 1.9863 1.9846 1.9828 1.981 1.9793 1.978 1.9767 1.9755 1.9743 1.9732 1.9721 1.9709 1.9699 1.9688 1.9678 1.9669 1.966 1.9654 1.9649 1.9645 1.9641 1.9637 1.9634 1.9632 1.963 1.963 1.963 1.9634 1.9639 1.9645 1.9648 1.9651 1.9653 1.9656 1.9652 1.9648 1.9642 1.9636 1.961 1.9582 1.9553 1.9524 1.9503 1.9506 1.9535 1.9568 1.9612 1.9651 1.9682 1.9691 1.969 1.9685 
565.5 2.0694 2.0695 2.0697 2.0699 2.0701 2.0701 2.07 2.0699 2.0696 2.0692 2.0686 2.0679 2.0672 2.0663 2.0654 2.0644 2.0633 2.0622 2.0609 2.0596 2.0582 2.0567 2.0552 2.0536 2.0519 2.0501 2.0483 2.0464 2.0443 2.0423 2.04 2.0377 2.0354 2.033 2.0306 2.0282 2.0259 2.0235 2.0208 2.0182 2.0154 2.0125 2.0093 2.0051 2.001 1.9981 1.9957 1.9934 1.9917 1.9899 1.9881 1.9862 1.9845 1.9833 1.982 1.9808 1.9796 1.9785 1.9774 1.9762 1.9752 1.9741 1.9731 1.9722 1.9713 1.9707 1.9702 1.9698 1.9694 1.969 1.9687 1.9685 1.9684 1.9684 1.9685 1.9689 1.9694 1.97 1.9703 1.9705 1.9708 1.971 1.9706 1.9701 1.9695 1.9688 1.9662 1.9634 1.9606 1.9578 1.9558 1.9566 1.9596 1.9632 1.9676 1.9717 1.9748 1.9757 1.9756 1.9751 
566 2.0752 2.0753 2.0754 2.0756 2.0758 2.0758 2.0757 2.0757 2.0754 2.0749 2.0743 2.0736 2.0729 2.072 2.0711 2.07 2.0689 2.0678 2.0665 2.0652 2.0638 2.0623 2.0608 2.0591 2.0574 2.0556 2.0537 2.0518 2.0497 2.0476 2.0453 2.043 2.0406 2.0382 2.0358 2.0334 2.031 2.0285 2.0258 2.0232 2.0204 2.0176 2.0145 2.0103 2.0061 2.0034 2.0012 1.999 1.9973 1.9955 1.9936 1.9917 1.99 1.9888 1.9876 1.9864 1.9852 1.984 1.9828 1.9817 1.9806 1.9796 1.9786 1.9777 1.9768 1.9763 1.9758 1.9753 1.9749 1.9745 1.9743 1.9741 1.9739 1.974 1.9741 1.9746 1.9751 1.9757 1.976 1.9761 1.9764 1.9767 1.9763 1.9758 1.975 1.9742 1.9716 1.9689 1.9662 1.9635 1.9617 1.963 1.9661 1.9698 1.9743 1.9785 1.9816 1.9824 1.9823 1.9817 
566.5 2.0809 2.081 2.0811 2.0813 2.0815 2.0815 2.0814 2.0813 2.081 2.0805 2.0799 2.0792 2.0785 2.0776 2.0766 2.0756 2.0745 2.0733 2.072 2.0707 2.0692 2.0677 2.0662 2.0645 2.0628 2.061 2.059 2.0571 2.055 2.0528 2.0505 2.0482 2.0458 2.0434 2.041 2.0386 2.0361 2.0336 2.0309 2.0282 2.0254 2.0226 2.0195 2.0152 2.011 2.0084 2.0064 2.0045 2.0027 2.0009 1.999 1.9971 1.9954 1.9942 1.993 1.9918 1.9906 1.9894 1.9883 1.9871 1.9861 1.985 1.984 1.9831 1.9823 1.9817 1.9812 1.9807 1.9803 1.98 1.9797 1.9795 1.9794 1.9795 1.9796 1.9801 1.9806 1.9812 1.9814 1.9815 1.9818 1.9821 1.9816 1.981 1.9802 1.9793 1.9767 1.9739 1.9712 1.9686 1.9669 1.9686 1.9717 1.9756 1.9801 1.9843 1.9873 1.988 1.9878 1.9872 
567 2.0863 2.0864 2.0865 2.0867 2.0869 2.0869 2.0868 2.0867 2.0864 2.0859 2.0853 2.0846 2.0838 2.0829 2.0819 2.0809 2.0798 2.0786 2.0773 2.0759 2.0745 2.0729 2.0714 2.0696 2.0679 2.066 2.0641 2.0621 2.06 2.0578 2.0555 2.0531 2.0507 2.0483 2.0459 2.0435 2.041 2.0385 2.0357 2.033 2.0302 2.0273 2.0241 2.0198 2.0155 2.0131 2.0114 2.0097 2.0078 2.006 2.0042 2.0023 2.0007 1.9995 1.9983 1.997 1.9958 1.9946 1.9935 1.9923 1.9912 1.9902 1.9892 1.9883 1.9875 1.987 1.9865 1.986 1.9856 1.9852 1.985 1.9847 1.9846 1.9848 1.9849 1.9854 1.986 1.9866 1.9868 1.9869 1.9871 1.9874 1.9869 1.9863 1.9853 1.9844 1.9817 1.9789 1.9764 1.9738 1.9723 1.9743 1.9776 1.9815 1.9861 1.9904 1.9934 1.9941 1.9939 1.9932 
567.5 2.0913 2.0914 2.0916 2.0918 2.0919 2.092 2.0918 2.0917 2.0914 2.0909 2.0903 2.0896 2.0888 2.0879 2.0869 2.0859 2.0847 2.0835 2.0822 2.0808 2.0794 2.0778 2.0762 2.0745 2.0727 2.0708 2.0689 2.0669 2.0647 2.0625 2.0601 2.0577 2.0553 2.0529 2.0506 2.0482 2.0456 2.0431 2.0403 2.0375 2.0346 2.0317 2.0285 2.0244 2.0204 2.018 2.0163 2.0146 2.0127 2.0108 2.0091 2.0073 2.0057 2.0045 2.0032 2.002 2.0008 1.9996 1.9984 1.9973 1.9962 1.9951 1.9941 1.9934 1.9926 1.992 1.9915 1.9911 1.9907 1.9903 1.9901 1.9899 1.9898 1.99 1.9902 1.9908 1.9913 1.9919 1.9921 1.9922 1.9924 1.9927 1.9922 1.9916 1.9906 1.9895 1.9869 1.9841 1.9817 1.9793 1.978 1.9805 1.9838 1.988 1.9927 1.997 2 2.0008 2.0006 1.9999 
568 2.0968 2.0969 2.0971 2.0972 2.0974 2.0974 2.0973 2.0973 2.0969 2.0965 2.0959 2.0952 2.0944 2.0935 2.0925 2.0915 2.0903 2.0891 2.0878 2.0865 2.085 2.0835 2.0819 2.0802 2.0784 2.0765 2.0746 2.0726 2.0704 2.0682 2.0659 2.0635 2.0611 2.0588 2.0566 2.0541 2.0516 2.0491 2.0464 2.0437 2.0399 2.0357 2.0316 2.0279 2.0243 2.0221 2.0204 2.0187 2.0169 2.015 2.0134 2.0117 2.0102 2.009 2.0078 2.0066 2.0054 2.0042 2.0032 2.0021 2.001 1.9999 1.999 1.9983 1.9976 1.9971 1.9966 1.9962 1.9959 1.9955 1.9953 1.9951 1.9951 1.9954 1.9957 1.9963 1.9969 1.9974 1.9976 1.9977 1.998 1.9982 1.9977 1.9972 1.9961 1.995 1.9923 1.9896 1.9874 1.9852 1.9842 1.9871 1.9907 1.9951 1.9999 2.0044 2.0074 2.0081 2.008 2.0073 
568.5 2.1035 2.1036 2.1037 2.1039 2.104 2.1041 2.104 2.1039 2.1035 2.103 2.1024 2.1017 2.1009 2.1 2.099 2.0979 2.0967 2.0955 2.0942 2.0928 2.0913 2.0897 2.0881 2.0863 2.0845 2.0826 2.0806 2.0785 2.0763 2.0741 2.0717 2.0692 2.0668 2.0645 2.0622 2.0597 2.0571 2.0545 2.0518 2.049 2.0452 2.041 2.037 2.0335 2.0301 2.0279 2.0261 2.0244 2.0225 2.0206 2.0189 2.0173 2.0158 2.0146 2.0134 2.0122 2.011 2.0098 2.0087 2.0076 2.0065 2.0055 2.0045 2.0039 2.0032 2.0027 2.0023 2.0019 2.0016 2.0013 2.0011 2.0009 2.001 2.0013 2.0016 2.0023 2.0029 2.0033 2.0035 2.0038 2.0039 2.0041 2.0037 2.0032 2.002 2.0008 1.9982 1.9954 1.9933 1.9913 1.9906 1.9939 1.9975 2.0021 2.0069 2.0113 2.0141 2.0148 2.0144 2.0135 
569 2.109 2.109 2.1092 2.1094 2.1095 2.1095 2.1094 2.1093 2.109 2.1085 2.1078 2.1071 2.1063 2.1053 2.1043 2.1032 2.1021 2.1008 2.0994 2.098 2.0965 2.0949 2.0933 2.0915 2.0896 2.0877 2.0857 2.0836 2.0813 2.079 2.0767 2.0742 2.0718 2.0695 2.0671 2.0646 2.062 2.0594 2.0566 2.0537 2.0499 2.0456 2.0416 2.0384 2.0353 2.0331 2.0313 2.0295 2.0276 2.0257 2.0241 2.0226 2.0211 2.0199 2.0186 2.0174 2.0162 2.015 2.0139 2.0128 2.0117 2.0107 2.0097 2.0091 2.0085 2.0081 2.0076 2.0072 2.0069 2.0066 2.0064 2.0063 2.0063 2.0067 2.0071 2.0078 2.0085 2.0087 2.009 2.0093 2.0094 2.0095 2.0091 2.0087 2.0074 2.006 2.0034 2.0006 1.9986 1.9967 1.9965 1.9999 2.0036 2.0084 2.0132 2.0178 2.0206 2.0213 2.021 2.0202 
569.5 2.1142 2.1143 2.1144 2.1146 2.1147 2.1148 2.1146 2.1145 2.1142 2.1137 2.113 2.1123 2.1115 2.1105 2.1095 2.1084 2.1072 2.1059 2.1046 2.1031 2.1016 2.0999 2.0983 2.0964 2.0946 2.0926 2.0906 2.0885 2.0862 2.0839 2.0815 2.0791 2.0767 2.0744 2.072 2.0694 2.0668 2.0641 2.0612 2.0584 2.0545 2.0501 2.0461 2.0432 2.0403 2.0383 2.0365 2.0346 2.0327 2.0308 2.0292 2.0278 2.0263 2.0251 2.0239 2.0227 2.0215 2.0203 2.0192 2.0181 2.017 2.0159 2.015 2.0145 2.0139 2.0134 2.013 2.0126 2.0123 2.0121 2.0119 2.0118 2.0119 2.0124 2.0128 2.0135 2.0142 2.0144 2.0147 2.015 2.015 2.0151 2.0148 2.0144 2.013 2.0115 2.0088 2.0061 2.0044 2.0027 2.003 2.0066 2.0104 2.0154 2.0203 2.025 2.0278 2.0285 2.0282 2.0274 
570 2.1193 2.1194 2.1196 2.1197 2.1199 2.1199 2.1198 2.1197 2.1194 2.1188 2.1182 2.1175 2.1166 2.1157 2.1146 2.1135 2.1123 2.111 2.1096 2.1082 2.1066 2.105 2.1033 2.1014 2.0996 2.0976 2.0955 2.0934 2.091 2.0887 2.0864 2.084 2.0817 2.0793 2.0768 2.0743 2.0716 2.0689 2.0659 2.063 2.0591 2.0546 2.0506 2.0481 2.0455 2.0435 2.0417 2.0398 2.0379 2.0359 2.0344 2.033 2.0317 2.0304 2.0292 2.028 2.0268 2.0256 2.0245 2.0234 2.0223 2.0213 2.0205 2.0199 2.0194 2.0189 2.0185 2.0181 2.0179 2.0176 2.0175 2.0175 2.0176 2.0181 2.0186 2.0193 2.0199 2.0201 2.0205 2.0208 2.0208 2.0208 2.0205 2.0202 2.0187 2.0172 2.0146 2.012 2.0104 2.0088 2.0098 2.0135 2.0175 2.0228 2.0278 2.0325 2.0352 2.036 2.0356 2.0348 
570.5 2.1251 2.1252 2.1254 2.1255 2.1257 2.1257 2.1256 2.1254 2.1251 2.1246 2.1239 2.1232 2.1223 2.1213 2.1203 2.1192 2.1179 2.1166 2.1152 2.1138 2.1122 2.1105 2.1088 2.1069 2.105 2.103 2.1009 2.0987 2.0964 2.094 2.0917 2.0893 2.0869 2.0845 2.082 2.0794 2.0767 2.0739 2.071 2.0682 2.0642 2.0599 2.0559 2.0537 2.0514 2.0494 2.0476 2.0457 2.0437 2.0417 2.0403 2.039 2.0377 2.0364 2.0352 2.034 2.0328 2.0316 2.0305 2.0294 2.0284 2.0274 2.0266 2.0261 2.0255 2.0251 2.0247 2.0243 2.0241 2.0239 2.0238 2.0238 2.024 2.0246 2.0251 2.0257 2.0264 2.0266 2.027 2.0274 2.0274 2.0273 2.0271 2.0268 2.0252 2.0235 2.021 2.0185 2.0171 2.0156 2.0172 2.021 2.025 2.0305 2.0355 2.0402 2.0427 2.0433 2.0428 2.0417 
571 2.1303 2.1304 2.1305 2.1307 2.1308 2.1308 2.1307 2.1306 2.1302 2.1297 2.129 2.1282 2.1274 2.1264 2.1253 2.1242 2.1229 2.1216 2.1202 2.1187 2.1171 2.1154 2.1137 2.1118 2.1099 2.1078 2.1057 2.1035 2.1011 2.0987 2.0964 2.0941 2.0917 2.0893 2.0868 2.0841 2.0814 2.0786 2.0756 2.0727 2.0688 2.0644 2.0605 2.0585 2.0565 2.0547 2.0528 2.0509 2.0489 2.047 2.0455 2.0443 2.0431 2.0418 2.0406 2.0394 2.0382 2.037 2.0359 2.0348 2.0339 2.0329 2.0322 2.0316 2.0311 2.0307 2.0303 2.03 2.0298 2.0295 2.0295 2.0296 2.0298 2.0304 2.031 2.0316 2.0322 2.0324 2.0328 2.0333 2.0332 2.0331 2.0329 2.0326 2.0309 2.0291 2.0267 2.0243 2.0229 2.0216 2.0236 2.0275 2.0317 2.0372 2.0423 2.047 2.0496 2.0502 2.0498 2.0488 
571.5 2.1354 2.1355 2.1356 2.1358 2.1359 2.1359 2.1358 2.1357 2.1353 2.1348 2.1341 2.1333 2.1325 2.1315 2.1304 2.1292 2.128 2.1267 2.1252 2.1237 2.1221 2.1204 2.1186 2.1167 2.1148 2.1127 2.1105 2.1083 2.1059 2.1035 2.1011 2.0989 2.0966 2.0941 2.0915 2.0888 2.086 2.0832 2.0802 2.0773 2.0733 2.0689 2.0651 2.0634 2.0617 2.0598 2.0579 2.0561 2.0542 2.0523 2.0509 2.0496 2.0484 2.0472 2.0459 2.0447 2.0435 2.0424 2.0413 2.0402 2.0393 2.0384 2.0377 2.0372 2.0367 2.0363 2.0359 2.0356 2.0354 2.0352 2.0353 2.0354 2.0357 2.0363 2.0369 2.0375 2.038 2.0383 2.0388 2.0393 2.0391 2.0389 2.0388 2.0386 2.0368 2.0348 2.0326 2.0303 2.0291 2.0279 2.0305 2.0345 2.039 2.0447 2.0499 2.0547 2.0571 2.0577 2.0573 2.0563 
572 2.1407 2.1408 2.1409 2.1411 2.1412 2.1412 2.1411 2.141 2.1406 2.1401 2.1394 2.1386 2.1377 2.1368 2.1357 2.1345 2.1333 2.1319 2.1305 2.129 2.1273 2.1256 2.1239 2.1219 2.12 2.1179 2.1157 2.1135 2.1111 2.1087 2.1064 2.1041 2.1018 2.0993 2.0967 2.094 2.0912 2.0883 2.0849 2.0815 2.0777 2.0738 2.0703 2.0685 2.0668 2.0649 2.0631 2.0612 2.0594 2.0576 2.0562 2.055 2.0538 2.0525 2.0513 2.0501 2.049 2.0479 2.0468 2.0457 2.0449 2.0441 2.0434 2.0429 2.0424 2.0421 2.0417 2.0415 2.0413 2.0411 2.0413 2.0415 2.0418 2.0425 2.0432 2.0437 2.0442 2.0445 2.0451 2.0456 2.0455 2.0452 2.0451 2.0449 2.043 2.041 2.0389 2.0367 2.0358 2.0349 2.038 2.0423 2.047 2.0528 2.0582 2.063 2.0654 2.0659 2.0655 2.0644 
572.5 2.1471 2.1472 2.1473 2.1475 2.1476 2.1476 2.1475 2.1473 2.147 2.1464 2.1457 2.1449 2.144 2.1431 2.142 2.1408 2.1395 2.1381 2.1367 2.1351 2.1335 2.1317 2.1299 2.128 2.126 2.1239 2.1216 2.1194 2.117 2.1147 2.1123 2.11 2.1076 2.1051 2.1025 2.0997 2.0968 2.0938 2.0903 2.0868 2.0832 2.0796 2.0764 2.0746 2.0728 2.0709 2.069 2.0671 2.0654 2.0637 2.0624 2.0611 2.0599 2.0587 2.0574 2.0563 2.0551 2.054 2.053 2.0519 2.0511 2.0504 2.0498 2.0493 2.0489 2.0485 2.0482 2.048 2.0479 2.0477 2.048 2.0482 2.0487 2.0494 2.0501 2.0506 2.0511 2.0515 2.0521 2.0526 2.0525 2.0522 2.052 2.0517 2.0498 2.0478 2.0458 2.0439 2.0431 2.0425 2.0462 2.0505 2.0555 2.0613 2.0667 2.0714 2.0736 2.0739 2.0734 2.0721 
573 2.1529 2.153 2.1531 2.1532 2.1534 2.1534 2.1532 2.1531 2.1527 2.1521 2.1514 2.1506 2.1497 2.1487 2.1476 2.1464 2.1451 2.1437 2.1422 2.1406 2.139 2.1372 2.1354 2.1334 2.1314 2.1292 2.127 2.1247 2.1224 2.12 2.1177 2.1153 2.1129 2.1103 2.1077 2.1049 2.102 2.0989 2.0954 2.0918 2.0884 2.0851 2.0821 2.0803 2.0785 2.0766 2.0747 2.0728 2.0712 2.0696 2.0682 2.067 2.0658 2.0645 2.0633 2.0621 2.061 2.0599 2.0589 2.0578 2.057 2.0564 2.0558 2.0554 2.0549 2.0546 2.0543 2.0541 2.054 2.0539 2.0542 2.0545 2.055 2.0558 2.0565 2.057 2.0574 2.0578 2.0583 2.0588 2.0587 2.0585 2.0581 2.0577 2.0558 2.0538 2.052 2.0501 2.0496 2.0491 2.0532 2.0577 2.0629 2.0688 2.0743 2.0789 2.081 2.0813 2.0808 2.0794 
573.5 2.1585 2.1585 2.1587 2.1588 2.159 2.1589 2.1588 2.1586 2.1583 2.1577 2.157 2.1562 2.1552 2.1542 2.1531 2.1519 2.1506 2.1492 2.1476 2.1461 2.1443 2.1426 2.1407 2.1387 2.1367 2.1345 2.1322 2.1299 2.1276 2.1253 2.123 2.1206 2.1181 2.1155 2.1128 2.1099 2.107 2.1039 2.1003 2.0967 2.0935 2.0905 2.0878 2.086 2.0841 2.0822 2.0803 2.0784 2.0769 2.0754 2.0741 2.0728 2.0716 2.0703 2.0691 2.068 2.0669 2.0658 2.0647 2.0637 2.063 2.0624 2.0619 2.0615 2.061 2.0607 2.0605 2.0603 2.0602 2.0601 2.0605 2.0609 2.0615 2.0623 2.0631 2.0635 2.0639 2.0643 2.0648 2.0652 2.0651 2.065 2.0645 2.064 2.0621 2.0601 2.0584 2.0567 2.0567 2.0567 2.0609 2.0655 2.071 2.077 2.0826 2.0872 2.0892 2.0893 2.0888 2.0873 
574 2.1642 2.1643 2.1645 2.1646 2.1648 2.1648 2.1646 2.1645 2.1641 2.1635 2.1628 2.162 2.1611 2.1601 2.159 2.1577 2.1564 2.155 2.1535 2.1519 2.1502 2.1484 2.1466 2.1446 2.1426 2.1404 2.1381 2.1358 2.1336 2.1314 2.129 2.1266 2.1242 2.1215 2.1189 2.116 2.1131 2.1099 2.1054 2.1009 2.0978 2.0953 2.093 2.0912 2.0894 2.0875 2.0855 2.0837 2.0824 2.081 2.0797 2.0785 2.0773 2.0761 2.0749 2.0738 2.0727 2.0717 2.0706 2.0696 2.069 2.0685 2.0681 2.0677 2.0673 2.067 2.0668 2.0667 2.0666 2.0666 2.067 2.0676 2.0682 2.069 2.0698 2.0703 2.0706 2.0711 2.0715 2.0719 2.0719 2.0718 2.0712 2.0706 2.0687 2.0668 2.0653 2.0638 2.0643 2.0649 2.0693 2.074 2.0799 2.0859 2.0917 2.0962 2.098 2.098 2.0974 2.0957 
574.5 2.1715 2.1716 2.1717 2.1718 2.172 2.1719 2.1718 2.1716 2.1712 2.1706 2.1699 2.1691 2.1681 2.1671 2.1659 2.1647 2.1633 2.1619 2.1604 2.1587 2.157 2.1552 2.1533 2.1512 2.1491 2.1469 2.1445 2.1422 2.14 2.1377 2.1354 2.1329 2.1304 2.1277 2.1249 2.122 2.1191 2.1158 2.1114 2.1069 2.1041 2.1019 2.0998 2.0979 2.0961 2.0941 2.0921 2.0903 2.089 2.0877 2.0865 2.0852 2.084 2.0828 2.0816 2.0805 2.0794 2.0784 2.0774 2.0765 2.0759 2.0754 2.075 2.0746 2.0742 2.074 2.0739 2.0738 2.0738 2.0738 2.0743 2.0749 2.0756 2.0764 2.0772 2.0777 2.0781 2.0787 2.079 2.0793 2.0793 2.0793 2.0786 2.0779 2.0761 2.0742 2.0729 2.0716 2.0725 2.0736 2.0781 2.083 2.089 2.0951 2.1008 2.1052 2.1067 2.1064 2.1056 2.1035 
575 2.1778 2.1778 2.178 2.1781 2.1782 2.1782 2.178 2.1779 2.1775 2.1769 2.1761 2.1753 2.1743 2.1733 2.1721 2.1708 2.1694 2.168 2.1664 2.1648 2.163 2.1611 2.1592 2.1571 2.155 2.1527 2.1504 2.1481 2.1458 2.1436 2.1412 2.1387 2.1362 2.1334 2.1306 2.1276 2.1246 2.1213 2.1168 2.1123 2.1097 2.1079 2.1061 2.1042 2.1023 2.1004 2.0984 2.0966 2.0954 2.0942 2.0929 2.0917 2.0904 2.0893 2.0881 2.087 2.0859 2.0849 2.084 2.0831 2.0826 2.0821 2.0817 2.0813 2.081 2.0808 2.0807 2.0806 2.0807 2.0807 2.0813 2.082 2.0827 2.0834 2.0842 2.0847 2.0852 2.0858 2.0861 2.0863 2.0864 2.0864 2.0856 2.0846 2.0828 2.0809 2.0798 2.0787 2.0801 2.0816 2.0862 2.0912 2.0975 2.1036 2.1094 2.1137 2.1151 2.1146 2.1138 2.1116 
575.5 2.1843 2.1844 2.1845 2.1846 2.1848 2.1847 2.1846 2.1844 2.184 2.1834 2.1826 2.1818 2.1808 2.1797 2.1785 2.1772 2.1758 2.1744 2.1728 2.1711 2.1693 2.1674 2.1655 2.1633 2.1611 2.1589 2.1567 2.1544 2.1521 2.1499 2.1474 2.1449 2.1423 2.1394 2.1366 2.1336 2.1304 2.1271 2.1229 2.1188 2.1163 2.1145 2.1127 2.1108 2.1089 2.107 2.1052 2.1035 2.1022 2.101 2.0997 2.0985 2.0972 2.0961 2.0949 2.0938 2.0927 2.0917 2.0909 2.0901 2.0895 2.0891 2.0886 2.0883 2.088 2.0878 2.0877 2.0876 2.0878 2.0879 2.0885 2.0892 2.0899 2.0906 2.0912 2.0918 2.0923 2.093 2.0931 2.0932 2.0934 2.0935 2.0925 2.0914 2.0895 2.0877 2.0868 2.0859 2.0878 2.0897 2.0945 2.0997 2.1062 2.1124 2.1183 2.1225 2.1236 2.1229 2.1219 2.1194 
576 2.191 2.1911 2.1912 2.1914 2.1915 2.1914 2.1913 2.1911 2.1907 2.1901 2.1893 2.1884 2.1874 2.1864 2.1851 2.1838 2.1824 2.1809 2.1793 2.1776 2.1758 2.1738 2.1719 2.1697 2.1675 2.1653 2.163 2.1608 2.1585 2.1561 2.1536 2.151 2.1484 2.1455 2.1426 2.1395 2.1363 2.133 2.1293 2.1256 2.1232 2.1214 2.1195 2.1176 2.1156 2.1138 2.112 2.1103 2.109 2.1078 2.1065 2.1052 2.1039 2.1028 2.1016 2.1005 2.0994 2.0984 2.0976 2.0968 2.0963 2.0959 2.0954 2.0951 2.0948 2.0946 2.0945 2.0945 2.0947 2.0949 2.0955 2.0962 2.0969 2.0976 2.0982 2.0988 2.0993 2.1001 2.1002 2.1002 2.1004 2.1006 2.0995 2.0982 2.0965 2.0947 2.094 2.0934 2.0957 2.0983 2.1032 2.1087 2.1154 2.1216 2.1275 2.1315 2.1325 2.1315 2.1303 2.1275 
576.5 2.198 2.1981 2.1982 2.1983 2.1984 2.1984 2.1982 2.198 2.1975 2.1969 2.1961 2.1952 2.1942 2.1931 2.1919 2.1905 2.1891 2.1876 2.1859 2.1842 2.1823 2.1803 2.1783 2.1761 2.1738 2.1716 2.1695 2.1673 2.1649 2.1625 2.16 2.1573 2.1546 2.1517 2.1487 2.1456 2.1424 2.1392 2.1358 2.1325 2.1303 2.1284 2.1265 2.1245 2.1226 2.1208 2.1191 2.1175 2.1162 2.115 2.1137 2.1123 2.1111 2.1099 2.1088 2.1077 2.1066 2.1056 2.1048 2.1041 2.1036 2.1032 2.1027 2.1024 2.1021 2.102 2.1018 2.1019 2.1021 2.1024 2.103 2.1038 2.1045 2.105 2.1056 2.1062 2.1068 2.1076 2.1076 2.1076 2.1078 2.108 2.1068 2.1053 2.1037 2.102 2.1015 2.101 2.1037 2.1066 2.1116 2.1174 2.124 2.1302 2.136 2.1397 2.1404 2.1391 2.1376 2.1345 
577 2.204 2.204 2.2041 2.2043 2.2044 2.2043 2.2041 2.2039 2.2035 2.2028 2.202 2.2011 2.2001 2.199 2.1977 2.1963 2.1949 2.1933 2.1916 2.1899 2.188 2.1859 2.1839 2.1817 2.1794 2.1773 2.1751 2.1729 2.1705 2.1681 2.1655 2.1628 2.1601 2.157 2.154 2.1508 2.1476 2.1443 2.1415 2.1386 2.1364 2.1345 2.1326 2.1306 2.1286 2.1269 2.1253 2.1238 2.1225 2.1212 2.1199 2.1186 2.1174 2.1162 2.115 2.1139 2.1128 2.1118 2.1112 2.1105 2.11 2.1096 2.1092 2.1089 2.1086 2.1084 2.1083 2.1084 2.1087 2.1091 2.1098 2.1105 2.1112 2.1118 2.1123 2.1129 2.1136 2.1142 2.1142 2.1142 2.1144 2.1146 2.1133 2.1118 2.1103 2.1088 2.1084 2.108 2.1112 2.1145 2.1197 2.1257 2.1324 2.1387 2.1445 2.1481 2.1486 2.1471 2.1455 2.1422 
577.5 2.2104 2.2104 2.2106 2.2107 2.2108 2.2108 2.2106 2.2104 2.2099 2.2093 2.2085 2.2076 2.2066 2.2054 2.2042 2.2028 2.2014 2.1998 2.1981 2.1964 2.1945 2.1924 2.1904 2.1883 2.1861 2.184 2.1818 2.1797 2.1773 2.1749 2.1723 2.1696 2.1668 2.1639 2.161 2.1569 2.1523 2.1481 2.1459 2.1436 2.1416 2.1398 2.1379 2.1359 2.1339 2.1323 2.1309 2.1295 2.1283 2.127 2.1257 2.1245 2.1232 2.1221 2.121 2.1199 2.1188 2.1178 2.1173 2.1167 2.1163 2.1159 2.1155 2.1152 2.115 2.1149 2.1148 2.1149 2.1154 2.1158 2.1166 2.1174 2.1181 2.1186 2.1191 2.1198 2.1205 2.1209 2.121 2.1211 2.1211 2.1212 2.1199 2.1185 2.1172 2.1159 2.1157 2.1156 2.1192 2.123 2.1284 2.1347 2.1416 2.1481 2.1538 2.1572 2.1576 2.1558 2.154 2.1504 
578 2.2175 2.2176 2.2177 2.2178 2.2179 2.2178 2.2176 2.2174 2.2169 2.2163 2.2154 2.2145 2.2134 2.2123 2.211 2.2096 2.2081 2.2065 2.2047 2.2029 2.201 2.1989 2.1968 2.1947 2.1926 2.1904 2.1882 2.1859 2.1834 2.1809 2.1783 2.1755 2.1726 2.1696 2.1666 2.1625 2.1579 2.1538 2.1519 2.15 2.1481 2.1462 2.1442 2.1421 2.1401 2.1385 2.1372 2.1359 2.1346 2.1333 2.132 2.1308 2.1295 2.1284 2.1273 2.1262 2.1252 2.1243 2.1237 2.1232 2.1228 2.1224 2.122 2.1218 2.1216 2.1215 2.1215 2.1216 2.1222 2.1227 2.1235 2.1244 2.1251 2.1256 2.1261 2.1269 2.1276 2.1279 2.128 2.1282 2.1281 2.128 2.1268 2.1254 2.1243 2.1232 2.1233 2.1234 2.1275 2.1319 2.1374 2.144 2.151 2.1575 2.1631 2.1661 2.1664 2.1643 2.1623 2.1585 
578.5 2.2239 2.224 2.2241 2.2242 2.2243 2.2242 2.224 2.2237 2.2233 2.2226 2.2218 2.2208 2.2197 2.2185 2.2172 2.2158 2.2143 2.2126 2.2109 2.209 2.207 2.2049 2.2028 2.2008 2.1987 2.1965 2.1943 2.192 2.1895 2.1869 2.1842 2.1814 2.1785 2.1754 2.1723 2.1684 2.1642 2.1604 2.1586 2.1568 2.1549 2.1529 2.151 2.149 2.147 2.1455 2.1442 2.143 2.1416 2.1403 2.1391 2.1378 2.1366 2.1355 2.1343 2.1334 2.1324 2.1316 2.1311 2.1306 2.1302 2.1298 2.1294 2.1293 2.1291 2.129 2.1291 2.1293 2.1299 2.1305 2.1314 2.1322 2.133 2.1335 2.134 2.1347 2.1355 2.1356 2.1358 2.136 2.1358 2.1356 2.1344 2.1331 2.1321 2.1312 2.1315 2.1319 2.1364 2.1412 2.1469 2.1538 2.1608 2.1673 2.1728 2.1755 2.1754 2.1729 2.1707 2.1664 
579 2.2298 2.2299 2.23 2.2301 2.2302 2.2301 2.2299 2.2297 2.2292 2.2285 2.2277 2.2267 2.2256 2.2244 2.2231 2.2216 2.2201 2.2184 2.2166 2.2148 2.2127 2.2107 2.2086 2.2065 2.2045 2.2023 2.2 2.1977 2.1951 2.1926 2.1898 2.1869 2.184 2.1808 2.1777 2.1741 2.1704 2.167 2.1651 2.1633 2.1613 2.1593 2.1574 2.1555 2.1537 2.1522 2.1509 2.1496 2.1483 2.1469 2.1457 2.1445 2.1433 2.1422 2.141 2.1401 2.1393 2.1385 2.138 2.1375 2.1371 2.1368 2.1365 2.1364 2.1362 2.1363 2.1364 2.1367 2.1374 2.138 2.1388 2.1397 2.1404 2.141 2.1415 2.1422 2.143 2.1431 2.1434 2.1437 2.1434 2.1429 2.1417 2.1405 2.1398 2.1391 2.1397 2.1405 2.1455 2.1508 2.1567 2.164 2.1711 2.1777 2.183 2.1854 2.1851 2.1822 2.1797 2.1751 
579.5 2.2363 2.2363 2.2364 2.2365 2.2366 2.2365 2.2363 2.236 2.2355 2.2348 2.234 2.233 2.2319 2.2307 2.2293 2.2278 2.2262 2.2246 2.2227 2.2208 2.2188 2.2168 2.2147 2.2126 2.2106 2.2084 2.206 2.2037 2.201 2.1984 2.1956 2.1926 2.1896 2.1865 2.1833 2.1801 2.1768 2.1738 2.1719 2.1701 2.1681 2.166 2.1641 2.1624 2.1606 2.1592 2.1579 2.1566 2.1552 2.1539 2.1527 2.1515 2.1504 2.1492 2.1481 2.1472 2.1465 2.1458 2.1453 2.1449 2.1445 2.1442 2.144 2.1438 2.1437 2.1439 2.1441 2.1444 2.1452 2.1459 2.1467 2.1475 2.1482 2.1488 2.1495 2.1501 2.1507 2.1509 2.1512 2.1517 2.1512 2.1506 2.1494 2.1482 2.1477 2.1473 2.1483 2.1495 2.1549 2.1606 2.1668 2.1742 2.1813 2.1879 2.1931 2.1951 2.1945 2.1912 2.1885 2.1835 
580 2.2421 2.2421 2.2422 2.2423 2.2424 2.2423 2.242 2.2418 2.2413 2.2406 2.2397 2.2387 2.2376 2.2363 2.2349 2.2335 2.2318 2.2301 2.2283 2.2263 2.2244 2.2224 2.2205 2.2184 2.2163 2.214 2.2116 2.2092 2.2065 2.2039 2.201 2.198 2.1949 2.1917 2.1885 2.1856 2.1828 2.1803 2.1784 2.1765 2.1745 2.1725 2.1705 2.1689 2.1674 2.166 2.1647 2.1633 2.162 2.1607 2.1595 2.1583 2.1572 2.1561 2.1549 2.1542 2.1535 2.1529 2.1525 2.152 2.1517 2.1514 2.1512 2.1511 2.151 2.1512 2.1515 2.152 2.1528 2.1535 2.1543 2.155 2.1557 2.1564 2.1571 2.1577 2.1582 2.1584 2.1589 2.1594 2.1587 2.1579 2.1568 2.1556 2.1554 2.1553 2.1569 2.1587 2.1644 2.1702 2.1768 2.1843 2.1915 2.1981 2.203 2.2047 2.2037 2.2001 2.197 2.1916 
580.5 2.2488 2.2488 2.2489 2.249 2.249 2.249 2.2487 2.2485 2.248 2.2473 2.2464 2.2454 2.2442 2.243 2.2416 2.2401 2.2385 2.2367 2.2349 2.2329 2.231 2.2292 2.2273 2.2252 2.223 2.2208 2.2184 2.2159 2.2132 2.2105 2.2076 2.2046 2.2014 2.1975 2.1936 2.191 2.189 2.187 2.1851 2.1832 2.1812 2.1791 2.1772 2.1758 2.1744 2.173 2.1717 2.1704 2.1691 2.1679 2.1667 2.1655 2.1644 2.1633 2.1622 2.1615 2.161 2.1605 2.16 2.1596 2.1593 2.1591 2.1589 2.1589 2.1588 2.1592 2.1596 2.1602 2.161 2.1618 2.1625 2.1632 2.1639 2.1647 2.1655 2.1659 2.1663 2.1667 2.1672 2.1678 2.167 2.166 2.1649 2.1638 2.1639 2.1641 2.1665 2.169 2.1748 2.1808 2.1878 2.1954 2.2025 2.2092 2.2138 2.2149 2.2133 2.2092 2.2055 2.1994 
581 2.2555 2.2556 2.2556 2.2557 2.2558 2.2557 2.2554 2.2551 2.2546 2.2539 2.253 2.2519 2.2507 2.2495 2.248 2.2465 2.2448 2.243 2.2412 2.2393 2.2374 2.2355 2.2336 2.2314 2.2292 2.2269 2.2244 2.2219 2.2191 2.2163 2.2134 2.2103 2.2071 2.2035 2.1998 2.1975 2.1956 2.1938 2.1919 2.1899 2.1879 2.1858 2.1839 2.1826 2.1813 2.18 2.1786 2.1773 2.1761 2.1748 2.1736 2.1724 2.1713 2.1703 2.1692 2.1686 2.1681 2.1676 2.1672 2.1668 2.1665 2.1663 2.1662 2.1662 2.1662 2.1666 2.1671 2.1678 2.1687 2.1695 2.1702 2.1708 2.1716 2.1724 2.1733 2.1736 2.1739 2.1743 2.1748 2.1752 2.1744 2.1735 2.1726 2.1717 2.172 2.1723 2.1752 2.1782 2.1842 2.1905 2.1977 2.2054 2.2125 2.2191 2.2235 2.2241 2.2221 2.2175 2.2134 2.2068 
581.5 2.2614 2.2614 2.2615 2.2616 2.2616 2.2615 2.2612 2.261 2.2604 2.2597 2.2587 2.2577 2.2565 2.2552 2.2537 2.2521 2.2504 2.2486 2.2468 2.2451 2.2432 2.2412 2.2393 2.2371 2.2349 2.2325 2.2299 2.2274 2.2246 2.2217 2.2187 2.2155 2.2123 2.2092 2.2062 2.2039 2.2021 2.2002 2.1982 2.1962 2.1943 2.1924 2.1905 2.1892 2.1879 2.1866 2.1853 2.1839 2.1827 2.1815 2.1803 2.1791 2.178 2.1771 2.1761 2.1755 2.175 2.1746 2.1742 2.1738 2.1736 2.1734 2.1733 2.1733 2.1733 2.1738 2.1745 2.1752 2.1761 2.1771 2.1777 2.1783 2.179 2.1799 2.1808 2.1811 2.1813 2.1818 2.1821 2.1824 2.1816 2.1807 2.18 2.1794 2.1798 2.1803 2.1838 2.1875 2.1937 2.2001 2.2077 2.2155 2.2227 2.2291 2.2331 2.2334 2.2308 2.2259 2.2215 2.2146 
582 2.2679 2.268 2.268 2.2681 2.2682 2.268 2.2678 2.2675 2.267 2.2662 2.2653 2.2642 2.263 2.2617 2.2602 2.2586 2.2569 2.2552 2.2534 2.2517 2.2499 2.2479 2.2459 2.2437 2.2414 2.239 2.2365 2.2339 2.231 2.2281 2.2251 2.2219 2.2188 2.2155 2.2123 2.21 2.2082 2.2063 2.2043 2.2023 2.2005 2.1987 2.197 2.1957 2.1944 2.1931 2.1918 2.1905 2.1893 2.1881 2.1869 2.1858 2.1847 2.1839 2.1831 2.1826 2.1821 2.1816 2.1813 2.181 2.1808 2.1807 2.1806 2.1807 2.1809 2.1815 2.1822 2.183 2.1839 2.1848 2.1855 2.1861 2.1868 2.1876 2.1885 2.1888 2.1892 2.1897 2.1899 2.19 2.1893 2.1885 2.188 2.1876 2.1884 2.1892 2.1933 2.1977 2.2042 2.2108 2.2188 2.2267 2.2339 2.2401 2.2437 2.2435 2.2404 2.235 2.2301 2.2225 
582.5 2.2749 2.2749 2.275 2.275 2.2751 2.2749 2.2746 2.2743 2.2737 2.273 2.272 2.2709 2.2697 2.2683 2.2668 2.2652 2.2635 2.2618 2.2601 2.2584 2.2565 2.2544 2.2524 2.2501 2.2478 2.2453 2.2427 2.2401 2.2371 2.2342 2.231 2.2278 2.2247 2.2221 2.2195 2.2174 2.2155 2.2136 2.2116 2.2096 2.2078 2.2062 2.2047 2.2034 2.202 2.2007 2.1994 2.1981 2.1969 2.1957 2.1946 2.1935 2.1924 2.1917 2.191 2.1905 2.1901 2.1897 2.1894 2.1891 2.1889 2.1888 2.1889 2.1891 2.1893 2.19 2.1908 2.1916 2.1924 2.1933 2.194 2.1947 2.1954 2.1962 2.197 2.1974 2.1979 2.1985 2.1985 2.1984 2.1977 2.197 2.1968 2.1967 2.1977 2.1988 2.2035 2.2085 2.2153 2.2222 2.2303 2.2381 2.2453 2.2512 2.2542 2.2535 2.2498 2.2439 2.2384 2.2303 
583 2.2808 2.2809 2.2809 2.2809 2.281 2.2808 2.2805 2.2802 2.2796 2.2788 2.2779 2.2768 2.2755 2.2741 2.2726 2.271 2.2694 2.2678 2.2661 2.2643 2.2624 2.2603 2.2583 2.2559 2.2536 2.251 2.2484 2.2457 2.2427 2.2396 2.2364 2.2331 2.2301 2.2281 2.2261 2.2242 2.2223 2.2204 2.2183 2.2162 2.2146 2.2132 2.2118 2.2105 2.2091 2.2078 2.2065 2.2053 2.2041 2.2029 2.2018 2.2007 2.1997 2.1991 2.1986 2.1981 2.1977 2.1973 2.1971 2.1968 2.1968 2.1967 2.1968 2.1972 2.1975 2.1983 2.1991 2.1999 2.2008 2.2016 2.2023 2.2031 2.2039 2.2046 2.2052 2.2058 2.2063 2.2071 2.2069 2.2065 2.2058 2.2052 2.2053 2.2054 2.2067 2.2082 2.2135 2.2191 2.2262 2.2334 2.2416 2.2494 2.2566 2.2622 2.2647 2.2635 2.2591 2.2528 2.247 2.2384 
583.5 2.2874 2.2875 2.2875 2.2875 2.2876 2.2874 2.2871 2.2868 2.2862 2.2854 2.2844 2.2833 2.282 2.2806 2.2791 2.2776 2.276 2.2744 2.2727 2.2709 2.2689 2.2668 2.2647 2.2623 2.2599 2.2573 2.2546 2.2519 2.2488 2.2457 2.2427 2.2398 2.237 2.2352 2.2334 2.2315 2.2296 2.2276 2.2256 2.2235 2.222 2.2207 2.2194 2.218 2.2167 2.2154 2.2142 2.2129 2.2118 2.2106 2.2095 2.2085 2.2076 2.2071 2.2066 2.2062 2.2058 2.2054 2.2053 2.2051 2.205 2.205 2.2052 2.2057 2.2062 2.207 2.208 2.2088 2.2096 2.2103 2.2112 2.212 2.2128 2.2134 2.214 2.2146 2.2153 2.2161 2.2157 2.2151 2.2145 2.2139 2.2144 2.2149 2.2167 2.2185 2.2245 2.2308 2.2384 2.246 2.2543 2.2621 2.2692 2.2744 2.2763 2.2745 2.2693 2.2624 2.256 2.2467 
584 2.2941 2.2941 2.2941 2.2941 2.2941 2.294 2.2936 2.2933 2.2927 2.2918 2.2908 2.2897 2.2884 2.287 2.2856 2.2841 2.2826 2.281 2.2792 2.2773 2.2753 2.2732 2.271 2.2686 2.2662 2.2635 2.2607 2.2579 2.2548 2.2517 2.249 2.2467 2.2445 2.2427 2.2409 2.2389 2.237 2.235 2.2331 2.2312 2.2298 2.2285 2.2272 2.2259 2.2245 2.2233 2.2221 2.2209 2.2197 2.2186 2.2176 2.2167 2.2159 2.2154 2.215 2.2146 2.2142 2.2139 2.2138 2.2137 2.2137 2.2137 2.214 2.2146 2.2153 2.2162 2.2172 2.2181 2.2187 2.2194 2.2204 2.2213 2.2221 2.2226 2.2231 2.2238 2.2246 2.225 2.2245 2.224 2.2235 2.223 2.2237 2.2246 2.227 2.2296 2.2359 2.2424 2.2503 2.2582 2.2665 2.2742 2.2813 2.2861 2.2873 2.2851 2.2793 2.2721 2.2651 2.2554 
584.5 2.3012 2.3012 2.3012 2.3013 2.3013 2.3011 2.3008 2.3005 2.2999 2.299 2.298 2.2969 2.2957 2.2945 2.2932 2.2918 2.2903 2.2886 2.2869 2.285 2.283 2.2809 2.2787 2.2763 2.2739 2.2712 2.2685 2.2657 2.2626 2.2595 2.2567 2.254 2.2515 2.2498 2.2481 2.2462 2.2443 2.2424 2.2408 2.2392 2.2378 2.2366 2.2353 2.234 2.2328 2.2316 2.2304 2.2293 2.2282 2.2271 2.2262 2.2255 2.2248 2.2244 2.2239 2.2236 2.2233 2.2231 2.223 2.2229 2.223 2.2232 2.2235 2.2243 2.225 2.226 2.227 2.2279 2.2286 2.2292 2.2302 2.2312 2.232 2.2324 2.2329 2.2337 2.2346 2.2344 2.234 2.2335 2.2333 2.2331 2.234 2.2351 2.2383 2.2418 2.2483 2.2551 2.2633 2.2715 2.2798 2.2875 2.2942 2.2985 2.299 2.296 2.2894 2.2815 2.2739 2.2634 
585 2.31 2.31 2.31 2.31 2.31 2.3099 2.3095 2.3091 2.3085 2.3076 2.3066 2.3055 2.3043 2.3031 2.3017 2.3003 2.2987 2.297 2.2951 2.2932 2.2911 2.2889 2.2866 2.2841 2.2816 2.2788 2.2759 2.273 2.2698 2.2667 2.2642 2.2621 2.26 2.2582 2.2564 2.2544 2.2524 2.2505 2.249 2.2475 2.2462 2.2449 2.2436 2.2423 2.241 2.2398 2.2387 2.2376 2.2365 2.2354 2.2346 2.234 2.2334 2.233 2.2326 2.2324 2.2321 2.232 2.2319 2.2319 2.2322 2.2325 2.233 2.2338 2.2346 2.2356 2.2365 2.2374 2.2382 2.2389 2.2398 2.2407 2.2415 2.2421 2.2426 2.2434 2.2441 2.2438 2.2434 2.243 2.2431 2.2433 2.2444 2.2457 2.2498 2.2541 2.2609 2.2679 2.2764 2.2849 2.2933 2.3009 2.3072 2.311 2.3106 2.3069 2.2995 2.2911 2.2828 2.2717 
585.5 2.3173 2.3173 2.3173 2.3173 2.3173 2.3171 2.3167 2.3164 2.3157 2.3149 2.3139 2.3129 2.3118 2.3105 2.3091 2.3077 2.306 2.3043 2.3024 2.3004 2.2983 2.296 2.2937 2.2911 2.2885 2.2856 2.2827 2.2797 2.2771 2.2744 2.2722 2.2702 2.2682 2.2664 2.2645 2.2625 2.2605 2.2586 2.2573 2.256 2.2547 2.2534 2.2521 2.2509 2.2496 2.2485 2.2473 2.2462 2.2451 2.2441 2.2434 2.243 2.2425 2.2421 2.2418 2.2416 2.2414 2.2413 2.2413 2.2413 2.2417 2.2421 2.2428 2.2437 2.2446 2.2455 2.2463 2.2472 2.248 2.2489 2.2497 2.2505 2.2513 2.2519 2.2526 2.2531 2.2535 2.2532 2.2529 2.2526 2.253 2.2535 2.255 2.2566 2.2615 2.2667 2.2737 2.2809 2.2896 2.2985 2.3067 2.3142 2.3201 2.3231 2.322 2.3175 2.3094 2.3005 2.2916 2.2799 
586 2.3252 2.3252 2.3252 2.3253 2.3253 2.325 2.3247 2.3243 2.3237 2.3229 2.322 2.321 2.3199 2.3186 2.3172 2.3156 2.314 2.3122 2.3103 2.3082 2.306 2.3037 2.3014 2.2987 2.296 2.2931 2.2901 2.2872 2.285 2.2829 2.2809 2.279 2.277 2.2751 2.2732 2.2713 2.2694 2.2676 2.2664 2.2651 2.2638 2.2625 2.2612 2.26 2.2588 2.2576 2.2565 2.2554 2.2545 2.2535 2.253 2.2525 2.2521 2.2518 2.2514 2.2513 2.2511 2.2511 2.2511 2.2512 2.2517 2.2523 2.2531 2.254 2.255 2.2558 2.2566 2.2574 2.2583 2.2592 2.2599 2.2605 2.2612 2.262 2.2627 2.2629 2.263 2.2626 2.2623 2.262 2.2627 2.2636 2.2655 2.2674 2.2731 2.279 2.2862 2.2936 2.3024 2.3114 2.3193 2.3266 2.3318 2.3338 2.3318 2.3261 2.3172 2.3075 2.2977 2.2851 
586.5 2.3328 2.3328 2.3328 2.3328 2.3327 2.3326 2.3322 2.3319 2.3314 2.3306 2.3297 2.3286 2.3274 2.3261 2.3246 2.3231 2.3213 2.3195 2.3175 2.3154 2.3131 2.3107 2.3082 2.3055 2.3027 2.2997 2.2965 2.2936 2.2922 2.2908 2.2891 2.2872 2.2853 2.2833 2.2813 2.2795 2.2777 2.2761 2.2747 2.2734 2.272 2.2706 2.2693 2.268 2.2668 2.2655 2.2643 2.2632 2.2623 2.2615 2.2608 2.2603 2.2598 2.2594 2.259 2.2587 2.2585 2.2584 2.2584 2.2584 2.2589 2.2595 2.2601 2.261 2.2618 2.2623 2.2628 2.2633 2.2641 2.2649 2.2653 2.2655 2.2659 2.2665 2.2671 2.2667 2.2661 2.2655 2.265 2.2646 2.2653 2.2662 2.2683 2.2706 2.2765 2.2828 2.29 2.2973 2.3058 2.3145 2.3221 2.3288 2.3334 2.3346 2.3321 2.326 2.3171 2.3076 2.2981 2.2857 
587 2.3386 2.3386 2.3386 2.3386 2.3386 2.3385 2.3382 2.3379 2.3374 2.3366 2.3357 2.3346 2.3334 2.332 2.3305 2.3288 2.327 2.3251 2.3231 2.3209 2.3185 2.316 2.3135 2.3106 2.3078 2.3049 2.3021 2.2994 2.2979 2.2964 2.2946 2.2927 2.2907 2.2885 2.2864 2.2847 2.2831 2.2815 2.2801 2.2786 2.2772 2.2757 2.2743 2.273 2.2716 2.2703 2.269 2.2678 2.267 2.2662 2.2656 2.2649 2.2643 2.2639 2.2634 2.2631 2.2628 2.2626 2.2626 2.2627 2.2631 2.2636 2.2641 2.2647 2.2652 2.2656 2.266 2.2664 2.2669 2.2674 2.2675 2.2676 2.2678 2.2679 2.2681 2.2675 2.2667 2.2658 2.2656 2.2654 2.2661 2.2669 2.2698 2.2729 2.2788 2.2849 2.2922 2.2996 2.3079 2.3162 2.3237 2.33 2.3341 2.3346 2.3319 2.3256 2.317 2.308 2.299 2.2871 
587.5 2.3426 2.3426 2.3426 2.3426 2.3427 2.3425 2.3422 2.3419 2.3413 2.3405 2.3395 2.3383 2.337 2.3356 2.334 2.3323 2.3304 2.3284 2.3262 2.324 2.3215 2.3189 2.3162 2.3133 2.3103 2.3078 2.3056 2.3035 2.302 2.3005 2.2986 2.2965 2.2944 2.2921 2.2899 2.2882 2.2867 2.2852 2.2837 2.2821 2.2806 2.2791 2.2775 2.2761 2.2747 2.2733 2.272 2.2708 2.27 2.2691 2.2684 2.2677 2.267 2.2665 2.2659 2.2655 2.2651 2.2648 2.2649 2.265 2.2654 2.2658 2.2662 2.2664 2.2667 2.2669 2.2672 2.2675 2.2676 2.2677 2.2678 2.2678 2.2677 2.2674 2.2671 2.2663 2.2654 2.2644 2.2644 2.2644 2.2652 2.2661 2.2698 2.2738 2.2797 2.2858 2.2933 2.3008 2.3089 2.3171 2.3245 2.3304 2.3341 2.3343 2.3315 2.3253 2.3171 2.3087 2.3004 2.2891 
588 2.3442 2.3442 2.3442 2.3443 2.3443 2.3441 2.3438 2.3435 2.3429 2.342 2.341 2.3398 2.3385 2.337 2.3353 2.3336 2.3317 2.3296 2.3274 2.3251 2.3225 2.3198 2.3171 2.3141 2.3111 2.3091 2.3078 2.3063 2.3044 2.3025 2.3004 2.2983 2.2961 2.2942 2.2922 2.2905 2.2889 2.2873 2.2857 2.2841 2.2825 2.281 2.2795 2.278 2.2765 2.2752 2.274 2.2729 2.272 2.2711 2.2704 2.2696 2.2689 2.2683 2.2677 2.2673 2.2669 2.2666 2.2668 2.2669 2.2673 2.2677 2.2679 2.2679 2.2679 2.2681 2.2684 2.2685 2.2683 2.2681 2.2681 2.2681 2.2679 2.2671 2.2663 2.2653 2.2643 2.2634 2.2636 2.2639 2.265 2.2663 2.2707 2.2755 2.2815 2.2875 2.2952 2.303 2.3109 2.3189 2.3261 2.3316 2.3347 2.3346 2.3318 2.3256 2.3179 2.3101 2.3023 2.2915 
588.5 2.3453 2.3453 2.3453 2.3453 2.3453 2.3451 2.3447 2.3444 2.3437 2.3428 2.3417 2.3405 2.3391 2.3376 2.3359 2.3341 2.3321 2.33 2.3277 2.3252 2.3226 2.3198 2.3171 2.3148 2.3125 2.3108 2.3094 2.308 2.3059 2.3038 2.3016 2.2993 2.2972 2.2954 2.2936 2.2919 2.2903 2.2887 2.287 2.2853 2.2837 2.2822 2.2806 2.2791 2.2775 2.2763 2.2752 2.2742 2.2733 2.2724 2.2716 2.2708 2.2701 2.2695 2.2689 2.2685 2.2682 2.2681 2.2682 2.2684 2.2685 2.2687 2.2688 2.2688 2.2687 2.2688 2.2689 2.2689 2.2685 2.2681 2.268 2.2679 2.2674 2.2663 2.2651 2.2641 2.263 2.2627 2.263 2.2633 2.265 2.2669 2.2718 2.277 2.2831 2.2892 2.2969 2.3048 2.3126 2.3204 2.3271 2.3322 2.3346 2.3342 2.3312 2.3251 2.3178 2.3107 2.3036 2.2935 
589 2.344 2.344 2.344 2.344 2.344 2.3438 2.3435 2.3431 2.3424 2.3415 2.3404 2.3392 2.3377 2.3362 2.3344 2.3325 2.3305 2.3283 2.326 2.3235 2.3208 2.3179 2.3153 2.3139 2.3125 2.3111 2.3097 2.3082 2.3061 2.3039 2.3017 2.2994 2.2973 2.2957 2.2941 2.2925 2.2908 2.2891 2.2875 2.2858 2.2842 2.2826 2.2811 2.2796 2.2781 2.277 2.276 2.275 2.2741 2.2732 2.2724 2.2716 2.2709 2.2703 2.2697 2.2694 2.2693 2.2692 2.2694 2.2695 2.2695 2.2695 2.2694 2.2694 2.2693 2.2691 2.2689 2.2687 2.2684 2.268 2.2675 2.267 2.2662 2.2651 2.2639 2.263 2.2622 2.262 2.2625 2.263 2.2656 2.2686 2.2735 2.2787 2.285 2.2914 2.2991 2.3068 2.3145 2.3222 2.3286 2.3333 2.3352 2.3347 2.3317 2.326 2.3194 2.3129 2.3066 2.2973 
589.5 2.3426 2.3426 2.3426 2.3426 2.3426 2.3424 2.342 2.3416 2.3409 2.3399 2.3388 2.3375 2.336 2.3344 2.3326 2.3307 2.3286 2.3263 2.3239 2.3214 2.319 2.3168 2.3147 2.3134 2.3121 2.3108 2.3095 2.3081 2.3059 2.3037 2.3016 2.2996 2.2977 2.2961 2.2944 2.2928 2.291 2.2893 2.2877 2.2861 2.2845 2.2828 2.2813 2.28 2.2787 2.2776 2.2766 2.2756 2.2747 2.2738 2.2731 2.2723 2.2716 2.2711 2.2705 2.2704 2.2703 2.2703 2.2705 2.2706 2.2704 2.2701 2.2699 2.2699 2.2699 2.2695 2.2689 2.2685 2.2682 2.2679 2.267 2.266 2.265 2.2638 2.2626 2.262 2.2615 2.2615 2.2622 2.263 2.2665 2.2704 2.2755 2.2807 2.2873 2.294 2.3015 2.3092 2.3167 2.3242 2.3302 2.3344 2.3359 2.3353 2.332 2.3267 2.3209 2.3151 2.3095 2.3009 
590 2.3406 2.3406 2.3406 2.3406 2.3405 2.3403 2.3399 2.3395 2.3389 2.3379 2.3368 2.3355 2.334 2.3324 2.3306 2.3287 2.3266 2.3244 2.322 2.3194 2.3177 2.3166 2.3154 2.3142 2.3131 2.3112 2.3088 2.3065 2.3044 2.3023 2.3005 2.2989 2.2973 2.2957 2.2941 2.2924 2.2908 2.2891 2.2876 2.286 2.2844 2.2828 2.2813 2.2802 2.2791 2.2781 2.2771 2.2762 2.2753 2.2745 2.2737 2.273 2.2724 2.272 2.2716 2.2715 2.2715 2.2715 2.2714 2.2713 2.2711 2.2708 2.2705 2.2703 2.2701 2.2696 2.269 2.2684 2.268 2.2676 2.2664 2.2651 2.2638 2.2626 2.2614 2.2611 2.2609 2.2611 2.2625 2.2639 2.2681 2.2725 2.2777 2.283 2.2899 2.2969 2.3043 2.3118 2.3191 2.3264 2.332 2.3355 2.3367 2.336 2.3327 2.3279 2.3226 2.3175 2.3126 2.3046 
