 tt[s]	gap1[m]	gap2[m]	gap3[m]	gap4[m]	gap5[m]	gap6[m]                 
   1.2040000571869314       0.82804762916651486       0.50302456153024977        1.0470958944631679        1.8672979453991039        2.9687699995257519       0.17953899697369577     
   1.2060000572819263       0.83757763072906322       0.48158612756109143        1.0440543126895900        1.8642195696722479        2.9637500798865783       0.17789942685062574     
   1.2080000573769212       0.84558227924496898       0.46649998957291222        1.0114711241838779        1.8283407442469721        2.9362318183714318       0.17278778007360640     
   1.2100000574719161       0.85402183836797674       0.45054905639243059       0.99280073810157188        1.8061091929605761        2.9185793471232708       0.16890167339689433     
   1.2120000575669110       0.86203163090006418       0.43506458431195250       0.96032425777370201        1.7769857166600289        2.8982726164920991       0.16517673356543186     
   1.2140000576619059       0.87031131979665455       0.41892892892387124       0.93938526446097548        1.7570366017660715        2.8819385566008799       0.16196254771251675     
   1.2160000577569008       0.87867222925737321       0.40272681177979097       0.92251096650074960        1.7383600268541071        2.8662624536243277       0.15895991755074282     
   1.2180000578518957       0.88708147969273121       0.38649280954532356       0.90901372045647011        1.7206631496156974        2.8510380109428191       0.15607142035867244     
   1.2200000579468906       0.89577174918034186       0.37161735242092903       0.89321525950161273        1.7037650947958647        2.8379139710946144       0.15375099694331257     
   1.2220000580418855       0.90323437255670014       0.35584784847378531       0.87417938405466533        1.6879483578588113        2.8257124703032104       0.15169484476385417     
   1.2240000581368804       0.91139397453774107       0.34044865445926453       0.85846515097111975        1.6754302451246919        2.8144950911995905       0.15018078633790993     
   1.2260000582318753       0.91965425384618726       0.32486633978642648       0.84459119068237265        1.6604228822480245        2.8058517169556421       0.14802300088452344     
   1.2280000583268702       0.92796283269164670       0.30926489264319357       0.83585096301775430        1.6497210181880930        2.7962815146100759       0.14633469323117246     
   1.2300000584218651       0.93640501096805673       0.29351023543647398       0.82936282594397226        1.6423844447679194        2.7884188733376027       0.14501820530659790     
   1.2320000585168600       0.94483323982421619       0.27788466787209509       0.82438178577794552        1.6348394354140847        2.7812292877004716       0.14384923382857331     
   1.2340000586118549       0.95325902638640214       0.26231003110022533       0.82102493432197032        1.6300468654465432        2.7758373536485466       0.14289140522138610     
   1.2360000587068498       0.96247962747047811       0.24677282577906173       0.81821138954246486        1.6258101337416138        2.7707585710708846       0.14208091548464910     
   1.2380000588018447       0.96986465644880027       0.23140298136382137       0.81626825883415088        1.6225844834615857        2.7664990441064186       0.14140995631445552     
   1.2400000588968396       0.97819623266347711       0.21621211743254209       0.81492955533658107        1.6201803833039601        2.7629469502141353       0.14083743827478845     
   1.2420000589918345       0.98650407901570747       0.20127192028345431       0.81399625390493036        1.6183502225593216        2.7598842385254101       0.14029219948546476     
   1.2440000590868294       0.99475306921756279       0.18710002913903592       0.81348456277475789        1.6172122742608022        2.7574616769028002       0.13983669762190915     
   1.2460000591818243        1.0029091540539108       0.17207564523295768       0.81346637345546058        1.6168131053521502        2.7557230188896171       0.13950608324653946     
   1.2480000592768192        1.0110112862960212       0.15779591243708660       0.81354554705424820        1.6165284148211703        2.7541397687495555       0.13929426097343919     
   1.2500000593718141        1.0190436944875447       0.14372154089734299       0.81397598494656209        1.6167583039484645        2.7530107965922048       0.13917361724296148     
   1.2520000594668090        1.0269387783625226       0.12989348369714682       0.81460613164684426        1.6172323061574148        2.7521111359995944       0.13908936284453524     
   1.2540000595618039        1.0346329477271381       0.11626746397646986       0.81541867901994391        1.6180602045471228        2.7516037250396650       0.13907573689900396     
   1.2560000596567988        1.0418980424698614       0.10287695810810153       0.81632388394494482        1.6190869563782495        2.7513127833920672       0.13909383861182845     
   1.2580000597517937        1.0491791350162039        8.9337651131861359E-002  0.81764709175985240        1.6207230582965730        2.7515750944928508       0.13919783752343023     
   1.2600000598467886        1.0566585299212887        7.6823074017152423E-002  0.81875360595664659        1.6221389972912632        2.7517502180704239       0.13939461612287740     
   1.2620000599417835        1.0642110213601763        6.4110948480693902E-002  0.81988328836101210        1.6236119956534596        2.7520309355900330       0.13961297407794954     
   1.2640000600367785        1.0716822571459077        5.1606420529467824E-002  0.82109162649269851        1.6251817767342580        2.7524238344702288       0.13985395299297179     
   1.2660000601317734        1.0790619615249506        3.9322243459826829E-002  0.82229952912671755        1.6267552505964866        2.7528797366219737       0.14012228812839356     
   1.2680000602267683        1.0863536194543431        2.7249280504755849E-002  0.82354571512615016        1.6283923001585157        2.7534688203685733       0.14042956120808958     
   1.2700000603217632        1.0935394798097970        1.5335950888413719E-002  0.82457899115285882        1.6297623090218716        2.7539059008380993       0.14070069436297075     
   1.2720000604167581        1.1004970558391813       -3.4019050125287300E-003  0.82593256729856335        1.6315432681079152        2.7546583930488908       0.14100714495394320     
   1.2740000605117530        1.1071192686465143        7.8666921124259902E-003  0.82729127611180575        1.6333382865312642        2.7554573307524670       0.14131630535809309     
   1.2760000606067479        1.1138367152783637        1.9191832899686533E-002  0.82867668496184665        1.6351702155966039        2.7563157151897757       0.14165439353478967     
   1.2780000607017428        1.1202219958136470        3.0320974231507765E-002  0.83034119062176104        1.6373599191479413        2.7574392019824234       0.14202778953001155     
   1.2800000607967377        1.1265564567079254        4.1271973787058998E-002  0.83164118472344128        1.6390280252151719        2.7582790777939632       0.14238681574326645     
   1.2820000608917326        1.1330049932926438        5.2019624684760027E-002  0.83279928531362479        1.6422488294320965        2.7591073785400955       0.14273946930742715     
   1.2840000609867275        1.1396010486558164        6.2588651833075118E-002  0.83388471186178348        1.6423844446079794        2.7599122216905752       0.14310791992384866     
   1.2860000610817224        1.1461932072742560        7.2978937904560504E-002  0.83491907723655445        1.6423844447679194        2.7607554471634725       0.14350679091729215     
   1.2880000611767173        1.1527156116592665        8.3218045466909391E-002  0.83593932894310841        1.6448061426251854        2.7616573586445123       0.14391855333745959     
   1.2900000612717122        1.1591626105731421        9.2871220942556051E-002  0.83694414787051685        1.6462105628467365        2.7625887785563474       0.14434006937344068     
   1.2920000613667071        1.1654566384456722       0.10322535847499999       0.83835228626780478        1.6480200729669665        2.7638299101336323       0.14479194648309252     
   1.2940000614617020        1.1715400820789050       0.11301414101878156       0.83878402194146473        1.6487821746395070        2.7643712542388523       0.14519790660282153     
   1.2960000615566969        1.1775395609459656       0.12263668132230807       0.83959669155240080        1.6499259571653693        2.7652032027808384       0.14562107263099960     
   1.2980000616516918        1.1835137679623897       0.13211232527018038       0.84031930367559282        1.6509773520205748        2.7659799622097245       0.14603406287483278     
   1.3000000617466867        1.1891080802851954       0.14144333209194590       0.84095830401839722        1.6519313687789361        2.7666875892685718       0.14644039445663690     
   1.3020000618416816        1.1946569739055817       0.15061752076399731       0.84122436313740234        1.6524777534890327        2.7671119006426039       0.14681304719794272     
   1.3040000619366765        1.2001010091393691       0.15961720806456861       0.84174457554405435        1.6533933819730307        2.7678629776857946       0.14723454207491943     
   1.3060000620316714        1.2054723808002656       0.16846953332406905       0.84185213905492651        1.6538688754365476        2.7683270095338646       0.14763350811056106     
   1.3080000621266663        1.2109202625877409       0.17718370227589464       0.84183233432436821        1.6542009147229648        2.7687051424595022       0.14802856896586092     
   1.3100000622216612        1.2164929308712484       0.18556113006426853       0.84170066720641423        1.6544043766573102        2.7690027958819923       0.14842245092911896     
   1.3120000623166561        1.2221657131671320       0.19424316208706760       0.84149635392475897        1.6545142183648436        2.7692415405282280       0.14880922508226951     
   1.3140000624116510        1.2277960905427294       0.20259299699264161       0.84121785220746126        1.6545336511041371        2.7694216182055236       0.14919556358405145     
   1.3160000625066459        1.2333593026742375       0.21082240872187549       0.84085353667105101        1.6544472474805376        2.7695287465989495       0.14957248429332851     
   1.3180000626016408        1.2388079834393255       0.21893594613854872       0.84038955333735810        1.6542289179196097        2.7695342441560773       0.14993795931826334     
   1.3200000626966357        1.2439983548045592       0.22693305350891632       0.83984254575792650        1.6539039873015746        2.7694675240911661       0.15029536452162062     
   1.3220000627916306        1.2491324432478241       0.23482570199975092       0.83922155391437114        1.6534831252951594        2.7693284937645135       0.15064315219481295     
   1.3240000628866255        1.2542117162192035       0.24262271998173809       0.83851155260672905        1.6529249237004642        2.7690846897143051       0.15097441285085611     
   1.3260000629816204        1.2592393906919788       0.25032934198906259       0.83774817463805096        1.6522718572295003        2.7687639390427976       0.15128922186283636     
   1.3280000630766153        1.2641544074554456       0.25793736162223030       0.83691294020287832        1.6515166108884776        2.7683679416556699       0.15159735573575614     
   1.3300000631716102        1.2689076231473266       0.26545769982415990       0.83601542015093899        1.6506684343520488        2.7678937053105908       0.15189592224193252     
   1.3320000632666051        1.2735973332564436       0.27289088881384488       0.83506181277013791        1.6497370610217599        2.7673420100741901       0.15218280818716362     
   1.3340000633616000        1.2782176154749540       0.28022945188688220       0.83405017890524302        1.6487538979488188        2.7667516370780660       0.15246786267277093     
   1.3360000634565949        1.2827752035305322       0.28748576275382987       0.83297682147216234        1.6476842822530668        2.7660873153338454       0.15274415605933267     
   1.3380000635515898        1.2873077686349104       0.29465003724482608       0.83183891627092887        1.6465568031682032        2.7653878692131406       0.15301905350906436     
   1.3400000636465847        1.2919260963943089       0.30172621104333086       0.83059529227259488        1.6453058240753458        2.7646252736802599       0.15328892926451249     
   1.3420000637415797        1.2966452526816739       0.30872495357050961       0.82928592444159188        1.6439751035572929        2.7637956999481479       0.15355028744146362     
   1.3440000638365746        1.3014584899686610       0.31564145130696364       0.82795359970463100        1.6423844447679194        2.7629735604696370       0.15381112256530180     
   1.3460000639315695        1.3062567806010446       0.32248053112601510       0.82693759647550802        1.6423844447679194        2.7624017081440342       0.15409362118648137     
   1.3480000640265644        1.3110074738406210       0.32924929569442524       0.82558146340275540        1.6402022130107279        2.7615684138739711       0.15435360370073647     
   1.3500000641215593        1.3156062653805720       0.33591389785211156       0.82470349295000600        1.6393017575544990        2.7610898327565967       0.15464579828859867     
   1.3520000642165542        1.3200108547611216       0.34253643954317514       0.82330109324199452        1.6377575355721845        2.7601465523398989       0.15488825781853108     
   1.3540000643115491        1.3243941008447575       0.34911591346148024       0.82134194082468659        1.6354716781881760        2.7586661227699283       0.15507251278256445     
   1.3560000644065440        1.3287146906674439       0.35559589373589451       0.81987406218363579        1.6337238625493502        2.7575376995748151       0.15528785037700465     
   1.3580000645015389        1.3329916450924062       0.36200310164426980       0.81835771368026566        1.6319206622538869        2.7563511200085067       0.15548982231427633     
   1.3600000645965338        1.3372290454628335       0.36834385768619549       0.81681650308710463        1.6300531947496002        2.7551064673289076       0.15567860574508890     
   1.3620000646915287        1.3414311114831978       0.37462581100657666       0.81527006493320675        1.6281484019810850        2.7538167134407430       0.15585744530988835     
   1.3640000647865236        1.3455235463056727       0.38065958592392568       0.81365826344252912        1.6262812846412182        2.7525720407134426       0.15604432330170923     
   1.3660000648815185        1.3495022445781022       0.38695618287085265       0.81191255009931140        1.6242856582537171        2.7512335283772984       0.15622565063758251     
   1.3680000649765134        1.3534254228080844       0.39301645367464194       0.81012805194169735        1.6221588009293402        2.7497730221258738       0.15638750075446176     
   1.3700000650715083        1.3572900964590571       0.39900480093496149       0.80821881045507715        1.6199828329643482        2.7482910145925943       0.15654290059163509     
   1.3720000651665032        1.3611029669143921       0.40493238281484945       0.80622499808077952        1.6177725464759161        2.7467964534505613       0.15669611606186970     
   1.3740000652614981        1.3648627200394428       0.41079896547694439       0.80417855369548386        1.6155610856401008        2.7453156323754020       0.15684951904342251     
   1.3760000653564930        1.3686401245078315       0.41661077605890318       0.80212302804473401        1.6133727483598492        2.7438536619628238       0.15700464520091803     
   1.3780000654514879        1.3724912243907996       0.42236576939919795       0.80007945113295242        1.6111955901483241        2.7423936406826956       0.15715561899011771     
   1.3800000655464828        1.3764027300416568       0.42804632210646704       0.79781565084937478        1.6089308800044737        2.7409247436681312       0.15730605216854973     
   1.3820000656414777        1.3803090470402319       0.43365952550862463       0.79543295234622424        1.6065414095047998        2.7393790460674579       0.15744483317161720     
   1.3840000657364726        1.3841883538532676       0.43921163406633684       0.79307823328383431        1.6041571386896951        2.7378344996927733       0.15758037565658026     
   1.3860000658314675        1.3880416933702933       0.44470393448139850       0.79071426441780479        1.6015819991143181        2.7361779017793428       0.15769752129705372     
   1.3880000659264624        1.3920084186851731       0.45014528140667148       0.78838645225184822        1.5990225932710480        2.7345142017370008       0.15780843825978785     
   1.3900000660214573        1.3955067223498583       0.45553698298160789       0.78609172597350763        1.5964889681318848        2.7328703913509442       0.15791690650979820     
   1.3920000661164522        1.3990961917070854       0.46086996563773813       0.78368108966392225        1.5939356394312743        2.7312240699595680       0.15802243502361449     
   1.3940000662114471        1.4026587552196883       0.46614302634697719       0.78118146910228892        1.5913489933683231        2.7295546554827488       0.15812346283596568     
   1.3960000663064420        1.4061952378800107       0.47197494080289898       0.77863184468851965        1.5886366079836738        2.7277406173162810       0.15820071159289348     
   1.3980000664014369        1.4097141330924783       0.47587907531400736       0.77582306398621348        1.5854863165079385        2.7255351976249744       0.15822678209113655     
   1.4000000664964318        1.4132053662805086       0.48156237881473923       0.77332046177546310        1.5825540235455440        2.7230883650159727       0.15824914411762639     
   1.4020000665914267        1.4166776824714999       0.48667316813848988       0.77078216273338440        1.5795495331345155        2.7212737971317580       0.15825718841347405     
   1.4040000666864216        1.4201244921728853       0.49167290556878968       0.76826541596084164        1.5765587672506802        2.7191311025662430       0.15825725252582321     
   1.4060000667814165        1.4235505190133597       0.49662571739690281       0.76565680955749049        1.5735591184127691        2.7169524629576860       0.15825567936815052     
   1.4080000668764114        1.4269266414055839       0.50154317977733487       0.76303808444849985        1.5705650330084779        2.7147004927472436       0.15824391869338911     
   1.4100000669714063        1.4302095684467686       0.50642396279732871       0.76050747704001409        1.5676271111193532        2.7124486287540699       0.15822969632604819     
   1.4120000670664012        1.4334748717443726       0.51126241222851287       0.75797888911811651        1.5647320651248897        2.7102224517973328       0.15821234608031307     
   1.4140000671613961        1.4367073935169143       0.51603801606472810       0.75565995382732565        1.5626163164243427        2.7083424418493980       0.15824473954053264     
   1.4160000672563910        1.4399124446321157       0.52075830454136840       0.75349491774903088        1.5596998866447149        2.7066327907981336       0.15829775876512939     
   1.4180000673513860        1.4431314388598611       0.52548137279369123       0.75049670960659431        1.5561667156974976        2.7041729739214131       0.15826476000206655     
   1.4200000674463809        1.4463192015365738       0.53014519397941307       0.74791383623069818        1.5530248721876847        2.7020414028827324       0.15826552297952276     
   1.4220000675413758        1.4494699589327793       0.53474209234477277       0.74577997539590057        1.5504582724048857        2.7003044861391241       0.15831247558249595     
   1.4240000676363707        1.4526413865243135       0.53934766682574442       0.74281226568774805        1.5469054718998518        2.6977716601366528       0.15826445734103961     
   1.4260000677313656        1.4558279299746575       0.54388746320318826       0.74017466177804747        1.5437392453353482        2.6955642959711148       0.15824471225887005     
   1.4280000678263605        1.4590551843700754       0.54836521092158319       0.73738938423056666        1.5403988365806076        2.6932873803006854       0.15821944043279262     
   1.4300000679213554        1.4623493526831459       0.55281422439831429       0.73467577049403054        1.5371897358996904        2.6910747334954088       0.15819735811570534     
   1.4320000680163503        1.4656994412743201       0.55721708036907791       0.73241103586650425        1.5345414905395032        2.6892650377232106       0.15821980571471866     
   1.4340000681113452        1.4691378566446023       0.56160933990325224       0.72978144408833678        1.5315259042769627        2.6871466481826558       0.15820680617166813     
   1.4360000682063401        1.4726463428017631       0.56564693567514990       0.72713616198094810        1.5284464618848042        2.6849988067774984       0.15819125144008372     
   1.4380000683013350        1.4759931198892700       0.56890035773403669       0.72451331442321643        1.5254040056292657        2.6828599124438210       0.15817141618688307     
   1.4400000683963299        1.4792996778390290       0.57375367190745841       0.72193503178553187        1.5224344806829253        2.6807404379107043       0.15815131397909313     
   1.4420000684913248        1.4826026713426110       0.57856638227588553       0.71933554317428594        1.5194705423708164        2.6786220420416385       0.15812679958070264     
   1.4440000685863197        1.4859245048333538       0.58271978955118831       0.71637433206963941        1.5160257402782560        2.6760885877811238       0.15804617344591357     
   1.4460000686813146        1.4892044761338257       0.58680431582641812       0.71406337273208997        1.5136721647985159        2.6742296907597711       0.15803678744734329     
   1.4480000687763095        1.4924976968143837       0.59088803371586696       0.71138140418443685        1.5103285439310665        2.6720810381341895       0.15799514832789363     
   1.4500000688713044        1.4957807763046400       0.59494429181563202       0.70870227001249220        1.5071518318198180        2.6698932040244610       0.15794439145208733     
   1.4520000689662993        1.4990608631376230       0.59898354245182994       0.70603125893345142        1.5040206049183007        2.6677480096771111       0.15790230431955049     
   1.4540000690612942        1.5023309303301482       0.60299859997144434       0.70328826947889045        1.5009389077148496        2.6656407962639559       0.15786978785602418     
   1.4560000691562891        1.5056025736251604       0.60700540630497846       0.70059817139270331        1.4978960228116767        2.6635401847339382       0.15783664120957369     
   1.4580000692512840        1.5088724172932377       0.61100118932740943       0.69792681800914680        1.4947774359063986        2.6613680138945712       0.15779326673983007     
   1.4600000693462789        1.5121257869068430       0.61496918413522905       0.69520521441879102        1.4916679927916880        2.6592227764393570       0.15775258333809444     
   1.4620000694412738        1.5153777766810650       0.61892888215424957       0.69244138359628604        1.4886298729859588        2.6571337412130274       0.15772335746019597     
   1.4640000695362687        1.5186161980095421       0.62286665348762482       0.68953486428472643        1.4855691498884533        2.6550570395768811       0.15769743623171770     
   1.4660000696312636        1.5218528074329278       0.62679764131876570       0.68669462940601089        1.4825725565992824        2.6530034192472702       0.15767270974172945     
   1.4680000697262585        1.5250905940274386       0.63072669475476839       0.68393074373732143        1.4796149662944471        2.6509498140836811       0.15764725566431900     
   1.4700000698212534        1.5283227719001675       0.63464627810739238       0.68120876978466960        1.4766507488633438        2.6489020301278425       0.15762494079619646     
   1.4720000699162483        1.5315469992084532       0.63855421983702076       0.67850235643324774        1.4736605029521197        2.6468626694408948       0.15760027102001894     
   1.4740000700112432        1.5347757895508618       0.64246582036575484       0.67537768422345479        1.4700995718973084        2.6444007839953905       0.15753840754652285     
   1.4760000701062381        1.5379731196748672       0.64633887716129845       0.67266207249528776        1.4669830537048911        2.6421711687196705       0.15749496038809824     
   1.4780000702012330        1.5411592919170030       0.65019800174255094       0.66999248364735298        1.4638169449306366        2.6400423442812553       0.15744307925533624     
   1.4800000702962279        1.5443394091277807       0.65404963500007218       0.66736357111674727        1.4607041008550166        2.6371987668059789       0.15738980470733199     
   1.4820000703912228        1.5475058657590051       0.65766915770243617       0.66475112867055963        1.4576145205743336        2.6348126608177895       0.15732834323821809     
   1.4840000704862177        1.5506561523107645       0.66114101971101613       0.66216035116278760        1.4544497549207476        2.6326182999927412       0.15725551111452754     
   1.4860000705812126        1.5537997613269861       0.66442711591343318       0.65961313035651703        1.4513239023990869        2.6303998905087811       0.15717690602843123     
   1.4880000706762075        1.5568702427897438       0.66854511966818397       0.65706952521797890        1.4482760081199255        2.6281506784930841       0.15709898270680867     
   1.4900000707712024        1.5599517686793429       0.67316880656540568       0.65445566769565311        1.4452767716967010        2.6259063128499975       0.15702859509871525     
   1.4920000708661973        1.5631120712090014       0.67703693632588979       0.65182767330321889        1.4422994874464243        2.6236493467440853       0.15695870931551251     
   1.4940000709611923        1.5662993106589327       0.68088332487477321       0.64956759770703287        1.4397984013816780        2.6217740337195852       0.15691875753045867     
   1.4960000710561872        1.5694806679623983       0.68475807388415022       0.64704176775268041        1.4370207601057945        2.6196205900617051       0.15684705137049995     
   1.4980000711511821        1.5726387328604519       0.68864703278033101       0.64456327648349621        1.4335729422071499        2.6175183462099230       0.15677305413097800     
   1.5000000712461770        1.5757694743759800       0.69254846523270552       0.64218210764047701        1.4316386349708452        2.6155005310014965       0.15670350414595566     
   1.5020000713411719        1.5788910138055230       0.69646701503507868       0.63988111908098211        1.4289739468702793        2.6135113132944778       0.15663377427055519     
   1.5040000714361668        1.5819920273829406       0.70037738856820497       0.63759011072148508        1.4262291910319136        2.6114868122002490       0.15655782258877549     
   1.5060000715311617        1.5850892125674430       0.70430113954695373       0.63533116778336218        1.4235287027778472        2.6094585214146284       0.15647221096910677     
   1.5080000716261566        1.5881689278769271       0.70822101911743818       0.63312497006329271        1.4209744857995437        2.6075339957019583       0.15639530630597190     
   1.5100000717211515        1.5912370396643307       0.71214462919478372       0.63093507935336512        1.4184823853768687        2.6056460062609821       0.15632023136803594     
   1.5120000718161464        1.5942913033400490       0.71606926131199489       0.62879989060798813        1.4160974123725929        2.6038347096527406       0.15625221704357681     
   1.5140000719111413        1.5973287424238451       0.71999124793671587       0.62670973676487352        1.4137851448365204        2.6020702254103121       0.15618518174636298     
   1.5160000720061362        1.6003382625667069       0.72389601138726989       0.62457387517588336        1.4113579309511963        2.6002449058713122       0.15611122306381869     
   1.5180000721011311        1.6033376987278531       0.72780703549665327       0.62245630993106593        1.4089033964042885        2.5983824669875455       0.15602833755329282     
   1.5200000721961260        1.6063240022280201       0.73172032890962169       0.62037249305472375        1.4065100747751946        2.5965671514280766       0.15594502518809991     
   1.5220000722911209        1.6093199283305419       0.73566592675964104       0.61804039414776435        1.4037871160599029        2.5944854834286293       0.15582886076661084     
   1.5240000723861158        1.6122741567009804       0.73957628088918692       0.61592561486598107        1.4014048484929293        2.5926896820675398       0.15574165817434843     
   1.5260000724811107        1.6152011707075349       0.74347003622746466       0.61377791090322686        1.3989812216934758        2.5908936903937794       0.15565341248333675     
   1.5280000725761056        1.6181173949180838       0.74736907825555288       0.61168344892454707        1.3966201459767704        2.5891309017239719       0.15556434067777961     
   1.5300000726711005        1.6210170456047597       0.75126557674825800       0.60959194488533130        1.3943092081214403        2.5874109012764319       0.15547793589827777     
   1.5320000727660954        1.6238988796332019       0.75515768736909017       0.60746043543190464        1.3920391741343683        2.5857192486625120       0.15539427547046272     
   1.5340000728610903        1.6267570849160644       0.75903726254904336       0.60533299625767722        1.3897526419813737        2.5840171624454755       0.15530786095396387     
   1.5360000729560852        1.6292427119997144       0.76297856226533622       0.60544563239931581        1.3903265980755493        2.5847763164369471       0.15548265024273059     
   1.5380000730510801        1.6324166281507209       0.76659200477324763       0.60122765159310554        1.3850088108855578        2.5807150113015882       0.15513844274582339     
   1.5400000731460750        1.6348745095977515       0.77028244183155448       0.60127102012940170        1.3857865222828623        2.5813805739202969       0.15529704162028518     
   1.5420000732410699        1.6376528761033007       0.77472204098658604       0.59710126032835442        1.3809217244909451        2.5774761800133081       0.15496444765514364     
   1.5440000733360648        1.6403973528784277       0.77815211057824385       0.59715194879263012        1.3813905835863189        2.5781361190691277       0.15512303112472392     
   1.5460000734310597        1.6434580414606534       0.78257663564121793       0.59307417395700412        1.3766242099427102        2.5743943451697531       0.15479905673181202     
   1.5480000735260546        1.6458145241602566       0.78599034813640645       0.59313546278898055        1.3771130294991962        2.5750575878115285       0.15495652032273760     
   1.5500000736210495        1.6488401117910636       0.79039211525130681       0.58920126278326246        1.3724675241885367        2.5713829742013092       0.15463254424927300     
   1.5520000737160444        1.6511711693283415       0.79378978827532676       0.58927401721403838        1.3729942995283146        2.5720811429561259       0.15479144708177461     
   1.5540000738110393        1.6541606233254604       0.79816420857383186       0.58542407367200655        1.3683749949813167        2.5683900870153686       0.15445836654016176     
   1.5560000739060342        1.6564673050838719       0.80154258186332794       0.58550467219609481        1.3688950382307963        2.5690786358016853       0.15461268735306963     
   1.5580000740010291        1.6593987887936410       0.80585046581766606       0.58204483472883140        1.3648746247458778        2.5658670126897327       0.15433165953204478     
   1.5600000740960240        1.6617007290916663       0.80923443449394972       0.58193575538966091        1.3651499339086783        2.5663397569997062       0.15446001813659080     
   1.5620000741910189        1.6646091445638656       0.81352200178795331       0.57846105694164840        1.3610899758980191        2.5631361893347484       0.15417802560424146     
   1.5640000742860138        1.6668877851887300       0.81688062452024768       0.57836310680718117        1.3613682041794861        2.5636028809118820       0.15430427339430167     
   1.5660000743810087        1.6697540053397539       0.82111489119810366       0.57490104329114766        1.3574902303561274        2.5605783397756237       0.15404508097706823     
   1.5680000744760036        1.6720070962691496       0.82444021745640050       0.57481635645335760        1.3577822231744245        2.5610532384333600       0.15417167547708413     
   1.5700000745709985        1.6748495430605184       0.82863820830784607       0.57151439267508874        1.3540432524543784        2.5580810530187343       0.15392356452637806     
   1.5720000746659935        1.6770782711999286       0.83192277959310390       0.57143275604594013        1.3543472047200564        2.5585718471041909       0.15404967101509465     
   1.5740000747609884        1.6798953756266755       0.83607584983408179       0.56823087179673082        1.3505951954953530        2.5555718056666641       0.15379655660590960     
   1.5760000748559833        1.6821021024258511       0.83932154490316813       0.56816126164061231        1.3509113535415154        2.5560632889793724       0.15391980677851877     
   1.5780000749509782        1.6849152284281561       0.84345908261153379       0.56467567068971203        1.3466916677676550        2.5527088300687151       0.15362677440292771     
   1.5800000750459731        1.6870832476608482       0.84663926217960084       0.56482019810228090        1.3472969946783839        2.5534264063196375       0.15376979251592213     
   1.5820000751409680        1.6898522202746935       0.85069996247672053       0.56147476850123579        1.3430550604763374        2.5500646059348395       0.15347407538393643     
   1.5840000752359629        1.6919996477250112       0.85384004601310293       0.56163868010699136        1.3436936033708959        2.5508098696232797       0.15361765075807485     
   1.5860000753309578        1.6947324481084662       0.85710514773287894       0.55835881426256129        1.3394565378057517        2.5475051879013120       0.15332567984479772     
   1.5880000754259527        1.6968613556389756       0.85945685874557076       0.55852899317076610        1.3401189871949424        2.5475051879013120       0.15346679221935117     
   1.5900000755209476        1.6995541808989867       0.86336768180458512       0.55529628169357448        1.3359526478194961        2.5449026434112327       0.15317953039088167     
   1.5920000756159425        1.7016416791686542       0.86696983438494490       0.55547594346977680        1.3366084807393188        2.5456538172648506       0.15331789265528092     
   1.5940000757109374        1.7042745124760381       0.87149893517251453       0.55229230645090044        1.3325909941665683        2.5424465723761034       0.15303985396565734     
   1.5960000758059323        1.7063065674272537       0.87453581775978895       0.55247731648175846        1.3332451038998265        2.5432045041191533       0.15317671121617477     
   1.5980000759009272        1.7088675452202755       0.87830962808883317       0.54936053794924022        1.3293330038510645        2.5400178634409452       0.15290278725453171     
   1.6000000759959221        1.7108516733551278       0.88124152304901238       0.54954848979321125        1.3299865763995087        2.5407754502923163       0.15303672343368374     
   1.6020000760909170        1.7134373447633484       0.88497207449518633       0.54649014056574052        1.3261417390229739        2.5376522393166563       0.15276801854323607     
   1.6040000761859119        1.7155067232617243       0.88786613302702466       0.54667030072347400        1.3267810275832834        2.5383894051606184       0.15289768944661958     
   1.6060000762809068        1.7182188299716576       0.89154504181246452       0.54362043262328408        1.3228815162694627        2.5352305443574106       0.15262365681327994     
   1.6080000763759017        1.7203962687528414       0.89440598654166770       0.54381546113331625        1.3235565598646115        2.5359974110947552       0.15275370701458038     
   1.6100000764708966        1.7230954776943663       0.89804830310022543       0.54081466938990730        1.3196926429775653        2.5328535464804367       0.15247691740410046     
   1.6120000765658915        1.7251154855230593       0.90087640922228562       0.54100926419101369        1.3203533540033365        2.5336073184967778       0.15260449181744182     
   1.6140000766608864        1.7276896093951704       0.90447840989345862       0.53811503915944769        1.3166619951705782        2.5305825771309727       0.15233371763457873     
   1.6160000767558813        1.7296976410057130       0.90728085262002123       0.53834383607460601        1.3173489248900494        2.5313540645916528       0.15245999265569624     
   1.6180000768508762        1.7322284116669544       0.91080903763632426       0.53578511097999759        1.3141460711686275        2.5287343803963860       0.15223630928309961     
   1.6200000769458711        1.7342340494021200       0.91359872320965052       0.53580682463061124        1.3145506973580783        2.5292669618492378       0.15233769825881061     
   1.6220000770408660        1.7367608386586275       0.91711164906467024       0.53328568434682522        1.3113506759250899        2.5266487616263587       0.15211092829910391     
   1.6240000771358609        1.7387516030863215       0.91987151636140385       0.53331405328786119        1.3117524586254004        2.5271750311538588       0.15221033759084016     
   1.6260000772308558        1.7412611725210370       0.92334907803514843       0.53086652918913912        1.3086456447121082        2.5245897058845741       0.15198736764637333     
   1.6280000773258507        1.7432383349223286       0.92608120074381151       0.53090224997226254        1.3090518350838669        2.5251366463362959       0.15208685536280253     
   1.6300000774208456        1.7457325411945268       0.92952650233134770       0.52852562710557738        1.3060726466391768        2.5225906967019252       0.15186675741690464     
   1.6320000775158405        1.7476943099003239       0.93222989399875411       0.52857038554647329        1.3064736413543070        2.5231336552529351       0.15196482361369953     
   1.6340000776108354        1.7501713237600527       0.93564388688914013       0.52624588525145766        1.3035771887115775        2.5206593253352740       0.15175101595690502     
   1.6360000777058303        1.7521233492119501       0.93832870050275741       0.52634063070845016        1.3047342244303450        2.5212468908015988       0.15185001983020011     
   1.6380000778008252        1.7545746251630792       0.94169934724165461       0.52402829677087315        1.3010358258804255        2.5187157743305635       0.15163090160250489     
   1.6400000778958201        1.7565114628721907       0.94435766795492027       0.52412748634746387        1.3015137252563189        2.5193013659532375       0.15172751151353167     
   1.6420000779908150        1.7589435490326804       0.94755190971240932       0.52186466985748214        1.2984935780604094        2.5167957467308377       0.15150826749323423     
   1.6440000780858099        1.7608594428284483       0.94982798433367233       0.52193932515226316        1.2989427966395899        2.5173469609278318       0.15160148272862267     
   1.6460000781808048        1.7632746669371027       0.95260114143191676       0.51966187903340921        1.2959691341431980        2.5149090044394455       0.15138605501601379     
   1.6480000782757998        1.7651753727310497       0.95470732785678214       0.51974373776089544        1.2964123467858282        2.5154508119988432       0.15147581052239578     
   1.6500000783707947        1.7675997786915163       0.95780081188630017       0.51750205293488405        1.2935246490760921        2.5130757136743385       0.15126284996830741     
   1.6520000784657896        1.7694359548288743       0.96081127800251542       0.51763641634639646        1.2940176702640160        2.5136507211964227       0.15135471505049375     
   1.6540000785607845        1.7717565702692368       0.96518115583828168       0.51537722691008481        1.2911555292399604        2.5112839478254521       0.15114117775269248     
   1.6560000786557794        1.7735747229215306       0.96787874327532708       0.51552493796245114        1.2916498327860479        2.5118600593504508       0.15123233183256932     
   1.6580000787507743        1.7758407357114929       0.97108979189297051       0.51329015985893522        1.2888803678131286        2.5095612787202013       0.15102229334338418     
   1.6600000788457692        1.7776159710706079       0.97361956052904997       0.51344256026162027        1.2893677388527138        2.5101298102138823       0.15111285221077234     
   1.6620000789407641        1.7798297845186275       0.97680453537181833       0.51128420752016968        1.2866965707305351        2.5079010920422999       0.15090851702489116     
   1.6640000790357590        1.7815585392997311       0.97931017711705015       0.51144246776169267        1.2871833767656333        2.5084674204098452       0.15099851344008808     
   1.6660000791307539        1.7837104515515909       0.98246363266957015       0.50930200670604808        1.2845615416102059        2.5062820159977086       0.15079628600327075     
   1.6680000792257488        1.7853993717139596       0.98494562967226917       0.50947534874898703        1.2850508964249372        2.5068465288637416       0.15088551609528697     
   1.6700000793207437        1.7875694894303122       0.98806261624695579       0.50733887986309278        1.2824507999305523        2.5046973204823502       0.15068830973995578     
   1.6720000794157386        1.7893332051002155       0.99052262797503610       0.50752887192104257        1.2829511874304440        2.5052621575506260       0.15077652904720093     
   1.6740000795107335        1.7916014827062001       0.99360236311572414       0.50533648688033606        1.2803080151384152        2.5031126138366577       0.15058144603509932     
   1.6760000796057284        1.7934515137844871       0.99603941568707877       0.50553149457302127        1.2808078377878953        2.5036699936782214       0.15066771551102345     
   1.6780000797007233        1.7958227582144222       0.99907551542906825       0.50338768700326986        1.2782079546928489        2.5015739782417357       0.15048276364608609     
   1.6800000797957182        1.7977691371913735        1.0014907166276847       0.50359154451419474        1.2787271510940239        2.5021463583341235       0.15056849752590276     
   1.6820000798907131        1.8002162305463514        1.0044967068506507       0.50149630202641238        1.2761121008059024        2.5000158298214372       0.15038069800838766     
   1.6840000799857080        1.8021557573535814        1.0068892809221808       0.50169953826156932        1.2766247216243756        2.5005862028241785       0.15046671671260289     
   1.6860000800807029        1.8045591015783229        1.0098712844546625       0.49964865531983499        1.2740365385813208        2.4984773384403094       0.15027978688076138     
   1.6880000801756978        1.8064245391319100        1.0122460231307093       0.49985558267908475        1.2745457774403621        2.4990411481417585       0.15036456277121271     
   1.6900000802706927        1.8086105539743296        1.0152113318915048       0.49785733990177783        1.2720128710373475        2.4969655567359426       0.15017919702850599     
   1.6920000803656876        1.8103517090307810        1.0175693198317455       0.49806721862297448        1.2725156076779403        2.4975265900691150       0.15026451322051382     
   1.6940000804606825        1.8125186990678681        1.0205065508298714       0.49608425816166918        1.2700173458125767        2.4954837353312724       0.15008259877559693     
   1.6960000805556774        1.8142484543015902        1.0228472786828011       0.49630336510619871        1.2705266893120175        2.4960458039159530       0.15016762590586238     
   1.6980000806506723        1.8163998935985026        1.0257605504135310       0.49433414124621977        1.2680289699726790        2.4940050796172857       0.14998792701055252     
   1.7000000807456672        1.8181187610906762        1.0280843171711460       0.49456633667028438        1.2685402763227420        2.4945710143195075       0.15007130153223536     
   1.7020000808406621        1.8202519254849325        1.0309701479371201       0.49255123845425264        1.2660394041810625        2.4925193229698182       0.14989220474766932     
   1.7040000809356570        1.8219603984283890        1.0332772987575596       0.49278526752892027        1.2665406088282194        2.4930805553963964       0.14997717918161008     
   1.7060000810306519        1.8240818631689231        1.0361439093538138       0.49081071262160397        1.2640890965975156        2.4910436710746766       0.14979603862080393     
   1.7080000811256468        1.8257800875644348        1.0384343744479769       0.49104432550922433        1.2645783419711452        2.4915987553108345       0.14988096454425898     
   1.7100000812206417        1.8278894428088170        1.0412808867664725       0.48910826267844776        1.2621563654259356        2.4895859938612728       0.14970189021899222     
   1.7120000813156366        1.8295775533970313        1.0435545947927747       0.48934765704018429        1.2626524084592652        2.4901399921032334       0.14978698715822236     
   1.7140000814106315        1.8316735583900940        1.0463499494473893       0.48742635182186966        1.2602212029353963        2.4881300792529264       0.14960817373503299     
   1.7160000815056264        1.8333518511013382        1.0485379829653936       0.48766703646673382        1.2607144667790064        2.4886811301134668       0.14969323392947012     
   1.7180000816006213        1.8354353649734174        1.0511820295775700       0.48577977331024391        1.2582960588029013        2.4866798191047965       0.14951367797228646     
   1.7200000816956162        1.8371029198942077        1.0532944453052631       0.48602297978319853        1.2587857982528059        2.4872273012717705       0.14959903985421807     
   1.7220000817906111        1.8391779400146611        1.0563340371822734       0.48417195988253281        1.2564017276926704        2.4852471993432257       0.14942138050907552     
   1.7240000818856061        1.8408365770322832        1.0586794213585005       0.48441115194905937        1.2568803324746003        2.4857894624776060       0.14950668824167970     
   1.7260000819806010        1.8429026667838870        1.0614370398898525       0.48260988360209900        1.2545484758726324        2.4838308249119088       0.14933127474793850     
   1.7280000820755959        1.8445518535955765        1.0636344398495794       0.48284858940266290        1.2550124769625979        2.4843668435610682       0.14941695735982249     
   1.7300000821705908        1.8466098658570462        1.0663763625412710       0.48108882658055041        1.2527216759242772        2.4824484575046069       0.14924567209224343     
   1.7320000822655857        1.8482496944386853        1.0685570397654771       0.48132885936776998        1.2531873260454747        2.4829785110199381       0.14933188387582413     
   1.7340000823605806        1.8502984269776035        1.0712819348339613       0.47960724140669625        1.2509560467899223        2.4811110877308873       0.14916725222904365     
   1.7360000824555755        1.8519297759379407        1.0734473558383562       0.47984622919341763        1.2514098378678284        2.4816311802433599       0.14925377552072761     
   1.7380000825505704        1.8539225551759595        1.0760929910442600       0.47843023916618149        1.2495874734887027        2.4801354105078479       0.14912888964662099     
   1.7400000826455653        1.8557645071103208        1.0785350222533854       0.47757994347192356        1.2485470863345394        2.4793546516651404       0.14907861929826857     
   1.7420000827405602        1.8575508568232215        1.0809500554846023       0.47683378691184802        1.2476461030620654        2.4786930076417000       0.14904293349085798     
   1.7440000828355551        1.8591824322646018        1.0833542058243542       0.47610418248385877        1.2467650933483214        2.4780483752160056       0.14900967625654010     
   1.7460000829305500        1.8606264621445208        1.0855025631710713       0.47624511151055893        1.2470901188012014        2.4784513762682687       0.14908742884278386     
   1.7480000830255449        1.8623581222499088        1.0881088079649679       0.47478134514447290        1.2451916468897630        2.4769164027565793       0.14896221949289387     
   1.7500000831205398        1.8639748048430353        1.0905134556236995       0.47395893620694890        1.2441744451877310        2.4761534335911453       0.14891737960833717     
   1.7520000832155347        1.8656132794779428        1.0928885759097047       0.47324447609855225        1.2433001085432409        2.4755098992508415       0.14888720360275093     
   1.7540000833105296        1.8672850737305988        1.0952536110522209       0.47254395573354951        1.2424408702755421        2.4748768537713621       0.14885852072433403     
   1.7560000834055245        1.8689927078744275        1.0976097504787967       0.47184879378277644        1.2415819468770082        2.4742403870420033       0.14883000684299671     
   1.7580000835005194        1.8707397341532379        1.0999593025706076       0.47115922893511347        1.2407287520024686        2.4736083910260454       0.14880135985736156     
   1.7600000835955143        1.8725273891588434        1.1023012813108211       0.47047619559685128        1.2398845305462924        2.4729846173491783       0.14877480147471089     
   1.7620000836905092        1.8743583567225321        1.1046358447944438       0.46979918855089442        1.2390472607961787        2.4723646260273080       0.14874961689634106     
   1.7640000837855041        1.8760362533295221        1.1067194344526823       0.46993819432648193        1.2393558750725899        2.4727625807007678       0.14883208326892644     
   1.7660000838804990        1.8781818580569718        1.1093098332505493       0.46830271624023573        1.2371599149261019        2.4709203193277762       0.14868017797176211     
   1.7680000839754939        1.8799302280629446        1.1113603718250293       0.46853369017162916        1.2375900916881686        2.4714319008202885       0.14877468195884261     
   1.7700000840704888        1.8821234591364091        1.1139254611320517       0.46698970756009328        1.2354996593160361        2.4696488736473730       0.14863030665113608     
   1.7720000841654837        1.8838523179498063        1.1159617143064902       0.46722598148020816        1.2359356587339541        2.4701726861866504       0.14872739343364250     
   1.7740000842604786        1.8859965399552097        1.1185093638245689       0.46570429807040814        1.2338573176810959        2.4683888938454510       0.14858413908629109     
   1.7760000843554735        1.8876868810741783        1.1205324715397085       0.46593713319430485        1.2342920377878606        2.4689145525365417       0.14868351127924601     
   1.7780000844504684        1.8897758013804327        1.1230619745363497       0.46442270906353478        1.2322166169558064        2.4671451007365657       0.14854142289327538     
   1.7800000845454633        1.8913936137362042        1.1250732289684979       0.46465963371686120        1.2326523134031255        2.4676655642676728       0.14864174991479492     
   1.7820000846404582        1.8933323112146123        1.1275870102697076       0.46312911557865732        1.2305470986421201        2.4658920986988786       0.14849994025872615     
   1.7840000847354531        1.8948745457923524        1.1295843365176141       0.46336380395457122        1.2309781786854790        2.4664082392869675       0.14860126008820615     
   1.7860000848304480        1.8968046029213759        1.1320839065792918       0.46185312319935473        1.2289048272137255        2.4646655613935886       0.14846350040858577     
   1.7880000849254429        1.8983387529202285        1.1340686318030444       0.46208442100511660        1.2293262617163763        2.4651744582060284       0.14856602446678127     
   1.7900000850204378        1.9002602942221900        1.1365542879328174       0.46059500872184478        1.2272815784876381        2.4634388767005411       0.14843206628884678     
   1.7920000851154327        1.9017866793807550        1.1385267160225994       0.46082258750068200        1.2277027447723921        2.4639618217130024       0.14853672130874707     
   1.7940000852104276        1.9036989931340249        1.1409978817773012       0.45935063596750764        1.2256653223132976        2.4621931227254894       0.14840328770902103     
   1.7960000853054225        1.9052157603369553        1.1429555178701911       0.45957811463780252        1.2260829108284925        2.4627226357739116       0.14850957610275839     
   1.7980000854004174        1.9071172029455168        1.1454098133776582       0.45810178695903386        1.2242675689722047        2.4609448456802641       0.14838037165741058     
   1.8000000854954123        1.9086266635618534        1.1473565802756578       0.45833260197698356        1.2244230220473007        2.4614858136709583       0.14848865991583846     
   1.8020000855904073        1.9105171572653108        1.1497246411012774       0.45685274104351614        1.2223933917737302        2.4597166957056502       0.14836183873466005     
   1.8040000856854022        1.9120195861928015        1.1516627349579274       0.45707878831258453        1.2228217235669114        2.4602540016925301       0.14847156579458928     
   1.8060000857803971        1.9138999696186296        1.1540901531801167       0.45560902376598983        1.2207430156183170        2.4584934738009272       0.14834852348458877     
   1.8080000858753920        1.9153936981587139        1.1559912203314813       0.45583208725044838        1.2211646561235185        2.4590162635022934       0.14845946668307575     
   1.8100000859703869        1.9172657880091284        1.1583736399188309       0.45438111500570905        1.2191143114159826        2.4573550406405822       0.14834257259657302     
   1.8120000860653818        1.9187527126942630        1.1602652060163363       0.45459964336460545        1.2195373902692628        2.4578518615375073       0.14845490460952923     
   1.8140000861603767        1.9206134120001770        1.1626321602613681       0.45314872056061306        1.2174582770237043        2.4562747686506934       0.14834301338353054     
   1.8160000862553716        1.9220934998461681        1.1645145278632463       0.45336761643590301        1.2178833807646365        2.4567494756781132       0.14845438200235339     
   1.8180000863503665        1.9239451973013417        1.1668694984942898       0.45190917423648175        1.2157869545137474        2.4548860494116607       0.14834567863316725     
   1.8200000864453614        1.9254166401462269        1.1687406882079689       0.45212515776145745        1.2162070453612812        2.4556949973424365       0.14846003205039215     
   1.8220000865403563        1.9272572203201732        1.1710813891250906       0.45068218623069928        1.2141162480774468        2.4541720795633508       0.14835432495204021     
   1.8240000866353512        1.9287223299290275        1.1729446843320988       0.45089425156851176        1.2145404689624386        2.4548860494116607       0.14846940073485393     
   1.8260000867303461        1.9305548975955329        1.1752754741034706       0.44945611868709384        1.2124411213217352        2.4530600466818311       0.14836662760571559     
   1.8280000868253410        1.9320129592693738        1.1771302699938966       0.44966229118970674        1.2128569301523671        2.4535611291885155       0.14848261951092789     
   1.8300000869203359        1.9338372315861101        1.1794511683355582       0.44824212013202891        1.2107733984782614        2.4519648609327827       0.14838316743181112     
   1.8320000870153308        1.9352887223623716        1.1812983930807794       0.44844518236165726        1.2111901044841611        2.4524650026735313       0.14850030487329668     
   1.8340000871103257        1.9371058660322915        1.1836112972286079       0.44704188165237307        1.2091286164228665        2.4508922425816242       0.14840444095103131     
   1.8360000872053206        1.9385515239784681        1.1854521746875897       0.44724178184618951        1.2095407239121991        2.4513894517982258       0.14852251068966402     
   1.8380000873003155        1.9403628041763947        1.1877593363606307       0.44585310820940621        1.2075080541704204        2.4498346670000934       0.14842972077181810     
   1.8400000873953104        1.9418019131723938        1.1895932902539581       0.44604943354351489        1.2079152401091851        2.4503348803184832       0.14854915100280966     
   1.8420000874903053        1.9436059326806434        1.1918927780171342       0.44467876928018008        1.2059232077547639        2.4487858799687641       0.14845910477675245     
   1.8440000875853002        1.9450395303607886        1.1937213874236259       0.44487272000925482        1.2063281815558984        2.4492938834182616       0.14857984307346897     
   1.8460000876802951        1.9466297270493806        1.1959631247567175       0.44375276861188501        1.2047329062298326        2.4480677315387434       0.14852659800980908     
   1.8480000877752900        1.9479033469941411        1.1978203379608148       0.44379917342425490        1.2049195985328844        2.4483946613819625       0.14862975351062527     
   1.8500000878702849        1.9494675618611614        1.2001233349015299       0.44237880158838389        1.2028466088332390        2.4467408438924734       0.14853126944910758     
   1.8520000879652798        1.9507187825045336        1.2019434010371739       0.44256389983157413        1.2032427291886825        2.4472514518578161       0.14865387581563128     
   1.8540000880602747        1.9521025110813004        1.2039190752344586       0.44232524557792807        1.2029950604999637        2.4471852404275749       0.14871985782305921     
   1.8560000881552696        1.9537859989471953        1.2062636402816358       0.44070266645901413        1.2006007268799377        2.4452358009952730       0.14859057424892183     
   1.8580000882502645        1.9551194863024324        1.2080808023747645       0.44087796435786830        1.2009844263131080        2.4457404119987203       0.14871346117657758     
   1.8600000883452594        1.9568290631826220        1.2103573096222873       0.43958399541644905        1.1990894781760530        2.4442106248490019       0.14862752979876268     
   1.8620000884402543        1.9582191969596319        1.2121673082352813       0.43976765069998158        1.1994922115200146        2.4447366323809372       0.14875404015076174     
   1.8640000885352492        1.9597630165766935        1.2141335955679264       0.43953755481023066        1.1992629174064746        2.4446867397669316       0.14882316954628788     
   1.8660000886302441        1.9616470985593402        1.2164710943212911       0.43796700901915442        1.1969600303949308        2.4427759184858790       0.14869477247058976     
   1.8680000887252390        1.9631417170754966        1.2182805159209134       0.43813737043589374        1.1973328701138133        2.4432790549376624       0.14881961692477164     
   1.8700000888202339        1.9648028067893315        1.2202438970204639       0.43791256484603736        1.1971110555525126        2.4432324877319433       0.14888959475077607     
   1.8720000889152288        1.9668341715763364        1.2225745910164036       0.43634147320509037        1.1948225328435276        2.4413356425262966       0.14876187399774760     
   1.8740000890102237        1.9684185659551521        1.2243743161166791       0.43651849168250123        1.1952027357175385        2.4418413848745844       0.14888691900915105     
   1.8760000891052186        1.9703881683936495        1.2266296637612191       0.43524860341366328        1.1933857168354540        2.4403600165660952       0.14880321768961566     
   1.8780000892002136        1.9719337955012501        1.2284183723407620       0.43543542284982173        1.1937866503439656        2.4408880252966498       0.14893089477535590     
   1.8800000892952085        1.9735947989958469        1.2303589681135341       0.43521907646159119        1.1935860833654937        2.4408601834351469       0.14900258955980231     
   1.8820000893902034        1.9755486567686067        1.2326647482848951       0.43366645033362738        1.1913635581932212        2.4390023443630802       0.14887523714505713     
   1.8840000894851983        1.9770357185634475        1.2344459998737816       0.43384515589066330        1.1917389541290353        2.4395071753995814       0.14900042194487303     
   1.8860000895801932        1.9788191829912334        1.2366793458107106       0.43259090025117003        1.1899870691210532        2.4380657611385370       0.14891970189362499     
   1.8880000896751881        1.9802151824554364        1.2384483125383716       0.43278276976377389        1.1903904446745504        2.4385971428013287       0.14904779693054693     
   1.8900000897701830        1.9817303449662687        1.2406152255883098       0.43257712348419197        1.1902108504297075        2.4385846056013052       0.14912054590659163     
   1.8920000898651779        1.9835334338440551        1.2422123369330176       0.43104466892488585        1.1880565378492867        2.4367705520788316       0.14899615008685815     
   1.8940000899601728        1.9849231690151878        1.2435485420699737       0.43122454171063029        1.1884332512148310        2.4372790145022050       0.14912120827369113     
   1.8960000900551677        1.9864298273643795        1.2450718074865921       0.43102420778729683        1.1882591619275502        2.4372669384010344       0.14919326167885799     
   1.8980000901501626        1.9882220610574659        1.2470382715246546       0.42953528376884298        1.1861927264422607        2.4355103081664846       0.14907414101094135     
   1.9000000902451575        1.9896021839813287        1.2486880609598447       0.42972061505925724        1.1865734889657524        2.4360239622644078       0.14919910384330645     
   1.9020000903401524        1.9910980842635324        1.2506275227026626       0.42952943515685288        1.1864149088663491        2.4360228826453034       0.14927139876465645     
   1.9040000904351473        1.9928811865963081        1.2532018781325500       0.42806556040182187        1.1844174271002139        2.4343131427313232       0.14915568276305533     
   1.9060000905301422        1.9942516441826836        1.2554055513439919       0.42825136289785454        1.1847987622454914        2.4348272365012704       0.14928108768402248     
   1.9080000906251371        1.9957363574331175        1.2578770889113562       0.42806927274132789        1.1846540386354321        2.4348358295410639       0.14935339876886544     
   1.9100000907201320        1.9974613566656576        1.2606343644567395       0.42686291485253680        1.1830488995138571        2.4334839169598554       0.14927744455875427     
   1.9120000908151269        1.9988491186399424        1.2624378757529242       0.42691399857274703        1.1832363255120604        2.4338150374738778       0.14938105732434498     
   1.9140000909101218        2.0003325822095110        1.2643658188121094       0.42668868596651743        1.1830324592751780        2.4337666435204097       0.14944601617137812     
   1.9160000910051167        2.0020474189510766        1.2665939042004921       0.42548963253481120        1.1814363830641130        2.4324151875890712       0.14937087130682011     
   1.9180000911001116        2.0034250812238406        1.2683855051372197       0.42554666543726094        1.1816387564746076        2.4327600625757801       0.14947515803089526     
   1.9200000911951065        2.0048967142818688        1.2702994591957455       0.42533370038827439        1.1814542471207410        2.4327267642591512       0.14954086706308975     
   1.9220000912901014        2.0065996646069113        1.2725137038162699       0.42417011803552801        1.1798963707362518        2.4313944940564820       0.14946548975118723     
   1.9240000913850963        2.0079668883082498        1.2742919678009221       0.42423103421119590        1.1801077165814959        2.4317467677925162       0.14956992868924732     
   1.9260000914800912        2.0094282166049422        1.2761913752946055       0.42402838889994254        1.1799475562427206        2.4317358046282020       0.14963791766989284     
   1.9280000915750861        2.0111203578615346        1.2783885512786624       0.42286021853119599        1.1783947692198671        2.4304127067639927       0.14956030333684617     
   1.9300000916700810        2.0124792815836705        1.2801532153958453       0.42292917980349998        1.1786176583261878        2.4307710556838322       0.14966372465261327     
   1.9320000917650759        2.0139326251848217        1.2820391712163921       0.42273570574825248        1.1784683268642693        2.4307656611625652       0.14973004489088138     
   1.9340000918600708        2.0156131720279449        1.2842175949170018       0.42158718549803814        1.1766334538650725        2.4294713687618152       0.14965439069562186     
   1.9360000919550657        2.0169644170368723        1.2859692682669335       0.42166414923040951        1.1771819560374974        2.4298391311106231       0.14975693019236416     
   1.9380000920500606        2.0184087071204133        1.2878401706988332       0.42148527828937876        1.1766514585479459        2.4298502240669491       0.14982353417255337     
   1.9400000921450555        2.0201225433550163        1.2900581924484043       0.42016176308708758        1.1751768010038530        2.4282889150566165       0.14971545522790031     
   1.9420000922400504        2.0214396689496441        1.2917626032756135       0.42037042050618995        1.1756380597283673        2.4288484668969712       0.14983781794752107     
   1.9440000923350453        2.0226176149301485        1.2932858642651626       0.42076449590057091        1.1765254893847108        2.4295368487926816       0.14996295289102446     
   1.9460000924300402        2.0245469713866182        1.2957779244876835       0.41899435042469008        1.1738165930338433        2.4274681864788006       0.14981132711892531     
   1.9480000925250351        2.0258669885166571        1.2974828970094423       0.41918830632427934        1.1742421022956040        2.4279905144995553       0.14992713097803273     
   1.9500000926200300        2.0270414599094786        1.2989992676237250       0.41958230359194176        1.1748700604438711        2.4286830486637028       0.15005040102741468     
   1.9520000927150249        2.0289611489207426        1.3014794461768397       0.41782433247784689        1.1724551931518516        2.4266272054867666       0.14989784545561152     
   1.9540000928100199        2.0302748422146366        1.3031802817604128       0.41802797574599992        1.1728920860199001        2.4271551522492154       0.15001228459699001     
   1.9560000929050148        2.0314440014171020        1.3046953809666189       0.41842908017976427        1.1735288633698697        2.4278517151568275       0.15013427597340159     
   1.9580000930000097        2.0333506846831231        1.3071676606996041       0.41669829151380516        1.1711504043604937        2.4258349841254963       0.14998361269731530     
   1.9600000930950046        2.0346007936890120        1.3088651823093409       0.41691270665049635        1.1716185009181956        2.4263774412283503       0.15009728863638097     
   1.9620000931899995        2.0356658427047885        1.3103767692162127       0.41732245470437496        1.1722721623478163        2.4270825293855105       0.15021851478371892     
   1.9640000932849944        2.0374502909817980        1.3128416392101658       0.41561946538408728        1.1699042552142371        2.4250930180816557       0.15006880184893412     
   1.9660000933799893        2.0387103653267107        1.3145358133597338       0.41584185566433313        1.1703858651492447        2.4256428510586532       0.15018112449398113     
   1.9680000934749842        2.0398579176766187        1.3160447692809378       0.41625809255005269        1.1710600208343411        2.4263548313826795       0.15030106529222936     
   1.9700000935699791        2.0417816657015129        1.3185014658680982       0.41459484913936445        1.1687446353027502        2.4244116851958117       0.15015369042983293     
   1.9720000936649740        2.0431365457240496        1.3201913606110716       0.41482762961100395        1.1692442494346584        2.4249728053236947       0.15026513268519021     
   1.9740000937599689        2.0443317516462614        1.3216969771377898       0.41525127797945732        1.1699305711673116        2.4256909226989603       0.15038411906088209     
   1.9760000938549638        2.0462486778308602        1.3241482796367450       0.41362360813847032        1.1676688667830268        2.4237865227910138       0.15023766049266055     
   1.9780000939499587        2.0475410159274290        1.3258341997080967       0.41386864558817221        1.1681837526024392        2.4243561877457442       0.15034771909243011     
   1.9800000940449536        2.0486776299428229        1.3273357772712526       0.41429985020660171        1.1688838593576141        2.4250817136482019       0.15046551486216353     
   1.9820000941399485        2.0505276038972173        1.3297799249723861       0.41268731373658690        1.1666701907485835        2.4232125263493058       0.15031939411816783     
   1.9840000942349434        2.0517979451054176        1.3314613382783747       0.41294708760285759        1.1672033584603592        2.4237922436610178       0.15042815619233160     
   1.9860000943299383        2.0529286010792629        1.3329592089215689       0.41339241632829549        1.1679158153634426        2.4245237001448294       0.15054450319710388     
   1.9880000944249332        2.0547659257627879        1.3353903505289830       0.41180618284738063        1.1657681200180334        2.4227104498221044       0.15040294676514002     
   1.9900000945199281        2.0560301337998013        1.3370665837019182       0.41208073094053826        1.1663207526155439        2.4233011948788459       0.15051000494057509     
   1.9920000946149230        2.0571560157360298        1.3385602427911418       0.41253751865067723        1.1670482690497448        2.4240398860997265       0.15062494562567139     
   1.9940000947099179        2.0589879171257688        1.3409661979937229       0.41097849724498392        1.1649441098287951        2.4222569783209074       0.15048401137250084     
   1.9960000948049128        2.0602464930975786        1.3425918107886285       0.41126419121736857        1.1655132059234063        2.4228576300482918       0.15058983190024636     
   1.9980000948999077        2.0613685427518553        1.3440171540945258       0.41172937409131266        1.1662532184420162        2.4236020041283126       0.15070318460814211     
   2.0000000949949026        2.0631893784477939        1.3462673206709754       0.41020769291409670        1.1642124811476018        2.4218685201261394       0.15056478587976221     
   2.0020000950898975        2.0644449746648044        1.3478709608605559       0.41050872734313182        1.1647990775494830        2.4224774702525158       0.15066883079435389     
   2.0040000951848924        2.0655635723069934        1.3494022184603847       0.41098448855632164        1.1655550453555787        2.4232315168198868       0.15078100508052350     
   2.0060000952798873        2.0673789337398807        1.3519587570600322       0.40949112768871476        1.1635652116461843        2.4215366013162276       0.15064356345141966     
   2.0080000953748822        2.0686303917010629        1.3537605653449056       0.40980634250984599        1.1641734639495902        2.4221591831109448       0.15074720078522097     
   2.0100000954698771        2.0697463408820669        1.3552251300401053       0.41029367924358112        1.1649449161059744        2.4229206223353819       0.15085805303444982     
   2.0120000955648720        2.0712789080386536        1.3572340152966138       0.40994852499661832        1.1646828054697920        2.4227562638852027       0.15088818858471409     
   2.0140000956598669        2.0729096910790008        1.3593703226161595       0.40881674376609528        1.1631063228882426        2.4214137310596233       0.15077415429601013     
   2.0160000957548618        2.0741796403689379        1.3610358731451468       0.40903737976091836        1.1635742336713588        2.4219056233709613       0.15085825593815680     
   2.0180000958498567        2.0752988896042992        1.3625037963241011       0.40951357828499702        1.1643292667699225        2.4226458541933993       0.15096427941192811     
   2.0200000959448516        2.0768335712066555        1.3645142619934578       0.40917214952496944        1.1640668011717508        2.4224717309564974       0.15098864232960163     
   2.0220000960398465        2.0784648876187282        1.3666491485625889       0.40807429924942640        1.1625332884253829        2.4211555496874433       0.15087367532383014     
   2.0240000961348414        2.0797375661539608        1.3683157104662569       0.40831826430167489        1.1630349514825589        2.4216693935274503       0.15095814226151921     
   2.0260000962298363        2.0808618991022874        1.3697873277945141       0.40881247315434555        1.1638172547487289        2.4224271144947731       0.15106186161820689     
   2.0280000963248312        2.0824064911469704        1.3718073495404821       0.40855273787484636        1.1636590843909693        2.4223265334640010       0.15109046175003327     
   2.0300000964198261        2.0840378878031931        1.3739384870703972       0.40745964508442500        1.1621402901461864        2.4210226478538313       0.15097490538475181     
   2.0320000965148211        2.0853193890092285        1.3756128720451635       0.40773177246359038        1.1626828760948156        2.4215652681928801       0.15105982448279454     
   2.0340000966098160        2.0864599561660948        1.3771017657052642       0.40824971747935795        1.1635213261821933        2.4223724799789976       0.15116876473282770     
   2.0360000967048109        2.0880090428312581        1.3791239228095851       0.40803295563894437        1.1634046484554685        2.4222948045349284       0.15119535424103744     
   2.0380000967998058        2.0896511272688065        1.3812651593501373       0.40699086375720461        1.1619511645951386        2.4210378396806611       0.15108189421872917     
   2.0400000968948007        2.0909461565702956        1.3829534570476727       0.40729593682937831        1.1625386859410864        2.4216128544138180       0.15116807129158169     
   2.0420000969897956        2.0921017835148823        1.3844584038621046       0.40784079895333819        1.1634154792194111        2.4224478901320263       0.15127816169458122     
   2.0440000970847905        2.0936639009090783        1.3864939768981410       0.40767225424851672        1.1633651470375226        2.4224210779351156       0.15130819836603981     
   2.0460000971797854        2.0953187800847792        1.3886484445116882       0.40668763896985710        1.1619866376598293        2.4212206488787587       0.15119870071662564     
   2.0480000972747803        2.0966294524731022        1.3903538845793464       0.40703051805212975        1.1626247479484944        2.4218333544424659       0.15128706070835288     
   2.0500000973697752        2.0978019076270709        1.3918776895424458       0.40760697177263089        1.1635442452150560        2.4227006273796472       0.15139914686755718     
   2.0520000974647701        2.0993786035673767        1.3939291491932293       0.40749295250663531        1.1635674452855611        2.4227309699955701       0.15143378090556026     
   2.0540000975597650        2.1008520918405766        1.3958444378309427       0.40734231335486926        1.1634510468958377        2.4226533112749702       0.15144844409175165     
   2.0560000976547599        2.1023065814219017        1.3977342933895087       0.40728454424515792        1.1634687992501158        2.4226942808927832       0.15147437312532644     
   2.0580000977497548        2.1035222522658992        1.3993115465250840       0.40776319092940677        1.1642334769936662        2.4234195991087679       0.15156896065706299     
   2.0600000978447497        2.1054122149544252        1.4017681829930317       0.40645594524401352        1.1624083029926753        2.4217857041144399       0.15141383461642222     
   2.0620000979397446        2.1067345534278843        1.4034838992213245       0.40697166705581206        1.1632892107269364        2.4226023332269881       0.15152261402987288     
   2.0640000980347395        2.1079356449616906        1.4050402041119405       0.40763803005639654        1.1643331454209522        2.4235714889982125       0.15164427998971397     
   2.0660000981297344        2.1095366349127285        1.4071181980074583       0.40766234236328747        1.1645478126356308        2.4237573661644558       0.15169439145382169     
   2.0680000982247293        2.1110381770624485        1.4090649538420632       0.40762117861134828        1.1645808382962644        2.4238021824919707       0.15172180031112809     
   2.0700000983197242        2.1122873898199503        1.4106816571398437       0.40814008553527970        1.1653966927190289        2.4245667419218786       0.15181948972468412     
   2.0720000984147191        2.1139366104542026        1.4128199995037347       0.40804265833189629        1.1654006814454656        2.4245564998004943       0.15184459439251854     
   2.0740000985097140        2.1154650910130606        1.4147994003849724       0.40798543259984899        1.1653913424864355        2.4245584985532731       0.15186624287198375     
   2.0760000986047089        2.1169687874860168        1.4167468322463757       0.40805586241298270        1.1655731865325840        2.4247305047403196       0.15190551170982311     
   2.0780000986997038        2.1182245512872200        1.4183852296254325       0.40863957935585493        1.1664762622403839        2.4255680291514996       0.15201161384081968     
   2.0800000987946987        2.1198513253568252        1.4205407812537689       0.40863851701438142        1.1666147105210283        2.4256706346051007       0.15204915815482761     
   2.0820000988896936        2.1213964386874702        1.4225423934509807       0.40865588590372121        1.1667089024213486        2.4257608351481834       0.15208125139994497     
   2.0840000989846885        2.1227267978007571        1.4242097660863737       0.40924542164199856        1.1676145206318433        2.4266004455299370       0.15218759426880143     
   2.0860000990796834        2.1244312320000556        1.4263919853263387       0.40927512568541247        1.1677863082459794        2.4267279236526234       0.15222825616434899     
   2.0880000991746783        2.1259986547406706        1.4284161104433299       0.40933400163000888        1.1679335382393858        2.4268620887905152       0.15226603420582843     
   2.0900000992696732        2.1273106571404852        1.4301060678859745       0.40995926465062521        1.1688852157523741        2.4277369958666934       0.15237737081377536     
   2.0920000993646681        2.1290162491723517        1.4323088993155701       0.41005028131455856        1.1691366977457809        2.4279263270919240       0.15242552079949631     
   2.0940000994596630        2.1303589778130658        1.4340374138168861       0.41064146224534687        1.1700291238390921        2.4287444390973256       0.15253303840671997     
   2.0960000995546579        2.1320925821644865        1.4362748036344462       0.41069676402086069        1.1702046598509754        2.4288574021528913       0.15257346021125995     
   2.0980000996496528        2.1334525083331841        1.4380239679884546       0.41129348116383202        1.1710955050821339        2.4296669525070840       0.15268146528473947     
   2.1000000997446477        2.1352003729783098        1.4402780379595965       0.41137448670637317        1.1712996182151720        2.4298021158584957       0.15272501115347711     
   2.1020000998396426        2.1365737467606518        1.4420430085094904       0.41199416917919385        1.1722147874780620        2.4306380282452400       0.15283687391733788     
   2.1040000999346375        2.1383329096317638        1.4442136979190323       0.41210283311797263        1.1724508512146166        2.4308111098673240       0.15288617773353133     
   2.1060001000296324        2.1397186744859908        1.4459135054988514       0.41274270462674495        1.1733902653868156        2.4316767599992848       0.15300235962889924     
   2.1080001001246274        2.1414903972231460        1.4482648346323455       0.41288698891965464        1.1736773972504990        2.4318949174344819       0.15305720945808274     
   2.1100001002196223        2.1428890478569089        1.4501275267827944       0.41355143617444012        1.1746500495617305        2.4327906693099579       0.15317664539041820     
   2.1120001003146172        2.1446718255407200        1.4524352239930651       0.41373464936771681        1.1749959040148013        2.4330606603590716       0.15323759136820075     
   2.1140001004096121        2.1460829352516901        1.4542397884543794       0.41441549830948604        1.1760023945305444        2.4339876325837002       0.15336100559253207     
   2.1160001005046070        2.1478757717570192        1.4565396578971419       0.41462638416772168        1.1766370898147618        2.4343071686045841       0.15342911142403654     
   2.1180001005996019        2.1492988117445937        1.4583581427220931       0.41532917579609635        1.1773823863182920        2.4352634196359437       0.15355732384393150     
   2.1200001006945968        2.1511014152597041        1.4606686364627255       0.41557696794042065        1.1777947108429729        2.4356255241612885       0.15363173542225647     
   2.1220001007895917        2.1525361467100268        1.4625008931898007       0.41630307777989284        1.1787901633671614        2.4366101735831358       0.15376434219914847     
   2.1240001008845866        2.1543493142925487        1.4648235944880570       0.41658710005261956        1.1792500078888146        2.4370163634913120       0.15384511135161275     
   2.1260001009795815        2.1557954197282059        1.4666692632309908       0.41733427176744398        1.1802639413834821        2.4380251616046245       0.15398258248032159     
   2.1280001010745764        2.1576176456103955        1.4690022760542358       0.41764338380764288        1.1807463368409501        2.4384610847545192       0.15406898158804855     
   2.1300001011695713        2.1590745787455070        1.4708607130693983       0.41841025150915423        1.1817881894620050        2.4394979866035271       0.15421101930396222     
   2.1320001012645662        2.1609069967936008        1.4732055747263335       0.41875828984626118        1.1823204398540186        2.4399740029881434       0.15430202858550601     
   2.1340001013595611        2.1623753845141600        1.4750776327233153       0.41954789303673873        1.1833968363690002        2.4410343696369954       0.15444715336257447     
   2.1360001014545560        2.1627801304011673        1.4774345303299270       0.41993737317908575        1.1839909031921660        2.4415591990833674       0.15454368675694186     
   2.1380001015495509        2.1632680206423434        1.4793197626843768       0.42075078550024447        1.1851081060393442        2.4426495334944049       0.15469352729602071     
   2.1400001016445458        2.1631082458634387        1.4816880874979290       0.42116379192798425        1.1857521442816716        2.4432238265392883       0.15479690757537781     
   2.1420001017395407        2.1636020454872216        1.4835850301770059       0.42198374934598443        1.1869068515901013        2.4443467828663366       0.15495114522741499     
   2.1440001018345356        2.1634428473434784        1.4859632161539356       0.42241476787196836        1.1876124809010831        2.4449793331665548       0.15506356773710295     
   2.1460001019295305        2.1639398596319386        1.4878722175099117       0.42325399891335141        1.1888058622610898        2.4461281941132320       0.15522336368215334     
   2.1480001020245254        2.1637838421714299        1.4902606172085724       0.42371960943040710        1.1895615591359066        2.4467982644620703       0.15534255471328620     
   2.1500001021195203        2.1642831987554842        1.4921819064286985       0.42458027092190820        1.1907968255836223        2.4479769170408487       0.15550742659397485     
   2.1520001022145152        2.1641224818829725        1.4945821750679700       0.42508105496810211        1.1916216471625314        2.4487033437058008       0.15563494744771325     
   2.1540001023095101        2.1646235258356818        1.4965145299900147       0.42595000005544653        1.1929058376173600        2.4499197446272696       0.15580583461097530     
   2.1560001024045050        2.1644605453818282        1.4989236763489449       0.42647113896021760        1.1938013345859151        2.4506892814919179       0.15594293704010384     
   2.1580001024994999        2.1649609082768353        1.5008680322212491       0.42736163096341112        1.1951320888990997        2.4519171590725470       0.15611940534888305     
   2.1600001025944948        2.1647926951187868        1.5032879878558945       0.42792327188720591        1.1961002654722412        2.4527416028475302       0.15626596545314084     
   2.1620001026894897        2.1652912057227063        1.5052435488425817       0.42883430938988182        1.1974767887410558        2.4540007684784748       0.15644839228005478     
   2.1640001027844846        2.1651175113445262        1.5076721559527200       0.42942586474538413        1.1985013198641463        2.4547985229508487       0.15660444010878971     
   2.1660001028794795        2.1656141931046720        1.5096380523137167       0.43035298773943786        1.1998918290225440        2.4560073476101527       0.15679244148881841     
   2.1680001029744744        2.1654384940274971        1.5120728114997561       0.43096823201161938        1.2009324334849041        2.4568070763888978       0.15695631667049939     
   2.1700001030694693        2.1659362547362258        1.5140471095088022       0.43191469148330236        1.2023602693957385        2.4579772864325449       0.15715029707718645     
   2.1720001031644642        2.1657313739004191        1.5164917865570928       0.43256845623734924        1.2035007754991152        2.4589015219077308       0.15733038593202353     
   2.1740001032594591        2.1662230018868689        1.5184738366161119       0.43352098709503967        1.2049472863224648        2.4601847830917114       0.15752921503207054     
   2.1760001033544540        2.1660136316561855        1.5209179590723279       0.43418283224096771        1.2061358981022456        2.4612486360372885       0.15772042226493979     
   2.1780001034494489        2.1665002096866650        1.5229020149403083       0.43514561098854604        1.2076168127743923        2.4626828432183685       0.15792609854287468     
   2.1800001035444438        2.1662723444957148        1.5253461063965341       0.43582272400611405        1.2088745694291982        2.4638965408293130       0.15813105170205730     
   2.1820001036394387        2.1662673224252402        1.5276166685332293       0.43646285497433052        1.2099659164312153        2.4649919331860697       0.15831490487569244     
   2.1840001037344337        2.1668077311346612        1.5295873752774285       0.43751181703757946        1.2116492141418613        2.4666213337307554       0.15854726316166051     
   2.1860001038294286        2.1672246828264021        1.5316789584349371       0.43862276775188902        1.2134969682414953        2.4683576638370335       0.15880129579267571     
   2.1880001039244235        2.1668614963325035        1.5341637322612698       0.43923342409784000        1.2146333821154585        2.4693854309080354       0.15900180279489029     
   2.1900001040194184        2.1668301434370631        1.5360727760243900       0.43984706167342186        1.2156593888769840        2.4702953290248981       0.15918474992034012     
   2.1920001041144133        2.1673671821953735        1.5375750102790173       0.44091261732886772        1.2173376545226768        2.4718603930534129       0.15942322439540257     
   2.1940001042094082        2.1677861190939924        1.5392401657517059       0.44205713723390627        1.2191760411070607        2.4735042940407936       0.15968387095330089     
   2.1960001043044031        2.1674406105180481        1.5413662706610487       0.44269726809312460        1.2202794847046043        2.4745032936173863       0.15989161430547214     
   2.1980001043993980        2.1679053257461978        1.5432134609704145       0.44367868201783889        1.2217525747792037        2.4758670085068379       0.16011670988565940     
   2.2000001044943929        2.1676976773697869        1.5456548807684094       0.44439890893415268        1.2229614843456409        2.4769566515173689       0.16033680064387429     
   2.2020001045893878        2.1681919188888301        1.5478409794398587       0.44542482187863808        1.2244484392449155        2.4783483948343670       0.16056944732226636     
   2.2040001046843827        2.1685974179616716        1.5503811034687198       0.44656113406451436        1.2261473679582997        2.4799588489280180       0.16083733417682611     
   2.2060001047793776        2.1682586180735282        1.5534914983702619       0.44718764508761560        1.2271406900815800        2.4808971557042629       0.16104201707183244     
   2.2080001048743725        2.1687229215770012        1.5559448444202351       0.44818899084931574        1.2285563793680994        2.4822428340695697       0.16127330982948737     
   2.2100001049693674        2.1691386210774706        1.5580354121008821       0.44931009867425714        1.2301626708945534        2.4837349690482764       0.16152741602240084     
   2.2120001050643623        2.1688150217815148        1.5605043879922129       0.44996202996968720        1.2311520991690827        2.4846499300886977       0.16173448083873326     
   2.2140001051593572        2.1692794433927229        1.5624888624485280       0.45098190086547890        1.2325803782193336        2.4860018036527172       0.16197043732582170     
   2.2160001052543521        2.1696926995765162        1.5645767764072989       0.45213223590337276        1.2342084050476712        2.4875147883963065       0.16223141026990123     
   2.2180001053493470        2.1693606070281777        1.5670382114516601       0.45282481849203071        1.2352543321736811        2.4884761487333757       0.16244875564195724     
   2.2200001054443419        2.1698192558529730        1.5690184816134840       0.45386528110701585        1.2367129251141233        2.4898580474406136       0.16269145859512860     
   2.2220001055393368        2.1702066239317932        1.5711108067890009       0.45506002793276062        1.2384456955833130        2.4914784531962981       0.16297233362680247     
   2.2240001056343317        2.1698495000685352        1.5735564546704928       0.45578669302083885        1.2395543277625034        2.4924990502558924       0.16320133914167592     
   2.2260001057293266        2.1703078896238410        1.5755316523737619       0.45683854013493114        1.2410344878070545        2.4939026550089443       0.16344941447078482     
   2.2280001058243215        2.1706857181577868        1.5776190119203704       0.45805687115303989        1.2428189901745663        2.4955699116560122       0.16373871604205870     
   2.2300001059193164        2.1703147147913744        1.5800527458347771       0.45881179345459533        1.2439743769633562        2.4966283043914359       0.16397847292193979     
   2.2320001060143113        2.1702902702900286        1.5822813173380297       0.45955436206295058        1.2450692735822801        2.4976638099921145       0.16420412055722930     
   2.2340001061093062        2.1708338451394682        1.5842163766008333       0.46071505700375603        1.2467096076512942        2.4991937591644184       0.16447291796884389     
   2.2360001062043011        2.1712598705693047        1.5862733690967945       0.46201172158130932        1.2486240299510170        2.5009582433430717       0.16478262396840179     
   2.2380001062992960        2.1709281151982243        1.5886707852714850       0.46284053551088333        1.2499258480706303        2.5021301699025433       0.16504367964811131     
   2.2400001063942909        2.1709154024618034        1.5908767301729638       0.46362133245082915        1.2511058213820796        2.5032384443015925       0.16528268471065646     
   2.2420001064892858        2.1714487081832146        1.5928077073525739       0.46482308788960730        1.2528437049284864        2.5048674374129809       0.16556949072674026     
   2.2440001065842807        2.1718737815424149        1.5948425377041615       0.46612052712175644        1.2547383081954926        2.5066275849798649       0.16587759038334199     
   2.2460001066792756        2.1715504170850628        1.5972189414522595       0.46697336162655856        1.2560844474098116        2.5078561950572000       0.16614201064270559     
   2.2480001067742705        2.1715308543596343        1.5994084249693539       0.46779235311635164        1.2572032487649889        2.5090235604954096       0.16638895463588313     
   2.2500001068692654        2.1720521805943851        1.6013284001386388       0.46902770738925764        1.2590557528964417        2.5107019529252534       0.16668227965758337     
   2.2520001069642603        2.1724493542588337        1.6033538419746125       0.47036957330219104        1.2610079335512163        2.5125491238568407       0.16700303270273584     
   2.2540001070592552        2.1727105622858702        1.6054210086260703       0.47165238583909541        1.2628582390480017        2.5143284782204702       0.16732189530271230     
   2.2560001071542501        2.1722252053951312        1.6078178177939342       0.47243188999574665        1.2641057430719549        2.5155474217428742       0.16759983389089972     
   2.2580001072492450        2.1721304226830331        1.6100101911970282       0.47323612469748588        1.2653113053734506        2.5167537399618487       0.16786388566210211     
   2.2600001073442400        2.1726303322506628        1.6119295270827336       0.47448181339453022        1.2670559854303807        2.5184669728535836       0.16816867383871156     
   2.2620001074392349        2.1729999265767157        1.6139555042356903       0.47584542343756703        1.2690258042841525        2.5203723412073007       0.16850747852121639     
   2.2640001075342298        2.1732311247805280        1.6160233505820965       0.47716479000178580        1.2709428568885635        2.5222247461936260       0.16884589191148483     
   2.2660001076292247        2.1726968051948212        1.6184175466214703       0.47800180661698560        1.2723135870510827        2.5235474436290106       0.16914837249707934     
   2.2680001077242196        2.1725669569701864        1.6206081329212061       0.47884199270432781        1.2736146397244519        2.5248337918751043       0.16943256353138908     
   2.2700001078192145        2.1730489046987609        1.6225266587426148       0.48011174690132208        1.2754140745413403        2.5265767116040778       0.16975045531479802     
   2.2720001079142094        2.1734027783542049        1.6245491720311023       0.48149302698121560        1.2774278545659381        2.5285066676406798       0.17010265290506976     
   2.2740001080092043        2.1736200794009068        1.6266116150166612       0.48283014063658836        1.2793877432638403        2.5303924027962816       0.17045336064913388     
   2.2760001081041992        2.1730814647462791        1.6289968254541634       0.48371470066221695        1.2808329549685278        2.5317743878192061       0.17076449779568323     
   2.2780001081991941        2.1729465414015747        1.6311772342156368       0.48460799442038949        1.2821988021789403        2.5331188590849951       0.17105496659745564     
   2.2800001082941890        2.1734162270302280        1.6330659647262118       0.48591901686916228        1.2840515861126556        2.5349210750638385       0.17137901431775876     
   2.2820001083891839        2.1737474215172217        1.6350245908402923       0.48735550097881458        1.2861684170316365        2.5369466091726114       0.17173925404904475     
   2.2840001084841788        2.1739358184329665        1.6369836804219049       0.48874233444765414        1.2882415247133283        2.5389342852090202       0.17209756465952564     
   2.2860001085791737        2.1733680952566758        1.6391857774248302       0.48967726739890649        1.2898060361217472        2.5404473519687913       0.17242674524091817     
   2.2880001086741686        2.1732178715976098        1.6412295708361324       0.49059970567554140        1.2912269385519688        2.5418576030524713       0.17273354445730760     
   2.2900001087691635        2.1736819612580360        1.6431508239414048       0.49193372208478287        1.2930967765069750        2.5436648615718984       0.17307221044110108     
   2.2920001088641584        2.1740248381118961        1.6453297220828840       0.49338163860010026        1.2952255571092914        2.5456356536970994       0.17344971583074323     
   2.2940001089591533        2.1742387456575565        1.6475109836239845       0.49476852261382831        1.2973102988553613        2.5474987653322523       0.17382988075455480     
   2.2960001090541482        2.1743852279552831        1.6504010646342351       0.49606103668412915        1.2992964631567427        2.5491657179807676       0.17420778883480581     
   2.2980001091491431        2.1738188638466878        1.6538359196926120       0.49688576747133867        1.3007213038875125        2.5504067017292487       0.17455055589390675     
   2.3000001092441380        2.1736806898554808        1.6574459436618281       0.49777425254691365        1.3021162488565023        2.5517133774757061       0.17488005905995560     
   2.3020001093391329        2.1741450223268348        1.6611450062096060       0.49910278025582389        1.3040489687161751        2.5535752500609510       0.17524597866991606     
   2.3040001094341278        2.1744885475498505        1.6658588927990241       0.50055680813756498        1.3061496914230206        2.5557131704243292       0.17565281349878489     
   2.3060001095291227        2.1747045113620724        1.6732370199235564       0.50196719558055769        1.3081595498710972        2.5577637446679535       0.17606126307778697     
   2.3080001096241176        2.1748531322278120        2.4204430291148125       0.50332002697331979        1.3100875822600679        2.5596717945390792       0.17646626564190471     
   2.3100001097191125        2.1742821488971669        2.4199248652916387       0.50422586658264379        1.3115229448164145        2.5610877451272547       0.17684282951680413     
   2.3120001098141074        2.1741331283076892        2.4198677308359633       0.50517358225530440        1.3129317955578488        2.5624780082882874       0.17719547895140936     
   2.3140001099091023        2.1745923597558128        2.4205308071713469       0.50652766827430595        1.3147860900324539        2.5642806828114235       0.17757885548627048     
   2.3160001100040972        2.1749418051252487        2.4210913820808391       0.50799610705917109        1.3168610458266827        2.5662474469598924       0.17800040719372814     
   2.3180001100990921        2.1751715123711799        2.4215180877242166       0.50939112768263739        1.3188764518359770        2.5681303524300052       0.17841753342487396     
   2.3200001101940870        2.1753336610679974        2.4218631537215702       0.51072945431707961        1.3208249274213131        2.5699492225751261       0.17882768493987250     
   2.3220001102890819        2.1754621894453017        2.4221662728464959       0.51203498450046425        1.3227093926994389        2.5716863935940801       0.17923018739992425     
   2.3240001103840768        2.1749167228053787        2.4216738531980422       0.51291192708875599        1.3240834747716677        2.5729376848448160       0.17958703092912781     
   2.3260001104790717        2.1747986130299117        2.4216515228156932       0.51384914711853202        1.3254634027805605        2.5742294726705990       0.17992914128914542     
   2.3280001105740666        2.1752686621684578        2.4223305797546182       0.51520975639962352        1.3273355498032953        2.5759592767989199       0.18030907930965578     
   2.3300001106690615        2.1756313785516741        2.4229111467221758       0.51670887771941576        1.3294665078894283        2.5778860865181468       0.18072727922416765     
   2.3320001107640564        2.1758656280857025        2.4233448283904084       0.51814275614915539        1.3315469557844202        2.5797742905056054       0.18114579383370108     
   2.3340001108590513        2.1760361975929574        2.4236999747310013       0.51948681381459871        1.3335087121153835        2.5815633975762706       0.18155425189303834     
   2.3360001109540462        2.1761815313422144        2.4240213175117598       0.52077664424227432        1.3354058177940773        2.5832833928499919       0.18195232501398684     
   2.3380001110490412        2.1763116485954077        2.4243227452941700       0.52204876217081542        1.3372807939331501        2.5849739792425406       0.18234563352865718     
   2.3400001111440361        2.1764294084537461        2.4246092276156772       0.52331114252112243        1.3391415181472610        2.5866548448354840       0.18273766182393564     
   2.3420001112390310        2.1758865327207788        2.4241156661941572       0.52411357663079183        1.3405039279131612        2.5878904198819046       0.18309339015821960     
   2.3440001113340259        2.1757758219475463        2.4240994335569797       0.52499852992486284        1.3418937049837609        2.5891883628073207       0.18343921771054653     
   2.3460001114290208        2.1762438941626039        2.4247730732222768       0.52629839838783132        1.3437737375536105        2.5909164564796674       0.18382367294501178     
   2.3480001115240157        2.1766048594870120        2.4253459063721423       0.52769858316272922        1.3458844723869736        2.5928428486682802       0.18424886450672992     
   2.3500001116190106        2.1768479627985799        2.4257866387399649       0.52906101179558296        1.3479425451694649        2.5946803063320876       0.18466944665244134     
   2.3520001117140055        2.1770274205488107        2.4261492665296713       0.53037169865198941        1.3499222802190296        2.5964452440821106       0.18508166689889333     
   2.3540001118090004        2.1771712434861841        2.4264668173893638       0.53164761583400955        1.3518573238918072        2.5981679559629058       0.18548838476389062     
   2.3560001119039953        2.1772945334297815        2.4267584765155048       0.53290353640199384        1.3537605925025606        2.5998662913787416       0.18589151758733663     
   2.3580001119989902        2.1774081858983259        2.4270377422186580       0.53414265938317951        1.3556272955010973        2.6015485792554780       0.18629298409292713     
   2.3600001120939851        2.1775152397102278        2.4273079770587396       0.53537936410481479        1.3574848139706495        2.6032245259563633       0.18669235788254079     
   2.3620001121889800        2.1776205933349901        2.4275748915301163       0.53661095777868628        1.3593197241084620        2.6048882260172483       0.18708984119579827     
   2.3640001122839749        2.1777277430629809        2.4278432594733892       0.53783918174084011        1.3611283168133566        2.6065469508639949       0.18748713280469992     
   2.3660001123789698        2.1778372398635564        2.4281134810504330       0.53905770431264233        1.3629280535034292        2.6082093599181797       0.18788383289510699     
   2.3680001124739647        2.1779481928454829        2.4283830843142091       0.54026685334367364        1.3647305844170223        2.6098797889871101       0.18827935052527431     
   2.3700001125689596        2.1780582356230900        2.4286511962069390       0.54146633063470195        1.3665329424460411        2.6115618689730926       0.18867637929752951     
   2.3720001126639545        2.1781690673049448        2.4289200493101371       0.54266037311546989        1.3683205879556393        2.6132483027374724       0.18907406297183754     
   2.3740001127589494        2.1782798195574942        2.4291883356799402       0.54383878157556265        1.3701066716353685        2.6149427859726950       0.18947385508565140     
   2.3760001128539443        2.1783908250738127        2.4294564085833352       0.54501305121081567        1.3718964987846183        2.6166338545325196       0.18987261368894917     
   2.3780001129489392        2.1785085229050969        2.4297317477104179       0.54619593495442620        1.3737054546528349        2.6183114188952374       0.19026474503653512     
   2.3800001130439341        2.1786296210323877        2.4300111219380840       0.54739267403825298        1.3755352403746501        2.6199926667652362       0.19065083852009160     
   2.3820001131389290        2.1787446615734480        2.4302843594890757       0.54860325018663370        1.3773914716894209        2.6216931895546542       0.19103898723033924     
   2.3840001132339239        2.1788547986086533        2.4305520686340287       0.54982369511664109        1.3792638713819523        2.6234085621465542       0.19142978536129623     
   2.3860001133289188        2.1789687201531538        2.4308238381530298       0.55104795486969393        1.3811235881421819        2.6250967878090350       0.19181760247874585     
   2.3880001134239137        2.1790868629585582        2.4310998494271017       0.55226530163375309        1.3829474741303964        2.6267834860464960       0.19220302407213360     
   2.3900001135189086        2.1792130099709195        2.4313843461575364       0.55347195015158013        1.3847179015652729        2.6284557053206288       0.19258654304384298     
   2.3920001136139035        2.1793382327513391        2.4316673321590376       0.55467980365486280        1.3861869279074948        2.6301376436534913       0.19297023574724562     
   2.3940001137088984        2.1794593267071343        2.4319441166923967       0.55589050976252485        1.3881564246803302        2.6318291405678114       0.19335392312637037     
   2.3960001138038933        2.1795734918684850        2.4322111955927843       0.55710519380404278        1.3898748876893616        2.6335397041301634       0.19373954733806911     
   2.3980001138988882        2.1796751103473802        2.4324629281559109       0.55832703061261646        1.3916347098051676        2.6352756232140311       0.19412847170696290     
   2.4000001139938831        2.1797674378825436        2.4327024033310121       0.55956327286623242        1.3934373720599964        2.6370004631973361       0.19451783916526538     
   2.4020001140888780        2.1798554570240767        2.4329361113875887       0.56079347590681894        1.3952627640117909        2.6387128071357142       0.19490566458578754     
   2.4040001141838729        2.1799411614403148        2.4331662780131476       0.56202926343408877        1.3970947600052290        2.6402041537325105       0.19529269357777068     
   2.4060001142788678        2.1800307955371303        2.4334002810166653       0.56326403941327352        1.3989301709862247        2.6419255874897072       0.19567562617694803     
   2.4080001143738627        2.1801244457691182        2.4336380493115861       0.56448969398991744        1.4007757666006502        2.6435641096120435       0.19605630064549762     
   2.4100001144688576        2.1802210067908265        2.4338773333650536       0.56568804935021344        1.4026036793756642        2.6452921490496255       0.19643414636953457     
   2.4120001145638525        2.1803177999820340        2.4341151515583217       0.56687719366222045        1.4044370750638469        2.6470112754090604       0.19681023767608563     
   2.4140001146588475        2.1804104261797947        2.4343472636156296       0.56807248533473886        1.4062904731654831        2.6487044306072747       0.19718521732353247     
   2.4160001147538424        2.1805028114408360        2.4345786114612311       0.56928087352835322        1.4081538041081632        2.6503343832952950       0.19755428203071024     
   2.4180001148488373        2.1806042076669847        2.4348198434567290       0.57048358323683124        1.4100013508608302        2.6519287426854388       0.19791577141697222     
   2.4200001149438322        2.1807132449435129        2.4350683219017273       0.57167823371743287        1.4118158982062015        2.6535008439767314       0.19827196625451771     
   2.4220001150388271        2.1808276293887299        2.4353208930169141       0.57286743400946993        1.4136152820246761        2.6550591906353982       0.19862063297750168     
   2.4240001151338220        2.1809370762562552        2.4355638636036034       0.57406169979790833        1.4154260115690680        2.6566186422203009       0.19896601601247735     
   2.4260001152288169        2.1810456375062444        2.4358022714046288       0.57526160921915770        1.4172141145069774        2.6581360952833566       0.19930852530260787     
   2.4280001153238118        2.1811644428095360        2.4360512189033647       0.57644330866565319        1.4189486307238357        2.6596077148344848       0.19964456199367417     
   2.4300001154188067        2.1812997696518774        2.4363156577646574       0.57761719413690171        1.4206426740687284        2.6610070596205451       0.19996862062800824     
   2.4320001155138016        2.1814455853045596        2.4365895908732300       0.57878558657275214        1.4223162450170459        2.6623747824990276       0.20028374183173658     
   2.4340001156087965        2.1815947174397499        2.4368657815307460       0.57994507074822521        1.4239704611271014        2.6637288173145901       0.20059450078514746     
   2.4360001157037914        2.1817426593386799        2.4371394495635461       0.58109468476310699        1.4256098104399935        2.6650757896462305       0.20090219881284901     
   2.4380001157987863        2.1818855082726745        2.4374061107690292       0.58223792069375102        1.4272456020642532        2.6664204098536701       0.20120756412537205     
   2.4400001158937812        2.1820251664643360        2.4376680804576827       0.58337573186849212        1.4288489405020526        2.6677566360618763       0.20151088676917722     
   2.4420001159887761        2.1821625345933349        2.4379263485854148       0.58449282886272913        1.4304309569759874        2.6690830210882868       0.20181139317924718     
   2.4440001160837710        2.1822972144847510        2.4381800426973390       0.58558634061828507        1.4319406700514548        2.6704003910233278       0.20210958789609101     
   2.4460001161787659        2.1824274655657225        2.4384270306158533       0.58667056327335676        1.4334901270127289        2.6717098533908348       0.20240518115759415     
   2.4480001162737608        2.1825518548534264        2.4386659386164804       0.58775056119578195        1.4349947861541885        2.6730149578518905       0.20269849885114213     
   2.4500001163687557        2.1826936302590352        2.4389217908381338       0.58880658585214785        1.4364317560156630        2.6742491520991338       0.20297656669109373     
   2.4520001164637506        2.1828253783887219        2.4391655803378733       0.58986362356555377        1.4378731943644827        2.6754882758473397       0.20325703790671878     
   2.4540001165587455        2.1829576694405657        2.4394080545240047       0.59090699469279395        1.4392717782680458        2.6767020145118519       0.20353089307144295     
   2.4560001166537404        2.1830935602537389        2.4396516412392031       0.59193591673174806        1.4406368808359629        2.6778908466279181       0.20379742248205790     
   2.4580001167487353        2.1832282570928556        2.4400986371111748       0.59295424052830437        1.4419885507003529        2.6790676268412654       0.20405997807677670     
   2.4600001168437302        2.1833591284621749        2.4400986371111748       0.59395636548146857        1.4433216266992752        2.6802317807621168       0.20431912676543262     
   2.4620001169387251        2.1834883930172797        2.4400986371111748       0.59494147926786400        1.4446286842195732        2.6813696419365134       0.20457268990661043     
   2.4640001170337200        2.1836228074113264        2.4404760428597481       0.59590861408344120        1.4458914017666369        2.6824624046974184       0.20481950483235270     
   2.4660001171287149        2.1837629905152633        2.4406713305775436       0.59685766782184946        1.4471132104337974        2.6835150923419970       0.20505897210189475     
   2.4680001172237098        2.1839017534017278        2.4408681378645571       0.59779011332739174        1.4483051791257773        2.6845374795526027       0.20529219159677312     
   2.4700001173187047        2.1840347188338387        2.4410650451294766       0.59870824593640448        1.4494860245469130        2.6855468990263898       0.20552103731492860     
   2.4720001174136996        2.1841604111576247        2.4412604265971622       0.59960827589389354        1.4506573135840415        2.6865493519075483       0.20574711142680241     
   2.4740001175086945        2.1842790176684930        2.4414535970140259       0.60047666998129423        1.4518155811495292        2.6875463420879369       0.20597103408354295     
   2.4760001176036894        2.1843895999378917        2.4416431406117534       0.60130812038588122        1.4529622249605862        2.6885358446070002       0.20619264043912031     
   2.4780001176986843        2.1844945825795721        2.4418315029891549       0.60212561822648436        1.4540937851700222        2.6894998980943758       0.20640960377631362     
   2.4800001177936792        2.1845954073290765        2.4420201403890727       0.60293098030204340        1.4552115597898154        2.6904500671597686       0.20662251763469805     
   2.4820001178886741        2.1846901334753634        2.4423068229546021       0.60372444897435251        1.4563187513485745        2.6913889215245801       0.20683154366761031     
   2.4840001179836690        2.1847774409240976        2.4424575501755390       0.60450697833169964        1.4574128981049888        2.6923124270792682       0.20703579675051928     
   2.4860001180786639        2.1848579266407269        2.4425982367879366       0.60527615688272285        1.4584947697026918        2.6932237827660135       0.20723643400896788     
   2.4880001181736588        2.1849331696654417        2.4427308560640961       0.60602618319077428        1.4595555650138858        2.6941195045398332       0.20743179799894154     
   2.4900001182686538        2.1850043483054287        2.4428565290762689       0.60676169768199972        1.4605997120582290        2.6949996458382408       0.20762093538220683     
   2.4920001183636487        2.1850694829876520        2.4429731988398986       0.60748394543245998        1.4616297443282371        2.6958650548465943       0.20780555920269375     
   2.4940001184586436        2.1851281648468945        2.4430804864848112       0.60819406174476132        1.4626501123756870        2.6967208112870886       0.20798675789495347     
   2.4960001185536385        2.1851813435307035        2.4431795237182081       0.60888921094577397        1.4636391164228069        2.6975596283402048       0.20816408438273387     
   2.4980001186486334        2.1852297555511706        2.4432712576410740       0.60956694109078879        1.4645983708966424        2.6983773159651259       0.20833674657305179     
   2.5000001187436283        2.1852733403029636        2.4433688383822703       0.61022879091928628        1.4655409470678955        2.6991779849319646       0.20850487090729988     
   2.5020001188386232        2.1853109466694911        2.4434518640220286       0.61087574201481654        1.4664681092777083        2.6999636088980372       0.20866883588041965     
   2.5040001189336181        2.1853424005319044        2.4435220162316718       0.61150695706563230        1.4673047898741547        2.7007340598146103       0.20882876637691411     
   2.5060001190286130        2.1853680929015389        2.4435809767490833       0.61211957885830237        1.4682454750161016        2.7014894771918363       0.20898468140871790     
   2.5080001191236079        2.1853913286332003        2.4436332163555758       0.61270646628447623        1.4690726379210108        2.7022137276758023       0.20913494921800890     
   2.5100001192186028        2.1854162997381859        2.4436834892750823       0.61326701643354620        1.4698652353885449        2.7029083162630725       0.20927856356297034     
   2.5120001193135977        2.1854401676979665        2.4437288633880629       0.61379742899099676        1.4706325412637047        2.7035798997897675       0.20941602014645302     
   2.5140001194085926        2.1854626897263407        2.4437697578571700       0.61430724353930466        1.4713695679030858        2.7042247683439133       0.20954812825535207     
   2.5160001195035875        2.1854828469600887        2.4438051284836142       0.61479729894117530        1.4720816955719438        2.7048457520727784       0.20967476461745024     
   2.5180001195985824        2.1854989941270864        2.4438332033623276       0.61526566511310299        1.4727721935983245        2.7054458709654248       0.20979631393802270     
   2.5200001196935773        2.1855093532180581        2.4438520603907801       0.61571416810337087        1.4734391941352925        2.7060235843543086       0.20991187616992596     
   2.5220001197885722        2.1855170732826696        2.4438653687799081       0.61614572233921105        1.4740881447868501        2.7065842253058086       0.21002416503367297     
   2.5240001198835671        2.1855203007810307        2.4438712142932983       0.61655724527051248        1.4747171254335116        2.7071258449306894       0.21013105994781645     
   2.5260001199785620        2.1855185091519798        2.4438689469736388       0.61694867164324552        1.4753268038279141        2.7076489021354608       0.21023315774693790     
   2.5280001200735569        2.1855114311386328        2.4438582554366550       0.61732163911813664        1.4759167965090372        2.7081535006276369       0.21033058165515084     
   2.5300001201685518        2.1854994440986819        2.4438395641206627       0.61767639321833756        1.4764863759012850        2.7086387099648372       0.21042316860578866     
   2.5320001202635467        2.1854834347726100        2.4438138960065805       0.61801157233477999        1.4770286943217299        2.7091020361589511       0.21051074469182290     
   2.5340001203585416        2.1854638134404900        2.4437816121521392       0.61832725668622057        1.4775466714956909        2.7095431869228954       0.21059313680763503     
   2.5360001204535365        2.1854403456233062        2.4437424652999242       0.61862314772657834        1.4780417025986818        2.7099630333131528       0.21067059955633458     
   2.5380001205485314        2.1854135465125788        2.4436969073331931       0.61889813895172130        1.4785122489929137        2.7103611206775291       0.21074282633229655     
   2.5400001206435263        2.1853836805665385        2.4436445511679787       0.61915305367516527        1.4789588402740488        2.7107369847010627       0.21080946089777336     
   2.5420001207385212        2.1853507249987469        2.4435849187737384       0.61938798199423406        1.4793810520897632        2.7110895192007107       0.21087079373750250     
   2.5440001208335161        2.1853148373050053        2.4435175901602788       0.61960323991520139        1.4797791917463621        2.7114192702950484       0.21092677882261801     
   2.5460001209285110        2.1852765150844879        2.4434423950558020       0.61979927751985719        1.4801527868447635        2.7117232505063575       0.21097720903992009     
   2.5480001210235059        2.1852358509904128        2.4433583211485419       0.61997577857977482        1.4805001715334984        2.7119987891066795       0.21102154135323450     
   2.5500001211185008        2.1851934809753879        2.4432659330865611       0.62013270071950921        1.4808225295010409        2.7122506943449491       0.21106017369730154     
   2.5520001212134957        2.1851487634472053        2.4431812983301882       0.62026955941479234        1.4811196717672834        2.7124792704074903       0.21109328973785688     
   2.5540001213084906        2.1851017385920151        2.4430914504780668       0.62038630421435870        1.4813914725404076        2.7126841241403130       0.21112085319076165     
   2.5560001214034855        2.1850524922986891        2.4429964871342493       0.62048275111905227        1.4816379215815210        2.7128654486740071       0.21114286663543480     
   2.5580001214984804        2.1850012963261429        2.4428966865483339       0.62055891226647342        1.4818586352040990        2.7130224173874282       0.21115924726167584     
   2.5600001215934753        2.1849485108298974        2.4427924701165411       0.62061470836203592        1.4820530928902687        2.7131541071170218       0.21116985573133507     
   2.5620001216884702        2.1848941686975007        2.4426838535078432       0.62065017325553717        1.4822215856963870        2.7132616560149758       0.21117475147989140     
   2.5640001217834651        2.1848379145235826        2.4425704054380364       0.62066521063740832        1.4823644486194865        2.7133455904349981       0.21117405675829334     
   2.5660001218784600        2.1847790338958335        2.4424513702088042       0.62065916415752442        1.4824804476708453        2.7134048474335080       0.21116762794396327     
   2.5680001219734550        2.1847190220151864        2.4422243802667825       0.62063311870594384        1.4825712936869502        2.7134412244038884       0.21115582566605029     
   2.5700001220684499        2.1846578565780419        2.4420793704258963       0.62058743591960652        1.4826376128824785        2.7134552017978062       0.21113867531161409     
   2.5720001221634448        2.1845950842091293        2.4419318450831944       0.62052161703403375        1.4826791869373330        2.7134467311772155       0.21111621580753723     
   2.5740001222584397        2.1845298459306419        2.4417833039718904       0.62043500100844740        1.4826944197690288        2.7134142320438195       0.21108820781982782     
   2.5760001223534346        2.1844629682992363        2.4416349439765872       0.62032810017327866        1.4826840431987434        2.7133584740349210       0.21105478766707106     
   2.5780001224484295        2.1843947097133203        2.4414873364667815       0.62020130293706510        1.4826482863767541        2.7132795990450607       0.21101594557805781     
   2.5800001225434244        2.1843251628926863        2.4413407445177819       0.62005488025795341        1.4825873902734514        2.7131777831670996       0.21097174659058385     
   2.5820001226384193        2.1842543633816840        2.4411952817094309       0.61988903710001630        1.4825016354650469        2.7130532869242696       0.21092219534938919     
   2.5840001227334142        2.1841822729461593        2.4410510113436970       0.61970397212220307        1.4823912443884513        2.7129063029364522       0.21086732932720145     
   2.5860001228284091        2.1841083407876836        2.4409074060694644       0.61949918746341626        1.4822553640101936        2.7127359825672399       0.21080674706107266     
   2.5880001229234040        2.1840326584986967        2.4407641997143008       0.61927562598184549        1.4820959507046043        2.7125442534341202       0.21074156351737838     
   2.5900001230183989        2.1839542712716087        2.4406195869023204       0.61903418670963395        1.4819147262192007        2.7123321157485352       0.21067143638058072     
   2.5920001231133938        2.1838711169023108        2.4404714651710187       0.61877608604988488        1.4817129376449421        2.7121011088113991       0.21059683285876288     
   2.5940001232083887        2.1828281115395982        2.4390795688980762       0.61614230281343862        1.4785223035382768        2.7092485917050642       0.21013061473086869     
   2.5960001233033836        2.1830035445712159        2.4392205608354551       0.61627923155712616        1.4788143513765819        2.7094445150699120       0.21011136947679904     
   2.5980001233983785        2.1832423225704227        2.4394579411598651       0.61659074442613115        1.4792763314631168        2.7098011742215959       0.21011701870003707     
   2.6000001234933734        2.1833701302608346        2.4395494434269986       0.61676110234143799        1.4796377943409869        2.7100562917225894       0.21010742301963703     
   2.6020001235883683        2.1833811435081851        2.4394937779324692       0.61673883699163001        1.4797611926670684        2.7101026264118770       0.21006710108020421     
   2.6040001236833632        2.1833292995022617        2.4393524881864725       0.61656848711665901        1.4796964801462154        2.7099841244753962       0.21000115512232570     
   2.6060001237783581        2.1832465100770788        2.4391655352123878       0.61629675889479130        1.4794996992191101        2.7097490297959155       0.20991607288149575     
   2.6080001238733530        2.1831494606606876        2.4389551646142742       0.61595868461527048        1.4792142147150196        2.7094344734156186       0.20981729873324170     
   2.6100001239683479        2.1830386019552388        2.4387160718584115       0.61553324188811931        1.4788275139228906        2.7090350364635221       0.20970454008349998     
   2.6120001240633428        2.1820007486166486        2.4372041130303552       0.61274322868448472        1.4754831505855253        2.7060257338412086       0.20919819248695698     
   2.6140001241583377        2.1821457843989309        2.4372922911034847       0.61274542480681948        1.4756111906761655        2.7060695683924334       0.20914260875867297     
   2.6160001242533326        2.1823591326473193        2.4374857020936922       0.61294478480036729        1.4759379039980816        2.7062990189896352       0.20911650820335889     
   2.6180001243483275        2.1824654894582749        2.4375335043710034       0.61297587108704088        1.4761220305933402        2.7063894141268956       0.20906817432998029     
   2.6200001244433224        2.1824609945323115        2.4374411346856206       0.61280681088769684        1.4760651827244586        2.7062690823745688       0.20898865498814165     
   2.6220001245383173        2.1823956292295326        2.4372658888544083       0.61248593618751757        1.4758219346128907        2.7059858424181678       0.20888353436263435     
   2.6240001246333122        2.1822936276535301        2.4370308654782367       0.61201826690163941        1.4754101812317610        2.7055606531648366       0.20875606696004465     
   2.6260001247283071        2.1821866035077888        2.4367888294930231       0.61151547477980650        1.4749422557811742        2.7050822882290912       0.20861878353240862     
   2.6280001248233020        2.1811852495383808        2.4353212958248780       0.60886519982447729        1.4718495247970529        2.7023104740117714       0.20813681192536473     
   2.6300001249182969        2.1812428164276079        2.4352795667809830       0.60859363147778889        1.4716482383201395        2.7020638782513111       0.20802722947220267     
   2.6320001250132918        2.1814254483271127        2.4354241616930028       0.60866148962644073        1.4718246183614021        2.7021565900567266       0.20797066474297024     
   2.6340001251082867        2.1815105426280206        2.4354297795285618       0.60855119297925908        1.4718399464033445        2.7020954643889188       0.20788832342235800     
   2.6360001252032816        2.1814892587000951        2.4352990242234247       0.60825411976146193        1.4716300997916663        2.7018376777582782       0.20777716781578329     
   2.6380001252982765        2.1814082972780455        2.4350854028666973       0.60781580979045746        1.4712500910105437        2.7014331471213255       0.20764316760017201     
   2.6400001253932714        2.1812894723737037        2.4348086310814461       0.60723041728061744        1.4707029022949016        2.7008906113203617       0.20748750316522038     
   2.6420001254882663        2.1802674389411996        2.4332697736017295       0.60449666265976365        1.4675546891463376        2.6980889715834930       0.20699102144299192     
   2.6440001255832613        2.1801532846064711        2.4329831858692423       0.60379637440645240        1.4668207402722639        2.6973913127497426       0.20680255653359336     
   2.6460001256782562        2.1801878009818685        2.4329045286437263       0.60347168793676687        1.4665677211102268        2.6971084418119262       0.20667876805990384     
   2.6480001257732511        2.1803502049527825        2.4330139708573220       0.60346065260164816        1.4666625914590805        2.6971248292779086       0.20660147858915942     
   2.6500001258682460        2.1804187022682444        2.4329857911748189       0.60324693417935960        1.4665592727697756        2.6969627201358692       0.20649306918702526     
   2.6520001259632409        2.1803851031682404        2.4328250600231116       0.60284685709128472        1.4662178312722567        2.6965995951815409       0.20635487701648678     
   2.6540001260582358        2.1802877167221726        2.4325667357330580       0.60226245199135386        1.4656521822473054        2.6960540276227327       0.20618797373351472     
   2.6560001261532307        2.1801657798349101        2.4322763603987192       0.60161858408443925        1.4650008530751635        2.6954342602156771       0.20600922311524439     
   2.6580001262482256        2.1791278937339791        2.4307088937665338       0.59879698668826276        1.4616355196266071        2.6925492915681626       0.20548833620841386     
   2.6600001263432205        2.1790018397484192        2.4303960883041515       0.59799359836633037        1.4607764878202232        2.6917716408903209       0.20528065733141418     
   2.6620001264382154        2.1790237978545304        2.4302904816143882       0.59757945300557591        1.4604220884589807        2.6914110208489306       0.20513735718778645     
   2.6640001265332103        2.1791720119820805        2.4303729000883791       0.59749484627642757        1.4604376475033090        2.6913602944006927       0.20504274690883706     
   2.6660001266282052        2.1792288361471650        2.4303184149891326       0.59719464408496248        1.4602353058647533        2.6911189899847212       0.20491433861530087     
   2.6680001267232001        2.1791855457327123        2.4301342157363299       0.59670501263497921        1.4597933392483986        2.6906792144432337       0.20475672062768849     
   2.6700001268181950        2.1790816035794114        2.4298566056494120       0.59602536085608304        1.4591219641053226        2.6900562467006610       0.20457036902004033     
   2.6720001269131899        2.1789546335366761        2.4295495980184927       0.59529043714743590        1.4583711521951881        2.6893648590424695       0.20437370657841586     
   2.6740001270081848        2.1779456448684682        2.4280054895065866       0.59234721067799578        1.4548641834093585        2.6863714048987020       0.20382948783075472     
   2.6760001271031797        2.1778052144953723        2.4276641507487002       0.59148829835176830        1.4539444092710787        2.6855281836544296       0.20360432202208614     
   2.6780001271981746        2.1778139870111501        2.4275315656858685       0.59101914796127697        1.4535258110330007        2.6851079275729575       0.20344493232930025     
   2.6800001272931695        2.1779493535286423        2.4275892501178338       0.59088077153520502        1.4534832394485089        2.6850052961763735       0.20333661037416256     
   2.6820001273881644        2.1779957572656397        2.4275108745063578       0.59052137975545094        1.4532088483215324        2.6847013738891183       0.20319198050137269     
   2.6840001274831593        2.1779442658707140        2.4273052191472866       0.58997596029563260        1.4527031687871701        2.6842042716469394       0.20301772502979637     
   2.6860001275781542        2.1778328400598279        2.4270067842866170       0.58924053240606256        1.4519753066268339        2.6835269530671511       0.20281495790662779     
   2.6880001276731491        2.1777012754841780        2.4266833972688810       0.58845573264784390        1.4511737693730442        2.6827807818521054       0.20260106472541159     
   2.6900001277681440        2.1766599533025213        2.4250948162403989       0.58556663410086729        1.4477581071970591        2.6798322240616552       0.20204732565016828     
   2.6920001278631389        2.1765123670165494        2.4247374442864058       0.58468102310457504        1.4468134980948617        2.6789505600936918       0.20180568189438361     
   2.6940001279581338        2.1765196583519195        2.4245963468285558       0.58417679154665536        1.4463531033883106        2.6784854880478068       0.20163016364401340     
   2.6960001280531287        2.1766563931159348        2.4246430419998655       0.58397741271179182        1.4462455746919405        2.6783230740373170       0.20150392866469999     
   2.6980001281481236        2.1767047013626750        2.4245636322654991       0.58359243939954453        1.4459344898800088        2.6779836680025970       0.20134796214725334     
   2.7000001282431185        2.1766565121447545        2.4243470668420044       0.58297126263914600        1.4453355054590564        2.6774043347978047       0.20115428405419378     
   2.7020001283381134        2.1765602063846177        2.4240678156299040       0.58223592626996445        1.4445871947790527        2.6766954619831647       0.20094168538325974     
   2.7040001284331083        2.1764374994539657        2.4237500942462731       0.58142063841085212        1.4437416889504329        2.6759046571593901       0.20071613990072126     
   2.7060001285281032        2.1754255828226756        2.4221956952273089       0.57850498102054526        1.4402598630017882        2.6728645530954309       0.20014724032183609     
   2.7080001286230981        2.1752833761398311        2.4218368015015179       0.57757462914856716        1.4392382306967151        2.6719300060899296       0.19989640736236070     
   2.7100001287180930        2.1751470487750351        2.4214894424317364       0.57668673258870795        1.4382632352608489        2.6710463418557890       0.19965542588214491     
   2.7120001288130879        2.1750115193820747        2.4211422882887739       0.57578963951399098        1.4372801563665736        2.6701600464884336       0.19941423575652395     
   2.7140001289080828        2.1748738632610829        2.4207920762333450       0.57488586094758265        1.4362910227398906        2.6692699822202650       0.19917192998653940     
   2.7160001290030777        2.1747388109771308        2.4204443971592973       0.57398073449700171        1.4353012632326536        2.6683778666053812       0.19892672331447775     
   2.7180001290980726        2.1746025178042694        2.4200947348521304       0.57306830311005341        1.4343032904222377        2.6674789836746995       0.19868059845765759     
   2.7200001291930676        2.1744712744091985        2.4197509687364871       0.57215295715443826        1.4332913885782648        2.6665670285567011       0.19843237156373739     
   2.7220001292880625        2.1743422648718416        2.4194101543293449       0.57123811162392302        1.4322740080519480        2.6656522859311842       0.19818277961512876     
   2.7240001293830574        2.1742153382867198        2.4190720452926424       0.57032401740922656        1.4312388301988270        2.6647321186289221       0.19793286908001012     
   2.7260001294780523        2.1740905239308224        2.4187361889994241       0.56941054968856097        1.4301847714635010        2.6638084980843266       0.19768196928586185     
   2.7280001295730472        2.1739705180148450        2.4184044811612297       0.56848858221505305        1.4291170575870327        2.6628801590716602       0.19742967269710171     
   2.7300001296680421        2.1738547488570443        2.4180777367520472       0.56756539075087231        1.4280460994654864        2.6619487979415037       0.19717537659477996     
   2.7320001297630370        2.1737428093653941        2.4177551804663486       0.56664145487211781        1.4269654637777933        2.6610051853785355       0.19691920433887761     
   2.7340001298580319        2.1736386568703603        2.4174393738138287       0.56572257369101264        1.4258639483175903        2.6600518821266257       0.19666000557901039     
   2.7360001299530268        2.1735394616718313        2.4171290499101796       0.56479241709766170        1.4247506702483639        2.6590935401006437       0.19639865110636007     
   2.7380001300480217        2.1734404702288908        2.4168192054061688       0.56386008149403544        1.4236430322096842        2.6581413040384185       0.19613781812142456     
   2.7400001301430166        2.1733398091268405        2.4165077712628600       0.56293202301154066        1.4225453917747211        2.6571971868903361       0.19587783322461016     
   2.7420001302380115        2.1732381866414943        2.4161955924361069       0.56200492705621286        1.4214549131047194        2.6562590862943760       0.19561965918857160     
   2.7440001303330064        2.1731411674667878        2.4158881122908693       0.56105912313137718        1.4203542637444238        2.6553105529515206       0.19536070197716221     
   2.7460001304280013        2.1730502421892028        2.4155870098315364       0.56009661660491827        1.4192421980352192        2.6543543163548913       0.19510009040835380     
   2.7480001305229962        2.1729670357026900        2.4152952148084386       0.55913732668824501        1.4181260871661179        2.6533754722502043       0.19483715311752123     
   2.7500001306179911        2.1728342545918626        2.4149259007701582       0.55796459942189769        1.4166919454767084        2.6521281910517178       0.19453312505907727     
   2.7520001307129860        2.1728347733098348        2.4147454357627152       0.55715808612661544        1.4157604734608664        2.6512942687470420       0.19429100423209167     
   2.7540001308079809        2.1727303397969431        2.4144138213198647       0.55603322402212396        1.4143543511672567        2.6500716397664097       0.19398930541791856     
   2.7560001309029758        2.1727430931970266        2.4142480235223065       0.55523626674651227        1.4134145078890410        2.6492308443720272       0.19374477141909774     
   2.7580001309979707        2.1726416605791345        2.4139211942477945       0.55412826768915202        1.4120298831548672        2.6480222582522224       0.19344355959297727     
   2.7600001310929656        2.1726535096265311        2.4137554376699359       0.55334075739384181        1.4111051619701227        2.6471918645333807       0.19320030551448583     
   2.7620001311879605        2.1725624258154097        2.4134420042942657       0.55224126818837660        1.4097105296687009        2.6459604280993512       0.19289790683067237     
   2.7640001312829554        2.1725441829817616        2.4132244500196203       0.55128058605698860        1.4084845754401218        2.6448611065665952       0.19261335929173479     
   2.7660001313779503        2.1725364322359852        2.4130219328384004       0.55034797652932466        1.4072925638649145        2.6437828980127427       0.19233071548657804     
   2.7680001314729452        2.1725299980542045        2.4128216551903714       0.54941511924520403        1.4061075418610756        2.6427022942089997       0.19205020172674880     
   2.7700001315679401        2.1725259282179175        2.4126246476830775       0.54848227803788963        1.4049277875851067        2.6416212683712943       0.19177020709863116     
   2.7720001316629350        2.1725213840393396        2.4124280994496687       0.54755852411843753        1.4037609786250451        2.6405886550160904       0.19149093452493132     
   2.7740001317579299        2.1725201766105151        2.4122360531133227       0.54664552096030850        1.4026050433891706        2.6395627008484008       0.19121146578524037     
   2.7760001318529248        2.1725724855524620        2.4121224052509365       0.54590610746390378        1.4017125884148451        2.6387378127463590       0.19096717012162076     
   2.7780001319479197        2.1725149041111438        2.4118537960887116       0.54486125845106981        1.4003692405999619        2.6375262050755657       0.19066270743169458     
   2.7800001320429146        2.1725656742601247        2.4117376106371142       0.54411397281950924        1.3994721821105367        2.6366928402062153       0.19041564965828131     
   2.7820001321379095        2.1725182273018220        2.4114825703719740       0.54309202868218909        1.3981692410024023        2.6354942361867701       0.19010729374148500     
   2.7840001322329044        2.1725767038448138        2.4113767524863992       0.54236082157345233        1.3972960239091170        2.6346547106301763       0.18985740055139450     
   2.7860001323278993        2.1725359856952271        2.4111307993596434       0.54135192453131409        1.3960175493817277        2.6334312872222294       0.18954887129380793     
   2.7880001324228942        2.1725546994177729        2.4109647716670497       0.54047011283884638        1.3949112322579484        2.6323572984058057       0.18926394462119442     
   2.7900001325178891        2.1726361791785709        2.4108881573467471       0.53977073482382021        1.3940749738754816        2.6315286017411772       0.18901544232325418     
   2.7920001326128840        2.1726193753987890        2.4106701377744799       0.53878520586517031        1.3928130922008986        2.6303053611655001       0.18870470031212891     
   2.7940001327078789        2.1727004826044323        2.4105905836816697       0.53807544682696451        1.3919690244438061        2.6294680500824095       0.18845484105736846     
   2.7960001328028738        2.1726763993167646        2.4103634499626914       0.53709690017546652        1.3907462448214887        2.6282759364026034       0.18815032095835921     
   2.7980001328978688        2.1727553127257480        2.4102819542977110       0.53638932201504075        1.3899300396207892        2.6274632197082370       0.18790534467227160     
   2.8000001329928637        2.1727418851657285        2.4100682206328146       0.53540581183356728        1.3887180229281317        2.6262727851193532       0.18760117170295557     
   2.8020001330878586        2.1728360614898765        2.4100048559696439       0.53470159470499734        1.3879058284665040        2.6254558893823203       0.18735451484916230     
   2.8040001331828535        2.1728838470041563        2.4098788762045955       0.53390163437935545        1.3869642648227904        2.6245146071147594       0.18708927137352277     
   2.8060001332778484        2.1729240608193541        2.4097421645134851       0.53308284425042229        1.3861869279074948        2.6235488827306219       0.18682086962536421     
   2.8080001333728433        2.1729620702081358        2.4096031861107501       0.53226442095773940        1.3849670243242960        2.6225910482551811       0.18655414703560744     
   2.8100001334678382        2.1729982151674743        2.4094613152832425       0.53143165807075876        1.3839594017055965        2.6216496885026133       0.18629129064181660     
   2.8120001335628331        2.1730315871067876        2.4093158407996804       0.53060160992847416        1.3829636682038970        2.6207215062410638       0.18603183124753031     
   2.8140001336578280        2.1730617773668546        2.4091664932891863       0.52978129102645977        1.3819865229480257        2.6198125831384593       0.18577630257180114     
   2.8160001337528229        2.1730883260136777        2.4090141471929187       0.52897097978974694        1.3810136618527367        2.6189171635305422       0.18552401054484749     
   2.8180001338478178        2.1731215784095137        2.4088702318956874       0.52815872076231185        1.3800125947366295        2.6180148927426359       0.18527180195375184     
   2.8200001339428127        2.1731650979809198        2.4087387213597893       0.52734593900728255        1.3790171692267224        2.6171063699405805       0.18501877385638274     
   2.8220001340378076        2.1732175561567404        2.4086170174312986       0.52652776414818148        1.3780170414334931        2.6161890645005625       0.18476495625822473     
   2.8240001341328025        2.1732789571949280        2.4085060193599896       0.52571196057081349        1.3770088980669453        2.6152654279101357       0.18451036524528183     
   2.8260001342277974        2.1733433972105183        2.4083993648108657       0.52490493994478016        1.3760133297141299        2.6143540509936232       0.18425816115190563     
   2.8280001343227923        2.1734043304890189        2.4082893378135464       0.52410526035603444        1.3750337677626892        2.6134589362296601       0.18400903247225497     
   2.8300001344177872        2.1734673078227176        2.4081825566692907       0.52330759723238518        1.3740625512971663        2.6125759455551001       0.18376252817126032     
   2.8320001345127821        2.1735309249777996        2.4080771630242039       0.52251573830281905        1.3731013344123684        2.6117036038836505       0.18351851140775477     
   2.8340001346077770        2.1735937718440392        2.4079725639813048       0.52173431603723186        1.3721558459775531        2.6108461734192079       0.18327743558347903     
   2.8360001347027719        2.1736553910338268        2.4078681864441194       0.52096284823011707        1.3712240550100774        2.6100038482084349       0.18303927228127934     
   2.8380001347977668        2.1737208210824877        2.4077696426307011       0.52019686934789444        1.3702969529220357        2.6091716938764078       0.18280423116336911     
   2.8400001348927617        2.1737893021032542        2.4076752378227249       0.51942992546572075        1.3693758604597364        2.6083460471227551       0.18257130323418772     
   2.8420001349877566        2.1738626672645296        2.4075870995687101       0.51865587882625175        1.3684586984769893        2.6075239703166804       0.18233953950356283     
   2.8440001350827515        2.1739360845977158        2.4075000649941276       0.51788248559758943        1.3675461298722944        2.6067104978324434       0.18211002599414533     
   2.8460001351777464        2.1740124334245357        2.4074173467595501       0.51711482752025206        1.3666361684218871        2.6059057632175944       0.18188334613720344     
   2.8480001352727413        2.1740914830955456        2.4073389604466904       0.51635946471098437        1.3657435310454225        2.6051179083960845       0.18165988836312205     
   2.8500001353677362        2.1741691039773148        2.4072604365752461       0.51561008815423415        1.3648578152404378        2.6043390510650091       0.18143862508636363     
   2.8520001354627311        2.1742513990990520        2.4071882403595759       0.51486365460510219        1.3639733586122551        2.6035682701673220       0.18121989007666797     
   2.8540001355577260        2.1743358358288574        2.4071195180023088       0.51412482411740135        1.3630967515940262        2.6028054356704944       0.18100312563654625     
   2.8560001356527209        2.1744203009709850        2.4070523084967874       0.51339705173551142        1.3622339367967902        2.6020550151534327       0.18078907987385354     
   2.8580001357477158        2.1745047054623927        2.4069866405198024       0.51267950976498156        1.3613863877930528        2.6013184091372561       0.18057716207691926     
   2.8600001358427107        2.1745893915846808        2.4069227087144149       0.51197197402940442        1.3605545417780405        2.6005960692199639       0.18037049981117703     
   2.8620001359377056        2.1746732819088432        2.4068591942852531       0.51127502599141661        1.3597383204290494        2.5998886051108858       0.18016592943438861     
   2.8640001360327005        2.1747575864271651        2.4067976628721004       0.51058833561980344        1.3589358007725911        2.5991934504870717       0.17996347842825172     
   2.8660001361276954        2.1748445431725809        2.4067401015101164       0.50990577861555875        1.3581464135563339        2.5985124263282513       0.17976435353998252     
   2.8680001362226903        2.1749333863425382        2.4066857018462691       0.50922416901981149        1.3573651958797237        2.5978414220501800       0.17956803686536846     
   2.8700001363176852        2.1750240011775963        2.4066347998894591       0.50855149871004246        1.3565966461354138        2.5971823340862565       0.17937426020286559     
   2.8720001364126801        2.1751158171312648        2.4065867826937817       0.50788853166452586        1.3558401078201945        2.5965349084290961       0.17918308652019962     
   2.8740001365076751        2.1752101018301877        2.4065428701238893       0.50722421571755272        1.3550910337228896        2.5958970740302778       0.17899443859438216     
   2.8760001366026700        2.1753085024120833        2.4065041406600800       0.50655214430982731        1.3543429451687463        2.5952670971602032       0.17880850758109351     
   2.8780001366976649        2.1754146582269245        2.4064753917070520       0.50588312228318133        1.3535844599521196        2.5946351365286771       0.17862335154687123     
   2.8800001367926598        2.1755260436811255        2.4064537227034015       0.50521964259004515        1.3528281240428957        2.5939997277773936       0.17843867683283865     
   2.8820001368876547        2.1756425218913025        2.4064389896748657       0.50456597215340615        1.3520805576526174        2.5933691423175302       0.17825510916352283     
   2.8840001369826496        2.1757612861806441        2.4064282503277954       0.50392150365902244        1.3513451477834086        2.5927493600794085       0.17807402481538459     
   2.8860001370776445        2.1758823181057640        2.4064214174964556       0.50328335697763549        1.3506133543591308        2.5921373938337093       0.17789505606253719     
   2.8880001371726394        2.1760057274972917        2.4064187710695406       0.50265474020817236        1.3498929568999130        2.5915350006166178       0.17771818305855486     
   2.8900001372676343        2.1761302326197893        2.4064188765663546       0.50203625664682405        1.3491873280125830        2.5909457174171124       0.17754405791395342     
   2.8920001373626292        2.1762568319198672        2.4064227229612536       0.50142560710748729        1.3484911790106524        2.5903672188489888       0.17737296198906566     
   2.8940001374576241        2.1763863303463089        2.4064310359988830       0.50081967932297899        1.3478002672011427        2.5897955716739212       0.17720329332975746     
   2.8960001375526190        2.1765178752474101        2.4064427342226100       0.50022323779605216        1.3471245324218257        2.5892380666716233       0.17703675590153659     
   2.8980001376476139        2.1766489878451840        2.4064552932962093       0.49963459649632536        1.3464592405626015        2.5886904625205562       0.17687277075676286     
   2.9000001377426088        2.1767807280883438        2.4064700962006538       0.49905424284783334        1.3458049341499676        2.5881533342975476       0.17671166670610883     
   2.9020001378376037        2.1769152208385192        2.4064893865000170       0.49848174470712825        1.3451630645472867        2.5876283546464833       0.17655277037066155     
   2.9040001379325986        2.1770524371434647        2.4065134231635885       0.49792061236902913        1.3445368229295924        2.5871165287707645       0.17639545570539147     
   2.9060001380275935        2.1773006748997092        2.4066893942090135       0.49761174251918278        1.3442592889943221        2.5869026691010775       0.17628288909767900     
   2.9080001381225884        2.1776257343447041        2.4069789060176525       0.49754743880443936        1.3442845417861569        2.5869506655433665       0.17621388802657512     
   2.9100001382175833        2.1779187880562474        2.4072169340000902       0.49733487080331390        1.3441374437547804        2.5868466985569007       0.17611787077664631     
   2.9120001383125782        2.1781429490974848        2.4073690472649716       0.49700993921322778        1.3438308427134169        2.5866057270894185       0.17600426636900596     
   2.9140001384075731        2.1783277074905092        2.4074699111521602       0.49660598557723434        1.3434134413229999        2.5862700965768708       0.17587842710084139     
   2.9160001385025680        2.1784988996919514        2.4075439896991839       0.49611579211489382        1.3428840636003683        2.5858447101223199       0.17573943151470714     
   2.9180001385975629        2.1786582775351988        2.4076087888310629       0.49563215381946962        1.3423528065570498        2.5854142487110039       0.17560127411261758     
   2.9200001386925578        2.1788093138689675        2.4076651604027881       0.49514697651403128        1.3418120453474298        2.5849772669847413       0.17546344932701680     
   2.9220001387875527        2.1789587208233079        2.4077204352637089       0.49466258798313201        1.3412651243809910        2.5845389600978921       0.17532655574641257     
   2.9240001388825476        2.1791076584104383        2.4077761303599519       0.49418213320874899        1.3407211573507876        2.5841040129586146       0.17519099186199885     
   2.9260001389775425        2.1792567816160755        2.4078330411211399       0.49370771517182288        1.3401836585866076        2.5836754958729475       0.17505725443683404     
   2.9280001390725374        2.1794069213569007        2.4078922272149419       0.49324047138851801        1.3396564526148655        2.5832570356545332       0.17492605165109337     
   2.9300001391675323        2.1795578452987443        2.4079534895395631       0.49278165226068221        1.3391418749707193        2.5828502221793950       0.17479780815258644     
   2.9320001392625272        2.1797091717810071        2.4080165245278113       0.49233095462351800        1.3386389812418802        2.5824540989075304       0.17467236228071525     
   2.9340001393575221        2.1798555706147593        2.4080829025864179       0.49192652009675275        1.3381907869521541        2.5820998184903758       0.17455500242614724     
   2.9360001394525170        2.1800104107731748        2.4081467074757050       0.49145486467435051        1.3376736659291415        2.5816976766037474       0.17443020803473760     
   2.9380001395475119       -2.1801667805695293        2.4082252494775589       0.49105106202747367        1.3372348638016505        2.5813544402536217       0.17431606795129004     
   2.9400001396425068       -2.1803295613481248        2.4083002560236846       0.49058981591225492        1.3367312816896371        2.5809642033321629       0.17419458652251241     
   2.9420001397375017       -2.1804913942161597        2.4083874859945760       0.49019965087629813        1.3363080476613904        2.5806351689607365       0.17408448399496587     
   2.9440001398324966       -2.1806526057128575        2.4084711126624234       0.48979379884234370        1.3358694556884534        2.5802971602405580       0.17397368494510784     
   2.9460001399274915       -2.1808220528700182        2.4085569637954869       0.48934922587344820        1.3353882845935263        2.5799311689116045       0.17385888132100441     
   2.9480001400224864       -2.1809914246443567        2.4086564717731571       0.48897608116354202        1.3349897087616016        2.5796300600100026       0.17375598690501448     
   2.9500001401174814       -2.1811590151578204        2.4087514246667312       0.48858576519094060        1.3345735257207840        2.5793176917315903       0.17365222631148730     
   2.9520001402124763       -2.1813291752076061        2.4088496366145544       0.48819634589278993        1.3341598913654433        2.5790099493454601       0.17355026499613568     
   2.9540001403074712       -2.1815012951131854        2.4089509661700199       0.48781192837957998        1.3337533211988857        2.5787098466978833       0.17345071995562997     
   2.9560001404024661       -2.1816751852671277        2.4090555971579954       0.48743472636770269        1.3333563729012612        2.5784193274579081       0.17335358406190443     
   2.9580001404974610        2.1818509430420270        2.4091637733190363       0.48706542766569844        1.3329693698055398        2.5781385456905266       0.17325828573282431     
   2.9600001405924559        2.1820282065754304        2.4092750671894678       0.48670331299370473        1.3325919108247870        2.5778666760375373       0.17316459096836134     
   2.9620001406874508        2.1822065992361259        2.4093891351822201       0.48634835140716198        1.3322234645079358        2.5776029243450593       0.17307476268665720     
   2.9640001407824457        2.1823854619140048        2.4095051277207258       0.48599962510092282        1.3318610459601194        2.5773462954470010       0.17298629398365106     
   2.9660001408774406        2.1825667022675592        2.4096251668540312       0.48565725112138036        1.3315031531826023        2.5770978940922085       0.17290021848129311     
   2.9680001409724355        2.1827492661329826        2.4097481817980633       0.48532094299058814        1.3311520832105703        2.5768567715990720       0.17281636398276029     
   2.9700001410674304        2.1829328735717572        2.4098737937619008       0.48499118104320688        1.3308095064272205        2.5766239602315775       0.17273471541771404     
   2.9720001411624253        2.1831171458901220        2.4100016089284217       0.48466803958811050        1.3304758026090731        2.5764000279405725       0.17265539051779072     
   2.9740001412574202        2.1833019160641238        2.4101314775607530       0.48435152344472504        1.3301510920207722        2.5761850556813619       0.17257846584916081     
   2.9760001413524151        2.1834870126047932        2.4102631737763365       0.48404163080551332        1.3298354648825352        2.5759790015511670       0.17250395072362890     
   2.9780001414474100        2.1836724053582519        2.4103966396150724       0.48373849859157519        1.3295288706363766        2.5757818093763563       0.17243183427437905     
   2.9800001415424049        2.1838581741779812        2.4105319262796416       0.48344197037760644        1.3292310878590481        2.5755932735599081       0.17236206330754819     
   2.9820001416373998        2.1840445244164539        2.4106692841320161       0.48315221820389281        1.3289421627675613        2.5754134403857623       0.17229483392990944     
   2.9840001417323947        2.1842310457636103        2.4108082904998689       0.48286896991057110        1.3286619885339042        2.5752421925723903       0.17222996334412127     
   2.9860001418273896        2.1844175891665354        2.4109487853297855       0.48259242188987450        1.3283906718085281        2.5750794874481899       0.17216745807484954     
   2.9880001419223845        2.1846043059322615        2.4110909068360105       0.48232242306631423        1.3281278603126545        2.5749247839323268       0.17210723411305864     
   2.9900001420173794        2.1847914639041646        2.4112348305941329       0.48205860271233131        1.3278731194759659        2.5747780123235580       0.17204924032741467     
   2.9920001421123743        2.1849789302476608        2.4113805389574154       0.48180078245745728        1.3276264154419453        2.5746392855295128       0.17199350034450658     
   2.9940001422073692        2.1851666821049385        2.4115279006614236       0.48154901542927314        1.3273878161182284        2.5745086418700165       0.17194002889680338     
   2.9960001423023641        2.1853546444246650        2.4116768569364466       0.48130313183766510        1.3271571578010348        2.5743859491805634       0.17188881150371557     
   2.9980001423973590        2.1855427828039997        2.4118273358752584       0.48106295420615930        1.3269342262305071        2.5742710438646670       0.17183982213931440     
   3.0000001424923539        2.1857308861059157        2.4119790602353968       0.48082813629561361        1.3267183509760210        2.5741633014357865       0.17179310159325428     
   3.0020001425873488        2.1859196938527257        2.4121330251308470       0.48059978606068243        1.3265109616974600        2.5740638777728613       0.17174862474709829     
   3.0040001426823437        2.1861095042919980        2.4122898832080550       0.48037936420148902        1.3263132271462896        2.5739731056060933       0.17170632920455600     
   3.0060001427773386        2.1863006720064568        2.4124504016674089       0.48016852502791268        1.3261264771105201        2.5738914866452958       0.17166619012694140     
   3.0080001428723335        2.1864930273414585        2.4126148893447268       0.47996824164075930        1.3259509471422621        2.5738184537190976       0.17162800172375300     
   3.0100001429673284        2.1866885901437931        2.4127858714445130       0.47977965185919330        1.3257887334307106        2.5737559718039837       0.17159195738022834     
   3.0120001430623233        2.1868869431551694        2.4129632490195054       0.47960433830529980        1.3256397259772958        2.5737029308159145       0.17155775822303559     
   3.0140001431573182        2.1870894719603968        2.4131487414877735       0.47944429189221133        1.3255060033272554        2.5736610012227437       0.17152559126615183     
   3.0160001432523131        2.1872970826491120        2.4133436432916548       0.47930083083828240        1.3253887369172186        2.5736310801607316       0.17149553439921894     
   3.0180001433473080        2.1875092877058218        2.4135477135598680       0.47917483764907959        1.3252883955365244        2.5736127477281254       0.17146740877670180     
   3.0200001434423029        2.1877265874070391        2.4137615954424341       0.47906736191600768        1.3252058776960478        2.5736066704067406       0.17144130881952338     
   3.0220001435372978        2.1879489974034025        2.4139854340200526       0.47897923885103533        1.3251420638420837        2.5736132944094079       0.17141733476903676     
   3.0240001436322927        2.1881766142073547        2.4142194837026070       0.47891107648380998        1.3250977946033082        2.5736330926432145       0.17139552017185958     
   3.0260001437272877        2.1884092260872632        2.4144636353230418       0.47886331841301005        1.3250735036363572        2.5736662708462013       0.17137583840321760     
   3.0280001438222826        2.1886467363572661        2.4147177972740126       0.47883632756435413        1.3250696317957495        2.5737131264860911       0.17135836727008769     
   3.0300001439172775        2.1888884573983209        2.4149819421837040       0.47883049046680976        1.3250864932653748        2.5737738618989403       0.17134317526686013     
   3.0320001440122724        2.1891349210086339        2.4152567190417926       0.47884606610330605        1.3251240414264502        2.5738483187502252       0.17133023169634862     
   3.0340001441072673        2.1893865535695713        2.4155421312737300       0.47888299393556183        1.3251816383757953        2.5739360373294184       0.17131941932849068     
   3.0360001442022622        2.1896431140525512        2.4158378758773824       0.47894135052841519        1.3252594424493689        2.5740370085798121       0.17131073578623426     
   3.0380001442972571        2.1899036774622593        2.4161418117668303       0.47902203968548962        1.3253591751924483        2.5741528541792427       0.17130454401145509     
   3.0400001443922520        2.1901640703628988        2.4164488310809928       0.47912476064460796        1.3254806009863664        2.5742833029871011       0.17130100635757356     
   3.0420001444872469        2.1904270858976993        2.4167634657610617       0.47924930137392840        1.3256243159233001        2.5744291154406480       0.17130022682791110     
   3.0440001445822418        2.1906941714315713        2.4170874503416457       0.47939590289884965        1.3257897165750738        2.5745890956271085       0.17130190223480443     
   3.0460001446772367        2.1909592272872329        2.4174158617397996       0.47957867849903779        1.3259886627018791        2.5747703510528299       0.17130738326114953     
   3.0480001447722316        2.1912304642608813        2.4177543798384442       0.47977081335786625        1.3261975547599323        2.5749584270904267       0.17131401512318772     
   3.0500001448672265        2.1915074361441667        2.4181032327338814       0.47998043435405052        1.3264223915591342        2.5751571014655248       0.17132241009031812     
   3.0520001449622214        2.1917895074917939        2.4184621555887160       0.48021000230529332        1.3266656173224827        2.5753677701868734       0.17133277385781362     
   3.0540001450572163        2.1920764891329410        2.4188305374338741       0.48045996675351060        1.3269298386948438        2.5755932838269584       0.17134564717498474     
   3.0560001451522112        2.1923666241310964        2.4192069586045819       0.48072995849689465        1.3272140059699233        2.5758324800727133       0.17136089463945761     
   3.0580001452472061        2.1926609951785276        2.4195925932881228       0.48102074431887409        1.3275185885819236        2.5760856823060978       0.17137852277348647     
   3.0600001453422010        2.1929591761022418        2.4199871118837262       0.48133251730074195        1.3278431202109731        2.5763519236530588       0.17139835895460884     
   3.0620001454371959        2.1932609415402027        2.4203903343555520       0.48166535695222490        1.3281872668517174        2.5766308146886301       0.17142033717424549     
   3.0640001455321908        2.1935665751115110        2.4208027140609669       0.48201962846054258        1.3285508537595219        2.5769220229666465       0.17144437542385452     
   3.0660001456271857        2.1938765501826771        2.4212244096390911       0.48239528040153162        1.3289336997407386        2.5772255771992847       0.17147044109459100     
   3.0680001457221806        2.1941902935331874        2.4216547353076843       0.48279192137414578        1.3293361689980812        2.5775417254487785       0.17149860679056458     
   3.0700001458171755        2.1945074513566922        2.4220934636930509       0.48320967300219320        1.3297577882435903        2.5778689187338144       0.17152878718957260     
   3.0720001459121704        2.1948277727264984        2.4225402004813996       0.48364823103414156        1.3301987005882310        2.5782074711093119       0.17156097363903799     
   3.0740001460071653        2.1951510257948716        2.4229948324040596       0.48410773450147310        1.3306591272692880        2.5785582540130436       0.17159523524086553     
   3.0760001461021602        2.1954776110297409        2.4234577059291103       0.48458832115458361        1.3311394213888348        2.5789215673781287       0.17163156553508216     
   3.0780001461971551        2.1958069359699564        2.4239287248269994       0.48509050316879898        1.3316399943797517        2.5792977570887810       0.17167005117923548     
   3.0800001462921500        2.1961356002197503        2.4244053731420152       0.48561417154055897        1.3321602556117325        2.5796863863045236       0.17171079480973878     
   3.0820001463871449        2.1964673496842515        2.4248901776343539       0.48615996596491901        1.3326938253619365        2.5800850424597024       0.17175308460083524     
   3.0840001464821398        2.1968028643027107        2.4253837589843923       0.48672687111618279        1.3332408508417364        2.5804920414812678       0.17179805316272906     
   3.0860001465771347        2.1971433119341963        2.4258873131335688       0.48731369150548570        1.3338063952827737        2.5809095237994950       0.17184406371004501     
   3.0880001466721296        2.1974988253546539        2.4264163075304266       0.48793004314738431        1.3344006503449923        2.5813441391790612       0.17189184465635995     
   3.0900001467671245        2.1978396666126443        2.4269260278665095       0.48854553403846074        1.3349881094776339        2.5817727929092271       0.17194050970046851     
   3.0920001468621194        2.1981974794047789        2.4274640627681263       0.48919999618570081        1.3356141505615569        2.5822270764718223       0.17199215236711005     
   3.0940001469571143        2.1985496660507091        2.4279965675888078       0.48986798130790499        1.3362495685764733        2.5826870884817850       0.17204550010155470     
   3.0960001470521092        2.1989008026384345        2.4285305874176633       0.49055446316834300        1.3369001602521073        2.5831556084136391       0.17210068136308848     
   3.0980001471471041        2.1992534031295183        2.4290694638130752       0.49125694101796280        1.3375652379736340        2.5836340797011492       0.17215778738473109     
   3.1000001472420990        2.1996076657220094        2.4296147183316941       0.49197538669277424        1.3382451885001794        2.5841210586393522       0.17221619127627999     
   3.1020001473370939        2.1999649294881762        2.4301677284307832       0.49270676112803891        1.3389417375309673        2.5846181570305871       0.17227588420655782     
   3.1040001474320889       -2.2003238003550853        2.4307252189326225       0.49344792185164116        1.3396566560961023        2.5851272718508267       0.17233759384984967     
   3.1060001475270838       -2.2006804385722996        2.4312826021611156       0.49420641186952258        1.3403895199276341        2.5856477409326648       0.17240149805665761     
   3.1080001476220787       -2.2010376299155676        2.4318444426454722       0.49498479542698887        1.3411442830879472        2.5861822224827962       0.17246790672317888     
   3.1100001477170736       -2.2013892467109990        2.4324065946799514       0.49578351395656955        1.3419202176078755        2.5867305976335047       0.17253695661572366     
   3.1120001478120685       -2.2017359757785804        2.4329625670908634       0.49660258266074198        1.3427047456707983        2.5872892033869976       0.17260865505030532     
   3.1140001479070634       -2.2020805614553716        2.4335179815158789       0.49743844811151633        1.3435052290651899        2.5878548381024622       0.17268199869396370     
   3.1160001480020583       -2.2024263049667754        2.4340782841979292       0.49829012793707694        1.3443227499006243        2.5884306119990246       0.17275710142472478     
   3.1180001480970532       -2.2027725986686217        2.4346430776954429       0.49916076239872326        1.3451571109859675        2.5890164234462625       0.17283410530943794     
   3.1200001481920481       -2.2031185008730687        2.4352102159619649       0.50004994500086353        1.3460096661172845        2.5896138915775739       0.17291284251216063     
   3.1220001482870430       -2.2034608832578635        2.4357752372389232       0.50095612719050031        1.3468803908335081        2.5902233650150492       0.17299425849415045     
   3.1240001483820379       -2.2037997612616351        2.4363392670365474       0.50188155382867039        1.3477719917516053        2.5908463962518198       0.17307832369911164     
   3.1260001484770328       -2.2041364437243827        2.4369048735452790       0.50282738907517499        1.3486849904772842        2.5914831767334716       0.17316531242571170     
   3.1280001485720277       -2.2044721133322551        2.4374733961648913       0.50379255808063528        1.3496180882293707        2.5921327865671233       0.17325463647632905     
   3.1300001486670226       -2.2048083129857265        2.4380456523999725       0.50476582741790976        1.3505603761663252        2.5927923995435389       0.17334603760997203     
   3.1320001487620175       -2.2051455656221353        2.4386215582137858       0.50574701581618464        1.3515084979312260        2.5934583426374211       0.17343893599996546     
   3.1340001488570124       -2.2054814692295825        2.4391939873615236       0.50674171569372650        1.3524698253431744        2.5941322213856655       0.17353350298831671     
   3.1360001489520073       -2.2058149855849183        2.4397597097563568       0.50775290536944528        1.3534478992885026        2.5948164024629059       0.17363004197901119     
   3.1380001490470022       -2.2061478358767852        2.4403183853448338       0.50876388223189062        1.3544382102330879        2.5955041193925825       0.17372829488402397     
   3.1400001491419971       -2.2064780805702719        2.4408680486248278       0.50978255995523702        1.3554264094460091        2.5961888050345863       0.17382712420402016     
   3.1420001492369920       -2.2068099217383996        2.4414146272480677       0.51081295428961460        1.3564110849575179        2.5968739529271385       0.17392647886302862     
   3.1440001493319869       -2.2071436608497752        2.4419574550871053       0.51185880937947004        1.3574080339249990        2.5975654151854233       0.17402665327529709     
   3.1460001494269818       -2.2074756981045773        2.4424890880989185       0.51291520830004511        1.3584200439159839        2.5982666974546835       0.17412851906965154     
   3.1480001495219767       -2.2077997763555799        2.4429912582516109       0.51398047645079736        1.3594497444691036        2.5989815904973512       0.17423335543240576     
   3.1500001496169716       -2.2081171905855026        2.4434867279309125       0.51506183303036790        1.3605004388839175        2.5997105189806580       0.17434129257690339     
   3.1520001497119665       -2.2084298761797223        2.4439572360999717       0.51615969037356690        1.3615699454832462        2.6004522911340548       0.17445198528450503     
   3.1540001498069614       -2.2087393356826905        2.4444622772856137       0.51726915730116196        1.3626579511799997        2.6012072734866836       0.17456529237633764     
   3.1560001499019563       -2.2090436640573468        2.4449944005305868       0.51838555229543948        1.3637646340205165        2.6019759804552876       0.17468141810391230     
   3.1580001499969512       -2.2093396147160620        2.4455575571514312       0.51951093093553513        1.3648842750333701        2.6027564551640929       0.17480037157115214     
   3.1600001500919461       -2.2096305985306484        2.4461622681003670       0.52062731969792331        1.3660064204082916        2.6035442982462818       0.17492167271595355     
   3.1620001501869410       -2.2099155955337242        2.4468079665338958       0.52175127361910312        1.3671431551421502        2.6043443989358015       0.17504578055169884     
   3.1640001502819359       -2.2101939105739810        2.4477357144610150       0.52288775372609475        1.3682947901582321        2.6051566169451723       0.17517261627384861     
   3.1660001503769308       -2.2104704344390349        2.4480923268740220       0.52403523288367071        1.3694468694031092        2.6059720755620619       0.17530097545378603     
   3.1680001504719257       -2.2107442956391892        2.4486092068684591       0.52519606403967944        1.3706143373084780        2.6067955944973198       0.17543049041405662     
   3.1700001505669206       -2.2110174359482482        2.4491277293390055       0.52636227192037077        1.3717929865216814        2.6076299671656908       0.17556069940273492     
   3.1720001506619155       -2.2112911506103394        2.4496485504971983       0.52752685407840538        1.3729726774816799        2.6084646056324097       0.17569175692759048     
   3.1740001507569104       -2.2115589704889635        2.4501689551745383       0.52869273738873723        1.3741595995144191        2.6093027932040394       0.17582343967961225     
   3.1760001508519053       -2.2118227291432082        2.4506865545494372       0.52986431947410018        1.3753516938634653        2.6101454072329533       0.17595666448559058     
   3.1780001509469002       -2.2120823698064713        2.4511990877877081       0.53102881627418208        1.3765588235315953        2.6110003187602606       0.17609205625917249     
   3.1800001510418952       -2.2123379509289047        2.4517079268078463       0.53218187909619963        1.3777717146114987        2.6118635884868771       0.17622988792240168     
   3.1820001511368901       -2.2125893384812914        2.4522138077636662       0.53334119117503831        1.3789957879362356        2.6127343554776719       0.17636927878473269     
   3.1840001512318850       -2.2128375004835545        2.4527166719221078       0.53450284339126686        1.3802295182142128        2.6136118828937143       0.17651043964407412     
   3.1860001513268799       -2.2130809440267436        2.4532142390680112       0.53566533245368564        1.3814643476333865        2.6144896186735380       0.17665262661888095     
   3.1880001514218748       -2.2133228897860611        2.4537113790976104       0.53683207371327457        1.3826692448046727        2.6153633315908258       0.17679508533624000     
   3.1900001515168697       -2.2135651004549475        2.4542105741723019       0.53800689573907134        1.3838704409480733        2.6162346404546768       0.17693747856657352     
   3.1920001516118646       -2.2138046566080982        2.4547092146441702       0.53919480755644855        1.3850820579292100        2.6171104763868813       0.17708067616826653     
   3.1940001517068595       -2.2140383838738931        2.4552011207553739       0.54038538302364547        1.3861869279074948        2.6179953978709416       0.17722560713775148     
   3.1960001518018544       -2.2142680131489287        2.4556893978780332       0.54157691493879967        1.3874453035575569        2.6188804691678356       0.17737164181050127     
   3.1980001518968493       -2.2144970760669174        2.4561786047365777       0.54277622841015827        1.3885951725481331        2.6197576623935381       0.17751720558983627     
   3.2000001519918442       -2.2147239624359356        2.4566661983804789       0.54398655724752321        1.3897566427805963        2.6206366841853863       0.17766301629994705     
   3.2020001520868391       -2.2149465300206264        2.4571494153224869       0.54520549565310916        1.3909342031869838        2.6215221075854589       0.17780983905290038     
   3.2040001521818340       -2.2151646237904603        2.4576292348024160       0.54643575209311634        1.3921267256928591        2.6224130100874112       0.17795771242038480     
   3.2060001522768289       -2.2153799073750013        2.4581074572269586       0.54767017618459002        1.3933288462746700        2.6233079995912516       0.17810660211864712     
   3.2080001523718238       -2.2155905734876979        2.4585812940257163       0.54891329237192332        1.3945473769301124        2.6242100599834908       0.17825622000625865     
   3.2100001524668187       -2.2157893886609821        2.4590483307752011       0.55020911990623989        1.3958406022498249        2.6251670091449650       0.17841478078503634     
   3.2120001525618136       -2.2159766756853116        2.4594977501624546       0.55148414684188241        1.3971155998219527        2.6261037526818485       0.17857102688249746     
   3.2140001526568085       -2.2161578007976859        2.4599396901870176       0.55276215202130419        1.3984044160757267        2.6270442852581142       0.17872838229003024     
   3.2160001527518034       -2.2163275036449614        2.4603671523107535       0.55405095350547284        1.3997176638452786        2.6279983842686643       0.17888820243267819     
   3.2180001528467983       -2.2167703772208576        2.4607878132300263       0.55534460014142006        1.4010452085449945        2.6289563108545217       0.17904954168288797     
   3.2200001529417932       -2.2167703772208576        2.4612062549793952       0.55663929004142931        1.4023787931217508        2.6299083554838036       0.17920987196617866     
   3.2220001530367881       -2.2167703772208576        2.4616237567426182       0.55793563221357012        1.4037142548470178        2.6308596962201984       0.17937012293860605     
   3.2240001531317830       -2.2167703772208576        2.4620399865942639       0.55923382096086760        1.4050615223618099        2.6318152936584371       0.17953090041857833     
   3.2260001532267779       -2.2171024052662158        2.4624502836206452       0.56053314029774037        1.4064254956601707        2.6327782543786813       0.17969294425894927     
   3.2280001533217728       -2.2172423406391695        2.4628545141102061       0.56183601882790790        1.4077992158977386        2.6337372326639481       0.17985510246556743     
   3.2300001534167677       -2.2173772861241643        2.4632525152843017       0.56314239943517785        1.4091888302044402        2.6347053636135636       0.18001882021870433     
   3.2320001535117626       -2.2175096023531000        2.4636476473037701       0.56443982591781816        1.4105657919385195        2.6356625975553700       0.18018303729164117     
   3.2340001536067575       -2.2176437777860145        2.4640451589071874       0.56573090209287324        1.4119302116466215        2.6365977197077886       0.18034500273441206     
   3.2360001537017524       -2.2177785714572624        2.4644435173935482       0.56701870145916700        1.4132884594431805        2.6375291778581378       0.18050608405806015     
   3.2380001537967473       -2.2179122946580017        2.4648405776306537       0.56830512851363690        1.4146453127303746        2.6384565622301963       0.18066668435883115     
   3.2400001538917422       -2.2180406903413279        2.4652307013717962       0.56959823508928620        1.4160128777895558        2.6393780210681683       0.18082836128806448     
   3.2420001539867371       -2.2181629175545190        2.4656136576852994       0.57090158337352781        1.4173886782396095        2.6402041537325105       0.18099091985154225     
   3.2440001540817320       -2.2182822468189687        2.4659937500616413       0.57221232108441222        1.4187624689072524        2.6412487062238452       0.18115308199849822     
   3.2460001541767269       -2.2184019173330576        2.4663731825643431       0.57352322770642239        1.4201164180849870        2.6421583683433494       0.18131369452367954     
   3.2480001542717218       -2.2185188777306744        2.4667488854952411       0.57483868239712976        1.4214722246321181        2.6430645772404833       0.18147341684009452     
   3.2500001543667167       -2.2186293254474228        2.4671157623010247       0.57615995944834153        1.4228375576281385        2.6439751943430849       0.18163389392127649     
   3.2520001544617116       -2.2187350054842696        2.4674764962328264       0.57748137286973733        1.4241982828773283        2.6448834396336651       0.18179470684032512     
   3.2540001545567065       -2.2188353274505839        2.4678300305361049       0.57880796946813440        1.4255628751116896        2.6457923858006334       0.18195573798987266     
   3.2560001546517015       -2.2189289224767705        2.4681738108122433       0.58014026522677231        1.4269252913932748        2.6466841061591673       0.18211597700064347     
   3.2580001547466964       -2.2190210464909663        2.4685156180981278       0.58147655576625135        1.4282652776817490        2.6475662464026382       0.18227517273258592     
   3.2600001548416913       -2.2191189543192067        2.4688630738642803       0.58281007810324292        1.4295604584709485        2.6484133067351405       0.18242922190208227     
   3.2620001549366862       -2.2192223939856905        2.4692155247958145       0.58413444887458255        1.4308504348788738        2.6492518368305897       0.18258033576477131     
   3.2640001550316811       -2.2193298337227332        2.4695640752969030       0.58538749295970161        1.4320715944918077        2.6500450278701591       0.18272341238130674     
   3.2660001551266760       -2.2194330286933401        2.4699194858854252       0.58670838728050168        1.4333375253234693        2.6508920630585431       0.18287576732792574     
   3.2680001552216709       -2.2195386866297544        2.4702653915563713       0.58795653475673004        1.4344896233321944        2.6516518500729860       0.18301572162048499     
   3.2700001553166658       -2.2196507479898826        2.4706218213748108       0.58922071175960300        1.4356471697077324        2.6524082942850757       0.18315503168742187     
   3.2720001554116607       -2.2197643716532012        2.4709803222387001       0.59048782075649764        1.4367819511593873        2.6531526821505165       0.18329199041563660     
   3.2740001555066556       -2.2198802702688591        2.4713413117713716       0.59175683048900063        1.4379050417288843        2.6538839703383124       0.18342615314877875     
   3.2760001556016505       -2.2199926709006701        2.4716954677058141       0.59302693861894129        1.4390284640822060        2.6546130963023931       0.18355895122527663     
   3.2780001556966454       -2.2200948353554408        2.4720353700669344       0.59429585987601774        1.4401543387225961        2.6553442163671157       0.18369206079838191     
   3.2800001557916403       -2.2201886112086346        2.4723651107764253       0.59556473604246007        1.4412810538508849        2.6560756208509959       0.18382527338443658     
   3.2820001558866352       -2.2202753243685618        2.4726864951861747       0.59683572490163828        1.4424091270572901        2.6568065209672707       0.18395796921636165     
   3.2840001559816301       -2.2203519370147977        2.4730034952348059       0.59815942839216274        1.4435883270147076        2.6575721179221854       0.18409609131487364     
   3.2860001560766250       -2.2204251340837406        2.4733029780168887       0.59940272881746004        1.4446853555101087        2.6582783879815026       0.18422478722751220     
   3.2880001561716199       -2.2204939498587462        2.4735994829856298       0.60064876549375557        1.4458044147561329        2.6590017446483798       0.18435646762498561     
   3.2900001562666148       -2.2205552048511956        2.4738864293775187       0.60185908940207766        1.4469244545490783        2.6597289077569219       0.18448915781505776     
   3.2920001563616097       -2.2206074547574395        2.4741621663752151       0.60306623164090922        1.4480443297440393        2.6604560089037941       0.18462194169465609     
   3.2940001564566046       -2.2206440992925636        2.4744268631912107       0.60432287701606291        1.4492217682984523        2.6612234592069508       0.18476155039646902     
   3.2960001565515995       -2.2206804398423494        2.4746792559039195       0.60550729137241721        1.4503103937206410        2.6619196251324206       0.18488987674283486     
   3.2980001566465944       -2.2207144805451775        2.4749324281743155       0.60671356285374611        1.4514195394088512        2.6626278862145876       0.18501980200691504     
   3.3000001567415893        2.2207439981631922        2.4751808186606761       0.60792035929884647        1.4525226924772383        2.6633328693168554       0.18514930990364353     
   3.3020001568365842        2.2207626378315162        2.4754234389029288       0.60917192294979916        1.4536678476814138        2.6640661852765635       0.18528367890324496     
   3.3040001569315791        2.2207809550461066        2.4756524690748614       0.61034320373587703        1.4547271909813295        2.6647362344948804       0.18540687882373022     
   3.3060001570265740        2.2207857930998087        2.4758753077724496       0.61157502458737245        1.4558648288814822        2.6654616298264737       0.18553931314900016     
   3.3080001571215689        2.2207811525643462        2.4760827971401120       0.61278223849239399        1.4569732151082959        2.6661642919295092       0.18566762983295459     
   3.3100001572165638        2.2207829456197619        2.4762892845275881       0.61391291089616351        1.4580118846918857        2.6668125793796880       0.18578686696588423     
   3.3120001573115587        2.2207835513475933        2.4764971577013997       0.61504744758272778        1.4590672257699555        2.6674752073623251       0.18590768484216130     
   3.3140001574065536        2.2207765609477734        2.4766957349580596       0.61618350806662248        1.4601236544133465        2.6681370469115269       0.18602746117078656     
   3.3160001575015485        2.2207613921491305        2.4768834681398908       0.61731435545624158        1.4611726392045026        2.6687917843726603       0.18614626200959911     
   3.3180001575965434        2.2207412528768931        2.4770640567509008       0.61843556047634396        1.4621913080006630        2.6694294817980286       0.18626267690881415     
   3.3200001576915383        2.2207181988080835        2.4772404311297027       0.61955206987506095        1.4631996639051388        2.6700587916589069       0.18637728528843386     
   3.3220001577865332        2.2206905383541620        2.4774109194435034       0.62066264568208529        1.4642018164568533        2.6706826861519262       0.18649042882863234     
   3.3240001578815281        2.2206577754528332        2.4775748229130770       0.62176124336307004        1.4651992463664489        2.6713018212296502       0.18660230230646646     
   3.3260001579765230        2.2206199106296793        2.4777313788556077       0.62283570403044486        1.4661841029016185        2.6719158705812442       0.18671321097855614     
   3.3280001580715179        2.2205769935788258        2.4778807187213689       0.62390106158210423        1.4671521297286030        2.6725202609750407       0.18682268669135887     
   3.3300001581665128        2.2205268481067955        2.4780194255602614       0.62495936990265077        1.4681149488366219        2.6731192255795415       0.18693092349831686     
   3.3320001582615077        2.2204675767407123        2.4781458718418592       0.62600794879616184        1.4690795499016476        2.6737174749581012       0.18703913572194558     
   3.3340001583565027        2.2203995763996729        2.4782603260536606       0.62703352966835679        1.4700416323915215        2.6743145276762315       0.18714726644567770     
   3.3360001584514976        2.2203245274669396        2.4783650951152927       0.62804195353040748        1.4709845280146965        2.6749020113695274       0.18725391989293017     
   3.3380001585464925        2.2202453985921893        2.4784636760585932       0.62902858602742429        1.4719097976291435        2.6754773115347898       0.18736000791392890     
   3.3400001586414874        2.2201620769585793        2.4785559044835899       0.63000082907018684        1.4728246939891680        2.6760439673214731       0.18746386213022659     
   3.3420001587364823        2.2200720108918763        2.4786389095388714       0.63096469484106654        1.4737336050015475        2.6766045243854428       0.18756641929637488     
   3.3440001588314772        2.2199751362080167        2.4787127432352349       0.63192104498154644        1.4746401170292096        2.6771619733944605       0.18766783746068808     
   3.3460001589264721        2.2198719843305237        2.4787778333505077       0.63286429214767137        1.4755358593252481        2.6777127807621497       0.18776820639735597     
   3.3480001590214670        2.2197617078308514        2.4788333752344842       0.63380035662192447        1.4764249950401391        2.6782568077433577       0.18786722622577090     
   3.3500001591164619        2.2196441393271225        2.4788794138088948       0.63473022473235896        1.4773087296267875        2.6787955356791202       0.18796507703561166     
   3.3520001592114568        2.2195190140467824        2.4789158026851519       0.63565560615763372        1.4781880703791792        2.6793293062513936       0.18806179496221687     
   3.3540001593064517        2.2193855678117389        2.4789419029637134       0.63657673765014300        1.4790656731678982        2.6798595832206660       0.18815750363714484     
   3.3560001594014466        2.2192449770513463        2.4789588454624720       0.63749176167325250        1.4799390163786410        2.6803856104603181       0.18825248147944396     
   3.3580001594964415        2.2190987290829298        2.4789682190271782       0.63839933064479004        1.4807979309012174        2.6809021652490936       0.18834607288011573     
   3.3600001595914364        2.2189468918355040        2.4789698174936730       0.63930100652111232        1.4816472619200562        2.6814100104990874       0.18843794821409912     
   3.3620001596864313        2.2187891895415759        2.4789634320318927       0.64019605847066408        1.4824816189107701        2.6819043487629410       0.18852776726331272     
   3.3640001597814262        2.2186281713245632        2.4789518054095740       0.64107812117007712        1.4832993087282489        2.6823878366387857       0.18861567650121580     
   3.3660001598764211        2.2184638122816702        2.4789349031303360       0.64194572940765826        1.4840958301429155        2.6828547235843736       0.18870084369194981     
   3.3680001599714160        2.2182972090268653        2.4789138703675380       0.64280299882732639        1.4848767899659832        2.6833087010599295       0.18878357425115244     
   3.3700001600664109        2.2181252379439607        2.4788848237489249       0.64364939695807544        1.4856471784177756        2.6837522246847745       0.18886423381512590     
   3.3720001601614058        2.2179460789461798        2.4788456776502295       0.64448643789435944        1.4864090695220056        2.6841873107765344       0.18894309007831589     
   3.3740001602564007        2.2177599572843727        2.4787971277465592       0.64531481884458530        1.4871639111548716        2.6846160951356373       0.18902075106485353     
   3.3760001603513956        2.2175681638833229        2.4787411371775283       0.64613671157180586        1.4879132568053619        2.6850401343230934       0.18909755608845924     
   3.3780001604463905        2.2173700312567646        2.4786766751932960       0.64695141915921728        1.4886570968051083        2.6854589589795812       0.18917320678977456     
   3.3800001605413854        2.2171633541504514        2.4786005099399331       0.64775555697872411        1.4893946138258352        2.6858724650087993       0.18924775664859111     
   3.3820001606363803        2.2167703772208576        2.4785157485870424       0.64854653075070345        1.4901183024383320        2.6862781106453011       0.18932152542340250     
   3.3840001607313752        2.2167703772208576        2.4784240997861096       0.64932372919756542        1.4908251696933716        2.6866715056521424       0.18939334283605827     
   3.3860001608263701        2.2167703772208576        2.4783256997836070       0.65008659518346001        1.4915185065995014        2.6870534773286692       0.18946301295972909     
   3.3880001609213650        2.2162812084174752        2.4782213036860812       0.65083043154399944        1.4921955806299909        2.6874236688868609       0.18953079960652761     
   3.3900001610163599        2.2160506949270569        2.4781113391924650       0.65155476003978963        1.4928545169229519        2.6877806442524612       0.18959633504785636     
   3.3920001611113548        2.2158165778327610        2.4779951345366138       0.65226111949411525        1.4934973717403748        2.6881253771419042       0.18965967587642282     
   3.3940001612063497        2.2155784005588059        2.4778722234347215       0.65295252521753866        1.4941245683861999        2.6884581272507853       0.18972090119142609     
   3.3960001613013446        2.2153370851824485        2.4777437105100923       0.65362393469721314        1.4947321673582463        2.6887783262066596       0.18978019740505592     
   3.3980001613963395        2.2150908044181934        2.4776084287693161       0.65428042933919817        1.4953224368849205        2.6890845911968135       0.18983702300801919     
   3.4000001614913344        2.2148394211875626        2.4774656525438119       0.65492407828300714        1.4959008328960448        2.6893801642287727       0.18989181477275383     
   3.4020001615863293        2.2145833414346376        2.4773154303418465       0.65555236404090289        1.4964654270961681        2.6896653146464859       0.18994476379951372     
   3.4040001616813242        2.2143231682605045        2.4771583241778474       0.65616445873307327        1.4970123391590806        2.6899376241161472       0.18999557334312187     
   3.4060001617763191        2.2140579827783702        2.4769931566798591       0.65676441043931122        1.4975452998085388        2.6901974892765947       0.19004400946150907     
   3.4080001618713140        2.2137878777554882        2.4768201883662675       0.65735421732885491        1.4980674712834892        2.6904472529322221       0.19009058771355072     
   3.4100001619663090        2.2135129428330287        2.4766398848557496       0.65793333957610689        1.4985776844179211        2.6906860823749725       0.19013514854022676     
   3.4120001620613039        2.2132327012422293        2.4764517205552381       0.65850168218550520        1.4990773595681293        2.6909150421051020       0.19017781296740727     
   3.4140001621562988        2.2129468580374962        2.4762553461002916       0.65905946575345520        1.4995668358479470        2.6911345168244005       0.19021865557541179     
   3.4160001622512937        2.2126554537398526        2.4760507637656581       0.65960560978831917        1.5000455727068704        2.6913445355237560       0.19025771029257804     
   3.4180001623462886        2.2123582405464717        2.4758376307495804       0.66013940789709857        1.5005139163314363        2.6915457411163941       0.19029508799520545     
   3.4200001624412835        2.2120546870937443        2.4756151609716031       0.66065881377118718        1.5009705210929969        2.6917373919105869       0.19033076367307356     
   3.4220001625362784        2.2117454482690189        2.4753841937870038       0.66116658578431053        1.5014169638737549        2.6919206826813706       0.19036478514564512     
   3.4240001626312733        2.2114303313208210        2.4751446288542183       0.66166369045459350        1.5018529784734369        2.6920949639252134       0.19039710636381629     
   3.4260001627262682        2.2111023530940215        2.4748942372045817       0.66215027779407210        1.5022794422805998        2.6922608373723658       0.19042854682655119     
   3.4280001628212631        2.2107659796135062        2.4746340390937975       0.66262754868189111        1.5026979580812909        2.6924198406681903       0.19045862323286483     
   3.4300001629162580        2.2104230115457120        2.4743648360249093       0.66309500484618600        1.5031081702122207        2.6925714053314511       0.19048732101594848     
   3.4320001630112529        2.2100726720015920        2.4740854207764027       0.66354939943437719        1.5035069259917391        2.6927132353596765       0.19051431584970308     
   3.4340001631062478        2.2097166416792695        2.4737977821753470       0.66399093671556109        1.5038941090063509        2.6928458203356906       0.19053975371774462     
   3.4360001632012427        2.2093554718644559        2.4735026020371844       0.66441890183997421        1.5042676587089860        2.6929675983924293       0.19056337679767582     
   3.4380001632962376        2.2089889578146162        2.4731995765726920       0.66483397379277442        1.5046282022295503        2.6930779215617990       0.19058492946426919     
   3.4400001633912325        2.2086181071915205        2.4728897596493824       0.66523796655289180        1.5049774603168311        2.6931785611140033       0.19060481260878984     
   3.4420001634862274        2.2082414627225120        2.4725711966378285       0.66563151057397718        1.5053165199929053        2.6932704584671172       0.19062307796300329     
   3.4440001635812223        2.2078590496999069        2.4722442986680226       0.66601411785826836        1.5056453946601540        2.6933536298953205       0.19063977167596244     
   3.4460001636762172        2.2074709145240012        2.4719091140396214       0.66638435436279642        1.5059617096748514        2.6934262343376272       0.19065458818483549     
   3.4480001637712121        2.2070780489409429        2.4715667535797246       0.66674239081488273        1.5062653805658566        2.6934883322626422       0.19066735754336098     
   3.4500001638662070        2.2066806204115710        2.4712173697493038       0.66708822268767998        1.5065567847225709        2.6935401677684250       0.19067814883962556     
   3.4520001639612019        2.2062785869727244        2.4708609532302508       0.66742213846566067        1.5068357771872849        2.6935816007155831       0.19068704973566653     
   3.4540001640561968        2.2058718035102274        2.4704973454838166       0.66774424885176364        1.5071024611834427        2.6936126907617708       0.19069407796448939     
   3.4560001641511917        2.2054598611586234        2.4701264781030532       0.66805351154043546        1.5073562782425503        2.6936335086297882       0.19069941420368863     
   3.4580001642461866        2.2050378724370763        2.4697459519739540       0.66835162726007058        1.5075996743432603        2.6936462727341715       0.19070376764203292     
   3.4600001643411815        2.2046093558580191        2.4693571548860347       0.66863945148921078        1.5078342176950033        2.6936524231685364       0.19070731426968676     
   3.4620001644361764        2.2041748507287240        2.4689601249227526       0.66891610678983471        1.5080577194145659        2.6936496127788239       0.19070940435527817     
   3.4640001645311713        2.2037353259251309        2.4685558783170301       0.66918113827474990        1.5082695978515022        2.6936373248745742       0.19070989444457567     
   3.4660001646261662        2.2032910960995804        2.4681447798607739       0.66943434690714587        1.5084695609045553        2.6936153508310374       0.19070869736748530     
   3.4680001647211611        2.2028423870452589        2.4677269635978893       0.66967551904386091        1.5086573772054326        2.6935834608423250       0.19070576874106912     
   3.4700001648161560        2.2023893857693149        2.4673026153263176       0.66990436203328441        1.5088327452919910        2.6935414903119819       0.19070107144962323     
   3.4720001649111509        2.2019326043889538        2.4668722721495606       0.67012110268133585        1.5089958075421914        2.6934896722720301       0.19069464615695547     
   3.4740001650061458        2.2014718673586704        2.4664356325467565       0.67032468450836880        1.5091416655857968        2.6934261117250990       0.19068636279726275     
   3.4760001651011407        2.2010061310983762        2.4659925846899031       0.67051548936344474        1.5092743032747575        2.6933517109658816       0.19067628725069236     
   3.4780001651961356        2.2005363191675342        2.4655435028324169       0.67069477229050734        1.5093958712141486        2.6932683886328244       0.19066465906076413     
   3.4800001652911305        2.2000626684460349        2.4650883763027016       0.67086183141536337        1.5095054783666311        2.6931752808375045       0.19065128272371895     
   3.4820001653861254        2.1995856403567746        2.4646276876916482       0.67101649332692814        1.5096025945317559        2.6930719325209020       0.19063605177866216     
   3.4840001654811203        2.1991051097156249        2.4641613158899500       0.67115875037918737        1.5096874382799743        2.6929584642489193       0.19061901846520685     
   3.4860001655761153        2.1986211538049423        2.4636893487359108       0.67128855289731759        1.5097600396048365        2.6928350157069278       0.19060024276273518     
   3.4880001656711102        2.1981337874944011        2.4632117922618724       0.67140608226661924        1.5098203715471472        2.6927015771509981       0.19057969073228695     
   3.4900001657661051        2.1976406902596626        2.4627269304108204       0.67151173506536710        1.5098692157931484        2.6925588899734008       0.19055752348655952     
   3.4920001658611000        2.1971439059675708        2.4622360196682531       0.67160546640179375        1.5099067277330214        2.6924072065294338       0.19053379639419812     
   3.4940001659560949        2.1966436340302176        2.4617395617937898       0.67168755426478477        1.5099331971128385        2.6922468626483127       0.19050872099148983     
   3.4960001660510898        2.1961398185661491        2.4612376137537857       0.67175812002563873        1.5099486989542550        2.6920779316272889       0.19048230386152196     
   3.4980001661460847        2.1956325213402001        2.4607301482543438       0.67181688631610514        1.5099527892789664        2.6918999163009634       0.19045431178010180     
   3.5000001662410796        2.1951220783135352        2.4602174169307043       0.67186377901606376        1.5099453730555439        2.6917126867909524       0.19042450884976800     
   3.5020001663360745        2.1944917587321657        2.4595505774524660       0.67193555455517373        1.5099889004582483        2.6915670370172102       0.19040263935424387     
   3.5040001664310694        2.1939163085336673        2.4589741942648868       0.67244065794868280        1.5106354439728937        2.6919529220034790       0.19046552713762138     
   3.5060001665260643        2.1937755163415988        2.4589892743969131       0.67325452899268068        1.5114343411241311        2.6923946996037764       0.19050657771643931     
   3.5080001666210592        2.1932103294803085        2.4576038724694151       0.66744257068413804        1.5063605211832500        2.6893164369027964       0.19038773854007901     
   3.5104001668304203        2.1928246573551595        2.4571632917138895       0.66695350715052248        1.5059557683398823        2.6888917922983833       0.19033165784238559     
   3.5132801671960947        2.1919702683432765        2.4561254859129678       0.66621016840395564        1.5055803428591452        2.6885884005682645       0.19032815414365492     
   3.5167361677722333        2.1910987409760052        2.4551722946536265       0.66578938837267310        1.5053601117327073        2.6882427013067818       0.19028965155111496     
   3.5208833686283945        2.1900987759712756        2.4540971171560297       0.66501429945459467        1.5047092328756311        2.6875035820096689       0.19019108527727030     
   3.5258600098535422        2.1885758758091240        2.4523437836859068       0.66388068003385992        1.5038776347474239        2.6866283045359545       0.19008758926802674     
   3.5318319795610238        2.1868609049892296        2.4504434309551337       0.66256310874249402        1.5027224405037232        2.6853543330233616       0.18990686745708812     
   3.5389983434947672        2.1852974330021842        2.4489218367680206       0.66255932809843010        1.5024474084723849        2.6843706835903203       0.18964274496689770     
   3.5475979805569784        2.1819796082577145        2.4449321088358698       0.65906113548947765        1.4996103498990210        2.6818451677485355       0.18936384466613118     
   3.5575979810319529        2.1785328673559876        2.4407584513934464       0.65614842675646856        1.4971735563488096        2.6795034841779382       0.18905584903491368     
   3.5675979815069274        2.1758069529556332        2.4377401260009406       0.65532976948696042        1.4963715598904666        2.6780952183893150       0.18873674786024261     
   3.5775979819819019        2.1713367884702324        2.4321467919627389       0.65102244408157317        1.4931061320585219        2.6753872834569701       0.18850557414588848     
   3.5875979824568764        2.1675065816541195        2.4274668084664559       0.64783998997534753        1.4902707591523991        2.6726506077529222       0.18813282913980861     
   3.5975979829318510        2.1647059294628694        2.4242720111179814       0.64663281021867747        1.4889749917571977        2.6708112345673718       0.18774104434044628     
   3.6075979834068255        2.1601195381437805        2.4185234471371460       0.64200652428593141        1.4851011726135865        2.6674869872457632       0.18737981190021571     
   3.6175979838818000        2.1561621848495482        2.4137111604272343       0.63843393163860296        1.4817460203504185        2.6642883953043786       0.18691517411222783     
   3.6275979843567745        2.1531707729733824        2.4102232088055509       0.63683899308487324        1.4801250588040142        2.6622297091604930       0.18648738996832687     
   3.6375979848317490        2.1498167238276369        2.4062313754984017       0.63442562298198413        1.4779410389310155        2.6598682976635968       0.18609171894747348     
   3.6475979853067235        2.1463047366484500        2.4020198520615166       0.63151640838771606        1.4752402955827419        2.6571134231523872       0.18564400400104145     
   3.6575979857816980        2.1403663677283267        2.3943737131924685       0.62238147663955656        1.4660296646705908        2.6494943659112407       0.18467595390015890     
   3.6675979862566725        2.1371555847286423        2.3904621434510083       0.61988729137471921        1.4640530456194267        2.6473740672716222       0.18429007274126172     
   3.6775979867316471        2.1335988882969081        2.3861194152072094       0.61647530666949890        1.4611470260455073        2.6445524611941833       0.18383625445810903     
   3.6875979872066216        2.1298506774589629        2.3816128145211612       0.61258382548160561        1.4576598186437693        2.6412310669667414       0.18331884043778277     
   3.6975979876815961        2.1259760529297989        2.3768904209481971       0.60861067131949098        1.4541183391735806        2.6374741990488060       0.18279619903667471     
   3.7075979881565706        2.1231036360545117        2.3735264506567924       0.60665460459782117        1.4521759162529415        2.6348521537354488       0.18229197644655648     
   3.7175979886315451        2.1184514381733606        2.3675300512098425       0.59873377761583735        1.4440623256457550        2.6281569505871034       0.18129641560615575     
   3.7275979891065196        2.1155773623788363        2.3640473074864810       0.59612641370427755        1.4418028893294030        2.6256911663096316       0.18081459142702810     
   3.7375979895814941        2.1130433901663510        2.3611178016040602       0.59445039052172344        1.4401808374780551        2.6235453179146573       0.18032058771927623     
   3.7475979900564687        2.1080240702135802        2.3547313234549190       0.58692647439818491        1.4330780985775462        2.6173145412924592       0.17951469423273889     
   3.7575979905314432        2.1051401869046096        2.3513107691821538       0.58463268119082934        1.4310244480497927        2.6150150647420358       0.17904444476859363     
   3.7675979910064177        2.1016492847297741        2.3469468494964372       0.57977621949969493        1.4257347302625774        2.6101234646490057       0.17825256373375029     
   3.7775979914813922        2.0991579822551585        2.3441317631277370       0.57763726020655681        1.4235704709296222        2.6076422164417656       0.17771190731286970     
   3.7875979919563667        2.0962767270688096        2.3405877242893243       0.57298516778433373        1.4179338703679265        2.6022734635836908       0.17676835826714976     
   3.7975979924313412        2.0938435444873438        2.3376589868696258       0.57108745763409863        1.4160392201089238        2.5999447364286112       0.17623436877497764     
   3.8075979929063157        2.0908840907230144        2.3339560737985452       0.56686257945926499        1.4111096916614192        2.5950253423981691       0.17535574500009377     
   3.8175979933812902        2.0886950225278467        2.3313580587037923       0.56536147510096779        1.4095782742609781        2.5928853434767567       0.17481789508256793     
   3.8275979938562648        2.0858540942141195        2.3278436767974062       0.56296976125240061        1.4073119799927638        2.5902879997022943       0.17428912892014170     
   3.8375979943312393        2.0829501617671529        2.3242745032448586       0.56076080273750661        1.4052329762649238        2.5878020101161789       0.17377626605427038     
   3.8475979948062138        2.0799158631935155        2.3205360559068633       0.55848747342346061        1.4031658334015640        2.5853693732447165       0.17329518692063711     
   3.8575979952811883        2.0777611674309973        2.3180306659328118       0.55780991620596754        1.4024905242404779        2.5839289196878878       0.17286060312408674     
   3.8675979957561628        2.0739677788601720        2.3133569264355693       0.55511783508271306        1.4004629790930680        2.5817461563635984       0.17251378974346335     
   3.8775979962311373        2.0712195402190878        2.3101550177276722       0.55342152967728409        1.3987571560045733        2.5794756167646455       0.17203708793962694     
   3.8875979967061118        2.0685135335691838        2.3069548919756930       0.55186557721038576        1.3972595389393885        2.5774106975974247       0.17159354700330248     
   3.8975979971810863        2.0659081308040168        2.3039499267044072       0.54948335109000135        1.3942423183875416        2.5737745893818662       0.17087982976378693     
   3.9075979976560609        2.0644434952589723        2.3023807941860408       0.54855074909555224        1.3928469642720738        2.5715345641010972       0.17030417298665290     
   3.9175979981310354        2.0631150116992285        2.3010420432680143       0.54786814015224372        1.3914614619169590        2.5691327810431597       0.16966108469747146     
   3.9275979986060099        2.0614602742985495        2.2991769552207812       0.54801531067821696        1.3918047040998969        2.5686116057618231       0.16936896554402261     
   3.9375979990809844        2.0598770264671242        2.2975282928948433       0.54816379758748779        1.3918737165085431        2.5677097606183681       0.16901274806317831     
   3.9475979995559589        2.0586446557636671        2.2963040636114247       0.54897909310685167        1.3924837367405782        2.5672075086331638       0.16866786850133078     
   3.9575980000309334        2.0574078905062096        2.2950811076845943       0.54955683536485056        1.3929082091025096        2.5665985804746083       0.16834414024635394     
   3.9675980005059079        2.0548858746780221        2.2921940753958570       0.54698836364747982        1.3893340802266245        2.5623427890452395       0.16753909092396782     
   3.9775980009808825        2.0538356559632378        2.2911904552820794       0.54832431051106223        1.3906348222344977        2.5624552201571684       0.16728560861025021     
   3.9875980014558570        2.0525710694470134        2.2899400592319736       0.54906443148791695        1.3912324192896168        2.5620075187353222       0.16699447803143161     
   3.9975980019308315        2.0515687026066884        2.2890700438845064       0.55003428169550728        1.3918329110399781        2.5614223030350560       0.16664860575644919     
   4.0075980024058060        2.0500462460621711        2.2874335745466658       0.55064555981802699        1.3923648046481059        2.5609712641363740       0.16637583670028197     
   4.0175980028807805        2.0482177465933940        2.2851497495336104       0.55124637899627149        1.3930886101883093        2.5607522332953185       0.16618557164490069     
   4.0275980033557550        2.0459263301530592        2.2830308143846261       0.55189160858972353        1.3939854683249151        2.5608040191673691       0.16605580152245075     
   4.0375980038307295        2.0451400094921914        2.2825233388239199       0.55369870922341557        1.3955465331841632        2.5610622358254456       0.16584350007605958     
   4.0475980043057040        2.0439366712728497        2.2814267125630128       0.55486956950591237        1.3966088481681083        2.5610396792866248       0.16563774196747752     
   4.0575980047806786        2.0430770932350391        2.2807194618508317       0.55657378532402058        1.3981715735999460        2.5614121592770207       0.16544400121267333     
   4.0675980052556531        2.0423024828565781        2.2802059340895346       0.55864337180330481        1.4001418116523106        2.5620696185111509       0.16530143697799918     
   4.0775980057306276        2.0408437499225771        2.2788712105427988       0.55960312934803413        1.4009662582221667        2.5618116141967859       0.16510545042172453     
   4.0875980062056021        2.0395266161574743        2.2776176107093504       0.55931070981908282        1.3997641615015677        2.5596589715303595       0.16459095231025836     
   4.0975980066805766        2.0393099181420236        2.2777453431433381       0.56149616366865518        1.4016537623133920        2.5601706961777495       0.16438254041381922     
   4.1075980071555511        2.0379005193693311        2.2762984534445874       0.56243133758821584        1.4026885156961280        2.5603040888510522       0.16424460309222758     
   4.1175980076305256        2.0372322192396157        2.2757588754102920       0.56433248947928860        1.4045081913807025        2.5609621365179436       0.16409474932666523     
   4.1275980081055001        2.0351577851301990        2.2735182852407667       0.56521172027079414        1.4059459043176856        2.5616398589281131       0.16413119942333443     
   4.1375980085804747        2.0336497134919078        2.2719803203353983       0.56665267316222567        1.4075871297850313        2.5622806578393851       0.16408300714471466     
   4.1475980090554492        2.0320673130291764        2.2702265265900321       0.56749899930171843        1.4087866038386230        2.5627437942198896       0.16405361683449390     
   4.1575980095304237        2.0316188912607767        2.2700809526705874       0.56936588377850517        1.4103961359572430        2.5631403409110081       0.16389333093118344     
   4.1675980100053982        2.0308976691516825        2.2694815244806654       0.56965997179242378        1.4100930190422578        2.5619364661090720       0.16353055680545961     
   4.1775980104803727        2.0307086057369728        2.2696038470316933       0.57141721373117083        1.4114753407238458        2.5621031181928910       0.16330086710518141     
   4.1875980109553472        2.0298067774796831        2.2686827826197162       0.57222834963158287        1.4122308669390136        2.5620119708530047       0.16311465437782963     
   4.1975980114303217        2.0287672845767561        2.2676355005374038       0.57325108061189589        1.4132872518119068        2.5621708056024572       0.16296652987478916     
   4.2075980119052963        2.0279255385083017        2.2668322281274222       0.57455540808929362        1.4144849863887110        2.5623804389088058       0.16278533246823096     
   4.2175980123802708        2.0270766812422334        2.2659793315319114       0.57528016594299347        1.4151945044258281        2.5623316997255090       0.16262161538740463     
   4.2275980128552453        2.0258668512927840        2.2647071859758041       0.57517941755109880        1.4149992673384304        2.5615040119965418       0.16239028474543757     
   4.2375980133302198        2.0251056338866276        2.2639712544232959       0.57575358335611870        1.4152808207232619        2.5609578228256713       0.16210757278323079     
   4.2475980138051943        2.0238516740222696        2.2625404982307113       0.57544375906082657        1.4148912994579714        2.5599937815972131       0.16184256166953404     
   4.2575980142801688        2.0228720120971708        2.2614669202343936       0.57577748031825682        1.4150613922269633        2.5594370050844191       0.16157027209259733     
   4.2675980147551433        2.0211589721875782        2.2593968623324119       0.57507354458412430        1.4146361464679678        2.5586563531925486       0.16138645063562257     
   4.2775980152301178        2.0201022312411197        2.2582751292620236       0.57488302827647053        1.4142132183418117        2.5575863127439979       0.16107625413841056     
   4.2875980157050924        2.0188299666656064        2.2567371961342997       0.57405693546712755        1.4132902607653253        2.5562509274118876       0.16075104134231205     
   4.2975980161800669        2.0177635834760479        2.2555282862674120       0.57297931037916827        1.4117234455474008        2.5541738371985190       0.16028033647508627     
   4.3075980166550414        2.0171795608727061        2.2548077946169656       0.57159829155206121        1.4097736914057735        2.5518384088575519       0.15975041906211312     
   4.3175980171300159        2.0163313553767974        2.2537984408919440       0.57147650633086111        1.4095490629929779        2.5509894713591499       0.15942644529861008     
   4.3275980176049904        2.0145823473134983        2.2515626578066614       0.57013693636772667        1.4085367857385180        2.5498300286331621       0.15916336447244889     
   4.3375980180799649        2.0133476737636053        2.2500993480395373       0.56861774442780577        1.4066421290645212        2.5475788172475187       0.15868631433648997     
   4.3475980185549394        2.0123688319755844        2.2487934396117244       0.56661601475669254        1.4042568175051997        2.5450110543036240       0.15815290826501413     
   4.3575980190299139        2.0111498458730881        2.2472704499785046       0.56595264944214718        1.4036306735637838        2.5439263853179170       0.15781893060459154     
   4.3675980195048885        2.0098611668186774        2.2457063297692916       0.56542151771971905        1.4030201341179207        2.5427943918509648       0.15746132357958809     
   4.3775980199798630        2.0077556431719104        2.2428747097778223       0.56292495183291180        1.4010171236486237        2.5409701738966262       0.15716556110898885     
   4.3875980204548375        2.0056042680246970        2.2399952367874731       0.55965121222761005        1.3976953961527756        2.5378439668061130       0.15665571132246037     
   4.3975980209298120        2.0040068988046102        2.2379461171056336       0.55849205073968211        1.3966614163426037        2.5364458108207137       0.15630693548397076     
   4.4075980214047865        2.0018263799822149        2.2350509875696134       0.55615785349852642        1.3947083298720664        2.5345688065600127       0.15596830692890373     
   4.4175980218797610        1.9999641763305558        2.2326459770564555       0.55361279503666272        1.3920321137848348        2.5317616228351456       0.15545904584342937     
   4.4275980223547355        1.9988514742578465        2.2313282833844688       0.55280583924761606        1.3909538087780535        2.5301013755812969       0.15501119126089077     
   4.4375980228297101        1.9969186986319736        2.2285785743661108       0.54874919913682663        1.3867383990941373        2.5261091921844865       0.15436793470777499     
   4.4475980233046846        1.9955096252440219        2.2266106537881960       0.54581726550808163        1.3835527181971146        2.5228428143287935       0.15375797001576180     
   4.4575980237796591        1.9945047534950509        2.2253033448504866       0.54378070038371129        1.3809014675982394        2.5197557664389558       0.15310270401649709     
   4.4675980242546336        1.9934504972864742        2.2237840678439440       0.54065275210181929        1.3771482330510632        2.5159141975059263       0.15237053951405985     
   4.4775980247296081        1.9919767030723747        2.2218399542345484       0.53893637329471644        1.3753798441558502        2.5138377125820757       0.15188982393628261     
   4.4875980252045826        1.9904766013172057        2.2197070473402332       0.53507321612681680        1.3708938102487869        2.5094537401963044       0.15111894000837706     
   4.4975980256795571        1.9889305024576394        2.2176690630352200       0.53337826900010998        1.3692029819649825        2.5074480904420535       0.15065063504572190     
   4.5075980261545316        1.9866539931167340        2.2145786115880197       0.53046411182994224        1.3665614379232416        2.5049380687580332       0.15020198324628617     
   4.5175980266295062        1.9847162165185561        2.2120591883830620       0.52874663608332795        1.3648822930723659        2.5029626624782093       0.14974808000130274     
   4.5275980271044807        1.9829185618518443        2.2097469695847036       0.52694354263776677        1.3631802799704085        2.5009961713597124       0.14932562810915950     
   4.5375980275794552        1.9808612044830889        2.2070061356953694       0.52423401370667733        1.3606007723405402        2.4984481535960041       0.14886625300233239     
   4.5475980280544297        1.9780666377332539        2.2032015393635822       0.51998143712330114        1.3568327841222059        2.4951969117504857       0.14841752805116268     
   4.5575980285294042        1.9756855960208721        2.2000901981784708       0.51647366688985608        1.3532380451260557        2.4915637662688468       0.14781757173145846     
   4.5675980290043787        1.9741244521705978        2.1979511101991309       0.51322957445061634        1.3495509224338742        2.4880138122227451       0.14717571375194008     
   4.5775980294793532        1.9727968004691374        2.1962300296469919       0.51109706437918467        1.3470316452586455        2.4851975517391875       0.14658955791977549     
   4.5875980299543277        1.9715986576524391        2.1945434659753280       0.50801422104703520        1.3433571376614861        2.4815508922818683       0.14590463697278769     
   4.5975980304293023        1.9705779698218726        2.1932032211036017       0.50595721009591721        1.3407114535461140        2.4785515900999524       0.14526164473395614     
   4.6075980309042768        1.9695624183768510        2.1917459113404369       0.50298282263740746        1.3370617958441444        2.4748851933471925       0.14455249183834329     
   4.6175980313792513        1.9688679894781749        2.1908253022571813       0.50107399320770241        1.3343574294616347        2.4717427356162833       0.14385564470097845     
   4.6275980318542258        1.9677319712365349        2.1892033681107255       0.49823137408955359        1.3310049923648972        2.4683744177200881       0.14319293585905121     
   4.6375980323292003        1.9664196330486405        2.1874929718049545       0.49695634982240122        1.3296786993958707        2.4666517708754698       0.14274732023398928     
   4.6475980328041748        1.9644058679721714        2.1848725080269134       0.49465869814354396        1.3275525447190717        2.4645346987641741       0.14233409471294889     
   4.6575980332791493        1.9623582023962338        2.1823912295111878       0.49294089277318753        1.3260608345656577        2.4628662902610832       0.14197192353428462     
   4.6675980337541239        1.9606359775595812        2.1803526619332403       0.49206935235219673        1.3251572934961913        2.4614701318586496       0.14158754496243345     
   4.6775980342290984        1.9587551914060650        2.1780068951408342       0.48966057516635036        1.3229195293102076        2.4592918583832208       0.14122054520482333     
   4.6875980347040729        1.9573336473470788        2.1763242556820068       0.48884099302775097        1.3219154087960472        2.4577529823770137       0.14081350016564673     
   4.6975980351790474        1.9554033301253675        2.1738498432260731       0.48648418070147254        1.3197286906402532        2.4556039350615606       0.14044917259420647     
   4.7075980356540219        1.9535361427213502        2.1714546145824420       0.48374826974645330        1.3166954012960996        2.4525393805170852       0.13992921678949735     
   4.7175980361289964        1.9525702209049001        2.1703158893949150       0.48298789788415214        1.3156601479099010        2.4508920419036779       0.13950410256871462     
   4.7275980366039709        1.9513811169559530        2.1687924816609185       0.48180381558978841        1.3143973445121380        2.4492497663946238       0.13912362784637125     
   4.7375980370789454        1.9502962754512401        2.1674700574762893       0.48104100902711028        1.3135705950454057        2.4478998731170143       0.13876706518459528     
   4.7475980375539200        1.9489815905441652        2.1657765341472559       0.47982565361908536        1.3123194652584969        2.4462787037961990       0.13840785635621522     
   4.7575980380288945        1.9475689062009285        2.1639618026965337       0.47914067784146797        1.3117796518506846        2.4452688583725926       0.13812631605299966     
   4.7675980385038690        1.9463901749832795        2.1623999200362820       0.47907902720496187        1.3116882259583620        2.4445153629682528       0.13783790514893421     
   4.7775980389788435        1.9452104989652035        2.1608681142047810       0.47725142267736181        1.3094271008170155        2.4418528223357323       0.13737009446215243     
   4.7875980394538180        1.9444706676854364        2.1600299764022552       0.47640083263287997        1.3083405227276399        2.4402299752376493       0.13698051191890015     
   4.7975980399287925        1.9441839812860806        2.1598373244397715       0.47625077560086804        1.3075673900160845        2.4385640613025803       0.13651867766598005     
   4.8075980404037670        1.9433611951786802        2.1588888469378595       0.47585929676375799        1.3071093258169488        2.4375642629652754       0.13621809941231852     
   4.8175980408787415        1.9425001393296066        2.1578808320447469       0.47587987710559543        1.3070881596361974        2.4368924339812081       0.13595638706175553     
   4.8275980413537161        1.9416429542083007        2.1568228839655763       0.47485754522885748        1.3056554576100212        2.4349040470363348       0.13554270152861636     
   4.8375980418286906        1.9416587977231081        2.1569862991962587       0.47510597890823092        1.3051372537474948        2.4333919172534992       0.13508707992349314     
   4.8475980423036651        1.9413232685697945        2.1565512238150881       0.47454571048120925        1.3040398230203496        2.4316713578931308       0.13466266062780496     
   4.8575980427786396        1.9409894057194463        2.1562332325868669       0.47515956984583302        1.3043989388325365        2.4311850701889508       0.13438212746264253     
   4.8675980432536141        1.9405855662721803        2.1557442184653164       0.47452971610135941        1.3030970785763150        2.4292719526291218       0.13394488255526760     
   4.8775980437285886        1.9409965180278688        2.1564066671876545       0.47499693412157351        1.3025522188470395        2.4276630262437959       0.13345033229597258     
   4.8875980442035631        1.9406666519580114        2.1559737557120799       0.47478070235076741        1.3019086612788942        2.4264197458430870       0.13309486619062522     
   4.8975980446785377        1.9404274447868184        2.1557740465391158       0.47546089249590179        1.3022556554731299        2.4259243444895358       0.13281401818606450     
   4.9075980451535122        1.9397948764265278        2.1549836433114860       0.47513744271609609        1.3015479798528480        2.4246696646148740       0.13249139723785536     
   4.9175980456284867        1.9400865099861924        2.1554917797494388       0.47556657026186250        1.3009771958035343        2.4230894289835296       0.13202375739111005     
   4.9275980461034612        1.9397599752162851        2.1550799248605461       0.47574542748919574        1.3008267423588107        2.4223084914239501       0.13173732553931286     
   4.9375980465784357        1.9395748032102953        2.1549857513325570       0.47638329895322440        1.3010245047143489        2.4216758290535183       0.13143721029229827     
   4.9475980470534102        1.9401426439179876        2.1556907146924962       0.47570056486200651        1.2989002792282542        2.4187340145956435       0.13080510740895787     
   4.9575980475283847        1.9401053730224369        2.1557329476330405       0.47654663436706746        1.2993452379926547        2.4183176996330893       0.13052632006579157     
   4.9675980480033592        1.9395278974351358        2.1549998226374107       0.47665294310469353        1.2992136626200983        2.4176261750287495       0.13028050631746746     
   4.9775980484783338        1.9388686086051798        2.1542369649224873       0.47709431345155096        1.2995109586729965        2.4172728044227569       0.13007831178806689     
   4.9875980489533083        1.9383085252392924        2.1536395216777868       0.47778835786597368        1.2999376472561532        2.4169399742902149       0.12985234598316178     
   4.9975980494282828        1.9376971496768760        2.1529138168373625       0.47804283488522020        1.3000064769410233        2.4164536383496666       0.12965637996068630     
   5.0075980499032573        1.9371764527753068        2.1522888420606767       0.47686816627475309        1.2979532705316030        2.4139286343707513       0.12921726044242615     
   5.0175980503782318        1.9375910812809043        2.1529405004072708       0.47741475884749479        1.2975430443284126        2.4125473659385510       0.12879768417780238     
   5.0275980508532063        1.9380827181701499        2.1535573210683565       0.47711019987754943        1.2961641891982034        2.4104550100435578       0.12829965505769345     
   5.0375980513281808        1.9380243295761626        2.1535639391340631       0.47775430436409350        1.2964095476321456        2.4099278003423814       0.12803259834019748     
   5.0475980518031554        1.9374227523019216        2.1527957593620952       0.47764175106549428        1.2960418267865443        2.4090830322516470       0.12778935595947652     
   5.0575980522781299        1.9373833314041697        2.1528318815652292       0.47741733870844211        1.2948621979138457        2.4071580662231509       0.12734928383781849     
   5.0675980527531044        1.9374163716761528        2.1528422800192160       0.47697405282136246        1.2936570908658891        2.4053948972947556       0.12693869987251002     
   5.0775980532280789        1.9377120940042081        2.1532927017893320       0.47721598654075775        1.2930017692796034        2.4038966135626971       0.12652142842899775     
   5.0875980537030534        1.9374195028665460        2.1528636646067629       0.47662053751663852        1.2918344187619781        2.4022777779237621       0.12615575207426574     
   5.0975980541780279        1.9370033173510757        2.1523787923087894       0.47695086350337190        1.2918995026866180        2.4017131726027139       0.12592101424272695     
   5.1075980546530024        1.9369434150089038        2.1522669919334985       0.47596151928355901        1.2898963285937495        2.3991899892637205       0.12542847241531341     
   5.1175980551279769        1.9369744013539303        2.1523549280291481       0.47599454506007888        1.2891697614553574        2.3977224186323953       0.12504187745441006     
   5.1275980556029515        1.9364603983627158        2.1516375590736927       0.47531501635764678        1.2880665081707015        2.3962424375366309       0.12471785646217375     
   5.1375980560779260        1.9362664465591817        2.1514286617849971       0.47506098185173878        1.2870934381966790        2.3946174547665664       0.12433518509062276     
   5.1475980565529005        1.9364670698521709        2.1516013475685480       0.47405415861547834        1.2849982310163901        2.3919858844247850       0.12380385251456638     
   5.1575980570278750        1.9362497173534854        2.1513448477566439       0.47384759704902751        1.2841772170314607        2.3905373909767551       0.12344148213889555     
   5.1675980575028495        1.9361045044541736        2.1512830537978878       0.47409431075037367        1.2838048359925933        2.3894044200060107       0.12310052633339519     
   5.1775980579778240        1.9367667968635007        2.1519368696098375       0.47243027661227649        1.2805887010592620        2.3856692865890912       0.12240786005845558     
   5.1875980584527985        1.9363520857307868        2.1512915688505538       0.47130977313372019        1.2788755513802885        2.3836227338664506       0.12199386747928466     
   5.1975980589277730        1.9365680516580301        2.1515526546707062       0.47075599537506507        1.2772659653561385        2.3813097522770210       0.12148007156926371     
   5.2075980594027476        1.9362778813612502        2.1510613462096106       0.46956339052652440        1.2753831284573132        2.3790694503007970       0.12103359436328114     
   5.2175980598777221        1.9361012319901070        2.1508141365212468       0.46896888816965937        1.2740372507910893        2.3771332274088421       0.12060274371787551     
   5.2275980603526966        1.9363918262609843        2.1510418835546061       0.46754754950676369        1.2714075046847535        2.3739980180848668       0.11999199263852926     
   5.2375980608276711        1.9368474111480483        2.1515658800852644       0.46683366393949394        1.2694653774962616        2.3713187228435597       0.11940516719242188     
   5.2475980613026456        1.9368401558327937        2.1514008560195563       0.46546751192518154        1.2671751998011405        2.3686288298393259       0.11886850778017707     
   5.2575980617776201        1.9366273160142251        2.1510645706824731       0.46467525104475854        1.2656054360314586        2.3665174666635416       0.11840818370586502     
   5.2675980622525946        1.9363540068314948        2.1505552784142159       0.46318050165139302        1.2632631526421603        2.3638501755757901       0.11789759794937628     
   5.2775980627275692        1.9361813296843748        2.1502616260912735       0.46224547979301084        1.2614233091429972        2.3614680509655757       0.11740007338485760     
   5.2875980632025437        1.9353634016673722        2.1490625544377324       0.46076479125544700        1.2595043879737702        2.3593621234314273       0.11700796067300540     
   5.2975980636775182        1.9349732699761297        2.1486354484351393       0.46055256892478197        1.2586837780810234        2.3578774285610891       0.11663195652721726     
   5.3075980641524927        1.9349857534824420        2.1483837036243529       0.45822963751726986        1.2550788762086340        2.3540523195095724       0.11597773333218792     
   5.3175980646274672        1.9350394912053681        2.1483729617720355       0.45725553716723599        1.2530251827170749        2.3513887136598965       0.11542707208915599     
   5.3275980651024417        1.9351242125229093        2.1483068516328294       0.45569046901721388        1.2503452494447518        2.3481719216267325       0.11483301315407886     
   5.3375980655774162        1.9350602583308374        2.1481414290449266       0.45471628929230151        1.2484244526656179        2.3452770746803777       0.11431475877870488     
   5.3475980660523907        1.9341814551284409        2.1468695724985474       0.45331059097901194        1.2466760613340631        2.3433703554695708       0.11394749514205534     
   5.3575980665273653        1.9335682019565432        2.1461295703085774       0.45295934235690616        1.2458407635000024        2.3420633700303797       0.11359462617788003     
   5.3675980670023398        1.9337297157099860        2.1460797819398962       0.45059840684720354        1.2420369846950710        2.3381787303734751       0.11289706356061016     
   5.3775980674773143        1.9329763496201469        2.1450533138153345       0.44974523072292977        1.2407996618487167        2.3365197326370506       0.11254798539396785     
   5.3875980679522888        1.9318517832921491        2.1435127175664110       0.44855161688194073        1.2393981108949892        2.3348614143599002       0.11224632789359865     
   5.3975980684272633        1.9313486047385817        2.1428129744147917       0.44705572350167305        1.2369657625018449        2.3319391719148563       0.11174040953496264     
   5.4075980689022378        1.9304554400080514        2.1415530366424003       0.44556595124438148        1.2350529832667885        2.3297529012449796       0.11136352119575454     
   5.4175980693772123        1.9296161945582495        2.1404644214138346       0.44492217128031758        1.2341895244430485        2.3284481585381323       0.11108382659801991     
   5.4275980698521868        1.9283551570558395        2.1387910678300748       0.44363468333755973        1.2327559686153085        2.3267727577316846       0.11080863760376999     
   5.4375980703271614        1.9270767839735425        2.1371544624364396       0.44258884387163522        1.2316226443254024        2.3253217040327492       0.11055900173564509     
   5.4475980708021359        1.9258568698288845        2.1355473495196371       0.44067414423110896        1.2291991937714219        2.3226352350225317       0.11016951832941869     
   5.4575980712771104        1.9257190219275451        2.1353607233076719       0.43967931546051675        1.2272092893649831        2.3199614889342204       0.10968077179160300     
   5.4675980717520849        1.9250872701364499        2.1344691374749933       0.43831626205090024        1.2253166363651529        2.3176787160641652       0.10928976913655547     
   5.4775980722270594        1.9244571143662816        2.1336657454485874       0.43745503589486706        1.2239580980465121        2.3157952016638483       0.10893900296883664     
   5.4875980727020339        1.9239486409674691        2.1329388494412349       0.43607730730539551        1.2219146395149858        2.3133187135261468       0.10851862308178928     
   5.4975980731770084        1.9232908886693021        2.1321000034860766       0.43524537899865695        1.2206247596761328        2.3115034561299006       0.10818031694003243     
   5.5075980736519830        1.9221263006792915        2.1305570261545230       0.43428712892803978        1.2196481842299096        2.3102307430515134       0.10795512899550463     
   5.5175980741269575        1.9213894711555535        2.1296405718073044       0.43304058757698349        1.2177635265972262        2.3078359488747990       0.10756848773878679     
   5.5275980746019320        1.9214457061881915        2.1296261066193845       0.43178316044841036        1.2154405277994278        2.3049238617940189       0.10705956127818500     
   5.5375980750769065        1.9216262992729045        2.1298351247329834       0.43107576656044333        1.2136801816365095        2.3024194327629717       0.10657781653446040     
   5.5475980755518810        1.9208844484761456        2.1288183817321005       0.43002594772685315        1.2123250890054214        2.3007067343045544       0.10627128941468139     
   5.5575980760268555        1.9200751904480211        2.1277936402147466       0.42953215006590190        1.2116647853526996        2.2995800905816868       0.10603556700936187     
   5.5675980765018300        1.9193135749969310        2.1267779012538495       0.42806893411676022        1.2095504213542807        2.2970654071469574       0.10564596142120709     
   5.5775980769768045        1.9186073578323863        2.1258923787396347       0.42750098657226110        1.2086490771147518        2.2956494205335876       0.10537293270797765     
   5.5875980774517791        1.9176849912031253        2.1246794510985847       0.42641975408511384        1.2072546533246522        2.2938965778707150       0.10508765632527382     
   5.5975980779267536        1.9178244886383200        2.1248564567651154       0.42565250050252418        1.2053420758335327        2.2912127104413593       0.10460300505354937     
   5.6075980784017281        1.9172949105334762        1.7088608484955123       0.42466668465922447        1.2038728822458713        2.2892975048531414       0.10426620765648298     
   5.6175980788767026        1.9168250606376842        1.7009670184147532       0.42411961618512667        1.2028201392339959        2.2876569636289927       0.10395433335520704     
   5.6275980793516771        1.9159512268243533        1.6941902690455168       0.42347736498043032        1.2020557976022572        2.2865132432729167       0.10373830818612231     
   5.6375980798266516        1.9153152486944687        1.6895468049430797       0.42262374151213161        1.2006525220371709        2.2845675624501305       0.10341436008681350     
   5.6475980803016261        1.9146481793922816        1.6850241403669723       0.42165922802822176        1.1992478307773644        2.2827245308318660       0.10310642052740464     
   5.6575980807766006        1.9146377132861314        1.6815101189322423       0.42115198986096447        1.1978617321715581        2.2806017802179248       0.10271083440561975     
   5.6675980812515752        1.9140376860823358        1.6777046603670096       0.42069198244665806        1.1971711012651014        2.2794559287035709       0.10248127959083649     
   5.6775980817265497        1.9135366483216909        1.6741787176277134       0.42062666475500216        1.1967406219381909        2.2783578878313278       0.10222803756867087     
   5.6875980822015242        1.9132526210614049        1.6712063663957433       0.42057504669875634        1.1962799150755770        2.2772596919379122       0.10198743239294662     
   5.6975980826764987        1.9134935689029839        1.6693414468810093       0.41868712512934009        1.1928190441104700        2.2731584886283280       0.10137472626826982     
   5.7075980831514732        1.9135282134788507        1.6667864046675951       0.41791723184811680        1.1912047957967307        2.2709247293589132       0.10096678934012858     
   5.7175980836264477        1.9130327611974587        1.6643406463115149       0.41780566902296962        1.1908625981495873        2.2700406241231428       0.10075401021861986     
   5.7275980841014222        1.9130094236775863        1.6622515807814602       0.41674520852045405        1.1887829831260432        2.2673413107710778       0.10030829897179884     
   5.7375980845763968        1.9131009597376534        1.6602696471833360       0.41644867719595957        1.1876904306585172        2.2655333811122311        9.9949722105394809E-002
   5.7475980850513713        1.9124299343369771        1.6580575212062343       0.41602578119384032        1.1870831251949472        2.2645074277296242        9.9742728442518760E-002
   5.7575980855263458        1.9116241238894369        1.6560806205521690       0.41564158407322332        1.1865735588181943        2.2635657879228601        9.9561608568758286E-002
   5.7675980860013203        1.9107782173062133        1.6543034121892084       0.41456131179745631        1.1849985290156311        2.2615762054294333        9.9272685909829989E-002
   5.7775980864762948        1.9105384993536505        1.6522649902629234       0.41474512383831108        1.1846873878664788        2.2605182705416023        9.9021090422148308E-002
   5.7875980869512693        1.9116539433751394        1.6508304530970701       0.41347769539593882        1.1816051765857338        2.2566313249408525        9.8385010996007688E-002
   5.7975980874262438        1.9116639839039180        1.6490732698841759       0.41315159789056261        1.1805463060156514        2.2548931107296522        9.8048108430353886E-002
   5.8075980879012183        1.9111511716773910        1.6470456857382223       0.41252014182150903        1.1795485398781003        2.2533083344316660        9.7793721858669691E-002
   5.8175980883761929        1.9114667769072820        1.6451991176295697       0.41203411393672185        1.1779769700243898        2.2506501979947737        9.7389536204162533E-002
   5.8275980888511674        1.9121787148897231        1.6430942302751435       0.41134551710456918        1.1760269470431124        2.2479439011091564        9.6952247461100927E-002
   5.8375980893261419        1.9127740706287673        1.6411471045469750       0.41100758695450224        1.1745482831646783        2.2460217679205412        9.6574026433432672E-002
   5.8475980898011164        1.9127089924683141        1.6389134624714470       0.41032311086635670        1.1731954503397435        2.2442573240389043        9.6275110745108208E-002
   5.8575980902760909        1.9129606365206502        1.6369349037955101       0.40990300280689457        1.1718209626958109        2.2421377065814827        9.5935940263965125E-002
   5.8675980907510654        1.9134733502276084        1.6347648175464615       0.40917420302905816        1.1699514645978475        2.2395676230891421        9.5550271656812263E-002
   5.8775980912260399        1.9144806930524896        1.6328141675324748       0.40882687795910033        1.1681617689821309        2.2368469287300687        9.5118053580078799E-002
   5.8875980917010144        1.9144232313262430        1.6305346483865588       0.40811692318652171        1.1667715947664230        2.2349272372668492        9.4814931443477329E-002
   5.8975980921759890        1.9150556377737307        1.6285468910396714       0.40768164198674905        1.1651046212433929        2.2324108723957456        9.4423459177817262E-002
   5.9075980926509635        1.9157667314061242        1.6263468808081669       0.40694208546002170        1.1631009468894680        2.2296378658379976        9.4010262879569539E-002
   5.9175980931259380        1.9157223215517982        1.6242063117939913       0.40656766737794581        1.1620526691274526        2.2279637847123310        9.3724568369916009E-002
   5.9275980936009125        1.9157521034279750        1.6219258795438372       0.40579091912495868        1.1604489691949855        2.2257812604406326        9.3401337075388446E-002
   5.9375980940758870        1.9163295980272881        1.6198899701177951       0.40531980560963576        1.1587709513380131        2.2232815315359939        9.3018119287882353E-002
   5.9475980945508615        1.9166802455453547        1.6175892487779491       0.40460274901460108        1.1570695424155901        2.2209263628018436        9.2664133108003546E-002
   5.9575980950258360        1.9163132349518945        1.6153360816039146       0.40422422441690076        1.1562650001615762        2.2195957807706512        9.2429290461441799E-002
   5.9675980955008106        1.9157579479786830        1.6130120893453774       0.40333237172165209        1.1548622913452360        2.2177463628081999        9.2171751466544882E-002
   5.9775980959757851        1.9154322603541958        1.6108184808596235       0.40283445888785818        1.1537879796310331        2.2160928589015159        9.1918379651397736E-002
   5.9875980964507596        1.9153731428746126        1.6084806091410049       0.40203395617592652        1.1522037693288263        2.2139277675785682        9.1615826336909609E-002
   5.9975980969257341        1.9159663452569575        1.6063932030336563       0.40152427485230624        1.1504767921423886        2.2113561432720346        9.1240824779027910E-002
   6.0075980974007086        1.9160103951806666        1.6040132607640638       0.40077920424182095        1.1489631687373845        2.2092591669590473        9.0936660633654090E-002
   6.0175980978756831        1.9158947470864085        1.6017976435719727       0.40027997129883436        1.1477970508929234        2.2074737231612831        9.0663937927659255E-002
   6.0275980983506576        1.9154491833446148        1.5993952607540933       0.39945149652714290        1.1464452421393547        2.2056985606982140        9.0415188328380400E-002
   6.0375980988256321        1.9150263045790890        1.5970842877368918       0.39902037456084832        1.1455712870731305        2.2043369537583399        9.0200892551195649E-002
   6.0475980993006067        1.9142872165183733        1.5946476077994856       0.39819260193944384        1.1443749261447138        2.2027999538944205        8.9994130723568516E-002
   6.0575980997755812        1.9137843007821198        1.5920307698663887       0.39817326712141471        1.1439643784511941        2.2017396367763569        8.9787992188277210E-002
   6.0675981002505557        1.9134258296178417        1.5895654501132752       0.39802472081661910        1.1434420937923573        2.2006738739823382        8.9606564051650434E-002
   6.0775981007255302        1.9136284251455711        1.5878129022295437       0.39615080556735799        1.1400374005138298        2.1968202195503426        8.9201571968369808E-002
   6.0875981012005047        1.9137271562693434        1.5854676170537749       0.39529301157518837        1.1382231228186435        2.1944487028662341        8.8884211314017331E-002
   6.0975981016754792        1.9143119077886452        1.5832991898597415       0.39477750167977987        1.1364921727688695        2.1919744506487651        8.8534367137539122E-002
   6.1075981021504537        1.9145560939134150        1.5807930062429523       0.39395490935061223        1.1346939008216186        2.1896219258632228        8.8213215717910964E-002
   6.1175981026254282        1.9141584435001842        1.5781745364218127       0.39351256782173299        1.1338598539251044        2.1883164256415859        8.8007815538552622E-002
   6.1275981031004028        1.9133534052516425        1.5753095952756559       0.39289470454731895        1.1330447108880335        2.1871646650742269        8.7838856526854317E-002
   6.1375981035753773        1.9126778156083772        1.5723028170293354       0.39269745285107960        1.1325441151972719        2.1860878976062863        8.7650388410994054E-002
   6.1475981040503518        1.9122928321850918        1.5700443394783410       0.39101077845031956        1.1299467795832434        2.1831720670738028        8.7360598169729672E-002
   6.1575981045253263        1.9119189119542399        1.5676254760675727       0.39041335392381610        1.1287925176984006        2.1814830569159729        8.7132647693601170E-002
   6.1675981050003008        1.9110379928894998        1.5650351383487515       0.38982779900842041        1.1280993272569144        2.1804574454383543        8.6983609722894484E-002
   6.1775981054752753        1.9101521583587042        1.5625299765174638       0.38959387127080519        1.1276971794998500        2.1795243424170314        8.6820292713193969E-002
   6.1875981059502498        1.9098248461323186        1.5606982184870517       0.38795816966460878        1.1251839313312320        2.1766125105080696        8.6544424433148373E-002
   6.1975981064252244        1.9097651900639925        1.5587541534252696       0.38735290814137013        1.1238449303903351        2.1746187309260687        8.6286351773534956E-002
   6.2075981069001989        1.9094517949159910        1.5568025638781720       0.38648103813843071        1.1224059398959347        2.1726666577340530        8.6046311687405938E-002
   6.2175981073751734        1.9092546523442173        1.5543151423884041       0.38582571937735743        1.1211265302257973        2.1707730107365735        8.5804190288793422E-002
   6.2275981078501479        1.9088886445197544        1.5517927923543275       0.38493156598274336        1.1197027770269785        2.1688418827610185        8.5570489649494527E-002
   6.2375981083251224        1.9085027399444396        1.5493990934263551       0.38425175734235906        1.1185115451779428        2.1670887903257032        8.5350304503658339E-002
   6.2475981088000969        1.9086370956877550        1.5469494385176112       0.38330670520218929        1.1166690198995344        2.1645871221849489        8.5049844933180713E-002
   6.2575981092750714        1.9083351713490353        1.5445220730313851       0.38266811286394314        1.1155084092052068        2.1628571317681047        8.4826701451850367E-002
   6.2675981097500459        1.9078306832119962        1.5419533392468885       0.38174525057160930        1.1141290492006566        2.1610195391102183        8.4609713308133702E-002
   6.2775981102250205        1.9078161519746277        1.5396063249109651       0.38098960171067037        1.1125642385916308        2.1587854330213245        8.4337020583272027E-002
   6.2875981106999950        1.9074987550669789        1.5370121299102106       0.38012291680390525        1.1111673439359286        2.1568797424819177        8.4107475852007188E-002
   6.2975981111749695        1.9079295446746625        1.5346904886556851       0.37938216608924491        1.1093463664185039        2.1541582964530872        8.3784673972525620E-002
   6.3075981116499440        1.9074112775584189        1.5320497610516244       0.37849491640711980        1.1080572679192227        2.1524953053379901        8.3575384384271326E-002
   6.3175981121249185        1.9067149255073308        1.5293852843825773       0.37802739294102877        1.1074018934990126        2.1514573964342101        8.3423032989936363E-002
   6.3275981125998930        1.9060592743644174        1.5268894403913125       0.37682713712274879        1.1056507079927538        2.1492399334488383        8.3194298540735886E-002
   6.3375981130748675        1.9059671006955798        1.5245037759136522       0.37601576961132616        1.1040160316665750        2.1469225921698394        8.2925564065130769E-002
   6.3475981135498420        1.9057399875041987        1.5218693993343220       0.37514065594501317        1.1025202970003121        2.1448694452995651        8.2685990070336876E-002
   6.3575981140248166        1.9060555464940654        1.5194775287908824       0.37436743989378551        1.1007119632995674        2.1422732919336211        8.2376325506286235E-002
   6.3675981144997911        1.9057342136463693        1.5168115270626330       0.37348343991486593        1.0992823844203632        2.1403186362941340        8.2146316358377131E-002
   6.3775981149747656        1.9061219119743080        1.5144154483348540       0.37270749797503122        1.0974279990894000        2.1376375370293035        8.1827786776637712E-002
   6.3875981154497401        1.9059215599147976        1.5117553480540045       0.37182806754712128        1.0959293193445074        2.1355689137797191        8.1583842569836529E-002
   6.3975981159247146        1.9061560723624895        1.5093308899385034       0.37104131672603730        1.0941537518695448        2.1330249103642123        8.1282537202370553E-002
   6.4075981163996891        1.9065918625440579        1.5067577610795704       0.37013644229890313        1.0921452326544456        2.1303037409448864        8.0960150936192299E-002
   6.4175981168746636        1.9060501450513228        1.5041098258255980       0.36951067442663538        1.0911405714697782        2.1288252330314044        8.0772468370197498E-002
   6.4275981173496382        1.9052839392285195        1.5013209561320429       0.36882776429770786        1.0901851768930300        2.1274733271104926        8.0610671271100456E-002
   6.4375981178246127        1.9044570162647732        1.4984342536775506       0.36851870546513604        1.0895871396209080        2.1262931438330828        8.0440804531112589E-002
   6.4475981182995872        1.9041760602955222        1.4961864189259020       0.36676241063561266        1.0868228078899251        2.1230753501037172        8.0157301124112540E-002
   6.4575981187745617        1.9042878218075585        1.4937318245070748       0.36600136187627963        1.0850803431536595        2.1206097107190982        7.9874648660662739E-002
   6.4675981192495362        1.9038231060191093        1.4909978149961034       0.36514543434114100        1.0837144178061404        2.1187783915462179        7.9668092951869302E-002
   6.4775981197245107        1.9031003723933766        1.4882178376040771       0.36465072270719995        1.0829892173699871        2.1176156948835683        7.9522015072703373E-002
   6.4875981201994852        1.9024779748466201        1.4856156202617712       0.36348760835560850        1.0811918166601611        2.1153486748610750        7.9302016556405147E-002
   6.4975981206744597        1.9023378662629773        1.4830546571354633       0.36266154601088835        1.0795131428021323        2.1130173882284011        7.9049282779734442E-002
   6.5075981211494343        1.9020960868283414        1.4802093861019272       0.36182027063305389        1.0780181118182419        2.1109833277759980        7.8826113361938580E-002
   6.5175981216244088        1.9025513870012591        1.4775921635734703       0.36105558355502992        1.0760825156642559        2.1082417660243027        7.8517444030689151E-002
   6.5275981220993833        1.9027701073128838        1.4747898570495250       0.36018474689282465        1.0742618926195162        2.1057571867936691        7.8238340542080551E-002
   6.5375981225743578        1.9024235456110361        1.4721698638106893       0.35949690121635280        1.0729996272423787        2.1039382225389804        7.8031310996191608E-002
